date,game_pk,away_value,home_value
2024-04-01,744875,5,3
2024-04-01,745109,3,5
2024-04-01,745277,5,5
2024-04-01,745437,5,5
2024-04-01,745600,3,4
2024-04-01,745675,5,5
2024-04-01,745842,3,4
2024-04-01,746085,3,5
2024-04-01,746170,5,5
2024-04-01,746409,5,5
2024-04-01,746817,4,3
2024-04-01,746899,5,3
2024-04-01,747058,3,3
2024-04-01,747218,5,5
2024-04-02,745111,4,6
2024-04-02,745273,6,6
2024-04-02,745439,6,6
2024-04-02,745598,4,5
2024-04-02,745680,6,6
2024-04-02,745844,4,5
2024-04-02,746009,1,1
2024-04-02,746086,4,6
2024-04-02,746169,6,6
2024-04-02,746411,6,6
2024-04-02,746814,5,4
2024-04-02,746898,6,4
2024-04-02,747057,4,4
2024-04-02,747220,6,6
2024-04-03,744869,1,1
2024-04-03,745114,5,7
2024-04-03,745275,7,7
2024-04-03,745440,7,7
2024-04-03,745603,5,6
2024-04-03,745678,7,7
2024-04-03,745843,1,1
2024-04-03,746008,2,2
2024-04-03,746083,5,7
2024-04-03,746163,7,7
2024-04-03,746407,7,7
2024-04-03,746816,6,5
2024-04-03,746900,7,5
2024-04-03,747059,5,5
2024-04-03,747219,7,7
2024-04-04,744870,2,2
2024-04-04,745200,8,8
2024-04-04,745843,1,1
2024-04-04,745844,1,1
2024-04-04,745928,8,3
2024-04-04,746327,1,6
2024-04-05,744874,1,3
2024-04-05,745033,1,1
2024-04-05,745361,1,1
2024-04-05,745524,1,3
2024-04-05,745764,1,1
2024-04-05,746007,1,1
2024-04-05,746249,1,1
2024-04-05,746328,2,7
2024-04-05,746497,1,2
2024-04-05,746576,1,1
2024-04-05,746733,2,1
2024-04-05,746897,1,1
2024-04-05,747143,1,1
2024-04-06,744873,2,4
2024-04-06,745031,2,2
2024-04-06,745197,1,1
2024-04-06,745359,2,2
2024-04-06,745522,2,4
2024-04-06,745766,2,2
2024-04-06,745926,1,1
2024-04-06,746006,2,2
2024-04-06,746248,2,2
2024-04-06,746329,3,8
2024-04-06,746498,2,3
2024-04-06,746575,2,2
2024-04-06,746731,3,2
2024-04-06,746896,2,2
2024-04-06,747140,2,2
2024-04-07,744871,3,5
2024-04-07,745032,3,3
2024-04-07,745198,2,2
2024-04-07,745362,3,3
2024-04-07,745523,3,5
2024-04-07,745765,3,3
2024-04-07,745927,2,2
2024-04-07,746003,3,3
2024-04-07,746251,3,3
2024-04-07,746330,4,9
2024-04-07,746493,3,4
2024-04-07,746574,3,3
2024-04-07,746734,4,3
2024-04-07,746895,3,3
2024-04-07,747141,3,3
2024-04-08,744956,4,4
2024-04-08,745034,4,4
2024-04-08,745194,4,3
2024-04-08,745363,6,4
2024-04-08,745432,4,4
2024-04-08,745520,5,6
2024-04-08,745761,3,4
2024-04-08,745925,4,1
2024-04-08,746252,4,4
2024-04-08,746569,4,4
2024-04-08,746654,5,1
2024-04-08,746735,4,4
2024-04-08,747142,5,4
2024-04-09,744957,5,5
2024-04-09,745030,1,5
2024-04-09,745195,5,4
2024-04-09,745357,7,5
2024-04-09,745433,5,5
2024-04-09,745517,6,7
2024-04-09,745762,4,5
2024-04-09,745924,5,2
2024-04-09,746250,5,5
2024-04-09,746326,5,1
2024-04-09,746571,5,5
2024-04-09,746653,6,2
2024-04-09,746732,5,5
2024-04-09,746981,1,1
2024-04-09,747138,6,5
2024-04-10,744950,6,6
2024-04-10,745024,2,6
2024-04-10,745196,6,5
2024-04-10,745355,8,6
2024-04-10,745429,6,6
2024-04-10,745763,5,6
2024-04-10,745923,6,3
2024-04-10,746247,6,6
2024-04-10,746323,6,2
2024-04-10,746573,6,6
2024-04-10,746655,7,3
2024-04-10,746728,6,6
2024-04-10,746980,2,2
2024-04-10,747139,7,6
2024-04-11,745029,3,7
2024-04-11,745601,1,7
2024-04-11,746322,7,3
2024-04-11,746490,4,1
2024-04-11,746730,7,7
2024-04-11,746977,3,3
2024-04-11,747137,1,1
2024-04-12,744954,1,1
2024-04-12,745112,1,1
2024-04-12,745274,1,1
2024-04-12,745596,2,8
2024-04-12,745679,1,4
2024-04-12,745838,4,2
2024-04-12,746084,2,1
2024-04-12,746162,1,1
2024-04-12,746408,8,8
2024-04-12,746491,1,1
2024-04-12,746656,1,1
2024-04-12,746812,1,1
2024-04-12,746978,1,4
2024-04-12,747055,1,4
2024-04-12,747217,1,1
2024-04-13,744953,2,2
2024-04-13,745110,2,2
2024-04-13,745272,2,2
2024-04-13,745594,3,9
2024-04-13,745676,2,5
2024-04-13,745839,5,3
2024-04-13,746082,3,2
2024-04-13,746161,2,2
2024-04-13,746405,9,9
2024-04-13,746489,2,2
2024-04-13,746490,2,2
2024-04-13,746656,1,1
2024-04-13,746658,1,1
2024-04-13,746811,2,2
2024-04-13,746979,2,5
2024-04-13,747054,2,5
2024-04-13,747215,2,2
2024-04-14,744952,3,3
2024-04-14,745113,3,3
2024-04-14,745271,3,3
2024-04-14,745595,4,10
2024-04-14,745681,3,6
2024-04-14,745841,6,4
2024-04-14,746079,4,3
2024-04-14,746164,3,3
2024-04-14,746404,10,10
2024-04-14,746492,3,3
2024-04-14,746648,2,2
2024-04-14,746810,3,3
2024-04-14,746975,3,6
2024-04-14,747056,3,6
2024-04-14,747216,3,3
2024-04-15,744951,3,4
2024-04-15,745106,4,4
2024-04-15,745268,4,4
2024-04-15,745597,4,11
2024-04-15,745677,4,7
2024-04-15,745840,5,5
2024-04-15,746002,4,4
2024-04-15,746080,4,4
2024-04-15,746158,4,4
2024-04-15,746406,5,11
2024-04-15,746488,11,4
2024-04-15,746813,7,4
2024-04-15,746974,3,7
2024-04-15,747053,4,7
2024-04-15,747213,4,4
2024-04-16,744944,4,5
2024-04-16,745108,5,5
2024-04-16,745270,5,5
2024-04-16,745593,5,12
2024-04-16,745674,5,8
2024-04-16,745837,6,6
2024-04-16,746004,5,5
2024-04-16,746081,5,5
2024-04-16,746157,5,5
2024-04-16,746400,6,12
2024-04-16,746486,12,5
2024-04-16,746809,8,5
2024-04-16,746976,4,8
2024-04-16,747051,5,8
2024-04-16,747214,5,5
2024-04-17,744948,5,6
2024-04-17,745105,6,6
2024-04-17,745267,6,6
2024-04-17,745591,6,13
2024-04-17,745671,6,9
2024-04-17,745836,7,7
2024-04-17,746005,6,6
2024-04-17,746076,6,6
2024-04-17,746159,6,6
2024-04-17,746401,7,13
2024-04-17,746487,13,6
2024-04-17,746807,1,1
2024-04-17,746809,1,1
2024-04-17,746973,5,9
2024-04-17,747049,6,9
2024-04-17,747212,6,6
2024-04-18,745104,7,7
2024-04-18,745356,7,7
2024-04-18,746485,14,7
2024-04-18,746891,7,7
2024-04-18,746970,6,10
2024-04-19,744872,1,1
2024-04-19,745189,1,1
2024-04-19,745352,8,8
2024-04-19,745430,1,1
2024-04-19,745518,11,1
2024-04-19,745592,1,1
2024-04-19,745758,8,1
2024-04-19,745922,8,1
2024-04-19,746160,1,1
2024-04-19,746325,1,1
2024-04-19,746572,1,1
2024-04-19,746650,1,7
2024-04-19,746729,8,1
2024-04-19,746892,1,1
2024-04-19,747136,15,1
2024-04-20,744865,2,2
2024-04-20,745190,2,2
2024-04-20,745354,9,9
2024-04-20,745431,2,2
2024-04-20,745515,12,2
2024-04-20,745590,2,2
2024-04-20,745760,9,2
2024-04-20,745921,9,2
2024-04-20,746156,2,2
2024-04-20,746324,2,2
2024-04-20,746570,1,1
2024-04-20,746651,2,8
2024-04-20,746726,9,2
2024-04-20,746891,2,2
2024-04-20,746893,2,2
2024-04-20,747135,16,2
2024-04-21,744866,3,3
2024-04-21,745192,3,3
2024-04-21,745353,10,10
2024-04-21,745434,3,3
2024-04-21,745514,13,3
2024-04-21,745588,3,3
2024-04-21,745759,10,3
2024-04-21,745920,10,3
2024-04-21,746154,3,3
2024-04-21,746316,3,3
2024-04-21,746568,2,2
2024-04-21,746572,2,2
2024-04-21,746652,3,9
2024-04-21,746727,10,3
2024-04-21,746894,3,3
2024-04-21,747133,17,3
2024-04-22,745107,11,11
2024-04-22,745191,11,4
2024-04-22,745351,4,11
2024-04-22,745519,4,4
2024-04-22,745757,4,4
2024-04-22,745916,4,4
2024-04-22,746242,4,11
2024-04-22,746319,4,4
2024-04-22,746565,4,3
2024-04-22,746723,4,4
2024-04-22,747134,4,4
2024-04-23,744863,1,1
2024-04-23,745026,1,1
2024-04-23,745102,12,12
2024-04-23,745193,12,5
2024-04-23,745348,5,12
2024-04-23,745516,5,5
2024-04-23,745754,5,5
2024-04-23,745917,5,5
2024-04-23,746246,5,12
2024-04-23,746321,5,5
2024-04-23,746566,5,4
2024-04-23,746647,1,1
2024-04-23,746722,5,5
2024-04-23,746888,1,1
2024-04-23,747130,5,5
2024-04-24,744864,2,2
2024-04-24,745028,2,2
2024-04-24,745099,13,13
2024-04-24,745188,13,6
2024-04-24,745346,6,13
2024-04-24,745513,6,6
2024-04-24,745753,6,6
2024-04-24,745919,6,6
2024-04-24,746244,6,13
2024-04-24,746317,6,6
2024-04-24,746567,6,5
2024-04-24,746649,2,2
2024-04-24,746725,6,6
2024-04-24,746889,2,2
2024-04-24,747132,6,6
2024-04-25,744867,3,3
2024-04-25,745027,3,3
2024-04-25,745512,7,7
2024-04-25,745755,7,7
2024-04-25,745918,7,7
2024-04-25,746320,7,7
2024-04-25,746564,7,6
2024-04-25,746646,3,3
2024-04-25,746724,7,7
2024-04-25,746887,3,3
2024-04-26,744949,4,8
2024-04-26,745025,8,4
2024-04-26,745269,1,4
2024-04-26,745347,8,1
2024-04-26,745424,8,8
2024-04-26,745835,1,1
2024-04-26,746000,8,8
2024-04-26,746078,4,1
2024-04-26,746243,8,1
2024-04-26,746482,8,1
2024-04-26,746808,1,8
2024-04-26,746972,4,4
2024-04-26,747050,8,1
2024-04-26,747129,4,1
2024-04-27,744946,5,9
2024-04-27,745020,9,5
2024-04-27,745266,2,5
2024-04-27,745350,9,2
2024-04-27,745425,9,9
2024-04-27,745833,2,2
2024-04-27,745998,9,9
2024-04-27,746075,5,2
2024-04-27,746245,9,2
2024-04-27,746484,9,2
2024-04-27,746560,1,1
2024-04-27,746803,2,9
2024-04-27,746971,5,5
2024-04-27,747052,9,2
2024-04-27,747131,5,2
2024-04-28,744947,6,10
2024-04-28,745022,10,6
2024-04-28,745265,3,6
2024-04-28,745349,10,3
2024-04-28,745428,10,10
2024-04-28,745834,3,3
2024-04-28,746001,10,10
2024-04-28,746077,6,3
2024-04-28,746237,10,3
2024-04-28,746483,10,3
2024-04-28,746561,2,2
2024-04-28,746805,3,10
2024-04-28,746967,6,6
2024-04-28,747045,10,3
2024-04-28,747125,6,3
2024-04-29,744945,11,11
2024-04-29,745263,4,7
2024-04-29,745427,11,11
2024-04-29,745672,11,11
2024-04-29,745832,7,4
2024-04-29,745999,4,11
2024-04-29,746074,7,4
2024-04-29,746236,11,4
2024-04-29,746481,4,4
2024-04-29,746804,11,11
2024-04-29,747046,11,4
2024-04-29,747211,7,4
2024-04-30,744942,12,12
2024-04-30,745018,8,1
2024-04-30,745260,5,8
2024-04-30,745426,12,12
2024-04-30,745673,12,12
2024-04-30,745831,8,5
2024-04-30,745997,5,12
2024-04-30,746073,1,5
2024-04-30,746239,12,5
2024-04-30,746398,1,1
2024-04-30,746477,1,1
2024-04-30,746481,1,1
2024-04-30,746806,12,12
2024-04-30,746968,1,1
2024-04-30,747047,12,5
2024-04-30,747210,8,5
2024-05-01,744939,13,13
2024-05-01,745023,9,2
2024-05-01,745261,6,9
2024-05-01,745423,13,13
2024-05-01,745670,13,13
2024-05-01,745829,9,6
2024-05-01,745996,6,13
2024-05-01,746072,2,6
2024-05-01,746238,13,6
2024-05-01,746399,2,2
2024-05-01,746478,2,2
2024-05-01,746800,13,13
2024-05-01,746966,2,2
2024-05-01,747048,13,6
2024-05-01,747207,9,6
2024-05-02,745021,10,3
2024-05-02,745830,10,7
2024-05-02,746070,3,7
2024-05-02,746403,3,3
2024-05-02,746969,3,3
2024-05-02,747044,14,7
2024-05-03,744868,1,11
2024-05-03,745101,8,1
2024-05-03,745187,1,1
2024-05-03,745510,4,1
2024-05-03,745589,4,1
2024-05-03,745665,8,1
2024-05-03,745756,1,15
2024-05-03,745914,4,1
2024-05-03,746152,1,1
2024-05-03,746318,4,1
2024-05-03,746402,1,4
2024-05-03,746645,1,4
2024-05-03,746721,8,1
2024-05-03,746890,1,11
2024-05-03,747208,1,1
2024-05-04,744862,2,12
2024-05-04,745100,9,2
2024-05-04,745183,2,2
2024-05-04,745511,5,2
2024-05-04,745583,5,2
2024-05-04,745666,9,2
2024-05-04,745750,2,16
2024-05-04,745911,5,2
2024-05-04,746155,2,2
2024-05-04,746311,5,2
2024-05-04,746394,2,5
2024-05-04,746644,2,5
2024-05-04,746720,9,2
2024-05-04,746884,2,12
2024-05-04,747209,2,2
2024-05-05,744861,3,13
2024-05-05,745103,10,3
2024-05-05,745185,3,3
2024-05-05,745504,6,3
2024-05-05,745587,6,3
2024-05-05,745667,10,3
2024-05-05,745751,3,17
2024-05-05,745913,6,3
2024-05-05,746153,3,3
2024-05-05,746314,6,3
2024-05-05,746395,3,6
2024-05-05,746643,3,6
2024-05-05,746719,10,3
2024-05-05,746883,3,13
2024-05-05,747206,3,3
2024-05-06,745098,4,4
2024-05-06,745182,11,4
2024-05-06,745509,4,4
2024-05-06,745585,7,4
2024-05-06,745669,7,4
2024-05-06,745912,4,4
2024-05-06,746149,11,4
2024-05-06,746313,4,4
2024-05-06,746639,4,7
2024-05-06,746886,4,14
2024-05-07,744859,1,1
2024-05-07,745095,5,5
2024-05-07,745186,12,5
2024-05-07,745508,5,5
2024-05-07,745586,1,5
2024-05-07,745668,8,5
2024-05-07,745752,1,1
2024-05-07,745915,5,5
2024-05-07,746147,12,5
2024-05-07,746315,5,5
2024-05-07,746559,8,1
2024-05-07,746638,5,8
2024-05-07,746718,1,1
2024-05-07,746885,5,15
2024-05-07,747126,1,1
2024-05-08,744858,2,2
2024-05-08,745097,6,6
2024-05-08,745184,13,6
2024-05-08,745507,6,6
2024-05-08,745584,2,6
2024-05-08,745659,9,6
2024-05-08,745664,9,6
2024-05-08,745749,2,2
2024-05-08,745906,6,6
2024-05-08,746151,13,6
2024-05-08,746312,6,6
2024-05-08,746562,9,2
2024-05-08,746640,6,9
2024-05-08,746717,2,2
2024-05-08,746879,6,16
2024-05-08,747127,2,2
2024-05-09,745748,3,3
2024-05-09,745910,7,7
2024-05-09,745995,1,7
2024-05-09,746241,7,7
2024-05-09,746563,10,3
2024-05-09,746715,3,3
2024-05-09,746802,10,7
2024-05-10,744940,8,1
2024-05-10,745094,4,1
2024-05-10,745264,1,8
2024-05-10,745340,4,11
2024-05-10,745421,1,1
2024-05-10,745506,1,1
2024-05-10,745827,1,1
2024-05-10,745993,2,8
2024-05-10,746071,1,1
2024-05-10,746240,8,8
2024-05-10,746479,4,1
2024-05-10,746553,1,4
2024-05-10,746801,11,8
2024-05-10,746964,1,1
2024-05-10,747043,4,1
2024-05-11,744943,9,2
2024-05-11,745096,5,2
2024-05-11,745262,2,9
2024-05-11,745344,5,12
2024-05-11,745422,2,2
2024-05-11,745505,2,2
2024-05-11,745828,2,2
2024-05-11,745994,3,9
2024-05-11,746069,2,2
2024-05-11,746232,9,9
2024-05-11,746480,5,2
2024-05-11,746554,2,5
2024-05-11,746797,12,9
2024-05-11,746963,2,2
2024-05-11,747041,5,2
2024-05-12,744941,10,3
2024-05-12,745092,6,3
2024-05-12,745255,3,10
2024-05-12,745345,6,13
2024-05-12,745419,3,3
2024-05-12,745499,3,3
2024-05-12,745825,3,3
2024-05-12,745990,4,10
2024-05-12,746068,3,3
2024-05-12,746234,10,10
2024-05-12,746476,6,3
2024-05-12,746555,3,6
2024-05-12,746798,13,10
2024-05-12,746965,3,3
2024-05-12,747042,6,3
2024-05-13,745019,14,4
2024-05-13,745256,11,11
2024-05-13,745343,4,14
2024-05-13,745420,7,4
2024-05-13,745826,4,4
2024-05-13,745991,4,11
2024-05-13,746233,5,11
2024-05-13,746393,4,7
2024-05-13,746471,4,4
2024-05-13,746799,4,11
2024-05-13,746961,4,4
2024-05-13,747040,4,4
2024-05-13,747128,4,4
2024-05-13,747204,7,7
2024-05-14,745014,15,5
2024-05-14,745257,12,12
2024-05-14,745342,5,15
2024-05-14,745418,8,5
2024-05-14,745821,5,5
2024-05-14,745909,1,1
2024-05-14,745989,5,12
2024-05-14,746235,6,12
2024-05-14,746396,5,8
2024-05-14,746473,5,5
2024-05-14,746796,1,1
2024-05-14,746799,1,1
2024-05-14,746962,5,5
2024-05-14,747039,5,5
2024-05-14,747124,5,5
2024-05-14,747205,8,8
2024-05-15,745015,16,6
2024-05-15,745259,13,13
2024-05-15,745341,6,16
2024-05-15,745417,9,6
2024-05-15,745582,6,6
2024-05-15,745908,2,2
2024-05-15,745992,6,13
2024-05-15,746231,7,13
2024-05-15,746397,6,9
2024-05-15,746472,6,6
2024-05-15,746795,2,2
2024-05-15,746960,6,6
2024-05-15,747038,1,1
2024-05-15,747123,6,6
2024-05-15,747203,9,9
2024-05-16,745580,7,7
2024-05-16,745907,3,3
2024-05-16,746150,10,7
2024-05-16,746391,7,10
2024-05-16,746881,7,7
2024-05-16,746959,7,7
2024-05-17,744934,8,1
2024-05-17,745016,1,1
2024-05-17,745178,8,1
2024-05-17,745335,1,1
2024-05-17,745579,1,8
2024-05-17,745747,1,4
2024-05-17,746065,8,1
2024-05-17,746148,11,8
2024-05-17,746310,8,1
2024-05-17,746388,1,11
2024-05-17,746641,4,1
2024-05-17,746878,8,8
2024-05-17,747037,1,1
2024-05-17,747122,1,1
2024-05-17,747201,1,1
2024-05-18,744938,9,2
2024-05-18,745013,2,2
2024-05-18,745177,9,2
2024-05-18,745339,2,2
2024-05-18,745581,2,9
2024-05-18,745744,2,5
2024-05-18,746067,9,2
2024-05-18,746142,12,9
2024-05-18,746308,9,2
2024-05-18,746389,2,12
2024-05-18,746642,5,2
2024-05-18,746882,9,9
2024-05-18,747036,2,2
2024-05-18,747121,2,2
2024-05-18,747202,2,2
2024-05-19,744937,10,3
2024-05-19,745012,3,3
2024-05-19,745179,10,3
2024-05-19,745336,3,3
2024-05-19,745577,3,10
2024-05-19,745745,3,6
2024-05-19,746064,10,3
2024-05-19,746144,13,10
2024-05-19,746306,10,3
2024-05-19,746392,3,13
2024-05-19,746636,6,3
2024-05-19,746880,10,10
2024-05-19,747035,3,3
2024-05-19,747120,1,1
2024-05-19,747198,3,3
2024-05-20,744857,7,4
2024-05-20,744935,4,4
2024-05-20,745093,11,11
2024-05-20,745181,4,4
2024-05-20,745746,4,7
2024-05-20,746066,4,4
2024-05-20,746146,4,11
2024-05-20,746307,4,4
2024-05-20,746390,4,14
2024-05-20,746637,11,4
2024-05-20,747119,2,2
2024-05-20,747121,2,2
2024-05-21,744860,8,5
2024-05-21,744936,5,5
2024-05-21,745090,12,12
2024-05-21,745180,5,5
2024-05-21,745503,1,1
2024-05-21,745578,1,1
2024-05-21,745662,1,1
2024-05-21,745742,5,8
2024-05-21,746058,5,5
2024-05-21,746145,5,12
2024-05-21,746309,5,5
2024-05-21,746385,5,15
2024-05-21,746633,12,5
2024-05-21,746716,3,1
2024-05-21,746875,3,1
2024-05-22,744856,9,6
2024-05-22,744933,6,6
2024-05-22,745089,13,13
2024-05-22,745173,1,1
2024-05-22,745180,1,1
2024-05-22,745502,2,2
2024-05-22,745576,2,2
2024-05-22,745661,2,2
2024-05-22,745743,6,9
2024-05-22,746063,6,6
2024-05-22,746143,6,13
2024-05-22,746304,6,6
2024-05-22,746386,6,16
2024-05-22,746634,13,6
2024-05-22,746712,4,2
2024-05-22,746876,4,2
2024-05-23,745500,3,3
2024-05-23,745573,3,3
2024-05-23,745660,3,3
2024-05-23,745741,7,10
2024-05-23,746474,7,7
2024-05-23,746714,5,3
2024-05-23,746792,2,7
2024-05-23,746874,5,3
2024-05-24,744853,8,1
2024-05-24,745087,1,1
2024-05-24,745175,4,1
2024-05-24,745415,11,6
2024-05-24,745501,6,4
2024-05-24,745663,1,4
2024-05-24,745822,4,1
2024-05-24,745905,4,1
2024-05-24,746227,1,1
2024-05-24,746475,8,8
2024-05-24,746558,4,4
2024-05-24,746713,1,4
2024-05-24,746793,3,8
2024-05-24,746956,1,1
2024-05-24,747200,1,1
2024-05-25,744851,9,2
2024-05-25,745086,2,2
2024-05-25,745176,1,1
2024-05-25,745411,12,7
2024-05-25,745493,7,5
2024-05-25,745658,2,5
2024-05-25,745823,5,2
2024-05-25,745901,5,2
2024-05-25,746226,2,2
2024-05-25,746470,9,9
2024-05-25,746556,5,5
2024-05-25,746710,2,5
2024-05-25,746794,4,9
2024-05-25,746958,2,2
2024-05-25,747199,2,2
2024-05-26,744855,10,3
2024-05-26,745088,3,3
2024-05-26,745172,2,2
2024-05-26,745413,13,8
2024-05-26,745498,8,6
2024-05-26,745653,3,6
2024-05-26,745824,6,3
2024-05-26,745902,6,3
2024-05-26,746230,3,3
2024-05-26,746469,10,10
2024-05-26,746557,6,6
2024-05-26,746711,3,6
2024-05-26,746789,5,10
2024-05-26,746957,3,3
2024-05-26,747197,3,3
2024-05-27,745254,4,11
2024-05-27,745338,7,7
2024-05-27,745416,4,9
2024-05-27,745816,4,4
2024-05-27,745904,4,4
2024-05-27,745986,3,4
2024-05-27,746549,4,7
2024-05-27,746708,3,7
2024-05-27,746788,11,11
2024-05-27,747034,4,6
2024-05-27,747118,4,9
2024-05-28,745017,1,1
2024-05-28,745091,1,1
2024-05-28,745258,5,12
2024-05-28,745337,8,8
2024-05-28,745412,5,10
2024-05-28,745816,1,1
2024-05-28,745818,1,1
2024-05-28,745903,5,5
2024-05-28,745987,4,5
2024-05-28,746229,1,1
2024-05-28,746468,1,1
2024-05-28,746552,5,8
2024-05-28,746709,4,8
2024-05-28,746791,12,12
2024-05-28,747033,5,7
2024-05-28,747115,5,10
2024-05-29,745011,2,2
2024-05-29,745084,2,2
2024-05-29,745250,6,13
2024-05-29,745333,9,9
2024-05-29,745414,6,11
2024-05-29,745817,2,2
2024-05-29,745900,6,6
2024-05-29,745988,5,6
2024-05-29,746228,2,2
2024-05-29,746467,1,1
2024-05-29,746468,1,1
2024-05-29,746551,6,9
2024-05-29,746706,5,9
2024-05-29,746790,13,13
2024-05-29,747031,6,8
2024-05-29,747117,6,11
2024-05-30,745081,3,3
2024-05-30,745249,7,14
2024-05-30,745819,3,3
2024-05-30,745898,7,7
2024-05-30,745985,6,7
2024-05-30,746225,3,3
2024-05-30,746954,2,7
2024-05-30,747114,7,12
2024-05-31,744928,1,1
2024-05-31,745253,4,15
2024-05-31,745331,4,1
2024-05-31,745574,1,1
2024-05-31,745820,4,4
2024-05-31,745983,1,8
2024-05-31,746059,1,1
2024-05-31,746140,1,1
2024-05-31,746303,1,8
2024-05-31,746387,8,8
2024-05-31,746635,8,1
2024-05-31,746877,1,7
2024-05-31,746955,3,8
2024-05-31,747032,4,1
2024-05-31,747116,4,13
2024-06-01,744932,2,2
2024-06-01,745251,5,16
2024-06-01,745332,5,2
2024-06-01,745575,2,2
2024-06-01,745812,5,5
2024-06-01,745980,2,9
2024-06-01,746062,2,2
2024-06-01,746138,2,2
2024-06-01,746305,2,9
2024-06-01,746384,9,9
2024-06-01,746629,9,2
2024-06-01,746870,2,8
2024-06-01,746952,4,9
2024-06-01,747029,5,2
2024-06-01,747111,5,14
2024-06-02,744929,3,3
2024-06-02,745252,6,17
2024-06-02,745330,6,3
2024-06-02,745572,3,3
2024-06-02,745813,6,6
2024-06-02,745984,3,10
2024-06-02,746061,3,3
2024-06-02,746141,3,3
2024-06-02,746301,3,10
2024-06-02,746383,10,10
2024-06-02,746632,10,3
2024-06-02,746871,3,9
2024-06-02,746953,5,10
2024-06-02,747030,6,3
2024-06-02,747110,6,15
2024-06-03,744854,7,11
2024-06-03,744930,4,4
2024-06-03,745009,6,4
2024-06-03,745569,11,4
2024-06-03,746224,4,7
2024-06-03,746382,4,11
2024-06-03,746548,4,4
2024-06-03,747194,4,7
2024-06-04,744850,8,12
2024-06-04,744931,5,5
2024-06-04,745010,7,5
2024-06-04,745497,1,1
2024-06-04,745568,12,5
2024-06-04,745656,1,1
2024-06-04,745739,1,1
2024-06-04,746060,1,1
2024-06-04,746222,5,8
2024-06-04,746380,5,12
2024-06-04,746550,5,5
2024-06-04,746630,1,1
2024-06-04,746872,1,1
2024-06-04,746949,1,1
2024-06-04,747196,5,8
2024-06-05,744852,9,13
2024-06-05,744927,6,6
2024-06-05,745007,8,6
2024-06-05,745494,2,2
2024-06-05,745570,13,6
2024-06-05,745654,2,2
2024-06-05,745740,2,2
2024-06-05,746056,2,2
2024-06-05,746221,6,9
2024-06-05,746379,6,13
2024-06-05,746544,6,6
2024-06-05,746628,2,2
2024-06-05,746873,2,2
2024-06-05,746950,2,2
2024-06-05,747195,6,9
2024-06-06,744844,3,14
2024-06-06,744923,7,7
2024-06-06,745174,7,7
2024-06-06,745408,10,7
2024-06-06,745495,3,3
2024-06-06,745657,3,3
2024-06-06,745738,3,3
2024-06-06,746631,1,1
2024-06-06,746707,3,7
2024-06-06,746784,3,3
2024-06-07,744845,4,15
2024-06-07,745008,1,1
2024-06-07,745083,8,1
2024-06-07,745169,8,8
2024-06-07,745406,11,8
2024-06-07,745496,4,4
2024-06-07,745655,8,4
2024-06-07,745737,4,4
2024-06-07,746053,2,1
2024-06-07,746220,1,1
2024-06-07,746302,4,2
2024-06-07,746466,1,1
2024-06-07,746704,4,8
2024-06-07,746785,4,4
2024-06-08,744848,5,16
2024-06-08,745001,2,2
2024-06-08,745082,9,2
2024-06-08,745166,9,9
2024-06-08,745410,12,9
2024-06-08,745492,5,5
2024-06-08,745652,9,5
2024-06-08,745735,5,5
2024-06-08,745814,1,1
2024-06-08,746057,3,2
2024-06-08,746223,2,2
2024-06-08,746300,5,3
2024-06-08,746461,2,2
2024-06-08,746703,5,9
2024-06-08,746786,5,5
2024-06-09,744849,6,17
2024-06-09,745003,3,3
2024-06-09,745085,10,3
2024-06-09,745167,10,10
2024-06-09,745407,13,10
2024-06-09,745491,6,6
2024-06-09,745571,2,2
2024-06-09,745651,10,6
2024-06-09,745736,6,6
2024-06-09,746054,4,3
2024-06-09,746216,3,3
2024-06-09,746297,6,4
2024-06-09,746463,3,3
2024-06-09,746705,6,10
2024-06-09,746787,6,6
2024-06-10,745080,11,4
2024-06-10,745248,7,7
2024-06-10,745334,4,4
2024-06-10,745409,7,11
2024-06-10,745897,11,7
2024-06-10,745982,11,4
2024-06-10,746295,7,5
2024-06-11,745077,1,5
2024-06-11,745170,1,1
2024-06-11,745244,8,8
2024-06-11,745327,5,5
2024-06-11,745404,8,12
2024-06-11,745815,1,1
2024-06-11,745899,12,8
2024-06-11,745981,12,5
2024-06-11,746139,1,1
2024-06-11,746296,8,6
2024-06-11,746464,1,1
2024-06-11,746702,1,1
2024-06-11,746951,1,1
2024-06-11,747027,1,12
2024-06-11,747190,1,1
2024-06-12,745079,2,6
2024-06-12,745171,2,2
2024-06-12,745246,9,9
2024-06-12,745328,6,6
2024-06-12,745405,9,13
2024-06-12,745811,2,2
2024-06-12,745896,13,9
2024-06-12,745978,13,6
2024-06-12,746137,2,2
2024-06-12,746294,9,7
2024-06-12,746462,2,2
2024-06-12,746701,2,2
2024-06-12,746948,2,2
2024-06-12,747028,2,13
2024-06-12,747193,2,2
2024-06-13,745075,3,7
2024-06-13,745168,3,3
2024-06-13,745245,10,10
2024-06-13,745809,3,3
2024-06-13,745894,10,10
2024-06-13,746136,3,3
2024-06-13,746299,10,8
2024-06-13,746465,3,3
2024-06-13,746944,3,3
2024-06-13,747026,3,14
2024-06-13,747192,3,3
2024-06-14,744847,4,4
2024-06-14,744924,1,1
2024-06-14,745247,4,11
2024-06-14,745326,4,1
2024-06-14,745810,1,4
2024-06-14,745892,11,11
2024-06-14,745979,1,1
2024-06-14,746134,9,4
2024-06-14,746378,4,1
2024-06-14,746545,4,1
2024-06-14,746869,4,4
2024-06-14,746947,11,4
2024-06-14,747025,4,15
2024-06-14,747112,8,4
2024-06-14,747191,11,4
2024-06-15,744846,5,5
2024-06-15,744925,2,2
2024-06-15,745241,5,12
2024-06-15,745329,5,2
2024-06-15,745805,2,5
2024-06-15,745891,12,12
2024-06-15,745976,2,2
2024-06-15,746135,10,5
2024-06-15,746381,5,2
2024-06-15,746547,5,2
2024-06-15,746865,5,5
2024-06-15,746946,12,5
2024-06-15,747024,5,16
2024-06-15,747113,9,5
2024-06-15,747187,12,5
2024-06-16,744839,6,6
2024-06-16,744926,3,3
2024-06-16,745242,6,13
2024-06-16,745321,6,3
2024-06-16,745807,3,6
2024-06-16,745891,1,1
2024-06-16,745895,1,1
2024-06-16,745977,3,3
2024-06-16,746130,11,6
2024-06-16,746377,6,3
2024-06-16,746546,6,3
2024-06-16,746866,6,6
2024-06-16,746945,13,6
2024-06-16,747023,6,17
2024-06-16,747109,10,6
2024-06-16,747189,13,6
2024-06-17,744918,7,4
2024-06-17,745005,7,7
2024-06-17,745490,4,7
2024-06-17,745567,4,7
2024-06-17,746055,7,7
2024-06-17,746215,4,7
2024-06-17,746543,7,4
2024-06-17,746868,4,7
2024-06-17,747108,7,7
2024-06-18,744843,1,1
2024-06-18,744917,8,5
2024-06-18,745004,8,8
2024-06-18,745488,5,8
2024-06-18,745563,5,8
2024-06-18,745650,1,1
2024-06-18,745733,1,1
2024-06-18,745893,1,1
2024-06-18,746049,8,8
2024-06-18,746217,5,8
2024-06-18,746542,8,5
2024-06-18,746627,1,1
2024-06-18,746783,1,1
2024-06-18,746867,5,8
2024-06-18,747107,8,8
2024-06-19,744842,2,2
2024-06-19,744920,9,6
2024-06-19,745002,9,9
2024-06-19,745489,6,9
2024-06-19,745561,6,9
2024-06-19,745646,2,2
2024-06-19,745732,2,2
2024-06-19,745887,2,2
2024-06-19,746050,9,9
2024-06-19,746219,6,9
2024-06-19,746538,9,6
2024-06-19,746625,2,2
2024-06-19,746781,2,2
2024-06-19,746864,6,9
2024-06-19,747106,9,9
2024-06-20,744841,3,3
2024-06-20,745164,7,10
2024-06-20,745401,7,7
2024-06-20,745645,3,3
2024-06-20,745734,3,3
2024-06-20,745889,3,3
2024-06-20,746539,10,7
2024-06-20,746626,3,3
2024-06-20,746782,3,3
2024-06-21,745006,4,1
2024-06-21,745403,8,8
2024-06-21,745483,4,1
2024-06-21,745562,4,1
2024-06-21,745649,4,4
2024-06-21,745729,1,4
2024-06-21,746052,4,1
2024-06-21,746131,1,11
2024-06-21,746375,4,4
2024-06-21,746460,4,1
2024-06-21,746540,4,8
2024-06-21,746624,1,4
2024-06-21,746698,1,1
2024-06-21,746861,1,1
2024-06-22,744997,5,2
2024-06-22,745163,1,1
2024-06-22,745402,9,9
2024-06-22,745486,5,2
2024-06-22,745564,5,2
2024-06-22,745644,5,5
2024-06-22,745731,2,5
2024-06-22,746048,5,2
2024-06-22,746132,2,12
2024-06-22,746376,5,5
2024-06-22,746459,5,2
2024-06-22,746541,5,9
2024-06-22,746622,2,5
2024-06-22,746700,2,2
2024-06-22,746863,2,2
2024-06-23,745000,6,3
2024-06-23,745165,2,2
2024-06-23,745396,10,10
2024-06-23,745485,6,3
2024-06-23,745566,6,3
2024-06-23,745648,6,6
2024-06-23,745727,3,6
2024-06-23,746051,6,3
2024-06-23,746373,6,6
2024-06-23,746457,6,3
2024-06-23,746536,6,10
2024-06-23,746621,3,6
2024-06-23,746699,3,3
2024-06-23,746862,3,3
2024-06-24,745078,7,7
2024-06-24,745160,4,3
2024-06-24,745323,4,3
2024-06-24,745397,7,11
2024-06-24,745974,4,11
2024-06-24,746218,7,1
2024-06-24,746298,4,7
2024-06-24,746458,4,4
2024-06-24,746696,4,4
2024-06-24,746780,1,7
2024-06-24,746941,4,4
2024-06-24,747021,7,7
2024-06-25,745076,8,8
2024-06-25,745157,5,4
2024-06-25,745322,5,4
2024-06-25,745399,8,12
2024-06-25,745806,1,1
2024-06-25,745973,5,12
2024-06-25,746213,8,2
2024-06-25,746293,5,8
2024-06-25,746372,1,1
2024-06-25,746454,5,5
2024-06-25,746697,5,5
2024-06-25,746775,2,8
2024-06-25,746943,5,5
2024-06-25,747022,8,8
2024-06-25,747188,1,1
2024-06-26,745073,9,9
2024-06-26,745157,1,1
2024-06-26,745158,1,1
2024-06-26,745325,6,5
2024-06-26,745400,9,13
2024-06-26,745808,2,2
2024-06-26,745975,6,13
2024-06-26,746212,9,3
2024-06-26,746291,6,9
2024-06-26,746374,2,2
2024-06-26,746456,6,6
2024-06-26,746695,6,6
2024-06-26,746777,3,9
2024-06-26,746942,6,6
2024-06-26,747019,9,9
2024-06-26,747184,2,2
2024-06-27,744919,3,1
2024-06-27,745162,7,2
2024-06-27,745324,7,6
2024-06-27,745565,7,7
2024-06-27,746210,7,4
2024-06-27,746288,10,10
2024-06-27,746816,2,10
2024-06-27,747020,7,10
2024-06-27,747185,3,3
2024-06-28,744922,4,2
2024-06-28,745070,1,1
2024-06-28,745161,8,3
2024-06-28,745238,4,1
2024-06-28,745319,1,7
2024-06-28,745560,8,8
2024-06-28,745804,1,1
2024-06-28,745970,8,1
2024-06-28,746214,8,5
2024-06-28,746292,11,11
2024-06-28,746776,1,11
2024-06-28,746939,1,1
2024-06-28,747017,8,11
2024-06-28,747105,1,3
2024-06-28,747183,1,4
2024-06-29,744921,5,3
2024-06-29,745071,2,2
2024-06-29,745159,9,4
2024-06-29,745239,5,2
2024-06-29,745317,2,8
2024-06-29,745559,9,9
2024-06-29,745801,2,2
2024-06-29,745972,9,2
2024-06-29,746211,9,6
2024-06-29,746289,12,12
2024-06-29,746778,2,12
2024-06-29,746940,2,2
2024-06-29,747018,9,12
2024-06-29,747104,2,4
2024-06-29,747186,2,5
2024-06-30,744916,6,4
2024-06-30,745072,3,3
2024-06-30,745154,10,5
2024-06-30,745243,6,3
2024-06-30,745320,3,9
2024-06-30,745555,10,10
2024-06-30,745802,3,3
2024-06-30,745971,10,3
2024-06-30,746209,10,7
2024-06-30,746290,13,13
2024-06-30,746779,3,13
2024-06-30,746938,3,3
2024-06-30,747016,10,13
2024-06-30,747101,3,5
2024-06-30,747182,3,6
2024-07-01,744840,4,4
2024-07-01,744914,4,5
2024-07-01,746535,4,4
2024-07-02,744838,5,5
2024-07-02,744913,5,6
2024-07-02,744999,1,1
2024-07-02,745240,1,1
2024-07-02,745482,1,1
2024-07-02,745647,1,1
2024-07-02,745730,1,1
2024-07-02,745886,1,1
2024-07-02,746047,1,1
2024-07-02,746133,1,1
2024-07-02,746282,1,1
2024-07-02,746537,5,5
2024-07-02,746623,1,1
2024-07-02,746860,1,1
2024-07-02,747102,1,1
2024-07-03,744837,6,6
2024-07-03,744915,6,7
2024-07-03,744998,2,2
2024-07-03,745234,2,2
2024-07-03,745487,2,2
2024-07-03,745643,2,2
2024-07-03,745728,2,2
2024-07-03,745888,2,2
2024-07-03,746045,2,2
2024-07-03,746128,2,2
2024-07-03,746283,2,2
2024-07-03,746534,6,6
2024-07-03,746617,2,2
2024-07-03,746858,2,2
2024-07-03,747100,2,2
2024-07-04,744834,7,7
2024-07-04,744912,7,8
2024-07-04,744996,3,3
2024-07-04,745236,3,3
2024-07-04,745484,3,3
2024-07-04,745641,3,3
2024-07-04,745726,3,3
2024-07-04,745890,3,3
2024-07-04,746043,3,3
2024-07-04,746126,3,3
2024-07-04,746285,3,3
2024-07-04,746532,7,7
2024-07-04,746619,3,3
2024-07-04,746857,3,3
2024-07-04,747103,3,3
2024-07-05,744836,4,8
2024-07-05,744992,4,4
2024-07-05,745237,9,4
2024-07-05,745398,4,4
2024-07-05,745479,8,4
2024-07-05,745639,4,4
2024-07-05,745725,4,4
2024-07-05,745884,8,4
2024-07-05,746046,4,4
2024-07-05,746127,8,4
2024-07-05,746533,4,8
2024-07-05,746620,4,4
2024-07-05,746693,4,4
2024-07-05,746859,4,4
2024-07-05,747097,4,4
2024-07-06,744835,5,9
2024-07-06,744995,5,5
2024-07-06,745235,10,5
2024-07-06,745395,5,5
2024-07-06,745476,9,5
2024-07-06,745642,5,5
2024-07-06,745724,5,5
2024-07-06,745885,9,5
2024-07-06,746044,5,5
2024-07-06,746129,9,5
2024-07-06,746529,5,9
2024-07-06,746615,5,5
2024-07-06,746694,5,5
2024-07-06,746856,5,5
2024-07-06,747099,5,5
2024-07-07,744832,6,10
2024-07-07,744993,6,6
2024-07-07,745233,11,6
2024-07-07,745391,6,6
2024-07-07,745477,10,6
2024-07-07,745637,6,6
2024-07-07,745723,6,6
2024-07-07,745883,10,6
2024-07-07,746039,6,6
2024-07-07,746122,10,6
2024-07-07,746530,6,10
2024-07-07,746616,6,6
2024-07-07,746691,6,6
2024-07-07,746855,6,6
2024-07-07,747098,6,6
2024-07-08,744833,7,11
2024-07-08,745480,11,7
2024-07-08,746208,7,7
2024-07-08,746455,7,7
2024-07-08,746692,11,7
2024-07-08,746771,7,7
2024-07-08,747181,7,7
2024-07-09,745074,1,1
2024-07-09,745155,1,8
2024-07-09,745316,1,1
2024-07-09,745393,1,1
2024-07-09,745557,1,1
2024-07-09,745803,12,12
2024-07-09,745968,8,1
2024-07-09,746206,8,8
2024-07-09,746368,1,1
2024-07-09,746451,8,8
2024-07-09,746690,12,8
2024-07-09,746773,8,8
2024-07-09,746937,1,1
2024-07-09,747014,1,1
2024-07-09,747180,8,8
2024-07-10,745069,2,2
2024-07-10,745155,1,1
2024-07-10,745156,1,1
2024-07-10,745318,2,2
2024-07-10,745394,2,2
2024-07-10,745556,2,2
2024-07-10,745796,13,13
2024-07-10,745969,9,2
2024-07-10,746205,9,9
2024-07-10,746366,2,2
2024-07-10,746453,9,9
2024-07-10,746689,13,9
2024-07-10,746772,1,1
2024-07-10,746773,1,1
2024-07-10,746934,2,2
2024-07-10,747015,2,2
2024-07-10,747179,9,9
2024-07-11,745065,3,3
2024-07-11,745313,3,3
2024-07-11,745558,3,3
2024-07-11,745799,14,14
2024-07-11,745967,10,3
2024-07-11,746204,3,10
2024-07-11,746452,10,10
2024-07-11,746688,14,10
2024-07-11,746935,3,3
2024-07-11,747011,3,3
2024-07-11,747178,10,10
2024-07-12,745064,11,4
2024-07-12,745153,4,1
2024-07-12,745312,1,4
2024-07-12,745390,11,1
2024-07-12,745552,4,4
2024-07-12,745800,15,15
2024-07-12,745965,15,4
2024-07-12,746207,4,11
2024-07-12,746371,1,4
2024-07-12,746450,4,11
2024-07-12,746685,4,11
2024-07-12,746774,11,1
2024-07-12,746936,1,4
2024-07-12,747012,4,4
2024-07-12,747175,4,11
2024-07-13,745067,12,5
2024-07-13,745152,5,2
2024-07-13,745175,5,2
2024-07-13,745311,2,5
2024-07-13,745392,12,2
2024-07-13,745549,5,5
2024-07-13,745798,16,16
2024-07-13,745963,16,5
2024-07-13,746202,5,12
2024-07-13,746369,2,5
2024-07-13,746447,5,12
2024-07-13,746687,5,12
2024-07-13,746766,12,2
2024-07-13,746930,2,5
2024-07-13,747013,5,5
2024-07-13,747177,5,12
2024-07-14,745066,13,6
2024-07-14,745151,6,3
2024-07-14,745314,3,6
2024-07-14,745385,13,3
2024-07-14,745551,6,6
2024-07-14,745797,17,17
2024-07-14,745962,17,6
2024-07-14,746201,6,13
2024-07-14,746370,3,6
2024-07-14,746449,6,13
2024-07-14,746686,6,13
2024-07-14,746769,13,3
2024-07-14,746932,3,6
2024-07-14,747009,6,6
2024-07-14,747176,6,13
2024-07-19,744829,1,1
2024-07-19,744911,1,1
2024-07-19,744990,1,1
2024-07-19,745228,1,1
2024-07-19,745481,1,1
2024-07-19,745640,1,1
2024-07-19,745721,1,1
2024-07-19,746040,1,1
2024-07-19,746123,1,1
2024-07-19,746284,1,1
2024-07-19,746531,1,1
2024-07-19,746618,1,1
2024-07-19,746854,1,1
2024-07-19,747093,1,1
2024-07-20,744830,2,2
2024-07-20,744910,2,2
2024-07-20,744994,2,2
2024-07-20,745229,2,2
2024-07-20,745478,2,2
2024-07-20,745638,2,2
2024-07-20,745720,2,2
2024-07-20,745880,1,1
2024-07-20,746041,2,2
2024-07-20,746121,2,2
2024-07-20,746286,2,2
2024-07-20,746527,2,2
2024-07-20,746613,2,2
2024-07-20,746852,2,2
2024-07-20,747093,1,1
2024-07-20,747096,1,1
2024-07-21,744831,3,3
2024-07-21,744909,3,3
2024-07-21,744991,3,3
2024-07-21,745230,3,3
2024-07-21,745470,3,3
2024-07-21,745633,3,3
2024-07-21,745722,3,3
2024-07-21,745882,2,2
2024-07-21,746042,3,3
2024-07-21,746125,3,3
2024-07-21,746287,3,3
2024-07-21,746528,3,3
2024-07-21,746610,3,3
2024-07-21,746853,3,3
2024-07-21,747094,2,2
2024-07-22,744988,4,4
2024-07-22,745232,4,4
2024-07-22,745473,3,4
2024-07-22,745635,4,4
2024-07-22,745717,4,4
2024-07-22,745881,4,3
2024-07-22,746034,4,4
2024-07-22,746124,4,4
2024-07-22,746280,4,4
2024-07-22,746526,4,4
2024-07-22,746612,4,4
2024-07-22,746850,3,4
2024-07-22,747095,4,3
2024-07-23,744828,1,1
2024-07-23,744904,5,1
2024-07-23,744985,5,5
2024-07-23,745227,5,5
2024-07-23,745475,4,5
2024-07-23,745632,5,5
2024-07-23,745715,5,5
2024-07-23,745878,5,4
2024-07-23,746036,1,5
2024-07-23,746118,5,5
2024-07-23,746281,5,5
2024-07-23,746524,5,5
2024-07-23,746614,5,5
2024-07-23,746848,4,5
2024-07-23,747090,5,4
2024-07-24,744824,2,2
2024-07-24,744905,6,2
2024-07-24,744989,6,6
2024-07-24,745231,6,6
2024-07-24,745472,5,6
2024-07-24,745634,6,6
2024-07-24,745716,6,6
2024-07-24,745877,6,5
2024-07-24,746035,2,6
2024-07-24,746119,6,6
2024-07-24,746279,6,6
2024-07-24,746525,6,6
2024-07-24,746611,6,6
2024-07-24,746851,5,6
2024-07-24,747090,1,1
2024-07-24,747091,1,1
2024-07-25,744827,3,3
2024-07-25,744907,7,3
2024-07-25,744984,7,7
2024-07-25,745794,2,7
2024-07-25,746037,3,7
2024-07-25,746117,7,7
2024-07-25,746199,7,7
2024-07-25,746609,7,7
2024-07-26,744906,8,4
2024-07-26,745068,1,8
2024-07-26,745146,4,1
2024-07-26,745315,1,8
2024-07-26,745554,8,1
2024-07-26,745792,3,8
2024-07-26,745964,8,1
2024-07-26,746200,8,8
2024-07-26,746277,1,1
2024-07-26,746361,8,1
2024-07-26,746448,1,8
2024-07-26,746767,1,8
2024-07-26,746933,1,1
2024-07-26,747010,4,4
2024-07-26,747174,1,1
2024-07-27,744908,9,5
2024-07-27,745059,2,9
2024-07-27,745150,5,2
2024-07-27,745307,2,9
2024-07-27,745310,2,9
2024-07-27,745553,9,2
2024-07-27,745793,4,9
2024-07-27,745966,9,2
2024-07-27,746203,9,9
2024-07-27,746278,2,2
2024-07-27,746362,9,2
2024-07-27,746446,2,9
2024-07-27,746768,2,9
2024-07-27,746931,2,2
2024-07-27,747006,5,5
2024-07-27,747171,2,2
2024-07-28,744902,10,6
2024-07-28,745145,6,3
2024-07-28,745305,3,10
2024-07-28,745550,10,3
2024-07-28,745795,5,10
2024-07-28,745961,10,3
2024-07-28,746195,10,10
2024-07-28,746274,3,3
2024-07-28,746364,10,3
2024-07-28,746445,3,10
2024-07-28,746770,3,10
2024-07-28,746929,3,3
2024-07-28,747008,6,6
2024-07-28,747173,3,3
2024-07-29,745147,11,4
2024-07-29,745547,4,4
2024-07-29,745791,4,11
2024-07-29,745959,6,4
2024-07-29,746360,4,4
2024-07-29,746444,11,11
2024-07-29,746684,4,4
2024-07-29,746765,4,11
2024-07-29,746928,4,4
2024-07-29,747007,7,7
2024-07-29,747039,7,7
2024-07-29,747172,7,4
2024-07-30,745060,1,1
2024-07-30,745149,12,5
2024-07-30,745309,1,1
2024-07-30,745389,1,1
2024-07-30,745546,5,5
2024-07-30,745787,5,12
2024-07-30,745958,7,5
2024-07-30,746197,1,1
2024-07-30,746365,5,5
2024-07-30,746441,12,12
2024-07-30,746683,5,5
2024-07-30,746763,5,12
2024-07-30,746926,5,5
2024-07-30,747005,8,8
2024-07-30,747167,8,5
2024-07-31,745061,2,2
2024-07-31,745148,13,6
2024-07-31,745306,2,2
2024-07-31,745386,2,2
2024-07-31,745543,6,6
2024-07-31,745789,6,13
2024-07-31,745960,8,6
2024-07-31,746198,2,2
2024-07-31,746363,6,6
2024-07-31,746678,6,6
2024-07-31,746764,6,13
2024-07-31,746925,6,6
2024-07-31,747003,9,9
2024-07-31,747170,9,6
2024-08-01,746196,3,3
2024-08-01,746442,7,1
2024-08-01,746607,10,1
2024-08-01,746849,7,7
2024-08-01,747092,3,9
2024-08-02,744825,1,1
2024-08-02,744986,1,1
2024-08-02,745224,1,1
2024-08-02,745387,4,1
2024-08-02,745471,1,1
2024-08-02,745631,1,1
2024-08-02,745719,1,1
2024-08-02,745875,1,1
2024-08-02,746193,1,4
2024-08-02,746354,1,1
2024-08-02,746443,8,2
2024-08-02,746605,11,2
2024-08-02,746679,1,1
2024-08-02,746845,8,8
2024-08-02,747089,4,10
2024-08-03,744823,2,2
2024-08-03,744987,2,2
2024-08-03,745225,2,2
2024-08-03,745388,5,2
2024-08-03,745474,2,2
2024-08-03,745636,2,2
2024-08-03,745714,2,2
2024-08-03,745876,2,2
2024-08-03,746194,2,5
2024-08-03,746358,2,2
2024-08-03,746440,9,3
2024-08-03,746608,12,3
2024-08-03,746681,2,2
2024-08-03,746846,9,9
2024-08-03,747087,5,11
2024-08-04,744826,3,3
2024-08-04,744979,3,3
2024-08-04,745222,3,3
2024-08-04,745384,6,3
2024-08-04,745468,3,3
2024-08-04,745627,3,3
2024-08-04,745718,3,3
2024-08-04,745879,3,3
2024-08-04,746191,3,6
2024-08-04,746356,3,3
2024-08-04,746439,10,4
2024-08-04,746606,13,4
2024-08-04,746680,3,3
2024-08-04,746844,10,10
2024-08-04,747088,6,12
2024-08-05,744821,4,4
2024-08-05,744982,4,4
2024-08-05,745184,4,11
2024-08-05,745628,4,4
2024-08-05,746038,4,7
2024-08-05,746116,4,4
2024-08-05,746276,4,11
2024-08-05,746600,4,5
2024-08-05,746847,4,11
2024-08-06,744817,5,5
2024-08-06,744901,1,1
2024-08-06,744983,5,5
2024-08-06,745141,1,12
2024-08-06,745221,1,1
2024-08-06,745467,1,1
2024-08-06,745629,5,5
2024-08-06,745713,1,1
2024-08-06,746033,5,8
2024-08-06,746120,5,5
2024-08-06,746273,5,12
2024-08-06,746519,5,1
2024-08-06,746602,5,6
2024-08-06,746840,5,12
2024-08-06,747086,1,1
2024-08-07,744822,6,6
2024-08-07,744903,2,2
2024-08-07,744981,6,6
2024-08-07,745142,2,13
2024-08-07,745223,2,2
2024-08-07,745469,2,2
2024-08-07,745630,6,6
2024-08-07,745709,1,1
2024-08-07,745713,1,1
2024-08-07,746031,6,9
2024-08-07,746115,6,6
2024-08-07,746272,6,13
2024-08-07,746521,6,2
2024-08-07,746602,1,1
2024-08-07,746604,1,1
2024-08-07,746842,6,13
2024-08-07,747085,2,2
2024-08-08,744819,7,7
2024-08-08,744899,3,3
2024-08-08,745143,3,14
2024-08-08,745226,3,3
2024-08-08,745466,3,3
2024-08-08,745710,2,2
2024-08-08,746030,7,10
2024-08-08,746522,7,3
2024-08-08,747081,3,3
2024-08-08,747169,7,2
2024-08-09,744818,3,8
2024-08-09,744900,1,4
2024-08-09,745062,4,4
2024-08-09,745220,8,4
2024-08-09,745308,4,8
2024-08-09,745708,1,3
2024-08-09,745871,1,1
2024-08-09,745927,1,1
2024-08-09,745957,8,4
2024-08-09,746032,4,11
2024-08-09,746113,4,1
2024-08-09,746275,15,1
2024-08-09,746523,4,4
2024-08-09,746760,1,1
2024-08-09,746927,1,1
2024-08-09,747168,8,3
2024-08-10,744820,4,9
2024-08-10,744897,2,5
2024-08-10,745056,5,5
2024-08-10,745219,9,5
2024-08-10,745304,5,9
2024-08-10,745708,1,1
2024-08-10,745712,1,1
2024-08-10,745873,2,2
2024-08-10,745955,9,5
2024-08-10,746026,5,12
2024-08-10,746112,5,2
2024-08-10,746269,16,2
2024-08-10,746520,5,5
2024-08-10,746761,2,2
2024-08-10,746922,2,2
2024-08-10,747164,9,4
2024-08-11,744816,5,10
2024-08-11,744895,3,6
2024-08-11,745057,6,6
2024-08-11,745216,10,6
2024-08-11,745303,6,10
2024-08-11,745711,2,2
2024-08-11,745872,3,3
2024-08-11,745956,10,6
2024-08-11,746025,6,13
2024-08-11,746114,6,3
2024-08-11,746517,6,6
2024-08-11,746923,3,3
2024-08-11,747166,10,5
2024-08-12,745058,4,7
2024-08-12,745300,7,11
2024-08-12,745383,7,7
2024-08-12,745874,1,4
2024-08-12,745953,4,7
2024-08-12,746192,7,6
2024-08-12,746603,1,4
2024-08-12,746682,1,11
2024-08-12,746762,3,1
2024-08-12,746921,3,4
2024-08-12,747165,7,6
2024-08-13,745055,5,8
2024-08-13,745302,8,12
2024-08-13,745382,8,8
2024-08-13,745548,1,1
2024-08-13,745788,1,1
2024-08-13,745867,2,5
2024-08-13,745954,5,8
2024-08-13,746187,8,7
2024-08-13,746435,1,1
2024-08-13,746601,2,5
2024-08-13,746673,2,12
2024-08-13,746757,4,2
2024-08-13,746924,4,5
2024-08-13,747004,1,1
2024-08-13,747160,8,7
2024-08-14,745053,6,9
2024-08-14,745301,9,13
2024-08-14,745381,9,9
2024-08-14,745544,2,2
2024-08-14,745790,2,2
2024-08-14,745869,3,6
2024-08-14,745951,6,9
2024-08-14,746188,9,8
2024-08-14,746436,2,2
2024-08-14,746598,3,6
2024-08-14,746677,3,13
2024-08-14,746759,5,3
2024-08-14,746919,5,6
2024-08-14,747000,2,2
2024-08-14,747163,9,8
2024-08-15,744980,7,6
2024-08-15,745298,10,14
2024-08-15,745545,3,3
2024-08-15,745783,3,3
2024-08-15,745950,7,10
2024-08-15,746437,3,3
2024-08-15,747002,7,3
2024-08-16,744974,8,7
2024-08-16,745054,1,1
2024-08-16,745144,8,1
2024-08-16,745462,4,1
2024-08-16,745542,4,4
2024-08-16,745784,1,4
2024-08-16,745949,1,11
2024-08-16,746189,11,1
2024-08-16,746357,1,1
2024-08-16,746438,1,4
2024-08-16,746518,1,1
2024-08-16,746674,1,1
2024-08-16,746843,1,1
2024-08-16,747001,8,4
2024-08-17,744977,9,8
2024-08-17,745049,2,2
2024-08-17,745140,9,2
2024-08-17,745463,5,2
2024-08-17,745537,5,5
2024-08-17,745626,1,1
2024-08-17,745785,2,5
2024-08-17,745952,2,12
2024-08-17,746190,12,2
2024-08-17,746355,2,2
2024-08-17,746434,2,5
2024-08-17,746515,2,2
2024-08-17,746675,2,2
2024-08-17,746841,2,2
2024-08-17,746997,9,5
2024-08-18,744975,10,9
2024-08-18,745051,3,3
2024-08-18,745139,10,3
2024-08-18,745464,6,3
2024-08-18,745539,6,6
2024-08-18,745621,2,2
2024-08-18,745786,3,6
2024-08-18,745948,3,13
2024-08-18,746186,13,3
2024-08-18,746359,3,3
2024-08-18,746431,3,6
2024-08-18,746516,3,3
2024-08-18,746676,3,3
2024-08-18,746838,3,3
2024-08-18,746999,10,6
2024-08-19,744898,4,4
2024-08-19,744976,4,10
2024-08-19,745294,4,3
2024-08-19,745380,11,4
2024-08-19,745620,4,3
2024-08-19,745780,7,7
2024-08-19,746027,4,4
2024-08-19,746109,7,11
2024-08-19,746270,4,4
2024-08-19,746351,11,4
2024-08-20,744814,1,1
2024-08-20,744896,5,5
2024-08-20,744978,5,11
2024-08-20,745136,1,1
2024-08-20,745295,5,4
2024-08-20,745374,12,5
2024-08-20,745624,5,4
2024-08-20,745707,1,1
2024-08-20,745782,8,8
2024-08-20,746029,5,5
2024-08-20,746107,8,12
2024-08-20,746266,5,5
2024-08-20,746349,12,5
2024-08-20,746839,1,1
2024-08-20,747083,1,1
2024-08-21,744812,2,2
2024-08-21,744893,6,6
2024-08-21,744973,6,12
2024-08-21,745138,2,2
2024-08-21,745297,6,5
2024-08-21,745375,13,6
2024-08-21,745622,6,5
2024-08-21,745704,2,2
2024-08-21,745781,9,9
2024-08-21,746028,6,6
2024-08-21,746110,9,13
2024-08-21,746267,6,6
2024-08-21,746350,13,6
2024-08-21,746837,2,2
2024-08-21,747084,2,2
2024-08-22,744815,3,3
2024-08-22,744894,7,7
2024-08-22,745137,3,3
2024-08-22,745379,10,7
2024-08-22,745465,7,7
2024-08-22,745623,7,6
2024-08-22,745705,3,3
2024-08-22,746836,3,3
2024-08-22,746998,7,10
2024-08-22,747082,3,3
2024-08-23,744889,8,8
2024-08-23,745217,1,1
2024-08-23,745378,11,8
2024-08-23,745460,8,8
2024-08-23,745625,4,7
2024-08-23,745702,4,4
2024-08-23,745870,4,1
2024-08-23,746024,4,1
2024-08-23,746111,8,1
2024-08-23,746268,4,1
2024-08-23,746597,1,4
2024-08-23,746758,4,1
2024-08-23,746920,1,1
2024-08-23,746995,8,11
2024-08-23,747080,4,4
2024-08-24,744890,9,9
2024-08-24,745218,2,2
2024-08-24,745377,12,9
2024-08-24,745457,9,9
2024-08-24,745617,5,8
2024-08-24,745703,5,5
2024-08-24,745868,5,2
2024-08-24,746022,5,2
2024-08-24,746108,9,2
2024-08-24,746271,5,2
2024-08-24,746599,2,5
2024-08-24,746756,5,2
2024-08-24,746917,2,2
2024-08-24,746996,9,12
2024-08-24,747077,5,5
2024-08-25,744892,10,10
2024-08-25,745212,3,3
2024-08-25,745376,13,10
2024-08-25,745459,10,10
2024-08-25,745618,6,9
2024-08-25,745706,6,6
2024-08-25,745863,6,3
2024-08-25,746023,6,3
2024-08-25,746106,10,3
2024-08-25,746263,6,3
2024-08-25,746595,3,6
2024-08-25,746754,6,3
2024-08-25,746918,3,3
2024-08-25,746994,10,13
2024-08-25,747078,6,6
2024-08-26,744813,7,7
2024-08-26,745133,11,7
2024-08-26,745215,11,4
2024-08-26,745458,7,11
2024-08-26,745538,11,7
2024-08-26,745865,7,4
2024-08-26,746513,4,7
2024-08-26,746596,4,7
2024-08-26,746628,4,7
2024-08-26,746753,7,4
2024-08-26,746915,11,4
2024-08-26,746942,11,4
2024-08-27,744811,8,8
2024-08-27,745132,12,8
2024-08-27,745213,12,5
2024-08-27,745461,8,12
2024-08-27,745540,12,8
2024-08-27,745864,8,5
2024-08-27,745946,1,1
2024-08-27,746105,1,1
2024-08-27,746429,1,8
2024-08-27,746510,5,8
2024-08-27,746594,5,8
2024-08-27,746671,1,1
2024-08-27,746755,1,5
2024-08-27,746916,12,5
2024-08-27,747162,1,1
2024-08-28,744809,9,9
2024-08-28,745134,13,9
2024-08-28,745211,13,6
2024-08-28,745452,9,13
2024-08-28,745541,13,9
2024-08-28,745866,9,6
2024-08-28,745943,2,2
2024-08-28,746103,2,2
2024-08-28,746430,2,9
2024-08-28,746512,6,9
2024-08-28,746589,6,9
2024-08-28,746672,2,2
2024-08-28,746752,1,1
2024-08-28,746755,1,1
2024-08-28,746913,13,6
2024-08-28,747161,2,2
2024-08-29,745135,14,10
2024-08-29,745531,10,10
2024-08-29,745945,3,3
2024-08-29,746102,3,3
2024-08-29,746352,7,14
2024-08-29,746432,3,10
2024-08-29,746514,7,10
2024-08-29,746670,3,3
2024-08-29,746748,2,2
2024-08-29,746914,14,7
2024-08-29,747159,3,3
2024-08-30,744810,1,1
2024-08-30,744969,4,3
2024-08-30,745052,15,1
2024-08-30,745299,8,4
2024-08-30,745533,11,11
2024-08-30,745700,11,1
2024-08-30,745862,15,1
2024-08-30,746184,1,4
2024-08-30,746353,8,15
2024-08-30,746433,8,11
2024-08-30,746511,4,11
2024-08-30,746593,1,1
2024-08-30,746665,4,4
2024-08-30,746730,4,4
2024-08-30,746749,4,3
2024-08-30,747156,4,4
2024-08-31,744808,2,2
2024-08-31,744971,5,4
2024-08-31,745050,16,2
2024-08-31,745296,9,5
2024-08-31,745532,12,12
2024-08-31,745699,12,2
2024-08-31,745859,16,2
2024-08-31,746182,2,5
2024-08-31,746348,9,16
2024-08-31,746424,9,12
2024-08-31,746507,5,12
2024-08-31,746590,2,2
2024-08-31,746667,5,5
2024-08-31,746751,5,4
2024-08-31,747158,5,5
2024-09-01,744806,3,3
2024-09-01,744970,6,5
2024-09-01,745048,17,3
2024-09-01,745292,10,6
2024-09-01,745536,13,13
2024-09-01,745701,13,3
2024-09-01,745861,17,3
2024-09-01,746183,3,6
2024-09-01,746347,10,17
2024-09-01,746426,10,13
2024-09-01,746505,6,13
2024-09-01,746592,3,3
2024-09-01,746669,6,6
2024-09-01,746750,6,5
2024-09-01,747157,6,6
2024-09-02,744972,4,6
2024-09-02,745046,4,4
2024-09-02,745373,14,18
2024-09-02,745619,4,7
2024-09-02,745779,11,7
2024-09-02,745947,14,7
2024-09-02,746265,4,11
2024-09-02,746668,18,7
2024-09-02,746833,4,4
2024-09-02,746992,6,7
2024-09-02,747155,7,7
2024-09-03,744891,1,1
2024-09-03,744968,5,7
2024-09-03,745047,5,5
2024-09-03,745293,8,1
2024-09-03,745615,5,8
2024-09-03,745778,12,8
2024-09-03,745944,15,8
2024-09-03,746020,1,1
2024-09-03,746185,8,1
2024-09-03,746264,5,12
2024-09-03,746834,5,5
2024-09-03,746991,7,8
2024-09-03,747079,1,1
2024-09-04,744887,2,2
2024-09-04,744964,6,8
2024-09-04,745045,6,6
2024-09-04,745290,9,2
2024-09-04,745370,1,1
2024-09-04,745614,6,9
2024-09-04,745776,13,9
2024-09-04,745938,16,9
2024-09-04,746019,2,2
2024-09-04,746178,9,2
2024-09-04,746262,6,13
2024-09-04,746666,1,1
2024-09-04,746835,6,6
2024-09-04,746990,8,9
2024-09-04,747075,2,2
2024-09-05,744966,3,9
2024-09-05,745042,7,7
2024-09-05,745289,10,3
2024-09-05,745369,2,2
2024-09-05,745451,3,7
2024-09-05,745612,7,10
2024-09-05,746021,3,3
2024-09-05,746664,2,2
2024-09-05,747073,3,3
2024-09-06,744967,4,10
2024-09-06,745131,8,1
2024-09-06,745371,4,3
2024-09-06,745455,4,8
2024-09-06,745611,3,11
2024-09-06,745777,3,1
2024-09-06,745941,4,1
2024-09-06,746016,4,4
2024-09-06,746104,1,1
2024-09-06,746257,8,1
2024-09-06,746343,11,3
2024-09-06,746832,1,1
2024-09-06,746912,1,1
2024-09-06,746993,8,1
2024-09-06,747074,1,4
2024-09-07,744963,5,11
2024-09-07,745125,9,2
2024-09-07,745372,5,4
2024-09-07,745455,1,1
2024-09-07,745456,1,1
2024-09-07,745613,4,12
2024-09-07,745775,4,2
2024-09-07,745942,5,2
2024-09-07,746018,5,5
2024-09-07,746099,2,2
2024-09-07,746259,9,2
2024-09-07,746344,12,4
2024-09-07,746829,2,2
2024-09-07,746911,2,2
2024-09-07,746986,9,2
2024-09-07,747076,2,5
2024-09-08,744965,6,12
2024-09-08,745128,10,3
2024-09-08,745368,6,5
2024-09-08,745453,2,2
2024-09-08,745616,5,13
2024-09-08,745774,5,3
2024-09-08,745940,6,3
2024-09-08,746017,6,6
2024-09-08,746098,3,3
2024-09-08,746258,10,3
2024-09-08,746345,13,5
2024-09-08,746827,3,3
2024-09-08,746910,3,3
2024-09-08,746989,10,3
2024-09-08,747072,3,6
2024-09-09,744888,4,4
2024-09-09,745454,7,3
2024-09-09,745534,11,7
2024-09-09,745698,4,4
2024-09-09,745860,7,11
2024-09-09,746101,4,4
2024-09-09,746746,4,4
2024-09-09,746909,4,4
2024-09-09,747090,6,7
2024-09-10,744807,8,1
2024-09-10,744886,5,5
2024-09-10,745126,7,1
2024-09-10,745210,1,1
2024-09-10,745291,1,1
2024-09-10,745446,8,4
2024-09-10,745535,12,8
2024-09-10,745694,5,5
2024-09-10,745856,8,12
2024-09-10,746097,5,5
2024-09-10,746346,1,1
2024-09-10,746428,1,1
2024-09-10,746747,5,5
2024-09-10,746907,5,5
2024-09-10,747152,1,1
2024-09-11,744804,9,2
2024-09-11,744881,6,6
2024-09-11,745127,8,2
2024-09-11,745214,2,2
2024-09-11,745285,2,2
2024-09-11,745450,9,5
2024-09-11,745525,13,9
2024-09-11,745697,6,6
2024-09-11,745857,9,13
2024-09-11,746100,6,6
2024-09-11,746342,2,2
2024-09-11,746425,2,2
2024-09-11,746745,6,6
2024-09-11,746908,6,6
2024-09-11,747154,2,2
2024-09-12,744805,10,3
2024-09-12,745129,9,3
2024-09-12,745208,3,3
2024-09-12,745288,3,3
2024-09-12,745695,7,7
2024-09-12,746337,3,3
2024-09-12,746427,3,3
2024-09-12,746591,14,7
2024-09-13,744800,11,4
2024-09-13,744882,4,1
2024-09-13,745207,4,4
2024-09-13,745286,1,4
2024-09-13,745447,1,1
2024-09-13,745529,1,1
2024-09-13,745696,8,8
2024-09-13,745855,10,1
2024-09-13,746181,4,1
2024-09-13,746423,1,4
2024-09-13,746509,1,4
2024-09-13,746586,15,8
2024-09-13,746744,4,1
2024-09-13,747069,1,1
2024-09-13,747153,4,1
2024-09-14,744803,12,5
2024-09-14,744884,5,2
2024-09-14,745209,5,5
2024-09-14,745284,2,5
2024-09-14,745448,2,2
2024-09-14,745528,2,2
2024-09-14,745689,9,9
2024-09-14,745858,11,2
2024-09-14,746177,5,2
2024-09-14,746422,2,5
2024-09-14,746508,2,5
2024-09-14,746584,16,9
2024-09-14,746740,5,2
2024-09-14,747070,2,2
2024-09-14,747148,5,2
2024-09-15,744801,13,6
2024-09-15,744883,6,3
2024-09-15,745206,6,6
2024-09-15,745287,3,6
2024-09-15,745449,3,3
2024-09-15,745530,3,3
2024-09-15,745693,10,10
2024-09-15,745852,12,3
2024-09-15,746180,6,3
2024-09-15,746419,3,6
2024-09-15,746506,3,6
2024-09-15,746585,17,10
2024-09-15,746741,6,3
2024-09-15,747071,3,3
2024-09-15,747151,6,3
2024-09-16,745130,4,7
2024-09-16,745367,7,4
2024-09-16,745773,7,4
2024-09-16,745939,4,7
2024-09-16,746179,4,4
2024-09-16,746260,7,4
2024-09-16,746502,4,7
2024-09-16,746588,4,11
2024-09-16,746828,7,4
2024-09-16,747067,4,4
2024-09-17,744961,1,1
2024-09-17,745044,1,1
2024-09-17,745122,5,8
2024-09-17,745205,1,1
2024-09-17,745366,8,5
2024-09-17,745772,8,5
2024-09-17,745935,5,8
2024-09-17,746015,5,1
2024-09-17,746176,5,5
2024-09-17,746261,8,5
2024-09-17,746503,5,8
2024-09-17,746587,5,12
2024-09-17,746659,5,1
2024-09-17,746830,8,5
2024-09-17,746987,1,1
2024-09-18,744959,2,2
2024-09-18,745040,2,2
2024-09-18,745121,6,9
2024-09-18,745199,2,2
2024-09-18,745365,9,6
2024-09-18,745771,9,6
2024-09-18,745933,6,9
2024-09-18,746014,6,2
2024-09-18,746172,6,6
2024-09-18,746254,9,6
2024-09-18,746500,6,9
2024-09-18,746582,6,13
2024-09-18,746662,6,2
2024-09-18,746831,9,6
2024-09-18,746988,2,2
2024-09-19,744962,3,3
2024-09-19,745041,3,3
2024-09-19,745120,7,10
2024-09-19,745204,3,3
2024-09-19,745769,7,7
2024-09-19,745937,7,10
2024-09-19,746011,7,3
2024-09-19,746341,7,10
2024-09-19,746579,7,14
2024-09-19,746663,7,3
2024-09-19,746823,10,7
2024-09-19,746985,3,3
2024-09-20,744960,4,4
2024-09-20,745043,4,4
2024-09-20,745123,15,11
2024-09-20,745364,1,1
2024-09-20,745606,4,1
2024-09-20,745770,8,8
2024-09-20,745934,8,11
2024-09-20,746013,8,4
2024-09-20,746094,1,8
2024-09-20,746256,4,1
2024-09-20,746340,8,11
2024-09-20,746661,8,4
2024-09-20,746824,11,8
2024-09-20,746905,8,4
2024-09-20,746984,1,4
2024-09-21,744958,5,5
2024-09-21,745038,5,5
2024-09-21,745124,16,12
2024-09-21,745360,2,2
2024-09-21,745610,5,2
2024-09-21,745768,9,9
2024-09-21,745936,9,12
2024-09-21,746012,9,5
2024-09-21,746096,2,9
2024-09-21,746255,5,2
2024-09-21,746338,9,12
2024-09-21,746660,9,5
2024-09-21,746826,12,9
2024-09-21,746906,9,5
2024-09-21,746983,2,5
2024-09-22,744955,6,6
2024-09-22,745036,6,6
2024-09-22,745118,17,13
2024-09-22,745358,3,3
2024-09-22,745608,6,3
2024-09-22,745767,10,10
2024-09-22,745929,10,13
2024-09-22,746010,10,6
2024-09-22,746092,3,10
2024-09-22,746253,6,3
2024-09-22,746339,10,13
2024-09-22,746657,10,6
2024-09-22,746825,13,10
2024-09-22,746903,1,1
2024-09-22,746906,1,1
2024-09-22,746982,3,6
2024-09-23,744885,2,7
2024-09-23,745527,11,11
2024-09-23,746334,7,14
2024-09-23,747150,7,11
2024-09-24,744802,1,1
2024-09-24,744876,3,8
2024-09-24,745441,1,1
2024-09-24,745526,12,12
2024-09-24,745605,1,1
2024-09-24,745688,1,1
2024-09-24,745851,1,1
2024-09-24,746093,1,1
2024-09-24,746336,8,15
2024-09-24,746421,1,1
2024-09-24,746504,1,1
2024-09-24,746581,1,1
2024-09-24,746743,1,1
2024-09-24,747068,1,1
2024-09-24,747149,8,12
2024-09-25,744795,2,2
2024-09-25,744877,4,9
2024-09-25,745442,2,2
2024-09-25,745521,13,13
2024-09-25,745607,2,2
2024-09-25,745690,2,2
2024-09-25,745854,2,2
2024-09-25,746095,2,2
2024-09-25,746331,9,16
2024-09-25,746420,2,2
2024-09-25,746501,2,2
2024-09-25,746583,2,2
2024-09-25,746742,2,2
2024-09-25,747064,2,2
2024-09-25,747144,9,13
2024-09-26,744796,3,3
2024-09-26,745443,3,3
2024-09-26,745609,3,3
2024-09-26,745691,3,3
2024-09-26,745853,3,3
2024-09-26,746088,3,3
2024-09-26,746415,3,3
2024-09-26,746495,3,3
2024-09-26,746738,3,3
2024-09-26,747139,1,1
2024-09-27,744797,1,4
2024-09-27,744879,4,1
2024-09-27,745202,4,1
2024-09-27,745280,4,1
2024-09-27,745692,4,4
2024-09-27,745847,4,4
2024-09-27,745930,1,4
2024-09-27,746173,4,4
2024-09-27,746417,4,4
2024-09-27,746494,4,4
2024-09-27,746580,1,1
2024-09-27,746822,1,1
2024-09-27,746904,4,1
2024-09-27,747065,4,1
2024-09-27,747145,4,1
2024-09-28,744799,2,5
2024-09-28,744878,5,2
2024-09-28,745203,5,2
2024-09-28,745281,5,2
2024-09-28,745685,5,5
2024-09-28,745849,5,5
2024-09-28,745931,2,5
2024-09-28,746171,5,5
2024-09-28,746414,5,5
2024-09-28,746499,5,5
2024-09-28,746578,2,2
2024-09-28,746819,2,2
2024-09-28,746902,5,2
2024-09-28,747066,5,2
2024-09-28,747146,5,2
2024-09-29,744798,3,6
2024-09-29,744880,6,3
2024-09-29,745201,6,3
2024-09-29,745282,6,3
2024-09-29,745686,6,6
2024-09-29,745846,6,6
2024-09-29,745932,3,6
2024-09-29,746174,6,6
2024-09-29,746416,6,6
2024-09-29,746496,6,6
2024-09-29,746820,3,3
2024-09-29,746901,6,3
2024-09-29,747061,6,3
2024-09-29,747147,6,3
2024-09-30,747064,4,4
2024-09-30,747139,4,4
2025-04-01,778485,4,6
2025-04-01,778486,2,6
2025-04-01,778487,6,2
2025-04-01,778488,4,4
2025-04-01,778489,4,2
2025-04-01,778490,4,4
2025-04-01,778491,4,6
2025-04-01,778492,1,1
2025-04-01,778493,6,5
2025-04-01,778494,6,6
2025-04-01,778495,4,4
2025-04-01,778497,2,6
2025-04-01,778498,6,4
2025-04-02,778469,3,7
2025-04-02,778471,7,7
2025-04-02,778472,7,3
2025-04-02,778473,5,5
2025-04-02,778474,5,5
2025-04-02,778475,5,3
2025-04-02,778476,5,7
2025-04-02,778477,5,5
2025-04-02,778478,5,7
2025-04-02,778479,7,6
2025-04-02,778480,7,5
2025-04-02,778481,3,7
2025-04-02,778482,1,1
2025-04-02,778483,1,1
2025-04-02,778484,2,2
2025-04-03,778462,4,6
2025-04-03,778466,3,3
2025-04-03,778467,2,2
2025-04-03,778468,6,6
2025-04-03,778470,2,2
2025-04-04,778444,1,1
2025-04-04,778447,1,1
2025-04-04,778453,7,7
2025-04-04,778454,1,1
2025-04-04,778455,3,1
2025-04-04,778456,1,3
2025-04-04,778457,4,1
2025-04-04,778458,1,1
2025-04-04,778459,1,3
2025-04-04,778460,1,1
2025-04-04,778461,4,1
2025-04-04,778463,1,3
2025-04-04,778464,1,1
2025-04-04,778465,1,1
2025-04-05,778436,2,2
2025-04-05,778437,2,2
2025-04-05,778438,2,2
2025-04-05,778439,8,8
2025-04-05,778440,1,1
2025-04-05,778441,4,2
2025-04-05,778442,2,4
2025-04-05,778443,2,4
2025-04-05,778445,2,2
2025-04-05,778446,2,2
2025-04-05,778448,2,4
2025-04-05,778449,5,2
2025-04-05,778450,2,2
2025-04-05,778451,2,2
2025-04-05,778452,5,2
2025-04-06,778419,2,2
2025-04-06,778420,3,3
2025-04-06,778421,9,9
2025-04-06,778422,5,3
2025-04-06,778423,3,5
2025-04-06,778425,3,3
2025-04-06,778427,3,3
2025-04-06,778428,6,3
2025-04-06,778429,6,3
2025-04-06,778430,3,3
2025-04-06,778431,3,3
2025-04-06,778432,1,1
2025-04-06,778433,3,3
2025-04-06,778434,3,5
2025-04-06,778435,3,3
2025-04-06,778443,1,1
2025-04-07,778405,3,4
2025-04-07,778410,10,4
2025-04-07,778411,4,4
2025-04-07,778412,3,4
2025-04-07,778413,6,7
2025-04-07,778414,4,4
2025-04-07,778415,2,4
2025-04-07,778416,1,4
2025-04-07,778418,4,4
2025-04-07,778424,7,4
2025-04-07,778426,4,2
2025-04-08,778394,1,1
2025-04-08,778395,5,5
2025-04-08,778396,7,8
2025-04-08,778397,11,5
2025-04-08,778398,4,5
2025-04-08,778400,4,5
2025-04-08,778401,5,5
2025-04-08,778402,1,1
2025-04-08,778403,8,5
2025-04-08,778404,5,3
2025-04-08,778406,1,1
2025-04-08,778407,2,5
2025-04-08,778408,3,5
2025-04-08,778409,5,5
2025-04-08,778417,1,1
2025-04-09,778376,12,6
2025-04-09,778379,2,2
2025-04-09,778380,8,9
2025-04-09,778381,6,6
2025-04-09,778383,5,6
2025-04-09,778385,6,6
2025-04-09,778386,6,4
2025-04-09,778387,9,6
2025-04-09,778388,5,6
2025-04-09,778389,4,6
2025-04-09,778390,3,6
2025-04-09,778391,2,2
2025-04-09,778392,6,6
2025-04-09,778393,2,2
2025-04-09,778399,2,2
2025-04-10,778371,3,3
2025-04-10,778373,6,7
2025-04-10,778377,7,5
2025-04-10,778378,3,3
2025-04-10,778382,3,3
2025-04-10,778384,3,3
2025-04-11,778356,1,1
2025-04-11,778358,1,1
2025-04-11,778360,1,1
2025-04-11,778361,4,1
2025-04-11,778363,1,7
2025-04-11,778364,4,1
2025-04-11,778365,4,1
2025-04-11,778366,6,4
2025-04-11,778367,4,4
2025-04-11,778368,4,1
2025-04-11,778369,1,1
2025-04-11,778370,1,1
2025-04-11,778372,8,1
2025-04-11,778374,1,1
2025-04-11,778375,8,4
2025-04-12,778341,2,2
2025-04-12,778345,2,2
2025-04-12,778346,2,2
2025-04-12,778347,5,2
2025-04-12,778348,2,8
2025-04-12,778349,7,5
2025-04-12,778350,5,2
2025-04-12,778351,5,2
2025-04-12,778352,5,2
2025-04-12,778353,5,5
2025-04-12,778354,2,2
2025-04-12,778355,2,2
2025-04-12,778357,2,2
2025-04-12,778359,9,5
2025-04-12,778362,1,1
2025-04-13,778329,6,3
2025-04-13,778330,6,3
2025-04-13,778331,3,3
2025-04-13,778332,6,3
2025-04-13,778333,3,3
2025-04-13,778334,3,3
2025-04-13,778335,3,9
2025-04-13,778336,6,3
2025-04-13,778337,3,3
2025-04-13,778338,8,6
2025-04-13,778339,3,3
2025-04-13,778340,6,6
2025-04-13,778342,10,6
2025-04-13,778343,3,3
2025-04-13,778344,2,2
2025-04-14,778315,4,4
2025-04-14,778320,4,7
2025-04-14,778321,4,4
2025-04-14,778322,7,3
2025-04-14,778323,4,7
2025-04-14,778324,4,10
2025-04-14,778325,4,4
2025-04-14,778326,7,4
2025-04-14,778327,11,4
2025-04-14,778328,9,7
2025-04-15,778302,8,5
2025-04-15,778305,5,5
2025-04-15,778306,1,1
2025-04-15,778307,5,11
2025-04-15,778308,5,5
2025-04-15,778309,1,1
2025-04-15,778310,5,8
2025-04-15,778311,8,4
2025-04-15,778312,12,5
2025-04-15,778313,5,8
2025-04-15,778314,5,5
2025-04-15,778316,1,1
2025-04-15,778317,1,1
2025-04-15,778318,1,1
2025-04-15,778319,10,8
2025-04-16,778287,9,6
2025-04-16,778288,6,6
2025-04-16,778289,2,2
2025-04-16,778290,6,6
2025-04-16,778293,6,6
2025-04-16,778294,2,2
2025-04-16,778295,6,9
2025-04-16,778296,6,9
2025-04-16,778297,9,5
2025-04-16,778298,11,9
2025-04-16,778299,6,12
2025-04-16,778300,13,6
2025-04-16,778301,2,2
2025-04-16,778303,2,2
2025-04-16,778304,2,2
2025-04-17,778278,7,7
2025-04-17,778279,7,10
2025-04-17,778280,7,7
2025-04-17,778281,3,3
2025-04-17,778282,7,10
2025-04-17,778283,3,3
2025-04-17,778285,3,3
2025-04-17,778286,14,7
2025-04-17,778291,3,3
2025-04-17,778292,3,3
2025-04-18,778260,8,4
2025-04-18,778261,4,1
2025-04-18,778263,1,4
2025-04-18,778266,8,1
2025-04-18,778268,4,1
2025-04-18,778269,1,1
2025-04-18,778270,8,8
2025-04-18,778271,4,8
2025-04-18,778272,8,11
2025-04-18,778273,4,1
2025-04-18,778274,4,11
2025-04-18,778275,4,1
2025-04-18,778276,4,4
2025-04-18,778277,15,8
2025-04-18,778284,1,1
2025-04-19,778243,9,5
2025-04-19,778247,1,1
2025-04-19,778251,2,5
2025-04-19,778252,5,12
2025-04-19,778253,5,2
2025-04-19,778254,5,9
2025-04-19,778255,9,12
2025-04-19,778256,9,9
2025-04-19,778257,5,2
2025-04-19,778258,5,2
2025-04-19,778259,2,2
2025-04-19,778262,5,5
2025-04-19,778264,5,2
2025-04-19,778265,16,9
2025-04-19,778267,2,2
2025-04-20,778232,10,6
2025-04-20,778234,3,6
2025-04-20,778235,2,2
2025-04-20,778236,6,3
2025-04-20,778237,3,3
2025-04-20,778239,6,3
2025-04-20,778240,10,13
2025-04-20,778241,6,3
2025-04-20,778242,6,10
2025-04-20,778244,10,10
2025-04-20,778245,6,3
2025-04-20,778246,17,10
2025-04-20,778248,6,13
2025-04-20,778249,3,3
2025-04-20,778250,6,6
2025-04-20,778266,2,2
2025-04-21,778225,14,11
2025-04-21,778226,4,11
2025-04-21,778227,11,7
2025-04-21,778228,4,11
2025-04-21,778230,7,7
2025-04-21,778231,4,4
2025-04-21,778233,11,4
2025-04-21,778238,7,4
2025-04-22,778210,5,12
2025-04-22,778211,1,1
2025-04-22,778212,1,1
2025-04-22,778213,1,1
2025-04-22,778215,1,1
2025-04-22,778216,8,1
2025-04-22,778217,5,5
2025-04-22,778218,12,8
2025-04-22,778219,8,8
2025-04-22,778220,1,1
2025-04-22,778221,5,12
2025-04-22,778222,1,1
2025-04-22,778223,15,12
2025-04-22,778224,1,5
2025-04-22,778229,12,5
2025-04-23,778195,2,2
2025-04-23,778197,2,2
2025-04-23,778198,6,13
2025-04-23,778199,2,2
2025-04-23,778200,6,6
2025-04-23,778201,9,2
2025-04-23,778202,2,2
2025-04-23,778203,16,13
2025-04-23,778204,2,2
2025-04-23,778205,2,2
2025-04-23,778206,13,9
2025-04-23,778207,2,6
2025-04-23,778208,9,9
2025-04-23,778209,6,13
2025-04-23,778214,13,6
2025-04-24,778188,3,3
2025-04-24,778189,10,3
2025-04-24,778190,1,1
2025-04-24,778191,3,3
2025-04-24,778192,3,3
2025-04-24,778193,3,3
2025-04-24,778194,7,14
2025-04-24,778195,1,1
2025-04-24,778196,3,7
2025-04-25,778171,4,15
2025-04-25,778172,4,1
2025-04-25,778175,1,4
2025-04-25,778176,4,1
2025-04-25,778177,1,4
2025-04-25,778178,11,4
2025-04-25,778179,8,1
2025-04-25,778180,4,1
2025-04-25,778181,1,2
2025-04-25,778182,1,1
2025-04-25,778183,1,4
2025-04-25,778184,8,1
2025-04-25,778185,1,1
2025-04-25,778186,4,4
2025-04-25,778187,1,2
2025-04-26,778154,2,5
2025-04-26,778159,5,16
2025-04-26,778160,5,2
2025-04-26,778161,2,3
2025-04-26,778162,2,5
2025-04-26,778163,5,2
2025-04-26,778164,9,2
2025-04-26,778165,12,5
2025-04-26,778166,5,5
2025-04-26,778167,2,3
2025-04-26,778168,1,1
2025-04-26,778169,1,1
2025-04-26,778170,2,2
2025-04-26,778173,2,5
2025-04-26,778174,2,2
2025-04-26,778179,1,1
2025-04-26,778180,1,1
2025-04-27,778136,3,6
2025-04-27,778144,6,6
2025-04-27,778145,6,3
2025-04-27,778146,6,3
2025-04-27,778147,3,6
2025-04-27,778148,3,4
2025-04-27,778149,13,6
2025-04-27,778150,10,3
2025-04-27,778151,6,17
2025-04-27,778152,3,4
2025-04-27,778153,3,6
2025-04-27,778155,2,2
2025-04-27,778156,1,1
2025-04-27,778157,2,2
2025-04-27,778158,3,3
2025-04-27,778170,1,1
2025-04-28,778132,4,4
2025-04-28,778137,4,5
2025-04-28,778138,4,7
2025-04-28,778139,7,3
2025-04-28,778140,2,3
2025-04-28,778141,4,4
2025-04-28,778142,3,4
2025-04-28,778143,7,7
2025-04-29,778120,5,6
2025-04-29,778121,1,1
2025-04-29,778122,8,8
2025-04-29,778124,4,5
2025-04-29,778125,1,1
2025-04-29,778126,1,1
2025-04-29,778127,1,1
2025-04-29,778128,1,1
2025-04-29,778129,8,4
2025-04-29,778130,1,5
2025-04-29,778131,8,1
2025-04-29,778133,3,4
2025-04-29,778134,5,5
2025-04-29,778135,1,1
2025-04-30,778102,6,7
2025-04-30,778104,2,2
2025-04-30,778105,2,2
2025-04-30,778106,9,9
2025-04-30,778109,6,6
2025-04-30,778110,5,6
2025-04-30,778111,2,2
2025-04-30,778112,2,2
2025-04-30,778113,2,2
2025-04-30,778114,2,2
2025-04-30,778115,4,5
2025-04-30,778116,9,5
2025-04-30,778117,2,6
2025-04-30,778118,9,2
2025-04-30,778119,1,1
2025-04-30,778134,1,1
2025-05-01,778094,3,3
2025-05-01,778095,3,3
2025-05-01,778096,10,10
2025-05-01,778097,3,3
2025-05-01,778098,8,3
2025-05-01,778099,10,3
2025-05-01,778100,3,3
2025-05-01,778101,6,3
2025-05-01,778103,3,7
2025-05-01,778107,2,2
2025-05-01,778108,10,6
2025-05-02,778079,1,4
2025-05-02,778080,4,4
2025-05-02,778081,7,4
2025-05-02,778082,9,4
2025-05-02,778083,1,11
2025-05-02,778084,8,3
2025-05-02,778085,7,4
2025-05-02,778086,4,4
2025-05-02,778087,11,3
2025-05-02,778088,4,1
2025-05-02,778089,11,4
2025-05-02,778090,1,4
2025-05-02,778091,11,1
2025-05-02,778092,1,1
2025-05-02,778093,4,1
2025-05-03,778064,8,5
2025-05-03,778065,2,5
2025-05-03,778066,2,5
2025-05-03,778067,8,5
2025-05-03,778068,9,4
2025-05-03,778069,10,5
2025-05-03,778070,2,12
2025-05-03,778071,5,5
2025-05-03,778072,5,2
2025-05-03,778073,12,5
2025-05-03,778074,5,2
2025-05-03,778075,12,2
2025-05-03,778076,2,2
2025-05-03,778077,12,4
2025-05-03,778078,5,5
2025-05-04,778048,11,6
2025-05-04,778050,9,6
2025-05-04,778051,3,6
2025-05-04,778052,3,13
2025-05-04,778053,1,1
2025-05-04,778054,6,6
2025-05-04,778055,3,6
2025-05-04,778056,9,6
2025-05-04,778057,6,3
2025-05-04,778058,13,5
2025-05-04,778059,6,6
2025-05-04,778060,3,3
2025-05-04,778061,13,3
2025-05-04,778062,6,3
2025-05-04,778063,13,6
2025-05-04,778068,1,1
2025-05-05,778036,7,2
2025-05-05,778038,4,14
2025-05-05,778039,2,7
2025-05-05,778042,4,7
2025-05-05,778043,7,7
2025-05-05,778044,7,7
2025-05-05,778045,4,4
2025-05-05,778046,10,14
2025-05-05,778047,4,4
2025-05-05,778049,6,4
2025-05-06,778024,5,15
2025-05-06,778025,1,1
2025-05-06,778026,1,1
2025-05-06,778027,8,8
2025-05-06,778028,1,1
2025-05-06,778029,1,1
2025-05-06,778030,8,3
2025-05-06,778031,5,8
2025-05-06,778032,3,8
2025-05-06,778033,8,8
2025-05-06,778034,7,5
2025-05-06,778035,5,5
2025-05-06,778037,1,1
2025-05-06,778040,1,1
2025-05-06,778041,5,5
2025-05-06,778046,1,1
2025-05-07,778009,2,2
2025-05-07,778010,6,16
2025-05-07,778011,2,2
2025-05-07,778012,9,9
2025-05-07,778013,1,1
2025-05-07,778014,4,9
2025-05-07,778015,6,9
2025-05-07,778016,9,4
2025-05-07,778017,6,6
2025-05-07,778018,2,2
2025-05-07,778019,6,6
2025-05-07,778020,9,9
2025-05-07,778021,2,2
2025-05-07,778022,2,2
2025-05-07,778023,8,6
2025-05-08,777999,7,10
2025-05-08,778000,3,3
2025-05-08,778003,9,7
2025-05-08,778004,2,2
2025-05-08,778005,3,3
2025-05-08,778006,3,3
2025-05-08,778007,3,3
2025-05-08,778008,10,10
2025-05-08,778029,2,2
2025-05-09,777984,4,1
2025-05-09,777986,4,4
2025-05-09,777988,8,11
2025-05-09,777989,10,1
2025-05-09,777990,4,11
2025-05-09,777991,1,11
2025-05-09,777992,1,4
2025-05-09,777993,1,3
2025-05-09,777994,1,1
2025-05-09,777995,1,1
2025-05-09,777996,4,3
2025-05-09,777997,4,1
2025-05-09,777998,8,1
2025-05-09,778001,1,1
2025-05-09,778002,1,4
2025-05-10,777970,5,2
2025-05-10,777972,2,2
2025-05-10,777973,5,5
2025-05-10,777974,2,5
2025-05-10,777975,9,12
2025-05-10,777976,2,4
2025-05-10,777977,5,12
2025-05-10,777978,2,12
2025-05-10,777979,11,2
2025-05-10,777980,2,2
2025-05-10,777981,2,5
2025-05-10,777982,2,2
2025-05-10,777983,5,2
2025-05-10,777985,9,2
2025-05-10,777987,5,4
2025-05-11,777954,10,13
2025-05-11,777955,3,5
2025-05-11,777956,3,6
2025-05-11,777957,3,3
2025-05-11,777958,6,3
2025-05-11,777961,6,6
2025-05-11,777962,3,3
2025-05-11,777963,12,3
2025-05-11,777964,3,6
2025-05-11,777965,6,13
2025-05-11,777966,3,13
2025-05-11,777967,10,3
2025-05-11,777968,3,3
2025-05-11,777969,6,5
2025-05-11,777971,6,3
2025-05-12,777939,14,4
2025-05-12,777941,4,4
2025-05-12,777947,7,4
2025-05-12,777948,14,4
2025-05-12,777949,6,7
2025-05-12,777950,4,4
2025-05-12,777951,7,6
2025-05-12,777952,4,4
2025-05-12,777953,4,7
2025-05-12,777959,4,11
2025-05-12,777960,4,4
2025-05-13,777926,5,5
2025-05-13,777930,15,5
2025-05-13,777931,15,5
2025-05-13,777932,8,5
2025-05-13,777933,5,8
2025-05-13,777934,7,8
2025-05-13,777935,1,1
2025-05-13,777936,5,5
2025-05-13,777937,1,1
2025-05-13,777938,1,1
2025-05-13,777940,8,7
2025-05-13,777942,5,12
2025-05-13,777943,5,5
2025-05-13,777944,5,5
2025-05-13,777945,1,1
2025-05-14,777914,9,6
2025-05-14,777915,6,6
2025-05-14,777916,16,6
2025-05-14,777917,2,2
2025-05-14,777918,8,9
2025-05-14,777919,6,6
2025-05-14,777920,16,6
2025-05-14,777921,6,6
2025-05-14,777922,1,1
2025-05-14,777923,2,2
2025-05-14,777924,1,1
2025-05-14,777925,6,6
2025-05-14,777927,9,8
2025-05-14,777928,2,2
2025-05-14,777929,6,13
2025-05-14,777933,1,1
2025-05-14,777938,1,1
2025-05-15,777909,7,14
2025-05-15,777910,7,10
2025-05-15,777911,2,2
2025-05-15,777912,3,3
2025-05-15,777913,3,3
2025-05-15,777946,3,3
2025-05-16,777891,4,1
2025-05-16,777895,8,11
2025-05-16,777896,1,1
2025-05-16,777897,1,1
2025-05-16,777898,3,1
2025-05-16,777899,1,4
2025-05-16,777900,4,1
2025-05-16,777901,1,1
2025-05-16,777902,1,4
2025-05-16,777903,4,1
2025-05-16,777904,1,1
2025-05-16,777905,1,1
2025-05-16,777906,1,4
2025-05-16,777907,8,3
2025-05-16,777908,15,1
2025-05-17,777875,2,2
2025-05-17,777879,5,2
2025-05-17,777881,5,2
2025-05-17,777882,9,12
2025-05-17,777883,4,2
2025-05-17,777884,2,5
2025-05-17,777885,2,2
2025-05-17,777886,2,5
2025-05-17,777887,2,2
2025-05-17,777888,2,2
2025-05-17,777889,5,2
2025-05-17,777890,9,4
2025-05-17,777892,2,5
2025-05-17,777893,16,2
2025-05-17,777894,2,2
2025-05-18,777864,3,3
2025-05-18,777865,5,3
2025-05-18,777866,3,6
2025-05-18,777867,6,3
2025-05-18,777868,3,3
2025-05-18,777869,10,13
2025-05-18,777870,3,3
2025-05-18,777871,3,6
2025-05-18,777872,6,3
2025-05-18,777873,10,5
2025-05-18,777874,3,6
2025-05-18,777876,17,3
2025-05-18,777877,6,3
2025-05-18,777878,3,3
2025-05-18,777880,3,3
2025-05-19,777852,4,4
2025-05-19,777853,4,7
2025-05-19,777854,4,7
2025-05-19,777855,4,4
2025-05-19,777856,4,4
2025-05-19,777857,4,7
2025-05-19,777858,11,7
2025-05-19,777859,7,4
2025-05-19,777860,6,4
2025-05-19,777862,4,4
2025-05-19,777863,4,4
2025-05-20,777836,5,5
2025-05-20,777838,5,8
2025-05-20,777839,1,1
2025-05-20,777840,5,5
2025-05-20,777841,1,1
2025-05-20,777842,5,5
2025-05-20,777843,5,8
2025-05-20,777844,7,5
2025-05-20,777845,1,1
2025-05-20,777846,5,8
2025-05-20,777847,8,5
2025-05-20,777848,12,8
2025-05-20,777849,1,1
2025-05-20,777850,5,5
2025-05-20,777851,5,5
2025-05-21,777819,6,6
2025-05-21,777823,6,6
2025-05-21,777824,6,9
2025-05-21,777825,2,2
2025-05-21,777826,8,6
2025-05-21,777827,6,6
2025-05-21,777828,6,9
2025-05-21,777829,1,1
2025-05-21,777830,6,9
2025-05-21,777831,6,6
2025-05-21,777832,13,9
2025-05-21,777833,6,6
2025-05-21,777834,9,6
2025-05-21,777835,2,2
2025-05-21,777837,2,2
2025-05-22,777812,7,10
2025-05-22,777814,7,7
2025-05-22,777815,9,7
2025-05-22,777816,3,3
2025-05-22,777817,7,7
2025-05-22,777818,3,3
2025-05-22,777820,1,1
2025-05-22,777821,2,7
2025-05-22,777822,7,14
2025-05-23,777797,1,1
2025-05-23,777798,1,8
2025-05-23,777799,1,1
2025-05-23,777800,8,15
2025-05-23,777801,1,2
2025-05-23,777802,4,8
2025-05-23,777804,8,11
2025-05-23,777805,4,1
2025-05-23,777806,8,8
2025-05-23,777807,3,8
2025-05-23,777808,1,1
2025-05-23,777810,4,1
2025-05-23,777811,1,1
2025-05-23,777813,4,2
2025-05-23,777815,1,1
2025-05-24,777781,2,9
2025-05-24,777782,5,9
2025-05-24,777784,9,12
2025-05-24,777786,2,2
2025-05-24,777787,9,16
2025-05-24,777788,2,2
2025-05-24,777789,2,2
2025-05-24,777790,2,2
2025-05-24,777791,2,2
2025-05-24,777792,5,2
2025-05-24,777793,2,3
2025-05-24,777794,9,9
2025-05-24,777795,5,2
2025-05-24,777796,4,9
2025-05-24,777803,5,3
2025-05-24,777809,2,2
2025-05-25,777765,10,13
2025-05-25,777766,3,3
2025-05-25,777767,3,10
2025-05-25,777768,6,10
2025-05-25,777772,3,3
2025-05-25,777773,3,3
2025-05-25,777774,10,17
2025-05-25,777775,6,3
2025-05-25,777776,10,10
2025-05-25,777777,6,3
2025-05-25,777778,3,4
2025-05-25,777779,3,3
2025-05-25,777780,5,10
2025-05-25,777783,6,4
2025-05-25,777785,3,3
2025-05-26,777756,4,7
2025-05-26,777757,11,4
2025-05-26,777758,4,4
2025-05-26,777759,7,7
2025-05-26,777760,4,4
2025-05-26,777761,11,4
2025-05-26,777762,4,4
2025-05-26,777763,7,11
2025-05-26,777764,4,11
2025-05-26,777769,4,6
2025-05-26,777770,4,11
2025-05-26,777771,4,4
2025-05-27,777741,8,8
2025-05-27,777742,5,8
2025-05-27,777743,1,1
2025-05-27,777744,12,5
2025-05-27,777745,8,12
2025-05-27,777746,5,5
2025-05-27,777747,5,12
2025-05-27,777748,1,1
2025-05-27,777749,5,5
2025-05-27,777750,5,5
2025-05-27,777751,12,5
2025-05-27,777752,1,1
2025-05-27,777753,5,7
2025-05-27,777754,5,5
2025-05-27,777755,5,12
2025-05-28,777724,9,9
2025-05-28,777726,6,9
2025-05-28,777728,9,13
2025-05-28,777729,13,6
2025-05-28,777730,2,2
2025-05-28,777731,13,6
2025-05-28,777732,6,6
2025-05-28,777733,6,6
2025-05-28,777734,2,2
2025-05-28,777735,2,2
2025-05-28,777736,6,13
2025-05-28,777737,6,6
2025-05-28,777738,6,13
2025-05-28,777739,6,8
2025-05-28,777740,6,6
2025-05-29,777722,3,3
2025-05-29,777723,1,1
2025-05-29,777725,7,3
2025-05-29,777727,3,10
2025-05-29,777735,1,1
2025-05-30,777707,1,1
2025-05-30,777708,1,1
2025-05-30,777709,1,1
2025-05-30,777710,4,1
2025-05-30,777711,1,1
2025-05-30,777712,1,1
2025-05-30,777713,1,4
2025-05-30,777714,8,4
2025-05-30,777715,1,2
2025-05-30,777716,4,11
2025-05-30,777717,1,1
2025-05-30,777718,1,1
2025-05-30,777719,1,2
2025-05-30,777720,1,1
2025-05-30,777721,1,1
2025-05-31,777691,2,2
2025-05-31,777693,9,5
2025-05-31,777694,2,2
2025-05-31,777695,2,5
2025-05-31,777696,5,2
2025-05-31,777697,2,2
2025-05-31,777698,2,2
2025-05-31,777699,2,2
2025-05-31,777700,2,2
2025-05-31,777701,5,12
2025-05-31,777702,2,3
2025-05-31,777703,2,2
2025-05-31,777704,2,2
2025-05-31,777705,2,2
2025-05-31,777706,2,3
2025-06-01,777677,3,3
2025-06-01,777678,3,3
2025-06-01,777679,6,3
2025-06-01,777680,3,6
2025-06-01,777681,3,3
2025-06-01,777682,3,3
2025-06-01,777683,3,3
2025-06-01,777684,3,3
2025-06-01,777685,6,13
2025-06-01,777686,3,3
2025-06-01,777687,3,3
2025-06-01,777688,3,4
2025-06-01,777689,3,3
2025-06-01,777690,10,6
2025-06-01,777692,3,4
2025-06-02,777669,4,7
2025-06-02,777670,4,4
2025-06-02,777671,4,4
2025-06-02,777673,4,4
2025-06-02,777674,4,4
2025-06-02,777675,4,4
2025-06-02,777676,4,4
2025-06-03,777655,1,1
2025-06-03,777656,5,5
2025-06-03,777657,5,5
2025-06-03,777658,5,8
2025-06-03,777659,1,1
2025-06-03,777660,1,1
2025-06-03,777661,5,5
2025-06-03,777662,1,1
2025-06-03,777663,1,1
2025-06-03,777664,1,1
2025-06-03,777665,1,1
2025-06-03,777666,5,5
2025-06-03,777667,5,5
2025-06-03,777668,5,5
2025-06-03,777672,1,1
2025-06-04,777638,6,6
2025-06-04,777639,6,6
2025-06-04,777641,6,6
2025-06-04,777642,2,2
2025-06-04,777645,2,2
2025-06-04,777646,2,2
2025-06-04,777647,6,6
2025-06-04,777648,2,2
2025-06-04,777649,6,6
2025-06-04,777650,2,2
2025-06-04,777651,2,2
2025-06-04,777652,6,6
2025-06-04,777653,2,2
2025-06-04,777654,2,2
2025-06-05,777628,3,3
2025-06-05,777629,3,3
2025-06-05,777630,3,3
2025-06-05,777631,7,7
2025-06-05,777632,3,3
2025-06-05,777633,7,7
2025-06-05,777634,7,7
2025-06-05,777635,1,1
2025-06-05,777636,7,10
2025-06-05,777637,3,3
2025-06-05,777640,3,3
2025-06-05,777642,1,1
2025-06-05,777644,3,3
2025-06-06,777613,4,11
2025-06-06,777614,4,1
2025-06-06,777615,4,8
2025-06-06,777616,8,1
2025-06-06,777617,8,1
2025-06-06,777618,2,8
2025-06-06,777619,4,8
2025-06-06,777620,8,2
2025-06-06,777621,4,4
2025-06-06,777622,4,4
2025-06-06,777623,4,1
2025-06-06,777624,4,4
2025-06-06,777625,1,4
2025-06-06,777626,4,8
2025-06-06,777627,1,4
2025-06-07,777597,9,2
2025-06-07,777598,5,9
2025-06-07,777599,5,12
2025-06-07,777600,5,9
2025-06-07,777601,9,3
2025-06-07,777603,5,2
2025-06-07,777604,9,2
2025-06-07,777605,2,5
2025-06-07,777606,3,9
2025-06-07,777607,5,5
2025-06-07,777608,5,5
2025-06-07,777609,5,9
2025-06-07,777610,5,5
2025-06-07,777611,2,5
2025-06-07,777612,1,1
2025-06-07,777623,1,1
2025-06-08,777582,10,4
2025-06-08,777583,10,3
2025-06-08,777585,6,10
2025-06-08,777586,10,3
2025-06-08,777587,6,10
2025-06-08,777588,6,13
2025-06-08,777589,6,3
2025-06-08,777590,4,10
2025-06-08,777591,6,6
2025-06-08,777592,3,6
2025-06-08,777593,3,6
2025-06-08,777594,6,10
2025-06-08,777595,6,6
2025-06-08,777596,6,6
2025-06-08,777602,2,2
2025-06-09,777574,4,7
2025-06-09,777575,7,4
2025-06-09,777576,14,4
2025-06-09,777577,7,3
2025-06-09,777578,7,7
2025-06-09,777579,11,11
2025-06-09,777580,3,7
2025-06-09,777581,7,5
2025-06-09,777584,7,4
2025-06-10,777557,1,1
2025-06-10,777558,8,6
2025-06-10,777559,8,4
2025-06-10,777560,12,12
2025-06-10,777563,1,1
2025-06-10,777564,15,5
2025-06-10,777565,8,5
2025-06-10,777566,5,8
2025-06-10,777567,1,1
2025-06-10,777568,8,5
2025-06-10,777569,4,8
2025-06-10,777570,1,1
2025-06-10,777571,8,8
2025-06-10,777572,1,1
2025-06-10,777573,1,1
2025-06-11,777542,16,6
2025-06-11,777543,13,13
2025-06-11,777545,9,7
2025-06-11,777547,2,2
2025-06-11,777548,9,5
2025-06-11,777549,5,9
2025-06-11,777550,2,2
2025-06-11,777551,2,2
2025-06-11,777552,6,9
2025-06-11,777553,9,9
2025-06-11,777554,9,6
2025-06-11,777555,2,2
2025-06-11,777556,2,2
2025-06-11,777561,9,6
2025-06-11,777562,2,2
2025-06-12,777532,8,7
2025-06-12,777533,3,3
2025-06-12,777534,3,3
2025-06-12,777536,3,3
2025-06-12,777540,3,3
2025-06-12,777541,10,10
2025-06-12,777544,3,3
2025-06-12,777546,3,3
2025-06-13,777520,1,1
2025-06-13,777521,1,1
2025-06-13,777522,4,1
2025-06-13,777524,4,4
2025-06-13,777525,9,8
2025-06-13,777526,11,11
2025-06-13,777527,4,4
2025-06-13,777528,1,4
2025-06-13,777529,1,4
2025-06-13,777530,1,4
2025-06-13,777531,1,1
2025-06-13,777535,4,1
2025-06-13,777537,4,1
2025-06-13,777538,1,4
2025-06-13,777539,1,4
2025-06-14,777506,5,2
2025-06-14,777507,2,2
2025-06-14,777508,5,5
2025-06-14,777509,2,2
2025-06-14,777510,5,5
2025-06-14,777511,2,5
2025-06-14,777512,10,9
2025-06-14,777513,12,12
2025-06-14,777514,2,5
2025-06-14,777515,2,2
2025-06-14,777516,5,2
2025-06-14,777517,2,5
2025-06-14,777518,2,5
2025-06-14,777519,2,5
2025-06-14,777523,5,2
2025-06-15,777491,3,3
2025-06-15,777492,11,10
2025-06-15,777493,6,6
2025-06-15,777494,6,6
2025-06-15,777495,3,3
2025-06-15,777496,3,6
2025-06-15,777497,13,13
2025-06-15,777498,6,3
2025-06-15,777499,3,3
2025-06-15,777500,6,3
2025-06-15,777501,3,6
2025-06-15,777502,3,6
2025-06-15,777503,3,6
2025-06-15,777504,6,3
2025-06-15,777505,3,6
2025-06-16,777483,4,4
2025-06-16,777484,7,4
2025-06-16,777485,7,4
2025-06-16,777486,4,4
2025-06-16,777487,4,7
2025-06-16,777488,7,7
2025-06-16,777490,4,4
2025-06-17,777467,1,1
2025-06-17,777468,1,1
2025-06-17,777469,8,5
2025-06-17,777471,5,5
2025-06-17,777472,1,1
2025-06-17,777473,5,5
2025-06-17,777475,1,1
2025-06-17,777476,5,8
2025-06-17,777477,8,5
2025-06-17,777478,1,1
2025-06-17,777479,1,1
2025-06-17,777480,8,8
2025-06-17,777481,5,5
2025-06-17,777482,1,1
2025-06-17,777489,1,1
2025-06-18,777453,6,6
2025-06-18,777454,2,2
2025-06-18,777456,9,6
2025-06-18,777457,6,6
2025-06-18,777458,2,2
2025-06-18,777459,2,2
2025-06-18,777460,2,2
2025-06-18,777461,9,9
2025-06-18,777462,2,2
2025-06-18,777463,9,6
2025-06-18,777464,2,2
2025-06-18,777465,6,6
2025-06-18,777466,6,9
2025-06-18,777470,2,2
2025-06-18,777474,2,2
2025-06-19,777440,3,3
2025-06-19,777441,10,7
2025-06-19,777442,7,7
2025-06-19,777443,3,3
2025-06-19,777444,7,7
2025-06-19,777445,10,10
2025-06-19,777446,10,7
2025-06-19,777447,1,1
2025-06-19,777448,3,3
2025-06-19,777449,7,10
2025-06-19,777450,1,1
2025-06-19,777451,1,1
2025-06-19,777452,3,3
2025-06-19,777455,3,3
2025-06-19,777458,1,1
2025-06-19,777464,1,1
2025-06-20,777425,1,4
2025-06-20,777426,4,8
2025-06-20,777427,11,8
2025-06-20,777428,11,8
2025-06-20,777429,4,8
2025-06-20,777430,4,11
2025-06-20,777431,2,8
2025-06-20,777432,4,2
2025-06-20,777433,4,2
2025-06-20,777434,2,4
2025-06-20,777435,2,4
2025-06-20,777436,1,2
2025-06-20,777437,4,8
2025-06-20,777438,11,11
2025-06-20,777439,4,8
2025-06-21,777410,5,12
2025-06-21,777411,5,9
2025-06-21,777412,3,5
2025-06-21,777413,5,9
2025-06-21,777414,12,9
2025-06-21,777415,5,3
2025-06-21,777416,12,9
2025-06-21,777417,2,5
2025-06-21,777418,3,5
2025-06-21,777419,2,3
2025-06-21,777420,3,9
2025-06-21,777421,5,3
2025-06-21,777422,12,12
2025-06-21,777423,5,9
2025-06-21,777424,5,9
2025-06-22,777395,3,6
2025-06-22,777396,6,10
2025-06-22,777397,13,10
2025-06-22,777398,13,10
2025-06-22,777399,6,13
2025-06-22,777400,6,10
2025-06-22,777401,4,6
2025-06-22,777402,6,10
2025-06-22,777403,3,4
2025-06-22,777404,6,4
2025-06-22,777405,6,10
2025-06-22,777406,13,13
2025-06-22,777407,6,4
2025-06-22,777408,4,6
2025-06-22,777409,4,10
2025-06-23,777381,4,11
2025-06-23,777382,14,11
2025-06-23,777388,4,7
2025-06-23,777389,7,7
2025-06-23,777390,14,7
2025-06-23,777391,5,5
2025-06-23,777392,5,5
2025-06-23,777393,7,5
2025-06-23,777394,7,14
2025-06-24,777364,1,1
2025-06-24,777372,15,12
2025-06-24,777373,6,6
2025-06-24,777374,6,6
2025-06-24,777375,5,8
2025-06-24,777376,5,12
2025-06-24,777377,1,1
2025-06-24,777378,1,1
2025-06-24,777379,1,1
2025-06-24,777380,8,15
2025-06-24,777383,8,6
2025-06-24,777384,1,1
2025-06-24,777385,15,8
2025-06-24,777386,1,1
2025-06-24,777387,8,8
2025-06-25,777355,2,2
2025-06-25,777357,7,7
2025-06-25,777358,2,2
2025-06-25,777359,2,2
2025-06-25,777360,16,13
2025-06-25,777361,7,7
2025-06-25,777362,6,13
2025-06-25,777363,6,9
2025-06-25,777365,9,16
2025-06-25,777366,2,2
2025-06-25,777367,16,9
2025-06-25,777368,2,2
2025-06-25,777369,9,9
2025-06-25,777370,9,7
2025-06-25,777371,2,2
2025-06-26,777344,3,3
2025-06-26,777347,3,3
2025-06-26,777348,8,8
2025-06-26,777350,3,3
2025-06-26,777351,3,3
2025-06-26,777352,10,10
2025-06-26,777353,3,3
2025-06-26,777354,3,3
2025-06-26,777356,7,10
2025-06-27,777331,1,1
2025-06-27,777332,4,1
2025-06-27,777334,11,4
2025-06-27,777335,4,4
2025-06-27,777336,9,4
2025-06-27,777337,4,1
2025-06-27,777338,4,1
2025-06-27,777339,4,1
2025-06-27,777340,8,1
2025-06-27,777341,11,1
2025-06-27,777342,4,11
2025-06-27,777343,4,1
2025-06-27,777345,4,1
2025-06-27,777346,1,1
2025-06-27,777349,9,4
2025-06-28,777315,2,2
2025-06-28,777318,5,2
2025-06-28,777319,5,5
2025-06-28,777320,10,5
2025-06-28,777321,5,2
2025-06-28,777322,9,2
2025-06-28,777323,5,2
2025-06-28,777324,12,5
2025-06-28,777325,12,2
2025-06-28,777326,5,2
2025-06-28,777327,5,2
2025-06-28,777328,2,2
2025-06-28,777329,10,5
2025-06-28,777330,5,2
2025-06-28,777333,5,12
2025-06-29,777301,6,3
2025-06-29,777302,10,3
2025-06-29,777303,6,3
2025-06-29,777304,6,6
2025-06-29,777305,3,3
2025-06-29,777307,6,3
2025-06-29,777308,11,6
2025-06-29,777309,11,6
2025-06-29,777310,6,3
2025-06-29,777311,6,3
2025-06-29,777312,3,3
2025-06-29,777313,13,3
2025-06-29,777314,13,6
2025-06-29,777316,6,13
2025-06-29,777317,6,3
2025-06-30,777291,7,4
2025-06-30,777292,4,4
2025-06-30,777295,4,7
2025-06-30,777296,7,7
2025-06-30,777297,7,11
2025-06-30,777299,12,4
2025-06-30,777300,4,4
2025-06-30,777306,4,7
2025-07-01,777278,8,5
2025-07-01,777280,1,1
2025-07-01,777281,8,12
2025-07-01,777282,5,5
2025-07-01,777283,5,8
2025-07-01,777284,1,1
2025-07-01,777285,1,1
2025-07-01,777286,8,8
2025-07-01,777287,1,1
2025-07-01,777288,13,5
2025-07-01,777289,1,1
2025-07-01,777290,5,8
2025-07-01,777293,1,1
2025-07-01,777294,5,5
2025-07-01,777298,1,1
2025-07-02,777262,9,13
2025-07-02,777265,1,1
2025-07-02,777266,2,2
2025-07-02,777267,2,2
2025-07-02,777268,6,6
2025-07-02,777269,2,2
2025-07-02,777270,9,6
2025-07-02,777271,9,9
2025-07-02,777272,14,6
2025-07-02,777273,1,1
2025-07-02,777274,6,9
2025-07-02,777275,2,2
2025-07-02,777276,1,1
2025-07-02,777277,1,1
2025-07-02,777279,2,2
2025-07-02,777284,1,1
2025-07-02,777289,1,1
2025-07-02,777290,1,1
2025-07-02,777294,1,1
2025-07-03,777251,10,14
2025-07-03,777253,3,3
2025-07-03,777256,10,7
2025-07-03,777257,2,2
2025-07-03,777258,2,2
2025-07-03,777259,3,3
2025-07-03,777260,7,10
2025-07-03,777261,3,3
2025-07-03,777263,3,3
2025-07-03,777264,3,3
2025-07-04,777235,4,4
2025-07-04,777236,1,15
2025-07-04,777239,1,1
2025-07-04,777242,4,11
2025-07-04,777243,4,4
2025-07-04,777244,11,1
2025-07-04,777245,1,3
2025-07-04,777246,1,4
2025-07-04,777247,1,4
2025-07-04,777248,11,8
2025-07-04,777249,3,4
2025-07-04,777250,8,3
2025-07-04,777252,1,4
2025-07-04,777254,3,4
2025-07-04,777255,1,1
2025-07-05,777221,5,5
2025-07-05,777223,2,2
2025-07-05,777225,2,16
2025-07-05,777227,12,2
2025-07-05,777228,2,4
2025-07-05,777229,2,5
2025-07-05,777230,2,5
2025-07-05,777231,5,12
2025-07-05,777232,5,5
2025-07-05,777233,2,2
2025-07-05,777234,12,9
2025-07-05,777237,2,5
2025-07-05,777238,4,5
2025-07-05,777240,4,5
2025-07-05,777241,9,4
2025-07-06,777205,3,17
2025-07-06,777206,6,6
2025-07-06,777207,3,3
2025-07-06,777210,13,3
2025-07-06,777213,3,5
2025-07-06,777214,6,13
2025-07-06,777215,6,6
2025-07-06,777216,10,5
2025-07-06,777217,3,3
2025-07-06,777218,13,10
2025-07-06,777219,3,6
2025-07-06,777220,3,6
2025-07-06,777222,3,6
2025-07-06,777224,5,6
2025-07-06,777226,5,6
2025-07-07,777199,4,14
2025-07-07,777200,4,7
2025-07-07,777201,7,6
2025-07-07,777202,7,7
2025-07-07,777203,11,4
2025-07-07,777204,4,14
2025-07-07,777208,7,4
2025-07-07,777209,7,4
2025-07-07,777211,4,6
2025-07-07,777212,14,7
2025-07-08,777180,5,8
2025-07-08,777185,12,5
2025-07-08,777186,5,15
2025-07-08,777187,1,1
2025-07-08,777188,15,8
2025-07-08,777189,1,1
2025-07-08,777190,1,1
2025-07-08,777191,1,1
2025-07-08,777192,8,8
2025-07-08,777193,8,7
2025-07-08,777194,5,15
2025-07-08,777195,5,7
2025-07-08,777196,8,5
2025-07-08,777197,8,5
2025-07-08,777198,1,1
2025-07-09,777162,13,6
2025-07-09,777163,6,16
2025-07-09,777171,6,9
2025-07-09,777172,16,9
2025-07-09,777173,2,2
2025-07-09,777174,9,9
2025-07-09,777175,9,8
2025-07-09,777176,2,2
2025-07-09,777177,6,16
2025-07-09,777178,2,2
2025-07-09,777179,9,6
2025-07-09,777181,2,2
2025-07-09,777182,6,8
2025-07-09,777183,9,6
2025-07-09,777184,2,2
2025-07-10,777156,3,3
2025-07-10,777158,14,7
2025-07-10,777159,7,10
2025-07-10,777164,10,10
2025-07-10,777165,1,1
2025-07-10,777166,3,3
2025-07-10,777167,3,3
2025-07-10,777168,10,7
2025-07-10,777169,3,3
2025-07-10,777170,7,7
2025-07-10,777181,1,1
2025-07-11,777139,1,8
2025-07-11,777143,1,1
2025-07-11,777146,1,1
2025-07-11,777147,4,4
2025-07-11,777148,1,4
2025-07-11,777149,4,1
2025-07-11,777150,15,11
2025-07-11,777151,2,1
2025-07-11,777152,1,4
2025-07-11,777153,4,4
2025-07-11,777154,8,1
2025-07-11,777155,8,8
2025-07-11,777157,11,2
2025-07-11,777160,1,8
2025-07-11,777161,4,1
2025-07-11,777164,1,1
2025-07-12,777126,2,9
2025-07-12,777127,2,2
2025-07-12,777131,16,12
2025-07-12,777132,2,5
2025-07-12,777134,2,5
2025-07-12,777135,5,2
2025-07-12,777136,3,2
2025-07-12,777137,9,2
2025-07-12,777138,2,2
2025-07-12,777140,2,9
2025-07-12,777141,12,3
2025-07-12,777142,5,5
2025-07-12,777144,9,9
2025-07-12,777145,5,2
2025-07-13,777113,3,6
2025-07-13,777115,17,13
2025-07-13,777116,3,6
2025-07-13,777117,3,10
2025-07-13,777118,6,6
2025-07-13,777119,3,3
2025-07-13,777120,3,3
2025-07-13,777121,6,3
2025-07-13,777122,6,6
2025-07-13,777123,6,3
2025-07-13,777124,4,3
2025-07-13,777125,10,3
2025-07-13,777128,3,10
2025-07-13,777129,13,4
2025-07-13,777130,10,10
2025-07-18,777098,1,1
2025-07-18,777099,1,1
2025-07-18,777100,1,1
2025-07-18,777101,1,1
2025-07-18,777102,1,1
2025-07-18,777103,1,1
2025-07-18,777105,1,1
2025-07-18,777106,1,1
2025-07-18,777107,1,1
2025-07-18,777108,1,1
2025-07-18,777109,1,1
2025-07-18,777110,1,1
2025-07-18,777111,1,1
2025-07-18,777112,1,1
2025-07-18,777114,1,1
2025-07-19,777080,2,2
2025-07-19,777081,2,2
2025-07-19,777085,2,2
2025-07-19,777086,2,2
2025-07-19,777088,2,2
2025-07-19,777089,2,2
2025-07-19,777090,2,2
2025-07-19,777091,2,2
2025-07-19,777092,2,2
2025-07-19,777093,2,2
2025-07-19,777094,2,2
2025-07-19,777095,2,2
2025-07-19,777096,2,2
2025-07-19,777097,2,2
2025-07-19,777104,2,2
2025-07-20,777067,3,3
2025-07-20,777070,3,3
2025-07-20,777071,3,3
2025-07-20,777072,3,3
2025-07-20,777073,3,3
2025-07-20,777074,3,3
2025-07-20,777075,3,3
2025-07-20,777076,3,3
2025-07-20,777077,3,3
2025-07-20,777078,3,3
2025-07-20,777079,3,3
2025-07-20,777082,3,3
2025-07-20,777083,3,3
2025-07-20,777084,3,3
2025-07-20,777087,3,3
2025-07-21,777050,4,4
2025-07-21,777051,4,4
2025-07-21,777053,4,4
2025-07-21,777055,4,4
2025-07-21,777057,4,4
2025-07-21,777059,4,4
2025-07-21,777060,4,4
2025-07-21,777061,4,4
2025-07-21,777062,4,4
2025-07-21,777063,4,4
2025-07-21,777064,4,4
2025-07-21,777065,4,4
2025-07-21,777066,4,4
2025-07-21,777068,4,4
2025-07-21,777069,4,4
2025-07-22,777035,5,5
2025-07-22,777039,5,5
2025-07-22,777040,5,5
2025-07-22,777042,5,5
2025-07-22,777043,5,5
2025-07-22,777044,5,5
2025-07-22,777045,5,5
2025-07-22,777046,5,5
2025-07-22,777047,5,5
2025-07-22,777048,5,5
2025-07-22,777049,5,5
2025-07-22,777052,5,5
2025-07-22,777054,5,5
2025-07-22,777056,5,5
2025-07-22,777058,5,5
2025-07-23,777022,6,6
2025-07-23,777024,6,6
2025-07-23,777026,6,6
2025-07-23,777027,6,6
2025-07-23,777028,6,6
2025-07-23,777029,6,6
2025-07-23,777030,6,6
2025-07-23,777031,6,6
2025-07-23,777032,6,6
2025-07-23,777033,6,6
2025-07-23,777034,6,6
2025-07-23,777036,6,6
2025-07-23,777037,6,6
2025-07-23,777038,6,6
2025-07-23,777041,6,6
2025-07-24,777018,7,7
2025-07-24,777019,7,7
2025-07-24,777021,7,7
2025-07-24,777023,7,7
2025-07-24,777025,7,7
2025-07-25,777004,1,1
2025-07-25,777005,8,8
2025-07-25,777006,8,8
2025-07-25,777007,8,8
2025-07-25,777008,1,1
2025-07-25,777009,1,1
2025-07-25,777010,8,1
2025-07-25,777011,1,1
2025-07-25,777012,1,1
2025-07-25,777013,1,1
2025-07-25,777014,1,1
2025-07-25,777015,1,1
2025-07-25,777016,8,8
2025-07-25,777017,1,1
2025-07-25,777020,1,8
2025-07-26,776985,2,2
2025-07-26,776990,1,1
2025-07-26,776991,9,9
2025-07-26,776992,9,9
2025-07-26,776993,2,2
2025-07-26,776994,2,2
2025-07-26,776995,9,9
2025-07-26,776996,2,2
2025-07-26,776997,2,2
2025-07-26,776998,2,2
2025-07-26,776999,2,9
2025-07-26,777000,2,2
2025-07-26,777001,2,2
2025-07-26,777002,2,2
2025-07-26,777003,9,9
2025-07-26,777010,1,1
2025-07-27,776974,3,3
2025-07-27,776975,2,2
2025-07-27,776976,10,10
2025-07-27,776977,10,10
2025-07-27,776978,3,3
2025-07-27,776979,3,3
2025-07-27,776980,10,10
2025-07-27,776981,3,3
2025-07-27,776982,3,3
2025-07-27,776983,3,3
2025-07-27,776984,3,3
2025-07-27,776986,3,10
2025-07-27,776987,10,10
2025-07-27,776988,3,3
2025-07-27,776989,3,3
2025-07-28,776957,11,11
2025-07-28,776958,4,11
2025-07-28,776959,4,11
2025-07-28,776960,4,11
2025-07-28,776961,4,4
2025-07-28,776964,4,4
2025-07-28,776965,4,4
2025-07-28,776966,11,11
2025-07-28,776967,4,4
2025-07-28,776968,4,3
2025-07-28,776969,4,11
2025-07-28,776970,4,4
2025-07-28,776971,4,3
2025-07-28,776972,4,4
2025-07-28,776973,4,11
2025-07-29,776943,5,5
2025-07-29,776944,12,12
2025-07-29,776945,5,12
2025-07-29,776946,5,12
2025-07-29,776947,5,12
2025-07-29,776949,5,5
2025-07-29,776950,5,12
2025-07-29,776951,5,4
2025-07-29,776952,5,5
2025-07-29,776953,5,12
2025-07-29,776954,5,5
2025-07-29,776955,5,4
2025-07-29,776956,5,5
2025-07-29,776962,12,12
2025-07-29,776963,5,5
2025-07-29,778372,12,12
2025-07-30,776929,6,6
2025-07-30,776930,13,13
2025-07-30,776931,6,13
2025-07-30,776932,6,13
2025-07-30,776933,6,6
2025-07-30,776934,6,13
2025-07-30,776935,6,6
2025-07-30,776936,6,5
2025-07-30,776937,6,13
2025-07-30,776938,6,6
2025-07-30,776939,6,6
2025-07-30,776940,6,13
2025-07-30,776941,6,6
2025-07-30,776942,6,5
2025-07-30,776948,13,13
2025-07-31,776923,7,14
2025-07-31,776927,7,7
2025-07-31,776928,7,7
2025-08-01,776906,1,1
2025-08-01,776908,8,15
2025-08-01,776913,1,1
2025-08-01,776914,1,1
2025-08-01,776915,1,1
2025-08-01,776916,1,1
2025-08-01,776917,1,1
2025-08-01,776918,1,8
2025-08-01,776919,1,1
2025-08-01,776920,1,1
2025-08-01,776921,8,8
2025-08-01,776922,1,1
2025-08-01,776924,1,1
2025-08-01,776925,8,1
2025-08-01,776926,1,1
2025-08-02,776896,2,2
2025-08-02,776897,9,16
2025-08-02,776898,2,2
2025-08-02,776899,2,2
2025-08-02,776900,2,2
2025-08-02,776901,2,9
2025-08-02,776902,2,2
2025-08-02,776903,2,2
2025-08-02,776904,2,2
2025-08-02,776905,2,2
2025-08-02,776907,9,9
2025-08-02,776909,2,2
2025-08-02,776910,9,2
2025-08-02,776911,2,2
2025-08-02,776912,2,2
2025-08-03,776881,3,3
2025-08-03,776883,10,17
2025-08-03,776884,3,3
2025-08-03,776885,3,3
2025-08-03,776886,3,3
2025-08-03,776887,3,3
2025-08-03,776888,3,3
2025-08-03,776889,3,10
2025-08-03,776890,3,3
2025-08-03,776891,10,3
2025-08-03,776892,3,3
2025-08-03,776893,3,3
2025-08-03,776894,3,3
2025-08-03,776895,3,3
2025-08-03,776907,1,1
2025-08-04,776867,11,4
2025-08-04,776870,4,4
2025-08-04,776871,11,11
2025-08-04,776872,4,4
2025-08-04,776873,4,4
2025-08-04,776874,4,4
2025-08-04,776875,4,4
2025-08-04,776876,4,4
2025-08-04,776877,4,4
2025-08-04,776878,2,4
2025-08-04,776879,4,4
2025-08-04,776880,4,4
2025-08-04,776882,4,2
2025-08-05,776848,12,5
2025-08-05,776852,5,5
2025-08-05,776854,5,5
2025-08-05,776855,12,12
2025-08-05,776857,1,1
2025-08-05,776858,5,5
2025-08-05,776860,3,5
2025-08-05,776861,5,5
2025-08-05,776862,5,5
2025-08-05,776863,5,5
2025-08-05,776864,5,5
2025-08-05,776865,1,1
2025-08-05,776866,5,5
2025-08-05,776868,5,5
2025-08-05,776869,5,3
2025-08-06,776836,6,6
2025-08-06,776838,6,6
2025-08-06,776839,6,6
2025-08-06,776841,2,2
2025-08-06,776843,13,6
2025-08-06,776844,6,6
2025-08-06,776845,13,13
2025-08-06,776846,6,6
2025-08-06,776847,4,6
2025-08-06,776849,6,6
2025-08-06,776850,2,2
2025-08-06,776851,6,6
2025-08-06,776853,6,4
2025-08-06,776856,6,6
2025-08-06,776859,6,6
2025-08-07,776830,3,3
2025-08-07,776837,3,3
2025-08-07,776840,5,7
2025-08-07,776842,7,5
2025-08-08,776820,1,1
2025-08-08,776821,1,1
2025-08-08,776822,4,1
2025-08-08,776823,1,1
2025-08-08,776824,1,4
2025-08-08,776825,1,1
2025-08-08,776826,1,1
2025-08-08,776827,1,1
2025-08-08,776828,1,1
2025-08-08,776829,6,8
2025-08-08,776831,4,1
2025-08-08,776832,1,1
2025-08-08,776833,1,4
2025-08-08,776834,8,6
2025-08-08,776835,1,1
2025-08-09,776802,5,2
2025-08-09,776805,2,5
2025-08-09,776807,2,2
2025-08-09,776808,2,2
2025-08-09,776809,2,2
2025-08-09,776810,2,2
2025-08-09,776811,5,2
2025-08-09,776812,7,9
2025-08-09,776813,2,2
2025-08-09,776814,2,5
2025-08-09,776815,2,2
2025-08-09,776816,2,2
2025-08-09,776817,2,2
2025-08-09,776818,2,2
2025-08-09,776819,9,7
2025-08-09,778431,9,7
2025-08-10,776788,3,3
2025-08-10,776789,3,3
2025-08-10,776791,3,6
2025-08-10,776793,6,3
2025-08-10,776794,3,3
2025-08-10,776795,3,3
2025-08-10,776796,3,3
2025-08-10,776797,3,3
2025-08-10,776798,3,6
2025-08-10,776799,3,3
2025-08-10,776800,3,3
2025-08-10,776801,8,10
2025-08-10,776803,10,8
2025-08-10,776804,6,3
2025-08-10,776806,3,3
2025-08-11,776779,4,4
2025-08-11,776780,4,4
2025-08-11,776781,4,7
2025-08-11,776782,4,4
2025-08-11,776783,4,4
2025-08-11,776784,7,4
2025-08-11,776785,4,4
2025-08-11,776786,11,4
2025-08-11,776787,4,7
2025-08-11,776790,4,4
2025-08-11,776792,4,9
2025-08-12,776762,5,8
2025-08-12,776763,5,5
2025-08-12,776764,5,5
2025-08-12,776767,5,5
2025-08-12,776768,1,1
2025-08-12,776769,5,5
2025-08-12,776770,8,5
2025-08-12,776771,12,5
2025-08-12,776772,1,1
2025-08-12,776773,5,8
2025-08-12,776774,5,5
2025-08-12,776775,5,5
2025-08-12,776776,1,1
2025-08-12,776777,5,10
2025-08-12,776778,1,1
2025-08-13,776746,6,6
2025-08-13,776749,6,6
2025-08-13,776751,6,9
2025-08-13,776752,6,6
2025-08-13,776753,6,6
2025-08-13,776754,6,9
2025-08-13,776755,13,6
2025-08-13,776756,2,2
2025-08-13,776757,2,2
2025-08-13,776758,6,6
2025-08-13,776759,9,6
2025-08-13,776760,6,6
2025-08-13,776761,2,2
2025-08-13,776765,6,11
2025-08-13,776766,2,2
2025-08-14,776742,7,7
2025-08-14,776743,7,10
2025-08-14,776744,7,7
2025-08-14,776745,3,3
2025-08-14,776747,3,3
2025-08-14,776748,3,3
2025-08-14,776750,3,3
2025-08-15,776727,1,1
2025-08-15,776728,1,1
2025-08-15,776729,1,1
2025-08-15,776730,8,8
2025-08-15,776731,1,1
2025-08-15,776732,8,8
2025-08-15,776733,4,1
2025-08-15,776734,1,1
2025-08-15,776735,1,4
2025-08-15,776736,4,4
2025-08-15,776737,1,4
2025-08-15,776738,4,4
2025-08-15,776739,8,11
2025-08-15,776740,1,1
2025-08-15,776741,4,1
2025-08-16,776711,2,2
2025-08-16,776712,2,2
2025-08-16,776713,2,2
2025-08-16,776715,9,9
2025-08-16,776716,9,9
2025-08-16,776717,2,2
2025-08-16,776718,2,2
2025-08-16,776719,2,5
2025-08-16,776720,5,5
2025-08-16,776721,2,2
2025-08-16,776722,5,2
2025-08-16,776723,2,5
2025-08-16,776724,5,2
2025-08-16,776725,9,12
2025-08-16,776726,5,5
2025-08-17,776697,3,3
2025-08-17,776698,3,3
2025-08-17,776699,3,3
2025-08-17,776700,10,10
2025-08-17,776701,10,10
2025-08-17,776702,3,3
2025-08-17,776703,3,3
2025-08-17,776704,3,6
2025-08-17,776705,6,3
2025-08-17,776706,6,6
2025-08-17,776707,6,6
2025-08-17,776708,10,13
2025-08-17,776709,3,3
2025-08-17,776710,3,6
2025-08-17,776714,6,3
2025-08-18,776681,4,4
2025-08-18,776682,7,11
2025-08-18,776683,4,4
2025-08-18,776688,4,7
2025-08-18,776689,7,11
2025-08-18,776690,4,4
2025-08-18,776692,4,11
2025-08-18,776693,4,11
2025-08-18,776694,7,4
2025-08-18,776695,7,4
2025-08-18,776696,4,7
2025-08-18,777459,4,7
2025-08-19,776667,5,5
2025-08-19,776668,5,5
2025-08-19,776671,5,12
2025-08-19,776672,8,12
2025-08-19,776674,1,1
2025-08-19,776675,5,5
2025-08-19,776676,5,8
2025-08-19,776677,1,1
2025-08-19,776678,1,1
2025-08-19,776679,8,5
2025-08-19,776680,8,12
2025-08-19,776684,8,5
2025-08-19,776685,5,12
2025-08-19,776686,5,8
2025-08-19,776687,5,8
2025-08-19,776691,5,8
2025-08-20,776652,6,6
2025-08-20,776656,6,6
2025-08-20,776658,9,13
2025-08-20,776659,2,2
2025-08-20,776660,6,13
2025-08-20,776661,9,6
2025-08-20,776662,9,13
2025-08-20,776663,6,9
2025-08-20,776664,2,2
2025-08-20,776665,2,2
2025-08-20,776666,6,6
2025-08-20,776669,6,9
2025-08-20,776670,6,9
2025-08-20,776673,6,13
2025-08-21,776631,7,3
2025-08-21,776642,7,7
2025-08-21,776644,7,14
2025-08-21,776650,3,3
2025-08-21,776651,7,10
2025-08-21,776653,3,3
2025-08-21,776654,1,3
2025-08-21,776655,7,1
2025-08-21,776657,7,7
2025-08-22,776633,8,4
2025-08-22,776634,8,8
2025-08-22,776635,1,1
2025-08-22,776636,8,8
2025-08-22,776637,15,1
2025-08-22,776638,4,1
2025-08-22,776639,4,1
2025-08-22,776640,11,1
2025-08-22,776641,1,8
2025-08-22,776643,8,2
2025-08-22,776645,4,1
2025-08-22,776646,1,1
2025-08-22,776647,2,4
2025-08-22,776648,4,1
2025-08-22,776649,8,1
2025-08-23,776617,9,9
2025-08-23,776618,12,2
2025-08-23,776619,5,2
2025-08-23,776620,5,2
2025-08-23,776621,9,9
2025-08-23,776622,2,2
2025-08-23,776623,2,9
2025-08-23,776625,9,2
2025-08-23,776626,5,2
2025-08-23,776627,3,5
2025-08-23,776628,5,2
2025-08-23,776629,9,3
2025-08-23,776630,2,2
2025-08-23,776632,16,2
2025-08-24,776602,6,3
2025-08-24,776603,10,10
2025-08-24,776605,13,3
2025-08-24,776606,1,1
2025-08-24,776607,6,3
2025-08-24,776608,10,10
2025-08-24,776609,3,3
2025-08-24,776610,17,3
2025-08-24,776611,3,10
2025-08-24,776612,10,4
2025-08-24,776613,6,3
2025-08-24,776614,3,3
2025-08-24,776615,10,3
2025-08-24,776616,4,6
2025-08-24,776624,6,3
2025-08-25,776589,4,2
2025-08-25,776590,4,7
2025-08-25,776592,4,11
2025-08-25,776593,4,11
2025-08-25,776594,4,11
2025-08-25,776595,11,4
2025-08-25,776596,7,4
2025-08-25,776597,7,7
2025-08-25,776598,4,7
2025-08-25,776599,11,4
2025-08-25,776600,4,4
2025-08-25,776601,2,4
2025-08-25,776604,5,5
2025-08-26,776573,5,8
2025-08-26,776574,5,12
2025-08-26,776575,5,12
2025-08-26,776576,1,1
2025-08-26,776577,12,5
2025-08-26,776578,5,3
2025-08-26,776581,5,5
2025-08-26,776582,8,5
2025-08-26,776583,12,5
2025-08-26,776584,3,5
2025-08-26,776585,5,8
2025-08-26,776586,5,12
2025-08-26,776587,1,1
2025-08-26,776588,8,8
2025-08-26,776591,6,6
2025-08-27,776557,2,2
2025-08-27,776559,6,9
2025-08-27,776561,13,6
2025-08-27,776562,6,13
2025-08-27,776563,6,13
2025-08-27,776565,6,6
2025-08-27,776566,6,9
2025-08-27,776567,9,6
2025-08-27,776568,6,4
2025-08-27,776569,13,6
2025-08-27,776570,9,9
2025-08-27,776571,2,2
2025-08-27,776572,6,13
2025-08-27,776579,7,7
2025-08-27,776580,4,6
2025-08-28,776550,3,3
2025-08-28,776553,7,14
2025-08-28,776554,7,5
2025-08-28,776555,3,3
2025-08-28,776556,10,7
2025-08-28,776558,7,10
2025-08-28,776560,7,7
2025-08-28,776564,8,8
2025-08-29,776533,9,4
2025-08-29,776534,8,1
2025-08-29,776538,1,1
2025-08-29,776540,1,1
2025-08-29,776541,1,1
2025-08-29,776542,4,4
2025-08-29,776543,1,4
2025-08-29,776544,11,8
2025-08-29,776545,1,1
2025-08-29,776546,15,1
2025-08-29,776547,1,1
2025-08-29,776548,8,11
2025-08-29,776549,8,9
2025-08-29,776551,6,1
2025-08-29,776552,8,8
2025-08-30,776516,10,5
2025-08-30,776523,9,2
2025-08-30,776524,2,2
2025-08-30,776525,2,2
2025-08-30,776526,5,5
2025-08-30,776527,16,2
2025-08-30,776528,2,2
2025-08-30,776529,12,9
2025-08-30,776530,2,2
2025-08-30,776531,2,5
2025-08-30,776532,9,9
2025-08-30,776535,9,12
2025-08-30,776536,7,2
2025-08-30,776537,2,2
2025-08-30,776539,9,10
2025-08-31,776507,11,6
2025-08-31,776508,3,3
2025-08-31,776509,10,3
2025-08-31,776510,3,6
2025-08-31,776511,6,6
2025-08-31,776512,3,3
2025-08-31,776513,3,3
2025-08-31,776514,13,10
2025-08-31,776515,17,3
2025-08-31,776517,10,11
2025-08-31,776518,8,3
2025-08-31,776519,10,13
2025-08-31,776520,3,3
2025-08-31,776521,3,3
2025-08-31,776522,10,10
2025-09-01,776492,7,7
2025-09-01,776494,12,4
2025-09-01,776495,4,11
2025-09-01,776497,4,9
2025-09-01,776498,11,4
2025-09-01,776499,4,7
2025-09-01,776500,11,18
2025-09-01,776501,14,4
2025-09-01,776502,11,4
2025-09-01,776503,4,4
2025-09-01,776504,4,4
2025-09-01,776505,4,12
2025-09-01,776506,11,7
2025-09-02,776480,13,5
2025-09-02,776481,5,12
2025-09-02,776482,12,5
2025-09-02,776483,5,10
2025-09-02,776484,12,5
2025-09-02,776485,5,5
2025-09-02,776486,8,8
2025-09-02,776487,12,8
2025-09-02,776488,5,1
2025-09-02,776489,1,8
2025-09-02,776490,15,5
2025-09-02,776491,5,5
2025-09-02,776493,5,13
2025-09-02,776496,1,1
2025-09-03,776465,14,6
2025-09-03,776466,6,2
2025-09-03,776467,9,9
2025-09-03,776468,6,13
2025-09-03,776469,13,6
2025-09-03,776470,6,11
2025-09-03,776471,1,1
2025-09-03,776472,2,9
2025-09-03,776473,13,9
2025-09-03,776474,6,14
2025-09-03,776475,6,6
2025-09-03,776476,6,6
2025-09-03,776477,13,6
2025-09-03,776478,16,6
2025-09-03,776479,2,2
2025-09-04,776458,7,7
2025-09-04,776459,2,2
2025-09-04,776461,3,3
2025-09-04,776462,14,7
2025-09-04,776463,7,3
2025-09-04,776464,3,10
2025-09-05,776442,1,1
2025-09-05,776444,1,8
2025-09-05,776445,1,1
2025-09-05,776446,8,4
2025-09-05,776448,1,1
2025-09-05,776449,11,1
2025-09-05,776450,1,1
2025-09-05,776451,8,8
2025-09-05,776452,15,1
2025-09-05,776453,3,4
2025-09-05,776454,4,1
2025-09-05,776455,1,1
2025-09-05,776456,3,1
2025-09-05,776457,1,4
2025-09-05,776460,1,1
2025-09-06,776424,2,2
2025-09-06,776430,2,9
2025-09-06,776431,2,2
2025-09-06,776432,12,2
2025-09-06,776433,4,2
2025-09-06,776434,9,5
2025-09-06,776435,16,2
2025-09-06,776436,2,5
2025-09-06,776437,2,2
2025-09-06,776438,9,9
2025-09-06,776439,2,2
2025-09-06,776440,2,2
2025-09-06,776441,4,5
2025-09-06,776443,5,2
2025-09-06,776447,2,2
2025-09-07,776414,3,10
2025-09-07,776415,3,3
2025-09-07,776416,3,3
2025-09-07,776417,3,3
2025-09-07,776418,13,3
2025-09-07,776419,5,6
2025-09-07,776420,3,3
2025-09-07,776421,10,10
2025-09-07,776422,10,6
2025-09-07,776423,3,6
2025-09-07,776425,17,3
2025-09-07,776426,5,3
2025-09-07,776427,6,3
2025-09-07,776428,3,3
2025-09-07,776429,3,3
2025-09-08,776399,4,4
2025-09-08,776400,4,4
2025-09-08,776405,4,6
2025-09-08,776406,6,4
2025-09-08,776407,4,4
2025-09-08,776408,4,7
2025-09-08,776409,4,4
2025-09-08,776410,4,4
2025-09-08,776411,11,11
2025-09-08,776412,4,4
2025-09-08,776413,7,11
2025-09-09,776388,1,1
2025-09-09,776389,5,8
2025-09-09,776390,12,12
2025-09-09,776391,5,5
2025-09-09,776392,5,5
2025-09-09,776393,1,1
2025-09-09,776394,5,5
2025-09-09,776395,7,5
2025-09-09,776396,5,5
2025-09-09,776397,5,5
2025-09-09,776398,1,1
2025-09-09,776401,1,1
2025-09-09,776402,5,5
2025-09-09,776403,8,12
2025-09-09,776404,5,7
2025-09-10,776373,6,6
2025-09-10,776374,6,6
2025-09-10,776375,8,6
2025-09-10,776376,13,13
2025-09-10,776377,6,6
2025-09-10,776378,2,2
2025-09-10,776379,6,6
2025-09-10,776380,6,9
2025-09-10,776381,6,6
2025-09-10,776382,9,13
2025-09-10,776383,2,2
2025-09-10,776384,6,8
2025-09-10,776385,2,2
2025-09-10,776386,6,6
2025-09-10,776387,2,2
2025-09-11,776362,14,7
2025-09-11,776364,3,3
2025-09-11,776365,7,7
2025-09-11,776367,7,7
2025-09-11,776368,3,3
2025-09-11,776369,3,3
2025-09-11,776370,10,14
2025-09-11,776371,7,9
2025-09-11,776372,3,3
2025-09-12,776345,15,8
2025-09-12,776350,1,1
2025-09-12,776351,4,8
2025-09-12,776352,4,1
2025-09-12,776353,4,4
2025-09-12,776354,11,10
2025-09-12,776355,1,1
2025-09-12,776356,1,1
2025-09-12,776357,8,8
2025-09-12,776358,1,1
2025-09-12,776359,1,8
2025-09-12,776360,4,1
2025-09-12,776361,4,15
2025-09-12,776363,4,1
2025-09-12,776366,4,8
2025-09-13,776328,2,2
2025-09-13,776333,16,9
2025-09-13,776336,5,9
2025-09-13,776337,2,2
2025-09-13,776338,5,2
2025-09-13,776339,2,2
2025-09-13,776340,2,2
2025-09-13,776341,9,9
2025-09-13,776342,12,11
2025-09-13,776343,5,5
2025-09-13,776344,5,2
2025-09-13,776346,5,2
2025-09-13,776347,5,9
2025-09-13,776348,5,16
2025-09-13,776349,2,9
2025-09-14,776317,17,10
2025-09-14,776320,6,10
2025-09-14,776321,6,3
2025-09-14,776322,6,6
2025-09-14,776323,10,10
2025-09-14,776324,3,3
2025-09-14,776325,3,3
2025-09-14,776326,3,3
2025-09-14,776327,3,3
2025-09-14,776329,6,3
2025-09-14,776330,6,3
2025-09-14,776331,6,17
2025-09-14,776332,6,10
2025-09-14,776334,13,12
2025-09-14,776335,3,10
2025-09-15,776309,4,4
2025-09-15,776311,13,4
2025-09-15,776312,4,4
2025-09-15,776313,7,4
2025-09-15,776314,7,7
2025-09-15,776315,4,11
2025-09-15,776316,7,7
2025-09-15,776318,4,7
2025-09-15,776319,4,7
2025-09-16,776293,1,1
2025-09-16,776294,5,5
2025-09-16,776295,1,1
2025-09-16,776297,14,5
2025-09-16,776298,8,5
2025-09-16,776300,5,5
2025-09-16,776301,5,8
2025-09-16,776302,1,1
2025-09-16,776303,1,1
2025-09-16,776304,1,1
2025-09-16,776305,8,8
2025-09-16,776306,8,8
2025-09-16,776307,5,12
2025-09-16,776308,5,8
2025-09-16,776310,1,1
2025-09-16,777825,5,12
2025-09-17,776277,2,2
2025-09-17,776279,6,6
2025-09-17,776280,15,6
2025-09-17,776283,6,6
2025-09-17,776284,9,6
2025-09-17,776285,9,9
2025-09-17,776286,6,13
2025-09-17,776287,6,9
2025-09-17,776288,2,2
2025-09-17,776289,2,2
2025-09-17,776290,9,9
2025-09-17,776291,2,2
2025-09-17,776292,6,9
2025-09-17,776296,2,2
2025-09-17,776299,2,2
2025-09-18,776269,10,10
2025-09-18,776270,3,3
2025-09-18,776271,7,7
2025-09-18,776272,3,3
2025-09-18,776274,3,3
2025-09-18,776275,3,3
2025-09-18,776276,3,3
2025-09-18,776278,10,10
2025-09-18,776281,3,3
2025-09-18,776282,7,7
2025-09-19,776251,4,1
2025-09-19,776253,4,4
2025-09-19,776255,1,1
2025-09-19,776256,8,8
2025-09-19,776259,1,4
2025-09-19,776260,11,4
2025-09-19,776261,4,11
2025-09-19,776262,4,1
2025-09-19,776263,4,1
2025-09-19,776264,4,1
2025-09-19,776265,4,1
2025-09-19,776266,4,1
2025-09-19,776267,8,8
2025-09-19,776268,1,4
2025-09-19,776273,11,11
2025-09-20,776233,9,9
2025-09-20,776241,5,5
2025-09-20,776242,5,2
2025-09-20,776243,5,2
2025-09-20,776244,5,2
2025-09-20,776245,12,5
2025-09-20,776246,2,2
2025-09-20,776247,5,12
2025-09-20,776248,5,2
2025-09-20,776250,5,2
2025-09-20,776252,2,5
2025-09-20,776254,9,9
2025-09-20,776257,12,12
2025-09-20,776258,2,5
2025-09-20,777839,5,2
2025-09-21,776225,6,3
2025-09-21,776226,6,3
2025-09-21,776227,10,10
2025-09-21,776228,6,3
2025-09-21,776229,13,6
2025-09-21,776230,3,3
2025-09-21,776231,6,3
2025-09-21,776232,6,6
2025-09-21,776234,6,3
2025-09-21,776235,6,3
2025-09-21,776236,6,13
2025-09-21,776237,3,6
2025-09-21,776238,3,6
2025-09-21,776239,10,10
2025-09-21,776240,13,13
2025-09-22,776220,4,11
2025-09-22,776221,4,4
2025-09-22,776222,7,7
2025-09-23,776207,1,1
2025-09-23,776208,1,1
2025-09-23,776209,1,1
2025-09-23,776210,1,1
2025-09-23,776211,5,12
2025-09-23,776212,1,1
2025-09-23,776213,1,1
2025-09-23,776214,8,8
2025-09-23,776215,1,1
2025-09-23,776216,1,1
2025-09-23,776217,1,1
2025-09-23,776218,1,1
2025-09-23,776219,5,5
2025-09-23,776223,1,1
2025-09-23,776224,1,1
2025-09-24,776192,2,2
2025-09-24,776193,2,2
2025-09-24,776194,2,2
2025-09-24,776195,2,2
2025-09-24,776196,6,13
2025-09-24,776197,2,2
2025-09-24,776198,9,9
2025-09-24,776199,2,2
2025-09-24,776200,6,6
2025-09-24,776201,2,2
2025-09-24,776202,2,2
2025-09-24,776203,2,2
2025-09-24,776204,2,2
2025-09-24,776205,2,2
2025-09-24,776206,2,2
2025-09-25,776178,3,3
2025-09-25,776179,3,3
2025-09-25,776182,3,3
2025-09-25,776183,3,3
2025-09-25,776184,3,3
2025-09-25,776185,3,3
2025-09-25,776186,3,3
2025-09-25,776187,3,3
2025-09-25,776188,3,3
2025-09-25,776189,3,3
2025-09-25,776190,3,3
2025-09-25,776191,3,3
2025-09-26,776165,4,1
2025-09-26,776166,4,1
2025-09-26,776167,1,4
2025-09-26,776168,4,4
2025-09-26,776169,4,4
2025-09-26,776170,4,1
2025-09-26,776171,4,1
2025-09-26,776172,4,4
2025-09-26,776173,4,4
2025-09-26,776174,4,4
2025-09-26,776175,4,4
2025-09-26,776176,4,4
2025-09-26,776177,4,4
2025-09-26,776180,4,1
2025-09-26,776181,4,4
2025-09-27,776146,5,2
2025-09-27,776150,5,5
2025-09-27,776152,5,2
2025-09-27,776153,5,2
2025-09-27,776154,5,5
2025-09-27,776155,5,5
2025-09-27,776156,5,2
2025-09-27,776157,5,5
2025-09-27,776158,5,5
2025-09-27,776159,5,5
2025-09-27,776160,5,2
2025-09-27,776161,5,5
2025-09-27,776162,5,5
2025-09-27,776163,5,5
2025-09-27,776164,2,5
2025-09-28,776135,6,6
2025-09-28,776136,6,3
2025-09-28,776137,6,3
2025-09-28,776138,6,6
2025-09-28,776139,6,6
2025-09-28,776140,6,6
2025-09-28,776141,6,6
2025-09-28,776142,3,6
2025-09-28,776143,6,3
2025-09-28,776144,6,3
2025-09-28,776145,6,6
2025-09-28,776147,6,6
2025-09-28,776148,6,6
2025-09-28,776149,6,3
2025-09-28,776151,6,6
2025-09-30,813066,1,1
2025-09-30,813069,1,1
2025-09-30,813072,1,1
2025-09-30,813074,1,1
2026-04-01,822835,6,6
2026-04-01,823078,5,5
2026-04-01,823157,3,7
2026-04-01,823321,3,3
2026-04-01,823483,5,5
2026-04-01,823806,5,5
2026-04-01,823889,5,6
2026-04-01,823970,7,3
2026-04-01,824136,1,1
2026-04-01,824211,5,7
2026-04-01,824536,5,5
2026-04-01,824698,7,5
2026-04-01,824860,5,5
2026-04-01,824940,6,6
2026-04-01,825106,3,3
2026-04-02,823242,6,4
2026-04-02,824133,2,2
2026-04-02,824621,7,6
2026-04-02,825105,7,4
2026-04-03,822758,1,1
2026-04-03,822919,1,1
2026-04-03,823240,7,5
2026-04-03,823406,1,1
2026-04-03,823568,1,1
2026-04-03,823732,1,3
2026-04-03,824056,1,1
2026-04-03,824134,1,3
2026-04-03,824299,1,1
2026-04-03,824377,1,1
2026-04-03,824458,1,1
2026-04-03,824621,1,1
2026-04-03,824786,1,1
2026-04-03,825026,1,1
2026-04-03,825103,8,5
2026-04-04,822757,2,2
2026-04-04,822920,2,2
2026-04-04,823239,8,6
2026-04-04,823404,2,2
2026-04-04,823569,2,2
2026-04-04,823730,2,4
2026-04-04,824054,2,2
2026-04-04,824132,1,1
2026-04-04,824134,1,1
2026-04-04,824295,2,2
2026-04-04,824378,2,2
2026-04-04,824460,2,2
2026-04-04,824622,2,2
2026-04-04,824782,2,2
2026-04-04,825027,2,2
2026-04-04,825104,9,6
2026-04-05,822756,3,3
2026-04-05,822917,3,3
2026-04-05,823238,9,7
2026-04-05,823405,3,3
2026-04-05,823566,3,3
2026-04-05,823729,3,5
2026-04-05,824053,3,3
2026-04-05,824131,2,2
2026-04-05,824296,3,3
2026-04-05,824379,3,3
2026-04-05,824459,1,1
2026-04-05,824460,1,1
2026-04-05,824620,3,3
2026-04-05,824781,3,3
2026-04-05,825025,3,3
2026-04-05,825102,10,7
2026-04-06,822755,4,4
2026-04-06,822832,4,4
2026-04-06,822918,4,4
2026-04-06,823002,2,4
2026-04-06,823237,4,8
2026-04-06,823401,4,4
2026-04-06,823728,4,6
2026-04-06,823886,4,4
2026-04-06,824052,11,4
2026-04-06,824376,4,4
2026-04-06,824456,3,2
2026-04-06,824619,4,4
2026-04-06,824783,3,4
2026-04-07,822754,5,5
2026-04-07,822831,5,5
2026-04-07,822916,5,5
2026-04-07,822999,3,5
2026-04-07,823235,5,9
2026-04-07,823402,5,5
2026-04-07,823567,1,1
2026-04-07,823648,1,1
2026-04-07,823727,5,7
2026-04-07,823887,5,5
2026-04-07,824051,12,5
2026-04-07,824375,5,5
2026-04-07,824457,4,3
2026-04-07,824618,5,5
2026-04-07,824780,4,5
2026-04-08,822753,6,6
2026-04-08,822833,6,6
2026-04-08,822915,6,6
2026-04-08,823000,4,6
2026-04-08,823234,6,10
2026-04-08,823403,6,6
2026-04-08,823564,2,2
2026-04-08,823646,2,2
2026-04-08,823726,6,8
2026-04-08,823885,6,6
2026-04-08,824050,13,6
2026-04-08,824374,6,6
2026-04-08,824455,5,4
2026-04-08,824617,6,6
2026-04-08,824779,5,6
2026-04-09,823319,7,7
2026-04-09,823565,3,3
2026-04-09,823645,3,3
2026-04-09,823724,7,9
2026-04-09,823884,7,7
2026-04-09,824130,7,6
2026-04-10,822829,10,1
2026-04-10,822997,4,1
2026-04-10,823076,1,1
2026-04-10,823156,1,1
2026-04-10,823318,8,8
2026-04-10,823482,4,1
2026-04-10,823643,4,4
2026-04-10,823808,1,1
2026-04-10,823968,1,1
2026-04-10,824128,8,7
2026-04-10,824297,8,8
2026-04-10,824534,1,8
2026-04-10,824695,1,1
2026-04-10,824858,1,1
2026-04-10,824941,1,1
2026-04-11,822830,11,2
2026-04-11,822996,5,2
2026-04-11,823074,2,2
2026-04-11,823155,2,2
2026-04-11,823316,9,9
2026-04-11,823480,5,2
2026-04-11,823644,5,5
2026-04-11,823805,2,2
2026-04-11,823967,2,2
2026-04-11,824129,9,8
2026-04-11,824294,9,9
2026-04-11,824535,2,9
2026-04-11,824697,2,2
2026-04-11,824857,2,2
2026-04-11,824939,2,2
2026-04-12,822828,12,3
2026-04-12,822998,6,3
2026-04-12,823075,3,3
2026-04-12,823154,3,3
2026-04-12,823317,10,10
2026-04-12,823479,6,3
2026-04-12,823642,6,6
2026-04-12,823804,3,3
2026-04-12,823966,3,3
2026-04-12,824126,10,9
2026-04-12,824293,10,10
2026-04-12,824533,3,10
2026-04-12,824696,3,3
2026-04-12,824859,3,3
2026-04-12,824938,3,3
2026-04-13,823073,4,4
2026-04-13,823153,4,4
2026-04-13,823400,4,4
2026-04-13,823481,4,4
2026-04-13,823563,4,7
2026-04-13,823725,4,13
2026-04-13,823964,7,4
2026-04-13,824856,7,4
2026-04-13,824937,11,4
2026-04-13,825024,4,7
2026-04-14,823072,5,5
2026-04-14,823315,5,1
2026-04-14,823398,5,5
2026-04-14,823478,5,5
2026-04-14,823562,5,8
2026-04-14,823723,5,14
2026-04-14,823802,1,1
2026-04-14,823965,8,5
2026-04-14,824210,1,5
2026-04-14,824292,1,1
2026-04-14,824531,1,1
2026-04-14,824616,1,1
2026-04-14,824853,8,5
2026-04-14,824935,12,5
2026-04-14,825022,5,8
2026-04-15,823071,6,6
2026-04-15,823314,6,2
2026-04-15,823399,6,6
2026-04-15,823477,6,6
2026-04-15,823561,6,9
2026-04-15,823722,6,15
2026-04-15,823803,2,2
2026-04-15,823963,9,6
2026-04-15,824209,2,6
2026-04-15,824291,2,2
2026-04-15,824532,2,2
2026-04-15,824615,2,2
2026-04-15,824855,9,6
2026-04-15,824936,13,6
2026-04-15,825021,6,9
2026-04-16,823313,7,3
2026-04-16,823396,7,7
2026-04-16,823560,7,10
2026-04-16,823801,3,3
2026-04-16,824208,3,7
2026-04-16,824289,3,3
2026-04-16,824453,7,7
2026-04-16,824530,3,3
2026-04-16,824614,3,3
2026-04-16,825023,7,10
2026-04-17,822752,4,8
2026-04-17,823152,8,8
2026-04-17,823397,4,8
2026-04-17,823476,1,1
2026-04-17,823559,4,11
2026-04-17,823720,4,1
2026-04-17,823883,4,1
2026-04-17,824048,4,8
2026-04-17,824207,1,8
2026-04-17,824373,1,4
2026-04-17,824454,8,8
2026-04-17,824693,1,1
2026-04-17,824778,4,1
2026-04-17,825019,4,11
2026-04-17,825101,4,1
2026-04-18,822751,5,9
2026-04-18,823151,9,9
2026-04-18,823394,5,9
2026-04-18,823474,2,2
2026-04-18,823558,5,12
2026-04-18,823721,5,2
2026-04-18,823882,5,2
2026-04-18,824049,5,9
2026-04-18,824206,2,9
2026-04-18,824372,2,5
2026-04-18,824451,9,9
2026-04-18,824694,2,2
2026-04-18,824775,5,2
2026-04-18,825020,5,12
2026-04-18,825098,5,2
2026-04-19,822750,6,10
2026-04-19,823150,10,10
2026-04-19,823393,6,10
2026-04-19,823475,3,3
2026-04-19,823556,6,13
2026-04-19,823718,6,3
2026-04-19,823881,6,3
2026-04-19,824047,6,10
2026-04-19,824205,3,10
2026-04-19,824371,3,6
2026-04-19,824452,10,10
2026-04-19,824691,3,3
2026-04-19,824777,6,3
2026-04-19,825018,6,13
2026-04-19,825100,6,3
2026-04-20,822749,4,11
2026-04-20,822994,7,7
2026-04-20,823149,14,11
2026-04-20,823879,4,4
2026-04-20,824046,7,11
2026-04-20,824125,11,7
2026-04-20,824370,4,7
2026-04-20,824450,11,11
2026-04-20,824692,4,4
2026-04-20,824776,7,4
2026-04-21,822747,5,12
2026-04-21,822914,1,1
2026-04-21,822995,8,8
2026-04-21,823148,15,12
2026-04-21,823236,5,1
2026-04-21,823640,1,1
2026-04-21,823880,5,5
2026-04-21,824045,8,12
2026-04-21,824127,12,8
2026-04-21,824290,1,8
2026-04-21,824369,1,8
2026-04-21,824448,12,12
2026-04-21,824690,5,5
2026-04-21,824773,1,5
2026-04-21,825099,1,1
2026-04-22,822748,6,13
2026-04-22,822913,2,2
2026-04-22,822993,9,9
2026-04-22,823147,16,13
2026-04-22,823231,6,2
2026-04-22,823641,2,2
2026-04-22,823878,6,6
2026-04-22,824044,9,13
2026-04-22,824123,13,9
2026-04-22,824286,2,9
2026-04-22,824367,2,9
2026-04-22,824449,13,13
2026-04-22,824688,6,6
2026-04-22,824774,2,6
2026-04-22,825097,2,2
2026-04-23,822745,7,14
2026-04-23,822912,3,3
2026-04-23,823233,7,3
2026-04-23,823639,3,3
2026-04-23,824288,3,10
2026-04-23,824368,3,10
2026-04-23,824689,7,7
2026-04-23,824770,3,7
2026-04-23,825096,3,3
2026-04-24,822827,1,1
2026-04-24,822909,1,4
2026-04-24,822992,4,1
2026-04-24,823069,1,1
2026-04-24,823232,1,4
2026-04-24,823638,11,4
2026-04-24,823800,4,4
2026-04-24,823962,8,8
2026-04-24,824124,1,1
2026-04-24,824204,4,1
2026-04-24,824529,11,1
2026-04-24,824611,15,4
2026-04-24,824854,8,1
2026-04-24,824932,8,8
2026-04-25,822826,2,2
2026-04-25,822910,2,5
2026-04-25,822989,5,2
2026-04-25,823070,2,2
2026-04-25,823229,2,5
2026-04-25,823637,12,5
2026-04-25,823799,5,5
2026-04-25,823960,9,9
2026-04-25,824121,2,2
2026-04-25,824203,5,2
2026-04-25,824527,12,2
2026-04-25,824613,16,5
2026-04-25,824851,9,2
2026-04-25,824933,9,9
2026-04-25,825093,1,1
2026-04-26,822824,3,3
2026-04-26,822911,3,6
2026-04-26,822991,6,3
2026-04-26,823068,3,3
2026-04-26,823230,3,6
2026-04-26,823635,1,1
2026-04-26,823637,1,1
2026-04-26,823797,6,6
2026-04-26,823959,10,10
2026-04-26,824122,3,3
2026-04-26,824202,6,3
2026-04-26,824528,13,3
2026-04-26,824612,17,6
2026-04-26,824852,10,3
2026-04-26,824934,10,10
2026-04-26,825094,2,2
2026-04-27,822825,11,4
2026-04-27,822906,7,7
2026-04-27,823311,11,3
2026-04-27,823395,4,7
2026-04-27,823719,4,7
2026-04-27,823961,4,11
2026-04-27,824446,4,4
2026-04-27,824609,4,7
2026-04-28,822823,12,5
2026-04-28,822908,8,8
2026-04-28,823310,12,4
2026-04-28,823390,5,8
2026-04-28,823473,1,1
2026-04-28,823636,1,1
2026-04-28,823716,5,8
2026-04-28,823798,1,1
2026-04-28,823956,5,12
2026-04-28,824447,5,5
2026-04-28,824526,1,1
2026-04-28,824610,5,8
2026-04-28,824849,1,1
2026-04-28,824931,1,1
2026-04-28,825017,1,1
2026-04-29,822821,13,6
2026-04-29,822907,9,9
2026-04-29,823312,13,5
2026-04-29,823392,6,9
2026-04-29,823471,2,2
2026-04-29,823633,2,2
2026-04-29,823717,6,9
2026-04-29,823796,2,2
2026-04-29,823958,6,13
2026-04-29,824445,6,6
2026-04-29,824525,2,2
2026-04-29,824608,6,9
2026-04-29,824850,2,2
2026-04-29,824930,2,2
2026-04-29,825015,2,2
2026-04-30,823391,7,10
2026-04-30,823471,1,1
2026-04-30,823472,1,1
2026-04-30,823634,3,3
2026-04-30,823714,7,10
2026-04-30,823795,3,3
2026-04-30,824524,3,3
2026-04-30,824848,1,1
2026-04-30,824850,1,1
2026-04-30,824929,3,3
2026-04-30,825016,3,3
2026-05-01,822744,4,4
2026-05-01,822990,2,1
2026-05-01,823066,1,8
2026-05-01,823146,4,1
2026-05-01,823309,1,1
2026-05-01,823389,4,11
2026-05-01,823557,2,1
2026-05-01,823713,8,11
2026-05-01,823877,2,1
2026-05-01,824041,4,1
2026-05-01,824287,1,4
2026-05-01,824366,4,4
2026-05-01,824686,4,1
2026-05-01,824772,2,1
2026-05-01,825012,1,4
2026-05-02,822746,5,5
2026-05-02,822988,3,2
2026-05-02,823067,2,9
2026-05-02,823144,5,2
2026-05-02,823308,2,2
2026-05-02,823388,5,12
2026-05-02,823554,3,2
2026-05-02,823715,9,12
2026-05-02,823876,3,2
2026-05-02,824042,5,2
2026-05-02,824284,2,5
2026-05-02,824365,5,5
2026-05-02,824685,5,2
2026-05-02,824771,3,2
2026-05-02,825014,2,5
2026-05-03,822742,6,6
2026-05-03,822987,4,3
2026-05-03,823065,3,10
2026-05-03,823145,6,3
2026-05-03,823307,3,3
2026-05-03,823387,6,13
2026-05-03,823555,4,3
2026-05-03,823711,10,13
2026-05-03,823875,4,3
2026-05-03,824043,6,3
2026-05-03,824285,3,6
2026-05-03,824364,6,6
2026-05-03,824687,6,3
2026-05-03,824769,4,3
2026-05-03,825013,3,6
2026-05-04,822984,11,4
2026-05-04,823064,7,11
2026-05-04,823143,7,4
2026-05-04,823228,4,5
2026-05-04,823552,5,4
2026-05-04,823874,5,4
2026-05-04,824039,4,4
2026-05-04,824120,4,7
2026-05-04,824201,4,5
2026-05-04,824283,4,7
2026-05-04,824363,7,7
2026-05-04,824684,7,4
2026-05-05,822743,1,1
2026-05-05,822986,12,5
2026-05-05,823062,8,12
2026-05-05,823142,8,5
2026-05-05,823227,5,6
2026-05-05,823469,1,6
2026-05-05,823553,1,5
2026-05-05,823873,6,5
2026-05-05,824040,5,5
2026-05-05,824119,5,8
2026-05-05,824200,5,6
2026-05-05,824281,5,8
2026-05-05,824362,8,8
2026-05-05,824682,8,5
2026-05-05,825092,1,1
2026-05-06,822740,2,2
2026-05-06,822985,13,6
2026-05-06,823063,1,1
2026-05-06,823141,9,6
2026-05-06,823226,6,7
2026-05-06,823470,2,7
2026-05-06,823550,2,6
2026-05-06,823872,7,6
2026-05-06,824036,6,6
2026-05-06,824118,6,9
2026-05-06,824198,6,7
2026-05-06,824282,6,9
2026-05-06,824361,1,1
2026-05-06,824683,9,6
2026-05-06,825091,2,2
2026-05-07,822741,3,3
2026-05-07,823306,2,7
2026-05-07,823467,3,8
2026-05-07,823551,3,7
2026-05-07,823870,8,7
2026-05-07,824117,7,10
2026-05-07,824362,2,2
2026-05-07,824681,10,7
2026-05-07,824767,7,7
2026-05-07,825090,3,3
2026-05-08,822822,1,1
2026-05-08,822904,8,4
2026-05-08,823225,4,1
2026-05-08,823303,3,8
2026-05-08,823466,3,9
2026-05-08,823794,8,1
2026-05-08,823871,4,8
2026-05-08,823957,1,1
2026-05-08,824116,1,11
2026-05-08,824443,4,8
2026-05-08,824522,1,11
2026-05-08,824607,1,1
2026-05-08,824768,8,8
2026-05-08,824846,4,9
2026-05-08,825088,3,4
2026-05-09,822820,2,2
2026-05-09,822905,9,5
2026-05-09,823224,5,2
2026-05-09,823304,4,9
2026-05-09,823468,4,10
2026-05-09,823792,9,2
2026-05-09,823869,5,9
2026-05-09,823955,2,2
2026-05-09,824115,2,12
2026-05-09,824444,5,9
2026-05-09,824523,2,12
2026-05-09,824606,2,2
2026-05-09,824766,9,9
2026-05-09,824847,5,10
2026-05-09,825089,4,5
2026-05-10,822819,3,3
2026-05-10,822902,10,6
2026-05-10,823221,6,3
2026-05-10,823305,5,10
2026-05-10,823463,5,11
2026-05-10,823793,10,3
2026-05-10,823868,6,10
2026-05-10,823954,3,3
2026-05-10,824113,3,13
2026-05-10,824440,6,10
2026-05-10,824520,3,13
2026-05-10,824605,3,3
2026-05-10,824765,1,1
2026-05-10,824845,6,11
2026-05-10,825085,5,6
2026-05-11,822818,2,4
2026-05-11,822901,7,7
2026-05-11,823953,4,4
2026-05-11,824199,4,4
2026-05-11,824441,4,11
2026-05-11,824844,11,12
2026-05-12,822817,3,5
2026-05-12,822903,8,8
2026-05-12,823385,1,1
2026-05-12,823632,1,1
2026-05-12,823712,1,1
2026-05-12,823790,1,1
2026-05-12,823951,5,5
2026-05-12,824197,5,5
2026-05-12,824442,5,12
2026-05-12,824521,1,1
2026-05-12,824604,1,1
2026-05-12,824764,1,1
2026-05-12,824843,12,13
2026-05-12,824927,1,1
2026-05-12,825011,1,1
2026-05-13,822815,4,6
2026-05-13,822900,9,9
2026-05-13,823386,2,2
2026-05-13,823631,2,2
2026-05-13,823710,2,2
2026-05-13,823791,2,2
2026-05-13,823952,6,6
2026-05-13,824195,6,6
2026-05-13,824438,6,13
2026-05-13,824519,2,2
2026-05-13,824603,2,2
2026-05-13,824763,2,2
2026-05-13,824841,13,14
2026-05-13,824928,2,2
2026-05-13,825010,2,2
2026-05-14,823383,3,3
2026-05-14,823630,3,3
2026-05-14,823709,3,3
2026-05-14,823789,3,3
2026-05-14,823950,7,7
2026-05-14,824196,7,7
2026-05-14,824517,3,3
2026-05-14,824602,3,3
2026-05-14,824762,3,3
2026-05-14,824926,3,3
2026-05-14,825008,3,3
2026-05-15,822739,1,4
2026-05-15,822983,4,1
2026-05-15,823061,4,4
2026-05-15,823140,4,8
2026-05-15,823384,4,4
2026-05-15,823629,1,4
2026-05-15,823707,4,4
2026-05-15,824037,8,1
2026-05-15,824194,1,8
2026-05-15,824280,1,4
2026-05-15,824360,1,4
2026-05-15,824439,4,1
2026-05-15,824601,4,4
2026-05-15,824925,4,4
2026-05-15,825009,8,4
2026-05-16,822737,2,5
2026-05-16,822981,5,2
2026-05-16,823060,5,5
2026-05-16,823139,5,9
2026-05-16,823382,5,5
2026-05-16,823627,2,5
2026-05-16,823706,5,5
2026-05-16,824038,9,2
2026-05-16,824193,2,9
2026-05-16,824278,2,5
2026-05-16,824359,2,5
2026-05-16,824435,5,2
2026-05-16,824600,5,5
2026-05-16,824924,5,5
2026-05-16,825007,9,5
2026-05-17,822738,3,6
2026-05-17,822982,6,3
2026-05-17,823058,6,6
2026-05-17,823138,6,10
2026-05-17,823381,6,6
2026-05-17,823628,3,6
2026-05-17,823708,6,6
2026-05-17,824034,10,3
2026-05-17,824192,3,10
2026-05-17,824279,3,6
2026-05-17,824358,3,6
2026-05-17,824436,6,3
2026-05-17,824599,6,6
2026-05-17,824923,6,6
2026-05-17,825006,10,6
2026-05-18,822734,7,7
2026-05-18,822980,4,4
2026-05-18,823137,7,11
2026-05-18,823301,11,7
2026-05-18,823465,7,7
2026-05-18,823549,4,4
2026-05-18,823705,11,7
2026-05-18,823867,7,7
2026-05-18,824035,7,4
2026-05-18,824114,7,7
2026-05-18,824277,4,7
2026-05-18,824357,4,7
2026-05-18,824680,7,7
2026-05-18,825087,11,4
2026-05-19,822736,8,8
2026-05-19,822979,5,5
2026-05-19,823059,1,1
2026-05-19,823136,8,12
2026-05-19,823302,12,8
2026-05-19,823464,8,8
2026-05-19,823548,5,5
2026-05-19,823704,12,8
2026-05-19,823865,8,8
2026-05-19,824033,8,5
2026-05-19,824112,8,8
2026-05-19,824276,5,8
2026-05-19,824356,5,8
2026-05-19,824677,8,8
2026-05-19,825086,12,5
2026-05-20,822735,9,9
2026-05-20,822977,6,6
2026-05-20,823057,2,2
2026-05-20,823134,9,13
2026-05-20,823299,13,9
2026-05-20,823462,9,9
2026-05-20,823547,6,6
2026-05-20,823703,13,9
2026-05-20,823866,9,9
2026-05-20,824032,9,6
2026-05-20,824111,9,9
2026-05-20,824273,6,9
2026-05-20,824355,6,9
2026-05-20,824678,9,9
2026-05-20,825084,13,6
2026-05-21,822733,10,10
2026-05-21,823056,3,3
2026-05-21,823545,7,7
2026-05-21,823864,10,10
2026-05-21,824031,10,7
2026-05-21,824274,7,10
2026-05-21,825083,10,7
2026-05-22,822816,4,8
2026-05-22,823223,1,1
2026-05-22,823298,11,1
2026-05-22,823461,8,1
2026-05-22,823546,1,8
2026-05-22,823788,1,1
2026-05-22,823863,11,11
2026-05-22,824029,1,8
2026-05-22,824110,1,1
2026-05-22,824518,4,1
2026-05-22,824679,1,1
2026-05-22,824761,1,1
2026-05-22,824842,11,1
2026-05-22,824922,11,11
2026-05-22,825082,11,8
2026-05-23,822814,5,9
2026-05-23,823222,2,2
2026-05-23,823300,12,2
2026-05-23,823458,9,2
2026-05-23,823543,2,9
2026-05-23,823787,2,2
2026-05-23,823862,12,12
2026-05-23,824030,2,9
2026-05-23,824109,2,2
2026-05-23,824516,1,1
2026-05-23,824518,1,1
2026-05-23,824674,2,2
2026-05-23,824760,2,2
2026-05-23,824840,12,2
2026-05-23,824920,12,12
2026-05-23,825080,12,9
2026-05-24,822813,6,10
2026-05-24,823220,3,3
2026-05-24,823297,13,3
2026-05-24,823459,10,3
2026-05-24,823544,1,1
2026-05-24,823786,3,3
2026-05-24,823861,13,13
2026-05-24,824028,3,10
2026-05-24,824108,3,3
2026-05-24,824514,2,2
2026-05-24,824676,3,3
2026-05-24,824759,3,3
2026-05-24,824839,1,1
2026-05-24,824840,1,1
2026-05-24,824921,13,13
2026-05-24,825081,13,10
2026-05-25,822812,14,11
2026-05-25,822899,4,4
2026-05-25,823219,11,4
2026-05-25,823296,4,4
2026-05-25,823380,4,7
2026-05-25,823625,1,14
2026-05-25,823784,1,4
2026-05-25,823948,14,4
2026-05-25,824107,2,4
2026-05-25,824437,14,11
2026-05-25,824598,4,4
2026-05-25,824838,2,2
2026-05-25,825005,4,14
2026-05-26,822811,15,12
2026-05-26,822898,5,5
2026-05-26,823216,12,5
2026-05-26,823294,5,5
2026-05-26,823379,5,8
2026-05-26,823624,2,15
2026-05-26,823785,2,5
2026-05-26,823949,15,5
2026-05-26,824106,3,5
2026-05-26,824275,1,1
2026-05-26,824434,15,12
2026-05-26,824597,5,5
2026-05-26,824758,1,1
2026-05-26,824837,3,3
2026-05-26,825004,5,15
2026-05-27,822809,16,13
2026-05-27,822897,6,6
2026-05-27,823217,13,6
2026-05-27,823295,6,6
2026-05-27,823376,6,9
2026-05-27,823626,3,16
2026-05-27,823783,3,6
2026-05-27,823947,16,6
2026-05-27,824104,4,6
2026-05-27,824270,2,2
2026-05-27,824432,16,13
2026-05-27,824596,6,6
2026-05-27,824756,2,2
2026-05-27,824836,4,4
2026-05-27,825003,6,16
2026-05-28,822896,7,7
2026-05-28,823378,7,10
2026-05-28,824272,3,3
2026-05-28,824595,7,7
2026-05-28,824757,3,3
2026-05-28,824834,14,5
2026-05-29,822732,1,1
2026-05-29,822894,1,8
2026-05-29,822978,4,1
2026-05-29,823055,8,1
2026-05-29,823135,1,1
2026-05-29,823377,8,11
2026-05-29,823623,1,1
2026-05-29,823946,1,1
2026-05-29,824191,1,8
2026-05-29,824353,1,1
2026-05-29,824433,4,1
2026-05-29,824515,4,1
2026-05-29,824594,4,8
2026-05-29,824835,15,6
2026-05-29,825002,1,1
2026-05-30,822731,2,2
2026-05-30,822893,2,9
2026-05-30,822975,5,2
2026-05-30,823054,9,2
2026-05-30,823132,2,2
2026-05-30,823375,9,12
2026-05-30,823622,2,2
2026-05-30,823945,2,2
2026-05-30,824190,2,9
2026-05-30,824352,2,2
2026-05-30,824431,5,2
2026-05-30,824513,5,2
2026-05-30,824593,5,9
2026-05-30,824833,16,7
2026-05-30,825000,2,2
2026-05-31,822729,3,3
2026-05-31,822895,3,10
2026-05-31,822976,6,3
2026-05-31,823053,10,3
2026-05-31,823133,3,3
2026-05-31,823373,10,13
2026-05-31,823621,3,3
2026-05-31,823944,3,3
2026-05-31,824187,3,10
2026-05-31,824354,3,3
2026-05-31,824430,6,3
2026-05-31,824512,6,3
2026-05-31,824592,6,10
2026-05-31,824832,17,8
2026-05-31,825001,3,3
2026-06-01,822730,4,4
2026-06-01,822974,7,4
2026-06-01,823050,11,4
2026-06-01,823131,4,4
2026-06-01,823702,11,11
2026-06-01,823781,4,4
2026-06-01,824027,4,7
2026-06-01,824510,4,4
2026-06-01,825078,4,4
2026-06-02,822728,5,5
2026-06-02,822971,8,5
2026-06-02,823052,12,5
2026-06-02,823129,5,5
2026-06-02,823460,1,1
2026-06-02,823541,1,1
2026-06-02,823700,12,12
2026-06-02,823782,5,5
2026-06-02,824026,5,8
2026-06-02,824189,1,1
2026-06-02,824511,5,5
2026-06-02,824675,1,1
2026-06-02,824754,1,1
2026-06-02,824918,1,1
2026-06-02,825079,5,5
2026-06-03,822727,6,6
2026-06-03,822973,9,6
2026-06-03,823051,13,6
2026-06-03,823130,6,6
2026-06-03,823456,2,2
2026-06-03,823540,2,2
2026-06-03,823701,13,13
2026-06-03,823780,6,6
2026-06-03,824024,6,9
2026-06-03,824188,2,2
2026-06-03,824509,6,6
2026-06-03,824671,2,2
2026-06-03,824755,2,2
2026-06-03,824917,2,2
2026-06-03,825077,6,6
2026-06-04,823457,3,3
2026-06-04,823542,3,3
2026-06-04,823698,7,14
2026-06-04,823779,7,7
2026-06-04,824185,3,3
2026-06-04,824672,3,3
2026-06-04,824753,3,3
2026-06-04,824919,3,3
2026-06-04,825076,7,7
2026-06-05,822810,4,4
2026-06-05,822892,4,1
2026-06-05,823049,1,1
2026-06-05,823293,1,4
2026-06-05,823455,1,4
2026-06-05,823538,4,4
2026-06-05,823699,8,15
2026-06-05,823860,1,1
2026-06-05,823943,1,8
2026-06-05,824186,4,4
2026-06-05,824271,1,1
2026-06-05,824350,8,1
2026-06-05,824673,8,4
2026-06-05,824914,4,4
2026-06-05,825073,1,8
2026-06-06,822808,5,5
2026-06-06,822891,5,2
2026-06-06,823048,2,2
2026-06-06,823292,2,5
2026-06-06,823454,2,5
2026-06-06,823539,5,5
2026-06-06,823697,9,16
2026-06-06,823859,2,2
2026-06-06,823942,2,9
2026-06-06,824184,5,5
2026-06-06,824269,2,2
2026-06-06,824351,9,2
2026-06-06,824669,9,5
2026-06-06,824915,5,5
2026-06-06,825075,2,9
2026-06-07,822807,6,6
2026-06-07,822890,6,3
2026-06-07,823047,3,3
2026-06-07,823291,3,6
2026-06-07,823453,3,6
2026-06-07,823537,1,1
2026-06-07,823696,10,17
2026-06-07,823857,3,3
2026-06-07,823941,3,10
2026-06-07,824183,6,6
2026-06-07,824268,3,3
2026-06-07,824349,10,3
2026-06-07,824670,10,6
2026-06-07,824916,6,6
2026-06-07,825074,3,10
2026-06-08,822806,7,7
2026-06-08,822972,2,4
2026-06-08,823218,4,11
2026-06-08,823289,4,7
2026-06-08,824025,7,4
2026-06-08,824427,2,7
2026-06-08,824829,4,7
2026-06-08,824998,11,7
2026-06-09,822805,8,8
2026-06-09,822969,3,5
2026-06-09,823214,5,12
2026-06-09,823290,5,8
2026-06-09,823374,1,1
2026-06-09,823620,1,1
2026-06-09,823858,1,1
2026-06-09,824023,8,5
2026-06-09,824105,1,1
2026-06-09,824267,1,1
2026-06-09,824347,1,1
2026-06-09,824429,3,8
2026-06-09,824591,1,1
2026-06-09,824830,5,8
2026-06-09,824999,12,8
2026-06-10,822804,9,9
2026-06-10,822970,4,6
2026-06-10,823215,6,13
2026-06-10,823287,6,9
2026-06-10,823372,2,2
2026-06-10,823618,2,2
2026-06-10,823856,2,2
2026-06-10,824022,9,6
2026-06-10,824103,2,2
2026-06-10,824266,2,2
2026-06-10,824348,2,2
2026-06-10,824428,4,9
2026-06-10,824590,2,2
2026-06-10,824831,6,9
2026-06-10,824996,13,9
2026-06-11,823371,3,3
2026-06-11,823619,3,3
2026-06-11,823855,3,3
2026-06-11,824101,3,3
2026-06-11,824265,3,3
2026-06-11,824346,3,3
2026-06-11,824589,3,3
2026-06-11,824827,7,10
2026-06-12,822726,8,1
2026-06-12,822803,1,1
2026-06-12,823211,4,1
2026-06-12,823370,4,4
2026-06-12,823617,1,4
2026-06-12,823695,4,4
2026-06-12,823778,1,1
2026-06-12,824020,1,1
2026-06-12,824102,1,4
2026-06-12,824425,4,1
2026-06-12,824507,4,1
2026-06-12,824588,4,1
2026-06-12,824752,4,1
2026-06-12,824826,1,11
2026-06-12,824997,4,1
2026-06-13,822725,9,2
2026-06-13,822802,2,2
2026-06-13,823213,5,2
2026-06-13,823369,5,5
2026-06-13,823616,2,5
2026-06-13,823694,5,5
2026-06-13,823776,2,2
2026-06-13,824019,2,2
2026-06-13,824100,2,5
2026-06-13,824426,5,2
2026-06-13,824508,5,2
2026-06-13,824587,5,2
2026-06-13,824749,5,2
2026-06-13,824828,2,12
2026-06-13,824995,5,2
2026-06-14,822722,10,3
2026-06-14,822801,3,3
2026-06-14,823212,6,3
2026-06-14,823368,6,6
2026-06-14,823615,3,6
2026-06-14,823693,6,6
2026-06-14,823777,3,3
2026-06-14,824021,3,3
2026-06-14,824099,3,6
2026-06-14,824424,6,3
2026-06-14,824506,6,3
2026-06-14,824586,6,3
2026-06-14,824751,6,3
2026-06-14,824823,3,13
2026-06-14,824994,6,3
2026-06-15,822724,7,4
2026-06-15,822887,7,7
2026-06-15,823046,4,7
2026-06-15,823452,7,4
2026-06-15,823938,4,7
2026-06-15,824181,1,4
2026-06-15,824505,7,4
2026-06-15,824666,7,7
2026-06-15,824993,7,4
2026-06-15,825071,4,7
2026-06-16,822723,8,5
2026-06-16,822888,8,8
2026-06-16,823045,5,8
2026-06-16,823128,1,1
2026-06-16,823451,8,5
2026-06-16,823535,1,1
2026-06-16,823775,1,1
2026-06-16,823939,5,8
2026-06-16,824182,2,5
2026-06-16,824504,8,5
2026-06-16,824667,8,8
2026-06-16,824750,1,1
2026-06-16,824912,1,1
2026-06-16,824991,8,5
2026-06-16,825070,5,8
2026-06-17,822721,9,6
2026-06-17,823044,6,9
2026-06-17,823127,2,2
2026-06-17,823450,9,6
2026-06-17,823536,2,2
2026-06-17,823774,2,2
2026-06-17,823940,6,9
2026-06-17,824178,3,6
2026-06-17,824503,9,6
2026-06-17,824668,9,9
2026-06-17,824746,2,2
2026-06-17,824912,1,1
2026-06-17,824913,1,1
2026-06-17,824992,9,6
2026-06-17,825072,6,9
2026-06-18,822889,1,1
2026-06-18,823125,3,3
2026-06-18,823448,10,7
2026-06-18,823533,3,3
2026-06-18,823772,3,3
2026-06-18,824098,10,10
2026-06-18,824748,3,3
2026-06-18,824911,2,2
2026-06-18,824989,7,7
2026-06-19,822886,1,2
2026-06-19,822966,1,1
2026-06-19,823124,4,4
2026-06-19,823534,1,4
2026-06-19,823853,1,1
2026-06-19,823936,4,1
2026-06-19,824097,11,11
2026-06-19,824179,4,1
2026-06-19,824264,4,1
2026-06-19,824345,1,1
2026-06-19,824663,4,1
2026-06-19,824910,4,1
2026-06-19,824990,8,8
2026-06-19,825069,2,1
2026-06-20,822885,2,3
2026-06-20,822967,2,2
2026-06-20,823126,5,5
2026-06-20,823447,1,1
2026-06-20,823532,2,5
2026-06-20,823854,2,2
2026-06-20,823937,5,2
2026-06-20,824180,5,2
2026-06-20,824263,5,2
2026-06-20,824342,2,2
2026-06-20,824665,5,2
2026-06-20,824909,5,2
2026-06-20,824988,9,9
2026-06-20,825068,3,2
2026-06-21,822883,3,4
2026-06-21,822968,3,3
2026-06-21,823123,6,6
2026-06-21,823449,2,2
2026-06-21,823531,3,6
2026-06-21,823852,3,3
2026-06-21,823934,6,3
2026-06-21,824095,1,1
2026-06-21,824177,6,3
2026-06-21,824260,6,3
2026-06-21,824343,3,3
2026-06-21,824664,6,3
2026-06-21,824908,6,3
2026-06-21,824987,10,10
2026-06-21,825067,4,3
2026-06-22,822720,3,4
2026-06-22,822800,4,1
2026-06-22,822964,2,4
2026-06-22,823040,4,2
2026-06-22,823288,4,4
2026-06-22,823613,1,3
2026-06-22,823692,4,5
2026-06-22,823851,5,4
2026-06-22,824016,7,11
2026-06-22,824261,7,4
2026-06-22,824344,7,4
2026-06-22,824502,7,4
2026-06-22,824585,7,7
2026-06-23,822718,4,5
2026-06-23,822799,5,2
2026-06-23,822963,3,5
2026-06-23,823043,5,3
2026-06-23,823210,1,1
2026-06-23,823286,5,5
2026-06-23,823365,1,1
2026-06-23,823614,1,1
2026-06-23,823690,5,6
2026-06-23,823849,6,5
2026-06-23,824017,8,12
2026-06-23,824262,8,5
2026-06-23,824340,8,5
2026-06-23,824501,8,5
2026-06-23,824584,8,8
2026-06-24,822719,5,6
2026-06-24,822798,6,3
2026-06-24,822965,4,6
2026-06-24,823041,6,4
2026-06-24,823208,2,2
2026-06-24,823284,6,6
2026-06-24,823367,2,2
2026-06-24,823611,2,2
2026-06-24,823613,2,2
2026-06-24,823691,6,7
2026-06-24,823850,7,6
2026-06-24,824018,9,13
2026-06-24,824259,9,6
2026-06-24,824341,9,6
2026-06-24,824500,9,6
2026-06-24,824583,9,9
2026-06-25,822717,6,7
2026-06-25,822797,8,4
2026-06-25,822961,5,7
2026-06-25,823042,7,5
2026-06-25,823209,3,3
2026-06-25,823366,3,3
2026-06-25,823612,3,3
2026-06-25,824258,7,7
2026-06-25,824747,10,10
2026-06-26,822796,9,5
2026-06-26,822962,1,8
2026-06-26,823039,1,1
2026-06-26,823206,1,4
2026-06-26,823285,1,1
2026-06-26,823363,1,4
2026-06-26,823610,7,4
2026-06-26,823688,1,1
2026-06-26,823773,4,1
2026-06-26,824014,4,1
2026-06-26,824255,8,8
2026-06-26,824423,4,1
2026-06-26,824582,6,1
2026-06-26,824743,11,11
2026-06-26,824824,8,1
2026-06-27,822794,10,6
2026-06-27,822960,2,9
2026-06-27,823038,2,2
2026-06-27,823207,2,5
2026-06-27,823283,2,2
2026-06-27,823364,2,5
2026-06-27,823609,8,5
2026-06-27,823689,2,2
2026-06-27,823770,5,2
2026-06-27,824015,5,2
2026-06-27,824257,9,9
2026-06-27,824421,5,2
2026-06-27,824581,7,2
2026-06-27,824745,12,12
2026-06-27,824825,9,2
2026-06-28,822795,11,7
2026-06-28,822959,3,10
2026-06-28,823037,3,3
2026-06-28,823204,3,6
2026-06-28,823281,3,3
2026-06-28,823362,3,6
2026-06-28,823608,9,6
2026-06-28,823686,3,3
2026-06-28,823769,6,3
2026-06-28,824011,6,3
2026-06-28,824256,10,10
2026-06-28,824422,6,3
2026-06-28,824580,8,3
2026-06-28,824744,13,13
2026-06-28,824821,10,3
2026-06-29,822792,7,8
2026-06-29,823121,4,7
2026-06-29,823444,7,10
2026-06-29,823529,11,14
2026-06-29,823771,4,4
2026-06-29,824176,4,11
2026-06-29,824339,4,4
2026-06-29,824420,12,4
2026-06-29,824662,4,7
2026-06-29,824741,11,14
2026-06-29,824822,4,4
2026-06-29,824986,4,7
2026-06-29,825065,7,4
2026-06-30,822793,8,9
2026-06-30,823122,5,8
2026-06-30,823445,8,11
2026-06-30,823528,12,15
2026-06-30,823768,5,5
2026-06-30,824096,1,1
2026-06-30,824175,5,12
2026-06-30,824338,5,5
2026-06-30,824418,13,5
2026-06-30,824661,5,8
2026-06-30,824742,12,15
2026-06-30,824819,5,5
2026-06-30,824907,1,1
2026-06-30,824984,5,8
2026-06-30,825066,8,5
2026-07-01,822791,9,10
2026-07-01,823446,9,12
2026-07-01,823530,13,16
2026-07-01,823767,6,6
2026-07-01,824094,2,2
2026-07-01,824174,6,13
2026-07-01,824337,6,6
2026-07-01,824419,14,6
2026-07-01,824660,6,9
2026-07-01,824740,13,16
2026-07-01,824818,6,6
2026-07-01,824905,2,2
2026-07-01,824985,6,9
2026-07-01,825064,9,6
2026-07-02,822884,14,15
2026-07-02,823119,1,1
2026-07-02,823442,10,13
2026-07-02,823765,7,7
2026-07-02,823935,7,7
2026-07-02,824093,3,3
2026-07-02,824335,7,7
2026-07-02,824416,7,7
2026-07-02,824906,3,3
2026-07-03,822714,11,1
2026-07-03,823120,1,2
2026-07-03,823527,1,1
2026-07-03,823933,8,8
2026-07-03,824013,1,2
2026-07-03,824173,4,1
2026-07-03,824336,1,8
2026-07-03,824417,8,8
2026-07-03,824498,1,8
2026-07-03,824659,4,1
2026-07-03,824904,1,4
2026-07-03,824982,8,1
2026-07-03,825062,8,1
2026-07-04,822716,12,2
2026-07-04,822882,1,1
2026-07-04,823118,2,3
2026-07-04,823526,2,2
2026-07-04,823932,9,9
2026-07-04,824012,2,3
2026-07-04,824092,1,1
2026-07-04,824171,5,2
2026-07-04,824334,2,9
2026-07-04,824415,9,9
2026-07-04,824499,2,9
2026-07-04,824658,5,2
2026-07-04,824903,2,5
2026-07-04,824983,9,2
2026-07-04,825063,9,2
2026-07-05,822715,13,3
2026-07-05,822879,2,2
2026-07-05,823117,3,4
2026-07-05,823525,3,3
2026-07-05,823931,10,10
2026-07-05,824010,3,4
2026-07-05,824091,2,2
2026-07-05,824172,6,3
2026-07-05,824333,3,10
2026-07-05,824413,10,10
2026-07-05,824497,3,10
2026-07-05,824656,6,3
2026-07-05,824902,3,6
2026-07-05,824980,10,3
2026-07-05,825061,10,3
2026-07-06,822712,4,4
2026-07-06,822958,4,7
2026-07-06,823036,11,7
2026-07-06,823205,4,4
2026-07-06,823282,4,11
2026-07-06,823930,11,11
2026-07-06,824089,3,3
2026-07-06,824900,4,7
2026-07-07,822713,5,5
2026-07-07,822881,1,1
2026-07-07,822956,5,8
2026-07-07,823035,12,8
2026-07-07,823062,12,8
2026-07-07,823203,5,5
2026-07-07,823280,5,12
2026-07-07,823361,8,1
2026-07-07,823607,4,5
2026-07-07,823687,1,1
2026-07-07,823847,1,1
2026-07-07,823929,12,12
2026-07-07,824254,1,1
2026-07-07,824495,4,1
2026-07-07,824579,1,1
2026-07-07,824820,1,1
2026-07-08,822710,6,6
2026-07-08,822880,2,2
2026-07-08,822957,6,9
2026-07-08,823032,13,9
2026-07-08,823202,6,6
2026-07-08,823279,6,13
2026-07-08,823360,9,2
2026-07-08,823605,5,6
2026-07-08,823684,2,2
2026-07-08,823848,2,2
2026-07-08,823928,13,13
2026-07-08,824253,2,2
2026-07-08,824496,5,2
2026-07-08,824578,2,2
2026-07-08,824815,2,2
2026-07-09,822877,3,3
2026-07-09,822954,7,10
2026-07-09,823034,14,10
2026-07-09,823201,14,7
2026-07-09,823277,7,14
2026-07-09,823359,10,3
2026-07-09,823606,6,7
2026-07-09,823683,3,3
2026-07-09,823846,3,3
2026-07-09,824251,3,3
2026-07-09,824494,6,3
2026-07-09,824577,3,3
2026-07-09,824816,3,3
2026-07-10,822709,8,1
2026-07-10,822878,1,4
2026-07-10,822955,4,11
2026-07-10,823033,11,11
2026-07-10,823200,15,8
2026-07-10,823278,1,15
2026-07-10,823357,15,4
2026-07-10,823604,4,8
2026-07-10,823685,4,4
2026-07-10,823845,4,4
2026-07-10,823927,8,1
2026-07-10,824252,7,4
2026-07-10,824493,4,4
2026-07-10,824575,4,4
2026-07-10,824817,7,4
2026-07-11,822711,9,2
2026-07-11,822875,2,5
2026-07-11,822953,5,12
2026-07-11,823030,12,12
2026-07-11,823198,16,9
2026-07-11,823276,2,16
2026-07-11,823356,1,1
2026-07-11,823357,1,1
2026-07-11,823603,5,9
2026-07-11,823682,5,5
2026-07-11,823844,5,5
2026-07-11,823926,9,2
2026-07-11,824249,8,5
2026-07-11,824492,5,5
2026-07-11,824576,5,5
2026-07-11,824813,8,5
2026-07-12,822708,10,3
2026-07-12,822876,3,6
2026-07-12,822951,6,13
2026-07-12,823029,13,13
2026-07-12,823199,17,10
2026-07-12,823274,3,17
2026-07-12,823358,2,2
2026-07-12,823602,6,10
2026-07-12,823681,6,6
2026-07-12,823842,6,6
2026-07-12,823925,10,3
2026-07-12,824250,9,6
2026-07-12,824491,6,6
2026-07-12,824574,6,6
2026-07-12,824814,9,6
2026-07-16,823440,1,1
2026-07-17,822789,1,1
2026-07-17,823115,1,1
2026-07-17,823524,1,1
2026-07-17,823766,1,1
2026-07-17,824009,1,1
2026-07-17,824090,1,1
2026-07-17,824170,1,1
2026-07-17,824332,1,1
2026-07-17,824414,1,1
2026-07-17,824655,1,1
2026-07-17,824737,1,1
2026-07-17,824766,1,1
2026-07-17,824901,1,1
2026-07-17,824981,1,1
2026-07-17,825060,1,1
2026-07-18,822790,2,2
2026-07-18,823116,2,2
2026-07-18,823441,1,1
2026-07-18,823523,2,2
2026-07-18,823763,2,2
2026-07-18,824008,2,2
2026-07-18,824088,2,2
2026-07-18,824169,2,2
2026-07-18,824331,2,2
2026-07-18,824412,1,1
2026-07-18,824414,1,1
2026-07-18,824657,2,2
2026-07-18,824738,2,2
2026-07-18,824899,2,2
2026-07-18,824979,2,2
2026-07-18,825059,2,2
2026-07-19,822786,3,3
2026-07-19,823113,3,3
2026-07-19,823439,2,2
2026-07-19,823521,1,1
2026-07-19,823523,1,1
2026-07-19,823764,3,3
2026-07-19,824007,3,3
2026-07-19,824086,3,3
2026-07-19,824168,3,3
2026-07-19,824330,3,3
2026-07-19,824411,2,2
2026-07-19,824653,3,3
2026-07-19,824739,3,3
2026-07-19,824897,3,3
2026-07-19,824978,3,3
2026-07-19,825057,3,3
2026-07-20,822788,4,4
2026-07-20,822874,4,4
2026-07-20,823112,4,4
2026-07-20,823436,2,3
2026-07-20,823522,3,2
2026-07-20,823762,3,4
2026-07-20,824006,4,4
2026-07-20,824087,4,4
2026-07-20,824167,4,4
2026-07-20,824328,4,4
2026-07-20,824410,4,3
2026-07-20,824654,4,4
2026-07-20,824736,4,4
2026-07-20,824898,4,4
2026-07-20,825058,4,4
2026-07-21,822787,5,5
2026-07-21,822871,5,5
2026-07-21,823114,5,5
2026-07-21,823437,3,4
2026-07-21,823519,4,3
2026-07-21,823760,4,5
2026-07-21,824005,5,5
2026-07-21,824085,5,5
2026-07-21,824165,5,5
2026-07-21,824329,5,5
2026-07-21,824409,5,4
2026-07-21,824652,5,5
2026-07-21,824735,5,5
2026-07-21,824895,5,5
2026-07-21,825056,5,5
2026-07-22,822784,6,6
2026-07-22,822873,6,6
2026-07-22,823110,6,6
2026-07-22,823438,4,5
2026-07-22,823518,1,1
2026-07-22,823519,1,1
2026-07-22,823761,5,6
2026-07-22,824004,6,6
2026-07-22,824083,6,6
2026-07-22,824166,6,6
2026-07-22,824327,6,6
2026-07-22,824408,6,5
2026-07-22,824650,6,6
2026-07-22,824732,1,1
2026-07-22,824735,1,1
2026-07-22,824896,6,6
2026-07-22,825055,6,6
2026-07-23,822785,7,7
2026-07-23,823042,7,7
2026-07-23,824247,7,7
2026-07-23,824406,7,6
2026-07-23,824893,7,7
2026-07-24,822707,8,1
2026-07-24,822872,1,1
2026-07-24,822952,7,8
2026-07-24,823031,1,8
2026-07-24,823196,1,1
2026-07-24,823352,1,1
2026-07-24,823434,1,1
2026-07-24,823601,1,1
2026-07-24,823680,1,8
2026-07-24,823759,1,1
2026-07-24,823843,8,1
2026-07-24,824248,8,8
2026-07-24,824573,1,1
2026-07-24,824733,8,1
2026-07-24,824812,8,1
2026-07-25,822704,9,2
2026-07-25,822869,2,2
2026-07-25,822948,8,9
2026-07-25,823027,2,9
2026-07-25,823197,2,2
2026-07-25,823355,2,2
2026-07-25,823435,2,2
2026-07-25,823600,2,2
2026-07-25,823679,2,9
2026-07-25,823758,2,2
2026-07-25,823841,9,2
2026-07-25,824244,9,9
2026-07-25,824571,2,2
2026-07-25,824734,9,2
2026-07-25,824811,9,2
2026-07-26,822706,10,3
2026-07-26,822870,3,3
2026-07-26,822950,9,10
2026-07-26,823028,3,10
2026-07-26,823194,3,3
2026-07-26,823354,3,3
2026-07-26,823433,3,3
2026-07-26,823599,3,3
2026-07-26,823678,3,10
2026-07-26,823755,3,3
2026-07-26,823840,10,3
2026-07-26,824246,10,10
2026-07-26,824572,3,3
2026-07-26,824730,10,3
2026-07-26,824810,10,3
2026-07-27,822705,11,4
2026-07-27,822868,4,4
2026-07-27,823025,4,11
2026-07-27,823195,4,4
2026-07-27,823353,11,4
2026-07-27,823597,11,4
2026-07-27,823839,4,4
2026-07-27,824001,4,4
2026-07-27,824245,4,11
2026-07-27,824490,10,4
2026-07-27,824570,4,4
2026-07-27,824977,4,4
2026-07-28,822703,12,5
2026-07-28,822949,5,1
2026-07-28,823026,5,12
2026-07-28,823193,5,5
2026-07-28,823275,1,1
2026-07-28,823350,12,5
2026-07-28,823598,12,5
2026-07-28,823676,1,1
2026-07-28,823838,5,5
2026-07-28,823923,5,1
2026-07-28,824003,5,5
2026-07-28,824243,5,12
2026-07-28,824489,1,1
2026-07-28,824490,1,1
2026-07-28,824569,5,5
2026-07-28,824976,5,5
2026-07-29,822702,13,6
2026-07-29,822947,6,2
2026-07-29,823022,6,13
2026-07-29,823192,6,6
2026-07-29,823273,2,2
2026-07-29,823351,13,6
2026-07-29,823596,1,1
2026-07-29,823598,1,1
2026-07-29,823677,2,2
2026-07-29,823837,6,6
2026-07-29,823924,6,2
2026-07-29,824002,6,6
2026-07-29,824242,6,13
2026-07-29,824487,2,2
2026-07-29,824567,6,6
2026-07-29,824973,6,6
2026-07-30,822946,7,3
2026-07-30,823023,7,14
2026-07-30,823271,7,3
2026-07-30,823595,7,2
2026-07-30,823674,3,3
2026-07-30,823921,7,3
2026-07-30,824488,7,3
2026-07-30,824568,7,7
2026-07-30,824894,7,2
2026-07-30,824974,7,7
2026-07-31,822782,15,1
2026-07-31,822945,8,4
2026-07-31,823111,4,8
2026-07-31,823272,8,4
2026-07-31,823593,8,3
2026-07-31,823922,8,4
2026-07-31,823999,1,1
2026-07-31,824164,8,1
2026-07-31,824325,4,1
2026-07-31,824407,1,1
2026-07-31,824486,8,4
2026-07-31,824651,8,8
2026-07-31,824809,1,1
2026-07-31,824892,8,3
2026-07-31,824975,1,8
2026-08-01,822781,16,2
2026-08-01,822944,9,5
2026-08-01,823109,5,9
2026-08-01,823269,9,5
2026-08-01,823594,9,4
2026-08-01,823920,9,5
2026-08-01,824000,2,2
2026-08-01,824162,9,2
2026-08-01,824326,5,2
2026-08-01,824405,2,2
2026-08-01,824485,9,5
2026-08-01,824649,9,9
2026-08-01,824808,2,2
2026-08-01,824890,9,4
2026-08-01,824972,2,9
2026-08-02,822783,17,3
2026-08-02,822943,10,6
2026-08-02,823107,6,10
2026-08-02,823270,10,6
2026-08-02,823592,10,5
2026-08-02,823919,10,6
2026-08-02,823996,3,3
2026-08-02,824163,10,3
2026-08-02,824323,6,3
2026-08-02,824404,3,3
2026-08-02,824483,10,6
2026-08-02,824648,10,10
2026-08-02,824807,3,3
2026-08-02,824891,10,5
2026-08-02,824971,3,10
2026-08-03,822867,11,11
2026-08-03,823431,11,4
2026-08-03,823520,18,11
2026-08-03,823757,11,4
2026-08-03,824160,4,4
2026-08-03,824324,7,4
2026-08-03,824647,7,11
2026-08-03,825095,7,4
