date,game_pk,away_value,home_value
2024-04-01,744875,,
2024-04-01,745109,,
2024-04-01,745277,,
2024-04-01,745437,,
2024-04-01,745600,,
2024-04-01,745675,,
2024-04-01,745842,,
2024-04-01,746085,,
2024-04-01,746170,,
2024-04-01,746409,,
2024-04-01,746817,,
2024-04-01,746899,,
2024-04-01,747058,,
2024-04-01,747218,,
2024-04-02,745111,,
2024-04-02,745273,,
2024-04-02,745439,,
2024-04-02,745598,,
2024-04-02,745680,,
2024-04-02,745844,,
2024-04-02,746009,,
2024-04-02,746086,,
2024-04-02,746169,,
2024-04-02,746411,,
2024-04-02,746814,,
2024-04-02,746898,,
2024-04-02,747057,,
2024-04-02,747220,,
2024-04-03,744869,,
2024-04-03,745114,,
2024-04-03,745275,,
2024-04-03,745440,,
2024-04-03,745603,,
2024-04-03,745678,,
2024-04-03,745843,,
2024-04-03,746008,,
2024-04-03,746083,,
2024-04-03,746163,,
2024-04-03,746407,,
2024-04-03,746816,,
2024-04-03,746900,,
2024-04-03,747059,,
2024-04-03,747219,,
2024-04-04,744870,,
2024-04-04,745200,,
2024-04-04,745928,,
2024-04-04,746327,,
2024-04-05,744874,,
2024-04-05,745033,,
2024-04-05,745361,,
2024-04-05,745524,,
2024-04-05,745764,,
2024-04-05,746007,,
2024-04-05,746249,,
2024-04-05,746328,,
2024-04-05,746497,,
2024-04-05,746576,,
2024-04-05,746733,,
2024-04-05,746897,,
2024-04-05,747143,,
2024-04-06,744873,,
2024-04-06,745031,,
2024-04-06,745197,,
2024-04-06,745359,,
2024-04-06,745522,,
2024-04-06,745766,,
2024-04-06,745926,,
2024-04-06,746006,,
2024-04-06,746248,,
2024-04-06,746329,,
2024-04-06,746498,,
2024-04-06,746575,,
2024-04-06,746731,,
2024-04-06,746896,,
2024-04-06,747140,,
2024-04-07,744871,,
2024-04-07,745032,,
2024-04-07,745198,,
2024-04-07,745362,,
2024-04-07,745523,,
2024-04-07,745765,,
2024-04-07,745927,,
2024-04-07,746003,,
2024-04-07,746251,,
2024-04-07,746330,,
2024-04-07,746493,,
2024-04-07,746574,,
2024-04-07,746734,,
2024-04-07,746895,,
2024-04-07,747141,,
2024-04-08,744956,,
2024-04-08,745034,,
2024-04-08,745194,,
2024-04-08,745363,,
2024-04-08,745432,,
2024-04-08,745520,,
2024-04-08,745761,,0.5662
2024-04-08,745925,,
2024-04-08,746252,,
2024-04-08,746569,,
2024-04-08,746654,,
2024-04-08,746735,,
2024-04-08,747142,,
2024-04-09,744957,,
2024-04-09,745030,,
2024-04-09,745195,,
2024-04-09,745357,,
2024-04-09,745433,,
2024-04-09,745517,,
2024-04-09,745762,,
2024-04-09,745924,,
2024-04-09,746250,,
2024-04-09,746326,,
2024-04-09,746571,,
2024-04-09,746653,,
2024-04-09,746732,,
2024-04-09,746981,,
2024-04-09,747138,,
2024-04-10,744950,,
2024-04-10,745024,,
2024-04-10,745196,,
2024-04-10,745355,,
2024-04-10,745429,,
2024-04-10,745763,,
2024-04-10,745923,,
2024-04-10,746247,,
2024-04-10,746323,,
2024-04-10,746573,,
2024-04-10,746655,,
2024-04-10,746728,,
2024-04-10,746980,,
2024-04-10,747139,,
2024-04-11,745029,,
2024-04-11,745601,,
2024-04-11,746322,,
2024-04-11,746490,,
2024-04-11,746730,,
2024-04-11,746977,,
2024-04-11,747137,,
2024-04-12,744954,,
2024-04-12,745112,,
2024-04-12,745274,,
2024-04-12,745596,,
2024-04-12,745679,,
2024-04-12,745838,,
2024-04-12,746084,,
2024-04-12,746162,,
2024-04-12,746408,,
2024-04-12,746491,,
2024-04-12,746656,,
2024-04-12,746812,,
2024-04-12,746978,,
2024-04-12,747055,,
2024-04-12,747217,,
2024-04-13,744953,,
2024-04-13,745110,,
2024-04-13,745272,,
2024-04-13,745594,,
2024-04-13,745676,,
2024-04-13,745839,,
2024-04-13,746082,,
2024-04-13,746161,,
2024-04-13,746405,,
2024-04-13,746489,,
2024-04-13,746658,,
2024-04-13,746811,,
2024-04-13,746979,,
2024-04-13,747054,,
2024-04-13,747215,,
2024-04-14,744952,,
2024-04-14,745113,,
2024-04-14,745271,,
2024-04-14,745595,,
2024-04-14,745681,,
2024-04-14,745841,,
2024-04-14,746079,,
2024-04-14,746164,,
2024-04-14,746404,,
2024-04-14,746492,,
2024-04-14,746648,1.1813,
2024-04-14,746810,,
2024-04-14,746975,,
2024-04-14,747056,,
2024-04-14,747216,,
2024-04-15,744951,,
2024-04-15,745106,,
2024-04-15,745268,,
2024-04-15,745597,,
2024-04-15,745677,,
2024-04-15,745840,,
2024-04-15,746002,,
2024-04-15,746080,,
2024-04-15,746158,,
2024-04-15,746406,,
2024-04-15,746488,,
2024-04-15,746813,,
2024-04-15,746974,,
2024-04-15,747053,,
2024-04-15,747213,,
2024-04-16,744944,,
2024-04-16,745108,,
2024-04-16,745270,,
2024-04-16,745593,,
2024-04-16,745674,0.8222,
2024-04-16,745837,,
2024-04-16,746004,,
2024-04-16,746081,,
2024-04-16,746157,,
2024-04-16,746400,,0.3436
2024-04-16,746486,,
2024-04-16,746809,,
2024-04-16,746976,,
2024-04-16,747051,,
2024-04-16,747214,,
2024-04-17,744948,,
2024-04-17,745105,,
2024-04-17,745267,,
2024-04-17,745591,,
2024-04-17,745671,,
2024-04-17,745836,,
2024-04-17,746005,,
2024-04-17,746076,,
2024-04-17,746159,,
2024-04-17,746401,0.3530,
2024-04-17,746487,,
2024-04-17,746807,,
2024-04-17,746973,,
2024-04-17,747049,,
2024-04-17,747212,,
2024-04-18,745104,,
2024-04-18,745356,,
2024-04-18,746485,,
2024-04-18,746891,,
2024-04-18,746970,,
2024-04-19,744872,,0.5758
2024-04-19,745189,,
2024-04-19,745352,,
2024-04-19,745430,,
2024-04-19,745518,,
2024-04-19,745592,,
2024-04-19,745758,,
2024-04-19,745922,,
2024-04-19,746160,,-0.0102
2024-04-19,746325,,
2024-04-19,746572,,
2024-04-19,746650,,
2024-04-19,746729,,
2024-04-19,746892,,
2024-04-19,747136,,
2024-04-20,744865,,
2024-04-20,745190,,
2024-04-20,745354,,
2024-04-20,745431,,
2024-04-20,745515,,
2024-04-20,745590,,
2024-04-20,745760,,0.8852
2024-04-20,745921,,
2024-04-20,746156,,
2024-04-20,746324,,
2024-04-20,746570,,
2024-04-20,746651,,0.1803
2024-04-20,746726,,
2024-04-20,746893,,
2024-04-20,747135,,
2024-04-21,744866,0.4393,
2024-04-21,745192,,
2024-04-21,745353,,
2024-04-21,745434,,0.4484
2024-04-21,745514,,
2024-04-21,745588,,
2024-04-21,745759,,
2024-04-21,745920,,
2024-04-21,746154,,
2024-04-21,746316,,
2024-04-21,746568,0.8258,0.1971
2024-04-21,746652,,0.7075
2024-04-21,746727,,-0.4938
2024-04-21,746894,,
2024-04-21,747133,,
2024-04-22,745107,,
2024-04-22,745191,,0.7010
2024-04-22,745351,,
2024-04-22,745519,,
2024-04-22,745757,,0.0587
2024-04-22,745916,,
2024-04-22,746242,,
2024-04-22,746319,,
2024-04-22,746565,,
2024-04-22,746723,,
2024-04-22,747134,,
2024-04-23,744863,,
2024-04-23,745026,,
2024-04-23,745102,,
2024-04-23,745193,,
2024-04-23,745348,,
2024-04-23,745516,,
2024-04-23,745754,,
2024-04-23,745917,,
2024-04-23,746246,,
2024-04-23,746321,,
2024-04-23,746566,,
2024-04-23,746647,,
2024-04-23,746722,,
2024-04-23,746888,,
2024-04-23,747130,,0.2775
2024-04-24,744864,,
2024-04-24,745028,,
2024-04-24,745099,,
2024-04-24,745188,,
2024-04-24,745346,,
2024-04-24,745513,,
2024-04-24,745753,0.6249,
2024-04-24,745919,0.8001,
2024-04-24,746244,,
2024-04-24,746317,,
2024-04-24,746567,,
2024-04-24,746649,,
2024-04-24,746725,,
2024-04-24,746889,,
2024-04-24,747132,,
2024-04-25,744867,0.1196,0.5708
2024-04-25,745027,,0.4941
2024-04-25,745512,,0.4200
2024-04-25,745755,0.3851,0.5729
2024-04-25,745918,,
2024-04-25,746320,,0.7841
2024-04-25,746564,,0.3456
2024-04-25,746646,,
2024-04-25,746724,1.5745,
2024-04-25,746887,,0.4097
2024-04-26,744949,,0.4683
2024-04-26,745025,0.5508,
2024-04-26,745269,,
2024-04-26,745347,,0.0634
2024-04-26,745424,0.3641,0.4956
2024-04-26,745835,,
2024-04-26,746000,0.1342,0.1627
2024-04-26,746078,,
2024-04-26,746243,,0.1255
2024-04-26,746482,,
2024-04-26,746808,0.2155,
2024-04-26,746972,,0.1362
2024-04-26,747050,0.1369,-0.0054
2024-04-26,747129,0.2134,
2024-04-27,744946,,
2024-04-27,745020,0.0327,
2024-04-27,745266,,0.6974
2024-04-27,745350,0.0514,
2024-04-27,745425,0.0428,
2024-04-27,745833,,
2024-04-27,745998,0.1650,
2024-04-27,746075,,
2024-04-27,746245,,
2024-04-27,746484,,
2024-04-27,746560,,0.0074
2024-04-27,746803,1.4356,
2024-04-27,746971,,
2024-04-27,747052,,
2024-04-27,747131,0.7415,
2024-04-28,744947,,-0.0075
2024-04-28,745022,,
2024-04-28,745265,,
2024-04-28,745349,,
2024-04-28,745428,,
2024-04-28,745834,0.5639,0.5955
2024-04-28,746001,0.0676,
2024-04-28,746077,0.2859,
2024-04-28,746237,,
2024-04-28,746483,,
2024-04-28,746561,,0.2518
2024-04-28,746805,,0.2191
2024-04-28,746967,,
2024-04-28,747045,0.6629,
2024-04-28,747125,,
2024-04-29,744945,,
2024-04-29,745263,0.3366,
2024-04-29,745427,,0.7171
2024-04-29,745672,-0.0373,0.4663
2024-04-29,745832,,-0.4437
2024-04-29,745999,0.0617,
2024-04-29,746074,1.5578,
2024-04-29,746236,0.0303,0.6436
2024-04-29,746481,,
2024-04-29,746804,,0.9230
2024-04-29,747046,0.6743,
2024-04-29,747211,-0.1809,
2024-04-30,744942,0.9035,0.2105
2024-04-30,745018,0.5610,
2024-04-30,745260,,0.3832
2024-04-30,745426,,
2024-04-30,745673,0.3632,0.3557
2024-04-30,745831,0.3587,0.6722
2024-04-30,745997,,
2024-04-30,746073,0.3183,
2024-04-30,746239,,0.5083
2024-04-30,746398,,0.5413
2024-04-30,746477,0.5053,
2024-04-30,746806,,0.2474
2024-04-30,746968,,
2024-04-30,747047,0.7186,0.0518
2024-04-30,747210,,
2024-05-01,744939,0.4366,0.4073
2024-05-01,745023,,0.4040
2024-05-01,745261,,0.5154
2024-05-01,745423,0.5275,0.4141
2024-05-01,745670,,0.1574
2024-05-01,745829,,
2024-05-01,745996,0.2478,0.2968
2024-05-01,746072,0.2231,
2024-05-01,746238,1.4386,0.1669
2024-05-01,746399,0.2234,
2024-05-01,746478,0.1960,
2024-05-01,746800,,
2024-05-01,746966,,0.2090
2024-05-01,747048,0.1376,-0.0378
2024-05-01,747207,0.1436,
2024-05-02,745021,,0.4379
2024-05-02,745830,,0.3280
2024-05-02,746070,,
2024-05-02,746403,0.2234,1.0010
2024-05-02,746969,0.1335,
2024-05-02,747044,-0.0154,
2024-05-03,744868,,0.0776
2024-05-03,745101,0.6886,1.3989
2024-05-03,745187,,
2024-05-03,745510,0.0595,-0.0736
2024-05-03,745589,,0.3855
2024-05-03,745665,0.1723,
2024-05-03,745756,,0.1271
2024-05-03,745914,,
2024-05-03,746152,,0.7187
2024-05-03,746318,,0.6139
2024-05-03,746402,0.8234,
2024-05-03,746645,,0.6814
2024-05-03,746721,0.6680,-0.0070
2024-05-03,746890,,
2024-05-03,747208,,
2024-05-04,744862,0.0040,1.2396
2024-05-04,745100,,0.7767
2024-05-04,745183,0.1884,0.5431
2024-05-04,745511,0.2400,
2024-05-04,745583,,-0.0014
2024-05-04,745666,0.2876,0.6848
2024-05-04,745750,,0.6243
2024-05-04,745911,,0.3972
2024-05-04,746155,,0.2269
2024-05-04,746311,,
2024-05-04,746394,1.2294,
2024-05-04,746644,,
2024-05-04,746720,,0.6849
2024-05-04,746884,,
2024-05-04,747209,0.9504,0.5984
2024-05-05,744861,,0.3716
2024-05-05,745103,-0.3887,0.0596
2024-05-05,745185,0.6871,
2024-05-05,745504,0.3463,-0.0667
2024-05-05,745587,0.6297,
2024-05-05,745667,,0.6348
2024-05-05,745751,-0.0612,0.5444
2024-05-05,745913,,
2024-05-05,746153,0.2983,-0.4007
2024-05-05,746314,0.3165,
2024-05-05,746395,0.4773,0.6234
2024-05-05,746643,0.6380,0.9371
2024-05-05,746719,0.1535,
2024-05-05,746883,-0.1938,0.3784
2024-05-05,747206,0.7255,1.0426
2024-05-06,745098,,
2024-05-06,745182,0.7951,0.5620
2024-05-06,745509,0.6035,0.3721
2024-05-06,745585,,1.1748
2024-05-06,745669,0.3748,0.3531
2024-05-06,745912,0.4137,
2024-05-06,746149,,
2024-05-06,746313,,0.7658
2024-05-06,746639,0.1748,0.2021
2024-05-06,746886,,
2024-05-07,744859,0.0216,
2024-05-07,745095,0.2470,0.2979
2024-05-07,745186,0.2700,0.1877
2024-05-07,745508,0.2339,
2024-05-07,745586,0.1168,0.0596
2024-05-07,745668,,0.1955
2024-05-07,745752,,0.2232
2024-05-07,745915,0.5714,
2024-05-07,746147,,0.1213
2024-05-07,746315,0.3188,0.4060
2024-05-07,746559,0.1617,0.2219
2024-05-07,746638,,0.2357
2024-05-07,746718,0.9034,-0.4284
2024-05-07,746885,,0.5355
2024-05-07,747126,0.2705,
2024-05-08,744858,,
2024-05-08,745097,0.4348,1.4149
2024-05-08,745184,0.8057,
2024-05-08,745507,0.0433,0.0178
2024-05-08,745584,0.4777,0.4330
2024-05-08,745659,,
2024-05-08,745664,,
2024-05-08,745749,1.2761,-0.1479
2024-05-08,745906,0.8276,
2024-05-08,746151,0.1696,0.6043
2024-05-08,746312,0.9005,0.6210
2024-05-08,746562,-0.7823,
2024-05-08,746640,,0.9085
2024-05-08,746717,,0.4322
2024-05-08,746879,-0.0894,
2024-05-08,747127,,0.0439
2024-05-09,745748,,0.1418
2024-05-09,745910,1.2899,0.4436
2024-05-09,745995,,
2024-05-09,746241,0.2573,0.8004
2024-05-09,746563,0.1238,0.1616
2024-05-09,746715,,0.0309
2024-05-09,746802,-0.0176,0.2268
2024-05-10,744940,,0.2682
2024-05-10,745094,0.5968,
2024-05-10,745264,0.7085,
2024-05-10,745340,0.7074,0.6921
2024-05-10,745421,0.1590,0.9788
2024-05-10,745506,0.4488,1.6719
2024-05-10,745827,,0.6839
2024-05-10,745993,0.6635,
2024-05-10,746071,0.0069,0.4224
2024-05-10,746240,,0.5649
2024-05-10,746479,,-0.2088
2024-05-10,746553,0.3789,0.2120
2024-05-10,746801,0.7678,0.7084
2024-05-10,746964,-0.0309,
2024-05-10,747043,0.6816,0.3912
2024-05-11,744943,,-0.0860
2024-05-11,745096,0.4383,0.8342
2024-05-11,745262,,0.3258
2024-05-11,745344,,
2024-05-11,745422,-0.5082,0.7218
2024-05-11,745505,,
2024-05-11,745828,0.1916,
2024-05-11,745994,0.5354,-0.0789
2024-05-11,746069,,
2024-05-11,746232,0.7671,0.4050
2024-05-11,746480,,-0.1339
2024-05-11,746554,0.3733,0.2079
2024-05-11,746797,0.2246,
2024-05-11,746963,1.0302,
2024-05-11,747041,1.1706,
2024-05-12,744941,,
2024-05-12,745092,0.2610,-0.0605
2024-05-12,745255,0.3850,0.3777
2024-05-12,745345,-0.3935,0.1472
2024-05-12,745419,,0.5316
2024-05-12,745499,0.5474,-0.1322
2024-05-12,745825,,-0.3033
2024-05-12,745990,0.2073,-0.0642
2024-05-12,746068,1.2133,
2024-05-12,746234,0.3283,0.2014
2024-05-12,746476,,0.2296
2024-05-12,746555,,
2024-05-12,746798,0.1268,0.2768
2024-05-12,746965,0.3117,
2024-05-12,747042,0.8832,0.2256
2024-05-13,745019,0.9559,
2024-05-13,745256,0.6547,0.7938
2024-05-13,745343,0.2616,-0.7908
2024-05-13,745420,0.2412,
2024-05-13,745826,0.0253,0.8057
2024-05-13,745991,0.3273,0.3562
2024-05-13,746233,,0.2541
2024-05-13,746393,0.1720,1.3291
2024-05-13,746471,1.5022,
2024-05-13,746799,,0.2677
2024-05-13,746961,0.4594,0.2844
2024-05-13,747040,0.1225,0.0368
2024-05-13,747128,0.6059,-0.0272
2024-05-13,747204,0.5247,
2024-05-14,745014,0.0177,
2024-05-14,745257,0.1274,1.2088
2024-05-14,745342,0.5662,0.1409
2024-05-14,745418,0.0679,-0.2533
2024-05-14,745821,0.4634,0.3550
2024-05-14,745909,-0.1848,0.2770
2024-05-14,745989,,0.8171
2024-05-14,746235,0.7611,0.8111
2024-05-14,746396,,
2024-05-14,746473,0.0093,0.4502
2024-05-14,746796,,0.7390
2024-05-14,746962,1.2885,
2024-05-14,747039,,
2024-05-14,747124,,0.0739
2024-05-14,747205,-0.1335,
2024-05-15,745015,0.6862,0.3336
2024-05-15,745259,0.5613,
2024-05-15,745341,,0.7290
2024-05-15,745417,0.2397,0.9024
2024-05-15,745582,,0.0901
2024-05-15,745908,0.1877,0.5214
2024-05-15,745992,-0.0971,
2024-05-15,746231,0.5100,0.5444
2024-05-15,746397,,
2024-05-15,746472,0.3739,-0.0576
2024-05-15,746795,0.0336,0.7961
2024-05-15,746960,,-0.3302
2024-05-15,747038,0.2250,
2024-05-15,747123,0.4311,0.8148
2024-05-15,747203,0.7292,0.6292
2024-05-16,745580,0.7238,
2024-05-16,745907,0.5283,0.9889
2024-05-16,746150,,-0.0313
2024-05-16,746391,,
2024-05-16,746881,1.6614,
2024-05-16,746959,0.8617,
2024-05-17,744934,-0.0375,0.5075
2024-05-17,745016,0.2756,0.4453
2024-05-17,745178,,0.5803
2024-05-17,745335,0.1845,
2024-05-17,745579,1.1658,1.1822
2024-05-17,745747,,0.4217
2024-05-17,746065,,
2024-05-17,746148,-0.3176,-0.5840
2024-05-17,746310,,0.6091
2024-05-17,746388,-0.2256,0.5962
2024-05-17,746641,,0.0251
2024-05-17,746878,,0.4132
2024-05-17,747037,0.4348,
2024-05-17,747122,0.7609,0.2019
2024-05-17,747201,-0.0515,1.0998
2024-05-18,744938,0.4670,-0.0468
2024-05-18,745013,0.1379,
2024-05-18,745177,0.0753,0.2086
2024-05-18,745339,,0.2344
2024-05-18,745581,0.3081,0.0039
2024-05-18,745744,,0.1947
2024-05-18,746067,-0.1606,
2024-05-18,746142,0.5873,
2024-05-18,746308,0.2097,0.3425
2024-05-18,746389,-0.1477,
2024-05-18,746642,0.6364,0.0756
2024-05-18,746882,-0.1785,0.4329
2024-05-18,747036,0.2423,0.5450
2024-05-18,747121,0.8274,0.1194
2024-05-18,747202,0.3157,0.7909
2024-05-19,744937,1.2445,
2024-05-19,745012,0.2787,0.4348
2024-05-19,745179,,
2024-05-19,745336,0.1982,-0.8334
2024-05-19,745577,0.5788,0.4224
2024-05-19,745745,0.7983,-0.1298
2024-05-19,746064,0.8648,0.9397
2024-05-19,746144,-0.1592,
2024-05-19,746306,0.5671,0.6803
2024-05-19,746392,0.4860,1.1765
2024-05-19,746636,0.2974,1.0560
2024-05-19,746880,0.3123,
2024-05-19,747035,0.7618,0.0455
2024-05-19,747120,0.4176,
2024-05-19,747198,,
2024-05-20,744857,0.4999,0.3695
2024-05-20,744935,0.3583,0.0915
2024-05-20,745093,-0.2921,
2024-05-20,745181,0.0362,0.7936
2024-05-20,745746,1.3683,0.2107
2024-05-20,746066,0.8579,0.0182
2024-05-20,746146,,0.2454
2024-05-20,746307,0.5093,0.1234
2024-05-20,746390,0.8023,
2024-05-20,746637,,-0.0541
2024-05-20,747119,-0.2680,0.0194
2024-05-21,744860,0.9072,-0.0494
2024-05-21,744936,0.4656,0.1450
2024-05-21,745090,,0.8358
2024-05-21,745180,,0.4275
2024-05-21,745503,0.7785,-0.0861
2024-05-21,745578,0.3044,0.0552
2024-05-21,745662,0.0531,
2024-05-21,745742,,0.5704
2024-05-21,746058,,0.2275
2024-05-21,746145,0.6101,0.5628
2024-05-21,746309,-0.0253,0.5625
2024-05-21,746385,0.5153,
2024-05-21,746633,0.3396,
2024-05-21,746716,0.3937,0.7215
2024-05-21,746875,0.5956,0.3938
2024-05-22,744856,,1.2023
2024-05-22,744933,,0.4695
2024-05-22,745089,0.1545,0.0833
2024-05-22,745173,,0.5617
2024-05-22,745502,,1.5290
2024-05-22,745576,,
2024-05-22,745661,0.1728,
2024-05-22,745743,0.3999,0.4018
2024-05-22,746063,-0.1901,0.8161
2024-05-22,746143,,-0.0351
2024-05-22,746304,-0.0995,0.6385
2024-05-22,746386,0.1896,0.5987
2024-05-22,746634,0.7128,0.0064
2024-05-22,746712,0.9460,
2024-05-22,746876,0.3183,0.2745
2024-05-23,745500,,
2024-05-23,745573,0.4496,1.1142
2024-05-23,745660,0.1439,
2024-05-23,745741,0.2418,0.1732
2024-05-23,746474,-0.0874,0.1877
2024-05-23,746714,0.7418,-0.0499
2024-05-23,746792,0.6045,
2024-05-23,746874,,
2024-05-24,744853,0.7345,0.3117
2024-05-24,745087,0.3173,0.0953
2024-05-24,745175,0.3265,0.6154
2024-05-24,745415,-0.1933,0.3960
2024-05-24,745501,,-0.1994
2024-05-24,745663,,0.2237
2024-05-24,745822,0.2331,
2024-05-24,745905,,0.4517
2024-05-24,746227,0.1265,0.1033
2024-05-24,746475,,
2024-05-24,746558,-0.0623,
2024-05-24,746713,-0.4623,0.7536
2024-05-24,746793,0.0503,0.7385
2024-05-24,746956,,-0.0611
2024-05-24,747200,,0.8162
2024-05-25,744851,1.3143,0.5759
2024-05-25,745086,0.6880,1.1201
2024-05-25,745176,0.0520,0.1397
2024-05-25,745411,0.2472,-0.2292
2024-05-25,745493,-0.0678,0.2554
2024-05-25,745658,1.2865,0.4193
2024-05-25,745823,-1.2893,-0.1628
2024-05-25,745901,0.3001,0.2842
2024-05-25,746226,0.9376,0.2931
2024-05-25,746470,0.0439,0.4963
2024-05-25,746556,0.4242,0.2192
2024-05-25,746710,,-0.2439
2024-05-25,746794,,0.3842
2024-05-25,746958,,0.3733
2024-05-25,747199,0.9096,
2024-05-26,744855,,0.1096
2024-05-26,745088,0.1243,
2024-05-26,745172,0.3265,0.6701
2024-05-26,745413,0.5963,0.3987
2024-05-26,745498,0.1113,-0.0131
2024-05-26,745653,-0.0151,
2024-05-26,745824,0.7727,0.8277
2024-05-26,745902,,0.5373
2024-05-26,746230,-0.1602,0.7821
2024-05-26,746469,0.1618,-0.1453
2024-05-26,746557,0.1343,0.0464
2024-05-26,746711,0.2222,
2024-05-26,746789,,0.4087
2024-05-26,746957,0.1370,-0.3040
2024-05-26,747197,0.0376,
2024-05-27,745254,0.2728,0.3988
2024-05-27,745338,,
2024-05-27,745416,0.4515,0.8621
2024-05-27,745816,0.5997,0.6605
2024-05-27,745904,0.5121,0.8840
2024-05-27,745986,0.4305,
2024-05-27,746549,,
2024-05-27,746708,0.3579,0.7189
2024-05-27,746788,0.5112,
2024-05-27,747034,,0.5422
2024-05-27,747118,0.3128,0.6181
2024-05-28,745017,0.6094,0.5345
2024-05-28,745091,,0.7929
2024-05-28,745258,0.5732,0.1710
2024-05-28,745337,1.1290,
2024-05-28,745412,0.8345,0.6583
2024-05-28,745818,0.0254,
2024-05-28,745903,0.5984,
2024-05-28,745987,-0.0953,-0.2663
2024-05-28,746229,0.5036,0.4853
2024-05-28,746468,,
2024-05-28,746552,0.0163,0.0423
2024-05-28,746709,0.6154,0.7260
2024-05-28,746791,-0.1291,
2024-05-28,747033,0.0805,0.5165
2024-05-28,747115,1.1942,0.2816
2024-05-29,745011,1.0265,0.8838
2024-05-29,745084,,0.0488
2024-05-29,745250,-0.4181,0.7297
2024-05-29,745333,-0.0399,0.2489
2024-05-29,745414,,0.4246
2024-05-29,745817,-0.4127,
2024-05-29,745900,0.3547,0.4522
2024-05-29,745988,0.3696,0.1495
2024-05-29,746228,0.1741,0.2090
2024-05-29,746467,1.4571,0.0091
2024-05-29,746551,0.1490,0.8457
2024-05-29,746706,,0.0094
2024-05-29,746790,,0.8065
2024-05-29,747031,-0.1027,-0.0106
2024-05-29,747117,0.3284,
2024-05-30,745081,,0.2047
2024-05-30,745249,1.0105,1.3187
2024-05-30,745819,0.8222,
2024-05-30,745898,,0.3366
2024-05-30,745985,0.1269,0.6572
2024-05-30,746225,-0.2429,0.1366
2024-05-30,746954,0.1927,0.5363
2024-05-30,747114,0.6393,
2024-05-31,744928,-0.2241,0.1239
2024-05-31,745253,0.3341,
2024-05-31,745331,0.2171,-1.2381
2024-05-31,745574,0.1079,0.4628
2024-05-31,745820,,-0.1846
2024-05-31,745983,0.3999,0.0465
2024-05-31,746059,,0.7962
2024-05-31,746140,0.1843,0.7688
2024-05-31,746303,-0.2088,0.0110
2024-05-31,746387,0.5765,0.0536
2024-05-31,746635,0.1933,0.8364
2024-05-31,746877,0.8170,0.3066
2024-05-31,746955,,-0.2484
2024-05-31,747032,1.1394,
2024-05-31,747116,0.4352,-0.0601
2024-06-01,744932,0.2033,0.1750
2024-06-01,745251,0.7640,0.4040
2024-06-01,745332,,0.7630
2024-06-01,745575,0.6812,0.1068
2024-06-01,745812,,0.9120
2024-06-01,745980,0.5657,
2024-06-01,746062,0.2735,0.0004
2024-06-01,746138,0.0443,0.2921
2024-06-01,746305,0.9246,0.4294
2024-06-01,746384,0.8458,0.2381
2024-06-01,746629,0.1334,-0.1248
2024-06-01,746870,-0.2873,0.3626
2024-06-01,746952,0.4457,-0.0220
2024-06-01,747029,,
2024-06-01,747111,,0.1334
2024-06-02,744929,,0.2998
2024-06-02,745252,0.4708,0.1745
2024-06-02,745330,0.6061,0.1007
2024-06-02,745572,0.4641,
2024-06-02,745813,0.5288,0.6768
2024-06-02,745984,,-0.3654
2024-06-02,746061,0.3918,0.3943
2024-06-02,746141,0.0923,0.6311
2024-06-02,746301,0.8227,0.6715
2024-06-02,746383,-0.0798,0.5455
2024-06-02,746632,1.1375,0.6315
2024-06-02,746871,0.7080,-0.0719
2024-06-02,746953,-0.1961,0.1686
2024-06-02,747030,0.8060,0.4639
2024-06-02,747110,,0.6243
2024-06-03,744854,,0.3304
2024-06-03,744930,0.5445,-0.2073
2024-06-03,745009,0.0875,0.6040
2024-06-03,745569,,1.1813
2024-06-03,746224,0.6625,0.0361
2024-06-03,746382,0.5370,-0.4244
2024-06-03,746548,0.7370,0.0221
2024-06-03,747194,,0.9428
2024-06-04,744850,,
2024-06-04,744931,0.0233,
2024-06-04,745010,0.2402,0.8166
2024-06-04,745497,-0.0627,1.3111
2024-06-04,745568,,-0.1219
2024-06-04,745656,0.7231,
2024-06-04,745739,0.4748,0.1152
2024-06-04,746060,0.0640,0.8021
2024-06-04,746222,,0.1221
2024-06-04,746380,,1.1351
2024-06-04,746550,0.0788,0.5246
2024-06-04,746630,0.4009,0.0109
2024-06-04,746872,0.9205,0.4105
2024-06-04,746949,0.3145,-0.0096
2024-06-04,747196,0.2507,
2024-06-05,744852,-0.3206,0.2052
2024-06-05,744927,0.6990,0.1095
2024-06-05,745007,,
2024-06-05,745494,-0.4201,
2024-06-05,745570,,0.3876
2024-06-05,745654,1.2794,
2024-06-05,745740,0.3337,-0.2743
2024-06-05,746056,0.4270,
2024-06-05,746221,-0.2849,0.3479
2024-06-05,746379,0.1124,0.0183
2024-06-05,746544,0.8157,0.1906
2024-06-05,746628,0.6793,
2024-06-05,746873,0.3515,0.1943
2024-06-05,746950,,0.4972
2024-06-05,747195,-1.1378,0.1251
2024-06-06,744844,-0.0927,0.1950
2024-06-06,744923,,0.1940
2024-06-06,745174,0.0002,0.7561
2024-06-06,745408,,0.9295
2024-06-06,745495,0.9199,-0.2863
2024-06-06,745657,0.3369,0.5509
2024-06-06,745738,0.5763,0.2562
2024-06-06,746631,0.6780,1.0177
2024-06-06,746707,0.3550,-0.4274
2024-06-06,746784,-0.2376,
2024-06-07,744845,0.2248,1.1668
2024-06-07,745008,0.7362,0.3424
2024-06-07,745083,0.4962,1.0021
2024-06-07,745169,0.1314,0.5338
2024-06-07,745406,0.5211,0.8212
2024-06-07,745496,0.9412,0.2987
2024-06-07,745655,0.2693,
2024-06-07,745737,0.3715,
2024-06-07,746053,0.2489,-0.0138
2024-06-07,746220,0.2707,0.4316
2024-06-07,746302,0.3945,
2024-06-07,746466,0.0955,0.4602
2024-06-07,746704,0.5757,0.6512
2024-06-07,746785,0.0744,0.5032
2024-06-08,744848,0.6864,0.3166
2024-06-08,745001,,0.3922
2024-06-08,745082,1.3396,0.8285
2024-06-08,745166,0.0705,0.4783
2024-06-08,745410,0.9328,0.7388
2024-06-08,745492,-0.0385,
2024-06-08,745652,-0.2601,
2024-06-08,745735,0.6061,0.6132
2024-06-08,745814,0.1681,0.8689
2024-06-08,746057,-0.1544,0.2714
2024-06-08,746223,0.4653,0.0748
2024-06-08,746300,0.1759,0.4312
2024-06-08,746461,-0.0972,-0.0711
2024-06-08,746703,-0.0363,0.7728
2024-06-08,746786,0.1440,
2024-06-09,744849,,
2024-06-09,745003,0.1765,0.6112
2024-06-09,745085,0.6032,0.8134
2024-06-09,745167,0.5935,
2024-06-09,745407,,
2024-06-09,745491,0.4733,1.3708
2024-06-09,745571,0.6316,0.3116
2024-06-09,745651,,0.2334
2024-06-09,745736,-0.0590,0.1389
2024-06-09,746054,0.6724,0.5565
2024-06-09,746216,-0.3754,0.0510
2024-06-09,746297,0.6963,0.6793
2024-06-09,746463,0.3768,0.0421
2024-06-09,746705,0.4190,0.1573
2024-06-09,746787,,0.9102
2024-06-10,745080,-0.0353,0.0983
2024-06-10,745248,0.3740,1.3999
2024-06-10,745334,1.2237,0.1758
2024-06-10,745409,,-0.3810
2024-06-10,745897,0.1743,0.5145
2024-06-10,745982,0.1548,0.5798
2024-06-10,746295,-0.2613,0.3808
2024-06-11,745077,0.1866,0.4325
2024-06-11,745170,,0.1162
2024-06-11,745244,,
2024-06-11,745327,-0.0096,-1.0403
2024-06-11,745404,0.5930,0.9070
2024-06-11,745815,0.8241,0.5585
2024-06-11,745899,0.0844,
2024-06-11,745981,0.3099,
2024-06-11,746139,0.8228,-0.3924
2024-06-11,746296,0.2839,0.5933
2024-06-11,746464,0.2607,-0.0849
2024-06-11,746702,0.0293,
2024-06-11,746951,1.1978,0.0459
2024-06-11,747027,0.3404,0.6722
2024-06-11,747190,,0.1205
2024-06-12,745079,0.3846,0.9556
2024-06-12,745171,-0.2078,0.7804
2024-06-12,745246,,0.4004
2024-06-12,745328,0.2091,0.7329
2024-06-12,745405,,0.7828
2024-06-12,745811,0.4477,
2024-06-12,745896,0.1738,0.6223
2024-06-12,745978,0.2399,0.0239
2024-06-12,746137,0.2721,0.7100
2024-06-12,746294,,
2024-06-12,746462,1.1579,0.5095
2024-06-12,746701,1.0854,0.6592
2024-06-12,746948,-0.1678,0.4096
2024-06-12,747028,,
2024-06-12,747193,0.4146,0.7449
2024-06-13,745075,0.5304,1.0505
2024-06-13,745168,0.3532,0.4901
2024-06-13,745245,0.3719,0.5335
2024-06-13,745809,0.3876,-0.3505
2024-06-13,745894,,0.8619
2024-06-13,746136,0.3907,
2024-06-13,746299,0.6046,0.4442
2024-06-13,746465,0.1608,-0.1297
2024-06-13,746944,0.3958,-0.2299
2024-06-13,747026,-0.1461,0.3805
2024-06-13,747192,0.4243,0.5071
2024-06-14,744847,,0.2020
2024-06-14,744924,0.2302,-0.2375
2024-06-14,745247,0.3784,0.1125
2024-06-14,745326,0.0237,
2024-06-14,745810,0.8049,0.8979
2024-06-14,745892,0.1959,-0.1705
2024-06-14,745979,-0.5106,-0.0326
2024-06-14,746134,0.7678,0.6085
2024-06-14,746378,0.0162,0.6058
2024-06-14,746545,,0.0456
2024-06-14,746869,0.4650,0.2537
2024-06-14,746947,0.1607,0.1192
2024-06-14,747025,0.1017,1.2923
2024-06-14,747112,0.8592,0.1925
2024-06-14,747191,0.9543,0.8530
2024-06-15,744846,0.5001,
2024-06-15,744925,0.6380,
2024-06-15,745241,0.5419,0.7154
2024-06-15,745329,0.0030,0.1744
2024-06-15,745805,,0.6759
2024-06-15,745891,0.5198,0.4174
2024-06-15,745976,0.7426,
2024-06-15,746135,0.4613,0.3444
2024-06-15,746381,0.2402,1.0149
2024-06-15,746547,1.4308,0.6162
2024-06-15,746865,,0.4035
2024-06-15,746946,-0.3017,0.1322
2024-06-15,747024,0.3923,0.6413
2024-06-15,747113,0.0190,0.7098
2024-06-15,747187,0.3132,
2024-06-16,744839,0.8951,0.2519
2024-06-16,744926,-0.1450,0.1154
2024-06-16,745242,0.7061,1.3798
2024-06-16,745321,,
2024-06-16,745807,-0.4246,0.5073
2024-06-16,745895,0.5169,0.4465
2024-06-16,745977,0.1318,0.6198
2024-06-16,746130,0.6103,-0.0851
2024-06-16,746377,-0.1302,0.0055
2024-06-16,746546,,0.1690
2024-06-16,746866,0.1367,0.1418
2024-06-16,746945,0.2981,0.0383
2024-06-16,747023,1.2175,0.0633
2024-06-16,747109,0.4709,
2024-06-16,747189,,0.1026
2024-06-17,744918,0.3410,0.3140
2024-06-17,745005,,0.3404
2024-06-17,745490,,
2024-06-17,745567,0.8358,-0.1436
2024-06-17,746055,0.7943,0.5478
2024-06-17,746215,,
2024-06-17,746543,-0.3108,0.1498
2024-06-17,746868,-0.9986,0.3918
2024-06-17,747108,0.4983,0.3816
2024-06-18,744843,0.7742,1.1413
2024-06-18,744917,-0.2215,0.1809
2024-06-18,745004,-0.3843,0.4657
2024-06-18,745488,0.7109,-0.2261
2024-06-18,745563,0.7272,0.5056
2024-06-18,745650,0.3902,
2024-06-18,745733,0.6807,0.5814
2024-06-18,745893,0.7781,0.5103
2024-06-18,746049,0.4603,0.5908
2024-06-18,746217,0.0417,0.4331
2024-06-18,746542,0.6762,0.2747
2024-06-18,746627,0.3699,0.0564
2024-06-18,746783,0.1121,
2024-06-18,746867,0.7211,0.5097
2024-06-18,747107,-0.1508,
2024-06-19,744842,0.5317,0.1843
2024-06-19,744920,0.1663,-0.1712
2024-06-19,745002,0.6803,0.3699
2024-06-19,745489,-0.4414,0.3318
2024-06-19,745561,0.8302,0.1332
2024-06-19,745646,0.8405,
2024-06-19,745732,,
2024-06-19,745887,1.0149,0.9038
2024-06-19,746050,,
2024-06-19,746219,-0.0531,-0.0223
2024-06-19,746538,,0.0184
2024-06-19,746625,0.1858,1.1179
2024-06-19,746781,0.7148,0.2975
2024-06-19,746864,,0.3929
2024-06-19,747106,0.0348,-0.2382
2024-06-20,744841,0.8606,0.2190
2024-06-20,745164,0.2403,
2024-06-20,745401,0.3614,
2024-06-20,745645,0.4467,0.0727
2024-06-20,745734,0.2033,0.1588
2024-06-20,745889,0.7816,-0.0222
2024-06-20,746539,0.5380,0.6127
2024-06-20,746626,0.0962,0.1864
2024-06-20,746782,0.8757,0.9284
2024-06-21,745006,0.6087,0.5023
2024-06-21,745403,0.5496,-0.4214
2024-06-21,745483,0.0062,
2024-06-21,745562,0.1623,0.3937
2024-06-21,745649,0.3818,0.5426
2024-06-21,745729,0.2412,-0.1910
2024-06-21,746052,0.7016,0.6235
2024-06-21,746131,-0.0371,
2024-06-21,746375,0.6117,
2024-06-21,746460,0.2539,0.3446
2024-06-21,746540,,0.1675
2024-06-21,746624,,0.6383
2024-06-21,746698,-0.0319,0.7657
2024-06-21,746861,0.6661,0.4093
2024-06-22,744997,0.1715,0.3729
2024-06-22,745163,-0.9924,0.1400
2024-06-22,745402,,0.8197
2024-06-22,745486,0.3370,1.4161
2024-06-22,745564,0.3774,1.2157
2024-06-22,745644,0.4677,0.3634
2024-06-22,745731,0.7208,0.3096
2024-06-22,746048,1.3093,
2024-06-22,746132,,-0.0915
2024-06-22,746376,0.0650,0.0125
2024-06-22,746459,,-0.0966
2024-06-22,746541,0.2343,0.2767
2024-06-22,746622,0.1199,-0.0887
2024-06-22,746700,0.4459,0.1414
2024-06-22,746863,0.2345,0.0030
2024-06-23,745000,0.3533,
2024-06-23,745165,0.6958,0.7864
2024-06-23,745396,0.0776,0.7492
2024-06-23,745485,0.7140,0.7894
2024-06-23,745566,0.7800,-0.1114
2024-06-23,745648,0.4959,
2024-06-23,745727,0.3861,0.5511
2024-06-23,746051,0.3743,
2024-06-23,746373,0.6339,0.2248
2024-06-23,746457,,0.4686
2024-06-23,746536,1.1350,
2024-06-23,746621,0.3500,0.0189
2024-06-23,746699,,0.6743
2024-06-23,746862,-0.3841,0.3506
2024-06-24,745078,0.1743,0.9811
2024-06-24,745160,,0.4203
2024-06-24,745323,0.5573,0.1471
2024-06-24,745397,0.1422,0.8116
2024-06-24,745974,0.4337,-0.1027
2024-06-24,746218,0.6267,0.4344
2024-06-24,746298,0.5929,0.8547
2024-06-24,746458,0.6144,-0.1492
2024-06-24,746696,-0.2237,
2024-06-24,746780,-0.3401,0.3388
2024-06-24,746941,0.1821,-0.2096
2024-06-24,747021,1.0382,
2024-06-25,745076,0.0591,0.7946
2024-06-25,745157,-0.2448,0.3925
2024-06-25,745322,0.3863,
2024-06-25,745399,0.1712,
2024-06-25,745806,,
2024-06-25,745973,0.3148,
2024-06-25,746213,0.0101,-0.1704
2024-06-25,746293,,0.4596
2024-06-25,746372,0.2688,0.7322
2024-06-25,746454,0.1602,-0.0092
2024-06-25,746697,0.3635,-0.4867
2024-06-25,746775,,0.8926
2024-06-25,746943,-0.2146,0.1663
2024-06-25,747022,0.2077,0.1957
2024-06-25,747188,0.9133,0.5280
2024-06-26,745073,0.6719,-0.0404
2024-06-26,745158,0.1061,
2024-06-26,745325,,
2024-06-26,745400,,-0.3863
2024-06-26,745808,0.1889,0.6560
2024-06-26,745975,0.5023,
2024-06-26,746212,0.5531,
2024-06-26,746291,,0.6062
2024-06-26,746374,0.0053,0.9151
2024-06-26,746456,-0.1932,
2024-06-26,746695,,0.7088
2024-06-26,746777,0.5291,0.2065
2024-06-26,746942,,0.4241
2024-06-26,747019,0.5824,0.5898
2024-06-26,747184,0.0409,0.8331
2024-06-27,744919,-0.1990,0.1620
2024-06-27,745162,0.7589,0.1310
2024-06-27,745324,0.3348,-1.0314
2024-06-27,745565,0.7662,1.1802
2024-06-27,746210,0.3337,
2024-06-27,746288,-0.1024,0.1005
2024-06-27,747020,0.3392,0.0491
2024-06-27,747185,,0.1624
2024-06-28,744922,0.3065,0.3166
2024-06-28,745070,0.2156,0.2612
2024-06-28,745161,0.1609,
2024-06-28,745238,0.4780,1.2664
2024-06-28,745319,,0.6891
2024-06-28,745560,,-0.0939
2024-06-28,745804,-0.0016,0.6478
2024-06-28,745970,-0.0459,0.4938
2024-06-28,746214,-0.1046,
2024-06-28,746292,0.0796,0.3616
2024-06-28,746776,0.1755,
2024-06-28,746939,0.8018,0.3912
2024-06-28,747017,,0.6807
2024-06-28,747105,0.0806,0.7493
2024-06-28,747183,0.3968,0.6734
2024-06-29,744921,0.5437,0.1536
2024-06-29,745071,1.0443,0.6604
2024-06-29,745159,,0.7584
2024-06-29,745239,0.4505,0.3464
2024-06-29,745317,-0.0755,0.2181
2024-06-29,745559,0.5368,0.6541
2024-06-29,745801,0.2971,-0.0889
2024-06-29,745972,0.4519,-0.1113
2024-06-29,746211,0.4751,0.4184
2024-06-29,746289,1.0123,0.8440
2024-06-29,746778,0.2961,-0.2424
2024-06-29,746940,0.7490,-0.1843
2024-06-29,747018,0.4101,0.4890
2024-06-29,747104,0.7070,0.3461
2024-06-29,747186,0.3029,0.8226
2024-06-30,744916,,-0.1999
2024-06-30,745072,0.1367,0.9447
2024-06-30,745154,-0.4589,0.4282
2024-06-30,745243,0.9137,0.0278
2024-06-30,745320,-0.3401,
2024-06-30,745555,,0.1200
2024-06-30,745802,,-0.4207
2024-06-30,745971,0.3718,-0.1756
2024-06-30,746209,-0.1731,-0.1743
2024-06-30,746290,0.2637,0.4367
2024-06-30,746779,,0.2866
2024-06-30,746938,0.7961,
2024-06-30,747016,0.2937,0.1939
2024-06-30,747101,-0.1973,
2024-06-30,747182,0.7202,0.5024
2024-07-01,744840,,0.1671
2024-07-01,744914,0.7261,0.1905
2024-07-01,746535,,0.2826
2024-07-02,744838,0.6801,
2024-07-02,744913,0.8628,0.1759
2024-07-02,744999,-0.4319,0.4964
2024-07-02,745240,0.5728,0.6603
2024-07-02,745482,0.4090,0.3106
2024-07-02,745647,0.4536,-0.0550
2024-07-02,745730,0.7543,0.1662
2024-07-02,745886,-0.0375,-0.0034
2024-07-02,746047,0.0173,
2024-07-02,746133,,-0.0440
2024-07-02,746282,0.7985,0.6032
2024-07-02,746537,,0.0006
2024-07-02,746623,0.8751,0.4707
2024-07-02,746860,,
2024-07-02,747102,,-0.3246
2024-07-03,744837,,0.2057
2024-07-03,744915,0.0128,0.2824
2024-07-03,744998,,0.3734
2024-07-03,745234,-0.1266,1.2721
2024-07-03,745487,0.2042,1.3809
2024-07-03,745643,,0.5439
2024-07-03,745728,0.7569,-0.0698
2024-07-03,745888,,
2024-07-03,746045,0.1474,0.7250
2024-07-03,746128,,0.4940
2024-07-03,746283,-0.0464,0.1688
2024-07-03,746534,0.5279,0.1736
2024-07-03,746617,0.1450,
2024-07-03,746858,1.1633,0.3043
2024-07-03,747100,-0.9771,0.2769
2024-07-04,744834,0.6428,1.0298
2024-07-04,744912,0.3120,0.1547
2024-07-04,744996,0.7461,
2024-07-04,745236,0.0635,0.4080
2024-07-04,745484,0.0478,0.1595
2024-07-04,745641,,0.4599
2024-07-04,745726,0.1862,0.2846
2024-07-04,745890,-0.1060,0.4711
2024-07-04,746043,0.4245,
2024-07-04,746126,0.7863,0.1394
2024-07-04,746285,0.2191,0.3737
2024-07-04,746532,-0.1192,0.2956
2024-07-04,746619,,-0.0920
2024-07-04,746857,-0.1079,0.0219
2024-07-04,747103,0.6989,0.7754
2024-07-05,744836,0.6749,0.2117
2024-07-05,744992,,0.3981
2024-07-05,745237,-0.2032,0.0142
2024-07-05,745398,0.6120,0.7828
2024-07-05,745479,-0.3997,0.6452
2024-07-05,745639,0.5945,0.3628
2024-07-05,745725,-0.1854,0.5138
2024-07-05,745884,,0.4390
2024-07-05,746046,,
2024-07-05,746127,0.5830,-0.0904
2024-07-05,746533,0.7866,0.3697
2024-07-05,746620,0.2901,0.9852
2024-07-05,746693,0.4530,
2024-07-05,746859,0.4210,0.3492
2024-07-05,747097,0.6761,0.3523
2024-07-06,744835,0.4416,0.1410
2024-07-06,744995,0.8224,0.2984
2024-07-06,745235,0.1095,0.6581
2024-07-06,745395,0.4949,0.7952
2024-07-06,745476,0.5263,-0.2001
2024-07-06,745642,0.6865,0.6458
2024-07-06,745724,,
2024-07-06,745885,0.7475,0.9093
2024-07-06,746044,0.2934,
2024-07-06,746129,-0.1536,-0.2993
2024-07-06,746529,0.3871,0.2612
2024-07-06,746615,0.1328,0.2079
2024-07-06,746694,,-0.5174
2024-07-06,746856,-0.0983,0.3378
2024-07-06,747099,0.1067,0.6832
2024-07-07,744832,0.3494,0.1128
2024-07-07,744993,0.7597,0.4445
2024-07-07,745233,0.1950,0.6647
2024-07-07,745391,0.9583,-0.3657
2024-07-07,745477,0.6813,
2024-07-07,745637,0.5411,0.0180
2024-07-07,745723,0.0051,0.1550
2024-07-07,745883,0.9091,-0.0075
2024-07-07,746039,-0.1034,
2024-07-07,746122,,
2024-07-07,746530,0.5996,
2024-07-07,746616,,0.4848
2024-07-07,746691,-0.0320,0.7385
2024-07-07,746855,0.4994,0.7316
2024-07-07,747098,,-0.3075
2024-07-08,744833,0.1712,0.2355
2024-07-08,745480,,0.3367
2024-07-08,746208,0.3736,
2024-07-08,746455,,
2024-07-08,746692,0.0304,0.7355
2024-07-08,746771,0.4330,0.9153
2024-07-08,747181,0.1668,
2024-07-09,745074,-0.0769,0.0245
2024-07-09,745155,0.3291,0.0183
2024-07-09,745316,0.2708,0.1299
2024-07-09,745393,1.2990,0.5270
2024-07-09,745557,0.2242,1.0716
2024-07-09,745803,1.0141,0.6341
2024-07-09,745968,,0.5163
2024-07-09,746206,,
2024-07-09,746368,0.6060,-0.0543
2024-07-09,746451,-0.1067,-0.0423
2024-07-09,746690,0.2803,0.6374
2024-07-09,746773,0.4445,
2024-07-09,746937,0.5670,0.1833
2024-07-09,747014,0.0185,-0.0956
2024-07-09,747180,0.2197,1.0346
2024-07-10,745069,0.2625,0.1761
2024-07-10,745156,0.1953,
2024-07-10,745318,0.1091,0.6427
2024-07-10,745394,0.4318,0.6907
2024-07-10,745556,0.5448,-0.1527
2024-07-10,745796,0.1759,-0.4065
2024-07-10,745969,0.1352,-0.2647
2024-07-10,746205,0.4415,0.3862
2024-07-10,746366,,0.2005
2024-07-10,746453,1.0182,0.4390
2024-07-10,746689,0.3110,0.2150
2024-07-10,746772,0.4769,0.1713
2024-07-10,746934,0.4534,0.4245
2024-07-10,747015,0.3146,0.0504
2024-07-10,747179,0.7586,0.4078
2024-07-11,745065,0.4899,
2024-07-11,745313,-0.2167,-0.9843
2024-07-11,745558,,0.6739
2024-07-11,745799,0.1906,0.4342
2024-07-11,745967,0.6595,0.5710
2024-07-11,746204,0.0280,
2024-07-11,746452,,0.3374
2024-07-11,746688,0.2048,-0.5589
2024-07-11,746935,0.3974,-0.1785
2024-07-11,747011,0.3375,0.4151
2024-07-11,747178,0.3393,0.5395
2024-07-12,745064,0.4971,0.8436
2024-07-12,745153,0.2337,0.5793
2024-07-12,745312,0.9091,0.2035
2024-07-12,745390,0.7696,0.8447
2024-07-12,745552,0.2078,0.1240
2024-07-12,745800,,0.6792
2024-07-12,745965,,-0.2107
2024-07-12,746207,0.2079,-0.1095
2024-07-12,746371,0.3254,0.7451
2024-07-12,746450,-0.2935,-0.0736
2024-07-12,746685,,
2024-07-12,746774,,0.3147
2024-07-12,746936,0.8179,0.1366
2024-07-12,747012,0.4785,0.4486
2024-07-12,747175,0.2035,0.8619
2024-07-13,745067,,0.7424
2024-07-13,745152,0.8353,0.4375
2024-07-13,745311,0.0033,
2024-07-13,745392,-0.3500,-0.3890
2024-07-13,745549,-0.0729,
2024-07-13,745798,0.0456,0.5899
2024-07-13,745963,0.2813,
2024-07-13,746202,0.6631,0.4690
2024-07-13,746369,0.4109,0.8432
2024-07-13,746447,,
2024-07-13,746687,,0.6857
2024-07-13,746766,,0.8971
2024-07-13,746930,0.3910,0.0098
2024-07-13,747013,0.1657,0.5642
2024-07-13,747177,0.2128,
2024-07-14,745066,-0.1136,-0.0071
2024-07-14,745151,0.0731,0.1104
2024-07-14,745314,0.4034,0.1244
2024-07-14,745385,0.2006,0.8086
2024-07-14,745551,0.4819,
2024-07-14,745797,,0.6549
2024-07-14,745962,1.0231,
2024-07-14,746201,1.2727,
2024-07-14,746370,,-0.1195
2024-07-14,746449,,
2024-07-14,746686,0.6072,0.6001
2024-07-14,746769,0.2999,
2024-07-14,746932,0.6226,0.1138
2024-07-14,747009,-0.0981,-0.1301
2024-07-14,747176,0.2957,0.9547
2024-07-19,744829,0.2441,0.2026
2024-07-19,744911,0.3741,0.1557
2024-07-19,744990,0.0729,0.4272
2024-07-19,745228,0.7406,0.0335
2024-07-19,745481,0.7332,0.0925
2024-07-19,745640,0.3844,0.4446
2024-07-19,745721,0.1322,0.3829
2024-07-19,746040,0.6813,
2024-07-19,746123,0.3996,0.5834
2024-07-19,746284,0.8878,0.2146
2024-07-19,746531,0.1831,0.3161
2024-07-19,746618,0.8663,1.0370
2024-07-19,746854,0.7946,0.3242
2024-07-19,747093,0.4253,0.7307
2024-07-20,744830,0.5689,0.1838
2024-07-20,744910,0.3953,0.2801
2024-07-20,744994,0.5449,
2024-07-20,745229,0.2105,0.6590
2024-07-20,745478,-0.1678,
2024-07-20,745638,,0.0504
2024-07-20,745720,0.9121,0.4650
2024-07-20,745880,-0.2201,0.4320
2024-07-20,746041,-0.3812,0.3548
2024-07-20,746121,0.0337,
2024-07-20,746286,-0.1310,0.6108
2024-07-20,746527,0.6534,0.2798
2024-07-20,746613,-0.4607,
2024-07-20,746852,0.9489,0.2160
2024-07-20,747096,0.5135,0.0640
2024-07-21,744831,0.6844,1.0242
2024-07-21,744909,,-0.1973
2024-07-21,744991,0.0264,0.3294
2024-07-21,745230,-0.1129,0.2222
2024-07-21,745470,,
2024-07-21,745633,,0.4921
2024-07-21,745722,,0.2763
2024-07-21,745882,0.5888,0.9676
2024-07-21,746042,0.3985,0.5865
2024-07-21,746125,0.0281,-0.3239
2024-07-21,746287,,0.4052
2024-07-21,746528,,0.0602
2024-07-21,746610,0.6805,-0.1559
2024-07-21,746853,0.5181,0.3713
2024-07-21,747094,0.1204,0.7354
2024-07-22,744988,0.0672,0.4263
2024-07-22,745232,-0.0712,0.4270
2024-07-22,745473,-0.1366,0.2607
2024-07-22,745635,0.8412,0.2055
2024-07-22,745717,0.7247,-0.1421
2024-07-22,745881,0.1562,0.4850
2024-07-22,746034,0.5509,0.1425
2024-07-22,746124,0.0444,
2024-07-22,746280,,0.8666
2024-07-22,746526,-0.1144,0.1994
2024-07-22,746612,-0.0501,0.4865
2024-07-22,746850,-0.3419,0.3744
2024-07-22,747095,-0.5449,-0.3831
2024-07-23,744828,0.7177,-0.0058
2024-07-23,744904,-0.0892,0.2153
2024-07-23,744985,0.2393,0.3668
2024-07-23,745227,0.4597,1.2832
2024-07-23,745475,0.3687,0.7049
2024-07-23,745632,,
2024-07-23,745715,0.6766,0.1103
2024-07-23,745878,1.0736,-0.0256
2024-07-23,746036,0.3928,
2024-07-23,746118,-1.0183,0.0526
2024-07-23,746281,0.1846,0.2762
2024-07-23,746524,0.2255,0.5374
2024-07-23,746614,,
2024-07-23,746848,0.5049,0.0819
2024-07-23,747090,0.0745,0.7506
2024-07-24,744824,0.8645,0.2466
2024-07-24,744905,0.1512,0.2341
2024-07-24,744989,0.8514,0.4083
2024-07-24,745231,0.3901,0.0456
2024-07-24,745472,0.0103,0.0900
2024-07-24,745634,0.8020,0.4585
2024-07-24,745716,0.6817,0.3217
2024-07-24,745877,0.7277,
2024-07-24,746035,,
2024-07-24,746119,,-0.1019
2024-07-24,746279,0.7395,0.2717
2024-07-24,746525,0.4175,0.2648
2024-07-24,746611,0.3322,1.0243
2024-07-24,746851,,0.3297
2024-07-24,747091,0.3058,
2024-07-25,744827,-0.4865,0.2024
2024-07-25,744907,0.8532,0.1872
2024-07-25,744984,-0.0191,0.1277
2024-07-25,745794,0.1813,-0.3826
2024-07-25,746037,0.0747,0.4173
2024-07-25,746117,0.6449,
2024-07-25,746199,0.2351,
2024-07-25,746609,,1.1673
2024-07-26,744906,0.3043,0.2545
2024-07-26,745068,0.5143,
2024-07-26,745146,-0.0058,0.4727
2024-07-26,745315,0.4459,0.1368
2024-07-26,745554,-0.1548,-0.1834
2024-07-26,745792,0.7506,
2024-07-26,745964,0.6028,-0.2487
2024-07-26,746200,0.7218,
2024-07-26,746277,0.1843,0.6297
2024-07-26,746361,0.6017,0.2928
2024-07-26,746448,0.4191,
2024-07-26,746767,0.6790,0.4114
2024-07-26,746933,0.4493,0.0299
2024-07-26,747010,0.4719,0.5710
2024-07-26,747174,-0.1188,0.8762
2024-07-27,744908,0.3703,-0.2022
2024-07-27,745059,0.6638,0.7415
2024-07-27,745150,1.0131,0.4868
2024-07-27,745307,0.0590,0.0138
2024-07-27,745310,,
2024-07-27,745553,0.4855,
2024-07-27,745793,0.7487,-0.1674
2024-07-27,745966,,0.6332
2024-07-27,746203,0.0779,-0.0488
2024-07-27,746278,0.3724,0.4107
2024-07-27,746362,,-0.1347
2024-07-27,746446,0.9807,-0.0466
2024-07-27,746768,0.2429,0.0544
2024-07-27,746931,0.2835,0.0120
2024-07-27,747006,0.6556,-0.0337
2024-07-27,747171,,0.4929
2024-07-28,744902,0.3617,0.2113
2024-07-28,745145,0.0451,0.0828
2024-07-28,745305,0.1534,0.1057
2024-07-28,745550,,
2024-07-28,745795,-0.3633,0.5979
2024-07-28,745961,,-0.3067
2024-07-28,746195,,0.5173
2024-07-28,746274,0.4239,0.8217
2024-07-28,746364,,0.8448
2024-07-28,746445,0.5162,
2024-07-28,746770,0.4287,0.2361
2024-07-28,746929,-0.1621,-0.1556
2024-07-28,747008,0.7225,0.3887
2024-07-28,747173,0.3102,
2024-07-29,745147,0.3992,-0.0211
2024-07-29,745547,0.0934,1.1007
2024-07-29,745791,-0.0198,0.6815
2024-07-29,745959,,0.5529
2024-07-29,746360,0.7016,
2024-07-29,746444,1.0588,
2024-07-29,746684,0.0851,0.4831
2024-07-29,746765,0.2688,0.8119
2024-07-29,746928,1.2983,0.3871
2024-07-29,747007,0.1813,0.0925
2024-07-29,747172,0.2318,0.1967
2024-07-30,745060,,
2024-07-30,745149,0.0811,0.3954
2024-07-30,745309,0.4288,
2024-07-30,745389,-0.0931,0.7176
2024-07-30,745546,,0.7119
2024-07-30,745787,,0.6888
2024-07-30,745958,0.0682,0.7105
2024-07-30,746197,0.2343,0.3838
2024-07-30,746365,-0.1893,0.7704
2024-07-30,746441,1.2631,
2024-07-30,746683,0.3014,
2024-07-30,746763,0.2580,-0.0472
2024-07-30,746926,0.0452,-0.3693
2024-07-30,747005,0.2009,0.0611
2024-07-30,747167,0.2514,0.7908
2024-07-31,745061,0.4657,0.8563
2024-07-31,745148,0.2590,
2024-07-31,745306,0.3092,0.5973
2024-07-31,745386,,-0.5268
2024-07-31,745543,0.4391,-0.1316
2024-07-31,745789,0.4144,-0.4045
2024-07-31,745960,0.1402,-0.2959
2024-07-31,746198,0.5162,
2024-07-31,746363,,0.2692
2024-07-31,746678,0.1455,0.4967
2024-07-31,746764,0.6176,0.3023
2024-07-31,746925,0.6568,0.0562
2024-07-31,747003,,0.5540
2024-07-31,747170,0.0341,0.9953
2024-08-01,746196,0.0328,
2024-08-01,746442,0.4160,
2024-08-01,746607,0.6195,-0.1382
2024-08-01,746849,0.4939,0.3548
2024-08-01,747092,,0.7826
2024-08-02,744825,0.2215,1.0473
2024-08-02,744986,0.0073,
2024-08-02,745224,,0.2956
2024-08-02,745387,0.1055,0.6068
2024-08-02,745471,0.5227,0.1240
2024-08-02,745631,0.5937,0.5023
2024-08-02,745719,-0.1164,0.2874
2024-08-02,745875,,0.9443
2024-08-02,746193,0.5083,-0.0477
2024-08-02,746354,,0.2820
2024-08-02,746443,0.7993,-0.0469
2024-08-02,746605,-0.0351,0.4642
2024-08-02,746679,0.0129,0.6584
2024-08-02,746845,0.0641,0.3909
2024-08-02,747089,,0.6986
2024-08-03,744823,0.6458,-0.1208
2024-08-03,744987,-0.1471,
2024-08-03,745225,,0.3853
2024-08-03,745388,,0.0832
2024-08-03,745474,0.2262,0.3210
2024-08-03,745636,0.3297,0.0992
2024-08-03,745714,0.2310,-0.2001
2024-08-03,745876,0.1940,0.5243
2024-08-03,746194,0.5724,0.5014
2024-08-03,746358,0.7377,-0.1359
2024-08-03,746440,0.3104,
2024-08-03,746608,0.1355,
2024-08-03,746681,0.1475,-0.5646
2024-08-03,746846,0.4961,0.0513
2024-08-03,747087,0.1153,
2024-08-04,744826,-0.2071,0.2654
2024-08-04,744979,0.4103,0.3934
2024-08-04,745222,1.0901,1.3205
2024-08-04,745384,0.2593,0.6259
2024-08-04,745468,0.8107,0.7048
2024-08-04,745627,,
2024-08-04,745718,-0.0540,0.2783
2024-08-04,745879,0.7789,0.0125
2024-08-04,746191,0.6764,0.4148
2024-08-04,746356,,0.8231
2024-08-04,746439,0.3241,
2024-08-04,746606,0.0654,1.1579
2024-08-04,746680,,0.4305
2024-08-04,746844,0.0466,0.2774
2024-08-04,747088,-0.0017,0.3354
2024-08-05,744821,0.6055,0.2389
2024-08-05,744982,0.8281,0.2490
2024-08-05,745628,,0.4177
2024-08-05,746038,0.0534,0.3798
2024-08-05,746116,0.7350,-0.1023
2024-08-05,746276,-0.3741,0.6080
2024-08-05,746600,0.9976,0.2354
2024-08-05,746847,,0.1673
2024-08-06,744817,,0.0751
2024-08-06,744901,0.5273,0.2229
2024-08-06,744983,0.2680,
2024-08-06,745141,,0.5157
2024-08-06,745221,0.2668,0.0662
2024-08-06,745467,-0.4914,-0.2045
2024-08-06,745629,-0.1259,0.2245
2024-08-06,745713,,
2024-08-06,746033,0.4835,
2024-08-06,746120,-0.1033,
2024-08-06,746273,0.0454,0.3723
2024-08-06,746519,-0.3754,0.3900
2024-08-06,746602,,0.4699
2024-08-06,746840,0.3884,0.3555
2024-08-06,747086,0.5142,-0.0529
2024-08-07,744822,-0.0530,1.0366
2024-08-07,744903,0.7263,
2024-08-07,744981,0.2914,0.1712
2024-08-07,745142,0.6780,0.0500
2024-08-07,745223,-0.0460,0.6618
2024-08-07,745469,0.6424,0.1257
2024-08-07,745630,,0.5311
2024-08-07,745709,,0.0507
2024-08-07,746031,0.6461,
2024-08-07,746115,,0.5896
2024-08-07,746272,-0.0439,0.7680
2024-08-07,746521,0.4629,0.0276
2024-08-07,746604,0.5089,-0.1233
2024-08-07,746842,0.9805,0.4185
2024-08-07,747085,-0.3113,0.2110
2024-08-08,744819,0.1193,-0.1815
2024-08-08,744899,-0.0154,-0.0550
2024-08-08,745143,0.7209,0.4896
2024-08-08,745226,,0.3255
2024-08-08,745466,0.5370,0.0263
2024-08-08,745710,-0.0666,0.3994
2024-08-08,746030,-0.5596,0.0417
2024-08-08,746522,0.5931,0.0736
2024-08-08,747081,0.1736,0.7805
2024-08-08,747169,,0.2393
2024-08-09,744818,0.4842,0.1985
2024-08-09,744900,0.1358,0.3000
2024-08-09,745062,0.1385,0.7253
2024-08-09,745220,0.6848,0.3939
2024-08-09,745308,,
2024-08-09,745708,,0.2698
2024-08-09,745871,,
2024-08-09,745957,0.4127,0.6813
2024-08-09,746032,0.1208,-0.0850
2024-08-09,746113,0.3308,0.3426
2024-08-09,746275,0.0567,0.3151
2024-08-09,746523,,
2024-08-09,746760,0.0578,0.1646
2024-08-09,746927,-0.1364,-0.1573
2024-08-09,747168,1.0978,0.8252
2024-08-10,744820,0.3919,0.2485
2024-08-10,744897,,-0.0360
2024-08-10,745056,0.0591,
2024-08-10,745219,0.6888,1.3454
2024-08-10,745304,,0.5943
2024-08-10,745712,0.4158,-0.2778
2024-08-10,745873,1.1748,0.0390
2024-08-10,745955,0.1201,-0.1918
2024-08-10,746026,0.6610,0.3922
2024-08-10,746112,0.7663,
2024-08-10,746269,-0.0415,0.2589
2024-08-10,746520,0.3391,0.1659
2024-08-10,746761,0.3232,0.7247
2024-08-10,746922,0.7905,0.7148
2024-08-10,747164,0.7408,0.9329
2024-08-11,744816,,0.0608
2024-08-11,744895,0.4463,0.2197
2024-08-11,745057,0.5439,
2024-08-11,745216,-0.3598,0.0667
2024-08-11,745303,0.1737,0.6949
2024-08-11,745711,0.2517,0.2425
2024-08-11,745872,1.0220,
2024-08-11,745956,0.4562,
2024-08-11,746025,-0.4520,
2024-08-11,746114,-0.1986,-0.0647
2024-08-11,746517,0.6500,0.3166
2024-08-11,746923,0.8002,-0.3954
2024-08-11,747166,-0.1231,
2024-08-12,745058,0.2323,0.6895
2024-08-12,745300,0.1822,-0.0594
2024-08-12,745383,,0.3957
2024-08-12,745874,0.6325,0.3932
2024-08-12,745953,,-0.3478
2024-08-12,746192,,
2024-08-12,746603,0.3309,-0.0886
2024-08-12,746682,0.4273,0.5757
2024-08-12,746762,0.0409,
2024-08-12,746921,,0.0539
2024-08-12,747165,,0.4859
2024-08-13,745055,0.3085,0.6220
2024-08-13,745302,0.8174,0.1393
2024-08-13,745382,0.0556,0.6435
2024-08-13,745548,,0.4533
2024-08-13,745788,0.3137,0.4412
2024-08-13,745867,0.4024,
2024-08-13,745954,0.6132,0.5000
2024-08-13,746187,-0.0725,
2024-08-13,746435,0.6933,-0.0628
2024-08-13,746601,0.4374,
2024-08-13,746673,0.0457,-0.5877
2024-08-13,746757,0.4199,-0.1244
2024-08-13,746924,0.2228,-0.0190
2024-08-13,747004,1.0360,0.8382
2024-08-13,747160,-0.0109,
2024-08-14,745053,-0.1595,0.7087
2024-08-14,745301,,0.6094
2024-08-14,745381,0.3299,0.0859
2024-08-14,745544,-0.0764,
2024-08-14,745790,0.5073,0.6050
2024-08-14,745869,0.7865,0.0670
2024-08-14,745951,0.5989,0.1930
2024-08-14,746188,0.3125,-0.0503
2024-08-14,746436,0.3595,
2024-08-14,746598,0.1099,
2024-08-14,746677,0.4937,
2024-08-14,746759,,
2024-08-14,746919,0.6099,-0.1494
2024-08-14,747000,-0.1934,-0.0005
2024-08-14,747163,,0.2492
2024-08-15,744980,0.4998,
2024-08-15,745298,0.4056,0.5693
2024-08-15,745545,0.2153,1.1052
2024-08-15,745783,0.0789,0.6831
2024-08-15,745950,0.3560,-0.1542
2024-08-15,746437,0.3842,
2024-08-15,747002,0.3901,0.1637
2024-08-16,744974,-0.0020,0.2733
2024-08-16,745054,0.7635,-0.0545
2024-08-16,745144,,0.0362
2024-08-16,745462,1.3045,0.7462
2024-08-16,745542,0.2423,0.7323
2024-08-16,745784,0.4166,0.6926
2024-08-16,745949,1.1827,0.6464
2024-08-16,746189,0.4861,0.4731
2024-08-16,746357,0.0946,0.7463
2024-08-16,746438,0.2291,0.2204
2024-08-16,746518,0.6581,0.1969
2024-08-16,746674,0.3062,0.1520
2024-08-16,746843,-0.0136,0.1817
2024-08-16,747001,,0.0536
2024-08-17,744977,,0.4535
2024-08-17,745049,0.9553,
2024-08-17,745140,0.2828,-0.0797
2024-08-17,745463,0.0405,-0.1390
2024-08-17,745537,0.0169,-0.1311
2024-08-17,745626,0.6901,0.4752
2024-08-17,745785,0.3796,-0.3591
2024-08-17,745952,1.0887,-0.3526
2024-08-17,746190,0.1623,0.4078
2024-08-17,746355,0.7051,0.8061
2024-08-17,746434,-0.3063,0.0108
2024-08-17,746515,-0.4200,0.2500
2024-08-17,746675,0.2111,0.4466
2024-08-17,746841,0.1671,0.3135
2024-08-17,746997,0.0735,0.5002
2024-08-18,744975,0.3741,
2024-08-18,745051,,
2024-08-18,745139,,0.4245
2024-08-18,745464,0.6730,
2024-08-18,745539,1.0685,0.5986
2024-08-18,745621,-0.0405,0.4479
2024-08-18,745786,-0.1085,0.3766
2024-08-18,745948,-0.0863,0.5377
2024-08-18,746186,0.8117,
2024-08-18,746359,,0.2153
2024-08-18,746431,0.2449,-0.0846
2024-08-18,746516,0.3965,
2024-08-18,746676,0.6592,0.5592
2024-08-18,746838,0.6377,0.3193
2024-08-18,746999,0.0028,0.5924
2024-08-19,744898,,-0.0921
2024-08-19,744976,0.0571,0.6046
2024-08-19,745294,-0.1323,0.1513
2024-08-19,745380,,0.6672
2024-08-19,745620,0.6813,0.0978
2024-08-19,745780,0.7720,0.5853
2024-08-19,746027,0.5070,
2024-08-19,746109,0.3371,0.6296
2024-08-19,746270,,0.4186
2024-08-19,746351,-0.1986,0.2944
2024-08-20,744814,-0.0345,-0.1689
2024-08-20,744896,0.5551,0.2934
2024-08-20,744978,0.3280,0.2935
2024-08-20,745136,0.2274,0.0713
2024-08-20,745295,,0.2574
2024-08-20,745374,0.4770,0.0579
2024-08-20,745624,0.5344,0.5066
2024-08-20,745707,,-0.0181
2024-08-20,745782,0.0117,0.6731
2024-08-20,746029,,-0.1823
2024-08-20,746107,0.3691,0.6206
2024-08-20,746266,-0.0517,0.7460
2024-08-20,746349,0.3797,-0.1474
2024-08-20,746839,-0.1762,0.4522
2024-08-20,747083,1.1021,-0.4121
2024-08-21,744812,-0.1707,0.2264
2024-08-21,744893,0.0849,0.0176
2024-08-21,744973,,0.2546
2024-08-21,745138,-0.1815,0.4929
2024-08-21,745297,0.0686,0.5779
2024-08-21,745375,-0.0165,0.6191
2024-08-21,745622,-0.0764,0.0663
2024-08-21,745704,,0.3602
2024-08-21,745781,0.3233,0.6802
2024-08-21,746028,0.2476,0.4937
2024-08-21,746110,1.3406,0.3140
2024-08-21,746267,,0.3017
2024-08-21,746350,0.2518,-0.4122
2024-08-21,746837,0.0841,0.1523
2024-08-21,747084,0.7547,0.4646
2024-08-22,744815,0.1675,0.2514
2024-08-22,744894,,
2024-08-22,745137,-0.3488,0.0374
2024-08-22,745379,-0.3326,-0.3920
2024-08-22,745465,0.4559,0.7385
2024-08-22,745623,,0.5948
2024-08-22,745705,1.1185,0.1976
2024-08-22,746836,-0.3363,0.3402
2024-08-22,746998,0.7743,0.0807
2024-08-22,747082,-0.1194,0.4043
2024-08-23,744889,0.8650,0.1873
2024-08-23,745217,0.6918,0.0260
2024-08-23,745378,0.4272,0.3267
2024-08-23,745460,,-0.0948
2024-08-23,745625,0.6510,0.4789
2024-08-23,745702,0.2685,-0.3312
2024-08-23,745870,-0.1403,
2024-08-23,746024,0.1688,0.3690
2024-08-23,746111,-0.4274,0.4264
2024-08-23,746268,0.6101,0.1662
2024-08-23,746597,0.4484,1.0892
2024-08-23,746758,0.0358,0.7252
2024-08-23,746920,0.7246,0.0718
2024-08-23,746995,0.7850,0.4692
2024-08-23,747080,0.0442,0.1212
2024-08-24,744890,-0.0019,0.6023
2024-08-24,745218,-0.0422,0.6639
2024-08-24,745377,0.6226,0.6434
2024-08-24,745457,,0.5403
2024-08-24,745617,0.5173,0.0932
2024-08-24,745703,,
2024-08-24,745868,0.3954,0.3707
2024-08-24,746022,0.2906,-0.2601
2024-08-24,746108,0.6139,
2024-08-24,746271,0.1357,0.6542
2024-08-24,746599,0.3363,-0.0676
2024-08-24,746756,-0.0897,
2024-08-24,746917,0.9617,0.0235
2024-08-24,746996,0.2177,0.5216
2024-08-24,747077,1.0300,0.7908
2024-08-25,744892,-0.1010,-0.0815
2024-08-25,745212,0.2938,0.2947
2024-08-25,745376,0.6671,0.0770
2024-08-25,745459,0.1311,0.0778
2024-08-25,745618,0.2270,0.5355
2024-08-25,745706,-0.0578,0.2399
2024-08-25,745863,0.1055,
2024-08-25,746023,0.4423,
2024-08-25,746106,,0.6398
2024-08-25,746263,,0.4505
2024-08-25,746595,0.2754,
2024-08-25,746754,0.0277,-0.1039
2024-08-25,746918,0.8150,-0.2525
2024-08-25,746994,0.2895,0.0220
2024-08-25,747078,-0.1127,-0.4456
2024-08-26,744813,0.3708,0.2663
2024-08-26,745133,0.4988,0.4798
2024-08-26,745215,-0.0354,0.4115
2024-08-26,745458,0.0703,0.3340
2024-08-26,745538,-0.1412,1.0946
2024-08-26,745865,0.5040,0.4720
2024-08-26,746513,-0.3583,0.0035
2024-08-26,746596,0.2561,0.2899
2024-08-26,746753,,
2024-08-26,746915,0.2813,
2024-08-27,744811,0.1687,0.2285
2024-08-27,745132,-0.3921,0.0334
2024-08-27,745213,0.4850,1.3538
2024-08-27,745461,0.3311,1.2989
2024-08-27,745540,-0.2519,0.7387
2024-08-27,745864,0.3588,-0.0103
2024-08-27,745946,0.5742,-0.1450
2024-08-27,746105,0.3135,0.3771
2024-08-27,746429,,
2024-08-27,746510,0.4974,0.1685
2024-08-27,746594,0.3110,1.0767
2024-08-27,746671,0.1015,
2024-08-27,746755,0.2606,0.7004
2024-08-27,746916,0.1393,0.1712
2024-08-27,747162,0.6325,0.5185
2024-08-28,744809,-0.3447,0.0576
2024-08-28,745134,0.3072,-0.1670
2024-08-28,745211,,0.0526
2024-08-28,745452,0.1739,0.7058
2024-08-28,745541,0.7587,0.5894
2024-08-28,745866,0.1237,
2024-08-28,745943,0.1571,-0.3651
2024-08-28,746103,0.0609,0.6597
2024-08-28,746430,0.3905,
2024-08-28,746512,0.3765,0.2548
2024-08-28,746589,0.2343,1.1508
2024-08-28,746672,0.5442,
2024-08-28,746752,,
2024-08-28,746913,0.2059,0.0768
2024-08-28,747161,-0.3168,
2024-08-29,745135,0.6826,0.3733
2024-08-29,745531,0.8137,-0.0926
2024-08-29,745945,0.6393,0.5943
2024-08-29,746102,0.4258,0.4687
2024-08-29,746352,0.6606,0.7413
2024-08-29,746432,0.8069,0.0630
2024-08-29,746514,-0.0652,
2024-08-29,746670,,
2024-08-29,746748,0.4303,0.6854
2024-08-29,746914,0.6231,0.0852
2024-08-29,747159,0.6347,0.7079
2024-08-30,744810,0.3251,0.9924
2024-08-30,744969,0.4943,0.3162
2024-08-30,745052,0.0646,0.6585
2024-08-30,745299,,-0.0580
2024-08-30,745533,-0.4261,0.1295
2024-08-30,745700,0.1102,0.2147
2024-08-30,745862,-0.0697,0.3205
2024-08-30,746184,0.6583,
2024-08-30,746353,0.4498,0.1650
2024-08-30,746433,-0.2644,-0.2420
2024-08-30,746511,0.4460,-0.0486
2024-08-30,746593,-0.0750,-0.0548
2024-08-30,746665,0.2632,
2024-08-30,746749,-0.1091,-0.1733
2024-08-30,747156,,0.8986
2024-08-31,744808,0.4317,-0.1177
2024-08-31,744971,0.4951,0.0909
2024-08-31,745050,0.4295,0.4869
2024-08-31,745296,-0.4411,
2024-08-31,745532,0.5380,1.0867
2024-08-31,745699,0.4486,
2024-08-31,745859,0.2703,
2024-08-31,746182,0.2816,-0.1164
2024-08-31,746348,0.7191,0.2696
2024-08-31,746424,0.4042,-0.1019
2024-08-31,746507,0.0057,0.0015
2024-08-31,746590,0.0783,
2024-08-31,746667,0.1806,
2024-08-31,746751,0.6352,
2024-08-31,747158,0.6363,0.6624
2024-09-01,744806,0.2220,0.2836
2024-09-01,744970,0.1265,
2024-09-01,745048,-0.4000,-0.0216
2024-09-01,745292,,0.5897
2024-09-01,745536,0.4335,0.7327
2024-09-01,745701,0.0364,0.3450
2024-09-01,745861,0.0662,0.4615
2024-09-01,746183,0.4022,
2024-09-01,746347,0.2942,-0.0941
2024-09-01,746426,0.1229,-0.0402
2024-09-01,746505,0.2003,0.6665
2024-09-01,746592,0.3157,
2024-09-01,746669,-0.1734,
2024-09-01,746750,0.6297,0.0676
2024-09-01,747157,,0.5295
2024-09-02,744972,0.1295,0.7879
2024-09-02,745046,0.0152,0.7222
2024-09-02,745373,-0.4265,0.2657
2024-09-02,745619,1.3326,0.3875
2024-09-02,745779,0.0780,-0.2870
2024-09-02,745947,-0.1797,-0.3631
2024-09-02,746265,1.0986,0.1759
2024-09-02,746668,-0.2578,
2024-09-02,746833,1.3010,0.1062
2024-09-02,746992,0.7186,0.0668
2024-09-02,747155,0.3838,
2024-09-03,744891,0.1336,0.2027
2024-09-03,744968,-0.3476,0.2513
2024-09-03,745047,-0.0356,0.6217
2024-09-03,745293,0.7140,0.1398
2024-09-03,745615,0.0407,
2024-09-03,745778,0.0555,0.5702
2024-09-03,745944,-0.0484,0.5798
2024-09-03,746020,0.2031,0.3414
2024-09-03,746185,0.6984,0.7506
2024-09-03,746264,1.1374,0.6469
2024-09-03,746834,0.7087,0.1643
2024-09-03,746991,0.6375,0.4232
2024-09-03,747079,0.2367,0.0574
2024-09-04,744887,-0.0638,0.5917
2024-09-04,744964,0.2221,0.4232
2024-09-04,745045,,
2024-09-04,745290,0.8808,0.5118
2024-09-04,745370,0.0684,0.4884
2024-09-04,745614,0.6674,0.4786
2024-09-04,745776,-0.2594,-0.1482
2024-09-04,745938,0.4011,0.4449
2024-09-04,746019,0.0756,0.0510
2024-09-04,746178,0.4766,0.4085
2024-09-04,746262,-0.0551,0.4502
2024-09-04,746666,0.7404,0.3008
2024-09-04,746835,,0.3230
2024-09-04,746990,-0.1770,0.4064
2024-09-04,747075,,0.8779
2024-09-05,744966,0.7795,0.1521
2024-09-05,745042,0.2942,0.6353
2024-09-05,745289,0.6786,-0.0441
2024-09-05,745369,-0.2398,0.0632
2024-09-05,745451,0.9735,-0.0952
2024-09-05,745612,0.2553,0.4904
2024-09-05,746021,0.1461,
2024-09-05,746664,0.7028,
2024-09-05,747073,-0.0806,-0.4080
2024-09-06,744967,,
2024-09-06,745131,0.3810,0.1069
2024-09-06,745371,,0.6854
2024-09-06,745455,-0.1221,0.1527
2024-09-06,745611,-0.1183,0.1247
2024-09-06,745777,,0.5778
2024-09-06,745941,-0.0022,0.1896
2024-09-06,746016,1.0699,
2024-09-06,746104,,-0.1648
2024-09-06,746257,0.0291,0.7435
2024-09-06,746343,0.5058,0.1702
2024-09-06,746832,-0.0378,0.2513
2024-09-06,746912,,0.3847
2024-09-06,746993,0.3433,-0.0210
2024-09-06,747074,-0.0907,0.4966
2024-09-07,744963,-0.1527,0.5155
2024-09-07,745125,1.3126,0.4573
2024-09-07,745372,0.5793,-0.4043
2024-09-07,745456,0.2507,0.2815
2024-09-07,745613,,
2024-09-07,745775,,0.6529
2024-09-07,745942,0.5724,-0.1969
2024-09-07,746018,0.6926,
2024-09-07,746099,1.0263,
2024-09-07,746259,0.4853,0.2774
2024-09-07,746344,0.7600,0.2652
2024-09-07,746829,0.5524,0.4062
2024-09-07,746911,0.0949,0.1354
2024-09-07,746986,-0.0205,0.1956
2024-09-07,747076,0.2593,0.4273
2024-09-08,744965,,0.2426
2024-09-08,745128,0.0038,0.0327
2024-09-08,745368,,0.3564
2024-09-08,745453,0.1824,1.3073
2024-09-08,745616,-0.0354,
2024-09-08,745774,,-0.2921
2024-09-08,745940,0.2367,-0.3549
2024-09-08,746017,,-0.4012
2024-09-08,746098,1.0556,0.3630
2024-09-08,746258,-0.0419,0.1661
2024-09-08,746345,0.6775,-0.3105
2024-09-08,746827,0.2050,0.0949
2024-09-08,746910,0.7123,
2024-09-08,746989,0.7210,0.0203
2024-09-08,747072,0.0597,0.0708
2024-09-09,744888,-0.1214,
2024-09-09,745454,0.1299,0.7455
2024-09-09,745534,,-0.1055
2024-09-09,745698,0.6542,-0.3392
2024-09-09,745860,0.6911,-0.0323
2024-09-09,746101,0.1680,0.6657
2024-09-09,746746,,
2024-09-09,746909,0.4063,0.0311
2024-09-10,744807,-0.4446,0.0753
2024-09-10,744886,0.5688,0.2027
2024-09-10,745126,,-0.2297
2024-09-10,745210,0.5160,0.6504
2024-09-10,745291,0.5842,
2024-09-10,745446,,
2024-09-10,745535,0.7033,0.1366
2024-09-10,745694,0.4621,0.2151
2024-09-10,745856,0.4139,0.2594
2024-09-10,746097,0.3538,0.3295
2024-09-10,746346,0.4992,0.7407
2024-09-10,746428,,0.0578
2024-09-10,746747,-0.0821,-0.2509
2024-09-10,746907,0.3532,0.0453
2024-09-10,747152,0.3920,0.8551
2024-09-11,744804,0.4242,0.9694
2024-09-11,744881,0.5583,0.4754
2024-09-11,745127,,0.3661
2024-09-11,745214,0.6870,0.2357
2024-09-11,745285,0.4467,-0.0083
2024-09-11,745450,,-0.0897
2024-09-11,745525,0.3506,1.0689
2024-09-11,745697,0.6954,-0.0980
2024-09-11,745857,0.8368,0.0102
2024-09-11,746100,0.3775,0.5046
2024-09-11,746342,0.4954,0.6895
2024-09-11,746425,-0.1326,-0.2193
2024-09-11,746745,,
2024-09-11,746908,-0.0394,0.3964
2024-09-11,747154,0.1822,0.5735
2024-09-12,744805,,0.2398
2024-09-12,745129,,0.4026
2024-09-12,745208,,0.4072
2024-09-12,745288,0.1829,0.4399
2024-09-12,745695,0.1328,0.3320
2024-09-12,746337,0.1193,0.1914
2024-09-12,746427,-0.0052,-0.1136
2024-09-12,746591,-0.0204,1.0195
2024-09-13,744800,-0.4282,-0.1188
2024-09-13,744882,0.0950,-0.0922
2024-09-13,745207,,0.6290
2024-09-13,745286,-0.3743,0.5770
2024-09-13,745447,0.2851,0.1763
2024-09-13,745529,0.6448,0.6904
2024-09-13,745696,,0.5932
2024-09-13,745855,,0.4866
2024-09-13,746181,0.2632,
2024-09-13,746423,0.2140,-0.0590
2024-09-13,746509,0.3988,-0.0860
2024-09-13,746586,0.7052,1.0832
2024-09-13,746744,,0.0688
2024-09-13,747069,-0.0418,0.4516
2024-09-13,747153,-0.3256,0.5850
2024-09-14,744803,0.3636,0.1783
2024-09-14,744884,0.4336,0.2564
2024-09-14,745209,0.1193,1.3153
2024-09-14,745284,0.3849,0.6014
2024-09-14,745448,0.2338,0.2970
2024-09-14,745528,-0.2854,
2024-09-14,745689,0.0568,0.1572
2024-09-14,745858,0.3878,-0.0409
2024-09-14,746177,-0.3099,-0.1728
2024-09-14,746422,0.0184,-0.0004
2024-09-14,746508,0.1019,0.2494
2024-09-14,746584,,
2024-09-14,746740,,0.6900
2024-09-14,747070,0.3709,0.0585
2024-09-14,747148,-0.1834,0.4946
2024-09-15,744801,0.5460,0.1173
2024-09-15,744883,0.0417,0.0644
2024-09-15,745206,0.2170,0.6477
2024-09-15,745287,0.0783,
2024-09-15,745449,0.6523,1.3004
2024-09-15,745530,0.5266,-0.0988
2024-09-15,745693,0.0949,-0.3234
2024-09-15,745852,,0.0133
2024-09-15,746180,-0.1409,
2024-09-15,746419,0.3946,0.1092
2024-09-15,746506,0.1702,0.2330
2024-09-15,746585,0.6848,-0.0927
2024-09-15,746741,0.4729,
2024-09-15,747071,0.6359,0.9286
2024-09-15,747151,-0.0149,0.8673
2024-09-16,745130,0.7383,-0.2090
2024-09-16,745367,0.8280,0.5056
2024-09-16,745773,0.9649,0.5064
2024-09-16,745939,0.1502,0.5660
2024-09-16,746179,-0.2871,0.6460
2024-09-16,746260,0.4237,0.4598
2024-09-16,746502,0.5465,
2024-09-16,746588,0.2534,0.9201
2024-09-16,746828,0.4692,0.3432
2024-09-16,747067,0.3536,0.4163
2024-09-17,744961,0.2542,0.3943
2024-09-17,745044,0.3749,0.3096
2024-09-17,745122,-0.0773,0.3302
2024-09-17,745205,-0.0903,0.2066
2024-09-17,745366,0.6809,0.6917
2024-09-17,745772,0.2498,-0.0947
2024-09-17,745935,1.0690,0.1735
2024-09-17,746015,0.5617,
2024-09-17,746176,,0.4201
2024-09-17,746261,-0.1955,0.6871
2024-09-17,746503,0.1237,-0.0014
2024-09-17,746587,0.0580,0.9597
2024-09-17,746659,,
2024-09-17,746830,0.0910,0.3732
2024-09-17,746987,0.0030,0.3047
2024-09-18,744959,0.5649,0.1796
2024-09-18,745040,-0.2222,-0.0567
2024-09-18,745121,0.7049,0.4350
2024-09-18,745199,0.3118,0.4059
2024-09-18,745365,0.2167,-0.3821
2024-09-18,745771,-0.0905,0.6294
2024-09-18,745933,0.6793,-0.2782
2024-09-18,746014,-0.0199,-0.0032
2024-09-18,746172,,0.7777
2024-09-18,746254,-0.1190,0.2819
2024-09-18,746500,0.4972,-0.1381
2024-09-18,746582,0.4958,1.1069
2024-09-18,746662,0.4691,
2024-09-18,746831,,0.2989
2024-09-18,746988,0.4295,-0.0007
2024-09-19,744962,-0.0612,
2024-09-19,745041,0.0078,0.7099
2024-09-19,745120,0.2036,0.1129
2024-09-19,745204,0.6277,1.2938
2024-09-19,745769,0.4882,-0.2908
2024-09-19,745937,0.5370,-0.2172
2024-09-19,746011,0.3685,-0.4506
2024-09-19,746341,,0.2652
2024-09-19,746579,-0.0605,0.1508
2024-09-19,746663,0.0998,
2024-09-19,746823,0.1664,0.4322
2024-09-19,746985,0.5853,0.2126
2024-09-20,744960,0.6491,
2024-09-20,745043,0.2694,-0.4447
2024-09-20,745123,-0.0943,0.4585
2024-09-20,745364,0.1001,0.3875
2024-09-20,745606,0.0973,
2024-09-20,745770,-0.0924,0.5225
2024-09-20,745934,0.8705,0.4360
2024-09-20,746013,0.9293,0.1925
2024-09-20,746094,0.2251,
2024-09-20,746256,0.5501,0.2035
2024-09-20,746340,-0.1611,-0.2914
2024-09-20,746661,0.3037,0.3164
2024-09-20,746824,0.6409,0.0989
2024-09-20,746905,0.0411,
2024-09-20,746984,-0.2155,0.0409
2024-09-21,744958,0.6565,0.6284
2024-09-21,745038,0.0609,0.6304
2024-09-21,745124,0.7934,0.0493
2024-09-21,745360,0.6764,0.0566
2024-09-21,745610,-0.3340,0.4445
2024-09-21,745768,0.1410,0.5124
2024-09-21,745936,0.5138,0.5481
2024-09-21,746012,0.4251,0.4887
2024-09-21,746096,0.2599,0.6516
2024-09-21,746255,,0.6503
2024-09-21,746338,0.6420,-0.1298
2024-09-21,746660,1.2985,
2024-09-21,746826,0.1429,0.1599
2024-09-21,746906,0.0510,0.1058
2024-09-21,746983,0.4072,0.4007
2024-09-22,744955,0.1915,0.2139
2024-09-22,745036,,0.3119
2024-09-22,745118,1.0148,-0.1839
2024-09-22,745358,,0.5407
2024-09-22,745608,-0.0910,0.4510
2024-09-22,745767,1.0492,-0.1631
2024-09-22,745929,0.1338,0.1831
2024-09-22,746010,,
2024-09-22,746092,,0.3786
2024-09-22,746253,-0.0177,0.4099
2024-09-22,746339,0.4371,0.8667
2024-09-22,746657,0.7313,-0.6364
2024-09-22,746825,0.9581,0.3637
2024-09-22,746903,0.2293,0.3612
2024-09-22,746982,-0.3450,0.2176
2024-09-23,744885,-0.2028,0.2631
2024-09-23,745527,,0.6855
2024-09-23,746334,0.4114,0.6774
2024-09-23,747150,0.4414,0.3597
2024-09-24,744802,0.6688,0.2388
2024-09-24,744876,0.0036,0.5421
2024-09-24,745441,-0.2036,-0.0968
2024-09-24,745526,0.3154,
2024-09-24,745605,0.3697,0.0985
2024-09-24,745688,0.0049,0.6307
2024-09-24,745851,0.0065,0.5062
2024-09-24,746093,0.7082,0.0639
2024-09-24,746336,1.2810,0.2105
2024-09-24,746421,-0.0237,-0.1470
2024-09-24,746504,,0.0123
2024-09-24,746581,0.2189,1.0881
2024-09-24,746743,0.7760,-0.3177
2024-09-24,747068,-0.2343,0.4720
2024-09-24,747149,0.5563,0.5290
2024-09-25,744795,0.2908,-0.1092
2024-09-25,744877,,-0.0450
2024-09-25,745442,-0.2714,0.1881
2024-09-25,745521,0.4429,-0.0676
2024-09-25,745607,0.1856,
2024-09-25,745690,0.2168,0.2105
2024-09-25,745854,-0.3975,-0.0235
2024-09-25,746095,-0.3778,0.3951
2024-09-25,746331,0.6203,0.2521
2024-09-25,746420,0.7290,0.1070
2024-09-25,746501,0.1172,-0.1577
2024-09-25,746583,,
2024-09-25,746742,,
2024-09-25,747064,,
2024-09-25,747144,0.4568,0.8683
2024-09-26,744796,0.2060,0.1525
2024-09-26,745443,0.5291,0.3152
2024-09-26,745609,,0.1834
2024-09-26,745691,0.0415,0.1045
2024-09-26,745853,0.5309,0.0885
2024-09-26,746088,0.4514,0.6904
2024-09-26,746415,-0.2640,0.3988
2024-09-26,746495,0.4642,0.2164
2024-09-26,746738,-0.1498,0.6745
2024-09-27,744797,0.1035,0.4978
2024-09-27,744879,0.4961,0.2481
2024-09-27,745202,0.4606,0.2246
2024-09-27,745280,0.0516,
2024-09-27,745692,1.3570,-0.3209
2024-09-27,745847,0.3991,0.2186
2024-09-27,745930,0.4981,0.1728
2024-09-27,746173,,0.5908
2024-09-27,746417,0.0684,
2024-09-27,746494,,0.2102
2024-09-27,746580,-0.1139,0.1858
2024-09-27,746822,0.3105,0.0906
2024-09-27,746904,0.6548,0.3593
2024-09-27,747065,0.6581,0.4249
2024-09-27,747145,0.5159,0.5986
2024-09-28,744799,1.0046,0.1592
2024-09-28,744878,,0.0449
2024-09-28,745203,0.4294,0.5445
2024-09-28,745281,-0.1189,
2024-09-28,745685,0.7126,-0.1367
2024-09-28,745849,,-0.0638
2024-09-28,745931,0.6290,
2024-09-28,746171,0.2188,0.4495
2024-09-28,746414,,-0.0494
2024-09-28,746499,0.3151,
2024-09-28,746578,-0.2596,-0.1048
2024-09-28,746819,0.3022,0.1623
2024-09-28,746902,0.3188,0.1056
2024-09-28,747066,0.4001,-0.6056
2024-09-28,747146,0.4021,0.2823
2024-09-29,744798,0.6787,0.9826
2024-09-29,744880,0.0061,
2024-09-29,745201,0.1022,1.2776
2024-09-29,745282,,0.4210
2024-09-29,745686,-0.1294,0.6495
2024-09-29,745846,0.1287,0.5404
2024-09-29,745932,0.5556,0.4239
2024-09-29,746174,0.3488,0.7592
2024-09-29,746416,-0.3169,-0.2268
2024-09-29,746496,,0.0183
2024-09-29,746820,-0.6387,
2024-09-29,746901,-0.0259,
2024-09-29,747061,0.3166,0.9637
2024-09-29,747147,0.0728,0.5333
2025-04-01,778485,,
2025-04-01,778486,,
2025-04-01,778487,,
2025-04-01,778488,,
2025-04-01,778489,,
2025-04-01,778490,,
2025-04-01,778491,,
2025-04-01,778492,,
2025-04-01,778493,,
2025-04-01,778494,,
2025-04-01,778495,,
2025-04-01,778497,,
2025-04-01,778498,,
2025-04-02,778469,,
2025-04-02,778471,,
2025-04-02,778472,,
2025-04-02,778473,,
2025-04-02,778474,,
2025-04-02,778475,,
2025-04-02,778476,,
2025-04-02,778477,,
2025-04-02,778478,,
2025-04-02,778479,,
2025-04-02,778480,,
2025-04-02,778481,,
2025-04-02,778482,,
2025-04-02,778483,,
2025-04-02,778484,,
2025-04-03,778462,,
2025-04-03,778466,,
2025-04-03,778467,,
2025-04-03,778468,,
2025-04-03,778470,,
2025-04-04,778444,,
2025-04-04,778447,,
2025-04-04,778453,,
2025-04-04,778454,,
2025-04-04,778455,,
2025-04-04,778456,,
2025-04-04,778457,,
2025-04-04,778458,,
2025-04-04,778459,,
2025-04-04,778460,,
2025-04-04,778461,,
2025-04-04,778463,,
2025-04-04,778464,,
2025-04-04,778465,,
2025-04-05,778436,,
2025-04-05,778437,,
2025-04-05,778438,,
2025-04-05,778439,,
2025-04-05,778440,,
2025-04-05,778441,,
2025-04-05,778442,,
2025-04-05,778443,,
2025-04-05,778445,,
2025-04-05,778446,,
2025-04-05,778448,,
2025-04-05,778449,,
2025-04-05,778450,,
2025-04-05,778451,,
2025-04-05,778452,,
2025-04-06,778419,,
2025-04-06,778420,,
2025-04-06,778421,,
2025-04-06,778422,,
2025-04-06,778423,,
2025-04-06,778425,,
2025-04-06,778427,,
2025-04-06,778428,,
2025-04-06,778429,,
2025-04-06,778430,,
2025-04-06,778431,,
2025-04-06,778432,,
2025-04-06,778433,,
2025-04-06,778434,,
2025-04-06,778435,,
2025-04-07,778405,,
2025-04-07,778410,,
2025-04-07,778411,,
2025-04-07,778412,,
2025-04-07,778413,,
2025-04-07,778414,,
2025-04-07,778415,,
2025-04-07,778416,,
2025-04-07,778418,,
2025-04-07,778424,,
2025-04-07,778426,,
2025-04-08,778394,,
2025-04-08,778395,,
2025-04-08,778396,,
2025-04-08,778397,,
2025-04-08,778398,,
2025-04-08,778400,,
2025-04-08,778401,,
2025-04-08,778402,,
2025-04-08,778403,,
2025-04-08,778404,,
2025-04-08,778406,,
2025-04-08,778407,,
2025-04-08,778408,,
2025-04-08,778409,,
2025-04-08,778417,,
2025-04-09,778376,,
2025-04-09,778379,,
2025-04-09,778380,,
2025-04-09,778381,,
2025-04-09,778383,,
2025-04-09,778385,,
2025-04-09,778386,,
2025-04-09,778387,,
2025-04-09,778388,,
2025-04-09,778389,,
2025-04-09,778390,,
2025-04-09,778391,,
2025-04-09,778392,,
2025-04-09,778393,,
2025-04-09,778399,,
2025-04-10,778371,,
2025-04-10,778373,,
2025-04-10,778377,,
2025-04-10,778378,,
2025-04-10,778382,,
2025-04-10,778384,,
2025-04-11,778356,,
2025-04-11,778358,,
2025-04-11,778360,,
2025-04-11,778361,,
2025-04-11,778363,,
2025-04-11,778364,,
2025-04-11,778365,,
2025-04-11,778366,,
2025-04-11,778367,,
2025-04-11,778368,,
2025-04-11,778369,,
2025-04-11,778370,,
2025-04-11,778372,,
2025-04-11,778374,,
2025-04-11,778375,,
2025-04-12,778341,,
2025-04-12,778345,,
2025-04-12,778346,,
2025-04-12,778347,,
2025-04-12,778348,,
2025-04-12,778349,,
2025-04-12,778350,,
2025-04-12,778351,,
2025-04-12,778352,,
2025-04-12,778353,,
2025-04-12,778354,,
2025-04-12,778355,,
2025-04-12,778357,,
2025-04-12,778359,,
2025-04-12,778362,,
2025-04-13,778329,,
2025-04-13,778330,,
2025-04-13,778331,,
2025-04-13,778332,,
2025-04-13,778333,,
2025-04-13,778334,,
2025-04-13,778335,,
2025-04-13,778336,,
2025-04-13,778337,,
2025-04-13,778338,0.6624,
2025-04-13,778339,,
2025-04-13,778340,,
2025-04-13,778342,,
2025-04-13,778343,,
2025-04-13,778344,,
2025-04-14,778315,,
2025-04-14,778320,,
2025-04-14,778321,,
2025-04-14,778322,,
2025-04-14,778323,,
2025-04-14,778324,,
2025-04-14,778325,,
2025-04-14,778326,,
2025-04-14,778327,,
2025-04-14,778328,,
2025-04-15,778302,,
2025-04-15,778305,,
2025-04-15,778306,,0.3745
2025-04-15,778307,,
2025-04-15,778308,,
2025-04-15,778309,,
2025-04-15,778310,,
2025-04-15,778311,,
2025-04-15,778312,,
2025-04-15,778313,,
2025-04-15,778314,,
2025-04-15,778316,,
2025-04-15,778317,,
2025-04-15,778318,,
2025-04-15,778319,,
2025-04-16,778287,,
2025-04-16,778288,,
2025-04-16,778289,,
2025-04-16,778290,,
2025-04-16,778293,,
2025-04-16,778294,,
2025-04-16,778295,,
2025-04-16,778296,,
2025-04-16,778297,,
2025-04-16,778298,,
2025-04-16,778299,,
2025-04-16,778300,,
2025-04-16,778301,,0.3073
2025-04-16,778303,,
2025-04-16,778304,,
2025-04-17,778278,,
2025-04-17,778279,,
2025-04-17,778280,,
2025-04-17,778281,,
2025-04-17,778282,,0.3586
2025-04-17,778283,,
2025-04-17,778285,,
2025-04-17,778286,,
2025-04-17,778291,,
2025-04-17,778292,0.9454,
2025-04-18,778260,,
2025-04-18,778261,,
2025-04-18,778263,,
2025-04-18,778266,,
2025-04-18,778268,,
2025-04-18,778269,,
2025-04-18,778270,,
2025-04-18,778271,,
2025-04-18,778272,,0.1262
2025-04-18,778273,,
2025-04-18,778274,,
2025-04-18,778275,,
2025-04-18,778276,,
2025-04-18,778277,,
2025-04-18,778284,0.6725,
2025-04-19,778243,,
2025-04-19,778247,,
2025-04-19,778251,0.0929,
2025-04-19,778252,,
2025-04-19,778253,0.3887,
2025-04-19,778254,,
2025-04-19,778255,,
2025-04-19,778256,,
2025-04-19,778257,,
2025-04-19,778258,,
2025-04-19,778259,,
2025-04-19,778262,,
2025-04-19,778264,,0.6209
2025-04-19,778265,,
2025-04-19,778267,,
2025-04-20,778232,,
2025-04-20,778234,,0.3405
2025-04-20,778235,,
2025-04-20,778236,,
2025-04-20,778237,,
2025-04-20,778239,0.8769,
2025-04-20,778240,,0.1882
2025-04-20,778241,,
2025-04-20,778242,,
2025-04-20,778244,,
2025-04-20,778245,,
2025-04-20,778246,,
2025-04-20,778248,,
2025-04-20,778249,1.4690,
2025-04-20,778250,,
2025-04-21,778225,0.4533,
2025-04-21,778226,,
2025-04-21,778227,,
2025-04-21,778228,,
2025-04-21,778230,,
2025-04-21,778231,,0.7466
2025-04-21,778233,-0.0048,
2025-04-21,778238,-0.0238,
2025-04-22,778210,,0.3663
2025-04-22,778211,,
2025-04-22,778212,,
2025-04-22,778213,,
2025-04-22,778215,,
2025-04-22,778216,,
2025-04-22,778217,0.2668,
2025-04-22,778218,,1.1425
2025-04-22,778219,,
2025-04-22,778220,,
2025-04-22,778221,,
2025-04-22,778222,0.4012,
2025-04-22,778223,,
2025-04-22,778224,,
2025-04-22,778229,,
2025-04-23,778195,,
2025-04-23,778197,,
2025-04-23,778198,-0.2594,0.7116
2025-04-23,778199,0.2702,0.4424
2025-04-23,778200,,
2025-04-23,778201,,
2025-04-23,778202,,
2025-04-23,778203,,
2025-04-23,778204,,
2025-04-23,778205,,
2025-04-23,778206,,
2025-04-23,778207,,0.2599
2025-04-23,778208,,0.4349
2025-04-23,778209,,
2025-04-23,778214,,
2025-04-24,778188,0.2302,
2025-04-24,778189,,0.4159
2025-04-24,778190,,
2025-04-24,778191,,
2025-04-24,778192,,
2025-04-24,778193,,
2025-04-24,778194,,
2025-04-24,778196,0.2565,0.5521
2025-04-25,778171,,
2025-04-25,778172,,
2025-04-25,778175,,
2025-04-25,778176,,
2025-04-25,778177,0.8578,0.7092
2025-04-25,778178,,0.1952
2025-04-25,778179,,-0.3331
2025-04-25,778180,,
2025-04-25,778181,,
2025-04-25,778182,,
2025-04-25,778183,,
2025-04-25,778184,0.6627,
2025-04-25,778185,,
2025-04-25,778186,,
2025-04-25,778187,,0.6393
2025-04-26,778154,,0.3362
2025-04-26,778159,0.1547,0.1704
2025-04-26,778160,0.1512,
2025-04-26,778161,0.1754,0.5313
2025-04-26,778162,,0.6702
2025-04-26,778163,,0.1181
2025-04-26,778164,,
2025-04-26,778165,,0.7294
2025-04-26,778166,,
2025-04-26,778167,,0.1853
2025-04-26,778168,,
2025-04-26,778169,0.3659,
2025-04-26,778170,0.4013,
2025-04-26,778173,0.3806,
2025-04-26,778174,,0.0861
2025-04-27,778136,,
2025-04-27,778144,0.4655,1.2651
2025-04-27,778145,-0.1355,
2025-04-27,778146,,-0.2842
2025-04-27,778147,,
2025-04-27,778148,,
2025-04-27,778149,,-0.1140
2025-04-27,778150,,0.1372
2025-04-27,778151,,0.5720
2025-04-27,778152,0.6548,
2025-04-27,778153,0.1948,
2025-04-27,778155,0.4346,
2025-04-27,778156,0.4208,
2025-04-27,778157,,
2025-04-27,778158,0.4773,
2025-04-28,778132,,
2025-04-28,778137,,
2025-04-28,778138,,
2025-04-28,778139,,0.8889
2025-04-28,778140,,
2025-04-28,778141,0.0136,
2025-04-28,778142,,
2025-04-28,778143,,
2025-04-29,778120,,-0.0397
2025-04-29,778121,0.8216,0.9984
2025-04-29,778122,,
2025-04-29,778124,,
2025-04-29,778125,-0.2435,
2025-04-29,778126,0.6691,
2025-04-29,778127,0.3666,
2025-04-29,778128,,0.2754
2025-04-29,778129,0.2918,0.7012
2025-04-29,778130,0.4936,
2025-04-29,778131,0.5344,1.2369
2025-04-29,778133,,
2025-04-29,778134,,
2025-04-29,778135,0.3046,
2025-04-30,778102,0.6599,
2025-04-30,778104,-0.5138,0.3089
2025-04-30,778105,,
2025-04-30,778106,0.1705,
2025-04-30,778109,,
2025-04-30,778110,,
2025-04-30,778111,,
2025-04-30,778112,,
2025-04-30,778113,,0.0577
2025-04-30,778114,,
2025-04-30,778115,,
2025-04-30,778116,,0.3964
2025-04-30,778117,0.1837,
2025-04-30,778118,1.1571,-0.5073
2025-04-30,778119,,
2025-05-01,778094,0.6918,0.3385
2025-05-01,778095,,0.3811
2025-05-01,778096,0.7497,0.0715
2025-05-01,778097,0.5514,
2025-05-01,778098,,
2025-05-01,778099,0.3607,-0.2413
2025-05-01,778100,,1.0187
2025-05-01,778101,,0.1636
2025-05-01,778103,0.8464,
2025-05-01,778107,,
2025-05-01,778108,,-0.1170
2025-05-02,778079,-0.1082,-0.0499
2025-05-02,778080,0.1419,
2025-05-02,778081,,0.2878
2025-05-02,778082,0.4468,0.0525
2025-05-02,778083,0.2346,
2025-05-02,778084,0.3122,
2025-05-02,778085,,0.3212
2025-05-02,778086,0.6649,0.9845
2025-05-02,778087,0.3413,0.1576
2025-05-02,778088,0.0669,-0.1872
2025-05-02,778089,1.0831,
2025-05-02,778090,0.2177,0.3051
2025-05-02,778091,,
2025-05-02,778092,1.1965,
2025-05-02,778093,-0.0332,0.2883
2025-05-03,778064,0.7503,0.2590
2025-05-03,778065,-0.2864,-0.0233
2025-05-03,778066,0.6437,
2025-05-03,778067,,0.0519
2025-05-03,778068,0.1215,0.3222
2025-05-03,778069,,0.5264
2025-05-03,778070,0.3161,
2025-05-03,778071,0.9852,
2025-05-03,778072,0.1805,0.3328
2025-05-03,778073,0.7660,
2025-05-03,778074,,
2025-05-03,778075,0.0865,
2025-05-03,778076,0.1828,0.5001
2025-05-03,778077,,0.3388
2025-05-03,778078,0.7265,0.4285
2025-05-04,778048,-0.0194,0.5231
2025-05-04,778050,,0.7991
2025-05-04,778051,,
2025-05-04,778052,,
2025-05-04,778053,,0.3222
2025-05-04,778054,0.2846,-0.1478
2025-05-04,778055,,
2025-05-04,778056,0.7277,0.5587
2025-05-04,778057,0.1600,0.8206
2025-05-04,778058,0.4537,0.5593
2025-05-04,778059,0.3711,
2025-05-04,778060,0.9539,
2025-05-04,778061,,
2025-05-04,778062,0.6239,
2025-05-04,778063,0.2574,0.3325
2025-05-05,778036,,0.0480
2025-05-05,778038,0.9944,0.1275
2025-05-05,778039,1.0921,
2025-05-05,778042,,
2025-05-05,778043,1.1602,-0.4260
2025-05-05,778044,0.6393,0.8280
2025-05-05,778045,0.9393,0.0194
2025-05-05,778046,0.1124,0.3614
2025-05-05,778047,,0.4244
2025-05-05,778049,0.7021,
2025-05-06,778024,0.4936,0.7157
2025-05-06,778025,,-0.2764
2025-05-06,778026,0.4930,1.0105
2025-05-06,778027,,
2025-05-06,778028,0.5483,0.3386
2025-05-06,778029,,
2025-05-06,778030,0.9862,
2025-05-06,778031,,0.6395
2025-05-06,778032,0.3229,0.8909
2025-05-06,778033,0.2018,0.4431
2025-05-06,778034,,0.6137
2025-05-06,778035,,
2025-05-06,778037,,
2025-05-06,778040,1.1852,0.2691
2025-05-06,778041,0.4834,
2025-05-07,778009,0.4420,0.3197
2025-05-07,778010,0.2477,
2025-05-07,778011,1.4063,
2025-05-07,778012,-0.1409,-0.0067
2025-05-07,778013,0.6703,
2025-05-07,778014,0.3009,0.6459
2025-05-07,778015,0.0270,
2025-05-07,778016,0.4464,
2025-05-07,778017,,
2025-05-07,778018,0.2771,-0.1143
2025-05-07,778019,0.3153,-0.2120
2025-05-07,778020,-0.0340,0.1961
2025-05-07,778021,-0.4484,
2025-05-07,778022,0.5897,
2025-05-07,778023,0.0743,
2025-05-08,777999,1.1367,0.6907
2025-05-08,778000,0.2830,0.2665
2025-05-08,778003,0.3652,0.6476
2025-05-08,778004,,-0.2253
2025-05-08,778005,1.0466,0.0363
2025-05-08,778006,,
2025-05-08,778007,0.2052,0.7774
2025-05-08,778008,,0.2149
2025-05-09,777984,0.2079,0.1943
2025-05-09,777986,0.2543,0.0240
2025-05-09,777988,0.2912,0.3987
2025-05-09,777989,0.4678,0.6740
2025-05-09,777990,,0.6214
2025-05-09,777991,,
2025-05-09,777992,0.4397,0.3574
2025-05-09,777993,-0.3242,0.3371
2025-05-09,777994,0.9158,0.0480
2025-05-09,777995,0.2582,0.3850
2025-05-09,777996,0.5627,
2025-05-09,777997,0.5464,0.6688
2025-05-09,777998,0.1090,-0.0978
2025-05-09,778001,0.8325,0.3308
2025-05-09,778002,0.6013,
2025-05-10,777970,0.5093,
2025-05-10,777972,0.0095,0.3949
2025-05-10,777973,,0.7890
2025-05-10,777974,0.4786,1.0562
2025-05-10,777975,0.9491,0.2248
2025-05-10,777976,,
2025-05-10,777977,0.4150,-0.2825
2025-05-10,777978,,0.9897
2025-05-10,777979,0.8581,
2025-05-10,777980,-0.0793,0.6778
2025-05-10,777981,,0.2767
2025-05-10,777982,,0.0490
2025-05-10,777983,,0.8304
2025-05-10,777985,,0.5360
2025-05-10,777987,,0.2758
2025-05-11,777954,,0.8383
2025-05-11,777955,0.9509,-0.1286
2025-05-11,777956,0.6909,0.3142
2025-05-11,777957,,-0.0113
2025-05-11,777958,,0.9398
2025-05-11,777961,,-0.1581
2025-05-11,777962,0.0919,0.3378
2025-05-11,777963,,0.0390
2025-05-11,777964,0.4212,0.3200
2025-05-11,777965,,0.5100
2025-05-11,777966,0.2534,0.2272
2025-05-11,777967,0.5980,
2025-05-11,777968,0.9110,1.0735
2025-05-11,777969,0.5949,0.1536
2025-05-11,777971,1.2373,0.4227
2025-05-12,777939,0.7180,-0.2425
2025-05-12,777941,,0.4859
2025-05-12,777947,0.2967,0.4620
2025-05-12,777948,0.0488,
2025-05-12,777949,,0.0420
2025-05-12,777950,0.8991,0.2483
2025-05-12,777951,-0.1991,0.7152
2025-05-12,777952,0.0790,0.9918
2025-05-12,777953,1.5171,-0.4338
2025-05-12,777959,1.0529,0.5856
2025-05-12,777960,-0.1581,0.1748
2025-05-13,777926,-0.1414,0.1894
2025-05-13,777930,0.6962,-0.0823
2025-05-13,777931,0.1291,0.0988
2025-05-13,777932,0.1962,0.2116
2025-05-13,777933,0.4656,0.5423
2025-05-13,777934,-0.3434,0.2416
2025-05-13,777935,-0.1571,0.3751
2025-05-13,777936,,0.2483
2025-05-13,777937,0.7124,
2025-05-13,777938,-0.0508,
2025-05-13,777940,,
2025-05-13,777942,,0.6028
2025-05-13,777943,0.4100,0.1794
2025-05-13,777944,0.4894,0.5333
2025-05-13,777945,-0.0837,
2025-05-14,777914,-0.0755,-0.3540
2025-05-14,777915,0.8461,0.1011
2025-05-14,777916,0.3135,0.3163
2025-05-14,777917,,1.0938
2025-05-14,777918,0.3497,0.5123
2025-05-14,777919,-0.1044,0.3798
2025-05-14,777920,0.5690,
2025-05-14,777921,,0.7354
2025-05-14,777922,0.1986,0.8716
2025-05-14,777923,-0.0875,0.3325
2025-05-14,777924,0.7866,0.0892
2025-05-14,777925,,0.6301
2025-05-14,777927,,0.2083
2025-05-14,777928,,0.3320
2025-05-14,777929,0.3669,0.0379
2025-05-15,777909,0.7723,
2025-05-15,777910,0.7697,0.4190
2025-05-15,777911,0.2410,0.1240
2025-05-15,777912,,0.3684
2025-05-15,777913,,0.1455
2025-05-15,777946,-0.0452,
2025-05-16,777891,0.4271,0.4408
2025-05-16,777895,,0.5571
2025-05-16,777896,,
2025-05-16,777897,,0.1075
2025-05-16,777898,1.1152,0.4089
2025-05-16,777899,0.7890,0.8971
2025-05-16,777900,1.0370,
2025-05-16,777901,-0.1579,0.0053
2025-05-16,777902,1.1051,0.7857
2025-05-16,777903,0.2952,
2025-05-16,777904,-0.0698,-0.0134
2025-05-16,777905,0.5127,
2025-05-16,777906,0.3956,0.5730
2025-05-16,777907,0.3568,0.5146
2025-05-16,777908,0.4604,0.3015
2025-05-17,777875,0.4873,0.7910
2025-05-17,777879,0.0158,0.6630
2025-05-17,777881,0.2135,0.9810
2025-05-17,777882,0.0659,0.1237
2025-05-17,777883,0.3541,
2025-05-17,777884,-0.0705,
2025-05-17,777885,0.0446,
2025-05-17,777886,0.1687,
2025-05-17,777887,-0.1160,0.8897
2025-05-17,777888,0.9895,1.1209
2025-05-17,777889,0.2861,-0.1197
2025-05-17,777890,1.0234,
2025-05-17,777892,,
2025-05-17,777893,0.5517,
2025-05-17,777894,0.4116,1.1712
2025-05-18,777864,1.2794,-0.0708
2025-05-18,777865,,-0.1520
2025-05-18,777866,0.3494,
2025-05-18,777867,0.7724,-0.2155
2025-05-18,777868,0.1300,0.4583
2025-05-18,777869,0.1025,0.1981
2025-05-18,777870,-0.0479,0.6112
2025-05-18,777871,0.7239,0.4160
2025-05-18,777872,-0.0549,1.0267
2025-05-18,777873,,
2025-05-18,777874,0.3727,0.1535
2025-05-18,777876,0.6346,
2025-05-18,777877,-0.1387,-0.0706
2025-05-18,777878,0.1160,-0.2848
2025-05-18,777880,0.8532,
2025-05-19,777852,-0.3531,-0.2391
2025-05-19,777853,0.1985,
2025-05-19,777854,0.6462,
2025-05-19,777855,0.0731,-0.1466
2025-05-19,777856,0.3955,
2025-05-19,777857,0.0462,
2025-05-19,777858,,-0.1355
2025-05-19,777859,0.3243,0.3992
2025-05-19,777860,0.1311,
2025-05-19,777862,,0.3620
2025-05-19,777863,0.2143,
2025-05-20,777836,0.5261,
2025-05-20,777838,,1.2077
2025-05-20,777839,,1.2406
2025-05-20,777840,0.1218,0.2483
2025-05-20,777841,,0.3189
2025-05-20,777842,0.8160,0.3480
2025-05-20,777843,-0.0628,
2025-05-20,777844,,
2025-05-20,777845,0.2011,0.3880
2025-05-20,777846,,
2025-05-20,777847,0.2795,-0.0494
2025-05-20,777848,,
2025-05-20,777849,0.3032,0.7973
2025-05-20,777850,0.6952,
2025-05-20,777851,0.4968,0.4385
2025-05-21,777819,,0.4571
2025-05-21,777823,-0.2069,
2025-05-21,777824,0.0608,0.8258
2025-05-21,777825,,0.9615
2025-05-21,777826,0.1927,0.3248
2025-05-21,777827,,-0.1676
2025-05-21,777828,0.7497,0.4086
2025-05-21,777829,0.6677,0.1614
2025-05-21,777830,,1.0392
2025-05-21,777831,-0.0288,0.3447
2025-05-21,777832,0.7365,0.3494
2025-05-21,777833,,
2025-05-21,777834,0.8012,0.4996
2025-05-21,777835,0.3637,
2025-05-21,777837,-0.1902,-0.0081
2025-05-22,777812,0.0695,-0.0137
2025-05-22,777814,,
2025-05-22,777815,0.4729,0.8284
2025-05-22,777816,,0.7046
2025-05-22,777817,,-0.1090
2025-05-22,777818,0.5023,-0.0131
2025-05-22,777820,0.4179,0.7134
2025-05-22,777821,1.0340,0.3422
2025-05-22,777822,,
2025-05-23,777797,0.9489,0.0083
2025-05-23,777798,-0.1281,0.2844
2025-05-23,777799,,0.3738
2025-05-23,777800,0.3252,0.2832
2025-05-23,777801,0.7230,0.2340
2025-05-23,777802,1.0318,
2025-05-23,777804,1.3434,
2025-05-23,777805,0.1054,0.3413
2025-05-23,777806,-0.0627,0.8455
2025-05-23,777807,,0.6875
2025-05-23,777808,,0.9611
2025-05-23,777810,,0.1497
2025-05-23,777811,0.9080,0.1263
2025-05-23,777813,0.7945,0.3493
2025-05-24,777781,-0.1437,0.1306
2025-05-24,777782,-0.0538,-0.2890
2025-05-24,777784,-0.3208,0.7244
2025-05-24,777786,0.5774,1.0699
2025-05-24,777787,0.0839,0.0669
2025-05-24,777788,-0.1008,
2025-05-24,777789,,0.1694
2025-05-24,777790,,
2025-05-24,777791,1.0683,0.3086
2025-05-24,777792,0.1466,-0.0368
2025-05-24,777793,,0.9615
2025-05-24,777794,0.3680,0.3979
2025-05-24,777795,0.3844,-0.0753
2025-05-24,777796,0.4485,
2025-05-24,777803,,0.6412
2025-05-24,777809,,
2025-05-25,777765,0.7525,
2025-05-25,777766,0.6111,0.3955
2025-05-25,777767,-0.0250,-0.0989
2025-05-25,777768,0.7315,0.4012
2025-05-25,777772,0.0513,0.7551
2025-05-25,777773,,0.3059
2025-05-25,777774,-0.0039,
2025-05-25,777775,0.3139,-0.1494
2025-05-25,777776,,-0.0343
2025-05-25,777777,0.3892,
2025-05-25,777778,-0.1769,
2025-05-25,777779,0.2233,0.3046
2025-05-25,777780,0.5614,0.1236
2025-05-25,777783,0.2066,0.6632
2025-05-25,777785,0.1273,0.5050
2025-05-26,777756,,-0.1183
2025-05-26,777757,,0.6440
2025-05-26,777758,,0.5296
2025-05-26,777759,0.0212,0.3386
2025-05-26,777760,0.3217,0.5525
2025-05-26,777761,0.4717,
2025-05-26,777762,0.3090,0.5963
2025-05-26,777763,,0.7181
2025-05-26,777764,0.2259,0.2792
2025-05-26,777769,1.0467,0.8874
2025-05-26,777770,,0.1521
2025-05-26,777771,0.2349,1.3663
2025-05-27,777741,0.7194,0.4238
2025-05-27,777742,0.3577,
2025-05-27,777743,0.3430,
2025-05-27,777744,,0.0731
2025-05-27,777745,-0.0328,0.0225
2025-05-27,777746,1.2406,0.2068
2025-05-27,777747,,
2025-05-27,777748,,
2025-05-27,777749,0.0189,-0.0253
2025-05-27,777750,0.7537,
2025-05-27,777751,-0.1074,
2025-05-27,777752,0.4300,0.6169
2025-05-27,777753,0.8178,0.9907
2025-05-27,777754,-0.1446,0.0456
2025-05-27,777755,0.4619,0.3972
2025-05-28,777724,,0.0002
2025-05-28,777726,-0.1444,
2025-05-28,777728,1.0269,0.2889
2025-05-28,777729,0.8285,0.9580
2025-05-28,777730,0.8064,
2025-05-28,777731,,0.8489
2025-05-28,777732,0.3343,0.1742
2025-05-28,777733,0.1328,
2025-05-28,777734,-0.0528,
2025-05-28,777735,0.3793,-0.3188
2025-05-28,777736,0.6730,-0.0687
2025-05-28,777737,0.8232,0.8919
2025-05-28,777738,0.7553,0.6682
2025-05-28,777739,,
2025-05-28,777740,0.0641,0.4541
2025-05-29,777722,0.3166,0.3454
2025-05-29,777723,0.4821,1.2767
2025-05-29,777725,-0.0146,0.3802
2025-05-29,777727,,0.2653
2025-05-30,777707,0.4253,0.7387
2025-05-30,777708,-0.0803,
2025-05-30,777709,1.1391,0.0801
2025-05-30,777710,0.9548,0.5820
2025-05-30,777711,0.3883,0.4669
2025-05-30,777712,0.3726,0.9565
2025-05-30,777713,,-0.0963
2025-05-30,777714,-0.0372,0.1185
2025-05-30,777715,,-0.2174
2025-05-30,777716,0.7660,0.4004
2025-05-30,777717,,-0.1513
2025-05-30,777718,-0.2722,0.2906
2025-05-30,777719,,0.5984
2025-05-30,777720,,0.0752
2025-05-30,777721,0.1013,0.4595
2025-05-31,777691,-0.0053,0.1986
2025-05-31,777693,0.5388,
2025-05-31,777694,0.1007,-0.1155
2025-05-31,777695,0.7774,0.9414
2025-05-31,777696,,0.6205
2025-05-31,777697,0.3669,0.4535
2025-05-31,777698,0.6866,0.2648
2025-05-31,777699,0.1897,-0.0014
2025-05-31,777700,0.3808,0.4626
2025-05-31,777701,,
2025-05-31,777702,0.2314,0.7406
2025-05-31,777703,-0.1154,
2025-05-31,777704,0.3361,
2025-05-31,777705,-0.1853,-0.1211
2025-05-31,777706,0.5054,0.5042
2025-06-01,777677,0.2694,0.0119
2025-06-01,777678,0.2314,0.3998
2025-06-01,777679,0.3106,0.0967
2025-06-01,777680,0.3310,-0.0168
2025-06-01,777681,0.4236,-0.0469
2025-06-01,777682,,0.8768
2025-06-01,777683,0.6940,0.8472
2025-06-01,777684,,1.3556
2025-06-01,777685,0.3848,-0.0123
2025-06-01,777686,,0.6045
2025-06-01,777687,0.3646,0.5323
2025-06-01,777688,0.6007,0.2192
2025-06-01,777689,,
2025-06-01,777690,0.1075,0.5845
2025-06-01,777692,0.2141,0.0307
2025-06-02,777669,1.1273,-0.1066
2025-06-02,777670,0.0531,
2025-06-02,777671,0.4230,0.7160
2025-06-02,777673,-0.1496,0.2901
2025-06-02,777674,0.3702,-0.0363
2025-06-02,777675,,0.8151
2025-06-02,777676,0.5495,0.5087
2025-06-03,777655,-0.0769,
2025-06-03,777656,,0.7582
2025-06-03,777657,0.0493,
2025-06-03,777658,0.4046,
2025-06-03,777659,,0.6901
2025-06-03,777660,0.6247,-0.1498
2025-06-03,777661,,0.7379
2025-06-03,777662,0.0212,0.2029
2025-06-03,777663,,0.8103
2025-06-03,777664,1.0942,-0.0901
2025-06-03,777665,-0.2449,0.6089
2025-06-03,777666,0.1348,-0.1435
2025-06-03,777667,0.2751,0.6781
2025-06-03,777668,0.0270,0.1173
2025-06-03,777672,0.9499,
2025-06-04,777638,0.8061,
2025-06-04,777639,,
2025-06-04,777641,0.6724,
2025-06-04,777642,,0.0742
2025-06-04,777645,0.4341,0.3997
2025-06-04,777646,,-0.1494
2025-06-04,777647,,0.3584
2025-06-04,777648,0.5769,
2025-06-04,777649,0.0842,0.3226
2025-06-04,777650,0.9173,0.3158
2025-06-04,777651,,0.2883
2025-06-04,777652,-0.2575,0.0542
2025-06-04,777653,0.4638,0.9644
2025-06-04,777654,0.6996,0.4206
2025-06-05,777628,0.0631,-0.0706
2025-06-05,777629,0.1128,-0.0554
2025-06-05,777630,0.1519,0.4047
2025-06-05,777631,0.2774,0.2200
2025-06-05,777632,,0.8316
2025-06-05,777633,0.2443,-0.1783
2025-06-05,777634,0.3182,0.2461
2025-06-05,777635,0.0554,1.0104
2025-06-05,777636,,
2025-06-05,777637,0.7284,0.4449
2025-06-05,777640,0.6835,0.5616
2025-06-05,777644,,0.0910
2025-06-06,777613,0.0012,0.3868
2025-06-06,777614,0.9656,-0.1563
2025-06-06,777615,,0.7595
2025-06-06,777616,0.4827,
2025-06-06,777617,-0.0687,0.2551
2025-06-06,777618,0.5030,0.1786
2025-06-06,777619,0.4644,
2025-06-06,777620,,0.3191
2025-06-06,777621,,-0.0238
2025-06-06,777622,,0.5527
2025-06-06,777623,0.2337,0.3302
2025-06-06,777624,0.4320,0.4965
2025-06-06,777625,0.0569,0.5165
2025-06-06,777626,0.2130,0.0784
2025-06-06,777627,0.4969,0.7553
2025-06-07,777597,0.5865,0.5742
2025-06-07,777598,0.0854,0.5262
2025-06-07,777599,1.2227,-0.1703
2025-06-07,777600,-0.0191,0.3078
2025-06-07,777601,0.8373,0.2087
2025-06-07,777603,-0.0713,0.6653
2025-06-07,777604,0.5133,-0.1762
2025-06-07,777605,0.1847,
2025-06-07,777606,-0.2144,
2025-06-07,777607,0.0472,0.4315
2025-06-07,777608,0.5896,0.8891
2025-06-07,777609,0.5587,
2025-06-07,777610,0.3380,0.2512
2025-06-07,777611,,-0.0357
2025-06-07,777612,,0.4235
2025-06-08,777582,,
2025-06-08,777583,0.1325,0.1896
2025-06-08,777585,0.7207,1.0024
2025-06-08,777586,,-0.0510
2025-06-08,777587,,0.7430
2025-06-08,777588,-0.1174,
2025-06-08,777589,,0.0349
2025-06-08,777590,0.6641,
2025-06-08,777591,,1.0201
2025-06-08,777592,,0.3274
2025-06-08,777593,0.6427,-0.0855
2025-06-08,777594,,0.4204
2025-06-08,777595,-0.2864,0.7861
2025-06-08,777596,,0.7058
2025-06-08,777602,0.8887,0.5957
2025-06-09,777574,,
2025-06-09,777575,0.3966,0.3907
2025-06-09,777576,,0.2212
2025-06-09,777577,0.4392,0.6138
2025-06-09,777578,0.9254,1.2359
2025-06-09,777579,0.8109,0.6615
2025-06-09,777580,,0.4352
2025-06-09,777581,0.2372,-0.1814
2025-06-09,777584,-0.2759,0.5934
2025-06-10,777557,-0.0061,-0.1206
2025-06-10,777558,0.4365,0.0432
2025-06-10,777559,,0.6397
2025-06-10,777560,,0.2162
2025-06-10,777563,,
2025-06-10,777564,,0.1361
2025-06-10,777565,-0.0552,0.3328
2025-06-10,777566,-0.2171,0.4373
2025-06-10,777567,0.7108,
2025-06-10,777568,0.5697,0.1598
2025-06-10,777569,0.3748,
2025-06-10,777570,0.3298,0.8119
2025-06-10,777571,0.9829,
2025-06-10,777572,0.1260,
2025-06-10,777573,,0.4259
2025-06-11,777542,0.4124,-0.1182
2025-06-11,777543,,-0.0595
2025-06-11,777545,,1.1653
2025-06-11,777547,-0.1860,-0.3351
2025-06-11,777548,-0.0520,0.2121
2025-06-11,777549,0.3124,0.4859
2025-06-11,777550,0.2722,0.5903
2025-06-11,777551,0.8860,0.0311
2025-06-11,777552,0.0455,-0.0264
2025-06-11,777553,0.1105,0.7112
2025-06-11,777554,0.3968,0.2763
2025-06-11,777555,0.8354,0.2296
2025-06-11,777556,0.1327,
2025-06-11,777561,0.5172,0.6477
2025-06-11,777562,0.2003,0.0392
2025-06-12,777532,0.2458,
2025-06-12,777533,0.4611,0.8415
2025-06-12,777534,,0.4341
2025-06-12,777536,0.7802,0.4611
2025-06-12,777540,0.0519,
2025-06-12,777541,0.4260,0.4621
2025-06-12,777544,0.3813,0.4986
2025-06-12,777546,0.2777,0.1826
2025-06-13,777520,0.8194,-0.0717
2025-06-13,777521,0.5736,0.5301
2025-06-13,777522,0.5656,0.7966
2025-06-13,777524,,
2025-06-13,777525,0.2217,-0.0437
2025-06-13,777526,0.7814,0.4987
2025-06-13,777527,0.3842,
2025-06-13,777528,-0.0321,0.4828
2025-06-13,777529,-0.1834,-0.1362
2025-06-13,777530,0.0495,0.1870
2025-06-13,777531,-0.1067,-0.0282
2025-06-13,777535,-0.2027,0.0043
2025-06-13,777537,-0.4831,0.2198
2025-06-13,777538,0.3466,
2025-06-13,777539,0.6799,1.2366
2025-06-14,777506,0.6932,0.3287
2025-06-14,777507,1.1138,
2025-06-14,777508,,0.3570
2025-06-14,777509,0.7251,-0.2816
2025-06-14,777510,0.9316,0.5987
2025-06-14,777511,0.6080,0.6626
2025-06-14,777512,-0.1437,0.6154
2025-06-14,777513,,0.8842
2025-06-14,777514,,0.6766
2025-06-14,777515,,0.8553
2025-06-14,777516,-0.1410,0.6822
2025-06-14,777517,0.5478,0.4681
2025-06-14,777518,0.4131,0.1250
2025-06-14,777519,-0.0226,-0.1386
2025-06-14,777523,0.2182,
2025-06-15,777491,0.5594,0.6049
2025-06-15,777492,0.0379,0.2450
2025-06-15,777493,0.2807,0.3066
2025-06-15,777494,-0.0715,
2025-06-15,777495,0.3617,0.3939
2025-06-15,777496,0.6946,
2025-06-15,777497,0.4272,0.9213
2025-06-15,777498,,0.8248
2025-06-15,777499,0.2204,1.2616
2025-06-15,777500,0.0865,0.5858
2025-06-15,777501,0.2690,
2025-06-15,777502,-0.2554,0.8377
2025-06-15,777503,,0.3051
2025-06-15,777504,,0.5379
2025-06-15,777505,,
2025-06-16,777483,,-0.2333
2025-06-16,777484,0.0729,0.0516
2025-06-16,777485,0.6045,
2025-06-16,777486,0.2951,
2025-06-16,777487,0.0842,0.9022
2025-06-16,777488,0.2825,0.8937
2025-06-16,777490,0.2348,
2025-06-17,777467,1.1898,0.7230
2025-06-17,777468,0.4915,0.1823
2025-06-17,777469,,0.3812
2025-06-17,777471,-0.0457,
2025-06-17,777472,,-0.2545
2025-06-17,777473,0.5230,-0.0951
2025-06-17,777475,-0.0608,0.2097
2025-06-17,777476,-0.0791,0.7991
2025-06-17,777477,-0.0699,0.5603
2025-06-17,777478,,0.3596
2025-06-17,777479,0.6754,0.4370
2025-06-17,777480,0.3898,0.2851
2025-06-17,777481,0.7202,-0.0315
2025-06-17,777482,0.2468,0.1460
2025-06-17,777489,0.2226,0.3115
2025-06-18,777453,0.1835,-0.0635
2025-06-18,777454,0.4949,-0.4282
2025-06-18,777456,0.1961,-0.2667
2025-06-18,777457,0.5646,
2025-06-18,777458,,
2025-06-18,777459,-0.0659,0.5289
2025-06-18,777460,0.1323,0.4833
2025-06-18,777461,-0.1907,0.2679
2025-06-18,777462,0.2459,
2025-06-18,777463,,-0.0009
2025-06-18,777464,0.7317,
2025-06-18,777465,0.0601,
2025-06-18,777466,0.6840,-0.2652
2025-06-18,777470,,0.4114
2025-06-18,777474,0.8754,0.3617
2025-06-19,777440,0.6252,0.6341
2025-06-19,777441,,0.4361
2025-06-19,777442,,0.8499
2025-06-19,777443,-0.1094,
2025-06-19,777444,-0.2619,0.0076
2025-06-19,777445,0.2870,0.6551
2025-06-19,777446,1.3281,0.4658
2025-06-19,777447,0.2530,0.2513
2025-06-19,777448,0.5806,-0.0300
2025-06-19,777449,0.0228,-0.1787
2025-06-19,777450,-0.0659,0.4911
2025-06-19,777451,0.4015,-0.0376
2025-06-19,777452,0.4792,0.3430
2025-06-19,777455,0.4162,0.8389
2025-06-20,777425,0.7400,
2025-06-20,777426,0.6837,0.5079
2025-06-20,777427,0.3083,0.4480
2025-06-20,777428,0.5758,0.2606
2025-06-20,777429,1.0080,0.6525
2025-06-20,777430,0.8546,
2025-06-20,777431,0.4958,-0.1539
2025-06-20,777432,0.3593,
2025-06-20,777433,0.5907,-0.0778
2025-06-20,777434,,0.8867
2025-06-20,777435,,
2025-06-20,777436,0.5484,0.8590
2025-06-20,777437,,1.2200
2025-06-20,777438,-0.1670,0.1037
2025-06-20,777439,,
2025-06-21,777410,0.6426,0.3030
2025-06-21,777411,0.3381,
2025-06-21,777412,0.6104,-0.0534
2025-06-21,777413,0.6640,0.2290
2025-06-21,777414,,0.0451
2025-06-21,777415,,0.2323
2025-06-21,777416,0.8989,0.8422
2025-06-21,777417,0.6548,0.6471
2025-06-21,777418,0.3111,0.2034
2025-06-21,777419,0.4338,0.5289
2025-06-21,777420,,0.0402
2025-06-21,777421,0.2939,0.3840
2025-06-21,777422,0.1060,0.8974
2025-06-21,777423,0.8722,
2025-06-21,777424,0.5078,
2025-06-22,777395,0.2328,-0.2340
2025-06-22,777396,0.4701,-0.0312
2025-06-22,777397,0.5239,-0.0935
2025-06-22,777398,0.3298,
2025-06-22,777399,0.6677,0.4036
2025-06-22,777400,0.0897,0.4190
2025-06-22,777401,0.2432,
2025-06-22,777402,-0.0121,-0.2164
2025-06-22,777403,0.7384,0.8832
2025-06-22,777404,0.1583,-0.0681
2025-06-22,777405,0.2774,0.7289
2025-06-22,777406,-0.0887,0.8879
2025-06-22,777407,0.3395,-0.0228
2025-06-22,777408,,0.4159
2025-06-22,777409,0.2197,0.5761
2025-06-23,777381,0.5333,0.6986
2025-06-23,777382,0.3172,0.6283
2025-06-23,777388,-0.0623,0.8657
2025-06-23,777389,0.3418,
2025-06-23,777390,,0.3848
2025-06-23,777391,,0.1552
2025-06-23,777392,0.1445,1.1540
2025-06-23,777393,0.2247,0.6984
2025-06-23,777394,0.4823,
2025-06-24,777364,-0.0709,-0.3701
2025-06-24,777372,0.6626,
2025-06-24,777373,0.4785,
2025-06-24,777374,0.4020,-0.0521
2025-06-24,777375,-0.0838,0.3261
2025-06-24,777376,0.2417,0.0929
2025-06-24,777377,0.0379,0.1881
2025-06-24,777378,0.0115,0.1578
2025-06-24,777379,,-0.1967
2025-06-24,777380,,1.2798
2025-06-24,777383,0.6873,
2025-06-24,777384,,0.4451
2025-06-24,777385,-0.2318,
2025-06-24,777386,-0.3268,-0.0814
2025-06-24,777387,0.9073,
2025-06-25,777355,-0.0304,0.6490
2025-06-25,777357,0.8488,0.2653
2025-06-25,777358,0.8997,0.2499
2025-06-25,777359,0.4772,-0.1532
2025-06-25,777360,0.2997,0.5142
2025-06-25,777361,0.6901,
2025-06-25,777362,,0.2635
2025-06-25,777363,0.5929,0.8754
2025-06-25,777365,0.3197,
2025-06-25,777366,1.2582,0.1631
2025-06-25,777367,0.0506,0.5979
2025-06-25,777368,,0.5020
2025-06-25,777369,,0.3687
2025-06-25,777370,0.8168,0.2741
2025-06-25,777371,0.4766,0.4334
2025-06-26,777344,0.4360,
2025-06-26,777347,,
2025-06-26,777348,0.1903,-0.0654
2025-06-26,777350,-0.2894,0.5820
2025-06-26,777351,0.6551,
2025-06-26,777352,0.5460,0.8130
2025-06-26,777353,-0.1251,0.6650
2025-06-26,777354,-0.0146,0.9153
2025-06-26,777356,0.4201,-0.0189
2025-06-27,777331,0.8770,0.1015
2025-06-27,777332,,0.6161
2025-06-27,777334,0.2866,
2025-06-27,777335,0.8995,0.6493
2025-06-27,777336,0.5187,
2025-06-27,777337,,0.8164
2025-06-27,777338,0.7261,0.2785
2025-06-27,777339,-0.2818,0.6264
2025-06-27,777340,0.7950,0.3762
2025-06-27,777341,0.3376,0.3445
2025-06-27,777342,0.7980,0.0156
2025-06-27,777343,0.0449,-0.0772
2025-06-27,777345,0.2055,0.5770
2025-06-27,777346,0.1838,0.2065
2025-06-27,777349,0.2206,0.3589
2025-06-28,777315,0.2694,-0.0903
2025-06-28,777318,-0.2907,0.6378
2025-06-28,777319,,0.4447
2025-06-28,777320,0.8771,
2025-06-28,777321,0.3487,0.3166
2025-06-28,777322,-0.0721,0.4206
2025-06-28,777323,0.4421,0.2815
2025-06-28,777324,0.8967,0.1982
2025-06-28,777325,,-0.0940
2025-06-28,777326,0.4543,0.8585
2025-06-28,777327,-0.1989,0.5660
2025-06-28,777328,-0.0666,0.3417
2025-06-28,777329,-0.0438,0.0517
2025-06-28,777330,0.5530,0.1677
2025-06-28,777333,0.7642,0.3437
2025-06-29,777301,-0.2117,0.1464
2025-06-29,777302,-0.0958,0.1779
2025-06-29,777303,-0.0047,0.2022
2025-06-29,777304,,0.1267
2025-06-29,777305,0.2841,0.7184
2025-06-29,777307,-0.3254,-0.0786
2025-06-29,777308,0.4389,0.1493
2025-06-29,777309,1.1219,0.5032
2025-06-29,777310,,0.5711
2025-06-29,777311,-0.3223,-0.1008
2025-06-29,777312,0.6063,0.4148
2025-06-29,777313,,0.4350
2025-06-29,777314,0.4349,-0.1232
2025-06-29,777316,0.0779,0.9256
2025-06-29,777317,0.0250,-0.0885
2025-06-30,777291,0.6591,0.7154
2025-06-30,777292,,0.4067
2025-06-30,777295,-0.2710,
2025-06-30,777296,0.4370,0.5146
2025-06-30,777297,-0.0912,0.5908
2025-06-30,777299,0.2725,0.3730
2025-06-30,777300,,0.1664
2025-06-30,777306,,1.2790
2025-07-01,777278,0.3919,0.7724
2025-07-01,777280,0.7037,0.8705
2025-07-01,777281,0.6566,0.4255
2025-07-01,777282,,0.3237
2025-07-01,777283,-0.0003,0.0192
2025-07-01,777284,,0.6666
2025-07-01,777285,0.1691,0.2375
2025-07-01,777286,0.6534,-0.0136
2025-07-01,777287,0.5233,0.8122
2025-07-01,777288,-0.0518,0.6667
2025-07-01,777289,-0.0635,0.4052
2025-07-01,777290,0.1911,-0.2683
2025-07-01,777293,0.8836,0.0551
2025-07-01,777294,0.5851,0.3666
2025-07-01,777298,0.1114,0.5256
2025-07-02,777262,0.6643,0.8630
2025-07-02,777265,0.4087,0.2485
2025-07-02,777266,1.0358,0.1953
2025-07-02,777267,,0.3511
2025-07-02,777268,-0.1069,0.3421
2025-07-02,777269,0.5692,
2025-07-02,777270,0.7529,0.6272
2025-07-02,777271,,0.0256
2025-07-02,777272,0.1960,0.3854
2025-07-02,777273,0.4928,0.7980
2025-07-02,777274,0.8056,0.1770
2025-07-02,777275,0.0501,
2025-07-02,777276,,
2025-07-02,777277,0.2443,
2025-07-02,777279,0.2902,
2025-07-03,777251,0.4242,
2025-07-03,777253,0.3154,0.9397
2025-07-03,777256,-0.2086,0.5718
2025-07-03,777257,0.6604,0.3382
2025-07-03,777258,,0.9103
2025-07-03,777259,,0.5286
2025-07-03,777260,0.8712,0.4336
2025-07-03,777261,0.1264,0.0887
2025-07-03,777263,0.3490,
2025-07-03,777264,-0.2048,-0.2587
2025-07-04,777235,0.3903,
2025-07-04,777236,-0.0865,-0.0941
2025-07-04,777239,0.6018,-0.0170
2025-07-04,777242,-0.1234,0.2649
2025-07-04,777243,0.3997,0.3657
2025-07-04,777244,-0.3052,0.4632
2025-07-04,777245,0.3056,0.2376
2025-07-04,777246,-0.0796,0.8392
2025-07-04,777247,0.6064,0.5703
2025-07-04,777248,0.1584,0.1939
2025-07-04,777249,0.1814,0.0700
2025-07-04,777250,0.0632,
2025-07-04,777252,1.2628,0.8770
2025-07-04,777254,0.3503,-0.2230
2025-07-04,777255,0.3872,0.7584
2025-07-05,777221,0.1494,
2025-07-05,777223,0.4165,0.5257
2025-07-05,777225,0.5156,-0.0680
2025-07-05,777227,0.6626,-0.2790
2025-07-05,777228,0.4780,0.2421
2025-07-05,777229,1.1024,
2025-07-05,777230,0.0539,
2025-07-05,777231,0.7047,
2025-07-05,777232,-0.0782,-0.2638
2025-07-05,777233,0.4270,-0.0431
2025-07-05,777234,-0.0653,0.7068
2025-07-05,777237,-0.0819,
2025-07-05,777238,0.1989,-0.0579
2025-07-05,777240,0.3243,0.4588
2025-07-05,777241,-0.2887,
2025-07-06,777205,0.6374,0.6483
2025-07-06,777206,0.3789,
2025-07-06,777207,0.1769,
2025-07-06,777210,0.3838,0.4772
2025-07-06,777213,0.1626,
2025-07-06,777214,0.1434,0.0115
2025-07-06,777215,0.8053,0.2394
2025-07-06,777216,0.0179,
2025-07-06,777217,,1.2864
2025-07-06,777218,0.5943,
2025-07-06,777219,0.2701,0.7755
2025-07-06,777220,0.5723,0.8565
2025-07-06,777222,1.4943,0.5046
2025-07-06,777224,,0.0728
2025-07-06,777226,-0.1347,0.5207
2025-07-07,777199,-0.2579,0.7503
2025-07-07,777200,0.3361,0.3089
2025-07-07,777201,0.8595,-0.0764
2025-07-07,777202,0.9768,0.0408
2025-07-07,777203,0.7545,
2025-07-07,777204,0.3196,0.6788
2025-07-07,777208,,0.5446
2025-07-07,777209,,0.3460
2025-07-07,777211,-0.0130,-0.0332
2025-07-07,777212,0.1787,0.1780
2025-07-08,777180,0.3734,0.1290
2025-07-08,777185,0.6281,0.4499
2025-07-08,777186,-0.2393,-0.2426
2025-07-08,777187,0.8207,0.8123
2025-07-08,777188,0.4088,0.2839
2025-07-08,777189,,0.6470
2025-07-08,777190,0.1989,0.0278
2025-07-08,777191,0.8966,0.1669
2025-07-08,777192,,0.5185
2025-07-08,777193,0.3976,
2025-07-08,777194,0.3326,0.4090
2025-07-08,777195,0.0403,0.4415
2025-07-08,777196,-0.1786,0.4160
2025-07-08,777197,-0.1935,0.2255
2025-07-08,777198,0.4121,
2025-07-09,777162,0.5755,0.2098
2025-07-09,777163,0.7212,-0.2822
2025-07-09,777171,0.6517,-0.0824
2025-07-09,777172,0.4527,0.4273
2025-07-09,777173,0.5550,0.0873
2025-07-09,777174,0.1047,-0.3184
2025-07-09,777175,,0.6574
2025-07-09,777176,0.1134,
2025-07-09,777177,-0.1119,0.1598
2025-07-09,777178,0.2775,-0.0279
2025-07-09,777179,0.3469,0.2241
2025-07-09,777181,,-0.0907
2025-07-09,777182,0.5980,0.2235
2025-07-09,777183,-0.1619,0.4909
2025-07-09,777184,1.1771,
2025-07-10,777156,0.7967,0.4726
2025-07-10,777158,0.2458,-0.0472
2025-07-10,777159,0.3788,0.6743
2025-07-10,777164,0.4985,0.7948
2025-07-10,777165,0.3968,1.3224
2025-07-10,777166,0.7890,0.4823
2025-07-10,777167,0.2257,-0.0338
2025-07-10,777168,-0.0491,0.4484
2025-07-10,777169,-0.0856,0.1044
2025-07-10,777170,0.0595,0.4564
2025-07-11,777139,-0.1892,
2025-07-11,777143,0.8895,0.6299
2025-07-11,777146,0.4224,-0.0958
2025-07-11,777147,0.4624,1.0050
2025-07-11,777148,0.6209,0.8017
2025-07-11,777149,0.2316,
2025-07-11,777150,0.6767,0.1275
2025-07-11,777151,0.3658,-0.0834
2025-07-11,777152,,-0.2102
2025-07-11,777153,,-0.2672
2025-07-11,777154,0.1564,0.3057
2025-07-11,777155,0.5749,0.6792
2025-07-11,777157,0.1136,-0.0939
2025-07-11,777160,-0.2871,
2025-07-11,777161,-0.0992,-0.1216
2025-07-12,777126,1.2074,
2025-07-12,777127,,0.7881
2025-07-12,777131,0.6980,0.3084
2025-07-12,777132,0.0245,0.3996
2025-07-12,777134,0.5368,
2025-07-12,777135,,
2025-07-12,777136,,
2025-07-12,777137,0.3130,0.2037
2025-07-12,777138,0.9320,0.1780
2025-07-12,777140,,0.5673
2025-07-12,777141,,1.5122
2025-07-12,777142,0.8091,0.0749
2025-07-12,777144,-0.1888,0.1893
2025-07-12,777145,0.6094,0.2951
2025-07-13,777113,0.3308,0.0459
2025-07-13,777115,0.6095,0.1144
2025-07-13,777116,0.1840,0.6574
2025-07-13,777117,-0.2804,0.4325
2025-07-13,777118,,0.1931
2025-07-13,777119,0.7226,-0.2527
2025-07-13,777120,,0.2786
2025-07-13,777121,0.8357,0.4278
2025-07-13,777122,0.2099,0.8540
2025-07-13,777123,0.9147,-0.1245
2025-07-13,777124,0.4324,0.6186
2025-07-13,777125,0.4127,0.5551
2025-07-13,777128,,0.2939
2025-07-13,777129,-0.0906,
2025-07-13,777130,0.0939,0.3961
2025-07-18,777098,0.2170,0.3731
2025-07-18,777099,-0.3133,-0.1036
2025-07-18,777100,-0.0491,0.6598
2025-07-18,777101,0.1554,0.7532
2025-07-18,777102,0.4565,-0.1553
2025-07-18,777103,0.3352,0.7199
2025-07-18,777105,0.4512,0.1031
2025-07-18,777106,,0.7304
2025-07-18,777107,-0.0639,-0.1115
2025-07-18,777108,-0.1950,0.3954
2025-07-18,777109,0.3800,-0.0846
2025-07-18,777110,1.3284,0.1525
2025-07-18,777111,0.4310,
2025-07-18,777112,0.2209,0.1774
2025-07-18,777114,,0.7829
2025-07-19,777080,,0.3162
2025-07-19,777081,0.1600,0.5688
2025-07-19,777085,-0.1301,
2025-07-19,777086,0.4277,0.9029
2025-07-19,777088,-0.0709,0.5744
2025-07-19,777089,0.3141,-0.0989
2025-07-19,777090,0.3770,0.4661
2025-07-19,777091,,0.2559
2025-07-19,777092,0.2920,0.4088
2025-07-19,777093,-0.0426,-0.0286
2025-07-19,777094,0.6222,0.3111
2025-07-19,777095,-0.1005,0.5560
2025-07-19,777096,0.4148,0.2093
2025-07-19,777097,0.8221,
2025-07-19,777104,-0.2489,0.5235
2025-07-20,777067,0.5752,0.0152
2025-07-20,777070,0.6242,0.3692
2025-07-20,777071,-0.0616,0.6201
2025-07-20,777072,0.8197,-0.2884
2025-07-20,777073,-0.1035,
2025-07-20,777074,0.3295,0.3001
2025-07-20,777075,0.1508,0.5733
2025-07-20,777076,1.5029,0.0830
2025-07-20,777077,0.4574,0.2429
2025-07-20,777078,0.1227,-0.1809
2025-07-20,777079,-0.2643,0.1501
2025-07-20,777082,0.1445,
2025-07-20,777083,-0.0204,0.4079
2025-07-20,777084,0.6680,0.3543
2025-07-20,777087,0.5178,0.3795
2025-07-21,777050,,0.5810
2025-07-21,777051,0.0708,0.0411
2025-07-21,777053,,
2025-07-21,777055,0.0630,0.7347
2025-07-21,777057,0.3960,0.0932
2025-07-21,777059,0.1366,-0.2017
2025-07-21,777060,0.4081,0.6211
2025-07-21,777061,0.1450,0.4601
2025-07-21,777062,-0.0147,-0.1880
2025-07-21,777063,0.4301,1.1439
2025-07-21,777064,0.5347,0.9148
2025-07-21,777065,0.5271,
2025-07-21,777066,-0.2484,-0.0098
2025-07-21,777068,-0.0424,1.0351
2025-07-21,777069,0.2784,0.1305
2025-07-22,777035,1.1052,0.8041
2025-07-22,777039,0.0566,0.6834
2025-07-22,777040,0.1552,0.2370
2025-07-22,777042,,0.3302
2025-07-22,777043,0.1335,0.3332
2025-07-22,777044,0.2757,0.3118
2025-07-22,777045,0.2741,-0.2703
2025-07-22,777046,,
2025-07-22,777047,,0.8022
2025-07-22,777048,0.2550,0.5644
2025-07-22,777049,0.2604,0.5873
2025-07-22,777052,0.5528,0.1466
2025-07-22,777054,-0.0722,
2025-07-22,777056,0.5804,
2025-07-22,777058,0.7957,
2025-07-23,777022,0.4955,0.5612
2025-07-23,777024,0.3625,-0.0589
2025-07-23,777026,0.4383,0.2596
2025-07-23,777027,0.1098,0.4166
2025-07-23,777028,-0.0217,
2025-07-23,777029,,-0.0220
2025-07-23,777030,-0.1024,0.1927
2025-07-23,777031,0.3615,0.7002
2025-07-23,777032,-0.2087,0.6710
2025-07-23,777033,0.4082,0.4188
2025-07-23,777034,,
2025-07-23,777036,0.3427,0.0929
2025-07-23,777037,0.2368,-0.1426
2025-07-23,777038,0.1319,0.6990
2025-07-23,777041,-0.1486,0.7974
2025-07-24,777018,1.0590,0.2813
2025-07-24,777019,1.3101,0.4010
2025-07-24,777021,0.4341,0.2743
2025-07-24,777023,,0.1774
2025-07-24,777025,-0.2171,
2025-07-25,777004,0.4061,0.6390
2025-07-25,777005,0.4890,-0.0519
2025-07-25,777006,0.0624,0.0806
2025-07-25,777007,0.6268,0.4051
2025-07-25,777008,0.0418,-0.1125
2025-07-25,777009,,0.4184
2025-07-25,777010,0.3800,0.0391
2025-07-25,777011,0.2145,0.0109
2025-07-25,777012,,0.4482
2025-07-25,777013,0.5922,0.3116
2025-07-25,777014,0.5757,0.4349
2025-07-25,777015,-0.0845,0.8039
2025-07-25,777016,0.1595,-0.0591
2025-07-25,777017,0.2407,0.3460
2025-07-25,777020,-0.1298,-0.1367
2025-07-26,776985,0.3732,-0.2572
2025-07-26,776990,1.1222,0.1377
2025-07-26,776991,0.4372,0.5920
2025-07-26,776992,0.0341,0.9745
2025-07-26,776993,0.3717,0.4899
2025-07-26,776994,0.6158,0.3394
2025-07-26,776995,0.6362,0.0992
2025-07-26,776996,,0.6275
2025-07-26,776997,0.2981,0.7830
2025-07-26,776998,0.3468,0.1006
2025-07-26,776999,0.3066,1.1549
2025-07-26,777000,0.0806,0.5430
2025-07-26,777001,-0.1921,0.0510
2025-07-26,777002,0.6175,0.2189
2025-07-26,777003,0.0180,-0.1080
2025-07-27,776974,0.3893,
2025-07-27,776975,,0.5438
2025-07-27,776976,0.1836,0.0686
2025-07-27,776977,0.8480,-0.1086
2025-07-27,776978,-0.0625,
2025-07-27,776979,0.8814,
2025-07-27,776980,0.4930,
2025-07-27,776981,0.1988,0.1419
2025-07-27,776982,-0.0693,0.4994
2025-07-27,776983,0.8510,0.4291
2025-07-27,776984,0.7293,0.6202
2025-07-27,776986,,0.0185
2025-07-27,776987,0.2636,0.3612
2025-07-27,776988,1.1426,-0.2564
2025-07-27,776989,0.0888,
2025-07-28,776957,-0.0364,0.4271
2025-07-28,776958,0.3456,0.6404
2025-07-28,776959,0.3031,0.2155
2025-07-28,776960,0.1417,-0.0120
2025-07-28,776961,0.1808,0.1883
2025-07-28,776964,0.2929,
2025-07-28,776965,0.8065,1.1594
2025-07-28,776966,0.3615,0.3198
2025-07-28,776967,0.7043,1.0421
2025-07-28,776968,0.4998,0.0964
2025-07-28,776969,0.3561,0.1425
2025-07-28,776970,0.5831,
2025-07-28,776971,0.7333,
2025-07-28,776972,-0.2533,0.3328
2025-07-28,776973,0.2748,
2025-07-29,776943,-0.0727,-0.0967
2025-07-29,776944,1.0405,-0.2452
2025-07-29,776945,0.4227,0.3367
2025-07-29,776946,-0.1082,0.0838
2025-07-29,776947,,
2025-07-29,776949,,0.1438
2025-07-29,776950,0.3668,
2025-07-29,776951,,0.3799
2025-07-29,776952,0.7012,-0.0590
2025-07-29,776953,0.6991,0.2503
2025-07-29,776954,0.1260,
2025-07-29,776955,0.2792,0.2946
2025-07-29,776956,0.7042,0.3387
2025-07-29,776962,0.3556,0.5814
2025-07-29,776963,0.6552,0.4361
2025-07-30,776929,0.2638,-0.0704
2025-07-30,776930,0.1175,0.6000
2025-07-30,776931,0.4157,
2025-07-30,776932,0.4729,0.0923
2025-07-30,776933,0.4351,0.6464
2025-07-30,776934,0.0781,-0.0779
2025-07-30,776935,0.5480,-0.0106
2025-07-30,776936,,
2025-07-30,776937,0.2080,0.5672
2025-07-30,776938,0.5915,0.8078
2025-07-30,776939,-0.0521,-0.8376
2025-07-30,776940,0.5576,0.4258
2025-07-30,776941,-0.0580,0.3162
2025-07-30,776942,-0.0619,
2025-07-30,776948,0.1290,-0.1596
2025-07-31,776923,0.5449,0.5813
2025-07-31,776927,0.0838,0.0583
2025-07-31,776928,,0.5629
2025-08-01,776906,0.9480,0.4518
2025-08-01,776908,0.1220,0.8162
2025-08-01,776913,0.3424,-0.1862
2025-08-01,776914,,0.3164
2025-08-01,776915,1.1564,0.6006
2025-08-01,776916,0.7563,0.1599
2025-08-01,776917,0.6106,0.2809
2025-08-01,776918,0.2496,-0.0886
2025-08-01,776919,0.2181,0.3297
2025-08-01,776920,0.0612,0.0106
2025-08-01,776921,0.1295,0.4970
2025-08-01,776922,0.6081,
2025-08-01,776924,0.7867,0.4142
2025-08-01,776925,-0.2961,
2025-08-01,776926,-0.2221,0.3613
2025-08-02,776896,,0.0459
2025-08-02,776897,0.6238,-0.0437
2025-08-02,776898,0.3473,-0.1181
2025-08-02,776899,0.6965,0.1526
2025-08-02,776900,0.3925,0.1893
2025-08-02,776901,,0.5760
2025-08-02,776902,-0.0417,0.7925
2025-08-02,776903,,0.8440
2025-08-02,776904,0.5843,0.1012
2025-08-02,776905,0.8389,1.0726
2025-08-02,776907,,0.8629
2025-08-02,776909,0.0943,0.3742
2025-08-02,776910,0.6570,-0.1527
2025-08-02,776911,,0.4316
2025-08-02,776912,-0.1001,1.1519
2025-08-03,776881,0.2534,
2025-08-03,776883,0.3408,0.9762
2025-08-03,776884,-0.0158,0.2382
2025-08-03,776885,0.1203,0.6661
2025-08-03,776886,0.3069,0.4579
2025-08-03,776887,,0.3437
2025-08-03,776888,0.3712,0.7046
2025-08-03,776889,0.6944,
2025-08-03,776890,1.1236,-0.2346
2025-08-03,776891,,0.1719
2025-08-03,776892,,
2025-08-03,776893,0.2855,0.3454
2025-08-03,776894,,0.3814
2025-08-03,776895,0.1457,0.1524
2025-08-04,776867,0.3217,0.3308
2025-08-04,776870,0.1167,0.6846
2025-08-04,776871,0.1588,0.4116
2025-08-04,776872,0.3473,
2025-08-04,776873,0.4193,0.6761
2025-08-04,776874,,0.3145
2025-08-04,776875,,-0.1416
2025-08-04,776876,0.1705,
2025-08-04,776877,0.4118,0.7446
2025-08-04,776878,0.4490,0.2883
2025-08-04,776879,-0.1241,
2025-08-04,776880,-0.0762,0.5416
2025-08-04,776882,0.3581,0.3072
2025-08-05,776848,0.0962,0.0935
2025-08-05,776852,,0.5318
2025-08-05,776854,0.1281,
2025-08-05,776855,0.8186,0.4991
2025-08-05,776857,0.4053,0.1030
2025-08-05,776858,-0.0431,
2025-08-05,776860,0.5676,0.2360
2025-08-05,776861,0.0482,0.4079
2025-08-05,776862,,0.0299
2025-08-05,776863,0.3137,0.4583
2025-08-05,776864,0.7475,0.0920
2025-08-05,776865,-0.2674,0.2337
2025-08-05,776866,0.6399,0.4159
2025-08-05,776868,-0.1558,-0.0579
2025-08-05,776869,-0.0806,
2025-08-06,776836,0.0382,-0.2085
2025-08-06,776838,,
2025-08-06,776839,0.8958,0.0368
2025-08-06,776841,-0.0504,0.5693
2025-08-06,776843,-0.0744,0.1236
2025-08-06,776844,-0.2206,0.2174
2025-08-06,776845,-0.3140,0.0697
2025-08-06,776846,0.3742,0.3953
2025-08-06,776847,0.5926,0.6374
2025-08-06,776849,,
2025-08-06,776850,0.5938,
2025-08-06,776851,1.0808,-0.1756
2025-08-06,776853,0.6209,0.6532
2025-08-06,776856,0.1283,0.8167
2025-08-06,776859,,0.3153
2025-08-07,776830,0.7361,0.8078
2025-08-07,776837,0.2891,0.2936
2025-08-07,776840,0.4808,0.5343
2025-08-07,776842,-0.1817,0.1377
2025-08-08,776820,0.4009,0.4382
2025-08-08,776821,-0.2141,0.6314
2025-08-08,776822,0.8136,
2025-08-08,776823,0.1868,0.2366
2025-08-08,776824,0.6146,-0.0543
2025-08-08,776825,0.0418,0.6929
2025-08-08,776826,0.7386,0.6386
2025-08-08,776827,0.3254,0.7832
2025-08-08,776828,0.3763,
2025-08-08,776829,0.8303,0.3201
2025-08-08,776831,0.1504,-0.1332
2025-08-08,776832,-0.1211,-0.1029
2025-08-08,776833,1.1047,0.3358
2025-08-08,776834,0.1688,0.1119
2025-08-08,776835,0.6399,0.8031
2025-08-09,776802,0.4015,
2025-08-09,776805,,0.9404
2025-08-09,776807,0.1443,0.4201
2025-08-09,776808,0.3072,
2025-08-09,776809,0.6659,0.2307
2025-08-09,776810,0.7535,0.3612
2025-08-09,776811,,0.4021
2025-08-09,776812,0.3286,
2025-08-09,776813,0.3483,1.0894
2025-08-09,776814,-0.0716,0.0794
2025-08-09,776815,0.1518,
2025-08-09,776816,0.4206,0.8327
2025-08-09,776817,,-0.3637
2025-08-09,776818,0.6878,-0.0190
2025-08-09,776819,-0.1598,0.2940
2025-08-10,776788,0.3048,0.6342
2025-08-10,776789,0.5659,0.2055
2025-08-10,776791,0.3865,0.1048
2025-08-10,776793,0.2470,-0.1603
2025-08-10,776794,0.3170,0.6558
2025-08-10,776795,0.2587,0.1059
2025-08-10,776796,0.7748,
2025-08-10,776797,,0.1408
2025-08-10,776798,0.1813,0.4914
2025-08-10,776799,,0.3883
2025-08-10,776800,1.1285,0.3966
2025-08-10,776801,0.5923,0.4203
2025-08-10,776803,-0.0002,
2025-08-10,776804,,0.4198
2025-08-10,776806,0.6768,0.3134
2025-08-11,776779,0.6930,0.1025
2025-08-11,776780,,0.6213
2025-08-11,776781,0.4177,
2025-08-11,776782,0.2099,
2025-08-11,776783,0.2051,-0.0215
2025-08-11,776784,,-0.0487
2025-08-11,776785,0.5752,0.4202
2025-08-11,776786,0.1853,0.5880
2025-08-11,776787,0.0889,0.5876
2025-08-11,776790,-0.0231,0.8191
2025-08-11,776792,-0.0399,0.5854
2025-08-12,776762,-0.1001,0.2555
2025-08-12,776763,,
2025-08-12,776764,,0.0456
2025-08-12,776767,0.3777,-0.2334
2025-08-12,776768,,0.1307
2025-08-12,776769,0.8002,
2025-08-12,776770,0.2829,0.0940
2025-08-12,776771,0.5336,-0.0574
2025-08-12,776772,0.6283,0.4617
2025-08-12,776773,0.3475,
2025-08-12,776774,,-0.3165
2025-08-12,776775,-0.2076,0.9275
2025-08-12,776776,0.5271,-0.0956
2025-08-12,776777,-0.1232,0.5096
2025-08-12,776778,-0.4208,0.3738
2025-08-13,776746,0.7142,0.6489
2025-08-13,776749,0.4608,
2025-08-13,776751,0.5965,0.1369
2025-08-13,776752,-0.1182,-0.0832
2025-08-13,776753,0.3850,0.6286
2025-08-13,776754,,0.7214
2025-08-13,776755,0.3246,-0.8214
2025-08-13,776756,0.2754,0.3775
2025-08-13,776757,0.6708,0.0284
2025-08-13,776758,0.0627,0.7666
2025-08-13,776759,0.8322,0.2534
2025-08-13,776760,0.7727,0.7301
2025-08-13,776761,0.8223,1.2601
2025-08-13,776765,-0.2246,0.0551
2025-08-13,776766,-0.1865,0.3538
2025-08-14,776742,0.2351,0.6105
2025-08-14,776743,0.7204,0.3873
2025-08-14,776744,-0.0600,0.8467
2025-08-14,776745,0.1668,1.0108
2025-08-14,776747,0.7473,0.3185
2025-08-14,776748,0.1018,0.4257
2025-08-14,776750,0.9863,-0.1322
2025-08-15,776727,,0.2324
2025-08-15,776728,0.3190,0.3677
2025-08-15,776729,,0.8011
2025-08-15,776730,0.6806,0.3074
2025-08-15,776731,,-0.0043
2025-08-15,776732,1.1059,
2025-08-15,776733,0.2930,0.1367
2025-08-15,776734,0.3268,
2025-08-15,776735,0.3635,0.3286
2025-08-15,776736,-0.0595,0.0083
2025-08-15,776737,,0.6672
2025-08-15,776738,,-0.0067
2025-08-15,776739,1.0080,0.2242
2025-08-15,776740,1.0145,0.3271
2025-08-15,776741,-0.1452,0.1304
2025-08-16,776711,0.3878,-0.1834
2025-08-16,776712,0.1249,0.6002
2025-08-16,776713,0.1181,0.0805
2025-08-16,776715,0.6261,0.1652
2025-08-16,776716,0.3335,0.0616
2025-08-16,776717,0.1943,
2025-08-16,776718,0.1158,
2025-08-16,776719,0.3997,0.2277
2025-08-16,776720,,0.1081
2025-08-16,776721,0.3507,0.6017
2025-08-16,776722,,
2025-08-16,776723,0.3796,0.2888
2025-08-16,776724,0.0084,0.6145
2025-08-16,776725,-0.0555,
2025-08-16,776726,0.1005,
2025-08-17,776697,,0.5760
2025-08-17,776698,0.8251,-0.0375
2025-08-17,776699,0.1027,0.6377
2025-08-17,776700,0.3818,
2025-08-17,776701,,0.1875
2025-08-17,776702,0.4137,0.7687
2025-08-17,776703,0.0861,0.6344
2025-08-17,776704,-0.2061,
2025-08-17,776705,-0.1319,
2025-08-17,776706,0.3557,0.3880
2025-08-17,776707,0.4850,0.4971
2025-08-17,776708,0.5171,0.2737
2025-08-17,776709,0.5864,0.5445
2025-08-17,776710,0.4506,0.1335
2025-08-17,776714,-0.5021,0.2377
2025-08-18,776681,0.5361,
2025-08-18,776682,0.4520,0.6740
2025-08-18,776683,-0.2461,0.4144
2025-08-18,776688,0.9385,-0.2049
2025-08-18,776689,0.8287,-0.1183
2025-08-18,776690,0.0829,0.1357
2025-08-18,776692,,0.3449
2025-08-18,776693,0.6492,-0.2319
2025-08-18,776694,0.0365,0.4766
2025-08-18,776695,1.3015,0.7922
2025-08-18,776696,,0.6519
2025-08-19,776667,,0.4599
2025-08-19,776668,0.0776,-0.1345
2025-08-19,776671,-0.0968,0.0487
2025-08-19,776672,1.0078,0.2104
2025-08-19,776674,0.2935,0.7855
2025-08-19,776675,0.6684,0.2052
2025-08-19,776676,-0.7836,0.3501
2025-08-19,776677,-0.3347,-0.0488
2025-08-19,776678,0.3784,0.8193
2025-08-19,776679,0.2508,0.3205
2025-08-19,776680,0.9964,-0.2331
2025-08-19,776684,-0.1329,0.4197
2025-08-19,776685,0.6196,-0.0688
2025-08-19,776686,0.7491,0.2049
2025-08-19,776687,0.7485,0.0414
2025-08-19,776691,0.1777,0.7455
2025-08-20,776652,0.3410,0.3389
2025-08-20,776656,0.8316,0.4439
2025-08-20,776658,,0.7251
2025-08-20,776659,0.4312,0.3948
2025-08-20,776660,-0.1460,0.3352
2025-08-20,776661,0.3373,
2025-08-20,776662,-0.0697,0.7060
2025-08-20,776663,0.9611,0.6500
2025-08-20,776664,0.5473,0.6152
2025-08-20,776665,-0.0843,0.8654
2025-08-20,776666,,0.3426
2025-08-20,776669,,
2025-08-20,776670,0.0326,-0.2262
2025-08-20,776673,0.1309,1.1358
2025-08-21,776631,0.1189,0.7922
2025-08-21,776642,-0.1607,0.1879
2025-08-21,776644,0.2094,0.1785
2025-08-21,776650,-0.0297,0.2195
2025-08-21,776651,0.3338,0.2339
2025-08-21,776653,,
2025-08-21,776654,0.1260,
2025-08-21,776655,,0.1958
2025-08-21,776657,0.3761,0.5963
2025-08-22,776633,-0.0278,0.4011
2025-08-22,776634,,0.5915
2025-08-22,776635,0.6186,0.6274
2025-08-22,776636,0.1431,0.4247
2025-08-22,776637,0.2497,
2025-08-22,776638,,0.0974
2025-08-22,776639,0.0890,0.3145
2025-08-22,776640,,0.2058
2025-08-22,776641,0.1430,0.4610
2025-08-22,776643,0.3966,0.3746
2025-08-22,776645,,
2025-08-22,776646,,0.5517
2025-08-22,776647,0.6275,0.1346
2025-08-22,776648,,-0.0530
2025-08-22,776649,0.8443,0.3050
2025-08-23,776617,0.5709,0.4720
2025-08-23,776618,0.6396,
2025-08-23,776619,0.6351,0.3627
2025-08-23,776620,0.5650,0.4907
2025-08-23,776621,0.6153,-0.0945
2025-08-23,776622,0.5241,
2025-08-23,776623,0.3424,0.0495
2025-08-23,776625,0.1508,0.4358
2025-08-23,776626,0.4702,0.0154
2025-08-23,776627,0.2004,0.8251
2025-08-23,776628,0.2888,0.4681
2025-08-23,776629,,-0.1873
2025-08-23,776630,0.1440,-0.4906
2025-08-23,776632,-0.2356,0.3884
2025-08-24,776602,0.3110,0.8403
2025-08-24,776603,0.6047,0.4726
2025-08-24,776605,0.4774,-0.1403
2025-08-24,776606,0.8788,0.1021
2025-08-24,776607,0.2210,
2025-08-24,776608,-0.2402,0.2389
2025-08-24,776609,0.5676,0.6712
2025-08-24,776610,,0.5036
2025-08-24,776611,0.4265,0.6883
2025-08-24,776612,0.4520,1.3336
2025-08-24,776613,0.8355,-0.1297
2025-08-24,776614,0.0260,-0.1657
2025-08-24,776615,0.1796,0.3894
2025-08-24,776616,0.7161,-0.3813
2025-08-24,776624,0.4007,0.0423
2025-08-25,776589,,0.8030
2025-08-25,776590,-0.0755,-0.0558
2025-08-25,776592,0.0930,0.3645
2025-08-25,776593,0.2337,-0.5052
2025-08-25,776594,0.0331,-0.0238
2025-08-25,776595,0.4575,1.0041
2025-08-25,776596,0.7874,0.2300
2025-08-25,776597,0.3583,0.4957
2025-08-25,776598,-0.2190,0.4451
2025-08-25,776599,0.2426,0.7722
2025-08-25,776600,0.6519,0.2312
2025-08-25,776601,,0.9832
2025-08-25,776604,,-0.1335
2025-08-26,776573,1.1081,-0.5766
2025-08-26,776574,0.3759,0.2250
2025-08-26,776575,0.3343,0.3886
2025-08-26,776576,0.7438,-0.1651
2025-08-26,776577,0.1595,-0.0994
2025-08-26,776578,0.3415,0.0605
2025-08-26,776581,,-0.2174
2025-08-26,776582,0.8603,0.3361
2025-08-26,776583,0.6436,
2025-08-26,776584,0.0045,
2025-08-26,776585,0.6961,-0.0292
2025-08-26,776586,0.6964,0.9886
2025-08-26,776587,0.3021,0.5854
2025-08-26,776588,0.2131,
2025-08-26,776591,0.1485,
2025-08-27,776557,0.6768,
2025-08-27,776559,0.3334,
2025-08-27,776561,0.5177,0.1015
2025-08-27,776562,0.4340,-0.0398
2025-08-27,776563,0.6969,
2025-08-27,776565,,0.5753
2025-08-27,776566,-0.0782,
2025-08-27,776567,0.1956,0.2462
2025-08-27,776568,-0.1878,0.0577
2025-08-27,776569,0.8748,0.3459
2025-08-27,776570,,0.1552
2025-08-27,776571,0.1981,0.0679
2025-08-27,776572,0.5937,
2025-08-27,776579,0.5753,
2025-08-27,776580,0.6060,0.1855
2025-08-28,776550,0.2213,0.6055
2025-08-28,776553,,0.5897
2025-08-28,776554,,-0.0054
2025-08-28,776555,-0.2238,0.3713
2025-08-28,776556,0.8231,0.4056
2025-08-28,776558,,0.4593
2025-08-28,776560,0.0152,0.5438
2025-08-28,776564,0.2782,0.3733
2025-08-29,776533,-0.2680,-0.2569
2025-08-29,776534,0.6718,0.1600
2025-08-29,776538,0.0581,0.5746
2025-08-29,776540,0.4338,0.1657
2025-08-29,776541,0.4182,0.0758
2025-08-29,776542,0.6433,-0.3443
2025-08-29,776543,0.1843,
2025-08-29,776544,-0.3984,
2025-08-29,776545,0.3752,0.2553
2025-08-29,776546,-0.0742,
2025-08-29,776547,0.5173,0.3547
2025-08-29,776548,-0.0624,
2025-08-29,776549,0.4804,
2025-08-29,776551,0.8782,0.5682
2025-08-29,776552,0.0172,-0.1230
2025-08-30,776516,1.3913,
2025-08-30,776523,0.2245,0.5877
2025-08-30,776524,0.6947,
2025-08-30,776525,0.0956,0.8165
2025-08-30,776526,,
2025-08-30,776527,0.3358,0.0363
2025-08-30,776528,0.3800,0.5350
2025-08-30,776529,0.6080,0.7391
2025-08-30,776530,0.4795,0.2474
2025-08-30,776531,-0.1497,0.5035
2025-08-30,776532,0.4204,-0.2305
2025-08-30,776535,0.2156,0.3847
2025-08-30,776536,0.8222,0.5621
2025-08-30,776537,0.8104,0.4305
2025-08-30,776539,,0.7010
2025-08-31,776507,-0.1437,-0.1756
2025-08-31,776508,0.3897,-0.0604
2025-08-31,776509,0.7140,0.5801
2025-08-31,776510,0.0949,0.5809
2025-08-31,776511,0.7508,0.3648
2025-08-31,776512,-0.0874,0.1667
2025-08-31,776513,,0.7943
2025-08-31,776514,,-0.4105
2025-08-31,776515,-0.5933,0.2897
2025-08-31,776517,0.2898,0.1347
2025-08-31,776518,0.1149,0.5801
2025-08-31,776519,-0.1866,0.4494
2025-08-31,776520,,0.3203
2025-08-31,776521,0.9993,0.9242
2025-08-31,776522,,0.7314
2025-09-01,776492,,0.1908
2025-09-01,776494,,0.1411
2025-09-01,776495,0.3813,0.5892
2025-09-01,776497,,0.0959
2025-09-01,776498,,
2025-09-01,776499,0.2992,
2025-09-01,776500,-0.0965,0.9548
2025-09-01,776501,-0.0093,1.0803
2025-09-01,776502,,0.7850
2025-09-01,776503,0.3299,0.0577
2025-09-01,776504,-0.0878,-0.0508
2025-09-01,776505,,0.5118
2025-09-01,776506,0.6422,0.7007
2025-09-02,776480,,0.4399
2025-09-02,776481,,
2025-09-02,776482,,
2025-09-02,776483,-0.2862,-0.0045
2025-09-02,776484,0.4090,0.1848
2025-09-02,776485,0.0930,0.5824
2025-09-02,776486,0.5697,-0.2322
2025-09-02,776487,1.1911,0.2082
2025-09-02,776488,,0.5992
2025-09-02,776489,0.1613,0.0612
2025-09-02,776490,,
2025-09-02,776491,0.1592,
2025-09-02,776493,0.2211,0.3244
2025-09-02,776496,0.2399,-0.1465
2025-09-03,776465,0.3908,0.3953
2025-09-03,776466,,0.9112
2025-09-03,776467,-0.2279,-0.3876
2025-09-03,776468,0.0520,0.6384
2025-09-03,776469,,0.0387
2025-09-03,776470,0.5985,0.8739
2025-09-03,776471,0.7065,0.5653
2025-09-03,776472,0.8072,0.4021
2025-09-03,776473,-0.0175,0.6501
2025-09-03,776474,0.0396,
2025-09-03,776475,,0.5789
2025-09-03,776476,0.5013,0.3891
2025-09-03,776477,-0.0212,0.2736
2025-09-03,776478,0.4440,0.3409
2025-09-03,776479,-0.0374,
2025-09-04,776458,0.4143,0.1127
2025-09-04,776459,-0.0709,-0.0705
2025-09-04,776461,0.1599,0.4797
2025-09-04,776462,,0.2383
2025-09-04,776463,-0.0901,0.2334
2025-09-04,776464,-0.3647,
2025-09-05,776442,0.4432,-0.2226
2025-09-05,776444,,0.0903
2025-09-05,776445,,0.8999
2025-09-05,776446,0.4423,0.1551
2025-09-05,776448,,0.2096
2025-09-05,776449,0.1068,0.6709
2025-09-05,776450,0.3972,0.5380
2025-09-05,776451,0.4350,
2025-09-05,776452,0.7452,0.3889
2025-09-05,776453,0.3331,
2025-09-05,776454,0.0380,-0.2834
2025-09-05,776455,0.8488,0.8089
2025-09-05,776456,-0.2361,-0.5676
2025-09-05,776457,0.0424,0.5075
2025-09-05,776460,0.8012,0.4494
2025-09-06,776424,0.1439,0.7012
2025-09-06,776430,-0.0539,0.3221
2025-09-06,776431,0.0213,
2025-09-06,776432,0.5786,0.3570
2025-09-06,776433,0.7160,-0.1819
2025-09-06,776434,0.7585,0.5103
2025-09-06,776435,-0.2397,-0.0665
2025-09-06,776436,0.3486,0.0408
2025-09-06,776437,-0.1495,0.0873
2025-09-06,776438,0.8912,-0.0384
2025-09-06,776439,,0.5655
2025-09-06,776440,0.3379,0.7331
2025-09-06,776441,-0.4968,0.2478
2025-09-06,776443,0.5541,1.4311
2025-09-06,776447,0.9385,
2025-09-07,776414,-0.2895,
2025-09-07,776415,0.4370,0.5978
2025-09-07,776416,,0.0275
2025-09-07,776417,0.1145,0.3612
2025-09-07,776418,0.0646,0.4232
2025-09-07,776419,0.9802,
2025-09-07,776420,,
2025-09-07,776421,,0.5983
2025-09-07,776422,0.8079,0.5760
2025-09-07,776423,0.2263,0.1774
2025-09-07,776425,0.3873,1.0286
2025-09-07,776426,-0.1795,
2025-09-07,776427,0.2539,-0.1503
2025-09-07,776428,-0.0808,1.1806
2025-09-07,776429,,0.0274
2025-09-08,776399,,0.5518
2025-09-08,776400,0.0285,0.0706
2025-09-08,776405,,0.7442
2025-09-08,776406,0.5904,
2025-09-08,776407,0.4212,0.4540
2025-09-08,776408,0.1906,0.5711
2025-09-08,776409,0.6039,-0.4759
2025-09-08,776410,0.2943,0.3918
2025-09-08,776411,0.1961,
2025-09-08,776412,0.2145,-0.0281
2025-09-08,776413,0.9166,0.2305
2025-09-09,776388,0.3359,1.0549
2025-09-09,776389,-0.3863,0.1326
2025-09-09,776390,0.0836,-0.1032
2025-09-09,776391,0.8078,0.5139
2025-09-09,776392,0.6178,0.4880
2025-09-09,776393,,
2025-09-09,776394,0.6247,-0.2491
2025-09-09,776395,0.2031,0.0195
2025-09-09,776396,,0.5779
2025-09-09,776397,0.2743,
2025-09-09,776398,0.3121,0.8082
2025-09-09,776401,0.3765,
2025-09-09,776402,0.6392,0.6110
2025-09-09,776403,0.3479,0.0769
2025-09-09,776404,0.0655,-0.0652
2025-09-10,776373,0.8528,0.8056
2025-09-10,776374,0.2293,
2025-09-10,776375,-0.0748,0.6566
2025-09-10,776376,0.3350,0.2295
2025-09-10,776377,0.5478,0.4164
2025-09-10,776378,,0.1343
2025-09-10,776379,,
2025-09-10,776380,-0.2673,0.1717
2025-09-10,776381,0.3752,0.4317
2025-09-10,776382,,0.3897
2025-09-10,776383,0.3867,-0.4074
2025-09-10,776384,0.4324,-0.2373
2025-09-10,776385,0.4845,0.1583
2025-09-10,776386,0.8040,-0.0282
2025-09-10,776387,0.4615,
2025-09-11,776362,0.1583,0.8923
2025-09-11,776364,,0.7360
2025-09-11,776365,,0.0480
2025-09-11,776367,0.1879,
2025-09-11,776368,,0.6097
2025-09-11,776369,0.3335,0.0282
2025-09-11,776370,0.4959,0.4477
2025-09-11,776371,0.3860,0.7192
2025-09-11,776372,-0.1141,0.3826
2025-09-12,776345,0.3599,-0.0813
2025-09-12,776350,0.5089,-0.1452
2025-09-12,776351,0.2568,0.2952
2025-09-12,776352,-0.0453,0.7299
2025-09-12,776353,1.4634,0.3413
2025-09-12,776354,0.5605,0.4239
2025-09-12,776355,0.6993,0.4113
2025-09-12,776356,0.0883,0.3419
2025-09-12,776357,0.3394,0.4958
2025-09-12,776358,0.6070,0.0099
2025-09-12,776359,0.3752,
2025-09-12,776360,,0.5625
2025-09-12,776361,-0.1732,0.8151
2025-09-12,776363,0.0094,0.1700
2025-09-12,776366,-0.0917,-0.1779
2025-09-13,776328,0.2248,0.5501
2025-09-13,776333,,0.0896
2025-09-13,776336,,
2025-09-13,776337,0.5404,0.6715
2025-09-13,776338,0.5792,0.7399
2025-09-13,776339,0.0172,0.9394
2025-09-13,776340,0.0162,-0.3425
2025-09-13,776341,0.6773,0.0940
2025-09-13,776342,0.8755,-0.1800
2025-09-13,776343,-0.0464,0.2936
2025-09-13,776344,0.1715,0.4514
2025-09-13,776346,0.5797,-0.0443
2025-09-13,776347,1.0499,-0.4446
2025-09-13,776348,0.3583,
2025-09-13,776349,0.4079,
2025-09-14,776317,-0.1024,0.5061
2025-09-14,776320,0.3950,0.6386
2025-09-14,776321,0.3558,0.2080
2025-09-14,776322,,
2025-09-14,776323,-0.4021,0.3644
2025-09-14,776324,,0.8050
2025-09-14,776325,0.5396,-0.2452
2025-09-14,776326,0.0608,0.5984
2025-09-14,776327,0.4215,0.3914
2025-09-14,776329,0.0710,1.1103
2025-09-14,776330,0.8108,0.2719
2025-09-14,776331,0.8874,0.2226
2025-09-14,776332,-0.0046,
2025-09-14,776334,0.3914,0.7262
2025-09-14,776335,,
2025-09-15,776309,,0.6463
2025-09-15,776311,-0.0278,
2025-09-15,776312,0.6134,0.8141
2025-09-15,776313,-0.4107,0.1760
2025-09-15,776314,,
2025-09-15,776315,0.5866,0.3007
2025-09-15,776316,,0.7422
2025-09-15,776318,0.4435,
2025-09-15,776319,0.0431,0.4541
2025-09-16,776293,-0.0163,-0.2985
2025-09-16,776294,,0.1992
2025-09-16,776295,,-0.0697
2025-09-16,776297,-0.2265,-0.0450
2025-09-16,776298,0.5790,0.0365
2025-09-16,776300,0.5360,0.8528
2025-09-16,776301,0.6488,
2025-09-16,776302,0.8311,0.1032
2025-09-16,776303,0.0727,0.3072
2025-09-16,776304,0.5255,0.3971
2025-09-16,776305,0.1377,0.1102
2025-09-16,776306,-0.2749,0.7359
2025-09-16,776307,0.4230,0.1395
2025-09-16,776308,0.6300,0.4562
2025-09-16,776310,0.5925,
2025-09-17,776277,0.3434,
2025-09-17,776279,-0.1276,0.6821
2025-09-17,776280,0.7220,0.1083
2025-09-17,776283,0.6150,0.0840
2025-09-17,776284,-0.1039,0.3408
2025-09-17,776285,,-0.0277
2025-09-17,776286,0.5928,0.2972
2025-09-17,776287,0.6585,-0.1910
2025-09-17,776288,0.4248,0.3489
2025-09-17,776289,0.9072,0.1006
2025-09-17,776290,0.0219,
2025-09-17,776291,0.1334,-0.3291
2025-09-17,776292,0.3554,0.2792
2025-09-17,776296,0.5014,0.3593
2025-09-17,776299,,0.1575
2025-09-18,776269,0.3498,0.0122
2025-09-18,776270,-0.1532,0.3729
2025-09-18,776271,0.5244,0.5111
2025-09-18,776272,-0.1003,0.5052
2025-09-18,776274,0.3664,0.3542
2025-09-18,776275,0.8500,-0.0912
2025-09-18,776276,0.0902,
2025-09-18,776278,0.2049,0.4098
2025-09-18,776281,-0.0611,0.3787
2025-09-18,776282,0.7289,0.0314
2025-09-19,776251,-0.4125,0.1309
2025-09-19,776253,,0.5548
2025-09-19,776255,-0.0893,0.5244
2025-09-19,776256,-0.2371,0.2577
2025-09-19,776259,,
2025-09-19,776260,0.2694,0.5776
2025-09-19,776261,0.2623,0.6068
2025-09-19,776262,0.1039,0.5690
2025-09-19,776263,0.3355,0.3920
2025-09-19,776264,0.0460,0.4393
2025-09-19,776265,0.9751,0.0244
2025-09-19,776266,-0.3187,0.2617
2025-09-19,776267,0.2127,0.4180
2025-09-19,776268,-0.0152,1.0637
2025-09-19,776273,0.8047,1.4736
2025-09-20,776233,,0.4799
2025-09-20,776241,-0.1158,-0.3776
2025-09-20,776242,,0.0312
2025-09-20,776243,0.4221,0.7789
2025-09-20,776244,0.1011,0.0586
2025-09-20,776245,,0.3787
2025-09-20,776246,0.6932,0.6455
2025-09-20,776247,0.3729,0.3380
2025-09-20,776248,0.5151,0.0698
2025-09-20,776250,0.4213,0.8982
2025-09-20,776252,0.6264,
2025-09-20,776254,0.5586,0.6289
2025-09-20,776257,-0.4130,-0.0791
2025-09-20,776258,1.1725,-0.0753
2025-09-21,776225,0.1260,0.1492
2025-09-21,776226,-0.0331,0.6520
2025-09-21,776227,,0.0784
2025-09-21,776228,0.7621,0.4702
2025-09-21,776229,,0.1098
2025-09-21,776230,-0.0293,0.2186
2025-09-21,776231,,0.7888
2025-09-21,776232,,-0.2829
2025-09-21,776234,-0.1295,0.3818
2025-09-21,776235,0.4943,0.1578
2025-09-21,776236,,0.7128
2025-09-21,776237,0.8060,0.1517
2025-09-21,776238,0.5803,0.3356
2025-09-21,776239,0.4615,0.5495
2025-09-21,776240,0.6146,
2025-09-22,776220,0.8208,-0.1305
2025-09-22,776221,0.1461,0.3841
2025-09-22,776222,-0.0724,0.4308
2025-09-23,776207,0.2798,
2025-09-23,776208,0.2110,0.5825
2025-09-23,776209,0.3456,0.6423
2025-09-23,776210,0.0647,0.4120
2025-09-23,776211,0.0914,0.5444
2025-09-23,776212,,0.8925
2025-09-23,776213,-0.0789,0.6606
2025-09-23,776214,,0.1088
2025-09-23,776215,0.1855,-0.2429
2025-09-23,776216,0.7631,-0.2789
2025-09-23,776217,0.1655,0.0470
2025-09-23,776218,-0.0848,0.5299
2025-09-23,776219,0.2776,0.4587
2025-09-23,776223,0.1260,-0.1923
2025-09-23,776224,-0.2366,0.6265
2025-09-24,776192,0.4303,0.3994
2025-09-24,776193,0.0908,0.5262
2025-09-24,776194,0.3484,-0.1017
2025-09-24,776195,0.5732,-0.3222
2025-09-24,776196,0.0230,
2025-09-24,776197,0.4917,0.3628
2025-09-24,776198,0.0791,0.0458
2025-09-24,776199,,0.2081
2025-09-24,776200,,-0.0075
2025-09-24,776201,0.3503,0.7174
2025-09-24,776202,0.4366,0.0346
2025-09-24,776203,-0.0102,
2025-09-24,776204,0.3746,0.8680
2025-09-24,776205,,0.6474
2025-09-24,776206,0.2640,0.2237
2025-09-25,776178,0.6323,
2025-09-25,776179,0.6354,0.2520
2025-09-25,776182,0.0630,-0.0148
2025-09-25,776183,0.7849,0.1064
2025-09-25,776184,0.4658,-0.4684
2025-09-25,776185,0.5356,
2025-09-25,776186,0.3221,
2025-09-25,776187,0.4373,0.2156
2025-09-25,776188,-0.3831,0.4330
2025-09-25,776189,,0.2373
2025-09-25,776190,,0.4175
2025-09-25,776191,0.5785,0.3306
2025-09-26,776165,0.9421,0.5509
2025-09-26,776166,-0.3524,
2025-09-26,776167,0.0355,0.7590
2025-09-26,776168,0.0259,0.5232
2025-09-26,776169,0.4768,-0.0935
2025-09-26,776170,0.6437,0.4323
2025-09-26,776171,0.5952,0.3723
2025-09-26,776172,0.3716,0.7807
2025-09-26,776173,,-0.0962
2025-09-26,776174,1.3929,0.8082
2025-09-26,776175,0.0200,0.2135
2025-09-26,776176,0.6769,0.6081
2025-09-26,776177,0.3448,
2025-09-26,776180,0.2649,1.1835
2025-09-26,776181,0.3613,0.4944
2025-09-27,776146,-0.2438,-0.1510
2025-09-27,776150,0.3924,0.7582
2025-09-27,776152,0.2143,0.4622
2025-09-27,776153,0.5384,
2025-09-27,776154,0.0980,0.4513
2025-09-27,776155,,
2025-09-27,776156,,0.5701
2025-09-27,776157,-0.0298,
2025-09-27,776158,0.8793,0.0794
2025-09-27,776159,0.5958,
2025-09-27,776160,,0.7874
2025-09-27,776161,0.3485,-0.0298
2025-09-27,776162,-0.0314,0.5942
2025-09-27,776163,0.4798,-0.0427
2025-09-27,776164,0.7906,0.5093
2025-09-28,776135,0.4155,
2025-09-28,776136,0.6669,0.5222
2025-09-28,776137,0.4864,0.5223
2025-09-28,776138,0.2539,
2025-09-28,776139,0.2438,0.9101
2025-09-28,776140,1.3316,-0.3290
2025-09-28,776141,0.1202,-0.2353
2025-09-28,776142,,0.3943
2025-09-28,776143,0.8146,0.2629
2025-09-28,776144,0.6393,-0.0456
2025-09-28,776145,,0.0352
2025-09-28,776147,0.4092,0.4317
2025-09-28,776148,0.2150,0.2260
2025-09-28,776149,-0.2870,1.0311
2025-09-28,776151,0.3434,
2025-09-30,813066,0.4197,0.6761
2025-09-30,813069,0.0537,0.0904
2025-09-30,813072,-0.1014,0.5454
2025-09-30,813074,0.2489,0.1764
2026-04-01,822835,,
2026-04-01,823078,,
2026-04-01,823157,,
2026-04-01,823321,,
2026-04-01,823483,,
2026-04-01,823806,,
2026-04-01,823889,,
2026-04-01,823970,,
2026-04-01,824136,,
2026-04-01,824211,,
2026-04-01,824536,,
2026-04-01,824698,,
2026-04-01,824860,,
2026-04-01,824940,,
2026-04-01,825106,,
2026-04-02,823242,,
2026-04-02,824133,,
2026-04-02,824621,,
2026-04-02,825105,,
2026-04-03,822758,,
2026-04-03,822919,,
2026-04-03,823240,,
2026-04-03,823406,,
2026-04-03,823568,,
2026-04-03,823732,,
2026-04-03,824056,,
2026-04-03,824134,,
2026-04-03,824299,,
2026-04-03,824377,,
2026-04-03,824458,,
2026-04-03,824786,,
2026-04-03,825026,,
2026-04-03,825103,,
2026-04-04,822757,,
2026-04-04,822920,,
2026-04-04,823239,,
2026-04-04,823404,,
2026-04-04,823569,,
2026-04-04,823730,,
2026-04-04,824054,,
2026-04-04,824132,,
2026-04-04,824295,,
2026-04-04,824378,,
2026-04-04,824460,,
2026-04-04,824622,,
2026-04-04,824782,,
2026-04-04,825027,,
2026-04-04,825104,,
2026-04-05,822756,,
2026-04-05,822917,,
2026-04-05,823238,,
2026-04-05,823405,,
2026-04-05,823566,,
2026-04-05,823729,,
2026-04-05,824053,,
2026-04-05,824131,,
2026-04-05,824296,,
2026-04-05,824379,,
2026-04-05,824459,,
2026-04-05,824620,,
2026-04-05,824781,,
2026-04-05,825025,,
2026-04-05,825102,,
2026-04-06,822755,,
2026-04-06,822832,,
2026-04-06,822918,,
2026-04-06,823002,,
2026-04-06,823237,,
2026-04-06,823401,,
2026-04-06,823728,,
2026-04-06,823886,,
2026-04-06,824052,,
2026-04-06,824376,,
2026-04-06,824456,,
2026-04-06,824619,,
2026-04-06,824783,,
2026-04-07,822754,,
2026-04-07,822831,,
2026-04-07,822916,,
2026-04-07,822999,,
2026-04-07,823235,,
2026-04-07,823402,,
2026-04-07,823567,,
2026-04-07,823648,,
2026-04-07,823727,,
2026-04-07,823887,,
2026-04-07,824051,,
2026-04-07,824375,,
2026-04-07,824457,,
2026-04-07,824618,,
2026-04-07,824780,,
2026-04-08,822753,,
2026-04-08,822833,,
2026-04-08,822915,,
2026-04-08,823000,,
2026-04-08,823234,,
2026-04-08,823403,,
2026-04-08,823564,,
2026-04-08,823646,,
2026-04-08,823726,,
2026-04-08,823885,,
2026-04-08,824050,,
2026-04-08,824374,,
2026-04-08,824455,,
2026-04-08,824617,,
2026-04-08,824779,,
2026-04-09,823319,,
2026-04-09,823565,,
2026-04-09,823645,,
2026-04-09,823724,,
2026-04-09,823884,,
2026-04-09,824130,,
2026-04-10,822829,,
2026-04-10,822997,,
2026-04-10,823076,,
2026-04-10,823156,,
2026-04-10,823318,,
2026-04-10,823482,,
2026-04-10,823643,,
2026-04-10,823808,,
2026-04-10,823968,,
2026-04-10,824128,,
2026-04-10,824297,,
2026-04-10,824534,,
2026-04-10,824695,,
2026-04-10,824858,,
2026-04-10,824941,,
2026-04-11,822830,,
2026-04-11,822996,,
2026-04-11,823074,,
2026-04-11,823155,,
2026-04-11,823316,,
2026-04-11,823480,,
2026-04-11,823644,,
2026-04-11,823805,,
2026-04-11,823967,,
2026-04-11,824129,,
2026-04-11,824294,,
2026-04-11,824535,,
2026-04-11,824697,,
2026-04-11,824857,,
2026-04-11,824939,,
2026-04-12,822828,,
2026-04-12,822998,,
2026-04-12,823075,,
2026-04-12,823154,,
2026-04-12,823317,,
2026-04-12,823479,,
2026-04-12,823642,,
2026-04-12,823804,,
2026-04-12,823966,,
2026-04-12,824126,,
2026-04-12,824293,,
2026-04-12,824533,,
2026-04-12,824696,,
2026-04-12,824859,,
2026-04-12,824938,,
2026-04-13,823073,,
2026-04-13,823153,,
2026-04-13,823400,,
2026-04-13,823481,,
2026-04-13,823563,,
2026-04-13,823725,,
2026-04-13,823964,,
2026-04-13,824856,,
2026-04-13,824937,,
2026-04-13,825024,,-0.3383
2026-04-14,823072,,
2026-04-14,823315,,
2026-04-14,823398,,
2026-04-14,823478,,
2026-04-14,823562,,
2026-04-14,823723,,
2026-04-14,823802,,
2026-04-14,823965,,
2026-04-14,824210,,
2026-04-14,824292,,
2026-04-14,824531,,
2026-04-14,824616,,
2026-04-14,824853,,
2026-04-14,824935,,
2026-04-14,825022,,
2026-04-15,823071,,
2026-04-15,823314,,
2026-04-15,823399,,
2026-04-15,823477,,
2026-04-15,823561,,
2026-04-15,823722,,
2026-04-15,823803,,
2026-04-15,823963,,
2026-04-15,824209,,
2026-04-15,824291,,
2026-04-15,824532,,
2026-04-15,824615,,
2026-04-15,824855,,
2026-04-15,824936,,
2026-04-15,825021,,
2026-04-16,823313,,
2026-04-16,823396,,
2026-04-16,823560,,0.2887
2026-04-16,823801,,
2026-04-16,824208,,
2026-04-16,824289,,
2026-04-16,824453,,
2026-04-16,824530,,
2026-04-16,824614,,
2026-04-16,825023,,0.2413
2026-04-17,822752,,
2026-04-17,823152,,
2026-04-17,823397,,
2026-04-17,823476,,
2026-04-17,823559,,
2026-04-17,823720,,
2026-04-17,823883,,
2026-04-17,824048,,
2026-04-17,824207,,
2026-04-17,824373,,
2026-04-17,824454,0.2496,-0.0601
2026-04-17,824693,,
2026-04-17,824778,,
2026-04-17,825019,,
2026-04-17,825101,,
2026-04-18,822751,,
2026-04-18,823151,,
2026-04-18,823394,,0.6375
2026-04-18,823474,,
2026-04-18,823558,,
2026-04-18,823721,,-0.2377
2026-04-18,823882,,
2026-04-18,824049,,
2026-04-18,824206,,
2026-04-18,824372,,
2026-04-18,824451,,0.7817
2026-04-18,824694,,
2026-04-18,824775,,
2026-04-18,825020,,-0.2080
2026-04-18,825098,,
2026-04-19,822750,,
2026-04-19,823150,,
2026-04-19,823393,,
2026-04-19,823475,,
2026-04-19,823556,,0.6779
2026-04-19,823718,,
2026-04-19,823881,1.2016,
2026-04-19,824047,,
2026-04-19,824205,,
2026-04-19,824371,,
2026-04-19,824452,,
2026-04-19,824691,,
2026-04-19,824777,,-0.3147
2026-04-19,825018,,
2026-04-19,825100,,
2026-04-20,822749,,0.3154
2026-04-20,822994,,
2026-04-20,823149,,
2026-04-20,823879,,
2026-04-20,824046,,
2026-04-20,824125,,
2026-04-20,824370,,
2026-04-20,824450,,0.2807
2026-04-20,824692,,
2026-04-20,824776,,
2026-04-21,822747,,
2026-04-21,822914,,
2026-04-21,822995,,
2026-04-21,823148,0.3711,
2026-04-21,823236,,
2026-04-21,823640,,0.9382
2026-04-21,823880,0.6853,
2026-04-21,824045,,
2026-04-21,824127,,
2026-04-21,824290,,
2026-04-21,824369,1.0831,
2026-04-21,824448,,
2026-04-21,824690,,
2026-04-21,824773,,
2026-04-21,825099,,
2026-04-22,822748,,
2026-04-22,822913,,-0.0313
2026-04-22,822993,,
2026-04-22,823147,0.5931,1.0180
2026-04-22,823231,,0.1309
2026-04-22,823641,,
2026-04-22,823878,,
2026-04-22,824044,,
2026-04-22,824123,0.2886,
2026-04-22,824286,,
2026-04-22,824367,,
2026-04-22,824449,,0.0503
2026-04-22,824688,,
2026-04-22,824774,0.1899,
2026-04-22,825097,,
2026-04-23,822745,,0.5960
2026-04-23,822912,,
2026-04-23,823233,,
2026-04-23,823639,,
2026-04-23,824288,,
2026-04-23,824368,,
2026-04-23,824689,,
2026-04-23,824770,0.9904,
2026-04-23,825096,,
2026-04-24,822827,0.6948,
2026-04-24,822909,-0.1771,
2026-04-24,822992,-0.0323,0.2445
2026-04-24,823069,0.9472,0.0805
2026-04-24,823232,,
2026-04-24,823638,0.7150,-0.0534
2026-04-24,823800,0.5988,
2026-04-24,823962,,
2026-04-24,824124,,
2026-04-24,824204,1.1792,
2026-04-24,824529,,0.1722
2026-04-24,824611,,
2026-04-24,824854,0.1029,
2026-04-24,824932,,
2026-04-25,822826,,
2026-04-25,822910,,
2026-04-25,822989,,
2026-04-25,823070,,
2026-04-25,823229,0.5926,
2026-04-25,823637,,
2026-04-25,823799,0.3230,1.2791
2026-04-25,823960,,
2026-04-25,824121,,0.6608
2026-04-25,824203,0.6626,
2026-04-25,824527,,0.2196
2026-04-25,824613,0.3818,
2026-04-25,824851,-0.2884,
2026-04-25,824933,,0.2759
2026-04-25,825093,0.3161,
2026-04-26,822824,0.1517,
2026-04-26,822911,,
2026-04-26,822991,,
2026-04-26,823068,0.8621,
2026-04-26,823230,,
2026-04-26,823635,,0.9490
2026-04-26,823797,,0.1408
2026-04-26,823959,,
2026-04-26,824122,,0.5863
2026-04-26,824202,,
2026-04-26,824528,,-0.1198
2026-04-26,824612,,
2026-04-26,824852,0.7830,
2026-04-26,824934,,
2026-04-26,825094,,0.9696
2026-04-27,822825,0.2842,
2026-04-27,822906,0.2229,-0.0985
2026-04-27,823311,,1.0163
2026-04-27,823395,0.6764,
2026-04-27,823719,0.1154,
2026-04-27,823961,,
2026-04-27,824446,,
2026-04-27,824609,,
2026-04-28,822823,,
2026-04-28,822908,1.1576,0.3544
2026-04-28,823310,,
2026-04-28,823390,,
2026-04-28,823473,-0.0262,
2026-04-28,823636,,0.8212
2026-04-28,823716,1.0241,0.6188
2026-04-28,823798,,0.8529
2026-04-28,823956,,
2026-04-28,824447,,0.0194
2026-04-28,824526,,0.3338
2026-04-28,824610,0.2140,
2026-04-28,824849,,
2026-04-28,824931,,
2026-04-28,825017,0.3459,0.6023
2026-04-29,822821,0.0544,
2026-04-29,822907,,
2026-04-29,823312,0.8402,
2026-04-29,823392,0.0494,
2026-04-29,823471,,
2026-04-29,823633,0.5648,
2026-04-29,823717,0.8674,0.0557
2026-04-29,823796,0.2866,0.9354
2026-04-29,823958,,
2026-04-29,824445,0.4122,0.8680
2026-04-29,824525,,0.2331
2026-04-29,824608,,
2026-04-29,824850,,0.2416
2026-04-29,824930,-0.0329,
2026-04-29,825015,,-0.2832
2026-04-30,823391,,0.4413
2026-04-30,823472,,
2026-04-30,823634,,-0.1727
2026-04-30,823714,,
2026-04-30,823795,0.5286,-0.4791
2026-04-30,824524,0.8265,0.2786
2026-04-30,824848,,0.2416
2026-04-30,824929,0.1251,0.4580
2026-04-30,825016,,
2026-05-01,822744,1.4432,0.2875
2026-05-01,822990,,
2026-05-01,823066,,
2026-05-01,823146,0.5940,0.2200
2026-05-01,823309,,0.2519
2026-05-01,823389,0.1654,0.1916
2026-05-01,823557,,1.1104
2026-05-01,823713,,
2026-05-01,823877,,0.5277
2026-05-01,824041,,
2026-05-01,824287,0.5262,0.3601
2026-05-01,824366,,0.5675
2026-05-01,824686,,
2026-05-01,824772,0.4070,
2026-05-01,825012,,
2026-05-02,822746,0.0885,0.2095
2026-05-02,822988,1.4960,
2026-05-02,823067,,0.9588
2026-05-02,823144,0.4760,0.4976
2026-05-02,823308,,0.4224
2026-05-02,823388,-0.0603,
2026-05-02,823554,1.1903,0.5208
2026-05-02,823715,0.0472,
2026-05-02,823876,,
2026-05-02,824042,0.9067,0.7174
2026-05-02,824284,0.3960,0.1151
2026-05-02,824365,,
2026-05-02,824685,0.8789,0.7162
2026-05-02,824771,,0.6137
2026-05-02,825014,0.0392,0.4370
2026-05-03,822742,,
2026-05-03,822987,-0.0296,
2026-05-03,823065,,0.7364
2026-05-03,823145,0.4229,0.2810
2026-05-03,823307,0.6036,
2026-05-03,823387,0.3818,
2026-05-03,823555,,0.3435
2026-05-03,823711,,0.6166
2026-05-03,823875,,
2026-05-03,824043,0.7858,0.6529
2026-05-03,824285,0.0265,
2026-05-03,824364,,
2026-05-03,824687,,
2026-05-03,824769,,0.1690
2026-05-03,825013,0.4752,0.6410
2026-05-04,822984,-0.5100,
2026-05-04,823064,0.7825,
2026-05-04,823143,,1.1173
2026-05-04,823228,0.9970,
2026-05-04,823552,-0.4979,1.0765
2026-05-04,823874,0.7851,
2026-05-04,824039,0.2585,0.2044
2026-05-04,824120,0.2017,0.1269
2026-05-04,824201,0.9119,
2026-05-04,824283,,
2026-05-04,824363,,
2026-05-04,824684,,
2026-05-05,822743,0.1262,0.4616
2026-05-05,822986,-0.3253,0.3482
2026-05-05,823062,1.0611,0.1269
2026-05-05,823142,0.2962,0.8808
2026-05-05,823227,0.5890,0.4675
2026-05-05,823469,-0.2318,0.1672
2026-05-05,823553,0.3455,
2026-05-05,823873,0.2582,
2026-05-05,824040,,
2026-05-05,824119,0.8731,
2026-05-05,824200,,
2026-05-05,824281,,0.0461
2026-05-05,824362,-0.2995,0.8941
2026-05-05,824682,0.2278,0.7683
2026-05-05,825092,,0.2168
2026-05-06,822740,,
2026-05-06,822985,0.1590,
2026-05-06,823063,1.0611,0.1269
2026-05-06,823141,,0.2593
2026-05-06,823226,,0.5558
2026-05-06,823470,0.8346,
2026-05-06,823550,0.6781,1.1069
2026-05-06,823872,,0.5267
2026-05-06,824036,1.0926,
2026-05-06,824118,0.5706,0.3942
2026-05-06,824198,0.2368,0.0425
2026-05-06,824282,,0.4185
2026-05-06,824361,-0.2995,0.8941
2026-05-06,824683,0.2123,
2026-05-06,825091,0.3561,0.3110
2026-05-07,822741,,0.5345
2026-05-07,823306,0.5862,0.5497
2026-05-07,823467,-0.4317,0.9380
2026-05-07,823551,0.3392,
2026-05-07,823870,,
2026-05-07,824117,0.0457,0.4007
2026-05-07,824681,-0.0891,0.6799
2026-05-07,824767,,
2026-05-07,825090,0.2446,0.8622
2026-05-08,822822,0.7415,0.0205
2026-05-08,822904,,0.1078
2026-05-08,823225,0.1187,
2026-05-08,823303,0.9449,
2026-05-08,823466,,
2026-05-08,823794,0.4003,1.4397
2026-05-08,823871,0.2426,
2026-05-08,823957,0.0259,0.7111
2026-05-08,824116,0.1066,0.4995
2026-05-08,824443,,0.2566
2026-05-08,824522,0.4018,
2026-05-08,824607,0.5177,-0.2334
2026-05-08,824768,,0.6689
2026-05-08,824846,0.3896,1.2492
2026-05-08,825088,0.9626,0.8704
2026-05-09,822820,0.7368,
2026-05-09,822905,,-0.0305
2026-05-09,823224,,1.3253
2026-05-09,823304,0.6981,0.9768
2026-05-09,823468,,0.8105
2026-05-09,823792,1.1391,0.1078
2026-05-09,823869,,
2026-05-09,823955,,
2026-05-09,824115,,0.1565
2026-05-09,824444,0.5307,0.1495
2026-05-09,824523,,0.2054
2026-05-09,824606,0.3072,0.6808
2026-05-09,824766,0.0366,
2026-05-09,824847,0.6513,-0.3842
2026-05-09,825089,0.8237,
2026-05-10,822819,0.2936,
2026-05-10,822902,0.5932,0.2974
2026-05-10,823221,0.5237,0.0547
2026-05-10,823305,1.0056,0.4220
2026-05-10,823463,0.2839,0.0707
2026-05-10,823793,,
2026-05-10,823868,0.4510,0.4279
2026-05-10,823954,0.3312,
2026-05-10,824113,,
2026-05-10,824440,,0.8512
2026-05-10,824520,,0.1924
2026-05-10,824605,1.1543,0.2662
2026-05-10,824765,0.0366,
2026-05-10,824845,-0.1669,
2026-05-10,825085,,0.1726
2026-05-11,822818,0.4366,-0.4039
2026-05-11,822901,0.2298,
2026-05-11,823953,,
2026-05-11,824199,0.9661,
2026-05-11,824441,,0.5036
2026-05-11,824844,0.5037,0.3914
2026-05-12,822817,,0.1295
2026-05-12,822903,0.7893,0.3382
2026-05-12,823385,0.9406,0.3969
2026-05-12,823632,0.4733,-0.2514
2026-05-12,823712,0.4716,
2026-05-12,823790,,1.0615
2026-05-12,823951,0.5639,0.9163
2026-05-12,824197,0.1546,
2026-05-12,824442,,-0.0349
2026-05-12,824521,,0.0148
2026-05-12,824604,,
2026-05-12,824764,,
2026-05-12,824843,1.1574,
2026-05-12,824927,,0.3932
2026-05-12,825011,0.0325,0.8354
2026-05-13,822815,,-0.0290
2026-05-13,822900,0.9323,0.1223
2026-05-13,823386,0.7227,0.2878
2026-05-13,823631,0.0963,0.3807
2026-05-13,823710,,0.0612
2026-05-13,823791,0.5620,1.5233
2026-05-13,823952,0.3459,-0.0615
2026-05-13,824195,,0.0715
2026-05-13,824438,0.7731,0.1922
2026-05-13,824519,0.6698,
2026-05-13,824603,0.3302,1.0629
2026-05-13,824763,0.7080,0.4532
2026-05-13,824841,0.4459,1.2618
2026-05-13,824928,0.7213,
2026-05-13,825010,0.6058,-0.4623
2026-05-14,823383,,
2026-05-14,823630,0.0738,0.9709
2026-05-14,823709,,
2026-05-14,823789,,0.1099
2026-05-14,823950,1.3533,0.8658
2026-05-14,824196,0.2636,0.4112
2026-05-14,824517,0.3594,0.2194
2026-05-14,824602,0.4731,0.6646
2026-05-14,824762,0.4614,0.2868
2026-05-14,824926,,0.0463
2026-05-14,825008,0.9920,0.4171
2026-05-15,822739,-0.5419,
2026-05-15,822983,,
2026-05-15,823061,0.1002,0.8166
2026-05-15,823140,0.8358,0.4941
2026-05-15,823384,0.7528,0.5500
2026-05-15,823629,1.1706,0.6490
2026-05-15,823707,,0.5698
2026-05-15,824037,,0.7144
2026-05-15,824194,0.1117,
2026-05-15,824280,,
2026-05-15,824360,0.8648,0.5954
2026-05-15,824439,0.1490,0.1573
2026-05-15,824601,,-0.2630
2026-05-15,824925,0.6636,
2026-05-15,825009,0.0978,0.5969
2026-05-16,822737,0.1550,0.4796
2026-05-16,822981,0.6591,0.0085
2026-05-16,823060,0.7279,0.9935
2026-05-16,823139,0.3909,1.0127
2026-05-16,823382,0.0746,0.4654
2026-05-16,823627,,
2026-05-16,823706,,
2026-05-16,824038,,0.1842
2026-05-16,824193,0.3277,
2026-05-16,824278,,
2026-05-16,824359,0.1652,0.3078
2026-05-16,824435,0.3690,0.4658
2026-05-16,824600,0.6502,0.3132
2026-05-16,824924,,0.3903
2026-05-16,825007,,-0.1828
2026-05-17,822738,0.4579,
2026-05-17,822982,0.4400,0.3168
2026-05-17,823058,,0.0382
2026-05-17,823138,,0.8932
2026-05-17,823381,,0.3858
2026-05-17,823628,,-0.2267
2026-05-17,823708,,
2026-05-17,824034,0.4198,
2026-05-17,824192,0.7667,
2026-05-17,824279,-0.1738,0.4748
2026-05-17,824358,0.3927,0.9913
2026-05-17,824436,0.0719,0.8599
2026-05-17,824599,0.7993,0.2894
2026-05-17,824923,-0.1122,0.4065
2026-05-17,825006,0.6485,0.8215
2026-05-18,822734,0.5470,0.7456
2026-05-18,822980,1.5321,0.0972
2026-05-18,823137,1.1031,0.1782
2026-05-18,823301,0.8055,0.5491
2026-05-18,823465,,0.6473
2026-05-18,823549,0.0194,0.4289
2026-05-18,823705,,
2026-05-18,823867,,0.1878
2026-05-18,824035,-0.4443,
2026-05-18,824114,0.4767,0.3906
2026-05-18,824277,0.2031,0.1259
2026-05-18,824357,0.4017,0.7133
2026-05-18,824680,1.1436,0.7290
2026-05-18,825087,0.2445,0.7320
2026-05-19,822736,1.0204,0.3132
2026-05-19,822979,1.1672,
2026-05-19,823059,0.3615,0.5722
2026-05-19,823136,0.6794,
2026-05-19,823302,0.8670,
2026-05-19,823464,0.3308,0.3963
2026-05-19,823548,-0.0887,1.1150
2026-05-19,823704,,
2026-05-19,823865,,
2026-05-19,824033,0.4288,0.6348
2026-05-19,824112,0.4575,
2026-05-19,824276,0.1574,0.0649
2026-05-19,824356,,
2026-05-19,824677,1.5448,
2026-05-19,825086,1.4290,0.9140
2026-05-20,822735,,
2026-05-20,822977,-0.6152,0.1659
2026-05-20,823057,0.1043,0.9193
2026-05-20,823134,-0.3036,0.6051
2026-05-20,823299,0.0538,0.8612
2026-05-20,823462,0.1557,0.6935
2026-05-20,823547,,1.1677
2026-05-20,823703,0.4025,0.6300
2026-05-20,823866,0.1257,0.1384
2026-05-20,824032,0.6084,0.7125
2026-05-20,824111,0.4915,0.1093
2026-05-20,824273,0.2446,
2026-05-20,824355,0.0704,0.8311
2026-05-20,824678,0.2643,
2026-05-20,825084,0.1083,0.8987
2026-05-21,822733,-0.0135,0.3807
2026-05-21,823056,0.5229,0.8951
2026-05-21,823545,,
2026-05-21,823864,,0.4923
2026-05-21,824031,-0.1418,0.2006
2026-05-21,824274,0.4553,
2026-05-21,825083,,0.2777
2026-05-22,822816,0.3260,-0.1757
2026-05-22,823223,0.2351,
2026-05-22,823298,0.8080,0.4111
2026-05-22,823461,0.8659,0.0202
2026-05-22,823546,-0.0504,
2026-05-22,823788,0.3270,
2026-05-22,823863,,0.4263
2026-05-22,824029,0.3678,
2026-05-22,824110,0.9355,0.7266
2026-05-22,824518,0.9100,0.1830
2026-05-22,824679,,0.6602
2026-05-22,824761,,1.3762
2026-05-22,824842,0.4346,
2026-05-22,824922,,0.5780
2026-05-22,825082,0.3045,0.3420
2026-05-23,822814,0.4146,0.1658
2026-05-23,823222,,0.6139
2026-05-23,823300,-0.4415,
2026-05-23,823458,0.3230,0.8189
2026-05-23,823543,0.2031,0.4452
2026-05-23,823787,0.2929,
2026-05-23,823862,-0.1457,0.3433
2026-05-23,824030,0.6552,
2026-05-23,824109,1.0206,
2026-05-23,824516,0.9100,
2026-05-23,824674,,0.7385
2026-05-23,824760,0.2033,
2026-05-23,824840,0.1629,0.3928
2026-05-23,824920,0.7115,0.3950
2026-05-23,825080,0.9969,0.6635
2026-05-24,822813,0.4311,-0.0726
2026-05-24,823220,1.1426,0.2575
2026-05-24,823297,,0.5387
2026-05-24,823459,0.1840,0.6513
2026-05-24,823544,0.2031,0.4452
2026-05-24,823786,0.8459,0.9849
2026-05-24,823861,0.5128,
2026-05-24,824028,0.2262,0.7090
2026-05-24,824108,0.1034,0.3796
2026-05-24,824514,,0.0783
2026-05-24,824676,,0.7035
2026-05-24,824759,0.5327,0.4390
2026-05-24,824839,0.1629,0.3928
2026-05-24,824921,0.3975,0.6377
2026-05-24,825081,0.7567,0.8450
2026-05-25,822812,0.1675,
2026-05-25,822899,-0.2665,0.3094
2026-05-25,823219,0.6840,1.4314
2026-05-25,823296,0.4341,0.8409
2026-05-25,823380,,0.2193
2026-05-25,823625,,1.0344
2026-05-25,823784,0.5559,1.2826
2026-05-25,823948,,0.8877
2026-05-25,824107,1.1980,0.1107
2026-05-25,824437,,0.2557
2026-05-25,824598,,0.7251
2026-05-25,824838,0.0687,1.1911
2026-05-25,825005,0.2138,0.5481
2026-05-26,822811,0.3633,
2026-05-26,822898,,0.1198
2026-05-26,823216,0.2116,0.0490
2026-05-26,823294,0.6226,0.8114
2026-05-26,823379,,0.4765
2026-05-26,823624,0.2581,0.2505
2026-05-26,823785,0.9714,0.1634
2026-05-26,823949,0.9514,-0.5384
2026-05-26,824106,1.0507,
2026-05-26,824275,0.7057,0.0110
2026-05-26,824434,0.3730,0.4374
2026-05-26,824597,0.5320,-0.2836
2026-05-26,824758,,0.3663
2026-05-26,824837,,-0.6678
2026-05-26,825004,0.5319,
2026-05-27,822809,0.4274,-0.2037
2026-05-27,822897,0.3170,0.3948
2026-05-27,823217,0.4081,
2026-05-27,823295,0.0353,0.2971
2026-05-27,823376,0.5922,0.3550
2026-05-27,823626,0.1332,
2026-05-27,823783,0.8631,0.4479
2026-05-27,823947,0.2836,0.1472
2026-05-27,824104,,0.7845
2026-05-27,824270,0.2113,
2026-05-27,824432,-0.1127,0.8067
2026-05-27,824596,,
2026-05-27,824756,0.5440,0.4740
2026-05-27,824836,0.1701,
2026-05-27,825003,0.9998,0.7734
2026-05-28,822896,,0.6588
2026-05-28,823378,0.7425,0.4162
2026-05-28,824272,,0.4558
2026-05-28,824595,,0.1956
2026-05-28,824757,0.2099,1.4024
2026-05-28,824834,0.1472,0.1491
2026-05-29,822732,,
2026-05-29,822894,,0.2370
2026-05-29,822978,0.1846,0.0197
2026-05-29,823055,0.6447,-0.0171
2026-05-29,823135,0.6473,1.0096
2026-05-29,823377,0.2322,
2026-05-29,823623,0.3693,-0.1782
2026-05-29,823946,0.8397,0.1971
2026-05-29,824191,,
2026-05-29,824353,0.4966,0.9110
2026-05-29,824433,,0.3669
2026-05-29,824515,0.4262,0.2423
2026-05-29,824594,,0.2679
2026-05-29,824835,,0.9905
2026-05-29,825002,,-0.1348
2026-05-30,822731,0.5292,0.3994
2026-05-30,822893,0.3202,0.3558
2026-05-30,822975,0.7354,0.1344
2026-05-30,823054,,0.9762
2026-05-30,823132,0.7919,0.1016
2026-05-30,823375,0.4978,0.4360
2026-05-30,823622,,0.6091
2026-05-30,823945,0.4714,0.1911
2026-05-30,824190,0.8934,0.5899
2026-05-30,824352,0.6247,
2026-05-30,824431,0.4458,0.1496
2026-05-30,824513,0.5320,0.0783
2026-05-30,824593,0.2147,0.6478
2026-05-30,824833,,0.4468
2026-05-30,825000,0.5272,-0.3894
2026-05-31,822729,0.8145,
2026-05-31,822895,0.1685,0.1524
2026-05-31,822976,0.6906,-0.0039
2026-05-31,823053,,0.3980
2026-05-31,823133,0.6598,
2026-05-31,823373,,0.4981
2026-05-31,823621,,1.0273
2026-05-31,823944,0.6348,0.7711
2026-05-31,824187,1.2637,-0.2008
2026-05-31,824354,0.2540,
2026-05-31,824430,0.4169,0.1359
2026-05-31,824512,,
2026-05-31,824592,-0.0133,-0.3254
2026-05-31,824832,,1.2056
2026-05-31,825001,1.1692,0.4910
2026-06-01,822730,0.3006,0.3662
2026-06-01,822974,,
2026-06-01,823050,0.4036,0.9550
2026-06-01,823131,,0.5142
2026-06-01,823702,,0.5925
2026-06-01,823781,1.3557,
2026-06-01,824027,0.9881,0.1720
2026-06-01,824510,,
2026-06-01,825078,0.9404,0.1513
2026-06-02,822728,,
2026-06-02,822971,0.4033,0.1552
2026-06-02,823052,0.4373,0.8858
2026-06-02,823129,,0.9314
2026-06-02,823460,0.7025,0.6283
2026-06-02,823541,0.5066,0.9491
2026-06-02,823700,0.2041,
2026-06-02,823782,,0.1825
2026-06-02,824026,0.2337,
2026-06-02,824189,0.2781,0.2979
2026-06-02,824511,0.6224,0.1272
2026-06-02,824675,,0.5311
2026-06-02,824754,-0.6788,0.4342
2026-06-02,824918,-0.0164,0.5027
2026-06-02,825079,-0.3666,0.4084
2026-06-03,822727,0.2662,
2026-06-03,822973,,0.1001
2026-06-03,823051,0.2529,0.0335
2026-06-03,823130,-0.1507,0.9904
2026-06-03,823456,0.3209,-0.0019
2026-06-03,823540,0.7237,
2026-06-03,823701,0.2144,0.4052
2026-06-03,823780,0.4593,0.4018
2026-06-03,824024,0.8523,0.2061
2026-06-03,824188,0.4238,0.5154
2026-06-03,824509,,0.2534
2026-06-03,824671,0.7325,0.7758
2026-06-03,824755,0.1394,1.3181
2026-06-03,824917,0.1741,0.4347
2026-06-03,825077,0.1956,0.6282
2026-06-04,823457,,0.8345
2026-06-04,823542,0.4410,
2026-06-04,823698,0.2638,
2026-06-04,823779,0.6084,
2026-06-04,824185,,
2026-06-04,824672,-0.3696,0.6591
2026-06-04,824753,0.9915,-0.3001
2026-06-04,824919,,0.3264
2026-06-04,825076,0.3087,0.7595
2026-06-05,822810,0.4261,0.3336
2026-06-05,822892,0.3233,0.4560
2026-06-05,823049,0.1714,1.0019
2026-06-05,823293,0.5741,0.5033
2026-06-05,823455,0.7524,0.4769
2026-06-05,823538,0.3796,0.5523
2026-06-05,823699,0.1191,
2026-06-05,823860,0.1710,
2026-06-05,823943,0.6583,0.2629
2026-06-05,824186,,0.4799
2026-06-05,824271,0.1233,0.1909
2026-06-05,824350,0.9369,
2026-06-05,824673,0.2804,0.5242
2026-06-05,824914,0.4305,0.4296
2026-06-05,825073,0.4939,0.6816
2026-06-06,822808,1.2257,
2026-06-06,822891,0.2720,0.1994
2026-06-06,823048,,0.3043
2026-06-06,823292,1.1001,0.8807
2026-06-06,823454,,0.6088
2026-06-06,823539,0.4649,1.0577
2026-06-06,823697,,0.5392
2026-06-06,823859,0.0361,
2026-06-06,823942,0.7149,0.7302
2026-06-06,824184,,-0.2436
2026-06-06,824269,,-0.0126
2026-06-06,824351,1.3035,
2026-06-06,824669,1.3890,
2026-06-06,824915,0.4791,0.1576
2026-06-06,825075,0.4603,0.1123
2026-06-07,822807,-0.6313,0.0303
2026-06-07,822890,0.5091,0.4519
2026-06-07,823047,-0.0584,0.9709
2026-06-07,823291,,0.6839
2026-06-07,823453,,0.5988
2026-06-07,823537,0.4649,0.9015
2026-06-07,823696,0.5492,0.0182
2026-06-07,823857,0.2977,0.1576
2026-06-07,823941,0.1235,0.8337
2026-06-07,824183,,0.3698
2026-06-07,824268,0.0463,0.3556
2026-06-07,824349,,0.9347
2026-06-07,824670,0.4144,0.5349
2026-06-07,824916,,0.4435
2026-06-07,825074,0.4212,0.3823
2026-06-08,822806,-0.0384,0.0878
2026-06-08,822972,0.3897,
2026-06-08,823218,,0.4555
2026-06-08,823289,0.1146,0.3211
2026-06-08,824025,0.5376,
2026-06-08,824427,1.0577,0.6758
2026-06-08,824829,0.3245,
2026-06-08,824998,0.2670,0.7029
2026-06-09,822805,0.7942,-0.0653
2026-06-09,822969,0.8559,0.0764
2026-06-09,823214,,0.5511
2026-06-09,823290,0.2652,
2026-06-09,823374,-0.3320,0.4242
2026-06-09,823620,0.8353,-0.1899
2026-06-09,823858,0.6403,0.3187
2026-06-09,824023,,0.2428
2026-06-09,824105,0.4491,0.5456
2026-06-09,824267,0.4662,
2026-06-09,824347,0.7550,0.3242
2026-06-09,824429,,0.4683
2026-06-09,824591,0.4742,
2026-06-09,824830,0.9301,0.8784
2026-06-09,824999,0.5750,-0.4113
2026-06-10,822804,0.4987,0.1768
2026-06-10,822970,,0.2089
2026-06-10,823215,0.4486,0.2809
2026-06-10,823287,0.2667,0.5204
2026-06-10,823372,0.2132,
2026-06-10,823618,0.0204,
2026-06-10,823856,0.7811,
2026-06-10,824022,0.5257,0.6208
2026-06-10,824103,0.2455,0.2565
2026-06-10,824266,,0.2364
2026-06-10,824348,0.5955,0.7442
2026-06-10,824428,,0.3376
2026-06-10,824590,0.3502,0.1555
2026-06-10,824831,0.9325,0.3745
2026-06-10,824996,0.8963,
2026-06-11,823371,0.2672,0.3477
2026-06-11,823619,,0.5597
2026-06-11,823855,0.6856,
2026-06-11,824101,0.4627,0.0786
2026-06-11,824265,0.2208,-0.0070
2026-06-11,824346,0.6925,
2026-06-11,824589,0.4556,0.7087
2026-06-11,824827,0.1063,1.2266
2026-06-12,822726,,0.4694
2026-06-12,822803,0.4728,0.3250
2026-06-12,823211,,1.3105
2026-06-12,823370,0.1037,0.5215
2026-06-12,823617,0.1957,1.0182
2026-06-12,823695,1.0328,0.5055
2026-06-12,823778,,1.2803
2026-06-12,824020,0.0140,
2026-06-12,824102,-0.2749,
2026-06-12,824425,0.3351,0.3034
2026-06-12,824507,0.0975,0.5896
2026-06-12,824588,0.2841,0.7087
2026-06-12,824752,0.2251,0.3086
2026-06-12,824826,0.8738,-0.5928
2026-06-12,824997,,
2026-06-13,822725,0.0837,0.4385
2026-06-13,822802,0.8852,0.0097
2026-06-13,823213,,0.3885
2026-06-13,823369,,0.3569
2026-06-13,823616,0.4556,
2026-06-13,823694,0.3373,-0.0431
2026-06-13,823776,0.5435,
2026-06-13,824019,0.1431,0.1538
2026-06-13,824100,0.3797,0.4926
2026-06-13,824426,-0.0097,0.4350
2026-06-13,824508,0.3259,0.0372
2026-06-13,824587,0.7733,-0.4246
2026-06-13,824749,0.4819,0.4213
2026-06-13,824828,0.6337,
2026-06-13,824995,0.8897,
2026-06-14,822722,0.3048,-0.0850
2026-06-14,822801,1.0737,0.0948
2026-06-14,823212,,0.4218
2026-06-14,823368,0.3143,0.4191
2026-06-14,823615,0.3942,-0.1302
2026-06-14,823693,0.9254,0.5042
2026-06-14,823777,-0.0569,0.2168
2026-06-14,824021,,
2026-06-14,824099,0.5497,0.5205
2026-06-14,824424,0.1851,0.5981
2026-06-14,824506,0.6456,0.1645
2026-06-14,824586,0.8186,
2026-06-14,824751,0.4659,0.4240
2026-06-14,824823,0.2293,0.9115
2026-06-14,824994,0.3177,0.7971
2026-06-15,822724,,
2026-06-15,822887,,0.2251
2026-06-15,823046,,0.7570
2026-06-15,823452,,0.7280
2026-06-15,823938,0.0505,-0.2608
2026-06-15,824181,,
2026-06-15,824505,,0.3204
2026-06-15,824666,0.7863,0.6058
2026-06-15,824993,,-0.2479
2026-06-15,825071,0.3755,0.7720
2026-06-16,822723,0.1136,0.4344
2026-06-16,822888,0.3142,0.5243
2026-06-16,823045,0.4814,0.0099
2026-06-16,823128,0.4378,1.0985
2026-06-16,823451,,0.3977
2026-06-16,823535,0.1216,
2026-06-16,823775,0.4720,0.4119
2026-06-16,823939,0.2518,0.3574
2026-06-16,824182,0.2351,
2026-06-16,824504,0.3621,0.2343
2026-06-16,824667,,0.6491
2026-06-16,824750,-0.0598,0.8534
2026-06-16,824912,0.5385,0.4621
2026-06-16,824991,0.3018,
2026-06-16,825070,0.6084,0.6330
2026-06-17,822721,-0.1690,0.5317
2026-06-17,823044,,1.0269
2026-06-17,823127,1.2449,0.9508
2026-06-17,823450,0.1332,0.5820
2026-06-17,823536,0.5856,-0.2078
2026-06-17,823774,0.5981,0.9603
2026-06-17,823940,0.0726,0.1732
2026-06-17,824178,0.1851,0.5511
2026-06-17,824503,0.9945,0.6184
2026-06-17,824668,,
2026-06-17,824746,0.2269,
2026-06-17,824913,,
2026-06-17,824992,0.5793,0.5272
2026-06-17,825072,,0.2647
2026-06-18,822889,0.5551,0.2510
2026-06-18,823125,-0.4791,0.0967
2026-06-18,823448,,0.5490
2026-06-18,823533,,0.4405
2026-06-18,823772,0.2249,
2026-06-18,824098,0.2704,0.5179
2026-06-18,824748,0.3441,0.3891
2026-06-18,824911,1.2403,0.4128
2026-06-18,824989,,
2026-06-19,822886,0.5173,0.4619
2026-06-19,822966,-0.1357,0.1661
2026-06-19,823124,0.4187,
2026-06-19,823534,0.1227,0.8200
2026-06-19,823853,1.2403,
2026-06-19,823936,0.5382,0.3181
2026-06-19,824097,0.9244,0.2677
2026-06-19,824179,0.4451,-0.0947
2026-06-19,824264,,0.0395
2026-06-19,824345,0.2920,0.8226
2026-06-19,824663,0.0170,-0.0716
2026-06-19,824910,1.2668,0.4128
2026-06-19,824990,0.1028,0.8282
2026-06-19,825069,-0.0037,0.2655
2026-06-20,822885,0.1704,0.2704
2026-06-20,822967,0.3971,
2026-06-20,823126,0.4534,0.1993
2026-06-20,823447,-0.0676,-0.0465
2026-06-20,823532,0.2090,1.0433
2026-06-20,823854,0.3218,0.2794
2026-06-20,823937,0.8164,0.6838
2026-06-20,824180,0.5671,0.5440
2026-06-20,824263,,
2026-06-20,824342,0.3946,0.3150
2026-06-20,824665,0.1153,0.7405
2026-06-20,824909,0.2544,0.4591
2026-06-20,824988,0.3476,-0.2181
2026-06-20,825068,0.5082,0.6157
2026-06-21,822883,,0.4195
2026-06-21,822968,,0.0372
2026-06-21,823123,0.8443,1.1216
2026-06-21,823449,0.1366,0.8335
2026-06-21,823531,0.3342,0.8616
2026-06-21,823852,0.3968,
2026-06-21,823934,0.4165,0.7544
2026-06-21,824095,0.8464,0.4603
2026-06-21,824177,0.4961,-0.4259
2026-06-21,824260,0.1172,-0.0163
2026-06-21,824343,,0.7285
2026-06-21,824664,-0.0005,0.5435
2026-06-21,824908,0.3520,0.3255
2026-06-21,824987,0.5984,
2026-06-21,825067,,
2026-06-22,822720,,0.4609
2026-06-22,822800,,-0.0005
2026-06-22,822964,0.1334,0.2717
2026-06-22,823040,0.6763,0.0003
2026-06-22,823288,0.2856,0.5509
2026-06-22,823613,0.5435,0.4461
2026-06-22,823692,-0.2204,0.2493
2026-06-22,823851,,
2026-06-22,824016,1.2367,0.9518
2026-06-22,824261,,0.2149
2026-06-22,824344,,0.6591
2026-06-22,824502,-1.0827,0.2279
2026-06-22,824585,0.6869,0.5915
2026-06-23,822718,0.3936,-0.1390
2026-06-23,822799,0.6318,
2026-06-23,822963,-0.1441,0.1019
2026-06-23,823043,0.2633,1.0723
2026-06-23,823210,0.5051,0.4035
2026-06-23,823286,,
2026-06-23,823365,0.9815,0.2383
2026-06-23,823614,0.6052,0.4461
2026-06-23,823690,0.4420,
2026-06-23,823849,,0.0125
2026-06-23,824017,-0.5284,
2026-06-23,824262,-0.1170,0.1140
2026-06-23,824340,0.5165,
2026-06-23,824501,0.9884,0.6528
2026-06-23,824584,0.0682,-0.3954
2026-06-24,822719,0.5497,
2026-06-24,822798,0.3616,0.3066
2026-06-24,822965,0.4767,0.1679
2026-06-24,823041,,0.3141
2026-06-24,823208,,0.0060
2026-06-24,823284,0.4565,
2026-06-24,823367,0.0551,0.6083
2026-06-24,823611,0.5435,
2026-06-24,823691,0.1269,0.5671
2026-06-24,823850,0.5764,0.4563
2026-06-24,824018,0.7080,0.0946
2026-06-24,824259,0.4872,0.1232
2026-06-24,824341,0.4242,0.7727
2026-06-24,824500,0.5998,0.1283
2026-06-24,824583,0.4805,0.0171
2026-06-25,822717,-0.0234,0.3733
2026-06-25,822797,0.3098,-0.0574
2026-06-25,822961,0.2553,
2026-06-25,823042,0.6306,0.9238
2026-06-25,823209,0.7954,1.1995
2026-06-25,823366,1.0546,0.2275
2026-06-25,823612,,-0.0554
2026-06-25,824258,-0.1313,1.3219
2026-06-25,824747,0.7715,0.4872
2026-06-26,822796,0.4048,0.0114
2026-06-26,822962,0.6306,-0.0150
2026-06-26,823039,0.2925,0.9238
2026-06-26,823206,-0.6748,0.1513
2026-06-26,823285,0.2545,0.1764
2026-06-26,823363,0.2116,0.3350
2026-06-26,823610,0.8673,
2026-06-26,823688,0.3051,0.5293
2026-06-26,823773,0.6986,1.2811
2026-06-26,824014,-0.1781,0.3607
2026-06-26,824255,0.6899,-0.0492
2026-06-26,824423,-0.0323,0.5676
2026-06-26,824582,,
2026-06-26,824743,1.0518,0.9251
2026-06-26,824824,,0.7478
2026-06-27,822794,,-0.0229
2026-06-27,822960,,
2026-06-27,823038,,-0.0160
2026-06-27,823207,0.3718,0.4181
2026-06-27,823283,0.6965,
2026-06-27,823364,0.3199,
2026-06-27,823609,,0.6449
2026-06-27,823689,0.6707,
2026-06-27,823770,0.2797,0.2226
2026-06-27,824015,,0.5069
2026-06-27,824257,-0.3424,0.2224
2026-06-27,824421,1.0889,0.4603
2026-06-27,824581,0.0595,0.0817
2026-06-27,824745,,
2026-06-27,824825,0.4221,0.4080
2026-06-28,822795,0.4582,
2026-06-28,822959,0.6426,0.2441
2026-06-28,823037,,1.0761
2026-06-28,823204,0.4623,0.4281
2026-06-28,823281,0.7034,0.5464
2026-06-28,823362,0.2907,0.2523
2026-06-28,823608,0.3449,
2026-06-28,823686,0.4844,0.0901
2026-06-28,823769,,-1.2329
2026-06-28,824011,0.4743,0.9577
2026-06-28,824256,0.5126,0.3714
2026-06-28,824422,0.1810,0.7212
2026-06-28,824580,-0.1270,0.5825
2026-06-28,824744,-0.1572,0.3896
2026-06-28,824821,0.4850,1.2261
2026-06-29,822792,,0.3085
2026-06-29,823121,,0.9392
2026-06-29,823444,0.6476,0.5886
2026-06-29,823529,0.1318,0.4151
2026-06-29,823771,0.6669,0.4223
2026-06-29,824176,0.2102,0.5991
2026-06-29,824339,-0.0850,
2026-06-29,824420,,0.0176
2026-06-29,824662,1.1153,0.5249
2026-06-29,824741,,0.3780
2026-06-29,824822,-0.4167,-0.5479
2026-06-29,824986,-0.2259,
2026-06-29,825065,0.0403,0.2627
2026-06-30,822793,0.9610,-0.0108
2026-06-30,823122,0.0812,0.1238
2026-06-30,823445,0.1821,-0.0179
2026-06-30,823528,0.0066,0.6864
2026-06-30,823768,0.1181,1.0095
2026-06-30,824096,0.1724,0.4902
2026-06-30,824175,0.5709,0.3260
2026-06-30,824338,0.4228,
2026-06-30,824418,0.5715,0.4841
2026-06-30,824661,,0.9316
2026-06-30,824742,0.4156,0.4508
2026-06-30,824819,-0.0392,0.5700
2026-06-30,824907,0.4036,0.3933
2026-06-30,824984,0.3802,0.7528
2026-06-30,825066,1.2212,
2026-07-01,822791,-0.0587,
2026-07-01,823446,0.3280,0.7768
2026-07-01,823530,1.3184,1.0342
2026-07-01,823767,0.2333,0.6457
2026-07-01,824094,0.0936,0.2388
2026-07-01,824174,0.4750,-0.0455
2026-07-01,824337,0.2684,0.7658
2026-07-01,824419,0.2862,0.7051
2026-07-01,824660,0.1768,0.7671
2026-07-01,824740,,0.9778
2026-07-01,824818,0.9320,
2026-07-01,824905,1.0262,-0.6594
2026-07-01,824985,,-0.2005
2026-07-01,825064,0.2231,0.5624
2026-07-02,822884,0.2377,0.4279
2026-07-02,823119,0.3844,1.0515
2026-07-02,823442,,
2026-07-02,823765,0.3373,1.4088
2026-07-02,823935,0.5002,0.2611
2026-07-02,824093,,0.2196
2026-07-02,824335,,0.6753
2026-07-02,824416,0.1370,0.4448
2026-07-02,824906,0.7565,
2026-07-03,822714,0.1894,0.4264
2026-07-03,823120,-0.0817,-0.0129
2026-07-03,823527,,-0.3832
2026-07-03,823933,0.5734,0.0967
2026-07-03,824013,1.3385,0.5135
2026-07-03,824173,-0.0438,0.7585
2026-07-03,824336,0.3724,0.3824
2026-07-03,824417,0.5539,0.6851
2026-07-03,824498,0.7627,0.3475
2026-07-03,824659,-0.0310,0.2791
2026-07-03,824904,0.5440,0.3265
2026-07-03,824982,,-0.2783
2026-07-03,825062,0.2261,
2026-07-04,822716,0.6582,
2026-07-04,822882,0.3032,
2026-07-04,823118,,1.0159
2026-07-04,823526,0.2050,
2026-07-04,823932,,0.6738
2026-07-04,824012,0.3477,0.9942
2026-07-04,824092,0.3268,0.0064
2026-07-04,824171,0.2247,0.4321
2026-07-04,824334,0.4527,0.9863
2026-07-04,824415,-0.4764,0.0015
2026-07-04,824499,0.4280,
2026-07-04,824658,1.0314,0.5219
2026-07-04,824903,1.4175,0.3780
2026-07-04,824983,-0.0777,0.3945
2026-07-04,825063,-1.1386,0.6284
2026-07-05,822715,0.1539,0.4150
2026-07-05,822879,0.1713,0.4041
2026-07-05,823117,0.3355,0.2171
2026-07-05,823525,0.5913,0.3976
2026-07-05,823931,,0.7072
2026-07-05,824010,0.4024,0.8860
2026-07-05,824091,0.5962,-0.1006
2026-07-05,824172,,0.6410
2026-07-05,824333,0.1276,
2026-07-05,824413,,0.4109
2026-07-05,824497,1.2082,0.6733
2026-07-05,824656,0.4192,0.3456
2026-07-05,824902,0.9708,0.3564
2026-07-05,824980,0.4152,0.3000
2026-07-05,825061,1.1471,0.2421
2026-07-06,822712,0.3763,-0.1297
2026-07-06,822958,0.6070,0.1244
2026-07-06,823036,0.6774,0.7353
2026-07-06,823205,-0.0298,1.2168
2026-07-06,823282,,0.2067
2026-07-06,823930,0.6784,-0.2127
2026-07-06,824089,-0.0371,0.4496
2026-07-06,824900,0.0765,-0.5653
2026-07-07,822713,-0.0250,
2026-07-07,822881,0.0720,0.5394
2026-07-07,822956,1.0115,
2026-07-07,823035,0.5549,
2026-07-07,823203,,0.2603
2026-07-07,823280,0.5233,0.2772
2026-07-07,823361,,0.3537
2026-07-07,823607,0.2185,
2026-07-07,823687,0.7732,0.4138
2026-07-07,823847,0.1616,0.2572
2026-07-07,823929,0.6368,0.3417
2026-07-07,824254,-0.2641,-0.0973
2026-07-07,824495,0.7762,0.2403
2026-07-07,824579,0.7877,0.7589
2026-07-07,824820,0.8336,-0.5016
2026-07-08,822710,0.8314,0.3661
2026-07-08,822880,0.3853,0.2927
2026-07-08,822957,-0.2326,0.1541
2026-07-08,823032,0.1929,0.9951
2026-07-08,823202,-0.1379,0.3409
2026-07-08,823279,,0.5970
2026-07-08,823360,0.3560,
2026-07-08,823605,,0.6159
2026-07-08,823684,0.4597,0.1092
2026-07-08,823848,0.9452,
2026-07-08,823928,,0.2820
2026-07-08,824253,0.7868,1.2577
2026-07-08,824496,,0.3011
2026-07-08,824578,1.2938,0.1325
2026-07-08,824815,0.6694,
2026-07-09,822877,0.5509,0.4293
2026-07-09,822954,,0.2338
2026-07-09,823034,0.0079,-0.0122
2026-07-09,823201,0.4032,
2026-07-09,823277,0.6453,0.9763
2026-07-09,823359,0.3483,0.1788
2026-07-09,823606,0.1014,1.6039
2026-07-09,823683,0.6617,0.4970
2026-07-09,823846,1.0077,0.1155
2026-07-09,824251,,0.2152
2026-07-09,824494,0.3336,0.3787
2026-07-09,824577,,0.5329
2026-07-09,824816,0.2780,0.9057
2026-07-10,822709,0.4494,
2026-07-10,822878,0.4198,
2026-07-10,822955,0.0167,-0.0332
2026-07-10,823033,0.3846,1.0021
2026-07-10,823200,,0.4028
2026-07-10,823278,,
2026-07-10,823357,1.1616,0.6491
2026-07-10,823604,0.3182,0.9507
2026-07-10,823685,,0.2124
2026-07-10,823845,0.0237,-0.0846
2026-07-10,823927,0.2545,
2026-07-10,824252,0.6134,0.2678
2026-07-10,824493,0.5127,
2026-07-10,824575,0.4820,-0.4019
2026-07-10,824817,-0.0788,0.4121
2026-07-11,822711,0.5973,-0.1330
2026-07-11,822875,0.6268,0.4115
2026-07-11,822953,0.9805,0.1236
2026-07-11,823030,-0.4786,0.3675
2026-07-11,823198,0.6563,0.1328
2026-07-11,823276,0.2676,0.2348
2026-07-11,823356,0.6801,0.0673
2026-07-11,823603,,0.0521
2026-07-11,823682,1.0891,0.5641
2026-07-11,823844,0.3557,0.3534
2026-07-11,823926,,0.6358
2026-07-11,824249,-0.0199,0.1354
2026-07-11,824492,0.1962,0.6582
2026-07-11,824576,0.2065,
2026-07-11,824813,0.4795,1.2116
2026-07-12,822708,0.9585,0.4644
2026-07-12,822876,,0.2683
2026-07-12,822951,0.2067,
2026-07-12,823029,,0.7106
2026-07-12,823199,0.6249,0.2736
2026-07-12,823274,-0.0268,0.4026
2026-07-12,823358,0.5141,0.3434
2026-07-12,823602,0.7164,
2026-07-12,823681,0.0971,0.4809
2026-07-12,823842,0.8494,
2026-07-12,823925,,0.6840
2026-07-12,824250,0.7808,-0.0671
2026-07-12,824491,0.8472,0.2786
2026-07-12,824574,-0.3026,0.7106
2026-07-12,824814,0.1949,-0.3701
2026-07-16,823440,0.6315,0.6877
2026-07-17,822789,0.5449,
2026-07-17,823115,1.2130,0.9388
2026-07-17,823524,0.2652,-0.1305
2026-07-17,823766,-0.0420,0.3423
2026-07-17,824009,1.1976,0.5459
2026-07-17,824090,0.6065,0.1759
2026-07-17,824170,,0.5616
2026-07-17,824332,0.3747,
2026-07-17,824414,1.2682,0.5968
2026-07-17,824655,0.4983,0.7001
2026-07-17,824737,,
2026-07-17,824901,-0.2589,0.3659
2026-07-17,824981,0.5095,0.2081
2026-07-17,825060,0.9869,0.6196
2026-07-18,822790,0.1596,
2026-07-18,823116,0.3569,0.1673
2026-07-18,823441,1.5846,0.3404
2026-07-18,823523,0.7133,0.4237
2026-07-18,823763,0.2902,0.6515
2026-07-18,824008,-0.0305,-0.2703
2026-07-18,824088,0.9053,
2026-07-18,824169,1.0318,0.7043
2026-07-18,824331,0.0509,0.2588
2026-07-18,824412,,
2026-07-18,824657,0.4450,0.8725
2026-07-18,824738,,
2026-07-18,824899,0.2504,
2026-07-18,824979,0.4201,-0.3064
2026-07-18,825059,0.6996,
2026-07-19,822786,-0.3243,0.2217
2026-07-19,823113,0.4263,1.0217
2026-07-19,823439,0.9475,
2026-07-19,823521,,
2026-07-19,823764,0.3531,0.5090
2026-07-19,824007,0.1502,1.1067
2026-07-19,824086,0.2785,0.5056
2026-07-19,824168,0.4497,0.3776
2026-07-19,824330,,0.3455
2026-07-19,824411,0.3625,0.7848
2026-07-19,824653,0.2111,0.4948
2026-07-19,824739,0.1376,0.3113
2026-07-19,824897,0.4171,0.3554
2026-07-19,824978,0.3561,0.5246
2026-07-19,825057,0.0081,0.3062
2026-07-20,822788,-0.0002,-0.1755
2026-07-20,822874,-0.1456,0.5633
2026-07-20,823112,0.2259,0.9615
2026-07-20,823436,0.7133,-0.0098
2026-07-20,823522,0.6489,0.4237
2026-07-20,823762,0.0250,1.2826
2026-07-20,824006,0.9816,0.0794
2026-07-20,824087,0.2794,0.1795
2026-07-20,824167,0.1803,
2026-07-20,824328,,0.6170
2026-07-20,824410,0.5831,0.3757
2026-07-20,824654,0.3144,0.6028
2026-07-20,824736,-0.3941,0.7595
2026-07-20,824898,,0.3715
2026-07-20,825058,0.7602,
2026-07-21,822787,0.1655,-0.0713
2026-07-21,822871,0.5916,0.4072
2026-07-21,823114,0.3537,-0.0211
2026-07-21,823437,0.3995,0.8227
2026-07-21,823519,0.0175,0.9253
2026-07-21,823760,,1.2274
2026-07-21,824005,0.3858,0.3088
2026-07-21,824085,0.1232,-0.0641
2026-07-21,824165,,-0.0925
2026-07-21,824329,,0.5911
2026-07-21,824409,,0.0063
2026-07-21,824652,0.1937,0.3078
2026-07-21,824735,1.2501,
2026-07-21,824895,0.2149,-0.3934
2026-07-21,825056,-0.1639,
2026-07-22,822784,0.2257,
2026-07-22,822873,0.5304,
2026-07-22,823110,0.3658,0.1895
2026-07-22,823438,-0.0628,0.6919
2026-07-22,823518,0.1285,-0.1207
2026-07-22,823761,0.5917,0.2878
2026-07-22,824004,,0.5510
2026-07-22,824083,1.1861,0.1711
2026-07-22,824166,-0.1081,0.5306
2026-07-22,824327,0.4956,
2026-07-22,824408,0.4362,0.4871
2026-07-22,824650,-0.1438,0.6949
2026-07-22,824732,1.2501,
2026-07-22,824896,0.6418,0.3802
2026-07-22,825055,0.2836,0.6605
2026-07-23,822785,,0.5874
2026-07-23,824247,,1.1456
2026-07-23,824406,0.3692,0.5383
2026-07-23,824893,,0.4105
2026-07-24,822707,0.2408,
2026-07-24,822872,0.9049,0.2411
2026-07-24,822952,0.7774,0.1725
2026-07-24,823031,0.0384,0.6839
2026-07-24,823196,-0.1899,0.3721
2026-07-24,823352,0.8632,1.3331
2026-07-24,823434,0.6298,0.2991
2026-07-24,823601,0.2176,1.4937
2026-07-24,823680,0.5121,0.1959
2026-07-24,823759,0.2456,0.7351
2026-07-24,823843,0.2408,-0.4995
2026-07-24,824248,,-0.0499
2026-07-24,824573,0.7262,0.2404
2026-07-24,824733,0.2455,
2026-07-24,824812,0.3693,1.0212
2026-07-25,822704,,0.3300
2026-07-25,822869,0.1580,0.3785
2026-07-25,822948,0.3651,-0.0133
2026-07-25,823027,,-0.0032
2026-07-25,823197,0.9430,0.4287
2026-07-25,823355,0.5127,0.3616
2026-07-25,823435,0.4127,
2026-07-25,823600,0.6021,0.9196
2026-07-25,823679,,
2026-07-25,823758,0.3630,0.4925
2026-07-25,823841,0.4084,0.3249
2026-07-25,824244,0.1309,0.1779
2026-07-25,824571,0.3643,-0.3581
2026-07-25,824734,-0.1460,0.2486
2026-07-25,824811,0.3696,0.4351
2026-07-26,822706,,-0.0515
2026-07-26,822870,1.0814,0.5872
2026-07-26,822950,-0.0210,0.1632
2026-07-26,823028,0.2345,0.9753
2026-07-26,823194,0.1160,
2026-07-26,823354,0.6166,0.6485
2026-07-26,823433,0.9077,0.0254
2026-07-26,823599,0.7243,0.0675
2026-07-26,823678,0.7782,0.0923
2026-07-26,823755,0.5572,1.3539
2026-07-26,823840,0.2057,0.2162
2026-07-26,824246,-0.0342,0.1531
2026-07-26,824572,,-0.0608
2026-07-26,824730,-0.0530,0.3103
2026-07-26,824810,-0.2986,-0.4095
2026-07-27,822705,0.2269,
2026-07-27,822868,0.9623,0.4117
2026-07-27,823025,0.3601,
2026-07-27,823195,1.2540,0.1611
2026-07-27,823353,0.6851,0.1430
2026-07-27,823597,0.3707,
2026-07-27,823839,0.8008,0.0570
2026-07-27,824001,-0.0834,0.5224
2026-07-27,824245,1.2339,-0.1183
2026-07-27,824490,0.5623,0.3538
2026-07-27,824570,0.3974,0.5609
2026-07-27,824977,0.8179,-0.0829
2026-07-28,822703,0.5649,0.4734
2026-07-28,822949,0.0036,0.2064
2026-07-28,823026,0.6772,0.9327
2026-07-28,823193,0.3517,1.1745
2026-07-28,823275,0.5509,0.6290
2026-07-28,823350,0.3967,-0.0502
2026-07-28,823598,0.4225,0.6776
2026-07-28,823676,0.1378,0.4005
2026-07-28,823838,0.6919,-0.1625
2026-07-28,823923,0.0236,0.4492
2026-07-28,824003,0.5250,0.5597
2026-07-28,824243,-0.1447,1.0144
2026-07-28,824489,0.5132,
2026-07-28,824569,-0.1428,0.5397
2026-07-28,824976,1.0864,0.2548
2026-07-29,822702,0.2785,0.4449
2026-07-29,822947,0.2333,
2026-07-29,823022,0.9068,0.6820
2026-07-29,823192,,0.3734
2026-07-29,823273,,
2026-07-29,823351,0.2662,1.3501
2026-07-29,823596,,1.3471
2026-07-29,823677,,0.6180
2026-07-29,823837,0.3595,-0.3129
2026-07-29,823924,0.2966,-0.0540
2026-07-29,824002,,-0.1931
2026-07-29,824242,1.0533,-0.0302
2026-07-29,824487,0.8078,0.3747
2026-07-29,824567,0.6412,0.2245
2026-07-29,824973,,0.4734
2026-07-30,822946,,0.2422
2026-07-30,823023,0.0808,0.0327
2026-07-30,823271,0.4334,
2026-07-30,823595,0.2995,0.9161
2026-07-30,823674,0.4156,0.4331
2026-07-30,823921,0.1933,0.2011
2026-07-30,824488,,0.0375
2026-07-30,824568,0.3848,-0.3704
2026-07-30,824894,0.7362,0.3139
2026-07-30,824974,0.2719,
2026-07-31,822782,0.9633,-0.2508
2026-07-31,822945,-0.0113,-0.0448
2026-07-31,823111,0.1400,0.9780
2026-07-31,823272,,
2026-07-31,823593,0.2589,0.4891
2026-07-31,823922,0.2694,
2026-07-31,823999,0.6680,0.8639
2026-07-31,824164,0.4142,0.3083
2026-07-31,824325,0.1451,0.1848
2026-07-31,824407,,0.3519
2026-07-31,824486,0.3485,
2026-07-31,824651,0.8753,0.5318
2026-07-31,824809,0.5000,0.4134
2026-07-31,824892,0.3493,0.4389
2026-07-31,824975,,0.7338
2026-08-01,822781,,-0.0572
2026-08-01,822944,,0.1403
2026-08-01,823109,0.1882,1.0612
2026-08-01,823269,0.1707,0.2343
2026-08-01,823594,0.0777,0.2931
2026-08-01,823920,0.8280,0.5352
2026-08-01,824000,0.4764,
2026-08-01,824162,0.5895,
2026-08-01,824326,-0.0805,0.4227
2026-08-01,824405,,-0.0342
2026-08-01,824485,0.6450,0.2637
2026-08-01,824649,0.3469,0.3986
2026-08-01,824808,0.0526,-0.3297
2026-08-01,824890,0.0078,-0.2778
2026-08-01,824972,0.1693,-0.0221
2026-08-02,822783,0.3817,0.3054
2026-08-02,822943,0.5244,0.2447
2026-08-02,823107,0.3738,0.9741
2026-08-02,823270,1.1607,
2026-08-02,823592,-0.1207,
2026-08-02,823919,1.1892,0.6453
2026-08-02,823996,1.3533,0.5680
2026-08-02,824163,0.3784,0.5175
2026-08-02,824323,0.1362,0.5059
2026-08-02,824404,0.6873,0.4748
2026-08-02,824483,0.1328,0.3704
2026-08-02,824648,-0.1335,0.6567
2026-08-02,824807,0.7449,1.1591
2026-08-02,824891,0.4553,0.9874
2026-08-02,824971,-0.0916,0.2367
2026-08-03,822867,0.3609,
2026-08-03,823431,0.0384,0.6885
2026-08-03,823520,0.9883,0.6237
2026-08-03,823757,-0.0933,1.2634
2026-08-03,824160,0.2337,
2026-08-03,824324,,0.5241
2026-08-03,824647,,0.9119
2026-08-03,825095,0.6602,0.4008
