date,game_pk,away_value,home_value
2024-04-01,744875,,
2024-04-01,745109,,
2024-04-01,745277,,
2024-04-01,745437,,
2024-04-01,745600,,
2024-04-01,745675,,
2024-04-01,745842,,
2024-04-01,746085,,
2024-04-01,746170,,
2024-04-01,746409,,
2024-04-01,746817,,
2024-04-01,746899,,
2024-04-01,747058,,
2024-04-01,747218,,
2024-04-02,745111,,
2024-04-02,745273,,
2024-04-02,745439,,
2024-04-02,745598,,
2024-04-02,745680,,
2024-04-02,745844,,
2024-04-02,746009,,
2024-04-02,746086,,
2024-04-02,746169,,
2024-04-02,746411,,
2024-04-02,746814,,
2024-04-02,746898,,
2024-04-02,747057,,
2024-04-02,747220,,
2024-04-03,744869,,
2024-04-03,745114,,
2024-04-03,745275,,
2024-04-03,745440,,0.441342
2024-04-03,745603,,
2024-04-03,745678,,
2024-04-03,745843,,
2024-04-03,746008,,
2024-04-03,746083,,
2024-04-03,746163,,
2024-04-03,746407,,
2024-04-03,746816,,
2024-04-03,746900,,
2024-04-03,747059,,
2024-04-03,747219,,
2024-04-04,744870,,
2024-04-04,745200,,
2024-04-04,745843,,
2024-04-04,745844,,
2024-04-04,745928,,
2024-04-04,746327,,
2024-04-05,744874,,
2024-04-05,745033,,
2024-04-05,745361,0.434339,
2024-04-05,745524,,
2024-04-05,745764,,
2024-04-05,746007,,
2024-04-05,746249,,
2024-04-05,746328,,
2024-04-05,746497,,
2024-04-05,746576,,
2024-04-05,746733,,
2024-04-05,746897,,
2024-04-05,747143,,
2024-04-06,744873,,
2024-04-06,745031,,
2024-04-06,745197,,
2024-04-06,745359,0.413988,
2024-04-06,745522,,
2024-04-06,745766,,
2024-04-06,745926,0.310789,
2024-04-06,746006,,
2024-04-06,746248,,
2024-04-06,746329,,
2024-04-06,746498,,
2024-04-06,746575,,
2024-04-06,746731,,
2024-04-06,746896,0.499293,
2024-04-06,747140,0.376060,
2024-04-07,744871,,
2024-04-07,745032,0.525687,0.389486
2024-04-07,745198,0.352102,
2024-04-07,745362,0.402736,
2024-04-07,745523,0.416100,
2024-04-07,745765,,
2024-04-07,745927,,
2024-04-07,746003,,
2024-04-07,746251,,
2024-04-07,746330,,
2024-04-07,746493,,
2024-04-07,746574,,
2024-04-07,746734,,
2024-04-07,746895,0.487109,
2024-04-07,747141,0.385827,
2024-04-08,744956,,0.333521
2024-04-08,745034,0.518198,
2024-04-08,745194,,
2024-04-08,745363,,
2024-04-08,745432,0.385638,0.417966
2024-04-08,745520,,0.395259
2024-04-08,745761,0.405241,0.386302
2024-04-08,745925,0.481735,
2024-04-08,746252,,
2024-04-08,746569,0.378670,
2024-04-08,746654,,
2024-04-08,746735,,
2024-04-08,747142,,
2024-04-09,744957,0.349459,0.335800
2024-04-09,745030,,
2024-04-09,745195,0.437365,
2024-04-09,745357,,
2024-04-09,745433,0.390146,0.437850
2024-04-09,745517,,0.371103
2024-04-09,745762,0.413491,0.371905
2024-04-09,745924,0.485161,
2024-04-09,746250,0.354989,
2024-04-09,746326,0.518200,0.449461
2024-04-09,746571,,0.397155
2024-04-09,746653,,0.322907
2024-04-09,746732,,
2024-04-09,746981,0.422432,
2024-04-09,747138,0.409909,
2024-04-10,744950,0.411149,0.352918
2024-04-10,745024,,0.377117
2024-04-10,745196,0.419984,
2024-04-10,745355,,
2024-04-10,745429,0.383883,0.426777
2024-04-10,745763,0.353710,0.386994
2024-04-10,745923,0.479992,
2024-04-10,746247,,
2024-04-10,746323,0.507879,0.443837
2024-04-10,746573,0.375020,
2024-04-10,746655,,0.331158
2024-04-10,746728,,0.443369
2024-04-10,746980,0.412880,
2024-04-10,747139,,
2024-04-11,745029,,0.365898
2024-04-11,745601,0.379161,0.407345
2024-04-11,746322,0.491234,0.451048
2024-04-11,746490,,
2024-04-11,746730,,
2024-04-11,746977,0.401926,0.427999
2024-04-11,747137,0.399453,0.340320
2024-04-12,744954,0.359858,0.368247
2024-04-12,745112,,
2024-04-12,745274,0.367824,0.421583
2024-04-12,745596,0.368911,0.401159
2024-04-12,745679,,
2024-04-12,745838,0.471382,0.395359
2024-04-12,746084,0.361848,0.359578
2024-04-12,746162,0.417542,0.469951
2024-04-12,746408,0.374468,0.481396
2024-04-12,746491,,0.349176
2024-04-12,746656,,
2024-04-12,746812,0.433101,
2024-04-12,746978,,
2024-04-12,747055,0.431480,
2024-04-12,747217,0.396745,0.381538
2024-04-13,744953,0.399208,0.354014
2024-04-13,745110,,
2024-04-13,745272,0.355881,0.420823
2024-04-13,745594,0.396064,0.407425
2024-04-13,745676,0.399085,
2024-04-13,745839,,0.391787
2024-04-13,746082,0.352591,0.352322
2024-04-13,746161,0.456707,0.473911
2024-04-13,746405,0.385899,0.490165
2024-04-13,746489,,0.355734
2024-04-13,746490,,0.355734
2024-04-13,746656,0.392112,0.324057
2024-04-13,746658,0.392112,0.324057
2024-04-13,746811,0.423148,
2024-04-13,746979,0.359126,
2024-04-13,747054,,0.410062
2024-04-13,747215,0.398501,0.381045
2024-04-14,744952,0.392993,0.359062
2024-04-14,745113,0.378149,0.327635
2024-04-14,745271,0.356831,0.342059
2024-04-14,745595,0.406064,0.418588
2024-04-14,745681,,0.350583
2024-04-14,745841,0.450573,0.381532
2024-04-14,746079,0.363320,0.344993
2024-04-14,746164,0.424555,0.472297
2024-04-14,746404,0.373088,0.489066
2024-04-14,746492,0.385883,0.336775
2024-04-14,746648,0.399551,0.355026
2024-04-14,746810,0.417462,
2024-04-14,746975,0.346256,
2024-04-14,747056,0.410001,0.385474
2024-04-14,747216,0.403738,0.387149
2024-04-15,744951,0.416298,0.355561
2024-04-15,745106,0.438643,0.327060
2024-04-15,745268,0.423249,0.361322
2024-04-15,745597,0.387327,0.419718
2024-04-15,745677,,0.357078
2024-04-15,745840,0.406162,0.391464
2024-04-15,746002,0.412230,0.370532
2024-04-15,746080,0.412383,0.364943
2024-04-15,746158,0.411732,0.466598
2024-04-15,746406,0.368563,0.496725
2024-04-15,746488,,0.323993
2024-04-15,746813,0.446148,
2024-04-15,746974,0.324281,0.439502
2024-04-15,747053,,0.442474
2024-04-15,747213,0.347740,0.384863
2024-04-16,744944,0.416518,0.350063
2024-04-16,745108,0.444285,
2024-04-16,745270,0.425064,0.372258
2024-04-16,745593,0.381057,0.410937
2024-04-16,745674,0.382742,0.353937
2024-04-16,745837,0.362047,0.396949
2024-04-16,746004,0.367300,0.398068
2024-04-16,746081,,0.390490
2024-04-16,746157,0.422644,0.468278
2024-04-16,746400,0.393433,0.485171
2024-04-16,746486,0.376439,
2024-04-16,746809,,
2024-04-16,746976,0.330551,0.379168
2024-04-16,747051,0.386173,0.465213
2024-04-16,747214,0.348700,0.384248
2024-04-17,744948,0.409533,0.346338
2024-04-17,745105,0.433859,0.333375
2024-04-17,745267,,0.413725
2024-04-17,745591,0.397861,0.434699
2024-04-17,745671,,
2024-04-17,745836,0.389456,0.392827
2024-04-17,746005,0.369909,
2024-04-17,746076,,0.388135
2024-04-17,746159,0.428575,0.467725
2024-04-17,746401,0.390175,0.406941
2024-04-17,746487,0.373128,0.335041
2024-04-17,746807,0.456131,0.395197
2024-04-17,746809,,
2024-04-17,746973,0.333909,0.402156
2024-04-17,747049,0.379661,0.484112
2024-04-17,747212,0.337611,0.389249
2024-04-18,745104,0.446013,
2024-04-18,745356,0.372337,0.423918
2024-04-18,746485,0.378491,0.411134
2024-04-18,746891,,
2024-04-18,746970,,
2024-04-19,744872,0.405912,0.414437
2024-04-19,745189,0.393267,
2024-04-19,745352,0.390846,
2024-04-19,745430,0.372034,0.403045
2024-04-19,745518,,0.392945
2024-04-19,745592,,0.436543
2024-04-19,745758,0.378783,0.409665
2024-04-19,745922,,0.367748
2024-04-19,746160,0.399390,0.464284
2024-04-19,746325,0.481607,0.437132
2024-04-19,746572,,
2024-04-19,746650,0.343519,0.325136
2024-04-19,746729,0.441899,0.384983
2024-04-19,746892,0.397928,
2024-04-19,747136,0.371570,0.363979
2024-04-20,744865,0.396092,0.414865
2024-04-20,745190,0.388181,0.376389
2024-04-20,745354,0.395056,0.421012
2024-04-20,745431,0.332982,0.416891
2024-04-20,745515,,0.418885
2024-04-20,745590,,0.434613
2024-04-20,745760,0.319537,0.415106
2024-04-20,745921,,0.374121
2024-04-20,746156,0.404176,0.460790
2024-04-20,746324,0.441033,0.433517
2024-04-20,746570,0.368078,0.379764
2024-04-20,746651,,
2024-04-20,746726,0.440966,0.376562
2024-04-20,746891,0.365087,0.351493
2024-04-20,746893,0.394772,
2024-04-20,747135,0.371765,0.400371
2024-04-21,744866,0.460696,0.411777
2024-04-21,745192,0.389531,
2024-04-21,745353,0.396274,0.380468
2024-04-21,745434,0.330832,0.418050
2024-04-21,745514,,0.353278
2024-04-21,745588,,0.427617
2024-04-21,745759,0.383849,0.413563
2024-04-21,745920,0.347194,
2024-04-21,746154,0.411295,0.462432
2024-04-21,746316,0.484319,0.431365
2024-04-21,746568,0.374429,0.374422
2024-04-21,746572,0.374177,0.371783
2024-04-21,746652,0.343673,0.375839
2024-04-21,746727,0.441428,0.458672
2024-04-21,746894,0.395780,0.356172
2024-04-21,747133,0.367989,0.403818
2024-04-22,745107,0.419133,0.327320
2024-04-22,745191,0.389173,
2024-04-22,745351,0.406318,
2024-04-22,745519,0.386426,0.371052
2024-04-22,745757,,0.406130
2024-04-22,745916,,
2024-04-22,746242,0.472839,0.414661
2024-04-22,746319,0.330184,0.428455
2024-04-22,746565,0.423110,0.362875
2024-04-22,746723,0.422874,0.410083
2024-04-22,747134,0.393237,0.365721
2024-04-23,744863,0.467947,0.406975
2024-04-23,745026,0.375399,0.367425
2024-04-23,745102,,0.385950
2024-04-23,745193,0.376375,0.350818
2024-04-23,745348,0.402493,0.406186
2024-04-23,745516,0.396493,0.373202
2024-04-23,745754,,0.401625
2024-04-23,745917,,
2024-04-23,746246,0.482163,0.410204
2024-04-23,746321,0.331009,0.427959
2024-04-23,746566,0.417062,0.365185
2024-04-23,746647,0.413519,0.326385
2024-04-23,746722,0.415244,0.404550
2024-04-23,746888,0.458561,0.332977
2024-04-23,747130,0.366480,0.359057
2024-04-24,744864,0.470616,0.407496
2024-04-24,745028,0.386224,
2024-04-24,745099,,0.363815
2024-04-24,745188,,0.360889
2024-04-24,745346,0.402750,
2024-04-24,745513,,0.344149
2024-04-24,745753,0.309889,0.402323
2024-04-24,745919,,0.345682
2024-04-24,746244,0.447117,0.425572
2024-04-24,746317,0.341536,0.427434
2024-04-24,746567,0.421233,0.363091
2024-04-24,746649,0.445012,0.326751
2024-04-24,746725,0.412390,0.455462
2024-04-24,746889,0.383155,0.351519
2024-04-24,747132,0.388925,0.393773
2024-04-25,744867,0.475578,0.400331
2024-04-25,745027,0.419246,
2024-04-25,745512,0.383946,0.403689
2024-04-25,745755,,0.407984
2024-04-25,745918,,0.361942
2024-04-25,746320,0.343019,0.427748
2024-04-25,746564,0.413815,0.393362
2024-04-25,746646,,0.352394
2024-04-25,746724,0.416283,0.464464
2024-04-25,746887,0.379142,0.348603
2024-04-26,744949,0.476353,0.342481
2024-04-26,745025,0.465014,
2024-04-26,745269,0.414652,0.416591
2024-04-26,745347,0.380383,0.392383
2024-04-26,745424,0.417001,0.414166
2024-04-26,745835,0.403691,0.403681
2024-04-26,746000,0.407767,0.390462
2024-04-26,746078,0.397984,0.392242
2024-04-26,746243,0.347014,0.436142
2024-04-26,746482,0.424068,0.364041
2024-04-26,746808,0.342095,
2024-04-26,746972,0.351357,
2024-04-26,747050,,0.490606
2024-04-26,747129,0.357815,0.374441
2024-04-27,744946,0.476337,0.335708
2024-04-27,745020,0.458842,
2024-04-27,745266,0.387114,0.422973
2024-04-27,745350,0.382133,
2024-04-27,745425,0.421463,0.392416
2024-04-27,745833,0.403498,0.382498
2024-04-27,745998,0.402414,0.412090
2024-04-27,746075,0.395095,0.356260
2024-04-27,746245,0.374768,0.452155
2024-04-27,746484,0.418473,
2024-04-27,746560,0.378672,0.394706
2024-04-27,746803,,
2024-04-27,746971,0.347678,0.455294
2024-04-27,747052,,0.441419
2024-04-27,747131,0.332009,0.372429
2024-04-28,744947,0.479233,0.345063
2024-04-28,745022,0.458972,
2024-04-28,745265,0.384286,0.392687
2024-04-28,745349,0.387895,0.399001
2024-04-28,745428,0.421284,0.410106
2024-04-28,745834,0.364144,0.389876
2024-04-28,746001,0.404007,0.378577
2024-04-28,746077,,0.355213
2024-04-28,746237,0.346358,0.441411
2024-04-28,746483,0.463255,
2024-04-28,746561,0.378544,0.399940
2024-04-28,746805,0.373036,
2024-04-28,746967,0.348983,0.454510
2024-04-28,747045,0.374906,0.477667
2024-04-28,747125,0.331746,0.383075
2024-04-29,744945,0.417905,0.387276
2024-04-29,745263,0.392842,0.392370
2024-04-29,745427,0.457264,0.421770
2024-04-29,745672,0.383957,0.433390
2024-04-29,745832,0.357432,0.389199
2024-04-29,745999,0.364865,0.376779
2024-04-29,746074,0.452185,0.377388
2024-04-29,746236,0.414435,0.503961
2024-04-29,746481,,
2024-04-29,746804,0.378497,0.330848
2024-04-29,747046,0.414095,0.477084
2024-04-29,747211,0.481402,0.392779
2024-04-30,744942,0.413291,0.345292
2024-04-30,745018,0.402525,
2024-04-30,745260,0.393250,0.387125
2024-04-30,745426,0.461970,0.422284
2024-04-30,745673,0.347874,0.385428
2024-04-30,745831,,0.390261
2024-04-30,745997,0.357744,0.425449
2024-04-30,746073,0.398522,0.395868
2024-04-30,746239,0.414219,0.453028
2024-04-30,746398,0.328845,0.377696
2024-04-30,746477,0.394729,
2024-04-30,746481,0.394729,
2024-04-30,746806,0.376664,
2024-04-30,746968,0.397306,0.450557
2024-04-30,747047,0.418454,0.460224
2024-04-30,747210,0.474529,0.377927
2024-05-01,744939,0.414335,0.346576
2024-05-01,745023,0.444633,0.383767
2024-05-01,745261,0.394111,0.391277
2024-05-01,745423,0.459396,0.418107
2024-05-01,745670,0.349716,0.394381
2024-05-01,745829,0.352399,0.392888
2024-05-01,745996,0.354927,0.371104
2024-05-01,746072,0.392780,0.392212
2024-05-01,746238,0.417088,0.452112
2024-05-01,746399,0.330112,0.379019
2024-05-01,746478,0.398683,0.405607
2024-05-01,746800,0.391523,
2024-05-01,746966,0.393960,
2024-05-01,747048,0.421273,0.476263
2024-05-01,747207,0.416469,0.373966
2024-05-02,745021,0.446412,0.380112
2024-05-02,745830,0.346394,0.425884
2024-05-02,746070,0.394247,0.387869
2024-05-02,746403,0.328641,0.375963
2024-05-02,746969,0.337087,0.433044
2024-05-02,747044,0.423538,0.450177
2024-05-03,744868,0.348201,0.423329
2024-05-03,745101,0.414654,0.314290
2024-05-03,745187,,0.410539
2024-05-03,745510,0.391625,0.378227
2024-05-03,745589,0.395959,0.415680
2024-05-03,745665,,0.385200
2024-05-03,745756,0.398798,0.423024
2024-05-03,745914,0.428935,0.377890
2024-05-03,746152,0.397368,0.470122
2024-05-03,746318,0.375505,0.413830
2024-05-03,746402,0.390229,0.440979
2024-05-03,746645,0.364294,0.326522
2024-05-03,746721,0.460121,0.444564
2024-05-03,746890,,0.344233
2024-05-03,747208,0.424638,
2024-05-04,744862,0.349985,0.452195
2024-05-04,745100,0.413080,0.355574
2024-05-04,745183,0.344903,0.414193
2024-05-04,745511,0.406577,0.380497
2024-05-04,745583,,0.429524
2024-05-04,745666,0.375197,0.386908
2024-05-04,745750,0.398363,0.421174
2024-05-04,745911,0.435433,0.372345
2024-05-04,746155,0.396051,0.463132
2024-05-04,746311,0.375882,0.412963
2024-05-04,746394,0.368511,0.436230
2024-05-04,746644,,0.325281
2024-05-04,746720,0.449206,0.440902
2024-05-04,746884,,0.340385
2024-05-04,747209,0.409545,0.370895
2024-05-05,744861,0.385000,0.412797
2024-05-05,745103,0.412038,0.357772
2024-05-05,745185,0.343097,0.412400
2024-05-05,745504,0.390019,0.342102
2024-05-05,745587,0.364046,0.429018
2024-05-05,745667,0.376129,0.371211
2024-05-05,745751,,0.417607
2024-05-05,745913,0.417535,0.371873
2024-05-05,746153,0.392900,0.468712
2024-05-05,746314,0.370634,0.408276
2024-05-05,746395,0.392718,0.432142
2024-05-05,746643,0.381094,0.326316
2024-05-05,746719,0.445155,0.452593
2024-05-05,746883,,0.341275
2024-05-05,747206,0.410297,
2024-05-06,745098,0.347509,
2024-05-06,745182,0.409109,
2024-05-06,745509,0.380879,0.376428
2024-05-06,745585,0.381138,0.434776
2024-05-06,745669,0.371999,0.456700
2024-05-06,745912,0.391655,0.422480
2024-05-06,746149,0.411230,0.470452
2024-05-06,746313,0.378925,0.406222
2024-05-06,746639,0.409896,0.330944
2024-05-06,746886,0.407637,0.344108
2024-05-07,744859,0.450583,0.416500
2024-05-07,745095,0.345346,
2024-05-07,745186,0.408967,0.406042
2024-05-07,745508,0.336618,0.383934
2024-05-07,745586,0.391882,0.391574
2024-05-07,745668,0.380235,0.427624
2024-05-07,745752,0.429020,0.424267
2024-05-07,745915,0.387770,0.414891
2024-05-07,746147,0.407142,0.474595
2024-05-07,746315,,0.402185
2024-05-07,746559,0.384260,0.406701
2024-05-07,746638,,0.328649
2024-05-07,746718,0.366089,
2024-05-07,746885,0.425671,0.350261
2024-05-07,747126,0.436019,0.387795
2024-05-08,744858,0.440672,0.411971
2024-05-08,745097,0.367565,0.322723
2024-05-08,745184,,
2024-05-08,745507,,0.424890
2024-05-08,745584,0.353786,0.442004
2024-05-08,745659,0.376637,0.418885
2024-05-08,745664,0.384154,0.367989
2024-05-08,745749,0.433038,0.423246
2024-05-08,745906,0.391025,0.433293
2024-05-08,746151,0.408636,0.474608
2024-05-08,746312,0.422344,0.402350
2024-05-08,746562,0.383485,0.372330
2024-05-08,746640,0.460666,0.327777
2024-05-08,746717,0.371661,0.424752
2024-05-08,746879,0.403837,0.356075
2024-05-08,747127,0.408127,0.389683
2024-05-09,745748,0.434028,0.431261
2024-05-09,745910,0.417207,0.428625
2024-05-09,745995,0.360665,0.416799
2024-05-09,746241,0.413003,0.383255
2024-05-09,746563,0.405115,0.374558
2024-05-09,746715,0.367514,
2024-05-09,746802,0.311968,0.375470
2024-05-10,744940,0.402580,0.384301
2024-05-10,745094,0.437954,
2024-05-10,745264,0.430341,0.397866
2024-05-10,745340,,0.374002
2024-05-10,745421,0.476160,0.406264
2024-05-10,745506,0.347287,0.419953
2024-05-10,745827,0.387776,0.416063
2024-05-10,745993,,0.421284
2024-05-10,746071,0.432196,
2024-05-10,746240,0.416250,0.372676
2024-05-10,746479,0.437438,0.405789
2024-05-10,746553,0.379795,0.378986
2024-05-10,746801,0.325459,0.377445
2024-05-10,746964,0.406842,0.423346
2024-05-10,747043,0.368956,0.448994
2024-05-11,744943,0.422866,0.389461
2024-05-11,745096,0.441737,0.326842
2024-05-11,745262,0.356749,0.400698
2024-05-11,745344,,0.399674
2024-05-11,745422,0.473593,0.390381
2024-05-11,745505,0.402751,0.378164
2024-05-11,745828,0.393619,0.418587
2024-05-11,745994,0.381069,0.391749
2024-05-11,746069,0.377120,0.405046
2024-05-11,746232,0.416715,
2024-05-11,746480,0.411147,0.412229
2024-05-11,746554,0.386486,0.410242
2024-05-11,746797,0.329683,0.380941
2024-05-11,746963,0.401329,0.400487
2024-05-11,747041,0.371485,0.446446
2024-05-12,744941,0.444107,0.358039
2024-05-12,745092,0.442716,
2024-05-12,745255,0.360246,0.383027
2024-05-12,745345,,0.415985
2024-05-12,745419,0.406817,0.405072
2024-05-12,745499,0.376896,0.429727
2024-05-12,745825,0.390140,0.380199
2024-05-12,745990,,0.418442
2024-05-12,746068,0.376625,0.400719
2024-05-12,746234,0.432799,
2024-05-12,746476,0.438688,0.404725
2024-05-12,746555,0.380243,0.380010
2024-05-12,746798,0.317471,0.362709
2024-05-12,746965,0.400795,
2024-05-12,747042,0.377264,0.445103
2024-05-13,745019,0.315023,0.380517
2024-05-13,745256,0.408101,0.397256
2024-05-13,745343,0.465957,0.350191
2024-05-13,745420,0.382215,0.408425
2024-05-13,745826,0.378341,0.420672
2024-05-13,745991,0.426685,0.421596
2024-05-13,746233,,0.417580
2024-05-13,746393,0.441217,0.431695
2024-05-13,746471,0.384598,0.404319
2024-05-13,746799,,
2024-05-13,746961,,0.375742
2024-05-13,747040,0.397422,0.438311
2024-05-13,747128,0.391328,0.436859
2024-05-13,747204,0.410783,0.377207
2024-05-14,745014,0.317149,0.380130
2024-05-14,745257,0.406258,0.412565
2024-05-14,745342,0.464067,0.352829
2024-05-14,745418,0.386060,0.405501
2024-05-14,745821,0.387653,0.416209
2024-05-14,745909,0.451528,0.411299
2024-05-14,745989,0.433938,0.425268
2024-05-14,746235,0.358531,
2024-05-14,746396,0.439006,0.430252
2024-05-14,746473,0.383343,0.394810
2024-05-14,746796,0.374496,0.366201
2024-05-14,746799,0.361688,0.356700
2024-05-14,746962,,0.378173
2024-05-14,747039,,
2024-05-14,747124,,0.436269
2024-05-14,747205,,0.353879
2024-05-15,745015,0.317106,0.379485
2024-05-15,745259,0.380076,0.409249
2024-05-15,745341,0.468416,0.353248
2024-05-15,745417,0.389157,0.422741
2024-05-15,745582,0.406674,0.441409
2024-05-15,745908,0.450058,0.423093
2024-05-15,745992,0.389821,0.389874
2024-05-15,746231,,
2024-05-15,746397,0.421554,0.425948
2024-05-15,746472,0.380228,0.402827
2024-05-15,746795,0.356312,0.370648
2024-05-15,746960,,0.374535
2024-05-15,747038,0.362410,0.434072
2024-05-15,747123,0.390986,0.424371
2024-05-15,747203,,0.368811
2024-05-16,745580,0.386713,0.443513
2024-05-16,745907,0.460082,0.427115
2024-05-16,746150,,0.470199
2024-05-16,746391,0.429583,0.420541
2024-05-16,746881,0.394696,0.395371
2024-05-16,746959,0.370601,0.393672
2024-05-17,744934,0.379933,0.360892
2024-05-17,745016,0.359536,0.379297
2024-05-17,745178,0.388930,0.385705
2024-05-17,745335,0.389462,0.377815
2024-05-17,745579,0.377545,0.441200
2024-05-17,745747,0.366775,0.466294
2024-05-17,746065,0.384191,0.379895
2024-05-17,746148,0.404557,0.465848
2024-05-17,746310,0.427452,0.404877
2024-05-17,746388,0.427386,0.407070
2024-05-17,746641,0.419879,0.316844
2024-05-17,746878,0.428371,0.351647
2024-05-17,747037,0.366451,0.440549
2024-05-17,747122,0.393745,0.437921
2024-05-17,747201,0.403271,0.368066
2024-05-18,744938,0.334144,0.393068
2024-05-18,745013,0.359497,0.376462
2024-05-18,745177,0.389536,0.390229
2024-05-18,745339,0.416566,0.320659
2024-05-18,745581,0.354635,0.433224
2024-05-18,745744,0.373157,0.473862
2024-05-18,746067,0.405884,0.376737
2024-05-18,746142,0.399493,0.469533
2024-05-18,746308,0.426870,0.402447
2024-05-18,746389,0.423858,0.420377
2024-05-18,746642,0.408298,0.316875
2024-05-18,746882,0.394139,
2024-05-18,747036,0.435313,0.439956
2024-05-18,747121,,
2024-05-18,747202,0.399395,0.386519
2024-05-19,744937,0.373598,0.392072
2024-05-19,745012,,0.378219
2024-05-19,745179,0.428250,
2024-05-19,745336,0.391835,0.387848
2024-05-19,745577,0.356910,0.405236
2024-05-19,745745,0.369547,0.480403
2024-05-19,746064,0.401499,0.383776
2024-05-19,746144,0.395113,0.461472
2024-05-19,746306,0.430531,0.430355
2024-05-19,746392,0.416215,0.420167
2024-05-19,746636,0.422708,0.319542
2024-05-19,746880,0.428259,0.381093
2024-05-19,747035,0.430973,0.456401
2024-05-19,747120,0.391223,0.434687
2024-05-19,747198,0.408735,0.385571
2024-05-20,744857,0.377818,0.387026
2024-05-20,744935,0.375779,0.424918
2024-05-20,745093,0.427401,0.356198
2024-05-20,745181,0.443927,0.389570
2024-05-20,745746,0.428940,0.478209
2024-05-20,746066,0.424853,0.386755
2024-05-20,746146,0.391517,0.458548
2024-05-20,746307,0.394447,0.408619
2024-05-20,746390,0.362520,0.421585
2024-05-20,746637,0.403867,0.320227
2024-05-20,747119,0.391108,0.430576
2024-05-20,747121,0.391108,0.430576
2024-05-21,744860,0.382184,0.388186
2024-05-21,744936,0.370095,0.425099
2024-05-21,745090,0.427120,
2024-05-21,745180,0.441856,0.386172
2024-05-21,745503,0.359868,0.433902
2024-05-21,745578,0.372715,0.432574
2024-05-21,745662,0.387561,0.431739
2024-05-21,745742,0.373486,0.477756
2024-05-21,746058,,
2024-05-21,746145,0.395796,0.458909
2024-05-21,746309,0.390662,0.407254
2024-05-21,746385,0.361552,0.420128
2024-05-21,746633,0.403106,0.320255
2024-05-21,746716,0.390765,
2024-05-21,746875,0.433209,0.377496
2024-05-22,744856,0.419419,0.384168
2024-05-22,744933,0.341996,0.382318
2024-05-22,745089,0.380807,0.358683
2024-05-22,745173,0.435738,0.386427
2024-05-22,745180,0.441856,0.386172
2024-05-22,745502,0.394044,0.382670
2024-05-22,745576,0.379326,0.441822
2024-05-22,745661,0.394223,0.433565
2024-05-22,745743,0.357827,0.474528
2024-05-22,746063,,0.386212
2024-05-22,746143,0.401279,0.456397
2024-05-22,746304,0.372145,0.418599
2024-05-22,746386,0.368966,0.421723
2024-05-22,746634,0.401031,0.321664
2024-05-22,746712,0.389926,
2024-05-22,746876,0.427779,0.364080
2024-05-23,745500,0.399083,0.379944
2024-05-23,745573,0.353076,0.444739
2024-05-23,745660,0.397879,0.433508
2024-05-23,745741,0.354952,0.478351
2024-05-23,746474,0.417298,0.399277
2024-05-23,746714,0.390796,
2024-05-23,746792,0.432671,0.337704
2024-05-23,746874,0.424896,0.375165
2024-05-24,744853,0.349073,0.366687
2024-05-24,745087,0.420106,0.353199
2024-05-24,745175,,
2024-05-24,745415,0.482407,0.391561
2024-05-24,745501,0.422383,0.387127
2024-05-24,745663,0.417903,0.433241
2024-05-24,745822,0.389057,0.402997
2024-05-24,745905,0.379525,0.425576
2024-05-24,746227,0.324419,0.362849
2024-05-24,746475,0.388144,0.385062
2024-05-24,746558,0.446213,0.353125
2024-05-24,746713,0.456728,0.385025
2024-05-24,746793,0.438740,0.379919
2024-05-24,746956,0.404507,0.382517
2024-05-24,747200,0.387510,0.375144
2024-05-25,744851,0.355134,0.368210
2024-05-25,745086,0.421930,0.377325
2024-05-25,745176,0.372253,0.384621
2024-05-25,745411,0.484687,0.389525
2024-05-25,745493,0.423363,0.385823
2024-05-25,745658,0.415764,0.436187
2024-05-25,745823,0.370953,0.409689
2024-05-25,745901,0.382467,0.391086
2024-05-25,746226,0.324465,0.366050
2024-05-25,746470,0.401511,0.382336
2024-05-25,746556,0.408110,0.388891
2024-05-25,746710,0.452620,
2024-05-25,746794,0.433169,0.387554
2024-05-25,746958,0.410514,0.418955
2024-05-25,747199,,0.399504
2024-05-26,744855,0.373652,0.365058
2024-05-26,745088,0.420163,0.333791
2024-05-26,745172,0.377128,0.371443
2024-05-26,745413,0.487586,0.390939
2024-05-26,745498,0.423683,0.387879
2024-05-26,745653,0.409894,
2024-05-26,745824,0.371297,0.407262
2024-05-26,745902,0.381631,0.426172
2024-05-26,746230,0.324825,0.366466
2024-05-26,746469,0.415710,0.372960
2024-05-26,746557,0.440546,0.409459
2024-05-26,746711,0.450884,
2024-05-26,746789,0.417912,0.386118
2024-05-26,746957,0.412977,0.410315
2024-05-26,747197,,0.371842
2024-05-27,745254,0.410798,0.371100
2024-05-27,745338,0.438112,0.378531
2024-05-27,745416,0.384010,0.386694
2024-05-27,745816,,
2024-05-27,745904,0.419569,0.414037
2024-05-27,745986,0.357744,0.433828
2024-05-27,746549,0.325264,0.387205
2024-05-27,746708,0.377780,
2024-05-27,746788,0.414856,0.348132
2024-05-27,747034,0.390597,0.432818
2024-05-27,747118,0.374157,0.428068
2024-05-28,745017,0.401673,0.383149
2024-05-28,745091,0.434434,0.368324
2024-05-28,745258,0.408515,0.376819
2024-05-28,745337,0.437546,0.342318
2024-05-28,745412,0.387619,0.387405
2024-05-28,745816,0.399225,0.408463
2024-05-28,745818,0.448425,0.408463
2024-05-28,745903,0.440352,0.383934
2024-05-28,745987,0.370853,0.406726
2024-05-28,746229,0.487351,0.365614
2024-05-28,746468,,
2024-05-28,746552,0.326639,0.385828
2024-05-28,746709,0.390538,
2024-05-28,746791,0.406514,0.342134
2024-05-28,747033,0.407589,0.427775
2024-05-28,747115,0.364438,0.445289
2024-05-29,745011,0.401364,0.358725
2024-05-29,745084,0.435845,0.350743
2024-05-29,745250,0.407346,0.370488
2024-05-29,745333,0.450547,
2024-05-29,745414,0.387696,0.390502
2024-05-29,745817,0.447189,0.403996
2024-05-29,745900,0.438064,0.430334
2024-05-29,745988,0.373138,0.412491
2024-05-29,746228,0.486091,0.370950
2024-05-29,746467,0.389725,0.394894
2024-05-29,746468,0.389725,0.394894
2024-05-29,746551,0.326897,0.408539
2024-05-29,746706,0.392899,
2024-05-29,746790,0.382250,
2024-05-29,747031,0.413689,0.431871
2024-05-29,747117,0.379247,0.427697
2024-05-30,745081,0.437023,0.331144
2024-05-30,745249,0.407771,0.372272
2024-05-30,745819,,
2024-05-30,745898,0.415139,0.379586
2024-05-30,745985,0.362660,0.407185
2024-05-30,746225,0.485077,0.368615
2024-05-30,746954,0.386404,0.410812
2024-05-30,747114,0.370812,0.445389
2024-05-31,744928,0.392090,0.403213
2024-05-31,745253,0.370304,0.372903
2024-05-31,745331,0.487450,0.340576
2024-05-31,745574,,0.439428
2024-05-31,745820,0.401903,0.410764
2024-05-31,745983,0.350395,0.403668
2024-05-31,746059,0.381420,0.365977
2024-05-31,746140,0.384955,0.445628
2024-05-31,746303,0.388827,0.417046
2024-05-31,746387,0.422049,0.407411
2024-05-31,746635,0.380243,0.333944
2024-05-31,746877,,0.375438
2024-05-31,746955,0.393023,0.389156
2024-05-31,747032,0.334022,0.427085
2024-05-31,747116,0.436912,0.429308
2024-06-01,744932,0.387011,0.374680
2024-06-01,745251,0.366748,0.370437
2024-06-01,745332,0.489256,0.340643
2024-06-01,745575,,0.438233
2024-06-01,745812,0.361413,0.410963
2024-06-01,745980,0.414970,0.408519
2024-06-01,746062,0.372460,0.385213
2024-06-01,746138,0.387193,0.442057
2024-06-01,746305,0.392685,0.418985
2024-06-01,746384,0.380327,0.403590
2024-06-01,746629,0.342192,0.348013
2024-06-01,746870,0.378659,0.372473
2024-06-01,746952,0.401622,0.365782
2024-06-01,747029,0.329968,0.423154
2024-06-01,747111,,0.442936
2024-06-02,744929,0.389795,0.398232
2024-06-02,745252,0.371109,0.378156
2024-06-02,745330,0.493944,0.359494
2024-06-02,745572,0.367016,0.404105
2024-06-02,745813,0.366093,0.411295
2024-06-02,745984,0.367767,0.402311
2024-06-02,746061,0.375685,0.414245
2024-06-02,746141,0.386571,0.438528
2024-06-02,746301,0.398039,0.420019
2024-06-02,746383,0.398536,0.385937
2024-06-02,746632,0.364841,0.333601
2024-06-02,746871,,0.359600
2024-06-02,746953,0.400460,0.366392
2024-06-02,747030,0.331370,0.432683
2024-06-02,747110,0.372718,0.447791
2024-06-03,744854,0.409564,0.353711
2024-06-03,744930,0.434339,0.395859
2024-06-03,745009,0.385784,0.372635
2024-06-03,745569,0.400666,0.438756
2024-06-03,746224,0.407902,0.365049
2024-06-03,746382,0.372995,0.409209
2024-06-03,746548,0.350555,0.355902
2024-06-03,747194,0.412316,0.404852
2024-06-04,744850,0.408659,0.371055
2024-06-04,744931,0.432142,0.394538
2024-06-04,745010,0.399082,0.379467
2024-06-04,745497,0.437923,0.390497
2024-06-04,745568,0.408297,0.434406
2024-06-04,745656,0.377071,0.360619
2024-06-04,745739,0.411818,0.497809
2024-06-04,746060,0.329843,0.393621
2024-06-04,746222,0.396491,0.364530
2024-06-04,746380,0.372579,0.362404
2024-06-04,746550,0.378426,0.383692
2024-06-04,746630,0.418483,0.343159
2024-06-04,746872,,0.362556
2024-06-04,746949,0.447039,0.398997
2024-06-04,747196,0.406073,0.362571
2024-06-05,744852,0.410641,0.385501
2024-06-05,744927,0.434441,0.365511
2024-06-05,745007,,
2024-06-05,745494,0.439600,0.389567
2024-06-05,745570,0.392588,0.409404
2024-06-05,745654,0.376903,0.354040
2024-06-05,745740,0.375885,0.495730
2024-06-05,746056,0.359748,0.385709
2024-06-05,746221,0.398705,0.363895
2024-06-05,746379,0.375493,0.388252
2024-06-05,746544,0.359646,0.384668
2024-06-05,746628,,
2024-06-05,746873,,0.380371
2024-06-05,746950,0.444609,0.415346
2024-06-05,747195,0.372933,0.376894
2024-06-06,744844,0.424927,0.383276
2024-06-06,744923,0.416282,0.390173
2024-06-06,745174,0.384645,0.372455
2024-06-06,745408,0.408063,0.396618
2024-06-06,745495,0.439757,0.378866
2024-06-06,745657,0.368484,0.348874
2024-06-06,745738,0.425803,0.495576
2024-06-06,746631,0.422386,0.342613
2024-06-06,746707,0.377773,0.364751
2024-06-06,746784,0.417927,
2024-06-07,744845,0.444057,0.393969
2024-06-07,745008,0.441127,0.339729
2024-06-07,745083,0.435752,0.343571
2024-06-07,745169,0.385230,0.375973
2024-06-07,745406,0.406864,0.398834
2024-06-07,745496,,0.347554
2024-06-07,745655,0.390578,0.344904
2024-06-07,745737,0.442901,0.436050
2024-06-07,746053,0.351941,
2024-06-07,746220,0.358323,0.362562
2024-06-07,746302,0.366103,0.423659
2024-06-07,746466,0.390812,0.396261
2024-06-07,746704,0.372284,0.381110
2024-06-07,746785,0.401700,
2024-06-08,744848,0.423909,0.392966
2024-06-08,745001,0.372208,0.360893
2024-06-08,745082,0.435184,0.361962
2024-06-08,745166,0.359200,0.376744
2024-06-08,745410,0.381089,0.400299
2024-06-08,745492,,0.383756
2024-06-08,745652,,0.421898
2024-06-08,745735,0.440872,0.436092
2024-06-08,745814,0.431715,0.414574
2024-06-08,746057,0.342476,0.390125
2024-06-08,746223,0.357620,0.360320
2024-06-08,746300,0.375708,0.422223
2024-06-08,746461,0.392714,0.380716
2024-06-08,746703,0.364885,0.365756
2024-06-08,746786,0.416564,
2024-06-09,744849,0.420896,0.397300
2024-06-09,745003,0.405014,0.362180
2024-06-09,745085,0.435054,0.357051
2024-06-09,745167,0.389986,0.374602
2024-06-09,745407,0.403487,0.399894
2024-06-09,745491,0.396209,0.383512
2024-06-09,745571,0.415833,0.435838
2024-06-09,745651,,0.424654
2024-06-09,745736,0.438901,0.435910
2024-06-09,746054,0.337166,0.387030
2024-06-09,746216,0.361617,
2024-06-09,746297,0.365476,0.422408
2024-06-09,746463,0.396008,0.356855
2024-06-09,746705,0.375282,0.373522
2024-06-09,746787,0.413317,0.410635
2024-06-10,745080,0.437244,0.358582
2024-06-10,745248,0.399814,0.381365
2024-06-10,745334,0.363117,0.426575
2024-06-10,745409,0.422117,0.400632
2024-06-10,745897,0.340223,
2024-06-10,745982,,0.385309
2024-06-10,746295,0.404571,0.438765
2024-06-11,745077,0.376512,0.346437
2024-06-11,745170,0.383177,0.378592
2024-06-11,745244,0.472839,0.382826
2024-06-11,745327,0.361247,0.419439
2024-06-11,745404,0.422230,0.398981
2024-06-11,745815,0.386712,0.413063
2024-06-11,745899,0.362561,
2024-06-11,745981,,0.371930
2024-06-11,746139,0.356660,0.434335
2024-06-11,746296,0.492808,0.418295
2024-06-11,746464,0.394683,0.366044
2024-06-11,746702,0.338030,0.359631
2024-06-11,746951,0.414127,0.397562
2024-06-11,747027,0.361687,0.422140
2024-06-11,747190,,0.361224
2024-06-12,745079,0.406559,0.346206
2024-06-12,745171,0.381671,0.380278
2024-06-12,745246,0.348659,0.378156
2024-06-12,745328,0.359792,0.384949
2024-06-12,745405,0.344950,0.399469
2024-06-12,745811,0.377477,0.409134
2024-06-12,745896,0.363182,
2024-06-12,745978,,0.383079
2024-06-12,746137,0.399753,0.438951
2024-06-12,746294,0.495137,0.415279
2024-06-12,746462,0.392029,0.393023
2024-06-12,746701,0.336279,0.355556
2024-06-12,746948,0.420708,0.434759
2024-06-12,747028,0.416727,0.434419
2024-06-12,747193,0.336674,0.399915
2024-06-13,745075,0.374093,0.352924
2024-06-13,745168,0.396665,0.378439
2024-06-13,745245,0.411662,0.374333
2024-06-13,745809,0.384967,0.440075
2024-06-13,745894,0.424634,0.443756
2024-06-13,746136,0.358390,0.439949
2024-06-13,746299,0.491340,0.411531
2024-06-13,746465,0.392999,0.361223
2024-06-13,746944,0.418949,0.421988
2024-06-13,747026,0.415636,0.423055
2024-06-13,747192,0.360122,0.398924
2024-06-14,744847,0.383989,0.390746
2024-06-14,744924,0.338806,0.385141
2024-06-14,745247,0.399317,0.393626
2024-06-14,745326,0.359668,0.426802
2024-06-14,745810,0.398329,0.443477
2024-06-14,745892,0.425828,0.403390
2024-06-14,745979,0.360599,0.380250
2024-06-14,746134,0.409623,0.439479
2024-06-14,746378,0.394777,0.363035
2024-06-14,746545,0.417451,0.363682
2024-06-14,746869,0.378427,0.371228
2024-06-14,746947,0.490444,0.426973
2024-06-14,747025,0.419852,0.418943
2024-06-14,747112,0.345775,0.415272
2024-06-14,747191,0.451723,0.402472
2024-06-15,744846,0.354374,0.392342
2024-06-15,744925,0.359219,
2024-06-15,745241,0.397935,0.378873
2024-06-15,745329,0.358839,0.392421
2024-06-15,745805,0.398051,0.442486
2024-06-15,745891,,
2024-06-15,745976,0.368565,0.391333
2024-06-15,746135,0.407319,0.437305
2024-06-15,746381,0.393813,0.362131
2024-06-15,746547,0.422248,0.395493
2024-06-15,746865,0.374784,0.369447
2024-06-15,746946,0.486590,0.438426
2024-06-15,747024,0.422970,0.428752
2024-06-15,747113,0.345483,0.421828
2024-06-15,747187,0.443888,0.405997
2024-06-16,744839,0.400302,0.377637
2024-06-16,744926,0.334620,
2024-06-16,745242,0.395951,0.381982
2024-06-16,745321,,0.437036
2024-06-16,745807,0.395761,0.446829
2024-06-16,745891,0.340410,0.431783
2024-06-16,745895,0.424624,0.417532
2024-06-16,745977,0.371864,0.378061
2024-06-16,746130,0.407099,0.435695
2024-06-16,746377,0.397910,0.361332
2024-06-16,746546,0.438840,0.394411
2024-06-16,746866,0.374953,0.368608
2024-06-16,746945,0.485346,0.398881
2024-06-16,747023,0.420601,0.427602
2024-06-16,747109,0.347048,0.427727
2024-06-16,747189,0.440481,0.401127
2024-06-17,744918,0.438499,0.381511
2024-06-17,745005,0.449032,0.365471
2024-06-17,745490,0.371759,0.440901
2024-06-17,745567,0.395061,0.423551
2024-06-17,746055,0.316161,0.381090
2024-06-17,746215,0.362144,0.368228
2024-06-17,746543,0.443173,0.367301
2024-06-17,746868,0.438914,0.366731
2024-06-17,747108,0.354875,0.422903
2024-06-18,744843,0.399807,0.394138
2024-06-18,744917,0.410736,
2024-06-18,745004,0.455342,0.370442
2024-06-18,745488,0.386556,0.388859
2024-06-18,745563,0.370725,0.426720
2024-06-18,745650,0.405286,0.349371
2024-06-18,745733,0.418694,0.485465
2024-06-18,745893,0.349405,0.434868
2024-06-18,746049,0.372477,0.380968
2024-06-18,746217,0.375230,0.355587
2024-06-18,746542,0.441197,0.357973
2024-06-18,746627,0.382767,0.339587
2024-06-18,746783,0.337067,0.443380
2024-06-18,746867,0.411948,0.361886
2024-06-18,747107,0.394765,0.425688
2024-06-19,744842,0.365062,0.362187
2024-06-19,744920,0.429964,0.388045
2024-06-19,745002,0.453490,0.363355
2024-06-19,745489,0.400745,0.443144
2024-06-19,745561,0.394963,0.411405
2024-06-19,745646,0.404085,0.349510
2024-06-19,745732,0.431957,0.447575
2024-06-19,745887,0.354389,0.431162
2024-06-19,746050,0.379339,0.396003
2024-06-19,746219,0.383179,0.357787
2024-06-19,746538,0.471874,0.417983
2024-06-19,746625,0.385168,0.336618
2024-06-19,746781,0.318985,0.437696
2024-06-19,746864,0.434209,0.357095
2024-06-19,747106,0.386669,0.424805
2024-06-20,744841,0.377495,0.363831
2024-06-20,745164,0.432600,0.377509
2024-06-20,745401,0.375018,0.395089
2024-06-20,745645,0.388511,0.346906
2024-06-20,745734,0.430469,0.483620
2024-06-20,745889,0.353025,0.422006
2024-06-20,746539,0.441532,0.397161
2024-06-20,746626,0.379885,0.337464
2024-06-20,746782,0.361709,0.436514
2024-06-21,745006,0.400067,0.367667
2024-06-21,745403,0.376113,0.398152
2024-06-21,745483,0.355943,0.440801
2024-06-21,745562,0.356322,0.428623
2024-06-21,745649,0.402997,0.342880
2024-06-21,745729,0.424870,0.486628
2024-06-21,746052,0.381686,0.382260
2024-06-21,746131,0.356963,0.473484
2024-06-21,746375,0.421579,0.363270
2024-06-21,746460,0.396752,0.390789
2024-06-21,746540,0.397342,0.417070
2024-06-21,746624,0.394422,0.338190
2024-06-21,746698,0.427670,0.368183
2024-06-21,746861,0.450182,0.357196
2024-06-22,744997,0.388996,0.367196
2024-06-22,745163,0.426008,0.378276
2024-06-22,745402,0.375171,0.363401
2024-06-22,745486,0.369151,0.441119
2024-06-22,745564,0.398912,0.432008
2024-06-22,745644,0.420933,0.348909
2024-06-22,745731,0.430137,0.484869
2024-06-22,746048,0.364636,0.385146
2024-06-22,746132,0.356322,0.446803
2024-06-22,746376,0.423895,0.365088
2024-06-22,746459,0.410783,0.388849
2024-06-22,746541,0.394903,0.415303
2024-06-22,746622,0.373635,0.337100
2024-06-22,746700,0.387794,0.374356
2024-06-22,746863,0.454306,0.362634
2024-06-23,745000,0.384308,0.367787
2024-06-23,745165,0.421804,0.386417
2024-06-23,745396,,0.374437
2024-06-23,745485,0.390979,0.407549
2024-06-23,745566,0.365653,0.432714
2024-06-23,745648,0.422047,0.346865
2024-06-23,745727,0.428791,0.483639
2024-06-23,746051,0.385401,0.385459
2024-06-23,746373,0.396814,0.347897
2024-06-23,746457,0.364932,0.389509
2024-06-23,746536,0.361305,0.415199
2024-06-23,746621,0.379423,0.335725
2024-06-23,746699,0.441343,0.374913
2024-06-23,746862,0.454383,0.360629
2024-06-24,745078,0.386374,0.395265
2024-06-24,745160,0.427326,0.408664
2024-06-24,745323,0.354725,0.392772
2024-06-24,745397,0.395240,0.370286
2024-06-24,745974,0.371322,0.374297
2024-06-24,746218,0.406579,0.355793
2024-06-24,746298,0.400568,0.395719
2024-06-24,746458,0.430920,0.391467
2024-06-24,746696,0.442384,0.397134
2024-06-24,746780,0.446563,0.420687
2024-06-24,746941,0.398289,0.397386
2024-06-24,747021,0.338724,0.422307
2024-06-25,745076,0.414864,0.392187
2024-06-25,745157,,
2024-06-25,745322,0.356850,0.418914
2024-06-25,745399,0.394541,0.370369
2024-06-25,745806,0.484235,0.454545
2024-06-25,745973,0.369989,0.378878
2024-06-25,746213,0.346227,0.357777
2024-06-25,746293,0.386310,0.395307
2024-06-25,746372,0.413508,0.368407
2024-06-25,746454,0.430895,0.357217
2024-06-25,746697,0.441774,0.397965
2024-06-25,746775,0.444024,0.399254
2024-06-25,746943,0.414215,0.404731
2024-06-25,747022,0.340865,0.395580
2024-06-25,747188,0.429835,0.398934
2024-06-26,745073,0.382173,0.392264
2024-06-26,745157,0.428123,0.406353
2024-06-26,745158,0.428123,0.406353
2024-06-26,745325,0.355543,0.415458
2024-06-26,745400,0.393069,0.376156
2024-06-26,745808,0.489118,0.450797
2024-06-26,745975,0.329741,0.375165
2024-06-26,746212,0.381386,0.328407
2024-06-26,746291,0.384824,0.394836
2024-06-26,746374,0.410988,0.367171
2024-06-26,746456,0.430531,0.390935
2024-06-26,746695,0.440972,0.403834
2024-06-26,746777,0.471419,0.391588
2024-06-26,746942,0.408637,0.396943
2024-06-26,747019,0.341500,0.419957
2024-06-26,747184,0.424630,0.397531
2024-06-27,744919,0.491166,0.369679
2024-06-27,745162,0.404501,0.399305
2024-06-27,745324,0.354134,0.390217
2024-06-27,745565,0.386357,0.432922
2024-06-27,746210,0.392333,0.360208
2024-06-27,746288,0.372469,0.394130
2024-06-27,746816,0.429567,0.405475
2024-06-27,747020,0.369259,0.429379
2024-06-27,747185,0.408603,0.396105
2024-06-28,744922,0.488560,0.400884
2024-06-28,745070,0.391859,0.355571
2024-06-28,745161,0.404663,0.396706
2024-06-28,745238,0.399709,0.418178
2024-06-28,745319,0.444174,0.444032
2024-06-28,745560,0.378999,0.371792
2024-06-28,745804,0.364813,0.449283
2024-06-28,745970,0.354985,0.376897
2024-06-28,746214,0.402459,0.360816
2024-06-28,746292,0.370154,0.392332
2024-06-28,746776,0.409929,0.392834
2024-06-28,746939,0.374616,0.395991
2024-06-28,747017,0.369891,0.406565
2024-06-28,747105,0.439182,0.428524
2024-06-28,747183,0.401085,0.369028
2024-06-29,744921,,0.368333
2024-06-29,745071,0.389000,0.350493
2024-06-29,745159,0.402328,0.392376
2024-06-29,745239,0.398816,0.415795
2024-06-29,745317,0.442442,0.440693
2024-06-29,745559,0.384244,0.368678
2024-06-29,745801,0.366716,0.445029
2024-06-29,745972,0.354743,0.376341
2024-06-29,746211,0.399055,0.361534
2024-06-29,746289,0.337713,0.390699
2024-06-29,746778,0.357700,0.392694
2024-06-29,746940,0.373493,0.426589
2024-06-29,747018,0.368667,0.419542
2024-06-29,747104,0.384939,0.430324
2024-06-29,747186,0.402637,0.370945
2024-06-30,744916,0.489545,0.389106
2024-06-30,745072,0.390708,0.356043
2024-06-30,745154,0.398313,0.389350
2024-06-30,745243,0.386472,0.380612
2024-06-30,745320,0.470549,0.406399
2024-06-30,745555,0.396193,0.366210
2024-06-30,745802,0.368101,0.443549
2024-06-30,745971,0.356344,0.373680
2024-06-30,746209,0.370631,0.363271
2024-06-30,746290,0.374122,0.390301
2024-06-30,746779,0.355091,0.414605
2024-06-30,746938,0.372689,0.395869
2024-06-30,747016,0.326339,0.408964
2024-06-30,747101,0.436402,0.434519
2024-06-30,747182,0.401587,0.394629
2024-07-01,744840,0.419617,0.371915
2024-07-01,744914,0.375932,0.372113
2024-07-01,746535,0.379427,0.380173
2024-07-02,744838,0.408320,0.372808
2024-07-02,744913,0.368765,0.390537
2024-07-02,744999,0.371782,0.334480
2024-07-02,745240,0.421341,0.376766
2024-07-02,745482,0.387049,0.439068
2024-07-02,745647,0.363738,0.400213
2024-07-02,745730,0.401456,0.489440
2024-07-02,745886,0.370063,0.402518
2024-07-02,746047,0.432354,0.383555
2024-07-02,746133,0.397150,0.442706
2024-07-02,746282,0.355507,0.390254
2024-07-02,746537,0.374723,0.407691
2024-07-02,746623,0.395574,0.374144
2024-07-02,746860,0.370440,0.354814
2024-07-02,747102,0.437565,0.432881
2024-07-03,744837,0.448239,
2024-07-03,744915,0.369692,0.396366
2024-07-03,744998,0.371669,0.367736
2024-07-03,745234,0.417928,0.387839
2024-07-03,745487,0.387837,0.439171
2024-07-03,745643,0.363571,0.398174
2024-07-03,745728,0.402528,0.487722
2024-07-03,745888,0.383570,0.402836
2024-07-03,746045,0.440745,0.382193
2024-07-03,746128,0.393596,0.444237
2024-07-03,746283,0.359325,0.391437
2024-07-03,746534,0.373825,0.385831
2024-07-03,746617,0.398025,0.384216
2024-07-03,746858,0.375760,0.353375
2024-07-03,747100,0.404622,0.430315
2024-07-04,744834,0.397877,0.372970
2024-07-04,744912,0.372062,0.378486
2024-07-04,744996,0.380060,0.369349
2024-07-04,745236,,0.392944
2024-07-04,745484,0.389170,0.441376
2024-07-04,745641,0.371485,0.398502
2024-07-04,745726,0.399503,0.509160
2024-07-04,745890,0.388940,0.401325
2024-07-04,746043,0.426468,0.382086
2024-07-04,746126,0.394046,0.470444
2024-07-04,746285,0.362755,0.378058
2024-07-04,746532,0.370373,0.379685
2024-07-04,746619,0.397812,
2024-07-04,746857,0.375835,0.323824
2024-07-04,747103,0.440470,0.430886
2024-07-05,744836,0.388630,
2024-07-05,744992,0.366499,0.371681
2024-07-05,745237,0.392042,0.395146
2024-07-05,745398,0.395334,0.372813
2024-07-05,745479,0.446417,
2024-07-05,745639,0.427399,0.397991
2024-07-05,745725,0.434645,0.521014
2024-07-05,745884,0.373526,0.398756
2024-07-05,746046,0.396706,0.381087
2024-07-05,746127,0.378664,0.445093
2024-07-05,746533,0.390778,0.405378
2024-07-05,746620,0.439341,
2024-07-05,746693,0.390700,0.401438
2024-07-05,746859,0.368767,0.353731
2024-07-05,747097,0.373661,0.397313
2024-07-06,744835,0.390876,
2024-07-06,744995,0.359641,0.372096
2024-07-06,745235,0.364898,0.390601
2024-07-06,745395,0.345313,0.373031
2024-07-06,745476,0.444544,0.389490
2024-07-06,745642,0.406753,0.403719
2024-07-06,745724,0.396456,0.513098
2024-07-06,745885,0.368710,0.395112
2024-07-06,746044,0.398705,0.393588
2024-07-06,746129,0.385767,0.447973
2024-07-06,746529,0.391483,0.379187
2024-07-06,746615,0.399796,
2024-07-06,746694,0.351228,0.401347
2024-07-06,746856,,0.323703
2024-07-06,747099,0.380009,0.399051
2024-07-07,744832,0.390175,
2024-07-07,744993,0.361709,0.368172
2024-07-07,745233,0.390370,0.392825
2024-07-07,745391,0.357793,0.373715
2024-07-07,745477,0.442281,0.386142
2024-07-07,745637,0.407951,0.402448
2024-07-07,745723,0.422280,0.540083
2024-07-07,745883,0.346182,0.393112
2024-07-07,746039,0.414526,0.385261
2024-07-07,746122,0.386813,0.451099
2024-07-07,746530,0.384974,0.381040
2024-07-07,746616,0.437206,
2024-07-07,746691,0.350236,0.400010
2024-07-07,746855,0.363950,0.355220
2024-07-07,747098,0.379448,0.402335
2024-07-08,744833,0.392903,
2024-07-08,745480,0.397111,0.447030
2024-07-08,746208,0.368146,0.330229
2024-07-08,746455,,0.343122
2024-07-08,746692,0.379952,0.397884
2024-07-08,746771,0.391274,0.380838
2024-07-08,747181,0.401679,0.394240
2024-07-09,745074,0.533771,0.357683
2024-07-09,745155,,
2024-07-09,745316,0.385778,0.403245
2024-07-09,745393,0.375609,0.373705
2024-07-09,745557,0.450740,0.440480
2024-07-09,745803,,0.445076
2024-07-09,745968,,0.390531
2024-07-09,746206,0.370132,0.362239
2024-07-09,746368,0.378272,0.371921
2024-07-09,746451,,0.396747
2024-07-09,746690,0.401067,0.393581
2024-07-09,746773,,
2024-07-09,746937,0.400495,0.418989
2024-07-09,747014,0.355126,0.405630
2024-07-09,747180,0.404164,0.382285
2024-07-10,745069,0.479728,0.362081
2024-07-10,745155,0.392839,0.392273
2024-07-10,745156,0.384985,0.399390
2024-07-10,745318,0.395923,0.428381
2024-07-10,745394,0.374823,0.373396
2024-07-10,745556,0.468421,0.419197
2024-07-10,745796,,0.443767
2024-07-10,745969,0.402453,0.390769
2024-07-10,746205,0.370395,0.360515
2024-07-10,746366,0.394823,0.372289
2024-07-10,746453,,0.370515
2024-07-10,746689,0.400967,0.395298
2024-07-10,746772,0.392229,0.413415
2024-07-10,746773,,0.413415
2024-07-10,746934,0.401585,0.431417
2024-07-10,747015,0.356998,0.424819
2024-07-10,747179,0.404199,0.391729
2024-07-11,745065,0.477940,0.379339
2024-07-11,745313,0.395870,0.417385
2024-07-11,745558,0.449273,0.437507
2024-07-11,745799,0.402853,0.445251
2024-07-11,745967,0.449352,0.382335
2024-07-11,746204,0.386760,0.360268
2024-07-11,746452,0.355414,0.371731
2024-07-11,746688,0.399592,0.374297
2024-07-11,746935,0.401477,0.422980
2024-07-11,747011,0.393309,0.424104
2024-07-11,747178,0.404274,0.370902
2024-07-12,745064,0.348297,0.382916
2024-07-12,745153,0.392438,0.390358
2024-07-12,745312,0.369509,0.436555
2024-07-12,745390,0.403678,0.373257
2024-07-12,745552,0.402326,0.437067
2024-07-12,745800,0.378733,0.448350
2024-07-12,745965,0.397802,0.380545
2024-07-12,746207,0.396881,0.357232
2024-07-12,746371,0.368691,0.371760
2024-07-12,746450,0.447073,0.371134
2024-07-12,746685,0.379645,0.396762
2024-07-12,746774,0.384778,0.413383
2024-07-12,746936,0.382075,0.432946
2024-07-12,747012,0.480319,0.401000
2024-07-12,747175,0.396786,0.357134
2024-07-13,745067,0.342778,0.367085
2024-07-13,745152,0.391168,0.388536
2024-07-13,745175,0.391168,0.388536
2024-07-13,745311,0.380548,0.400439
2024-07-13,745392,0.401342,0.370806
2024-07-13,745549,0.399264,0.435826
2024-07-13,745798,0.380503,0.445980
2024-07-13,745963,,0.363734
2024-07-13,746202,0.425469,0.357433
2024-07-13,746369,0.368879,0.370976
2024-07-13,746447,0.464508,0.366978
2024-07-13,746687,0.394787,0.397154
2024-07-13,746766,0.446410,0.388857
2024-07-13,746930,0.382083,0.369598
2024-07-13,747013,0.478920,0.400635
2024-07-13,747177,0.393223,0.390540
2024-07-14,745066,0.342879,0.383462
2024-07-14,745151,0.394339,0.375939
2024-07-14,745314,0.389535,0.429657
2024-07-14,745385,0.400976,0.374133
2024-07-14,745551,0.361818,0.437559
2024-07-14,745797,0.382751,0.399633
2024-07-14,745962,0.408584,0.379455
2024-07-14,746201,0.393462,0.362112
2024-07-14,746370,0.369859,0.372344
2024-07-14,746449,0.449429,0.371196
2024-07-14,746686,0.380155,0.398746
2024-07-14,746769,0.445497,0.386505
2024-07-14,746932,0.379595,0.370795
2024-07-14,747009,0.528933,0.420990
2024-07-14,747176,0.393548,0.373139
2024-07-19,744829,0.398099,0.392393
2024-07-19,744911,0.371268,0.397449
2024-07-19,744990,0.401694,0.371270
2024-07-19,745228,0.370993,0.381193
2024-07-19,745481,0.435910,0.445578
2024-07-19,745640,0.355985,0.366205
2024-07-19,745721,0.370836,0.530430
2024-07-19,746040,0.445265,0.395112
2024-07-19,746123,0.421834,0.449146
2024-07-19,746284,0.388445,0.382116
2024-07-19,746531,0.429665,0.384300
2024-07-19,746618,0.372558,0.345727
2024-07-19,746854,0.376112,0.392377
2024-07-19,747093,,
2024-07-20,744830,0.397677,0.411673
2024-07-20,744910,0.370747,0.401747
2024-07-20,744994,0.405196,0.371271
2024-07-20,745229,0.371128,0.408398
2024-07-20,745478,0.434269,0.384236
2024-07-20,745638,0.355907,0.368632
2024-07-20,745720,0.318021,0.530452
2024-07-20,745880,0.380018,0.399043
2024-07-20,746041,0.444266,0.378614
2024-07-20,746121,0.430066,0.449355
2024-07-20,746286,0.387564,0.382106
2024-07-20,746527,0.381990,0.384213
2024-07-20,746613,0.372747,0.343611
2024-07-20,746852,0.392919,0.392172
2024-07-20,747093,0.388853,0.401014
2024-07-20,747096,0.388853,0.401014
2024-07-21,744831,0.397864,0.411178
2024-07-21,744909,0.361379,0.400990
2024-07-21,744991,0.403456,0.370486
2024-07-21,745230,0.369967,0.406544
2024-07-21,745470,0.433121,0.448398
2024-07-21,745633,0.354936,0.369758
2024-07-21,745722,0.371829,0.527241
2024-07-21,745882,0.374784,0.397230
2024-07-21,746042,0.445554,0.376578
2024-07-21,746125,0.423072,0.466445
2024-07-21,746287,0.397800,0.381803
2024-07-21,746528,0.428488,0.397423
2024-07-21,746610,0.373042,0.340753
2024-07-21,746853,0.389781,0.392378
2024-07-21,747094,0.386629,0.403981
2024-07-22,744988,0.390020,0.370795
2024-07-22,745232,0.355377,0.395441
2024-07-22,745473,0.389716,0.447690
2024-07-22,745635,0.373124,0.370615
2024-07-22,745717,0.324751,0.530117
2024-07-22,745881,0.432821,0.369777
2024-07-22,746034,0.445142,0.377275
2024-07-22,746124,0.431192,0.450575
2024-07-22,746280,0.374957,0.383594
2024-07-22,746526,0.396223,0.374355
2024-07-22,746612,0.372696,0.343146
2024-07-22,746850,0.378358,0.390707
2024-07-22,747095,0.397453,
2024-07-23,744828,0.362222,0.387937
2024-07-23,744904,0.366213,0.404935
2024-07-23,744985,0.390570,0.328753
2024-07-23,745227,0.357707,0.412125
2024-07-23,745475,0.390225,0.447323
2024-07-23,745632,0.374720,0.375752
2024-07-23,745715,0.443593,0.494681
2024-07-23,745878,0.432504,0.375402
2024-07-23,746036,0.404438,0.398837
2024-07-23,746118,0.429976,0.448126
2024-07-23,746281,0.393814,0.385329
2024-07-23,746524,0.396159,0.358563
2024-07-23,746614,0.378036,0.342197
2024-07-23,746848,0.378151,0.391047
2024-07-23,747090,,
2024-07-24,744824,0.361760,0.385161
2024-07-24,744905,0.370309,0.405836
2024-07-24,744989,0.389747,0.372286
2024-07-24,745231,0.362550,0.408955
2024-07-24,745472,0.388464,0.361794
2024-07-24,745634,0.375285,0.376770
2024-07-24,745716,0.441178,0.483308
2024-07-24,745877,0.430909,0.398712
2024-07-24,746035,0.403861,0.398984
2024-07-24,746119,0.426714,0.447996
2024-07-24,746279,0.394563,0.381567
2024-07-24,746525,0.400682,0.384084
2024-07-24,746611,0.371859,0.341657
2024-07-24,746851,0.371221,0.390047
2024-07-24,747090,,
2024-07-24,747091,0.396164,
2024-07-25,744827,0.368127,0.382404
2024-07-25,744907,0.367291,0.405399
2024-07-25,744984,0.410129,0.374872
2024-07-25,745794,0.474031,0.424901
2024-07-25,746037,0.424179,0.351276
2024-07-25,746117,0.423313,0.468345
2024-07-25,746199,0.435819,0.356796
2024-07-25,746609,0.366627,0.342377
2024-07-26,744906,0.370360,0.390760
2024-07-26,745068,0.406894,0.343749
2024-07-26,745146,0.381494,0.386869
2024-07-26,745315,0.418608,0.425377
2024-07-26,745554,0.339145,0.431359
2024-07-26,745792,0.472324,0.441271
2024-07-26,745964,0.378482,0.362650
2024-07-26,746200,0.373272,0.353044
2024-07-26,746277,0.390576,0.382514
2024-07-26,746361,0.462729,0.376138
2024-07-26,746448,0.397075,0.367860
2024-07-26,746767,0.422694,0.409816
2024-07-26,746933,0.484130,0.393944
2024-07-26,747010,0.370970,0.403714
2024-07-26,747174,0.420085,0.396883
2024-07-27,744908,0.373877,0.408086
2024-07-27,745059,0.406964,0.386780
2024-07-27,745150,0.381958,0.387166
2024-07-27,745307,0.394388,0.431245
2024-07-27,745310,0.376531,0.406840
2024-07-27,745553,0.340061,0.428016
2024-07-27,745793,0.473525,0.440584
2024-07-27,745966,0.368519,0.338596
2024-07-27,746203,0.434148,0.360466
2024-07-27,746278,0.388550,0.391743
2024-07-27,746362,0.429704,0.374992
2024-07-27,746446,0.409330,0.374349
2024-07-27,746768,0.423729,0.399571
2024-07-27,746931,0.484310,0.385705
2024-07-27,747006,0.373965,0.404229
2024-07-27,747171,0.420616,0.380053
2024-07-28,744902,0.371975,0.384195
2024-07-28,745145,0.424071,0.390068
2024-07-28,745305,0.376922,0.406672
2024-07-28,745550,0.337572,0.430034
2024-07-28,745795,0.460576,0.406698
2024-07-28,745961,0.367387,0.361990
2024-07-28,746195,0.371986,0.360569
2024-07-28,746274,0.378669,0.389097
2024-07-28,746364,0.452690,0.375397
2024-07-28,746445,0.460921,0.371167
2024-07-28,746770,0.427633,0.371813
2024-07-28,746929,0.489064,0.393056
2024-07-28,747008,0.372548,0.434765
2024-07-28,747173,0.398312,0.341924
2024-07-29,745147,0.374730,0.389594
2024-07-29,745547,0.487820,0.430706
2024-07-29,745791,0.415729,0.438067
2024-07-29,745959,0.471265,0.389519
2024-07-29,746360,0.426087,0.375307
2024-07-29,746444,0.338341,0.372974
2024-07-29,746684,0.388722,0.358338
2024-07-29,746765,0.388514,0.370085
2024-07-29,746928,0.421485,0.386931
2024-07-29,747007,0.403078,0.434898
2024-07-29,747039,0.403078,0.404402
2024-07-29,747172,0.362446,0.382972
2024-07-30,745060,0.362987,0.404468
2024-07-30,745149,0.373229,0.388794
2024-07-30,745309,0.433909,0.425304
2024-07-30,745389,0.430578,0.371194
2024-07-30,745546,0.489990,0.429133
2024-07-30,745787,0.414443,0.434452
2024-07-30,745958,0.469738,0.386767
2024-07-30,746197,0.383162,0.361849
2024-07-30,746365,0.444382,0.374020
2024-07-30,746441,0.361736,0.374197
2024-07-30,746683,0.426212,0.404441
2024-07-30,746763,0.387859,0.345645
2024-07-30,746926,0.419116,0.386872
2024-07-30,747005,0.373650,0.430480
2024-07-30,747167,0.412666,0.384069
2024-07-31,745061,,0.403576
2024-07-31,745148,0.371255,0.389352
2024-07-31,745306,0.372460,0.426035
2024-07-31,745386,0.430807,0.364967
2024-07-31,745543,0.489604,0.424783
2024-07-31,745789,0.400145,0.434649
2024-07-31,745960,0.470826,0.385430
2024-07-31,746198,0.378715,0.363564
2024-07-31,746363,0.378991,0.374548
2024-07-31,746678,0.380240,0.403655
2024-07-31,746764,0.387558,0.330113
2024-07-31,746925,0.393457,0.385130
2024-07-31,747003,0.413444,0.435195
2024-07-31,747170,0.408779,0.388639
2024-08-01,746196,0.380138,0.347100
2024-08-01,746442,0.387692,0.370168
2024-08-01,746607,0.431104,0.362891
2024-08-01,746849,0.406060,0.425392
2024-08-01,747092,0.400365,0.468568
2024-08-02,744825,0.363201,0.407319
2024-08-02,744986,0.403235,0.374389
2024-08-02,745224,0.426112,0.415290
2024-08-02,745387,0.378995,0.368459
2024-08-02,745471,0.401632,0.441675
2024-08-02,745631,0.430653,0.371296
2024-08-02,745719,0.410660,0.490387
2024-08-02,745875,0.344699,0.400825
2024-08-02,746193,0.434081,0.371417
2024-08-02,746354,0.363420,0.373616
2024-08-02,746443,0.389029,0.366521
2024-08-02,746605,0.437582,0.366503
2024-08-02,746679,0.401367,0.402136
2024-08-02,746845,0.385693,0.426479
2024-08-02,747089,0.401900,0.468207
2024-08-03,744823,0.362646,0.382895
2024-08-03,744987,0.410828,0.376554
2024-08-03,745225,0.423648,0.419073
2024-08-03,745388,0.397824,0.370996
2024-08-03,745474,0.405210,0.377917
2024-08-03,745636,0.453972,0.373045
2024-08-03,745714,0.418281,0.491469
2024-08-03,745876,0.338278,0.414789
2024-08-03,746194,0.430349,0.392104
2024-08-03,746358,0.402024,0.374354
2024-08-03,746440,0.387929,0.367182
2024-08-03,746608,0.408374,0.339498
2024-08-03,746681,0.423666,0.400856
2024-08-03,746846,0.385111,0.427645
2024-08-03,747087,0.399768,0.467867
2024-08-04,744826,0.388106,0.380372
2024-08-04,744979,0.388164,0.375714
2024-08-04,745222,0.424280,0.414580
2024-08-04,745384,0.392310,0.370363
2024-08-04,745468,0.403641,0.414298
2024-08-04,745627,0.453753,0.372407
2024-08-04,745718,0.398239,0.493625
2024-08-04,745879,0.355978,0.407134
2024-08-04,746191,0.431533,0.392408
2024-08-04,746356,0.374803,0.374312
2024-08-04,746439,0.388177,0.364999
2024-08-04,746606,0.436420,0.363293
2024-08-04,746680,0.426755,0.400085
2024-08-04,746844,0.402937,0.391677
2024-08-04,747088,0.376086,0.467649
2024-08-05,744821,0.392425,0.381209
2024-08-05,744982,0.374470,0.376984
2024-08-05,745184,0.400702,0.393064
2024-08-05,745628,0.393411,0.424841
2024-08-05,746038,0.398081,0.400605
2024-08-05,746116,0.426883,0.465183
2024-08-05,746276,0.388920,0.387581
2024-08-05,746600,0.380896,0.361414
2024-08-05,746847,0.412830,0.378910
2024-08-06,744817,0.455852,0.381443
2024-08-06,744901,0.436092,0.416805
2024-08-06,744983,0.375397,0.378529
2024-08-06,745141,0.403989,0.392717
2024-08-06,745221,0.363303,0.412257
2024-08-06,745467,0.370575,0.398626
2024-08-06,745629,0.366211,0.372952
2024-08-06,745713,,
2024-08-06,746033,0.400820,0.375618
2024-08-06,746120,0.426795,0.467257
2024-08-06,746273,0.391417,0.389339
2024-08-06,746519,0.431183,0.375754
2024-08-06,746602,,
2024-08-06,746840,0.386789,0.426884
2024-08-06,747086,0.368290,0.467251
2024-08-07,744822,0.427451,0.360520
2024-08-07,744903,0.435560,0.380095
2024-08-07,744981,0.376880,0.377954
2024-08-07,745142,0.406469,0.380270
2024-08-07,745223,0.363093,0.411770
2024-08-07,745469,0.363474,0.381375
2024-08-07,745630,0.371530,0.371384
2024-08-07,745709,0.389871,0.493326
2024-08-07,745713,0.389871,0.496391
2024-08-07,746031,0.403672,0.373297
2024-08-07,746115,0.427844,0.466913
2024-08-07,746272,0.420472,0.391721
2024-08-07,746521,0.396302,0.375391
2024-08-07,746602,0.406865,0.350377
2024-08-07,746604,0.406865,0.339351
2024-08-07,746842,0.381781,0.425527
2024-08-07,747085,0.387349,0.466010
2024-08-08,744819,0.447106,0.364777
2024-08-08,744899,0.434053,0.374400
2024-08-08,745143,0.405656,0.380684
2024-08-08,745226,0.362635,0.390271
2024-08-08,745466,0.369441,0.415189
2024-08-08,745710,0.395219,0.493806
2024-08-08,746030,0.403401,0.400951
2024-08-08,746522,0.411697,0.393819
2024-08-08,747081,0.364978,0.471371
2024-08-08,747169,0.430585,0.386226
2024-08-09,744818,0.394934,0.368765
2024-08-09,744900,0.370123,0.375866
2024-08-09,745062,0.433402,0.371697
2024-08-09,745220,0.396406,0.406767
2024-08-09,745308,0.354998,0.449097
2024-08-09,745708,,
2024-08-09,745871,0.344450,0.474820
2024-08-09,745927,0.359444,0.421964
2024-08-09,745957,0.382795,0.375830
2024-08-09,746032,0.368659,0.369783
2024-08-09,746113,0.415713,0.466116
2024-08-09,746275,0.379754,0.393492
2024-08-09,746523,0.469254,0.376412
2024-08-09,746760,0.424425,0.349131
2024-08-09,746927,0.376952,0.391640
2024-08-09,747168,0.430483,0.376192
2024-08-10,744820,0.386011,0.367285
2024-08-10,744897,0.369390,0.376809
2024-08-10,745056,0.434146,0.378821
2024-08-10,745219,0.428045,0.404109
2024-08-10,745304,0.380843,0.439338
2024-08-10,745708,0.377797,0.492109
2024-08-10,745712,0.377797,0.492109
2024-08-10,745873,0.359914,0.488681
2024-08-10,745955,0.403324,0.376123
2024-08-10,746026,0.370264,0.402719
2024-08-10,746112,0.417960,0.468577
2024-08-10,746269,0.387798,0.388975
2024-08-10,746520,0.469949,0.398095
2024-08-10,746761,0.426710,0.385762
2024-08-10,746922,0.377930,0.391863
2024-08-10,747164,0.429642,0.407915
2024-08-11,744816,0.360456,0.363222
2024-08-11,744895,0.450424,0.374857
2024-08-11,745057,0.433690,0.378765
2024-08-11,745216,0.428294,0.402152
2024-08-11,745303,0.391017,0.443763
2024-08-11,745711,0.377630,0.488147
2024-08-11,745872,0.345349,0.407150
2024-08-11,745956,0.403459,0.389598
2024-08-11,746025,0.369108,0.403206
2024-08-11,746114,0.444276,0.468341
2024-08-11,746517,0.470381,0.380713
2024-08-11,746923,0.380116,0.413332
2024-08-11,747166,0.428481,0.342409
2024-08-12,745058,0.382940,0.341480
2024-08-12,745300,0.473432,0.401430
2024-08-12,745383,0.444615,0.369073
2024-08-12,745874,0.394887,0.407375
2024-08-12,745953,0.438715,0.374725
2024-08-12,746192,0.354028,0.391842
2024-08-12,746603,0.424582,0.358854
2024-08-12,746682,0.392765,0.393323
2024-08-12,746762,0.491750,0.336310
2024-08-12,746921,0.378508,0.374130
2024-08-12,747165,0.379076,0.411013
2024-08-13,745055,0.382385,0.369745
2024-08-13,745302,0.473112,0.437676
2024-08-13,745382,0.443960,0.368863
2024-08-13,745548,0.405588,0.426949
2024-08-13,745788,0.450009,0.394297
2024-08-13,745867,0.391510,0.493194
2024-08-13,745954,0.439271,0.370867
2024-08-13,746187,0.374307,0.390210
2024-08-13,746435,0.363958,0.398372
2024-08-13,746601,0.380793,0.344882
2024-08-13,746673,0.383808,0.405016
2024-08-13,746757,0.490403,0.384051
2024-08-13,746924,0.379919,0.371655
2024-08-13,747004,0.355552,0.432908
2024-08-13,747160,0.378292,0.340281
2024-08-14,745053,0.382394,0.401813
2024-08-14,745301,0.474422,0.438531
2024-08-14,745381,0.349696,0.368223
2024-08-14,745544,0.407847,0.430896
2024-08-14,745790,0.366506,0.426684
2024-08-14,745869,0.376413,0.373138
2024-08-14,745951,0.439713,
2024-08-14,746188,0.373468,0.330732
2024-08-14,746436,0.387605,0.404879
2024-08-14,746598,0.424790,0.343919
2024-08-14,746677,0.382366,0.403617
2024-08-14,746759,0.493650,0.349536
2024-08-14,746919,0.379270,0.390350
2024-08-14,747000,0.398455,0.393326
2024-08-14,747163,0.396218,0.381520
2024-08-15,744980,0.372575,0.346188
2024-08-15,745298,0.460551,0.397831
2024-08-15,745545,0.395419,0.423928
2024-08-15,745783,0.353166,0.438063
2024-08-15,745950,0.465727,0.375544
2024-08-15,746437,0.383951,0.407836
2024-08-15,747002,0.418659,0.431924
2024-08-16,744974,0.350967,0.376660
2024-08-16,745054,0.380400,0.401176
2024-08-16,745144,0.439262,0.389393
2024-08-16,745462,0.396744,0.442399
2024-08-16,745542,0.398781,0.423253
2024-08-16,745784,0.376558,0.417407
2024-08-16,745949,0.342962,0.330732
2024-08-16,746189,0.458347,0.384508
2024-08-16,746357,0.347301,0.400743
2024-08-16,746438,0.497616,0.409128
2024-08-16,746518,0.369412,0.377986
2024-08-16,746674,0.393340,0.404348
2024-08-16,746843,0.374388,0.424876
2024-08-16,747001,0.408078,0.433276
2024-08-17,744977,0.401296,0.385105
2024-08-17,745049,0.388456,0.401453
2024-08-17,745140,0.440277,0.382096
2024-08-17,745463,0.388524,0.411550
2024-08-17,745537,0.343569,0.422207
2024-08-17,745626,0.436516,0.449193
2024-08-17,745785,0.406436,0.419314
2024-08-17,745952,0.344681,0.379136
2024-08-17,746190,0.458776,0.384692
2024-08-17,746355,0.349294,0.401171
2024-08-17,746434,0.496742,0.359279
2024-08-17,746515,0.369908,0.380001
2024-08-17,746675,0.390215,0.404851
2024-08-17,746841,0.373483,0.424378
2024-08-17,746997,0.429473,0.430293
2024-08-18,744975,0.378832,0.376086
2024-08-18,745051,0.332398,0.388651
2024-08-18,745139,0.427661,0.390912
2024-08-18,745464,0.417862,0.414495
2024-08-18,745539,0.388056,0.408759
2024-08-18,745621,0.395903,0.433652
2024-08-18,745786,0.369054,0.420296
2024-08-18,745948,0.342338,0.375124
2024-08-18,746186,0.461069,0.386918
2024-08-18,746359,0.348668,0.370559
2024-08-18,746431,0.495389,0.388590
2024-08-18,746516,0.368910,0.374231
2024-08-18,746676,0.390680,0.400910
2024-08-18,746838,0.378588,0.426715
2024-08-18,746999,0.408971,0.433352
2024-08-19,744898,0.403731,0.373842
2024-08-19,744976,0.413915,0.375469
2024-08-19,745294,0.403085,0.432729
2024-08-19,745380,0.404189,0.368126
2024-08-19,745620,0.391749,0.447376
2024-08-19,745780,0.392173,0.441894
2024-08-19,746027,0.381598,0.369173
2024-08-19,746109,0.397279,0.440992
2024-08-19,746270,0.386584,0.396390
2024-08-19,746351,0.426814,0.400529
2024-08-20,744814,0.380786,
2024-08-20,744896,0.404606,0.374702
2024-08-20,744978,0.394175,0.377643
2024-08-20,745136,0.377998,0.383872
2024-08-20,745295,0.387102,0.429073
2024-08-20,745374,0.376903,0.366999
2024-08-20,745624,0.405583,0.447794
2024-08-20,745707,0.355255,0.495189
2024-08-20,745782,0.407811,0.422463
2024-08-20,746029,0.366902,0.368176
2024-08-20,746107,0.417497,0.439875
2024-08-20,746266,0.385512,0.388620
2024-08-20,746349,0.404726,0.402735
2024-08-20,746839,0.389883,0.425881
2024-08-20,747083,0.422267,0.454323
2024-08-21,744812,0.379400,0.396691
2024-08-21,744893,0.405226,0.375743
2024-08-21,744973,0.395392,0.375663
2024-08-21,745138,0.374318,0.383358
2024-08-21,745297,0.348097,0.392629
2024-08-21,745375,0.402733,0.366604
2024-08-21,745622,0.403937,0.443226
2024-08-21,745704,0.356108,0.493156
2024-08-21,745781,0.388498,0.444233
2024-08-21,746028,0.383503,0.369561
2024-08-21,746110,0.430314,0.439621
2024-08-21,746267,0.387109,0.398140
2024-08-21,746350,0.413093,0.396593
2024-08-21,746837,0.419964,0.425515
2024-08-21,747084,0.422307,0.402764
2024-08-22,744815,0.395189,0.394247
2024-08-22,744894,0.386255,0.375707
2024-08-22,745137,0.377606,0.384777
2024-08-22,745379,0.423515,0.366605
2024-08-22,745465,0.401986,0.396330
2024-08-22,745623,0.374899,0.399230
2024-08-22,745705,0.338700,0.493690
2024-08-22,746836,0.358482,0.346685
2024-08-22,746998,0.382008,0.425083
2024-08-22,747082,0.420453,0.401273
2024-08-23,744889,0.386671,0.347014
2024-08-23,745217,0.429974,0.427701
2024-08-23,745378,0.445905,0.368505
2024-08-23,745460,0.405164,0.412048
2024-08-23,745625,0.373436,0.441100
2024-08-23,745702,0.395508,0.492982
2024-08-23,745870,0.383628,0.401112
2024-08-23,746024,0.425595,0.403745
2024-08-23,746111,,0.438082
2024-08-23,746268,0.419689,0.397324
2024-08-23,746597,0.376804,0.351673
2024-08-23,746758,0.389606,0.349773
2024-08-23,746920,0.382379,0.412507
2024-08-23,746995,0.365445,0.420830
2024-08-23,747080,0.377218,0.444548
2024-08-24,744890,0.381902,0.352694
2024-08-24,745218,0.433350,0.396789
2024-08-24,745377,0.422063,0.357872
2024-08-24,745457,0.407213,0.410255
2024-08-24,745617,0.377756,0.439654
2024-08-24,745703,0.379040,0.491843
2024-08-24,745868,0.383683,0.397460
2024-08-24,746022,0.424310,0.371920
2024-08-24,746108,0.391183,0.437055
2024-08-24,746271,0.419506,0.388669
2024-08-24,746599,0.376811,0.336839
2024-08-24,746756,0.378923,0.391172
2024-08-24,746917,0.382364,0.419015
2024-08-24,746996,0.364868,0.388742
2024-08-24,747077,0.386317,0.401365
2024-08-25,744892,0.381950,0.411986
2024-08-25,745212,0.430767,0.407118
2024-08-25,745376,0.426386,0.367929
2024-08-25,745459,0.406268,0.409195
2024-08-25,745618,0.375347,0.440946
2024-08-25,745706,0.379174,0.491672
2024-08-25,745863,0.365799,0.380335
2024-08-25,746023,0.426548,0.412265
2024-08-25,746106,0.404551,0.436205
2024-08-25,746263,0.419861,0.388224
2024-08-25,746595,0.373030,0.354188
2024-08-25,746754,0.421842,0.322157
2024-08-25,746918,0.381047,0.418416
2024-08-25,746994,0.365599,0.387906
2024-08-25,747078,0.411312,0.443416
2024-08-26,744813,0.494275,
2024-08-26,745133,0.367546,0.337086
2024-08-26,745215,0.385873,0.428391
2024-08-26,745458,0.424730,0.409160
2024-08-26,745538,0.397499,0.418410
2024-08-26,745865,0.412485,0.371106
2024-08-26,746513,0.418879,0.387072
2024-08-26,746596,0.389513,0.336230
2024-08-26,746628,0.396906,0.353075
2024-08-26,746753,0.400255,0.352206
2024-08-26,746915,0.409075,0.423828
2024-08-26,746942,0.394448,0.397442
2024-08-27,744811,0.493385,0.406662
2024-08-27,745132,0.366117,
2024-08-27,745213,0.389620,0.412901
2024-08-27,745461,0.399564,0.373708
2024-08-27,745540,0.384212,0.419089
2024-08-27,745864,0.413209,0.460475
2024-08-27,745946,0.418384,0.373339
2024-08-27,746105,0.420523,0.453681
2024-08-27,746429,0.385707,0.390144
2024-08-27,746510,0.422953,0.379827
2024-08-27,746594,0.395870,0.334777
2024-08-27,746671,0.440949,0.406297
2024-08-27,746755,0.373021,0.375681
2024-08-27,746916,0.374639,0.411645
2024-08-27,747162,0.423906,0.341083
2024-08-28,744809,0.492631,
2024-08-28,745134,0.365813,0.337479
2024-08-28,745211,0.406814,0.411674
2024-08-28,745452,0.427075,0.410579
2024-08-28,745541,0.384187,0.417733
2024-08-28,745866,0.413429,0.348963
2024-08-28,745943,0.413808,0.371646
2024-08-28,746103,0.420402,0.427332
2024-08-28,746430,0.383953,0.427535
2024-08-28,746512,0.379862,0.382445
2024-08-28,746589,0.394971,0.333137
2024-08-28,746672,0.441166,0.406029
2024-08-28,746752,0.374620,0.351058
2024-08-28,746755,0.373021,0.375681
2024-08-28,746913,0.376246,0.410736
2024-08-28,747161,0.430825,0.381990
2024-08-29,745135,0.365013,0.337482
2024-08-29,745531,0.416226,0.417583
2024-08-29,745945,0.422397,0.375271
2024-08-29,746102,0.419347,0.454145
2024-08-29,746352,0.394923,0.385745
2024-08-29,746432,0.383361,0.427994
2024-08-29,746514,0.423597,0.395098
2024-08-29,746670,0.440009,0.403135
2024-08-29,746748,0.375519,0.350223
2024-08-29,746914,0.375152,
2024-08-29,747159,0.415644,0.347892
2024-08-30,744810,0.427222,
2024-08-30,744969,0.444401,0.351539
2024-08-30,745052,0.374667,0.355604
2024-08-30,745299,0.373677,0.406637
2024-08-30,745533,0.414955,0.416097
2024-08-30,745700,0.337517,0.490977
2024-08-30,745862,0.388417,0.399014
2024-08-30,746184,0.411594,0.382817
2024-08-30,746353,0.418261,0.405568
2024-08-30,746433,0.424386,0.391020
2024-08-30,746511,0.390446,0.382583
2024-08-30,746593,0.410721,0.349336
2024-08-30,746665,0.353157,0.402148
2024-08-30,746730,0.385628,0.394951
2024-08-30,746749,0.423272,0.350021
2024-08-30,747156,0.436007,0.348173
2024-08-31,744808,0.422619,
2024-08-31,744971,0.447001,0.376469
2024-08-31,745050,0.354601,0.406726
2024-08-31,745296,0.414771,0.368070
2024-08-31,745532,0.413631,0.415732
2024-08-31,745699,0.338557,0.490745
2024-08-31,745859,0.373787,0.459462
2024-08-31,746182,0.410777,0.381123
2024-08-31,746348,0.417174,0.404971
2024-08-31,746424,0.428544,0.390372
2024-08-31,746507,0.397662,0.381914
2024-08-31,746590,0.373500,0.334154
2024-08-31,746667,0.378598,0.363592
2024-08-31,746751,0.421236,0.373055
2024-08-31,747158,0.436264,0.388204
2024-09-01,744806,0.421753,
2024-09-01,744970,0.464175,0.375928
2024-09-01,745048,0.365277,0.398594
2024-09-01,745292,0.442471,0.396775
2024-09-01,745536,0.444879,0.415343
2024-09-01,745701,,0.490947
2024-09-01,745861,,0.437894
2024-09-01,746183,0.411830,0.380195
2024-09-01,746347,0.402358,0.403457
2024-09-01,746426,0.386096,0.390848
2024-09-01,746505,0.390423,0.398384
2024-09-01,746592,0.408323,0.333883
2024-09-01,746669,0.376403,0.400843
2024-09-01,746750,0.401596,0.379919
2024-09-01,747157,0.440063,0.340718
2024-09-02,744972,0.490013,0.374848
2024-09-02,745046,0.380685,0.394505
2024-09-02,745373,0.391228,0.391210
2024-09-02,745619,0.408769,0.448113
2024-09-02,745779,0.434345,0.415309
2024-09-02,745947,0.338092,0.377445
2024-09-02,746265,0.334749,0.401392
2024-09-02,746668,0.404758,0.401344
2024-09-02,746833,0.428641,0.426885
2024-09-02,746992,0.320521,0.397170
2024-09-02,747155,0.440650,0.387174
2024-09-03,744891,0.416513,0.375297
2024-09-03,744968,0.490623,0.362103
2024-09-03,745047,0.370869,0.406298
2024-09-03,745293,0.330693,0.406171
2024-09-03,745615,0.407627,0.448923
2024-09-03,745778,0.425977,0.424052
2024-09-03,745944,0.336701,0.375242
2024-09-03,746020,,0.372285
2024-09-03,746185,0.443221,0.380587
2024-09-03,746264,0.333594,0.398809
2024-09-03,746834,0.405684,0.425374
2024-09-03,746991,0.369435,0.398299
2024-09-03,747079,0.398331,0.444937
2024-09-04,744887,0.421543,0.376737
2024-09-04,744964,0.489687,0.353558
2024-09-04,745045,0.433634,0.392520
2024-09-04,745290,0.369491,0.408001
2024-09-04,745370,0.394158,0.393048
2024-09-04,745614,0.407482,0.448863
2024-09-04,745776,0.432827,0.425832
2024-09-04,745938,0.372822,0.385262
2024-09-04,746019,,0.373156
2024-09-04,746178,0.444335,0.379976
2024-09-04,746262,0.333738,0.432060
2024-09-04,746666,0.403826,0.400430
2024-09-04,746835,0.373174,0.424857
2024-09-04,746990,0.344885,0.397243
2024-09-04,747075,0.380285,0.443615
2024-09-05,744966,0.381370,0.348601
2024-09-05,745042,0.453760,0.392416
2024-09-05,745289,0.329282,0.408272
2024-09-05,745369,0.381831,0.393070
2024-09-05,745451,0.378075,0.405250
2024-09-05,745612,0.409841,0.449156
2024-09-05,746021,0.423008,0.376701
2024-09-05,746664,0.402706,0.402018
2024-09-05,747073,0.381856,0.443114
2024-09-06,744967,0.381238,0.368402
2024-09-06,745131,0.412525,0.373055
2024-09-06,745371,0.408734,0.392436
2024-09-06,745455,,
2024-09-06,745611,0.380757,0.464372
2024-09-06,745777,0.400379,0.426003
2024-09-06,745941,0.416157,0.378838
2024-09-06,746016,0.423079,0.379074
2024-09-06,746104,0.333230,0.442511
2024-09-06,746257,0.370773,0.433142
2024-09-06,746343,0.395100,0.403064
2024-09-06,746832,0.489508,0.424434
2024-09-06,746912,0.344940,0.449438
2024-09-06,746993,0.383782,0.397175
2024-09-06,747074,0.376892,0.405430
2024-09-07,744963,0.381132,0.351999
2024-09-07,745125,0.413773,0.373926
2024-09-07,745372,0.406381,0.363916
2024-09-07,745455,0.381046,0.388765
2024-09-07,745456,0.381046,0.405434
2024-09-07,745613,0.381341,0.462154
2024-09-07,745775,0.400889,0.428897
2024-09-07,745942,0.381716,0.409244
2024-09-07,746018,0.424514,0.381424
2024-09-07,746099,0.334082,0.443648
2024-09-07,746259,0.386654,0.432787
2024-09-07,746344,0.393218,0.405595
2024-09-07,746829,0.489808,0.423424
2024-09-07,746911,0.347323,0.423585
2024-09-07,746986,0.382409,0.395992
2024-09-07,747076,,0.445425
2024-09-08,744965,,0.349337
2024-09-08,745128,0.412442,0.373465
2024-09-08,745368,0.471259,0.392158
2024-09-08,745453,0.393673,0.389181
2024-09-08,745616,0.384851,0.446000
2024-09-08,745774,0.394541,0.428175
2024-09-08,745940,0.381518,0.410853
2024-09-08,746017,0.423016,0.390450
2024-09-08,746098,0.333176,0.442440
2024-09-08,746258,0.389259,0.432416
2024-09-08,746345,0.366114,0.417637
2024-09-08,746827,0.489601,0.420907
2024-09-08,746910,,0.431657
2024-09-08,746989,0.382331,0.395480
2024-09-08,747072,0.374194,0.442464
2024-09-09,744888,0.427216,0.375706
2024-09-09,745454,0.399439,0.422111
2024-09-09,745534,0.329464,0.422406
2024-09-09,745698,0.431319,0.489174
2024-09-09,745860,0.381629,0.353379
2024-09-09,746101,0.419794,0.443468
2024-09-09,746746,0.345860,0.367933
2024-09-09,746909,0.377658,0.421667
2024-09-09,747090,0.388122,0.441515
2024-09-10,744807,0.438839,0.371399
2024-09-10,744886,0.417681,0.375749
2024-09-10,745126,0.399163,0.376075
2024-09-10,745210,0.391465,0.410312
2024-09-10,745291,0.402058,0.409350
2024-09-10,745446,,0.406683
2024-09-10,745535,0.389537,0.423444
2024-09-10,745694,0.431212,0.488962
2024-09-10,745856,0.381906,0.432432
2024-09-10,746097,0.419057,0.443049
2024-09-10,746346,0.379992,0.416542
2024-09-10,746428,0.380503,0.393978
2024-09-10,746747,0.333807,0.345272
2024-09-10,746907,0.379560,0.433063
2024-09-10,747152,0.350026,0.416315
2024-09-11,744804,0.441149,0.366255
2024-09-11,744881,0.404602,
2024-09-11,745127,0.393266,
2024-09-11,745214,0.393069,0.411077
2024-09-11,745285,0.373949,0.401332
2024-09-11,745450,0.407397,0.388356
2024-09-11,745525,0.399654,0.375664
2024-09-11,745697,0.431096,0.488464
2024-09-11,745857,0.383575,0.432651
2024-09-11,746100,0.419541,0.441920
2024-09-11,746342,0.442835,0.404796
2024-09-11,746425,0.379824,0.396864
2024-09-11,746745,0.334571,0.357635
2024-09-11,746908,0.380377,0.431289
2024-09-11,747154,0.349872,0.392998
2024-09-12,744805,0.392957,0.403923
2024-09-12,745129,0.399573,0.373566
2024-09-12,745208,0.350292,0.409927
2024-09-12,745288,0.402868,0.400301
2024-09-12,745695,0.424189,0.488277
2024-09-12,746337,0.456685,0.398749
2024-09-12,746427,0.415574,0.436190
2024-09-12,746591,0.396384,0.334897
2024-09-13,744800,0.391355,0.401599
2024-09-13,744882,0.373487,
2024-09-13,745207,0.350428,0.409310
2024-09-13,745286,0.394213,0.402472
2024-09-13,745447,0.432594,0.405642
2024-09-13,745529,0.425411,0.425274
2024-09-13,745696,0.449029,0.489823
2024-09-13,745855,0.399898,0.449786
2024-09-13,746181,0.403591,0.385060
2024-09-13,746423,0.381825,0.409995
2024-09-13,746509,0.419512,0.379186
2024-09-13,746586,0.397182,0.345925
2024-09-13,746744,0.455305,0.359773
2024-09-13,747069,0.440311,0.441074
2024-09-13,747153,0.401947,0.419190
2024-09-14,744803,0.393285,0.387221
2024-09-14,744884,0.374284,0.398739
2024-09-14,745209,0.351369,0.410151
2024-09-14,745284,0.395053,0.385660
2024-09-14,745448,0.431989,0.406930
2024-09-14,745528,0.390360,0.425774
2024-09-14,745689,0.449441,0.490132
2024-09-14,745858,0.400580,0.445655
2024-09-14,746177,0.404809,0.383736
2024-09-14,746422,0.381001,0.412173
2024-09-14,746508,0.418672,0.378890
2024-09-14,746584,0.374187,0.344364
2024-09-14,746740,0.441063,0.342612
2024-09-14,747070,0.452480,0.442418
2024-09-14,747148,0.377195,0.418860
2024-09-15,744801,0.392999,0.396740
2024-09-15,744883,0.342901,0.369804
2024-09-15,745206,0.349693,0.381318
2024-09-15,745287,0.361029,0.383459
2024-09-15,745449,0.432015,0.405924
2024-09-15,745530,0.435269,0.426509
2024-09-15,745693,0.423746,0.490564
2024-09-15,745852,0.400069,0.428240
2024-09-15,746180,0.405318,0.381762
2024-09-15,746419,0.382246,0.385098
2024-09-15,746506,0.416573,0.395762
2024-09-15,746585,0.399633,0.327365
2024-09-15,746741,0.441269,0.361338
2024-09-15,747071,0.437063,0.442941
2024-09-15,747151,0.386148,0.412084
2024-09-16,745130,0.390191,0.373787
2024-09-16,745367,0.403828,0.394820
2024-09-16,745773,0.389591,0.389224
2024-09-16,745939,0.425706,0.375951
2024-09-16,746179,0.345787,0.383278
2024-09-16,746260,0.410004,0.431673
2024-09-16,746502,0.417281,0.379471
2024-09-16,746588,0.364510,0.326159
2024-09-16,746828,0.387471,0.417680
2024-09-16,747067,0.452589,0.441910
2024-09-17,744961,0.389190,0.348188
2024-09-17,745044,0.450947,0.396204
2024-09-17,745122,0.407139,
2024-09-17,745205,0.491786,0.414881
2024-09-17,745366,0.414320,0.395587
2024-09-17,745772,0.420227,0.389684
2024-09-17,745935,0.425443,0.380771
2024-09-17,746015,0.435515,0.394928
2024-09-17,746176,0.344277,0.381903
2024-09-17,746261,0.384016,0.431797
2024-09-17,746503,0.366661,0.414638
2024-09-17,746587,0.444278,0.328835
2024-09-17,746659,0.442124,0.400367
2024-09-17,746830,0.457429,0.417516
2024-09-17,746987,0.386504,0.385382
2024-09-18,744959,0.398815,0.349902
2024-09-18,745040,0.451822,0.404709
2024-09-18,745121,0.387995,0.372163
2024-09-18,745199,0.492686,0.414856
2024-09-18,745365,0.384248,0.416501
2024-09-18,745771,0.402393,0.379215
2024-09-18,745933,0.427282,0.379611
2024-09-18,746014,0.452392,0.401000
2024-09-18,746172,0.303437,
2024-09-18,746254,0.401292,0.429906
2024-09-18,746500,0.399162,0.394559
2024-09-18,746582,0.438028,0.350653
2024-09-18,746662,0.444524,0.399375
2024-09-18,746831,0.460220,0.418166
2024-09-18,746988,0.401674,0.379651
2024-09-19,744962,0.363489,0.351057
2024-09-19,745041,0.449663,0.370039
2024-09-19,745120,0.405631,0.372052
2024-09-19,745204,0.492799,0.414322
2024-09-19,745769,0.427757,0.388675
2024-09-19,745937,0.417232,0.378890
2024-09-19,746011,0.434964,0.399134
2024-09-19,746341,0.379234,0.407789
2024-09-19,746579,0.397261,0.338381
2024-09-19,746663,0.445388,0.393362
2024-09-19,746823,0.398790,0.416995
2024-09-19,746985,0.411894,0.378511
2024-09-20,744960,0.414020,0.351119
2024-09-20,745043,0.372828,0.396867
2024-09-20,745123,0.338628,0.371434
2024-09-20,745364,0.332305,0.395836
2024-09-20,745606,0.453508,0.440753
2024-09-20,745770,0.427850,0.399858
2024-09-20,745934,0.417458,0.378409
2024-09-20,746013,0.416849,0.397037
2024-09-20,746094,0.383351,0.456348
2024-09-20,746256,0.366048,0.429819
2024-09-20,746340,0.379568,0.413224
2024-09-20,746661,0.404662,0.399466
2024-09-20,746824,0.401651,0.383376
2024-09-20,746905,0.418927,0.449046
2024-09-20,746984,0.407190,0.383104
2024-09-21,744958,0.415536,0.350595
2024-09-21,745038,0.380978,0.397679
2024-09-21,745124,0.338328,0.364204
2024-09-21,745360,0.361193,0.395163
2024-09-21,745610,0.492417,0.458008
2024-09-21,745768,0.428192,0.400331
2024-09-21,745936,0.416397,0.373405
2024-09-21,746012,0.416413,0.395294
2024-09-21,746096,0.383387,0.437804
2024-09-21,746255,0.402358,0.379671
2024-09-21,746338,0.378255,0.414339
2024-09-21,746660,0.405211,0.402175
2024-09-21,746826,0.406264,0.383115
2024-09-21,746906,,
2024-09-21,746983,0.350268,0.379164
2024-09-22,744955,0.415276,0.353048
2024-09-22,745036,0.358872,0.371940
2024-09-22,745118,0.340706,0.371062
2024-09-22,745358,0.347050,0.408700
2024-09-22,745608,0.493045,0.437938
2024-09-22,745767,0.428930,0.382879
2024-09-22,745929,0.450624,0.374702
2024-09-22,746010,0.416976,0.398326
2024-09-22,746092,0.384650,0.438364
2024-09-22,746253,0.404513,0.428439
2024-09-22,746339,0.366550,0.418578
2024-09-22,746657,0.423237,0.402906
2024-09-22,746825,0.383891,0.392405
2024-09-22,746903,0.416566,0.382940
2024-09-22,746906,0.416566,0.382940
2024-09-22,746982,0.405635,0.417543
2024-09-23,744885,0.399955,0.379352
2024-09-23,745527,0.400113,0.429730
2024-09-23,746334,0.415949,0.379606
2024-09-23,747150,0.445586,0.362810
2024-09-24,744802,0.427435,0.384654
2024-09-24,744876,0.425141,0.377348
2024-09-24,745441,0.375965,0.407700
2024-09-24,745526,0.418958,0.429428
2024-09-24,745605,0.353989,0.435842
2024-09-24,745688,0.387604,0.493649
2024-09-24,745851,0.403284,0.393207
2024-09-24,746093,0.396608,0.439223
2024-09-24,746336,0.414872,0.379046
2024-09-24,746421,0.375913,0.398969
2024-09-24,746504,0.370254,0.378883
2024-09-24,746581,0.402632,0.335841
2024-09-24,746743,0.380519,0.341103
2024-09-24,747068,0.378911,0.418773
2024-09-24,747149,0.402321,0.417804
2024-09-25,744795,0.401564,0.401917
2024-09-25,744877,0.426702,0.334163
2024-09-25,745442,0.376858,0.406515
2024-09-25,745521,0.372588,0.430424
2024-09-25,745607,0.343958,0.454856
2024-09-25,745690,0.417167,0.495148
2024-09-25,745854,0.398129,0.396489
2024-09-25,746095,0.395493,0.439761
2024-09-25,746331,0.414430,0.367183
2024-09-25,746420,0.387638,0.403885
2024-09-25,746501,0.367496,0.378053
2024-09-25,746583,0.375748,0.344072
2024-09-25,746742,0.380107,0.348547
2024-09-25,747064,,
2024-09-25,747144,0.405030,0.417487
2024-09-26,744796,0.425774,0.383582
2024-09-26,745443,0.382937,0.405523
2024-09-26,745609,0.353477,0.433136
2024-09-26,745691,0.418406,0.497817
2024-09-26,745853,0.396063,0.419199
2024-09-26,746088,0.397381,0.439601
2024-09-26,746415,0.400465,0.374005
2024-09-26,746495,0.382936,0.384422
2024-09-26,746738,0.398769,0.358278
2024-09-26,747139,,
2024-09-27,744797,0.430976,0.380141
2024-09-27,744879,0.398427,0.373632
2024-09-27,745202,0.432706,0.416767
2024-09-27,745280,0.346001,0.403953
2024-09-27,745692,0.404903,0.417107
2024-09-27,745847,0.417278,0.394648
2024-09-27,745930,0.424549,0.337851
2024-09-27,746173,0.352745,0.372263
2024-09-27,746417,0.312191,0.379178
2024-09-27,746494,0.429678,0.384381
2024-09-27,746580,0.377934,0.344542
2024-09-27,746822,0.402354,0.381022
2024-09-27,746904,0.392747,0.396349
2024-09-27,747065,0.399114,0.420614
2024-09-27,747145,0.396252,0.416540
2024-09-28,744799,0.429570,0.378800
2024-09-28,744878,0.400845,0.377832
2024-09-28,745203,0.431554,0.413528
2024-09-28,745281,0.370726,0.380690
2024-09-28,745685,0.406431,0.508736
2024-09-28,745849,0.355849,0.341843
2024-09-28,745931,0.409911,0.402355
2024-09-28,746171,0.353148,0.374892
2024-09-28,746414,0.323974,0.399393
2024-09-28,746499,0.429965,0.383238
2024-09-28,746578,0.385606,0.344739
2024-09-28,746819,0.402677,0.381189
2024-09-28,746902,0.391424,0.394436
2024-09-28,747066,0.361724,0.420682
2024-09-28,747146,0.380364,0.417066
2024-09-29,744798,0.419772,0.390265
2024-09-29,744880,0.399633,0.360646
2024-09-29,745201,0.435999,0.412812
2024-09-29,745282,0.379064,0.418153
2024-09-29,745686,0.424419,0.399605
2024-09-29,745846,0.407396,0.340803
2024-09-29,745932,0.388267,0.379510
2024-09-29,746174,0.354543,0.371164
2024-09-29,746416,0.335883,0.406075
2024-09-29,746496,0.461034,0.384185
2024-09-29,746820,0.402149,0.393756
2024-09-29,746901,0.386077,0.393585
2024-09-29,747061,0.398456,0.420177
2024-09-29,747147,0.392597,0.391662
2024-09-30,747064,0.371952,0.417805
2024-09-30,747139,0.408670,0.417805
2025-04-01,778485,0.345107,0.399406
2025-04-01,778486,0.381981,0.408558
2025-04-01,778487,0.430906,0.418265
2025-04-01,778488,0.397077,0.379091
2025-04-01,778489,0.378964,0.372498
2025-04-01,778490,0.449165,
2025-04-01,778491,0.379861,0.391890
2025-04-01,778492,0.424910,0.466279
2025-04-01,778493,0.424154,0.390726
2025-04-01,778494,0.427563,0.427641
2025-04-01,778495,0.399515,0.373833
2025-04-01,778497,0.455824,0.368740
2025-04-01,778498,0.386407,
2025-04-02,778469,0.381938,0.407802
2025-04-02,778471,0.431039,0.426561
2025-04-02,778472,0.431540,0.459896
2025-04-02,778473,0.400466,0.394207
2025-04-02,778474,0.445157,
2025-04-02,778475,0.381918,0.371898
2025-04-02,778476,0.342238,0.399563
2025-04-02,778477,0.397404,
2025-04-02,778478,0.340794,0.390788
2025-04-02,778479,0.400199,
2025-04-02,778480,0.383689,
2025-04-02,778481,0.453617,0.373315
2025-04-02,778482,0.406014,0.392487
2025-04-02,778483,0.402811,0.420343
2025-04-02,778484,0.390758,0.465583
2025-04-03,778462,0.371427,0.445587
2025-04-03,778466,0.373779,0.469656
2025-04-03,778467,0.405171,0.429844
2025-04-03,778468,,0.404642
2025-04-03,778470,0.402040,0.371902
2025-04-04,778444,0.407370,0.380756
2025-04-04,778447,0.344561,0.440283
2025-04-04,778453,0.366799,0.379602
2025-04-04,778454,0.387672,0.386740
2025-04-04,778455,0.410987,0.396356
2025-04-04,778456,0.426761,0.405001
2025-04-04,778457,0.425317,0.380328
2025-04-04,778458,0.342577,0.431000
2025-04-04,778459,0.420033,0.429408
2025-04-04,778460,0.399700,0.431022
2025-04-04,778461,0.494009,0.404156
2025-04-04,778463,0.400547,0.402592
2025-04-04,778464,0.373324,0.415957
2025-04-04,778465,0.390811,0.454843
2025-04-05,778436,0.408023,0.380937
2025-04-05,778437,0.346415,0.407072
2025-04-05,778438,0.377505,0.386682
2025-04-05,778439,0.351969,0.378678
2025-04-05,778440,0.370398,0.444281
2025-04-05,778441,0.402659,0.395370
2025-04-05,778442,0.424467,0.402760
2025-04-05,778443,,
2025-04-05,778445,0.341766,0.434765
2025-04-05,778446,0.390725,0.453860
2025-04-05,778448,0.459330,0.428676
2025-04-05,778449,0.508286,0.402414
2025-04-05,778450,0.398410,0.430558
2025-04-05,778451,0.369352,0.417998
2025-04-05,778452,0.341733,0.368149
2025-04-06,778419,0.370524,0.443025
2025-04-06,778420,0.388482,0.387797
2025-04-06,778421,0.354174,0.377230
2025-04-06,778422,0.409327,0.395046
2025-04-06,778423,0.425065,0.402359
2025-04-06,778425,0.347559,0.411019
2025-04-06,778427,0.407782,0.381420
2025-04-06,778428,0.466578,0.404510
2025-04-06,778429,0.373108,0.355059
2025-04-06,778430,0.397860,0.430935
2025-04-06,778431,,
2025-04-06,778432,0.400746,0.401917
2025-04-06,778433,0.364212,0.352095
2025-04-06,778434,0.419477,0.427814
2025-04-06,778435,0.391933,0.453323
2025-04-06,778443,0.430860,0.401917
2025-04-07,778405,0.371696,0.407385
2025-04-07,778410,,0.380445
2025-04-07,778411,0.387587,0.430488
2025-04-07,778412,0.443809,0.395265
2025-04-07,778413,0.389531,0.373334
2025-04-07,778414,0.397882,0.453173
2025-04-07,778415,0.398100,0.371015
2025-04-07,778416,0.367801,0.453616
2025-04-07,778418,0.420323,0.388485
2025-04-07,778424,0.469162,0.351453
2025-04-07,778426,0.390361,0.404240
2025-04-08,778394,0.400761,0.403579
2025-04-08,778395,0.400425,0.455087
2025-04-08,778396,0.390047,0.373081
2025-04-08,778397,,0.393416
2025-04-08,778398,0.371956,0.407832
2025-04-08,778400,0.396851,0.395328
2025-04-08,778401,0.386421,0.431907
2025-04-08,778402,,0.346759
2025-04-08,778403,0.502340,0.432965
2025-04-08,778404,0.391342,0.403740
2025-04-08,778406,0.390143,0.417469
2025-04-08,778407,0.364618,0.454676
2025-04-08,778408,0.370413,0.425312
2025-04-08,778409,0.420657,0.360949
2025-04-08,778417,0.408881,0.385587
2025-04-09,778376,0.351973,0.382919
2025-04-09,778379,0.380744,0.368287
2025-04-09,778380,0.389125,0.374931
2025-04-09,778381,0.357029,0.453749
2025-04-09,778383,0.371959,0.426649
2025-04-09,778385,0.384692,0.433639
2025-04-09,778386,0.391784,0.403239
2025-04-09,778387,0.466798,0.379669
2025-04-09,778388,0.420476,0.394185
2025-04-09,778389,0.398096,0.400803
2025-04-09,778390,0.350019,0.455048
2025-04-09,778391,0.378493,0.346109
2025-04-09,778392,0.421083,0.383199
2025-04-09,778393,0.428918,0.415950
2025-04-09,778399,0.406644,0.350392
2025-04-10,778371,0.382453,
2025-04-10,778373,0.421674,0.393527
2025-04-10,778377,0.352039,0.403063
2025-04-10,778378,,0.345539
2025-04-10,778382,0.402195,0.387156
2025-04-10,778384,0.429865,0.431298
2025-04-11,778356,0.432907,0.457188
2025-04-11,778358,0.455502,0.454144
2025-04-11,778360,0.375185,0.425617
2025-04-11,778361,,0.399974
2025-04-11,778363,0.426760,0.420533
2025-04-11,778364,0.402907,0.358492
2025-04-11,778365,0.372416,0.370441
2025-04-11,778366,0.403706,0.354371
2025-04-11,778367,0.460645,0.389772
2025-04-11,778368,0.405476,0.372072
2025-04-11,778369,0.382913,0.366190
2025-04-11,778370,0.380061,0.504005
2025-04-11,778372,,
2025-04-11,778374,0.405739,0.378701
2025-04-11,778375,0.393882,0.344839
2025-04-12,778341,0.374790,0.427944
2025-04-12,778345,0.432704,0.436535
2025-04-12,778346,0.455034,0.422291
2025-04-12,778347,0.370706,0.387803
2025-04-12,778348,0.398593,0.417591
2025-04-12,778349,0.404798,
2025-04-12,778350,0.380584,0.381809
2025-04-12,778351,0.406237,0.372834
2025-04-12,778352,0.381329,0.400344
2025-04-12,778353,0.460706,0.387448
2025-04-12,778354,0.366802,0.367244
2025-04-12,778355,0.380370,0.467393
2025-04-12,778357,0.356990,0.378504
2025-04-12,778359,0.393588,0.344858
2025-04-12,778362,0.392515,0.389116
2025-04-13,778329,0.405556,0.372199
2025-04-13,778330,0.350555,0.401325
2025-04-13,778331,0.400435,0.423273
2025-04-13,778332,0.382059,0.381149
2025-04-13,778333,0.453672,0.454588
2025-04-13,778334,0.403807,0.429136
2025-04-13,778335,0.422807,0.403131
2025-04-13,778336,0.428836,0.368649
2025-04-13,778337,0.367062,0.369019
2025-04-13,778338,0.403147,0.356688
2025-04-13,778339,0.395504,0.470957
2025-04-13,778340,0.461977,0.356023
2025-04-13,778342,0.382908,0.344518
2025-04-13,778343,0.423659,0.350883
2025-04-13,778344,0.393800,0.390392
2025-04-14,778315,0.398485,0.400259
2025-04-14,778320,0.381298,0.372441
2025-04-14,778321,0.368279,0.426422
2025-04-14,778322,0.404014,0.394824
2025-04-14,778323,0.345528,
2025-04-14,778324,0.453316,0.403269
2025-04-14,778325,0.371656,0.391927
2025-04-14,778326,0.348309,0.435024
2025-04-14,778327,0.394027,0.486027
2025-04-14,778328,0.402330,0.390043
2025-04-15,778302,0.347222,0.437515
2025-04-15,778305,0.397450,0.402125
2025-04-15,778306,0.408779,0.388533
2025-04-15,778307,0.453482,0.444609
2025-04-15,778308,0.371412,0.397771
2025-04-15,778309,0.452693,0.355138
2025-04-15,778310,0.425366,0.376447
2025-04-15,778311,0.431271,0.394343
2025-04-15,778312,0.383346,0.470108
2025-04-15,778313,0.395615,0.371693
2025-04-15,778314,0.388489,0.407485
2025-04-15,778316,0.408440,
2025-04-15,778317,0.345084,0.417752
2025-04-15,778318,0.380556,0.380728
2025-04-15,778319,0.401571,0.393248
2025-04-16,778287,0.345434,0.436366
2025-04-16,778288,0.429772,0.401315
2025-04-16,778289,0.407272,0.398716
2025-04-16,778290,0.339045,0.397642
2025-04-16,778293,0.364736,0.381198
2025-04-16,778294,0.455561,
2025-04-16,778295,0.343739,0.379155
2025-04-16,778296,0.380294,0.427274
2025-04-16,778297,0.432528,0.393766
2025-04-16,778298,0.412455,0.359175
2025-04-16,778299,0.453490,0.393717
2025-04-16,778300,0.394094,0.460824
2025-04-16,778301,0.344179,0.389883
2025-04-16,778303,0.381004,0.394210
2025-04-16,778304,0.429687,
2025-04-17,778278,0.398725,0.453215
2025-04-17,778279,0.381614,0.371679
2025-04-17,778280,0.374991,0.427340
2025-04-17,778281,0.407734,0.400714
2025-04-17,778282,0.502968,0.408799
2025-04-17,778283,0.389010,
2025-04-17,778285,0.429418,0.349901
2025-04-17,778286,0.393614,0.394817
2025-04-17,778291,0.383100,0.373800
2025-04-17,778292,0.343685,0.374935
2025-04-18,778260,0.394534,0.408603
2025-04-18,778261,0.457822,0.380338
2025-04-18,778263,0.368843,0.400660
2025-04-18,778266,,
2025-04-18,778268,0.383879,0.428639
2025-04-18,778269,0.400033,0.371706
2025-04-18,778270,0.362638,0.453066
2025-04-18,778271,0.350551,0.427465
2025-04-18,778272,0.468520,0.363346
2025-04-18,778273,0.431150,0.394455
2025-04-18,778274,0.394586,0.371324
2025-04-18,778275,,0.403136
2025-04-18,778276,,0.421369
2025-04-18,778277,0.392711,0.383454
2025-04-18,778284,0.393986,0.436446
2025-04-19,778243,0.379768,0.407702
2025-04-19,778247,0.385852,0.353807
2025-04-19,778251,0.370595,0.377621
2025-04-19,778252,0.391571,0.371261
2025-04-19,778253,0.455828,0.380946
2025-04-19,778254,0.348865,0.408053
2025-04-19,778255,0.487598,
2025-04-19,778256,0.399754,0.453369
2025-04-19,778257,0.383263,0.430536
2025-04-19,778258,0.398874,0.393947
2025-04-19,778259,0.400248,0.370506
2025-04-19,778262,0.419525,0.374029
2025-04-19,778264,,0.403741
2025-04-19,778265,0.391597,0.402319
2025-04-19,778267,,0.436513
2025-04-20,778232,0.393712,0.415876
2025-04-20,778234,0.437587,0.377959
2025-04-20,778235,0.385517,0.372694
2025-04-20,778236,0.383795,0.430649
2025-04-20,778237,0.400940,0.370936
2025-04-20,778239,0.454966,0.379830
2025-04-20,778240,0.443448,0.405505
2025-04-20,778241,0.411353,0.393212
2025-04-20,778242,0.350530,0.379125
2025-04-20,778244,0.378346,0.453116
2025-04-20,778245,0.324991,0.403105
2025-04-20,778246,0.420286,0.392886
2025-04-20,778248,0.387098,0.371831
2025-04-20,778249,0.394102,0.437580
2025-04-20,778250,0.407015,0.374921
2025-04-20,778266,0.386809,0.372990
2025-04-21,778225,0.371699,0.452793
2025-04-21,778226,0.379633,0.378189
2025-04-21,778227,0.441666,0.351779
2025-04-21,778228,0.417841,0.376551
2025-04-21,778230,0.402688,0.389087
2025-04-21,778231,0.393039,0.369810
2025-04-21,778233,0.398390,0.438284
2025-04-21,778238,0.323003,0.403028
2025-04-22,778210,0.379666,0.392594
2025-04-22,778211,0.427068,0.435678
2025-04-22,778212,,0.384374
2025-04-22,778213,0.395777,0.453776
2025-04-22,778215,0.357115,0.390978
2025-04-22,778216,0.323591,
2025-04-22,778217,0.382740,0.369929
2025-04-22,778218,0.468642,0.351883
2025-04-22,778219,0.407008,0.392461
2025-04-22,778220,0.451337,0.430475
2025-04-22,778221,0.417810,0.420110
2025-04-22,778222,0.374343,0.408626
2025-04-22,778223,0.371732,0.453990
2025-04-22,778224,0.431745,0.402010
2025-04-22,778229,0.432681,0.438527
2025-04-23,778195,,
2025-04-23,778197,0.359181,0.453126
2025-04-23,778198,0.381320,0.376733
2025-04-23,778199,0.394437,0.386327
2025-04-23,778200,0.391303,0.369272
2025-04-23,778201,0.356023,
2025-04-23,778202,0.426863,0.436745
2025-04-23,778203,0.424189,0.453795
2025-04-23,778204,0.373436,0.410737
2025-04-23,778205,0.451495,0.398834
2025-04-23,778206,0.468980,0.361802
2025-04-23,778207,0.413581,0.402206
2025-04-23,778208,0.404581,0.388109
2025-04-23,778209,0.417230,0.381228
2025-04-23,778214,0.432016,0.463918
2025-04-24,778188,0.420857,0.387541
2025-04-24,778189,0.357452,
2025-04-24,778190,0.383918,0.381180
2025-04-24,778191,0.428009,0.434730
2025-04-24,778192,0.382561,0.387538
2025-04-24,778193,0.374341,0.389470
2025-04-24,778194,0.352346,0.376244
2025-04-24,778195,0.380049,0.390127
2025-04-24,778196,0.412772,0.402978
2025-04-25,778171,0.382200,0.374366
2025-04-25,778172,,0.408223
2025-04-25,778175,0.388793,0.430237
2025-04-25,778176,0.428639,0.435081
2025-04-25,778177,0.437471,0.361718
2025-04-25,778178,0.358539,0.451810
2025-04-25,778179,,
2025-04-25,778180,,
2025-04-25,778181,0.405907,0.373051
2025-04-25,778182,0.370819,0.432671
2025-04-25,778183,0.452934,0.409979
2025-04-25,778184,0.380189,0.398305
2025-04-25,778185,0.391860,0.488650
2025-04-25,778186,0.435893,
2025-04-25,778187,0.369679,0.388656
2025-04-26,778154,,0.430496
2025-04-26,778159,0.358940,0.375302
2025-04-26,778160,0.392498,0.416003
2025-04-26,778161,0.405472,0.409082
2025-04-26,778162,0.436728,0.386004
2025-04-26,778163,0.429381,0.434443
2025-04-26,778164,0.379912,0.399642
2025-04-26,778165,,0.423083
2025-04-26,778166,0.434002,0.391219
2025-04-26,778167,0.369470,0.418715
2025-04-26,778168,0.398306,0.392411
2025-04-26,778169,0.403255,0.349299
2025-04-26,778170,,
2025-04-26,778173,0.452484,0.410383
2025-04-26,778174,0.370410,0.432681
2025-04-26,778179,0.403255,0.353037
2025-04-26,778180,0.373891,0.383310
2025-04-27,778136,,0.430872
2025-04-27,778144,0.433389,0.385205
2025-04-27,778145,0.429514,0.450430
2025-04-27,778146,,0.416822
2025-04-27,778147,0.437177,0.383117
2025-04-27,778148,0.362800,0.394119
2025-04-27,778149,0.355805,0.440949
2025-04-27,778150,0.380218,0.398537
2025-04-27,778151,0.394098,0.375167
2025-04-27,778152,0.372525,0.389943
2025-04-27,778153,0.451814,0.407558
2025-04-27,778155,0.423533,0.390243
2025-04-27,778156,0.391206,0.466577
2025-04-27,778157,0.404100,0.332836
2025-04-27,778158,0.370523,0.432555
2025-04-27,778170,0.391206,0.484308
2025-04-28,778132,0.387272,0.434402
2025-04-28,778137,0.437149,0.409557
2025-04-28,778138,0.450657,0.407047
2025-04-28,778139,0.406622,0.356372
2025-04-28,778140,0.444570,0.373513
2025-04-28,778141,0.398178,0.401229
2025-04-28,778142,0.392391,0.387374
2025-04-28,778143,0.419660,0.364174
2025-04-29,778120,0.435323,0.409778
2025-04-29,778121,0.403369,0.431397
2025-04-29,778122,0.448387,0.373745
2025-04-29,778124,0.390286,0.387275
2025-04-29,778125,0.365066,0.355028
2025-04-29,778126,0.374877,0.402673
2025-04-29,778127,0.403839,0.391429
2025-04-29,778128,0.390355,0.374163
2025-04-29,778129,0.407149,0.362616
2025-04-29,778130,0.360576,0.449342
2025-04-29,778131,0.407278,0.422003
2025-04-29,778133,0.484425,0.373966
2025-04-29,778134,,
2025-04-29,778135,0.431083,0.430318
2025-04-30,778102,0.458511,0.409859
2025-04-30,778104,0.402831,0.411887
2025-04-30,778105,0.374734,0.402414
2025-04-30,778106,0.383792,0.387553
2025-04-30,778109,,0.436524
2025-04-30,778110,0.393116,0.338428
2025-04-30,778111,0.375548,0.356116
2025-04-30,778112,0.431155,0.431447
2025-04-30,778113,0.390018,0.350037
2025-04-30,778114,0.405976,0.392357
2025-04-30,778115,0.480262,0.374325
2025-04-30,778116,0.360759,0.353479
2025-04-30,778117,0.395343,0.449780
2025-04-30,778118,0.397719,0.370415
2025-04-30,778119,0.363997,0.402382
2025-04-30,778134,0.363997,0.402382
2025-05-01,778094,0.340825,
2025-05-01,778095,0.406635,0.392185
2025-05-01,778096,0.383340,0.357627
2025-05-01,778097,0.390290,0.363911
2025-05-01,778098,0.435845,0.378513
2025-05-01,778099,0.411584,0.370043
2025-05-01,778100,0.429939,0.431474
2025-05-01,778101,0.385181,0.378419
2025-05-01,778103,0.381754,0.449814
2025-05-01,778107,0.366116,0.389142
2025-05-01,778108,0.404922,0.361537
2025-05-02,778079,0.386131,0.332647
2025-05-02,778080,0.432256,0.376531
2025-05-02,778081,0.360675,0.391676
2025-05-02,778082,0.394946,0.373433
2025-05-02,778083,0.402747,0.379557
2025-05-02,778084,0.450609,0.365515
2025-05-02,778085,0.403461,0.378614
2025-05-02,778086,0.411319,0.370372
2025-05-02,778087,0.409295,0.386256
2025-05-02,778088,0.341302,0.486817
2025-05-02,778089,0.386644,0.406482
2025-05-02,778090,0.401422,0.431932
2025-05-02,778091,0.420260,0.390987
2025-05-02,778092,0.436751,0.432819
2025-05-02,778093,0.390365,0.374365
2025-05-03,778064,0.348102,0.390448
2025-05-03,778065,0.401540,0.431926
2025-05-03,778066,0.337415,0.320562
2025-05-03,778067,0.393664,0.378842
2025-05-03,778068,,
2025-05-03,778069,0.409562,0.371750
2025-05-03,778070,0.412417,0.396362
2025-05-03,778071,0.431603,0.370441
2025-05-03,778072,0.389505,0.373362
2025-05-03,778073,0.404154,0.406585
2025-05-03,778074,0.399615,0.462658
2025-05-03,778075,0.449155,0.387716
2025-05-03,778076,0.437165,0.432587
2025-05-03,778077,0.395430,0.380528
2025-05-03,778078,0.431598,0.370315
2025-05-04,778048,0.408102,0.372520
2025-05-04,778050,0.392730,0.379907
2025-05-04,778051,0.401199,0.438474
2025-05-04,778052,0.402460,0.396211
2025-05-04,778053,0.452555,0.368832
2025-05-04,778054,0.431273,0.366827
2025-05-04,778055,0.373166,0.324827
2025-05-04,778056,0.352899,0.391219
2025-05-04,778057,0.357001,0.445669
2025-05-04,778058,0.397313,0.381924
2025-05-04,778059,0.360766,0.421077
2025-05-04,778060,0.438570,0.432465
2025-05-04,778061,0.418708,0.363711
2025-05-04,778062,0.389571,0.372739
2025-05-04,778063,0.385826,0.406259
2025-05-04,778068,0.452555,0.365881
2025-05-05,778036,0.431510,0.367762
2025-05-05,778038,0.401956,0.450946
2025-05-05,778039,0.453603,0.429248
2025-05-05,778042,0.337146,0.366416
2025-05-05,778043,0.328482,0.390839
2025-05-05,778044,0.391557,0.431452
2025-05-05,778045,0.400962,0.483043
2025-05-05,778046,,
2025-05-05,778047,0.439024,0.381889
2025-05-05,778049,0.372536,0.434085
2025-05-06,778024,0.400628,0.449403
2025-05-06,778025,0.390880,0.379841
2025-05-06,778026,0.356244,0.389202
2025-05-06,778027,0.374417,0.430323
2025-05-06,778028,0.372981,0.384764
2025-05-06,778029,,
2025-05-06,778030,0.431868,0.363185
2025-05-06,778031,0.337205,0.369977
2025-05-06,778032,0.455120,0.409990
2025-05-06,778033,0.318734,0.391016
2025-05-06,778034,0.370863,0.433734
2025-05-06,778035,0.451052,0.389693
2025-05-06,778037,0.395706,0.405469
2025-05-06,778040,0.370311,0.362899
2025-05-06,778041,0.400381,0.481794
2025-05-06,778046,0.332408,0.407044
2025-05-07,778009,0.391015,0.379593
2025-05-07,778010,0.401039,0.418998
2025-05-07,778011,0.372300,0.396979
2025-05-07,778012,0.344672,0.382559
2025-05-07,778013,0.398558,0.409800
2025-05-07,778014,0.454389,0.380909
2025-05-07,778015,0.336500,0.369233
2025-05-07,778016,0.431370,0.362149
2025-05-07,778017,0.440591,0.379953
2025-05-07,778018,0.395467,0.405445
2025-05-07,778019,0.400035,0.478091
2025-05-07,778020,0.376583,0.430127
2025-05-07,778021,0.370524,0.376582
2025-05-07,778022,0.359397,0.398104
2025-05-07,778023,0.373549,0.432526
2025-05-08,777999,0.440369,0.429233
2025-05-08,778000,0.391718,0.380476
2025-05-08,778003,0.375074,0.431284
2025-05-08,778004,0.359304,0.411668
2025-05-08,778005,0.371145,0.375813
2025-05-08,778006,0.381767,0.405616
2025-05-08,778007,0.394944,0.383306
2025-05-08,778008,0.320839,0.391591
2025-05-08,778029,0.396889,0.411668
2025-05-09,777984,0.378930,0.399177
2025-05-09,777986,0.370787,0.368941
2025-05-09,777988,0.434226,0.427602
2025-05-09,777989,0.375251,0.336363
2025-05-09,777990,0.405789,0.392820
2025-05-09,777991,0.374612,0.341039
2025-05-09,777992,0.374811,0.401299
2025-05-09,777993,0.399513,0.414438
2025-05-09,777994,0.481277,0.419053
2025-05-09,777995,0.362898,0.410405
2025-05-09,777996,,0.388176
2025-05-09,777997,0.371918,0.358706
2025-05-09,777998,0.428234,0.430569
2025-05-09,778001,0.428787,0.455344
2025-05-09,778002,0.368940,0.377149
2025-05-10,777970,0.378015,0.398959
2025-05-10,777972,0.475835,0.418543
2025-05-10,777973,0.385563,0.367842
2025-05-10,777974,0.372862,0.401900
2025-05-10,777975,0.443288,0.427285
2025-05-10,777976,0.400242,0.416427
2025-05-10,777977,0.405073,0.419664
2025-05-10,777978,0.373980,0.340004
2025-05-10,777979,0.373267,0.336010
2025-05-10,777980,0.361790,0.391789
2025-05-10,777981,0.368903,0.367643
2025-05-10,777982,0.413547,0.456631
2025-05-10,777983,0.371635,0.360635
2025-05-10,777985,0.429437,0.430979
2025-05-10,777987,0.394232,0.395727
2025-05-11,777954,0.441881,0.376332
2025-05-11,777955,0.400760,0.416254
2025-05-11,777956,0.371639,0.402611
2025-05-11,777957,0.461671,0.419557
2025-05-11,777958,0.397589,0.409955
2025-05-11,777961,0.435359,0.392929
2025-05-11,777962,0.361433,0.391246
2025-05-11,777963,0.374507,0.360376
2025-05-11,777964,0.358181,0.364886
2025-05-11,777965,0.404738,0.393639
2025-05-11,777966,0.390653,0.335686
2025-05-11,777967,0.401270,0.378020
2025-05-11,777968,0.413091,0.456370
2025-05-11,777969,0.381331,0.396105
2025-05-11,777971,0.372571,0.360026
2025-05-12,777939,0.425385,0.406708
2025-05-12,777941,0.483253,0.398498
2025-05-12,777947,0.363699,0.399408
2025-05-12,777948,0.392514,0.336692
2025-05-12,777949,0.419039,0.375585
2025-05-12,777950,0.377306,0.456461
2025-05-12,777951,0.405568,0.394985
2025-05-12,777952,0.382975,0.412164
2025-05-12,777953,0.362327,0.424630
2025-05-12,777959,0.409679,0.400781
2025-05-12,777960,0.358054,0.359477
2025-05-13,777926,0.451645,0.410947
2025-05-13,777930,0.412437,0.406389
2025-05-13,777931,0.375986,0.335863
2025-05-13,777932,0.371161,0.399872
2025-05-13,777933,,
2025-05-13,777934,0.417148,
2025-05-13,777935,0.366160,0.391926
2025-05-13,777936,0.369761,0.412010
2025-05-13,777937,0.418070,0.435316
2025-05-13,777938,,
2025-05-13,777940,0.405296,0.391487
2025-05-13,777942,0.410909,0.401498
2025-05-13,777943,0.348996,0.455659
2025-05-13,777944,0.374282,0.358774
2025-05-13,777945,0.307762,0.345965
2025-05-14,777914,0.374306,0.400671
2025-05-14,777915,0.489236,0.392316
2025-05-14,777916,0.399200,0.356928
2025-05-14,777917,0.419812,0.441335
2025-05-14,777918,0.381467,0.381839
2025-05-14,777919,0.369326,0.425824
2025-05-14,777920,0.392957,0.336261
2025-05-14,777921,0.376742,0.423182
2025-05-14,777922,0.362230,0.372678
2025-05-14,777923,0.368446,0.392445
2025-05-14,777924,0.402354,0.404332
2025-05-14,777925,0.357806,0.358260
2025-05-14,777927,0.404135,0.396945
2025-05-14,777928,0.307818,0.370394
2025-05-14,777929,0.401875,0.444089
2025-05-14,777933,0.362230,0.372678
2025-05-14,777938,0.398620,0.404332
2025-05-15,777909,0.403026,0.411536
2025-05-15,777910,0.337037,0.382662
2025-05-15,777911,0.399198,0.402605
2025-05-15,777912,0.344822,0.369857
2025-05-15,777913,0.402194,0.392013
2025-05-15,777946,0.381919,0.441636
2025-05-16,777891,0.418656,0.356493
2025-05-16,777895,0.336328,0.381996
2025-05-16,777896,0.400382,0.400736
2025-05-16,777897,0.389870,0.400743
2025-05-16,777898,0.351763,0.375105
2025-05-16,777899,0.369055,0.442706
2025-05-16,777900,0.343349,0.411177
2025-05-16,777901,0.364146,0.392002
2025-05-16,777902,0.356060,0.345292
2025-05-16,777903,0.407155,0.423074
2025-05-16,777904,0.455078,0.454189
2025-05-16,777905,0.370313,0.423706
2025-05-16,777906,0.397958,0.380490
2025-05-16,777907,0.391961,0.398782
2025-05-16,777908,0.441923,0.405325
2025-05-17,777875,0.400244,0.400064
2025-05-17,777879,0.416181,0.341903
2025-05-17,777881,0.313051,0.412057
2025-05-17,777882,0.335106,0.375880
2025-05-17,777883,0.351291,0.372042
2025-05-17,777884,0.380895,0.443068
2025-05-17,777885,0.363542,0.393079
2025-05-17,777886,0.388610,0.381620
2025-05-17,777887,0.388946,0.399595
2025-05-17,777888,0.454206,0.466417
2025-05-17,777889,0.406127,0.400907
2025-05-17,777890,0.413801,0.394672
2025-05-17,777892,0.350660,0.344324
2025-05-17,777893,0.399410,0.405110
2025-05-17,777894,0.427727,0.371662
2025-05-18,777864,0.362942,0.409942
2025-05-18,777865,0.353042,0.367795
2025-05-18,777866,0.374531,0.435378
2025-05-18,777867,0.383187,0.355873
2025-05-18,777868,0.412075,0.399843
2025-05-18,777869,0.353362,
2025-05-18,777870,0.369465,0.398272
2025-05-18,777871,0.390682,0.381147
2025-05-18,777872,0.316398,0.411612
2025-05-18,777873,0.413284,0.404755
2025-05-18,777874,0.341759,0.344019
2025-05-18,777876,0.400783,0.406255
2025-05-18,777877,0.405556,0.419390
2025-05-18,777878,0.454124,0.482893
2025-05-18,777880,0.427832,0.372625
2025-05-19,777852,0.423817,0.395289
2025-05-19,777853,0.375133,0.383422
2025-05-19,777854,0.398218,0.442340
2025-05-19,777855,0.392963,0.355716
2025-05-19,777856,0.453509,0.406132
2025-05-19,777857,0.398389,0.316060
2025-05-19,777858,0.334595,0.364543
2025-05-19,777859,0.343228,0.375836
2025-05-19,777860,0.405194,0.367576
2025-05-19,777862,0.395972,0.363332
2025-05-19,777863,0.411100,0.396288
2025-05-20,777836,0.393256,0.339376
2025-05-20,777838,0.397602,0.443880
2025-05-20,777839,,
2025-05-20,777840,0.388928,0.363480
2025-05-20,777841,0.429504,0.412879
2025-05-20,777842,0.372594,0.395096
2025-05-20,777843,0.375877,0.382873
2025-05-20,777844,0.388196,0.367781
2025-05-20,777845,0.399610,0.381777
2025-05-20,777846,0.397742,0.332942
2025-05-20,777847,0.344004,0.427092
2025-05-20,777848,0.335045,0.388869
2025-05-20,777849,0.376555,0.481258
2025-05-20,777850,0.424216,0.383242
2025-05-20,777851,0.453663,0.405357
2025-05-21,777819,0.385487,0.391035
2025-05-21,777823,0.424987,0.394122
2025-05-21,777824,0.391480,0.443171
2025-05-21,777825,,
2025-05-21,777826,0.388193,0.370580
2025-05-21,777827,0.392675,0.379836
2025-05-21,777828,0.383342,0.417583
2025-05-21,777829,0.328197,0.346266
2025-05-21,777830,0.397009,0.314851
2025-05-21,777831,0.437980,0.405770
2025-05-21,777832,0.335070,0.403554
2025-05-21,777833,0.426029,0.405225
2025-05-21,777834,0.342921,0.405329
2025-05-21,777835,0.373659,0.492072
2025-05-21,777837,0.399410,0.381201
2025-05-22,777812,0.387831,0.366874
2025-05-22,777814,0.368217,0.427610
2025-05-22,777815,,
2025-05-22,777816,0.398338,0.381835
2025-05-22,777817,0.373618,0.394765
2025-05-22,777818,0.391613,0.452073
2025-05-22,777820,0.400632,0.412238
2025-05-22,777821,0.352457,0.390128
2025-05-22,777822,0.404379,0.335016
2025-05-23,777797,0.398406,0.362194
2025-05-23,777798,0.376345,0.379679
2025-05-23,777799,0.391964,0.370328
2025-05-23,777800,0.396504,0.335680
2025-05-23,777801,0.392412,0.412400
2025-05-23,777802,0.490194,0.392312
2025-05-23,777804,0.425092,0.385229
2025-05-23,777805,0.383358,0.326228
2025-05-23,777806,0.368116,0.427886
2025-05-23,777807,0.329494,0.395800
2025-05-23,777808,0.442701,0.438230
2025-05-23,777810,0.381414,0.388781
2025-05-23,777811,0.425988,0.342024
2025-05-23,777813,0.398056,0.429373
2025-05-23,777815,0.388458,0.406987
2025-05-24,777781,0.394133,0.377521
2025-05-24,777782,0.478982,0.393671
2025-05-24,777784,0.424390,0.416707
2025-05-24,777786,0.368662,0.362702
2025-05-24,777787,0.409617,0.335556
2025-05-24,777788,0.392244,0.353675
2025-05-24,777789,0.457510,0.436384
2025-05-24,777790,0.391773,0.428011
2025-05-24,777791,0.426870,0.341368
2025-05-24,777792,0.378082,0.330312
2025-05-24,777793,0.378799,0.402213
2025-05-24,777794,0.369130,0.430672
2025-05-24,777795,0.380234,0.404738
2025-05-24,777796,0.351877,0.396091
2025-05-24,777803,0.398655,0.448632
2025-05-24,777809,0.388261,0.432113
2025-05-25,777765,0.373477,0.416100
2025-05-25,777766,0.399626,0.362086
2025-05-25,777767,0.387212,0.343906
2025-05-25,777768,0.496304,0.394110
2025-05-25,777772,0.385401,0.360617
2025-05-25,777773,0.441625,0.444384
2025-05-25,777774,0.412016,0.336211
2025-05-25,777775,0.390323,0.404089
2025-05-25,777776,0.385684,0.412151
2025-05-25,777777,0.378493,0.336611
2025-05-25,777778,0.377398,0.403547
2025-05-25,777779,0.427931,0.342395
2025-05-25,777780,0.344109,0.347589
2025-05-25,777783,0.397996,0.455454
2025-05-25,777785,0.388577,0.431007
2025-05-26,777756,0.391813,0.439281
2025-05-26,777757,0.411114,0.428702
2025-05-26,777758,0.328586,0.435971
2025-05-26,777759,0.379834,0.368720
2025-05-26,777760,0.359931,0.392527
2025-05-26,777761,0.431231,0.399733
2025-05-26,777762,0.364099,0.378599
2025-05-26,777763,0.487546,0.377136
2025-05-26,777764,0.424244,0.358796
2025-05-26,777769,0.442153,0.345712
2025-05-26,777770,0.375238,0.397021
2025-05-26,777771,0.362508,0.389712
2025-05-27,777741,0.380292,0.376499
2025-05-27,777742,0.392623,0.396501
2025-05-27,777743,0.410095,0.408956
2025-05-27,777744,0.426443,0.349589
2025-05-27,777745,0.478082,0.375853
2025-05-27,777746,0.372989,0.404362
2025-05-27,777747,0.422341,0.368982
2025-05-27,777748,0.462757,0.372552
2025-05-27,777749,0.329190,0.435135
2025-05-27,777750,0.342192,0.392276
2025-05-27,777751,0.392970,0.427862
2025-05-27,777752,0.402619,0.336819
2025-05-27,777753,0.442959,0.345386
2025-05-27,777754,0.384216,0.389975
2025-05-27,777755,0.368206,0.396435
2025-05-28,777724,0.376360,0.398511
2025-05-28,777726,0.368522,0.396154
2025-05-28,777728,0.476548,0.378306
2025-05-28,777729,0.430194,0.349963
2025-05-28,777730,0.411590,0.395861
2025-05-28,777731,0.368917,0.428781
2025-05-28,777732,0.373497,0.403670
2025-05-28,777733,0.343522,0.392171
2025-05-28,777734,0.403399,0.336513
2025-05-28,777735,,
2025-05-28,777736,0.429513,0.371388
2025-05-28,777737,0.331457,0.434239
2025-05-28,777738,0.368278,0.396079
2025-05-28,777739,0.459563,0.328981
2025-05-28,777740,0.364184,0.386313
2025-05-29,777722,0.412668,0.410652
2025-05-29,777723,0.450777,0.407965
2025-05-29,777725,0.404125,0.336225
2025-05-29,777727,0.403157,0.396057
2025-05-29,777735,0.427013,0.394305
2025-05-30,777707,0.429968,0.394790
2025-05-30,777708,0.447052,0.471473
2025-05-30,777709,0.365403,0.404091
2025-05-30,777710,0.413079,0.378122
2025-05-30,777711,0.395834,0.391748
2025-05-30,777712,0.343190,0.427534
2025-05-30,777713,0.398366,0.394274
2025-05-30,777714,0.342185,0.337253
2025-05-30,777715,0.369903,0.395679
2025-05-30,777716,0.402735,0.397682
2025-05-30,777717,0.377086,
2025-05-30,777718,0.393117,0.442507
2025-05-30,777719,0.429633,0.418480
2025-05-30,777720,0.327774,0.385699
2025-05-30,777721,0.388707,0.331523
2025-05-31,777691,0.429029,0.393864
2025-05-31,777693,0.379647,0.336451
2025-05-31,777694,0.395741,0.416017
2025-05-31,777695,0.385329,0.411582
2025-05-31,777696,0.413093,0.377773
2025-05-31,777697,0.365645,0.397796
2025-05-31,777698,0.447792,0.478236
2025-05-31,777699,0.343229,0.385185
2025-05-31,777700,0.393359,0.434034
2025-05-31,777701,0.403055,0.407507
2025-05-31,777702,0.385878,0.394764
2025-05-31,777703,0.378834,0.330001
2025-05-31,777704,0.343147,0.426175
2025-05-31,777705,0.356811,
2025-05-31,777706,0.428737,0.448505
2025-06-01,777677,0.388559,0.392490
2025-06-01,777678,0.364254,0.397379
2025-06-01,777679,0.413539,0.368610
2025-06-01,777680,0.413091,0.394560
2025-06-01,777681,0.430089,0.392804
2025-06-01,777682,0.476329,0.477898
2025-06-01,777683,0.388220,0.328764
2025-06-01,777684,0.326790,0.388294
2025-06-01,777685,0.403626,0.401700
2025-06-01,777686,0.416461,0.435583
2025-06-01,777687,0.344112,0.426530
2025-06-01,777688,0.387218,0.409065
2025-06-01,777689,0.371681,0.364956
2025-06-01,777690,0.405517,0.336965
2025-06-01,777692,0.428310,0.464701
2025-06-02,777669,0.383986,0.402881
2025-06-02,777670,0.387169,0.422711
2025-06-02,777671,0.368591,0.370139
2025-06-02,777673,0.401898,0.371708
2025-06-02,777674,0.392444,0.326630
2025-06-02,777675,0.435623,0.476811
2025-06-02,777676,0.393043,0.357477
2025-06-03,777655,0.388098,0.394751
2025-06-03,777656,0.391935,0.356970
2025-06-03,777657,0.435603,0.442951
2025-06-03,777658,0.395120,0.448862
2025-06-03,777659,0.411236,0.413268
2025-06-03,777660,0.387043,0.363760
2025-06-03,777661,0.394924,0.327490
2025-06-03,777662,0.398588,0.405350
2025-06-03,777663,0.336766,0.430839
2025-06-03,777664,0.328723,0.487361
2025-06-03,777665,0.370980,0.401321
2025-06-03,777666,0.365657,0.373738
2025-06-03,777667,0.413764,0.423018
2025-06-03,777668,0.374024,0.370210
2025-06-03,777672,0.377361,0.434776
2025-06-04,777638,0.434352,0.443131
2025-06-04,777639,0.376703,0.327100
2025-06-04,777641,0.391901,0.355795
2025-06-04,777642,,
2025-06-04,777645,0.387660,0.414276
2025-06-04,777646,0.398299,0.403959
2025-06-04,777647,0.375570,0.344603
2025-06-04,777648,0.336337,0.430715
2025-06-04,777649,0.411174,0.427772
2025-06-04,777650,0.401226,0.406690
2025-06-04,777651,0.371381,0.410610
2025-06-04,777652,0.365881,0.380845
2025-06-04,777653,0.329282,0.486209
2025-06-04,777654,0.402415,0.438165
2025-06-05,777628,0.388385,0.394092
2025-06-05,777629,0.398232,0.405951
2025-06-05,777630,0.336724,0.430036
2025-06-05,777631,0.423828,0.435200
2025-06-05,777632,0.425005,0.405784
2025-06-05,777633,0.391505,
2025-06-05,777634,0.394935,0.319147
2025-06-05,777635,0.387538,0.363825
2025-06-05,777636,0.396894,0.404093
2025-06-05,777637,0.370213,0.400103
2025-06-05,777640,0.379827,0.434362
2025-06-05,777642,0.387538,0.363825
2025-06-05,777644,0.330624,0.486120
2025-06-06,777613,0.390634,0.405749
2025-06-06,777614,0.393416,0.411177
2025-06-06,777615,0.410446,0.397026
2025-06-06,777616,0.425044,0.368430
2025-06-06,777617,0.392670,0.375617
2025-06-06,777618,0.387196,0.342613
2025-06-06,777619,0.442514,0.355580
2025-06-06,777620,0.442770,0.362578
2025-06-06,777621,0.407688,0.428721
2025-06-06,777622,0.337411,0.343424
2025-06-06,777623,0.370937,0.327546
2025-06-06,777624,0.398272,0.406483
2025-06-06,777625,0.366451,0.410200
2025-06-06,777626,0.425744,0.393858
2025-06-06,777627,0.426886,0.446842
2025-06-07,777597,0.355648,0.375920
2025-06-07,777598,0.437782,
2025-06-07,777599,0.390318,0.407293
2025-06-07,777600,0.412195,0.376785
2025-06-07,777601,0.442609,0.361669
2025-06-07,777603,0.392808,0.411341
2025-06-07,777604,0.433902,0.367995
2025-06-07,777605,0.421881,0.493918
2025-06-07,777606,0.387365,0.344411
2025-06-07,777607,0.407421,0.395882
2025-06-07,777608,0.337373,0.330739
2025-06-07,777609,0.425420,0.396631
2025-06-07,777610,0.373233,0.415833
2025-06-07,777611,0.366781,0.385804
2025-06-07,777612,0.396818,0.369750
2025-06-07,777623,0.370937,0.327546
2025-06-08,777582,0.441877,0.361277
2025-06-08,777583,0.433967,
2025-06-08,777585,0.410572,0.446205
2025-06-08,777586,0.391147,0.376259
2025-06-08,777587,0.441957,
2025-06-08,777588,0.389837,0.406309
2025-06-08,777589,0.387806,0.411379
2025-06-08,777590,0.387028,0.344499
2025-06-08,777591,0.361641,0.330025
2025-06-08,777592,0.367141,0.396585
2025-06-08,777593,0.420516,0.464708
2025-06-08,777594,0.426460,0.395868
2025-06-08,777595,0.394058,0.430343
2025-06-08,777596,0.378901,0.386881
2025-06-08,777602,0.380604,0.369102
2025-06-09,777574,0.369539,0.431164
2025-06-09,777575,0.435075,0.388400
2025-06-09,777576,0.405872,0.412073
2025-06-09,777577,0.414163,0.380747
2025-06-09,777578,0.425571,0.407239
2025-06-09,777579,0.441570,0.391107
2025-06-09,777580,0.368328,0.350979
2025-06-09,777581,0.409153,0.360895
2025-06-09,777584,0.404127,0.397910
2025-06-10,777557,0.395692,0.395970
2025-06-10,777558,0.380070,0.373983
2025-06-10,777559,0.413920,0.379956
2025-06-10,777560,0.440850,0.390727
2025-06-10,777563,0.383614,0.368028
2025-06-10,777564,0.447430,0.412745
2025-06-10,777565,0.394858,0.396692
2025-06-10,777566,0.367351,0.431393
2025-06-10,777567,0.343024,0.336481
2025-06-10,777568,0.443698,0.368067
2025-06-10,777569,0.368436,0.351972
2025-06-10,777570,0.411130,0.434816
2025-06-10,777571,0.426606,0.406634
2025-06-10,777572,0.472995,0.387075
2025-06-10,777573,0.399788,0.388882
2025-06-11,777542,0.447108,0.411672
2025-06-11,777543,0.440763,0.391124
2025-06-11,777545,0.391849,0.379748
2025-06-11,777547,0.383738,0.368525
2025-06-11,777548,0.413951,0.380509
2025-06-11,777549,0.342361,0.365221
2025-06-11,777550,0.343076,0.336550
2025-06-11,777551,0.493081,0.387221
2025-06-11,777552,,0.431930
2025-06-11,777553,0.426554,0.406559
2025-06-11,777554,0.436398,0.368683
2025-06-11,777555,0.403372,0.433200
2025-06-11,777556,0.396393,0.447359
2025-06-11,777561,0.404425,0.396060
2025-06-11,777562,0.393915,0.389568
2025-06-12,777532,0.379226,0.351904
2025-06-12,777533,0.395574,0.394380
2025-06-12,777534,0.384444,0.383544
2025-06-12,777536,0.418435,0.387692
2025-06-12,777540,0.401923,0.403959
2025-06-12,777541,0.431734,0.425649
2025-06-12,777544,0.415210,0.434922
2025-06-12,777546,0.339898,0.337346
2025-06-13,777520,0.347181,0.412466
2025-06-13,777521,0.390465,0.379952
2025-06-13,777522,0.384347,0.440307
2025-06-13,777524,0.343755,0.395904
2025-06-13,777525,0.377301,0.352445
2025-06-13,777526,0.431122,0.425828
2025-06-13,777527,0.393782,0.364228
2025-06-13,777528,0.402973,0.435126
2025-06-13,777529,0.404298,0.386997
2025-06-13,777530,0.343780,0.411718
2025-06-13,777531,0.392037,0.407607
2025-06-13,777535,0.365155,0.409412
2025-06-13,777537,0.493282,0.425440
2025-06-13,777538,0.343548,0.419113
2025-06-13,777539,0.411924,0.387266
2025-06-14,777506,0.384893,0.439452
2025-06-14,777507,0.346242,0.412028
2025-06-14,777508,0.343124,0.395855
2025-06-14,777509,0.391619,0.408149
2025-06-14,777510,0.405694,0.364634
2025-06-14,777511,0.405124,0.382541
2025-06-14,777512,0.367711,0.351729
2025-06-14,777513,0.429612,0.424904
2025-06-14,777514,0.378186,0.406539
2025-06-14,777515,0.390629,0.379439
2025-06-14,777516,0.484437,0.426134
2025-06-14,777517,0.370456,0.394392
2025-06-14,777518,0.401988,0.435531
2025-06-14,777519,0.411556,0.386626
2025-06-14,777523,0.380297,0.410741
2025-06-15,777491,0.390357,0.379287
2025-06-15,777492,0.375942,0.352294
2025-06-15,777493,0.344267,0.395856
2025-06-15,777494,0.372061,0.365132
2025-06-15,777495,0.345924,0.411994
2025-06-15,777496,0.405030,0.382252
2025-06-15,777497,0.427294,0.411953
2025-06-15,777498,0.383679,0.440111
2025-06-15,777499,0.409415,0.408007
2025-06-15,777500,0.483052,0.426607
2025-06-15,777501,0.412704,0.405139
2025-06-15,777502,0.403149,0.435797
2025-06-15,777503,0.349340,0.394189
2025-06-15,777504,0.365809,0.444294
2025-06-15,777505,0.373723,0.401837
2025-06-16,777483,0.409005,0.367145
2025-06-16,777484,0.386771,0.403227
2025-06-16,777485,0.338096,0.386328
2025-06-16,777486,,0.411861
2025-06-16,777487,0.412990,0.483110
2025-06-16,777488,0.365781,0.392603
2025-06-16,777490,0.390563,0.440592
2025-06-17,777467,0.369682,0.339368
2025-06-17,777468,0.386255,0.393761
2025-06-17,777469,0.338474,0.385430
2025-06-17,777471,0.390272,0.439902
2025-06-17,777472,0.348288,0.396112
2025-06-17,777473,,0.411721
2025-06-17,777475,0.430454,0.410197
2025-06-17,777476,0.412451,0.444680
2025-06-17,777477,0.386218,0.403192
2025-06-17,777478,0.393093,0.370680
2025-06-17,777479,0.378467,0.408109
2025-06-17,777480,0.359074,0.416066
2025-06-17,777481,0.409781,0.349596
2025-06-17,777482,0.351835,0.423266
2025-06-17,777489,0.435296,0.411683
2025-06-18,777453,,0.408540
2025-06-18,777454,0.343681,0.424662
2025-06-18,777456,0.337962,0.380140
2025-06-18,777457,0.390206,0.439062
2025-06-18,777458,,
2025-06-18,777459,,
2025-06-18,777460,0.386383,0.399299
2025-06-18,777461,0.340875,0.416400
2025-06-18,777462,0.400886,0.410830
2025-06-18,777463,0.411162,0.363853
2025-06-18,777464,,
2025-06-18,777465,0.410907,0.349846
2025-06-18,777466,0.412897,0.448007
2025-06-18,777470,0.435089,0.410072
2025-06-18,777474,0.391297,0.370159
2025-06-19,777440,0.349541,0.407088
2025-06-19,777441,0.338963,0.403081
2025-06-19,777442,0.389230,0.433231
2025-06-19,777443,0.387583,0.391687
2025-06-19,777444,0.410091,0.350301
2025-06-19,777445,0.392388,0.416127
2025-06-19,777446,0.387525,0.403177
2025-06-19,777447,0.367462,0.343023
2025-06-19,777448,0.391586,0.412584
2025-06-19,777449,0.412844,0.456089
2025-06-19,777450,0.359604,0.424408
2025-06-19,777451,0.384393,0.408442
2025-06-19,777452,0.437348,0.369534
2025-06-19,777455,0.434638,0.410575
2025-06-19,777458,0.386830,0.328752
2025-06-19,777464,0.410165,0.395373
2025-06-20,777425,,0.413799
2025-06-20,777426,0.386570,0.388577
2025-06-20,777427,0.405186,0.432798
2025-06-20,777428,0.338351,0.415238
2025-06-20,777429,0.347661,0.403451
2025-06-20,777430,0.368468,0.372322
2025-06-20,777431,0.396196,0.372183
2025-06-20,777432,0.383454,0.413960
2025-06-20,777433,0.369851,0.348613
2025-06-20,777434,0.360680,0.438718
2025-06-20,777435,0.330057,0.411568
2025-06-20,777436,0.410774,0.424719
2025-06-20,777437,0.434080,0.410546
2025-06-20,777438,0.412579,0.477208
2025-06-20,777439,0.409020,0.366785
2025-06-21,777410,0.369164,0.371289
2025-06-21,777411,0.343348,0.403823
2025-06-21,777412,0.361672,0.395298
2025-06-21,777413,0.388079,0.388656
2025-06-21,777414,0.339315,0.414190
2025-06-21,777415,0.369288,0.349030
2025-06-21,777416,0.418566,0.437203
2025-06-21,777417,,0.412962
2025-06-21,777418,0.329733,0.385322
2025-06-21,777419,0.411455,0.424525
2025-06-21,777420,,
2025-06-21,777421,0.383611,0.430409
2025-06-21,777422,0.414019,0.483704
2025-06-21,777423,0.434102,0.410297
2025-06-21,777424,0.442643,0.366790
2025-06-22,777395,,0.413225
2025-06-22,777396,0.387567,0.431642
2025-06-22,777397,0.354388,0.389685
2025-06-22,777398,0.420078,0.436708
2025-06-22,777399,0.340586,0.362444
2025-06-22,777400,0.347105,0.403178
2025-06-22,777401,0.337860,0.443009
2025-06-22,777402,0.441773,0.367923
2025-06-22,777403,0.410309,0.425374
2025-06-22,777404,0.397919,0.430033
2025-06-22,777405,0.434463,0.409762
2025-06-22,777406,0.391450,0.485774
2025-06-22,777407,0.373847,0.348917
2025-06-22,777408,0.328084,0.413316
2025-06-22,777409,0.393682,0.395467
2025-06-23,777381,,0.414363
2025-06-23,777382,0.419395,0.432351
2025-06-23,777388,0.410582,0.417621
2025-06-23,777389,0.452452,0.436511
2025-06-23,777390,0.456554,0.375697
2025-06-23,777391,0.429475,0.361173
2025-06-23,777392,0.425011,0.349415
2025-06-23,777393,0.392036,0.338368
2025-06-23,777394,0.362678,0.413477
2025-06-24,777364,0.368592,0.414313
2025-06-24,777372,0.419610,0.433138
2025-06-24,777373,0.423900,0.349825
2025-06-24,777374,0.428475,0.362525
2025-06-24,777375,0.410078,0.387993
2025-06-24,777376,0.409491,0.413326
2025-06-24,777377,0.410262,0.339044
2025-06-24,777378,0.368893,0.387177
2025-06-24,777379,0.436332,0.370011
2025-06-24,777380,0.393396,0.413925
2025-06-24,777383,0.394433,0.342492
2025-06-24,777384,0.376565,0.347050
2025-06-24,777385,0.484932,0.375267
2025-06-24,777386,0.415715,0.393262
2025-06-24,777387,0.454388,0.436700
2025-06-25,777355,0.378596,0.413745
2025-06-25,777357,0.425466,0.350796
2025-06-25,777358,0.436094,0.371048
2025-06-25,777359,0.394656,0.386914
2025-06-25,777360,0.419162,0.385548
2025-06-25,777361,0.368043,0.362060
2025-06-25,777362,0.404701,
2025-06-25,777363,0.410019,0.406675
2025-06-25,777365,0.379185,0.414527
2025-06-25,777366,0.409842,0.339343
2025-06-25,777367,0.485890,0.372754
2025-06-25,777368,0.412689,0.345043
2025-06-25,777369,0.455045,0.436239
2025-06-25,777370,0.395118,0.341986
2025-06-25,777371,0.403460,0.421191
2025-06-26,777344,0.431033,0.341279
2025-06-26,777347,0.369025,0.413416
2025-06-26,777348,0.426392,0.350231
2025-06-26,777350,0.409142,0.339003
2025-06-26,777351,0.420492,0.423374
2025-06-26,777352,0.455171,0.437535
2025-06-26,777353,0.394419,0.390987
2025-06-26,777354,0.384490,0.345698
2025-06-26,777356,0.410122,0.405710
2025-06-27,777331,0.418766,0.388957
2025-06-27,777332,0.368913,0.395944
2025-06-27,777334,0.405837,0.393260
2025-06-27,777335,0.451235,0.387187
2025-06-27,777336,0.425601,0.339046
2025-06-27,777337,0.401408,0.447884
2025-06-27,777338,0.391700,0.342551
2025-06-27,777339,0.358816,0.361525
2025-06-27,777340,0.409479,0.376679
2025-06-27,777341,0.436975,0.390492
2025-06-27,777342,0.408630,0.454366
2025-06-27,777343,0.394956,0.414189
2025-06-27,777345,0.412239,0.374830
2025-06-27,777346,0.385148,0.371549
2025-06-27,777349,0.350307,0.348009
2025-06-28,777315,0.418219,0.389241
2025-06-28,777318,0.369043,0.397049
2025-06-28,777319,0.435598,0.387189
2025-06-28,777320,0.425150,0.339310
2025-06-28,777321,0.341498,0.360996
2025-06-28,777322,0.410200,0.377053
2025-06-28,777323,0.411653,0.377488
2025-06-28,777324,0.405844,0.393324
2025-06-28,777325,0.445450,0.373413
2025-06-28,777326,0.400161,0.454950
2025-06-28,777327,0.420343,0.337065
2025-06-28,777328,0.384834,0.371660
2025-06-28,777329,0.351146,0.345117
2025-06-28,777330,0.404029,0.391059
2025-06-28,777333,0.409912,0.454009
2025-06-29,777301,0.340371,0.360907
2025-06-29,777302,0.409405,0.377472
2025-06-29,777303,0.423466,0.397321
2025-06-29,777304,0.451295,0.387906
2025-06-29,777305,0.417677,0.361318
2025-06-29,777307,0.399154,0.448302
2025-06-29,777308,0.425733,0.338854
2025-06-29,777309,0.379243,0.348409
2025-06-29,777310,0.411020,0.416240
2025-06-29,777311,0.391218,0.343010
2025-06-29,777312,0.384378,0.369776
2025-06-29,777313,0.436292,0.373124
2025-06-29,777314,0.395080,0.393821
2025-06-29,777316,0.409356,0.454657
2025-06-29,777317,0.404971,0.391963
2025-06-30,777291,0.427090,0.396800
2025-06-30,777292,0.415250,0.377378
2025-06-30,777295,0.449865,0.375593
2025-06-30,777296,0.398243,0.365207
2025-06-30,777297,0.388314,0.408055
2025-06-30,777299,0.351358,0.393719
2025-06-30,777300,0.369544,0.378713
2025-06-30,777306,0.383194,0.426867
2025-07-01,777278,0.413516,0.395804
2025-07-01,777280,0.342702,0.450186
2025-07-01,777281,0.391813,0.407342
2025-07-01,777282,0.416842,0.378033
2025-07-01,777283,0.455656,0.374941
2025-07-01,777284,,
2025-07-01,777285,0.338256,0.369439
2025-07-01,777286,0.430093,0.386864
2025-07-01,777287,0.347441,0.424864
2025-07-01,777288,0.350923,0.395341
2025-07-01,777289,,
2025-07-01,777290,,
2025-07-01,777293,0.405624,0.370453
2025-07-01,777294,0.368707,0.378304
2025-07-01,777298,0.413447,0.454550
2025-07-02,777262,0.391936,0.385264
2025-07-02,777265,0.379509,0.416876
2025-07-02,777266,0.346737,0.425343
2025-07-02,777267,0.333013,0.430699
2025-07-02,777268,0.416611,0.379303
2025-07-02,777269,0.337403,0.371621
2025-07-02,777270,0.407892,0.395752
2025-07-02,777271,0.423519,0.404957
2025-07-02,777272,0.350820,0.394514
2025-07-02,777273,0.427530,0.426623
2025-07-02,777274,0.465406,0.385152
2025-07-02,777275,0.405159,0.370705
2025-07-02,777276,0.363390,0.413302
2025-07-02,777277,0.366671,0.379558
2025-07-02,777279,0.412608,0.444908
2025-07-02,777284,0.365504,0.406147
2025-07-02,777289,0.340681,0.434685
2025-07-02,777290,0.427530,0.408746
2025-07-02,777294,0.368707,0.378304
2025-07-03,777251,0.392167,0.406343
2025-07-03,777253,0.342000,0.433793
2025-07-03,777256,0.407453,0.373016
2025-07-03,777257,0.348668,0.433835
2025-07-03,777258,0.364403,0.405706
2025-07-03,777259,0.345876,0.424431
2025-07-03,777260,0.486483,0.384949
2025-07-03,777261,0.411874,0.443726
2025-07-03,777263,0.406625,0.371077
2025-07-03,777264,0.337047,0.342970
2025-07-04,777235,0.337227,0.433649
2025-07-04,777236,0.394094,0.405913
2025-07-04,777239,0.380871,0.427571
2025-07-04,777242,0.413119,0.364201
2025-07-04,777243,0.341411,0.371333
2025-07-04,777244,0.425113,0.398705
2025-07-04,777245,0.376500,0.417911
2025-07-04,777246,0.350998,0.423583
2025-07-04,777247,0.407315,0.407241
2025-07-04,777248,0.391765,0.373969
2025-07-04,777249,0.364521,0.345994
2025-07-04,777250,0.449273,0.435291
2025-07-04,777252,0.416200,0.443562
2025-07-04,777254,0.363069,0.371020
2025-07-04,777255,0.367023,0.425980
2025-07-05,777221,0.368717,0.430581
2025-07-05,777223,0.381605,0.428059
2025-07-05,777225,0.393004,0.407287
2025-07-05,777227,0.412412,0.397876
2025-07-05,777228,,0.417308
2025-07-05,777229,0.377651,0.423574
2025-07-05,777230,0.396340,0.406452
2025-07-05,777231,0.412102,0.385500
2025-07-05,777232,0.406697,0.370501
2025-07-05,777233,0.364490,0.426380
2025-07-05,777234,0.393717,0.376462
2025-07-05,777237,0.416050,0.443351
2025-07-05,777238,0.363384,0.370676
2025-07-05,777240,0.386043,0.353766
2025-07-05,777241,0.452381,0.433480
2025-07-06,777205,0.393717,0.406552
2025-07-06,777206,0.338475,0.432644
2025-07-06,777207,0.381336,0.427458
2025-07-06,777210,0.388785,0.397071
2025-07-06,777213,,0.390741
2025-07-06,777214,0.411664,0.377639
2025-07-06,777215,0.342230,0.360018
2025-07-06,777216,0.476575,0.433942
2025-07-06,777217,0.365914,0.426974
2025-07-06,777218,0.393892,0.383034
2025-07-06,777219,0.377504,0.423260
2025-07-06,777220,0.396280,0.405930
2025-07-06,777222,0.415599,0.421922
2025-07-06,777224,0.362756,0.370200
2025-07-06,777226,0.401693,0.346639
2025-07-07,777199,0.426737,0.426310
2025-07-07,777200,0.377405,0.411128
2025-07-07,777201,0.432612,0.348979
2025-07-07,777202,0.346439,0.364446
2025-07-07,777203,0.351834,0.427796
2025-07-07,777204,0.391548,0.394128
2025-07-07,777208,0.382638,0.364606
2025-07-07,777209,0.364509,
2025-07-07,777211,0.406759,0.365303
2025-07-07,777212,0.384775,0.340173
2025-07-08,777180,0.382405,0.411165
2025-07-08,777185,0.383773,0.387452
2025-07-08,777186,0.426611,0.425369
2025-07-08,777187,0.406632,0.448749
2025-07-08,777188,0.384960,0.370153
2025-07-08,777189,0.421801,0.396560
2025-07-08,777190,0.422941,0.392764
2025-07-08,777191,0.415069,0.350992
2025-07-08,777192,0.352750,0.362910
2025-07-08,777193,0.431813,0.348270
2025-07-08,777194,0.386031,0.394819
2025-07-08,777195,0.406174,0.399965
2025-07-08,777196,0.364173,
2025-07-08,777197,0.369137,0.363185
2025-07-08,777198,0.435816,0.415112
2025-07-09,777162,0.384428,0.387580
2025-07-09,777163,0.426644,0.425095
2025-07-09,777171,0.382847,0.410223
2025-07-09,777172,0.382401,0.332739
2025-07-09,777173,0.423009,0.405639
2025-07-09,777174,0.325655,0.318999
2025-07-09,777175,0.429948,0.347833
2025-07-09,777176,0.442431,0.454558
2025-07-09,777177,0.392215,0.394343
2025-07-09,777178,0.403723,0.376961
2025-07-09,777179,0.378643,0.394373
2025-07-09,777181,,
2025-07-09,777182,0.405542,0.366070
2025-07-09,777183,0.402291,0.363385
2025-07-09,777184,0.406591,0.448604
2025-07-10,777156,0.445380,0.454464
2025-07-10,777158,0.385131,0.387617
2025-07-10,777159,0.383661,0.439157
2025-07-10,777164,,
2025-07-10,777165,0.436722,0.416076
2025-07-10,777166,0.422563,0.362096
2025-07-10,777167,0.415485,0.350818
2025-07-10,777168,0.361734,0.362307
2025-07-10,777169,0.405598,0.468327
2025-07-10,777170,0.406935,0.380857
2025-07-10,777181,0.436722,0.415834
2025-07-11,777139,0.428141,0.388609
2025-07-11,777143,0.431665,0.409623
2025-07-11,777146,0.352936,0.368386
2025-07-11,777147,0.444104,0.350710
2025-07-11,777148,0.392847,0.404629
2025-07-11,777149,0.403704,0.347587
2025-07-11,777150,0.372655,0.411725
2025-07-11,777151,0.436261,0.394896
2025-07-11,777152,0.385092,0.455161
2025-07-11,777153,0.390800,0.447082
2025-07-11,777154,0.383927,0.363323
2025-07-11,777155,0.386405,0.362216
2025-07-11,777157,0.368418,0.416854
2025-07-11,777160,0.365293,0.362017
2025-07-11,777161,0.404295,0.365499
2025-07-11,777164,0.352936,0.332514
2025-07-12,777126,0.428725,0.389058
2025-07-12,777127,0.431700,0.408935
2025-07-12,777131,0.400077,0.412017
2025-07-12,777132,0.374892,0.397891
2025-07-12,777134,0.392541,0.404558
2025-07-12,777135,0.403413,0.348607
2025-07-12,777136,0.436617,0.394965
2025-07-12,777137,0.378372,0.363090
2025-07-12,777138,0.352627,0.335554
2025-07-12,777140,0.379286,0.362748
2025-07-12,777141,0.400786,0.417430
2025-07-12,777142,0.390317,0.455906
2025-07-12,777144,0.341691,0.391690
2025-07-12,777145,0.405823,0.364915
2025-07-13,777113,0.392247,0.406972
2025-07-13,777115,0.344643,0.413407
2025-07-13,777116,0.373785,0.397512
2025-07-13,777117,0.428742,0.388686
2025-07-13,777118,0.418075,0.381258
2025-07-13,777119,0.429693,0.422839
2025-07-13,777120,0.352778,0.329397
2025-07-13,777121,0.407752,0.399956
2025-07-13,777122,0.429853,0.456452
2025-07-13,777123,0.350039,0.361668
2025-07-13,777124,0.421423,0.395145
2025-07-13,777125,0.383143,0.362111
2025-07-13,777128,0.388169,0.364490
2025-07-13,777129,0.379847,0.416621
2025-07-13,777130,0.384674,0.385312
2025-07-18,777098,0.415065,0.382376
2025-07-18,777099,0.361380,0.407724
2025-07-18,777100,0.380850,0.352337
2025-07-18,777101,0.384670,0.430521
2025-07-18,777102,0.394408,0.364062
2025-07-18,777103,0.363254,0.431082
2025-07-18,777105,0.397843,0.336993
2025-07-18,777106,0.413690,0.428741
2025-07-18,777107,0.331102,0.392580
2025-07-18,777108,0.408237,0.383607
2025-07-18,777109,0.395081,0.366856
2025-07-18,777110,0.415698,0.373280
2025-07-18,777111,0.363114,0.444746
2025-07-18,777112,0.389105,0.413894
2025-07-18,777114,0.452722,0.418054
2025-07-19,777080,0.406502,0.364350
2025-07-19,777081,0.381086,0.352338
2025-07-19,777085,0.363126,0.448281
2025-07-19,777086,0.340454,0.407485
2025-07-19,777088,0.364878,0.381858
2025-07-19,777089,0.414069,0.429830
2025-07-19,777090,0.335261,0.392359
2025-07-19,777091,0.389191,0.414189
2025-07-19,777092,0.365266,0.436202
2025-07-19,777093,0.394335,0.368465
2025-07-19,777094,0.385327,0.383247
2025-07-19,777095,0.415688,0.374389
2025-07-19,777096,0.396723,0.430666
2025-07-19,777097,0.455266,0.417949
2025-07-19,777104,0.427514,0.346426
2025-07-20,777067,0.375835,0.406898
2025-07-20,777070,0.376617,0.445900
2025-07-20,777071,0.381051,0.344849
2025-07-20,777072,0.382711,0.394175
2025-07-20,777073,0.414188,0.398812
2025-07-20,777074,0.334141,0.391662
2025-07-20,777075,0.390359,0.390534
2025-07-20,777076,0.415656,0.340272
2025-07-20,777077,0.389140,0.413016
2025-07-20,777078,0.415153,0.430792
2025-07-20,777079,0.393804,0.373127
2025-07-20,777082,0.393559,0.358927
2025-07-20,777083,0.447419,0.416256
2025-07-20,777084,0.404247,0.338343
2025-07-20,777087,0.364093,0.435791
2025-07-21,777050,0.374345,0.406312
2025-07-21,777051,0.405343,0.429295
2025-07-21,777053,0.407509,0.395213
2025-07-21,777055,0.375822,0.398447
2025-07-21,777057,0.403195,
2025-07-21,777059,0.337891,0.383123
2025-07-21,777060,0.399024,0.390646
2025-07-21,777061,0.414155,0.435262
2025-07-21,777062,0.388864,0.368231
2025-07-21,777063,0.386672,0.430691
2025-07-21,777064,0.363161,0.401543
2025-07-21,777065,0.393040,0.390545
2025-07-21,777066,0.475335,0.373416
2025-07-21,777068,0.414882,0.327490
2025-07-21,777069,0.394311,0.418687
2025-07-22,777035,0.373527,0.405209
2025-07-22,777039,0.394408,0.430751
2025-07-22,777040,0.391275,0.397941
2025-07-22,777042,0.361408,0.402325
2025-07-22,777043,0.404039,0.380996
2025-07-22,777044,0.363697,0.386068
2025-07-22,777045,0.388321,0.430432
2025-07-22,777046,0.450899,0.381531
2025-07-22,777047,0.388209,0.389965
2025-07-22,777048,0.339435,0.381763
2025-07-22,777049,0.379384,0.366021
2025-07-22,777052,0.388553,0.367545
2025-07-22,777054,0.413241,0.434063
2025-07-22,777056,0.414716,0.328263
2025-07-22,777058,0.394345,0.418869
2025-07-23,777022,0.405665,0.445228
2025-07-23,777024,0.373245,0.387519
2025-07-23,777026,0.362903,0.402703
2025-07-23,777027,0.450688,0.396984
2025-07-23,777028,0.378465,0.366182
2025-07-23,777029,0.382145,0.392063
2025-07-23,777030,0.339681,0.382168
2025-07-23,777031,0.336675,0.421131
2025-07-23,777032,0.382666,0.397690
2025-07-23,777033,0.431736,
2025-07-23,777034,0.412347,0.433368
2025-07-23,777036,0.413599,0.329267
2025-07-23,777037,0.388283,0.367673
2025-07-23,777038,0.411893,0.430282
2025-07-23,777041,0.424024,0.400039
2025-07-24,777018,0.404860,0.410497
2025-07-24,777019,0.413610,0.329150
2025-07-24,777021,0.381107,0.388113
2025-07-24,777023,0.387684,0.377800
2025-07-24,777025,0.443607,0.353525
2025-07-25,777004,0.433716,0.424748
2025-07-25,777005,0.388576,0.380205
2025-07-25,777006,0.404473,0.409398
2025-07-25,777007,,0.372432
2025-07-25,777008,0.380448,0.373696
2025-07-25,777009,0.418330,0.376820
2025-07-25,777010,,
2025-07-25,777011,0.411499,0.393963
2025-07-25,777012,0.450341,0.389176
2025-07-25,777013,0.385202,0.362123
2025-07-25,777014,0.385349,0.393623
2025-07-25,777015,0.430158,0.450287
2025-07-25,777016,0.382621,0.397601
2025-07-25,777017,0.428661,0.337432
2025-07-25,777020,0.365986,0.414731
2025-07-26,776985,0.434549,0.424346
2025-07-26,776990,0.329924,0.392434
2025-07-26,776991,0.474881,0.387666
2025-07-26,776992,0.389024,0.380233
2025-07-26,776993,0.418037,0.380159
2025-07-26,776994,0.428284,0.330375
2025-07-26,776995,0.404755,0.408542
2025-07-26,776996,0.362019,0.349481
2025-07-26,776997,0.411392,0.406399
2025-07-26,776998,0.465349,0.391443
2025-07-26,776999,0.371615,0.412301
2025-07-26,777000,0.380906,0.360916
2025-07-26,777001,0.431756,0.381580
2025-07-26,777002,0.398114,0.392855
2025-07-26,777003,0.398492,0.398256
2025-07-26,777010,0.329924,0.392434
2025-07-27,776974,0.433826,0.394849
2025-07-27,776975,0.330201,0.392824
2025-07-27,776976,0.394786,0.368353
2025-07-27,776977,0.405614,0.407570
2025-07-27,776978,0.381752,0.364481
2025-07-27,776979,0.412450,0.383352
2025-07-27,776980,0.389068,0.379370
2025-07-27,776981,0.416337,0.380317
2025-07-27,776982,0.385359,0.360114
2025-07-27,776983,0.446626,0.388795
2025-07-27,776984,0.383619,0.386468
2025-07-27,776986,0.369093,0.430393
2025-07-27,776987,0.384954,0.393837
2025-07-27,776988,0.432018,0.388554
2025-07-27,776989,0.428933,0.341976
2025-07-28,776957,0.420945,0.474200
2025-07-28,776958,0.380710,0.409062
2025-07-28,776959,0.433434,0.389087
2025-07-28,776960,0.380472,0.380045
2025-07-28,776961,0.386564,0.382575
2025-07-28,776964,0.372846,0.424085
2025-07-28,776965,0.428320,0.348313
2025-07-28,776966,0.383555,0.410410
2025-07-28,776967,0.446054,0.360317
2025-07-28,776968,0.364856,0.329597
2025-07-28,776969,0.349582,0.370391
2025-07-28,776970,0.385697,0.373274
2025-07-28,776971,0.415079,0.392237
2025-07-28,776972,0.431668,0.343409
2025-07-28,776973,0.382917,0.384568
2025-07-29,776943,0.392767,0.424227
2025-07-29,776944,0.405956,0.472193
2025-07-29,776945,0.352991,0.409011
2025-07-29,776946,0.380903,0.368954
2025-07-29,776947,0.433165,0.388867
2025-07-29,776949,0.405620,0.411353
2025-07-29,776950,0.412435,0.383504
2025-07-29,776951,0.371262,0.348737
2025-07-29,776952,0.431322,0.342846
2025-07-29,776953,0.382590,0.394043
2025-07-29,776954,0.387549,0.382617
2025-07-29,776955,0.415988,0.391464
2025-07-29,776956,0.427770,0.348681
2025-07-29,776962,0.381433,0.426130
2025-07-29,776963,0.429942,0.381604
2025-07-29,778372,0.378624,0.430162
2025-07-30,776929,0.426730,0.341080
2025-07-30,776930,0.406341,0.471699
2025-07-30,776931,0.399813,0.389184
2025-07-30,776932,0.380479,0.408999
2025-07-30,776933,0.392794,0.424242
2025-07-30,776934,0.380131,0.379289
2025-07-30,776935,0.380485,0.364170
2025-07-30,776936,0.415456,0.384506
2025-07-30,776937,0.412221,0.379810
2025-07-30,776938,0.372900,0.387776
2025-07-30,776939,0.431760,0.341561
2025-07-30,776940,0.382167,0.393768
2025-07-30,776941,0.429919,0.380503
2025-07-30,776942,0.370177,0.328400
2025-07-30,776948,0.370216,0.412231
2025-07-31,776923,0.380936,0.420748
2025-07-31,776927,0.372942,0.392980
2025-07-31,776928,0.414538,0.382139
2025-08-01,776906,0.378282,0.389271
2025-08-01,776908,0.380507,0.420105
2025-08-01,776913,0.371089,0.431492
2025-08-01,776914,0.382457,0.471001
2025-08-01,776915,0.412173,0.388398
2025-08-01,776916,0.331537,0.385545
2025-08-01,776917,0.357437,0.415171
2025-08-01,776918,0.429350,0.381426
2025-08-01,776919,0.392406,0.369678
2025-08-01,776920,0.391575,0.381162
2025-08-01,776921,0.413123,0.380350
2025-08-01,776922,0.376415,0.395554
2025-08-01,776924,0.306053,0.348072
2025-08-01,776925,0.372107,0.395458
2025-08-01,776926,0.423820,0.432289
2025-08-02,776896,0.378455,0.389486
2025-08-02,776897,0.379980,0.419672
2025-08-02,776898,0.371691,0.385253
2025-08-02,776899,0.381256,0.468504
2025-08-02,776900,0.391825,0.366702
2025-08-02,776901,0.430270,0.381038
2025-08-02,776902,0.411118,0.426650
2025-08-02,776903,0.354491,0.411512
2025-08-02,776904,0.363228,0.400489
2025-08-02,776905,0.321696,0.347179
2025-08-02,776907,0.412922,0.359312
2025-08-02,776909,0.384691,0.404822
2025-08-02,776910,0.373222,0.397962
2025-08-02,776911,0.423559,0.431072
2025-08-02,776912,0.395207,0.431080
2025-08-03,776881,0.339860,0.444917
2025-08-03,776883,0.379028,0.420467
2025-08-03,776884,0.368640,0.389259
2025-08-03,776885,0.371111,0.407631
2025-08-03,776886,0.385417,0.364577
2025-08-03,776887,0.423345,0.430928
2025-08-03,776888,0.411497,0.426619
2025-08-03,776889,0.430446,0.394780
2025-08-03,776890,0.384950,0.430749
2025-08-03,776891,0.388976,0.400883
2025-08-03,776892,0.384747,0.349581
2025-08-03,776893,0.391643,0.379860
2025-08-03,776894,0.369252,0.410609
2025-08-03,776895,0.375424,0.392982
2025-08-03,776907,0.412922,0.359312
2025-08-04,776867,0.362293,0.408033
2025-08-04,776870,0.379544,0.430276
2025-08-04,776871,0.366168,0.376530
2025-08-04,776872,0.378591,0.371859
2025-08-04,776873,0.388845,0.381398
2025-08-04,776874,0.383853,0.396163
2025-08-04,776875,0.374903,0.400775
2025-08-04,776876,0.327471,0.430473
2025-08-04,776877,0.410285,0.431190
2025-08-04,776878,0.359025,0.388201
2025-08-04,776879,0.407730,0.366956
2025-08-04,776880,0.391402,0.402185
2025-08-04,776882,0.370357,0.398293
2025-08-05,776848,0.371651,0.408183
2025-08-05,776852,0.389196,0.381621
2025-08-05,776854,0.377752,0.371859
2025-08-05,776855,0.482668,0.378102
2025-08-05,776857,0.371277,0.420492
2025-08-05,776858,0.379779,0.430016
2025-08-05,776860,0.358717,0.414248
2025-08-05,776861,0.384560,0.395728
2025-08-05,776862,0.375293,0.399554
2025-08-05,776863,0.350384,0.428806
2025-08-05,776864,0.391729,0.392517
2025-08-05,776865,0.461577,0.410082
2025-08-05,776866,0.422639,0.387564
2025-08-05,776868,0.409692,0.432446
2025-08-05,776869,0.352623,0.399037
2025-08-06,776836,0.368939,0.370166
2025-08-06,776838,0.393468,0.381270
2025-08-06,776839,0.379177,0.427692
2025-08-06,776841,0.371074,0.420601
2025-08-06,776843,0.353504,0.407788
2025-08-06,776844,0.423114,0.373138
2025-08-06,776845,0.481500,0.376062
2025-08-06,776846,0.326718,0.451867
2025-08-06,776847,0.355663,0.367317
2025-08-06,776849,0.385641,0.398739
2025-08-06,776850,0.461992,0.413597
2025-08-06,776851,0.409223,0.431370
2025-08-06,776853,0.344204,0.371769
2025-08-06,776856,0.387673,0.386616
2025-08-06,776859,0.352796,0.396968
2025-08-07,776830,0.371719,0.421147
2025-08-07,776837,0.460445,0.412699
2025-08-07,776840,0.358405,0.385898
2025-08-07,776842,0.398453,0.398449
2025-08-08,776820,0.390789,0.388282
2025-08-08,776821,0.431120,0.375079
2025-08-08,776822,0.412260,0.422694
2025-08-08,776823,0.373097,0.430291
2025-08-08,776824,0.377269,0.420559
2025-08-08,776825,0.371023,0.381184
2025-08-08,776826,0.426621,0.409465
2025-08-08,776827,0.387347,0.353598
2025-08-08,776828,0.451830,0.346272
2025-08-08,776829,0.358911,0.388153
2025-08-08,776831,,0.407443
2025-08-08,776832,0.408967,0.397380
2025-08-08,776833,0.350114,0.370667
2025-08-08,776834,0.397218,0.400650
2025-08-08,776835,0.376268,0.480537
2025-08-09,776802,0.411387,0.422889
2025-08-09,776805,0.399847,0.421310
2025-08-09,776807,0.390553,0.388026
2025-08-09,776808,0.373131,0.430273
2025-08-09,776809,0.370118,0.381678
2025-08-09,776810,0.431876,0.375416
2025-08-09,776811,0.434544,0.407138
2025-08-09,776812,0.358334,0.387533
2025-08-09,776813,0.409028,0.383116
2025-08-09,776814,0.350360,0.368363
2025-08-09,776815,0.376026,0.451470
2025-08-09,776816,0.383839,0.336866
2025-08-09,776817,0.429747,0.345946
2025-08-09,776818,0.426370,0.384666
2025-08-09,776819,0.396127,0.399528
2025-08-09,778431,0.396127,0.399528
2025-08-10,776788,0.379595,0.427903
2025-08-10,776789,0.390514,0.387967
2025-08-10,776791,0.371324,0.422568
2025-08-10,776793,0.400402,0.423086
2025-08-10,776794,0.396761,0.382022
2025-08-10,776795,0.426567,0.398911
2025-08-10,776796,0.353491,0.357544
2025-08-10,776797,0.366548,0.480739
2025-08-10,776798,0.349883,0.369908
2025-08-10,776799,0.431145,0.337406
2025-08-10,776800,0.431175,0.377370
2025-08-10,776801,0.361389,0.387499
2025-08-10,776803,0.404569,0.420748
2025-08-10,776804,0.460694,0.407009
2025-08-10,776806,0.408005,0.397625
2025-08-11,776779,0.431812,0.407258
2025-08-11,776780,0.387718,0.422646
2025-08-11,776781,0.389256,0.370918
2025-08-11,776782,0.391527,0.368350
2025-08-11,776783,0.369592,0.383815
2025-08-11,776784,0.412675,0.387167
2025-08-11,776785,0.382450,0.377070
2025-08-11,776786,0.369222,0.362740
2025-08-11,776787,0.380188,0.459947
2025-08-11,776790,0.396495,0.448903
2025-08-11,776792,0.430753,0.355740
2025-08-12,776762,0.379517,0.457302
2025-08-12,776763,0.431886,0.407472
2025-08-12,776764,0.382353,0.377133
2025-08-12,776767,0.387653,0.417907
2025-08-12,776768,0.426537,0.379530
2025-08-12,776769,0.396032,0.367315
2025-08-12,776770,0.401244,0.383389
2025-08-12,776771,0.386165,0.344804
2025-08-12,776772,0.400275,0.430223
2025-08-12,776773,0.397346,0.418132
2025-08-12,776774,0.380763,0.448797
2025-08-12,776775,0.368891,0.408186
2025-08-12,776776,0.422829,0.407274
2025-08-12,776777,0.430931,0.355083
2025-08-12,776778,0.360892,0.348823
2025-08-13,776746,0.383054,0.376533
2025-08-13,776749,0.386640,0.420603
2025-08-13,776751,0.372365,0.395851
2025-08-13,776752,0.431716,0.406718
2025-08-13,776753,0.399302,0.376116
2025-08-13,776754,0.397327,0.439659
2025-08-13,776755,0.374075,0.343806
2025-08-13,776756,0.421511,0.429943
2025-08-13,776757,0.426338,0.379488
2025-08-13,776758,0.369004,0.366191
2025-08-13,776759,0.408722,0.386560
2025-08-13,776760,0.395339,0.448500
2025-08-13,776761,0.421947,0.407459
2025-08-13,776765,0.431134,0.355429
2025-08-13,776766,0.395381,0.348346
2025-08-14,776742,0.384072,0.372022
2025-08-14,776743,0.431168,0.410222
2025-08-14,776744,0.397255,0.379986
2025-08-14,776745,0.396223,0.325914
2025-08-14,776747,0.412816,0.373664
2025-08-14,776748,0.397880,0.430399
2025-08-14,776750,0.393121,0.407616
2025-08-15,776727,0.385897,0.429276
2025-08-15,776728,0.352976,0.386672
2025-08-15,776729,0.374236,0.420240
2025-08-15,776730,0.383785,0.366389
2025-08-15,776731,0.481555,0.354495
2025-08-15,776732,0.396827,0.405085
2025-08-15,776733,0.406576,0.385802
2025-08-15,776734,0.406233,0.456007
2025-08-15,776735,0.396951,0.378710
2025-08-15,776736,0.421129,0.430416
2025-08-15,776737,0.379028,0.426378
2025-08-15,776738,0.413543,0.348644
2025-08-15,776739,0.430821,0.399533
2025-08-15,776740,0.331070,0.354987
2025-08-15,776741,0.394868,0.397889
2025-08-16,776711,0.373498,0.420537
2025-08-16,776712,0.413644,0.386925
2025-08-16,776713,0.480624,0.367641
2025-08-16,776715,0.383587,0.399308
2025-08-16,776716,0.395948,0.385942
2025-08-16,776717,0.384998,0.429286
2025-08-16,776718,0.406352,0.457971
2025-08-16,776719,0.381058,0.426156
2025-08-16,776720,0.413296,0.326313
2025-08-16,776721,0.330947,0.354739
2025-08-16,776722,0.405946,0.375069
2025-08-16,776723,0.396091,0.403327
2025-08-16,776724,0.424199,0.397749
2025-08-16,776725,0.431408,0.399338
2025-08-16,776726,0.422147,0.430901
2025-08-17,776697,0.385106,0.428895
2025-08-17,776698,0.484442,0.354227
2025-08-17,776699,0.404596,0.457024
2025-08-17,776700,0.400893,0.395439
2025-08-17,776701,0.350891,0.369956
2025-08-17,776702,0.410132,0.387430
2025-08-17,776703,0.373814,0.391476
2025-08-17,776704,0.375966,0.425942
2025-08-17,776705,0.406527,0.365871
2025-08-17,776706,0.411914,0.347858
2025-08-17,776707,0.422182,0.430723
2025-08-17,776708,0.431046,0.380196
2025-08-17,776709,0.332507,0.354481
2025-08-17,776710,0.396102,0.415493
2025-08-17,776714,0.359728,0.409561
2025-08-18,776681,0.361416,0.404456
2025-08-18,776682,0.347497,0.383881
2025-08-18,776683,0.419921,0.384626
2025-08-18,776688,0.382614,0.438175
2025-08-18,776689,0.422229,0.431450
2025-08-18,776690,0.396771,0.387260
2025-08-18,776692,0.365287,0.394556
2025-08-18,776693,0.445773,0.367117
2025-08-18,776694,0.416224,0.386686
2025-08-18,776695,0.407501,
2025-08-18,776696,0.379306,0.410895
2025-08-18,777459,0.333550,0.425530
2025-08-19,776667,0.391049,0.384201
2025-08-19,776668,0.361053,0.404613
2025-08-19,776671,0.428877,0.365793
2025-08-19,776672,0.325305,0.384072
2025-08-19,776674,0.458237,0.397554
2025-08-19,776675,0.396885,0.387987
2025-08-19,776676,0.317808,0.426727
2025-08-19,776677,0.448750,0.356481
2025-08-19,776678,0.430799,0.412370
2025-08-19,776679,0.393271,0.370972
2025-08-19,776680,0.421469,0.425119
2025-08-19,776684,,0.398152
2025-08-19,776685,0.364527,0.395456
2025-08-19,776686,0.382594,0.416669
2025-08-19,776687,0.369095,0.410592
2025-08-19,776691,0.317808,0.426727
2025-08-20,776652,0.366452,0.408630
2025-08-20,776656,0.419363,0.384129
2025-08-20,776658,0.346092,0.384389
2025-08-20,776659,0.431596,0.398317
2025-08-20,776660,0.451434,0.370526
2025-08-20,776661,0.393967,0.372222
2025-08-20,776662,0.421523,0.433095
2025-08-20,776663,0.343893,0.426298
2025-08-20,776664,0.485679,0.371852
2025-08-20,776665,0.459192,0.387512
2025-08-20,776666,0.397725,0.388639
2025-08-20,776669,0.367710,0.410733
2025-08-20,776670,0.382346,0.415730
2025-08-20,776673,0.365002,0.361761
2025-08-21,776631,0.382804,0.371490
2025-08-21,776642,0.391061,0.384176
2025-08-21,776644,0.379158,0.370334
2025-08-21,776650,0.430720,0.411268
2025-08-21,776651,0.343214,0.424571
2025-08-21,776653,0.458391,0.388454
2025-08-21,776654,0.396909,0.448296
2025-08-21,776655,0.364446,0.377624
2025-08-21,776657,0.398249,0.384533
2025-08-22,776633,0.414525,0.374402
2025-08-22,776634,0.419014,0.379878
2025-08-22,776635,0.360875,0.384722
2025-08-22,776636,0.428660,0.384137
2025-08-22,776637,0.367126,0.383275
2025-08-22,776638,0.460273,0.421554
2025-08-22,776639,0.392029,0.365700
2025-08-22,776640,0.385829,0.403914
2025-08-22,776641,0.346421,0.397206
2025-08-22,776643,0.364503,0.374391
2025-08-22,776645,0.432383,0.409875
2025-08-22,776646,0.393333,0.415935
2025-08-22,776647,0.408405,0.484211
2025-08-22,776648,0.399222,0.433341
2025-08-22,776649,0.389595,0.395066
2025-08-23,776617,0.429333,0.383920
2025-08-23,776618,0.424540,0.403168
2025-08-23,776619,0.390571,0.394597
2025-08-23,776620,0.459258,0.421544
2025-08-23,776621,0.395077,0.343777
2025-08-23,776622,0.365113,0.384434
2025-08-23,776623,0.346413,0.388716
2025-08-23,776625,0.390089,0.395082
2025-08-23,776626,0.451416,0.411049
2025-08-23,776627,0.399042,0.449410
2025-08-23,776628,0.399599,0.433140
2025-08-23,776629,0.364790,0.376851
2025-08-23,776630,0.392588,0.414030
2025-08-23,776632,0.345765,0.378448
2025-08-24,776602,0.458002,0.421859
2025-08-24,776603,0.433074,0.383320
2025-08-24,776605,0.424752,0.432181
2025-08-24,776606,0.382482,0.355542
2025-08-24,776607,0.386727,0.362909
2025-08-24,776608,0.377088,0.317712
2025-08-24,776609,0.365320,0.385500
2025-08-24,776610,0.364703,0.370480
2025-08-24,776611,0.345998,0.397722
2025-08-24,776612,0.365101,0.408781
2025-08-24,776613,0.412998,0.432325
2025-08-24,776614,0.363996,0.407577
2025-08-24,776615,0.390200,0.390376
2025-08-24,776616,0.409938,0.482784
2025-08-24,776624,0.450855,0.411060
2025-08-25,776589,0.368015,0.354091
2025-08-25,776590,0.394365,0.391271
2025-08-25,776592,0.401879,0.397246
2025-08-25,776593,0.385944,0.380277
2025-08-25,776594,0.365539,0.434295
2025-08-25,776595,0.382586,0.423143
2025-08-25,776596,0.386118,0.384979
2025-08-25,776597,0.407412,0.484719
2025-08-25,776598,0.432301,0.432691
2025-08-25,776599,0.390550,0.312891
2025-08-25,776600,0.411063,0.403785
2025-08-25,776601,0.371690,0.324611
2025-08-25,776604,0.403458,0.389626
2025-08-26,776573,0.394720,0.457646
2025-08-26,776574,0.382485,0.433877
2025-08-26,776575,0.431688,0.388200
2025-08-26,776576,0.424204,0.419661
2025-08-26,776577,0.382608,0.422817
2025-08-26,776578,0.381619,0.381407
2025-08-26,776581,0.411291,0.396663
2025-08-26,776582,0.347471,0.384905
2025-08-26,776583,0.384922,0.362752
2025-08-26,776584,0.357036,0.359303
2025-08-26,776585,0.431373,0.432168
2025-08-26,776586,0.385160,0.380419
2025-08-26,776587,0.364465,0.365013
2025-08-26,776588,0.407953,0.449514
2025-08-26,776591,0.406247,0.386213
2025-08-27,776557,0.385559,0.419678
2025-08-27,776559,0.395470,0.456886
2025-08-27,776561,0.430165,0.422977
2025-08-27,776562,0.365575,0.444941
2025-08-27,776563,0.432786,0.397095
2025-08-27,776565,0.410879,0.382196
2025-08-27,776566,0.431582,0.449490
2025-08-27,776567,0.420649,0.415459
2025-08-27,776568,0.381365,0.381875
2025-08-27,776569,0.389623,0.365389
2025-08-27,776570,0.413700,0.485008
2025-08-27,776571,0.369914,0.401922
2025-08-27,776572,0.352003,0.338319
2025-08-27,776579,0.399354,0.383107
2025-08-27,776580,0.371262,0.333991
2025-08-28,776550,0.412800,0.420857
2025-08-28,776553,0.385342,0.320236
2025-08-28,776554,0.388166,0.382760
2025-08-28,776555,0.337201,0.364309
2025-08-28,776556,0.485881,0.364581
2025-08-28,776558,0.367951,0.449302
2025-08-28,776560,0.411347,0.431160
2025-08-28,776564,0.400822,0.387035
2025-08-29,776533,0.392061,0.361699
2025-08-29,776534,0.384900,0.433023
2025-08-29,776538,,0.456503
2025-08-29,776540,0.394994,0.389870
2025-08-29,776541,0.382622,0.384428
2025-08-29,776542,0.424618,0.393808
2025-08-29,776543,0.432037,0.385295
2025-08-29,776544,0.448028,0.341168
2025-08-29,776545,0.357082,0.400382
2025-08-29,776546,0.380849,0.415394
2025-08-29,776547,0.422211,0.345774
2025-08-29,776548,0.389097,0.449986
2025-08-29,776549,0.379240,0.405910
2025-08-29,776551,0.411873,0.366889
2025-08-29,776552,0.410579,0.433143
2025-08-30,776516,0.390137,0.421297
2025-08-30,776523,0.384487,0.428108
2025-08-30,776524,0.382014,0.422750
2025-08-30,776525,0.372616,0.412471
2025-08-30,776526,0.425656,0.365665
2025-08-30,776527,0.380152,0.415274
2025-08-30,776528,0.395497,0.391233
2025-08-30,776529,0.486737,0.392710
2025-08-30,776530,0.382400,0.392040
2025-08-30,776531,0.419856,0.385518
2025-08-30,776532,0.410265,0.431975
2025-08-30,776535,0.355485,0.450744
2025-08-30,776536,0.370211,0.369115
2025-08-30,776537,0.422188,0.345425
2025-08-30,776539,0.379720,0.407536
2025-08-31,776507,0.389896,0.420976
2025-08-31,776508,0.381026,0.391041
2025-08-31,776509,0.385011,0.431852
2025-08-31,776510,0.420764,0.385503
2025-08-31,776511,0.426287,0.371013
2025-08-31,776512,0.395765,0.384869
2025-08-31,776513,0.382308,0.411877
2025-08-31,776514,0.448947,0.389724
2025-08-31,776515,0.381490,0.414516
2025-08-31,776517,0.363968,0.406452
2025-08-31,776518,0.412051,0.367987
2025-08-31,776519,0.382621,0.431654
2025-08-31,776520,0.378442,0.410921
2025-08-31,776521,0.422385,0.344942
2025-08-31,776522,0.410079,0.431521
2025-09-01,776492,0.421002,0.365166
2025-09-01,776494,0.388054,0.364621
2025-09-01,776495,0.381346,0.385086
2025-09-01,776497,0.390901,0.411048
2025-09-01,776498,0.382983,0.400258
2025-09-01,776499,0.398626,0.384883
2025-09-01,776500,0.431901,0.371792
2025-09-01,776501,0.450280,0.378806
2025-09-01,776502,0.389524,0.419839
2025-09-01,776503,0.413981,0.367842
2025-09-01,776504,0.422317,0.372470
2025-09-01,776505,0.345622,0.402227
2025-09-01,776506,0.408497,0.426965
2025-09-02,776480,0.394214,0.381973
2025-09-02,776481,0.381598,0.385994
2025-09-02,776482,0.379127,0.400134
2025-09-02,776483,0.423131,0.411673
2025-09-02,776484,0.387688,0.386748
2025-09-02,776485,0.421697,0.372999
2025-09-02,776486,,
2025-09-02,776487,0.390453,0.387209
2025-09-02,776488,0.377544,0.384556
2025-09-02,776489,0.448992,0.363863
2025-09-02,776490,0.450504,0.395877
2025-09-02,776491,0.383815,0.367795
2025-09-02,776493,0.323538,0.405852
2025-09-02,776496,0.432427,0.378977
2025-09-03,776465,0.385836,0.381934
2025-09-03,776466,0.402344,0.389752
2025-09-03,776467,0.421516,0.369041
2025-09-03,776468,0.380943,0.386310
2025-09-03,776469,0.415568,0.390158
2025-09-03,776470,0.402639,0.371460
2025-09-03,776471,0.431566,0.372220
2025-09-03,776472,0.449690,0.384997
2025-09-03,776473,0.391238,0.396846
2025-09-03,776474,0.323717,0.352336
2025-09-03,776475,0.414130,0.367754
2025-09-03,776476,0.421023,0.372183
2025-09-03,776477,0.379314,0.401095
2025-09-03,776478,0.451303,0.395215
2025-09-03,776479,0.430345,0.379582
2025-09-04,776458,0.345937,0.358958
2025-09-04,776459,0.431344,0.368641
2025-09-04,776461,0.432241,0.379472
2025-09-04,776462,0.372100,0.357042
2025-09-04,776463,0.431386,0.389262
2025-09-04,776464,0.484860,0.385958
2025-09-05,776442,0.408218,0.366207
2025-09-05,776444,0.457112,0.419960
2025-09-05,776445,0.420559,0.409641
2025-09-05,776446,0.396660,0.389320
2025-09-05,776448,0.378724,0.386221
2025-09-05,776449,0.386102,0.314184
2025-09-05,776450,0.450462,0.368153
2025-09-05,776451,0.324581,0.386093
2025-09-05,776452,0.357994,0.395548
2025-09-05,776453,0.362077,0.378986
2025-09-05,776454,0.432203,0.391066
2025-09-05,776455,0.400711,0.428016
2025-09-05,776456,0.430525,0.399731
2025-09-05,776457,0.414728,0.485995
2025-09-05,776460,0.420820,0.368853
2025-09-06,776424,0.360254,0.387125
2025-09-06,776430,0.457179,0.419742
2025-09-06,776431,0.381647,0.367056
2025-09-06,776432,0.385197,0.380642
2025-09-06,776433,0.430983,0.396427
2025-09-06,776434,0.393846,0.356973
2025-09-06,776435,0.342924,0.386004
2025-09-06,776436,0.414492,0.484454
2025-09-06,776437,0.398805,0.409891
2025-09-06,776438,,0.371764
2025-09-06,776439,0.431540,0.367103
2025-09-06,776440,,0.427886
2025-09-06,776441,0.346189,0.378433
2025-09-06,776443,0.443583,0.389344
2025-09-06,776447,0.420384,0.368734
2025-09-07,776414,0.460023,0.422717
2025-09-07,776415,0.360178,0.386617
2025-09-07,776416,0.420117,0.409268
2025-09-07,776417,0.382604,0.367722
2025-09-07,776418,0.386012,0.354704
2025-09-07,776419,0.362138,0.378357
2025-09-07,776420,0.410357,0.389788
2025-09-07,776421,,0.358081
2025-09-07,776422,0.416142,0.356966
2025-09-07,776423,0.405130,0.448661
2025-09-07,776425,0.391883,0.419925
2025-09-07,776426,0.430833,0.378153
2025-09-07,776427,0.432472,0.405855
2025-09-07,776428,0.421994,0.368850
2025-09-07,776429,0.449967,0.366878
2025-09-08,776399,0.386352,0.419507
2025-09-08,776400,0.383421,0.422279
2025-09-08,776405,0.450404,0.444916
2025-09-08,776406,0.371460,0.354541
2025-09-08,776407,0.367305,0.383145
2025-09-08,776408,0.366943,0.433878
2025-09-08,776409,0.400495,0.377085
2025-09-08,776410,0.379492,0.457893
2025-09-08,776411,0.383004,0.421404
2025-09-08,776412,0.427732,0.369145
2025-09-08,776413,0.357002,0.346835
2025-09-09,776388,0.370105,0.391113
2025-09-09,776389,0.366571,0.433284
2025-09-09,776390,0.394398,0.419958
2025-09-09,776391,0.383973,0.422124
2025-09-09,776392,,0.407805
2025-09-09,776393,0.402766,0.385886
2025-09-09,776394,0.386223,0.420264
2025-09-09,776395,0.382409,0.380385
2025-09-09,776396,0.387464,0.455287
2025-09-09,776397,0.403026,0.376472
2025-09-09,776398,0.395124,0.448370
2025-09-09,776401,0.377484,0.389154
2025-09-09,776402,0.427558,0.369702
2025-09-09,776403,0.384623,0.324639
2025-09-09,776404,0.449560,0.428779
2025-09-10,776373,0.384215,0.421978
2025-09-10,776374,0.385601,0.420453
2025-09-10,776375,0.383190,0.380143
2025-09-10,776376,0.395472,0.428957
2025-09-10,776377,0.366992,0.381464
2025-09-10,776378,0.370020,0.393328
2025-09-10,776379,0.372866,0.388299
2025-09-10,776380,0.368075,0.444994
2025-09-10,776381,0.389119,0.410333
2025-09-10,776382,0.384277,
2025-09-10,776383,0.386752,0.449069
2025-09-10,776384,0.443331,0.430225
2025-09-10,776385,0.403061,0.386226
2025-09-10,776386,0.402928,0.366782
2025-09-10,776387,0.377193,0.392951
2025-09-11,776362,0.421920,0.421306
2025-09-11,776364,0.378844,0.319032
2025-09-11,776365,0.367246,0.381334
2025-09-11,776367,0.375418,0.372793
2025-09-11,776368,0.420266,0.448843
2025-09-11,776369,0.403526,0.386221
2025-09-11,776370,0.389912,
2025-09-11,776371,0.450624,0.431096
2025-09-11,776372,0.382789,0.387951
2025-09-12,776345,0.410382,0.420964
2025-09-12,776350,0.433725,0.420811
2025-09-12,776351,0.376650,0.402810
2025-09-12,776352,0.358662,0.398074
2025-09-12,776353,0.390016,0.403856
2025-09-12,776354,0.389776,0.431648
2025-09-12,776355,0.338926,0.396167
2025-09-12,776356,0.379036,0.346646
2025-09-12,776357,0.367534,0.381084
2025-09-12,776358,0.357780,0.438998
2025-09-12,776359,0.379700,0.449909
2025-09-12,776360,0.394837,0.408744
2025-09-12,776361,0.391900,0.324992
2025-09-12,776363,0.486208,0.378719
2025-09-12,776366,0.394900,0.372095
2025-09-13,776328,0.433072,0.421176
2025-09-13,776333,0.421540,0.420589
2025-09-13,776336,0.382588,0.402997
2025-09-13,776337,0.386433,0.396320
2025-09-13,776338,0.371226,0.399561
2025-09-13,776339,0.379386,0.346358
2025-09-13,776340,0.366397,0.437674
2025-09-13,776341,0.366273,0.381596
2025-09-13,776342,0.388975,0.432606
2025-09-13,776343,0.401188,0.386821
2025-09-13,776344,0.486387,0.387381
2025-09-13,776346,0.403000,0.409125
2025-09-13,776347,0.393642,0.372945
2025-09-13,776348,0.320751,0.346852
2025-09-13,776349,0.379043,0.449669
2025-09-14,776317,0.421420,0.420800
2025-09-14,776320,0.377448,0.410843
2025-09-14,776321,0.402310,0.387511
2025-09-14,776322,0.399694,0.404748
2025-09-14,776323,0.367615,0.435729
2025-09-14,776324,0.386271,0.398495
2025-09-14,776325,0.444856,0.421304
2025-09-14,776326,0.384304,0.363566
2025-09-14,776327,0.365074,0.402765
2025-09-14,776329,0.403173,0.408612
2025-09-14,776330,0.449922,0.378463
2025-09-14,776331,0.390477,0.346408
2025-09-14,776332,0.393059,0.386023
2025-09-14,776334,0.388318,0.432621
2025-09-14,776335,0.379450,0.449472
2025-09-15,776309,0.397471,0.386132
2025-09-15,776311,0.432572,0.445230
2025-09-15,776312,0.328848,0.379372
2025-09-15,776313,0.451156,0.383623
2025-09-15,776314,0.389117,0.389000
2025-09-15,776315,0.408899,0.402824
2025-09-15,776316,0.387983,0.371400
2025-09-15,776318,0.387576,0.377161
2025-09-15,776319,0.379696,0.403099
2025-09-16,776293,0.385613,0.368470
2025-09-16,776294,0.419546,0.386228
2025-09-16,776295,0.403098,0.363385
2025-09-16,776297,0.432669,0.444819
2025-09-16,776298,0.486662,0.397485
2025-09-16,776300,0.341043,0.360385
2025-09-16,776301,0.388520,0.363520
2025-09-16,776302,0.420636,0.389156
2025-09-16,776303,0.345655,0.383818
2025-09-16,776304,0.381909,0.449308
2025-09-16,776305,0.387953,0.371218
2025-09-16,776306,0.388995,0.383487
2025-09-16,776307,0.410548,0.337102
2025-09-16,776308,0.387821,0.376654
2025-09-16,776310,0.402942,0.387209
2025-09-16,777825,0.410548,0.390678
2025-09-17,776277,0.369343,0.368941
2025-09-17,776279,0.419485,0.386521
2025-09-17,776280,0.432388,0.444984
2025-09-17,776283,0.386822,0.382549
2025-09-17,776284,0.486164,0.397287
2025-09-17,776285,0.403130,0.327028
2025-09-17,776286,0.412328,0.402678
2025-09-17,776287,0.388908,0.358093
2025-09-17,776288,0.381342,0.450120
2025-09-17,776289,0.421513,0.388598
2025-09-17,776290,0.405552,0.360005
2025-09-17,776291,0.405060,0.363776
2025-09-17,776292,0.379304,0.363588
2025-09-17,776296,,0.393936
2025-09-17,776299,0.454377,0.377837
2025-09-18,776269,0.387995,0.372047
2025-09-18,776270,0.367881,0.371033
2025-09-18,776271,0.419006,0.433465
2025-09-18,776272,0.421144,0.388022
2025-09-18,776274,0.417834,0.371279
2025-09-18,776275,0.325317,0.394421
2025-09-18,776276,0.381556,0.451217
2025-09-18,776278,0.450717,0.418363
2025-09-18,776281,0.455972,0.377781
2025-09-18,776282,0.389831,0.338286
2025-09-19,776251,0.385818,0.379460
2025-09-19,776253,0.393762,0.371742
2025-09-19,776255,0.431939,0.385755
2025-09-19,776256,0.418668,0.444963
2025-09-19,776259,0.402543,0.451397
2025-09-19,776260,0.389392,
2025-09-19,776261,0.378249,0.361421
2025-09-19,776262,0.420686,0.355800
2025-09-19,776263,0.325266,0.381368
2025-09-19,776264,0.381596,0.383181
2025-09-19,776265,0.363611,0.378200
2025-09-19,776266,0.457738,0.376641
2025-09-19,776267,0.391362,0.328290
2025-09-19,776268,0.412787,0.393898
2025-09-19,776273,0.450550,0.401849
2025-09-20,776233,0.419227,0.433046
2025-09-20,776241,0.393687,0.372523
2025-09-20,776242,0.370165,0.356801
2025-09-20,776243,0.345456,0.378518
2025-09-20,776244,0.363570,0.378599
2025-09-20,776245,0.405919,0.458667
2025-09-20,776246,0.431664,0.386926
2025-09-20,776247,0.377780,0.362830
2025-09-20,776248,0.419866,0.356020
2025-09-20,776250,0.380972,0.380602
2025-09-20,776252,0.402644,0.451898
2025-09-20,776254,0.389869,0.329536
2025-09-20,776257,0.488006,0.401480
2025-09-20,776258,0.413419,0.381835
2025-09-20,777839,0.326054,0.395512
2025-09-21,776225,,0.394144
2025-09-21,776226,0.370014,0.390301
2025-09-21,776227,0.419448,0.433490
2025-09-21,776228,0.419854,0.348632
2025-09-21,776229,0.397751,0.388197
2025-09-21,776230,0.430804,0.386462
2025-09-21,776231,0.367785,0.377223
2025-09-21,776232,0.443418,0.400470
2025-09-21,776234,0.456425,0.408799
2025-09-21,776235,0.381100,0.382196
2025-09-21,776236,0.378574,0.361610
2025-09-21,776237,0.404939,0.431780
2025-09-21,776238,0.412282,0.392991
2025-09-21,776239,0.390646,0.340943
2025-09-21,776240,0.452631,0.392569
2025-09-22,776220,0.383213,0.418989
2025-09-22,776221,0.323144,0.411709
2025-09-22,776222,0.382375,0.381131
2025-09-23,776207,0.382625,0.404729
2025-09-23,776208,0.348656,0.438215
2025-09-23,776209,0.451778,0.390122
2025-09-23,776210,0.381584,0.391254
2025-09-23,776211,0.379531,0.419804
2025-09-23,776212,0.424712,0.420365
2025-09-23,776213,0.433186,0.386430
2025-09-23,776214,0.382682,0.344324
2025-09-23,776215,0.385494,0.409687
2025-09-23,776216,0.381832,0.452148
2025-09-23,776217,0.378781,0.397720
2025-09-23,776218,0.392151,0.325334
2025-09-23,776219,0.377232,0.412301
2025-09-23,776223,0.373150,0.400460
2025-09-23,776224,0.409685,0.340221
2025-09-24,776192,0.405255,0.373266
2025-09-24,776193,0.432463,0.386624
2025-09-24,776194,0.427627,0.420273
2025-09-24,776195,0.348037,0.437444
2025-09-24,776196,0.380135,0.420099
2025-09-24,776197,0.382553,0.375041
2025-09-24,776198,0.382601,0.381461
2025-09-24,776199,0.319814,0.451658
2025-09-24,776200,0.402423,0.413260
2025-09-24,776201,0.387901,0.410012
2025-09-24,776202,0.409162,0.339818
2025-09-24,776203,0.380926,0.404759
2025-09-24,776204,0.392248,
2025-09-24,776205,0.452079,0.389629
2025-09-24,776206,0.379109,0.379990
2025-09-25,776178,0.382264,0.395748
2025-09-25,776179,0.434607,0.422305
2025-09-25,776182,0.348128,0.371320
2025-09-25,776183,0.393923,0.373130
2025-09-25,776184,0.360290,0.452910
2025-09-25,776185,0.445465,0.386889
2025-09-25,776186,0.379386,0.388689
2025-09-25,776187,0.451428,0.389546
2025-09-25,776188,0.363920,0.430719
2025-09-25,776189,0.383605,
2025-09-25,776190,0.375383,0.340155
2025-09-25,776191,0.358365,0.401229
2025-09-26,776165,0.385940,0.404504
2025-09-26,776166,0.437220,0.419619
2025-09-26,776167,0.384821,0.389436
2025-09-26,776168,0.450086,0.422499
2025-09-26,776169,0.348448,0.406687
2025-09-26,776170,0.386910,0.382470
2025-09-26,776171,0.340641,0.382357
2025-09-26,776172,0.388778,0.454619
2025-09-26,776173,0.431301,0.364011
2025-09-26,776174,0.398933,0.449517
2025-09-26,776175,0.356140,
2025-09-26,776176,0.394579,0.430314
2025-09-26,776177,0.373983,0.388106
2025-09-26,776180,0.374917,0.412483
2025-09-26,776181,0.387186,0.379571
2025-09-27,776146,0.433645,0.420140
2025-09-27,776150,0.363433,0.422877
2025-09-27,776152,0.359916,0.365117
2025-09-27,776153,0.328646,0.382363
2025-09-27,776154,0.387973,0.439811
2025-09-27,776155,0.348299,0.411046
2025-09-27,776156,0.408767,0.412982
2025-09-27,776157,0.388463,0.384223
2025-09-27,776158,0.315880,0.324789
2025-09-27,776159,0.373119,0.388888
2025-09-27,776160,0.386368,0.404721
2025-09-27,776161,0.452033,0.370724
2025-09-27,776162,0.398674,0.489558
2025-09-27,776163,0.382169,0.429481
2025-09-27,776164,0.384511,0.390046
2025-09-28,776135,0.374175,0.420098
2025-09-28,776136,0.366611,0.408425
2025-09-28,776137,0.432088,0.420389
2025-09-28,776138,0.404067,0.459545
2025-09-28,776139,0.433030,0.422510
2025-09-28,776140,0.398299,0.488419
2025-09-28,776141,0.350513,0.430474
2025-09-28,776142,0.374115,0.390515
2025-09-28,776143,0.385584,0.405563
2025-09-28,776144,0.340090,0.381924
2025-09-28,776145,0.405548,0.403451
2025-09-28,776147,0.315560,0.324276
2025-09-28,776148,0.452766,0.362996
2025-09-28,776149,0.357232,0.411780
2025-09-28,776151,0.353220,0.374279
2025-09-30,813066,,
2025-09-30,813069,,
2025-09-30,813072,,
2025-09-30,813074,,
2026-04-01,822835,0.396035,0.403009
2026-04-01,823078,0.427774,
2026-04-01,823157,0.452274,0.412518
2026-04-01,823321,0.418833,0.405493
2026-04-01,823483,0.405433,0.427461
2026-04-01,823806,0.392005,0.385053
2026-04-01,823889,,0.351606
2026-04-01,823970,0.323700,0.432016
2026-04-01,824136,0.372714,0.381168
2026-04-01,824211,0.374290,0.372716
2026-04-01,824536,0.359880,0.360588
2026-04-01,824698,0.444545,0.361126
2026-04-01,824860,0.414300,0.426111
2026-04-01,824940,0.342432,0.422147
2026-04-01,825106,,0.387816
2026-04-02,823242,0.427127,0.418208
2026-04-02,824133,0.373424,0.381495
2026-04-02,824621,,
2026-04-02,825105,0.423300,0.387851
2026-04-03,822758,0.431253,0.416734
2026-04-03,822919,0.388673,0.413905
2026-04-03,823240,0.427384,0.388821
2026-04-03,823406,0.425862,0.440002
2026-04-03,823568,0.359131,0.451219
2026-04-03,823732,0.413776,0.384187
2026-04-03,824056,0.425687,0.409660
2026-04-03,824134,,
2026-04-03,824299,0.367939,
2026-04-03,824377,0.428263,0.406010
2026-04-03,824458,0.360837,
2026-04-03,824621,0.417097,
2026-04-03,824786,0.405219,0.423036
2026-04-03,825026,0.389231,0.439657
2026-04-03,825103,0.387244,0.387471
2026-04-04,822757,0.432228,0.420653
2026-04-04,822920,0.360211,0.414077
2026-04-04,823239,0.388022,0.419001
2026-04-04,823404,0.426463,0.439163
2026-04-04,823569,0.387604,0.451512
2026-04-04,823730,0.390313,0.346434
2026-04-04,824054,0.430760,0.409412
2026-04-04,824132,0.360034,0.381570
2026-04-04,824134,0.392259,0.381570
2026-04-04,824295,,
2026-04-04,824378,0.429654,0.368555
2026-04-04,824460,,
2026-04-04,824622,0.402712,0.357908
2026-04-04,824782,0.398861,0.421238
2026-04-04,825027,0.389660,0.439735
2026-04-04,825104,0.422630,0.387219
2026-04-05,822756,0.432944,0.387475
2026-04-05,822917,0.359612,0.413457
2026-04-05,823238,0.387800,0.369702
2026-04-05,823405,0.425984,0.438819
2026-04-05,823566,0.387758,0.452111
2026-04-05,823729,0.384065,0.384521
2026-04-05,824053,0.430849,0.409021
2026-04-05,824131,0.359671,0.381367
2026-04-05,824296,,0.389072
2026-04-05,824379,0.429807,0.405426
2026-04-05,824459,0.397925,
2026-04-05,824460,0.360551,0.323421
2026-04-05,824620,0.387100,
2026-04-05,824781,0.435577,0.420417
2026-04-05,825025,0.398993,0.440447
2026-04-05,825102,0.421667,0.386667
2026-04-06,822755,0.377637,0.421903
2026-04-06,822832,0.451800,0.403005
2026-04-06,822918,0.411114,0.413413
2026-04-06,823002,0.360536,0.389415
2026-04-06,823237,0.429704,0.369502
2026-04-06,823401,0.435977,0.438881
2026-04-06,823728,0.387824,0.383041
2026-04-06,823886,0.359261,0.388074
2026-04-06,824052,0.421810,0.413866
2026-04-06,824376,0.390454,0.401507
2026-04-06,824456,0.382192,0.390094
2026-04-06,824619,0.425982,
2026-04-06,824783,0.383873,0.411883
2026-04-07,822754,0.372624,0.407535
2026-04-07,822831,0.451572,0.396439
2026-04-07,822916,0.411021,0.413258
2026-04-07,822999,0.364046,0.390316
2026-04-07,823235,0.429769,0.370505
2026-04-07,823402,0.436398,0.438928
2026-04-07,823567,0.440409,0.452090
2026-04-07,823648,0.387052,0.387314
2026-04-07,823727,0.379181,0.372120
2026-04-07,823887,0.358494,0.387880
2026-04-07,824051,0.386968,0.409074
2026-04-07,824375,0.390710,0.401292
2026-04-07,824457,0.382338,0.322331
2026-04-07,824618,0.425903,0.343368
2026-04-07,824780,0.341658,0.434349
2026-04-08,822753,0.367154,0.423703
2026-04-08,822833,0.450906,0.395651
2026-04-08,822915,0.423148,0.412748
2026-04-08,823000,0.363822,0.391126
2026-04-08,823234,0.429273,0.371078
2026-04-08,823403,0.435640,0.438155
2026-04-08,823564,0.440083,0.451169
2026-04-08,823646,0.387116,0.387176
2026-04-08,823726,0.380981,0.372331
2026-04-08,823885,0.358407,0.356645
2026-04-08,824050,0.387668,0.408050
2026-04-08,824374,0.390108,0.371165
2026-04-08,824455,0.382204,0.323219
2026-04-08,824617,0.392196,
2026-04-08,824779,0.376561,0.416648
2026-04-09,823319,0.398720,0.405524
2026-04-09,823565,0.419998,0.432780
2026-04-09,823645,0.355081,0.391630
2026-04-09,823724,0.398059,0.399661
2026-04-09,823884,0.357888,0.357600
2026-04-09,824130,,0.381812
2026-04-10,822829,0.370912,0.395475
2026-04-10,822997,0.446880,0.390308
2026-04-10,823076,0.339866,0.361921
2026-04-10,823156,0.389232,0.408578
2026-04-10,823318,0.370394,0.435135
2026-04-10,823482,0.354696,0.429219
2026-04-10,823643,0.438006,0.400370
2026-04-10,823808,0.405721,0.383154
2026-04-10,823968,0.412321,0.450712
2026-04-10,824128,0.359120,0.382328
2026-04-10,824297,0.356808,0.373823
2026-04-10,824534,0.406681,0.357655
2026-04-10,824695,0.393427,0.363554
2026-04-10,824858,0.371225,0.392215
2026-04-10,824941,0.382359,0.423919
2026-04-11,822830,0.371700,0.396040
2026-04-11,822996,0.449466,0.387466
2026-04-11,823074,0.383088,0.364810
2026-04-11,823155,0.379738,0.407897
2026-04-11,823316,0.399794,0.434928
2026-04-11,823480,0.387417,0.429300
2026-04-11,823644,0.437053,0.394617
2026-04-11,823805,0.408848,0.358187
2026-04-11,823967,0.382056,0.449778
2026-04-11,824129,0.374391,0.382496
2026-04-11,824294,0.355580,0.370724
2026-04-11,824535,0.444107,0.352385
2026-04-11,824697,0.438223,0.363203
2026-04-11,824857,0.371566,0.425938
2026-04-11,824939,0.325063,0.388760
2026-04-12,822828,0.362085,0.361636
2026-04-12,822998,0.489070,0.389069
2026-04-12,823075,0.382765,0.359495
2026-04-12,823154,0.373130,0.409826
2026-04-12,823317,0.373652,0.435534
2026-04-12,823479,0.346482,0.430202
2026-04-12,823642,0.436781,0.397334
2026-04-12,823804,0.420619,0.382759
2026-04-12,823966,0.392648,0.447335
2026-04-12,824126,0.362949,0.381765
2026-04-12,824293,0.383955,0.374365
2026-04-12,824533,0.444279,0.357445
2026-04-12,824696,0.438492,0.346471
2026-04-12,824859,0.418736,0.425835
2026-04-12,824938,0.371313,0.425309
2026-04-13,823073,0.324633,0.360779
2026-04-13,823153,0.373618,0.409219
2026-04-13,823400,0.412602,0.439377
2026-04-13,823481,0.366092,0.430288
2026-04-13,823563,0.408265,0.447493
2026-04-13,823725,0.381784,0.370932
2026-04-13,823964,0.406083,0.449450
2026-04-13,824856,0.387387,0.425635
2026-04-13,824937,0.352708,0.424859
2026-04-13,825024,0.393017,0.438274
2026-04-14,823072,0.382979,0.366299
2026-04-14,823315,0.409285,0.436497
2026-04-14,823398,0.421036,0.440263
2026-04-14,823478,0.362822,0.430300
2026-04-14,823562,0.446695,0.459235
2026-04-14,823723,0.361524,0.382704
2026-04-14,823802,0.361709,0.347327
2026-04-14,823965,0.393443,0.448928
2026-04-14,824210,0.368538,0.373177
2026-04-14,824292,0.382016,0.381861
2026-04-14,824531,0.370834,0.389672
2026-04-14,824616,0.410061,0.361293
2026-04-14,824853,0.347041,0.425435
2026-04-14,824935,0.351945,0.425367
2026-04-14,825022,0.412523,0.404134
2026-04-15,823071,0.381876,0.377300
2026-04-15,823314,0.408872,0.409130
2026-04-15,823399,0.405590,0.440269
2026-04-15,823477,0.365606,0.429849
2026-04-15,823561,0.412015,0.491780
2026-04-15,823722,0.383247,0.371637
2026-04-15,823803,0.368522,0.347075
2026-04-15,823963,0.395960,0.398951
2026-04-15,824209,0.400564,0.389825
2026-04-15,824291,0.381095,0.385440
2026-04-15,824532,0.370293,0.357607
2026-04-15,824615,0.388660,0.390501
2026-04-15,824855,0.387993,0.424613
2026-04-15,824936,0.345797,0.424872
2026-04-15,825021,0.411604,0.430977
2026-04-16,823313,0.409645,0.437777
2026-04-16,823396,0.420167,0.371872
2026-04-16,823560,0.448745,0.450836
2026-04-16,823801,0.386094,0.350178
2026-04-16,824208,0.369822,0.373438
2026-04-16,824289,0.380661,0.407309
2026-04-16,824453,0.423807,0.373620
2026-04-16,824530,0.388560,0.358262
2026-04-16,824614,0.339637,0.376100
2026-04-16,825023,0.402888,0.408811
2026-04-17,822752,0.370760,0.418723
2026-04-17,823152,0.411613,0.410334
2026-04-17,823397,0.387876,0.439334
2026-04-17,823476,0.425569,0.430658
2026-04-17,823559,0.381118,0.450171
2026-04-17,823720,0.358367,0.371447
2026-04-17,823883,0.347325,0.351638
2026-04-17,824048,0.406224,0.412675
2026-04-17,824207,0.373699,0.400393
2026-04-17,824373,0.447996,0.393130
2026-04-17,824454,0.423911,0.366083
2026-04-17,824693,0.365835,0.362770
2026-04-17,824778,0.409771,0.441324
2026-04-17,825019,0.400996,0.409535
2026-04-17,825101,0.385383,0.387780
2026-04-18,822751,0.388567,0.413880
2026-04-18,823151,0.413092,0.408583
2026-04-18,823394,0.387675,0.440095
2026-04-18,823474,0.387348,0.430978
2026-04-18,823558,0.381390,0.434083
2026-04-18,823721,0.376025,0.389039
2026-04-18,823882,0.347125,0.350707
2026-04-18,824049,0.437908,0.412188
2026-04-18,824206,0.371234,0.400454
2026-04-18,824372,0.447080,0.391752
2026-04-18,824451,0.424065,0.359065
2026-04-18,824694,0.366143,0.362455
2026-04-18,824775,0.384464,0.416732
2026-04-18,825020,0.416886,0.409618
2026-04-18,825098,0.350419,0.388023
2026-04-19,822750,0.370589,0.405563
2026-04-19,823150,0.412429,0.410103
2026-04-19,823393,0.386799,0.360159
2026-04-19,823475,0.425092,0.430601
2026-04-19,823556,0.381069,0.465299
2026-04-19,823718,0.358082,0.401035
2026-04-19,823881,0.396199,0.346139
2026-04-19,824047,0.437583,0.411755
2026-04-19,824205,0.370347,0.400940
2026-04-19,824371,0.448350,0.402020
2026-04-19,824452,0.423847,0.326187
2026-04-19,824691,0.361587,0.362162
2026-04-19,824777,0.392844,0.418067
2026-04-19,825018,0.410134,0.406242
2026-04-19,825100,0.350462,0.410069
2026-04-20,822749,0.424801,0.422588
2026-04-20,822994,0.358254,0.386514
2026-04-20,823149,0.435482,0.409153
2026-04-20,823879,0.372189,0.397132
2026-04-20,824046,0.367552,0.411316
2026-04-20,824125,0.398136,0.380840
2026-04-20,824370,0.427044,0.393028
2026-04-20,824450,0.400405,0.353118
2026-04-20,824692,0.431171,0.362178
2026-04-20,824776,0.390969,0.439262
2026-04-21,822747,0.387405,0.402877
2026-04-21,822914,0.423155,0.412436
2026-04-21,822995,0.390401,0.386393
2026-04-21,823148,0.440685,0.422370
2026-04-21,823236,0.451908,0.370275
2026-04-21,823640,0.400569,0.379175
2026-04-21,823880,0.370100,0.396056
2026-04-21,824045,0.351061,0.447351
2026-04-21,824127,0.390670,0.380568
2026-04-21,824290,0.387556,0.425927
2026-04-21,824369,0.437430,0.402401
2026-04-21,824448,0.401811,0.351818
2026-04-21,824690,0.430691,0.361128
2026-04-21,824773,0.475079,0.411888
2026-04-21,825099,0.426652,0.387922
2026-04-22,822748,0.425466,0.423998
2026-04-22,822913,0.439612,0.422272
2026-04-22,822993,0.358182,0.407726
2026-04-22,823147,0.439744,0.408483
2026-04-22,823231,0.447167,0.370198
2026-04-22,823641,0.399870,0.423820
2026-04-22,823878,0.384256,0.346399
2026-04-22,824044,0.351239,0.447102
2026-04-22,824123,0.397169,0.380425
2026-04-22,824286,0.388343,0.421049
2026-04-22,824367,0.437025,0.402053
2026-04-22,824449,0.400962,0.346820
2026-04-22,824688,0.430306,0.360876
2026-04-22,824774,0.449814,0.404636
2026-04-22,825097,0.414183,0.388012
2026-04-23,822745,0.425522,0.414676
2026-04-23,822912,0.440104,0.411223
2026-04-23,823233,0.463223,0.369666
2026-04-23,823639,0.400326,0.419741
2026-04-23,824288,0.353536,0.396838
2026-04-23,824368,0.436419,0.392382
2026-04-23,824689,0.430102,0.360680
2026-04-23,824770,0.475608,0.359583
2026-04-23,825096,0.436868,0.388626
2026-04-24,822827,0.336345,0.351328
2026-04-24,822909,0.441747,0.412217
2026-04-24,822992,0.393231,0.386113
2026-04-24,823069,0.408897,0.367098
2026-04-24,823232,0.395560,0.369144
2026-04-24,823638,0.394175,0.419250
2026-04-24,823800,0.440290,0.386908
2026-04-24,823962,0.362202,0.449247
2026-04-24,824124,0.447498,0.384435
2026-04-24,824204,0.451448,0.391649
2026-04-24,824529,0.422325,0.393197
2026-04-24,824611,0.428679,0.444890
2026-04-24,824854,0.358416,0.390128
2026-04-24,824932,0.429157,0.424606
2026-04-25,822826,0.341564,0.354662
2026-04-25,822910,0.449597,0.408419
2026-04-25,822989,0.387711,0.388182
2026-04-25,823070,0.423025,0.368097
2026-04-25,823229,0.400168,0.369078
2026-04-25,823637,,
2026-04-25,823799,0.439624,0.386449
2026-04-25,823960,0.363046,0.461433
2026-04-25,824121,0.447435,0.426129
2026-04-25,824203,0.490820,0.391489
2026-04-25,824527,0.395367,0.360435
2026-04-25,824613,0.396222,0.436613
2026-04-25,824851,0.403665,0.391643
2026-04-25,824933,0.429489,0.425162
2026-04-25,825093,0.436395,0.388284
2026-04-26,822824,0.328096,0.359899
2026-04-26,822911,0.445431,0.411590
2026-04-26,822991,0.354761,0.386958
2026-04-26,823068,0.408610,0.374647
2026-04-26,823230,0.395382,0.344088
2026-04-26,823635,0.390606,0.423657
2026-04-26,823637,0.402919,0.419631
2026-04-26,823797,0.361074,0.386478
2026-04-26,823959,0.360761,0.461432
2026-04-26,824122,0.426567,0.384278
2026-04-26,824202,0.491441,0.391368
2026-04-26,824528,0.396523,0.361040
2026-04-26,824612,0.412548,0.416151
2026-04-26,824852,0.432679,0.391484
2026-04-26,824934,0.429001,0.424938
2026-04-26,825094,0.435636,0.386878
2026-04-27,822825,0.433310,0.353837
2026-04-27,822906,0.490958,0.408270
2026-04-27,823311,0.363125,0.435161
2026-04-27,823395,0.384139,0.402558
2026-04-27,823719,0.425373,0.380996
2026-04-27,823961,0.393722,0.449190
2026-04-27,824446,0.408883,0.328561
2026-04-27,824609,0.411895,0.426989
2026-04-28,822823,0.432960,0.352982
2026-04-28,822908,0.491936,0.408203
2026-04-28,823310,0.386159,0.434678
2026-04-28,823390,0.382880,0.438745
2026-04-28,823473,0.344460,0.428524
2026-04-28,823636,0.425643,0.418956
2026-04-28,823716,0.408899,0.391848
2026-04-28,823798,0.385612,0.401735
2026-04-28,823956,0.394146,0.420775
2026-04-28,824447,0.386118,0.345704
2026-04-28,824526,0.403610,0.394560
2026-04-28,824610,0.427967,0.420192
2026-04-28,824849,0.391408,0.391312
2026-04-28,824931,0.425030,0.425881
2026-04-28,825017,0.380185,0.409526
2026-04-29,822821,0.438109,0.381587
2026-04-29,822907,0.492077,0.409083
2026-04-29,823312,0.352086,0.421322
2026-04-29,823392,0.381326,0.439395
2026-04-29,823471,,
2026-04-29,823633,0.410674,0.420349
2026-04-29,823717,0.409053,0.398168
2026-04-29,823796,0.386920,0.353620
2026-04-29,823958,0.393893,0.447717
2026-04-29,824445,0.385449,0.347444
2026-04-29,824525,0.380280,0.361283
2026-04-29,824608,0.428220,0.405422
2026-04-29,824850,,
2026-04-29,824930,0.392731,0.388635
2026-04-29,825015,0.415373,0.450015
2026-04-30,823391,0.379768,0.438623
2026-04-30,823471,0.369122,0.427783
2026-04-30,823472,0.369122,0.427783
2026-04-30,823634,0.424233,0.421029
2026-04-30,823714,0.415680,0.392918
2026-04-30,823795,0.387759,0.386958
2026-04-30,824524,0.394449,0.361105
2026-04-30,824848,0.391115,0.391498
2026-04-30,824850,0.412207,0.401591
2026-04-30,824929,0.392895,0.388995
2026-04-30,825016,0.380433,0.408962
2026-05-01,822744,0.386916,0.409451
2026-05-01,822990,0.369001,0.342951
2026-05-01,823066,0.449541,0.384544
2026-05-01,823146,0.380334,0.409205
2026-05-01,823309,0.417657,0.398380
2026-05-01,823389,0.360605,0.439616
2026-05-01,823557,0.390941,0.491416
2026-05-01,823713,0.415228,0.381699
2026-05-01,823877,0.438595,0.393137
2026-05-01,824041,0.421954,0.428476
2026-05-01,824287,0.390689,0.419309
2026-05-01,824366,0.389054,0.406106
2026-05-01,824686,0.349677,0.348998
2026-05-01,824772,0.391673,0.432068
2026-05-01,825012,0.347492,0.409320
2026-05-02,822746,0.387589,0.411617
2026-05-02,822988,0.345556,0.337241
2026-05-02,823067,0.449255,0.383267
2026-05-02,823144,0.380736,0.378508
2026-05-02,823308,0.423312,0.433761
2026-05-02,823388,0.356260,0.439734
2026-05-02,823554,0.390512,0.491249
2026-05-02,823715,0.376704,0.398353
2026-05-02,823876,0.428429,0.394120
2026-05-02,824042,0.419685,0.413166
2026-05-02,824284,0.391297,0.388955
2026-05-02,824365,0.389128,0.376510
2026-05-02,824685,0.387662,0.381189
2026-05-02,824771,0.393064,0.432245
2026-05-02,825014,0.327799,0.443660
2026-05-03,822742,0.366475,0.404490
2026-05-03,822987,0.417167,0.385615
2026-05-03,823065,0.460602,0.393191
2026-05-03,823145,0.380497,0.393608
2026-05-03,823307,0.434074,0.393551
2026-05-03,823387,0.356575,0.440176
2026-05-03,823555,0.398177,0.492362
2026-05-03,823711,,
2026-05-03,823875,0.427999,0.397646
2026-05-03,824043,0.421066,0.412861
2026-05-03,824285,0.407622,0.388744
2026-05-03,824364,0.338911,0.406507
2026-05-03,824687,0.387517,0.345104
2026-05-03,824769,0.392071,0.432304
2026-05-03,825013,0.345559,0.422555
2026-05-04,822984,,0.336086
2026-05-04,823064,0.387260,0.385117
2026-05-04,823143,0.383677,0.377687
2026-05-04,823228,0.433209,0.346478
2026-05-04,823552,0.376340,0.473146
2026-05-04,823874,0.428345,0.392585
2026-05-04,824039,0.427735,0.412939
2026-05-04,824120,0.348830,0.381339
2026-05-04,824201,0.448445,0.392814
2026-05-04,824283,0.434561,0.426287
2026-05-04,824363,0.420392,0.363968
2026-05-04,824684,0.356568,0.347441
2026-05-05,822743,0.392479,0.409094
2026-05-05,822986,,0.385360
2026-05-05,823062,,
2026-05-05,823142,0.385019,0.408899
2026-05-05,823227,0.381706,0.392116
2026-05-05,823469,0.421976,0.428102
2026-05-05,823553,0.390465,0.452617
2026-05-05,823873,0.399400,0.333110
2026-05-05,824040,0.361000,0.412723
2026-05-05,824119,0.344688,0.381449
2026-05-05,824200,0.418044,0.375443
2026-05-05,824281,0.420793,0.414793
2026-05-05,824362,,
2026-05-05,824682,0.357584,0.360578
2026-05-05,825092,0.414251,0.387357
2026-05-06,822740,0.378833,0.410738
2026-05-06,822985,0.437294,0.366432
2026-05-06,823063,0.350282,0.385926
2026-05-06,823141,0.384823,0.408838
2026-05-06,823226,0.382768,0.378801
2026-05-06,823470,0.405403,0.428511
2026-05-06,823550,0.383285,0.452649
2026-05-06,823872,0.390251,0.349020
2026-05-06,824036,0.432811,0.413313
2026-05-06,824118,0.347852,0.380398
2026-05-06,824198,0.460137,0.407415
2026-05-06,824282,0.421622,0.385146
2026-05-06,824361,0.419900,0.406409
2026-05-06,824683,0.357407,0.346304
2026-05-06,825091,0.440026,0.387101
2026-05-07,822741,0.389478,0.410131
2026-05-07,823306,0.383166,0.382277
2026-05-07,823467,0.443774,0.428392
2026-05-07,823551,0.384167,0.452973
2026-05-07,823870,0.397981,0.364899
2026-05-07,824117,0.344434,0.381373
2026-05-07,824362,0.432829,0.375129
2026-05-07,824681,0.392597,0.345563
2026-05-07,824767,0.367289,0.421584
2026-05-07,825090,0.439957,0.357560
2026-05-08,822822,0.412557,0.387245
2026-05-08,822904,0.359937,0.385174
2026-05-08,823225,0.374805,0.346260
2026-05-08,823303,0.384547,0.393536
2026-05-08,823466,0.354044,0.428798
2026-05-08,823794,0.492573,0.376718
2026-05-08,823871,0.416067,0.377547
2026-05-08,823957,0.384804,0.449356
2026-05-08,824116,0.410526,0.382054
2026-05-08,824443,0.380342,0.327430
2026-05-08,824522,0.375543,0.359125
2026-05-08,824607,0.409464,0.427413
2026-05-08,824768,0.366505,0.420884
2026-05-08,824846,0.444332,0.389938
2026-05-08,825088,0.420586,0.348275
2026-05-09,822820,0.412890,0.407379
2026-05-09,822905,0.360014,0.385086
2026-05-09,823224,0.439923,0.346885
2026-05-09,823304,0.383854,0.420107
2026-05-09,823468,0.405398,
2026-05-09,823792,0.492270,0.376073
2026-05-09,823869,0.426466,0.335594
2026-05-09,823955,0.339341,0.448996
2026-05-09,824115,0.381738,0.382132
2026-05-09,824444,0.378893,0.343541
2026-05-09,824523,0.376369,0.359114
2026-05-09,824606,0.423283,0.435908
2026-05-09,824766,,
2026-05-09,824847,0.442554,0.390004
2026-05-09,825089,0.418629,0.385663
2026-05-10,822819,0.414626,0.359058
2026-05-10,822902,0.376324,0.384658
2026-05-10,823221,0.418389,0.346471
2026-05-10,823305,0.384111,0.420924
2026-05-10,823463,0.368848,0.429649
2026-05-10,823793,0.491248,0.375473
2026-05-10,823868,0.427283,0.335454
2026-05-10,823954,0.339607,0.446717
2026-05-10,824113,0.407209,0.382028
2026-05-10,824440,0.392253,0.343230
2026-05-10,824520,0.376553,0.400802
2026-05-10,824605,0.378734,0.432781
2026-05-10,824765,0.339218,0.421120
2026-05-10,824845,0.459536,0.390001
2026-05-10,825085,0.423386,0.385756
2026-05-11,822818,0.384829,
2026-05-11,822901,0.385711,0.385864
2026-05-11,823953,0.345333,0.430090
2026-05-11,824199,0.378757,0.376412
2026-05-11,824441,0.416765,0.344526
2026-05-11,824844,0.491723,0.390186
2026-05-12,822817,0.409523,0.385838
2026-05-12,822903,0.385690,0.412725
2026-05-12,823385,0.404370,0.439256
2026-05-12,823632,0.380254,0.414352
2026-05-12,823712,0.335446,0.391759
2026-05-12,823790,0.421166,0.386476
2026-05-12,823951,0.345252,0.429790
2026-05-12,824197,0.378869,0.377051
2026-05-12,824442,0.412094,0.343559
2026-05-12,824521,0.426410,0.359123
2026-05-12,824604,0.381869,0.430583
2026-05-12,824764,0.430236,0.351172
2026-05-12,824843,0.492908,0.389802
2026-05-12,824927,0.360276,0.385093
2026-05-12,825011,0.392482,0.441686
2026-05-13,822815,0.385226,0.400680
2026-05-13,822900,0.385446,0.413085
2026-05-13,823386,0.373361,0.431452
2026-05-13,823631,0.405061,0.412248
2026-05-13,823710,0.334228,0.368751
2026-05-13,823791,0.420813,0.375446
2026-05-13,823952,0.346529,0.381340
2026-05-13,824195,0.378617,0.376475
2026-05-13,824438,0.428027,0.343779
2026-05-13,824519,0.417304,0.439075
2026-05-13,824603,0.380124,0.436060
2026-05-13,824763,0.440976,0.356075
2026-05-13,824841,0.490782,0.389292
2026-05-13,824928,0.345743,0.339558
2026-05-13,825010,0.384626,0.442850
2026-05-14,823383,0.392302,0.439036
2026-05-14,823630,0.407467,0.410637
2026-05-14,823709,0.332988,0.338003
2026-05-14,823789,0.396551,0.374527
2026-05-14,823950,0.344354,0.397719
2026-05-14,824196,0.378941,0.431646
2026-05-14,824517,0.427351,0.427340
2026-05-14,824602,0.380202,0.405573
2026-05-14,824762,0.430279,0.386763
2026-05-14,824926,0.361920,0.385492
2026-05-14,825008,0.392938,0.442570
2026-05-15,822739,0.388987,0.411668
2026-05-15,822983,0.332838,0.384785
2026-05-15,823061,0.381792,0.383119
2026-05-15,823140,0.420018,0.379109
2026-05-15,823384,0.430365,0.437989
2026-05-15,823629,0.489822,0.410140
2026-05-15,823707,0.374300,0.337167
2026-05-15,824037,0.429744,0.391680
2026-05-15,824194,0.366035,0.399981
2026-05-15,824280,0.400699,0.403494
2026-05-15,824360,0.385098,0.403819
2026-05-15,824439,0.439008,0.345529
2026-05-15,824601,0.363130,0.432927
2026-05-15,824925,0.358149,0.340138
2026-05-15,825009,0.340731,0.444102
2026-05-16,822737,0.389255,0.422154
2026-05-16,822981,0.331935,0.384319
2026-05-16,823060,0.381593,0.376873
2026-05-16,823139,0.419888,0.378295
2026-05-16,823382,0.431754,0.428421
2026-05-16,823627,0.468338,0.410316
2026-05-16,823706,0.374150,0.336958
2026-05-16,824038,0.430045,0.418994
2026-05-16,824193,0.389460,0.377112
2026-05-16,824278,0.399677,0.407208
2026-05-16,824359,0.384408,0.374770
2026-05-16,824435,0.423926,0.366221
2026-05-16,824600,0.363635,0.431979
2026-05-16,824924,0.357789,0.386061
2026-05-16,825007,0.344539,0.444653
2026-05-17,822738,0.420497,0.428569
2026-05-17,822982,0.331292,0.384604
2026-05-17,823058,0.381530,0.381012
2026-05-17,823138,0.377567,0.378517
2026-05-17,823381,0.432277,0.439071
2026-05-17,823628,0.488700,0.410049
2026-05-17,823708,0.374846,0.337041
2026-05-17,824034,0.445906,0.411472
2026-05-17,824192,0.366333,0.432060
2026-05-17,824279,0.380541,0.399848
2026-05-17,824358,0.346769,0.403522
2026-05-17,824436,0.402804,0.363974
2026-05-17,824599,0.363667,0.441339
2026-05-17,824923,0.357902,0.386856
2026-05-17,825006,0.356754,0.453353
2026-05-18,822734,0.408581,0.428721
2026-05-18,822980,0.389601,0.386528
2026-05-18,823137,0.436631,0.385347
2026-05-18,823301,0.430871,0.379088
2026-05-18,823465,0.384708,0.381818
2026-05-18,823549,0.426996,0.491445
2026-05-18,823705,0.384310,0.358199
2026-05-18,823867,0.387442,0.331530
2026-05-18,824035,0.440578,0.411228
2026-05-18,824114,0.356250,0.381168
2026-05-18,824277,0.345281,0.401468
2026-05-18,824357,0.382734,0.375473
2026-05-18,824680,0.374216,0.363910
2026-05-18,825087,0.345776,0.385682
2026-05-19,822736,0.410446,0.422152
2026-05-19,822979,0.390019,0.384140
2026-05-19,823059,0.391770,0.380427
2026-05-19,823136,0.434005,0.399255
2026-05-19,823302,0.430422,0.378852
2026-05-19,823464,0.384723,0.382145
2026-05-19,823548,0.391182,0.488238
2026-05-19,823704,0.383839,0.397609
2026-05-19,823865,0.392362,0.357774
2026-05-19,824033,0.442601,0.415439
2026-05-19,824112,0.386342,0.399702
2026-05-19,824276,0.363378,0.402492
2026-05-19,824356,0.370505,0.391158
2026-05-19,824677,0.373826,0.364143
2026-05-19,825086,0.356711,0.385758
2026-05-20,822735,0.411996,0.397564
2026-05-20,822977,0.390289,0.384880
2026-05-20,823057,0.405098,0.384900
2026-05-20,823134,0.436674,0.372645
2026-05-20,823299,0.430958,0.378725
2026-05-20,823462,0.383212,0.392532
2026-05-20,823547,0.391183,0.467262
2026-05-20,823703,0.383720,0.396795
2026-05-20,823866,0.429262,0.359005
2026-05-20,824032,0.437602,0.411427
2026-05-20,824111,0.374615,0.399525
2026-05-20,824273,0.342049,0.397949
2026-05-20,824355,0.377043,0.350696
2026-05-20,824678,0.374334,0.361663
2026-05-20,825084,0.342735,0.355860
2026-05-21,822733,0.413084,0.396950
2026-05-21,823056,0.438974,0.384753
2026-05-21,823545,0.390919,0.466813
2026-05-21,823864,0.428581,0.332458
2026-05-21,824031,0.437087,0.410107
2026-05-21,824274,0.360198,0.393693
2026-05-21,825083,0.362609,0.386815
2026-05-22,822816,0.418087,0.390608
2026-05-22,823223,0.429238,0.371887
2026-05-22,823298,0.435281,0.378370
2026-05-22,823461,0.349247,0.432290
2026-05-22,823546,0.384599,0.486905
2026-05-22,823788,0.431677,0.374756
2026-05-22,823863,0.415779,0.342315
2026-05-22,824029,0.390103,0.410408
2026-05-22,824110,0.385551,0.380277
2026-05-22,824518,,
2026-05-22,824679,0.383150,0.363991
2026-05-22,824761,0.366531,0.387102
2026-05-22,824842,0.424191,0.389936
2026-05-22,824922,0.410627,0.391169
2026-05-22,825082,0.369831,0.386518
2026-05-23,822814,0.389491,0.390496
2026-05-23,823222,0.428046,0.371362
2026-05-23,823300,0.434469,0.378159
2026-05-23,823458,0.357491,0.432050
2026-05-23,823543,,
2026-05-23,823787,0.431462,0.378742
2026-05-23,823862,0.420293,0.330998
2026-05-23,824030,0.389959,0.410948
2026-05-23,824109,0.377585,0.380344
2026-05-23,824516,0.384922,0.377749
2026-05-23,824518,0.384922,0.416667
2026-05-23,824674,0.383490,0.385108
2026-05-23,824760,0.387084,0.357075
2026-05-23,824840,,
2026-05-23,824920,0.421627,0.427102
2026-05-23,825080,0.368352,0.386590
2026-05-24,822813,0.401686,0.390317
2026-05-24,823220,0.393608,0.371326
2026-05-24,823297,0.433715,0.377907
2026-05-24,823459,0.356015,0.431924
2026-05-24,823544,0.410184,0.487014
2026-05-24,823786,0.431088,0.375789
2026-05-24,823861,,0.356096
2026-05-24,824028,0.382848,0.412877
2026-05-24,824108,0.376829,0.380792
2026-05-24,824514,,
2026-05-24,824676,0.390685,0.376015
2026-05-24,824759,0.342346,0.386839
2026-05-24,824839,0.385512,0.389923
2026-05-24,824840,0.395629,0.389923
2026-05-24,824921,0.396727,0.390187
2026-05-24,825081,0.340330,0.387012
2026-05-25,822812,0.330353,0.362443
2026-05-25,822899,0.383279,0.380845
2026-05-25,823219,0.387912,0.371280
2026-05-25,823296,0.431944,0.369513
2026-05-25,823380,0.410385,0.402073
2026-05-25,823625,0.378014,0.390576
2026-05-25,823784,0.386700,0.375572
2026-05-25,823948,0.368350,0.430615
2026-05-25,824107,0.486806,0.380056
2026-05-25,824437,0.410329,0.360740
2026-05-25,824598,0.367365,0.421071
2026-05-25,824838,0.383368,0.389583
2026-05-25,825005,0.376968,0.433728
2026-05-26,822811,0.330281,0.386512
2026-05-26,822898,0.382868,0.380156
2026-05-26,823216,0.388078,0.396286
2026-05-26,823294,0.432354,0.388060
2026-05-26,823379,0.376692,0.415191
2026-05-26,823624,0.409664,0.419356
2026-05-26,823785,0.394307,0.385949
2026-05-26,823949,0.358173,0.445048
2026-05-26,824106,0.448713,0.380195
2026-05-26,824275,0.411867,0.423479
2026-05-26,824434,0.397135,0.360518
2026-05-26,824597,0.379470,0.418513
2026-05-26,824758,0.390060,0.386509
2026-05-26,824837,0.384407,0.421469
2026-05-26,825004,0.385240,0.433059
2026-05-27,822809,0.329299,0.366644
2026-05-27,822897,0.416719,0.381092
2026-05-27,823217,0.388423,0.371826
2026-05-27,823295,0.433196,0.377935
2026-05-27,823376,0.376142,0.403062
2026-05-27,823626,0.376843,0.416959
2026-05-27,823783,0.385393,0.385478
2026-05-27,823947,0.338681,0.446070
2026-05-27,824104,0.488892,0.380168
2026-05-27,824270,0.413081,0.397674
2026-05-27,824432,0.413657,0.357299
2026-05-27,824596,0.378760,0.391794
2026-05-27,824756,0.390246,0.386274
2026-05-27,824836,0.385592,0.388999
2026-05-27,825003,0.384904,0.432004
2026-05-28,822896,0.385893,0.380655
2026-05-28,823378,0.376641,0.403259
2026-05-28,824272,0.412385,0.398601
2026-05-28,824595,0.378279,0.422713
2026-05-28,824757,0.390637,0.386877
2026-05-28,824834,0.382209,0.390101
2026-05-29,822732,0.387267,0.414403
2026-05-29,822894,0.378665,0.392187
2026-05-29,822978,0.412095,0.411706
2026-05-29,823055,0.376384,0.393125
2026-05-29,823135,0.387753,0.376912
2026-05-29,823377,0.380242,0.403153
2026-05-29,823623,0.329736,0.419344
2026-05-29,823946,0.432951,0.446741
2026-05-29,824191,0.385354,0.373611
2026-05-29,824353,0.370595,0.338092
2026-05-29,824433,0.386816,0.360892
2026-05-29,824515,0.427891,0.377256
2026-05-29,824594,0.420356,0.421592
2026-05-29,824835,0.372531,0.390107
2026-05-29,825002,0.485570,0.438578
2026-05-30,822731,0.377225,0.422558
2026-05-30,822893,0.391236,0.392381
2026-05-30,822975,0.412198,0.412846
2026-05-30,823054,0.376439,0.386344
2026-05-30,823132,0.387507,0.377871
2026-05-30,823375,0.396398,0.403651
2026-05-30,823622,0.329378,0.417590
2026-05-30,823945,0.433202,0.446449
2026-05-30,824190,0.385438,0.418316
2026-05-30,824352,0.370399,0.365826
2026-05-30,824431,0.386059,0.361923
2026-05-30,824513,0.429061,0.406708
2026-05-30,824593,0.390751,0.365095
2026-05-30,824833,0.382384,0.389797
2026-05-30,825000,0.485837,0.436015
2026-05-31,822729,0.403203,0.414413
2026-05-31,822895,0.395601,0.392470
2026-05-31,822976,0.411227,0.396750
2026-05-31,823053,0.351033,0.395703
2026-05-31,823133,0.387163,0.377789
2026-05-31,823373,0.344500,0.404072
2026-05-31,823621,0.329484,0.417709
2026-05-31,823944,0.433060,0.446589
2026-05-31,824187,0.399853,0.419346
2026-05-31,824354,0.385429,0.355332
2026-05-31,824430,0.361679,0.361468
2026-05-31,824512,0.430219,0.375427
2026-05-31,824592,0.376977,0.363889
2026-05-31,824832,0.367650,0.389953
2026-05-31,825001,0.487904,0.446286
2026-06-01,822730,0.372751,0.414680
2026-06-01,822974,0.413841,0.396710
2026-06-01,823050,0.391968,0.387148
2026-06-01,823131,0.421602,0.377512
2026-06-01,823702,0.360915,0.380520
2026-06-01,823781,0.385412,0.385056
2026-06-01,824027,0.351651,0.408842
2026-06-01,824510,0.395178,0.379322
2026-06-01,825078,0.446271,0.386460
2026-06-02,822728,0.407534,0.415463
2026-06-02,822971,0.391685,0.387068
2026-06-02,823052,0.391471,0.386291
2026-06-02,823129,0.421404,0.386546
2026-06-02,823460,0.402796,0.432880
2026-06-02,823541,0.359097,0.400986
2026-06-02,823700,0.356983,0.380209
2026-06-02,823782,0.385591,0.385978
2026-06-02,824026,0.354062,
2026-06-02,824189,0.403519,0.419366
2026-06-02,824511,0.403661,0.398985
2026-06-02,824675,0.434090,0.351071
2026-06-02,824754,0.389713,0.387028
2026-06-02,824918,0.383124,0.431105
2026-06-02,825079,0.445815,0.401327
2026-06-03,822727,0.410200,0.407742
2026-06-03,822973,0.391957,0.386516
2026-06-03,823051,0.391947,0.375382
2026-06-03,823130,0.425754,0.377554
2026-06-03,823456,0.383735,0.432921
2026-06-03,823540,0.355944,0.421235
2026-06-03,823701,0.365444,0.377818
2026-06-03,823780,0.385491,0.387441
2026-06-03,824024,0.336168,0.435705
2026-06-03,824188,0.403216,0.418819
2026-06-03,824509,0.394835,0.376328
2026-06-03,824671,0.433741,0.350997
2026-06-03,824755,0.389348,0.387058
2026-06-03,824917,0.381367,0.430618
2026-06-03,825077,0.445856,0.364934
2026-06-04,823457,0.402545,0.432934
2026-06-04,823542,0.358984,0.420859
2026-06-04,823698,0.394352,0.379154
2026-06-04,823779,0.385010,0.386492
2026-06-04,824185,0.402889,0.418995
2026-06-04,824672,0.398293,0.410134
2026-06-04,824753,0.389012,0.387214
2026-06-04,824919,0.371958,0.393238
2026-06-04,825076,0.378691,0.400735
2026-06-05,822810,0.389233,0.381902
2026-06-05,822892,0.352862,0.411156
2026-06-05,823049,0.351134,0.382424
2026-06-05,823293,0.425163,0.402595
2026-06-05,823455,0.357383,0.432557
2026-06-05,823538,0.386772,0.420749
2026-06-05,823699,0.393170,0.380745
2026-06-05,823860,0.385728,0.374409
2026-06-05,823943,0.440194,0.444826
2026-06-05,824186,0.432603,0.418606
2026-06-05,824271,0.387129,0.393237
2026-06-05,824350,0.386516,0.336213
2026-06-05,824673,0.384219,0.351285
2026-06-05,824914,0.405941,0.428513
2026-06-05,825073,0.421727,0.421385
2026-06-06,822808,0.389967,0.381325
2026-06-06,822891,0.356780,0.410933
2026-06-06,823048,0.371052,0.374961
2026-06-06,823292,0.424270,0.405031
2026-06-06,823454,0.365676,0.432646
2026-06-06,823539,,
2026-06-06,823697,0.393943,0.358139
2026-06-06,823859,0.413204,0.377464
2026-06-06,823942,,
2026-06-06,824184,0.430577,0.418632
2026-06-06,824269,0.372752,0.392998
2026-06-06,824351,0.385870,0.335374
2026-06-06,824669,0.385588,0.410632
2026-06-06,824915,0.402138,0.392709
2026-06-06,825075,0.399900,0.401713
2026-06-07,822807,0.389859,0.400249
2026-06-07,822890,0.356363,0.390648
2026-06-07,823047,0.380293,0.384158
2026-06-07,823291,0.424191,0.404738
2026-06-07,823453,,
2026-06-07,823537,0.386309,0.400832
2026-06-07,823696,0.378768,0.313886
2026-06-07,823857,0.393989,0.373416
2026-06-07,823941,0.435691,0.445665
2026-06-07,824183,0.430556,0.418605
2026-06-07,824268,0.372423,0.388811
2026-06-07,824349,0.375665,0.368975
2026-06-07,824670,0.385053,0.391454
2026-06-07,824916,0.375723,0.393279
2026-06-07,825074,0.416889,0.401371
2026-06-08,822806,0.432733,0.380511
2026-06-08,822972,0.386318,0.388075
2026-06-08,823218,0.416871,0.384522
2026-06-08,823289,0.375718,0.404890
2026-06-08,824025,0.418567,0.432769
2026-06-08,824427,0.420582,0.354432
2026-06-08,824829,0.372208,0.420946
2026-06-08,824998,0.387077,0.445410
2026-06-09,822805,0.432524,0.348827
2026-06-09,822969,0.385817,0.355192
2026-06-09,823214,0.423297,0.384796
2026-06-09,823290,0.374979,0.417597
2026-06-09,823374,0.445134,0.404964
2026-06-09,823620,0.382534,0.429347
2026-06-09,823858,0.402147,0.372261
2026-06-09,824023,0.418979,0.434952
2026-06-09,824105,0.410639,0.388283
2026-06-09,824267,0.382158,0.394881
2026-06-09,824347,0.390639,0.348547
2026-06-09,824429,0.421442,0.352014
2026-06-09,824591,,
2026-06-09,824830,0.381049,0.420823
2026-06-09,824999,0.387142,0.446059
2026-06-10,822804,0.432334,0.370505
2026-06-10,822970,0.385536,0.386488
2026-06-10,823215,0.399372,0.364181
2026-06-10,823287,0.389001,0.417181
2026-06-10,823372,0.445455,0.401857
2026-06-10,823618,0.382193,0.428484
2026-06-10,823856,0.402912,0.371947
2026-06-10,824022,0.410405,0.434150
2026-06-10,824103,0.410437,0.378753
2026-06-10,824266,0.364765,0.390117
2026-06-10,824348,0.391359,0.348510
2026-06-10,824428,0.400564,0.349648
2026-06-10,824590,0.384979,0.357718
2026-06-10,824831,0.372100,0.420176
2026-06-10,824996,0.386949,0.440151
2026-06-11,823371,0.446109,0.404745
2026-06-11,823619,0.381094,0.428605
2026-06-11,823855,0.402464,0.373264
2026-06-11,824101,0.410639,0.394868
2026-06-11,824265,0.403422,0.394826
2026-06-11,824346,0.386614,0.369217
2026-06-11,824589,,
2026-06-11,824827,0.371978,0.389349
2026-06-12,822726,0.373183,0.417531
2026-06-12,822803,0.420618,0.370364
2026-06-12,823211,0.386689,0.392207
2026-06-12,823370,0.372999,0.401994
2026-06-12,823617,0.379514,0.428255
2026-06-12,823695,0.379348,0.402662
2026-06-12,823778,0.432666,0.387221
2026-06-12,824020,0.411256,0.444752
2026-06-12,824102,,
2026-06-12,824425,0.393104,0.348421
2026-06-12,824507,0.402263,0.397818
2026-06-12,824588,0.370146,0.363999
2026-06-12,824752,0.390844,0.345074
2026-06-12,824826,0.417007,0.389309
2026-06-12,824997,0.347165,0.443862
2026-06-13,822725,0.373903,0.417591
2026-06-13,822802,0.387170,0.389476
2026-06-13,823213,0.387146,0.395358
2026-06-13,823369,0.328636,0.401203
2026-06-13,823616,0.341932,0.427782
2026-06-13,823694,0.374943,0.390357
2026-06-13,823776,0.432652,0.386950
2026-06-13,824019,0.382441,0.431506
2026-06-13,824100,0.418653,0.392788
2026-06-13,824426,0.363398,0.342469
2026-06-13,824508,0.402079,
2026-06-13,824587,0.446358,0.363489
2026-06-13,824749,0.381075,0.344146
2026-06-13,824828,0.416797,0.421018
2026-06-13,824995,0.369827,0.442766
2026-06-14,822722,0.373091,0.421935
2026-06-14,822801,0.408632,0.360237
2026-06-14,823212,0.387534,0.393210
2026-06-14,823368,0.372746,0.400950
2026-06-14,823615,0.379995,0.427063
2026-06-14,823693,0.382021,0.403565
2026-06-14,823777,0.432378,0.380608
2026-06-14,824021,0.382378,0.429971
2026-06-14,824099,0.418416,0.414255
2026-06-14,824424,,
2026-06-14,824506,0.402091,0.374247
2026-06-14,824586,0.446452,0.362488
2026-06-14,824751,0.389635,0.362307
2026-06-14,824823,0.416869,0.389116
2026-06-14,824994,0.338848,0.434166
2026-06-15,822724,,
2026-06-15,822887,0.391046,0.390947
2026-06-15,823046,0.416496,0.384225
2026-06-15,823452,0.372244,0.431914
2026-06-15,823938,0.410534,0.446526
2026-06-15,824181,0.387039,0.417749
2026-06-15,824505,0.428254,0.372972
2026-06-15,824666,0.336891,0.387591
2026-06-15,824993,0.401117,0.438490
2026-06-15,825071,0.427575,0.387149
2026-06-16,822723,0.406542,0.416966
2026-06-16,822888,0.404140,0.391143
2026-06-16,823045,0.416152,0.382990
2026-06-16,823128,0.388954,0.407731
2026-06-16,823451,0.327800,0.455598
2026-06-16,823535,0.364191,0.398439
2026-06-16,823775,0.338121,0.387602
2026-06-16,823939,0.406465,0.446152
2026-06-16,824182,0.416185,0.417639
2026-06-16,824504,0.427513,0.369963
2026-06-16,824667,0.343834,0.388353
2026-06-16,824750,0.369674,0.362480
2026-06-16,824912,0.390024,0.418050
2026-06-16,824991,0.400849,0.438148
2026-06-16,825070,0.409154,0.386960
2026-06-17,822721,0.414915,0.417215
2026-06-17,823044,0.399068,0.383135
2026-06-17,823127,0.388679,0.407458
2026-06-17,823450,0.371662,0.431490
2026-06-17,823536,0.358260,0.405456
2026-06-17,823774,0.343803,0.387884
2026-06-17,823940,0.381981,0.377404
2026-06-17,824178,0.419181,0.417210
2026-06-17,824503,0.426046,0.371292
2026-06-17,824668,0.327303,0.382436
2026-06-17,824746,0.417021,0.343474
2026-06-17,824912,0.390024,0.418050
2026-06-17,824913,0.385932,0.383645
2026-06-17,824992,0.401081,0.437902
2026-06-17,825072,0.446271,0.386369
2026-06-18,822889,0.405138,0.391114
2026-06-18,823125,0.388188,0.385910
2026-06-18,823448,0.427144,0.431832
2026-06-18,823533,0.359941,0.399464
2026-06-18,823772,0.327296,0.388539
2026-06-18,824098,0.390107,0.406813
2026-06-18,824748,0.407605,0.343920
2026-06-18,824911,,
2026-06-18,824989,0.368286,0.429258
2026-06-19,822886,0.398561,0.390832
2026-06-19,822966,0.423870,0.385281
2026-06-19,823124,0.344286,0.419088
2026-06-19,823534,0.371123,0.387323
2026-06-19,823853,0.387706,0.385491
2026-06-19,823936,0.420315,0.393853
2026-06-19,824097,0.384020,0.388691
2026-06-19,824179,0.346383,0.417626
2026-06-19,824264,0.360387,0.388442
2026-06-19,824345,0.362162,0.372317
2026-06-19,824663,0.407280,0.387603
2026-06-19,824910,0.388310,0.387712
2026-06-19,824990,0.392072,0.428843
2026-06-19,825069,0.405723,0.385955
2026-06-20,822885,0.396267,0.390693
2026-06-20,822967,0.400920,0.380870
2026-06-20,823126,0.358326,0.407567
2026-06-20,823447,0.427209,0.431724
2026-06-20,823532,0.372810,0.406150
2026-06-20,823854,0.383914,0.391869
2026-06-20,823937,0.420196,0.446288
2026-06-20,824180,0.346521,0.417277
2026-06-20,824263,0.369524,0.388281
2026-06-20,824342,0.401442,0.343398
2026-06-20,824665,0.378587,0.382114
2026-06-20,824909,0.377162,0.382387
2026-06-20,824988,0.361351,0.437470
2026-06-20,825068,0.405563,0.386130
2026-06-21,822883,0.392812,0.390078
2026-06-21,822968,0.416798,0.385038
2026-06-21,823123,0.325746,0.406904
2026-06-21,823449,0.428613,0.432602
2026-06-21,823531,0.374182,0.387602
2026-06-21,823852,0.390319,0.365797
2026-06-21,823934,0.419773,0.446248
2026-06-21,824095,0.383124,0.385341
2026-06-21,824177,0.352491,0.416873
2026-06-21,824260,0.400685,0.415199
2026-06-21,824343,0.401812,0.343634
2026-06-21,824664,,
2026-06-21,824908,0.387862,0.345104
2026-06-21,824987,0.404592,0.392425
2026-06-21,825067,0.405299,0.385775
2026-06-22,822720,0.433484,0.414124
2026-06-22,822800,0.417172,0.378602
2026-06-22,822964,0.388990,0.386256
2026-06-22,823040,0.385622,0.383471
2026-06-22,823288,0.381983,0.416155
2026-06-22,823613,,
2026-06-22,823692,0.445906,0.405375
2026-06-22,823851,0.391207,0.412294
2026-06-22,824016,0.420483,0.390594
2026-06-22,824261,0.405680,0.414773
2026-06-22,824344,0.343968,0.335808
2026-06-22,824502,0.387483,0.373135
2026-06-22,824585,0.335945,0.370155
2026-06-23,822718,0.404650,0.401150
2026-06-23,822799,0.409132,0.407500
2026-06-23,822963,0.364032,0.380769
2026-06-23,823043,0.385596,0.390681
2026-06-23,823210,0.430446,0.388332
2026-06-23,823286,0.384564,0.401206
2026-06-23,823365,0.406612,0.401867
2026-06-23,823614,0.387715,0.428475
2026-06-23,823690,0.446192,0.386328
2026-06-23,823849,0.394546,0.392161
2026-06-23,824017,0.420965,0.359663
2026-06-23,824262,0.386628,0.388606
2026-06-23,824340,0.366002,0.382190
2026-06-23,824501,0.378034,0.371401
2026-06-23,824584,0.350640,0.359673
2026-06-24,822719,0.405286,0.425510
2026-06-24,822798,0.397125,0.378399
2026-06-24,822965,0.378469,0.364789
2026-06-24,823041,0.385205,0.389809
2026-06-24,823208,0.426859,0.414032
2026-06-24,823284,0.343789,0.398858
2026-06-24,823367,0.406720,0.402464
2026-06-24,823611,0.390624,0.397298
2026-06-24,823613,0.411738,0.403043
2026-06-24,823691,0.446715,0.405652
2026-06-24,823850,0.390904,0.376912
2026-06-24,824018,0.384414,0.361280
2026-06-24,824259,0.407474,0.388850
2026-06-24,824341,0.368397,0.335023
2026-06-24,824500,0.387322,0.381737
2026-06-24,824583,0.333158,0.368910
2026-06-25,822717,0.433313,0.401566
2026-06-25,822797,0.414758,0.368462
2026-06-25,822961,0.377615,0.409152
2026-06-25,823042,,
2026-06-25,823209,0.432300,0.413164
2026-06-25,823366,0.406523,0.387549
2026-06-25,823612,0.412163,0.427819
2026-06-25,824258,0.388261,0.415885
2026-06-25,824747,0.405357,0.360018
2026-06-26,822796,0.391488,0.377540
2026-06-26,822962,0.384709,0.409821
2026-06-26,823039,0.361025,0.379876
2026-06-26,823206,0.380417,0.386756
2026-06-26,823285,0.446796,0.407485
2026-06-26,823363,0.372188,0.412162
2026-06-26,823610,0.433717,0.426450
2026-06-26,823688,0.381688,0.404981
2026-06-26,823773,0.387258,0.387008
2026-06-26,824014,0.431901,0.390595
2026-06-26,824255,0.387733,0.416168
2026-06-26,824423,0.417446,0.348537
2026-06-26,824582,0.425628,0.381259
2026-06-26,824743,0.369572,0.342876
2026-06-26,824824,0.402022,0.420356
2026-06-27,822794,0.410487,0.364200
2026-06-27,822960,0.384921,0.410127
2026-06-27,823038,0.377477,0.379878
2026-06-27,823207,0.383928,0.348823
2026-06-27,823283,0.446238,0.405275
2026-06-27,823364,0.408422,0.387534
2026-06-27,823609,0.434096,0.425088
2026-06-27,823689,0.382052,0.405636
2026-06-27,823770,0.390120,0.378500
2026-06-27,824015,0.430698,0.376441
2026-06-27,824257,0.339627,0.396171
2026-06-27,824421,0.403869,0.320749
2026-06-27,824581,0.425237,0.368473
2026-06-27,824745,0.404196,0.359621
2026-06-27,824825,0.424142,0.420027
2026-06-28,822795,0.410461,0.377495
2026-06-28,822959,0.385590,0.409892
2026-06-28,823037,0.390660,0.379020
2026-06-28,823204,0.342973,0.364473
2026-06-28,823281,0.446524,0.405498
2026-06-28,823362,0.409131,0.413869
2026-06-28,823608,0.434136,0.426148
2026-06-28,823686,0.366064,0.405237
2026-06-28,823769,0.387045,0.386715
2026-06-28,824011,0.363760,0.379451
2026-06-28,824256,0.387581,0.396436
2026-06-28,824422,0.376386,0.333641
2026-06-28,824580,0.393254,0.381984
2026-06-28,824744,0.403855,0.368706
2026-06-28,824821,0.418624,0.386795
2026-06-29,822792,0.425440,0.378083
2026-06-29,823121,0.376537,0.404499
2026-06-29,823444,0.413551,0.434682
2026-06-29,823529,0.391512,0.396045
2026-06-29,823771,0.408720,0.378076
2026-06-29,824176,0.358116,0.379449
2026-06-29,824339,0.345268,0.383331
2026-06-29,824420,0.362432,0.332949
2026-06-29,824662,0.398000,0.386376
2026-06-29,824741,0.400290,0.359559
2026-06-29,824822,0.396463,0.386869
2026-06-29,824986,0.446245,0.431199
2026-06-29,825065,0.366366,0.385435
2026-06-30,822793,0.425983,0.356923
2026-06-30,823122,0.359874,0.376417
2026-06-30,823445,0.485011,0.435071
2026-06-30,823528,0.417757,0.402923
2026-06-30,823768,0.409202,0.387095
2026-06-30,824096,0.410661,0.424787
2026-06-30,824175,0.357981,0.379146
2026-06-30,824338,0.393105,0.383413
2026-06-30,824418,,0.357541
2026-06-30,824661,0.397086,0.389420
2026-06-30,824742,0.401330,0.367554
2026-06-30,824819,0.373497,0.393231
2026-06-30,824907,0.387153,0.384007
2026-06-30,824984,0.446639,0.429244
2026-06-30,825066,0.388675,0.385500
2026-07-01,822791,0.426264,0.394247
2026-07-01,823446,0.412114,0.434819
2026-07-01,823530,0.418231,0.383355
2026-07-01,823767,0.408955,0.378542
2026-07-01,824094,0.411263,0.415137
2026-07-01,824174,0.358028,0.379191
2026-07-01,824337,0.339017,0.383069
2026-07-01,824419,0.360832,0.352452
2026-07-01,824660,0.402737,0.386432
2026-07-01,824740,0.400622,0.367115
2026-07-01,824818,0.367935,0.385784
2026-07-01,824905,0.378872,0.383754
2026-07-01,824985,0.446476,0.438635
2026-07-01,825064,0.386788,0.385716
2026-07-02,822884,0.417318,0.359815
2026-07-02,823119,0.376092,0.405132
2026-07-02,823442,0.386929,0.434654
2026-07-02,823765,0.409532,0.387340
2026-07-02,823935,0.392518,0.446554
2026-07-02,824093,0.411846,0.427593
2026-07-02,824335,0.373464,0.352231
2026-07-02,824416,0.380782,0.357245
2026-07-02,824906,,
2026-07-03,822714,0.412115,0.425787
2026-07-03,823120,0.394676,0.392206
2026-07-03,823527,0.358798,0.403842
2026-07-03,823933,0.392897,0.445801
2026-07-03,824013,0.363614,0.374488
2026-07-03,824173,0.410527,0.378604
2026-07-03,824336,0.373900,0.384287
2026-07-03,824417,0.381400,0.341485
2026-07-03,824498,0.385729,0.409450
2026-07-03,824659,0.386575,0.386082
2026-07-03,824904,0.429767,0.383405
2026-07-03,824982,0.373453,0.438993
2026-07-03,825062,0.387300,0.385157
2026-07-04,822716,0.413120,0.420082
2026-07-04,822882,0.417482,0.372668
2026-07-04,823118,0.396573,0.391740
2026-07-04,823526,0.406132,0.395638
2026-07-04,823932,0.392983,0.380472
2026-07-04,824012,0.363416,0.373371
2026-07-04,824092,0.434416,0.398492
2026-07-04,824171,0.388177,0.379098
2026-07-04,824334,0.373642,0.378542
2026-07-04,824415,0.363280,0.354674
2026-07-04,824499,0.385507,0.410181
2026-07-04,824658,0.387301,0.385651
2026-07-04,824903,0.425025,0.342685
2026-07-04,824983,0.374474,0.428906
2026-07-04,825063,0.400301,0.384807
2026-07-05,822715,0.412185,0.420936
2026-07-05,822879,0.416132,0.404701
2026-07-05,823117,0.394984,0.393686
2026-07-05,823525,0.391731,0.404533
2026-07-05,823931,0.392631,0.445259
2026-07-05,824010,0.361754,0.376220
2026-07-05,824091,0.434422,0.426649
2026-07-05,824172,0.410449,0.379900
2026-07-05,824333,0.373748,0.385896
2026-07-05,824413,,
2026-07-05,824497,0.385327,0.409590
2026-07-05,824656,0.380679,0.388526
2026-07-05,824902,0.424854,0.383612
2026-07-05,824980,0.357261,0.419874
2026-07-05,825061,0.387764,0.384416
2026-07-06,822712,0.379687,0.419966
2026-07-06,822958,0.414966,0.409896
2026-07-06,823036,0.387556,0.389783
2026-07-06,823205,0.345984,0.373295
2026-07-06,823282,0.384563,0.392536
2026-07-06,823930,0.379555,0.445101
2026-07-06,824089,0.434014,0.400800
2026-07-06,824900,0.429178,0.383519
2026-07-07,822713,0.379430,0.421764
2026-07-07,822881,0.373884,0.382811
2026-07-07,822956,0.415410,0.409270
2026-07-07,823035,,0.389227
2026-07-07,823062,0.387165,0.380382
2026-07-07,823203,0.345792,0.374348
2026-07-07,823280,0.384519,0.398686
2026-07-07,823361,0.383631,0.387218
2026-07-07,823607,0.397571,0.428422
2026-07-07,823687,0.349992,0.339582
2026-07-07,823847,0.392028,0.374302
2026-07-07,823929,0.348053,0.444847
2026-07-07,824254,0.431143,0.398898
2026-07-07,824495,0.434145,0.408631
2026-07-07,824579,0.361177,0.407804
2026-07-07,824820,0.385573,0.385041
2026-07-08,822710,0.379219,0.422562
2026-07-08,822880,0.412602,0.382399
2026-07-08,822957,0.403321,0.409095
2026-07-08,823032,0.404328,0.374105
2026-07-08,823202,0.345265,0.373803
2026-07-08,823279,0.377522,0.398651
2026-07-08,823360,0.383485,0.387130
2026-07-08,823605,0.423982,0.429768
2026-07-08,823684,0.332721,0.359629
2026-07-08,823848,0.392118,0.325093
2026-07-08,823928,0.371213,0.431745
2026-07-08,824253,0.430292,0.390482
2026-07-08,824496,0.457335,0.407971
2026-07-08,824578,0.365745,0.407303
2026-07-08,824815,0.385329,0.384832
2026-07-09,822877,0.410504,0.388525
2026-07-09,822954,0.403703,0.409264
2026-07-09,823034,0.402727,0.378912
2026-07-09,823201,0.352162,0.374334
2026-07-09,823277,0.383519,0.398304
2026-07-09,823359,0.383286,0.386798
2026-07-09,823606,0.402929,0.434378
2026-07-09,823683,0.329726,0.360227
2026-07-09,823846,0.391502,0.325574
2026-07-09,824251,0.416774,0.373960
2026-07-09,824494,0.434117,0.407553
2026-07-09,824577,0.367175,0.361965
2026-07-09,824816,0.388513,0.385093
2026-07-10,822709,0.403738,0.416733
2026-07-10,822878,0.388040,0.393223
2026-07-10,822955,0.392106,0.409525
2026-07-10,823033,0.383217,0.389724
2026-07-10,823200,0.355936,0.374931
2026-07-10,823278,,
2026-07-10,823357,,
2026-07-10,823604,0.366905,0.443882
2026-07-10,823685,0.360464,0.374986
2026-07-10,823845,0.328635,0.366585
2026-07-10,823927,0.383257,0.444132
2026-07-10,824252,0.434114,0.397968
2026-07-10,824493,0.385490,0.405924
2026-07-10,824575,0.400569,0.420675
2026-07-10,824817,0.424434,0.385247
2026-07-11,822711,0.403796,0.423054
2026-07-11,822875,0.387996,0.394155
2026-07-11,822953,0.391911,0.409566
2026-07-11,823030,0.383113,0.378647
2026-07-11,823198,0.384050,0.375419
2026-07-11,823276,0.345002,0.397962
2026-07-11,823356,0.386848,0.403599
2026-07-11,823357,0.409150,0.375232
2026-07-11,823603,0.369383,0.442032
2026-07-11,823682,0.410881,0.353686
2026-07-11,823844,0.329385,0.373422
2026-07-11,823926,0.382842,0.445170
2026-07-11,824249,0.433253,0.389070
2026-07-11,824492,0.388574,0.407838
2026-07-11,824576,0.368546,0.431844
2026-07-11,824813,0.422489,0.385153
2026-07-12,822708,0.406823,
2026-07-12,822876,0.388308,0.393429
2026-07-12,822951,0.393746,0.410669
2026-07-12,823029,,
2026-07-12,823199,0.384247,0.375712
2026-07-12,823274,0.344829,0.398115
2026-07-12,823358,0.386412,0.387637
2026-07-12,823602,0.367847,0.439067
2026-07-12,823681,0.410581,0.368689
2026-07-12,823842,0.328342,0.361013
2026-07-12,823925,0.382062,0.445159
2026-07-12,824250,0.432935,0.395267
2026-07-12,824491,0.388189,0.406144
2026-07-12,824574,0.345292,0.367041
2026-07-12,824814,0.421702,0.389861
2026-07-16,823440,0.430435,0.432918
2026-07-17,822789,0.419240,0.382026
2026-07-17,823115,0.392085,0.391489
2026-07-17,823524,0.445340,0.417355
2026-07-17,823766,0.324106,0.386617
2026-07-17,824009,0.388012,0.410429
2026-07-17,824090,0.397779,0.422122
2026-07-17,824170,0.384872,0.388005
2026-07-17,824332,0.406580,0.384289
2026-07-17,824414,,
2026-07-17,824655,0.369019,0.415322
2026-07-17,824737,0.410411,0.365972
2026-07-17,824766,0.410411,0.365972
2026-07-17,824901,0.389889,0.382836
2026-07-17,824981,0.406188,0.351820
2026-07-17,825060,0.376478,0.381991
2026-07-18,822790,0.415436,0.345060
2026-07-18,823116,0.392333,0.402178
2026-07-18,823441,0.423659,0.432656
2026-07-18,823523,,
2026-07-18,823763,0.414340,0.405187
2026-07-18,824008,0.393854,0.415391
2026-07-18,824088,0.398235,0.420304
2026-07-18,824169,0.384670,0.388742
2026-07-18,824331,0.406592,0.368071
2026-07-18,824412,0.361210,0.331018
2026-07-18,824414,0.387411,0.331018
2026-07-18,824657,0.354695,0.415105
2026-07-18,824738,0.367143,0.369870
2026-07-18,824899,0.393517,0.384299
2026-07-18,824979,0.430141,0.370037
2026-07-18,825059,0.377299,0.381987
2026-07-19,822786,0.413771,0.345095
2026-07-19,823113,0.390858,0.373947
2026-07-19,823439,0.428648,0.432530
2026-07-19,823521,0.445050,0.417496
2026-07-19,823523,0.445050,0.407251
2026-07-19,823764,0.398367,0.386436
2026-07-19,824007,0.393907,0.410390
2026-07-19,824086,0.415049,0.371649
2026-07-19,824168,0.389366,0.379108
2026-07-19,824330,0.406006,0.383328
2026-07-19,824411,0.356612,0.332925
2026-07-19,824653,0.354011,0.415299
2026-07-19,824739,0.410085,0.397446
2026-07-19,824897,0.394064,0.383905
2026-07-19,824978,0.412462,0.370487
2026-07-19,825057,0.385759,0.381856
2026-07-20,822788,0.409510,0.344571
2026-07-20,822874,0.413436,0.394403
2026-07-20,823112,0.406293,0.412815
2026-07-20,823436,0.428097,0.432468
2026-07-20,823522,0.403555,0.418155
2026-07-20,823762,0.426197,0.386296
2026-07-20,824006,0.375601,0.410507
2026-07-20,824087,0.393008,0.420872
2026-07-20,824167,0.398412,0.388688
2026-07-20,824328,0.411422,0.352590
2026-07-20,824410,0.406709,0.331796
2026-07-20,824654,0.368263,0.415507
2026-07-20,824736,0.418091,0.369563
2026-07-20,824898,0.415739,0.385082
2026-07-20,825058,0.370776,0.365615
2026-07-21,822787,0.408767,0.344064
2026-07-21,822871,0.412948,0.383275
2026-07-21,823114,0.405188,0.388421
2026-07-21,823437,0.444646,0.432768
2026-07-21,823519,,
2026-07-21,823760,0.425633,0.376677
2026-07-21,824005,0.375520,0.409891
2026-07-21,824085,0.427000,0.394610
2026-07-21,824165,0.414219,0.389821
2026-07-21,824329,0.428698,0.372912
2026-07-21,824409,0.379083,0.328762
2026-07-21,824652,,
2026-07-21,824735,,
2026-07-21,824895,0.392223,0.384599
2026-07-21,825056,0.370433,0.382105
2026-07-22,822784,0.408633,0.343659
2026-07-22,822873,0.412652,0.393325
2026-07-22,823110,0.404199,0.399160
2026-07-22,823438,0.444282,0.432540
2026-07-22,823518,0.387128,0.427016
2026-07-22,823519,0.373065,0.417857
2026-07-22,823761,0.394760,0.385672
2026-07-22,824004,0.384224,0.409754
2026-07-22,824083,0.391367,0.369281
2026-07-22,824166,0.413642,0.389865
2026-07-22,824327,0.428552,0.384985
2026-07-22,824408,0.358826,0.343327
2026-07-22,824650,0.394002,0.415709
2026-07-22,824732,,
2026-07-22,824735,0.417639,0.362072
2026-07-22,824896,0.386139,0.383709
2026-07-22,825055,0.370776,0.381623
2026-07-23,822785,,
2026-07-23,823042,0.363980,0.384566
2026-07-23,824247,0.368616,0.367798
2026-07-23,824406,0.371630,0.343254
2026-07-23,824893,0.386132,0.383711
2026-07-24,822707,0.381419,0.413130
2026-07-24,822872,0.412010,0.376870
2026-07-24,822952,0.351195,0.408422
2026-07-24,823031,0.404774,0.383609
2026-07-24,823196,0.408809,0.389838
2026-07-24,823352,0.416002,0.361133
2026-07-24,823434,0.404172,0.432224
2026-07-24,823601,0.428070,0.425900
2026-07-24,823680,0.370760,0.379034
2026-07-24,823759,0.350969,0.385523
2026-07-24,823843,0.393693,0.415075
2026-07-24,824248,0.384966,0.394556
2026-07-24,824573,0.390303,0.410770
2026-07-24,824733,0.375173,0.367500
2026-07-24,824812,0.382752,0.405539
2026-07-25,822704,0.364506,0.412554
2026-07-25,822869,0.398529,0.376869
2026-07-25,822948,0.331075,0.408002
2026-07-25,823027,0.404817,0.383327
2026-07-25,823197,0.415115,0.390386
2026-07-25,823355,0.415657,0.360863
2026-07-25,823435,0.404175,0.431850
2026-07-25,823600,0.444949,0.393292
2026-07-25,823679,0.402677,0.405851
2026-07-25,823758,0.352181,0.387164
2026-07-25,823841,0.393493,0.416211
2026-07-25,824244,0.392942,0.367947
2026-07-25,824571,0.389887,0.412667
2026-07-25,824734,0.382987,0.368503
2026-07-25,824811,0.383764,0.406558
2026-07-26,822706,0.364453,0.413560
2026-07-26,822870,0.397586,0.377349
2026-07-26,822950,0.343641,0.373842
2026-07-26,823028,0.383871,0.383836
2026-07-26,823194,0.414298,0.390458
2026-07-26,823354,0.416584,0.386605
2026-07-26,823433,0.404139,0.431662
2026-07-26,823599,0.444581,0.391834
2026-07-26,823678,0.375615,0.378953
2026-07-26,823755,0.384605,0.379177
2026-07-26,823840,0.393045,0.415255
2026-07-26,824246,0.355838,0.367117
2026-07-26,824572,0.389992,0.412116
2026-07-26,824730,0.360665,0.360919
2026-07-26,824810,0.383681,0.406884
2026-07-27,822705,0.342420,0.428715
2026-07-27,822868,0.399627,0.377278
2026-07-27,823025,0.387918,0.383962
2026-07-27,823195,0.386964,0.389560
2026-07-27,823353,0.364494,0.386599
2026-07-27,823597,0.428867,0.390363
2026-07-27,823839,0.431621,0.415318
2026-07-27,824001,0.390228,0.408697
2026-07-27,824245,0.406269,0.393405
2026-07-27,824490,,
2026-07-27,824570,0.394991,0.428001
2026-07-27,824977,0.380480,0.337848
2026-07-28,822703,,
2026-07-28,822949,0.378386,0.407973
2026-07-28,823026,0.415377,0.383493
2026-07-28,823193,0.376515,0.388655
2026-07-28,823275,0.384254,0.393210
2026-07-28,823350,0.364542,0.386787
2026-07-28,823598,,
2026-07-28,823676,0.390527,0.393876
2026-07-28,823838,0.375941,0.415064
2026-07-28,823923,0.385325,0.444175
2026-07-28,824003,0.390158,0.408599
2026-07-28,824243,0.406148,0.392934
2026-07-28,824489,0.343402,0.405383
2026-07-28,824490,0.343402,0.405383
2026-07-28,824569,0.404507,0.415584
2026-07-28,824976,0.437161,0.375780
2026-07-29,822702,0.373439,0.434615
2026-07-29,822947,0.375364,0.407846
2026-07-29,823022,0.415600,0.383201
2026-07-29,823192,0.394539,0.389063
2026-07-29,823273,0.373803,0.393339
2026-07-29,823351,0.364210,0.402987
2026-07-29,823596,,
2026-07-29,823598,0.429129,0.389355
2026-07-29,823677,0.390939,0.357410
2026-07-29,823837,0.376049,0.362317
2026-07-29,823924,0.385106,0.444703
2026-07-29,824002,0.391080,0.408219
2026-07-29,824242,0.417138,0.364433
2026-07-29,824487,0.342635,0.413953
2026-07-29,824567,0.403810,0.415265
2026-07-29,824973,0.396699,0.391884
2026-07-30,822946,0.374617,0.407775
2026-07-30,823023,0.415238,0.382300
2026-07-30,823271,0.387592,0.386188
2026-07-30,823595,0.323953,0.389680
2026-07-30,823674,0.397591,0.349017
2026-07-30,823921,0.390198,0.381568
2026-07-30,824488,0.386989,0.406391
2026-07-30,824568,0.403891,0.398756
2026-07-30,824894,0.425206,0.428967
2026-07-30,824974,0.367395,0.401143
2026-07-31,822782,0.383848,0.381433
2026-07-31,822945,0.416081,0.407844
2026-07-31,823111,0.373519,0.390115
2026-07-31,823272,0.386119,0.386160
2026-07-31,823593,0.323806,0.388330
2026-07-31,823922,0.372662,0.414781
2026-07-31,823999,0.386003,0.407782
2026-07-31,824164,0.416974,0.391346
2026-07-31,824325,0.390862,0.384090
2026-07-31,824407,0.364354,0.344384
2026-07-31,824486,0.387091,0.406362
2026-07-31,824651,0.404702,0.379366
2026-07-31,824809,0.432080,0.406430
2026-07-31,824892,0.425141,0.429717
2026-07-31,824975,0.386784,0.376015
2026-08-01,822781,0.383745,0.378403
2026-08-01,822944,0.416154,0.355961
2026-08-01,823109,0.373128,0.390390
2026-08-01,823269,0.393136,0.392710
2026-08-01,823594,0.361250,0.391256
2026-08-01,823920,0.362919,0.427918
2026-08-01,824000,0.376141,0.407400
2026-08-01,824162,0.417815,0.391873
2026-08-01,824326,0.391301,0.336845
2026-08-01,824405,0.364395,0.341534
2026-08-01,824485,0.387442,0.407485
2026-08-01,824649,0.365933,0.388129
2026-08-01,824808,0.432465,0.394885
2026-08-01,824890,0.417855,0.429124
2026-08-01,824972,0.386284,0.339216
2026-08-02,822783,0.385449,0.377504
2026-08-02,822943,0.418023,0.408700
2026-08-02,823107,0.367294,0.390538
2026-08-02,823270,0.385271,0.359941
2026-08-02,823592,0.372166,0.390267
2026-08-02,823919,0.371321,0.445369
2026-08-02,823996,0.401305,0.407300
2026-08-02,824163,0.417128,0.392159
2026-08-02,824323,0.368222,0.364621
2026-08-02,824404,0.364176,0.342283
2026-08-02,824483,0.387054,0.407509
2026-08-02,824648,0.404480,0.414995
2026-08-02,824807,0.432550,0.408088
2026-08-02,824891,0.417587,0.429473
2026-08-02,824971,0.386872,0.351139
2026-08-03,822867,,
2026-08-03,823431,,
2026-08-03,823520,,
2026-08-03,823757,,
2026-08-03,824160,,
2026-08-03,824324,,
2026-08-03,824647,,
2026-08-03,825095,,
