date,game_pk,away_value,home_value
2024-04-01,744875,,
2024-04-01,745109,,
2024-04-01,745277,,
2024-04-01,745437,,0.153485
2024-04-01,745600,,
2024-04-01,745675,,
2024-04-01,745842,,
2024-04-01,746085,,
2024-04-01,746170,,0.163383
2024-04-01,746409,,
2024-04-01,746817,,
2024-04-01,746899,,
2024-04-01,747058,,
2024-04-01,747218,,
2024-04-02,745111,,
2024-04-02,745273,,
2024-04-02,745439,,0.143802
2024-04-02,745598,,
2024-04-02,745680,,
2024-04-02,745844,,
2024-04-02,746009,,
2024-04-02,746086,,
2024-04-02,746169,,0.163826
2024-04-02,746411,,
2024-04-02,746814,,
2024-04-02,746898,,
2024-04-02,747057,,
2024-04-02,747220,,
2024-04-03,744869,,
2024-04-03,745114,,
2024-04-03,745275,0.137247,
2024-04-03,745440,,0.145166
2024-04-03,745603,,
2024-04-03,745678,,
2024-04-03,745843,,
2024-04-03,746008,,
2024-04-03,746083,,0.142948
2024-04-03,746163,,0.171975
2024-04-03,746407,,0.160494
2024-04-03,746816,,
2024-04-03,746900,,
2024-04-03,747059,,
2024-04-03,747219,0.188834,
2024-04-04,744870,0.27798,
2024-04-04,745200,0.166432,0.246928
2024-04-04,745843,,
2024-04-04,745844,,
2024-04-04,745928,0.118085,
2024-04-04,746327,,0.221658
2024-04-05,744874,,
2024-04-05,745033,0.15625,
2024-04-05,745361,0.139062,
2024-04-05,745524,0.146667,0.247368
2024-04-05,745764,,0.18063
2024-04-05,746007,0.315271,
2024-04-05,746249,0.209583,
2024-04-05,746328,0.293333,0.211566
2024-04-05,746497,,
2024-04-05,746576,0.193827,0.226667
2024-04-05,746733,,0.216337
2024-04-05,746897,0.171583,0.12931
2024-04-05,747143,0.101328,
2024-04-06,744873,0.261787,0.273987
2024-04-06,745031,0.150265,0.146096
2024-04-06,745197,0.15379,0.193287
2024-04-06,745359,0.134052,0.232227
2024-04-06,745522,0.131541,0.240546
2024-04-06,745766,0.194139,0.205785
2024-04-06,745926,0.102882,
2024-04-06,746006,0.29798,
2024-04-06,746248,,0.231888
2024-04-06,746329,0.163572,0.21633
2024-04-06,746498,0.274315,
2024-04-06,746575,,0.203558
2024-04-06,746731,0.207303,0.274368
2024-04-06,746896,0.16703,0.153093
2024-04-06,747140,0.096696,0.22619
2024-04-07,744871,0.276455,
2024-04-07,745032,0.148374,0.135032
2024-04-07,745198,0.138718,0.181481
2024-04-07,745362,0.136643,0.219944
2024-04-07,745523,0.131481,0.233043
2024-04-07,745765,0.185877,0.189369
2024-04-07,745927,,
2024-04-07,746003,0.296604,
2024-04-07,746251,0.163857,0.223768
2024-04-07,746330,,
2024-04-07,746493,,0.213927
2024-04-07,746574,0.213763,0.156922
2024-04-07,746734,0.197413,0.194731
2024-04-07,746895,0.176898,0.180022
2024-04-07,747141,0.108314,0.232323
2024-04-08,744956,0.286763,0.180515
2024-04-08,745034,0.150168,0.086915
2024-04-08,745194,0.272662,0.285271
2024-04-08,745363,,
2024-04-08,745432,0.190355,0.138856
2024-04-08,745520,0.223624,0.227198
2024-04-08,745761,0.183858,0.197547
2024-04-08,745925,0.171226,
2024-04-08,746252,0.208024,
2024-04-08,746569,0.113982,0.191537
2024-04-08,746654,,
2024-04-08,746735,0.261852,
2024-04-08,747142,0.20002,0.252252
2024-04-09,744957,0.268829,0.173163
2024-04-09,745030,,
2024-04-09,745195,0.248174,0.22213
2024-04-09,745357,0.262251,0.198234
2024-04-09,745433,0.20543,0.138448
2024-04-09,745517,,0.190983
2024-04-09,745762,0.180219,0.19369
2024-04-09,745924,0.173318,0.192389
2024-04-09,746250,0.197141,
2024-04-09,746326,0.162041,0.204136
2024-04-09,746571,,0.207507
2024-04-09,746653,,0.120961
2024-04-09,746732,0.264228,0.263044
2024-04-09,746981,0.179487,0.175928
2024-04-09,747138,0.157946,0.230159
2024-04-10,744950,0.241419,0.171044
2024-04-10,745024,,0.095408
2024-04-10,745196,0.25704,0.268825
2024-04-10,745355,0.19584,
2024-04-10,745429,0.217754,0.145977
2024-04-10,745763,0.16481,0.178668
2024-04-10,745923,0.191083,0.217778
2024-04-10,746247,0.234858,
2024-04-10,746323,0.159371,0.196145
2024-04-10,746573,0.119658,0.273284
2024-04-10,746655,,0.122366
2024-04-10,746728,0.250553,0.192199
2024-04-10,746980,0.181818,0.189691
2024-04-10,747139,,
2024-04-11,745029,0.226819,0.130582
2024-04-11,745601,0.146491,0.263321
2024-04-11,746322,0.154678,0.198983
2024-04-11,746490,,
2024-04-11,746730,,
2024-04-11,746977,0.197279,0.201852
2024-04-11,747137,0.16968,0.215387
2024-04-12,744954,0.265862,0.173466
2024-04-12,745112,0.195431,0.248506
2024-04-12,745274,0.225915,0.2579
2024-04-12,745596,0.153347,0.268855
2024-04-12,745679,0.251368,0.246081
2024-04-12,745838,0.187224,0.152347
2024-04-12,746084,0.20915,0.170344
2024-04-12,746162,0.136078,0.179258
2024-04-12,746408,0.13471,0.153641
2024-04-12,746491,,0.188019
2024-04-12,746656,,
2024-04-12,746812,0.259468,
2024-04-12,746978,0.195795,
2024-04-12,747055,0.238466,0.245579
2024-04-12,747217,0.266086,0.126871
2024-04-13,744953,0.18936,0.165979
2024-04-13,745110,0.192476,0.24657
2024-04-13,745272,0.221889,0.257439
2024-04-13,745594,0.237002,0.267051
2024-04-13,745676,0.201753,0.26087
2024-04-13,745839,,0.158183
2024-04-13,746082,0.196429,0.175698
2024-04-13,746161,0.163817,0.175497
2024-04-13,746405,0.127387,0.15206
2024-04-13,746489,0.25406,0.184745
2024-04-13,746490,0.243201,0.184745
2024-04-13,746656,0.174057,0.117428
2024-04-13,746658,0.174057,0.117428
2024-04-13,746811,0.172998,0.163003
2024-04-13,746979,0.194738,
2024-04-13,747054,0.23869,0.172154
2024-04-13,747215,0.266183,0.123122
2024-04-14,744952,0.209457,0.166323
2024-04-14,745113,0.163548,0.192468
2024-04-14,745271,0.228954,0.234542
2024-04-14,745595,0.228144,0.262843
2024-04-14,745681,0.231728,0.249786
2024-04-14,745841,0.176821,0.156007
2024-04-14,746079,0.205556,0.170123
2024-04-14,746164,0.149135,0.173642
2024-04-14,746404,0.130556,0.140999
2024-04-14,746492,0.239086,0.214387
2024-04-14,746648,0.157381,0.154323
2024-04-14,746810,0.269206,0.194392
2024-04-14,746975,0.170834,0.247949
2024-04-14,747056,0.195134,0.206715
2024-04-14,747216,0.25192,0.125716
2024-04-15,744951,0.155411,0.156497
2024-04-15,745106,0.192888,0.180168
2024-04-15,745268,0.260785,0.280193
2024-04-15,745597,0.212385,0.2569
2024-04-15,745677,,0.245864
2024-04-15,745840,0.244887,0.159858
2024-04-15,746002,0.143715,0.238438
2024-04-15,746080,0.187891,0.188003
2024-04-15,746158,0.200987,0.173269
2024-04-15,746406,0.2,0.133143
2024-04-15,746488,,0.206222
2024-04-15,746813,0.190741,0.206685
2024-04-15,746974,0.134594,0.194767
2024-04-15,747053,0.272381,0.165845
2024-04-15,747213,0.218963,0.12339
2024-04-16,744944,0.160501,0.156545
2024-04-16,745108,0.188176,0.237903
2024-04-16,745270,0.265333,0.283392
2024-04-16,745593,0.214057,0.251709
2024-04-16,745674,0.232831,0.258284
2024-04-16,745837,0.187238,0.158157
2024-04-16,746004,0.152007,0.204198
2024-04-16,746081,,0.207733
2024-04-16,746157,0.198148,0.179908
2024-04-16,746400,0.237374,0.126615
2024-04-16,746486,0.137041,0.237348
2024-04-16,746809,,
2024-04-16,746976,0.14023,0.169744
2024-04-16,747051,0.247075,0.16476
2024-04-16,747214,0.184751,0.119691
2024-04-17,744948,0.182506,0.151146
2024-04-17,745105,0.191304,0.174376
2024-04-17,745267,0.244125,0.302236
2024-04-17,745591,0.28987,0.306153
2024-04-17,745671,,
2024-04-17,745836,0.248298,0.171236
2024-04-17,746005,0.154863,0.248452
2024-04-17,746076,,0.212997
2024-04-17,746159,0.186404,0.173876
2024-04-17,746401,0.230423,0.131308
2024-04-17,746487,0.154301,0.218472
2024-04-17,746807,0.193531,0.266586
2024-04-17,746809,,0.236957
2024-04-17,746973,0.129669,0.206326
2024-04-17,747049,0.309097,0.156918
2024-04-17,747212,0.211617,0.114859
2024-04-18,745104,0.200563,0.188316
2024-04-18,745356,0.077033,0.205925
2024-04-18,746485,0.149462,0.220831
2024-04-18,746891,,
2024-04-18,746970,0.160145,0.289797
2024-04-19,744872,0.127165,0.175088
2024-04-19,745189,0.208026,0.186863
2024-04-19,745352,0.132992,
2024-04-19,745430,0.163245,0.152733
2024-04-19,745518,,0.249503
2024-04-19,745592,,0.253747
2024-04-19,745758,0.218248,0.183146
2024-04-19,745922,,0.252647
2024-04-19,746160,0.173505,0.166626
2024-04-19,746325,0.161975,0.186971
2024-04-19,746572,,
2024-04-19,746650,0.246115,0.127428
2024-04-19,746729,0.202991,0.181504
2024-04-19,746892,0.206646,
2024-04-19,747136,0.145269,0.206618
2024-04-20,744865,0.131328,0.205688
2024-04-20,745190,0.209008,0.225374
2024-04-20,745354,0.131951,0.194573
2024-04-20,745431,0.151664,0.168074
2024-04-20,745515,,0.186721
2024-04-20,745590,,0.257047
2024-04-20,745760,0.175223,0.182581
2024-04-20,745921,,0.256015
2024-04-20,746156,0.182631,0.171878
2024-04-20,746324,0.186683,0.181103
2024-04-20,746570,0.291228,0.22953
2024-04-20,746651,,0.148158
2024-04-20,746726,0.201127,0.182269
2024-04-20,746891,0.178649,0.153745
2024-04-20,746893,0.212951,
2024-04-20,747135,0.152145,0.229563
2024-04-21,744866,0.133125,0.201031
2024-04-21,745192,0.206048,0.170716
2024-04-21,745353,0.140318,0.155189
2024-04-21,745434,0.148895,0.169724
2024-04-21,745514,,0.163174
2024-04-21,745588,0.191383,0.253887
2024-04-21,745759,0.217617,0.192468
2024-04-21,745920,0.22091,
2024-04-21,746154,0.183524,0.166898
2024-04-21,746316,0.172808,0.178269
2024-04-21,746568,0.254177,0.239383
2024-04-21,746572,0.267885,0.264917
2024-04-21,746652,0.255437,0.118516
2024-04-21,746727,0.251014,0.272282
2024-04-21,746894,0.217199,0.152953
2024-04-21,747133,0.150058,0.235558
2024-04-22,745107,0.230617,0.143651
2024-04-22,745191,0.136695,0.176353
2024-04-22,745351,0.188622,0.13214
2024-04-22,745519,0.216374,0.224485
2024-04-22,745757,,0.200719
2024-04-22,745916,0.194096,
2024-04-22,746242,0.200574,0.209239
2024-04-22,746319,0.149422,0.170648
2024-04-22,746565,0.167775,0.239771
2024-04-22,746723,0.264379,0.184746
2024-04-22,747134,0.216312,0.215457
2024-04-23,744863,0.164797,0.205831
2024-04-23,745026,0.265393,0.153903
2024-04-23,745102,,0.177254
2024-04-23,745193,0.129456,0.175457
2024-04-23,745348,0.194368,0.193675
2024-04-23,745516,0.243687,0.216547
2024-04-23,745754,,0.212417
2024-04-23,745917,,
2024-04-23,746246,0.168065,0.204712
2024-04-23,746321,0.149808,0.177744
2024-04-23,746566,0.162908,0.23628
2024-04-23,746647,0.225359,0.121625
2024-04-23,746722,0.260889,0.185054
2024-04-23,746888,0.143978,0.162356
2024-04-23,747130,0.190043,0.212293
2024-04-24,744864,0.157579,0.202476
2024-04-24,745028,0.281439,
2024-04-24,745099,0.261348,0.220202
2024-04-24,745188,,0.169522
2024-04-24,745346,0.193202,0.174201
2024-04-24,745513,,0.163396
2024-04-24,745753,0.243076,0.210394
2024-04-24,745919,,0.254364
2024-04-24,746244,0.186308,0.212973
2024-04-24,746317,0.151887,0.174311
2024-04-24,746567,0.161603,0.238883
2024-04-24,746649,0.205823,0.120123
2024-04-24,746725,0.230203,0.281943
2024-04-24,746889,0.129905,0.169261
2024-04-24,747132,0.219311,0.22567
2024-04-25,744867,0.158164,0.200572
2024-04-25,745027,0.306296,
2024-04-25,745512,0.218935,0.245606
2024-04-25,745755,0.254917,0.204089
2024-04-25,745918,,0.254823
2024-04-25,746320,0.14918,0.170738
2024-04-25,746564,0.155996,0.28714
2024-04-25,746646,,0.139725
2024-04-25,746724,0.246181,0.287868
2024-04-25,746887,0.132764,0.178103
2024-04-26,744949,0.158398,0.154249
2024-04-26,745025,0.290064,
2024-04-26,745269,0.126947,0.27326
2024-04-26,745347,0.226017,0.195283
2024-04-26,745424,0.244199,0.157644
2024-04-26,745835,0.170944,0.19353
2024-04-26,746000,0.206719,0.218915
2024-04-26,746078,0.199225,0.221617
2024-04-26,746243,0.253244,0.211255
2024-04-26,746482,0.169401,0.206447
2024-04-26,746808,0.189431,
2024-04-26,746972,0.172956,
2024-04-26,747050,0.205321,0.157208
2024-04-26,747129,0.133661,0.202646
2024-04-27,744946,0.152995,0.196222
2024-04-27,745020,0.292232,
2024-04-27,745266,0.174488,0.274463
2024-04-27,745350,0.222961,0.14098
2024-04-27,745425,0.242964,0.171277
2024-04-27,745833,0.174669,0.18414
2024-04-27,745998,0.20939,0.211068
2024-04-27,746075,0.194613,0.190027
2024-04-27,746245,0.240762,0.243001
2024-04-27,746484,0.170809,0.259687
2024-04-27,746560,0.13473,0.288965
2024-04-27,746803,,
2024-04-27,746971,0.174408,0.220756
2024-04-27,747052,0.266962,0.189772
2024-04-27,747131,0.124162,0.199914
2024-04-28,744947,0.152297,0.159657
2024-04-28,745022,0.297124,0.15695
2024-04-28,745265,0.185422,0.25771
2024-04-28,745349,0.245755,0.195544
2024-04-28,745428,0.243898,0.172438
2024-04-28,745834,0.160723,0.193772
2024-04-28,746001,0.208632,0.213573
2024-04-28,746077,0.219114,0.185381
2024-04-28,746237,0.250763,0.241479
2024-04-28,746483,0.169686,0.243173
2024-04-28,746561,0.132114,0.29763
2024-04-28,746805,0.180066,
2024-04-28,746967,0.172109,0.220933
2024-04-28,747045,0.22114,0.160229
2024-04-28,747125,0.12174,0.203261
2024-04-29,744945,0.167477,0.16955
2024-04-29,745263,0.212953,0.301706
2024-04-29,745427,0.295526,0.166476
2024-04-29,745672,0.243324,0.280892
2024-04-29,745832,0.175188,0.194048
2024-04-29,745999,0.231399,0.21297
2024-04-29,746074,0.22129,0.205306
2024-04-29,746236,0.242194,0.224206
2024-04-29,746481,,
2024-04-29,746804,0.179934,0.199752
2024-04-29,747046,0.200134,0.169418
2024-04-29,747211,0.15275,0.191453
2024-04-30,744942,0.163381,0.1692
2024-04-30,745018,0.191889,0.169498
2024-04-30,745260,0.226365,0.257287
2024-04-30,745426,0.293826,0.171476
2024-04-30,745673,0.176805,0.220842
2024-04-30,745831,,0.187884
2024-04-30,745997,0.234744,0.195212
2024-04-30,746073,0.298714,0.206333
2024-04-30,746239,0.235752,0.216313
2024-04-30,746398,0.116665,0.130009
2024-04-30,746477,0.162418,0.241453
2024-04-30,746481,0.162418,
2024-04-30,746806,0.22904,
2024-04-30,746968,0.201567,0.219701
2024-04-30,747047,0.198538,0.20607
2024-04-30,747210,0.147388,0.196067
2024-05-01,744939,0.158361,0.174162
2024-05-01,745023,0.208925,0.17007
2024-05-01,745261,0.226397,0.309455
2024-05-01,745423,0.295172,0.165535
2024-05-01,745670,0.176303,0.233291
2024-05-01,745829,0.177773,0.18477
2024-05-01,745996,0.241894,0.208906
2024-05-01,746072,0.297966,0.202545
2024-05-01,746238,0.241958,0.210865
2024-05-01,746399,0.120019,0.135506
2024-05-01,746478,0.19203,0.218398
2024-05-01,746800,0.24868,
2024-05-01,746966,0.205957,0.1996
2024-05-01,747048,0.197678,0.172088
2024-05-01,747207,0.138008,0.188487
2024-05-02,745021,0.194601,0.16673
2024-05-02,745830,0.185585,0.22226
2024-05-02,746070,0.293552,0.201328
2024-05-02,746403,0.117944,0.139432
2024-05-02,746969,0.152167,0.216928
2024-05-02,747044,0.203877,0.219671
2024-05-03,744868,0.173784,0.193224
2024-05-03,745101,0.202604,0.176858
2024-05-03,745187,,0.229432
2024-05-03,745510,0.300102,0.227598
2024-05-03,745589,0.202381,0.246793
2024-05-03,745665,,0.209253
2024-05-03,745756,0.213329,0.207419
2024-05-03,745914,0.21831,0.238136
2024-05-03,746152,0.224581,0.154993
2024-05-03,746318,0.160532,0.160941
2024-05-03,746402,0.257816,0.152469
2024-05-03,746645,0.186642,0.114231
2024-05-03,746721,0.17689,0.233557
2024-05-03,746890,,0.185314
2024-05-03,747208,0.165259,
2024-05-04,744862,0.210136,0.201389
2024-05-04,745100,0.207532,0.196196
2024-05-04,745183,0.123768,0.229536
2024-05-04,745511,0.298476,0.227963
2024-05-04,745583,0.173815,0.277704
2024-05-04,745666,0.236425,0.223758
2024-05-04,745750,0.205554,0.208521
2024-05-04,745911,0.225979,0.213317
2024-05-04,746155,0.220675,0.156503
2024-05-04,746311,0.166603,0.160855
2024-05-04,746394,0.305721,0.152893
2024-05-04,746644,,0.124328
2024-05-04,746720,0.220157,0.237027
2024-05-04,746884,,0.181679
2024-05-04,747209,0.141609,0.188926
2024-05-05,744861,0.183672,0.168917
2024-05-05,745103,0.206435,0.189242
2024-05-05,745185,0.19312,0.228431
2024-05-05,745504,0.25434,0.175741
2024-05-05,745587,0.155702,0.271932
2024-05-05,745667,0.234258,0.197288
2024-05-05,745751,0.256191,0.209607
2024-05-05,745913,0.208539,0.239032
2024-05-05,746153,0.219567,0.153722
2024-05-05,746314,0.158126,0.155932
2024-05-05,746395,0.251518,0.157737
2024-05-05,746643,0.231806,0.223072
2024-05-05,746719,0.216088,0.303945
2024-05-05,746883,,0.181429
2024-05-05,747206,0.142979,
2024-05-06,745098,0.213674,
2024-05-06,745182,0.197859,
2024-05-06,745509,0.229671,0.223862
2024-05-06,745585,0.189178,0.272215
2024-05-06,745669,0.164806,0.268478
2024-05-06,745912,0.24626,0.254989
2024-05-06,746149,0.241141,0.149982
2024-05-06,746313,0.191582,0.15752
2024-05-06,746639,0.22503,0.219853
2024-05-06,746886,0.144878,0.178041
2024-05-07,744859,0.172523,0.170218
2024-05-07,745095,0.176013,
2024-05-07,745186,0.196079,0.197708
2024-05-07,745508,0.216966,0.219984
2024-05-07,745586,0.188795,0.211219
2024-05-07,745668,0.165029,0.24404
2024-05-07,745752,0.153277,0.212632
2024-05-07,745915,0.252907,0.237921
2024-05-07,746147,0.244701,0.148241
2024-05-07,746315,,0.157918
2024-05-07,746559,0.188459,0.302558
2024-05-07,746638,0.257229,0.216442
2024-05-07,746718,0.169844,
2024-05-07,746885,0.170468,0.143672
2024-05-07,747126,0.233773,0.223759
2024-05-08,744858,0.227469,0.174658
2024-05-08,745097,0.205613,0.211084
2024-05-08,745184,,
2024-05-08,745507,,0.284088
2024-05-08,745584,0.200476,0.270985
2024-05-08,745659,0.196307,0.240249
2024-05-08,745664,0.168845,0.197187
2024-05-08,745749,0.156684,0.206182
2024-05-08,745906,0.254955,0.2438
2024-05-08,746151,0.247563,0.146845
2024-05-08,746312,0.170173,0.154962
2024-05-08,746562,0.188472,0.249796
2024-05-08,746640,0.257665,0.212346
2024-05-08,746717,0.181641,0.233805
2024-05-08,746879,0.14582,0.14156
2024-05-08,747127,0.240145,0.220314
2024-05-09,745748,0.162227,0.202062
2024-05-09,745910,0.264803,0.239105
2024-05-09,745995,0.157389,0.169272
2024-05-09,746241,0.150723,0.22312
2024-05-09,746563,0.231074,0.245447
2024-05-09,746715,0.188583,
2024-05-09,746802,0.148363,0.206159
2024-05-10,744940,0.219417,0.235258
2024-05-10,745094,0.202815,
2024-05-10,745264,0.234535,0.256275
2024-05-10,745340,,0.238002
2024-05-10,745421,0.147633,0.147618
2024-05-10,745506,0.145392,0.282616
2024-05-10,745827,0.219153,0.191818
2024-05-10,745993,,0.162106
2024-05-10,746071,0.265811,
2024-05-10,746240,0.154466,0.215931
2024-05-10,746479,0.169417,0.227565
2024-05-10,746553,0.164845,0.246201
2024-05-10,746801,0.176156,0.203906
2024-05-10,746964,0.173077,0.232878
2024-05-10,747043,0.17981,0.182759
2024-05-11,744943,0.243824,0.236991
2024-05-11,745096,0.205375,0.208068
2024-05-11,745262,0.196618,0.257821
2024-05-11,745344,,0.217836
2024-05-11,745422,0.14996,0.145895
2024-05-11,745505,0.21016,0.227305
2024-05-11,745828,0.21544,0.195268
2024-05-11,745994,0.212999,0.175917
2024-05-11,746069,0.185557,0.242191
2024-05-11,746232,0.158338,0.217067
2024-05-11,746480,0.154999,0.243263
2024-05-11,746554,0.16561,0.287918
2024-05-11,746797,0.212359,0.200434
2024-05-11,746963,0.178532,0.265644
2024-05-11,747041,0.179124,0.179753
2024-05-12,744941,0.252248,0.20088
2024-05-12,745092,0.204547,
2024-05-12,745255,0.197473,0.289316
2024-05-12,745345,,0.295456
2024-05-12,745419,0.139692,0.15038
2024-05-12,745499,0.182012,0.277905
2024-05-12,745825,0.216997,0.196036
2024-05-12,745990,,0.163846
2024-05-12,746068,0.157455,0.24599
2024-05-12,746234,0.168967,0.250557
2024-05-12,746476,0.155469,0.22928
2024-05-12,746555,0.159853,0.245227
2024-05-12,746798,0.14511,0.197038
2024-05-12,746965,0.18747,
2024-05-12,747042,0.187902,0.175764
2024-05-13,745019,0.14652,0.160416
2024-05-13,745256,0.153257,0.259315
2024-05-13,745343,0.150048,0.262092
2024-05-13,745420,0.241128,0.14883
2024-05-13,745826,0.16412,0.198249
2024-05-13,745991,0.273104,0.164809
2024-05-13,746233,,0.202002
2024-05-13,746393,0.230986,0.168586
2024-05-13,746471,0.23379,0.239438
2024-05-13,746799,,
2024-05-13,746961,,0.234702
2024-05-13,747040,0.239278,0.173119
2024-05-13,747128,0.20302,0.206289
2024-05-13,747204,0.221248,0.194221
2024-05-14,745014,0.14431,0.159223
2024-05-14,745257,0.153679,0.235909
2024-05-14,745342,0.151343,0.268252
2024-05-14,745418,0.238799,0.148442
2024-05-14,745821,0.246836,0.194318
2024-05-14,745909,0.200894,0.210602
2024-05-14,745989,0.266412,0.183753
2024-05-14,746235,0.212222,0.212506
2024-05-14,746396,0.232621,0.166377
2024-05-14,746473,0.235004,0.234622
2024-05-14,746796,0.191836,0.189767
2024-05-14,746799,0.188748,0.194434
2024-05-14,746962,,0.230248
2024-05-14,747039,,
2024-05-14,747124,0.205687,0.20508
2024-05-14,747205,,0.215237
2024-05-15,745015,0.139855,0.168708
2024-05-15,745259,0.153117,0.251783
2024-05-15,745341,0.152679,0.260491
2024-05-15,745417,0.236641,0.172198
2024-05-15,745582,0.180273,0.272283
2024-05-15,745908,0.200857,0.25273
2024-05-15,745992,0.219882,0.193601
2024-05-15,746231,0.261059,0.22242
2024-05-15,746397,0.255015,0.169993
2024-05-15,746472,0.233522,0.245551
2024-05-15,746795,0.189431,0.184807
2024-05-15,746960,0.187497,0.237249
2024-05-15,747038,0.204242,0.19755
2024-05-15,747123,0.204196,0.191922
2024-05-15,747203,0.259886,0.17532
2024-05-16,745580,0.181379,0.268876
2024-05-16,745907,0.200798,0.24594
2024-05-16,746150,0.295991,0.153914
2024-05-16,746391,0.231179,0.166382
2024-05-16,746881,0.233493,0.199675
2024-05-16,746959,0.194049,0.235318
2024-05-17,744934,0.212782,0.175943
2024-05-17,745016,0.173814,0.175414
2024-05-17,745178,0.232593,0.214065
2024-05-17,745335,0.2353,0.217702
2024-05-17,745579,0.20782,0.265984
2024-05-17,745747,0.1813,0.199467
2024-05-17,746065,0.185292,0.235649
2024-05-17,746148,0.223212,0.153165
2024-05-17,746310,0.233058,0.163009
2024-05-17,746388,0.18017,0.15338
2024-05-17,746641,0.265564,0.13825
2024-05-17,746878,0.264028,0.210311
2024-05-17,747037,0.291066,0.173999
2024-05-17,747122,0.140961,0.20686
2024-05-17,747201,0.24324,0.186439
2024-05-18,744938,0.21735,0.233324
2024-05-18,745013,0.177267,0.170637
2024-05-18,745177,0.225813,0.21119
2024-05-18,745339,0.274693,0.183237
2024-05-18,745581,0.154999,0.265686
2024-05-18,745744,0.176667,0.200452
2024-05-18,746067,0.180612,0.233002
2024-05-18,746142,0.304626,0.171518
2024-05-18,746308,0.234207,0.166137
2024-05-18,746389,0.188531,0.16593
2024-05-18,746642,0.214911,0.136733
2024-05-18,746882,0.213079,0.226643
2024-05-18,747036,0.267075,0.169633
2024-05-18,747121,,
2024-05-18,747202,0.24036,0.206395
2024-05-19,744937,0.228763,0.229071
2024-05-19,745012,0.207676,0.174217
2024-05-19,745179,0.246685,0.2638
2024-05-19,745336,0.227672,0.209224
2024-05-19,745577,0.166877,0.226571
2024-05-19,745745,0.188302,0.20204
2024-05-19,746064,0.178744,0.228752
2024-05-19,746144,0.316088,0.150937
2024-05-19,746306,0.237483,0.17206
2024-05-19,746392,0.185872,0.169268
2024-05-19,746636,0.252585,0.132845
2024-05-19,746880,0.264178,0.20394
2024-05-19,747035,0.269269,0.178119
2024-05-19,747120,0.140813,0.209918
2024-05-19,747198,0.249688,0.207889
2024-05-20,744857,0.207333,0.21536
2024-05-20,744935,0.179009,0.195627
2024-05-20,745093,0.262325,0.18553
2024-05-20,745181,0.169263,0.213651
2024-05-20,745746,0.273735,0.204472
2024-05-20,746066,0.192956,0.230415
2024-05-20,746146,0.206225,0.150809
2024-05-20,746307,0.232491,0.161834
2024-05-20,746390,0.181223,0.173271
2024-05-20,746637,0.180996,0.129892
2024-05-20,747119,0.142145,0.212832
2024-05-20,747121,0.142145,0.212832
2024-05-21,744860,0.207444,0.217393
2024-05-21,744936,0.191976,0.190537
2024-05-21,745090,0.261958,0.261268
2024-05-21,745180,0.165478,0.213362
2024-05-21,745503,0.149968,0.264402
2024-05-21,745578,0.167922,0.257498
2024-05-21,745662,0.222862,0.232204
2024-05-21,745742,0.240263,0.204361
2024-05-21,746058,,0.276251
2024-05-21,746145,0.213,0.148074
2024-05-21,746309,0.229783,0.159436
2024-05-21,746385,0.175587,0.172283
2024-05-21,746633,0.184039,0.134177
2024-05-21,746716,0.142546,
2024-05-21,746875,0.207924,0.202945
2024-05-22,744856,0.256381,0.218156
2024-05-22,744933,0.166765,0.235071
2024-05-22,745089,0.224785,0.234412
2024-05-22,745173,0.167843,0.228311
2024-05-22,745180,,
2024-05-22,745502,0.144318,0.215032
2024-05-22,745576,0.183103,0.255262
2024-05-22,745661,0.222932,0.232548
2024-05-22,745743,0.266987,0.206628
2024-05-22,746063,0.219245,0.226236
2024-05-22,746143,0.212564,0.148426
2024-05-22,746304,0.23719,0.155627
2024-05-22,746386,0.175116,0.172916
2024-05-22,746634,0.184913,0.136929
2024-05-22,746712,0.141368,
2024-05-22,746876,0.20604,0.170566
2024-05-23,745500,0.139855,0.218535
2024-05-23,745573,0.200414,0.257243
2024-05-23,745660,0.27103,0.229999
2024-05-23,745741,0.228656,0.205905
2024-05-23,746474,0.194761,0.235505
2024-05-23,746714,0.13814,
2024-05-23,746792,0.168773,0.186216
2024-05-23,746874,0.205958,0.211616
2024-05-24,744853,0.252616,0.20971
2024-05-24,745087,0.155662,0.19153
2024-05-24,745175,,
2024-05-24,745415,0.203243,0.139551
2024-05-24,745501,0.204924,0.217983
2024-05-24,745663,0.172857,0.231885
2024-05-24,745822,0.14578,0.185636
2024-05-24,745905,0.171356,0.250843
2024-05-24,746227,0.139211,0.173641
2024-05-24,746475,0.19689,0.23553
2024-05-24,746558,0.255218,0.231453
2024-05-24,746713,0.15017,0.26789
2024-05-24,746793,0.171293,0.193535
2024-05-24,746956,0.185931,0.22196
2024-05-24,747200,0.227353,0.195492
2024-05-25,744851,0.23636,0.206485
2024-05-25,745086,0.156506,0.222514
2024-05-25,745176,0.211704,0.215385
2024-05-25,745411,0.201754,0.140596
2024-05-25,745493,0.202497,0.214145
2024-05-25,745658,0.171976,0.238124
2024-05-25,745823,0.145856,0.187439
2024-05-25,745901,0.169355,0.224963
2024-05-25,746226,0.139161,0.176799
2024-05-25,746470,0.206428,0.234431
2024-05-25,746556,0.22054,0.215318
2024-05-25,746710,0.148386,
2024-05-25,746794,0.167628,0.197598
2024-05-25,746958,0.182873,0.244021
2024-05-25,747199,0.261135,0.213909
2024-05-26,744855,0.241052,0.212415
2024-05-26,745088,0.154142,0.165563
2024-05-26,745172,0.209399,0.200635
2024-05-26,745413,0.204989,0.140928
2024-05-26,745498,0.201518,0.214828
2024-05-26,745653,0.170393,
2024-05-26,745824,0.147532,0.192359
2024-05-26,745902,0.167434,0.223518
2024-05-26,746230,0.142848,0.177648
2024-05-26,746469,0.203296,0.241556
2024-05-26,746557,0.252782,0.253508
2024-05-26,746711,0.150143,0.240346
2024-05-26,746789,0.195856,0.200652
2024-05-26,746957,0.183433,0.257347
2024-05-26,747197,0.251013,0.196203
2024-05-27,745254,0.1696,0.236435
2024-05-27,745338,0.254794,0.152785
2024-05-27,745416,0.229492,0.140962
2024-05-27,745816,,
2024-05-27,745904,0.159964,0.189558
2024-05-27,745986,0.168275,0.20436
2024-05-27,746549,0.140844,0.21754
2024-05-27,746708,0.209228,0.278832
2024-05-27,746788,0.195425,0.167955
2024-05-27,747034,0.210486,0.167949
2024-05-27,747118,0.195806,0.201464
2024-05-28,745017,0.215168,0.167871
2024-05-28,745091,0.23264,0.209509
2024-05-28,745258,0.16813,0.227457
2024-05-28,745337,0.254727,0.18768
2024-05-28,745412,0.234158,0.140093
2024-05-28,745816,0.138692,0.196316
2024-05-28,745818,0.150395,0.196316
2024-05-28,745903,0.165674,0.211812
2024-05-28,745987,0.201867,0.185001
2024-05-28,746229,0.205741,0.177899
2024-05-28,746468,,
2024-05-28,746552,0.140426,0.219262
2024-05-28,746709,0.225966,0.278899
2024-05-28,746791,0.196097,0.165362
2024-05-28,747033,0.234308,0.165632
2024-05-28,747115,0.198091,0.227138
2024-05-29,745011,0.21725,0.172096
2024-05-29,745084,0.231286,0.18457
2024-05-29,745250,0.16807,0.242179
2024-05-29,745333,0.254987,0.160499
2024-05-29,745414,0.234464,0.139144
2024-05-29,745817,0.149915,0.235705
2024-05-29,745900,0.165573,0.221818
2024-05-29,745988,0.20831,0.193001
2024-05-29,746228,0.20462,0.181264
2024-05-29,746467,0.217336,0.232299
2024-05-29,746468,0.217336,0.232299
2024-05-29,746551,0.138637,0.264206
2024-05-29,746706,0.217304,
2024-05-29,746790,0.229659,0.17734
2024-05-29,747031,0.233234,0.182183
2024-05-29,747117,0.209625,0.210784
2024-05-30,745081,0.231868,0.209174
2024-05-30,745249,0.17194,0.231811
2024-05-30,745819,0.213644,0.206236
2024-05-30,745898,0.161172,0.211178
2024-05-30,745985,0.216008,0.18848
2024-05-30,746225,0.204522,0.180581
2024-05-30,746954,0.232474,0.234697
2024-05-30,747114,0.202404,0.236682
2024-05-31,744928,0.215974,0.193435
2024-05-31,745253,0.211639,0.229358
2024-05-31,745331,0.20829,0.202022
2024-05-31,745574,0.250342,0.257944
2024-05-31,745820,0.212681,0.203391
2024-05-31,745983,0.180539,0.18979
2024-05-31,746059,0.168076,0.226089
2024-05-31,746140,0.222524,0.150916
2024-05-31,746303,0.136898,0.160471
2024-05-31,746387,0.21842,0.171815
2024-05-31,746635,0.219506,0.112729
2024-05-31,746877,0.250973,0.205185
2024-05-31,746955,0.233501,0.231879
2024-05-31,747032,0.172992,0.172501
2024-05-31,747116,0.232754,0.21251
2024-06-01,744932,0.21454,0.23124
2024-06-01,745251,0.214316,0.247783
2024-06-01,745332,0.206383,0.14572
2024-06-01,745575,,0.259491
2024-06-01,745812,0.176973,0.203339
2024-06-01,745980,0.224169,0.18549
2024-06-01,746062,0.177969,0.23302
2024-06-01,746138,0.223072,0.15118
2024-06-01,746305,0.135458,0.160012
2024-06-01,746384,0.207443,0.17171
2024-06-01,746629,0.222198,0.138007
2024-06-01,746870,0.270378,0.204585
2024-06-01,746952,0.234463,0.238218
2024-06-01,747029,0.173396,0.172219
2024-06-01,747111,0.196469,0.23454
2024-06-02,744929,0.210936,0.197755
2024-06-02,745252,0.219262,0.223186
2024-06-02,745330,0.207026,0.218762
2024-06-02,745572,0.204666,0.221802
2024-06-02,745813,0.194151,0.201745
2024-06-02,745984,0.179355,0.192285
2024-06-02,746061,0.17693,0.253488
2024-06-02,746141,0.221973,0.15251
2024-06-02,746301,0.134204,0.159563
2024-06-02,746383,0.198488,0.1545
2024-06-02,746632,0.212242,0.110744
2024-06-02,746871,0.270048,0.169383
2024-06-02,746953,0.234012,0.232105
2024-06-02,747030,0.207968,0.210613
2024-06-02,747110,0.14179,0.230508
2024-06-03,744854,0.205182,0.21465
2024-06-03,744930,0.207718,0.196323
2024-06-03,745009,0.227842,0.174432
2024-06-03,745569,0.189857,0.265332
2024-06-03,746224,0.189472,0.180305
2024-06-03,746382,0.205593,0.168378
2024-06-03,746548,0.271092,0.2345
2024-06-03,747194,0.229661,0.200496
2024-06-04,744850,0.203778,0.201548
2024-06-04,744931,0.204937,0.194683
2024-06-04,745010,0.23094,0.172897
2024-06-04,745497,0.1522,0.213839
2024-06-04,745568,0.183288,0.262506
2024-06-04,745656,0.224125,0.141388
2024-06-04,745739,0.183502,0.208091
2024-06-04,746060,0.203846,0.242998
2024-06-04,746222,0.160184,0.181972
2024-06-04,746380,0.195381,0.163604
2024-06-04,746550,0.271728,0.223316
2024-06-04,746630,0.158322,0.113698
2024-06-04,746872,0.272099,0.17134
2024-06-04,746949,0.229115,0.207053
2024-06-04,747196,0.243889,0.181591
2024-06-05,744852,0.203649,0.197264
2024-06-05,744927,0.206085,0.226232
2024-06-05,745007,0.234832,0.17279
2024-06-05,745494,0.154912,0.217553
2024-06-05,745570,0.189652,0.245088
2024-06-05,745654,0.224593,0.146271
2024-06-05,745740,0.212362,0.207502
2024-06-05,746056,0.2137,0.229018
2024-06-05,746221,0.161301,0.178582
2024-06-05,746379,0.196514,0.171295
2024-06-05,746544,0.253009,0.228303
2024-06-05,746628,,
2024-06-05,746873,0.239457,0.210519
2024-06-05,746950,0.228133,0.24655
2024-06-05,747195,0.256574,0.23543
2024-06-06,744844,0.212405,0.218342
2024-06-06,744923,0.193198,0.192716
2024-06-06,745174,0.226317,0.201568
2024-06-06,745408,0.217951,0.135117
2024-06-06,745495,0.1581,0.20817
2024-06-06,745657,0.245958,0.152014
2024-06-06,745738,0.228735,0.20764
2024-06-06,746631,0.159145,0.115648
2024-06-06,746707,0.211409,0.251215
2024-06-06,746784,0.245661,
2024-06-07,744845,0.226242,0.215895
2024-06-07,745008,0.249458,0.173654
2024-06-07,745083,0.207384,0.18957
2024-06-07,745169,0.225249,0.200481
2024-06-07,745406,0.214706,0.135215
2024-06-07,745496,,0.192275
2024-06-07,745655,0.198995,0.150022
2024-06-07,745737,0.161105,0.194394
2024-06-07,746053,0.141636,
2024-06-07,746220,0.16256,0.179433
2024-06-07,746302,0.249945,0.159926
2024-06-07,746466,0.190498,0.235814
2024-06-07,746704,0.234808,0.262493
2024-06-07,746785,0.216766,0.261826
2024-06-08,744848,0.206285,0.219958
2024-06-08,745001,0.231416,0.203385
2024-06-08,745082,0.20988,0.214937
2024-06-08,745166,0.228556,0.19979
2024-06-08,745410,0.212116,0.135244
2024-06-08,745492,,0.21877
2024-06-08,745652,,0.233134
2024-06-08,745735,0.159414,0.194722
2024-06-08,745814,0.262968,0.201117
2024-06-08,746057,0.115099,0.224664
2024-06-08,746223,0.161944,0.183312
2024-06-08,746300,0.223028,0.159509
2024-06-08,746461,0.189749,0.237386
2024-06-08,746703,0.225688,0.253051
2024-06-08,746786,0.238612,
2024-06-09,744849,0.207318,0.221603
2024-06-09,745003,0.210333,0.20163
2024-06-09,745085,0.21223,0.218706
2024-06-09,745167,0.230187,0.202649
2024-06-09,745407,0.214646,0.135338
2024-06-09,745491,0.191689,0.217427
2024-06-09,745571,0.203569,0.260847
2024-06-09,745651,,0.234611
2024-06-09,745736,0.158985,0.195991
2024-06-09,746054,0.11199,0.224307
2024-06-09,746216,0.163987,
2024-06-09,746297,0.242683,0.158176
2024-06-09,746463,0.185391,0.21446
2024-06-09,746705,0.20952,0.25868
2024-06-09,746787,0.24536,0.251511
2024-06-10,745080,0.176873,0.217926
2024-06-10,745248,0.254083,0.221344
2024-06-10,745334,0.161252,0.234729
2024-06-10,745409,0.233817,0.135605
2024-06-10,745897,0.193878,
2024-06-10,745982,,0.190462
2024-06-10,746295,0.208663,0.16986
2024-06-11,745077,0.209633,0.185322
2024-06-11,745170,0.221341,0.20326
2024-06-11,745244,0.296709,0.219339
2024-06-11,745327,0.159584,0.231217
2024-06-11,745404,0.241132,0.136771
2024-06-11,745815,0.223498,0.205968
2024-06-11,745899,0.224285,
2024-06-11,745981,,0.214807
2024-06-11,746139,0.208137,0.1589
2024-06-11,746296,0.20661,0.15725
2024-06-11,746464,0.220955,0.239271
2024-06-11,746702,0.113581,0.253004
2024-06-11,746951,0.243113,0.234864
2024-06-11,747027,0.202238,0.196403
2024-06-11,747190,,0.17843
2024-06-12,745079,0.241441,0.183928
2024-06-12,745171,0.217839,0.205718
2024-06-12,745246,0.191914,0.216655
2024-06-12,745328,0.158497,0.230067
2024-06-12,745405,0.178276,0.155328
2024-06-12,745811,0.197444,0.21831
2024-06-12,745896,0.222196,0.183142
2024-06-12,745978,,0.193269
2024-06-12,746137,0.193806,0.157673
2024-06-12,746294,0.204739,0.154902
2024-06-12,746462,0.221011,0.231322
2024-06-12,746701,0.113708,0.252586
2024-06-12,746948,0.243109,0.260596
2024-06-12,747028,0.196847,0.209979
2024-06-12,747193,0.164658,0.212322
2024-06-13,745075,0.195568,0.214295
2024-06-13,745168,0.243345,0.206206
2024-06-13,745245,0.263427,0.241185
2024-06-13,745809,0.226607,0.234292
2024-06-13,745894,0.242511,0.196658
2024-06-13,746136,0.196232,0.158868
2024-06-13,746299,0.20143,0.15227
2024-06-13,746465,0.219349,0.231149
2024-06-13,746944,0.241168,0.265081
2024-06-13,747026,0.197555,0.172373
2024-06-13,747192,0.184839,0.209211
2024-06-14,744847,0.225748,0.219114
2024-06-14,744924,0.112233,0.186487
2024-06-14,745247,0.192508,0.249136
2024-06-14,745326,0.184467,0.248861
2024-06-14,745810,0.136137,0.232501
2024-06-14,745892,0.271013,0.212586
2024-06-14,745979,0.255508,0.192015
2024-06-14,746134,0.150068,0.160033
2024-06-14,746378,0.232294,0.15753
2024-06-14,746545,0.235579,0.221629
2024-06-14,746869,0.207145,0.197894
2024-06-14,746947,0.20526,0.269773
2024-06-14,747025,0.240718,0.197855
2024-06-14,747112,0.188914,0.19632
2024-06-14,747191,0.256204,0.207732
2024-06-15,744846,0.241872,0.215939
2024-06-15,744925,0.132619,
2024-06-15,745241,0.193233,0.218824
2024-06-15,745329,0.183115,0.230722
2024-06-15,745805,0.136559,0.22952
2024-06-15,745891,,
2024-06-15,745976,0.248137,0.188009
2024-06-15,746135,0.149136,0.159014
2024-06-15,746381,0.234438,0.158715
2024-06-15,746547,0.235843,0.227283
2024-06-15,746865,0.203866,0.1988
2024-06-15,746946,0.207258,0.263374
2024-06-15,747024,0.242302,0.212958
2024-06-15,747113,0.182041,0.225738
2024-06-15,747187,0.276066,0.206582
2024-06-16,744839,0.249338,0.19852
2024-06-16,744926,0.123114,0.181173
2024-06-16,745242,0.191313,0.220657
2024-06-16,745321,,0.234557
2024-06-16,745807,0.135943,0.22686
2024-06-16,745891,0.177973,0.190594
2024-06-16,745895,0.242009,0.163197
2024-06-16,745977,0.246196,0.191727
2024-06-16,746130,0.151016,0.157003
2024-06-16,746377,0.232577,0.160285
2024-06-16,746546,0.266491,0.228358
2024-06-16,746866,0.205784,0.197123
2024-06-16,746945,0.207125,0.237365
2024-06-16,747023,0.244732,0.211875
2024-06-16,747109,0.178938,0.223085
2024-06-16,747189,0.272747,0.206394
2024-06-17,744918,0.262347,0.185339
2024-06-17,745005,0.223961,0.175787
2024-06-17,745490,0.243679,0.264162
2024-06-17,745567,0.13783,0.232969
2024-06-17,746055,0.20884,0.226621
2024-06-17,746215,0.174064,0.220564
2024-06-17,746543,0.175693,0.288842
2024-06-17,746868,0.231485,0.197936
2024-06-17,747108,0.22609,0.223972
2024-06-18,744843,0.204401,0.216226
2024-06-18,744917,0.235659,0.193709
2024-06-18,745004,0.222077,0.166646
2024-06-18,745488,0.25966,0.225047
2024-06-18,745563,0.124271,0.228171
2024-06-18,745650,0.153326,0.200968
2024-06-18,745733,0.201252,0.209658
2024-06-18,745893,0.178922,0.18763
2024-06-18,746049,0.185346,0.22525
2024-06-18,746217,0.188863,0.180005
2024-06-18,746542,0.172218,0.222455
2024-06-18,746627,0.221262,0.110037
2024-06-18,746783,0.162899,0.278387
2024-06-18,746867,0.225906,0.196445
2024-06-18,747107,0.234064,0.226017
2024-06-19,744842,0.186253,0.230484
2024-06-19,744920,0.270925,0.15662
2024-06-19,745002,0.223233,0.173539
2024-06-19,745489,0.243445,0.263351
2024-06-19,745561,0.136664,0.215469
2024-06-19,745646,0.155094,0.197313
2024-06-19,745732,0.215614,0.232315
2024-06-19,745887,0.179951,0.194832
2024-06-19,746050,0.206641,0.221312
2024-06-19,746219,0.181904,0.178824
2024-06-19,746538,0.212402,0.270748
2024-06-19,746625,0.221987,0.107963
2024-06-19,746781,0.133191,0.260921
2024-06-19,746864,0.229323,0.173798
2024-06-19,747106,0.222459,0.225049
2024-06-20,744841,0.168267,0.227534
2024-06-20,745164,0.228314,0.209476
2024-06-20,745401,0.186226,0.135807
2024-06-20,745645,0.145572,0.191372
2024-06-20,745734,0.215123,0.206436
2024-06-20,745889,0.182031,0.159554
2024-06-20,746539,0.170693,0.275231
2024-06-20,746626,0.252664,0.107506
2024-06-20,746782,0.161373,0.257331
2024-06-21,745006,0.153739,0.166615
2024-06-21,745403,0.18426,0.138911
2024-06-21,745483,0.184654,0.265611
2024-06-21,745562,0.19085,0.226643
2024-06-21,745649,0.20595,0.160402
2024-06-21,745729,0.226058,0.206208
2024-06-21,746052,0.248723,0.225141
2024-06-21,746131,0.178489,0.211312
2024-06-21,746375,0.173739,0.160961
2024-06-21,746460,0.245224,0.221654
2024-06-21,746540,0.215856,0.27297
2024-06-21,746624,0.194495,0.109758
2024-06-21,746698,0.230732,0.241968
2024-06-21,746861,0.224122,0.174668
2024-06-22,744997,0.16078,0.166449
2024-06-22,745163,0.223698,0.209855
2024-06-22,745402,0.186701,0.143206
2024-06-22,745486,0.214318,0.26657
2024-06-22,745564,0.20345,0.224884
2024-06-22,745644,0.169755,0.188363
2024-06-22,745731,0.225772,0.208734
2024-06-22,746048,0.2097,0.224446
2024-06-22,746132,0.176311,0.167618
2024-06-22,746376,0.171612,0.1618
2024-06-22,746459,0.247275,0.221007
2024-06-22,746541,0.213508,0.270701
2024-06-22,746622,0.139234,0.110855
2024-06-22,746700,0.223011,0.24485
2024-06-22,746863,0.225038,0.196102
2024-06-23,745000,0.154574,0.16647
2024-06-23,745165,0.223348,0.209553
2024-06-23,745396,0.218852,0.125515
2024-06-23,745485,0.227444,0.241901
2024-06-23,745566,0.217921,0.220588
2024-06-23,745648,0.165139,0.189327
2024-06-23,745727,0.224398,0.208605
2024-06-23,746051,0.224718,0.225504
2024-06-23,746373,0.192672,0.204955
2024-06-23,746457,0.182555,0.220089
2024-06-23,746536,0.168072,0.269593
2024-06-23,746621,0.136601,0.112848
2024-06-23,746699,0.264235,0.241494
2024-06-23,746862,0.228327,0.195485
2024-06-24,745078,0.267255,0.223228
2024-06-24,745160,0.227364,0.205432
2024-06-24,745323,0.179018,0.225116
2024-06-24,745397,0.215027,0.14025
2024-06-24,745974,0.165313,0.189534
2024-06-24,746218,0.224775,0.182345
2024-06-24,746298,0.245663,0.154986
2024-06-24,746458,0.219588,0.219708
2024-06-24,746696,0.265762,0.254334
2024-06-24,746780,0.168689,0.260369
2024-06-24,746941,0.133508,0.241806
2024-06-24,747021,0.110235,0.171215
2024-06-25,745076,0.270276,0.232895
2024-06-25,745157,,
2024-06-25,745322,0.198824,0.224971
2024-06-25,745399,0.216752,0.139228
2024-06-25,745806,0.209121,0.227059
2024-06-25,745973,0.166035,0.185642
2024-06-25,746213,0.17183,0.181984
2024-06-25,746293,0.225859,0.154226
2024-06-25,746372,0.271353,0.162377
2024-06-25,746454,0.21791,0.231723
2024-06-25,746697,0.2632,0.252757
2024-06-25,746775,0.170492,0.240652
2024-06-25,746943,0.145079,0.241397
2024-06-25,747022,0.109747,0.194749
2024-06-25,747188,0.197608,0.206798
2024-06-26,745073,0.225308,0.231412
2024-06-26,745157,0.228538,0.208526
2024-06-26,745158,0.228538,0.208526
2024-06-26,745325,0.199477,0.237743
2024-06-26,745400,0.212994,0.187743
2024-06-26,745808,0.208912,0.224905
2024-06-26,745975,0.174315,0.187996
2024-06-26,746212,0.215752,0.143887
2024-06-26,746291,0.225181,0.157233
2024-06-26,746374,0.271988,0.161459
2024-06-26,746456,0.217676,0.221635
2024-06-26,746695,0.26304,0.236573
2024-06-26,746777,0.211852,0.235393
2024-06-26,746942,,
2024-06-26,747019,0.109974,0.172877
2024-06-26,747184,0.198679,0.205312
2024-06-27,744919,0.208468,0.158802
2024-06-27,745162,0.238773,0.209102
2024-06-27,745324,0.201414,0.23037
2024-06-27,745565,0.225455,0.223988
2024-06-27,746210,0.22011,0.184858
2024-06-27,746288,0.149306,0.158205
2024-06-27,746816,0.227506,0.251727
2024-06-27,747020,0.170191,0.208551
2024-06-27,747185,0.167375,0.204861
2024-06-28,744922,0.210782,0.153633
2024-06-28,745070,0.215069,0.188166
2024-06-28,745161,0.238435,0.182826
2024-06-28,745238,0.202171,0.267939
2024-06-28,745319,0.171649,0.244616
2024-06-28,745560,0.227133,0.153376
2024-06-28,745804,0.161195,0.221833
2024-06-28,745970,0.202688,0.186775
2024-06-28,746214,0.232809,0.183361
2024-06-28,746292,0.157425,0.157322
2024-06-28,746776,0.273593,0.237294
2024-06-28,746939,0.123459,0.243554
2024-06-28,747017,0.17006,0.168761
2024-06-28,747105,0.262122,0.225659
2024-06-28,747183,0.216883,0.215275
2024-06-29,744921,0.20953,0.154919
2024-06-29,745071,0.215285,0.189444
2024-06-29,745159,0.237511,0.205381
2024-06-29,745239,0.200087,0.26797
2024-06-29,745317,0.172798,0.245557
2024-06-29,745559,0.229299,0.15366
2024-06-29,745801,0.160782,0.220924
2024-06-29,745972,0.205968,0.186684
2024-06-29,746211,0.230501,0.182012
2024-06-29,746289,0.114685,0.156014
2024-06-29,746778,0.222639,0.236812
2024-06-29,746940,0.123589,0.264976
2024-06-29,747018,0.168957,0.169071
2024-06-29,747104,0.22262,0.225303
2024-06-29,747186,0.220284,0.213383
2024-06-30,744916,0.210477,0.147779
2024-06-30,745072,0.212748,0.18713
2024-06-30,745154,0.249647,0.205564
2024-06-30,745243,0.190326,0.226943
2024-06-30,745320,0.212002,0.26322
2024-06-30,745555,0.223061,0.154083
2024-06-30,745802,0.161297,0.221866
2024-06-30,745971,0.205626,0.187463
2024-06-30,746209,0.24049,0.180005
2024-06-30,746290,0.158412,0.157186
2024-06-30,746779,0.223524,0.251118
2024-06-30,746938,0.125708,0.245063
2024-06-30,747016,0.175341,0.195509
2024-06-30,747101,0.266444,0.224073
2024-06-30,747182,0.219198,0.206723
2024-07-01,744840,0.211866,0.20239
2024-07-01,744914,0.173312,0.159293
2024-07-01,746535,0.182316,0.234525
2024-07-02,744838,0.201096,0.201262
2024-07-02,744913,0.158093,0.158593
2024-07-02,744999,0.126154,0.174157
2024-07-02,745240,0.171084,0.256839
2024-07-02,745482,0.204955,0.26848
2024-07-02,745647,0.180779,0.226164
2024-07-02,745730,0.249686,0.212051
2024-07-02,745886,0.220123,0.167603
2024-07-02,746047,0.267186,0.231042
2024-07-02,746133,0.201477,0.173106
2024-07-02,746282,0.188808,0.15531
2024-07-02,746537,0.184917,0.257942
2024-07-02,746623,0.249688,0.160632
2024-07-02,746860,0.155382,0.204994
2024-07-02,747102,0.240477,0.224273
2024-07-03,744837,0.22522,
2024-07-03,744915,0.156169,0.159319
2024-07-03,744998,0.125101,0.16794
2024-07-03,745234,0.171691,0.24183
2024-07-03,745487,0.207761,0.268216
2024-07-03,745643,0.182128,0.222521
2024-07-03,745728,0.249105,0.209639
2024-07-03,745888,0.219936,0.200749
2024-07-03,746045,0.263565,0.233134
2024-07-03,746128,0.204188,0.17349
2024-07-03,746283,0.188683,0.155477
2024-07-03,746534,0.18414,0.213842
2024-07-03,746617,0.239114,0.164789
2024-07-03,746858,0.154502,0.204346
2024-07-03,747100,0.258307,0.225831
2024-07-04,744834,0.214656,0.201535
2024-07-04,744912,0.157461,0.170341
2024-07-04,744996,0.124928,0.19224
2024-07-04,745236,0.21092,0.282169
2024-07-04,745484,0.203052,0.266267
2024-07-04,745641,0.195857,0.219011
2024-07-04,745726,0.251206,0.179087
2024-07-04,745890,0.221359,0.199455
2024-07-04,746043,0.262018,0.232385
2024-07-04,746126,0.207668,0.211349
2024-07-04,746285,0.218702,0.15071
2024-07-04,746532,0.18866,0.232924
2024-07-04,746619,0.237588,
2024-07-04,746857,0.156271,0.19805
2024-07-04,747103,0.24286,0.229677
2024-07-05,744836,0.201591,
2024-07-05,744992,0.189638,0.1752
2024-07-05,745237,0.165416,0.283851
2024-07-05,745398,0.207361,0.125313
2024-07-05,745479,0.226628,
2024-07-05,745639,0.207137,0.220162
2024-07-05,745725,0.259581,0.188314
2024-07-05,745884,0.158007,0.199239
2024-07-05,746046,0.241322,0.234014
2024-07-05,746127,0.181159,0.177443
2024-07-05,746533,0.15304,0.258924
2024-07-05,746620,0.241621,
2024-07-05,746693,0.223606,0.249467
2024-07-05,746859,0.195759,0.203867
2024-07-05,747097,0.15739,0.226338
2024-07-06,744835,0.200143,
2024-07-06,744995,0.187058,0.17647
2024-07-06,745235,0.172925,0.248084
2024-07-06,745395,0.192466,0.124544
2024-07-06,745476,0.228269,0.224451
2024-07-06,745642,0.197286,0.242288
2024-07-06,745724,0.247436,0.183443
2024-07-06,745885,0.143712,0.199875
2024-07-06,746044,0.237579,0.258914
2024-07-06,746129,0.203062,0.179258
2024-07-06,746529,0.15318,0.23267
2024-07-06,746615,0.256842,
2024-07-06,746694,0.199426,0.249567
2024-07-06,746856,,0.195685
2024-07-06,747099,0.158049,0.227643
2024-07-07,744832,0.198835,0.211119
2024-07-07,744993,0.190717,0.167084
2024-07-07,745233,0.166576,0.288031
2024-07-07,745391,0.195274,0.126486
2024-07-07,745477,0.227464,0.225191
2024-07-07,745637,0.19635,0.220873
2024-07-07,745723,0.260471,0.184936
2024-07-07,745883,0.161647,0.202402
2024-07-07,746039,0.256206,0.227052
2024-07-07,746122,0.229727,0.178916
2024-07-07,746530,0.159863,0.232474
2024-07-07,746616,0.246823,
2024-07-07,746691,0.203434,0.250361
2024-07-07,746855,0.203559,0.204194
2024-07-07,747098,0.157769,0.22902
2024-07-08,744833,0.19666,0.215597
2024-07-08,745480,0.213359,0.268467
2024-07-08,746208,0.168779,0.1751
2024-07-08,746455,0.097255,0.190969
2024-07-08,746692,0.235732,0.253268
2024-07-08,746771,0.203335,0.208245
2024-07-08,747181,0.229517,0.20623
2024-07-09,745074,0.193393,0.186908
2024-07-09,745155,,
2024-07-09,745316,0.175749,0.231909
2024-07-09,745393,0.281812,0.126214
2024-07-09,745557,0.179331,0.227029
2024-07-09,745803,0.224251,0.227303
2024-07-09,745968,,0.203518
2024-07-09,746206,0.1682,0.194025
2024-07-09,746368,0.231714,0.15907
2024-07-09,746451,0.093731,0.2269
2024-07-09,746690,0.256757,0.25402
2024-07-09,746773,,
2024-07-09,746937,0.218462,0.264964
2024-07-09,747014,0.20384,0.194715
2024-07-09,747180,0.229875,0.170269
2024-07-10,745069,0.185757,0.191483
2024-07-10,745155,0.151421,0.200959
2024-07-10,745156,0.159933,0.182754
2024-07-10,745318,0.162643,0.260284
2024-07-10,745394,0.285209,0.125786
2024-07-10,745556,0.216642,0.201096
2024-07-10,745796,0.215776,0.226325
2024-07-10,745969,0.229662,0.20145
2024-07-10,746205,0.16598,0.191779
2024-07-10,746366,0.257407,0.16091
2024-07-10,746453,0.088538,0.204952
2024-07-10,746689,0.259724,0.252666
2024-07-10,746772,0.20309,0.25822
2024-07-10,746773,0.146461,0.25822
2024-07-10,746934,0.220244,0.261441
2024-07-10,747015,0.202128,0.204855
2024-07-10,747179,0.23042,0.20243
2024-07-11,745065,0.186352,0.217884
2024-07-11,745313,0.166012,0.238643
2024-07-11,745558,0.180663,0.226114
2024-07-11,745799,0.224299,0.228177
2024-07-11,745967,0.26754,0.176347
2024-07-11,746204,0.25215,0.198785
2024-07-11,746452,0.085774,0.205844
2024-07-11,746688,0.258898,0.218874
2024-07-11,746935,0.221404,0.26617
2024-07-11,747011,0.235656,0.204192
2024-07-11,747178,0.230238,0.155282
2024-07-12,745064,0.084448,0.216231
2024-07-12,745153,0.231913,0.200582
2024-07-12,745312,0.160183,0.245685
2024-07-12,745390,0.23023,0.126223
2024-07-12,745552,0.236728,0.225403
2024-07-12,745800,0.237954,0.227172
2024-07-12,745965,0.228914,0.17893
2024-07-12,746207,0.284665,0.196563
2024-07-12,746371,0.163819,0.159256
2024-07-12,746450,0.18419,0.292034
2024-07-12,746685,0.21909,0.251872
2024-07-12,746774,0.224288,0.257892
2024-07-12,746936,0.160698,0.265603
2024-07-12,747012,0.186798,0.195548
2024-07-12,747175,0.163937,0.19137
2024-07-13,745067,0.098492,0.189421
2024-07-13,745152,0.230659,0.198507
2024-07-13,745175,0.230659,0.198507
2024-07-13,745311,0.21504,0.245592
2024-07-13,745392,0.228526,0.126632
2024-07-13,745549,0.286815,0.224847
2024-07-13,745798,0.239795,0.22861
2024-07-13,745963,0.198472,0.199485
2024-07-13,746202,0.268656,0.197655
2024-07-13,746369,0.165969,0.159313
2024-07-13,746447,0.21733,0.287346
2024-07-13,746687,0.263057,0.249302
2024-07-13,746766,0.266128,0.239434
2024-07-13,746930,0.157721,0.214176
2024-07-13,747013,0.186036,0.196052
2024-07-13,747177,0.161014,0.203193
2024-07-14,745066,0.102285,0.215116
2024-07-14,745151,0.229578,0.201408
2024-07-14,745314,0.167299,0.245392
2024-07-14,745385,0.230661,0.185036
2024-07-14,745551,0.22162,0.224085
2024-07-14,745797,0.240355,0.211932
2024-07-14,745962,0.246686,0.180444
2024-07-14,746201,0.281801,0.21036
2024-07-14,746370,0.167246,0.159828
2024-07-14,746449,0.184587,0.208374
2024-07-14,746686,0.237978,0.250516
2024-07-14,746769,0.265621,0.23708
2024-07-14,746932,0.158931,0.214842
2024-07-14,747009,0.213083,0.204267
2024-07-14,747176,0.161816,0.171615
2024-07-19,744829,0.248817,0.214028
2024-07-19,744911,0.208745,0.161064
2024-07-19,744990,0.199287,0.167132
2024-07-19,745228,0.159924,0.235979
2024-07-19,745481,0.222684,0.265827
2024-07-19,745640,0.199295,0.216148
2024-07-19,745721,0.210733,0.214065
2024-07-19,746040,0.231019,0.261393
2024-07-19,746123,0.272808,0.184288
2024-07-19,746284,0.235418,0.159417
2024-07-19,746531,0.248091,0.240778
2024-07-19,746618,0.127461,0.111948
2024-07-19,746854,0.172082,0.23034
2024-07-19,747093,,
2024-07-20,744830,0.249268,0.188965
2024-07-20,744910,0.279078,0.16264
2024-07-20,744994,0.196868,0.168294
2024-07-20,745229,0.159992,0.237026
2024-07-20,745478,0.223622,0.221924
2024-07-20,745638,0.200332,0.215931
2024-07-20,745720,0.194796,0.219626
2024-07-20,745880,0.182403,0.232191
2024-07-20,746041,0.230544,0.23756
2024-07-20,746121,0.267023,0.186488
2024-07-20,746286,0.237275,0.161244
2024-07-20,746527,0.216527,0.242261
2024-07-20,746613,0.126199,0.109465
2024-07-20,746852,0.200237,0.230795
2024-07-20,747093,0.196333,0.231713
2024-07-20,747096,0.196333,0.231713
2024-07-21,744831,0.248658,0.197462
2024-07-21,744909,0.245701,0.161732
2024-07-21,744991,0.195548,0.170548
2024-07-21,745230,0.160914,0.237641
2024-07-21,745470,0.224352,0.263793
2024-07-21,745633,0.236368,0.213073
2024-07-21,745722,0.212113,0.219358
2024-07-21,745882,0.196454,0.232316
2024-07-21,746042,0.230407,0.239928
2024-07-21,746125,0.254619,0.217664
2024-07-21,746287,0.243256,0.163629
2024-07-21,746528,0.252745,0.229682
2024-07-21,746610,0.127924,0.118433
2024-07-21,746853,0.17638,0.231035
2024-07-21,747094,0.194005,0.232589
2024-07-22,744988,0.237642,0.170644
2024-07-22,745232,0.199462,0.253933
2024-07-22,745473,0.19722,0.264383
2024-07-22,745635,0.160148,0.208634
2024-07-22,745717,0.192478,0.220196
2024-07-22,745881,0.223168,0.198152
2024-07-22,746034,0.232971,0.239235
2024-07-22,746124,0.252749,0.185362
2024-07-22,746280,0.174376,0.163068
2024-07-22,746526,0.226463,0.23328
2024-07-22,746612,0.254299,0.120609
2024-07-22,746850,0.183174,0.23109
2024-07-22,747095,0.249441,
2024-07-23,744828,0.129585,0.211279
2024-07-23,744904,0.215379,0.163241
2024-07-23,744985,0.249741,0.181588
2024-07-23,745227,0.187375,0.24848
2024-07-23,745475,0.198262,0.26345
2024-07-23,745632,0.161824,0.205223
2024-07-23,745715,0.231363,0.241327
2024-07-23,745878,0.22232,0.197057
2024-07-23,746036,0.195281,0.260861
2024-07-23,746118,0.250628,0.185052
2024-07-23,746281,0.201242,0.186179
2024-07-23,746524,0.228026,0.223868
2024-07-23,746614,0.257742,0.118039
2024-07-23,746848,0.185305,0.232353
2024-07-23,747090,,
2024-07-24,744824,0.127675,0.210647
2024-07-24,744905,0.213812,0.17036
2024-07-24,744989,0.242917,0.173128
2024-07-24,745231,0.181391,0.245326
2024-07-24,745472,0.198374,0.221088
2024-07-24,745634,0.162129,0.205297
2024-07-24,745716,0.233008,0.210159
2024-07-24,745877,0.221418,0.229826
2024-07-24,746035,0.195758,0.260483
2024-07-24,746119,0.249833,0.186708
2024-07-24,746279,0.20314,0.161789
2024-07-24,746525,0.254929,0.262204
2024-07-24,746611,0.208286,0.123537
2024-07-24,746851,0.211247,0.233792
2024-07-24,747090,,
2024-07-24,747091,0.249616,
2024-07-25,744827,0.17057,0.208486
2024-07-25,744907,0.21457,0.170843
2024-07-25,744984,0.261344,0.172741
2024-07-25,745794,0.259477,0.175209
2024-07-25,746037,0.215177,0.204744
2024-07-25,746117,0.269273,0.218348
2024-07-25,746199,0.244822,0.193021
2024-07-25,746609,0.243265,0.122012
2024-07-26,744906,0.171973,0.172435
2024-07-26,745068,0.237277,0.183882
2024-07-26,745146,0.208316,0.196807
2024-07-26,745315,0.269399,0.269486
2024-07-26,745554,0.124626,0.223639
2024-07-26,745792,0.259057,0.2344
2024-07-26,745964,0.220765,0.197212
2024-07-26,746200,0.201567,0.190485
2024-07-26,746277,0.233086,0.16015
2024-07-26,746361,0.228733,0.161036
2024-07-26,746448,0.230823,0.244367
2024-07-26,746767,0.276017,0.265377
2024-07-26,746933,0.186746,0.22575
2024-07-26,747010,0.12806,0.195475
2024-07-26,747174,0.262486,0.200323
2024-07-27,744908,0.170598,0.169073
2024-07-27,745059,0.239806,0.188845
2024-07-27,745150,0.211389,0.194907
2024-07-27,745307,0.247763,0.245115
2024-07-27,745310,0.231538,0.264374
2024-07-27,745553,0.125536,0.222352
2024-07-27,745793,0.26074,0.23488
2024-07-27,745966,0.20548,0.176269
2024-07-27,746203,0.237813,0.18166
2024-07-27,746278,0.233147,0.148946
2024-07-27,746362,0.209037,0.160337
2024-07-27,746446,0.198689,0.255103
2024-07-27,746768,0.251161,0.256558
2024-07-27,746931,0.186178,0.216268
2024-07-27,747006,0.12736,0.194822
2024-07-27,747171,0.264677,0.172363
2024-07-28,744902,0.170636,0.134664
2024-07-28,745145,0.253673,0.194311
2024-07-28,745305,0.233326,0.239993
2024-07-28,745550,0.122771,0.225419
2024-07-28,745795,0.258174,0.175157
2024-07-28,745961,0.206707,0.195474
2024-07-28,746195,0.198708,0.182814
2024-07-28,746274,0.23182,0.144224
2024-07-28,746364,0.238814,0.160115
2024-07-28,746445,0.273252,0.204652
2024-07-28,746770,0.25313,0.242342
2024-07-28,746929,0.185206,0.225887
2024-07-28,747008,0.127424,0.23653
2024-07-28,747173,0.257266,0.19099
2024-07-29,745147,0.169596,0.196538
2024-07-29,745547,0.183954,0.225307
2024-07-29,745791,0.19955,0.236993
2024-07-29,745959,0.26193,0.22623
2024-07-29,746360,0.220585,0.160197
2024-07-29,746444,0.123414,0.257907
2024-07-29,746684,0.231614,0.192801
2024-07-29,746765,0.144123,0.249835
2024-07-29,746928,0.248596,0.214759
2024-07-29,747007,0.167781,0.23804
2024-07-29,747039,0.167781,0.216367
2024-07-29,747172,0.181796,0.172744
2024-07-30,745060,0.21794,0.210029
2024-07-30,745149,0.169058,0.196631
2024-07-30,745309,0.237537,0.242749
2024-07-30,745389,0.210772,0.126734
2024-07-30,745546,0.184786,0.225404
2024-07-30,745787,0.202175,0.235342
2024-07-30,745958,0.261891,0.22615
2024-07-30,746197,0.243941,0.183083
2024-07-30,746365,0.263459,0.159899
2024-07-30,746441,0.141978,0.252115
2024-07-30,746683,0.284932,0.237111
2024-07-30,746763,0.144312,0.238269
2024-07-30,746926,0.249035,0.21452
2024-07-30,747005,0.201633,0.229122
2024-07-30,747167,0.226145,0.171232
2024-07-31,745061,0.263069,0.210518
2024-07-31,745148,0.168292,0.195286
2024-07-31,745306,0.196493,0.234577
2024-07-31,745386,0.212577,0.124809
2024-07-31,745543,0.206137,0.240046
2024-07-31,745789,0.199208,0.235412
2024-07-31,745960,0.246711,0.256253
2024-07-31,746198,0.234894,0.185738
2024-07-31,746363,0.222471,0.159064
2024-07-31,746678,0.231514,0.238194
2024-07-31,746764,0.144349,0.197062
2024-07-31,746925,0.252968,0.21385
2024-07-31,747003,0.234243,0.233143
2024-07-31,747170,0.231726,0.18275
2024-08-01,746196,0.23561,0.176886
2024-08-01,746442,0.144884,0.203749
2024-08-01,746607,0.227657,0.142394
2024-08-01,746849,0.246567,0.283437
2024-08-01,747092,0.226228,0.248557
2024-08-02,744825,0.19388,0.233918
2024-08-02,744986,0.22671,0.167468
2024-08-02,745224,0.228087,0.244261
2024-08-02,745387,0.236111,0.168389
2024-08-02,745471,0.198338,0.26889
2024-08-02,745631,0.21297,0.195119
2024-08-02,745719,0.234416,0.185076
2024-08-02,745875,0.3109,0.23766
2024-08-02,746193,0.23572,0.185312
2024-08-02,746354,0.221577,0.157664
2024-08-02,746443,0.144009,0.223394
2024-08-02,746605,0.230705,0.142479
2024-08-02,746679,0.258411,0.237725
2024-08-02,746845,0.193237,0.284888
2024-08-02,747089,0.223361,0.249509
2024-08-03,744823,0.224454,0.173746
2024-08-03,744987,0.223732,0.169269
2024-08-03,745225,0.228906,0.241124
2024-08-03,745388,0.253753,0.126534
2024-08-03,745474,0.198635,0.223875
2024-08-03,745636,0.239699,0.198513
2024-08-03,745714,0.237915,0.187396
2024-08-03,745876,0.314155,0.210141
2024-08-03,746194,0.234879,0.213886
2024-08-03,746358,0.214931,0.156997
2024-08-03,746440,0.153528,0.201198
2024-08-03,746608,0.241171,0.131533
2024-08-03,746681,0.233527,0.241069
2024-08-03,746846,0.194787,0.283676
2024-08-03,747087,0.225434,0.250234
2024-08-04,744826,0.22636,0.171249
2024-08-04,744979,0.202529,0.169594
2024-08-04,745222,0.229652,0.239745
2024-08-04,745384,0.27449,0.127628
2024-08-04,745468,0.199456,0.224689
2024-08-04,745627,0.240968,0.198393
2024-08-04,745718,0.201262,0.209487
2024-08-04,745879,0.316076,0.235728
2024-08-04,746191,0.233007,0.213399
2024-08-04,746356,0.207671,0.156362
2024-08-04,746439,0.144759,0.20096
2024-08-04,746606,0.231625,0.143574
2024-08-04,746680,0.252067,0.239074
2024-08-04,746844,0.244885,0.230954
2024-08-04,747088,0.245641,0.249305
2024-08-05,744821,0.255421,0.169098
2024-08-05,744982,0.15715,0.170307
2024-08-05,745184,0.215567,0.216789
2024-08-05,745628,0.286497,0.224395
2024-08-05,746038,0.240039,0.22899
2024-08-05,746116,0.228787,0.218651
2024-08-05,746276,0.2123,0.144034
2024-08-05,746600,0.172155,0.144492
2024-08-05,746847,0.218624,0.244681
2024-08-06,744817,0.265761,0.172718
2024-08-06,744901,0.232122,0.240625
2024-08-06,744983,0.156919,0.171507
2024-08-06,745141,0.215779,0.219298
2024-08-06,745221,0.198509,0.240282
2024-08-06,745467,0.168862,0.229349
2024-08-06,745629,0.306298,0.200981
2024-08-06,745713,,
2024-08-06,746033,0.237257,0.238658
2024-08-06,746120,0.231313,0.218274
2024-08-06,746273,0.210894,0.141463
2024-08-06,746519,0.236622,0.237199
2024-08-06,746602,,
2024-08-06,746840,0.18002,0.285471
2024-08-06,747086,0.213546,0.249513
2024-08-07,744822,0.242239,0.157637
2024-08-07,744903,0.232902,0.137193
2024-08-07,744981,0.155272,0.170718
2024-08-07,745142,0.216067,0.192289
2024-08-07,745223,0.199692,0.239163
2024-08-07,745469,0.125162,0.204811
2024-08-07,745630,0.300082,0.200307
2024-08-07,745709,0.213743,0.187458
2024-08-07,745713,0.213743,0.20863
2024-08-07,746031,0.230184,0.235206
2024-08-07,746115,0.229903,0.217185
2024-08-07,746272,0.22691,0.142427
2024-08-07,746521,0.215507,0.237175
2024-08-07,746602,0.198958,0.161498
2024-08-07,746604,0.198958,0.13218
2024-08-07,746842,0.193864,0.283561
2024-08-07,747085,0.248733,0.249619
2024-08-08,744819,0.268143,0.17003
2024-08-08,744899,0.232877,0.205079
2024-08-08,745143,0.217072,0.190116
2024-08-08,745226,0.198924,0.244564
2024-08-08,745466,0.126588,0.229511
2024-08-08,745710,0.215306,0.205967
2024-08-08,746030,0.230296,0.232202
2024-08-08,746522,0.196381,0.254223
2024-08-08,747081,0.22033,0.262756
2024-08-08,747169,0.227903,0.180915
2024-08-09,744818,0.214227,0.166883
2024-08-09,744900,0.197691,0.203799
2024-08-09,745062,0.231258,0.224662
2024-08-09,745220,0.215948,0.238733
2024-08-09,745308,0.25947,0.258478
2024-08-09,745708,,
2024-08-09,745871,0.111351,0.284219
2024-08-09,745927,0.163722,0.214413
2024-08-09,745957,0.22264,0.216869
2024-08-09,746032,0.125507,0.234444
2024-08-09,746113,0.228044,0.215761
2024-08-09,746275,0.188574,0.143651
2024-08-09,746523,0.249857,0.238396
2024-08-09,746760,0.29027,0.228914
2024-08-09,746927,0.154353,0.21036
2024-08-09,747168,0.226578,0.196932
2024-08-10,744820,0.206002,0.162757
2024-08-10,744897,0.197578,0.203598
2024-08-10,745056,0.234305,0.216409
2024-08-10,745219,0.239481,0.239365
2024-08-10,745304,0.28915,0.261325
2024-08-10,745708,0.171777,0.185142
2024-08-10,745712,0.171777,0.185142
2024-08-10,745873,0.145919,0.279
2024-08-10,745955,0.231819,0.217484
2024-08-10,746026,0.125576,0.232829
2024-08-10,746112,0.229279,0.21534
2024-08-10,746269,0.173406,0.146486
2024-08-10,746520,0.250919,0.256809
2024-08-10,746761,0.284154,0.255197
2024-08-10,746922,0.152766,0.211078
2024-08-10,747164,0.228277,0.200058
2024-08-11,744816,0.19079,0.162356
2024-08-11,744895,0.250846,0.203151
2024-08-11,745057,0.232827,0.218643
2024-08-11,745216,0.238893,0.243241
2024-08-11,745303,0.231427,0.260365
2024-08-11,745711,0.174308,0.185119
2024-08-11,745872,0.111769,0.217049
2024-08-11,745956,0.236756,0.249316
2024-08-11,746025,0.125383,0.23198
2024-08-11,746114,0.271294,0.216267
2024-08-11,746517,0.249575,0.248139
2024-08-11,746923,0.151212,0.246149
2024-08-11,747166,0.227604,0.171699
2024-08-12,745058,0.149905,0.234736
2024-08-12,745300,0.247503,0.25301
2024-08-12,745383,0.270606,0.125167
2024-08-12,745874,0.144138,0.217913
2024-08-12,745953,0.15828,0.227399
2024-08-12,746192,0.159715,0.215061
2024-08-12,746603,0.283162,0.148495
2024-08-12,746682,0.213641,0.234591
2024-08-12,746762,0.183472,0.184809
2024-08-12,746921,0.174429,0.216212
2024-08-12,747165,0.241847,0.200318
2024-08-13,745055,0.152442,0.221278
2024-08-13,745302,0.249691,0.258282
2024-08-13,745382,0.268512,0.125052
2024-08-13,745548,0.234262,0.226058
2024-08-13,745788,0.248987,0.21668
2024-08-13,745867,0.144452,0.285057
2024-08-13,745954,0.157895,0.195395
2024-08-13,746187,0.201328,0.215832
2024-08-13,746435,0.202784,0.210541
2024-08-13,746601,0.230954,0.112665
2024-08-13,746673,0.188237,0.239347
2024-08-13,746757,0.182334,0.258114
2024-08-13,746924,0.172553,0.219116
2024-08-13,747004,0.173805,0.233598
2024-08-13,747160,0.242427,0.170332
2024-08-14,745053,0.153694,0.216019
2024-08-14,745301,0.250392,0.257373
2024-08-14,745381,0.186404,0.124715
2024-08-14,745544,0.232865,0.233516
2024-08-14,745790,0.193127,0.238565
2024-08-14,745869,0.155894,0.178662
2024-08-14,745951,0.159097,0.232053
2024-08-14,746188,0.200758,0.175216
2024-08-14,746436,0.252015,0.211731
2024-08-14,746598,0.282752,0.113487
2024-08-14,746677,0.190605,0.237934
2024-08-14,746759,0.181218,0.232464
2024-08-14,746919,0.171712,0.216327
2024-08-14,747000,0.221408,0.225893
2024-08-14,747163,0.258483,0.19764
2024-08-15,744980,0.176503,0.185443
2024-08-15,745298,0.239129,0.253845
2024-08-15,745545,0.222395,0.226773
2024-08-15,745783,0.185091,0.236503
2024-08-15,745950,0.216592,0.238771
2024-08-15,746437,0.256022,0.258429
2024-08-15,747002,0.253467,0.23381
2024-08-16,744974,0.178716,0.169623
2024-08-16,745054,0.196016,0.215105
2024-08-16,745144,0.161974,0.215132
2024-08-16,745462,0.252113,0.269667
2024-08-16,745542,0.235,0.225632
2024-08-16,745784,0.220642,0.227772
2024-08-16,745949,0.113486,0.234398
2024-08-16,746189,0.239285,0.212218
2024-08-16,746357,0.230676,0.160275
2024-08-16,746438,0.202789,0.262309
2024-08-16,746518,0.125057,0.241149
2024-08-16,746674,0.143943,0.238224
2024-08-16,746843,0.199996,0.283403
2024-08-16,747001,0.269953,0.232423
2024-08-17,744977,0.217032,0.176751
2024-08-17,745049,0.179911,0.217377
2024-08-17,745140,0.163746,0.190184
2024-08-17,745463,0.24387,0.244112
2024-08-17,745537,0.182109,0.224197
2024-08-17,745626,0.258214,0.246801
2024-08-17,745785,0.229425,0.228511
2024-08-17,745952,0.112833,0.214297
2024-08-17,746190,0.240067,0.214028
2024-08-17,746355,0.228803,0.163066
2024-08-17,746434,0.20185,0.278144
2024-08-17,746515,0.169746,0.2404
2024-08-17,746675,0.14692,0.237683
2024-08-17,746841,0.200102,0.283345
2024-08-17,746997,0.264876,0.233629
2024-08-18,744975,0.195628,0.170076
2024-08-18,745051,0.174678,0.227927
2024-08-18,745139,0.188021,0.213543
2024-08-18,745464,0.257659,0.230275
2024-08-18,745539,0.230324,0.199166
2024-08-18,745621,0.25352,0.236796
2024-08-18,745786,0.214875,0.228716
2024-08-18,745948,0.113614,0.196411
2024-08-18,746186,0.239853,0.214532
2024-08-18,746359,0.23135,0.169316
2024-08-18,746431,0.202133,0.260738
2024-08-18,746516,0.124073,0.218878
2024-08-18,746676,0.145965,0.243305
2024-08-18,746838,0.138076,0.28451
2024-08-18,746999,0.268651,0.211273
2024-08-19,744898,0.237441,0.201102
2024-08-19,744976,0.229704,0.170361
2024-08-19,745294,0.269893,0.259333
2024-08-19,745380,0.217305,0.12363
2024-08-19,745620,0.225764,0.248741
2024-08-19,745780,0.22382,0.237982
2024-08-19,746027,0.194088,0.212753
2024-08-19,746109,0.251262,0.164648
2024-08-19,746270,0.216956,0.143422
2024-08-19,746351,0.264818,0.161349
2024-08-20,744814,0.240725,
2024-08-20,744896,0.237518,0.199971
2024-08-20,744978,0.2097,0.170298
2024-08-20,745136,0.232153,0.188931
2024-08-20,745295,0.255864,0.256466
2024-08-20,745374,0.18026,0.122672
2024-08-20,745624,0.219013,0.24871
2024-08-20,745707,0.127352,0.203628
2024-08-20,745782,0.243609,0.232989
2024-08-20,746029,0.185371,0.215418
2024-08-20,746107,0.258389,0.164858
2024-08-20,746266,0.217208,0.146321
2024-08-20,746349,0.272253,0.162354
2024-08-20,746839,0.258014,0.285216
2024-08-20,747083,0.223738,0.264944
2024-08-21,744812,0.239439,0.228283
2024-08-21,744893,0.237045,0.19886
2024-08-21,744973,0.21073,0.166253
2024-08-21,745138,0.231133,0.18908
2024-08-21,745297,0.235609,0.254699
2024-08-21,745375,0.221685,0.123648
2024-08-21,745622,0.220381,0.247598
2024-08-21,745704,0.151238,0.201944
2024-08-21,745781,0.221869,0.241634
2024-08-21,746028,0.19145,0.215372
2024-08-21,746110,0.289173,0.16541
2024-08-21,746267,0.217358,0.142748
2024-08-21,746350,0.269236,0.144865
2024-08-21,746837,0.272477,0.284915
2024-08-21,747084,0.226403,0.202741
2024-08-22,744815,0.255738,0.224028
2024-08-22,744894,0.217626,0.198302
2024-08-22,745137,0.195307,0.190287
2024-08-22,745379,0.231893,0.124774
2024-08-22,745465,0.240704,0.213223
2024-08-22,745623,0.225063,0.228942
2024-08-22,745705,0.113797,0.200449
2024-08-22,746836,0.218915,0.198399
2024-08-22,746998,0.152616,0.237632
2024-08-22,747082,0.226653,0.201269
2024-08-23,744889,0.219207,0.210801
2024-08-23,745217,0.260256,0.29007
2024-08-23,745378,0.241251,0.124858
2024-08-23,745460,0.236069,0.235198
2024-08-23,745625,0.219595,0.24535
2024-08-23,745702,0.257027,0.201321
2024-08-23,745870,0.187948,0.222853
2024-08-23,746024,0.283682,0.227822
2024-08-23,746111,0.213192,0.165058
2024-08-23,746268,0.227337,0.141252
2024-08-23,746597,0.173999,0.171219
2024-08-23,746758,0.255724,0.235429
2024-08-23,746920,0.191249,0.271772
2024-08-23,746995,0.155344,0.227232
2024-08-23,747080,0.208685,0.239967
2024-08-24,744890,0.228207,0.160604
2024-08-24,745218,0.26447,0.260279
2024-08-24,745377,0.233515,0.123777
2024-08-24,745457,0.236517,0.23448
2024-08-24,745617,0.193768,0.24498
2024-08-24,745703,0.238235,0.200504
2024-08-24,745868,0.187409,0.223376
2024-08-24,746022,0.281378,0.256587
2024-08-24,746108,0.214566,0.164244
2024-08-24,746271,0.229502,0.144375
2024-08-24,746599,0.174907,0.120506
2024-08-24,746756,0.246456,0.279147
2024-08-24,746917,0.190865,0.269817
2024-08-24,746996,0.153958,0.221517
2024-08-24,747077,0.21819,0.202736
2024-08-25,744892,0.232261,0.231422
2024-08-25,745212,0.264427,0.282591
2024-08-25,745376,0.229478,0.1733
2024-08-25,745459,0.23426,0.233211
2024-08-25,745618,0.19366,0.243192
2024-08-25,745706,0.239027,0.200275
2024-08-25,745863,0.199293,0.197768
2024-08-25,746023,0.279357,0.276489
2024-08-25,746106,0.205705,0.163247
2024-08-25,746263,0.229677,0.145257
2024-08-25,746595,0.177661,0.153238
2024-08-25,746754,0.268278,0.201795
2024-08-25,746918,0.190346,0.277817
2024-08-25,746994,0.153415,0.22148
2024-08-25,747078,0.217261,0.240231
2024-08-26,744813,0.199052,
2024-08-26,745133,0.124239,0.146069
2024-08-26,745215,0.237965,0.289017
2024-08-26,745458,0.279576,0.23123
2024-08-26,745538,0.144428,0.227815
2024-08-26,745865,0.212731,0.169562
2024-08-26,746513,0.274402,0.259969
2024-08-26,746596,0.145303,0.121248
2024-08-26,746628,0.140542,0.154216
2024-08-26,746753,0.248048,0.233361
2024-08-26,746915,0.229628,0.276285
2024-08-26,746942,,
2024-08-27,744811,0.199056,0.216184
2024-08-27,745132,0.123715,
2024-08-27,745213,0.223796,0.25784
2024-08-27,745461,0.243538,0.195321
2024-08-27,745540,0.153733,0.228113
2024-08-27,745864,0.211023,0.275762
2024-08-27,745946,0.255624,0.192759
2024-08-27,746105,0.225942,0.20655
2024-08-27,746429,0.21946,0.244796
2024-08-27,746510,0.275546,0.246509
2024-08-27,746594,0.140224,0.119069
2024-08-27,746671,0.243292,0.234194
2024-08-27,746755,0.179806,0.269976
2024-08-27,746916,0.196286,0.268885
2024-08-27,747162,0.23457,0.166434
2024-08-28,744809,0.19928,
2024-08-28,745134,0.123914,0.143718
2024-08-28,745211,0.22419,0.264889
2024-08-28,745452,0.279801,0.231626
2024-08-28,745541,0.15443,0.226277
2024-08-28,745866,0.210525,0.161135
2024-08-28,745943,0.254668,0.219873
2024-08-28,746103,0.226062,0.185852
2024-08-28,746430,0.218402,0.245883
2024-08-28,746512,0.248189,0.246123
2024-08-28,746589,0.140427,0.118859
2024-08-28,746672,0.242449,0.233895
2024-08-28,746752,0.17432,0.230412
2024-08-28,746755,,
2024-08-28,746913,0.194992,0.270425
2024-08-28,747161,0.22791,0.193102
2024-08-29,745135,0.124002,0.143679
2024-08-29,745531,0.209211,0.227686
2024-08-29,745945,0.262961,0.192266
2024-08-29,746102,0.226458,0.205738
2024-08-29,746352,0.139641,0.153218
2024-08-29,746432,0.219375,0.264308
2024-08-29,746514,0.266555,0.268317
2024-08-29,746670,0.240946,0.233428
2024-08-29,746748,0.173336,0.228033
2024-08-29,746914,0.197513,
2024-08-29,747159,0.216989,0.174361
2024-08-30,744810,0.279633,
2024-08-30,744969,0.238177,0.211359
2024-08-30,745052,0.177104,0.220173
2024-08-30,745299,0.240239,0.261907
2024-08-30,745533,0.210207,0.226885
2024-08-30,745700,0.144238,0.200122
2024-08-30,745862,0.195539,0.232297
2024-08-30,746184,0.264098,0.218333
2024-08-30,746353,0.168831,0.161812
2024-08-30,746433,0.27627,0.245914
2024-08-30,746511,0.235803,0.247816
2024-08-30,746593,0.231752,0.152035
2024-08-30,746665,0.208322,0.231927
2024-08-30,746730,0.226718,0.233501
2024-08-30,746749,0.234459,0.229627
2024-08-30,747156,0.164298,0.174193
2024-08-31,744808,0.264758,
2024-08-31,744971,0.237675,0.173202
2024-08-31,745050,0.121489,0.258533
2024-08-31,745296,0.266511,0.248502
2024-08-31,745532,0.212869,0.228269
2024-08-31,745699,0.145027,0.202203
2024-08-31,745859,0.196339,0.275496
2024-08-31,746182,0.263502,0.216505
2024-08-31,746348,0.169409,0.162282
2024-08-31,746424,0.26784,0.245629
2024-08-31,746507,0.169856,0.246526
2024-08-31,746590,0.194708,0.117877
2024-08-31,746667,0.193523,0.224517
2024-08-31,746751,0.23243,0.266323
2024-08-31,747158,0.164452,0.193409
2024-09-01,744806,0.264557,
2024-09-01,744970,0.264426,0.174528
2024-09-01,745048,0.123821,0.214221
2024-09-01,745292,0.311454,0.266999
2024-09-01,745536,0.247056,0.228691
2024-09-01,745701,,0.202121
2024-09-01,745861,,0.25196
2024-09-01,746183,0.250364,0.215157
2024-09-01,746347,0.167245,0.162925
2024-09-01,746426,0.200266,0.245603
2024-09-01,746505,0.23553,0.265473
2024-09-01,746592,0.231162,0.119465
2024-09-01,746669,0.217334,0.232016
2024-09-01,746750,0.196328,0.274881
2024-09-01,747157,0.16495,0.176647
2024-09-02,744972,0.202657,0.174874
2024-09-02,745046,0.20067,0.210559
2024-09-02,745373,0.245722,0.152673
2024-09-02,745619,0.260791,0.235826
2024-09-02,745779,0.277487,0.221607
2024-09-02,745947,0.144474,0.191805
2024-09-02,746265,0.12023,0.167657
2024-09-02,746668,0.163033,0.233093
2024-09-02,746833,0.248628,0.280053
2024-09-02,746992,0.204989,0.169412
2024-09-02,747155,0.167137,0.193528
2024-09-03,744891,0.228604,0.197144
2024-09-03,744968,0.202037,0.20579
2024-09-03,745047,0.186263,0.250595
2024-09-03,745293,0.177039,0.277709
2024-09-03,745615,0.261021,0.235723
2024-09-03,745778,0.269152,0.234667
2024-09-03,745944,0.145168,0.215231
2024-09-03,746020,0.205797,0.237245
2024-09-03,746185,0.165996,0.215392
2024-09-03,746264,0.119914,0.165921
2024-09-03,746834,0.229566,0.278731
2024-09-03,746991,0.265204,0.169103
2024-09-03,747079,0.258456,0.247731
2024-09-04,744887,0.228554,0.195956
2024-09-04,744964,0.20256,0.211136
2024-09-04,745045,0.251962,0.214545
2024-09-04,745290,0.191402,0.259745
2024-09-04,745370,0.246838,0.133402
2024-09-04,745614,0.258736,0.23589
2024-09-04,745776,0.246933,0.23472
2024-09-04,745938,0.190732,0.241329
2024-09-04,746019,0.193474,0.241582
2024-09-04,746178,0.166131,0.215638
2024-09-04,746262,0.120097,0.185579
2024-09-04,746666,0.163396,0.233537
2024-09-04,746835,0.193407,0.27978
2024-09-04,746990,0.230922,0.169455
2024-09-04,747075,0.240274,0.246442
2024-09-05,744966,0.216122,0.184935
2024-09-05,745042,0.26917,0.210704
2024-09-05,745289,0.177716,0.260708
2024-09-05,745369,0.2437,0.133173
2024-09-05,745451,0.214686,0.228617
2024-09-05,745612,0.248923,0.237121
2024-09-05,746021,0.227778,0.249156
2024-09-05,746664,0.163647,0.23418
2024-09-05,747073,0.241582,0.24454
2024-09-06,744967,0.216359,0.202944
2024-09-06,745131,0.246977,0.191379
2024-09-06,745371,0.259267,0.131968
2024-09-06,745455,,
2024-09-06,745611,0.275181,0.263255
2024-09-06,745777,0.234884,0.233572
2024-09-06,745941,0.280158,0.192653
2024-09-06,746016,0.227437,0.248656
2024-09-06,746104,0.121155,0.167011
2024-09-06,746257,0.178398,0.187552
2024-09-06,746343,0.17877,0.163708
2024-09-06,746832,0.201627,0.277899
2024-09-06,746912,0.228226,0.263666
2024-09-06,746993,0.220089,0.169535
2024-09-06,747074,0.196386,0.209601
2024-09-07,744963,0.215846,0.202895
2024-09-07,745125,0.266825,0.191759
2024-09-07,745372,0.260764,0.12389
2024-09-07,745455,0.224139,0.209312
2024-09-07,745456,0.224139,0.228652
2024-09-07,745613,0.240721,0.265758
2024-09-07,745775,0.236536,0.232819
2024-09-07,745942,0.242245,0.219189
2024-09-07,746018,0.225641,0.248077
2024-09-07,746099,0.120883,0.16751
2024-09-07,746259,0.239321,0.187478
2024-09-07,746344,0.178721,0.16367
2024-09-07,746829,0.20124,0.279595
2024-09-07,746911,0.227552,0.237058
2024-09-07,746986,0.224979,0.169664
2024-09-07,747076,,0.24345
2024-09-08,744965,,0.184619
2024-09-08,745128,0.26715,0.193772
2024-09-08,745368,0.304274,0.131628
2024-09-08,745453,0.225867,0.209325
2024-09-08,745616,0.281523,0.234488
2024-09-08,745774,0.23644,0.232375
2024-09-08,745940,0.248481,0.218325
2024-09-08,746017,0.226378,0.250921
2024-09-08,746098,0.134588,0.168773
2024-09-08,746258,0.238456,0.188494
2024-09-08,746345,0.191417,0.161035
2024-09-08,746827,0.201439,0.263057
2024-09-08,746910,0.28238,0.246365
2024-09-08,746989,0.258349,0.170126
2024-09-08,747072,0.139045,0.243824
2024-09-09,744888,0.232766,0.196747
2024-09-09,745454,0.245939,0.243491
2024-09-09,745534,0.215176,0.225531
2024-09-09,745698,0.188684,0.201749
2024-09-09,745860,0.217226,0.171236
2024-09-09,746101,0.264261,0.168669
2024-09-09,746746,0.141163,0.260447
2024-09-09,746909,0.205443,0.23468
2024-09-09,747090,0.237095,0.242992
2024-09-10,744807,0.242529,0.204338
2024-09-10,744886,0.226088,0.19895
2024-09-10,745126,0.240128,0.175096
2024-09-10,745210,0.133445,0.247326
2024-09-10,745291,0.243007,0.258745
2024-09-10,745446,,0.226695
2024-09-10,745535,0.256171,0.22443
2024-09-10,745694,0.189714,0.200643
2024-09-10,745856,0.21652,0.284425
2024-09-10,746097,0.264884,0.167782
2024-09-10,746346,0.20172,0.161555
2024-09-10,746428,0.241245,0.246841
2024-09-10,746747,0.121687,0.224127
2024-09-10,746907,0.204896,0.2467
2024-09-10,747152,0.184886,0.200545
2024-09-11,744804,0.24218,0.187833
2024-09-11,744881,0.203206,0.156223
2024-09-11,745127,0.237397,0.239698
2024-09-11,745214,0.134322,0.245711
2024-09-11,745285,0.217376,0.274436
2024-09-11,745450,0.252313,0.20744
2024-09-11,745525,0.245986,0.181773
2024-09-11,745697,0.18856,0.201997
2024-09-11,745857,0.215966,0.291041
2024-09-11,746100,0.266132,0.167177
2024-09-11,746342,0.234819,0.162837
2024-09-11,746425,0.240455,0.244913
2024-09-11,746745,0.12244,0.256367
2024-09-11,746908,0.204615,0.246217
2024-09-11,747154,0.186506,0.180581
2024-09-12,744805,0.263096,0.228351
2024-09-12,745129,0.241521,0.192187
2024-09-12,745208,0.185577,0.24669
2024-09-12,745288,0.241547,0.273952
2024-09-12,745695,0.23606,0.203054
2024-09-12,746337,0.26142,0.149128
2024-09-12,746427,0.277041,0.265213
2024-09-12,746591,0.244815,0.122533
2024-09-13,744800,0.245557,0.218871
2024-09-13,744882,0.192402,0.149869
2024-09-13,745207,0.185511,0.245722
2024-09-13,745286,0.135138,0.252968
2024-09-13,745447,0.187783,0.226081
2024-09-13,745529,0.233948,0.223168
2024-09-13,745696,0.263477,0.203147
2024-09-13,745855,0.243585,0.314382
2024-09-13,746181,0.162194,0.216407
2024-09-13,746423,0.204937,0.243267
2024-09-13,746509,0.264895,0.238843
2024-09-13,746586,0.243984,0.195985
2024-09-13,746744,0.261435,0.235442
2024-09-13,747069,0.166291,0.241617
2024-09-13,747153,0.240608,0.200843
2024-09-14,744803,0.251219,0.212508
2024-09-14,744884,0.191217,0.153516
2024-09-14,745209,0.186633,0.244017
2024-09-14,745284,0.135106,0.242395
2024-09-14,745448,0.186626,0.227779
2024-09-14,745528,0.217519,0.222286
2024-09-14,745689,0.264264,0.202887
2024-09-14,745858,0.243542,0.314744
2024-09-14,746177,0.161985,0.2161
2024-09-14,746422,0.20546,0.240141
2024-09-14,746508,0.263684,0.238115
2024-09-14,746584,0.230082,0.1879
2024-09-14,746740,0.236908,0.22355
2024-09-14,747070,0.20759,0.239509
2024-09-14,747148,0.193607,0.200396
2024-09-15,744801,0.255938,0.235106
2024-09-15,744883,0.132454,0.115037
2024-09-15,745206,0.187019,0.20566
2024-09-15,745287,0.129986,0.239984
2024-09-15,745449,0.187544,0.229295
2024-09-15,745530,0.236823,0.223793
2024-09-15,745693,0.239531,0.203068
2024-09-15,745852,0.244164,0.257638
2024-09-15,746180,0.162892,0.214599
2024-09-15,746419,0.204547,0.294937
2024-09-15,746506,0.262558,0.273463
2024-09-15,746585,0.208397,0.152884
2024-09-15,746741,0.237136,0.260181
2024-09-15,747071,0.166832,0.238608
2024-09-15,747151,0.208135,0.206247
2024-09-16,745130,0.210569,0.190849
2024-09-16,745367,0.163262,0.134255
2024-09-16,745773,0.216346,0.210801
2024-09-16,745939,0.224538,0.215473
2024-09-16,746179,0.254257,0.214726
2024-09-16,746260,0.241137,0.188394
2024-09-16,746502,0.199814,0.239234
2024-09-16,746588,0.160289,0.15151
2024-09-16,746828,0.204065,0.262214
2024-09-16,747067,0.207384,0.237202
2024-09-17,744961,0.173019,0.186666
2024-09-17,745044,0.261953,0.208928
2024-09-17,745122,0.224422,0.226352
2024-09-17,745205,0.203791,0.243146
2024-09-17,745366,0.163873,0.133658
2024-09-17,745772,0.244681,0.199313
2024-09-17,745935,0.224703,0.191104
2024-09-17,746015,0.168146,0.252735
2024-09-17,746176,0.220177,0.214394
2024-09-17,746261,0.244566,0.189125
2024-09-17,746503,0.190469,0.275435
2024-09-17,746587,0.266906,0.149718
2024-09-17,746659,0.236321,0.245149
2024-09-17,746830,0.263158,0.260511
2024-09-17,746987,0.261233,0.21766
2024-09-18,744959,0.212665,0.18577
2024-09-18,745040,0.26285,0.245315
2024-09-18,745121,0.210077,0.189593
2024-09-18,745199,0.202917,0.266245
2024-09-18,745365,0.153222,0.181334
2024-09-18,745771,0.238432,0.194182
2024-09-18,745933,0.226172,0.19166
2024-09-18,746014,0.210227,0.2481
2024-09-18,746172,0.19995,0.276335
2024-09-18,746254,0.241732,0.189727
2024-09-18,746500,0.179081,0.260918
2024-09-18,746582,0.261154,0.18459
2024-09-18,746662,0.236002,0.244538
2024-09-18,746831,0.263216,0.262452
2024-09-18,746988,0.251875,0.204435
2024-09-19,744962,0.108365,0.186958
2024-09-19,745041,0.263562,0.229708
2024-09-19,745120,0.229748,0.188598
2024-09-19,745204,0.203555,0.267381
2024-09-19,745769,0.226414,0.216459
2024-09-19,745937,0.202357,0.192682
2024-09-19,746011,0.168335,0.247626
2024-09-19,746341,0.213358,0.151945
2024-09-19,746579,0.193116,0.187525
2024-09-19,746663,0.235948,0.238858
2024-09-19,746823,0.235274,0.263502
2024-09-19,746985,0.255953,0.20398
2024-09-20,744960,0.241693,0.188006
2024-09-20,745043,0.139433,0.213581
2024-09-20,745123,0.189923,0.188522
2024-09-20,745364,0.240046,0.135115
2024-09-20,745606,0.222567,0.237492
2024-09-20,745770,0.22696,0.210666
2024-09-20,745934,0.203885,0.193117
2024-09-20,746013,0.203452,0.245167
2024-09-20,746094,0.246212,0.210811
2024-09-20,746256,0.238871,0.19062
2024-09-20,746340,0.213085,0.162973
2024-09-20,746661,0.229311,0.243439
2024-09-20,746824,0.238234,0.222787
2024-09-20,746905,0.220596,0.263791
2024-09-20,746984,0.239709,0.223163
2024-09-21,744958,0.266968,0.187328
2024-09-21,745038,0.137813,0.215103
2024-09-21,745124,0.18817,0.229162
2024-09-21,745360,0.266339,0.136795
2024-09-21,745610,0.204706,0.265275
2024-09-21,745768,0.227288,0.212276
2024-09-21,745936,0.202889,0.254814
2024-09-21,746012,0.202012,0.253478
2024-09-21,746096,0.247346,0.167077
2024-09-21,746255,0.252915,0.168517
2024-09-21,746338,0.213009,0.163344
2024-09-21,746660,0.230707,0.243735
2024-09-21,746826,0.221102,0.222932
2024-09-21,746906,,
2024-09-21,746983,0.225258,0.205321
2024-09-22,744955,0.240117,0.186777
2024-09-22,745036,0.10717,0.256155
2024-09-22,745118,0.213396,0.187352
2024-09-22,745358,0.253869,0.181555
2024-09-22,745608,0.203592,0.238568
2024-09-22,745767,0.22802,0.201041
2024-09-22,745929,0.199076,0.221853
2024-09-22,746010,0.200734,0.244913
2024-09-22,746092,0.26218,0.166878
2024-09-22,746253,0.252046,0.190575
2024-09-22,746339,0.231883,0.162057
2024-09-22,746657,0.249838,0.244359
2024-09-22,746825,0.219141,0.241369
2024-09-22,746903,0.216938,0.204808
2024-09-22,746906,0.216938,0.204808
2024-09-22,746982,0.239424,0.210749
2024-09-23,744885,0.282208,0.148046
2024-09-23,745527,0.253969,0.229139
2024-09-23,746334,0.240558,0.158607
2024-09-23,747150,0.264574,0.190664
2024-09-24,744802,0.189944,0.216023
2024-09-24,744876,0.270207,0.145233
2024-09-24,745441,0.221611,0.228803
2024-09-24,745526,0.262391,0.227865
2024-09-24,745605,0.186632,0.238546
2024-09-24,745688,0.19469,0.202596
2024-09-24,745851,0.251631,0.19309
2024-09-24,746093,0.136592,0.166291
2024-09-24,746336,0.239048,0.157787
2024-09-24,746421,0.21269,0.239425
2024-09-24,746504,0.187706,0.239155
2024-09-24,746581,0.246756,0.189263
2024-09-24,746743,0.214756,0.223712
2024-09-24,747068,0.195441,0.201302
2024-09-24,747149,0.251828,0.204011
2024-09-25,744795,0.175899,0.222512
2024-09-25,744877,0.27522,0.167827
2024-09-25,745442,0.194614,0.227606
2024-09-25,745521,0.223255,0.228536
2024-09-25,745607,0.179033,0.264064
2024-09-25,745690,0.211524,0.201398
2024-09-25,745854,0.249008,0.243729
2024-09-25,746095,0.136301,0.166365
2024-09-25,746331,0.240138,0.157635
2024-09-25,746420,0.23779,0.240541
2024-09-25,746501,0.186866,0.238517
2024-09-25,746583,0.234383,0.15496
2024-09-25,746742,0.21558,0.255732
2024-09-25,747064,,
2024-09-25,747144,0.25047,0.203656
2024-09-26,744796,0.190415,0.219146
2024-09-26,745443,0.227337,0.227201
2024-09-26,745609,0.186958,0.236545
2024-09-26,745691,0.21168,0.200396
2024-09-26,745853,0.25103,0.217279
2024-09-26,746088,0.136247,0.166299
2024-09-26,746415,0.251407,0.247463
2024-09-26,746495,0.210274,0.250197
2024-09-26,746738,0.235845,0.267584
2024-09-26,747139,,
2024-09-27,744797,0.22717,0.215678
2024-09-27,744879,0.255801,0.140652
2024-09-27,745202,0.236112,0.265638
2024-09-27,745280,0.142998,0.250675
2024-09-27,745692,0.224931,0.203932
2024-09-27,745847,0.210915,0.194161
2024-09-27,745930,0.237034,0.175692
2024-09-27,746173,0.185693,0.290738
2024-09-27,746417,0.214287,0.248483
2024-09-27,746494,0.187751,0.249646
2024-09-27,746580,0.157893,0.152857
2024-09-27,746822,0.246684,0.221138
2024-09-27,746904,0.210619,0.281207
2024-09-27,747065,0.175561,0.201259
2024-09-27,747145,0.135963,0.203447
2024-09-28,744799,0.227202,0.182799
2024-09-28,744878,0.253066,0.138969
2024-09-28,745203,0.239114,0.240871
2024-09-28,745281,0.188415,0.232068
2024-09-28,745685,0.225998,0.238165
2024-09-28,745849,0.233787,0.221833
2024-09-28,745931,0.204702,0.240895
2024-09-28,746171,0.187061,0.282638
2024-09-28,746414,0.244014,0.241491
2024-09-28,746499,0.187615,0.249447
2024-09-28,746578,0.17342,0.171686
2024-09-28,746819,0.246552,0.22004
2024-09-28,746902,0.212374,0.283402
2024-09-28,747066,0.18575,0.201214
2024-09-28,747146,0.184947,0.202988
2024-09-29,744798,0.226574,0.203841
2024-09-29,744880,0.25312,0.193609
2024-09-29,745201,0.241754,0.239427
2024-09-29,745282,0.171527,0.258411
2024-09-29,745686,0.240228,0.261813
2024-09-29,745846,0.199294,0.220722
2024-09-29,745932,0.18482,0.210852
2024-09-29,746174,0.187244,0.277536
2024-09-29,746416,0.288246,0.242275
2024-09-29,746496,0.207436,0.249842
2024-09-29,746820,0.246068,0.211399
2024-09-29,746901,0.217443,0.247742
2024-09-29,747061,0.175568,0.201362
2024-09-29,747147,0.145964,0.185894
2024-09-30,747064,0.169585,0.20003
2024-09-30,747139,0.206067,0.20003
2025-04-01,778485,0.15486,0.147683
2025-04-01,778486,0.253683,0.239795
2025-04-01,778487,0.235853,0.173301
2025-04-01,778488,0.167138,0.194333
2025-04-01,778489,0.189301,0.164703
2025-04-01,778490,0.261274,
2025-04-01,778491,0.206916,0.173311
2025-04-01,778492,0.191581,0.219598
2025-04-01,778493,0.2696,0.209821
2025-04-01,778494,0.232564,0.23784
2025-04-01,778495,0.198729,0.145853
2025-04-01,778497,0.198365,0.23018
2025-04-01,778498,0.17868,
2025-04-02,778469,0.254099,0.23896
2025-04-02,778471,0.231914,0.236203
2025-04-02,778472,0.218793,0.204558
2025-04-02,778473,0.198265,0.228886
2025-04-02,778474,0.259077,
2025-04-02,778475,0.216972,0.165246
2025-04-02,778476,0.15607,0.146446
2025-04-02,778477,0.156729,0.277263
2025-04-02,778478,0.177817,0.174551
2025-04-02,778479,0.243343,
2025-04-02,778480,0.193775,
2025-04-02,778481,0.197732,0.271366
2025-04-02,778482,0.274757,0.18036
2025-04-02,778483,0.204828,0.233829
2025-04-02,778484,0.183666,0.220835
2025-04-03,778462,0.165505,0.257993
2025-04-03,778466,0.182552,0.226194
2025-04-03,778467,0.276081,0.22762
2025-04-03,778468,0.270368,0.206672
2025-04-03,778470,0.204902,0.190286
2025-04-04,778444,0.238145,0.190159
2025-04-04,778447,0.12818,0.234023
2025-04-04,778453,0.224539,0.195832
2025-04-04,778454,0.205593,0.177791
2025-04-04,778455,0.197555,0.158796
2025-04-04,778456,0.236814,0.275832
2025-04-04,778457,0.196344,0.207468
2025-04-04,778458,0.252886,0.294662
2025-04-04,778459,0.169784,0.2277
2025-04-04,778460,0.145895,0.230134
2025-04-04,778461,0.255871,0.236602
2025-04-04,778463,0.196756,0.205798
2025-04-04,778464,0.269575,0.200543
2025-04-04,778465,0.173535,0.197752
2025-04-05,778436,0.236128,0.193222
2025-04-05,778437,0.128705,0.199574
2025-04-05,778438,0.207563,0.177675
2025-04-05,778439,0.198423,0.19618
2025-04-05,778440,0.168294,0.258945
2025-04-05,778441,0.209937,0.158142
2025-04-05,778442,0.237015,0.27495
2025-04-05,778443,,
2025-04-05,778445,0.25376,0.29529
2025-04-05,778446,0.174518,0.196664
2025-04-05,778448,0.205047,0.227405
2025-04-05,778449,0.25851,0.242484
2025-04-05,778450,0.145848,0.229526
2025-04-05,778451,0.230076,0.199681
2025-04-05,778452,0.171028,0.218998
2025-04-06,778419,0.168561,0.258379
2025-04-06,778420,0.204368,0.179161
2025-04-06,778421,0.197315,0.197768
2025-04-06,778422,0.197986,0.157764
2025-04-06,778423,0.236515,0.274514
2025-04-06,778425,0.12801,0.200704
2025-04-06,778427,0.236372,0.19291
2025-04-06,778428,0.22178,0.236002
2025-04-06,778429,0.185455,0.163954
2025-04-06,778430,0.146012,0.229525
2025-04-06,778431,,
2025-04-06,778432,0.197884,0.204707
2025-04-06,778433,0.238891,0.296213
2025-04-06,778434,0.169181,0.227571
2025-04-06,778435,0.173839,0.19732
2025-04-06,778443,0.225323,0.204707
2025-04-07,778405,0.16767,0.267922
2025-04-07,778410,0.274514,0.194343
2025-04-07,778411,0.180037,0.228083
2025-04-07,778412,0.2574,0.157266
2025-04-07,778413,0.17516,0.18553
2025-04-07,778414,0.146354,0.254407
2025-04-07,778415,0.197067,0.234605
2025-04-07,778416,0.23027,0.196707
2025-04-07,778418,0.169366,0.207605
2025-04-07,778424,0.223046,0.292899
2025-04-07,778426,0.172822,0.204545
2025-04-08,778394,0.207132,0.273976
2025-04-08,778395,0.146026,0.253487
2025-04-08,778396,0.174844,0.185337
2025-04-08,778397,0.285934,0.20406
2025-04-08,778398,0.167686,0.267928
2025-04-08,778400,0.227392,0.156333
2025-04-08,778401,0.181263,0.227588
2025-04-08,778402,0.257221,0.128264
2025-04-08,778403,0.254389,0.292372
2025-04-08,778404,0.173044,0.203382
2025-04-08,778406,0.181414,0.199851
2025-04-08,778407,0.284911,0.196083
2025-04-08,778408,0.223319,0.275354
2025-04-08,778409,0.171117,0.18672
2025-04-08,778417,0.198927,0.203625
2025-04-09,778376,0.197224,0.194569
2025-04-09,778379,0.198364,0.283278
2025-04-09,778380,0.174799,0.183816
2025-04-09,778381,0.135079,0.253096
2025-04-09,778383,0.167349,0.271526
2025-04-09,778385,0.19702,0.226648
2025-04-09,778386,0.172433,0.204969
2025-04-09,778387,0.222643,0.292248
2025-04-09,778388,0.248597,0.155971
2025-04-09,778389,0.200132,0.261531
2025-04-09,778390,0.248129,0.194766
2025-04-09,778391,0.273199,0.129136
2025-04-09,778392,0.172031,0.20653
2025-04-09,778393,0.227338,0.199258
2025-04-09,778399,0.204718,0.198925
2025-04-10,778371,0.197365,
2025-04-10,778373,0.24937,0.156461
2025-04-10,778377,0.177196,0.205611
2025-04-10,778378,0.231312,0.1288
2025-04-10,778382,0.194401,0.207623
2025-04-10,778384,0.228636,0.21892
2025-04-11,778356,0.225139,0.203261
2025-04-11,778358,0.194161,0.251217
2025-04-11,778360,0.183532,0.271618
2025-04-11,778361,,0.146398
2025-04-11,778363,0.241956,0.249827
2025-04-11,778364,0.20713,0.166438
2025-04-11,778365,0.191739,0.196108
2025-04-11,778366,0.205093,0.262272
2025-04-11,778367,0.237189,0.206904
2025-04-11,778368,0.192277,0.166646
2025-04-11,778369,0.206785,0.230485
2025-04-11,778370,0.203888,0.255709
2025-04-11,778372,,
2025-04-11,778374,0.246343,0.281982
2025-04-11,778375,0.155549,0.128931
2025-04-12,778341,0.182857,0.27129
2025-04-12,778345,0.226805,0.162369
2025-04-12,778346,0.193754,0.199067
2025-04-12,778347,0.191547,0.233325
2025-04-12,778348,0.243088,0.249083
2025-04-12,778349,0.219309,0.278264
2025-04-12,778350,0.194977,0.184155
2025-04-12,778351,0.192623,0.166032
2025-04-12,778352,0.259404,0.145403
2025-04-12,778353,0.236074,0.20661
2025-04-12,778354,0.180289,0.229767
2025-04-12,778355,0.203237,0.22706
2025-04-12,778357,0.190189,0.284515
2025-04-12,778359,0.155604,0.128407
2025-04-12,778362,0.173196,0.174667
2025-04-13,778329,0.194612,0.166031
2025-04-13,778330,0.238442,0.146992
2025-04-13,778331,0.190919,0.169486
2025-04-13,778332,0.19576,0.183351
2025-04-13,778333,0.194055,0.251171
2025-04-13,778334,0.20917,0.27168
2025-04-13,778335,0.240534,0.275334
2025-04-13,778336,0.22668,0.147118
2025-04-13,778337,0.180312,0.227451
2025-04-13,778338,0.205344,0.259549
2025-04-13,778339,0.203803,0.224643
2025-04-13,778340,0.236218,0.19905
2025-04-13,778342,0.148674,0.129151
2025-04-13,778343,0.255854,0.197298
2025-04-13,778344,0.172671,0.174589
2025-04-14,778315,0.19169,0.146511
2025-04-14,778320,0.204076,0.190894
2025-04-14,778321,0.178089,0.261824
2025-04-14,778322,0.216949,0.172743
2025-04-14,778323,0.264789,0.254253
2025-04-14,778324,0.193585,0.273789
2025-04-14,778325,0.166049,0.232999
2025-04-14,778326,0.236829,0.162315
2025-04-14,778327,0.156211,0.238928
2025-04-14,778328,0.205931,0.20785
2025-04-15,778302,0.234221,0.161156
2025-04-15,778305,0.192621,0.145292
2025-04-15,778306,0.199618,0.195407
2025-04-15,778307,0.193362,0.315004
2025-04-15,778308,0.166691,0.197469
2025-04-15,778309,0.250574,0.263106
2025-04-15,778310,0.24126,0.198908
2025-04-15,778311,0.233586,0.173967
2025-04-15,778312,0.148946,0.223667
2025-04-15,778313,0.20806,0.191946
2025-04-15,778314,0.211164,0.238913
2025-04-15,778316,0.269106,0.272337
2025-04-15,778317,0.12984,0.232986
2025-04-15,778318,0.183429,0.20626
2025-04-15,778319,0.207251,0.207733
2025-04-16,778287,0.280112,0.160829
2025-04-16,778288,0.224405,0.145552
2025-04-16,778289,0.20242,0.189172
2025-04-16,778290,0.172202,0.196541
2025-04-16,778293,0.176258,0.224651
2025-04-16,778294,0.248258,0.297398
2025-04-16,778295,0.263527,0.19599
2025-04-16,778296,0.207576,0.226865
2025-04-16,778297,0.233701,0.172788
2025-04-16,778298,0.26068,0.201545
2025-04-16,778299,0.194012,0.263413
2025-04-16,778300,0.156819,0.222227
2025-04-16,778301,0.128873,0.175345
2025-04-16,778303,0.185397,0.258147
2025-04-16,778304,0.2717,0.254623
2025-04-17,778278,0.196361,0.19446
2025-04-17,778279,0.216418,0.19084
2025-04-17,778280,0.205425,0.263715
2025-04-17,778281,0.203015,0.188705
2025-04-17,778282,0.251415,0.2316
2025-04-17,778283,0.178045,
2025-04-17,778285,0.270829,0.196437
2025-04-17,778286,0.156353,0.21867
2025-04-17,778291,0.186211,0.224748
2025-04-17,778292,0.128652,0.194061
2025-04-18,778260,0.207334,0.20522
2025-04-18,778261,0.247097,0.197747
2025-04-18,778263,0.146199,0.18809
2025-04-18,778266,,
2025-04-18,778268,0.187079,0.223723
2025-04-18,778269,0.14445,0.16696
2025-04-18,778270,0.253898,0.194311
2025-04-18,778271,0.160526,0.263536
2025-04-18,778272,0.220082,0.202084
2025-04-18,778273,0.270656,0.172838
2025-04-18,778274,0.259414,0.190723
2025-04-18,778275,,0.205887
2025-04-18,778276,0.241674,0.23771
2025-04-18,778277,0.156737,0.277309
2025-04-18,778284,0.26462,0.220451
2025-04-19,778243,0.205056,0.208883
2025-04-19,778247,0.210277,0.278658
2025-04-19,778251,0.147108,0.179621
2025-04-19,778252,0.211187,0.190461
2025-04-19,778253,0.24615,0.196768
2025-04-19,778254,0.175199,0.242267
2025-04-19,778255,0.236333,
2025-04-19,778256,0.197754,0.193242
2025-04-19,778257,0.187021,0.222873
2025-04-19,778258,0.235965,0.172127
2025-04-19,778259,0.143826,0.166519
2025-04-19,778262,0.245838,0.195632
2025-04-19,778264,0.22831,0.204985
2025-04-19,778265,0.156689,0.24674
2025-04-19,778267,,0.22116
2025-04-20,778232,0.205555,0.209358
2025-04-20,778234,0.162656,0.17961
2025-04-20,778235,0.228186,0.255174
2025-04-20,778236,0.187386,0.2227
2025-04-20,778237,0.143532,0.166941
2025-04-20,778239,0.247974,0.19752
2025-04-20,778240,0.218025,0.19483
2025-04-20,778241,0.267443,0.172473
2025-04-20,778242,0.173615,0.226544
2025-04-20,778244,0.192113,0.19269
2025-04-20,778245,0.260596,0.205009
2025-04-20,778246,0.179464,0.218791
2025-04-20,778248,0.230924,0.189456
2025-04-20,778249,0.263007,0.220733
2025-04-20,778250,0.248974,0.195241
2025-04-20,778266,0.209841,0.299031
2025-04-21,778225,0.188554,0.192735
2025-04-21,778226,0.197065,0.204391
2025-04-21,778227,0.206578,0.172242
2025-04-21,778228,0.201852,0.228697
2025-04-21,778230,0.243271,0.230948
2025-04-21,778231,0.171938,0.166927
2025-04-21,778233,0.197034,0.219952
2025-04-21,778238,0.267576,0.204048
2025-04-22,778210,0.197073,0.205232
2025-04-22,778211,0.261967,0.238614
2025-04-22,778212,,0.187742
2025-04-22,778213,0.197588,0.250815
2025-04-22,778215,0.282075,0.157737
2025-04-22,778216,0.262417,
2025-04-22,778217,0.15839,0.166922
2025-04-22,778218,0.221028,0.17247
2025-04-22,778219,0.249165,0.207048
2025-04-22,778220,0.203795,0.222312
2025-04-22,778221,0.201621,0.239086
2025-04-22,778222,0.196027,0.224037
2025-04-22,778223,0.189627,0.19344
2025-04-22,778224,0.269757,0.203838
2025-04-22,778229,0.276204,0.219109
2025-04-23,778195,,
2025-04-23,778197,0.226104,0.249856
2025-04-23,778198,0.196631,0.203313
2025-04-23,778199,0.211032,0.186382
2025-04-23,778200,0.172489,0.166809
2025-04-23,778201,0.23027,
2025-04-23,778202,0.26103,0.244068
2025-04-23,778203,0.223535,0.193072
2025-04-23,778204,0.195319,0.224425
2025-04-23,778205,0.203624,0.190438
2025-04-23,778206,0.221277,0.176333
2025-04-23,778207,0.267656,0.203364
2025-04-23,778208,0.259251,0.204201
2025-04-23,778209,0.20313,0.274329
2025-04-23,778214,0.275778,0.235628
2025-04-24,778188,0.205367,0.186153
2025-04-24,778189,0.232266,
2025-04-24,778190,0.250271,0.149498
2025-04-24,778191,0.260721,0.247656
2025-04-24,778192,0.216048,0.179423
2025-04-24,778193,0.194905,0.211321
2025-04-24,778194,0.171747,0.202166
2025-04-24,778195,0.253318,0.158118
2025-04-24,778196,0.267575,0.203985
2025-04-25,778171,0.214367,0.200249
2025-04-25,778172,,0.190091
2025-04-25,778175,0.204225,0.269334
2025-04-25,778176,0.259623,0.163524
2025-04-25,778177,0.217926,0.168459
2025-04-25,778178,0.234259,0.249934
2025-04-25,778179,,
2025-04-25,778180,,
2025-04-25,778181,0.261952,0.32754
2025-04-25,778182,0.189241,0.221656
2025-04-25,778183,0.192282,0.244375
2025-04-25,778184,0.19598,0.194466
2025-04-25,778185,0.173098,0.250221
2025-04-25,778186,0.246707,0.225348
2025-04-25,778187,0.166273,0.158886
2025-04-26,778154,,0.268759
2025-04-26,778159,0.222419,0.204455
2025-04-26,778160,0.212394,0.203991
2025-04-26,778161,0.258896,0.300219
2025-04-26,778162,0.2177,0.186566
2025-04-26,778163,0.259425,0.163508
2025-04-26,778164,0.195078,0.193705
2025-04-26,778165,0.21215,0.197592
2025-04-26,778166,0.247079,0.211806
2025-04-26,778167,0.166295,0.179843
2025-04-26,778168,0.214237,0.216701
2025-04-26,778169,0.204241,0.179528
2025-04-26,778170,,
2025-04-26,778173,0.192162,0.244291
2025-04-26,778174,0.189981,0.221992
2025-04-26,778179,0.204241,0.172846
2025-04-26,778180,0.195677,0.272785
2025-04-27,778136,,0.268211
2025-04-27,778144,0.243719,0.234592
2025-04-27,778145,0.259467,0.202138
2025-04-27,778146,0.187921,0.20441
2025-04-27,778147,0.217775,0.185694
2025-04-27,778148,0.225255,0.291372
2025-04-27,778149,0.23965,0.255997
2025-04-27,778150,0.195084,0.192519
2025-04-27,778151,0.235079,0.20391
2025-04-27,778152,0.163268,0.15909
2025-04-27,778153,0.192442,0.218061
2025-04-27,778155,0.25302,0.217313
2025-04-27,778156,0.172285,0.220557
2025-04-27,778157,0.203274,0.13137
2025-04-27,778158,0.190061,0.222368
2025-04-27,778170,0.172285,0.251086
2025-04-28,778132,0.206183,0.163565
2025-04-28,778137,0.2177,0.302699
2025-04-28,778138,0.191668,0.217577
2025-04-28,778139,0.25531,0.173494
2025-04-28,778140,0.219913,0.195931
2025-04-28,778141,0.192854,0.263513
2025-04-28,778142,0.211603,0.166316
2025-04-28,778143,0.196779,0.226624
2025-04-29,778120,0.217063,0.300566
2025-04-29,778121,0.218838,0.267077
2025-04-29,778122,0.251912,0.224398
2025-04-29,778124,0.21527,0.165889
2025-04-29,778125,0.243594,0.238656
2025-04-29,778126,0.20239,0.143288
2025-04-29,778127,0.203128,0.174906
2025-04-29,778128,0.160345,0.179589
2025-04-29,778129,0.254488,0.173543
2025-04-29,778130,0.169645,0.191686
2025-04-29,778131,0.217501,0.225057
2025-04-29,778133,0.251798,0.195247
2025-04-29,778134,,
2025-04-29,778135,0.222866,0.259733
2025-04-30,778102,0.232492,0.29862
2025-04-30,778104,0.220365,0.250464
2025-04-30,778105,0.201882,0.143914
2025-04-30,778106,0.182269,0.224228
2025-04-30,778109,0.178566,0.163677
2025-04-30,778110,0.215766,0.170467
2025-04-30,778111,0.239149,0.240667
2025-04-30,778112,0.221185,0.260081
2025-04-30,778113,0.160429,0.177458
2025-04-30,778114,0.202728,0.173821
2025-04-30,778115,0.247903,0.19559
2025-04-30,778116,0.236922,0.17214
2025-04-30,778117,0.192036,0.191157
2025-04-30,778118,0.231478,0.188797
2025-04-30,778119,0.1639,0.261349
2025-04-30,778134,0.1639,0.261349
2025-05-01,778094,0.17803,0.212935
2025-05-01,778095,0.202763,0.173712
2025-05-01,778096,0.181253,0.221565
2025-05-01,778097,0.159936,0.176709
2025-05-01,778098,0.312402,0.224011
2025-05-01,778099,0.244937,0.188148
2025-05-01,778100,0.221275,0.260487
2025-05-01,778101,0.270721,0.219316
2025-05-01,778103,0.187906,0.190012
2025-05-01,778107,0.162481,0.262145
2025-05-01,778108,0.258718,0.176466
2025-05-02,778079,0.166725,0.222785
2025-05-02,778080,0.220041,0.197638
2025-05-02,778081,0.175405,0.174154
2025-05-02,778082,0.289856,0.200865
2025-05-02,778083,0.245709,0.214987
2025-05-02,778084,0.190308,0.164053
2025-05-02,778085,0.243179,0.219027
2025-05-02,778086,0.18636,0.188487
2025-05-02,778087,0.243555,0.259226
2025-05-02,778088,0.163788,0.251614
2025-05-02,778089,0.20647,0.202997
2025-05-02,778090,0.143908,0.259484
2025-05-02,778091,0.196246,0.216313
2025-05-02,778092,0.162726,0.216005
2025-05-02,778093,0.159505,0.195887
2025-05-03,778064,0.190029,0.173792
2025-05-03,778065,0.143609,0.25867
2025-05-03,778066,0.169646,0.185653
2025-05-03,778067,0.215521,0.21925
2025-05-03,778068,,
2025-05-03,778069,0.299646,0.200569
2025-05-03,778070,0.248447,0.196983
2025-05-03,778071,0.219856,0.195773
2025-05-03,778072,0.159888,0.195247
2025-05-03,778073,0.221253,0.202615
2025-05-03,778074,0.229996,0.221829
2025-05-03,778075,0.253342,0.228791
2025-05-03,778076,0.163618,0.21675
2025-05-03,778077,0.231467,0.257632
2025-05-03,778078,0.205122,0.188772
2025-05-04,778048,0.299426,0.200658
2025-05-04,778050,0.2153,0.219946
2025-05-04,778051,0.143758,0.264579
2025-05-04,778052,0.243363,0.196826
2025-05-04,778053,0.190294,0.146145
2025-05-04,778054,0.220473,0.236041
2025-05-04,778055,0.198943,0.181542
2025-05-04,778056,0.175632,0.174378
2025-05-04,778057,0.182776,0.217247
2025-05-04,778058,0.229877,0.248034
2025-05-04,778059,0.175002,0.222911
2025-05-04,778060,0.162933,0.217088
2025-05-04,778061,0.240519,0.174627
2025-05-04,778062,0.159928,0.195457
2025-05-04,778063,0.222114,0.201804
2025-05-04,778068,0.190294,0.163061
2025-05-05,778036,0.258795,0.145095
2025-05-05,778038,0.243729,0.253056
2025-05-05,778039,0.1908,0.206527
2025-05-05,778042,0.170059,0.234826
2025-05-05,778043,0.14605,0.160191
2025-05-05,778044,0.204387,0.220974
2025-05-05,778045,0.144268,0.249444
2025-05-05,778046,,
2025-05-05,778047,0.163434,0.226529
2025-05-05,778049,0.256058,0.216244
2025-05-06,778024,0.241658,0.253049
2025-05-06,778025,0.173884,0.219596
2025-05-06,778026,0.173207,0.2092
2025-05-06,778027,0.200443,0.220133
2025-05-06,778028,0.195058,0.222298
2025-05-06,778029,,
2025-05-06,778030,0.25799,0.161781
2025-05-06,778031,0.16921,0.196438
2025-05-06,778032,0.189779,0.187739
2025-05-06,778033,0.218847,0.16032
2025-05-06,778034,0.257725,0.215006
2025-05-06,778035,0.20931,0.221355
2025-05-06,778037,0.195337,0.201961
2025-05-06,778040,0.189918,0.179031
2025-05-06,778041,0.14556,0.247927
2025-05-06,778046,0.135149,0.242465
2025-05-07,778009,0.175965,0.217547
2025-05-07,778010,0.240308,0.193498
2025-05-07,778011,0.19681,0.228482
2025-05-07,778012,0.25125,0.150467
2025-05-07,778013,0.206388,0.297847
2025-05-07,778014,0.190063,0.194463
2025-05-07,778015,0.169211,0.242323
2025-05-07,778016,0.258254,0.16186
2025-05-07,778017,0.164009,0.229709
2025-05-07,778018,0.195427,0.203362
2025-05-07,778019,0.145991,0.233963
2025-05-07,778020,0.200219,0.220964
2025-05-07,778021,0.189037,0.214055
2025-05-07,778022,0.171029,0.229095
2025-05-07,778023,0.256871,0.215432
2025-05-08,777999,0.163537,0.209247
2025-05-08,778000,0.175727,0.218304
2025-05-08,778003,0.25865,0.215624
2025-05-08,778004,0.254714,0.294957
2025-05-08,778005,0.188864,0.213737
2025-05-08,778006,0.21313,0.202375
2025-05-08,778007,0.222675,0.206381
2025-05-08,778008,0.177921,0.16057
2025-05-08,778029,0.205562,0.294957
2025-05-09,777984,0.201296,0.23842
2025-05-09,777986,0.196974,0.225993
2025-05-09,777988,0.177448,0.208039
2025-05-09,777989,0.257876,0.169008
2025-05-09,777990,0.202176,0.159555
2025-05-09,777991,0.205452,0.273366
2025-05-09,777992,0.20159,0.228536
2025-05-09,777993,0.146471,0.295351
2025-05-09,777994,0.246655,0.194816
2025-05-09,777995,0.160908,0.241939
2025-05-09,777996,,0.266127
2025-05-09,777997,0.188002,0.171921
2025-05-09,777998,0.218807,0.258518
2025-05-09,778001,0.220555,0.190505
2025-05-09,778002,0.196754,0.212695
2025-05-10,777970,0.201803,0.237695
2025-05-10,777972,0.241349,0.195348
2025-05-10,777973,0.229213,0.225805
2025-05-10,777974,0.201665,0.228046
2025-05-10,777975,0.163843,0.20601
2025-05-10,777976,0.146003,0.293038
2025-05-10,777977,0.202162,0.18011
2025-05-10,777978,0.20481,0.197333
2025-05-10,777979,0.259887,0.169424
2025-05-10,777980,0.161429,0.208218
2025-05-10,777981,0.196854,0.185949
2025-05-10,777982,0.218766,0.190942
2025-05-10,777983,0.188234,0.170493
2025-05-10,777985,0.215332,0.25861
2025-05-10,777987,0.196304,0.204103
2025-05-11,777954,0.163955,0.193134
2025-05-11,777955,0.144992,0.292629
2025-05-11,777956,0.201721,0.230972
2025-05-11,777957,0.220074,0.196281
2025-05-11,777958,0.192431,0.243521
2025-05-11,777961,0.261449,0.250536
2025-05-11,777962,0.160755,0.209055
2025-05-11,777963,0.257313,0.193863
2025-05-11,777964,0.188909,0.18416
2025-05-11,777965,0.202086,0.161476
2025-05-11,777966,0.21003,0.199564
2025-05-11,777967,0.215077,0.222353
2025-05-11,777968,0.218482,0.191455
2025-05-11,777969,0.212722,0.203611
2025-05-11,777971,0.188368,0.171755
2025-05-12,777939,0.205716,0.249941
2025-05-12,777941,0.243653,0.237291
2025-05-12,777947,0.217862,0.144158
2025-05-12,777948,0.162251,0.169156
2025-05-12,777949,0.291601,0.229032
2025-05-12,777950,0.221606,0.193233
2025-05-12,777951,0.202659,0.204753
2025-05-12,777952,0.205557,0.219885
2025-05-12,777953,0.161454,0.222143
2025-05-12,777959,0.240989,0.215349
2025-05-12,777960,0.188283,0.172246
2025-05-13,777926,0.214056,0.243865
2025-05-13,777930,0.186062,0.249865
2025-05-13,777931,0.182383,0.168921
2025-05-13,777932,0.217021,0.143769
2025-05-13,777933,,
2025-05-13,777934,0.291424,
2025-05-13,777935,0.201058,0.175367
2025-05-13,777936,0.204729,0.220073
2025-05-13,777937,0.196518,0.177306
2025-05-13,777938,,
2025-05-13,777940,0.202655,0.213905
2025-05-13,777942,0.241016,0.214493
2025-05-13,777943,0.195486,0.193271
2025-05-13,777944,0.233466,0.171979
2025-05-13,777945,0.182238,0.198332
2025-05-14,777914,0.21774,0.142841
2025-05-14,777915,0.245026,0.217898
2025-05-14,777916,0.184244,0.172415
2025-05-14,777917,0.19915,0.163464
2025-05-14,777918,0.262238,0.211007
2025-05-14,777919,0.220692,0.230217
2025-05-14,777920,0.161427,0.168516
2025-05-14,777921,0.206624,0.223869
2025-05-14,777922,0.161376,0.190005
2025-05-14,777923,0.19831,0.175704
2025-05-14,777924,0.232381,0.2528
2025-05-14,777925,0.189092,0.171853
2025-05-14,777927,0.203992,0.203315
2025-05-14,777928,0.178629,0.221624
2025-05-14,777929,0.228198,0.245999
2025-05-14,777933,0.161376,0.190005
2025-05-14,777938,0.231544,0.2528
2025-05-15,777909,0.227039,0.18354
2025-05-15,777910,0.168099,0.210458
2025-05-15,777911,0.231558,0.250665
2025-05-15,777912,0.257209,0.220356
2025-05-15,777913,0.264722,0.17614
2025-05-15,777946,0.19779,0.163752
2025-05-16,777891,0.198529,0.171939
2025-05-16,777895,0.168486,0.21043
2025-05-16,777896,0.240487,0.142465
2025-05-16,777897,0.289504,0.183611
2025-05-16,777898,0.18783,0.199537
2025-05-16,777899,0.220084,0.163626
2025-05-16,777900,0.25339,0.220496
2025-05-16,777901,0.161992,0.161215
2025-05-16,777902,0.171749,0.196752
2025-05-16,777903,0.243615,0.262754
2025-05-16,777904,0.194034,0.217008
2025-05-16,777905,0.216786,0.221634
2025-05-16,777906,0.203593,0.20015
2025-05-16,777907,0.212547,0.203886
2025-05-16,777908,0.24837,0.204336
2025-05-17,777875,0.239059,0.143144
2025-05-17,777879,0.198194,0.169894
2025-05-17,777881,0.176848,0.218786
2025-05-17,777882,0.168287,0.213638
2025-05-17,777883,0.18779,0.204597
2025-05-17,777884,0.218752,0.164161
2025-05-17,777885,0.161407,0.161244
2025-05-17,777886,0.262523,0.201634
2025-05-17,777887,0.289077,0.183142
2025-05-17,777888,0.194534,0.22055
2025-05-17,777889,0.244095,0.232896
2025-05-17,777890,0.241563,0.221342
2025-05-17,777892,0.157661,0.196579
2025-05-17,777893,0.216305,0.204549
2025-05-17,777894,0.258343,0.18845
2025-05-18,777864,0.161415,0.17324
2025-05-18,777865,0.187488,0.19733
2025-05-18,777866,0.223081,0.17525
2025-05-18,777867,0.185066,0.170592
2025-05-18,777868,0.244692,0.142749
2025-05-18,777869,0.196579,0.212622
2025-05-18,777870,0.262603,0.182197
2025-05-18,777871,0.213224,0.200933
2025-05-18,777872,0.192742,0.21907
2025-05-18,777873,0.2421,0.24817
2025-05-18,777874,0.126187,0.197519
2025-05-18,777876,0.215623,0.204186
2025-05-18,777877,0.241739,0.256012
2025-05-18,777878,0.19391,0.241188
2025-05-18,777880,0.259797,0.188216
2025-05-19,777852,0.220757,0.28652
2025-05-19,777853,0.218948,0.184787
2025-05-19,777854,0.181984,0.165442
2025-05-19,777855,0.160792,0.170493
2025-05-19,777856,0.194518,0.203247
2025-05-19,777857,0.238958,0.209408
2025-05-19,777858,0.167678,0.23685
2025-05-19,777859,0.196976,0.223563
2025-05-19,777860,0.247183,0.198431
2025-05-19,777862,0.202815,0.161771
2025-05-19,777863,0.219309,0.20079
2025-05-20,777836,0.160421,0.171214
2025-05-20,777838,0.182029,0.16465
2025-05-20,777839,,
2025-05-20,777840,0.213501,0.161197
2025-05-20,777841,0.213425,0.242359
2025-05-20,777842,0.187876,0.286531
2025-05-20,777843,0.218664,0.184408
2025-05-20,777844,0.225767,0.198467
2025-05-20,777845,0.142889,0.20127
2025-05-20,777846,0.238086,0.198817
2025-05-20,777847,0.196524,0.261583
2025-05-20,777848,0.167274,0.223397
2025-05-20,777849,0.214384,0.240437
2025-05-20,777850,0.219864,0.271516
2025-05-20,777851,0.1944,0.202316
2025-05-21,777819,0.153992,0.20131
2025-05-21,777823,0.220119,0.287859
2025-05-21,777824,0.17858,0.163669
2025-05-21,777825,,
2025-05-21,777826,0.226758,0.205462
2025-05-21,777827,0.264403,0.18708
2025-05-21,777828,0.215631,0.241662
2025-05-21,777829,0.131119,0.190463
2025-05-21,777830,0.236817,0.208073
2025-05-21,777831,0.185591,0.202489
2025-05-21,777832,0.16714,0.239056
2025-05-21,777833,0.219942,0.214754
2025-05-21,777834,0.196364,0.234857
2025-05-21,777835,0.218192,0.243589
2025-05-21,777837,0.143027,0.201372
2025-05-22,777812,0.217771,0.18567
2025-05-22,777814,0.197755,0.261382
2025-05-22,777815,,
2025-05-22,777816,0.143287,0.201772
2025-05-22,777817,0.187564,0.286818
2025-05-22,777818,0.218753,0.215383
2025-05-22,777820,0.214756,0.241337
2025-05-22,777821,0.158014,0.212898
2025-05-22,777822,0.247818,0.167147
2025-05-23,777797,0.183473,0.162748
2025-05-23,777798,0.182216,0.219684
2025-05-23,777799,0.161093,0.212046
2025-05-23,777800,0.238237,0.166185
2025-05-23,777801,0.2016,0.239975
2025-05-23,777802,0.244283,0.286127
2025-05-23,777804,0.220197,0.182394
2025-05-23,777805,0.206702,0.187799
2025-05-23,777806,0.197828,0.260074
2025-05-23,777807,0.131858,0.20522
2025-05-23,777808,0.164006,0.185429
2025-05-23,777810,0.201975,0.207168
2025-05-23,777811,0.219999,0.196205
2025-05-23,777813,0.144651,0.247722
2025-05-23,777815,0.225467,0.203471
2025-05-24,777781,0.199907,0.220242
2025-05-24,777782,0.23947,0.287527
2025-05-24,777784,0.219362,0.195687
2025-05-24,777786,0.160377,0.162285
2025-05-24,777787,0.245031,0.165618
2025-05-24,777788,0.160727,0.192094
2025-05-24,777789,0.199383,0.185227
2025-05-24,777790,0.181045,0.240535
2025-05-24,777791,0.220703,0.196123
2025-05-24,777792,0.201971,0.186097
2025-05-24,777793,0.203552,0.226264
2025-05-24,777794,0.198939,0.258844
2025-05-24,777795,0.201271,0.238527
2025-05-24,777796,0.157931,0.204377
2025-05-24,777803,0.144896,0.20856
2025-05-24,777809,0.224758,0.239169
2025-05-25,777765,0.186184,0.194648
2025-05-25,777766,0.182514,0.163257
2025-05-25,777767,0.197072,0.23648
2025-05-25,777768,0.243825,0.289374
2025-05-25,777772,0.154952,0.187315
2025-05-25,777773,0.166019,0.205677
2025-05-25,777774,0.264354,0.166015
2025-05-25,777775,0.177883,0.237449
2025-05-25,777776,0.211623,0.242752
2025-05-25,777777,0.196768,0.212632
2025-05-25,777778,0.202657,0.227032
2025-05-25,777779,0.22071,0.196467
2025-05-25,777780,0.200768,0.202655
2025-05-25,777783,0.145123,0.209007
2025-05-25,777785,0.226662,0.237702
2025-05-26,777756,0.204668,0.190802
2025-05-26,777757,0.297077,0.220603
2025-05-26,777758,0.179891,0.191145
2025-05-26,777759,0.200102,0.191853
2025-05-26,777760,0.227307,0.162246
2025-05-26,777761,0.260232,0.182521
2025-05-26,777762,0.203709,0.193802
2025-05-26,777763,0.24501,0.222606
2025-05-26,777764,0.236382,0.233013
2025-05-26,777769,0.165588,0.16833
2025-05-26,777770,0.200476,0.204263
2025-05-26,777771,0.163316,0.236027
2025-05-27,777741,0.198554,0.216824
2025-05-27,777742,0.207236,0.145476
2025-05-27,777743,0.240232,0.244838
2025-05-27,777744,0.243354,0.169357
2025-05-27,777745,0.238772,0.220357
2025-05-27,777746,0.196216,0.23589
2025-05-27,777747,0.235926,0.199715
2025-05-27,777748,0.250934,0.18564
2025-05-27,777749,0.178363,0.191334
2025-05-27,777750,0.196189,0.161838
2025-05-27,777751,0.289598,0.220431
2025-05-27,777752,0.194039,0.166589
2025-05-27,777753,0.164971,0.170001
2025-05-27,777754,0.18781,0.23576
2025-05-27,777755,0.218308,0.203949
2025-05-28,777724,0.2084,0.196456
2025-05-28,777726,0.17503,0.144898
2025-05-28,777728,0.237625,0.223534
2025-05-28,777729,0.259891,0.169768
2025-05-28,777730,0.241006,0.238277
2025-05-28,777731,0.245985,0.220202
2025-05-28,777732,0.19651,0.236674
2025-05-28,777733,0.195765,0.161085
2025-05-28,777734,0.193369,0.165775
2025-05-28,777735,,
2025-05-28,777736,0.237986,0.204915
2025-05-28,777737,0.176677,0.191405
2025-05-28,777738,0.219321,0.204597
2025-05-28,777739,0.202536,0.132974
2025-05-28,777740,0.164059,0.225339
2025-05-29,777722,0.24068,0.243822
2025-05-29,777723,0.211437,0.199449
2025-05-29,777725,0.236662,0.165701
2025-05-29,777727,0.195193,0.174312
2025-05-29,777735,0.217883,0.206273
2025-05-30,777707,0.259574,0.143945
2025-05-30,777708,0.214301,0.230278
2025-05-30,777709,0.164781,0.187026
2025-05-30,777710,0.241772,0.170854
2025-05-30,777711,0.205518,0.160687
2025-05-30,777712,0.195744,0.219446
2025-05-30,777713,0.232615,0.236957
2025-05-30,777714,0.176179,0.165767
2025-05-30,777715,0.204865,0.206692
2025-05-30,777716,0.195556,0.173702
2025-05-30,777717,0.200771,
2025-05-30,777718,0.289907,0.20838
2025-05-30,777719,0.237989,0.213171
2025-05-30,777720,0.175509,0.22581
2025-05-30,777721,0.219714,0.133479
2025-05-31,777691,0.258648,0.143262
2025-05-31,777693,0.230897,0.166509
2025-05-31,777694,0.207025,0.181234
2025-05-31,777695,0.216056,0.24274
2025-05-31,777696,0.241037,0.170616
2025-05-31,777697,0.166085,0.198341
2025-05-31,777698,0.213706,0.221496
2025-05-31,777699,0.198204,0.226726
2025-05-31,777700,0.288694,0.191406
2025-05-31,777701,0.1962,0.188381
2025-05-31,777702,0.211356,0.206495
2025-05-31,777703,0.22258,0.132316
2025-05-31,777704,0.196017,0.219104
2025-05-31,777705,0.171557,
2025-05-31,777706,0.238504,0.211804
2025-06-01,777677,0.266744,0.161972
2025-06-01,777678,0.165723,0.199494
2025-06-01,777679,0.240627,0.157777
2025-06-01,777680,0.255617,0.235418
2025-06-01,777681,0.258285,0.143278
2025-06-01,777682,0.238709,0.221964
2025-06-01,777683,0.21927,0.131977
2025-06-01,777684,0.175903,0.233862
2025-06-01,777685,0.195701,0.172711
2025-06-01,777686,0.317424,0.184701
2025-06-01,777687,0.196619,0.218539
2025-06-01,777688,0.210374,0.199634
2025-06-01,777689,0.236195,0.194619
2025-06-01,777690,0.237487,0.16627
2025-06-01,777692,0.238599,0.248827
2025-06-02,777669,0.217421,0.195973
2025-06-02,777670,0.218618,0.23959
2025-06-02,777671,0.198974,0.230231
2025-06-02,777673,0.296105,0.195598
2025-06-02,777674,0.223287,0.174361
2025-06-02,777675,0.191027,0.222887
2025-06-02,777676,0.142916,0.170984
2025-06-03,777655,0.225151,0.23535
2025-06-03,777656,0.14353,0.172037
2025-06-03,777657,0.184234,0.166251
2025-06-03,777658,0.231966,0.256725
2025-06-03,777659,0.251573,0.241625
2025-06-03,777660,0.167654,0.165862
2025-06-03,777661,0.222323,0.173341
2025-06-03,777662,0.199604,0.238111
2025-06-03,777663,0.167004,0.259099
2025-06-03,777664,0.130891,0.245826
2025-06-03,777665,0.184185,0.172474
2025-06-03,777666,0.263742,0.193281
2025-06-03,777667,0.217334,0.239964
2025-06-03,777668,0.204627,0.229843
2025-06-03,777672,0.17042,0.216894
2025-06-04,777638,0.1908,0.166371
2025-06-04,777639,0.226728,0.17126
2025-06-04,777641,0.142612,0.171318
2025-06-04,777642,,
2025-06-04,777645,0.225291,0.243991
2025-06-04,777646,0.201747,0.237486
2025-06-04,777647,0.233161,0.195383
2025-06-04,777648,0.166641,0.258997
2025-06-04,777649,0.215366,0.240081
2025-06-04,777650,0.22517,0.228745
2025-06-04,777651,0.183488,0.18784
2025-06-04,777652,0.264044,0.210479
2025-06-04,777653,0.129828,0.24584
2025-06-04,777654,0.18114,0.251108
2025-06-05,777628,0.225667,0.234417
2025-06-05,777629,0.202242,0.236623
2025-06-05,777630,0.167019,0.259761
2025-06-05,777631,0.199136,0.17421
2025-06-05,777632,0.217847,0.228656
2025-06-05,777633,0.142079,
2025-06-05,777634,0.222638,0.157672
2025-06-05,777635,0.167449,0.165166
2025-06-05,777636,0.23211,0.196553
2025-06-05,777637,0.18419,0.171949
2025-06-05,777640,0.169622,0.218085
2025-06-05,777642,0.167449,0.165166
2025-06-05,777644,0.13123,0.245325
2025-06-06,777613,0.24821,0.195881
2025-06-06,777614,0.234255,0.214276
2025-06-06,777615,0.188255,0.229941
2025-06-06,777616,0.19845,0.263904
2025-06-06,777617,0.142699,0.20315
2025-06-06,777618,0.166961,0.162218
2025-06-06,777619,0.252256,0.170894
2025-06-06,777620,0.166956,0.165513
2025-06-06,777621,0.199757,0.2492
2025-06-06,777622,0.16611,0.175778
2025-06-06,777623,0.15757,0.178337
2025-06-06,777624,0.203426,0.227518
2025-06-06,777625,0.193012,0.253176
2025-06-06,777626,0.217449,0.22232
2025-06-06,777627,0.239266,0.214258
2025-06-07,777597,0.133355,0.203513
2025-06-07,777598,0.220117,
2025-06-07,777599,0.225372,0.195684
2025-06-07,777600,0.187864,0.199309
2025-06-07,777601,0.166991,0.165042
2025-06-07,777603,0.233344,0.214056
2025-06-07,777604,0.190269,0.262913
2025-06-07,777605,0.239429,0.240548
2025-06-07,777606,0.1677,0.164027
2025-06-07,777607,0.200273,0.225619
2025-06-07,777608,0.166294,0.133348
2025-06-07,777609,0.217521,0.222201
2025-06-07,777610,0.213197,0.212335
2025-06-07,777611,0.194395,0.218216
2025-06-07,777612,0.185211,0.230461
2025-06-07,777623,,
2025-06-08,777582,0.166456,0.16593
2025-06-08,777583,0.189941,
2025-06-08,777585,0.187482,0.278046
2025-06-08,777586,0.142792,0.202786
2025-06-08,777587,0.255315,
2025-06-08,777588,0.224735,0.195583
2025-06-08,777589,0.240495,0.214578
2025-06-08,777590,0.168015,0.165681
2025-06-08,777591,0.192969,0.132999
2025-06-08,777592,0.193764,0.205105
2025-06-08,777593,0.238738,0.214032
2025-06-08,777594,0.218099,0.222519
2025-06-08,777595,0.207449,0.262064
2025-06-08,777596,0.183666,0.207896
2025-06-08,777602,0.169884,0.229867
2025-06-09,777574,0.192934,0.262745
2025-06-09,777575,0.22446,0.210351
2025-06-09,777576,0.194938,0.217947
2025-06-09,777577,0.242503,0.169817
2025-06-09,777578,0.21962,0.200708
2025-06-09,777579,0.16674,0.142549
2025-06-09,777580,0.229494,0.15902
2025-06-09,777581,0.187463,0.166693
2025-06-09,777584,0.238419,0.206348
2025-06-10,777557,0.203006,0.230451
2025-06-10,777558,0.183055,0.166695
2025-06-10,777559,0.241799,0.170167
2025-06-10,777560,0.166416,0.142029
2025-06-10,777563,0.204115,0.262334
2025-06-10,777564,0.253858,0.217296
2025-06-10,777565,0.204104,0.206793
2025-06-10,777566,0.192618,0.261584
2025-06-10,777567,0.16699,0.167458
2025-06-10,777568,0.253924,0.198456
2025-06-10,777569,0.228618,0.144717
2025-06-10,777570,0.241392,0.184172
2025-06-10,777571,0.219913,0.20032
2025-06-10,777572,0.24109,0.167105
2025-06-10,777573,0.264796,0.225179
2025-06-11,777542,0.253931,0.216491
2025-06-11,777543,0.166068,0.141713
2025-06-11,777545,0.145096,0.19073
2025-06-11,777547,0.204279,0.261128
2025-06-11,777548,0.241932,0.170329
2025-06-11,777549,0.193959,0.20407
2025-06-11,777550,0.196742,0.167458
2025-06-11,777551,0.241232,0.166741
2025-06-11,777552,,0.26226
2025-06-11,777553,0.220534,0.200285
2025-06-11,777554,0.223445,0.199808
2025-06-11,777555,0.226689,0.19044
2025-06-11,777556,0.201502,0.275711
2025-06-11,777561,0.236641,0.207781
2025-06-11,777562,0.219882,0.225244
2025-06-12,777532,0.192881,0.185829
2025-06-12,777533,0.201698,0.213754
2025-06-12,777534,0.20333,0.279263
2025-06-12,777536,0.2439,0.16629
2025-06-12,777540,0.265852,0.204263
2025-06-12,777541,0.262203,0.221985
2025-06-12,777544,0.212989,0.190312
2025-06-12,777546,0.208371,0.167045
2025-06-13,777520,0.156728,0.240792
2025-06-13,777521,0.141378,0.169978
2025-06-13,777522,0.203485,0.166608
2025-06-13,777524,0.16996,0.201528
2025-06-13,777525,0.192775,0.185682
2025-06-13,777526,0.262092,0.222406
2025-06-13,777527,0.214057,0.16966
2025-06-13,777528,0.23626,0.189858
2025-06-13,777529,0.194678,0.165909
2025-06-13,777530,0.16421,0.241231
2025-06-13,777531,0.145144,0.199743
2025-06-13,777535,0.256043,0.220356
2025-06-13,777537,0.240338,0.251863
2025-06-13,777538,0.193478,0.232546
2025-06-13,777539,0.215899,0.225388
2025-06-14,777506,0.203643,0.167323
2025-06-14,777507,0.157065,0.239383
2025-06-14,777508,0.170345,0.20138
2025-06-14,777509,0.145179,0.199756
2025-06-14,777510,0.240606,0.169924
2025-06-14,777511,0.19459,0.152121
2025-06-14,777512,0.169769,0.18564
2025-06-14,777513,0.261969,0.221453
2025-06-14,777514,0.181039,0.226357
2025-06-14,777515,0.141406,0.170251
2025-06-14,777516,0.243106,0.25138
2025-06-14,777517,0.228767,0.222656
2025-06-14,777518,0.234716,0.190618
2025-06-14,777519,0.217584,0.225079
2025-06-14,777523,0.263607,0.21989
2025-06-15,777491,0.141004,0.170314
2025-06-15,777492,0.153027,0.186109
2025-06-15,777493,0.172553,0.200712
2025-06-15,777494,0.207103,0.170621
2025-06-15,777495,0.156158,0.238352
2025-06-15,777496,0.194329,0.153333
2025-06-15,777497,0.246367,0.252914
2025-06-15,777498,0.203772,0.166908
2025-06-15,777499,0.18994,0.199555
2025-06-15,777500,0.244576,0.251067
2025-06-15,777501,0.217299,0.211583
2025-06-15,777502,0.249478,0.190115
2025-06-15,777503,0.161003,0.211216
2025-06-15,777504,0.236221,0.250306
2025-06-15,777505,0.250046,0.257885
2025-06-16,777483,0.199246,0.192083
2025-06-16,777484,0.224248,0.234195
2025-06-16,777485,0.167342,0.188665
2025-06-16,777486,,0.237968
2025-06-16,777487,0.21775,0.243912
2025-06-16,777488,0.238662,0.209972
2025-06-16,777490,0.141318,0.166612
2025-06-17,777467,0.167648,0.212824
2025-06-17,777468,0.165711,0.210748
2025-06-17,777469,0.168036,0.190366
2025-06-17,777471,0.14064,0.167571
2025-06-17,777472,0.158744,0.19936
2025-06-17,777473,,0.2392
2025-06-17,777475,0.261459,0.258158
2025-06-17,777476,0.216402,0.228939
2025-06-17,777477,0.224698,0.234495
2025-06-17,777478,0.236509,0.227017
2025-06-17,777479,0.172312,0.19022
2025-06-17,777480,0.221422,0.211575
2025-06-17,777481,0.199269,0.16035
2025-06-17,777482,0.186781,0.221959
2025-06-17,777489,0.189567,0.240091
2025-06-18,777453,0.23015,0.265928
2025-06-18,777454,0.155195,0.247618
2025-06-18,777456,0.167161,0.191182
2025-06-18,777457,0.140249,0.168367
2025-06-18,777458,,
2025-06-18,777459,,
2025-06-18,777460,0.165675,0.198462
2025-06-18,777461,0.214797,0.210658
2025-06-18,777462,0.183337,0.189694
2025-06-18,777463,0.24281,0.193235
2025-06-18,777464,,
2025-06-18,777465,0.198788,0.16192
2025-06-18,777466,0.217079,0.216631
2025-06-18,777470,0.184046,0.217015
2025-06-18,777474,0.212333,0.22612
2025-06-19,777440,0.163207,0.245742
2025-06-19,777441,0.167344,0.195723
2025-06-19,777442,0.139934,0.174667
2025-06-19,777443,0.165548,0.212986
2025-06-19,777444,0.198385,0.163351
2025-06-19,777445,0.283701,0.210539
2025-06-19,777446,0.22309,0.232781
2025-06-19,777447,0.168302,0.174903
2025-06-19,777448,0.190123,0.187986
2025-06-19,777449,0.216439,0.213057
2025-06-19,777450,0.193834,0.222378
2025-06-19,777451,0.226296,0.25891
2025-06-19,777452,0.280955,0.226393
2025-06-19,777455,0.190057,0.216797
2025-06-19,777458,0.170339,0.174647
2025-06-19,777464,0.248721,0.204415
2025-06-20,777425,0.244285,0.243942
2025-06-20,777426,0.164856,0.13955
2025-06-20,777427,0.222684,0.174677
2025-06-20,777428,0.167175,0.215593
2025-06-20,777429,0.15899,0.195552
2025-06-20,777430,0.159227,0.237397
2025-06-20,777431,0.204462,0.181297
2025-06-20,777432,0.189741,0.246867
2025-06-20,777433,0.226592,0.145162
2025-06-20,777434,0.193989,0.279879
2025-06-20,777435,0.175145,0.187468
2025-06-20,777436,0.238356,0.223166
2025-06-20,777437,0.190314,0.198605
2025-06-20,777438,0.266945,0.244078
2025-06-20,777439,0.215556,0.191756
2025-06-21,777410,0.158406,0.237627
2025-06-21,777411,0.154393,0.195644
2025-06-21,777412,0.192845,0.234563
2025-06-21,777413,0.16468,0.139518
2025-06-21,777414,0.168009,0.21535
2025-06-21,777415,0.226709,0.14512
2025-06-21,777416,0.209443,0.167758
2025-06-21,777417,0.214352,0.244074
2025-06-21,777418,0.247888,0.143756
2025-06-21,777419,0.237798,0.222121
2025-06-21,777420,0.204278,0.204394
2025-06-21,777421,0.186999,0.262947
2025-06-21,777422,0.244235,0.24492
2025-06-21,777423,0.190872,0.198307
2025-06-21,777424,0.246801,0.190611
2025-06-22,777395,0.245489,0.24455
2025-06-22,777396,0.16507,0.188834
2025-06-22,777397,0.182745,0.187556
2025-06-22,777398,0.210271,0.169208
2025-06-22,777399,0.169966,0.232647
2025-06-22,777400,0.159309,0.196819
2025-06-22,777401,0.20498,0.273833
2025-06-22,777402,0.246015,0.191044
2025-06-22,777403,0.237946,0.222746
2025-06-22,777404,0.199682,0.262981
2025-06-22,777405,0.183368,0.197798
2025-06-22,777406,0.2321,0.245554
2025-06-22,777407,0.245059,0.144312
2025-06-22,777408,0.175848,0.186988
2025-06-22,777409,0.204214,0.198343
2025-06-23,777381,0.212023,0.216835
2025-06-23,777382,0.209449,0.188701
2025-06-23,777388,0.236437,0.257671
2025-06-23,777389,0.237024,0.189942
2025-06-23,777390,0.213181,0.246236
2025-06-23,777391,0.261876,0.192618
2025-06-23,777392,0.222731,0.143672
2025-06-23,777393,0.188625,0.213379
2025-06-23,777394,0.187935,0.267892
2025-06-24,777364,0.190263,0.24402
2025-06-24,777372,0.209894,0.187911
2025-06-24,777373,0.222775,0.1434
2025-06-24,777374,0.262976,0.192442
2025-06-24,777375,0.236594,0.218441
2025-06-24,777376,0.251823,0.218328
2025-06-24,777377,0.198034,0.167888
2025-06-24,777378,0.190238,0.164745
2025-06-24,777379,0.169712,0.236531
2025-06-24,777380,0.201822,0.269378
2025-06-24,777383,0.188848,0.177872
2025-06-24,777384,0.136867,0.158831
2025-06-24,777385,0.245038,0.244653
2025-06-24,777386,0.218367,0.205158
2025-06-24,777387,0.238044,0.189509
2025-06-25,777355,0.193592,0.244438
2025-06-25,777357,0.221864,0.143165
2025-06-25,777358,0.170263,0.235484
2025-06-25,777359,0.19721,0.164386
2025-06-25,777360,0.210467,0.132887
2025-06-25,777361,0.20567,0.191707
2025-06-25,777362,0.246032,0.254866
2025-06-25,777363,0.236666,0.24038
2025-06-25,777365,0.185409,0.243394
2025-06-25,777366,0.197891,0.168285
2025-06-25,777367,0.246047,0.244431
2025-06-25,777368,0.188035,0.155828
2025-06-25,777369,0.239341,0.190345
2025-06-25,777370,0.18828,0.177272
2025-06-25,777371,0.195851,0.24795
2025-06-26,777344,0.175697,0.207974
2025-06-26,777347,0.189409,0.244048
2025-06-26,777348,0.222599,0.143304
2025-06-26,777350,0.198484,0.168946
2025-06-26,777351,0.217542,0.248647
2025-06-26,777352,0.239649,0.189856
2025-06-26,777353,0.198512,0.159158
2025-06-26,777354,0.143742,0.155431
2025-06-26,777356,0.237851,0.240015
2025-06-27,777331,0.212408,0.1915
2025-06-27,777332,0.188605,0.190678
2025-06-27,777334,0.23885,0.204476
2025-06-27,777335,0.203288,0.164766
2025-06-27,777336,0.222682,0.169267
2025-06-27,777337,0.196309,0.217152
2025-06-27,777338,0.217073,0.176245
2025-06-27,777339,0.255883,0.191237
2025-06-27,777340,0.23826,0.185856
2025-06-27,777341,0.189774,0.236682
2025-06-27,777342,0.200096,0.240359
2025-06-27,777343,0.198797,0.244062
2025-06-27,777345,0.189202,0.215826
2025-06-27,777346,0.132708,0.24457
2025-06-27,777349,0.143021,0.204831
2025-06-28,777315,0.211258,0.190843
2025-06-28,777318,0.189188,0.192638
2025-06-28,777319,0.169421,0.165292
2025-06-28,777320,0.222953,0.183766
2025-06-28,777321,0.207223,0.191274
2025-06-28,777322,0.237037,0.180447
2025-06-28,777323,0.188084,0.217131
2025-06-28,777324,0.238676,0.204896
2025-06-28,777325,0.208853,0.218857
2025-06-28,777326,0.197595,0.212858
2025-06-28,777327,0.250359,0.211896
2025-06-28,777328,0.13293,0.246177
2025-06-28,777329,0.143103,0.156024
2025-06-28,777330,0.229868,0.231042
2025-06-28,777333,0.199959,0.240081
2025-06-29,777301,0.206911,0.190594
2025-06-29,777302,0.237101,0.18004
2025-06-29,777303,0.205148,0.191279
2025-06-29,777304,0.204415,0.164513
2025-06-29,777305,0.211358,0.188639
2025-06-29,777307,0.197425,0.218448
2025-06-29,777308,0.221954,0.183108
2025-06-29,777309,0.184516,0.14802
2025-06-29,777310,0.188885,0.255455
2025-06-29,777311,0.217169,0.177237
2025-06-29,777312,0.132522,0.243714
2025-06-29,777313,0.189808,0.218798
2025-06-29,777314,0.209733,0.204965
2025-06-29,777316,0.200589,0.240763
2025-06-29,777317,0.229191,0.231942
2025-06-30,777291,0.244162,0.191925
2025-06-30,777292,0.267984,0.180028
2025-06-30,777295,0.218212,0.142613
2025-06-30,777296,0.196844,0.192541
2025-06-30,777297,0.165477,0.236318
2025-06-30,777299,0.143278,0.224735
2025-06-30,777300,0.243697,0.214256
2025-06-30,777306,0.1322,0.219758
2025-07-01,777278,0.247951,0.193
2025-07-01,777280,0.175734,0.19804
2025-07-01,777281,0.161083,0.235888
2025-07-01,777282,0.268495,0.179061
2025-07-01,777283,0.212316,0.141943
2025-07-01,777284,,
2025-07-01,777285,0.182963,0.234593
2025-07-01,777286,0.251948,0.213058
2025-07-01,777287,0.149003,0.222333
2025-07-01,777288,0.143488,0.224261
2025-07-01,777289,,
2025-07-01,777290,,
2025-07-01,777293,0.239487,0.190214
2025-07-01,777294,0.242734,0.217102
2025-07-01,777298,0.217935,0.243004
2025-07-02,777262,0.160918,0.234819
2025-07-02,777265,0.265683,0.210308
2025-07-02,777266,0.148499,0.222028
2025-07-02,777267,0.213049,0.176895
2025-07-02,777268,0.269249,0.178915
2025-07-02,777269,0.18297,0.232931
2025-07-02,777270,0.249988,0.194437
2025-07-02,777271,0.301347,0.229334
2025-07-02,777272,0.143852,0.225135
2025-07-02,777273,0.186996,0.219781
2025-07-02,777274,0.211978,0.161624
2025-07-02,777275,0.240598,0.18914
2025-07-02,777276,0.187923,0.215097
2025-07-02,777277,0.241175,0.221448
2025-07-02,777279,0.217707,0.252361
2025-07-02,777284,0.198992,0.222938
2025-07-02,777289,0.175507,0.185259
2025-07-02,777290,0.186996,0.200969
2025-07-02,777294,,
2025-07-03,777251,0.161957,0.236641
2025-07-03,777253,0.17609,0.170836
2025-07-03,777256,0.250369,0.157936
2025-07-03,777257,0.182302,0.185318
2025-07-03,777258,0.198394,0.221829
2025-07-03,777259,0.15544,0.220805
2025-07-03,777260,0.244236,0.147912
2025-07-03,777261,0.21837,0.252334
2025-07-03,777263,0.240612,0.189191
2025-07-03,777264,0.182717,0.212485
2025-07-04,777235,0.181741,0.1708
2025-07-04,777236,0.224891,0.237047
2025-07-04,777239,0.178851,0.187357
2025-07-04,777242,0.217763,0.174236
2025-07-04,777243,0.177987,0.233808
2025-07-04,777244,0.250879,0.199516
2025-07-04,777245,0.221317,0.209364
2025-07-04,777246,0.144561,0.221323
2025-07-04,777247,0.228785,0.241143
2025-07-04,777248,0.162095,0.157554
2025-07-04,777249,0.198449,0.155416
2025-07-04,777250,0.227888,0.19059
2025-07-04,777252,0.2455,0.252709
2025-07-04,777254,0.187739,0.188553
2025-07-04,777255,0.239667,0.220158
2025-07-05,777221,0.202969,0.175787
2025-07-05,777223,0.178586,0.1875
2025-07-05,777225,0.226392,0.236376
2025-07-05,777227,0.248355,0.199222
2025-07-05,777228,,0.208914
2025-07-05,777229,0.186062,0.22197
2025-07-05,777230,0.199381,0.240912
2025-07-05,777231,0.217511,0.148331
2025-07-05,777232,0.246249,0.234581
2025-07-05,777233,0.23264,0.2194
2025-07-05,777234,0.162287,0.204621
2025-07-05,777237,0.24519,0.253002
2025-07-05,777238,0.188293,0.188241
2025-07-05,777240,0.217692,0.163617
2025-07-05,777241,0.21782,0.185488
2025-07-06,777205,0.227256,0.23604
2025-07-06,777206,0.18197,0.1715
2025-07-06,777207,0.178388,0.187977
2025-07-06,777210,0.217738,0.198227
2025-07-06,777213,,0.202631
2025-07-06,777214,0.216549,0.14143
2025-07-06,777215,0.177509,0.251028
2025-07-06,777216,0.243841,0.18519
2025-07-06,777217,0.241066,0.219983
2025-07-06,777218,0.1633,0.171961
2025-07-06,777219,0.186233,0.221779
2025-07-06,777220,0.199364,0.240394
2025-07-06,777222,0.268924,0.221125
2025-07-06,777224,0.189337,0.188174
2025-07-06,777226,0.231225,0.148701
2025-07-07,777199,0.220374,0.249518
2025-07-07,777200,0.178198,0.217028
2025-07-07,777201,0.171461,0.182569
2025-07-07,777202,0.150761,0.202462
2025-07-07,777203,0.170115,0.188826
2025-07-07,777204,0.237358,0.163563
2025-07-07,777208,0.201753,0.240993
2025-07-07,777209,0.219048,
2025-07-07,777211,0.193142,0.197972
2025-07-07,777212,0.147042,0.176207
2025-07-08,777180,0.178653,0.217379
2025-07-08,777185,0.173437,0.139056
2025-07-08,777186,0.220811,0.249887
2025-07-08,777187,0.23684,0.227226
2025-07-08,777188,0.146201,0.201275
2025-07-08,777189,0.221908,0.197485
2025-07-08,777190,0.221314,0.231846
2025-07-08,777191,0.207941,0.144884
2025-07-08,777192,0.163552,0.20305
2025-07-08,777193,0.171484,0.181704
2025-07-08,777194,0.224543,0.163551
2025-07-08,777195,0.193454,0.22053
2025-07-08,777196,0.219331,
2025-07-08,777197,0.189028,0.240704
2025-07-08,777198,0.191062,0.244234
2025-07-09,777162,0.173053,0.139654
2025-07-09,777163,0.220001,0.249846
2025-07-09,777171,0.1784,0.218358
2025-07-09,777172,0.140476,0.209521
2025-07-09,777173,0.222162,0.239833
2025-07-09,777174,0.136457,0.207882
2025-07-09,777175,0.176104,0.181336
2025-07-09,777176,0.253043,0.280365
2025-07-09,777177,0.236994,0.164225
2025-07-09,777178,0.220623,0.184976
2025-07-09,777179,0.241303,0.252952
2025-07-09,777181,,
2025-07-09,777182,0.193356,0.197871
2025-07-09,777183,0.200243,0.240884
2025-07-09,777184,0.236098,0.228142
2025-07-10,777156,0.251106,0.282022
2025-07-10,777158,0.173389,0.140098
2025-07-10,777159,0.177425,0.250738
2025-07-10,777164,,
2025-07-10,777165,0.191425,0.266709
2025-07-10,777166,0.222189,0.211922
2025-07-10,777167,0.208347,0.144347
2025-07-10,777168,0.170829,0.239804
2025-07-10,777169,0.236492,0.258715
2025-07-10,777170,0.19232,0.207829
2025-07-10,777181,0.191425,0.244387
2025-07-11,777139,0.220406,0.139348
2025-07-11,777143,0.173299,0.247603
2025-07-11,777146,0.162759,0.200882
2025-07-11,777147,0.252691,0.144079
2025-07-11,777148,0.236896,0.240289
2025-07-11,777149,0.221268,0.181801
2025-07-11,777150,0.157216,0.217592
2025-07-11,777151,0.191222,0.164833
2025-07-11,777152,0.145666,0.282654
2025-07-11,777153,0.169763,0.226154
2025-07-11,777154,0.177979,0.202699
2025-07-11,777155,0.165575,0.165619
2025-07-11,777157,0.187369,0.243419
2025-07-11,777160,0.218895,0.240284
2025-07-11,777161,0.236243,0.196793
2025-07-11,777164,0.162759,0.210713
2025-07-12,777126,0.220548,0.139389
2025-07-12,777127,0.172832,0.247875
2025-07-12,777131,0.183597,0.216232
2025-07-12,777132,0.14029,0.22357
2025-07-12,777134,0.227947,0.241531
2025-07-12,777135,0.220603,0.18172
2025-07-12,777136,0.190932,0.164432
2025-07-12,777137,0.175473,0.202442
2025-07-12,777138,0.16317,0.174576
2025-07-12,777140,0.232469,0.240545
2025-07-12,777141,0.203768,0.243859
2025-07-12,777142,0.170227,0.209483
2025-07-12,777144,0.145734,0.23174
2025-07-12,777145,0.235998,0.1973
2025-07-13,777113,0.227444,0.2408
2025-07-13,777115,0.168054,0.215331
2025-07-13,777116,0.136085,0.223562
2025-07-13,777117,0.220448,0.139903
2025-07-13,777118,0.216106,0.151683
2025-07-13,777119,0.17652,0.250206
2025-07-13,777120,0.164098,0.199905
2025-07-13,777121,0.235515,0.221045
2025-07-13,777122,0.227314,0.20903
2025-07-13,777123,0.194508,0.187507
2025-07-13,777124,0.233612,0.16482
2025-07-13,777125,0.178975,0.201893
2025-07-13,777128,0.243902,0.238872
2025-07-13,777129,0.198328,0.243613
2025-07-13,777130,0.156043,0.199476
2025-07-18,777098,0.235427,0.179859
2025-07-18,777099,0.202732,0.235414
2025-07-18,777100,0.151088,0.17044
2025-07-18,777101,0.196857,0.227997
2025-07-18,777102,0.229819,0.229679
2025-07-18,777103,0.197009,0.17402
2025-07-18,777105,0.223017,0.190032
2025-07-18,777106,0.215134,0.22108
2025-07-18,777107,0.201432,0.237646
2025-07-18,777108,0.248504,0.149166
2025-07-18,777109,0.164478,0.186143
2025-07-18,777110,0.243702,0.164284
2025-07-18,777111,0.237207,0.211025
2025-07-18,777112,0.139536,0.209905
2025-07-18,777114,0.214596,0.217396
2025-07-19,777080,0.239647,0.218903
2025-07-19,777081,0.151471,0.170603
2025-07-19,777085,0.197403,0.200703
2025-07-19,777086,0.172234,0.23612
2025-07-19,777088,0.198103,0.179903
2025-07-19,777089,0.215801,0.221504
2025-07-19,777090,0.173451,0.236623
2025-07-19,777091,0.139193,0.210952
2025-07-19,777092,0.238077,0.19204
2025-07-19,777093,0.165006,0.185548
2025-07-19,777094,0.219038,0.148236
2025-07-19,777095,0.243983,0.163879
2025-07-19,777096,0.218042,0.22772
2025-07-19,777097,0.209644,0.217151
2025-07-19,777104,0.221454,0.204358
2025-07-20,777067,0.209552,0.236016
2025-07-20,777070,0.206581,0.205177
2025-07-20,777071,0.151954,0.167984
2025-07-20,777072,0.212759,0.280193
2025-07-20,777073,0.241818,0.193879
2025-07-20,777074,0.197802,0.226131
2025-07-20,777075,0.229367,0.169851
2025-07-20,777076,0.242444,0.134917
2025-07-20,777077,0.139627,0.210774
2025-07-20,777078,0.217354,0.221363
2025-07-20,777079,0.200388,0.140749
2025-07-20,777082,0.165063,0.167573
2025-07-20,777083,0.229404,0.217619
2025-07-20,777084,0.221461,0.190573
2025-07-20,777087,0.23758,0.193245
2025-07-21,777050,0.20467,0.236227
2025-07-21,777051,0.239404,0.176839
2025-07-21,777053,0.196528,0.270998
2025-07-21,777055,0.20963,0.183244
2025-07-21,777057,0.221963,
2025-07-21,777059,0.172987,0.157263
2025-07-21,777060,0.221637,0.225899
2025-07-21,777061,0.216364,0.193471
2025-07-21,777062,0.140057,0.184266
2025-07-21,777063,0.199787,0.222135
2025-07-21,777064,0.237734,0.222017
2025-07-21,777065,0.164889,0.169882
2025-07-21,777066,0.246533,0.140472
2025-07-21,777068,0.241532,0.138981
2025-07-21,777069,0.200908,0.217041
2025-07-22,777035,0.204223,0.236292
2025-07-22,777039,0.228414,0.176969
2025-07-22,777040,0.233229,0.183301
2025-07-22,777042,0.235772,0.221506
2025-07-22,777043,0.220228,0.180334
2025-07-22,777044,0.197391,0.206859
2025-07-22,777045,0.21788,0.221915
2025-07-22,777046,0.213363,0.148706
2025-07-22,777047,0.166709,0.170137
2025-07-22,777048,0.17393,0.157911
2025-07-22,777049,0.153885,0.219673
2025-07-22,777052,0.140484,0.183708
2025-07-22,777054,0.21688,0.192966
2025-07-22,777056,0.241778,0.138394
2025-07-22,777058,0.200433,0.216727
2025-07-23,777022,0.240184,0.205751
2025-07-23,777024,0.206614,0.236212
2025-07-23,777026,0.224044,0.222369
2025-07-23,777027,0.213179,0.212864
2025-07-23,777028,0.15271,0.220184
2025-07-23,777029,0.214395,0.226023
2025-07-23,777030,0.174192,0.157845
2025-07-23,777031,0.161037,0.256933
2025-07-23,777032,0.251903,0.182922
2025-07-23,777033,0.221265,
2025-07-23,777034,0.217431,0.193171
2025-07-23,777036,0.240802,0.13768
2025-07-23,777037,0.140979,0.183645
2025-07-23,777038,0.249548,0.222036
2025-07-23,777041,0.250447,0.187656
2025-07-24,777018,0.236986,0.217561
2025-07-24,777019,0.240322,0.137836
2025-07-24,777021,0.147696,0.229349
2025-07-24,777023,0.140708,0.151784
2025-07-24,777025,0.274151,0.22013
2025-07-25,777004,0.193059,0.250865
2025-07-25,777005,0.140675,0.15136
2025-07-25,777006,0.237124,0.216278
2025-07-25,777007,,0.20972
2025-07-25,777008,0.195741,0.207263
2025-07-25,777009,0.218023,0.177361
2025-07-25,777010,,
2025-07-25,777011,0.211305,0.230818
2025-07-25,777012,0.201321,0.214275
2025-07-25,777013,0.157337,0.235302
2025-07-25,777014,0.171569,0.226248
2025-07-25,777015,0.22165,0.212379
2025-07-25,777016,0.147894,0.222463
2025-07-25,777017,0.227703,0.195951
2025-07-25,777020,0.219673,0.260366
2025-07-26,776985,0.193686,0.25053
2025-07-26,776990,0.136972,0.164904
2025-07-26,776991,0.277996,0.234103
2025-07-26,776992,0.140478,0.151475
2025-07-26,776993,0.219355,0.179296
2025-07-26,776994,0.227008,0.179864
2025-07-26,776995,0.237198,0.217405
2025-07-26,776996,0.169381,0.182265
2025-07-26,776997,0.212269,0.226728
2025-07-26,776998,0.231508,0.224295
2025-07-26,776999,0.224566,0.238779
2025-07-26,777000,0.209424,0.234698
2025-07-26,777001,0.22142,0.20506
2025-07-26,777002,0.182325,0.225744
2025-07-26,777003,0.21226,0.241429
2025-07-26,777010,0.136972,0.164904
2025-07-27,776974,0.19373,0.199608
2025-07-27,776975,0.136965,0.164893
2025-07-27,776976,0.218451,0.221466
2025-07-27,776977,0.236965,0.217191
2025-07-27,776978,0.196915,0.198467
2025-07-27,776979,0.212645,0.213434
2025-07-27,776980,0.139766,0.151631
2025-07-27,776981,0.217987,0.178715
2025-07-27,776982,0.158098,0.233118
2025-07-27,776983,0.206832,0.211173
2025-07-27,776984,0.170676,0.208735
2025-07-27,776986,0.219274,0.243568
2025-07-27,776987,0.147997,0.204007
2025-07-27,776988,0.221118,0.204419
2025-07-27,776989,0.227572,0.17388
2025-07-28,776957,0.258463,0.278263
2025-07-28,776958,0.179148,0.217685
2025-07-28,776959,0.194042,0.139434
2025-07-28,776960,0.19656,0.151437
2025-07-28,776961,0.209467,0.2124
2025-07-28,776964,0.215022,0.249689
2025-07-28,776965,0.228743,0.181968
2025-07-28,776966,0.147532,0.237207
2025-07-28,776967,0.206797,0.23336
2025-07-28,776968,0.220682,0.138157
2025-07-28,776969,0.178169,0.229582
2025-07-28,776970,0.158385,0.223556
2025-07-28,776971,0.21783,0.16485
2025-07-28,776972,0.221184,0.195185
2025-07-28,776973,0.170968,0.219951
2025-07-29,776943,0.22554,0.248822
2025-07-29,776944,0.237686,0.276845
2025-07-29,776945,0.195485,0.219865
2025-07-29,776946,0.195532,0.16506
2025-07-29,776947,0.195861,0.139407
2025-07-29,776949,0.198099,0.232297
2025-07-29,776950,0.214199,0.250067
2025-07-29,776951,0.224322,0.161248
2025-07-29,776952,0.221635,0.193848
2025-07-29,776953,0.170646,0.204935
2025-07-29,776954,0.209255,0.211764
2025-07-29,776955,0.21661,0.164369
2025-07-29,776956,0.228526,0.181827
2025-07-29,776962,0.142659,0.268567
2025-07-29,776963,0.178435,0.259447
2025-07-29,778372,0.190026,0.242053
2025-07-30,776929,0.227975,0.193898
2025-07-30,776930,0.238278,0.276913
2025-07-30,776931,0.228364,0.13952
2025-07-30,776932,0.178372,0.220013
2025-07-30,776933,0.225606,0.248501
2025-07-30,776934,0.194563,0.15182
2025-07-30,776935,0.214356,0.21052
2025-07-30,776936,0.220758,0.153442
2025-07-30,776937,0.214931,0.198157
2025-07-30,776938,0.16511,0.20471
2025-07-30,776939,0.221332,0.177074
2025-07-30,776940,0.170607,0.204444
2025-07-30,776941,0.179764,0.258708
2025-07-30,776942,0.22396,0.138115
2025-07-30,776948,0.190442,0.236386
2025-07-31,776923,0.178959,0.259285
2025-07-31,776927,0.16416,0.20097
2025-07-31,776928,0.220196,0.27108
2025-08-01,776906,0.151929,0.139493
2025-08-01,776908,0.180017,0.25865
2025-08-01,776913,0.222316,0.220785
2025-08-01,776914,0.170206,0.278629
2025-08-01,776915,0.235804,0.169723
2025-08-01,776916,0.192701,0.216208
2025-08-01,776917,0.231123,0.271754
2025-08-01,776918,0.180335,0.19121
2025-08-01,776919,0.226694,0.223766
2025-08-01,776920,0.164705,0.197231
2025-08-01,776921,0.219598,0.259015
2025-08-01,776922,0.192112,0.207801
2025-08-01,776924,0.195369,0.160076
2025-08-01,776925,0.220407,0.205492
2025-08-01,776926,0.249356,0.196556
2025-08-02,776896,0.152121,0.13924
2025-08-02,776897,0.179953,0.259218
2025-08-02,776898,0.202239,0.216651
2025-08-02,776899,0.169446,0.276342
2025-08-02,776900,0.164918,0.180039
2025-08-02,776901,0.178947,0.19123
2025-08-02,776902,0.235343,0.228125
2025-08-02,776903,0.181836,0.214578
2025-08-02,776904,0.243864,0.278733
2025-08-02,776905,0.211331,0.159689
2025-08-02,776907,0.22106,0.234262
2025-08-02,776909,0.19555,0.216246
2025-08-02,776910,0.218709,0.216096
2025-08-02,776911,0.250371,0.196285
2025-08-02,776912,0.203657,0.221468
2025-08-03,776881,0.205939,0.265158
2025-08-03,776883,0.179322,0.26045
2025-08-03,776884,0.165517,0.138917
2025-08-03,776885,0.202427,0.22106
2025-08-03,776886,0.207257,0.218594
2025-08-03,776887,0.250757,0.196298
2025-08-03,776888,0.235404,0.228595
2025-08-03,776889,0.179741,0.204133
2025-08-03,776890,0.221213,0.222139
2025-08-03,776891,0.201392,0.218102
2025-08-03,776892,0.234474,0.159044
2025-08-03,776893,0.164708,0.196027
2025-08-03,776894,0.197318,0.214803
2025-08-03,776895,0.191243,0.217413
2025-08-03,776907,,
2025-08-04,776867,0.175105,0.220862
2025-08-04,776870,0.150981,0.179199
2025-08-04,776871,0.189756,0.180568
2025-08-04,776872,0.140096,0.221325
2025-08-04,776873,0.139606,0.168322
2025-08-04,776874,0.235428,0.203701
2025-08-04,776875,0.191594,0.219574
2025-08-04,776876,0.139519,0.196201
2025-08-04,776877,0.235362,0.221962
2025-08-04,776878,0.233981,0.170515
2025-08-04,776879,0.250184,0.199978
2025-08-04,776880,0.164872,0.224345
2025-08-04,776882,0.197205,0.189969
2025-08-05,776848,0.165135,0.221302
2025-08-05,776852,0.140233,0.167997
2025-08-05,776854,0.138888,0.221768
2025-08-05,776855,0.234808,0.179419
2025-08-05,776857,0.202002,0.260417
2025-08-05,776858,0.150776,0.180063
2025-08-05,776860,0.23525,0.218842
2025-08-05,776861,0.234832,0.217389
2025-08-05,776862,0.190716,0.218823
2025-08-05,776863,0.15898,0.18954
2025-08-05,776864,0.165341,0.212657
2025-08-05,776865,0.265624,0.215348
2025-08-05,776866,0.249949,0.219362
2025-08-05,776868,0.23628,0.221952
2025-08-05,776869,0.173918,0.189279
2025-08-06,776836,0.179016,0.217743
2025-08-06,776838,0.167123,0.168753
2025-08-06,776839,0.152059,0.181344
2025-08-06,776841,0.202993,0.26023
2025-08-06,776843,0.150079,0.22304
2025-08-06,776844,0.24969,0.244145
2025-08-06,776845,0.234786,0.181646
2025-08-06,776846,0.138786,0.201266
2025-08-06,776847,0.218411,0.178907
2025-08-06,776849,0.1936,0.220392
2025-08-06,776850,0.26265,0.270626
2025-08-06,776851,0.236149,0.222066
2025-08-06,776853,0.193012,0.212203
2025-08-06,776856,0.18686,0.227683
2025-08-06,776859,0.257933,0.204268
2025-08-07,776830,0.203022,0.260035
2025-08-07,776837,0.263836,0.269466
2025-08-07,776840,0.235993,0.20675
2025-08-07,776842,0.21941,0.190807
2025-08-08,776820,0.205447,0.140376
2025-08-08,776821,0.22236,0.183344
2025-08-08,776822,0.247008,0.249242
2025-08-08,776823,0.178888,0.17915
2025-08-08,776824,0.187824,0.26014
2025-08-08,776825,0.221084,0.168745
2025-08-08,776826,0.229117,0.19442
2025-08-08,776827,0.186753,0.254366
2025-08-08,776828,0.201428,0.192156
2025-08-08,776829,0.236612,0.21993
2025-08-08,776831,0.276902,0.234949
2025-08-08,776832,0.223965,0.204113
2025-08-08,776833,0.159325,0.203315
2025-08-08,776834,0.218791,0.18968
2025-08-08,776835,0.190297,0.235253
2025-08-09,776802,0.269577,0.24887
2025-08-09,776805,0.227233,0.259521
2025-08-09,776807,0.204796,0.140817
2025-08-09,776808,0.179194,0.179025
2025-08-09,776809,0.22075,0.169033
2025-08-09,776810,0.222147,0.184985
2025-08-09,776811,0.267041,0.236256
2025-08-09,776812,0.237963,0.221003
2025-08-09,776813,0.224344,0.218063
2025-08-09,776814,0.160354,0.231167
2025-08-09,776815,0.190044,0.209884
2025-08-09,776816,0.153804,0.141442
2025-08-09,776817,0.189903,0.193152
2025-08-09,776818,0.228858,0.179789
2025-08-09,776819,0.217848,0.189319
2025-08-09,778431,0.217848,0.189319
2025-08-10,776788,0.138762,0.181267
2025-08-10,776789,0.205799,0.140847
2025-08-10,776791,0.168306,0.259553
2025-08-10,776793,0.226042,0.248256
2025-08-10,776794,0.268571,0.168542
2025-08-10,776795,0.228424,0.209751
2025-08-10,776796,0.179474,0.199275
2025-08-10,776797,0.169421,0.233327
2025-08-10,776798,0.160361,0.202964
2025-08-10,776799,0.199987,0.177013
2025-08-10,776800,0.223218,0.179564
2025-08-10,776801,0.225821,0.220364
2025-08-10,776803,0.245458,0.212542
2025-08-10,776804,0.265329,0.23513
2025-08-10,776806,0.224413,0.205679
2025-08-11,776779,0.179118,0.224038
2025-08-11,776780,0.140878,0.248837
2025-08-11,776781,0.208457,0.202486
2025-08-11,776782,0.207605,0.1699
2025-08-11,776783,0.2202,0.182289
2025-08-11,776784,0.268695,0.18591
2025-08-11,776785,0.16872,0.179732
2025-08-11,776786,0.245568,0.208123
2025-08-11,776787,0.194279,0.275075
2025-08-11,776790,0.227971,0.208535
2025-08-11,776792,0.22328,0.221041
2025-08-12,776762,0.193289,0.264543
2025-08-12,776763,0.179115,0.223307
2025-08-12,776764,0.16818,0.17952
2025-08-12,776767,0.14055,0.23887
2025-08-12,776768,0.228874,0.138663
2025-08-12,776769,0.208599,0.170053
2025-08-12,776770,0.226079,0.153272
2025-08-12,776771,0.2062,0.191591
2025-08-12,776772,0.190729,0.199419
2025-08-12,776773,0.206848,0.236966
2025-08-12,776774,0.214295,0.208993
2025-08-12,776775,0.220759,0.196568
2025-08-12,776776,0.259656,0.234927
2025-08-12,776777,0.223073,0.22088
2025-08-12,776778,0.167908,0.161071
2025-08-13,776746,0.1683,0.179158
2025-08-13,776749,0.140167,0.239217
2025-08-13,776751,0.167566,0.242405
2025-08-13,776752,0.178666,0.223084
2025-08-13,776753,0.207143,0.190457
2025-08-13,776754,0.207221,0.247871
2025-08-13,776755,0.187127,0.190833
2025-08-13,776756,0.212124,0.198583
2025-08-13,776757,0.22839,0.137787
2025-08-13,776758,0.218699,0.16882
2025-08-13,776759,0.214345,0.185322
2025-08-13,776760,0.191638,0.208604
2025-08-13,776761,0.259331,0.235166
2025-08-13,776765,0.223453,0.22005
2025-08-13,776766,0.216257,0.160448
2025-08-14,776742,0.168131,0.221859
2025-08-14,776743,0.224435,0.241507
2025-08-14,776744,0.207706,0.212445
2025-08-14,776745,0.214641,0.139478
2025-08-14,776747,0.219698,0.180718
2025-08-14,776748,0.189771,0.198565
2025-08-14,776750,0.218618,0.234435
2025-08-15,776727,0.139559,0.180821
2025-08-15,776728,0.246319,0.184593
2025-08-15,776729,0.167649,0.249287
2025-08-15,776730,0.167314,0.21756
2025-08-15,776731,0.232867,0.170427
2025-08-15,776732,0.206798,0.236195
2025-08-15,776733,0.233562,0.193002
2025-08-15,776734,0.224406,0.266632
2025-08-15,776735,0.203362,0.137929
2025-08-15,776736,0.25828,0.198462
2025-08-15,776737,0.188627,0.228001
2025-08-15,776738,0.216086,0.160324
2025-08-15,776739,0.224704,0.225589
2025-08-15,776740,0.171152,0.2205
2025-08-15,776741,0.213292,0.210213
2025-08-16,776711,0.167158,0.250573
2025-08-16,776712,0.237081,0.18493
2025-08-16,776713,0.234103,0.170651
2025-08-16,776715,0.166954,0.268933
2025-08-16,776716,0.206247,0.222404
2025-08-16,776717,0.139602,0.181492
2025-08-16,776718,0.224437,0.265669
2025-08-16,776719,0.235113,0.228541
2025-08-16,776720,0.216241,0.139518
2025-08-16,776721,0.170313,0.221491
2025-08-16,776722,0.232895,0.170743
2025-08-16,776723,0.211429,0.20935
2025-08-16,776724,0.178503,0.211187
2025-08-16,776725,0.223977,0.226037
2025-08-16,776726,0.258094,0.198483
2025-08-17,776697,0.139707,0.180821
2025-08-17,776698,0.233636,0.171345
2025-08-17,776699,0.223571,0.263402
2025-08-17,776700,0.232415,0.197634
2025-08-17,776701,0.205002,0.218254
2025-08-17,776702,0.238819,0.18546
2025-08-17,776703,0.168082,0.199414
2025-08-17,776704,0.192163,0.228677
2025-08-17,776705,0.234055,0.16996
2025-08-17,776706,0.216245,0.160559
2025-08-17,776707,0.25863,0.198094
2025-08-17,776708,0.224079,0.221856
2025-08-17,776709,0.183277,0.221036
2025-08-17,776710,0.204677,0.195011
2025-08-17,776714,0.164945,0.258866
2025-08-18,776681,0.225279,0.223991
2025-08-18,776682,0.160893,0.166781
2025-08-18,776683,0.251692,0.140647
2025-08-18,776688,0.18268,0.174756
2025-08-18,776689,0.258661,0.223355
2025-08-18,776690,0.20432,0.18536
2025-08-18,776692,0.170299,0.205657
2025-08-18,776693,0.208733,0.216365
2025-08-18,776694,0.19528,0.21976
2025-08-18,776695,0.232522,0.257038
2025-08-18,776696,0.234112,0.216687
2025-08-18,777459,0.158972,0.228454
2025-08-19,776667,0.199688,0.140973
2025-08-19,776668,0.225068,0.223988
2025-08-19,776671,0.181321,0.216075
2025-08-19,776672,0.139233,0.167019
2025-08-19,776674,0.263139,0.228389
2025-08-19,776675,0.204483,0.185308
2025-08-19,776676,0.141392,0.258609
2025-08-19,776677,0.207507,0.151649
2025-08-19,776678,0.198118,0.268081
2025-08-19,776679,0.202853,0.193301
2025-08-19,776680,0.259334,0.230427
2025-08-19,776684,0.283251,0.210557
2025-08-19,776685,0.170777,0.20536
2025-08-19,776686,0.182427,0.17312
2025-08-19,776687,0.21825,0.217174
2025-08-19,776691,0.141392,0.258609
2025-08-20,776652,0.233356,0.231306
2025-08-20,776656,0.252371,0.140375
2025-08-20,776658,0.160564,0.167054
2025-08-20,776659,0.198373,0.226586
2025-08-20,776660,0.205707,0.220786
2025-08-20,776661,0.202552,0.191285
2025-08-20,776662,0.259438,0.222554
2025-08-20,776663,0.190877,0.258386
2025-08-20,776664,0.233579,0.166932
2025-08-20,776665,0.262239,0.217559
2025-08-20,776666,0.19458,0.184901
2025-08-20,776669,0.215302,0.215687
2025-08-20,776670,0.181781,0.179117
2025-08-20,776673,0.171059,0.21473
2025-08-21,776631,0.181781,0.169438
2025-08-21,776642,0.200517,0.140128
2025-08-21,776644,0.162194,0.220539
2025-08-21,776650,0.190562,0.26902
2025-08-21,776651,0.19087,0.227726
2025-08-21,776653,0.272422,0.217028
2025-08-21,776654,0.208097,0.207643
2025-08-21,776655,0.170594,0.253362
2025-08-21,776657,0.193648,0.154174
2025-08-22,776633,0.223916,0.187878
2025-08-22,776634,0.25152,0.208068
2025-08-22,776635,0.225042,0.166702
2025-08-22,776636,0.180767,0.139538
2025-08-22,776637,0.217165,0.206373
2025-08-22,776638,0.261139,0.259968
2025-08-22,776639,0.200857,0.215529
2025-08-22,776640,0.168864,0.223763
2025-08-22,776641,0.160232,0.203857
2025-08-22,776643,0.170566,0.243968
2025-08-22,776645,0.190966,0.21601
2025-08-22,776646,0.202573,0.183708
2025-08-22,776647,0.218668,0.232554
2025-08-22,776648,0.227241,0.221394
2025-08-22,776649,0.184636,0.20548
2025-08-23,776617,0.181164,0.139029
2025-08-23,776618,0.228164,0.223528
2025-08-23,776619,0.198326,0.239282
2025-08-23,776620,0.262063,0.259799
2025-08-23,776621,0.20321,0.190417
2025-08-23,776622,0.233207,0.166861
2025-08-23,776623,0.160096,0.218936
2025-08-23,776625,0.183931,0.205741
2025-08-23,776626,0.20148,0.216193
2025-08-23,776627,0.209484,0.20809
2025-08-23,776628,0.226751,0.222288
2025-08-23,776629,0.170536,0.235766
2025-08-23,776630,0.201541,0.190058
2025-08-23,776632,0.166902,0.223108
2025-08-24,776602,0.261223,0.259974
2025-08-24,776603,0.17651,0.138856
2025-08-24,776605,0.22797,0.260678
2025-08-24,776606,0.181747,0.152587
2025-08-24,776607,0.215811,0.215343
2025-08-24,776608,0.20171,0.144252
2025-08-24,776609,0.233031,0.167923
2025-08-24,776610,0.216688,0.198076
2025-08-24,776611,0.160722,0.203469
2025-08-24,776612,0.170098,0.247677
2025-08-24,776613,0.277664,0.221784
2025-08-24,776614,0.15519,0.193616
2025-08-24,776615,0.183594,0.233531
2025-08-24,776616,0.221294,0.233429
2025-08-24,776624,0.200947,0.216078
2025-08-25,776589,0.195294,0.170115
2025-08-25,776590,0.20602,0.191227
2025-08-25,776592,0.252619,0.204122
2025-08-25,776593,0.168922,0.207377
2025-08-25,776594,0.231733,0.176274
2025-08-25,776595,0.13863,0.259512
2025-08-25,776596,0.215285,0.147549
2025-08-25,776597,0.218134,0.2333
2025-08-25,776598,0.221268,0.189651
2025-08-25,776599,0.183461,0.165564
2025-08-25,776600,0.215997,0.19416
2025-08-25,776601,0.168888,0.139788
2025-08-25,776604,0.210994,0.224931
2025-08-26,776573,0.206098,0.263368
2025-08-26,776574,0.251987,0.175976
2025-08-26,776575,0.262046,0.21882
2025-08-26,776576,0.227858,0.251161
2025-08-26,776577,0.139214,0.259601
2025-08-26,776578,0.223504,0.180568
2025-08-26,776581,0.216669,0.190918
2025-08-26,776582,0.166371,0.148271
2025-08-26,776583,0.153244,0.21345
2025-08-26,776584,0.150692,0.160765
2025-08-26,776585,0.221369,0.190159
2025-08-26,776586,0.168898,0.207627
2025-08-26,776587,0.217349,0.170838
2025-08-26,776588,0.219226,0.208417
2025-08-26,776591,0.21173,0.231205
2025-08-27,776557,0.168701,0.251386
2025-08-27,776559,0.207086,0.263608
2025-08-27,776561,0.217071,0.259627
2025-08-27,776562,0.234756,0.206859
2025-08-27,776563,0.262344,0.204093
2025-08-27,776565,0.216529,0.173929
2025-08-27,776566,0.221876,0.200887
2025-08-27,776567,0.262834,0.192338
2025-08-27,776568,0.223923,0.180887
2025-08-27,776569,0.182815,0.213247
2025-08-27,776570,0.278472,0.232588
2025-08-27,776571,0.214988,0.165084
2025-08-27,776572,0.210979,0.160304
2025-08-27,776579,0.231261,0.232358
2025-08-27,776580,0.167772,0.185745
2025-08-28,776550,0.220021,0.250624
2025-08-28,776553,0.169885,0.142001
2025-08-28,776554,0.217885,0.180255
2025-08-28,776555,0.197839,0.171198
2025-08-28,776556,0.232398,0.211864
2025-08-28,776558,0.176479,0.20078
2025-08-28,776560,0.215421,0.221981
2025-08-28,776564,0.232249,0.228779
2025-08-29,776533,0.228027,0.196225
2025-08-29,776534,0.16999,0.175399
2025-08-29,776538,0.216709,0.263714
2025-08-29,776540,0.207224,0.182875
2025-08-29,776541,0.139155,0.198377
2025-08-29,776542,0.22838,0.268354
2025-08-29,776543,0.262838,0.163364
2025-08-29,776544,0.206664,0.172646
2025-08-29,776545,0.15212,0.227691
2025-08-29,776546,0.206573,0.193095
2025-08-29,776547,0.259043,0.161709
2025-08-29,776548,0.186947,0.200578
2025-08-29,776549,0.223608,0.21369
2025-08-29,776551,0.223234,0.235618
2025-08-29,776552,0.215111,0.221391
2025-08-30,776516,0.235236,0.250394
2025-08-30,776523,0.170237,0.180665
2025-08-30,776524,0.216927,0.252351
2025-08-30,776525,0.169338,0.271101
2025-08-30,776526,0.227292,0.218494
2025-08-30,776527,0.212249,0.193805
2025-08-30,776528,0.20664,0.182363
2025-08-30,776529,0.234622,0.219252
2025-08-30,776530,0.139415,0.203569
2025-08-30,776531,0.265139,0.162553
2025-08-30,776532,0.214506,0.220644
2025-08-30,776535,0.166711,0.200091
2025-08-30,776536,0.193863,0.235702
2025-08-30,776537,0.258467,0.161964
2025-08-30,776539,0.223544,0.212508
2025-08-31,776507,0.233795,0.250628
2025-08-31,776508,0.215706,0.199807
2025-08-31,776509,0.169845,0.174778
2025-08-31,776510,0.265053,0.162179
2025-08-31,776511,0.226503,0.216325
2025-08-31,776512,0.206261,0.153218
2025-08-31,776513,0.139706,0.249186
2025-08-31,776514,0.207309,0.219349
2025-08-31,776515,0.212639,0.193602
2025-08-31,776517,0.214646,0.214522
2025-08-31,776518,0.221595,0.234421
2025-08-31,776519,0.18928,0.197444
2025-08-31,776520,0.188578,0.278486
2025-08-31,776521,0.258444,0.16224
2025-08-31,776522,0.214884,0.220957
2025-09-01,776492,0.250031,0.216983
2025-09-01,776494,0.23616,0.128806
2025-09-01,776495,0.215302,0.169882
2025-09-01,776497,0.19917,0.221582
2025-09-01,776498,0.186315,0.227933
2025-09-01,776499,0.270011,0.162268
2025-09-01,776500,0.221274,0.198157
2025-09-01,776501,0.199989,0.216206
2025-09-01,776502,0.221325,0.25983
2025-09-01,776503,0.19343,0.234563
2025-09-01,776504,0.258351,0.170674
2025-09-01,776505,0.162812,0.23389
2025-09-01,776506,0.215338,0.227215
2025-09-02,776480,0.237979,0.140453
2025-09-02,776481,0.216648,0.169532
2025-09-02,776482,0.189453,0.228544
2025-09-02,776483,0.210077,0.221199
2025-09-02,776484,0.218999,0.213183
2025-09-02,776485,0.258319,0.170372
2025-09-02,776486,0.241217,0.217178
2025-09-02,776487,0.214914,0.168761
2025-09-02,776488,0.225435,0.153286
2025-09-02,776489,0.207623,0.171431
2025-09-02,776490,0.200245,0.206315
2025-09-02,776491,0.150366,0.235364
2025-09-02,776493,0.141389,0.214413
2025-09-02,776496,0.174762,0.223114
2025-09-03,776465,0.239955,0.140544
2025-09-03,776466,0.252525,0.181482
2025-09-03,776467,0.249999,0.22253
2025-09-03,776468,0.215942,0.16892
2025-09-03,776469,0.242186,0.203447
2025-09-03,776470,0.203951,0.192448
2025-09-03,776471,0.221715,0.197849
2025-09-03,776472,0.208287,0.162382
2025-09-03,776473,0.215054,0.20562
2025-09-03,776474,0.142041,0.22185
2025-09-03,776475,0.193271,0.23488
2025-09-03,776476,0.258414,0.169805
2025-09-03,776477,0.193006,0.217387
2025-09-03,776478,0.200241,0.207081
2025-09-03,776479,0.179943,0.222342
2025-09-04,776458,0.162796,0.150748
2025-09-04,776459,0.221951,0.210438
2025-09-04,776461,0.17422,0.222491
2025-09-04,776462,0.20515,0.181476
2025-09-04,776463,0.263637,0.182091
2025-09-04,776464,0.234849,0.161932
2025-09-05,776442,0.183035,0.217144
2025-09-05,776444,0.263017,0.264378
2025-09-05,776445,0.250054,0.247892
2025-09-05,776446,0.200078,0.181716
2025-09-05,776448,0.217089,0.169616
2025-09-05,776449,0.16197,0.17105
2025-09-05,776450,0.199541,0.235525
2025-09-05,776451,0.141808,0.206706
2025-09-05,776452,0.210782,0.20711
2025-09-05,776453,0.210591,0.221784
2025-09-05,776454,0.174427,0.23349
2025-09-05,776455,0.228152,0.255686
2025-09-05,776456,0.221749,0.195235
2025-09-05,776457,0.193183,0.234503
2025-09-05,776460,0.258653,0.184154
2025-09-06,776424,0.165535,0.169707
2025-09-06,776430,0.263259,0.266281
2025-09-06,776431,0.141008,0.216893
2025-09-06,776432,0.162488,0.215355
2025-09-06,776433,0.214824,0.195206
2025-09-06,776434,0.198944,0.175462
2025-09-06,776435,0.175709,0.213772
2025-09-06,776436,0.193187,0.233339
2025-09-06,776437,0.204418,0.247288
2025-09-06,776438,,0.170223
2025-09-06,776439,0.196125,0.236192
2025-09-06,776440,,0.255172
2025-09-06,776441,0.179737,0.221562
2025-09-06,776443,0.205853,0.23055
2025-09-06,776447,0.258895,0.184098
2025-09-07,776414,0.297397,0.266281
2025-09-07,776415,0.165069,0.169101
2025-09-07,776416,0.249473,0.247832
2025-09-07,776417,0.141222,0.217083
2025-09-07,776418,0.163889,0.199684
2025-09-07,776419,0.206991,0.221995
2025-09-07,776420,0.279423,0.19735
2025-09-07,776421,,0.150516
2025-09-07,776422,0.25258,0.175279
2025-09-07,776423,0.21082,0.208239
2025-09-07,776425,0.218643,0.233821
2025-09-07,776426,0.221581,0.193102
2025-09-07,776427,0.174285,0.227297
2025-09-07,776428,0.258526,0.183437
2025-09-07,776429,0.199299,0.237267
2025-09-08,776399,0.169092,0.249762
2025-09-08,776400,0.1765,0.257951
2025-09-08,776405,0.1997,0.244305
2025-09-08,776406,0.198315,0.19708
2025-09-08,776407,0.237324,0.140869
2025-09-08,776408,0.216555,0.174168
2025-09-08,776409,0.228357,0.195111
2025-09-08,776410,0.216415,0.262787
2025-09-08,776411,0.207242,0.264581
2025-09-08,776412,0.255092,0.183096
2025-09-08,776413,0.174836,0.164322
2025-09-09,776388,0.170031,0.218019
2025-09-09,776389,0.21808,0.174094
2025-09-09,776390,0.21624,0.263485
2025-09-09,776391,0.176252,0.257921
2025-09-09,776392,,0.184438
2025-09-09,776393,0.167748,0.151035
2025-09-09,776394,0.169626,0.24992
2025-09-09,776395,0.212111,0.216102
2025-09-09,776396,0.224347,0.262637
2025-09-09,776397,0.228082,0.191826
2025-09-09,776398,0.207748,0.208566
2025-09-09,776401,0.221407,0.234108
2025-09-09,776402,0.255354,0.183363
2025-09-09,776403,0.15286,0.141292
2025-09-09,776404,0.19985,0.242988
2025-09-10,776373,0.175937,0.257296
2025-09-10,776374,0.169596,0.250196
2025-09-10,776375,0.212043,0.216762
2025-09-10,776376,0.2158,0.263347
2025-09-10,776377,0.238591,0.140921
2025-09-10,776378,0.170404,0.220169
2025-09-10,776379,0.202816,0.18858
2025-09-10,776380,0.234956,0.20549
2025-09-10,776381,0.196764,0.217277
2025-09-10,776382,0.152905,
2025-09-10,776383,0.211394,0.208489
2025-09-10,776384,0.211088,0.243247
2025-09-10,776385,0.16714,0.151566
2025-09-10,776386,0.226993,0.179246
2025-09-10,776387,0.221567,0.23439
2025-09-11,776362,0.263092,0.257396
2025-09-11,776364,0.188794,0.183825
2025-09-11,776365,0.219221,0.141582
2025-09-11,776367,0.256136,0.188535
2025-09-11,776368,0.233858,0.222796
2025-09-11,776369,0.167161,0.151392
2025-09-11,776370,0.181458,
2025-09-11,776371,0.200601,0.243441
2025-09-11,776372,0.232647,0.232278
2025-09-12,776345,0.284479,0.256969
2025-09-12,776350,0.173681,0.250753
2025-09-12,776351,0.221928,0.228065
2025-09-12,776352,0.179575,0.227301
2025-09-12,776353,0.234572,0.210174
2025-09-12,776354,0.180979,0.243626
2025-09-12,776355,0.151478,0.216306
2025-09-12,776356,0.153719,0.179882
2025-09-12,776357,0.236057,0.141981
2025-09-12,776358,0.225678,0.266702
2025-09-12,776359,0.217309,0.201245
2025-09-12,776360,0.167147,0.21691
2025-09-12,776361,0.217564,0.140881
2025-09-12,776363,0.234547,0.215719
2025-09-12,776366,0.22492,0.187407
2025-09-13,776328,0.173568,0.251306
2025-09-13,776333,0.263674,0.256422
2025-09-13,776336,0.232733,0.227889
2025-09-13,776337,0.168945,0.215889
2025-09-13,776338,0.170049,0.228166
2025-09-13,776339,0.153109,0.179359
2025-09-13,776340,0.239254,0.266549
2025-09-13,776341,0.21924,0.142992
2025-09-13,776342,0.180695,0.24406
2025-09-13,776343,0.242228,0.1518
2025-09-13,776344,0.234413,0.222938
2025-09-13,776346,0.168747,0.216267
2025-09-13,776347,0.224373,0.187091
2025-09-13,776348,0.182477,0.16324
2025-09-13,776349,0.216652,0.200896
2025-09-14,776317,0.265702,0.256398
2025-09-14,776320,0.221758,0.279734
2025-09-14,776321,0.203768,0.197255
2025-09-14,776322,0.238356,0.20967
2025-09-14,776323,0.221191,0.220134
2025-09-14,776324,0.169142,0.222905
2025-09-14,776325,0.204378,0.251906
2025-09-14,776326,0.175884,0.193588
2025-09-14,776327,0.238465,0.204046
2025-09-14,776329,0.169435,0.215816
2025-09-14,776330,0.22356,0.215023
2025-09-14,776331,0.218634,0.16377
2025-09-14,776332,0.224643,0.18624
2025-09-14,776334,0.18092,0.244153
2025-09-14,776335,0.216254,0.200892
2025-09-15,776309,0.205003,0.168973
2025-09-15,776311,0.244025,0.203889
2025-09-15,776312,0.187599,0.153537
2025-09-15,776313,0.209285,0.187049
2025-09-15,776314,0.238469,0.219753
2025-09-15,776315,0.216278,0.229822
2025-09-15,776316,0.151025,0.17076
2025-09-15,776318,0.197153,0.221472
2025-09-15,776319,0.215994,0.17038
2025-09-16,776293,0.186797,0.219102
2025-09-16,776294,0.251634,0.168817
2025-09-16,776295,0.278921,0.193764
2025-09-16,776297,0.244865,0.204193
2025-09-16,776298,0.233563,0.216201
2025-09-16,776300,0.21788,0.150898
2025-09-16,776301,0.225429,0.175557
2025-09-16,776302,0.256036,0.18102
2025-09-16,776303,0.16401,0.215065
2025-09-16,776304,0.142449,0.200398
2025-09-16,776305,0.151437,0.172758
2025-09-16,776306,0.237362,0.227335
2025-09-16,776307,0.215816,0.197894
2025-09-16,776308,0.196886,0.220824
2025-09-16,776310,0.203306,0.222887
2025-09-16,777825,0.215816,0.241696
2025-09-17,776277,0.184397,0.235967
2025-09-17,776279,0.251378,0.168404
2025-09-17,776280,0.244796,0.204245
2025-09-17,776283,0.281941,0.177284
2025-09-17,776284,0.232291,0.21619
2025-09-17,776285,0.226787,0.182898
2025-09-17,776286,0.214108,0.230851
2025-09-17,776287,0.196323,0.212026
2025-09-17,776288,0.142226,0.200542
2025-09-17,776289,0.255045,0.180221
2025-09-17,776290,0.210012,0.15109
2025-09-17,776291,0.241773,0.193417
2025-09-17,776292,0.217099,0.175424
2025-09-17,776296,,0.224029
2025-09-17,776299,0.261134,0.213977
2025-09-18,776269,0.151367,0.172613
2025-09-18,776270,0.182634,0.218309
2025-09-18,776271,0.25121,0.17372
2025-09-18,776272,0.255538,0.180345
2025-09-18,776274,0.289479,0.198597
2025-09-18,776275,0.14156,0.224104
2025-09-18,776276,0.141631,0.2006
2025-09-18,776278,0.205624,0.225491
2025-09-18,776281,0.273454,0.212852
2025-09-18,776282,0.195802,0.211839
2025-09-19,776251,0.183893,0.210885
2025-09-19,776253,0.234553,0.21739
2025-09-19,776255,0.245304,0.167939
2025-09-19,776256,0.251111,0.204067
2025-09-19,776259,0.231325,0.200261
2025-09-19,776260,0.151494,0.179344
2025-09-19,776261,0.212726,0.267568
2025-09-19,776262,0.255779,0.173267
2025-09-19,776263,0.141235,0.188534
2025-09-19,776264,0.141674,0.228788
2025-09-19,776265,0.192906,0.153036
2025-09-19,776266,0.273765,0.221149
2025-09-19,776267,0.196365,0.188234
2025-09-19,776268,0.213761,0.224366
2025-09-19,776273,0.205568,0.228589
2025-09-20,776233,0.252216,0.174504
2025-09-20,776241,0.234256,0.217525
2025-09-20,776242,0.183739,0.173961
2025-09-20,776243,0.164706,0.18995
2025-09-20,776244,0.193659,0.152658
2025-09-20,776245,0.209406,0.165112
2025-09-20,776246,0.245068,0.167923
2025-09-20,776247,0.212834,0.150489
2025-09-20,776248,0.25569,0.173956
2025-09-20,776250,0.141761,0.228764
2025-09-20,776252,0.231414,0.199775
2025-09-20,776254,0.196473,0.202117
2025-09-20,776257,0.232778,0.228274
2025-09-20,776258,0.213085,0.215524
2025-09-20,777839,0.141976,0.216959
2025-09-21,776225,0.168336,0.225522
2025-09-21,776226,0.183406,0.217446
2025-09-21,776227,0.252294,0.175124
2025-09-21,776228,0.255477,0.174305
2025-09-21,776229,0.199555,0.179643
2025-09-21,776230,0.244721,0.167764
2025-09-21,776231,0.20828,0.20129
2025-09-21,776232,0.275123,0.266007
2025-09-21,776234,0.275795,0.263739
2025-09-21,776235,0.141986,0.229451
2025-09-21,776236,0.212747,0.150006
2025-09-21,776237,0.240843,0.197608
2025-09-21,776238,0.212989,0.223791
2025-09-21,776239,0.196555,0.218768
2025-09-21,776240,0.209727,0.234285
2025-09-22,776220,0.175474,0.252535
2025-09-22,776221,0.203602,0.212566
2025-09-22,776222,0.213072,0.140441
2025-09-23,776207,0.15145,0.234589
2025-09-23,776208,0.174538,0.259635
2025-09-23,776209,0.199351,0.196716
2025-09-23,776210,0.212761,0.216321
2025-09-23,776211,0.151222,0.251959
2025-09-23,776212,0.290588,0.255971
2025-09-23,776213,0.175051,0.167362
2025-09-23,776214,0.213061,0.137585
2025-09-23,776215,0.183877,0.223495
2025-09-23,776216,0.23046,0.211081
2025-09-23,776217,0.213032,0.199241
2025-09-23,776218,0.223188,0.142156
2025-09-23,776219,0.231711,0.21241
2025-09-23,776223,0.171086,0.229411
2025-09-23,776224,0.26334,0.21811
2025-09-24,776192,0.238127,0.222581
2025-09-24,776193,0.175034,0.167574
2025-09-24,776194,0.281818,0.256708
2025-09-24,776195,0.174206,0.259901
2025-09-24,776196,0.150962,0.251733
2025-09-24,776197,0.151411,0.219605
2025-09-24,776198,0.212834,0.140694
2025-09-24,776199,0.18301,0.211472
2025-09-24,776200,0.232729,0.212537
2025-09-24,776201,0.201584,0.223572
2025-09-24,776202,0.262631,0.21804
2025-09-24,776203,0.188469,0.225798
2025-09-24,776204,0.224686,0.154148
2025-09-24,776205,0.199355,0.19684
2025-09-24,776206,0.21344,0.141204
2025-09-25,776178,0.151763,0.235081
2025-09-25,776179,0.285927,0.256484
2025-09-25,776182,0.173876,0.181115
2025-09-25,776183,0.218517,0.223036
2025-09-25,776184,0.221796,0.210876
2025-09-25,776185,0.204665,0.167176
2025-09-25,776186,0.213719,0.151476
2025-09-25,776187,0.199266,0.196352
2025-09-25,776188,0.184428,0.244388
2025-09-25,776189,0.217921,0.162237
2025-09-25,776190,0.221283,0.2179
2025-09-25,776191,0.164945,0.225589
2025-09-26,776165,0.229899,0.232152
2025-09-26,776166,0.29397,0.252064
2025-09-26,776167,0.17511,0.196856
2025-09-26,776168,0.236798,0.256136
2025-09-26,776169,0.173776,0.235717
2025-09-26,776170,0.168024,0.143021
2025-09-26,776171,0.218252,0.212847
2025-09-26,776172,0.179122,0.265588
2025-09-26,776173,0.196264,0.184022
2025-09-26,776174,0.228582,0.205563
2025-09-26,776175,0.202606,0.163519
2025-09-26,776176,0.232087,0.244928
2025-09-26,776177,0.170584,0.151028
2025-09-26,776180,0.222264,0.214113
2025-09-26,776181,0.216579,0.213151
2025-09-27,776146,0.297277,0.251336
2025-09-27,776150,0.152806,0.256676
2025-09-27,776152,0.210128,0.135242
2025-09-27,776153,0.187394,0.213588
2025-09-27,776154,0.179076,0.258536
2025-09-27,776155,0.173949,0.244198
2025-09-27,776156,0.263092,0.213399
2025-09-27,776157,0.217839,0.252984
2025-09-27,776158,0.195338,0.142088
2025-09-27,776159,0.170252,0.150603
2025-09-27,776160,0.230484,0.232023
2025-09-27,776161,0.199234,0.215744
2025-09-27,776162,0.22803,0.232318
2025-09-27,776163,0.213004,0.245148
2025-09-27,776164,0.175555,0.196708
2025-09-28,776135,0.219492,0.248476
2025-09-28,776136,0.213415,0.188106
2025-09-28,776137,0.299599,0.251333
2025-09-28,776138,0.169524,0.30749
2025-09-28,776139,0.175241,0.274877
2025-09-28,776140,0.228117,0.23151
2025-09-28,776141,0.194557,0.22241
2025-09-28,776142,0.229319,0.196732
2025-09-28,776143,0.230444,0.232222
2025-09-28,776144,0.218421,0.213659
2025-09-28,776145,0.216116,0.208372
2025-09-28,776147,0.200114,0.141937
2025-09-28,776148,0.19971,0.183474
2025-09-28,776149,0.211554,0.213926
2025-09-28,776151,0.268209,0.20867
2025-09-30,813066,,
2025-09-30,813069,,
2025-09-30,813072,,
2025-09-30,813074,,
2026-04-01,822835,0.242586,0.208991
2026-04-01,823078,0.174889,
2026-04-01,823157,0.210818,0.213718
2026-04-01,823321,0.251607,0.187544
2026-04-01,823483,0.278706,0.222802
2026-04-01,823806,0.196672,0.20942
2026-04-01,823889,,0.171673
2026-04-01,823970,0.142896,0.167359
2026-04-01,824136,0.19252,0.151056
2026-04-01,824211,0.210073,0.164094
2026-04-01,824536,0.194652,0.247074
2026-04-01,824698,0.271513,0.156634
2026-04-01,824860,0.216538,0.237018
2026-04-01,824940,0.174908,0.214008
2026-04-01,825106,,0.168367
2026-04-02,823242,0.174428,0.252357
2026-04-02,824133,0.192542,0.151094
2026-04-02,824621,,
2026-04-02,825105,0.213326,0.168105
2026-04-03,822758,0.167605,0.21028
2026-04-03,822919,0.276897,0.21633
2026-04-03,823240,0.174672,0.183878
2026-04-03,823406,0.236651,0.274498
2026-04-03,823568,0.185363,0.210947
2026-04-03,823732,0.195734,0.215554
2026-04-03,824056,0.257046,0.231728
2026-04-03,824134,,
2026-04-03,824299,0.16799,0.183064
2026-04-03,824377,0.22245,0.248006
2026-04-03,824458,0.15677,
2026-04-03,824621,0.189323,0.234739
2026-04-03,824786,0.187315,0.267134
2026-04-03,825026,0.164743,0.262717
2026-04-03,825103,0.178418,0.168177
2026-04-04,822757,0.16723,0.252145
2026-04-04,822920,0.247256,0.217017
2026-04-04,823239,0.187455,0.253118
2026-04-04,823404,0.236992,0.274743
2026-04-04,823569,0.236556,0.210613
2026-04-04,823730,0.195857,0.166611
2026-04-04,824054,0.269493,0.231753
2026-04-04,824132,0.188388,0.15111
2026-04-04,824134,0.252454,0.15111
2026-04-04,824295,0.174662,0.164748
2026-04-04,824378,0.222212,0.218933
2026-04-04,824460,,
2026-04-04,824622,0.20928,0.209041
2026-04-04,824782,0.202481,0.266711
2026-04-04,825027,0.164826,0.262477
2026-04-04,825104,0.212286,0.167878
2026-04-05,822756,0.210841,0.22995
2026-04-05,822917,0.247192,0.21738
2026-04-05,823238,0.188391,0.178255
2026-04-05,823405,0.237147,0.27442
2026-04-05,823566,0.237258,0.209642
2026-04-05,823729,0.162245,0.217718
2026-04-05,824053,0.269626,0.231543
2026-04-05,824131,0.189262,0.151974
2026-04-05,824296,0.174332,0.16937
2026-04-05,824379,0.222432,0.248349
2026-04-05,824459,0.213051,0.155312
2026-04-05,824460,0.157595,0.14187
2026-04-05,824620,0.153257,0.251751
2026-04-05,824781,0.220814,0.265583
2026-04-05,825025,0.167223,0.262859
2026-04-05,825102,0.211404,0.168283
2026-04-06,822755,0.175998,0.254758
2026-04-06,822832,0.190203,0.208898
2026-04-06,822918,0.214075,0.218072
2026-04-06,823002,0.158504,0.195416
2026-04-06,823237,0.222794,0.177951
2026-04-06,823401,0.220386,0.273248
2026-04-06,823728,0.17328,0.206917
2026-04-06,823886,0.2483,0.239541
2026-04-06,824052,0.210492,0.263114
2026-04-06,824376,0.164549,0.284914
2026-04-06,824456,0.152154,0.145409
2026-04-06,824619,0.237183,0.228434
2026-04-06,824783,0.209697,0.221757
2026-04-07,822754,0.175921,0.276842
2026-04-07,822831,0.196874,0.198502
2026-04-07,822916,0.213954,0.217616
2026-04-07,822999,0.161461,0.195116
2026-04-07,823235,0.222909,0.177616
2026-04-07,823402,0.220261,0.272839
2026-04-07,823567,0.2617,0.20972
2026-04-07,823648,0.167694,0.187857
2026-04-07,823727,0.176073,0.194142
2026-04-07,823887,0.248051,0.24073
2026-04-07,824051,0.177026,0.231675
2026-04-07,824375,0.164201,0.284556
2026-04-07,824457,0.151852,0.141562
2026-04-07,824618,0.237216,0.188594
2026-04-07,824780,0.198944,0.256194
2026-04-08,822753,0.173722,0.251906
2026-04-08,822833,0.197042,0.198643
2026-04-08,822915,0.25592,0.217659
2026-04-08,823000,0.161076,0.194235
2026-04-08,823234,0.222466,0.177591
2026-04-08,823403,0.220642,0.273844
2026-04-08,823564,0.262237,0.209119
2026-04-08,823646,0.168071,0.187978
2026-04-08,823726,0.178376,0.1941
2026-04-08,823885,0.24669,0.188534
2026-04-08,824050,0.178627,0.232735
2026-04-08,824374,0.164344,0.234331
2026-04-08,824455,0.152641,0.141038
2026-04-08,824617,0.21032,0.222768
2026-04-08,824779,0.234825,0.267443
2026-04-09,823319,0.281533,0.196698
2026-04-09,823565,0.218759,0.194023
2026-04-09,823645,0.132136,0.212398
2026-04-09,823724,0.225838,0.222012
2026-04-09,823884,0.246169,0.186937
2026-04-09,824130,0.225911,0.153187
2026-04-10,822829,0.193362,0.19783
2026-04-10,822997,0.205178,0.176202
2026-04-10,823076,0.152699,0.173128
2026-04-10,823156,0.163993,0.23916
2026-04-10,823318,0.232967,0.221079
2026-04-10,823482,0.132389,0.222296
2026-04-10,823643,0.273929,0.208948
2026-04-10,823808,0.234038,0.209339
2026-04-10,823968,0.217531,0.196962
2026-04-10,824128,0.217305,0.153657
2026-04-10,824297,0.185286,0.173123
2026-04-10,824534,0.232755,0.246663
2026-04-10,824695,0.211406,0.161366
2026-04-10,824858,0.177867,0.210702
2026-04-10,824941,0.143123,0.213779
2026-04-11,822830,0.193311,0.197287
2026-04-11,822996,0.209923,0.226235
2026-04-11,823074,0.206227,0.231248
2026-04-11,823155,0.163259,0.238779
2026-04-11,823316,0.281816,0.220892
2026-04-11,823480,0.168618,0.222838
2026-04-11,823644,0.273083,0.229258
2026-04-11,823805,0.275597,0.189087
2026-04-11,823967,0.218386,0.197325
2026-04-11,824129,0.226596,0.153246
2026-04-11,824294,0.187172,0.187864
2026-04-11,824535,0.271177,0.224435
2026-04-11,824697,0.273545,0.161298
2026-04-11,824857,0.177435,0.237106
2026-04-11,824939,0.141061,0.179135
2026-04-12,822828,0.199696,0.165079
2026-04-12,822998,0.232041,0.176378
2026-04-12,823075,0.206196,0.169978
2026-04-12,823154,0.163397,0.213297
2026-04-12,823317,0.232292,0.220377
2026-04-12,823479,0.149685,0.223162
2026-04-12,823642,0.273166,0.22591
2026-04-12,823804,0.250966,0.209348
2026-04-12,823966,0.214103,0.208336
2026-04-12,824126,0.233361,0.153056
2026-04-12,824293,0.239154,0.173195
2026-04-12,824533,0.270344,0.245712
2026-04-12,824696,0.272786,0.141897
2026-04-12,824859,0.24933,0.23779
2026-04-12,824938,0.170596,0.21383
2026-04-13,823073,0.140011,0.165831
2026-04-13,823153,0.163478,0.213738
2026-04-13,823400,0.223195,0.27341
2026-04-13,823481,0.162858,0.222723
2026-04-13,823563,0.230203,0.206011
2026-04-13,823725,0.20478,0.194488
2026-04-13,823964,0.247057,0.197722
2026-04-13,824856,0.168647,0.237192
2026-04-13,824937,0.188146,0.212491
2026-04-13,825024,0.212983,0.273905
2026-04-14,823072,0.126379,0.165786
2026-04-14,823315,0.213009,0.219744
2026-04-14,823398,0.252125,0.272424
2026-04-14,823478,0.161688,0.222
2026-04-14,823562,0.268304,0.221994
2026-04-14,823723,0.167537,0.208317
2026-04-14,823802,0.164256,0.178123
2026-04-14,823965,0.22919,0.197549
2026-04-14,824210,0.221662,0.163192
2026-04-14,824292,0.193211,0.173698
2026-04-14,824531,0.176924,0.273181
2026-04-14,824616,0.195122,0.229455
2026-04-14,824853,0.149666,0.237367
2026-04-14,824935,0.186558,0.213194
2026-04-14,825022,0.2185,0.213825
2026-04-15,823071,0.127091,0.166844
2026-04-15,823314,0.213096,0.207429
2026-04-15,823399,0.230918,0.272893
2026-04-15,823477,0.163667,0.222317
2026-04-15,823561,0.230808,0.233323
2026-04-15,823722,0.208636,0.194023
2026-04-15,823803,0.177161,0.178337
2026-04-15,823963,0.241661,0.177075
2026-04-15,824209,0.282054,0.16644
2026-04-15,824291,0.153266,0.167667
2026-04-15,824532,0.177173,0.245205
2026-04-15,824615,0.177023,0.233761
2026-04-15,824855,0.169241,0.237284
2026-04-15,824936,0.171717,0.212996
2026-04-15,825021,0.218054,0.24107
2026-04-16,823313,0.213568,0.219381
2026-04-16,823396,0.252217,0.216149
2026-04-16,823560,0.268826,0.209457
2026-04-16,823801,0.2324,0.208408
2026-04-16,824208,0.212762,0.162993
2026-04-16,824289,0.153293,0.188666
2026-04-16,824453,0.236918,0.123648
2026-04-16,824530,0.183679,0.245099
2026-04-16,824614,0.168984,0.219121
2026-04-16,825023,0.239975,0.231032
2026-04-17,822752,0.177266,0.252685
2026-04-17,823152,0.217449,0.213654
2026-04-17,823397,0.177318,0.27304
2026-04-17,823476,0.214353,0.223162
2026-04-17,823559,0.153688,0.209198
2026-04-17,823720,0.245303,0.193681
2026-04-17,823883,0.178193,0.186693
2026-04-17,824048,0.195148,0.229944
2026-04-17,824207,0.163122,0.167336
2026-04-17,824373,0.196953,0.250368
2026-04-17,824454,0.236718,0.120619
2026-04-17,824693,0.201238,0.162186
2026-04-17,824778,0.186128,0.263657
2026-04-17,825019,0.239214,0.229854
2026-04-17,825101,0.233012,0.169921
2026-04-18,822751,0.183935,0.23464
2026-04-18,823151,0.217583,0.238257
2026-04-18,823394,0.177685,0.272926
2026-04-18,823474,0.179632,0.222841
2026-04-18,823558,0.153714,0.193391
2026-04-18,823721,0.265783,0.207877
2026-04-18,823882,0.177973,0.185854
2026-04-18,824049,0.21951,0.229752
2026-04-18,824206,0.159556,0.167132
2026-04-18,824372,0.208357,0.255216
2026-04-18,824451,0.236596,0.116973
2026-04-18,824694,0.201039,0.162083
2026-04-18,824775,0.17342,0.263484
2026-04-18,825020,0.240519,0.228705
2026-04-18,825098,0.121722,0.17005
2026-04-19,822750,0.17656,0.27338
2026-04-19,823150,0.217423,0.263383
2026-04-19,823393,0.177299,0.19424
2026-04-19,823475,0.213659,0.223183
2026-04-19,823556,0.154028,0.20047
2026-04-19,823718,0.24626,0.222088
2026-04-19,823881,0.265947,0.170924
2026-04-19,824047,0.220348,0.229364
2026-04-19,824205,0.160531,0.167578
2026-04-19,824371,0.196741,0.283314
2026-04-19,824452,0.237294,0.140356
2026-04-19,824691,0.200809,0.161837
2026-04-19,824777,0.217157,0.264022
2026-04-19,825018,0.224505,0.210967
2026-04-19,825100,0.121591,0.211223
2026-04-20,822749,0.213875,0.252806
2026-04-20,822994,0.246003,0.177425
2026-04-20,823149,0.235295,0.237752
2026-04-20,823879,0.165404,0.221735
2026-04-20,824046,0.177723,0.228716
2026-04-20,824125,0.243058,0.154794
2026-04-20,824370,0.200171,0.281703
2026-04-20,824450,0.166822,0.115381
2026-04-20,824692,0.222686,0.161571
2026-04-20,824776,0.171115,0.264003
2026-04-21,822747,0.179138,0.219882
2026-04-21,822914,0.24268,0.217612
2026-04-21,822995,0.273847,0.176365
2026-04-21,823148,0.233163,0.254583
2026-04-21,823236,0.190404,0.176669
2026-04-21,823640,0.221446,0.209682
2026-04-21,823880,0.169509,0.221108
2026-04-21,824045,0.120948,0.268285
2026-04-21,824127,0.209897,0.154847
2026-04-21,824290,0.230476,0.185411
2026-04-21,824369,0.221483,0.282016
2026-04-21,824448,0.166713,0.112665
2026-04-21,824690,0.222371,0.15896
2026-04-21,824773,0.216028,0.218504
2026-04-21,825099,0.238599,0.169753
2026-04-22,822748,0.213908,0.252964
2026-04-22,822913,0.27305,0.226047
2026-04-22,822993,0.245285,0.193626
2026-04-22,823147,0.233346,0.23697
2026-04-22,823231,0.198146,0.176869
2026-04-22,823641,0.221836,0.210583
2026-04-22,823878,0.245877,0.170661
2026-04-22,824044,0.12078,0.268043
2026-04-22,824123,0.242347,0.154786
2026-04-22,824286,0.229182,0.182381
2026-04-22,824367,0.223163,0.282402
2026-04-22,824449,0.166747,0.110022
2026-04-22,824688,0.222197,0.158256
2026-04-22,824774,0.205782,0.248389
2026-04-22,825097,0.218594,0.170075
2026-04-23,822745,0.212788,0.235175
2026-04-23,822912,0.273678,0.215964
2026-04-23,823233,0.22807,0.177328
2026-04-23,823639,0.221969,0.19783
2026-04-23,824288,0.214009,0.171208
2026-04-23,824368,0.223505,0.244557
2026-04-23,824689,0.222507,0.158204
2026-04-23,824770,0.216444,0.195106
2026-04-23,825096,0.229864,0.169966
2026-04-24,822827,0.206968,0.120943
2026-04-24,822909,0.233499,0.216131
2026-04-24,822992,0.219475,0.175994
2026-04-24,823069,0.236559,0.176757
2026-04-24,823232,0.219308,0.177595
2026-04-24,823638,0.230789,0.19847
2026-04-24,823800,0.274404,0.229243
2026-04-24,823962,0.161625,0.203018
2026-04-24,824124,0.267405,0.167852
2026-04-24,824204,0.209526,0.165793
2026-04-24,824529,0.184983,0.27242
2026-04-24,824611,0.252582,0.269534
2026-04-24,824854,0.194633,0.209894
2026-04-24,824932,0.222401,0.214182
2026-04-25,822826,0.148265,0.129444
2026-04-25,822910,0.305705,0.22023
2026-04-25,822989,0.208407,0.175511
2026-04-25,823070,0.253274,0.174134
2026-04-25,823229,0.215971,0.177466
2026-04-25,823637,,
2026-04-25,823799,0.274331,0.22941
2026-04-25,823960,0.162056,0.217888
2026-04-25,824121,0.26748,0.180005
2026-04-25,824203,0.233591,0.165639
2026-04-25,824527,0.184244,0.244461
2026-04-25,824613,0.254288,0.233016
2026-04-25,824851,0.249091,0.209332
2026-04-25,824933,0.222801,0.21351
2026-04-25,825093,0.224377,0.170231
2026-04-26,822824,0.141214,0.164145
2026-04-26,822911,0.25792,0.215907
2026-04-26,822991,0.189871,0.176843
2026-04-26,823068,0.235852,0.171424
2026-04-26,823230,0.217773,0.127956
2026-04-26,823635,0.2428,0.209862
2026-04-26,823637,0.282386,0.198103
2026-04-26,823797,0.194759,0.22992
2026-04-26,823959,0.158873,0.228546
2026-04-26,824122,0.271086,0.192456
2026-04-26,824202,0.233653,0.165015
2026-04-26,824528,0.17174,0.244963
2026-04-26,824612,0.231333,0.223942
2026-04-26,824852,0.255575,0.209374
2026-04-26,824934,0.222006,0.214298
2026-04-26,825094,0.224669,0.164412
2026-04-27,822825,0.256275,0.128651
2026-04-27,822906,0.233471,0.220241
2026-04-27,823311,0.161749,0.224355
2026-04-27,823395,0.168785,0.230171
2026-04-27,823719,0.25325,0.217974
2026-04-27,823961,0.217485,0.203482
2026-04-27,824446,0.192773,0.14168
2026-04-27,824609,0.236971,0.240123
2026-04-28,822823,0.256651,0.129411
2026-04-28,822908,0.232369,0.220306
2026-04-28,823310,0.176436,0.22478
2026-04-28,823390,0.166812,0.2752
2026-04-28,823473,0.127727,0.222381
2026-04-28,823636,0.254911,0.198484
2026-04-28,823716,0.235898,0.220267
2026-04-28,823798,0.164701,0.272801
2026-04-28,823956,0.217932,0.238462
2026-04-28,824447,0.176576,0.106889
2026-04-28,824526,0.281676,0.272266
2026-04-28,824610,0.269613,0.236721
2026-04-28,824849,0.164395,0.208973
2026-04-28,824931,0.184718,0.213954
2026-04-28,825017,0.154028,0.210171
2026-04-29,822821,0.26325,0.156722
2026-04-29,822907,0.232076,0.220502
2026-04-29,823312,0.133758,0.199216
2026-04-29,823392,0.164542,0.275378
2026-04-29,823471,,
2026-04-29,823633,0.277004,0.205025
2026-04-29,823717,0.235496,0.221742
2026-04-29,823796,0.170416,0.215631
2026-04-29,823958,0.22093,0.213495
2026-04-29,824445,0.176243,0.108347
2026-04-29,824525,0.242281,0.245507
2026-04-29,824608,0.271062,0.230594
2026-04-29,824850,,
2026-04-29,824930,0.17146,0.179433
2026-04-29,825015,0.181489,0.2296
2026-04-30,823391,0.167136,0.275463
2026-04-30,823471,,
2026-04-30,823472,0.173853,0.221899
2026-04-30,823634,0.21262,0.204688
2026-04-30,823714,0.187742,0.226181
2026-04-30,823795,0.171003,0.240011
2026-04-30,824524,0.282283,0.246091
2026-04-30,824848,0.164534,0.208895
2026-04-30,824850,0.239298,0.237254
2026-04-30,824929,0.172604,0.179802
2026-04-30,825016,0.191361,0.210538
2026-05-01,822744,0.239015,0.231728
2026-05-01,822990,0.174641,0.175972
2026-05-01,823066,0.202516,0.165529
2026-05-01,823146,0.153797,0.235099
2026-05-01,823309,0.241112,0.206289
2026-05-01,823389,0.246309,0.27512
2026-05-01,823557,0.208697,0.229409
2026-05-01,823713,0.187406,0.212238
2026-05-01,823877,0.250376,0.223298
2026-05-01,824041,0.203835,0.272202
2026-05-01,824287,0.214494,0.188701
2026-05-01,824366,0.180762,0.282335
2026-05-01,824686,0.151809,0.1315
2026-05-01,824772,0.164721,0.256894
2026-05-01,825012,0.107019,0.209956
2026-05-02,822746,0.239405,0.276713
2026-05-02,822988,0.124822,0.16827
2026-05-02,823067,0.202378,0.168599
2026-05-02,823144,0.154204,0.195026
2026-05-02,823308,0.237443,0.225063
2026-05-02,823388,0.224326,0.275039
2026-05-02,823554,0.209512,0.231147
2026-05-02,823715,0.139923,0.220891
2026-05-02,823876,0.222509,0.225462
2026-05-02,824042,0.197823,0.231075
2026-05-02,824284,0.220004,0.171466
2026-05-02,824365,0.180729,0.238984
2026-05-02,824685,0.171558,0.187624
2026-05-02,824771,0.164346,0.256119
2026-05-02,825014,0.141661,0.257347
2026-05-03,822742,0.204985,0.220601
2026-05-03,822987,0.244241,0.179078
2026-05-03,823065,0.227458,0.225568
2026-05-03,823145,0.154643,0.212651
2026-05-03,823307,0.199007,0.203946
2026-05-03,823387,0.224132,0.27462
2026-05-03,823555,0.2137,0.231441
2026-05-03,823711,,0.21691
2026-05-03,823875,0.223129,0.217403
2026-05-03,824043,0.204417,0.231544
2026-05-03,824285,0.219995,0.182806
2026-05-03,824364,0.142792,0.282967
2026-05-03,824687,0.171566,0.133183
2026-05-03,824769,0.164236,0.25538
2026-05-03,825013,0.104452,0.217118
2026-05-04,822984,,0.177243
2026-05-04,823064,0.246004,0.167403
2026-05-04,823143,0.182782,0.194802
2026-05-04,823228,0.225601,0.125492
2026-05-04,823552,0.211141,0.246628
2026-05-04,823874,0.222599,0.224629
2026-05-04,824039,0.208436,0.231724
2026-05-04,824120,0.167692,0.154998
2026-05-04,824201,0.202449,0.165016
2026-05-04,824283,0.254194,0.236404
2026-05-04,824363,0.203928,0.181324
2026-05-04,824684,0.223978,0.133474
2026-05-05,822743,0.225361,0.233878
2026-05-05,822986,,0.179463
2026-05-05,823062,,
2026-05-05,823142,0.182456,0.234544
2026-05-05,823227,0.178535,0.199215
2026-05-05,823469,0.2175,0.222691
2026-05-05,823553,0.218831,0.207195
2026-05-05,823873,0.241429,0.144292
2026-05-05,824040,0.214598,0.232659
2026-05-05,824119,0.105792,0.155029
2026-05-05,824200,0.238385,0.162206
2026-05-05,824281,0.247896,0.199455
2026-05-05,824362,,
2026-05-05,824682,0.224329,0.158295
2026-05-05,825092,0.248881,0.172021
2026-05-06,822740,0.216098,0.233689
2026-05-06,822985,0.207939,0.190829
2026-05-06,823063,0.181787,0.16655
2026-05-06,823141,0.182764,0.235541
2026-05-06,823226,0.178729,0.194881
2026-05-06,823470,0.208493,0.222589
2026-05-06,823550,0.216157,0.206941
2026-05-06,823872,0.20914,0.189582
2026-05-06,824036,0.205783,0.236075
2026-05-06,824118,0.145485,0.191663
2026-05-06,824198,0.228114,0.232768
2026-05-06,824282,0.24811,0.182346
2026-05-06,824361,0.204806,0.284547
2026-05-06,824683,0.224323,0.131197
2026-05-06,825091,0.274442,0.171876
2026-05-07,822741,0.216811,0.234531
2026-05-07,823306,0.167755,0.178213
2026-05-07,823467,0.257099,0.222388
2026-05-07,823551,0.216352,0.205966
2026-05-07,823870,0.240862,0.19441
2026-05-07,824117,0.106051,0.15508
2026-05-07,824362,0.203969,0.231564
2026-05-07,824681,0.272435,0.134448
2026-05-07,824767,0.18868,0.249383
2026-05-07,825090,0.274066,0.133958
2026-05-08,822822,0.231396,0.15968
2026-05-08,822904,0.157751,0.216026
2026-05-08,823225,0.221719,0.125699
2026-05-08,823303,0.166698,0.187279
2026-05-08,823466,0.193824,0.222165
2026-05-08,823794,0.230132,0.197606
2026-05-08,823871,0.273182,0.19765
2026-05-08,823957,0.183819,0.202648
2026-05-08,824116,0.198984,0.155022
2026-05-08,824443,0.210474,0.142178
2026-05-08,824522,0.163415,0.224387
2026-05-08,824607,0.212883,0.209673
2026-05-08,824768,0.186439,0.249053
2026-05-08,824846,0.256112,0.209677
2026-05-08,825088,0.197492,0.150503
2026-05-09,822820,0.231823,0.191385
2026-05-09,822905,0.158163,0.216163
2026-05-09,823224,0.27288,0.131941
2026-05-09,823304,0.166945,0.199785
2026-05-09,823468,0.28362,0.237164
2026-05-09,823792,0.229679,0.198042
2026-05-09,823869,0.253699,0.143424
2026-05-09,823955,0.145644,0.202864
2026-05-09,824115,0.180898,0.154601
2026-05-09,824444,0.215573,0.105009
2026-05-09,824523,0.163057,0.224166
2026-05-09,824606,0.254701,0.208296
2026-05-09,824766,,
2026-05-09,824847,0.256205,0.209517
2026-05-09,825089,0.204595,0.171282
2026-05-10,822819,0.236089,0.1623
2026-05-10,822902,0.171769,0.216882
2026-05-10,823221,0.252253,0.125339
2026-05-10,823305,0.167406,0.200688
2026-05-10,823463,0.239253,0.22269
2026-05-10,823793,0.231627,0.197591
2026-05-10,823868,0.253719,0.143239
2026-05-10,823954,0.145327,0.213029
2026-05-10,824113,0.197347,0.154421
2026-05-10,824440,0.225001,0.106059
2026-05-10,824520,0.162854,0.281793
2026-05-10,824605,0.171234,0.215828
2026-05-10,824765,0.166242,0.248514
2026-05-10,824845,0.264595,0.209586
2026-05-10,825085,0.213067,0.171042
2026-05-11,822818,0.177634,0.144803
2026-05-11,822901,0.171245,0.217338
2026-05-11,823953,0.125459,0.173158
2026-05-11,824199,0.171422,0.16391
2026-05-11,824441,0.23667,0.105335
2026-05-11,824844,0.232273,0.210246
2026-05-12,822817,0.193136,0.160076
2026-05-12,822903,0.171006,0.216155
2026-05-12,823385,0.284373,0.273096
2026-05-12,823632,0.179219,0.189323
2026-05-12,823712,0.14345,0.225001
2026-05-12,823790,0.200642,0.214531
2026-05-12,823951,0.124894,0.173521
2026-05-12,824197,0.171392,0.164492
2026-05-12,824442,0.233194,0.104662
2026-05-12,824521,0.252286,0.224817
2026-05-12,824604,0.154004,0.220806
2026-05-12,824764,0.222567,0.228918
2026-05-12,824843,0.230372,0.21016
2026-05-12,824927,0.158521,0.185087
2026-05-12,825011,0.222059,0.255566
2026-05-13,822815,0.176694,0.147484
2026-05-13,822900,0.170802,0.216732
2026-05-13,823386,0.232591,0.278849
2026-05-13,823631,0.190717,0.186519
2026-05-13,823710,0.143402,0.201262
2026-05-13,823791,0.200703,0.197509
2026-05-13,823952,0.131886,0.158218
2026-05-13,824195,0.194136,0.16515
2026-05-13,824438,0.237191,0.145138
2026-05-13,824519,0.271229,0.277338
2026-05-13,824603,0.190585,0.221734
2026-05-13,824763,0.250802,0.229574
2026-05-13,824841,0.23138,0.20978
2026-05-13,824928,0.138117,0.145589
2026-05-13,825010,0.167861,0.293808
2026-05-14,823383,0.283565,0.272477
2026-05-14,823630,0.204706,0.186192
2026-05-14,823709,0.142845,0.178953
2026-05-14,823789,0.190531,0.197151
2026-05-14,823950,0.124873,0.175425
2026-05-14,824196,0.171211,0.236251
2026-05-14,824517,0.252006,0.247347
2026-05-14,824602,0.191327,0.234824
2026-05-14,824762,0.222895,0.243272
2026-05-14,824926,0.160194,0.185329
2026-05-14,825008,0.220193,0.25502
2026-05-15,822739,0.209403,0.23054
2026-05-15,822983,0.142185,0.176957
2026-05-15,823061,0.153905,0.16762
2026-05-15,823140,0.20153,0.171516
2026-05-15,823384,0.223245,0.272327
2026-05-15,823629,0.231495,0.183774
2026-05-15,823707,0.198037,0.177881
2026-05-15,824037,0.180314,0.200809
2026-05-15,824194,0.226904,0.227124
2026-05-15,824280,0.14207,0.192423
2026-05-15,824360,0.170441,0.284026
2026-05-15,824439,0.278434,0.102938
2026-05-15,824601,0.162139,0.21394
2026-05-15,824925,0.229059,0.147108
2026-05-15,825009,0.129837,0.254614
2026-05-16,822737,0.209766,0.238001
2026-05-16,822981,0.142444,0.176837
2026-05-16,823060,0.154011,0.222351
2026-05-16,823139,0.20195,0.194038
2026-05-16,823382,0.223078,0.279137
2026-05-16,823627,0.20191,0.184506
2026-05-16,823706,0.19868,0.177567
2026-05-16,824038,0.173557,0.238878
2026-05-16,824193,0.228373,0.164818
2026-05-16,824278,0.146549,0.220213
2026-05-16,824359,0.170336,0.226037
2026-05-16,824435,0.248587,0.167915
2026-05-16,824600,0.161675,0.214478
2026-05-16,824924,0.226758,0.186717
2026-05-16,825007,0.126025,0.255102
2026-05-17,822738,0.236108,0.251711
2026-05-17,822982,0.142237,0.176614
2026-05-17,823058,0.153601,0.167709
2026-05-17,823138,0.1849,0.194091
2026-05-17,823381,0.223452,0.272947
2026-05-17,823628,0.231959,0.182278
2026-05-17,823708,0.199329,0.177834
2026-05-17,824034,0.21231,0.233446
2026-05-17,824192,0.224704,0.251172
2026-05-17,824279,0.173644,0.192401
2026-05-17,824358,0.150037,0.283122
2026-05-17,824436,0.278899,0.166516
2026-05-17,824599,0.161684,0.215294
2026-05-17,824923,0.225065,0.186017
2026-05-17,825006,0.172969,0.236878
2026-05-18,822734,0.181557,0.252316
2026-05-18,822980,0.210212,0.205047
2026-05-18,823137,0.216115,0.229955
2026-05-18,823301,0.173574,0.184722
2026-05-18,823465,0.257515,0.17944
2026-05-18,823549,0.203117,0.229765
2026-05-18,823705,0.163911,0.192707
2026-05-18,823867,0.185662,0.142327
2026-05-18,824035,0.228219,0.233343
2026-05-18,824114,0.227494,0.153395
2026-05-18,824277,0.143263,0.191199
2026-05-18,824357,0.231733,0.223353
2026-05-18,824680,0.198835,0.161226
2026-05-18,825087,0.124974,0.169979
2026-05-19,822736,0.178247,0.238867
2026-05-19,822979,0.210885,0.176203
2026-05-19,823059,0.232299,0.167771
2026-05-19,823136,0.212872,0.250906
2026-05-19,823302,0.173564,0.184913
2026-05-19,823464,0.257675,0.179392
2026-05-19,823548,0.193342,0.231506
2026-05-19,823704,0.164065,0.22267
2026-05-19,823865,0.203039,0.180556
2026-05-19,824033,0.292115,0.237014
2026-05-19,824112,0.237265,0.170012
2026-05-19,824276,0.170898,0.198642
2026-05-19,824356,0.271855,0.262105
2026-05-19,824677,0.198571,0.161209
2026-05-19,825086,0.17159,0.169414
2026-05-20,822735,0.178162,0.249388
2026-05-20,822977,0.210929,0.176937
2026-05-20,823057,0.227954,0.168191
2026-05-20,823134,0.21436,0.195795
2026-05-20,823299,0.173554,0.184493
2026-05-20,823462,0.25743,0.218626
2026-05-20,823547,0.19298,0.201475
2026-05-20,823703,0.164408,0.222124
2026-05-20,823866,0.226802,0.181316
2026-05-20,824032,0.226443,0.232595
2026-05-20,824111,0.19927,0.16979
2026-05-20,824273,0.146034,0.192684
2026-05-20,824355,0.267342,0.182382
2026-05-20,824678,0.198628,0.161257
2026-05-20,825084,0.132514,0.132277
2026-05-21,822733,0.176591,0.248464
2026-05-21,823056,0.272606,0.166689
2026-05-21,823545,0.19361,0.202252
2026-05-21,823864,0.226985,0.141707
2026-05-21,824031,0.226297,0.23205
2026-05-21,824274,0.172467,0.191364
2026-05-21,825083,0.220938,0.169066
2026-05-22,822816,0.252204,0.193751
2026-05-22,823223,0.213336,0.174091
2026-05-22,823298,0.226667,0.18493
2026-05-22,823461,0.204743,0.224597
2026-05-22,823546,0.177023,0.23302
2026-05-22,823788,0.173401,0.198854
2026-05-22,823863,0.178994,0.186794
2026-05-22,824029,0.226797,0.232081
2026-05-22,824110,0.229806,0.154281
2026-05-22,824518,,
2026-05-22,824679,0.164916,0.161811
2026-05-22,824761,0.200729,0.237795
2026-05-22,824842,0.211818,0.210702
2026-05-22,824922,0.22842,0.202034
2026-05-22,825082,0.201864,0.168933
2026-05-23,822814,0.232409,0.194116
2026-05-23,823222,0.214925,0.174991
2026-05-23,823300,0.225689,0.184259
2026-05-23,823458,0.138093,0.225052
2026-05-23,823543,,
2026-05-23,823787,0.17381,0.20286
2026-05-23,823862,0.177524,0.142856
2026-05-23,824030,0.22609,0.231308
2026-05-23,824109,0.193158,0.154507
2026-05-23,824516,0.169454,0.270061
2026-05-23,824518,0.169454,0.231575
2026-05-23,824674,0.164804,0.213282
2026-05-23,824760,0.214616,0.228559
2026-05-23,824840,,
2026-05-23,824920,0.23888,0.226111
2026-05-23,825080,0.200055,0.168671
2026-05-24,822813,0.225113,0.193712
2026-05-24,823220,0.229234,0.174295
2026-05-24,823297,0.224526,0.184394
2026-05-24,823459,0.136552,0.225301
2026-05-24,823544,0.191955,0.232252
2026-05-24,823786,0.173819,0.199616
2026-05-24,823861,0.231369,0.226837
2026-05-24,824028,0.268873,0.231325
2026-05-24,824108,0.192652,0.154323
2026-05-24,824514,,
2026-05-24,824676,0.256774,0.194961
2026-05-24,824759,0.184097,0.237997
2026-05-24,824839,0.195591,0.210606
2026-05-24,824840,0.195048,0.210606
2026-05-24,824921,0.247164,0.202889
2026-05-24,825081,0.146816,0.16854
2026-05-25,822812,0.142038,0.162947
2026-05-25,822899,0.164786,0.210551
2026-05-25,823219,0.16831,0.173822
2026-05-25,823296,0.225806,0.172919
2026-05-25,823380,0.250114,0.22481
2026-05-25,823625,0.270738,0.211568
2026-05-25,823784,0.16849,0.199486
2026-05-25,823948,0.199967,0.174183
2026-05-25,824107,0.231833,0.154024
2026-05-25,824437,0.227449,0.133361
2026-05-25,824598,0.202274,0.219041
2026-05-25,824838,0.177308,0.210774
2026-05-25,825005,0.192237,0.223979
2026-05-26,822811,0.14155,0.227414
2026-05-26,822898,0.164189,0.210592
2026-05-26,823216,0.168468,0.240873
2026-05-26,823294,0.225677,0.192778
2026-05-26,823379,0.193967,0.256772
2026-05-26,823624,0.267759,0.181586
2026-05-26,823785,0.220994,0.218949
2026-05-26,823949,0.215689,0.212794
2026-05-26,824106,0.207913,0.154014
2026-05-26,824275,0.232917,0.2195
2026-05-26,824434,0.24663,0.135371
2026-05-26,824597,0.21592,0.216985
2026-05-26,824758,0.202652,0.237678
2026-05-26,824837,0.177592,0.236442
2026-05-26,825004,0.229205,0.224499
2026-05-27,822809,0.141265,0.1734
2026-05-27,822897,0.191803,0.209495
2026-05-27,823217,0.16884,0.173705
2026-05-27,823295,0.225447,0.183544
2026-05-27,823376,0.193774,0.224119
2026-05-27,823626,0.269508,0.182045
2026-05-27,823783,0.170357,0.218873
2026-05-27,823947,0.147583,0.21239
2026-05-27,824104,0.229023,0.154136
2026-05-27,824270,0.23171,0.192922
2026-05-27,824432,0.227136,0.131715
2026-05-27,824596,0.215921,0.228435
2026-05-27,824756,0.203058,0.237532
2026-05-27,824836,0.177668,0.210427
2026-05-27,825003,0.229365,0.224497
2026-05-28,822896,0.163934,0.208502
2026-05-28,823378,0.194156,0.223672
2026-05-28,824272,0.232447,0.191878
2026-05-28,824595,0.215912,0.219359
2026-05-28,824757,0.202717,0.236634
2026-05-28,824834,0.151795,0.210433
2026-05-29,822732,0.193171,0.227923
2026-05-29,822894,0.191226,0.224687
2026-05-29,822978,0.231962,0.191706
2026-05-29,823055,0.19444,0.219227
2026-05-29,823135,0.168793,0.192533
2026-05-29,823377,0.224026,0.223726
2026-05-29,823623,0.141216,0.180364
2026-05-29,823946,0.225286,0.212013
2026-05-29,824191,0.219454,0.208928
2026-05-29,824353,0.173211,0.148986
2026-05-29,824433,0.237015,0.131939
2026-05-29,824515,0.226788,0.267361
2026-05-29,824594,0.212045,0.220289
2026-05-29,824835,0.139274,0.210064
2026-05-29,825002,0.230432,0.291555
2026-05-30,822731,0.184344,0.212337
2026-05-30,822893,0.190205,0.225558
2026-05-30,822975,0.23194,0.192025
2026-05-30,823054,0.194486,0.168091
2026-05-30,823132,0.168544,0.192334
2026-05-30,823375,0.223445,0.223933
2026-05-30,823622,0.140721,0.181543
2026-05-30,823945,0.22602,0.211638
2026-05-30,824190,0.21959,0.191804
2026-05-30,824352,0.173054,0.202533
2026-05-30,824431,0.237161,0.135174
2026-05-30,824513,0.226217,0.266366
2026-05-30,824593,0.196194,0.217107
2026-05-30,824833,0.151121,0.209634
2026-05-30,825000,0.23028,0.289249
2026-05-31,822729,0.202336,0.227217
2026-05-31,822895,0.190453,0.225434
2026-05-31,822976,0.230408,0.199745
2026-05-31,823053,0.158007,0.216615
2026-05-31,823133,0.16878,0.191805
2026-05-31,823373,0.193237,0.223183
2026-05-31,823621,0.140928,0.181492
2026-05-31,823944,0.226063,0.212252
2026-05-31,824187,0.260951,0.191852
2026-05-31,824354,0.173751,0.195969
2026-05-31,824430,0.230246,0.132467
2026-05-31,824512,0.226203,0.265808
2026-05-31,824592,0.207668,0.181069
2026-05-31,824832,0.173469,0.209416
2026-05-31,825001,0.227995,0.234479
2026-06-01,822730,0.192192,0.227114
2026-06-01,822974,0.210429,0.199456
2026-06-01,823050,0.225429,0.167113
2026-06-01,823131,0.182855,0.192549
2026-06-01,823702,0.179677,0.225459
2026-06-01,823781,0.173851,0.220183
2026-06-01,824027,0.193862,0.23487
2026-06-01,824510,0.192011,0.242415
2026-06-01,825078,0.212179,0.168485
2026-06-02,822728,0.233041,0.227223
2026-06-02,822971,0.209483,0.176746
2026-06-02,823052,0.22495,0.166411
2026-06-02,823129,0.183243,0.229555
2026-06-02,823460,0.202559,0.226524
2026-06-02,823541,0.138664,0.194311
2026-06-02,823700,0.183255,0.225303
2026-06-02,823782,0.174074,0.2201
2026-06-02,824026,0.18811,0.230975
2026-06-02,824189,0.222984,0.192916
2026-06-02,824511,0.207833,0.226855
2026-06-02,824675,0.223,0.157786
2026-06-02,824754,0.209165,0.236953
2026-06-02,824918,0.151477,0.225838
2026-06-02,825079,0.211613,0.181437
2026-06-03,822727,0.233266,0.248372
2026-06-03,822973,0.184431,0.177227
2026-06-03,823051,0.22547,0.221634
2026-06-03,823130,0.183622,0.192737
2026-06-03,823456,0.182051,0.226365
2026-06-03,823540,0.139313,0.223251
2026-06-03,823701,0.179551,0.217291
2026-06-03,823780,0.175242,0.212968
2026-06-03,824024,0.14869,0.225679
2026-06-03,824188,0.223244,0.192861
2026-06-03,824509,0.192323,0.242086
2026-06-03,824671,0.22214,0.157566
2026-06-03,824755,0.209175,0.237146
2026-06-03,824917,0.158971,0.225862
2026-06-03,825077,0.21183,0.169237
2026-06-04,823457,0.203045,0.226634
2026-06-04,823542,0.221373,0.223631
2026-06-04,823698,0.195464,0.22535
2026-06-04,823779,0.175347,0.220052
2026-06-04,824185,0.22332,0.192577
2026-06-04,824672,0.257702,0.247464
2026-06-04,824753,0.208674,0.236964
2026-06-04,824919,0.13923,0.201856
2026-06-04,825076,0.168881,0.181075
2026-06-05,822810,0.208255,0.150159
2026-06-05,822892,0.140061,0.22153
2026-06-05,823049,0.242473,0.175623
2026-06-05,823293,0.184575,0.203152
2026-06-05,823455,0.184014,0.226646
2026-06-05,823538,0.236945,0.223562
2026-06-05,823699,0.197361,0.22457
2026-06-05,823860,0.177197,0.1918
2026-06-05,823943,0.223895,0.211527
2026-06-05,824186,0.221221,0.192213
2026-06-05,824271,0.229731,0.182866
2026-06-05,824350,0.21975,0.149198
2026-06-05,824673,0.174538,0.157729
2026-06-05,824914,0.227956,0.225571
2026-06-05,825073,0.240778,0.235551
2026-06-06,822808,0.208581,0.150125
2026-06-06,822891,0.143042,0.216522
2026-06-06,823048,0.229625,0.221057
2026-06-06,823292,0.185187,0.201283
2026-06-06,823454,0.176343,0.22616
2026-06-06,823539,,
2026-06-06,823697,0.196361,0.208323
2026-06-06,823859,0.190502,0.1991
2026-06-06,823942,0.243934,0.211822
2026-06-06,824184,0.21979,0.191853
2026-06-06,824269,0.190092,0.181643
2026-06-06,824351,0.220371,0.14989
2026-06-06,824669,0.174473,0.248177
2026-06-06,824915,0.223249,0.201574
2026-06-06,825075,0.248054,0.181311
2026-06-07,822807,0.208644,0.18344
2026-06-07,822890,0.144895,0.228671
2026-06-07,823047,0.240135,0.164686
2026-06-07,823291,0.185522,0.201435
2026-06-07,823453,0.175495,0.226793
2026-06-07,823537,0.236741,0.194947
2026-06-07,823696,0.190301,0.18555
2026-06-07,823857,0.199094,0.193033
2026-06-07,823941,0.238457,0.191619
2026-06-07,824183,0.220326,0.191979
2026-06-07,824268,0.189497,0.187917
2026-06-07,824349,0.201253,0.223414
2026-06-07,824670,0.174152,0.232146
2026-06-07,824916,0.19625,0.201763
2026-06-07,825074,0.227507,0.181561
2026-06-08,822806,0.22649,0.150071
2026-06-08,822972,0.236581,0.209589
2026-06-08,823218,0.22769,0.174946
2026-06-08,823289,0.237621,0.201827
2026-06-08,824025,0.191874,0.233442
2026-06-08,824427,0.223141,0.144185
2026-06-08,824829,0.189555,0.235441
2026-06-08,824998,0.220907,0.288262
2026-06-09,822805,0.226233,0.120542
2026-06-09,822969,0.237067,0.143515
2026-06-09,823214,0.240861,0.174525
2026-06-09,823290,0.237722,0.202315
2026-06-09,823374,0.211922,0.228007
2026-06-09,823620,0.164736,0.184161
2026-06-09,823858,0.180954,0.192137
2026-06-09,824023,0.192764,0.24212
2026-06-09,824105,0.21559,0.195626
2026-06-09,824267,0.224015,0.182108
2026-06-09,824347,0.231607,0.189877
2026-06-09,824429,0.222498,0.148292
2026-06-09,824591,0.226103,0.177589
2026-06-09,824830,0.226732,0.235128
2026-06-09,824999,0.220561,0.287176
2026-06-10,822804,0.226498,0.140008
2026-06-10,822970,0.236572,0.20861
2026-06-10,823215,0.247761,0.164868
2026-06-10,823287,0.235327,0.201971
2026-06-10,823372,0.211581,0.223083
2026-06-10,823618,0.163709,0.184305
2026-06-10,823856,0.180856,0.191948
2026-06-10,824022,0.195351,0.236629
2026-06-10,824103,0.21558,0.191281
2026-06-10,824266,0.204409,0.190101
2026-06-10,824348,0.231168,0.211899
2026-06-10,824428,0.194738,0.207616
2026-06-10,824590,0.193183,0.184016
2026-06-10,824831,0.188811,0.234622
2026-06-10,824996,0.220987,0.24917
2026-06-11,823371,0.21152,0.227791
2026-06-11,823619,0.162582,0.184709
2026-06-11,823855,0.180454,0.191608
2026-06-11,824101,0.22086,0.197129
2026-06-11,824265,0.239036,0.200537
2026-06-11,824346,0.213854,0.234637
2026-06-11,824589,,
2026-06-11,824827,0.188225,0.207745
2026-06-12,822726,0.187868,0.227117
2026-06-12,822803,0.221733,0.140017
2026-06-12,823211,0.213328,0.170695
2026-06-12,823370,0.191512,0.223199
2026-06-12,823617,0.189167,0.185883
2026-06-12,823695,0.161772,0.238592
2026-06-12,823778,0.226846,0.221156
2026-06-12,824020,0.191771,0.269263
2026-06-12,824102,0.19291,0.195876
2026-06-12,824425,0.199733,0.15146
2026-06-12,824507,0.181079,0.228615
2026-06-12,824588,0.186783,0.177475
2026-06-12,824752,0.223537,0.229823
2026-06-12,824826,0.201599,0.207677
2026-06-12,824997,0.211102,0.287113
2026-06-13,822725,0.186944,0.227357
2026-06-13,822802,0.206001,0.216689
2026-06-13,823213,0.21343,0.170688
2026-06-13,823369,0.139674,0.223043
2026-06-13,823616,0.155437,0.185725
2026-06-13,823694,0.219195,0.225507
2026-06-13,823776,0.227478,0.221112
2026-06-13,824019,0.199971,0.244451
2026-06-13,824100,0.192634,0.195204
2026-06-13,824426,0.174282,0.157624
2026-06-13,824508,0.181203,0.262303
2026-06-13,824587,0.211869,0.177902
2026-06-13,824749,0.257907,0.227585
2026-06-13,824828,0.200943,0.233945
2026-06-13,824995,0.2337,0.287202
2026-06-14,822722,0.187048,0.229337
2026-06-14,822801,0.233335,0.149832
2026-06-14,823212,0.213169,0.173133
2026-06-14,823368,0.190785,0.22302
2026-06-14,823615,0.190374,0.185565
2026-06-14,823693,0.162681,0.23864
2026-06-14,823777,0.227942,0.195112
2026-06-14,824021,0.199506,0.247959
2026-06-14,824099,0.192136,0.229894
2026-06-14,824424,,
2026-06-14,824506,0.180668,0.237313
2026-06-14,824586,0.211843,0.180051
2026-06-14,824751,0.228829,0.197359
2026-06-14,824823,0.201199,0.207219
2026-06-14,824994,0.171756,0.26171
2026-06-15,822724,0.229983,0.226555
2026-06-15,822887,0.226023,0.226952
2026-06-15,823046,0.200923,0.162972
2026-06-15,823452,0.190731,0.228037
2026-06-15,823938,0.19182,0.211995
2026-06-15,824181,0.188737,0.191852
2026-06-15,824505,0.185574,0.236566
2026-06-15,824666,0.170642,0.213042
2026-06-15,824993,0.224227,0.247495
2026-06-15,825071,0.251278,0.167543
2026-06-16,822723,0.229893,0.226415
2026-06-16,822888,0.238505,0.226777
2026-06-16,823045,0.200941,0.16298
2026-06-16,823128,0.207377,0.235242
2026-06-16,823451,0.139416,0.259802
2026-06-16,823535,0.178906,0.193525
2026-06-16,823775,0.223354,0.220982
2026-06-16,823939,0.227026,0.21207
2026-06-16,824182,0.207049,0.191957
2026-06-16,824504,0.18556,0.233202
2026-06-16,824667,0.186466,0.212748
2026-06-16,824750,0.139331,0.197748
2026-06-16,824912,0.170748,0.204071
2026-06-16,824991,0.224146,0.246874
2026-06-16,825070,0.232949,0.167096
2026-06-17,822721,0.231367,0.22569
2026-06-17,823044,0.209709,0.161609
2026-06-17,823127,0.207033,0.234615
2026-06-17,823450,0.191129,0.227532
2026-06-17,823536,0.18409,0.212282
2026-06-17,823774,0.218213,0.220853
2026-06-17,823940,0.200007,0.189924
2026-06-17,824178,0.219228,0.191769
2026-06-17,824503,0.185715,0.227
2026-06-17,824668,0.147815,0.196738
2026-06-17,824746,0.214225,0.227774
2026-06-17,824912,,
2026-06-17,824913,0.167989,0.180635
2026-06-17,824992,0.224079,0.247026
2026-06-17,825072,0.270119,0.167333
2026-06-18,822889,0.23725,0.226325
2026-06-18,823125,0.206842,0.208209
2026-06-18,823448,0.184037,0.228159
2026-06-18,823533,0.184198,0.193527
2026-06-18,823772,0.215037,0.221409
2026-06-18,824098,0.210106,0.229198
2026-06-18,824748,0.185233,0.226159
2026-06-18,824911,,
2026-06-18,824989,0.205843,0.285816
2026-06-19,822886,0.215133,0.226964
2026-06-19,822966,0.241249,0.199873
2026-06-19,823124,0.224785,0.2558
2026-06-19,823534,0.233127,0.205826
2026-06-19,823853,0.167809,0.262234
2026-06-19,823936,0.234083,0.187049
2026-06-19,824097,0.160095,0.258129
2026-06-19,824179,0.214994,0.191735
2026-06-19,824264,0.186422,0.191155
2026-06-19,824345,0.177283,0.232496
2026-06-19,824663,0.185201,0.21282
2026-06-19,824910,0.221991,0.185143
2026-06-19,824990,0.225491,0.285632
2026-06-19,825069,0.237232,0.16722
2026-06-20,822885,0.212004,0.226244
2026-06-20,822967,0.245506,0.199245
2026-06-20,823126,0.1953,0.235761
2026-06-20,823447,0.183564,0.228259
2026-06-20,823532,0.232289,0.212145
2026-06-20,823854,0.168147,0.225362
2026-06-20,823937,0.23412,0.211683
2026-06-20,824180,0.215175,0.192066
2026-06-20,824263,0.180484,0.191347
2026-06-20,824342,0.223566,0.183676
2026-06-20,824665,0.151343,0.196249
2026-06-20,824909,0.201171,0.181272
2026-06-20,824988,0.18809,0.248042
2026-06-20,825068,0.23689,0.167369
2026-06-21,822883,0.212657,0.227551
2026-06-21,822968,0.226478,0.199662
2026-06-21,823123,0.220402,0.235356
2026-06-21,823449,0.184636,0.227548
2026-06-21,823531,0.231625,0.205382
2026-06-21,823852,0.166865,0.221679
2026-06-21,823934,0.234456,0.211542
2026-06-21,824095,0.159069,0.220419
2026-06-21,824177,0.213993,0.192352
2026-06-21,824260,0.216761,0.206443
2026-06-21,824343,0.223352,0.184184
2026-06-21,824664,,
2026-06-21,824908,0.221644,0.147922
2026-06-21,824987,0.246613,0.241271
2026-06-21,825067,0.235733,0.167294
2026-06-22,822720,0.22739,0.245832
2026-06-22,822800,0.192251,0.150822
2026-06-22,822964,0.220011,0.199867
2026-06-22,823040,0.16702,0.157882
2026-06-22,823288,0.1824,0.201294
2026-06-22,823613,,
2026-06-22,823692,0.211565,0.235283
2026-06-22,823851,0.226884,0.236106
2026-06-22,824016,0.234126,0.225947
2026-06-22,824261,0.211814,0.205967
2026-06-22,824344,0.222052,0.17146
2026-06-22,824502,0.221686,0.23105
2026-06-22,824585,0.21433,0.179804
2026-06-23,822718,0.225536,0.245796
2026-06-23,822799,0.195826,0.185034
2026-06-23,822963,0.219289,0.199664
2026-06-23,823043,0.166581,0.207194
2026-06-23,823210,0.285604,0.164656
2026-06-23,823286,0.193137,0.21948
2026-06-23,823365,0.234953,0.223023
2026-06-23,823614,0.211775,0.185183
2026-06-23,823690,0.211589,0.211698
2026-06-23,823849,0.22609,0.224989
2026-06-23,824017,0.234218,0.190675
2026-06-23,824262,0.205731,0.189585
2026-06-23,824340,0.229328,0.236035
2026-06-23,824501,0.201925,0.254935
2026-06-23,824584,0.214542,0.189019
2026-06-24,822719,0.225743,0.242893
2026-06-24,822798,0.168301,0.152384
2026-06-24,822965,0.21627,0.18277
2026-06-24,823041,0.16671,0.208452
2026-06-24,823208,0.270766,0.233045
2026-06-24,823284,0.154603,0.216123
2026-06-24,823367,0.234947,0.223111
2026-06-24,823611,0.237158,0.188513
2026-06-24,823613,0.248355,0.221614
2026-06-24,823691,0.211651,0.235237
2026-06-24,823850,0.226968,0.198812
2026-06-24,824018,0.232451,0.230544
2026-06-24,824259,0.234193,0.189774
2026-06-24,824341,0.225467,0.172699
2026-06-24,824500,0.222855,0.26848
2026-06-24,824583,0.214848,0.179785
2026-06-25,822717,0.228265,0.249626
2026-06-25,822797,0.21847,0.139783
2026-06-25,822961,0.216206,0.192312
2026-06-25,823042,,
2026-06-25,823209,0.27014,0.23536
2026-06-25,823366,0.234974,0.218259
2026-06-25,823612,0.249237,0.185509
2026-06-25,824258,0.16463,0.20595
2026-06-25,824747,0.213589,0.196087
2026-06-26,822796,0.227622,0.152995
2026-06-26,822962,0.16657,0.191966
2026-06-26,823039,0.22537,0.15837
2026-06-26,823206,0.189341,0.166789
2026-06-26,823285,0.212074,0.218628
2026-06-26,823363,0.255913,0.256454
2026-06-26,823610,0.228378,0.185556
2026-06-26,823688,0.236768,0.235927
2026-06-26,823773,0.212908,0.222521
2026-06-26,824014,0.267634,0.225998
2026-06-26,824255,0.164652,0.207436
2026-06-26,824423,0.254801,0.219625
2026-06-26,824582,0.226724,0.200601
2026-06-26,824743,0.189453,0.221886
2026-06-26,824824,0.249824,0.23416
2026-06-27,822794,0.216065,0.174775
2026-06-27,822960,0.16657,0.191275
2026-06-27,823038,0.199164,0.159233
2026-06-27,823207,0.193354,0.119713
2026-06-27,823283,0.211935,0.217916
2026-06-27,823364,0.24173,0.219536
2026-06-27,823609,0.227817,0.184792
2026-06-27,823689,0.236371,0.234843
2026-06-27,823770,0.238376,0.202435
2026-06-27,824015,0.267207,0.250158
2026-06-27,824257,0.171765,0.206975
2026-06-27,824421,0.220293,0.161807
2026-06-27,824581,0.227391,0.17864
2026-06-27,824745,0.213964,0.196018
2026-06-27,824825,0.243832,0.234295
2026-06-28,822795,0.217203,0.152507
2026-06-28,822959,0.166563,0.19108
2026-06-28,823037,0.22455,0.158275
2026-06-28,823204,0.154168,0.173316
2026-06-28,823281,0.211406,0.213344
2026-06-28,823362,0.241256,0.254564
2026-06-28,823608,0.228285,0.184661
2026-06-28,823686,0.218559,0.233908
2026-06-28,823769,0.213505,0.222641
2026-06-28,824011,0.236723,0.246037
2026-06-28,824256,0.164635,0.206781
2026-06-28,824422,0.192229,0.143507
2026-06-28,824580,0.223723,0.199839
2026-06-28,824744,0.248152,0.224085
2026-06-28,824821,0.228418,0.207657
2026-06-29,822792,0.184707,0.152644
2026-06-29,823121,0.245063,0.220969
2026-06-29,823444,0.254471,0.228222
2026-06-29,823529,0.191639,0.194976
2026-06-29,823771,0.241983,0.20269
2026-06-29,824176,0.20043,0.167687
2026-06-29,824339,0.195214,0.23553
2026-06-29,824420,0.252635,0.17413
2026-06-29,824662,0.221228,0.213676
2026-06-29,824741,0.25004,0.195427
2026-06-29,824822,0.214469,0.207324
2026-06-29,824986,0.211593,0.272738
2026-06-29,825065,0.164486,0.166563
2026-06-30,822793,0.185543,0.150942
2026-06-30,823122,0.189839,0.191935
2026-06-30,823445,0.29271,0.228573
2026-06-30,823528,0.209402,0.213524
2026-06-30,823768,0.240617,0.223761
2026-06-30,824096,0.190428,0.227237
2026-06-30,824175,0.201159,0.167484
2026-06-30,824338,0.242797,0.235639
2026-06-30,824418,,0.204258
2026-06-30,824661,0.224478,0.217096
2026-06-30,824742,0.249932,0.22254
2026-06-30,824819,0.216765,0.24106
2026-06-30,824907,0.209558,0.188673
2026-06-30,824984,0.211586,0.269792
2026-06-30,825066,0.166489,0.166563
2026-07-01,822791,0.186384,0.197569
2026-07-01,823446,0.257477,0.228468
2026-07-01,823530,0.209145,0.208925
2026-07-01,823767,0.243075,0.203069
2026-07-01,824094,0.189583,0.230712
2026-07-01,824174,0.201132,0.167723
2026-07-01,824337,0.188017,0.236258
2026-07-01,824419,0.252025,0.230138
2026-07-01,824660,0.202499,0.213125
2026-07-01,824740,0.250979,0.226726
2026-07-01,824818,0.17616,0.20701
2026-07-01,824905,0.159736,0.189164
2026-07-01,824985,0.210932,0.288499
2026-07-01,825064,0.166121,0.166425
2026-07-02,822884,0.208714,0.250801
2026-07-02,823119,0.244223,0.221317
2026-07-02,823442,0.22138,0.229185
2026-07-02,823765,0.240676,0.224202
2026-07-02,823935,0.196849,0.211233
2026-07-02,824093,0.189926,0.228063
2026-07-02,824335,0.191803,0.188254
2026-07-02,824416,0.201183,0.203134
2026-07-02,824906,0.159325,0.188734
2026-07-03,822714,0.257326,0.24359
2026-07-03,823120,0.196721,0.230279
2026-07-03,823527,0.201531,0.23487
2026-07-03,823933,0.19686,0.210969
2026-07-03,824013,0.225989,0.243139
2026-07-03,824173,0.189091,0.167567
2026-07-03,824336,0.165703,0.235983
2026-07-03,824417,0.202641,0.200078
2026-07-03,824498,0.207175,0.243136
2026-07-03,824659,0.208402,0.213047
2026-07-03,824904,0.195696,0.188654
2026-07-03,824982,0.191204,0.266789
2026-07-03,825062,0.224474,0.166618
2026-07-04,822716,0.25552,0.227147
2026-07-04,822882,0.208318,0.214324
2026-07-04,823118,0.195731,0.231275
2026-07-04,823526,0.233953,0.195597
2026-07-04,823932,0.197625,0.188952
2026-07-04,824012,0.227185,0.247537
2026-07-04,824092,0.229643,0.225556
2026-07-04,824171,0.212495,0.167778
2026-07-04,824334,0.165938,0.25341
2026-07-04,824415,0.188051,0.203241
2026-07-04,824499,0.207188,0.242067
2026-07-04,824658,0.208279,0.212751
2026-07-04,824903,0.172841,0.149789
2026-07-04,824983,0.190858,0.301321
2026-07-04,825063,0.250584,0.166739
2026-07-05,822715,0.25641,0.227566
2026-07-05,822879,0.207143,0.234421
2026-07-05,823117,0.195833,0.246378
2026-07-05,823525,0.223739,0.233642
2026-07-05,823931,0.198452,0.210556
2026-07-05,824010,0.22403,0.249134
2026-07-05,824091,0.229561,0.23044
2026-07-05,824172,0.190492,0.167223
2026-07-05,824333,0.16559,0.235169
2026-07-05,824413,0.204242,0.227235
2026-07-05,824497,0.20737,0.240844
2026-07-05,824656,0.158918,0.216277
2026-07-05,824902,0.172758,0.188443
2026-07-05,824980,0.172479,0.302702
2026-07-05,825061,0.224311,0.166936
2026-07-06,822712,0.167228,0.226474
2026-07-06,822958,0.222743,0.190716
2026-07-06,823036,0.223901,0.208228
2026-07-06,823205,0.123448,0.165705
2026-07-06,823282,0.166603,0.198664
2026-07-06,823930,0.253346,0.210452
2026-07-06,824089,0.230037,0.207087
2026-07-06,824900,0.194626,0.193452
2026-07-07,822713,0.167618,0.226629
2026-07-07,822881,0.243222,0.223474
2026-07-07,822956,0.223614,0.191591
2026-07-07,823035,,0.208586
2026-07-07,823062,0.223929,0.15953
2026-07-07,823203,0.12319,0.166502
2026-07-07,823280,0.166788,0.194799
2026-07-07,823361,0.194048,0.221329
2026-07-07,823607,0.227523,0.197518
2026-07-07,823687,0.22265,0.178485
2026-07-07,823847,0.230542,0.189663
2026-07-07,823929,0.205348,0.210268
2026-07-07,824254,0.288243,0.207495
2026-07-07,824495,0.230249,0.240311
2026-07-07,824579,0.224378,0.227953
2026-07-07,824820,0.21266,0.206959
2026-07-08,822710,0.167966,0.226353
2026-07-08,822880,0.238193,0.223514
2026-07-08,822957,0.216157,0.191476
2026-07-08,823032,0.25022,0.216337
2026-07-08,823202,0.122824,0.166119
2026-07-08,823279,0.158324,0.194736
2026-07-08,823360,0.193952,0.220666
2026-07-08,823605,0.23157,0.195207
2026-07-08,823684,0.195172,0.202424
2026-07-08,823848,0.231162,0.136696
2026-07-08,823928,0.203171,0.194586
2026-07-08,824253,0.289552,0.190954
2026-07-08,824496,0.26301,0.241152
2026-07-08,824578,0.224236,0.228064
2026-07-08,824815,0.212186,0.207007
2026-07-09,822877,0.233517,0.248691
2026-07-09,822954,0.23404,0.191713
2026-07-09,823034,0.250581,0.159116
2026-07-09,823201,0.195582,0.166206
2026-07-09,823277,0.166416,0.194526
2026-07-09,823359,0.194702,0.221034
2026-07-09,823606,0.206738,0.194871
2026-07-09,823683,0.177371,0.201793
2026-07-09,823846,0.230997,0.136425
2026-07-09,824251,0.201101,0.20597
2026-07-09,824494,0.230351,0.239771
2026-07-09,824577,0.223484,0.187474
2026-07-09,824816,0.215895,0.206553
2026-07-10,822709,0.214839,0.246527
2026-07-10,822878,0.165857,0.229332
2026-07-10,822955,0.230426,0.191123
2026-07-10,823033,0.19472,0.20737
2026-07-10,823200,0.199866,0.166316
2026-07-10,823278,0.180147,0.195387
2026-07-10,823357,,
2026-07-10,823604,0.223478,0.200825
2026-07-10,823685,0.193656,0.21218
2026-07-10,823845,0.176122,0.1785
2026-07-10,823927,0.166606,0.21026
2026-07-10,824252,0.230769,0.207618
2026-07-10,824493,0.211616,0.24254
2026-07-10,824575,0.236378,0.221263
2026-07-10,824817,0.232769,0.20623
2026-07-11,822711,0.215534,0.225813
2026-07-11,822875,0.165369,0.229159
2026-07-11,822953,0.229794,0.19078
2026-07-11,823030,0.195089,0.158458
2026-07-11,823198,0.235858,0.166252
2026-07-11,823276,0.122184,0.195177
2026-07-11,823356,0.223823,0.228892
2026-07-11,823357,0.260794,0.201656
2026-07-11,823603,0.223142,0.199162
2026-07-11,823682,0.233329,0.188457
2026-07-11,823844,0.177815,0.189789
2026-07-11,823926,0.166712,0.210573
2026-07-11,824249,0.230221,0.190987
2026-07-11,824492,0.216742,0.239646
2026-07-11,824576,0.17814,0.238214
2026-07-11,824813,0.232348,0.205905
2026-07-12,822708,0.232647,
2026-07-12,822876,0.164993,0.228973
2026-07-12,822951,0.246695,0.190718
2026-07-12,823029,0.189397,0.2064
2026-07-12,823199,0.236223,0.166242
2026-07-12,823274,0.122466,0.194967
2026-07-12,823358,0.224186,0.220496
2026-07-12,823602,0.223313,0.198896
2026-07-12,823681,0.232745,0.19716
2026-07-12,823842,0.179003,0.170183
2026-07-12,823925,0.166818,0.210368
2026-07-12,824250,0.230068,0.192247
2026-07-12,824491,0.216699,0.241316
2026-07-12,824574,0.146133,0.176074
2026-07-12,824814,0.232747,0.2372
2026-07-16,823440,0.197343,0.230351
2026-07-17,822789,0.223862,0.180614
2026-07-17,823115,0.170994,0.230049
2026-07-17,823524,0.210266,0.224056
2026-07-17,823766,0.136082,0.224238
2026-07-17,824009,0.191534,0.232668
2026-07-17,824090,0.195562,0.234703
2026-07-17,824170,0.205708,0.164619
2026-07-17,824332,0.238718,0.236259
2026-07-17,824414,,
2026-07-17,824655,0.197062,0.251732
2026-07-17,824737,0.190879,0.221111
2026-07-17,824766,0.190879,0.221111
2026-07-17,824901,0.249486,0.189023
2026-07-17,824981,0.251047,0.151804
2026-07-17,825060,0.159242,0.167443
2026-07-18,822790,0.222482,0.123098
2026-07-18,823116,0.171829,0.220628
2026-07-18,823441,0.171234,0.230405
2026-07-18,823523,,
2026-07-18,823763,0.234596,0.252438
2026-07-18,824008,0.193626,0.238391
2026-07-18,824088,0.195123,0.233021
2026-07-18,824169,0.205575,0.164248
2026-07-18,824331,0.238425,0.212755
2026-07-18,824412,0.192423,0.17796
2026-07-18,824414,0.220347,0.17796
2026-07-18,824657,0.188172,0.251728
2026-07-18,824738,0.183296,0.217534
2026-07-18,824899,0.22884,0.188654
2026-07-18,824979,0.239402,0.179033
2026-07-18,825059,0.158699,0.167644
2026-07-19,822786,0.223362,0.123551
2026-07-19,823113,0.170106,0.203824
2026-07-19,823439,0.198756,0.229933
2026-07-19,823521,0.210807,0.223767
2026-07-19,823523,0.210807,0.231634
2026-07-19,823764,0.233811,0.224794
2026-07-19,824007,0.193538,0.233154
2026-07-19,824086,0.203133,0.223168
2026-07-19,824168,0.238907,0.167742
2026-07-19,824330,0.2386,0.235983
2026-07-19,824411,0.209938,0.149016
2026-07-19,824653,0.187983,0.25243
2026-07-19,824739,0.190655,0.246218
2026-07-19,824897,0.22873,0.188434
2026-07-19,824978,0.250834,0.178873
2026-07-19,825057,0.206002,0.167421
2026-07-20,822788,0.191197,0.123304
2026-07-20,822874,0.224662,0.228121
2026-07-20,823112,0.237994,0.237797
2026-07-20,823436,0.210431,0.230784
2026-07-20,823522,0.230648,0.223788
2026-07-20,823762,0.199181,0.225054
2026-07-20,824006,0.158371,0.233313
2026-07-20,824087,0.171322,0.233123
2026-07-20,824167,0.233835,0.164219
2026-07-20,824328,0.250739,0.200233
2026-07-20,824410,0.235004,0.15178
2026-07-20,824654,0.175105,0.252387
2026-07-20,824736,0.234464,0.221041
2026-07-20,824898,0.202893,0.188256
2026-07-20,825058,0.178976,0.183721
2026-07-21,822787,0.190739,0.123059
2026-07-21,822871,0.223073,0.25049
2026-07-21,823114,0.238778,0.221464
2026-07-21,823437,0.211472,0.231161
2026-07-21,823519,,
2026-07-21,823760,0.201842,0.203138
2026-07-21,824005,0.160488,0.233441
2026-07-21,824085,0.243056,0.262389
2026-07-21,824165,0.236553,0.164242
2026-07-21,824329,0.240235,0.218297
2026-07-21,824409,0.210967,0.136686
2026-07-21,824652,0.193534,0.21693
2026-07-21,824735,,
2026-07-21,824895,0.197597,0.188765
2026-07-21,825056,0.178929,0.167509
2026-07-22,822784,0.190462,0.122817
2026-07-22,822873,0.22299,0.259282
2026-07-22,823110,0.23874,0.212275
2026-07-22,823438,0.211767,0.231392
2026-07-22,823518,0.222336,0.284797
2026-07-22,823519,0.219438,0.223877
2026-07-22,823761,0.204562,0.224652
2026-07-22,824004,0.207851,0.233157
2026-07-22,824083,0.185323,0.224848
2026-07-22,824166,0.236423,0.164265
2026-07-22,824327,0.240067,0.23544
2026-07-22,824408,0.203685,0.115633
2026-07-22,824650,0.192169,0.252384
2026-07-22,824732,0.23455,0.219774
2026-07-22,824735,0.23455,0.195091
2026-07-22,824896,0.186975,0.188842
2026-07-22,825055,0.178704,0.167596
2026-07-23,822785,0.191198,0.156339
2026-07-23,823042,0.166413,0.193562
2026-07-23,824247,0.225349,0.175726
2026-07-23,824406,0.205814,0.11479
2026-07-23,824893,0.187226,0.188524
2026-07-24,822707,0.167557,0.250045
2026-07-24,822872,0.237457,0.231675
2026-07-24,822952,0.216099,0.191684
2026-07-24,823031,0.238113,0.192436
2026-07-24,823196,0.232863,0.18542
2026-07-24,823352,0.252808,0.194781
2026-07-24,823434,0.218982,0.231989
2026-07-24,823601,0.210175,0.20263
2026-07-24,823680,0.178837,0.212223
2026-07-24,823759,0.198586,0.224419
2026-07-24,823843,0.198629,0.237145
2026-07-24,824248,0.241131,0.207728
2026-07-24,824573,0.163794,0.224404
2026-07-24,824733,0.181338,0.219823
2026-07-24,824812,0.188108,0.236182
2026-07-25,822704,0.166306,0.249017
2026-07-25,822869,0.212687,0.231041
2026-07-25,822948,0.142542,0.191951
2026-07-25,823027,0.238473,0.19298
2026-07-25,823197,0.240275,0.18397
2026-07-25,823355,0.253069,0.1943
2026-07-25,823435,0.220033,0.232468
2026-07-25,823600,0.211143,0.205211
2026-07-25,823679,0.205045,0.234656
2026-07-25,823758,0.199462,0.22393
2026-07-25,823841,0.1986,0.238053
2026-07-25,824244,0.263723,0.175622
2026-07-25,824571,0.163662,0.223616
2026-07-25,824734,0.194028,0.218445
2026-07-25,824811,0.189617,0.236951
2026-07-26,822706,0.166198,0.252099
2026-07-26,822870,0.212575,0.230729
2026-07-26,822950,0.115541,0.18532
2026-07-26,823028,0.238638,0.20795
2026-07-26,823194,0.240048,0.185152
2026-07-26,823354,0.253619,0.222724
2026-07-26,823433,0.220525,0.232314
2026-07-26,823599,0.210779,0.205887
2026-07-26,823678,0.198514,0.211936
2026-07-26,823755,0.236372,0.205134
2026-07-26,823840,0.198395,0.237823
2026-07-26,824246,0.199356,0.175839
2026-07-26,824572,0.163908,0.222859
2026-07-26,824730,0.131861,0.194702
2026-07-26,824810,0.189827,0.23689
2026-07-27,822705,0.123883,0.240948
2026-07-27,822868,0.211399,0.229859
2026-07-27,823025,0.218096,0.208728
2026-07-27,823195,0.223436,0.186335
2026-07-27,823353,0.165593,0.223114
2026-07-27,823597,0.220724,0.20429
2026-07-27,823839,0.23225,0.238048
2026-07-27,824001,0.163923,0.232144
2026-07-27,824245,0.236573,0.192351
2026-07-27,824490,,
2026-07-27,824570,0.227881,0.235868
2026-07-27,824977,0.195989,0.164894
2026-07-28,822703,0.174373,0.22978
2026-07-28,822949,0.22955,0.192513
2026-07-28,823026,0.253722,0.194436
2026-07-28,823193,0.202912,0.186391
2026-07-28,823275,0.23739,0.198421
2026-07-28,823350,0.166046,0.22337
2026-07-28,823598,,
2026-07-28,823676,0.263691,0.220246
2026-07-28,823838,0.190607,0.239042
2026-07-28,823923,0.218295,0.211219
2026-07-28,824003,0.16406,0.231584
2026-07-28,824243,0.235741,0.202491
2026-07-28,824489,0.116875,0.238263
2026-07-28,824490,0.116875,0.238263
2026-07-28,824569,0.220839,0.22016
2026-07-28,824976,0.262268,0.198807
2026-07-29,822702,0.23105,0.248833
2026-07-29,822947,0.230167,0.19241
2026-07-29,823022,0.253992,0.208468
2026-07-29,823192,0.240371,0.187149
2026-07-29,823273,0.220441,0.198029
2026-07-29,823351,0.166088,0.230547
2026-07-29,823596,0.22142,0.204344
2026-07-29,823598,0.22142,0.210875
2026-07-29,823677,0.265716,0.202419
2026-07-29,823837,0.190775,0.177539
2026-07-29,823924,0.217693,0.211037
2026-07-29,824002,0.164876,0.231555
2026-07-29,824242,0.233556,0.189077
2026-07-29,824487,0.1172,0.253873
2026-07-29,824567,0.230941,0.221257
2026-07-29,824973,0.247519,0.158663
2026-07-30,822946,0.230093,0.192746
2026-07-30,823023,0.253605,0.19364
2026-07-30,823271,0.186073,0.187287
2026-07-30,823595,0.13805,0.203121
2026-07-30,823674,0.269965,0.198761
2026-07-30,823921,0.218712,0.190197
2026-07-30,824488,0.223153,0.240696
2026-07-30,824568,0.23121,0.231637
2026-07-30,824894,0.229657,0.221636
2026-07-30,824974,0.219994,0.206966
2026-07-31,822782,0.194155,0.193516
2026-07-31,822945,0.223369,0.192642
2026-07-31,823111,0.211481,0.21887
2026-07-31,823272,0.186662,0.187338
2026-07-31,823593,0.138037,0.204362
2026-07-31,823922,0.236547,0.190929
2026-07-31,823999,0.223184,0.231322
2026-07-31,824164,0.220491,0.165009
2026-07-31,824325,0.266021,0.238656
2026-07-31,824407,0.166158,0.159494
2026-07-31,824486,0.223651,0.241479
2026-07-31,824651,0.221593,0.219548
2026-07-31,824809,0.23226,0.234162
2026-07-31,824892,0.229905,0.221366
2026-07-31,824975,0.187258,0.198697
2026-08-01,822781,0.19499,0.207332
2026-08-01,822944,0.22109,0.144564
2026-08-01,823109,0.210947,0.219709
2026-08-01,823269,0.210138,0.198063
2026-08-01,823594,0.1772,0.204423
2026-08-01,823920,0.217876,0.210471
2026-08-01,824000,0.202482,0.231564
2026-08-01,824162,0.220408,0.164874
2026-08-01,824326,0.265574,0.180588
2026-08-01,824405,0.165682,0.117436
2026-08-01,824485,0.223856,0.240677
2026-08-01,824649,0.224855,0.218017
2026-08-01,824808,0.232105,0.261093
2026-08-01,824890,0.251425,0.221514
2026-08-01,824972,0.187206,0.165681
2026-08-02,822783,0.209017,0.20667
2026-08-02,822943,0.224441,0.192864
2026-08-02,823107,0.197786,0.218747
2026-08-02,823270,0.188101,0.186774
2026-08-02,823592,0.190329,0.203093
2026-08-02,823919,0.234939,0.210489
2026-08-02,823996,0.248421,0.231805
2026-08-02,824163,0.220454,0.164753
2026-08-02,824323,0.22416,0.206472
2026-08-02,824404,0.165489,0.116629
2026-08-02,824483,0.223645,0.241378
2026-08-02,824648,0.218146,0.253044
2026-08-02,824807,0.231974,0.234359
2026-08-02,824891,0.233985,0.221311
2026-08-02,824971,0.186894,0.201428
2026-08-03,822867,,
2026-08-03,823431,,
2026-08-03,823520,,
2026-08-03,823757,,
2026-08-03,824160,,
2026-08-03,824324,,
2026-08-03,824647,,
2026-08-03,825095,,
