date,game_pk,home_def_oaa,away_def_oaa,away_top3_sprint,home_top3_sprint
2024-04-01,746817,-18.0,-14.0,27.90,27.47
2024-04-01,746899,16.0,-3.0,27.43,28.17
2024-04-01,744875,-3.0,3.0,26.13,27.83
2024-04-01,747058,-13.0,32.0,29.50,27.50
2024-04-01,745600,6.0,-33.0,27.43,29.13
2024-04-01,746085,-34.0,-21.0,27.60,26.67
2024-04-01,745109,-3.0,33.0,28.17,27.43
2024-04-01,745842,-15.0,-11.0,28.00,27.37
2024-04-01,746409,3.0,7.0,27.20,27.10
2024-04-01,745675,-24.0,-54.0,28.10,27.33
2024-04-01,745277,20.0,12.0,28.37,27.97
2024-04-01,745437,26.0,0.0,26.67,28.40
2024-04-01,747218,35.0,1.0,26.63,28.30
2024-04-01,746170,-5.0,15.0,26.30,27.23
2024-04-02,746009,36.0,-11.0,27.67,27.73
2024-04-02,747057,-13.0,32.0,28.17,27.50
2024-04-02,745598,6.0,-33.0,28.07,27.63
2024-04-02,746086,-34.0,-21.0,27.77,26.67
2024-04-02,745111,-3.0,33.0,28.17,27.60
2024-04-02,746898,16.0,-3.0,27.43,28.10
2024-04-02,746814,-18.0,-14.0,27.90,27.47
2024-04-02,746411,3.0,7.0,27.10,26.60
2024-04-02,745680,-24.0,-54.0,26.80,27.83
2024-04-02,745273,20.0,12.0,28.37,27.97
2024-04-02,745439,26.0,0.0,26.73,28.40
2024-04-02,747220,35.0,1.0,26.63,27.55
2024-04-02,746169,-5.0,15.0,29.30,27.23
2024-04-02,745844,-15.0,-11.0,27.47,27.37
2024-04-03,747059,-13.0,32.0,28.17,28.00
2024-04-03,745114,-3.0,33.0,27.97,27.30
2024-04-03,746083,-34.0,-21.0,27.87,27.00
2024-04-03,746008,36.0,-11.0,28.80,27.30
2024-04-03,745678,-24.0,-54.0,28.10,27.83
2024-04-03,747219,35.0,1.0,26.63,28.30
2024-04-03,745603,6.0,-33.0,28.07,27.63
2024-04-03,745275,20.0,12.0,27.63,28.67
2024-04-03,745440,26.0,0.0,26.55,28.40
2024-04-03,744869,-3.0,3.0,27.87,27.83
2024-04-03,746900,16.0,-3.0,27.17,28.17
2024-04-03,746407,3.0,7.0,27.87,27.47
2024-04-03,746163,-5.0,15.0,26.30,27.23
2024-04-03,746816,-18.0,-14.0,27.33,27.33
2024-04-03,745843,-15.0,-11.0,28.17,27.37
2024-04-04,744870,-3.0,3.0,27.87,27.83
2024-04-04,745928,-11.0,12.0,28.37,27.83
2024-04-04,745200,0.0,-34.0,26.67,25.65
2024-04-04,746327,32.0,-18.0,27.47,27.93
2024-04-05,745764,1.0,7.0,27.10,26.63
2024-04-05,746497,-11.0,-24.0,27.30,28.00
2024-04-05,746897,16.0,-5.0,27.23,28.17
2024-04-05,746576,-3.0,-3.0,27.60,27.43
2024-04-05,745524,3.0,-13.0,27.50,27.87
2024-04-05,745361,15.0,26.0,28.40,25.50
2024-04-05,746733,-33.0,-15.0,26.83,28.53
2024-04-05,744874,-3.0,6.0,27.63,27.13
2024-04-05,747143,-14.0,35.0,28.30,27.90
2024-04-05,746328,32.0,-18.0,26.85,28.17
2024-04-05,745033,33.0,3.0,26.90,29.10
2024-04-05,746007,36.0,20.0,27.97,27.30
2024-04-05,746249,-21.0,-54.0,27.80,27.60
2024-04-06,746498,-11.0,-24.0,27.83,28.17
2024-04-06,745926,-11.0,12.0,28.37,26.93
2024-04-06,745197,0.0,-34.0,26.67,26.13
2024-04-06,746896,16.0,-5.0,27.23,28.17
2024-04-06,745522,3.0,-13.0,27.90,27.87
2024-04-06,744873,-3.0,6.0,27.63,27.17
2024-04-06,746731,-33.0,-15.0,27.37,27.43
2024-04-06,745031,33.0,3.0,26.60,27.45
2024-04-06,745766,1.0,7.0,27.10,26.63
2024-04-06,746329,32.0,-18.0,26.40,28.17
2024-04-06,746006,36.0,20.0,27.97,27.73
2024-04-06,747140,-14.0,35.0,28.30,27.90
2024-04-06,746575,-3.0,-3.0,27.43,27.43
2024-04-06,745359,15.0,26.0,28.40,25.50
2024-04-06,746248,-21.0,-54.0,27.13,27.60
2024-04-07,745523,3.0,-13.0,28.00,27.87
2024-04-07,744871,-3.0,6.0,27.63,27.60
2024-04-07,747141,-14.0,35.0,28.30,27.90
2024-04-07,745765,1.0,7.0,27.10,26.63
2024-04-07,746734,-33.0,-15.0,27.37,27.93
2024-04-07,746493,-11.0,-24.0,28.10,27.57
2024-04-07,746330,32.0,-18.0,26.90,28.40
2024-04-07,746003,36.0,20.0,27.80,27.40
2024-04-07,745198,0.0,-34.0,27.07,27.10
2024-04-07,746895,16.0,-5.0,27.37,28.17
2024-04-07,746574,-3.0,-3.0,27.77,26.73
2024-04-07,745362,15.0,26.0,28.40,28.35
2024-04-07,746251,-21.0,-54.0,28.70,27.60
2024-04-07,745032,33.0,3.0,26.60,27.45
2024-04-07,745927,-11.0,12.0,27.95,28.60
2024-04-08,746654,12.0,-18.0,26.90,27.63
2024-04-08,745761,1.0,-34.0,27.00,26.63
2024-04-08,745520,3.0,-11.0,27.23,27.87
2024-04-08,746735,-33.0,36.0,27.30,28.40
2024-04-08,744956,7.0,20.0,27.97,27.10
2024-04-08,747142,-14.0,-15.0,27.37,27.90
2024-04-08,745925,-11.0,-5.0,27.23,27.03
2024-04-08,745194,0.0,6.0,28.57,26.67
2024-04-08,745034,33.0,3.0,27.57,27.45
2024-04-08,746569,-3.0,35.0,28.30,27.17
2024-04-08,746252,-21.0,-3.0,27.60,28.20
2024-04-08,745432,26.0,16.0,28.17,28.40
2024-04-08,745363,15.0,-3.0,27.60,25.20
2024-04-09,745517,3.0,-11.0,28.33,27.77
2024-04-09,746981,-54.0,-13.0,27.73,28.00
2024-04-09,746653,12.0,-18.0,27.70,28.37
2024-04-09,746732,-33.0,36.0,27.57,28.07
2024-04-09,745762,1.0,-34.0,27.27,26.63
2024-04-09,744957,7.0,20.0,27.97,27.10
2024-04-09,747138,-14.0,-15.0,27.73,27.90
2024-04-09,746326,32.0,3.0,26.60,29.50
2024-04-09,745924,-11.0,-5.0,27.23,26.93
2024-04-09,745195,0.0,6.0,27.63,26.73
2024-04-09,745030,33.0,-24.0,28.10,28.73
2024-04-09,746571,-3.0,35.0,28.33,27.17
2024-04-09,746250,-21.0,-3.0,27.60,28.00
2024-04-09,745357,15.0,-3.0,28.17,27.15
2024-04-09,745433,26.0,16.0,28.17,28.40
2024-04-10,745923,-11.0,-5.0,27.23,27.40
2024-04-10,745196,0.0,6.0,27.63,26.77
2024-04-10,744950,7.0,20.0,27.10,27.10
2024-04-10,746573,-3.0,35.0,28.30,26.77
2024-04-10,745355,15.0,-3.0,27.13,25.50
2024-04-10,746247,-21.0,-3.0,27.67,28.50
2024-04-10,746655,12.0,-18.0,27.30,28.37
2024-04-10,745429,26.0,16.0,28.17,28.33
2024-04-10,746728,-33.0,36.0,27.30,27.93
2024-04-10,745763,1.0,-34.0,27.07,27.30
2024-04-10,746980,-54.0,-13.0,27.50,28.00
2024-04-10,746323,32.0,3.0,26.90,26.70
2024-04-10,745024,33.0,-24.0,27.40,28.17
2024-04-10,747139,-14.0,-15.0,28.10,27.60
2024-04-11,747137,-14.0,-15.0,28.00,27.97
2024-04-11,746322,32.0,3.0,27.57,27.93
2024-04-11,745029,33.0,-24.0,28.03,27.45
2024-04-11,745601,6.0,3.0,26.13,27.63
2024-04-11,746977,-54.0,-13.0,27.73,28.07
2024-04-11,746490,-11.0,-11.0,26.70,27.77
2024-04-11,746730,-33.0,36.0,26.90,28.90
2024-04-12,746491,-11.0,-11.0,28.30,27.95
2024-04-12,745596,6.0,3.0,26.13,27.63
2024-04-12,745112,-3.0,15.0,27.15,27.67
2024-04-12,747055,-13.0,36.0,28.25,27.80
2024-04-12,744954,7.0,-3.0,26.77,27.40
2024-04-12,746978,-54.0,-21.0,27.60,28.63
2024-04-12,745838,-15.0,32.0,28.17,27.73
2024-04-12,746084,-34.0,-14.0,27.90,26.67
2024-04-12,746812,-18.0,-33.0,28.07,26.97
2024-04-12,746408,3.0,33.0,29.15,26.60
2024-04-12,745679,-24.0,-3.0,28.30,28.10
2024-04-12,745274,20.0,16.0,28.17,27.10
2024-04-12,747217,35.0,0.0,26.67,28.30
2024-04-12,746162,-5.0,26.0,28.40,27.23
2024-04-12,746656,12.0,1.0,27.30,28.37
2024-04-13,746658,12.0,1.0,28.05,28.43
2024-04-13,746489,-11.0,-11.0,26.30,27.77
2024-04-13,745839,-15.0,32.0,28.63,27.73
2024-04-13,746811,-18.0,-33.0,27.93,26.60
2024-04-13,744953,7.0,-3.0,27.17,27.10
2024-04-13,746405,3.0,33.0,28.17,26.60
2024-04-13,745594,6.0,3.0,27.87,28.90
2024-04-13,747054,-13.0,36.0,27.73,28.00
2024-04-13,745676,-24.0,-3.0,27.13,27.40
2024-04-13,746979,-54.0,-21.0,28.00,27.47
2024-04-13,745110,-3.0,15.0,26.00,28.00
2024-04-13,746082,-34.0,-14.0,27.90,26.67
2024-04-13,747215,35.0,0.0,26.67,28.30
2024-04-13,746161,-5.0,26.0,28.80,27.23
2024-04-13,745272,20.0,16.0,28.17,27.10
2024-04-14,746975,-54.0,-21.0,27.80,28.63
2024-04-14,745595,6.0,3.0,27.87,27.63
2024-04-14,747056,-13.0,36.0,27.55,27.73
2024-04-14,744952,7.0,-3.0,27.17,27.10
2024-04-14,745841,-15.0,32.0,28.17,27.73
2024-04-14,745113,-3.0,15.0,26.05,27.60
2024-04-14,746492,-11.0,-11.0,27.60,27.77
2024-04-14,746079,-34.0,-14.0,27.90,26.37
2024-04-14,746648,12.0,1.0,27.30,27.77
2024-04-14,746404,3.0,33.0,28.17,27.57
2024-04-14,746810,-18.0,-33.0,28.07,26.87
2024-04-14,745681,-24.0,-3.0,28.07,28.10
2024-04-14,745271,20.0,16.0,28.17,27.00
2024-04-14,747216,35.0,0.0,26.67,28.30
2024-04-14,746164,-5.0,26.0,28.40,27.23
2024-04-15,746974,-54.0,12.0,28.37,28.23
2024-04-15,747053,-13.0,-11.0,27.67,27.83
2024-04-15,746488,-11.0,33.0,29.10,28.30
2024-04-15,745597,6.0,-3.0,27.17,28.57
2024-04-15,746080,-34.0,15.0,25.50,26.57
2024-04-15,745106,-3.0,-21.0,28.00,27.60
2024-04-15,744951,7.0,1.0,27.30,27.10
2024-04-15,745840,-15.0,3.0,27.87,27.73
2024-04-15,746813,-18.0,32.0,28.17,26.87
2024-04-15,746002,36.0,26.0,28.10,27.55
2024-04-15,746406,3.0,-14.0,27.90,26.60
2024-04-15,747213,35.0,16.0,28.13,28.30
2024-04-15,745677,-24.0,0.0,27.10,28.10
2024-04-15,745268,20.0,-33.0,28.07,27.97
2024-04-15,746158,-5.0,-3.0,27.13,27.23
2024-04-16,746486,-11.0,33.0,28.17,28.00
2024-04-16,747051,-13.0,-11.0,26.90,27.83
2024-04-16,745593,6.0,-3.0,27.17,27.63
2024-04-16,746081,-34.0,15.0,26.25,27.40
2024-04-16,745108,-3.0,-21.0,28.00,28.20
2024-04-16,744944,7.0,1.0,27.30,27.10
2024-04-16,746976,-54.0,12.0,28.37,27.93
2024-04-16,745837,-15.0,3.0,27.77,27.73
2024-04-16,746004,36.0,26.0,27.50,27.57
2024-04-16,746400,3.0,-14.0,28.30,26.60
2024-04-16,747214,35.0,16.0,28.40,28.30
2024-04-16,745270,20.0,-33.0,28.07,27.97
2024-04-16,745674,-24.0,0.0,26.73,29.30
2024-04-16,746157,-5.0,-3.0,27.13,27.23
2024-04-16,746809,-18.0,32.0,30.20,27.17
2024-04-17,746076,-34.0,15.0,25.70,27.40
2024-04-17,747049,-13.0,-11.0,27.60,27.73
2024-04-17,745836,-15.0,3.0,27.87,27.67
2024-04-17,746487,-11.0,33.0,27.45,27.75
2024-04-17,746005,36.0,26.0,27.50,27.47
2024-04-17,746401,3.0,-14.0,28.30,27.47
2024-04-17,746807,-18.0,32.0,28.17,26.13
2024-04-17,744948,7.0,1.0,27.30,27.10
2024-04-17,746159,-5.0,-3.0,29.30,27.23
2024-04-17,745671,-24.0,0.0,27.10,28.67
2024-04-17,747212,35.0,16.0,28.13,28.30
2024-04-17,745267,20.0,-33.0,28.60,27.97
2024-04-17,745591,6.0,-3.0,27.93,27.63
2024-04-17,745105,-3.0,-21.0,28.00,27.60
2024-04-17,746973,-54.0,12.0,28.37,26.80
2024-04-18,745104,-3.0,-21.0,28.00,28.13
2024-04-18,746485,-11.0,33.0,28.17,28.00
2024-04-18,746970,-54.0,12.0,28.00,27.03
2024-04-18,745356,15.0,35.0,28.07,26.30
2024-04-18,746891,16.0,-34.0,26.57,28.40
2024-04-19,746892,16.0,-34.0,27.67,28.17
2024-04-19,746729,-33.0,-21.0,28.00,28.47
2024-04-19,745518,3.0,-54.0,27.77,27.87
2024-04-19,745592,6.0,-18.0,27.07,27.63
2024-04-19,744872,-3.0,3.0,26.50,26.23
2024-04-19,745758,1.0,-3.0,28.70,27.30
2024-04-19,746650,12.0,-24.0,28.10,28.43
2024-04-19,747136,-14.0,33.0,27.45,27.33
2024-04-19,746325,32.0,-13.0,27.83,28.17
2024-04-19,745922,-11.0,-11.0,27.95,27.13
2024-04-19,745189,0.0,36.0,27.67,27.10
2024-04-19,745430,26.0,7.0,26.23,28.40
2024-04-19,746160,-5.0,-15.0,27.73,27.23
2024-04-19,745352,15.0,35.0,30.05,26.03
2024-04-19,746572,-3.0,20.0,26.85,26.50
2024-04-20,745760,1.0,-3.0,27.60,27.30
2024-04-20,745921,-11.0,-11.0,27.75,26.47
2024-04-20,745190,0.0,36.0,27.57,26.73
2024-04-20,746893,16.0,-34.0,27.40,28.27
2024-04-20,744865,-3.0,3.0,26.50,29.30
2024-04-20,746156,-5.0,-15.0,27.73,27.23
2024-04-20,745515,3.0,-54.0,27.77,27.83
2024-04-20,745354,15.0,35.0,28.30,27.55
2024-04-20,745590,6.0,-18.0,26.90,27.63
2024-04-20,746651,12.0,-24.0,27.37,27.63
2024-04-20,746726,-33.0,-21.0,28.40,28.53
2024-04-20,746324,32.0,-13.0,28.00,28.17
2024-04-20,747135,-14.0,33.0,28.00,28.30
2024-04-20,746570,-3.0,20.0,27.97,27.17
2024-04-20,745431,26.0,7.0,27.10,28.40
2024-04-21,744866,-3.0,3.0,26.60,27.13
2024-04-21,745514,3.0,-54.0,28.43,27.33
2024-04-21,745588,6.0,-18.0,27.33,27.63
2024-04-21,745759,1.0,-3.0,27.60,27.30
2024-04-21,746727,-33.0,-21.0,28.27,29.23
2024-04-21,746652,12.0,-24.0,26.50,27.70
2024-04-21,746316,32.0,-13.0,27.50,28.17
2024-04-21,745920,-11.0,-11.0,27.77,28.20
2024-04-21,745192,0.0,36.0,27.67,27.20
2024-04-21,746894,16.0,-34.0,27.40,28.47
2024-04-21,746568,-3.0,20.0,27.67,27.17
2024-04-21,745353,15.0,35.0,28.30,25.20
2024-04-21,746154,-5.0,-15.0,28.20,27.07
2024-04-21,745434,26.0,7.0,27.10,28.40
2024-04-21,747133,-14.0,33.0,28.17,28.30
2024-04-22,745757,1.0,-24.0,27.27,27.30
2024-04-22,746723,-33.0,6.0,27.97,28.17
2024-04-22,745519,3.0,36.0,27.05,27.77
2024-04-22,745107,-3.0,-11.0,28.00,27.93
2024-04-22,747134,-14.0,-34.0,27.40,27.33
2024-04-22,746319,32.0,7.0,27.10,28.17
2024-04-22,745916,-11.0,-18.0,27.33,26.97
2024-04-22,745191,0.0,35.0,28.30,27.20
2024-04-22,746565,-3.0,26.0,28.40,27.17
2024-04-22,746242,-21.0,-13.0,28.23,28.10
2024-04-22,745351,15.0,-15.0,27.73,25.70
2024-04-23,746647,12.0,-54.0,28.90,28.37
2024-04-23,746722,-33.0,6.0,27.97,28.17
2024-04-23,745516,3.0,36.0,27.13,27.77
2024-04-23,744863,-3.0,-5.0,27.23,26.70
2024-04-23,745102,-3.0,-11.0,27.95,28.10
2024-04-23,745754,1.0,-24.0,28.35,27.30
2024-04-23,747130,-14.0,-34.0,26.57,27.33
2024-04-23,746888,16.0,3.0,26.60,28.10
2024-04-23,746321,32.0,7.0,27.10,28.17
2024-04-23,745917,-11.0,-18.0,27.03,26.97
2024-04-23,745193,0.0,35.0,27.33,26.45
2024-04-23,745026,33.0,20.0,27.77,28.17
2024-04-23,746566,-3.0,26.0,28.40,27.17
2024-04-23,746246,-21.0,-13.0,28.00,28.10
2024-04-23,745348,15.0,-15.0,27.73,26.30
2024-04-24,745188,0.0,35.0,26.90,26.23
2024-04-24,745346,15.0,-15.0,27.73,25.50
2024-04-24,746244,-21.0,-13.0,28.00,28.13
2024-04-24,746649,12.0,-54.0,28.00,28.37
2024-04-24,746725,-33.0,6.0,27.30,29.23
2024-04-24,745513,3.0,36.0,27.13,27.33
2024-04-24,744864,-3.0,-5.0,27.23,25.90
2024-04-24,745099,-3.0,-11.0,27.95,27.67
2024-04-24,745753,1.0,-24.0,26.73,27.30
2024-04-24,747132,-14.0,-34.0,27.40,28.30
2024-04-24,746889,16.0,3.0,26.50,27.90
2024-04-24,746317,32.0,7.0,27.10,28.17
2024-04-24,745919,-11.0,-18.0,26.20,28.03
2024-04-24,745028,33.0,20.0,27.97,28.00
2024-04-24,746567,-3.0,26.0,28.40,27.17
2024-04-25,745512,3.0,36.0,27.05,27.77
2024-04-25,746646,12.0,-54.0,27.53,28.17
2024-04-25,746724,-33.0,6.0,27.63,29.23
2024-04-25,745918,-11.0,-18.0,26.60,27.60
2024-04-25,746320,32.0,7.0,27.10,28.17
2024-04-25,746887,16.0,3.0,26.50,27.83
2024-04-25,745027,33.0,20.0,27.77,27.40
2024-04-25,746564,-3.0,26.0,28.40,27.93
2024-04-25,744867,-3.0,-5.0,27.23,25.90
2024-04-25,745755,1.0,-24.0,28.03,27.30
2024-04-26,746482,-11.0,32.0,28.17,27.77
2024-04-26,747050,-13.0,-24.0,27.13,27.83
2024-04-26,744949,7.0,-5.0,26.60,27.20
2024-04-26,746972,-54.0,16.0,27.83,28.37
2024-04-26,745835,-15.0,0.0,27.20,27.73
2024-04-26,746078,-34.0,-3.0,25.90,27.40
2024-04-26,747129,-14.0,12.0,28.17,27.90
2024-04-26,746808,-18.0,-3.0,28.90,27.57
2024-04-26,745025,33.0,-33.0,29.23,27.40
2024-04-26,746000,36.0,1.0,27.30,27.57
2024-04-26,746243,-21.0,-11.0,27.73,28.10
2024-04-26,745269,20.0,35.0,27.07,27.77
2024-04-26,745424,26.0,6.0,27.63,28.27
2024-04-26,745347,15.0,3.0,27.77,25.50
2024-04-27,744946,7.0,-5.0,27.23,27.20
2024-04-27,747052,-13.0,-24.0,27.53,28.00
2024-04-27,745833,-15.0,0.0,27.20,27.37
2024-04-27,745020,33.0,-33.0,29.23,26.75
2024-04-27,746971,-54.0,16.0,27.93,28.63
2024-04-27,746075,-34.0,-3.0,27.20,26.80
2024-04-27,746560,-3.0,3.0,26.40,28.13
2024-04-27,746484,-11.0,32.0,28.17,28.30
2024-04-27,746803,-18.0,-3.0,27.50,27.33
2024-04-27,745998,36.0,1.0,27.75,27.95
2024-04-27,747131,-14.0,12.0,28.37,27.90
2024-04-27,745425,26.0,6.0,27.63,27.50
2024-04-27,745350,15.0,3.0,27.77,25.70
2024-04-27,746245,-21.0,-11.0,26.90,28.10
2024-04-27,745266,20.0,35.0,28.27,27.77
2024-04-28,747045,-13.0,-24.0,27.57,28.17
2024-04-28,747125,-14.0,12.0,28.37,27.90
2024-04-28,744947,7.0,-5.0,27.23,27.10
2024-04-28,746483,-11.0,32.0,27.67,27.95
2024-04-28,745834,-15.0,0.0,26.23,27.37
2024-04-28,746077,-34.0,-3.0,26.80,26.57
2024-04-28,746805,-18.0,-3.0,27.27,27.33
2024-04-28,746001,36.0,1.0,27.73,28.50
2024-04-28,745022,33.0,-33.0,29.23,27.40
2024-04-28,746561,-3.0,3.0,27.47,27.93
2024-04-28,745349,15.0,3.0,27.87,27.25
2024-04-28,746237,-21.0,-11.0,27.67,28.40
2024-04-28,745265,20.0,35.0,28.27,27.97
2024-04-28,745428,26.0,6.0,27.63,27.73
2024-04-28,746967,-54.0,16.0,27.83,28.00
2024-04-29,747046,-13.0,1.0,27.30,27.83
2024-04-29,746074,-34.0,-3.0,28.30,27.13
2024-04-29,744945,7.0,32.0,28.17,26.47
2024-04-29,745832,-15.0,16.0,27.83,27.37
2024-04-29,746804,-18.0,-11.0,26.70,26.57
2024-04-29,745999,36.0,-3.0,27.67,27.57
2024-04-29,746236,-21.0,6.0,27.63,28.83
2024-04-29,747211,35.0,-5.0,27.23,27.07
2024-04-29,745672,-24.0,3.0,27.87,28.03
2024-04-29,745427,26.0,-33.0,29.23,27.73
2024-04-29,745263,20.0,-14.0,27.90,27.97
2024-04-29,746481,-11.0,0.0,27.20,27.83
2024-04-30,746477,-11.0,0.0,27.20,28.60
2024-04-30,747047,-13.0,1.0,27.30,28.00
2024-04-30,746073,-34.0,-3.0,27.93,27.57
2024-04-30,744942,7.0,32.0,28.17,27.10
2024-04-30,745831,-15.0,16.0,27.70,27.37
2024-04-30,746968,-54.0,15.0,26.45,28.00
2024-04-30,746806,-18.0,-11.0,28.20,27.33
2024-04-30,745997,36.0,-3.0,27.67,26.50
2024-04-30,745018,33.0,-3.0,25.90,27.40
2024-04-30,746398,3.0,12.0,28.37,26.50
2024-04-30,746239,-21.0,6.0,27.63,27.93
2024-04-30,747210,35.0,-5.0,27.23,28.27
2024-04-30,745673,-24.0,3.0,27.33,27.50
2024-04-30,745426,26.0,-33.0,29.23,29.07
2024-04-30,745260,20.0,-14.0,27.90,27.97
2024-05-01,746478,-11.0,0.0,27.20,27.95
2024-05-01,745996,36.0,-3.0,27.67,27.57
2024-05-01,746800,-18.0,-11.0,27.13,27.37
2024-05-01,744939,7.0,32.0,28.17,27.10
2024-05-01,745670,-24.0,3.0,27.33,27.50
2024-05-01,745261,20.0,-14.0,27.90,27.97
2024-05-01,746238,-21.0,6.0,27.63,27.93
2024-05-01,745423,26.0,-33.0,29.23,29.07
2024-05-01,747048,-13.0,1.0,27.30,27.83
2024-05-01,746072,-34.0,-3.0,27.93,27.40
2024-05-01,745829,-15.0,16.0,27.83,27.00
2024-05-01,746966,-54.0,15.0,26.30,27.53
2024-05-01,745023,33.0,-3.0,26.80,27.40
2024-05-01,746399,3.0,12.0,28.37,26.50
2024-05-01,747207,35.0,-5.0,27.03,28.37
2024-05-02,746070,-34.0,-3.0,27.93,27.40
2024-05-02,747044,-13.0,1.0,27.30,28.00
2024-05-02,745830,-15.0,16.0,27.83,27.97
2024-05-02,746969,-54.0,15.0,25.50,28.00
2024-05-02,745021,33.0,-3.0,28.03,27.40
2024-05-02,746403,3.0,12.0,28.37,26.50
2024-05-03,746890,16.0,36.0,25.70,27.83
2024-05-03,746721,-33.0,-13.0,27.83,28.90
2024-05-03,745510,3.0,-3.0,27.93,27.77
2024-05-03,745589,6.0,15.0,25.50,27.27
2024-05-03,744868,-3.0,7.0,27.10,26.80
2024-05-03,745101,-3.0,-15.0,27.73,26.90
2024-05-03,745756,1.0,-11.0,28.30,27.30
2024-05-03,746645,12.0,-21.0,27.40,28.37
2024-05-03,746318,32.0,33.0,27.40,28.17
2024-05-03,746402,3.0,20.0,27.97,26.60
2024-05-03,745914,-11.0,-54.0,28.00,27.27
2024-05-03,745187,0.0,-18.0,27.33,26.73
2024-05-03,747208,35.0,26.0,29.07,27.00
2024-05-03,745665,-24.0,-34.0,27.40,26.77
2024-05-03,746152,-5.0,-14.0,27.90,27.23
2024-05-04,745750,1.0,-11.0,27.95,27.63
2024-05-04,745911,-11.0,-54.0,27.20,27.20
2024-05-04,745183,0.0,-18.0,27.00,26.73
2024-05-04,746884,16.0,36.0,27.55,27.83
2024-05-04,745511,3.0,-3.0,27.93,27.77
2024-05-04,744862,-3.0,7.0,27.43,28.03
2024-05-04,745666,-24.0,-34.0,27.90,26.50
2024-05-04,745583,6.0,15.0,27.90,26.87
2024-05-04,746644,12.0,-21.0,26.80,27.83
2024-05-04,746720,-33.0,-13.0,28.00,29.70
2024-05-04,746311,32.0,33.0,28.20,28.10
2024-05-04,746394,3.0,20.0,28.30,26.60
2024-05-04,745100,-3.0,-15.0,27.73,26.90
2024-05-04,747209,35.0,26.0,27.77,27.87
2024-05-04,746155,-5.0,-14.0,27.90,27.23
2024-05-05,745504,3.0,-3.0,26.90,27.87
2024-05-05,744861,-3.0,7.0,26.47,28.53
2024-05-05,745751,1.0,-11.0,28.47,27.30
2024-05-05,746643,12.0,-21.0,27.67,28.77
2024-05-05,745103,-3.0,-15.0,27.73,26.90
2024-05-05,746395,3.0,20.0,27.97,26.60
2024-05-05,746314,32.0,33.0,27.40,28.63
2024-05-05,745913,-11.0,-54.0,28.00,27.10
2024-05-05,745185,0.0,-18.0,27.03,26.73
2024-05-05,746883,16.0,36.0,27.55,27.83
2024-05-05,745667,-24.0,-34.0,27.73,26.45
2024-05-05,746719,-33.0,-13.0,28.00,29.23
2024-05-05,747206,35.0,26.0,27.90,26.80
2024-05-05,746153,-5.0,-14.0,27.90,27.23
2024-05-05,745587,6.0,15.0,25.20,27.07
2024-05-06,745585,6.0,15.0,27.90,27.07
2024-05-06,746639,12.0,-11.0,28.33,28.30
2024-05-06,745509,3.0,-21.0,27.80,27.77
2024-05-06,745098,-3.0,-18.0,27.03,27.90
2024-05-06,746313,32.0,36.0,27.95,28.17
2024-05-06,746886,16.0,26.0,27.90,27.83
2024-05-06,745912,-11.0,20.0,27.97,26.73
2024-05-06,745182,0.0,-15.0,27.73,27.03
2024-05-06,745669,-24.0,33.0,27.40,26.70
2024-05-06,746149,-5.0,-34.0,28.03,27.23
2024-05-07,745668,-24.0,33.0,27.30,27.15
2024-05-07,746638,12.0,-11.0,28.15,28.77
2024-05-07,746718,-33.0,35.0,28.30,29.07
2024-05-07,745508,3.0,-21.0,27.43,28.03
2024-05-07,745586,6.0,7.0,27.53,27.13
2024-05-07,744859,-3.0,-13.0,27.83,28.60
2024-05-07,745095,-3.0,-18.0,26.90,27.90
2024-05-07,745752,1.0,3.0,27.60,27.75
2024-05-07,747126,-14.0,-54.0,28.00,27.90
2024-05-07,746885,16.0,26.0,28.80,28.03
2024-05-07,745915,-11.0,20.0,27.97,27.10
2024-05-07,746315,32.0,36.0,26.47,28.17
2024-05-07,745186,0.0,-15.0,27.73,27.20
2024-05-07,746559,-3.0,15.0,27.05,27.93
2024-05-07,746147,-5.0,-34.0,28.03,27.03
2024-05-08,745507,3.0,-21.0,28.00,28.30
2024-05-08,745584,6.0,7.0,27.43,27.07
2024-05-08,746640,12.0,-11.0,27.65,28.77
2024-05-08,746312,32.0,36.0,28.00,29.67
2024-05-08,746879,16.0,26.0,27.90,28.03
2024-05-08,746151,-5.0,-34.0,28.03,27.23
2024-05-08,745664,-24.0,33.0,27.40,26.45
2024-05-08,745659,-24.0,33.0,28.53,28.50
2024-05-08,746717,-33.0,35.0,28.07,28.90
2024-05-08,744858,-3.0,-13.0,28.00,28.60
2024-05-08,745097,-3.0,-18.0,26.83,27.60
2024-05-08,745749,1.0,3.0,26.60,27.30
2024-05-08,747127,-14.0,-54.0,28.77,27.90
2024-05-08,745906,-11.0,20.0,27.97,26.70
2024-05-08,746562,-3.0,15.0,27.05,27.17
2024-05-08,745184,0.0,-15.0,28.30,27.90
2024-05-09,746715,-33.0,35.0,28.07,29.07
2024-05-09,745910,-11.0,20.0,27.57,26.73
2024-05-09,746563,-3.0,15.0,26.73,27.17
2024-05-09,745748,1.0,3.0,26.60,27.30
2024-05-09,746802,-18.0,12.0,28.13,26.83
2024-05-09,745995,36.0,0.0,26.60,28.00
2024-05-09,746241,-21.0,32.0,28.17,27.67
2024-05-10,746479,-11.0,3.0,26.60,28.03
2024-05-10,745506,3.0,16.0,28.03,28.30
2024-05-10,745094,-3.0,1.0,27.30,27.90
2024-05-10,747043,-13.0,35.0,28.30,27.83
2024-05-10,744940,7.0,-11.0,27.23,27.30
2024-05-10,746964,-54.0,-3.0,28.60,28.37
2024-05-10,745827,-15.0,-14.0,27.90,27.73
2024-05-10,746071,-34.0,6.0,27.90,27.50
2024-05-10,746801,-18.0,12.0,27.40,26.83
2024-05-10,745993,36.0,0.0,27.40,27.25
2024-05-10,746553,-3.0,33.0,27.40,27.17
2024-05-10,746240,-21.0,32.0,28.17,27.80
2024-05-10,745421,26.0,-5.0,27.23,27.90
2024-05-10,745264,20.0,-24.0,27.15,27.67
2024-05-10,745340,15.0,-33.0,27.77,26.73
2024-05-11,744943,7.0,-11.0,26.73,27.77
2024-05-11,747041,-13.0,35.0,28.30,27.53
2024-05-11,745505,3.0,16.0,28.03,26.57
2024-05-11,746963,-54.0,-3.0,28.60,28.30
2024-05-11,745828,-15.0,-14.0,27.90,27.10
2024-05-11,746069,-34.0,6.0,28.17,28.03
2024-05-11,745096,-3.0,1.0,27.30,28.13
2024-05-11,746480,-11.0,3.0,27.43,27.95
2024-05-11,746797,-18.0,12.0,28.00,26.83
2024-05-11,745344,15.0,-33.0,28.60,26.77
2024-05-11,745994,36.0,0.0,27.10,27.83
2024-05-11,746554,-3.0,33.0,27.40,26.73
2024-05-11,745422,26.0,-5.0,26.93,27.00
2024-05-11,746232,-21.0,32.0,28.17,27.80
2024-05-11,745262,20.0,-24.0,28.40,27.67
2024-05-12,747042,-13.0,35.0,28.40,27.83
2024-05-12,746965,-54.0,-3.0,27.13,27.43
2024-05-12,745499,3.0,16.0,28.43,28.30
2024-05-12,744941,7.0,-11.0,26.77,27.43
2024-05-12,746476,-11.0,3.0,27.43,28.55
2024-05-12,746068,-34.0,6.0,27.67,27.90
2024-05-12,745092,-3.0,1.0,27.30,27.90
2024-05-12,746798,-18.0,12.0,28.10,26.60
2024-05-12,745990,36.0,0.0,26.50,28.00
2024-05-12,746555,-3.0,33.0,27.40,27.17
2024-05-12,745345,15.0,-33.0,29.23,28.20
2024-05-12,746234,-21.0,32.0,27.67,27.37
2024-05-12,745419,26.0,-5.0,27.03,27.90
2024-05-12,745255,20.0,-24.0,26.45,28.00
2024-05-12,745825,-15.0,-14.0,27.90,27.73
2024-05-13,747040,-13.0,7.0,27.30,27.83
2024-05-13,746471,-11.0,-34.0,27.33,27.95
2024-05-13,746961,-54.0,-3.0,27.90,27.70
2024-05-13,745826,-15.0,6.0,27.67,27.73
2024-05-13,747128,-14.0,16.0,28.03,27.33
2024-05-13,745991,36.0,3.0,28.30,27.53
2024-05-13,745019,33.0,12.0,28.53,27.40
2024-05-13,746393,3.0,-24.0,27.15,27.30
2024-05-13,746233,-21.0,0.0,26.50,27.93
2024-05-13,747204,35.0,-33.0,28.90,28.07
2024-05-13,745420,26.0,-3.0,27.17,27.90
2024-05-13,745256,20.0,32.0,28.17,27.43
2024-05-13,745343,15.0,-5.0,27.23,27.87
2024-05-13,746799,-18.0,-3.0,28.30,26.65
2024-05-14,745821,-15.0,6.0,27.00,27.73
2024-05-14,746796,-18.0,-3.0,28.87,26.60
2024-05-14,746473,-11.0,-34.0,27.73,28.03
2024-05-14,746962,-54.0,-3.0,27.90,28.30
2024-05-14,747124,-14.0,16.0,28.17,27.33
2024-05-14,745909,-11.0,1.0,27.30,27.23
2024-05-14,745989,36.0,3.0,28.30,28.00
2024-05-14,745014,33.0,12.0,28.53,27.40
2024-05-14,746396,3.0,-24.0,28.35,26.60
2024-05-14,746235,-21.0,0.0,27.57,26.77
2024-05-14,747205,35.0,-33.0,27.93,28.25
2024-05-14,745418,26.0,-3.0,27.17,27.90
2024-05-14,745257,20.0,32.0,28.17,27.10
2024-05-14,745342,15.0,-5.0,26.97,27.83
2024-05-14,747039,-13.0,7.0,27.43,27.20
2024-05-15,747038,-13.0,7.0,27.43,28.03
2024-05-15,746472,-11.0,-34.0,27.73,27.65
2024-05-15,745992,36.0,3.0,28.03,27.40
2024-05-15,746795,-18.0,-3.0,28.33,26.60
2024-05-15,747203,35.0,-33.0,27.10,28.30
2024-05-15,745417,26.0,-3.0,27.37,26.95
2024-05-15,745259,20.0,32.0,27.60,28.15
2024-05-15,745582,6.0,-15.0,27.37,26.90
2024-05-15,746960,-54.0,-3.0,27.90,28.17
2024-05-15,747123,-14.0,16.0,28.03,27.60
2024-05-15,745908,-11.0,1.0,27.30,26.73
2024-05-15,745015,33.0,12.0,28.53,27.40
2024-05-15,746397,3.0,-24.0,26.40,26.60
2024-05-15,746231,-21.0,0.0,26.50,26.77
2024-05-15,745341,15.0,-5.0,27.23,27.87
2024-05-16,745907,-11.0,1.0,27.30,26.77
2024-05-16,745580,6.0,-15.0,27.63,27.07
2024-05-16,746959,-54.0,-3.0,27.90,27.77
2024-05-16,746881,16.0,3.0,27.87,28.03
2024-05-16,746391,3.0,-24.0,28.40,27.70
2024-05-16,746150,-5.0,-33.0,27.93,26.80
2024-05-17,746878,16.0,3.0,28.13,27.77
2024-05-17,745579,6.0,-3.0,27.40,27.07
2024-05-17,747037,-13.0,20.0,27.67,27.73
2024-05-17,745747,1.0,-18.0,26.60,27.30
2024-05-17,744934,7.0,-3.0,27.90,27.10
2024-05-17,746641,12.0,-11.0,27.10,28.53
2024-05-17,746065,-34.0,-15.0,27.63,27.73
2024-05-17,747122,-14.0,26.0,28.33,27.33
2024-05-17,746310,32.0,-24.0,27.15,28.17
2024-05-17,745016,33.0,-21.0,27.40,27.40
2024-05-17,746388,3.0,36.0,27.87,27.63
2024-05-17,745178,0.0,-54.0,28.30,27.10
2024-05-17,747201,35.0,-11.0,27.35,28.60
2024-05-17,746148,-5.0,-33.0,28.90,27.23
2024-05-17,745335,15.0,-3.0,27.17,26.90
2024-05-18,745744,1.0,-18.0,26.60,27.30
2024-05-18,746882,16.0,3.0,27.77,27.60
2024-05-18,744938,7.0,-3.0,27.03,27.30
2024-05-18,747036,-13.0,20.0,27.77,27.83
2024-05-18,745339,15.0,-3.0,26.73,26.90
2024-05-18,746067,-34.0,-15.0,27.05,27.33
2024-05-18,745581,6.0,-3.0,27.07,28.33
2024-05-18,746642,12.0,-11.0,27.60,28.63
2024-05-18,746308,32.0,-24.0,27.15,28.17
2024-05-18,746389,3.0,36.0,28.00,26.60
2024-05-18,745177,0.0,-54.0,28.30,27.10
2024-05-18,745013,33.0,-21.0,27.40,27.40
2024-05-18,747202,35.0,-11.0,27.95,28.40
2024-05-18,746142,-5.0,-33.0,27.93,27.23
2024-05-18,747121,-14.0,26.0,27.00,27.33
2024-05-19,745179,0.0,-54.0,28.37,26.97
2024-05-19,747035,-13.0,20.0,27.77,28.47
2024-05-19,745577,6.0,-3.0,27.87,27.13
2024-05-19,745745,1.0,-18.0,26.60,27.30
2024-05-19,744937,7.0,-3.0,27.90,27.30
2024-05-19,746636,12.0,-11.0,26.77,28.53
2024-05-19,746064,-34.0,-15.0,27.37,27.33
2024-05-19,746306,32.0,-24.0,27.15,27.67
2024-05-19,746392,3.0,36.0,28.00,26.60
2024-05-19,746880,16.0,3.0,28.40,28.03
2024-05-19,745012,33.0,-21.0,26.97,27.40
2024-05-19,745336,15.0,-3.0,27.17,26.90
2024-05-19,747198,35.0,-11.0,27.95,28.40
2024-05-19,746144,-5.0,-33.0,27.50,27.23
2024-05-19,747120,-14.0,26.0,27.03,27.33
2024-05-20,747119,-14.0,26.0,28.33,27.33
2024-05-20,744935,7.0,-18.0,27.23,26.97
2024-05-20,746637,12.0,-15.0,27.37,28.53
2024-05-20,746066,-34.0,36.0,28.53,27.33
2024-05-20,744857,-3.0,-11.0,27.13,26.70
2024-05-20,745093,-3.0,-54.0,28.23,27.13
2024-05-20,745746,1.0,20.0,27.77,27.30
2024-05-20,746307,32.0,-11.0,27.95,28.17
2024-05-20,745181,0.0,-13.0,27.83,27.10
2024-05-20,746390,3.0,-21.0,27.40,26.75
2024-05-20,746146,-5.0,35.0,28.40,27.23
2024-05-21,746633,12.0,-15.0,27.37,28.53
2024-05-21,746716,-33.0,26.0,27.00,29.00
2024-05-21,745503,3.0,15.0,27.47,28.30
2024-05-21,745578,6.0,33.0,27.97,27.07
2024-05-21,746058,-34.0,36.0,28.00,27.00
2024-05-21,744860,-3.0,-11.0,27.27,27.50
2024-05-21,745090,-3.0,-54.0,28.23,28.13
2024-05-21,745742,1.0,20.0,28.37,27.30
2024-05-21,744936,7.0,-18.0,26.60,26.97
2024-05-21,746309,32.0,-11.0,27.95,27.93
2024-05-21,746875,16.0,-14.0,27.33,28.03
2024-05-21,745180,0.0,-13.0,27.83,27.03
2024-05-21,746385,3.0,-21.0,27.40,26.60
2024-05-21,745662,-24.0,-3.0,27.17,28.40
2024-05-21,746145,-5.0,35.0,28.07,27.23
2024-05-22,744856,-3.0,-11.0,27.13,26.80
2024-05-22,746634,12.0,-15.0,27.37,28.53
2024-05-22,745173,0.0,-13.0,27.83,27.80
2024-05-22,746386,3.0,-21.0,27.40,26.60
2024-05-22,746304,32.0,-11.0,28.13,28.17
2024-05-22,746712,-33.0,26.0,27.00,29.07
2024-05-22,745502,3.0,15.0,27.27,27.77
2024-05-22,745576,6.0,33.0,27.40,27.07
2024-05-22,746063,-34.0,36.0,27.53,27.73
2024-05-22,745089,-3.0,-54.0,28.17,28.23
2024-05-22,745743,1.0,20.0,27.33,27.30
2024-05-22,744933,7.0,-18.0,27.33,27.30
2024-05-22,746876,16.0,-14.0,27.33,28.40
2024-05-22,745661,-24.0,-3.0,27.17,26.45
2024-05-22,746143,-5.0,35.0,28.90,27.23
2024-05-23,745500,3.0,15.0,27.27,27.77
2024-05-23,745741,1.0,20.0,27.73,27.30
2024-05-23,745573,6.0,33.0,28.33,27.07
2024-05-23,746714,-33.0,26.0,27.00,29.23
2024-05-23,746874,16.0,-14.0,27.33,28.03
2024-05-23,745660,-24.0,-3.0,27.17,27.15
2024-05-23,746474,-11.0,7.0,26.97,28.15
2024-05-23,746792,-18.0,-13.0,27.73,27.00
2024-05-24,746475,-11.0,7.0,25.73,27.95
2024-05-24,745501,3.0,-14.0,27.33,27.77
2024-05-24,744853,-3.0,20.0,26.70,27.40
2024-05-24,745087,-3.0,32.0,28.17,27.87
2024-05-24,746713,-33.0,-5.0,27.23,29.07
2024-05-24,745822,-15.0,15.0,27.27,28.30
2024-05-24,745905,-11.0,33.0,27.80,26.53
2024-05-24,746956,-54.0,36.0,28.00,28.30
2024-05-24,746793,-18.0,-13.0,28.47,26.60
2024-05-24,746558,-3.0,6.0,27.70,26.47
2024-05-24,746227,-21.0,12.0,28.53,27.40
2024-05-24,745663,-24.0,3.0,26.60,27.15
2024-05-24,747200,35.0,-34.0,27.73,28.30
2024-05-24,745415,26.0,1.0,27.63,28.20
2024-05-24,745175,0.0,16.0,27.97,27.95
2024-05-25,746470,-11.0,7.0,26.33,27.95
2024-05-25,745823,-15.0,15.0,27.33,27.37
2024-05-25,745901,-11.0,33.0,27.80,27.30
2024-05-25,746794,-18.0,-13.0,27.73,26.60
2024-05-25,744851,-3.0,20.0,27.73,27.40
2024-05-25,745493,3.0,-14.0,27.33,27.77
2024-05-25,745658,-24.0,3.0,26.60,27.15
2024-05-25,745086,-3.0,32.0,28.17,27.30
2024-05-25,746958,-54.0,36.0,28.00,28.30
2024-05-25,746710,-33.0,-5.0,27.23,29.45
2024-05-25,745176,0.0,16.0,28.03,27.10
2024-05-25,746556,-3.0,6.0,27.13,27.17
2024-05-25,746226,-21.0,12.0,28.53,27.40
2024-05-25,745411,26.0,1.0,27.30,27.00
2024-05-25,747199,35.0,-34.0,27.03,28.07
2024-05-26,746469,-11.0,7.0,26.97,28.45
2024-05-26,746711,-33.0,-5.0,27.23,29.45
2024-05-26,744855,-3.0,20.0,28.00,27.40
2024-05-26,745498,3.0,-14.0,27.33,27.77
2024-05-26,746957,-54.0,36.0,28.00,27.50
2024-05-26,745824,-15.0,15.0,27.33,27.37
2024-05-26,745088,-3.0,32.0,28.17,28.03
2024-05-26,745902,-11.0,33.0,27.80,27.83
2024-05-26,746789,-18.0,-13.0,28.03,26.60
2024-05-26,746557,-3.0,6.0,27.07,26.73
2024-05-26,746230,-21.0,12.0,28.53,27.40
2024-05-26,745653,-24.0,3.0,26.60,27.45
2024-05-26,747197,35.0,-34.0,26.93,28.30
2024-05-26,745413,26.0,1.0,27.30,28.33
2024-05-26,745172,0.0,16.0,28.03,27.03
2024-05-27,747034,-13.0,-54.0,28.30,27.13
2024-05-27,745904,-11.0,32.0,28.17,26.90
2024-05-27,746788,-18.0,7.0,27.43,27.15
2024-05-27,746549,-3.0,12.0,28.53,27.17
2024-05-27,746708,-33.0,0.0,27.07,28.30
2024-05-27,747118,-14.0,-3.0,28.37,27.37
2024-05-27,745986,36.0,16.0,28.43,27.40
2024-05-27,745338,15.0,6.0,27.07,26.73
2024-05-27,745416,26.0,-34.0,27.33,28.33
2024-05-27,745254,20.0,3.0,26.60,28.00
2024-05-27,745816,-15.0,-5.0,27.03,27.37
2024-05-28,745818,-15.0,-5.0,27.23,27.73
2024-05-28,747033,-13.0,-54.0,28.63,27.83
2024-05-28,746709,-33.0,0.0,27.80,29.00
2024-05-28,745091,-3.0,-24.0,27.15,27.30
2024-05-28,747115,-14.0,-3.0,28.63,27.77
2024-05-28,745903,-11.0,32.0,27.67,26.83
2024-05-28,746791,-18.0,7.0,26.97,27.27
2024-05-28,745987,36.0,16.0,28.03,28.00
2024-05-28,745017,33.0,35.0,28.07,27.80
2024-05-28,746552,-3.0,12.0,28.53,27.17
2024-05-28,746229,-21.0,1.0,27.30,27.40
2024-05-28,745258,20.0,3.0,26.60,27.67
2024-05-28,745412,26.0,-34.0,27.33,27.70
2024-05-28,745337,15.0,6.0,27.07,27.60
2024-05-28,746468,-11.0,3.0,27.77,28.60
2024-05-29,746467,-11.0,3.0,27.20,28.55
2024-05-29,746706,-33.0,0.0,27.03,28.77
2024-05-29,745011,33.0,35.0,28.40,27.90
2024-05-29,745333,15.0,6.0,27.27,27.90
2024-05-29,745817,-15.0,-5.0,27.23,27.17
2024-05-29,745414,26.0,-34.0,27.90,27.00
2024-05-29,747031,-13.0,-54.0,27.60,28.23
2024-05-29,745084,-3.0,-24.0,27.15,26.90
2024-05-29,747117,-14.0,-3.0,27.13,27.37
2024-05-29,745900,-11.0,32.0,27.67,28.07
2024-05-29,746790,-18.0,7.0,27.30,27.53
2024-05-29,745988,36.0,16.0,28.03,27.57
2024-05-29,746551,-3.0,12.0,28.53,26.73
2024-05-29,746228,-21.0,1.0,27.30,27.40
2024-05-29,745250,20.0,3.0,26.60,28.00
2024-05-30,745081,-3.0,-24.0,26.45,27.90
2024-05-30,745898,-11.0,32.0,28.17,27.13
2024-05-30,745985,36.0,16.0,27.77,28.00
2024-05-30,745249,20.0,3.0,27.23,27.67
2024-05-30,746954,-54.0,-11.0,28.33,28.43
2024-05-30,745819,-15.0,35.0,28.40,26.97
2024-05-30,747114,-14.0,-3.0,28.17,27.77
2024-05-30,746225,-21.0,1.0,27.30,27.40
2024-05-31,746877,16.0,-33.0,28.77,28.27
2024-05-31,745574,6.0,0.0,26.67,27.07
2024-05-31,747032,-13.0,-3.0,26.67,27.83
2024-05-31,744928,7.0,3.0,27.77,26.97
2024-05-31,746955,-54.0,-11.0,28.60,28.17
2024-05-31,746635,12.0,-3.0,27.13,28.17
2024-05-31,745820,-15.0,35.0,28.07,27.37
2024-05-31,746059,-34.0,33.0,27.80,27.43
2024-05-31,747116,-14.0,-24.0,27.15,27.37
2024-05-31,746303,32.0,26.0,28.33,28.17
2024-05-31,746387,3.0,-11.0,26.40,26.60
2024-05-31,745983,36.0,-18.0,27.97,28.00
2024-05-31,746140,-5.0,-3.0,27.17,27.23
2024-05-31,745253,20.0,-21.0,28.00,27.67
2024-05-31,745331,15.0,1.0,27.30,27.60
2024-06-01,744932,7.0,3.0,27.77,27.30
2024-06-01,747029,-13.0,-3.0,26.67,27.83
2024-06-01,746952,-54.0,-11.0,28.60,27.33
2024-06-01,746629,12.0,-3.0,27.97,27.40
2024-06-01,745812,-15.0,35.0,28.40,27.40
2024-06-01,746305,32.0,26.0,28.33,28.17
2024-06-01,746384,3.0,-11.0,26.83,26.60
2024-06-01,747111,-14.0,-24.0,27.40,27.77
2024-06-01,746062,-34.0,33.0,27.57,27.33
2024-06-01,745980,36.0,-18.0,28.07,27.57
2024-06-01,746870,16.0,-33.0,28.93,28.17
2024-06-01,745251,20.0,-21.0,28.40,27.03
2024-06-01,745575,6.0,0.0,26.97,27.07
2024-06-01,745332,15.0,1.0,27.30,26.10
2024-06-01,746138,-5.0,-3.0,27.17,27.23
2024-06-02,746383,3.0,-11.0,27.10,26.40
2024-06-02,746953,-54.0,-11.0,28.60,28.80
2024-06-02,747030,-13.0,-3.0,27.43,28.00
2024-06-02,747110,-14.0,-24.0,27.45,28.53
2024-06-02,744929,7.0,3.0,27.77,26.97
2024-06-02,746632,12.0,-3.0,26.67,28.17
2024-06-02,745813,-15.0,35.0,28.30,27.37
2024-06-02,746061,-34.0,33.0,27.97,28.45
2024-06-02,746301,32.0,26.0,29.10,28.17
2024-06-02,745984,36.0,-18.0,27.97,28.00
2024-06-02,746871,16.0,-33.0,28.77,28.43
2024-06-02,745330,15.0,1.0,27.30,26.40
2024-06-02,746141,-5.0,-3.0,27.17,27.23
2024-06-02,745252,20.0,-21.0,28.00,27.67
2024-06-02,745572,6.0,0.0,27.07,27.13
2024-06-03,745569,6.0,36.0,28.00,27.07
2024-06-03,744854,-3.0,-15.0,27.37,28.17
2024-06-03,744930,7.0,-13.0,28.00,26.97
2024-06-03,745009,33.0,-11.0,27.95,27.40
2024-06-03,746382,3.0,0.0,27.07,27.10
2024-06-03,746548,-3.0,-33.0,29.00,26.47
2024-06-03,746224,-21.0,26.0,27.07,27.40
2024-06-03,747194,35.0,15.0,27.53,27.10
2024-06-04,746630,12.0,32.0,28.17,28.37
2024-06-04,745497,3.0,-5.0,27.23,27.77
2024-06-04,746060,-34.0,-3.0,27.60,28.03
2024-06-04,745568,6.0,36.0,27.57,27.07
2024-06-04,744850,-3.0,-15.0,27.37,27.83
2024-06-04,745739,1.0,-11.0,26.63,27.30
2024-06-04,744931,7.0,-13.0,28.00,27.63
2024-06-04,746949,-54.0,-14.0,27.77,28.30
2024-06-04,745010,33.0,-11.0,28.60,27.80
2024-06-04,746872,16.0,-18.0,27.53,28.43
2024-06-04,746380,3.0,0.0,26.37,27.13
2024-06-04,746550,-3.0,-33.0,28.67,27.17
2024-06-04,746222,-21.0,26.0,27.23,27.40
2024-06-04,745656,-24.0,20.0,27.67,27.20
2024-06-04,747196,35.0,15.0,27.07,27.33
2024-06-05,746950,-54.0,-14.0,27.77,28.30
2024-06-05,746379,3.0,0.0,27.03,27.53
2024-06-05,746544,-3.0,-33.0,28.77,27.17
2024-06-05,747195,35.0,15.0,27.03,28.25
2024-06-05,744852,-3.0,-15.0,27.37,28.25
2024-06-05,745570,6.0,36.0,27.53,26.60
2024-06-05,745494,3.0,-5.0,27.23,27.77
2024-06-05,746056,-34.0,-3.0,27.43,27.33
2024-06-05,745740,1.0,-11.0,27.13,27.30
2024-06-05,744927,7.0,-13.0,28.00,27.30
2024-06-05,745007,33.0,-11.0,28.13,28.77
2024-06-05,746873,16.0,-18.0,28.27,28.03
2024-06-05,746221,-21.0,26.0,26.93,27.40
2024-06-05,745654,-24.0,20.0,27.67,27.45
2024-06-05,746628,12.0,32.0,27.87,28.40
2024-06-06,744923,7.0,-13.0,28.03,27.43
2024-06-06,746631,12.0,32.0,28.17,28.37
2024-06-06,745657,-24.0,20.0,28.00,27.45
2024-06-06,745495,3.0,-5.0,27.77,27.77
2024-06-06,744844,-3.0,-14.0,27.37,27.13
2024-06-06,745738,1.0,-11.0,27.13,27.47
2024-06-06,746707,-33.0,16.0,28.03,29.40
2024-06-06,745174,0.0,-3.0,27.17,27.07
2024-06-06,746784,-18.0,-54.0,27.67,26.65
2024-06-06,745408,26.0,35.0,28.40,27.00
2024-06-07,745169,0.0,-3.0,27.17,27.07
2024-06-07,745496,3.0,-11.0,27.17,27.33
2024-06-07,746466,-11.0,36.0,28.00,28.80
2024-06-07,744845,-3.0,-14.0,27.77,28.73
2024-06-07,745083,-3.0,-13.0,28.00,27.27
2024-06-07,745737,1.0,-5.0,27.23,27.47
2024-06-07,746704,-33.0,16.0,27.77,29.07
2024-06-07,746053,-34.0,12.0,27.40,27.27
2024-06-07,745008,33.0,15.0,27.20,27.67
2024-06-07,746302,32.0,20.0,28.00,28.17
2024-06-07,746785,-18.0,-54.0,28.30,28.20
2024-06-07,746220,-21.0,3.0,27.13,27.40
2024-06-07,745406,26.0,35.0,28.30,28.33
2024-06-07,745655,-24.0,7.0,26.33,27.45
2024-06-08,745814,-15.0,6.0,27.07,27.37
2024-06-08,745001,33.0,15.0,26.10,28.17
2024-06-08,745492,3.0,-11.0,27.17,27.77
2024-06-08,744848,-3.0,-14.0,27.37,27.13
2024-06-08,745652,-24.0,7.0,27.40,27.15
2024-06-08,746703,-33.0,16.0,28.20,28.77
2024-06-08,746300,32.0,20.0,27.67,28.17
2024-06-08,745082,-3.0,-13.0,28.00,27.43
2024-06-08,746786,-18.0,-54.0,28.30,26.95
2024-06-08,746461,-11.0,36.0,28.00,28.33
2024-06-08,745166,0.0,-3.0,28.53,27.87
2024-06-08,746057,-34.0,12.0,27.83,28.30
2024-06-08,745735,1.0,-5.0,27.23,27.47
2024-06-08,745410,26.0,35.0,28.77,28.20
2024-06-08,746223,-21.0,3.0,26.50,27.40
2024-06-09,745571,6.0,-15.0,27.37,26.90
2024-06-09,745003,33.0,15.0,25.83,28.17
2024-06-09,745491,3.0,-11.0,26.90,27.77
2024-06-09,744849,-3.0,-14.0,27.37,27.13
2024-06-09,746705,-33.0,16.0,28.03,28.93
2024-06-09,745085,-3.0,-13.0,28.00,27.43
2024-06-09,746054,-34.0,12.0,28.17,27.33
2024-06-09,746463,-11.0,36.0,28.00,28.45
2024-06-09,746297,32.0,20.0,28.00,28.17
2024-06-09,746787,-18.0,-54.0,28.30,28.20
2024-06-09,745167,0.0,-3.0,27.17,27.07
2024-06-09,746216,-21.0,3.0,27.20,26.97
2024-06-09,745651,-24.0,7.0,26.75,27.15
2024-06-09,745407,26.0,35.0,28.07,27.00
2024-06-09,745736,1.0,-5.0,27.23,27.47
2024-06-10,745080,-3.0,-13.0,28.47,27.43
2024-06-10,745897,-11.0,-3.0,26.43,27.83
2024-06-10,746295,32.0,1.0,27.20,27.67
2024-06-10,745982,36.0,7.0,26.30,28.00
2024-06-10,745409,26.0,-24.0,27.15,28.33
2024-06-10,745248,20.0,-18.0,28.27,27.67
2024-06-10,745334,15.0,3.0,26.50,27.00
2024-06-11,747027,-13.0,-14.0,28.17,28.03
2024-06-11,746464,-11.0,-3.0,27.13,28.45
2024-06-11,745077,-3.0,16.0,28.03,26.67
2024-06-11,746702,-33.0,12.0,28.17,28.77
2024-06-11,746951,-54.0,6.0,26.60,28.60
2024-06-11,745815,-15.0,-34.0,27.73,27.37
2024-06-11,745899,-11.0,-3.0,28.53,27.13
2024-06-11,745170,0.0,3.0,27.77,27.07
2024-06-11,746296,32.0,1.0,28.05,27.93
2024-06-11,745981,36.0,7.0,26.20,27.30
2024-06-11,747190,35.0,-21.0,27.33,27.33
2024-06-11,745404,26.0,-24.0,27.15,27.47
2024-06-11,745244,20.0,-18.0,28.23,27.67
2024-06-11,745327,15.0,3.0,26.50,27.00
2024-06-11,746139,-5.0,33.0,28.43,27.67
2024-06-12,745896,-11.0,-3.0,27.00,27.40
2024-06-12,745978,36.0,7.0,26.53,28.00
2024-06-12,745328,15.0,3.0,26.50,26.33
2024-06-12,745405,26.0,-24.0,27.45,27.23
2024-06-12,747028,-13.0,-14.0,27.60,28.00
2024-06-12,746462,-11.0,-3.0,27.13,28.60
2024-06-12,745079,-3.0,16.0,27.25,26.67
2024-06-12,746701,-33.0,12.0,27.95,28.77
2024-06-12,746948,-54.0,6.0,26.60,28.37
2024-06-12,745811,-15.0,-34.0,26.80,27.67
2024-06-12,745171,0.0,3.0,27.77,27.07
2024-06-12,746294,32.0,1.0,27.30,28.17
2024-06-12,747193,35.0,-21.0,27.10,28.40
2024-06-12,745246,20.0,-18.0,26.90,27.67
2024-06-12,746137,-5.0,33.0,27.40,27.23
2024-06-13,747026,-13.0,-14.0,27.60,27.83
2024-06-13,746465,-11.0,-3.0,26.80,28.03
2024-06-13,746299,32.0,1.0,27.30,28.63
2024-06-13,745168,0.0,3.0,27.87,27.07
2024-06-13,745075,-3.0,16.0,28.43,27.97
2024-06-13,746944,-54.0,6.0,26.60,29.07
2024-06-13,745809,-15.0,-34.0,27.73,27.40
2024-06-13,745894,-11.0,-24.0,27.15,27.80
2024-06-13,747192,35.0,-21.0,26.43,28.07
2024-06-13,745245,20.0,-18.0,27.30,28.00
2024-06-13,746136,-5.0,33.0,28.17,27.23
2024-06-14,746869,16.0,0.0,27.80,28.20
2024-06-14,746947,-54.0,1.0,27.30,29.07
2024-06-14,744847,-3.0,-34.0,27.50,27.13
2024-06-14,747025,-13.0,6.0,27.87,27.87
2024-06-14,744924,7.0,12.0,28.37,26.97
2024-06-14,745810,-15.0,26.0,28.33,27.40
2024-06-14,747112,-14.0,-3.0,28.13,27.57
2024-06-14,746378,3.0,-11.0,28.60,27.20
2024-06-14,745892,-11.0,-24.0,27.20,27.60
2024-06-14,745979,36.0,-33.0,28.77,28.00
2024-06-14,746545,-3.0,3.0,28.33,28.53
2024-06-14,747191,35.0,-18.0,27.67,28.07
2024-06-14,746134,-5.0,32.0,28.17,27.23
2024-06-14,745247,20.0,33.0,28.33,27.67
2024-06-14,745326,15.0,-21.0,27.40,26.70
2024-06-15,746865,16.0,0.0,27.07,27.80
2024-06-15,744925,7.0,12.0,28.10,26.97
2024-06-15,745329,15.0,-21.0,27.40,25.83
2024-06-15,747024,-13.0,6.0,26.60,28.00
2024-06-15,744846,-3.0,-34.0,26.93,28.37
2024-06-15,746381,3.0,-11.0,28.10,27.63
2024-06-15,745805,-15.0,26.0,27.00,27.40
2024-06-15,747113,-14.0,-3.0,26.67,27.33
2024-06-15,745976,36.0,-33.0,28.77,27.57
2024-06-15,745241,20.0,33.0,27.40,27.67
2024-06-15,746946,-54.0,1.0,27.30,28.60
2024-06-15,746135,-5.0,32.0,28.17,27.23
2024-06-15,746547,-3.0,3.0,27.67,27.37
2024-06-15,747187,35.0,-18.0,27.33,28.07
2024-06-15,745891,-11.0,-24.0,27.45,27.80
2024-06-16,746866,16.0,0.0,27.73,28.45
2024-06-16,747023,-13.0,6.0,26.60,28.00
2024-06-16,747109,-14.0,-3.0,26.67,27.33
2024-06-16,744839,-3.0,-34.0,28.03,27.83
2024-06-16,744926,7.0,12.0,28.63,27.53
2024-06-16,745807,-15.0,26.0,27.00,27.40
2024-06-16,746377,3.0,-11.0,28.60,26.50
2024-06-16,745895,-11.0,-24.0,27.15,27.70
2024-06-16,745977,36.0,-33.0,28.57,28.00
2024-06-16,746546,-3.0,3.0,28.30,27.17
2024-06-16,745321,15.0,-21.0,26.70,27.00
2024-06-16,746130,-5.0,32.0,28.17,26.97
2024-06-16,745242,20.0,33.0,27.40,27.67
2024-06-16,747189,35.0,-18.0,26.77,27.17
2024-06-16,746945,-54.0,1.0,27.30,28.60
2024-06-17,745490,3.0,-33.0,29.00,28.30
2024-06-17,745567,6.0,26.0,27.47,28.17
2024-06-17,746055,-34.0,0.0,27.37,28.13
2024-06-17,744918,7.0,-54.0,28.37,26.97
2024-06-17,747108,-14.0,-11.0,28.03,27.33
2024-06-17,746868,16.0,15.0,27.00,28.00
2024-06-17,745005,33.0,-15.0,28.80,28.25
2024-06-17,746543,-3.0,-5.0,27.23,28.80
2024-06-17,746215,-21.0,36.0,28.53,27.67
2024-06-18,746049,-34.0,0.0,26.37,27.73
2024-06-18,745488,3.0,-33.0,29.50,28.27
2024-06-18,746627,12.0,20.0,27.67,27.95
2024-06-18,745563,6.0,26.0,28.00,26.30
2024-06-18,744843,-3.0,35.0,28.07,27.13
2024-06-18,745733,1.0,-13.0,27.30,27.63
2024-06-18,744917,7.0,-54.0,28.63,26.97
2024-06-18,747107,-14.0,-11.0,28.60,27.33
2024-06-18,745893,-11.0,-3.0,26.67,28.37
2024-06-18,746867,16.0,15.0,25.80,27.90
2024-06-18,745004,33.0,-15.0,27.40,27.80
2024-06-18,746783,-18.0,3.0,27.53,27.33
2024-06-18,746542,-3.0,-5.0,27.23,28.20
2024-06-18,746217,-21.0,36.0,28.00,27.40
2024-06-18,745650,-24.0,32.0,28.17,27.45
2024-06-19,747106,-14.0,-11.0,,27.33
2024-06-19,745489,3.0,-33.0,28.90,28.30
2024-06-19,746050,-34.0,0.0,27.07,27.43
2024-06-19,745561,6.0,26.0,28.33,27.13
2024-06-19,746864,16.0,15.0,27.00,28.43
2024-06-19,744842,-3.0,35.0,28.30,26.93
2024-06-19,746625,12.0,20.0,27.35,28.50
2024-06-19,745732,1.0,-13.0,28.00,27.30
2024-06-19,744920,7.0,-54.0,29.07,25.57
2024-06-19,745887,-11.0,-3.0,28.00,28.37
2024-06-19,745002,33.0,-15.0,27.40,28.00
2024-06-19,746781,-18.0,3.0,27.10,27.67
2024-06-19,746538,-3.0,-5.0,27.60,27.93
2024-06-19,746219,-21.0,36.0,27.57,27.40
2024-06-19,745646,-24.0,32.0,28.17,27.45
2024-06-20,744841,-3.0,35.0,28.30,26.93
2024-06-20,746626,12.0,20.0,28.00,28.37
2024-06-20,745889,-11.0,-3.0,27.30,27.80
2024-06-20,746782,-18.0,3.0,26.50,27.67
2024-06-20,746539,-3.0,-5.0,27.23,27.67
2024-06-20,745645,-24.0,32.0,27.83,27.45
2024-06-20,745734,1.0,-13.0,28.43,28.05
2024-06-20,745164,0.0,15.0,27.00,27.80
2024-06-20,745401,26.0,36.0,28.00,27.00
2024-06-21,746861,16.0,-15.0,27.47,26.73
2024-06-21,745483,3.0,-3.0,26.67,28.30
2024-06-21,745562,6.0,35.0,26.57,27.63
2024-06-21,746460,-11.0,-18.0,28.07,28.60
2024-06-21,745729,1.0,-14.0,27.33,27.30
2024-06-21,746698,-33.0,-54.0,29.07,29.07
2024-06-21,746624,12.0,7.0,26.30,28.37
2024-06-21,746052,-34.0,20.0,28.00,27.33
2024-06-21,745006,33.0,32.0,28.17,27.80
2024-06-21,746375,3.0,-13.0,27.83,26.60
2024-06-21,746540,-3.0,-3.0,27.13,27.93
2024-06-21,745649,-24.0,-11.0,27.30,26.87
2024-06-21,745403,26.0,36.0,28.00,28.20
2024-06-21,746131,-5.0,-21.0,27.40,27.70
2024-06-22,746459,-11.0,-18.0,27.93,28.60
2024-06-22,745163,0.0,15.0,27.00,27.07
2024-06-22,746863,16.0,-15.0,27.40,27.90
2024-06-22,745486,3.0,-3.0,27.03,28.30
2024-06-22,744997,33.0,32.0,27.83,27.80
2024-06-22,745564,6.0,35.0,27.83,27.63
2024-06-22,745644,-24.0,-11.0,27.45,
2024-06-22,746700,-33.0,-54.0,28.30,28.77
2024-06-22,746376,3.0,-13.0,27.83,26.50
2024-06-22,746622,12.0,7.0,26.40,28.37
2024-06-22,746048,-34.0,20.0,26.57,27.30
2024-06-22,745731,1.0,-14.0,27.33,27.30
2024-06-22,745402,26.0,36.0,28.00,26.60
2024-06-22,746541,-3.0,-3.0,28.30,27.93
2024-06-22,746132,-5.0,-21.0,27.40,27.23
2024-06-23,745566,6.0,35.0,27.07,27.63
2024-06-23,745485,3.0,-3.0,28.70,27.87
2024-06-23,745727,1.0,-14.0,27.33,27.30
2024-06-23,746699,-33.0,-54.0,28.37,28.77
2024-06-23,746621,12.0,7.0,26.40,28.17
2024-06-23,746457,-11.0,-18.0,27.40,28.10
2024-06-23,746051,-34.0,20.0,28.00,27.73
2024-06-23,746373,3.0,-13.0,27.30,27.47
2024-06-23,745165,0.0,15.0,27.00,27.07
2024-06-23,745000,33.0,32.0,27.83,27.80
2024-06-23,746536,-3.0,-3.0,28.30,27.93
2024-06-23,745648,-24.0,-11.0,27.70,27.45
2024-06-23,745396,26.0,36.0,28.75,26.67
2024-06-23,746862,16.0,-15.0,27.40,27.90
2024-06-24,747021,-13.0,12.0,28.37,27.83
2024-06-24,746458,-11.0,6.0,27.63,28.60
2024-06-24,745078,-3.0,20.0,27.97,27.90
2024-06-24,746696,-33.0,3.0,28.30,28.60
2024-06-24,746941,-54.0,7.0,26.40,28.47
2024-06-24,745160,0.0,-14.0,27.33,27.17
2024-06-24,746780,-18.0,-5.0,27.23,27.33
2024-06-24,746298,32.0,-34.0,28.03,28.17
2024-06-24,745974,36.0,33.0,27.80,28.00
2024-06-24,746218,-21.0,-24.0,27.33,27.40
2024-06-24,745397,26.0,-3.0,27.13,26.00
2024-06-24,745323,15.0,16.0,28.43,26.33
2024-06-25,747022,-13.0,12.0,28.37,27.30
2024-06-25,746454,-11.0,6.0,27.63,28.03
2024-06-25,745076,-3.0,20.0,28.10,28.10
2024-06-25,746697,-33.0,3.0,28.30,28.60
2024-06-25,746943,-54.0,7.0,27.30,28.40
2024-06-25,745806,-15.0,1.0,27.30,27.40
2024-06-25,746372,3.0,-3.0,27.93,26.50
2024-06-25,746775,-18.0,-5.0,27.23,27.93
2024-06-25,746293,32.0,-34.0,27.73,28.17
2024-06-25,745973,36.0,33.0,27.80,27.57
2024-06-25,746213,-21.0,-24.0,26.97,27.40
2024-06-25,745399,26.0,-3.0,27.13,27.10
2024-06-25,747188,35.0,-11.0,27.83,28.07
2024-06-25,745322,15.0,16.0,27.90,27.00
2024-06-25,745157,0.0,-14.0,27.33,27.17
2024-06-26,745073,-3.0,20.0,27.67,27.90
2024-06-26,746695,-33.0,3.0,28.30,28.90
2024-06-26,746456,-11.0,6.0,27.63,28.13
2024-06-26,745158,0.0,-14.0,27.33,27.83
2024-06-26,746374,3.0,-3.0,27.93,27.13
2024-06-26,746291,32.0,-34.0,27.33,29.67
2024-06-26,745975,36.0,33.0,28.77,28.00
2024-06-26,746212,-21.0,-24.0,26.70,27.40
2024-06-26,745400,26.0,-3.0,28.15,26.87
2024-06-26,747019,-13.0,12.0,28.37,27.83
2024-06-26,746942,-54.0,7.0,27.40,29.10
2024-06-26,745808,-15.0,1.0,28.05,26.85
2024-06-26,746777,-18.0,-5.0,27.70,27.93
2024-06-26,747184,35.0,-11.0,28.37,28.07
2024-06-26,745325,15.0,16.0,27.90,27.77
2024-06-27,747185,35.0,-11.0,28.25,28.25
2024-06-27,745324,15.0,16.0,27.90,26.33
2024-06-27,745565,6.0,-34.0,27.73,28.83
2024-06-27,747020,-13.0,33.0,27.35,27.83
2024-06-27,744919,7.0,1.0,27.30,27.20
2024-06-27,745162,0.0,-33.0,29.45,27.47
2024-06-27,746288,32.0,12.0,27.95,28.17
2024-06-27,746210,-21.0,-11.0,28.60,27.40
2024-06-28,745560,6.0,-34.0,27.20,28.57
2024-06-28,745070,-3.0,-3.0,28.30,27.43
2024-06-28,747017,-13.0,33.0,27.80,27.73
2024-06-28,744922,7.0,1.0,27.63,26.20
2024-06-28,745804,-15.0,3.0,26.50,27.40
2024-06-28,746939,-54.0,26.0,27.77,28.47
2024-06-28,746776,-18.0,-3.0,27.93,27.93
2024-06-28,747105,-14.0,3.0,28.30,27.33
2024-06-28,746292,32.0,12.0,26.80,27.93
2024-06-28,745970,36.0,16.0,27.20,28.00
2024-06-28,745161,0.0,-33.0,28.90,27.13
2024-06-28,746214,-21.0,-11.0,28.60,27.40
2024-06-28,747183,35.0,-24.0,27.33,27.40
2024-06-28,745238,20.0,-11.0,27.60,27.77
2024-06-28,745319,15.0,-5.0,27.23,26.50
2024-06-29,746778,-18.0,-3.0,28.53,27.93
2024-06-29,745159,0.0,-33.0,28.10,27.17
2024-06-29,744921,7.0,1.0,27.55,27.07
2024-06-29,745559,6.0,-34.0,27.73,28.57
2024-06-29,746289,32.0,12.0,28.17,28.17
2024-06-29,745801,-15.0,3.0,26.60,27.40
2024-06-29,747186,35.0,-24.0,27.33,27.40
2024-06-29,746940,-54.0,26.0,27.77,28.17
2024-06-29,745071,-3.0,-3.0,26.40,26.67
2024-06-29,747104,-14.0,3.0,28.30,27.33
2024-06-29,745972,36.0,16.0,27.90,28.00
2024-06-29,745317,15.0,-5.0,27.23,26.27
2024-06-29,747018,-13.0,33.0,28.60,28.00
2024-06-29,746211,-21.0,-11.0,28.60,27.40
2024-06-29,745239,20.0,-11.0,27.30,27.77
2024-06-30,747101,-14.0,3.0,27.87,27.33
2024-06-30,746938,-54.0,26.0,26.67,28.63
2024-06-30,745555,6.0,-34.0,28.05,28.57
2024-06-30,744916,7.0,1.0,27.30,26.73
2024-06-30,745802,-15.0,3.0,26.93,27.40
2024-06-30,745072,-3.0,-3.0,27.13,28.13
2024-06-30,746290,32.0,12.0,27.95,28.17
2024-06-30,746779,-18.0,-3.0,28.53,27.33
2024-06-30,745971,36.0,16.0,27.90,28.00
2024-06-30,745154,0.0,-33.0,28.60,27.83
2024-06-30,745320,15.0,-5.0,28.00,27.07
2024-06-30,746209,-21.0,-11.0,27.70,26.83
2024-06-30,747182,35.0,-24.0,27.33,28.90
2024-06-30,745243,20.0,-11.0,27.83,27.67
2024-06-30,747016,-13.0,33.0,28.15,27.50
2024-07-01,744914,7.0,3.0,27.27,25.80
2024-07-01,744840,-3.0,-15.0,27.67,27.13
2024-07-01,746535,-3.0,36.0,27.57,27.17
2024-07-02,745482,3.0,0.0,27.83,28.30
2024-07-02,746623,12.0,-18.0,27.17,27.95
2024-07-02,746047,-34.0,-54.0,28.23,27.33
2024-07-02,744838,-3.0,-15.0,27.90,27.13
2024-07-02,745730,1.0,-33.0,28.60,27.30
2024-07-02,744913,7.0,3.0,26.50,26.20
2024-07-02,747102,-14.0,15.0,26.50,27.33
2024-07-02,745886,-11.0,-11.0,27.95,27.43
2024-07-02,744999,33.0,26.0,28.07,28.17
2024-07-02,746860,16.0,6.0,28.57,27.90
2024-07-02,746282,32.0,-3.0,26.67,28.17
2024-07-02,746537,-3.0,36.0,28.00,26.73
2024-07-02,745647,-24.0,-21.0,27.40,27.33
2024-07-02,745240,20.0,-13.0,27.83,26.83
2024-07-02,746133,-5.0,35.0,28.07,27.23
2024-07-03,745487,3.0,0.0,27.17,28.30
2024-07-03,746617,12.0,-18.0,27.93,27.97
2024-07-03,746045,-34.0,-54.0,28.37,27.33
2024-07-03,744837,-3.0,-15.0,27.40,28.95
2024-07-03,745728,1.0,-33.0,28.60,27.30
2024-07-03,744915,7.0,3.0,26.50,26.43
2024-07-03,747100,-14.0,15.0,26.53,27.33
2024-07-03,744998,33.0,26.0,27.77,27.80
2024-07-03,746858,16.0,6.0,28.57,27.90
2024-07-03,746283,32.0,-3.0,26.97,28.17
2024-07-03,745888,-11.0,-11.0,28.60,27.40
2024-07-03,746534,-3.0,36.0,28.00,26.57
2024-07-03,745643,-24.0,-21.0,26.77,27.33
2024-07-03,746128,-5.0,35.0,28.50,27.77
2024-07-03,745234,20.0,-13.0,27.83,26.85
2024-07-04,744834,-3.0,-15.0,27.50,27.13
2024-07-04,745484,3.0,0.0,27.17,28.30
2024-07-04,745726,1.0,-33.0,28.60,26.75
2024-07-04,744912,7.0,3.0,26.50,27.10
2024-07-04,745890,-11.0,-11.0,28.55,27.00
2024-07-04,746619,12.0,-18.0,27.93,27.95
2024-07-04,746043,-34.0,-54.0,29.07,27.33
2024-07-04,746857,16.0,6.0,28.57,28.17
2024-07-04,744996,33.0,26.0,27.20,27.33
2024-07-04,745641,-24.0,-21.0,27.67,27.33
2024-07-04,745236,20.0,-13.0,28.25,26.47
2024-07-04,747103,-14.0,15.0,26.50,27.33
2024-07-04,746285,32.0,-3.0,27.60,27.83
2024-07-04,746532,-3.0,36.0,28.00,27.17
2024-07-04,746126,-5.0,35.0,28.40,27.70
2024-07-05,746859,16.0,-21.0,27.67,27.90
2024-07-05,745479,3.0,-15.0,27.40,28.23
2024-07-05,744836,-3.0,0.0,27.17,28.95
2024-07-05,745725,1.0,-54.0,28.23,26.75
2024-07-05,746693,-33.0,-11.0,28.60,28.60
2024-07-05,746620,12.0,15.0,26.50,27.95
2024-07-05,746046,-34.0,-18.0,27.93,27.33
2024-07-05,747097,-14.0,6.0,28.57,27.90
2024-07-05,744992,33.0,-3.0,26.67,27.40
2024-07-05,746533,-3.0,32.0,28.77,26.95
2024-07-05,745884,-11.0,3.0,27.53,27.83
2024-07-05,745639,-24.0,-13.0,28.00,27.33
2024-07-05,745398,26.0,35.0,26.70,26.87
2024-07-05,745237,20.0,7.0,26.20,26.47
2024-07-05,746127,-5.0,36.0,28.00,27.23
2024-07-06,745724,1.0,-54.0,28.63,26.80
2024-07-06,745885,-11.0,3.0,27.43,27.30
2024-07-06,746856,16.0,-21.0,27.40,28.47
2024-07-06,745476,3.0,-15.0,27.40,27.77
2024-07-06,744835,-3.0,0.0,27.17,29.30
2024-07-06,744995,33.0,-3.0,27.67,27.40
2024-07-06,745642,-24.0,-13.0,28.55,27.40
2024-07-06,746694,-33.0,-11.0,28.27,28.60
2024-07-06,746615,12.0,15.0,26.83,28.37
2024-07-06,745235,20.0,7.0,27.20,27.10
2024-07-06,746044,-34.0,-18.0,28.30,28.03
2024-07-06,747099,-14.0,6.0,28.57,27.90
2024-07-06,746129,-5.0,36.0,27.30,27.23
2024-07-06,746529,-3.0,32.0,28.17,27.17
2024-07-06,745395,26.0,35.0,28.23,26.67
2024-07-07,745477,3.0,-15.0,27.40,26.33
2024-07-07,744832,-3.0,0.0,27.95,28.95
2024-07-07,747098,-14.0,6.0,28.57,27.90
2024-07-07,746691,-33.0,-11.0,28.45,28.60
2024-07-07,746616,12.0,15.0,26.50,27.95
2024-07-07,746039,-34.0,-18.0,27.33,27.67
2024-07-07,745883,-11.0,3.0,27.53,27.30
2024-07-07,746855,16.0,-21.0,26.85,27.90
2024-07-07,744993,33.0,-3.0,26.67,28.60
2024-07-07,746530,-3.0,32.0,27.47,27.17
2024-07-07,745637,-24.0,-13.0,27.50,27.33
2024-07-07,745391,26.0,35.0,28.23,28.67
2024-07-07,745233,20.0,7.0,26.43,26.47
2024-07-07,746122,-5.0,36.0,28.10,27.97
2024-07-07,745723,1.0,-54.0,29.07,26.75
2024-07-08,745480,3.0,-15.0,27.50,27.77
2024-07-08,744833,-3.0,0.0,27.17,28.95
2024-07-08,746455,-11.0,12.0,27.95,27.80
2024-07-08,746692,-33.0,-3.0,27.17,28.60
2024-07-08,746771,-18.0,-11.0,27.30,26.80
2024-07-08,746208,-21.0,33.0,27.80,27.17
2024-07-08,747181,35.0,-14.0,27.90,27.37
2024-07-09,747014,-13.0,16.0,27.90,27.50
2024-07-09,746451,-11.0,12.0,27.95,28.60
2024-07-09,745557,6.0,-5.0,26.87,27.67
2024-07-09,745074,-3.0,1.0,26.75,27.43
2024-07-09,746690,-33.0,-3.0,26.73,28.80
2024-07-09,745803,-15.0,-3.0,28.95,27.40
2024-07-09,746937,-54.0,-24.0,27.33,29.07
2024-07-09,746368,3.0,-34.0,27.33,26.50
2024-07-09,745968,36.0,3.0,26.50,28.65
2024-07-09,746206,-21.0,33.0,27.80,27.10
2024-07-09,745393,26.0,20.0,27.07,26.67
2024-07-09,747180,35.0,-14.0,27.90,27.40
2024-07-09,745316,15.0,7.0,27.10,27.03
2024-07-09,745155,0.0,32.0,28.17,27.17
2024-07-09,746773,-18.0,-11.0,27.00,27.33
2024-07-10,745156,0.0,32.0,28.17,26.47
2024-07-10,746772,-18.0,-11.0,27.30,27.33
2024-07-10,747015,-13.0,16.0,28.00,28.00
2024-07-10,746453,-11.0,12.0,27.95,28.15
2024-07-10,745394,26.0,20.0,27.07,26.67
2024-07-10,745069,-3.0,1.0,26.93,26.67
2024-07-10,745556,6.0,-5.0,27.70,27.30
2024-07-10,746689,-33.0,-3.0,26.73,28.60
2024-07-10,745796,-15.0,-3.0,26.05,27.40
2024-07-10,746934,-54.0,-24.0,27.33,28.23
2024-07-10,746366,3.0,-34.0,27.53,27.73
2024-07-10,745969,36.0,3.0,27.77,26.90
2024-07-10,746205,-21.0,33.0,27.80,27.10
2024-07-10,747179,35.0,-14.0,27.90,28.07
2024-07-10,745318,15.0,7.0,26.43,26.37
2024-07-11,746688,-33.0,-3.0,27.20,27.90
2024-07-11,746452,-11.0,12.0,24.50,27.20
2024-07-11,745799,-15.0,-3.0,28.95,27.40
2024-07-11,745967,36.0,3.0,28.30,28.00
2024-07-11,745313,15.0,7.0,26.43,26.57
2024-07-11,745558,6.0,-5.0,27.23,27.63
2024-07-11,747011,-13.0,16.0,27.97,28.35
2024-07-11,745065,-3.0,1.0,26.93,27.43
2024-07-11,746935,-54.0,-24.0,27.33,29.07
2024-07-11,746204,-21.0,20.0,27.13,27.10
2024-07-11,747178,35.0,-14.0,27.90,27.90
2024-07-12,746450,-11.0,-5.0,27.23,29.10
2024-07-12,745552,6.0,-24.0,27.33,27.37
2024-07-12,745064,-3.0,12.0,27.95,27.43
2024-07-12,747012,-13.0,1.0,26.40,27.50
2024-07-12,746936,-54.0,32.0,27.60,28.23
2024-07-12,745800,-15.0,-3.0,26.95,27.40
2024-07-12,746685,-33.0,-34.0,28.10,28.60
2024-07-12,746371,3.0,33.0,27.80,26.50
2024-07-12,746774,-18.0,3.0,27.77,27.33
2024-07-12,745965,36.0,-3.0,28.95,28.00
2024-07-12,745153,0.0,16.0,27.97,27.17
2024-07-12,746207,-21.0,20.0,26.85,27.10
2024-07-12,747175,35.0,7.0,26.43,28.33
2024-07-12,745390,26.0,-14.0,27.90,26.67
2024-07-12,745312,15.0,-11.0,26.63,26.50
2024-07-13,746447,-11.0,-5.0,27.70,27.65
2024-07-13,746766,-18.0,3.0,27.67,28.17
2024-07-13,745152,0.0,16.0,27.70,27.07
2024-07-13,745549,6.0,-24.0,27.97,27.63
2024-07-13,747013,-13.0,1.0,26.93,27.50
2024-07-13,746930,-54.0,32.0,27.60,28.30
2024-07-13,745798,-15.0,-3.0,27.17,27.40
2024-07-13,745067,-3.0,12.0,27.95,26.67
2024-07-13,746369,3.0,33.0,27.80,26.60
2024-07-13,746687,-33.0,-34.0,28.03,28.30
2024-07-13,745963,36.0,-3.0,27.97,27.30
2024-07-13,745311,15.0,-11.0,27.27,27.13
2024-07-13,745392,26.0,-14.0,27.90,26.67
2024-07-13,746202,-21.0,20.0,27.77,27.10
2024-07-13,747177,35.0,7.0,25.75,28.17
2024-07-14,747009,-13.0,1.0,26.40,28.00
2024-07-14,746932,-54.0,32.0,28.17,28.60
2024-07-14,745551,6.0,-24.0,27.43,29.20
2024-07-14,746449,-11.0,-5.0,27.23,29.10
2024-07-14,745797,-15.0,-3.0,27.17,27.50
2024-07-14,745066,-3.0,12.0,27.95,27.43
2024-07-14,746686,-33.0,-34.0,27.33,28.60
2024-07-14,746370,3.0,33.0,27.80,26.50
2024-07-14,746769,-18.0,3.0,28.30,27.93
2024-07-14,745962,36.0,-3.0,28.95,28.00
2024-07-14,745151,0.0,16.0,27.97,27.07
2024-07-14,745314,15.0,-11.0,28.45,26.50
2024-07-14,746201,-21.0,20.0,26.47,27.23
2024-07-14,747176,35.0,7.0,26.43,27.33
2024-07-14,745385,26.0,-14.0,27.90,25.77
2024-07-19,746854,16.0,35.0,27.33,27.97
2024-07-19,745481,3.0,6.0,27.63,28.30
2024-07-19,744829,-3.0,-33.0,28.60,27.13
2024-07-19,745721,1.0,-3.0,27.13,27.10
2024-07-19,744911,7.0,-11.0,29.10,27.20
2024-07-19,746618,12.0,26.0,26.67,27.95
2024-07-19,746040,-34.0,-15.0,27.40,28.03
2024-07-19,744990,33.0,-13.0,27.90,27.35
2024-07-19,746284,32.0,-18.0,27.93,28.87
2024-07-19,746531,-3.0,15.0,26.50,27.17
2024-07-19,745640,-24.0,-21.0,27.10,27.30
2024-07-19,746123,-5.0,-54.0,29.10,27.23
2024-07-19,745228,20.0,3.0,26.50,27.67
2024-07-19,747093,-14.0,0.0,27.17,27.90
2024-07-20,745720,1.0,-3.0,27.40,26.80
2024-07-20,747096,-14.0,0.0,27.17,27.90
2024-07-20,744910,7.0,-11.0,28.15,26.43
2024-07-20,745638,-24.0,-21.0,27.13,27.43
2024-07-20,746041,-34.0,-15.0,27.40,27.33
2024-07-20,745478,3.0,6.0,27.63,27.77
2024-07-20,744830,-3.0,-33.0,28.60,27.97
2024-07-20,744994,33.0,-13.0,27.50,27.80
2024-07-20,746613,12.0,26.0,26.67,27.85
2024-07-20,746286,32.0,-18.0,27.93,28.87
2024-07-20,745880,-11.0,36.0,28.00,28.95
2024-07-20,746852,16.0,35.0,28.07,27.97
2024-07-20,746121,-5.0,-54.0,29.07,27.23
2024-07-20,746527,-3.0,15.0,26.53,27.17
2024-07-20,745229,20.0,3.0,26.50,28.10
2024-07-21,745882,-11.0,36.0,27.83,28.13
2024-07-21,744831,-3.0,-33.0,28.60,27.97
2024-07-21,745470,3.0,6.0,27.63,28.30
2024-07-21,747094,-14.0,0.0,27.17,28.07
2024-07-21,745722,1.0,-3.0,27.13,26.75
2024-07-21,744909,7.0,-11.0,27.20,26.43
2024-07-21,746610,12.0,26.0,26.67,27.95
2024-07-21,746042,-34.0,-15.0,27.40,27.73
2024-07-21,746287,32.0,-18.0,27.67,28.03
2024-07-21,746853,16.0,35.0,27.87,27.97
2024-07-21,744991,33.0,-13.0,27.50,27.80
2024-07-21,746528,-3.0,15.0,26.50,27.77
2024-07-21,745633,-24.0,-21.0,27.57,27.43
2024-07-21,745230,20.0,3.0,26.50,26.57
2024-07-21,746125,-5.0,-54.0,27.93,27.70
2024-07-22,745717,1.0,-3.0,27.40,26.75
2024-07-22,746612,12.0,-11.0,29.10,27.95
2024-07-22,745473,3.0,0.0,27.17,28.30
2024-07-22,746034,-34.0,-15.0,27.90,27.33
2024-07-22,747095,-14.0,-33.0,28.60,28.05
2024-07-22,745881,-11.0,6.0,27.63,27.80
2024-07-22,744988,33.0,-18.0,27.93,27.80
2024-07-22,746850,16.0,36.0,28.00,27.97
2024-07-22,746280,32.0,35.0,27.33,27.60
2024-07-22,746526,-3.0,-54.0,28.17,28.53
2024-07-22,745635,-24.0,3.0,26.50,27.43
2024-07-22,745232,20.0,-21.0,26.67,28.13
2024-07-22,746124,-5.0,15.0,26.50,27.23
2024-07-23,746614,12.0,-11.0,29.10,27.95
2024-07-23,745475,3.0,0.0,27.83,28.30
2024-07-23,746036,-34.0,-13.0,27.50,28.03
2024-07-23,744828,-3.0,26.0,26.43,27.13
2024-07-23,745715,1.0,-15.0,27.40,27.07
2024-07-23,744904,7.0,-3.0,27.13,26.43
2024-07-23,745878,-11.0,6.0,27.63,27.07
2024-07-23,744985,33.0,-18.0,27.17,28.77
2024-07-23,746848,16.0,36.0,27.95,28.23
2024-07-23,746281,32.0,35.0,28.07,28.70
2024-07-23,746524,-3.0,-54.0,28.30,27.33
2024-07-23,745632,-24.0,3.0,26.83,27.43
2024-07-23,745227,20.0,-21.0,27.30,27.23
2024-07-23,746118,-5.0,15.0,26.50,27.23
2024-07-23,747090,-14.0,-33.0,28.60,27.27
2024-07-24,747091,-14.0,-33.0,28.60,27.20
2024-07-24,745472,3.0,0.0,27.17,28.10
2024-07-24,745877,-11.0,6.0,27.63,27.65
2024-07-24,746851,16.0,36.0,27.30,27.97
2024-07-24,746525,-3.0,-54.0,28.47,27.77
2024-07-24,745634,-24.0,3.0,26.50,27.45
2024-07-24,745231,20.0,-21.0,27.40,27.23
2024-07-24,746611,12.0,-11.0,29.10,27.95
2024-07-24,746035,-34.0,-13.0,27.50,28.03
2024-07-24,744824,-3.0,26.0,27.10,26.40
2024-07-24,745716,1.0,-15.0,27.27,27.05
2024-07-24,744905,7.0,-3.0,27.13,26.43
2024-07-24,744989,33.0,-18.0,27.93,28.60
2024-07-24,746279,32.0,35.0,28.07,28.70
2024-07-24,746119,-5.0,15.0,26.50,27.23
2024-07-25,744827,-3.0,26.0,26.20,27.13
2024-07-25,746037,-34.0,-13.0,28.57,27.50
2024-07-25,746609,12.0,-11.0,26.20,27.95
2024-07-25,744984,33.0,-18.0,27.33,27.80
2024-07-25,744907,7.0,-3.0,27.13,25.10
2024-07-25,746117,-5.0,15.0,27.87,27.70
2024-07-25,745794,-15.0,-14.0,27.50,27.10
2024-07-25,746199,-21.0,-24.0,27.40,27.30
2024-07-26,746448,-11.0,-11.0,28.73,27.20
2024-07-26,745554,6.0,12.0,27.95,27.63
2024-07-26,745068,-3.0,-33.0,28.90,27.77
2024-07-26,747010,-13.0,26.0,27.73,27.50
2024-07-26,744906,7.0,33.0,28.00,27.10
2024-07-26,745792,-15.0,-14.0,27.47,27.47
2024-07-26,746933,-54.0,1.0,26.93,28.30
2024-07-26,746277,32.0,16.0,27.97,27.60
2024-07-26,746361,3.0,-5.0,27.87,26.50
2024-07-26,746767,-18.0,20.0,27.83,27.23
2024-07-26,745964,36.0,-34.0,28.10,27.95
2024-07-26,745146,0.0,-3.0,27.13,27.17
2024-07-26,746200,-21.0,-24.0,27.43,27.30
2024-07-26,747174,35.0,3.0,28.63,28.07
2024-07-26,745315,15.0,-3.0,27.93,27.87
2024-07-27,744908,7.0,33.0,27.80,27.10
2024-07-27,747006,-13.0,26.0,27.73,27.50
2024-07-27,745059,-3.0,-33.0,28.90,27.37
2024-07-27,745793,-15.0,-14.0,27.50,27.40
2024-07-27,745553,6.0,12.0,28.00,27.63
2024-07-27,746446,-11.0,-11.0,28.60,29.10
2024-07-27,745307,15.0,-3.0,28.10,27.53
2024-07-27,745310,15.0,-3.0,28.53,26.83
2024-07-27,746278,32.0,16.0,27.97,28.17
2024-07-27,746362,3.0,-5.0,27.63,26.50
2024-07-27,745966,36.0,-34.0,27.27,28.17
2024-07-27,745150,0.0,-3.0,28.55,27.17
2024-07-27,746768,-18.0,20.0,27.80,27.67
2024-07-27,746931,-54.0,1.0,26.93,27.47
2024-07-27,747171,35.0,3.0,28.50,27.33
2024-07-27,746203,-21.0,-24.0,27.23,27.40
2024-07-28,747008,-13.0,26.0,28.67,27.80
2024-07-28,745550,6.0,12.0,27.95,27.63
2024-07-28,744902,7.0,33.0,27.80,26.63
2024-07-28,746445,-11.0,-11.0,28.40,28.15
2024-07-28,745795,-15.0,-14.0,27.37,25.75
2024-07-28,746274,32.0,16.0,28.23,27.87
2024-07-28,746364,3.0,-5.0,28.20,26.50
2024-07-28,746770,-18.0,20.0,27.80,28.07
2024-07-28,745961,36.0,-34.0,27.27,27.95
2024-07-28,745145,0.0,-3.0,28.95,27.17
2024-07-28,745305,15.0,-3.0,27.77,28.20
2024-07-28,746195,-21.0,-24.0,27.43,27.40
2024-07-28,747173,35.0,3.0,28.43,28.33
2024-07-28,746929,-54.0,1.0,26.93,28.30
2024-07-29,747007,-13.0,7.0,25.75,27.80
2024-07-29,746444,-11.0,12.0,27.95,
2024-07-29,745547,6.0,1.0,27.27,28.67
2024-07-29,746684,-33.0,16.0,27.97,28.17
2024-07-29,746928,-54.0,20.0,27.95,26.45
2024-07-29,745791,-15.0,-11.0,26.57,27.90
2024-07-29,745147,0.0,33.0,27.80,27.17
2024-07-29,746360,3.0,3.0,28.40,27.13
2024-07-29,746765,-18.0,32.0,27.87,27.30
2024-07-29,745959,36.0,-14.0,27.50,27.73
2024-07-29,747172,35.0,-3.0,27.47,27.33
2024-07-30,746441,-11.0,12.0,28.40,29.10
2024-07-30,747005,-13.0,7.0,27.43,27.90
2024-07-30,745546,6.0,1.0,26.93,27.63
2024-07-30,745060,-3.0,-34.0,27.77,27.50
2024-07-30,746683,-33.0,16.0,27.70,28.90
2024-07-30,746926,-54.0,20.0,28.07,27.60
2024-07-30,745787,-15.0,-11.0,28.07,27.40
2024-07-30,745149,0.0,33.0,28.77,27.17
2024-07-30,746365,3.0,3.0,28.30,26.50
2024-07-30,746763,-18.0,32.0,28.87,28.10
2024-07-30,745958,36.0,-14.0,27.50,27.27
2024-07-30,746197,-21.0,-3.0,27.17,27.40
2024-07-30,747167,35.0,-3.0,25.75,26.80
2024-07-30,745389,26.0,-5.0,27.50,25.70
2024-07-30,745309,15.0,-24.0,27.40,28.03
2024-07-31,745061,-3.0,-34.0,28.10,27.50
2024-07-31,747003,-13.0,7.0,,28.17
2024-07-31,745543,6.0,1.0,26.63,26.67
2024-07-31,745789,-15.0,-11.0,27.73,27.27
2024-07-31,746764,-18.0,32.0,27.00,27.03
2024-07-31,745960,36.0,-14.0,27.47,26.10
2024-07-31,745148,0.0,33.0,27.93,26.77
2024-07-31,747170,35.0,-3.0,28.60,28.27
2024-07-31,746925,-54.0,20.0,27.37,29.10
2024-07-31,746678,-33.0,16.0,26.77,29.33
2024-07-31,746363,3.0,3.0,26.57,26.50
2024-07-31,745386,26.0,-5.0,27.50,27.53
2024-07-31,746198,-21.0,-3.0,28.97,26.77
2024-07-31,745306,15.0,-24.0,27.30,26.37
2024-08-01,746607,12.0,-13.0,27.83,28.70
2024-08-01,746442,-11.0,32.0,28.17,29.10
2024-08-01,747092,-14.0,-34.0,27.90,27.47
2024-08-01,746849,16.0,0.0,27.43,27.87
2024-08-01,746196,-21.0,-3.0,28.53,26.77
2024-08-02,746845,16.0,0.0,27.17,27.70
2024-08-02,746443,-11.0,32.0,28.17,28.15
2024-08-02,745471,3.0,35.0,29.27,28.30
2024-08-02,744825,-3.0,36.0,27.95,27.30
2024-08-02,745719,1.0,7.0,26.40,26.93
2024-08-02,746605,12.0,-13.0,27.80,28.40
2024-08-02,746679,-33.0,15.0,28.27,28.90
2024-08-02,747089,-14.0,-34.0,27.77,27.47
2024-08-02,744986,33.0,-54.0,28.07,27.80
2024-08-02,746354,3.0,-3.0,27.75,26.50
2024-08-02,745875,-11.0,-18.0,28.30,28.20
2024-08-02,746193,-21.0,-15.0,27.40,27.20
2024-08-02,745631,-24.0,-5.0,27.50,27.43
2024-08-02,745387,26.0,-3.0,28.53,26.43
2024-08-02,745224,20.0,6.0,27.27,28.10
2024-08-03,745714,1.0,7.0,27.10,26.93
2024-08-03,746846,16.0,0.0,27.17,27.97
2024-08-03,744823,-3.0,36.0,27.90,27.27
2024-08-03,746440,-11.0,32.0,29.30,29.10
2024-08-03,745474,3.0,35.0,28.87,27.00
2024-08-03,744987,33.0,-54.0,27.77,27.80
2024-08-03,745876,-11.0,-18.0,28.30,28.30
2024-08-03,746608,12.0,-13.0,28.33,27.95
2024-08-03,746681,-33.0,15.0,26.10,29.03
2024-08-03,746358,3.0,-3.0,27.50,26.50
2024-08-03,747087,-14.0,-34.0,27.90,27.03
2024-08-03,745388,26.0,-3.0,28.10,26.67
2024-08-03,745636,-24.0,-5.0,28.17,27.43
2024-08-03,746194,-21.0,-15.0,27.40,27.47
2024-08-03,745225,20.0,6.0,27.63,27.80
2024-08-04,746680,-33.0,15.0,27.43,28.90
2024-08-04,745468,3.0,35.0,28.07,28.07
2024-08-04,747088,-14.0,-34.0,27.77,27.47
2024-08-04,745718,1.0,7.0,27.40,26.63
2024-08-04,744826,-3.0,36.0,25.70,27.27
2024-08-04,746606,12.0,-13.0,27.80,28.40
2024-08-04,746439,-11.0,32.0,28.15,29.10
2024-08-04,746356,3.0,-3.0,27.67,26.50
2024-08-04,745879,-11.0,-18.0,28.30,27.80
2024-08-04,744979,33.0,-54.0,27.60,27.80
2024-08-04,746191,-21.0,-15.0,27.40,27.47
2024-08-04,745627,-24.0,-5.0,28.20,27.43
2024-08-04,745384,26.0,-3.0,28.53,26.67
2024-08-04,745222,20.0,6.0,27.63,27.67
2024-08-04,746844,16.0,0.0,27.43,27.97
2024-08-05,746600,12.0,35.0,26.73,28.40
2024-08-05,746038,-34.0,-33.0,29.07,28.63
2024-08-05,744821,-3.0,15.0,27.40,27.27
2024-08-05,744982,33.0,3.0,26.50,27.80
2024-08-05,746847,16.0,-11.0,27.83,26.90
2024-08-05,746276,32.0,-54.0,27.47,28.17
2024-08-05,745628,-24.0,-18.0,28.07,27.40
2024-08-05,746116,-5.0,6.0,27.63,27.70
2024-08-06,745467,3.0,26.0,26.20,27.77
2024-08-06,746033,-34.0,-33.0,28.90,27.77
2024-08-06,744817,-3.0,15.0,27.67,27.27
2024-08-06,744901,7.0,-13.0,27.75,27.10
2024-08-06,747086,-14.0,36.0,29.35,27.47
2024-08-06,745141,0.0,-3.0,27.50,27.90
2024-08-06,744983,33.0,3.0,27.10,27.80
2024-08-06,746840,16.0,-11.0,27.47,27.70
2024-08-06,746273,32.0,-54.0,27.60,27.87
2024-08-06,746519,-3.0,-15.0,27.40,28.53
2024-08-06,745221,20.0,-11.0,29.10,27.80
2024-08-06,745629,-24.0,-18.0,28.30,27.43
2024-08-06,746120,-5.0,6.0,27.63,27.70
2024-08-06,746602,12.0,35.0,28.07,28.55
2024-08-06,745713,1.0,-21.0,27.47,26.63
2024-08-07,746604,12.0,35.0,28.07,27.95
2024-08-07,746842,16.0,-11.0,27.30,27.70
2024-08-07,744981,33.0,3.0,27.13,27.80
2024-08-07,745630,-24.0,-18.0,28.30,27.30
2024-08-07,745709,1.0,-21.0,27.47,26.93
2024-08-07,745469,3.0,26.0,27.40,27.97
2024-08-07,746031,-34.0,-33.0,29.17,27.77
2024-08-07,744822,-3.0,15.0,26.33,27.80
2024-08-07,744903,7.0,-13.0,27.80,27.53
2024-08-07,747085,-14.0,36.0,24.90,27.03
2024-08-07,745142,0.0,-3.0,27.50,27.17
2024-08-07,746272,32.0,-54.0,28.47,27.87
2024-08-07,746521,-3.0,-15.0,26.53,28.53
2024-08-07,745223,20.0,-11.0,29.10,27.80
2024-08-07,746115,-5.0,6.0,27.63,27.70
2024-08-08,744819,-3.0,15.0,27.70,27.80
2024-08-08,747081,-14.0,36.0,29.35,27.25
2024-08-08,745466,3.0,26.0,25.70,28.07
2024-08-08,746522,-3.0,-15.0,27.10,28.10
2024-08-08,746030,-34.0,-33.0,28.40,27.60
2024-08-08,745710,1.0,-21.0,27.47,26.63
2024-08-08,744899,7.0,-13.0,27.80,27.43
2024-08-08,745143,0.0,-3.0,27.50,27.17
2024-08-08,745226,20.0,-11.0,26.20,28.40
2024-08-08,747169,35.0,6.0,27.63,28.27
2024-08-09,745871,-11.0,12.0,28.40,28.17
2024-08-09,744818,-3.0,-21.0,27.47,27.33
2024-08-09,745062,-3.0,-13.0,28.13,27.17
2024-08-09,744900,7.0,-24.0,27.43,27.43
2024-08-09,746927,-54.0,3.0,27.13,27.67
2024-08-09,746032,-34.0,26.0,26.67,27.77
2024-08-09,746275,32.0,0.0,27.17,27.87
2024-08-09,746760,-18.0,16.0,27.70,27.90
2024-08-09,745957,36.0,-33.0,29.20,29.35
2024-08-09,746523,-3.0,-14.0,27.03,28.53
2024-08-09,747168,35.0,6.0,27.63,29.27
2024-08-09,746113,-5.0,3.0,28.07,27.70
2024-08-09,745220,20.0,-15.0,26.53,27.80
2024-08-09,745308,15.0,-11.0,27.20,27.67
2024-08-09,745708,1.0,33.0,27.80,26.93
2024-08-10,745712,1.0,33.0,27.93,26.93
2024-08-10,744897,7.0,-24.0,27.43,27.43
2024-08-10,745304,15.0,-11.0,29.00,27.70
2024-08-10,746922,-54.0,3.0,27.10,27.47
2024-08-10,746026,-34.0,26.0,26.67,27.90
2024-08-10,744820,-3.0,-21.0,27.20,27.33
2024-08-10,746269,32.0,0.0,26.47,28.17
2024-08-10,745873,-11.0,12.0,28.40,27.77
2024-08-10,745955,36.0,-33.0,28.40,29.70
2024-08-10,745056,-3.0,-13.0,27.80,26.95
2024-08-10,746761,-18.0,16.0,27.70,27.87
2024-08-10,747164,35.0,6.0,27.63,28.17
2024-08-10,746520,-3.0,-14.0,27.25,28.10
2024-08-10,746112,-5.0,3.0,28.07,27.70
2024-08-10,745219,20.0,-15.0,27.40,27.80
2024-08-11,744816,-3.0,-21.0,27.57,27.33
2024-08-11,746923,-54.0,3.0,26.83,27.53
2024-08-11,745711,1.0,33.0,27.80,26.93
2024-08-11,744895,7.0,-24.0,27.23,27.43
2024-08-11,745057,-3.0,-13.0,27.80,27.87
2024-08-11,746025,-34.0,26.0,25.70,27.90
2024-08-11,745872,-11.0,12.0,28.07,27.83
2024-08-11,745956,36.0,-33.0,28.40,28.00
2024-08-11,746517,-3.0,-14.0,28.00,27.93
2024-08-11,745303,15.0,-11.0,28.15,28.03
2024-08-11,746114,-5.0,3.0,28.30,27.70
2024-08-11,747166,35.0,6.0,27.63,29.10
2024-08-11,745216,20.0,-15.0,27.63,27.80
2024-08-12,746603,12.0,16.0,27.97,28.40
2024-08-12,746682,-33.0,0.0,27.90,28.60
2024-08-12,745058,-3.0,3.0,26.50,28.30
2024-08-12,746921,-54.0,33.0,27.80,26.65
2024-08-12,745874,-11.0,32.0,27.87,27.77
2024-08-12,746762,-18.0,1.0,26.93,27.53
2024-08-12,745953,36.0,-5.0,27.23,28.35
2024-08-12,746192,-21.0,7.0,27.63,26.40
2024-08-12,747165,35.0,-3.0,28.53,28.17
2024-08-12,745383,26.0,3.0,28.73,26.67
2024-08-12,745300,15.0,-14.0,27.35,28.27
2024-08-13,747004,-13.0,-3.0,27.80,27.80
2024-08-13,746601,12.0,16.0,27.43,28.07
2024-08-13,746435,-11.0,20.0,26.63,27.65
2024-08-13,746673,-33.0,0.0,27.17,28.40
2024-08-13,745548,6.0,-34.0,27.90,27.63
2024-08-13,745055,-3.0,3.0,26.50,27.70
2024-08-13,745788,-15.0,-24.0,27.23,26.53
2024-08-13,746924,-54.0,33.0,27.80,27.53
2024-08-13,745867,-11.0,32.0,27.05,27.57
2024-08-13,746757,-18.0,1.0,26.93,27.87
2024-08-13,745954,36.0,-5.0,27.23,28.70
2024-08-13,746187,-21.0,7.0,27.25,27.47
2024-08-13,747160,35.0,-3.0,28.53,28.10
2024-08-13,745382,26.0,3.0,28.30,26.67
2024-08-13,745302,15.0,-14.0,28.05,27.67
2024-08-14,745869,-11.0,32.0,28.17,27.47
2024-08-14,747163,35.0,-3.0,28.10,28.83
2024-08-14,745381,26.0,3.0,27.53,27.73
2024-08-14,746919,-54.0,33.0,27.80,28.17
2024-08-14,747000,-13.0,-3.0,27.30,27.93
2024-08-14,746598,12.0,16.0,28.10,28.07
2024-08-14,746436,-11.0,20.0,28.00,28.60
2024-08-14,746677,-33.0,0.0,27.17,28.40
2024-08-14,745544,6.0,-34.0,27.90,26.60
2024-08-14,745053,-3.0,3.0,26.50,28.30
2024-08-14,745790,-15.0,-24.0,27.55,27.40
2024-08-14,746759,-18.0,1.0,26.93,27.90
2024-08-14,745951,36.0,-5.0,27.23,29.40
2024-08-14,746188,-21.0,7.0,27.43,27.17
2024-08-14,745301,15.0,-14.0,27.50,28.05
2024-08-15,745783,-15.0,-24.0,27.43,26.83
2024-08-15,746437,-11.0,20.0,28.00,27.15
2024-08-15,745950,36.0,-5.0,27.70,29.35
2024-08-15,745298,15.0,-14.0,27.77,28.27
2024-08-15,747002,-13.0,-54.0,28.30,27.80
2024-08-15,745545,6.0,-3.0,27.30,27.97
2024-08-15,744980,33.0,-11.0,27.47,28.17
2024-08-16,746843,16.0,7.0,27.43,27.70
2024-08-16,746674,-33.0,32.0,27.87,28.40
2024-08-16,745462,3.0,20.0,27.80,28.63
2024-08-16,745542,6.0,-3.0,28.70,27.63
2024-08-16,746438,-11.0,1.0,26.63,28.73
2024-08-16,745054,-3.0,35.0,29.17,27.50
2024-08-16,747001,-13.0,-54.0,27.03,27.80
2024-08-16,745784,-15.0,-34.0,27.77,27.47
2024-08-16,744974,33.0,-11.0,27.20,27.57
2024-08-16,746357,3.0,-18.0,27.90,26.93
2024-08-16,745949,36.0,12.0,28.07,29.40
2024-08-16,745144,0.0,-5.0,27.23,27.90
2024-08-16,746518,-3.0,26.0,26.67,28.53
2024-08-16,746189,-21.0,-14.0,28.45,27.50
2024-08-17,745463,3.0,20.0,28.67,27.63
2024-08-17,746434,-11.0,1.0,26.63,28.43
2024-08-17,746841,16.0,7.0,27.43,27.70
2024-08-17,745049,-3.0,35.0,28.27,27.50
2024-08-17,745785,-15.0,-34.0,27.90,27.47
2024-08-17,745537,6.0,-3.0,27.80,27.63
2024-08-17,746675,-33.0,32.0,26.83,28.10
2024-08-17,746997,-13.0,-54.0,28.37,27.80
2024-08-17,744977,33.0,-11.0,27.83,27.40
2024-08-17,745626,-24.0,15.0,27.67,27.23
2024-08-17,746355,3.0,-18.0,27.90,27.57
2024-08-17,745140,0.0,-5.0,27.37,27.17
2024-08-17,745952,36.0,12.0,28.07,27.15
2024-08-17,746515,-3.0,26.0,26.20,28.53
2024-08-17,746190,-21.0,-14.0,28.45,27.50
2024-08-18,745786,-15.0,-34.0,27.77,26.93
2024-08-18,746999,-13.0,-54.0,27.17,28.13
2024-08-18,745464,3.0,20.0,28.20,28.23
2024-08-18,745539,6.0,-3.0,28.70,27.30
2024-08-18,746676,-33.0,32.0,28.17,28.90
2024-08-18,745051,-3.0,35.0,28.13,28.30
2024-08-18,746359,3.0,-18.0,27.90,27.97
2024-08-18,745948,36.0,12.0,28.07,27.95
2024-08-18,745139,0.0,-5.0,27.50,27.17
2024-08-18,746838,16.0,7.0,27.53,28.10
2024-08-18,744975,33.0,-11.0,26.73,27.80
2024-08-18,746516,-3.0,26.0,26.67,27.93
2024-08-18,745621,-24.0,15.0,27.67,27.15
2024-08-18,746186,-21.0,-14.0,27.60,27.50
2024-08-18,746431,-11.0,1.0,26.63,28.73
2024-08-19,746027,-34.0,35.0,28.83,27.77
2024-08-19,744898,7.0,-33.0,28.40,27.43
2024-08-19,745780,-15.0,-13.0,27.93,26.83
2024-08-19,744976,33.0,3.0,28.07,27.80
2024-08-19,746351,3.0,-54.0,28.37,26.93
2024-08-19,746270,32.0,-21.0,27.50,28.17
2024-08-19,745620,-24.0,-3.0,27.63,27.23
2024-08-19,745380,26.0,-11.0,28.37,26.67
2024-08-19,745294,15.0,-18.0,27.30,27.67
2024-08-19,746109,-5.0,20.0,27.80,27.23
2024-08-20,746029,-34.0,35.0,28.23,27.77
2024-08-20,744814,-3.0,-3.0,28.53,28.70
2024-08-20,745707,1.0,12.0,28.17,26.63
2024-08-20,744896,7.0,-33.0,27.97,27.60
2024-08-20,745782,-15.0,-13.0,28.33,27.47
2024-08-20,747083,-14.0,6.0,27.63,27.70
2024-08-20,745136,0.0,36.0,29.35,27.90
2024-08-20,746839,16.0,-11.0,28.73,27.70
2024-08-20,744978,33.0,3.0,27.33,27.80
2024-08-20,746349,3.0,-54.0,27.17,26.93
2024-08-20,746266,32.0,-21.0,27.50,27.87
2024-08-20,745624,-24.0,-3.0,27.50,27.23
2024-08-20,745374,26.0,-11.0,26.93,26.67
2024-08-20,745295,15.0,-18.0,27.87,27.67
2024-08-20,746107,-5.0,20.0,27.77,27.23
2024-08-21,745781,-15.0,-13.0,27.93,26.83
2024-08-21,746350,3.0,-54.0,27.03,26.73
2024-08-21,744973,33.0,3.0,28.40,28.00
2024-08-21,745297,15.0,-18.0,27.90,28.27
2024-08-21,745375,26.0,-11.0,27.73,26.60
2024-08-21,746028,-34.0,35.0,28.83,27.90
2024-08-21,744812,-3.0,-3.0,28.53,28.70
2024-08-21,745704,1.0,12.0,28.33,26.97
2024-08-21,744893,7.0,-33.0,28.40,27.43
2024-08-21,747084,-14.0,6.0,27.63,28.00
2024-08-21,745138,0.0,36.0,29.35,27.17
2024-08-21,746837,16.0,-11.0,28.40,27.97
2024-08-21,746267,32.0,-21.0,27.50,28.87
2024-08-21,745622,-24.0,-3.0,27.50,27.23
2024-08-21,746110,-5.0,20.0,27.77,27.23
2024-08-22,744815,-3.0,-3.0,28.10,28.70
2024-08-22,745705,1.0,12.0,28.40,26.63
2024-08-22,745137,0.0,36.0,27.25,27.17
2024-08-22,746836,16.0,-11.0,28.15,28.00
2024-08-22,745623,-24.0,-3.0,27.17,27.40
2024-08-22,745465,3.0,-33.0,28.90,27.33
2024-08-22,744894,7.0,-21.0,27.50,27.43
2024-08-22,746998,-13.0,3.0,27.13,27.80
2024-08-22,747082,-14.0,6.0,27.63,28.00
2024-08-22,745379,26.0,-15.0,28.30,26.67
2024-08-23,745460,3.0,-33.0,28.40,28.07
2024-08-23,746995,-13.0,3.0,26.93,27.90
2024-08-23,745702,1.0,-3.0,28.10,26.63
2024-08-23,744889,7.0,-21.0,27.50,27.00
2024-08-23,746920,-54.0,35.0,28.83,27.90
2024-08-23,746597,12.0,33.0,27.80,28.17
2024-08-23,746024,-34.0,16.0,27.70,27.47
2024-08-23,747080,-14.0,-3.0,26.30,27.73
2024-08-23,745870,-11.0,0.0,27.90,27.80
2024-08-23,746268,32.0,6.0,27.63,28.17
2024-08-23,746758,-18.0,-11.0,28.73,27.90
2024-08-23,745378,26.0,-15.0,26.83,27.77
2024-08-23,745625,-24.0,36.0,28.25,27.23
2024-08-23,745217,20.0,15.0,27.67,28.47
2024-08-23,746111,-5.0,-3.0,27.50,27.23
2024-08-24,745703,1.0,-3.0,28.53,27.10
2024-08-24,744890,7.0,-21.0,27.97,27.63
2024-08-24,746996,-13.0,3.0,26.93,27.83
2024-08-24,745617,-24.0,36.0,27.95,27.15
2024-08-24,746917,-54.0,35.0,28.83,27.90
2024-08-24,745218,20.0,15.0,27.67,28.37
2024-08-24,746022,-34.0,16.0,27.70,27.10
2024-08-24,745457,3.0,-33.0,28.10,28.00
2024-08-24,746599,12.0,33.0,28.50,29.03
2024-08-24,745868,-11.0,0.0,26.70,27.83
2024-08-24,746271,32.0,6.0,27.63,27.60
2024-08-24,746756,-18.0,-11.0,29.10,28.23
2024-08-24,747077,-14.0,-3.0,28.55,28.00
2024-08-24,745377,26.0,-15.0,27.47,26.43
2024-08-24,746108,-5.0,-3.0,27.37,27.23
2024-08-25,747078,-14.0,-3.0,27.90,27.00
2024-08-25,746918,-54.0,35.0,28.83,27.17
2024-08-25,745459,3.0,-33.0,28.40,28.07
2024-08-25,745706,1.0,-3.0,28.53,26.63
2024-08-25,744892,7.0,-21.0,27.97,27.10
2024-08-25,746595,12.0,33.0,28.00,28.40
2024-08-25,746023,-34.0,16.0,27.40,27.90
2024-08-25,745863,-11.0,0.0,26.70,27.80
2024-08-25,746263,32.0,6.0,27.10,28.77
2024-08-25,746754,-18.0,-11.0,28.40,27.80
2024-08-25,745618,-24.0,36.0,27.95,27.23
2024-08-25,745376,26.0,-15.0,26.80,26.20
2024-08-25,745212,20.0,15.0,28.05,28.10
2024-08-25,746106,-5.0,-3.0,27.50,27.23
2024-08-25,746994,-13.0,3.0,26.93,27.83
2024-08-26,746596,12.0,32.0,28.17,28.37
2024-08-26,745458,3.0,16.0,27.57,27.47
2024-08-26,745538,6.0,3.0,27.33,27.63
2024-08-26,744813,-3.0,1.0,26.63,28.60
2024-08-26,746915,-54.0,7.0,27.10,27.17
2024-08-26,745865,-11.0,-14.0,28.00,27.70
2024-08-26,745133,0.0,26.0,26.67,26.57
2024-08-26,746753,-18.0,-11.0,28.73,27.90
2024-08-26,746513,-3.0,-34.0,27.75,26.57
2024-08-26,745215,20.0,-3.0,27.83,28.47
2024-08-27,746429,-11.0,-21.0,27.50,28.73
2024-08-27,746594,12.0,32.0,27.80,28.37
2024-08-27,746671,-33.0,-24.0,27.23,28.40
2024-08-27,745461,3.0,16.0,27.83,28.10
2024-08-27,745540,6.0,3.0,26.50,27.63
2024-08-27,744811,-3.0,1.0,26.63,27.90
2024-08-27,746916,-54.0,7.0,27.43,29.07
2024-08-27,745864,-11.0,-14.0,28.40,28.30
2024-08-27,745132,0.0,26.0,26.67,27.23
2024-08-27,746755,-18.0,33.0,27.57,28.13
2024-08-27,745946,36.0,15.0,28.00,27.95
2024-08-27,746510,-3.0,-34.0,28.60,27.17
2024-08-27,747162,35.0,-15.0,27.47,28.10
2024-08-27,745213,20.0,-3.0,27.97,28.20
2024-08-27,746105,-5.0,-13.0,27.90,27.87
2024-08-28,745452,3.0,16.0,27.83,28.07
2024-08-28,746589,12.0,32.0,28.17,28.37
2024-08-28,745541,6.0,3.0,27.25,27.63
2024-08-28,745211,20.0,-3.0,27.50,27.77
2024-08-28,746430,-11.0,-21.0,27.50,28.60
2024-08-28,746672,-33.0,-24.0,27.23,28.40
2024-08-28,744809,-3.0,1.0,26.63,26.60
2024-08-28,746913,-54.0,7.0,27.43,29.00
2024-08-28,745866,-11.0,-14.0,27.73,27.13
2024-08-28,745134,0.0,26.0,27.60,27.05
2024-08-28,746752,-18.0,33.0,27.80,27.90
2024-08-28,745943,36.0,15.0,26.63,28.25
2024-08-28,746512,-3.0,-34.0,27.55,27.17
2024-08-28,747161,35.0,-15.0,27.73,28.83
2024-08-28,746103,-5.0,-13.0,27.90,27.50
2024-08-29,746432,-11.0,-21.0,27.50,28.10
2024-08-29,746748,-18.0,33.0,27.97,27.90
2024-08-29,745945,36.0,15.0,28.27,27.95
2024-08-29,745135,0.0,26.0,26.67,26.57
2024-08-29,746514,-3.0,-34.0,27.30,26.73
2024-08-29,747159,35.0,-15.0,28.30,26.90
2024-08-29,746670,-33.0,-24.0,27.23,28.40
2024-08-29,745531,6.0,-14.0,27.73,27.63
2024-08-29,746914,-54.0,7.0,27.43,29.00
2024-08-29,746352,3.0,32.0,29.30,26.07
2024-08-29,746102,-5.0,-13.0,27.90,27.87
2024-08-30,746665,-33.0,36.0,28.63,28.40
2024-08-30,746433,-11.0,-54.0,27.03,28.13
2024-08-30,745533,6.0,-14.0,27.73,27.63
2024-08-30,744810,-3.0,16.0,27.70,27.20
2024-08-30,745052,-3.0,26.0,26.43,27.43
2024-08-30,745700,1.0,0.0,26.57,26.63
2024-08-30,746593,12.0,3.0,28.07,28.40
2024-08-30,744969,33.0,-24.0,27.23,28.17
2024-08-30,746353,3.0,32.0,27.67,26.93
2024-08-30,745862,-11.0,7.0,27.25,28.37
2024-08-30,746749,-18.0,-15.0,27.47,27.90
2024-08-30,746511,-3.0,-13.0,27.83,27.17
2024-08-30,746184,-21.0,20.0,27.77,27.50
2024-08-30,747156,35.0,-5.0,27.23,26.90
2024-08-30,745299,15.0,-34.0,27.55,26.67
2024-08-31,745699,1.0,0.0,26.57,26.63
2024-08-31,744808,-3.0,16.0,28.20,27.20
2024-08-31,745050,-3.0,26.0,26.67,28.17
2024-08-31,746424,-11.0,-54.0,28.37,28.73
2024-08-31,746590,12.0,3.0,28.10,28.37
2024-08-31,744971,33.0,-24.0,27.23,27.80
2024-08-31,746348,3.0,32.0,27.37,27.20
2024-08-31,745859,-11.0,7.0,27.90,27.03
2024-08-31,746751,-18.0,-15.0,27.47,28.13
2024-08-31,745532,6.0,-14.0,27.27,27.63
2024-08-31,746667,-33.0,36.0,27.25,29.07
2024-08-31,746507,-3.0,-13.0,27.83,27.17
2024-08-31,747158,35.0,-5.0,27.23,28.83
2024-08-31,745296,15.0,-34.0,27.90,27.23
2024-08-31,746182,-21.0,20.0,27.77,27.40
2024-09-01,746669,-33.0,36.0,28.25,28.40
2024-09-01,744806,-3.0,16.0,28.07,26.80
2024-09-01,745701,1.0,0.0,26.57,26.63
2024-09-01,746426,-11.0,-54.0,27.60,28.73
2024-09-01,746592,12.0,3.0,28.07,28.37
2024-09-01,745048,-3.0,26.0,26.87,28.03
2024-09-01,746347,3.0,32.0,28.53,27.20
2024-09-01,745861,-11.0,7.0,26.97,27.73
2024-09-01,746750,-18.0,-15.0,27.20,27.87
2024-09-01,744970,33.0,-24.0,27.63,27.80
2024-09-01,746505,-3.0,-13.0,28.13,26.73
2024-09-01,745292,15.0,-34.0,27.65,27.73
2024-09-01,746183,-21.0,20.0,28.20,27.50
2024-09-01,747157,35.0,-5.0,26.65,28.15
2024-09-01,745536,6.0,-14.0,27.60,27.63
2024-09-02,745947,36.0,0.0,26.57,27.95
2024-09-02,746992,-13.0,-18.0,27.80,27.35
2024-09-02,746668,-33.0,3.0,26.93,28.40
2024-09-02,746265,32.0,12.0,28.37,28.53
2024-09-02,747155,35.0,-5.0,27.25,29.17
2024-09-02,745373,26.0,-11.0,28.13,27.90
2024-09-02,745046,-3.0,-11.0,27.30,27.50
2024-09-02,745619,-24.0,20.0,27.77,27.23
2024-09-02,745779,-15.0,-54.0,29.10,27.37
2024-09-02,746833,16.0,3.0,28.43,27.97
2024-09-02,744972,33.0,1.0,26.63,27.80
2024-09-03,746991,-13.0,-18.0,28.55,27.35
2024-09-03,746020,-34.0,-3.0,26.80,28.10
2024-09-03,745047,-3.0,-11.0,27.10,28.03
2024-09-03,744891,7.0,6.0,27.63,27.43
2024-09-03,745778,-15.0,-54.0,28.23,28.30
2024-09-03,747079,-14.0,-3.0,28.10,27.60
2024-09-03,746264,32.0,12.0,28.37,28.53
2024-09-03,746834,16.0,3.0,28.07,27.70
2024-09-03,745944,36.0,0.0,26.57,28.25
2024-09-03,744968,33.0,1.0,27.10,27.75
2024-09-03,746185,-21.0,-5.0,27.23,27.50
2024-09-03,745615,-24.0,20.0,27.77,27.23
2024-09-03,745293,15.0,35.0,27.73,28.00
2024-09-04,744887,7.0,6.0,29.67,27.43
2024-09-04,746990,-13.0,-18.0,27.80,27.67
2024-09-04,746666,-33.0,3.0,27.10,28.57
2024-09-04,746019,-34.0,-3.0,26.80,28.10
2024-09-04,745045,-3.0,-11.0,26.95,27.10
2024-09-04,745776,-15.0,-54.0,27.53,28.05
2024-09-04,747075,-14.0,-3.0,28.53,27.60
2024-09-04,746262,32.0,12.0,27.17,27.53
2024-09-04,746835,16.0,3.0,28.03,27.70
2024-09-04,745938,36.0,0.0,27.80,29.40
2024-09-04,744964,33.0,1.0,27.05,27.90
2024-09-04,746178,-21.0,-5.0,27.83,27.50
2024-09-04,745370,26.0,-11.0,28.73,27.00
2024-09-04,745614,-24.0,20.0,27.77,25.70
2024-09-04,745290,15.0,35.0,28.23,26.93
2024-09-05,746664,-33.0,3.0,26.93,28.40
2024-09-05,745042,-3.0,-11.0,28.10,27.50
2024-09-05,745612,-24.0,20.0,28.20,27.23
2024-09-05,745289,15.0,35.0,27.73,26.93
2024-09-05,745451,3.0,-3.0,26.00,28.07
2024-09-05,746021,-34.0,6.0,27.63,28.10
2024-09-05,747073,-14.0,-3.0,28.53,27.27
2024-09-05,744966,33.0,-21.0,27.50,28.73
2024-09-05,745369,26.0,-11.0,28.60,27.00
2024-09-06,746832,16.0,1.0,26.63,27.70
2024-09-06,745941,36.0,-3.0,27.93,27.95
2024-09-06,746993,-13.0,-3.0,27.10,27.83
2024-09-06,745777,-15.0,-33.0,28.40,27.47
2024-09-06,746912,-54.0,-18.0,27.90,28.00
2024-09-06,746016,-34.0,6.0,27.10,27.65
2024-09-06,747074,-14.0,7.0,27.43,27.60
2024-09-06,744967,33.0,-21.0,27.50,27.75
2024-09-06,746343,3.0,35.0,27.67,27.20
2024-09-06,746257,32.0,-11.0,26.90,27.53
2024-09-06,745131,0.0,20.0,27.77,27.07
2024-09-06,745611,-24.0,-11.0,28.55,27.63
2024-09-06,745371,26.0,15.0,26.67,27.00
2024-09-06,746104,-5.0,12.0,28.37,27.23
2024-09-06,745455,3.0,-3.0,28.60,27.33
2024-09-07,745456,3.0,-3.0,29.30,28.07
2024-09-07,746829,16.0,1.0,26.63,27.43
2024-09-07,746986,-13.0,-3.0,27.10,27.83
2024-09-07,745613,-24.0,-11.0,28.60,27.25
2024-09-07,746344,3.0,35.0,28.00,26.93
2024-09-07,745775,-15.0,-33.0,28.40,27.47
2024-09-07,746018,-34.0,6.0,27.63,27.85
2024-09-07,744963,33.0,-21.0,27.50,28.00
2024-09-07,745942,36.0,-3.0,28.20,27.05
2024-09-07,745125,0.0,20.0,28.33,27.07
2024-09-07,746259,32.0,-11.0,27.60,27.53
2024-09-07,746911,-54.0,-18.0,27.90,27.40
2024-09-07,747076,-14.0,7.0,27.30,27.10
2024-09-07,745372,26.0,15.0,27.47,26.67
2024-09-07,746099,-5.0,12.0,28.37,27.23
2024-09-08,746989,-13.0,-3.0,28.13,27.90
2024-09-08,745453,3.0,-3.0,28.60,27.33
2024-09-08,747072,-14.0,7.0,27.53,28.20
2024-09-08,746910,-54.0,-18.0,28.00,27.40
2024-09-08,745774,-15.0,-33.0,28.60,27.47
2024-09-08,746017,-34.0,6.0,28.55,27.90
2024-09-08,746258,32.0,-11.0,26.77,27.53
2024-09-08,745940,36.0,-3.0,27.17,27.05
2024-09-08,745128,0.0,20.0,28.33,25.15
2024-09-08,746827,16.0,1.0,26.63,28.20
2024-09-08,744965,33.0,-21.0,27.85,28.60
2024-09-08,745616,-24.0,-11.0,29.05,27.15
2024-09-08,746098,-5.0,12.0,28.43,27.23
2024-09-08,745368,26.0,15.0,27.70,27.00
2024-09-08,746345,3.0,35.0,27.90,26.87
2024-09-09,745534,6.0,-3.0,27.97,27.63
2024-09-09,745454,3.0,-34.0,28.10,28.43
2024-09-09,745698,1.0,32.0,27.53,27.30
2024-09-09,744888,7.0,-15.0,27.47,27.43
2024-09-09,746909,-54.0,-13.0,27.73,27.53
2024-09-09,745860,-11.0,-21.0,27.50,26.33
2024-09-09,746746,-18.0,12.0,27.95,28.13
2024-09-09,746101,-5.0,16.0,28.20,27.50
2024-09-10,746428,-11.0,-3.0,28.53,28.50
2024-09-10,745535,6.0,-3.0,28.13,28.95
2024-09-10,745446,3.0,-34.0,27.50,28.07
2024-09-10,744807,-3.0,-14.0,28.20,25.10
2024-09-10,745694,1.0,32.0,27.53,26.63
2024-09-10,744886,7.0,-15.0,27.73,27.43
2024-09-10,746907,-54.0,-13.0,27.83,27.53
2024-09-10,745856,-11.0,-21.0,29.20,27.20
2024-09-10,746747,-18.0,12.0,28.37,27.90
2024-09-10,745126,0.0,-33.0,28.40,26.37
2024-09-10,746346,3.0,-24.0,27.15,26.60
2024-09-10,745210,20.0,26.0,27.00,28.20
2024-09-10,747152,35.0,33.0,28.60,27.90
2024-09-10,745291,15.0,36.0,27.90,26.67
2024-09-10,746097,-5.0,16.0,28.20,27.23
2024-09-11,745450,3.0,-34.0,28.00,27.33
2024-09-11,746745,-18.0,12.0,28.37,28.55
2024-09-11,744881,7.0,-15.0,28.10,27.20
2024-09-11,747154,35.0,33.0,29.00,27.67
2024-09-11,746425,-11.0,-3.0,28.53,28.73
2024-09-11,745525,6.0,-3.0,28.17,28.90
2024-09-11,744804,-3.0,-14.0,27.27,28.60
2024-09-11,745697,1.0,32.0,30.20,27.60
2024-09-11,746908,-54.0,-13.0,27.83,28.27
2024-09-11,745857,-11.0,-21.0,27.50,26.80
2024-09-11,745127,0.0,-33.0,28.90,27.87
2024-09-11,746342,3.0,-24.0,27.23,26.30
2024-09-11,745214,20.0,26.0,27.00,28.20
2024-09-11,745285,15.0,36.0,29.10,28.23
2024-09-11,746100,-5.0,16.0,28.20,27.23
2024-09-12,746427,-11.0,-3.0,27.93,28.40
2024-09-12,745129,0.0,-33.0,28.40,27.07
2024-09-12,746337,3.0,-24.0,27.63,26.73
2024-09-12,744805,-3.0,-34.0,27.55,28.60
2024-09-12,746591,12.0,-3.0,27.95,28.37
2024-09-12,745695,1.0,-54.0,27.75,27.60
2024-09-12,745208,20.0,33.0,28.60,28.20
2024-09-12,745288,15.0,36.0,27.90,27.00
2024-09-13,746423,-11.0,-13.0,27.83,28.87
2024-09-13,745447,3.0,32.0,28.47,28.07
2024-09-13,745529,6.0,-15.0,27.15,26.30
2024-09-13,744800,-3.0,-34.0,28.10,
2024-09-13,745696,1.0,-54.0,28.00,26.63
2024-09-13,744882,7.0,0.0,27.07,27.20
2024-09-13,746586,12.0,-3.0,27.83,28.43
2024-09-13,747069,-14.0,-5.0,27.23,27.60
2024-09-13,746744,-18.0,-24.0,27.63,28.00
2024-09-13,745855,-11.0,-33.0,28.40,27.73
2024-09-13,746509,-3.0,16.0,28.20,28.53
2024-09-13,746181,-21.0,3.0,26.93,27.50
2024-09-13,747153,35.0,36.0,27.55,28.07
2024-09-13,745207,20.0,33.0,28.60,28.20
2024-09-13,745286,15.0,26.0,27.70,26.63
2024-09-14,745448,3.0,32.0,27.53,28.07
2024-09-14,745689,1.0,-54.0,28.00,26.63
2024-09-14,744884,7.0,0.0,26.50,27.20
2024-09-14,745528,6.0,-15.0,27.15,27.63
2024-09-14,744803,-3.0,-34.0,28.10,26.00
2024-09-14,746422,-11.0,-13.0,27.83,28.55
2024-09-14,746584,12.0,-3.0,28.53,28.55
2024-09-14,745858,-11.0,-33.0,27.53,27.50
2024-09-14,746740,-18.0,-24.0,27.23,27.90
2024-09-14,747070,-14.0,-5.0,28.55,28.20
2024-09-14,746508,-3.0,16.0,28.20,28.53
2024-09-14,747148,35.0,36.0,27.95,26.30
2024-09-14,745284,15.0,26.0,27.70,26.93
2024-09-14,746177,-21.0,3.0,26.93,27.50
2024-09-14,745209,20.0,33.0,28.60,28.20
2024-09-15,746419,-11.0,-13.0,27.83,28.30
2024-09-15,745852,-11.0,-33.0,28.70,27.37
2024-09-15,745449,3.0,32.0,27.53,28.07
2024-09-15,745530,6.0,-15.0,26.15,27.63
2024-09-15,744801,-3.0,-34.0,28.10,
2024-09-15,745693,1.0,-54.0,28.27,26.63
2024-09-15,744883,7.0,0.0,26.13,27.40
2024-09-15,746585,12.0,-3.0,27.50,28.50
2024-09-15,746741,-18.0,-24.0,27.23,28.13
2024-09-15,746506,-3.0,16.0,28.20,28.53
2024-09-15,745287,15.0,26.0,25.75,27.13
2024-09-15,746180,-21.0,3.0,26.93,27.25
2024-09-15,745206,20.0,33.0,28.60,27.87
2024-09-15,747151,35.0,36.0,28.50,28.07
2024-09-15,747071,-14.0,-5.0,27.23,27.70
2024-09-16,746588,12.0,-11.0,26.83,28.50
2024-09-16,745773,-15.0,-3.0,26.00,26.10
2024-09-16,747067,-14.0,-5.0,28.05,27.00
2024-09-16,746260,32.0,-11.0,29.05,27.53
2024-09-16,746828,16.0,-24.0,27.10,28.20
2024-09-16,745939,36.0,6.0,27.63,28.25
2024-09-16,745130,0.0,3.0,27.33,27.07
2024-09-16,746502,-3.0,35.0,28.07,28.53
2024-09-16,746179,-21.0,-18.0,28.00,27.50
2024-09-16,745367,26.0,3.0,26.93,29.10
2024-09-17,746987,-13.0,15.0,27.70,27.90
2024-09-17,746587,12.0,-11.0,27.83,28.50
2024-09-17,746659,-33.0,-14.0,27.27,28.40
2024-09-17,746015,-34.0,-5.0,27.23,28.00
2024-09-17,745044,-3.0,-54.0,28.00,27.50
2024-09-17,745772,-15.0,-3.0,26.80,26.55
2024-09-17,746261,32.0,-11.0,28.60,27.53
2024-09-17,746830,16.0,-24.0,27.63,28.20
2024-09-17,745935,36.0,6.0,27.63,26.50
2024-09-17,745122,0.0,3.0,27.70,27.07
2024-09-17,744961,33.0,7.0,27.10,28.60
2024-09-17,746503,-3.0,35.0,28.17,27.93
2024-09-17,746176,-21.0,-18.0,27.90,27.50
2024-09-17,745366,26.0,3.0,26.50,27.45
2024-09-17,745205,20.0,1.0,27.90,28.30
2024-09-18,746831,16.0,-24.0,27.63,28.20
2024-09-18,746500,-3.0,35.0,28.07,28.10
2024-09-18,746172,-21.0,-18.0,27.50,27.40
2024-09-18,746988,-13.0,15.0,26.63,27.83
2024-09-18,745365,26.0,3.0,26.50,27.07
2024-09-18,746582,12.0,-11.0,27.73,28.55
2024-09-18,746662,-33.0,-14.0,27.60,28.40
2024-09-18,746014,-34.0,-5.0,27.93,27.85
2024-09-18,745040,-3.0,-54.0,28.00,28.17
2024-09-18,745771,-15.0,-3.0,,27.55
2024-09-18,746254,32.0,-11.0,29.05,27.53
2024-09-18,745933,36.0,6.0,27.63,27.95
2024-09-18,745121,0.0,3.0,27.33,27.07
2024-09-18,744959,33.0,7.0,27.20,28.60
2024-09-18,745199,20.0,1.0,26.63,28.67
2024-09-19,746985,-13.0,15.0,26.90,27.83
2024-09-19,746579,12.0,-11.0,28.07,27.80
2024-09-19,746663,-33.0,-14.0,28.20,29.65
2024-09-19,744962,33.0,7.0,27.40,28.60
2024-09-19,745204,20.0,1.0,26.63,28.33
2024-09-19,746011,-34.0,-5.0,27.83,27.50
2024-09-19,745041,-3.0,-54.0,27.60,27.17
2024-09-19,745120,0.0,3.0,28.07,27.07
2024-09-19,745769,-15.0,6.0,27.63,28.00
2024-09-19,745937,36.0,35.0,28.40,28.70
2024-09-19,746823,16.0,-3.0,28.60,28.20
2024-09-19,746341,3.0,-21.0,27.50,26.50
2024-09-20,746824,16.0,-3.0,28.60,28.13
2024-09-20,746661,-33.0,3.0,28.07,28.40
2024-09-20,745043,-3.0,7.0,27.53,27.50
2024-09-20,746984,-13.0,-11.0,28.43,27.90
2024-09-20,746905,-54.0,-11.0,27.53,28.40
2024-09-20,745770,-15.0,6.0,27.63,26.70
2024-09-20,746013,-34.0,-14.0,27.60,28.95
2024-09-20,744960,33.0,20.0,28.20,28.60
2024-09-20,746340,3.0,-21.0,27.50,26.60
2024-09-20,746256,32.0,15.0,26.97,27.53
2024-09-20,745934,36.0,35.0,28.40,26.50
2024-09-20,745123,0.0,12.0,27.40,27.07
2024-09-20,745364,26.0,-18.0,27.60,27.45
2024-09-20,745606,-24.0,1.0,26.60,27.23
2024-09-20,746094,-5.0,-3.0,27.17,27.93
2024-09-21,746660,-33.0,3.0,28.07,28.40
2024-09-21,746826,16.0,-3.0,27.20,28.13
2024-09-21,746983,-13.0,-11.0,28.15,27.83
2024-09-21,745038,-3.0,7.0,27.20,27.63
2024-09-21,745768,-15.0,6.0,27.63,27.10
2024-09-21,746012,-34.0,-14.0,27.60,27.55
2024-09-21,746255,32.0,15.0,26.45,26.87
2024-09-21,744958,33.0,20.0,28.33,28.60
2024-09-21,746338,3.0,-21.0,27.50,26.85
2024-09-21,745936,36.0,35.0,27.90,24.90
2024-09-21,745124,0.0,12.0,27.40,27.07
2024-09-21,745360,26.0,-18.0,27.37,27.00
2024-09-21,745610,-24.0,1.0,26.97,27.20
2024-09-21,746096,-5.0,-3.0,27.17,27.23
2024-09-21,746906,-54.0,-11.0,27.53,28.33
2024-09-22,746903,-54.0,-11.0,27.50,28.33
2024-09-22,746657,-33.0,3.0,28.00,28.40
2024-09-22,746982,-13.0,-11.0,29.05,28.13
2024-09-22,745036,-3.0,7.0,27.40,27.83
2024-09-22,746010,-34.0,-14.0,27.60,27.85
2024-09-22,746339,3.0,-21.0,27.53,27.20
2024-09-22,746253,32.0,15.0,26.63,27.53
2024-09-22,745929,36.0,35.0,27.17,29.65
2024-09-22,745118,0.0,12.0,27.80,27.80
2024-09-22,746825,16.0,-3.0,26.60,28.07
2024-09-22,744955,33.0,20.0,28.20,28.60
2024-09-22,745608,-24.0,1.0,26.63,27.23
2024-09-22,746092,-5.0,-3.0,27.17,27.23
2024-09-22,745358,26.0,-18.0,27.97,27.73
2024-09-22,745767,-15.0,6.0,27.63,27.00
2024-09-23,745527,6.0,16.0,27.57,27.63
2024-09-23,744885,7.0,-54.0,27.73,27.20
2024-09-23,746334,3.0,20.0,28.20,26.60
2024-09-23,747150,35.0,15.0,26.95,27.73
2024-09-24,746421,-11.0,-3.0,27.53,29.05
2024-09-24,746581,12.0,-33.0,28.93,27.80
2024-09-24,745526,6.0,16.0,27.93,27.63
2024-09-24,745441,3.0,36.0,28.25,28.07
2024-09-24,744802,-3.0,32.0,27.53,26.00
2024-09-24,745688,1.0,-13.0,27.50,26.63
2024-09-24,744876,7.0,-54.0,29.40,27.20
2024-09-24,747068,-14.0,-15.0,27.55,27.60
2024-09-24,746743,-18.0,-21.0,27.50,27.90
2024-09-24,745851,-11.0,-34.0,28.10,27.95
2024-09-24,746336,3.0,20.0,28.20,26.60
2024-09-24,746504,-3.0,0.0,27.07,28.53
2024-09-24,747149,35.0,15.0,26.63,27.13
2024-09-24,745605,-24.0,33.0,28.60,27.23
2024-09-24,746093,-5.0,26.0,27.00,27.23
2024-09-25,746331,3.0,20.0,28.20,27.87
2024-09-25,745521,6.0,16.0,27.40,27.63
2024-09-25,746583,12.0,-33.0,29.40,27.95
2024-09-25,746420,-11.0,-3.0,27.97,28.73
2024-09-25,745442,3.0,36.0,27.95,28.07
2024-09-25,744795,-3.0,32.0,28.53,27.20
2024-09-25,745690,1.0,-13.0,28.13,26.63
2024-09-25,744877,7.0,-54.0,27.90,26.90
2024-09-25,746742,-18.0,-21.0,27.53,27.97
2024-09-25,745854,-11.0,-34.0,28.10,26.65
2024-09-25,746501,-3.0,0.0,27.57,28.53
2024-09-25,747144,35.0,15.0,27.23,28.00
2024-09-25,745607,-24.0,33.0,27.25,27.63
2024-09-25,746095,-5.0,26.0,27.00,27.23
2024-09-25,747064,-14.0,-15.0,28.00,27.60
2024-09-26,745443,3.0,36.0,29.40,28.07
2024-09-26,744796,-3.0,32.0,27.53,
2024-09-26,746415,-11.0,-3.0,28.17,28.10
2024-09-26,746738,-18.0,-21.0,27.60,27.37
2024-09-26,746495,-3.0,0.0,27.80,27.17
2024-09-26,745609,-24.0,33.0,28.60,27.23
2024-09-26,745691,1.0,-13.0,28.90,26.63
2024-09-26,745853,-11.0,-34.0,28.20,27.53
2024-09-26,746088,-5.0,26.0,27.00,27.77
2024-09-27,746822,16.0,-33.0,28.40,28.13
2024-09-27,746417,-11.0,-18.0,27.60,28.60
2024-09-27,744797,-3.0,6.0,27.23,26.00
2024-09-27,745692,1.0,3.0,27.70,27.20
2024-09-27,744879,7.0,-34.0,28.10,27.40
2024-09-27,746580,12.0,3.0,26.60,27.95
2024-09-27,746904,-54.0,-3.0,27.50,27.73
2024-09-27,747065,-14.0,32.0,28.53,27.60
2024-09-27,746494,-3.0,-5.0,28.30,27.85
2024-09-27,745847,-11.0,-13.0,28.13,28.07
2024-09-27,745930,36.0,-15.0,27.47,29.35
2024-09-27,746173,-21.0,33.0,28.60,28.00
2024-09-27,747145,35.0,26.0,27.70,28.87
2024-09-27,745202,20.0,-24.0,27.23,28.33
2024-09-27,745280,15.0,0.0,27.30,26.63
2024-09-28,745685,1.0,3.0,28.07,27.27
2024-09-28,746414,-11.0,-18.0,27.60,27.20
2024-09-28,746819,16.0,-33.0,28.40,28.13
2024-09-28,744878,7.0,-34.0,28.10,27.20
2024-09-28,745281,15.0,0.0,27.07,26.63
2024-09-28,744799,-3.0,6.0,27.63,26.15
2024-09-28,746902,-54.0,-3.0,27.50,27.73
2024-09-28,746578,12.0,3.0,27.00,28.05
2024-09-28,745849,-11.0,-13.0,26.85,27.00
2024-09-28,745931,36.0,-15.0,27.20,27.90
2024-09-28,747066,-14.0,32.0,26.33,27.60
2024-09-28,746499,-3.0,-5.0,28.05,27.85
2024-09-28,747146,35.0,26.0,25.77,28.40
2024-09-28,746171,-21.0,33.0,28.60,28.00
2024-09-28,745203,20.0,-24.0,27.23,28.20
2024-09-29,745282,15.0,0.0,25.80,27.70
2024-09-29,746901,-54.0,-3.0,27.57,27.20
2024-09-29,744798,-3.0,6.0,25.00,26.60
2024-09-29,745686,1.0,3.0,28.43,26.93
2024-09-29,746174,-21.0,33.0,28.60,28.00
2024-09-29,744880,7.0,-34.0,28.10,26.25
2024-09-29,746496,-3.0,-5.0,28.43,26.95
2024-09-29,747147,35.0,26.0,27.67,28.97
2024-09-29,745201,20.0,-24.0,26.67,26.85
2024-09-29,745846,-11.0,-13.0,27.95,27.00
2024-09-29,746416,-11.0,-18.0,28.30,28.73
2024-09-29,745932,36.0,-15.0,28.05,28.70
2024-09-29,746820,16.0,-33.0,28.40,28.23
2024-09-29,747061,-14.0,32.0,28.53,27.60
2025-04-01,778498,-13.0,26.0,27.87,28.25
2025-04-01,778497,-38.0,5.0,26.83,28.43
2025-04-01,778493,5.0,-15.0,28.37,26.33
2025-04-01,778492,9.0,36.0,27.70,27.17
2025-04-01,778491,25.0,-19.0,27.40,26.83
2025-04-01,778490,-38.0,3.0,28.25,27.55
2025-04-01,778488,31.0,39.0,28.43,29.17
2025-04-01,778495,13.0,-37.0,27.53,27.03
2025-04-01,778489,-3.0,-7.0,27.93,26.37
2025-04-01,778485,5.0,12.0,26.97,26.97
2025-04-01,778486,-18.0,21.0,27.77,28.00
2025-04-01,778494,-47.0,24.0,27.40,27.60
2025-04-01,778487,0.0,0.0,27.23,27.57
2025-04-02,778480,-13.0,26.0,27.93,28.25
2025-04-02,778479,5.0,-15.0,27.83,26.15
2025-04-02,778477,31.0,39.0,29.25,29.17
2025-04-02,778473,13.0,-37.0,27.53,26.53
2025-04-02,778474,-38.0,3.0,28.00,27.75
2025-04-02,778478,25.0,-19.0,26.90,26.83
2025-04-02,778471,-47.0,24.0,27.40,27.60
2025-04-02,778476,5.0,12.0,27.07,26.97
2025-04-02,778469,-18.0,21.0,27.77,28.00
2025-04-02,778475,-3.0,-7.0,26.43,26.37
2025-04-02,778481,-38.0,5.0,26.83,28.03
2025-04-02,778483,-11.0,-20.0,27.60,27.70
2025-04-02,778482,7.0,8.0,27.77,27.77
2025-04-02,778484,9.0,36.0,27.77,27.17
2025-04-02,778472,0.0,0.0,26.93,27.80
2025-04-03,778470,-11.0,-20.0,27.60,27.97
2025-04-03,778467,7.0,8.0,27.77,27.60
2025-04-03,778462,3.0,-3.0,26.97,28.00
2025-04-03,778466,9.0,36.0,27.67,27.60
2025-04-03,778468,31.0,-13.0,28.25,28.20
2025-04-04,778458,21.0,-38.0,28.03,27.27
2025-04-04,778463,-20.0,13.0,27.03,27.60
2025-04-04,778460,24.0,5.0,26.97,27.40
2025-04-04,778465,5.0,25.0,26.83,26.83
2025-04-04,778456,8.0,-47.0,27.60,27.77
2025-04-04,778461,-15.0,9.0,27.63,27.73
2025-04-04,778444,-7.0,-18.0,28.00,27.00
2025-04-04,778457,-19.0,36.0,28.97,27.40
2025-04-04,778459,7.0,0.0,27.57,27.60
2025-04-04,778464,0.0,-38.0,28.03,27.07
2025-04-04,778455,39.0,-11.0,28.17,28.05
2025-04-04,778454,26.0,5.0,26.33,27.87
2025-04-04,778453,31.0,-13.0,28.23,29.17
2025-04-04,778447,-37.0,12.0,27.07,27.53
2025-04-05,778445,21.0,-38.0,28.03,27.33
2025-04-05,778440,3.0,-3.0,26.37,28.00
2025-04-05,778450,24.0,5.0,27.37,27.40
2025-04-05,778452,-19.0,36.0,27.73,27.97
2025-04-05,778448,7.0,0.0,27.80,27.60
2025-04-05,778449,-15.0,9.0,26.87,28.43
2025-04-05,778441,39.0,-11.0,28.73,27.37
2025-04-05,778438,26.0,5.0,27.47,27.87
2025-04-05,778446,5.0,25.0,26.83,26.83
2025-04-05,778439,31.0,-13.0,27.93,29.17
2025-04-05,778451,0.0,-38.0,28.43,27.07
2025-04-05,778442,8.0,-47.0,27.60,27.77
2025-04-05,778436,-7.0,-18.0,28.00,27.00
2025-04-05,778437,-37.0,12.0,26.93,27.60
2025-04-05,778443,-20.0,13.0,26.67,27.60
2025-04-06,778429,-19.0,36.0,28.03,26.90
2025-04-06,778432,-20.0,13.0,26.30,26.60
2025-04-06,778434,7.0,0.0,27.57,27.60
2025-04-06,778428,-15.0,9.0,27.17,27.73
2025-04-06,778435,5.0,25.0,26.83,26.83
2025-04-06,778433,21.0,-38.0,28.00,27.50
2025-04-06,778422,39.0,-11.0,28.17,29.25
2025-04-06,778419,3.0,-3.0,26.37,27.10
2025-04-06,778421,31.0,-13.0,27.93,29.17
2025-04-06,778430,24.0,5.0,26.97,27.40
2025-04-06,778420,26.0,5.0,27.80,27.87
2025-04-06,778423,8.0,-47.0,27.60,27.77
2025-04-06,778427,-7.0,-18.0,27.90,27.00
2025-04-06,778425,-37.0,12.0,27.07,27.53
2025-04-06,778431,0.0,-38.0,28.30,26.00
2025-04-07,778424,21.0,9.0,27.57,27.67
2025-04-07,778415,-15.0,13.0,27.03,26.73
2025-04-07,778418,-19.0,0.0,27.57,28.30
2025-04-07,778426,-20.0,25.0,26.83,27.60
2025-04-07,778416,5.0,-38.0,28.43,26.83
2025-04-07,778411,24.0,26.0,28.63,27.40
2025-04-07,778412,39.0,3.0,28.00,28.03
2025-04-07,778413,36.0,-11.0,27.77,28.03
2025-04-07,778405,-18.0,-3.0,26.37,28.40
2025-04-07,778410,-7.0,-13.0,28.60,27.00
2025-04-07,778414,-47.0,5.0,26.97,27.40
2025-04-08,778403,21.0,9.0,26.87,27.33
2025-04-08,778402,12.0,-38.0,28.00,27.07
2025-04-08,778407,5.0,-38.0,28.00,27.87
2025-04-08,778408,-15.0,13.0,28.03,27.40
2025-04-08,778409,-19.0,0.0,26.95,27.73
2025-04-08,778404,-20.0,25.0,26.83,27.60
2025-04-08,778417,5.0,-37.0,27.53,26.97
2025-04-08,778406,0.0,7.0,27.77,27.07
2025-04-08,778401,24.0,26.0,27.40,27.40
2025-04-08,778400,39.0,3.0,26.93,28.03
2025-04-08,778394,8.0,31.0,28.20,27.77
2025-04-08,778396,36.0,-11.0,28.80,28.03
2025-04-08,778398,-18.0,-3.0,26.83,28.07
2025-04-08,778397,-7.0,-13.0,28.60,27.90
2025-04-08,778395,-47.0,5.0,26.43,27.67
2025-04-09,778389,-15.0,13.0,27.03,27.40
2025-04-09,778390,5.0,-38.0,27.83,26.83
2025-04-09,778387,21.0,9.0,27.57,27.33
2025-04-09,778385,24.0,26.0,27.03,27.40
2025-04-09,778381,-47.0,5.0,26.63,27.40
2025-04-09,778380,36.0,-11.0,27.77,27.67
2025-04-09,778376,-7.0,-13.0,28.43,27.93
2025-04-09,778392,-19.0,0.0,27.57,27.40
2025-04-09,778383,-18.0,-3.0,26.77,27.40
2025-04-09,778391,12.0,-38.0,27.77,27.07
2025-04-09,778386,-20.0,25.0,26.83,27.60
2025-04-09,778399,5.0,-37.0,27.37,26.23
2025-04-09,778393,0.0,7.0,27.60,28.20
2025-04-09,778388,39.0,3.0,27.40,28.03
2025-04-09,778379,8.0,31.0,29.17,27.93
2025-04-10,778382,5.0,-37.0,27.63,26.83
2025-04-10,778378,12.0,-38.0,27.45,27.07
2025-04-10,778373,39.0,3.0,27.40,28.03
2025-04-10,778371,8.0,31.0,29.17,27.60
2025-04-10,778377,-20.0,25.0,27.40,28.57
2025-04-10,778384,0.0,7.0,27.60,26.93
2025-04-11,778375,12.0,39.0,28.03,27.07
2025-04-11,778374,-13.0,-15.0,27.10,28.60
2025-04-11,778367,5.0,0.0,27.30,26.97
2025-04-11,778370,9.0,-7.0,27.67,26.87
2025-04-11,778369,-38.0,-19.0,27.57,28.43
2025-04-11,778366,-38.0,-20.0,27.60,27.95
2025-04-11,778368,-3.0,-37.0,27.53,27.63
2025-04-11,778363,3.0,21.0,27.27,27.40
2025-04-11,778365,13.0,7.0,28.70,27.47
2025-04-11,778361,5.0,8.0,27.00,27.70
2025-04-11,778360,-18.0,26.0,27.13,28.07
2025-04-11,778364,36.0,31.0,28.20,28.13
2025-04-11,778358,-47.0,5.0,26.83,27.40
2025-04-11,778356,0.0,24.0,27.40,27.80
2025-04-11,778372,-11.0,25.0,27.00,28.73
2025-04-12,778348,3.0,21.0,27.77,27.40
2025-04-12,778347,13.0,7.0,28.70,26.53
2025-04-12,778355,9.0,-7.0,27.67,27.57
2025-04-12,778346,-47.0,5.0,26.83,27.27
2025-04-12,778362,-11.0,25.0,26.83,28.47
2025-04-12,778353,5.0,0.0,27.30,26.30
2025-04-12,778349,-38.0,-20.0,27.37,28.70
2025-04-12,778354,-38.0,-19.0,27.23,28.43
2025-04-12,778359,12.0,39.0,28.05,27.07
2025-04-12,778357,-13.0,-15.0,27.40,28.60
2025-04-12,778351,-3.0,-37.0,27.53,26.37
2025-04-12,778350,36.0,31.0,29.17,28.80
2025-04-12,778352,5.0,8.0,26.63,26.97
2025-04-12,778345,0.0,24.0,27.47,26.50
2025-04-12,778341,-18.0,26.0,28.00,27.90
2025-04-13,778344,-11.0,25.0,27.17,27.17
2025-04-13,778339,9.0,-7.0,27.90,27.57
2025-04-13,778342,12.0,39.0,28.00,27.07
2025-04-13,778343,-13.0,-15.0,27.67,27.93
2025-04-13,778340,5.0,0.0,28.43,25.87
2025-04-13,778337,-38.0,-19.0,27.23,28.43
2025-04-13,778329,-3.0,-37.0,27.53,26.37
2025-04-13,778335,3.0,21.0,27.33,28.10
2025-04-13,778338,-38.0,-20.0,27.60,28.23
2025-04-13,778336,13.0,7.0,27.60,26.30
2025-04-13,778333,-47.0,5.0,26.83,27.40
2025-04-13,778330,5.0,8.0,27.13,26.97
2025-04-13,778334,-18.0,26.0,26.13,27.40
2025-04-13,778332,36.0,31.0,29.17,28.13
2025-04-13,778331,0.0,24.0,26.95,27.57
2025-04-14,778321,-15.0,-19.0,27.23,28.37
2025-04-14,778320,7.0,-7.0,27.67,28.70
2025-04-14,778328,5.0,-20.0,27.63,26.83
2025-04-14,778327,9.0,39.0,28.03,27.00
2025-04-14,778322,25.0,0.0,26.87,26.83
2025-04-14,778324,3.0,5.0,26.83,28.10
2025-04-14,778323,31.0,21.0,27.30,28.27
2025-04-14,778325,13.0,-3.0,26.93,26.23
2025-04-14,778315,5.0,24.0,26.43,26.97
2025-04-14,778326,0.0,8.0,27.13,26.87
2025-04-15,778314,-15.0,-19.0,26.47,27.73
2025-04-15,778316,-13.0,-18.0,28.07,28.25
2025-04-15,778318,-38.0,36.0,27.67,27.57
2025-04-15,778313,7.0,-7.0,27.90,28.70
2025-04-15,778317,-11.0,12.0,27.07,27.70
2025-04-15,778319,5.0,-20.0,27.60,26.23
2025-04-15,778312,9.0,39.0,28.00,27.57
2025-04-15,778311,25.0,0.0,27.23,26.83
2025-04-15,778307,3.0,5.0,26.83,28.20
2025-04-15,778309,-38.0,-47.0,27.40,28.05
2025-04-15,778310,31.0,21.0,27.30,28.47
2025-04-15,778308,13.0,-3.0,26.37,27.03
2025-04-15,778306,26.0,-37.0,27.53,27.03
2025-04-15,778305,5.0,24.0,26.43,26.97
2025-04-15,778302,0.0,8.0,27.13,26.87
2025-04-16,778297,25.0,0.0,27.23,26.83
2025-04-16,778299,3.0,5.0,26.83,27.17
2025-04-16,778295,31.0,21.0,27.57,29.17
2025-04-16,778290,13.0,-3.0,27.60,27.03
2025-04-16,778288,5.0,24.0,27.40,26.97
2025-04-16,778301,-11.0,12.0,27.07,27.77
2025-04-16,778293,-15.0,-19.0,27.23,27.57
2025-04-16,778304,-13.0,-18.0,27.40,28.25
2025-04-16,778303,-38.0,36.0,28.03,28.03
2025-04-16,778296,7.0,-7.0,27.67,27.60
2025-04-16,778298,5.0,-20.0,28.07,25.87
2025-04-16,778300,9.0,39.0,29.00,27.17
2025-04-16,778294,-38.0,-47.0,27.40,28.70
2025-04-16,778289,26.0,-37.0,27.53,27.40
2025-04-16,778287,0.0,8.0,27.60,26.87
2025-04-17,778291,-38.0,36.0,27.67,28.80
2025-04-17,778280,-15.0,-19.0,28.57,27.87
2025-04-17,778285,-13.0,-18.0,27.40,27.00
2025-04-17,778283,-38.0,-47.0,27.27,27.55
2025-04-17,778279,7.0,-7.0,27.70,28.70
2025-04-17,778292,-11.0,12.0,27.07,27.93
2025-04-17,778286,21.0,39.0,28.03,27.57
2025-04-17,778282,5.0,9.0,26.87,26.63
2025-04-17,778278,5.0,13.0,27.03,26.83
2025-04-17,778281,26.0,-37.0,27.53,26.43
2025-04-18,778268,24.0,36.0,28.03,27.40
2025-04-18,778277,21.0,39.0,28.03,27.33
2025-04-18,778271,-15.0,12.0,28.20,27.87
2025-04-18,778274,7.0,-38.0,27.93,28.70
2025-04-18,778276,-11.0,-13.0,28.65,27.67
2025-04-18,778272,5.0,9.0,27.57,26.33
2025-04-18,778273,25.0,-18.0,27.90,26.83
2025-04-18,778270,5.0,13.0,28.03,26.83
2025-04-18,778275,-20.0,-38.0,27.00,27.60
2025-04-18,778284,0.0,3.0,27.17,26.77
2025-04-18,778263,26.0,0.0,27.57,27.40
2025-04-18,778269,-3.0,5.0,26.97,26.37
2025-04-18,778261,31.0,-47.0,27.40,29.17
2025-04-18,778260,-37.0,-7.0,27.90,27.53
2025-04-18,778266,8.0,-19.0,26.70,27.30
2025-04-19,778252,7.0,-38.0,27.57,28.70
2025-04-19,778265,21.0,39.0,28.03,27.77
2025-04-19,778257,24.0,36.0,27.67,27.40
2025-04-19,778258,25.0,-18.0,28.17,26.83
2025-04-19,778262,-11.0,-13.0,28.25,27.93
2025-04-19,778254,-15.0,12.0,27.57,27.73
2025-04-19,778256,5.0,13.0,27.03,26.83
2025-04-19,778251,26.0,0.0,26.80,27.13
2025-04-19,778247,8.0,-19.0,26.47,26.40
2025-04-19,778264,-20.0,-38.0,28.05,27.60
2025-04-19,778255,5.0,9.0,26.75,27.50
2025-04-19,778259,-3.0,5.0,26.97,26.37
2025-04-19,778253,31.0,-47.0,27.40,29.17
2025-04-19,778267,0.0,3.0,28.00,26.77
2025-04-19,778243,-37.0,-7.0,27.67,27.53
2025-04-20,778250,-11.0,-13.0,26.90,27.93
2025-04-20,778242,-15.0,12.0,27.80,27.57
2025-04-20,778249,0.0,3.0,27.17,26.77
2025-04-20,778245,-20.0,-38.0,27.75,27.60
2025-04-20,778248,7.0,-38.0,28.27,28.70
2025-04-20,778241,25.0,-18.0,28.07,26.83
2025-04-20,778246,21.0,39.0,27.67,27.50
2025-04-20,778244,5.0,13.0,27.30,26.83
2025-04-20,778240,5.0,9.0,27.37,25.87
2025-04-20,778239,31.0,-47.0,26.37,29.70
2025-04-20,778236,24.0,36.0,28.30,27.40
2025-04-20,778234,26.0,0.0,26.87,27.13
2025-04-20,778235,8.0,-19.0,27.70,26.80
2025-04-20,778232,-37.0,-7.0,27.90,27.53
2025-04-20,778237,-3.0,5.0,26.97,26.37
2025-04-21,778238,-20.0,-38.0,28.03,27.60
2025-04-21,778227,12.0,9.0,27.30,27.80
2025-04-21,778228,21.0,5.0,26.97,27.57
2025-04-21,778230,-38.0,-13.0,28.25,28.27
2025-04-21,778225,5.0,7.0,28.70,26.83
2025-04-21,778233,0.0,13.0,27.03,28.07
2025-04-21,778231,-3.0,25.0,26.83,26.90
2025-04-21,778226,-7.0,31.0,29.17,27.67
2025-04-22,778218,12.0,9.0,27.57,27.57
2025-04-22,778221,21.0,5.0,26.97,27.33
2025-04-22,778219,-38.0,-13.0,28.25,27.57
2025-04-22,778222,-19.0,-11.0,27.93,27.43
2025-04-22,778224,-20.0,-18.0,27.90,27.60
2025-04-22,778223,5.0,7.0,28.70,26.83
2025-04-22,778229,0.0,13.0,26.77,28.07
2025-04-22,778215,39.0,8.0,26.40,27.97
2025-04-22,778220,24.0,0.0,27.80,27.40
2025-04-22,778216,3.0,-38.0,27.75,28.20
2025-04-22,778217,-3.0,25.0,27.80,26.43
2025-04-22,778211,-37.0,-15.0,27.87,27.97
2025-04-22,778212,36.0,5.0,26.30,27.67
2025-04-22,778210,-7.0,31.0,29.17,27.90
2025-04-22,778213,-47.0,26.0,28.63,27.40
2025-04-23,778214,0.0,13.0,26.77,27.30
2025-04-23,778209,21.0,5.0,27.37,26.97
2025-04-23,778203,5.0,7.0,27.60,26.83
2025-04-23,778208,-38.0,-13.0,28.25,27.57
2025-04-23,778206,12.0,9.0,27.57,27.57
2025-04-23,778204,-19.0,-11.0,27.93,27.43
2025-04-23,778207,-20.0,-18.0,28.07,27.60
2025-04-23,778205,24.0,0.0,27.80,27.13
2025-04-23,778200,-3.0,25.0,26.83,26.00
2025-04-23,778201,3.0,-38.0,28.00,28.20
2025-04-23,778202,-37.0,-15.0,27.87,28.00
2025-04-23,778199,36.0,5.0,26.33,28.30
2025-04-23,778198,-7.0,31.0,29.17,27.67
2025-04-23,778197,-47.0,26.0,28.55,27.53
2025-04-23,778195,39.0,8.0,27.43,28.03
2025-04-24,778189,3.0,-38.0,27.83,28.30
2025-04-24,778196,-20.0,-18.0,28.07,27.60
2025-04-24,778190,39.0,8.0,27.03,28.00
2025-04-24,778194,-7.0,31.0,29.03,27.67
2025-04-24,778193,-19.0,-11.0,27.93,28.40
2025-04-24,778191,-37.0,-15.0,27.87,28.00
2025-04-24,778188,36.0,5.0,26.13,27.67
2025-04-24,778192,-47.0,26.0,27.63,27.27
2025-04-25,778182,24.0,7.0,28.70,27.40
2025-04-25,778183,-19.0,5.0,26.83,27.87
2025-04-25,778185,9.0,25.0,26.83,27.07
2025-04-25,778187,39.0,-3.0,26.37,28.03
2025-04-25,778186,3.0,-37.0,28.00,26.70
2025-04-25,778184,13.0,31.0,29.17,27.03
2025-04-25,778181,8.0,-13.0,28.25,27.25
2025-04-25,778172,5.0,5.0,26.30,27.20
2025-04-25,778177,36.0,0.0,26.77,28.97
2025-04-25,778175,-18.0,-38.0,28.03,27.90
2025-04-25,778178,-47.0,-38.0,27.75,27.40
2025-04-25,778176,0.0,-15.0,27.87,26.87
2025-04-25,778171,-7.0,26.0,27.63,27.67
2025-04-25,778180,21.0,-11.0,27.93,27.27
2025-04-25,778179,12.0,-20.0,27.60,27.80
2025-04-26,778169,12.0,-20.0,27.60,27.87
2025-04-26,778168,21.0,-11.0,28.73,27.57
2025-04-26,778166,3.0,-37.0,28.00,27.60
2025-04-26,778164,13.0,31.0,29.17,27.03
2025-04-26,778161,8.0,-13.0,28.25,27.93
2025-04-26,778173,-19.0,5.0,26.83,27.87
2025-04-26,778159,-7.0,26.0,28.50,27.67
2025-04-26,778174,24.0,7.0,28.70,27.50
2025-04-26,778165,-47.0,-38.0,28.00,27.20
2025-04-26,778167,39.0,-3.0,26.37,27.67
2025-04-26,778162,36.0,0.0,26.77,28.03
2025-04-26,778160,5.0,5.0,27.03,26.97
2025-04-26,778163,0.0,-15.0,27.87,26.87
2025-04-26,778154,-18.0,-38.0,,27.70
2025-04-26,778170,9.0,25.0,26.83,26.67
2025-04-27,778153,-19.0,5.0,26.83,28.13
2025-04-27,778156,9.0,25.0,26.80,27.73
2025-04-27,778157,12.0,-20.0,27.60,27.97
2025-04-27,778155,21.0,-11.0,28.10,27.20
2025-04-27,778144,3.0,-37.0,27.97,26.60
2025-04-27,778152,39.0,-3.0,27.27,28.03
2025-04-27,778150,13.0,31.0,29.17,27.03
2025-04-27,778148,8.0,-13.0,28.23,28.63
2025-04-27,778151,-7.0,26.0,27.00,27.67
2025-04-27,778149,-47.0,-38.0,27.87,27.67
2025-04-27,778145,0.0,-15.0,27.87,27.63
2025-04-27,778146,5.0,5.0,26.30,26.97
2025-04-27,778147,36.0,0.0,26.77,27.67
2025-04-27,778136,-18.0,-38.0,27.80,27.90
2025-04-27,778158,24.0,7.0,28.70,27.40
2025-04-28,778138,-19.0,5.0,28.00,28.47
2025-04-28,778139,12.0,3.0,26.67,28.00
2025-04-28,778140,-11.0,9.0,27.37,27.93
2025-04-28,778141,-13.0,13.0,27.03,28.25
2025-04-28,778143,26.0,-47.0,27.27,29.10
2025-04-28,778142,-3.0,21.0,26.97,28.03
2025-04-28,778137,8.0,0.0,26.77,27.93
2025-04-28,778132,0.0,-38.0,28.10,26.87
2025-04-29,778129,12.0,3.0,27.73,27.57
2025-04-29,778133,-11.0,9.0,27.23,28.95
2025-04-29,778135,-15.0,24.0,27.90,27.87
2025-04-29,778131,7.0,-19.0,28.73,27.60
2025-04-29,778128,5.0,39.0,28.03,26.30
2025-04-29,778127,25.0,-20.0,27.60,26.83
2025-04-29,778130,5.0,36.0,28.03,26.83
2025-04-29,778125,-38.0,31.0,28.05,27.83
2025-04-29,778122,26.0,-47.0,27.53,26.55
2025-04-29,778124,-3.0,21.0,27.57,27.30
2025-04-29,778120,8.0,0.0,26.77,27.93
2025-04-29,778121,-18.0,-37.0,27.83,27.90
2025-04-29,778126,5.0,-7.0,27.67,26.97
2025-04-29,778134,-13.0,13.0,27.60,28.25
2025-04-30,778119,-13.0,13.0,28.80,26.50
2025-04-30,778110,-3.0,21.0,27.57,27.60
2025-04-30,778102,8.0,0.0,27.30,27.93
2025-04-30,778109,0.0,-38.0,27.80,27.33
2025-04-30,778104,-18.0,-37.0,27.80,27.67
2025-04-30,778105,5.0,-7.0,27.67,26.97
2025-04-30,778116,12.0,3.0,28.25,27.80
2025-04-30,778115,-11.0,9.0,26.67,27.93
2025-04-30,778112,-15.0,24.0,27.40,27.87
2025-04-30,778118,7.0,-19.0,28.73,28.70
2025-04-30,778113,5.0,39.0,28.03,26.35
2025-04-30,778114,25.0,-20.0,27.60,26.83
2025-04-30,778117,5.0,36.0,28.00,27.80
2025-04-30,778111,-38.0,31.0,29.10,28.00
2025-04-30,778106,26.0,-47.0,27.40,28.43
2025-05-01,778100,-15.0,24.0,27.40,27.87
2025-05-01,778107,-13.0,13.0,27.60,28.25
2025-05-01,778103,5.0,36.0,27.67,26.83
2025-05-01,778097,5.0,39.0,28.03,26.15
2025-05-01,778108,12.0,3.0,28.25,27.57
2025-05-01,778094,-38.0,31.0,29.05,27.35
2025-05-01,778096,26.0,-47.0,27.27,28.53
2025-05-01,778099,7.0,-19.0,27.87,28.70
2025-05-01,778095,25.0,-20.0,27.60,26.83
2025-05-01,778101,-37.0,21.0,27.70,27.17
2025-05-01,778098,-7.0,8.0,28.43,27.70
2025-05-02,778087,-13.0,-19.0,27.87,28.25
2025-05-02,778090,-15.0,5.0,26.25,27.87
2025-05-02,778086,7.0,36.0,28.07,28.70
2025-05-02,778093,-11.0,39.0,28.03,27.93
2025-05-02,778088,9.0,5.0,25.90,27.07
2025-05-02,778081,25.0,12.0,27.25,27.25
2025-05-02,778089,-20.0,3.0,27.20,27.60
2025-05-02,778091,-38.0,-47.0,27.27,28.30
2025-05-02,778092,0.0,0.0,26.87,26.77
2025-05-02,778079,-38.0,-3.0,27.67,28.70
2025-05-02,778083,26.0,-18.0,26.40,27.27
2025-05-02,778080,31.0,24.0,26.57,29.10
2025-05-02,778084,13.0,5.0,26.83,27.60
2025-05-02,778085,-37.0,21.0,27.40,27.17
2025-05-02,778082,-7.0,8.0,28.63,27.67
2025-05-03,778074,9.0,5.0,26.30,27.57
2025-05-03,778066,-38.0,-3.0,28.13,27.65
2025-05-03,778064,25.0,12.0,27.53,26.83
2025-05-03,778065,-15.0,5.0,26.97,27.87
2025-05-03,778069,-7.0,8.0,27.93,27.67
2025-05-03,778073,-20.0,3.0,28.25,27.60
2025-05-03,778075,-38.0,-47.0,27.40,28.30
2025-05-03,778078,7.0,36.0,28.07,28.70
2025-05-03,778077,-13.0,-19.0,28.73,28.25
2025-05-03,778070,26.0,-18.0,27.67,27.57
2025-05-03,778071,31.0,24.0,27.40,28.47
2025-05-03,778072,-11.0,39.0,28.05,27.93
2025-05-03,778076,0.0,0.0,27.27,26.77
2025-05-03,778067,-37.0,21.0,26.93,27.17
2025-05-03,778068,13.0,5.0,26.83,27.00
2025-05-04,778053,13.0,5.0,26.83,26.50
2025-05-04,778062,-11.0,39.0,28.00,27.93
2025-05-04,778051,-15.0,5.0,26.97,27.93
2025-05-04,778063,-20.0,3.0,27.03,27.60
2025-05-04,778057,9.0,5.0,26.30,27.37
2025-05-04,778056,25.0,12.0,27.37,26.83
2025-05-04,778061,-38.0,-47.0,27.60,27.75
2025-05-04,778059,7.0,36.0,27.67,27.60
2025-05-04,778055,-38.0,-3.0,27.70,28.85
2025-05-04,778054,31.0,24.0,27.40,28.05
2025-05-04,778052,26.0,-18.0,27.47,28.63
2025-05-04,778048,-7.0,8.0,27.93,27.67
2025-05-04,778050,-37.0,21.0,27.10,27.03
2025-05-04,778058,-13.0,-19.0,28.43,28.65
2025-05-04,778060,0.0,0.0,26.87,26.77
2025-05-05,778047,-38.0,0.0,26.87,27.90
2025-05-05,778045,9.0,5.0,26.43,27.07
2025-05-05,778049,0.0,-13.0,28.25,26.77
2025-05-05,778044,24.0,-7.0,27.90,27.27
2025-05-05,778043,39.0,-38.0,28.60,27.60
2025-05-05,778042,31.0,-3.0,27.60,28.05
2025-05-05,778036,13.0,-15.0,27.87,26.50
2025-05-05,778039,36.0,5.0,26.83,27.70
2025-05-05,778038,-47.0,-18.0,27.97,27.40
2025-05-05,778046,-19.0,12.0,27.63,28.20
2025-05-06,778026,-19.0,12.0,27.80,28.40
2025-05-06,778035,-38.0,0.0,27.33,28.30
2025-05-06,778037,-20.0,26.0,27.57,27.60
2025-05-06,778040,5.0,7.0,28.70,27.25
2025-05-06,778041,9.0,5.0,26.97,27.10
2025-05-06,778034,0.0,-13.0,28.25,26.77
2025-05-06,778027,24.0,-7.0,27.67,27.40
2025-05-06,778028,3.0,-11.0,27.93,27.03
2025-05-06,778033,39.0,-38.0,27.95,28.03
2025-05-06,778031,31.0,-3.0,28.07,28.47
2025-05-06,778030,13.0,-15.0,27.87,27.60
2025-05-06,778025,-37.0,25.0,26.83,27.17
2025-05-06,778032,36.0,5.0,26.83,27.70
2025-05-06,778024,-47.0,-18.0,27.97,27.40
2025-05-06,778029,8.0,21.0,26.97,27.30
2025-05-07,778022,-19.0,12.0,27.87,28.73
2025-05-07,778015,31.0,-3.0,27.60,29.10
2025-05-07,778016,13.0,-15.0,27.87,27.60
2025-05-07,778020,24.0,-7.0,27.67,27.40
2025-05-07,778010,-47.0,-18.0,27.97,27.27
2025-05-07,778014,36.0,5.0,26.83,27.67
2025-05-07,778017,-38.0,0.0,27.63,27.75
2025-05-07,778018,-20.0,26.0,27.57,27.60
2025-05-07,778021,5.0,7.0,28.80,26.37
2025-05-07,778019,9.0,5.0,26.97,27.00
2025-05-07,778023,0.0,-13.0,28.25,26.77
2025-05-07,778011,3.0,-11.0,27.93,28.00
2025-05-07,778012,39.0,-38.0,28.47,28.00
2025-05-07,778013,8.0,21.0,26.97,27.93
2025-05-07,778009,-37.0,25.0,26.83,27.13
2025-05-08,778007,3.0,-11.0,28.70,27.20
2025-05-08,778006,-20.0,26.0,27.63,27.60
2025-05-08,778008,39.0,-38.0,,27.37
2025-05-08,778004,8.0,21.0,27.00,27.20
2025-05-08,778005,5.0,7.0,28.70,26.33
2025-05-08,778003,0.0,-13.0,28.25,27.90
2025-05-08,778000,-37.0,25.0,27.25,27.13
2025-05-08,777999,36.0,0.0,26.87,28.07
2025-05-09,777996,21.0,26.0,27.55,27.57
2025-05-09,777998,-15.0,0.0,26.93,27.87
2025-05-09,777995,-19.0,13.0,27.60,27.87
2025-05-09,778002,5.0,31.0,28.47,26.77
2025-05-09,778001,5.0,24.0,27.40,26.83
2025-05-09,777997,12.0,7.0,28.70,27.87
2025-05-09,777990,39.0,-20.0,27.60,28.05
2025-05-09,777991,-38.0,-38.0,27.57,27.43
2025-05-09,777989,-3.0,-13.0,28.25,27.60
2025-05-09,777992,3.0,-7.0,27.87,27.03
2025-05-09,777993,8.0,5.0,27.70,27.93
2025-05-09,777986,-37.0,-11.0,27.93,27.13
2025-05-09,777988,36.0,0.0,27.40,28.07
2025-05-09,777984,-18.0,25.0,27.67,27.97
2025-05-09,777994,-47.0,9.0,27.23,27.27
2025-05-10,777980,-19.0,13.0,27.60,28.40
2025-05-10,777985,-15.0,0.0,27.90,27.00
2025-05-10,777972,-47.0,9.0,26.67,27.27
2025-05-10,777981,5.0,31.0,28.47,26.30
2025-05-10,777987,21.0,26.0,28.73,27.33
2025-05-10,777983,12.0,7.0,28.70,27.57
2025-05-10,777979,-3.0,-13.0,28.25,27.23
2025-05-10,777977,39.0,-20.0,27.60,27.00
2025-05-10,777978,-38.0,-38.0,27.75,26.65
2025-05-10,777982,5.0,24.0,28.10,26.83
2025-05-10,777974,3.0,-7.0,27.67,27.03
2025-05-10,777975,36.0,0.0,26.87,27.70
2025-05-10,777976,8.0,5.0,27.65,27.85
2025-05-10,777973,-37.0,-11.0,28.30,27.13
2025-05-10,777970,-18.0,25.0,27.67,27.97
2025-05-11,777968,5.0,24.0,28.10,26.83
2025-05-11,777962,-19.0,13.0,27.60,28.40
2025-05-11,777967,-15.0,0.0,26.70,27.07
2025-05-11,777969,21.0,26.0,28.70,27.30
2025-05-11,777964,5.0,31.0,29.17,26.30
2025-05-11,777963,-3.0,-13.0,28.25,27.30
2025-05-11,777965,39.0,-20.0,27.60,28.03
2025-05-11,777956,3.0,-7.0,27.67,27.03
2025-05-11,777966,-38.0,-38.0,27.80,27.55
2025-05-11,777955,8.0,5.0,26.97,27.93
2025-05-11,777957,-47.0,9.0,27.73,27.40
2025-05-11,777961,-37.0,-11.0,28.00,27.30
2025-05-11,777954,36.0,0.0,26.87,27.90
2025-05-11,777958,-18.0,25.0,26.93,28.20
2025-05-11,777971,12.0,7.0,28.70,27.87
2025-05-12,777960,12.0,31.0,29.17,27.65
2025-05-12,777951,21.0,-20.0,28.55,27.10
2025-05-12,777953,7.0,13.0,27.60,27.60
2025-05-12,777950,5.0,-15.0,27.07,26.83
2025-05-12,777959,0.0,-19.0,27.87,26.70
2025-05-12,777952,24.0,-38.0,27.80,28.10
2025-05-12,777949,26.0,8.0,27.93,28.33
2025-05-12,777948,-3.0,39.0,28.03,27.60
2025-05-12,777947,5.0,-37.0,27.13,26.97
2025-05-12,777941,-18.0,9.0,27.07,27.47
2025-05-12,777939,-7.0,36.0,27.70,27.93
2025-05-13,777944,12.0,31.0,27.77,27.87
2025-05-13,777940,21.0,-20.0,27.60,27.20
2025-05-13,777945,-13.0,-38.0,28.60,28.70
2025-05-13,777935,25.0,5.0,26.80,26.83
2025-05-13,777943,5.0,-15.0,27.50,26.83
2025-05-13,777942,0.0,-19.0,27.87,26.70
2025-05-13,777936,24.0,-38.0,27.57,28.10
2025-05-13,777934,26.0,8.0,27.93,28.93
2025-05-13,777931,-3.0,39.0,28.43,27.60
2025-05-13,777932,5.0,-37.0,27.13,26.97
2025-05-13,777926,-18.0,9.0,27.37,27.67
2025-05-13,777930,-7.0,36.0,27.70,27.93
2025-05-13,777937,0.0,-47.0,27.27,28.10
2025-05-13,777938,-11.0,3.0,27.43,28.63
2025-05-13,777933,7.0,13.0,27.60,29.47
2025-05-14,777924,-11.0,3.0,27.90,28.63
2025-05-14,777922,7.0,13.0,27.60,28.70
2025-05-14,777925,12.0,31.0,29.17,27.87
2025-05-14,777916,-7.0,36.0,28.10,26.77
2025-05-14,777915,-18.0,9.0,26.85,28.37
2025-05-14,777927,21.0,-20.0,27.60,27.33
2025-05-14,777923,25.0,5.0,26.80,26.83
2025-05-14,777919,5.0,-15.0,27.17,26.67
2025-05-14,777928,-13.0,-38.0,28.60,28.33
2025-05-14,777929,0.0,-19.0,28.90,26.77
2025-05-14,777921,24.0,-38.0,27.80,27.37
2025-05-14,777918,26.0,8.0,27.93,27.63
2025-05-14,777920,-3.0,39.0,28.03,27.23
2025-05-14,777914,5.0,-37.0,27.13,26.97
2025-05-14,777917,0.0,-47.0,27.27,26.87
2025-05-15,777909,0.0,-19.0,28.73,26.20
2025-05-15,777911,-11.0,3.0,25.90,28.63
2025-05-15,777912,-13.0,-38.0,27.80,28.65
2025-05-15,777913,25.0,5.0,27.33,26.83
2025-05-15,777910,26.0,-3.0,27.60,27.63
2025-05-15,777946,0.0,-47.0,27.20,26.97
2025-05-16,777900,24.0,-38.0,26.85,28.10
2025-05-16,777902,-13.0,12.0,27.80,27.93
2025-05-16,777905,7.0,-15.0,27.53,27.60
2025-05-16,777907,-11.0,-19.0,28.40,27.70
2025-05-16,777904,9.0,5.0,26.83,27.37
2025-05-16,777906,25.0,21.0,26.97,27.67
2025-05-16,777908,-20.0,0.0,28.70,27.60
2025-05-16,777903,-38.0,5.0,27.00,28.25
2025-05-16,777901,39.0,13.0,27.60,28.03
2025-05-16,777895,26.0,-3.0,27.60,27.63
2025-05-16,777898,31.0,3.0,26.07,28.07
2025-05-16,777897,36.0,8.0,28.23,27.77
2025-05-16,777896,5.0,-18.0,27.47,26.97
2025-05-16,777899,0.0,-37.0,27.37,26.87
2025-05-16,777891,-7.0,-47.0,27.47,26.77
2025-05-17,777888,9.0,5.0,26.83,27.57
2025-05-17,777881,24.0,-38.0,28.60,28.10
2025-05-17,777886,25.0,21.0,27.47,27.67
2025-05-17,777890,-11.0,-19.0,27.87,28.70
2025-05-17,777889,-38.0,5.0,27.00,29.40
2025-05-17,777894,7.0,-15.0,27.87,28.70
2025-05-17,777892,-13.0,12.0,27.07,27.93
2025-05-17,777882,26.0,-3.0,27.60,28.23
2025-05-17,777885,39.0,13.0,27.60,28.03
2025-05-17,777893,-20.0,0.0,26.70,27.60
2025-05-17,777883,31.0,3.0,26.07,29.17
2025-05-17,777887,36.0,8.0,28.23,27.77
2025-05-17,777875,5.0,-18.0,27.97,26.97
2025-05-17,777879,-7.0,-47.0,27.27,26.53
2025-05-17,777884,0.0,-37.0,27.13,26.87
2025-05-18,777869,26.0,-3.0,26.40,28.55
2025-05-18,777873,-11.0,-19.0,27.87,28.63
2025-05-18,777880,7.0,-15.0,27.87,28.70
2025-05-18,777876,-20.0,0.0,26.70,27.60
2025-05-18,777871,25.0,21.0,27.30,27.67
2025-05-18,777874,-13.0,12.0,27.07,27.93
2025-05-18,777877,-38.0,5.0,27.00,28.25
2025-05-18,777864,39.0,13.0,27.60,27.63
2025-05-18,777865,31.0,3.0,26.07,28.47
2025-05-18,777872,24.0,-38.0,27.45,28.10
2025-05-18,777867,-7.0,-47.0,27.27,26.77
2025-05-18,777870,36.0,8.0,28.27,27.77
2025-05-18,777866,0.0,-37.0,27.13,27.40
2025-05-18,777868,5.0,-18.0,27.67,26.97
2025-05-18,777878,9.0,5.0,26.83,26.67
2025-05-19,777859,-15.0,-13.0,27.93,27.07
2025-05-19,777863,-38.0,24.0,28.10,27.95
2025-05-19,777856,-20.0,5.0,26.83,27.60
2025-05-19,777858,5.0,-3.0,27.60,27.37
2025-05-19,777857,-38.0,-18.0,27.47,26.75
2025-05-19,777860,31.0,-11.0,28.63,28.47
2025-05-19,777862,13.0,21.0,27.33,27.90
2025-05-19,777852,8.0,7.0,27.60,28.23
2025-05-19,777855,-7.0,39.0,28.20,26.77
2025-05-19,777853,-47.0,-37.0,27.13,27.47
2025-05-19,777854,0.0,36.0,27.77,26.87
2025-05-20,777847,-15.0,-13.0,27.93,27.87
2025-05-20,777850,-38.0,24.0,27.83,28.25
2025-05-20,777851,-20.0,5.0,26.83,27.60
2025-05-20,777841,-19.0,0.0,27.57,27.87
2025-05-20,777848,5.0,-3.0,27.60,28.30
2025-05-20,777849,9.0,26.0,28.23,26.67
2025-05-20,777845,25.0,5.0,26.97,27.67
2025-05-20,777846,-38.0,-18.0,27.47,28.35
2025-05-20,777844,31.0,-11.0,28.30,28.47
2025-05-20,777840,13.0,21.0,27.57,27.60
2025-05-20,777842,8.0,7.0,28.70,28.23
2025-05-20,777836,-7.0,39.0,28.03,26.53
2025-05-20,777843,-47.0,-37.0,27.13,27.33
2025-05-20,777838,0.0,36.0,27.77,26.87
2025-05-20,777839,3.0,12.0,27.63,28.10
2025-05-21,777834,-15.0,-13.0,27.93,28.20
2025-05-21,777832,5.0,-3.0,27.60,27.00
2025-05-21,777833,-38.0,24.0,27.40,27.15
2025-05-21,777826,31.0,-11.0,28.30,29.17
2025-05-21,777827,13.0,21.0,27.43,27.63
2025-05-21,777830,-38.0,-18.0,27.97,26.75
2025-05-21,777819,-7.0,39.0,28.00,28.33
2025-05-21,777829,3.0,12.0,27.63,26.17
2025-05-21,777831,-20.0,5.0,27.47,27.60
2025-05-21,777835,9.0,26.0,28.55,26.85
2025-05-21,777837,25.0,5.0,26.25,26.45
2025-05-21,777823,8.0,7.0,27.60,28.23
2025-05-21,777828,-47.0,-37.0,27.13,27.47
2025-05-21,777824,0.0,36.0,27.97,26.87
2025-05-21,777825,-19.0,0.0,26.57,27.67
2025-05-22,777818,9.0,26.0,28.55,27.37
2025-05-22,777816,25.0,5.0,26.97,27.67
2025-05-22,777817,8.0,7.0,28.70,28.23
2025-05-22,777812,-47.0,-37.0,27.13,27.33
2025-05-22,777821,21.0,12.0,28.20,27.70
2025-05-22,777814,-15.0,31.0,28.47,27.87
2025-05-22,777820,-19.0,0.0,27.50,27.87
2025-05-22,777822,-3.0,-18.0,26.47,27.60
2025-05-22,777815,-20.0,-11.0,28.30,28.63
2025-05-23,777811,-13.0,24.0,27.40,27.93
2025-05-23,777806,-15.0,31.0,28.47,28.43
2025-05-23,777801,-19.0,-7.0,28.33,27.87
2025-05-23,777810,5.0,25.0,27.67,26.80
2025-05-23,777807,21.0,12.0,27.63,27.33
2025-05-23,777808,5.0,0.0,26.87,27.17
2025-05-23,777813,0.0,5.0,26.97,27.03
2025-05-23,777805,-38.0,26.0,28.70,27.90
2025-05-23,777800,-3.0,-18.0,27.47,27.60
2025-05-23,777799,3.0,39.0,28.03,26.40
2025-05-23,777797,13.0,36.0,27.77,27.60
2025-05-23,777802,8.0,9.0,27.07,28.23
2025-05-23,777798,-37.0,-38.0,27.90,27.13
2025-05-23,777804,-47.0,7.0,27.60,27.27
2025-05-24,777809,-20.0,-11.0,28.30,27.87
2025-05-24,777790,-20.0,-11.0,27.77,28.00
2025-05-24,777788,3.0,39.0,28.03,25.67
2025-05-24,777786,13.0,36.0,26.90,27.60
2025-05-24,777793,-19.0,-7.0,27.83,28.73
2025-05-24,777794,-15.0,31.0,28.47,27.87
2025-05-24,777791,-13.0,24.0,27.40,27.93
2025-05-24,777787,-3.0,-18.0,27.67,27.60
2025-05-24,777803,0.0,5.0,27.07,26.70
2025-05-24,777792,-38.0,26.0,28.70,27.90
2025-05-24,777782,8.0,9.0,27.10,28.00
2025-05-24,777795,5.0,25.0,27.67,27.00
2025-05-24,777796,21.0,12.0,28.20,27.30
2025-05-24,777789,5.0,0.0,27.80,27.97
2025-05-24,777784,-47.0,7.0,27.60,27.27
2025-05-24,777781,-37.0,-38.0,27.95,27.13
2025-05-25,777780,21.0,12.0,27.73,27.67
2025-05-25,777785,-20.0,-11.0,29.15,27.87
2025-05-25,777778,-19.0,-7.0,27.83,27.53
2025-05-25,777776,-15.0,31.0,28.20,26.93
2025-05-25,777779,-13.0,24.0,27.40,27.93
2025-05-25,777775,5.0,25.0,26.20,26.53
2025-05-25,777774,-3.0,-18.0,28.07,27.60
2025-05-25,777772,3.0,39.0,28.00,26.07
2025-05-25,777777,-38.0,26.0,29.30,27.90
2025-05-25,777766,13.0,36.0,27.77,27.60
2025-05-25,777768,8.0,9.0,26.87,28.23
2025-05-25,777765,-47.0,7.0,28.70,27.27
2025-05-25,777767,-37.0,-38.0,27.53,27.13
2025-05-25,777783,0.0,5.0,26.97,26.70
2025-05-25,777773,5.0,0.0,26.87,27.97
2025-05-26,777770,21.0,-7.0,28.10,27.30
2025-05-26,777764,31.0,-20.0,28.17,28.05
2025-05-26,777757,24.0,8.0,27.53,27.40
2025-05-26,777771,-11.0,13.0,27.60,28.40
2025-05-26,777759,26.0,25.0,27.67,28.70
2025-05-26,777760,39.0,-13.0,28.23,28.03
2025-05-26,777758,5.0,-38.0,27.90,27.47
2025-05-26,777769,12.0,0.0,26.87,27.30
2025-05-26,777762,5.0,3.0,25.90,26.80
2025-05-26,777761,36.0,-15.0,27.87,27.77
2025-05-26,777756,5.0,-38.0,27.15,28.53
2025-05-26,777763,-37.0,9.0,26.67,27.13
2025-05-27,777753,12.0,0.0,26.87,27.30
2025-05-27,777754,-11.0,13.0,27.70,28.40
2025-05-27,777755,21.0,-7.0,26.37,27.33
2025-05-27,777748,7.0,0.0,27.10,29.30
2025-05-27,777746,5.0,3.0,26.47,27.00
2025-05-27,777749,5.0,-38.0,27.90,27.47
2025-05-27,777750,39.0,-13.0,27.93,28.03
2025-05-27,777747,31.0,-20.0,28.05,28.47
2025-05-27,777751,24.0,8.0,28.23,27.40
2025-05-27,777741,26.0,25.0,27.67,28.23
2025-05-27,777752,-3.0,-47.0,27.40,28.03
2025-05-27,777745,-37.0,9.0,26.67,27.13
2025-05-27,777744,36.0,-15.0,27.33,27.73
2025-05-27,777743,-18.0,-19.0,27.87,27.67
2025-05-27,777742,5.0,-38.0,27.15,26.97
2025-05-28,777739,12.0,0.0,27.80,27.97
2025-05-28,777738,21.0,-7.0,26.37,27.33
2025-05-28,777732,5.0,3.0,26.47,27.00
2025-05-28,777737,5.0,-38.0,27.90,27.47
2025-05-28,777736,31.0,-20.0,27.80,29.17
2025-05-28,777734,-3.0,-47.0,27.47,28.13
2025-05-28,777729,36.0,-15.0,27.87,27.73
2025-05-28,777726,5.0,-38.0,27.90,26.97
2025-05-28,777740,-11.0,13.0,27.60,28.30
2025-05-28,777733,39.0,-13.0,27.93,28.03
2025-05-28,777731,24.0,8.0,28.30,27.40
2025-05-28,777724,26.0,25.0,27.23,27.57
2025-05-28,777728,-37.0,9.0,26.67,27.80
2025-05-28,777730,-18.0,-19.0,28.20,27.97
2025-05-28,777735,7.0,0.0,27.55,28.17
2025-05-29,777723,7.0,0.0,27.65,27.23
2025-05-29,777727,25.0,-47.0,27.70,27.03
2025-05-29,777725,-3.0,5.0,27.00,27.85
2025-05-29,777722,-18.0,-19.0,27.87,28.17
2025-05-30,777712,24.0,-13.0,27.93,27.40
2025-05-30,777720,-11.0,-38.0,28.60,28.30
2025-05-30,777715,7.0,31.0,29.17,28.17
2025-05-30,777716,25.0,-47.0,27.47,27.53
2025-05-30,777721,12.0,-37.0,27.13,27.63
2025-05-30,777718,5.0,8.0,28.23,27.10
2025-05-30,777717,-38.0,-7.0,27.83,27.15
2025-05-30,777719,0.0,-20.0,27.80,26.87
2025-05-30,777709,26.0,13.0,27.60,29.80
2025-05-30,777711,39.0,21.0,27.33,28.03
2025-05-30,777714,-3.0,5.0,26.85,27.60
2025-05-30,777710,36.0,-19.0,27.87,27.90
2025-05-30,777707,5.0,-15.0,27.87,26.97
2025-05-30,777713,-18.0,3.0,28.00,27.97
2025-05-30,777708,0.0,9.0,27.37,28.03
2025-05-31,777704,24.0,-13.0,28.27,27.40
2025-05-31,777701,25.0,-47.0,27.47,27.50
2025-05-31,777697,26.0,13.0,27.60,27.57
2025-05-31,777699,-11.0,-38.0,28.10,28.30
2025-05-31,777702,7.0,31.0,28.20,28.17
2025-05-31,777703,12.0,-37.0,27.37,27.63
2025-05-31,777694,39.0,21.0,27.33,27.67
2025-05-31,777700,5.0,8.0,28.23,27.97
2025-05-31,777693,-3.0,5.0,26.97,26.43
2025-05-31,777706,0.0,-20.0,27.87,26.70
2025-05-31,777705,-38.0,-7.0,26.77,28.45
2025-05-31,777695,-18.0,3.0,27.20,27.67
2025-05-31,777698,0.0,9.0,27.37,26.40
2025-05-31,777691,5.0,-15.0,27.87,26.97
2025-05-31,777696,36.0,-19.0,27.87,27.90
2025-06-01,777678,26.0,13.0,27.60,27.57
2025-06-01,777692,0.0,-20.0,27.87,27.10
2025-06-01,777684,-11.0,-38.0,27.90,28.40
2025-06-01,777688,7.0,31.0,27.77,27.23
2025-06-01,777685,25.0,-47.0,27.47,27.53
2025-06-01,777683,12.0,-37.0,27.13,27.63
2025-06-01,777686,5.0,8.0,28.50,27.47
2025-06-01,777689,-38.0,-7.0,27.30,28.10
2025-06-01,777677,39.0,21.0,27.50,28.03
2025-06-01,777690,-3.0,5.0,27.00,27.23
2025-06-01,777687,24.0,-13.0,27.93,27.90
2025-06-01,777679,36.0,-19.0,27.87,27.30
2025-06-01,777680,-18.0,3.0,26.70,27.97
2025-06-01,777681,5.0,-15.0,27.87,26.97
2025-06-01,777682,0.0,9.0,26.67,27.50
2025-06-02,777673,-38.0,8.0,28.40,27.80
2025-06-02,777670,-20.0,-37.0,27.13,27.87
2025-06-02,777671,-13.0,31.0,28.47,28.07
2025-06-02,777674,-38.0,21.0,28.20,28.35
2025-06-02,777676,-7.0,5.0,26.97,28.15
2025-06-02,777669,-47.0,3.0,27.20,27.67
2025-06-02,777675,0.0,5.0,27.47,27.50
2025-06-03,777663,-15.0,-3.0,27.60,27.87
2025-06-03,777666,-38.0,8.0,28.20,27.80
2025-06-03,777659,-19.0,24.0,28.73,27.87
2025-06-03,777664,9.0,12.0,27.63,27.07
2025-06-03,777665,25.0,7.0,28.70,27.53
2025-06-03,777667,-20.0,-37.0,27.83,27.87
2025-06-03,777668,-13.0,31.0,29.17,27.80
2025-06-03,777672,0.0,36.0,27.90,27.80
2025-06-03,777662,5.0,26.0,27.57,27.00
2025-06-03,777661,-38.0,21.0,28.10,27.90
2025-06-03,777660,13.0,39.0,28.80,27.60
2025-06-03,777655,-18.0,-11.0,28.30,27.97
2025-06-03,777656,-7.0,5.0,26.97,26.77
2025-06-03,777658,-47.0,3.0,26.50,27.40
2025-06-03,777657,0.0,5.0,27.00,26.87
2025-06-04,777652,-38.0,8.0,28.20,29.00
2025-06-04,777647,-13.0,31.0,28.60,27.93
2025-06-04,777649,-20.0,-37.0,27.83,27.80
2025-06-04,777648,-15.0,-3.0,27.60,27.87
2025-06-04,777650,-19.0,24.0,27.27,28.73
2025-06-04,777653,9.0,12.0,27.63,27.07
2025-06-04,777651,25.0,7.0,28.70,27.50
2025-06-04,777654,0.0,36.0,28.17,27.03
2025-06-04,777646,5.0,26.0,27.57,27.00
2025-06-04,777639,-38.0,21.0,27.87,27.90
2025-06-04,777645,-18.0,-11.0,28.30,27.67
2025-06-04,777641,-7.0,5.0,26.97,26.77
2025-06-04,777638,0.0,5.0,27.47,26.87
2025-06-04,777642,13.0,39.0,28.80,27.60
2025-06-05,777640,0.0,36.0,27.90,27.80
2025-06-05,777635,13.0,39.0,28.80,27.60
2025-06-05,777634,-38.0,21.0,27.83,27.40
2025-06-05,777637,25.0,7.0,28.70,27.60
2025-06-05,777636,-47.0,3.0,26.60,27.40
2025-06-05,777628,-18.0,-11.0,28.30,27.97
2025-06-05,777633,-7.0,5.0,27.63,28.15
2025-06-05,777631,0.0,5.0,27.30,27.40
2025-06-05,777630,-15.0,-3.0,27.60,27.87
2025-06-05,777632,-19.0,24.0,27.40,28.73
2025-06-05,777644,9.0,12.0,27.63,26.67
2025-06-05,777629,5.0,26.0,27.57,27.97
2025-06-06,777625,5.0,-38.0,28.20,27.80
2025-06-06,777621,-15.0,7.0,27.23,28.67
2025-06-06,777624,-19.0,26.0,27.47,28.73
2025-06-06,777627,9.0,-20.0,28.05,27.37
2025-06-06,777623,-13.0,36.0,26.90,27.37
2025-06-06,777626,21.0,24.0,27.40,28.03
2025-06-06,777622,12.0,-3.0,27.60,27.33
2025-06-06,777618,-38.0,39.0,28.80,28.50
2025-06-06,777615,3.0,25.0,27.25,27.03
2025-06-06,777617,31.0,5.0,26.97,29.17
2025-06-06,777620,13.0,0.0,26.87,27.60
2025-06-06,777616,8.0,5.0,27.30,28.20
2025-06-06,777614,-37.0,-18.0,27.97,27.83
2025-06-06,777613,-47.0,-11.0,27.93,27.47
2025-06-06,777619,-7.0,0.0,27.03,26.77
2025-06-07,777609,21.0,24.0,27.40,27.87
2025-06-07,777600,3.0,25.0,27.25,26.47
2025-06-07,777601,13.0,0.0,26.87,27.60
2025-06-07,777610,-19.0,26.0,28.55,28.13
2025-06-07,777607,-15.0,7.0,27.23,28.00
2025-06-07,777598,-7.0,0.0,27.80,25.95
2025-06-07,777612,-13.0,36.0,26.55,29.17
2025-06-07,777608,12.0,-3.0,27.85,27.63
2025-06-07,777606,-38.0,39.0,28.80,27.85
2025-06-07,777611,5.0,-38.0,28.10,26.13
2025-06-07,777605,9.0,-20.0,27.87,26.87
2025-06-07,777597,31.0,5.0,26.63,29.17
2025-06-07,777603,-37.0,-18.0,27.60,27.83
2025-06-07,777604,8.0,5.0,28.10,28.20
2025-06-07,777599,-47.0,-11.0,28.30,27.47
2025-06-08,777592,5.0,-38.0,28.10,27.47
2025-06-08,777586,31.0,5.0,26.97,29.17
2025-06-08,777596,-19.0,26.0,26.45,28.57
2025-06-08,777595,-15.0,7.0,29.60,27.87
2025-06-08,777602,-13.0,36.0,27.90,28.07
2025-06-08,777594,21.0,24.0,27.40,28.03
2025-06-08,777591,12.0,-3.0,27.30,27.63
2025-06-08,777585,3.0,25.0,27.50,28.07
2025-06-08,777590,-38.0,39.0,28.80,26.95
2025-06-08,777582,13.0,0.0,26.87,27.60
2025-06-08,777583,8.0,5.0,28.10,28.30
2025-06-08,777588,-47.0,-11.0,28.30,27.47
2025-06-08,777587,-7.0,0.0,27.03,25.95
2025-06-08,777589,-37.0,-18.0,28.17,27.83
2025-06-08,777593,9.0,-20.0,27.87,27.57
2025-06-09,777580,12.0,-13.0,28.07,28.20
2025-06-09,777574,-15.0,-38.0,27.80,27.80
2025-06-09,777578,7.0,24.0,27.40,27.23
2025-06-09,777584,-20.0,5.0,27.37,28.00
2025-06-09,777575,31.0,0.0,27.80,28.20
2025-06-09,777581,13.0,25.0,27.50,27.60
2025-06-09,777576,-37.0,-47.0,27.47,27.83
2025-06-09,777579,5.0,0.0,26.87,26.97
2025-06-09,777577,36.0,-18.0,27.67,27.90
2025-06-10,777573,-11.0,21.0,27.33,28.30
2025-06-10,777569,12.0,-13.0,28.07,27.17
2025-06-10,777566,-15.0,-38.0,28.10,27.87
2025-06-10,777571,7.0,24.0,27.40,27.23
2025-06-10,777570,5.0,-19.0,27.87,27.17
2025-06-10,777565,-20.0,5.0,26.33,28.00
2025-06-10,777557,3.0,26.0,28.73,26.97
2025-06-10,777572,39.0,9.0,26.85,27.95
2025-06-10,777568,31.0,0.0,27.03,28.47
2025-06-10,777558,13.0,25.0,26.67,28.05
2025-06-10,777567,-3.0,-38.0,26.70,27.60
2025-06-10,777563,8.0,-7.0,27.90,28.47
2025-06-10,777564,-37.0,-47.0,27.40,27.83
2025-06-10,777560,5.0,0.0,26.40,26.25
2025-06-10,777559,36.0,-18.0,27.67,27.90
2025-06-11,777552,-15.0,-38.0,28.40,27.87
2025-06-11,777553,7.0,24.0,27.40,27.23
2025-06-11,777549,12.0,-13.0,27.93,27.80
2025-06-11,777554,31.0,0.0,27.80,28.47
2025-06-11,777545,13.0,25.0,26.40,27.70
2025-06-11,777548,36.0,-18.0,27.67,27.90
2025-06-11,777542,-37.0,-47.0,27.40,27.83
2025-06-11,777543,5.0,0.0,26.87,26.97
2025-06-11,777562,-11.0,21.0,27.87,28.30
2025-06-11,777555,5.0,-19.0,28.73,27.47
2025-06-11,777561,-20.0,5.0,27.97,28.00
2025-06-11,777556,3.0,26.0,27.57,28.07
2025-06-11,777551,39.0,9.0,26.87,28.80
2025-06-11,777550,-3.0,-38.0,27.83,26.40
2025-06-11,777547,8.0,-7.0,27.90,28.47
2025-06-12,777544,5.0,-19.0,28.13,27.47
2025-06-12,777533,3.0,26.0,28.73,27.17
2025-06-12,777534,8.0,-7.0,27.90,28.47
2025-06-12,777540,-11.0,21.0,27.33,28.17
2025-06-12,777536,39.0,9.0,26.90,28.80
2025-06-12,777532,31.0,13.0,27.70,28.47
2025-06-12,777541,24.0,-15.0,27.87,27.40
2025-06-12,777546,-3.0,-38.0,28.40,28.55
2025-06-13,777526,24.0,-15.0,27.87,27.40
2025-06-13,777531,7.0,25.0,26.40,27.23
2025-06-13,777530,-19.0,-38.0,28.55,27.87
2025-06-13,777539,-11.0,-37.0,27.83,28.30
2025-06-13,777538,21.0,-13.0,27.93,27.30
2025-06-13,777528,5.0,5.0,27.00,27.47
2025-06-13,777537,-20.0,9.0,26.87,28.05
2025-06-13,777535,0.0,8.0,28.20,28.40
2025-06-13,777524,26.0,-38.0,26.95,27.57
2025-06-13,777529,39.0,-47.0,27.47,29.20
2025-06-13,777527,-3.0,3.0,26.97,28.45
2025-06-13,777525,31.0,13.0,27.70,28.47
2025-06-13,777521,36.0,5.0,26.97,27.90
2025-06-13,777520,-18.0,12.0,27.07,27.67
2025-06-13,777522,0.0,-7.0,27.90,26.87
2025-06-14,777514,-19.0,-38.0,27.20,28.73
2025-06-14,777517,21.0,-13.0,29.03,28.20
2025-06-14,777513,24.0,-15.0,27.87,27.40
2025-06-14,777519,-11.0,-37.0,27.83,28.30
2025-06-14,777509,7.0,25.0,26.40,27.23
2025-06-14,777508,26.0,-38.0,27.20,29.03
2025-06-14,777511,39.0,-47.0,27.47,28.00
2025-06-14,777518,5.0,5.0,27.00,27.47
2025-06-14,777510,-3.0,3.0,27.47,28.00
2025-06-14,777523,0.0,8.0,28.27,27.43
2025-06-14,777512,31.0,13.0,27.70,28.47
2025-06-14,777515,36.0,5.0,26.97,27.90
2025-06-14,777516,-20.0,9.0,27.07,27.70
2025-06-14,777507,-18.0,12.0,27.07,27.67
2025-06-14,777506,0.0,-7.0,28.40,27.45
2025-06-15,777505,21.0,-13.0,28.25,27.33
2025-06-15,777501,-11.0,-37.0,27.83,28.27
2025-06-15,777499,7.0,25.0,27.50,28.67
2025-06-15,777504,0.0,8.0,28.27,27.47
2025-06-15,777503,-19.0,-38.0,28.55,28.40
2025-06-15,777500,-20.0,9.0,26.60,26.50
2025-06-15,777502,5.0,5.0,27.33,27.13
2025-06-15,777496,39.0,-47.0,27.47,29.20
2025-06-15,777494,-3.0,3.0,27.00,28.00
2025-06-15,777492,31.0,13.0,26.60,28.47
2025-06-15,777497,24.0,-15.0,28.67,28.73
2025-06-15,777493,26.0,-38.0,28.00,27.55
2025-06-15,777491,36.0,5.0,26.97,27.90
2025-06-15,777495,-18.0,12.0,26.97,27.67
2025-06-15,777498,0.0,-7.0,27.90,26.87
2025-06-16,777483,-38.0,7.0,27.23,28.60
2025-06-16,777488,-19.0,8.0,28.27,28.40
2025-06-16,777487,9.0,-37.0,27.83,26.67
2025-06-16,777484,5.0,-11.0,28.30,27.00
2025-06-16,777486,-18.0,-20.0,28.75,27.67
2025-06-16,777485,-47.0,-3.0,27.60,27.27
2025-06-16,777490,0.0,5.0,26.97,26.87
2025-06-17,777481,-38.0,7.0,27.23,28.55
2025-06-17,777475,21.0,-15.0,27.80,27.33
2025-06-17,777480,-19.0,8.0,28.27,28.13
2025-06-17,777476,9.0,-37.0,27.83,27.67
2025-06-17,777479,25.0,36.0,27.90,27.50
2025-06-17,777478,-13.0,3.0,27.47,28.07
2025-06-17,777489,0.0,5.0,27.47,26.63
2025-06-17,777477,5.0,-11.0,28.30,27.00
2025-06-17,777467,-38.0,13.0,28.05,28.40
2025-06-17,777468,26.0,39.0,28.80,27.55
2025-06-17,777482,24.0,31.0,28.47,27.40
2025-06-17,777473,-18.0,-20.0,27.90,27.13
2025-06-17,777472,-7.0,12.0,28.20,27.43
2025-06-17,777469,-47.0,-3.0,25.30,27.47
2025-06-17,777471,0.0,5.0,26.97,26.87
2025-06-18,777453,-18.0,-20.0,28.75,28.07
2025-06-18,777465,-38.0,7.0,27.23,28.55
2025-06-18,777461,-19.0,8.0,27.57,28.13
2025-06-18,777466,9.0,-37.0,27.83,27.37
2025-06-18,777462,25.0,36.0,27.17,27.50
2025-06-18,777474,-13.0,3.0,27.20,28.07
2025-06-18,777470,0.0,5.0,27.17,27.43
2025-06-18,777463,5.0,-11.0,29.10,26.30
2025-06-18,777460,26.0,39.0,28.80,27.55
2025-06-18,777454,-7.0,12.0,27.07,27.27
2025-06-18,777456,-47.0,-3.0,27.25,27.53
2025-06-18,777457,0.0,5.0,26.97,26.87
2025-06-18,777464,21.0,-15.0,27.47,27.33
2025-06-18,777458,-38.0,13.0,26.97,28.60
2025-06-18,777459,24.0,31.0,27.85,26.57
2025-06-19,777452,-13.0,3.0,28.60,27.80
2025-06-19,777445,-19.0,8.0,28.27,28.13
2025-06-19,777449,9.0,-37.0,27.83,27.17
2025-06-19,777451,21.0,-15.0,27.67,27.83
2025-06-19,777447,-38.0,13.0,26.73,26.95
2025-06-19,777450,24.0,31.0,29.17,27.40
2025-06-19,777443,26.0,39.0,28.80,27.55
2025-06-19,777448,25.0,36.0,26.83,27.50
2025-06-19,777440,-7.0,12.0,27.87,27.03
2025-06-19,777444,-38.0,7.0,27.23,28.55
2025-06-19,777455,0.0,5.0,27.47,27.43
2025-06-19,777446,5.0,-11.0,28.30,27.00
2025-06-19,777441,-47.0,-3.0,27.60,27.47
2025-06-19,777442,0.0,5.0,26.25,26.95
2025-06-20,777436,24.0,-18.0,27.67,27.40
2025-06-20,777432,-15.0,26.0,26.45,28.27
2025-06-20,777431,5.0,21.0,27.67,26.30
2025-06-20,777438,9.0,-11.0,28.73,26.67
2025-06-20,777435,25.0,-38.0,27.65,27.50
2025-06-20,777439,-38.0,0.0,27.43,28.10
2025-06-20,777433,13.0,-13.0,28.07,27.10
2025-06-20,777437,7.0,5.0,27.47,27.23
2025-06-20,777434,3.0,31.0,29.17,27.43
2025-06-20,777430,8.0,36.0,26.90,28.27
2025-06-20,777428,-37.0,-3.0,27.60,27.83
2025-06-20,777426,5.0,39.0,29.20,26.97
2025-06-20,777429,-47.0,12.0,28.20,27.47
2025-06-20,777427,0.0,-19.0,28.73,27.40
2025-06-20,777425,-7.0,-20.0,29.60,27.20
2025-06-21,777420,5.0,21.0,27.33,26.30
2025-06-21,777422,9.0,-11.0,28.63,27.07
2025-06-21,777412,3.0,31.0,28.73,27.97
2025-06-21,777415,13.0,-13.0,28.77,27.10
2025-06-21,777419,24.0,-18.0,27.67,27.40
2025-06-21,777418,25.0,-38.0,27.43,27.17
2025-06-21,777417,-7.0,-20.0,28.75,27.20
2025-06-21,777421,-15.0,26.0,26.45,27.87
2025-06-21,777424,-38.0,0.0,27.03,28.10
2025-06-21,777413,5.0,39.0,28.80,26.97
2025-06-21,777423,7.0,5.0,27.47,27.75
2025-06-21,777410,8.0,36.0,26.90,28.27
2025-06-21,777414,-37.0,-3.0,27.35,27.20
2025-06-21,777411,-47.0,12.0,27.07,27.40
2025-06-21,777416,0.0,-19.0,28.13,26.87
2025-06-22,777406,9.0,-11.0,28.40,27.07
2025-06-22,777409,5.0,21.0,27.53,26.33
2025-06-22,777404,-15.0,26.0,27.55,27.87
2025-06-22,777408,25.0,-38.0,27.65,27.50
2025-06-22,777402,-38.0,0.0,27.03,28.80
2025-06-22,777401,3.0,31.0,29.17,27.83
2025-06-22,777407,13.0,-13.0,28.25,27.10
2025-06-22,777403,24.0,-18.0,27.67,27.40
2025-06-22,777399,8.0,36.0,26.70,28.47
2025-06-22,777400,-47.0,12.0,28.20,27.47
2025-06-22,777395,-7.0,-20.0,27.40,27.20
2025-06-22,777397,-37.0,-3.0,28.60,27.40
2025-06-22,777398,0.0,-19.0,27.90,26.57
2025-06-22,777396,5.0,39.0,28.80,27.57
2025-06-22,777405,7.0,5.0,27.35,27.23
2025-06-23,777394,-11.0,26.0,29.15,28.70
2025-06-23,777389,5.0,0.0,26.30,27.47
2025-06-23,777390,-13.0,9.0,27.17,28.25
2025-06-23,777388,3.0,-18.0,27.67,27.60
2025-06-23,777393,-38.0,36.0,26.83,28.40
2025-06-23,777391,31.0,-15.0,27.87,29.17
2025-06-23,777392,13.0,24.0,27.40,27.10
2025-06-23,777381,-37.0,-20.0,29.25,27.83
2025-06-23,777382,5.0,-19.0,28.13,27.57
2025-06-24,777380,-11.0,26.0,27.97,28.70
2025-06-24,777386,21.0,-47.0,27.40,27.30
2025-06-24,777384,12.0,25.0,27.63,28.20
2025-06-24,777387,5.0,0.0,26.30,27.47
2025-06-24,777385,-13.0,9.0,27.07,28.25
2025-06-24,777378,39.0,5.0,26.23,28.80
2025-06-24,777375,3.0,-18.0,27.67,27.20
2025-06-24,777383,-38.0,36.0,26.83,26.95
2025-06-24,777374,31.0,-15.0,27.40,29.17
2025-06-24,777373,13.0,24.0,27.40,27.10
2025-06-24,777377,-3.0,7.0,27.23,27.60
2025-06-24,777379,8.0,0.0,26.87,28.27
2025-06-24,777376,-37.0,-20.0,28.20,28.23
2025-06-24,777372,5.0,-19.0,28.13,27.57
2025-06-24,777364,-7.0,-38.0,28.10,27.20
2025-06-25,777370,-38.0,36.0,26.83,26.85
2025-06-25,777361,31.0,-15.0,26.63,29.17
2025-06-25,777362,-37.0,-20.0,28.75,27.65
2025-06-25,777360,5.0,-19.0,28.13,27.00
2025-06-25,777365,-11.0,26.0,26.45,29.10
2025-06-25,777371,21.0,-47.0,27.47,27.33
2025-06-25,777368,12.0,25.0,27.50,27.17
2025-06-25,777369,5.0,0.0,26.30,27.47
2025-06-25,777367,-13.0,9.0,27.07,28.25
2025-06-25,777359,39.0,5.0,26.33,28.80
2025-06-25,777363,3.0,-18.0,27.67,28.80
2025-06-25,777357,13.0,24.0,27.40,27.13
2025-06-25,777366,-3.0,7.0,27.23,27.60
2025-06-25,777358,8.0,0.0,26.87,28.40
2025-06-25,777355,-7.0,-38.0,27.43,26.13
2025-06-26,777351,21.0,-47.0,27.40,27.33
2025-06-26,777354,12.0,25.0,27.17,27.03
2025-06-26,777356,3.0,-18.0,27.67,27.10
2025-06-26,777353,39.0,5.0,26.33,28.03
2025-06-26,777350,-3.0,7.0,27.23,27.60
2025-06-26,777348,13.0,24.0,27.40,27.10
2025-06-26,777344,8.0,0.0,27.40,28.27
2025-06-26,777347,-7.0,-38.0,28.10,27.20
2025-06-26,777352,5.0,0.0,26.30,27.47
2025-06-27,777341,-15.0,5.0,28.47,27.33
2025-06-27,777343,-11.0,5.0,27.13,28.15
2025-06-27,777337,9.0,-47.0,27.47,27.37
2025-06-27,777346,-13.0,5.0,27.97,28.25
2025-06-27,777349,12.0,13.0,28.53,27.43
2025-06-27,777345,-20.0,25.0,27.65,28.75
2025-06-27,777334,21.0,3.0,27.97,27.57
2025-06-27,777342,0.0,7.0,28.20,26.77
2025-06-27,777338,-38.0,-7.0,26.13,26.95
2025-06-27,777340,26.0,-18.0,27.67,26.45
2025-06-27,777336,-3.0,24.0,27.40,26.77
2025-06-27,777335,39.0,0.0,27.80,28.80
2025-06-27,777339,31.0,8.0,28.40,29.17
2025-06-27,777331,-37.0,-19.0,28.13,27.40
2025-06-27,777332,36.0,-38.0,28.10,27.57
2025-06-28,777326,9.0,-47.0,27.47,27.17
2025-06-28,777324,21.0,3.0,27.97,27.30
2025-06-28,777325,-15.0,5.0,26.90,27.40
2025-06-28,777330,-11.0,5.0,26.53,28.40
2025-06-28,777322,26.0,-18.0,27.67,27.13
2025-06-28,777319,39.0,0.0,26.50,28.55
2025-06-28,777328,-13.0,5.0,27.00,28.25
2025-06-28,777329,12.0,13.0,28.53,27.07
2025-06-28,777323,-20.0,25.0,27.20,28.75
2025-06-28,777327,-38.0,-7.0,27.20,28.40
2025-06-28,777318,36.0,-38.0,28.55,27.57
2025-06-28,777321,31.0,8.0,28.27,29.17
2025-06-28,777320,-3.0,24.0,27.40,25.30
2025-06-28,777333,0.0,7.0,27.23,26.30
2025-06-28,777315,-37.0,-19.0,28.13,27.40
2025-06-29,777309,12.0,13.0,27.63,27.07
2025-06-29,777313,-15.0,5.0,28.17,26.75
2025-06-29,777317,-11.0,5.0,27.00,28.40
2025-06-29,777310,-20.0,25.0,27.50,28.20
2025-06-29,777316,0.0,7.0,27.23,26.30
2025-06-29,777307,9.0,-47.0,27.60,27.37
2025-06-29,777312,-13.0,5.0,27.00,28.25
2025-06-29,777308,-3.0,24.0,27.40,27.30
2025-06-29,777304,39.0,0.0,27.80,28.80
2025-06-29,777311,-38.0,-7.0,26.13,27.45
2025-06-29,777301,31.0,8.0,28.47,29.17
2025-06-29,777302,26.0,-18.0,27.67,27.13
2025-06-29,777305,-37.0,-19.0,28.73,26.70
2025-06-29,777303,36.0,-38.0,28.45,26.83
2025-06-29,777314,21.0,3.0,27.60,27.50
2025-06-30,777306,7.0,5.0,27.00,27.60
2025-06-30,777299,-15.0,13.0,28.07,26.67
2025-06-30,777295,25.0,9.0,27.67,28.17
2025-06-30,777300,-20.0,-13.0,28.25,28.75
2025-06-30,777296,5.0,-47.0,27.47,26.80
2025-06-30,777292,26.0,-11.0,28.70,26.90
2025-06-30,777297,-18.0,39.0,28.80,27.67
2025-06-30,777291,36.0,-7.0,27.40,26.83
2025-07-01,777283,25.0,9.0,27.17,27.90
2025-07-01,777288,-15.0,13.0,27.10,26.67
2025-07-01,777293,-38.0,3.0,27.97,28.10
2025-07-01,777286,5.0,-47.0,27.47,26.80
2025-07-01,777294,-20.0,-13.0,28.25,29.25
2025-07-01,777298,0.0,-37.0,27.83,26.30
2025-07-01,777287,24.0,12.0,27.07,27.40
2025-07-01,777282,26.0,-11.0,28.70,27.80
2025-07-01,777285,8.0,-3.0,27.30,28.27
2025-07-01,777281,-18.0,39.0,28.03,27.67
2025-07-01,777278,36.0,-7.0,27.17,26.83
2025-07-01,777280,0.0,-38.0,26.95,27.10
2025-07-01,777290,7.0,5.0,27.57,28.67
2025-07-01,777284,-19.0,21.0,27.30,27.70
2025-07-01,777289,5.0,31.0,28.07,27.17
2025-07-02,777271,5.0,-47.0,27.40,27.00
2025-07-02,777272,-15.0,13.0,27.10,26.67
2025-07-02,777265,-19.0,21.0,27.87,28.13
2025-07-02,777273,7.0,5.0,27.57,27.60
2025-07-02,777276,5.0,31.0,28.07,27.47
2025-07-02,777275,-38.0,3.0,28.80,28.55
2025-07-02,777274,25.0,9.0,27.57,27.77
2025-07-02,777277,-20.0,-13.0,28.25,28.75
2025-07-02,777279,0.0,-37.0,27.83,27.03
2025-07-02,777266,24.0,12.0,27.07,27.40
2025-07-02,777268,26.0,-11.0,28.70,27.13
2025-07-02,777269,8.0,-3.0,27.30,28.27
2025-07-02,777262,-18.0,39.0,29.25,28.17
2025-07-02,777270,36.0,-7.0,27.03,27.05
2025-07-02,777267,0.0,-38.0,28.40,27.40
2025-07-03,777263,-38.0,3.0,27.97,28.10
2025-07-03,777264,8.0,-3.0,27.30,28.47
2025-07-03,777258,-19.0,21.0,27.50,28.13
2025-07-03,777260,25.0,9.0,27.07,27.43
2025-07-03,777257,5.0,31.0,28.47,27.17
2025-07-03,777261,0.0,-37.0,27.83,27.03
2025-07-03,777259,24.0,12.0,27.07,27.40
2025-07-03,777256,36.0,-7.0,27.03,26.90
2025-07-03,777251,-18.0,39.0,28.03,27.67
2025-07-03,777253,0.0,-38.0,26.95,26.87
2025-07-04,777245,-19.0,-20.0,27.90,27.90
2025-07-04,777255,7.0,-13.0,28.25,27.60
2025-07-04,777246,24.0,13.0,28.07,26.80
2025-07-04,777250,5.0,9.0,27.67,27.47
2025-07-04,777236,-18.0,-15.0,26.67,27.67
2025-07-04,777247,3.0,5.0,27.00,27.73
2025-07-04,777239,5.0,26.0,27.13,27.57
2025-07-04,777242,25.0,-37.0,27.83,27.80
2025-07-04,777249,12.0,21.0,27.63,27.07
2025-07-04,777254,-38.0,31.0,28.07,28.10
2025-07-04,777252,0.0,-11.0,29.10,27.03
2025-07-04,777243,8.0,-38.0,26.95,28.27
2025-07-04,777235,0.0,-3.0,26.70,27.60
2025-07-04,777248,36.0,39.0,27.93,26.90
2025-07-04,777244,-47.0,-7.0,26.90,27.70
2025-07-05,777230,3.0,5.0,26.33,27.73
2025-07-05,777229,24.0,13.0,27.63,27.40
2025-07-05,777231,25.0,-37.0,27.83,27.43
2025-07-05,777228,-19.0,-20.0,28.90,28.13
2025-07-05,777233,7.0,-13.0,28.65,27.60
2025-07-05,777234,36.0,39.0,28.03,28.03
2025-07-05,777237,0.0,-11.0,29.10,27.03
2025-07-05,777241,5.0,9.0,27.37,27.20
2025-07-05,777238,-38.0,31.0,28.07,28.80
2025-07-05,777240,12.0,21.0,28.17,27.65
2025-07-05,777221,0.0,-3.0,26.50,27.40
2025-07-05,777232,8.0,-38.0,27.25,28.27
2025-07-05,777223,5.0,26.0,27.13,27.57
2025-07-05,777227,-47.0,-7.0,27.20,27.47
2025-07-05,777225,-18.0,-15.0,26.67,27.67
2025-07-06,777222,0.0,-11.0,28.70,26.63
2025-07-06,777213,-19.0,-20.0,28.90,28.73
2025-07-06,777217,7.0,-13.0,28.25,27.60
2025-07-06,777214,25.0,-37.0,27.83,27.90
2025-07-06,777226,12.0,21.0,27.70,27.07
2025-07-06,777216,5.0,9.0,26.67,27.17
2025-07-06,777224,-38.0,31.0,28.07,28.10
2025-07-06,777220,3.0,5.0,26.70,28.60
2025-07-06,777215,8.0,-38.0,26.95,28.40
2025-07-06,777218,36.0,39.0,28.00,27.90
2025-07-06,777206,0.0,-3.0,26.50,26.87
2025-07-06,777205,-18.0,-15.0,27.07,27.67
2025-07-06,777219,24.0,13.0,28.37,27.90
2025-07-06,777207,5.0,26.0,27.53,27.57
2025-07-06,777210,-47.0,-7.0,26.13,27.47
2025-07-07,777211,21.0,5.0,25.87,27.57
2025-07-07,777209,-20.0,8.0,28.27,28.90
2025-07-07,777208,-13.0,-38.0,27.43,28.25
2025-07-07,777204,39.0,-15.0,27.33,28.05
2025-07-07,777212,-38.0,25.0,27.43,26.95
2025-07-07,777201,31.0,0.0,27.40,28.47
2025-07-07,777202,-3.0,12.0,27.17,26.50
2025-07-07,777200,-37.0,26.0,26.90,27.83
2025-07-07,777203,5.0,36.0,27.73,27.57
2025-07-07,777199,-7.0,7.0,27.60,27.27
2025-07-08,777198,-11.0,5.0,27.47,29.10
2025-07-08,777195,21.0,5.0,25.87,27.33
2025-07-08,777187,9.0,-18.0,27.67,27.67
2025-07-08,777196,-20.0,8.0,28.10,29.40
2025-07-08,777197,-13.0,-38.0,28.20,27.10
2025-07-08,777194,39.0,-15.0,27.90,28.03
2025-07-08,777190,3.0,24.0,27.40,27.97
2025-07-08,777188,-38.0,25.0,27.43,27.07
2025-07-08,777193,31.0,0.0,26.87,28.47
2025-07-08,777191,13.0,-19.0,28.73,27.10
2025-07-08,777192,-3.0,12.0,27.65,27.25
2025-07-08,777180,-37.0,26.0,28.20,27.83
2025-07-08,777185,5.0,36.0,27.90,26.97
2025-07-08,777186,-7.0,7.0,27.60,27.27
2025-07-08,777189,-47.0,0.0,26.63,27.67
2025-07-09,777172,-38.0,25.0,27.17,27.90
2025-07-09,777175,31.0,0.0,27.40,28.47
2025-07-09,777163,-7.0,7.0,27.47,26.23
2025-07-09,777182,21.0,5.0,25.87,27.30
2025-07-09,777184,9.0,-18.0,27.67,27.67
2025-07-09,777179,-20.0,8.0,27.57,28.85
2025-07-09,777183,-13.0,-38.0,28.40,28.25
2025-07-09,777177,39.0,-15.0,27.33,28.03
2025-07-09,777173,3.0,24.0,27.40,26.60
2025-07-09,777178,13.0,-19.0,28.73,27.63
2025-07-09,777174,-3.0,12.0,27.63,26.80
2025-07-09,777171,-37.0,26.0,27.13,27.83
2025-07-09,777162,5.0,36.0,27.90,26.97
2025-07-09,777176,-47.0,0.0,27.03,27.60
2025-07-09,777181,-11.0,5.0,27.47,29.10
2025-07-10,777165,-11.0,5.0,27.47,28.73
2025-07-10,777166,3.0,24.0,27.40,26.60
2025-07-10,777168,-13.0,-38.0,28.55,28.25
2025-07-10,777169,9.0,-18.0,27.67,26.67
2025-07-10,777170,-20.0,5.0,25.87,29.50
2025-07-10,777167,13.0,-19.0,28.13,27.10
2025-07-10,777156,-47.0,0.0,27.03,27.60
2025-07-10,777159,-37.0,26.0,28.20,27.50
2025-07-10,777158,5.0,36.0,27.90,27.63
2025-07-10,777164,-38.0,12.0,27.80,27.80
2025-07-11,777146,-38.0,12.0,27.80,27.07
2025-07-11,777157,-11.0,-38.0,28.10,29.10
2025-07-11,777153,9.0,24.0,27.30,27.67
2025-07-11,777160,-13.0,8.0,28.27,28.25
2025-07-11,777161,21.0,-18.0,27.67,27.30
2025-07-11,777155,-20.0,5.0,25.60,27.47
2025-07-11,777151,39.0,5.0,27.47,28.03
2025-07-11,777154,-3.0,26.0,27.13,26.50
2025-07-11,777148,3.0,-15.0,27.33,27.97
2025-07-11,777149,31.0,-19.0,27.53,28.47
2025-07-11,777147,13.0,0.0,27.27,27.10
2025-07-11,777150,-37.0,36.0,26.90,27.83
2025-07-11,777139,5.0,7.0,27.60,26.97
2025-07-11,777152,-47.0,25.0,27.43,27.70
2025-07-11,777143,-7.0,0.0,27.77,27.20
2025-07-12,777142,9.0,24.0,27.57,27.17
2025-07-12,777145,21.0,-18.0,27.67,27.50
2025-07-12,777134,3.0,-15.0,26.23,27.10
2025-07-12,777127,-7.0,0.0,26.87,27.20
2025-07-12,777141,-11.0,-38.0,27.43,29.10
2025-07-12,777140,-13.0,8.0,27.37,28.25
2025-07-12,777136,39.0,5.0,27.47,28.03
2025-07-12,777144,-20.0,5.0,26.85,29.20
2025-07-12,777138,-38.0,12.0,27.80,26.95
2025-07-12,777135,31.0,-19.0,28.40,28.47
2025-07-12,777137,-3.0,26.0,26.90,25.90
2025-07-12,777126,5.0,7.0,27.60,26.97
2025-07-12,777131,-37.0,36.0,27.77,27.83
2025-07-12,777132,-47.0,25.0,27.90,27.40
2025-07-13,777130,-20.0,5.0,25.60,28.15
2025-07-13,777129,-11.0,-38.0,28.70,29.40
2025-07-13,777122,9.0,24.0,27.20,27.17
2025-07-13,777128,-13.0,8.0,28.07,28.25
2025-07-13,777121,21.0,-18.0,27.67,27.47
2025-07-13,777124,39.0,5.0,26.90,28.03
2025-07-13,777125,-3.0,26.0,27.13,26.50
2025-07-13,777113,3.0,-15.0,26.67,27.97
2025-07-13,777120,-38.0,12.0,27.80,27.20
2025-07-13,777123,31.0,-19.0,26.60,27.45
2025-07-13,777118,13.0,0.0,26.57,26.60
2025-07-13,777119,-7.0,0.0,27.40,27.27
2025-07-13,777116,-47.0,25.0,27.63,27.40
2025-07-13,777115,-37.0,36.0,28.80,27.83
2025-07-13,777117,5.0,7.0,27.60,26.97
2025-07-18,777101,24.0,-20.0,28.15,27.20
2025-07-18,777107,-15.0,-38.0,28.20,27.43
2025-07-18,777112,-19.0,5.0,26.97,28.13
2025-07-18,777106,7.0,-37.0,27.83,27.60
2025-07-18,777108,25.0,-7.0,27.40,27.43
2025-07-18,777111,5.0,-13.0,28.25,26.90
2025-07-18,777105,12.0,-47.0,27.40,27.33
2025-07-18,777109,-38.0,39.0,28.03,28.87
2025-07-18,777114,0.0,9.0,27.37,26.57
2025-07-18,777110,5.0,-11.0,29.15,26.83
2025-07-18,777098,26.0,21.0,27.30,27.13
2025-07-18,777102,8.0,3.0,27.97,28.83
2025-07-18,777100,36.0,13.0,26.60,27.73
2025-07-18,777099,-18.0,-3.0,26.50,27.67
2025-07-18,777103,0.0,31.0,28.47,26.87
2025-07-19,777094,25.0,-7.0,26.13,27.43
2025-07-19,777092,5.0,-13.0,28.25,27.47
2025-07-19,777093,-38.0,39.0,28.03,28.10
2025-07-19,777089,7.0,-37.0,27.83,27.60
2025-07-19,777090,-15.0,-38.0,26.95,27.33
2025-07-19,777091,-19.0,5.0,26.97,28.13
2025-07-19,777095,5.0,-11.0,29.10,26.85
2025-07-19,777088,26.0,21.0,27.50,27.13
2025-07-19,777104,12.0,-47.0,27.40,27.97
2025-07-19,777096,24.0,-20.0,27.93,27.20
2025-07-19,777081,36.0,13.0,26.90,27.73
2025-07-19,777097,0.0,9.0,27.17,26.57
2025-07-19,777080,8.0,3.0,27.97,28.27
2025-07-19,777085,0.0,31.0,28.47,27.10
2025-07-19,777086,-18.0,-3.0,25.75,27.67
2025-07-20,777079,25.0,-7.0,27.60,27.90
2025-07-20,777076,5.0,-11.0,29.10,26.85
2025-07-20,777077,-19.0,5.0,27.07,28.13
2025-07-20,777078,7.0,-37.0,27.43,27.60
2025-07-20,777074,-15.0,-38.0,28.20,26.67
2025-07-20,777083,0.0,9.0,27.37,26.57
2025-07-20,777087,5.0,-13.0,28.25,27.47
2025-07-20,777084,12.0,-47.0,27.40,27.33
2025-07-20,777082,-38.0,39.0,28.03,28.55
2025-07-20,777075,24.0,-20.0,29.20,27.57
2025-07-20,777072,8.0,3.0,27.00,28.40
2025-07-20,777067,-18.0,-3.0,25.60,27.67
2025-07-20,777071,36.0,13.0,26.60,28.03
2025-07-20,777070,0.0,31.0,27.47,27.80
2025-07-20,777073,26.0,21.0,27.33,27.87
2025-07-21,777068,12.0,-11.0,29.10,27.63
2025-07-21,777060,-15.0,21.0,27.33,26.67
2025-07-21,777062,-38.0,5.0,26.97,28.10
2025-07-21,777064,-19.0,-13.0,28.25,27.53
2025-07-21,777063,7.0,-20.0,28.15,27.60
2025-07-21,777066,25.0,9.0,27.43,27.90
2025-07-21,777061,5.0,-37.0,27.83,27.47
2025-07-21,777069,0.0,-7.0,27.60,26.57
2025-07-21,777059,5.0,-38.0,27.60,25.60
2025-07-21,777065,24.0,39.0,26.80,27.27
2025-07-21,777057,26.0,-47.0,27.40,27.83
2025-07-21,777053,8.0,13.0,27.13,28.23
2025-07-21,777055,36.0,-3.0,25.75,27.77
2025-07-21,777050,-18.0,31.0,28.07,27.67
2025-07-21,777051,0.0,3.0,27.73,27.40
2025-07-22,777056,12.0,-11.0,29.10,27.63
2025-07-22,777044,-15.0,21.0,27.50,27.47
2025-07-22,777052,-38.0,5.0,26.97,28.10
2025-07-22,777042,-19.0,-13.0,28.25,27.53
2025-07-22,777045,7.0,-20.0,27.00,27.60
2025-07-22,777048,5.0,-38.0,26.95,25.60
2025-07-22,777046,25.0,9.0,27.37,27.43
2025-07-22,777054,5.0,-37.0,27.43,27.47
2025-07-22,777058,0.0,-7.0,27.60,27.20
2025-07-22,777047,24.0,39.0,28.80,27.57
2025-07-22,777043,26.0,-47.0,27.40,27.13
2025-07-22,777049,8.0,13.0,26.60,28.27
2025-07-22,777040,36.0,-3.0,26.65,27.77
2025-07-22,777035,-18.0,31.0,29.13,27.67
2025-07-22,777039,0.0,3.0,27.97,27.40
2025-07-23,777026,-19.0,-13.0,28.25,28.73
2025-07-23,777037,-38.0,5.0,26.97,28.10
2025-07-23,777041,0.0,-7.0,27.27,26.00
2025-07-23,777029,-15.0,21.0,27.50,26.67
2025-07-23,777034,5.0,-37.0,27.83,27.47
2025-07-23,777031,24.0,39.0,26.73,28.53
2025-07-23,777028,8.0,13.0,26.60,28.27
2025-07-23,777032,36.0,-3.0,25.30,27.77
2025-07-23,777024,-18.0,31.0,28.57,28.53
2025-07-23,777022,0.0,3.0,28.60,28.07
2025-07-23,777036,12.0,-11.0,29.10,27.63
2025-07-23,777027,25.0,9.0,27.37,28.03
2025-07-23,777038,7.0,-20.0,28.15,28.37
2025-07-23,777030,5.0,-38.0,26.95,25.60
2025-07-23,777033,26.0,-47.0,27.40,27.83
2025-07-24,777019,12.0,-11.0,29.10,27.63
2025-07-24,777021,21.0,25.0,27.13,27.63
2025-07-24,777023,13.0,5.0,26.97,28.03
2025-07-24,777025,-3.0,-47.0,27.70,25.75
2025-07-24,777018,-37.0,-18.0,27.67,27.83
2025-07-25,777008,31.0,-38.0,27.80,28.07
2025-07-25,777014,-15.0,36.0,27.90,27.40
2025-07-25,777020,-11.0,8.0,28.27,28.73
2025-07-25,777015,9.0,7.0,27.60,27.37
2025-07-25,777012,-20.0,0.0,27.10,28.15
2025-07-25,777013,-13.0,5.0,25.60,28.25
2025-07-25,777016,21.0,25.0,27.43,27.30
2025-07-25,777005,13.0,5.0,26.97,28.03
2025-07-25,777017,-38.0,24.0,27.43,28.20
2025-07-25,777009,26.0,0.0,26.57,27.17
2025-07-25,777007,-3.0,-47.0,,
2025-07-25,777011,3.0,-19.0,28.13,27.97
2025-07-25,777006,-37.0,-18.0,27.67,27.83
2025-07-25,777004,-7.0,5.0,27.47,27.27
2025-07-25,777010,39.0,12.0,27.63,28.03
2025-07-26,777001,9.0,7.0,27.60,27.20
2025-07-26,776990,39.0,12.0,27.63,28.03
2025-07-26,777003,21.0,25.0,28.03,27.17
2025-07-26,777002,-15.0,36.0,27.77,26.67
2025-07-26,777000,-13.0,5.0,25.90,28.25
2025-07-26,776999,-11.0,8.0,27.80,29.10
2025-07-26,776993,26.0,0.0,26.57,27.13
2025-07-26,776991,-3.0,-47.0,27.60,27.25
2025-07-26,776997,3.0,-19.0,28.13,27.00
2025-07-26,776994,-38.0,24.0,27.20,26.95
2025-07-26,776996,31.0,-38.0,28.55,28.47
2025-07-26,776998,-20.0,0.0,28.03,28.05
2025-07-26,776992,13.0,5.0,26.97,26.60
2025-07-26,776985,-7.0,5.0,27.47,27.27
2025-07-26,776995,-37.0,-18.0,27.67,27.83
2025-07-27,776986,-11.0,8.0,28.30,28.57
2025-07-27,776983,-20.0,0.0,27.80,28.15
2025-07-27,776984,-15.0,36.0,27.90,27.47
2025-07-27,776988,9.0,7.0,27.60,27.20
2025-07-27,776982,-13.0,5.0,25.60,28.25
2025-07-27,776987,21.0,25.0,27.43,27.70
2025-07-27,776975,39.0,12.0,27.63,28.03
2025-07-27,776976,-3.0,-47.0,27.40,25.75
2025-07-27,776979,3.0,-19.0,28.13,27.00
2025-07-27,776989,-38.0,24.0,27.20,26.95
2025-07-27,776978,31.0,-38.0,27.55,29.53
2025-07-27,776980,13.0,5.0,27.07,27.53
2025-07-27,776981,26.0,0.0,26.57,28.20
2025-07-27,776977,-37.0,-18.0,27.67,27.83
2025-07-27,776974,-7.0,5.0,27.47,27.60
2025-07-28,776966,-11.0,25.0,27.40,29.10
2025-07-28,776968,12.0,8.0,28.27,27.63
2025-07-28,776973,21.0,36.0,27.90,27.70
2025-07-28,776970,9.0,5.0,27.00,28.10
2025-07-28,776967,-13.0,0.0,27.87,28.25
2025-07-28,776961,3.0,-20.0,28.40,27.35
2025-07-28,776971,39.0,0.0,26.57,28.03
2025-07-28,776972,-38.0,7.0,27.60,27.20
2025-07-28,776965,31.0,24.0,27.20,28.47
2025-07-28,776960,13.0,-38.0,27.80,27.43
2025-07-28,776969,-3.0,-19.0,27.30,26.30
2025-07-28,776958,-37.0,26.0,27.13,27.83
2025-07-28,776959,5.0,5.0,27.47,26.97
2025-07-28,776964,-7.0,-15.0,27.73,27.27
2025-07-28,776957,-47.0,-18.0,28.10,27.60
2025-07-29,776962,-11.0,25.0,27.17,28.60
2025-07-29,776951,12.0,8.0,28.05,27.87
2025-07-29,776953,21.0,36.0,27.90,27.63
2025-07-29,776949,9.0,5.0,26.10,26.90
2025-07-29,776963,-13.0,0.0,27.40,28.25
2025-07-29,776954,3.0,-20.0,28.15,26.60
2025-07-29,776955,39.0,0.0,27.20,27.97
2025-07-29,776952,-38.0,7.0,27.60,28.20
2025-07-29,776956,31.0,24.0,27.57,28.43
2025-07-29,776946,13.0,-38.0,27.80,27.20
2025-07-29,776950,-3.0,-19.0,28.13,26.65
2025-07-29,776945,-37.0,26.0,29.33,27.83
2025-07-29,776947,5.0,5.0,28.37,26.97
2025-07-29,776943,-7.0,-15.0,26.67,27.27
2025-07-29,776944,-47.0,-18.0,27.67,27.60
2025-07-30,776948,-11.0,25.0,28.13,29.10
2025-07-30,776940,21.0,36.0,27.90,27.27
2025-07-30,776935,3.0,-20.0,28.75,26.65
2025-07-30,776937,-3.0,-19.0,28.00,26.80
2025-07-30,776936,39.0,0.0,26.63,28.73
2025-07-30,776939,-38.0,7.0,27.60,27.07
2025-07-30,776929,31.0,24.0,27.20,27.77
2025-07-30,776933,-7.0,-15.0,26.67,27.27
2025-07-30,776931,5.0,5.0,27.30,26.97
2025-07-30,776942,12.0,8.0,28.10,27.63
2025-07-30,776938,9.0,5.0,27.47,27.20
2025-07-30,776941,-13.0,0.0,27.40,28.45
2025-07-30,776934,13.0,-38.0,27.80,26.60
2025-07-30,776932,-37.0,26.0,27.13,27.83
2025-07-30,776930,-47.0,-18.0,27.67,27.60
2025-07-31,776927,9.0,5.0,27.25,27.40
2025-07-31,776928,-13.0,0.0,26.63,29.40
2025-07-31,776923,-18.0,26.0,27.13,28.10
2025-08-01,776921,-13.0,0.0,26.63,28.55
2025-08-01,776915,24.0,-11.0,29.10,27.57
2025-08-01,776913,7.0,21.0,27.33,27.83
2025-08-01,776917,-19.0,31.0,27.45,28.43
2025-08-01,776920,25.0,39.0,26.80,27.67
2025-08-01,776922,-20.0,-3.0,27.07,28.15
2025-08-01,776926,5.0,-7.0,27.27,27.47
2025-08-01,776924,12.0,3.0,27.30,27.17
2025-08-01,776925,-38.0,9.0,27.70,28.40
2025-08-01,776918,5.0,0.0,27.40,26.97
2025-08-01,776919,8.0,-15.0,26.67,28.10
2025-08-01,776916,-37.0,-38.0,27.90,27.13
2025-08-01,776906,5.0,13.0,26.60,26.97
2025-08-01,776914,-47.0,36.0,27.90,27.60
2025-08-01,776908,-18.0,26.0,27.13,28.10
2025-08-02,776901,5.0,0.0,26.87,26.97
2025-08-02,776902,24.0,-11.0,29.10,27.77
2025-08-02,776900,25.0,39.0,27.93,27.53
2025-08-02,776904,8.0,-15.0,27.40,28.43
2025-08-02,776912,7.0,21.0,27.70,27.60
2025-08-02,776903,-19.0,31.0,26.35,28.13
2025-08-02,776909,-20.0,-3.0,27.03,27.80
2025-08-02,776911,5.0,-7.0,27.70,27.47
2025-08-02,776897,-18.0,26.0,27.13,28.10
2025-08-02,776905,12.0,3.0,26.30,27.87
2025-08-02,776910,-38.0,9.0,27.70,28.30
2025-08-02,776907,-13.0,0.0,26.87,28.25
2025-08-02,776899,-47.0,36.0,27.90,27.60
2025-08-02,776898,-37.0,-38.0,27.07,27.13
2025-08-02,776896,5.0,13.0,28.03,26.97
2025-08-03,776895,-20.0,-3.0,28.45,27.00
2025-08-03,776889,5.0,0.0,26.87,26.33
2025-08-03,776894,-19.0,31.0,27.83,27.95
2025-08-03,776893,25.0,39.0,29.25,27.67
2025-08-03,776887,5.0,-7.0,27.20,27.77
2025-08-03,776892,12.0,3.0,27.30,27.87
2025-08-03,776891,-38.0,9.0,27.20,28.30
2025-08-03,776888,24.0,-11.0,29.10,26.57
2025-08-03,776886,8.0,-15.0,27.47,28.27
2025-08-03,776881,-47.0,36.0,28.40,27.70
2025-08-03,776885,-37.0,-38.0,27.07,27.83
2025-08-03,776884,5.0,13.0,27.20,26.97
2025-08-03,776883,-18.0,26.0,27.13,28.10
2025-08-03,776890,7.0,21.0,27.70,27.60
2025-08-04,776879,-15.0,-7.0,27.27,27.20
2025-08-04,776874,21.0,3.0,27.37,27.33
2025-08-04,776875,-38.0,-3.0,28.53,28.30
2025-08-04,776877,7.0,-11.0,29.20,27.17
2025-08-04,776880,-20.0,39.0,28.03,28.60
2025-08-04,776876,5.0,12.0,27.87,27.47
2025-08-04,776882,0.0,31.0,27.33,26.00
2025-08-04,776878,24.0,-13.0,28.25,27.57
2025-08-04,776871,26.0,9.0,27.20,26.00
2025-08-04,776872,8.0,25.0,26.47,26.90
2025-08-04,776867,-37.0,5.0,26.70,27.83
2025-08-04,776873,36.0,5.0,26.97,27.90
2025-08-04,776870,0.0,13.0,26.60,26.87
2025-08-05,776866,-15.0,-7.0,27.27,26.80
2025-08-05,776861,21.0,3.0,27.37,28.03
2025-08-05,776862,-38.0,-3.0,28.53,28.30
2025-08-05,776865,-19.0,-47.0,27.60,27.85
2025-08-05,776868,7.0,-11.0,29.10,27.60
2025-08-05,776864,-20.0,39.0,28.03,27.93
2025-08-05,776863,5.0,12.0,27.80,27.17
2025-08-05,776869,0.0,31.0,27.45,26.00
2025-08-05,776860,24.0,-13.0,28.25,27.07
2025-08-05,776855,26.0,9.0,27.07,27.13
2025-08-05,776854,8.0,25.0,27.17,28.10
2025-08-05,776848,-37.0,5.0,26.30,27.83
2025-08-05,776852,36.0,5.0,26.97,27.90
2025-08-05,776857,-18.0,-38.0,27.13,28.07
2025-08-05,776858,0.0,13.0,26.90,26.87
2025-08-06,776844,-15.0,-7.0,27.27,26.80
2025-08-06,776851,7.0,-11.0,29.10,27.60
2025-08-06,776846,5.0,12.0,27.63,26.83
2025-08-06,776859,21.0,3.0,26.90,27.27
2025-08-06,776847,24.0,-13.0,28.23,28.00
2025-08-06,776845,26.0,9.0,27.07,26.90
2025-08-06,776836,8.0,25.0,27.60,28.30
2025-08-06,776843,-37.0,5.0,25.90,27.83
2025-08-06,776839,0.0,13.0,26.60,27.40
2025-08-06,776849,-38.0,-3.0,27.03,28.30
2025-08-06,776850,-19.0,-47.0,27.70,28.00
2025-08-06,776856,-20.0,39.0,28.05,27.40
2025-08-06,776853,0.0,31.0,27.85,27.43
2025-08-06,776838,36.0,5.0,27.67,27.90
2025-08-06,776841,-18.0,-38.0,27.50,28.10
2025-08-07,776837,-19.0,-47.0,27.80,28.00
2025-08-07,776830,-18.0,-38.0,27.07,28.57
2025-08-07,776840,-15.0,-13.0,28.25,27.47
2025-08-07,776842,0.0,-38.0,28.30,26.00
2025-08-08,776829,-15.0,-13.0,28.25,26.80
2025-08-08,776831,-11.0,-47.0,27.60,29.10
2025-08-08,776835,9.0,-3.0,28.03,27.07
2025-08-08,776832,21.0,-37.0,27.83,27.67
2025-08-08,776834,0.0,-38.0,28.55,26.00
2025-08-08,776833,-38.0,12.0,27.87,27.40
2025-08-08,776821,26.0,7.0,27.60,27.13
2025-08-08,776827,3.0,39.0,27.77,26.90
2025-08-08,776828,31.0,5.0,26.83,27.85
2025-08-08,776826,13.0,24.0,27.20,27.13
2025-08-08,776825,36.0,8.0,28.10,27.90
2025-08-08,776820,5.0,-20.0,28.15,27.27
2025-08-08,776824,-18.0,5.0,26.80,28.10
2025-08-08,776823,0.0,25.0,28.13,26.87
2025-08-08,776822,-7.0,-19.0,28.60,27.27
2025-08-09,776819,0.0,-38.0,28.30,26.00
2025-08-09,776815,9.0,-3.0,28.03,27.17
2025-08-09,776802,-7.0,-19.0,28.00,27.27
2025-08-09,776813,21.0,-37.0,27.83,27.33
2025-08-09,776812,-15.0,-13.0,28.25,26.80
2025-08-09,776811,-11.0,-47.0,27.70,29.20
2025-08-09,776816,3.0,39.0,28.00,27.30
2025-08-09,776814,-38.0,12.0,27.63,28.05
2025-08-09,776817,31.0,5.0,27.17,27.85
2025-08-09,776818,13.0,24.0,27.20,28.10
2025-08-09,776810,26.0,7.0,27.60,26.90
2025-08-09,776809,36.0,8.0,28.10,27.90
2025-08-09,776807,5.0,-20.0,28.15,26.97
2025-08-09,776808,0.0,25.0,27.87,26.87
2025-08-09,776805,-18.0,5.0,27.00,28.10
2025-08-10,776796,3.0,39.0,26.90,27.43
2025-08-10,776804,-11.0,-47.0,27.80,29.10
2025-08-10,776801,-15.0,-13.0,28.25,27.60
2025-08-10,776803,0.0,-38.0,,25.90
2025-08-10,776797,9.0,-3.0,27.90,27.07
2025-08-10,776806,21.0,-37.0,27.83,27.33
2025-08-10,776798,-38.0,12.0,27.87,27.07
2025-08-10,776799,31.0,5.0,27.47,26.40
2025-08-10,776800,26.0,7.0,27.60,27.13
2025-08-10,776793,-7.0,-19.0,26.95,27.70
2025-08-10,776794,36.0,8.0,28.35,28.40
2025-08-10,776789,5.0,-20.0,28.15,26.97
2025-08-10,776791,-18.0,5.0,26.30,28.10
2025-08-10,776788,0.0,25.0,26.40,27.40
2025-08-10,776795,13.0,24.0,27.20,27.73
2025-08-11,776792,-13.0,7.0,27.60,28.23
2025-08-11,776790,9.0,3.0,27.90,27.37
2025-08-11,776784,39.0,-19.0,28.00,27.77
2025-08-11,776781,-38.0,21.0,27.50,27.07
2025-08-11,776786,31.0,-15.0,27.60,27.85
2025-08-11,776783,13.0,8.0,28.10,27.07
2025-08-11,776785,26.0,36.0,27.90,26.90
2025-08-11,776782,-3.0,-20.0,28.15,27.90
2025-08-11,776779,-37.0,0.0,27.40,27.83
2025-08-11,776780,-7.0,5.0,26.97,27.27
2025-08-11,776787,-47.0,5.0,26.97,27.60
2025-08-12,776776,-11.0,-18.0,28.10,29.10
2025-08-12,776777,-13.0,7.0,27.60,28.23
2025-08-12,776778,12.0,-38.0,28.55,27.87
2025-08-12,776774,9.0,3.0,27.90,27.37
2025-08-12,776768,25.0,24.0,27.20,27.17
2025-08-12,776772,5.0,0.0,26.00,28.17
2025-08-12,776770,39.0,-19.0,27.53,28.00
2025-08-12,776773,-38.0,21.0,27.30,27.25
2025-08-12,776771,31.0,-15.0,27.20,27.85
2025-08-12,776775,13.0,8.0,28.07,26.83
2025-08-12,776764,26.0,36.0,27.90,26.90
2025-08-12,776769,-3.0,-20.0,28.15,28.60
2025-08-12,776763,-37.0,0.0,26.87,27.83
2025-08-12,776767,-7.0,5.0,26.97,27.47
2025-08-12,776762,-47.0,5.0,26.97,27.70
2025-08-13,776759,39.0,-19.0,28.13,27.93
2025-08-13,776754,-38.0,21.0,27.30,27.30
2025-08-13,776755,31.0,-15.0,26.60,27.85
2025-08-13,776758,13.0,8.0,28.30,28.60
2025-08-13,776746,26.0,36.0,27.90,26.90
2025-08-13,776749,-7.0,5.0,27.80,28.63
2025-08-13,776765,-13.0,7.0,27.60,28.23
2025-08-13,776761,-11.0,-18.0,28.10,29.10
2025-08-13,776766,12.0,-38.0,29.10,26.43
2025-08-13,776760,9.0,3.0,28.00,27.37
2025-08-13,776757,25.0,24.0,27.20,27.17
2025-08-13,776753,-3.0,-20.0,28.15,28.07
2025-08-13,776756,5.0,0.0,25.90,27.47
2025-08-13,776752,-37.0,0.0,26.87,27.83
2025-08-13,776751,-47.0,5.0,26.30,27.70
2025-08-14,776750,-11.0,-18.0,27.63,29.10
2025-08-14,776747,25.0,24.0,26.43,28.17
2025-08-14,776745,12.0,-38.0,28.30,27.67
2025-08-14,776743,-19.0,7.0,27.60,27.80
2025-08-14,776748,5.0,0.0,26.00,27.47
2025-08-14,776744,3.0,21.0,27.33,28.10
2025-08-14,776742,8.0,36.0,27.90,28.10
2025-08-15,776737,24.0,-15.0,26.80,26.57
2025-08-15,776740,-13.0,31.0,28.13,28.23
2025-08-15,776739,-19.0,7.0,27.60,27.53
2025-08-15,776735,25.0,26.0,27.57,27.23
2025-08-15,776736,5.0,-18.0,28.10,27.47
2025-08-15,776738,12.0,0.0,26.57,27.87
2025-08-15,776741,-20.0,-38.0,28.30,28.15
2025-08-15,776733,-3.0,-11.0,29.10,27.03
2025-08-15,776732,3.0,21.0,27.83,27.43
2025-08-15,776728,39.0,-38.0,28.13,27.77
2025-08-15,776731,13.0,9.0,26.80,27.10
2025-08-15,776730,8.0,36.0,27.90,28.23
2025-08-15,776734,-47.0,-37.0,27.83,27.80
2025-08-15,776727,0.0,5.0,26.97,27.40
2025-08-15,776729,-7.0,5.0,26.30,27.27
2025-08-16,776719,24.0,-15.0,27.90,27.20
2025-08-16,776723,25.0,26.0,28.33,26.80
2025-08-16,776725,-19.0,7.0,27.60,27.53
2025-08-16,776726,5.0,-18.0,28.10,27.47
2025-08-16,776724,-20.0,-38.0,28.40,28.15
2025-08-16,776721,-13.0,31.0,27.85,28.23
2025-08-16,776722,-3.0,-11.0,29.10,27.00
2025-08-16,776720,12.0,0.0,27.20,28.00
2025-08-16,776712,39.0,-38.0,27.25,28.85
2025-08-16,776716,3.0,21.0,27.27,28.57
2025-08-16,776713,13.0,9.0,27.07,27.20
2025-08-16,776715,8.0,36.0,27.90,28.10
2025-08-16,776711,-7.0,5.0,26.30,27.27
2025-08-16,776717,0.0,5.0,26.97,27.40
2025-08-16,776718,-47.0,-37.0,27.83,27.70
2025-08-17,776708,-19.0,7.0,27.60,27.50
2025-08-17,776714,-20.0,-38.0,28.55,28.85
2025-08-17,776710,25.0,26.0,27.57,27.50
2025-08-17,776706,12.0,0.0,26.57,27.87
2025-08-17,776709,-13.0,31.0,26.40,28.23
2025-08-17,776705,-3.0,-11.0,28.35,28.35
2025-08-17,776700,3.0,21.0,27.50,28.00
2025-08-17,776702,39.0,-38.0,27.25,27.77
2025-08-17,776698,13.0,9.0,27.43,28.03
2025-08-17,776704,24.0,-15.0,26.60,27.20
2025-08-17,776701,8.0,36.0,28.40,28.30
2025-08-17,776699,-47.0,-37.0,27.83,27.70
2025-08-17,776703,-7.0,5.0,26.30,27.60
2025-08-17,776697,0.0,5.0,26.97,27.40
2025-08-17,776707,5.0,-18.0,28.10,27.47
2025-08-18,776692,21.0,-3.0,28.00,27.30
2025-08-18,776694,-15.0,25.0,27.07,27.60
2025-08-18,776688,-38.0,13.0,28.03,28.70
2025-08-18,776689,7.0,-18.0,28.10,27.70
2025-08-18,776695,-20.0,-11.0,29.15,26.70
2025-08-18,776696,0.0,-38.0,28.00,26.57
2025-08-18,776690,39.0,26.0,27.57,27.87
2025-08-18,776693,8.0,0.0,27.80,28.27
2025-08-18,776681,-37.0,-13.0,28.07,27.83
2025-08-18,776682,36.0,12.0,27.87,27.90
2025-08-18,776683,5.0,-7.0,27.27,26.97
2025-08-19,776691,24.0,31.0,27.85,27.83
2025-08-19,776676,24.0,31.0,27.85,27.83
2025-08-19,776685,21.0,-3.0,27.90,27.30
2025-08-19,776679,-15.0,25.0,27.97,26.60
2025-08-19,776686,-38.0,13.0,28.03,28.40
2025-08-19,776678,-19.0,5.0,27.47,28.00
2025-08-19,776680,7.0,-18.0,28.10,27.60
2025-08-19,776684,-20.0,-11.0,29.15,28.15
2025-08-19,776687,0.0,-38.0,27.90,26.57
2025-08-19,776677,5.0,9.0,28.07,26.40
2025-08-19,776675,39.0,26.0,27.55,27.77
2025-08-19,776674,3.0,-47.0,27.70,27.43
2025-08-19,776671,8.0,0.0,27.40,28.27
2025-08-19,776668,-37.0,-13.0,28.07,27.83
2025-08-19,776672,36.0,12.0,27.63,27.90
2025-08-19,776667,5.0,-7.0,27.60,26.97
2025-08-20,776661,-15.0,25.0,27.80,28.60
2025-08-20,776662,7.0,-18.0,28.10,27.60
2025-08-20,776673,21.0,-3.0,27.90,27.53
2025-08-20,776658,36.0,12.0,27.65,27.90
2025-08-20,776670,-38.0,13.0,26.60,28.40
2025-08-20,776659,-19.0,5.0,27.17,27.53
2025-08-20,776669,0.0,-38.0,27.90,26.57
2025-08-20,776664,5.0,9.0,27.57,26.30
2025-08-20,776666,39.0,26.0,27.87,27.77
2025-08-20,776665,3.0,-47.0,27.70,28.10
2025-08-20,776663,24.0,31.0,27.85,27.83
2025-08-20,776660,8.0,0.0,27.70,28.10
2025-08-20,776652,-37.0,-13.0,28.43,27.90
2025-08-20,776656,5.0,-7.0,27.27,26.97
2025-08-21,776653,3.0,-47.0,27.60,26.20
2025-08-21,776657,39.0,26.0,27.97,28.00
2025-08-21,776651,24.0,31.0,27.85,27.20
2025-08-21,776644,8.0,0.0,26.63,28.15
2025-08-21,776650,-19.0,5.0,27.17,28.00
2025-08-21,776642,5.0,-7.0,27.60,26.97
2025-08-21,776655,-11.0,-3.0,27.90,29.15
2025-08-21,776654,9.0,-20.0,28.15,27.37
2025-08-21,776631,5.0,13.0,28.03,27.20
2025-08-22,776637,-15.0,8.0,28.40,27.20
2025-08-22,776648,7.0,-19.0,27.67,27.60
2025-08-22,776643,-11.0,-3.0,27.90,29.15
2025-08-22,776647,9.0,-20.0,28.05,27.07
2025-08-22,776649,21.0,39.0,27.87,27.30
2025-08-22,776646,-38.0,25.0,27.80,28.40
2025-08-22,776645,0.0,5.0,27.17,26.57
2025-08-22,776633,5.0,13.0,27.13,26.77
2025-08-22,776639,-38.0,3.0,28.00,27.90
2025-08-22,776641,26.0,12.0,27.63,27.57
2025-08-22,776634,31.0,-7.0,27.27,28.07
2025-08-22,776640,-37.0,24.0,27.57,27.83
2025-08-22,776635,36.0,-13.0,27.70,27.90
2025-08-22,776636,5.0,0.0,27.40,26.97
2025-08-22,776638,-18.0,-47.0,27.70,28.10
2025-08-23,776627,9.0,-20.0,26.70,27.57
2025-08-23,776630,-38.0,25.0,27.80,28.40
2025-08-23,776628,7.0,-19.0,27.67,28.40
2025-08-23,776625,21.0,39.0,27.77,27.47
2025-08-23,776632,-15.0,8.0,28.10,28.57
2025-08-23,776629,-11.0,-3.0,27.90,29.15
2025-08-23,776623,26.0,12.0,28.00,28.20
2025-08-23,776619,-38.0,3.0,28.00,28.60
2025-08-23,776621,31.0,-7.0,27.43,27.85
2025-08-23,776626,0.0,5.0,26.83,26.57
2025-08-23,776622,36.0,-13.0,28.80,27.37
2025-08-23,776617,5.0,0.0,27.40,26.97
2025-08-23,776618,-37.0,24.0,27.20,26.00
2025-08-23,776620,-18.0,-47.0,27.70,28.10
2025-08-24,776610,-15.0,8.0,28.27,28.60
2025-08-24,776606,5.0,13.0,26.60,25.90
2025-08-24,776612,-11.0,-3.0,27.90,28.55
2025-08-24,776613,7.0,-19.0,27.90,27.60
2025-08-24,776624,0.0,5.0,26.83,26.57
2025-08-24,776615,21.0,39.0,28.05,27.70
2025-08-24,776614,-38.0,25.0,27.47,28.40
2025-08-24,776607,-38.0,3.0,27.55,28.85
2025-08-24,776608,31.0,-7.0,27.90,27.85
2025-08-24,776611,26.0,12.0,27.80,27.57
2025-08-24,776605,-37.0,24.0,27.20,27.97
2025-08-24,776609,36.0,-13.0,28.43,27.90
2025-08-24,776603,5.0,0.0,26.87,26.97
2025-08-24,776602,-18.0,-47.0,26.90,27.87
2025-08-24,776616,9.0,-20.0,27.80,27.43
2025-08-25,776604,-11.0,-20.0,28.15,29.15
2025-08-25,776601,12.0,5.0,26.30,27.63
2025-08-25,776600,-38.0,0.0,26.57,28.40
2025-08-25,776597,9.0,-19.0,28.13,27.07
2025-08-25,776596,25.0,3.0,27.20,27.10
2025-08-25,776598,5.0,7.0,27.60,27.35
2025-08-25,776599,-38.0,39.0,27.87,28.60
2025-08-25,776593,31.0,36.0,27.90,28.07
2025-08-25,776589,13.0,-15.0,28.60,27.10
2025-08-25,776592,26.0,-37.0,27.27,27.57
2025-08-25,776595,-18.0,5.0,26.97,28.10
2025-08-25,776590,-47.0,21.0,27.30,27.53
2025-08-25,776594,0.0,-13.0,28.43,26.87
2025-08-26,776591,-11.0,-20.0,28.15,29.15
2025-08-26,776584,12.0,5.0,25.90,27.65
2025-08-26,776581,-38.0,0.0,26.57,28.40
2025-08-26,776588,9.0,-19.0,28.13,27.17
2025-08-26,776582,25.0,3.0,25.95,27.93
2025-08-26,776585,5.0,7.0,27.60,27.17
2025-08-26,776583,-38.0,39.0,28.00,27.90
2025-08-26,776586,31.0,36.0,27.90,28.90
2025-08-26,776578,13.0,-15.0,27.23,26.60
2025-08-26,776575,26.0,-37.0,28.55,26.43
2025-08-26,776587,-3.0,8.0,28.27,27.90
2025-08-26,776577,-18.0,5.0,26.97,28.10
2025-08-26,776576,-7.0,24.0,27.15,27.27
2025-08-26,776573,-47.0,21.0,27.47,27.70
2025-08-26,776574,0.0,-13.0,29.00,26.87
2025-08-27,776570,9.0,-19.0,27.90,27.53
2025-08-27,776580,12.0,5.0,26.30,26.60
2025-08-27,776565,-38.0,0.0,27.93,28.70
2025-08-27,776561,-18.0,5.0,27.33,28.10
2025-08-27,776579,-11.0,-20.0,27.40,28.33
2025-08-27,776567,25.0,3.0,27.83,27.77
2025-08-27,776566,5.0,7.0,27.60,26.83
2025-08-27,776569,-38.0,39.0,27.45,28.10
2025-08-27,776572,31.0,36.0,28.40,27.85
2025-08-27,776568,13.0,-15.0,27.23,26.60
2025-08-27,776563,26.0,-37.0,27.00,28.20
2025-08-27,776571,-3.0,8.0,28.75,27.57
2025-08-27,776562,0.0,-13.0,28.43,27.80
2025-08-27,776557,-7.0,24.0,28.35,26.95
2025-08-27,776559,-47.0,21.0,27.30,27.70
2025-08-28,776564,-11.0,-20.0,27.40,29.15
2025-08-28,776555,-3.0,8.0,28.40,27.90
2025-08-28,776553,31.0,36.0,27.90,29.30
2025-08-28,776554,13.0,-15.0,26.80,27.15
2025-08-28,776550,-7.0,24.0,27.07,27.27
2025-08-28,776560,7.0,0.0,27.80,27.70
2025-08-28,776558,5.0,-38.0,28.40,26.83
2025-08-28,776556,-38.0,9.0,27.07,27.85
2025-08-29,776551,-13.0,13.0,27.05,28.43
2025-08-29,776545,-19.0,5.0,25.90,27.53
2025-08-29,776552,7.0,0.0,26.57,27.60
2025-08-29,776546,25.0,31.0,28.07,27.77
2025-08-29,776549,-20.0,-15.0,28.57,28.15
2025-08-29,776547,12.0,-18.0,28.10,27.87
2025-08-29,776548,5.0,-38.0,28.55,27.20
2025-08-29,776544,-38.0,9.0,27.17,
2025-08-29,776543,-3.0,-37.0,27.97,27.67
2025-08-29,776540,39.0,21.0,27.27,27.77
2025-08-29,776541,3.0,5.0,26.97,28.00
2025-08-29,776542,8.0,24.0,27.20,27.37
2025-08-29,776538,-47.0,26.0,29.30,27.53
2025-08-29,776534,0.0,36.0,27.90,26.87
2025-08-29,776533,-7.0,-11.0,29.40,27.43
2025-08-30,776527,25.0,31.0,29.17,27.90
2025-08-30,776525,-19.0,5.0,26.30,28.00
2025-08-30,776539,-20.0,-15.0,27.23,28.15
2025-08-30,776535,5.0,-38.0,28.55,26.83
2025-08-30,776532,7.0,0.0,26.57,27.60
2025-08-30,776536,-13.0,13.0,27.70,28.43
2025-08-30,776531,-3.0,-37.0,27.97,27.67
2025-08-30,776530,3.0,5.0,27.27,28.30
2025-08-30,776529,-38.0,9.0,26.67,27.90
2025-08-30,776528,39.0,21.0,27.33,28.05
2025-08-30,776537,12.0,-18.0,28.10,27.87
2025-08-30,776516,-7.0,-11.0,29.40,27.27
2025-08-30,776526,8.0,24.0,27.20,28.27
2025-08-30,776523,0.0,36.0,27.90,27.40
2025-08-30,776524,-47.0,26.0,27.63,27.67
2025-08-31,776518,-13.0,13.0,27.13,28.43
2025-08-31,776513,3.0,5.0,27.07,27.60
2025-08-31,776517,-20.0,-15.0,27.85,28.15
2025-08-31,776520,-19.0,5.0,26.80,27.90
2025-08-31,776515,25.0,31.0,29.17,27.93
2025-08-31,776521,12.0,-18.0,28.10,27.87
2025-08-31,776519,5.0,-38.0,28.40,27.47
2025-08-31,776510,-3.0,-37.0,27.97,27.67
2025-08-31,776512,39.0,21.0,27.33,28.00
2025-08-31,776514,-38.0,9.0,27.17,27.25
2025-08-31,776511,8.0,24.0,27.20,28.67
2025-08-31,776507,-7.0,-11.0,29.15,27.27
2025-08-31,776508,-47.0,26.0,27.63,27.47
2025-08-31,776509,0.0,36.0,27.90,26.87
2025-08-31,776522,7.0,0.0,26.57,27.60
2025-09-01,776498,-19.0,-38.0,,27.53
2025-09-01,776501,21.0,5.0,26.83,27.47
2025-09-01,776503,-13.0,25.0,26.60,28.43
2025-09-01,776505,-20.0,12.0,27.87,27.40
2025-09-01,776499,-3.0,-37.0,28.55,28.45
2025-09-01,776502,3.0,-38.0,27.30,28.10
2025-09-01,776497,13.0,-47.0,27.47,28.07
2025-09-01,776506,24.0,0.0,26.57,26.73
2025-09-01,776492,8.0,-7.0,27.70,28.27
2025-09-01,776500,31.0,7.0,28.33,28.47
2025-09-01,776494,5.0,-11.0,29.15,26.77
2025-09-01,776504,5.0,-18.0,28.10,26.30
2025-09-01,776495,36.0,26.0,28.87,27.90
2025-09-02,776490,21.0,5.0,26.80,27.67
2025-09-02,776496,-15.0,0.0,26.87,28.57
2025-09-02,776491,-13.0,25.0,27.65,28.43
2025-09-02,776493,-20.0,12.0,27.63,28.15
2025-09-02,776482,-19.0,-38.0,28.40,27.67
2025-09-02,776485,5.0,-18.0,28.10,26.30
2025-09-02,776488,39.0,-37.0,27.30,28.00
2025-09-02,776487,24.0,0.0,26.80,28.20
2025-09-02,776484,3.0,-38.0,27.45,25.95
2025-09-02,776483,13.0,-47.0,27.70,27.13
2025-09-02,776489,-3.0,9.0,27.17,27.90
2025-09-02,776486,8.0,-7.0,27.25,28.27
2025-09-02,776480,5.0,-11.0,29.15,26.97
2025-09-02,776481,36.0,26.0,27.63,27.90
2025-09-03,776477,-19.0,-38.0,28.40,27.25
2025-09-03,776478,21.0,5.0,26.83,27.30
2025-09-03,776468,36.0,26.0,28.23,27.90
2025-09-03,776465,5.0,-11.0,28.50,26.97
2025-09-03,776479,-15.0,0.0,27.40,27.23
2025-09-03,776475,-13.0,25.0,27.10,29.40
2025-09-03,776474,-20.0,12.0,27.63,27.50
2025-09-03,776476,5.0,-18.0,28.10,26.30
2025-09-03,776466,39.0,-37.0,27.27,27.87
2025-09-03,776473,24.0,0.0,26.80,28.00
2025-09-03,776469,3.0,-38.0,27.30,29.70
2025-09-03,776471,31.0,7.0,27.60,28.47
2025-09-03,776470,13.0,-47.0,27.50,27.70
2025-09-03,776472,-3.0,9.0,27.37,28.07
2025-09-03,776467,8.0,-7.0,27.70,28.10
2025-09-04,776459,31.0,7.0,27.60,28.05
2025-09-04,776461,-15.0,0.0,26.87,28.57
2025-09-04,776458,5.0,12.0,27.87,25.90
2025-09-04,776463,39.0,-37.0,27.97,27.77
2025-09-04,776462,3.0,-38.0,27.30,26.30
2025-09-04,776464,-3.0,9.0,26.67,27.67
2025-09-05,776455,24.0,-19.0,27.53,27.83
2025-09-05,776450,-13.0,5.0,26.83,28.43
2025-09-05,776452,21.0,-38.0,27.25,27.30
2025-09-05,776453,-15.0,31.0,29.53,28.25
2025-09-05,776454,-11.0,0.0,26.87,29.15
2025-09-05,776457,9.0,25.0,27.65,27.07
2025-09-05,776456,-38.0,7.0,27.70,
2025-09-05,776460,0.0,-18.0,28.10,26.40
2025-09-05,776451,5.0,12.0,27.63,26.83
2025-09-05,776446,39.0,3.0,29.25,26.83
2025-09-05,776449,26.0,-3.0,27.67,29.80
2025-09-05,776445,13.0,-7.0,27.27,26.83
2025-09-05,776442,8.0,5.0,27.33,28.27
2025-09-05,776444,-37.0,-47.0,27.70,27.97
2025-09-05,776448,36.0,-20.0,28.13,27.90
2025-09-06,776436,9.0,25.0,27.77,27.07
2025-09-06,776440,24.0,-19.0,28.60,27.37
2025-09-06,776433,-38.0,7.0,26.50,28.70
2025-09-06,776435,21.0,-38.0,27.45,27.50
2025-09-06,776439,-13.0,5.0,27.47,28.43
2025-09-06,776441,-15.0,31.0,29.43,28.25
2025-09-06,776443,-11.0,0.0,27.40,29.15
2025-09-06,776438,5.0,12.0,27.63,26.30
2025-09-06,776437,13.0,-7.0,27.43,26.83
2025-09-06,776432,26.0,-3.0,28.00,28.47
2025-09-06,776434,39.0,3.0,27.30,27.55
2025-09-06,776447,0.0,-18.0,28.37,26.40
2025-09-06,776424,36.0,-20.0,27.47,27.90
2025-09-06,776431,8.0,5.0,26.97,28.27
2025-09-06,776430,-37.0,-47.0,27.53,28.10
2025-09-07,776428,0.0,-18.0,27.27,27.77
2025-09-07,776421,5.0,12.0,27.63,25.90
2025-09-07,776427,-11.0,0.0,26.87,28.25
2025-09-07,776423,9.0,25.0,27.77,27.37
2025-09-07,776419,-15.0,31.0,27.85,27.05
2025-09-07,776429,-13.0,5.0,27.97,28.43
2025-09-07,776425,21.0,-38.0,27.90,27.33
2025-09-07,776426,-38.0,7.0,27.13,28.40
2025-09-07,776422,39.0,3.0,28.20,26.90
2025-09-07,776416,13.0,-7.0,27.27,26.83
2025-09-07,776420,24.0,-19.0,28.60,28.20
2025-09-07,776418,26.0,-3.0,27.67,28.55
2025-09-07,776417,8.0,5.0,26.87,27.57
2025-09-07,776414,-37.0,-47.0,27.60,27.50
2025-09-07,776415,36.0,-20.0,28.15,27.90
2025-09-08,776413,12.0,39.0,27.45,27.87
2025-09-08,776409,-38.0,-19.0,27.87,28.40
2025-09-08,776405,7.0,5.0,27.20,27.20
2025-09-08,776412,0.0,24.0,27.83,26.40
2025-09-08,776406,26.0,31.0,28.47,28.55
2025-09-08,776411,-37.0,3.0,27.90,28.55
2025-09-08,776407,5.0,-13.0,28.43,26.97
2025-09-08,776400,-18.0,13.0,26.60,28.10
2025-09-08,776399,-7.0,36.0,27.90,27.27
2025-09-08,776410,-47.0,-20.0,28.13,27.70
2025-09-08,776408,0.0,8.0,28.50,26.87
2025-09-09,776401,-11.0,-15.0,27.23,29.15
2025-09-09,776403,12.0,39.0,28.00,27.63
2025-09-09,776397,-38.0,-19.0,27.53,28.40
2025-09-09,776404,7.0,5.0,26.83,27.13
2025-09-09,776398,9.0,21.0,27.67,27.83
2025-09-09,776393,25.0,-3.0,27.57,27.65
2025-09-09,776402,0.0,24.0,27.83,26.40
2025-09-09,776388,-38.0,5.0,26.30,27.25
2025-09-09,776395,26.0,31.0,29.17,27.60
2025-09-09,776390,-37.0,3.0,28.55,28.55
2025-09-09,776392,5.0,-13.0,28.25,27.33
2025-09-09,776391,-18.0,13.0,26.60,28.10
2025-09-09,776394,-7.0,36.0,27.90,27.70
2025-09-09,776396,-47.0,-20.0,27.07,27.70
2025-09-09,776389,0.0,8.0,28.27,26.87
2025-09-10,776375,26.0,31.0,29.17,27.57
2025-09-10,776379,-47.0,-20.0,27.10,27.53
2025-09-10,776374,-7.0,36.0,27.77,27.27
2025-09-10,776376,-37.0,3.0,28.10,27.97
2025-09-10,776387,-11.0,-15.0,27.23,28.33
2025-09-10,776382,12.0,39.0,28.00,27.65
2025-09-10,776386,-38.0,-19.0,27.67,28.55
2025-09-10,776384,7.0,5.0,26.55,27.33
2025-09-10,776383,9.0,21.0,27.50,27.83
2025-09-10,776385,25.0,-3.0,27.57,27.43
2025-09-10,776381,0.0,24.0,28.20,26.57
2025-09-10,776378,-38.0,5.0,26.30,27.25
2025-09-10,776377,5.0,-13.0,28.43,26.97
2025-09-10,776373,-18.0,13.0,26.97,28.10
2025-09-10,776380,0.0,8.0,28.27,27.80
2025-09-11,776372,-11.0,-15.0,27.90,28.53
2025-09-11,776364,-38.0,5.0,26.80,26.90
2025-09-11,776369,25.0,-3.0,27.57,27.43
2025-09-11,776367,-38.0,-19.0,28.90,28.40
2025-09-11,776368,9.0,21.0,27.30,27.80
2025-09-11,776370,12.0,39.0,27.77,27.65
2025-09-11,776371,7.0,5.0,26.83,27.13
2025-09-11,776365,5.0,8.0,28.27,27.63
2025-09-11,776362,-18.0,-37.0,27.97,28.10
2025-09-12,776352,24.0,5.0,26.35,26.93
2025-09-12,776351,-19.0,-15.0,27.23,27.67
2025-09-12,776354,7.0,39.0,27.87,27.13
2025-09-12,776353,25.0,-11.0,29.15,27.57
2025-09-12,776359,5.0,26.0,27.20,26.83
2025-09-12,776361,12.0,-38.0,27.25,27.63
2025-09-12,776366,-38.0,21.0,27.83,28.40
2025-09-12,776363,-20.0,9.0,26.67,28.13
2025-09-12,776360,0.0,-3.0,26.85,27.93
2025-09-12,776355,3.0,36.0,28.30,28.10
2025-09-12,776356,31.0,13.0,26.60,29.43
2025-09-12,776357,5.0,8.0,28.27,26.97
2025-09-12,776358,-47.0,-13.0,27.70,27.70
2025-09-12,776345,-18.0,-37.0,28.50,28.10
2025-09-12,776350,-7.0,0.0,26.87,27.27
2025-09-13,776338,24.0,5.0,26.30,26.93
2025-09-13,776343,25.0,-11.0,29.15,26.67
2025-09-13,776336,-19.0,-15.0,27.90,27.67
2025-09-13,776349,5.0,26.0,27.63,26.83
2025-09-13,776347,-38.0,21.0,27.87,28.60
2025-09-13,776344,-20.0,9.0,26.67,27.90
2025-09-13,776342,7.0,39.0,27.87,27.13
2025-09-13,776348,12.0,-38.0,,27.80
2025-09-13,776337,3.0,36.0,27.90,28.10
2025-09-13,776346,0.0,-3.0,27.57,26.57
2025-09-13,776339,31.0,13.0,27.15,29.43
2025-09-13,776341,5.0,8.0,27.90,27.70
2025-09-13,776328,-7.0,0.0,26.87,27.27
2025-09-13,776333,-18.0,-37.0,27.93,28.10
2025-09-13,776340,-47.0,-13.0,28.43,27.70
2025-09-14,776320,-19.0,-15.0,28.25,27.90
2025-09-14,776334,7.0,39.0,27.87,27.13
2025-09-14,776329,0.0,-3.0,27.57,26.57
2025-09-14,776322,25.0,-11.0,28.30,26.73
2025-09-14,776335,5.0,26.0,27.63,26.83
2025-09-14,776331,12.0,-38.0,27.25,27.63
2025-09-14,776332,-38.0,21.0,28.00,28.70
2025-09-14,776324,3.0,36.0,27.90,28.93
2025-09-14,776326,31.0,13.0,26.60,29.17
2025-09-14,776321,24.0,5.0,26.33,27.87
2025-09-14,776327,-47.0,-13.0,28.43,27.50
2025-09-14,776325,-7.0,0.0,28.35,26.93
2025-09-14,776323,5.0,8.0,28.30,28.23
2025-09-14,776317,-18.0,-37.0,26.85,27.95
2025-09-14,776330,-20.0,9.0,27.80,28.13
2025-09-15,776318,-15.0,24.0,27.87,27.23
2025-09-15,776315,-19.0,0.0,26.57,27.67
2025-09-15,776316,5.0,25.0,27.43,26.30
2025-09-15,776314,-38.0,-11.0,28.33,27.25
2025-09-15,776313,3.0,9.0,27.37,29.00
2025-09-15,776312,13.0,-13.0,27.30,26.60
2025-09-15,776319,-3.0,26.0,27.60,28.30
2025-09-15,776309,36.0,-7.0,27.43,27.90
2025-09-15,776311,0.0,7.0,27.13,26.80
2025-09-16,776307,-19.0,0.0,26.57,29.40
2025-09-16,776303,21.0,12.0,27.63,27.50
2025-09-16,776308,-15.0,24.0,27.87,27.23
2025-09-16,776310,-20.0,-47.0,27.50,27.90
2025-09-16,776304,5.0,5.0,26.97,26.83
2025-09-16,776305,5.0,25.0,27.43,26.30
2025-09-16,776302,39.0,-18.0,28.10,27.77
2025-09-16,776306,-38.0,-11.0,29.15,
2025-09-16,776298,3.0,9.0,26.67,28.10
2025-09-16,776295,31.0,-37.0,27.85,29.17
2025-09-16,776300,13.0,-13.0,27.67,26.53
2025-09-16,776301,-3.0,26.0,27.20,27.90
2025-09-16,776293,8.0,-38.0,28.70,28.27
2025-09-16,776294,36.0,-7.0,27.27,27.90
2025-09-16,776297,0.0,7.0,27.13,27.80
2025-09-17,776287,-15.0,24.0,27.87,28.30
2025-09-17,776283,13.0,-13.0,28.43,26.60
2025-09-17,776285,-38.0,-11.0,29.10,27.75
2025-09-17,776279,36.0,-7.0,27.70,27.90
2025-09-17,776286,-19.0,0.0,26.57,27.53
2025-09-17,776296,21.0,12.0,27.87,27.47
2025-09-17,776299,-20.0,-47.0,27.70,28.13
2025-09-17,776290,5.0,25.0,27.43,25.40
2025-09-17,776288,5.0,5.0,26.97,26.83
2025-09-17,776289,39.0,-18.0,28.10,27.77
2025-09-17,776284,3.0,9.0,26.80,28.10
2025-09-17,776291,31.0,-37.0,27.53,29.17
2025-09-17,776292,-3.0,26.0,28.00,27.97
2025-09-17,776277,8.0,-38.0,,28.27
2025-09-17,776280,0.0,7.0,27.13,27.80
2025-09-18,776275,21.0,12.0,27.63,27.30
2025-09-18,776276,5.0,5.0,26.97,26.83
2025-09-18,776269,5.0,25.0,27.43,26.30
2025-09-18,776281,-20.0,-47.0,27.60,28.13
2025-09-18,776272,39.0,-18.0,28.10,28.05
2025-09-18,776270,8.0,-38.0,,28.27
2025-09-18,776282,-13.0,24.0,27.87,27.10
2025-09-18,776278,-11.0,9.0,27.63,28.50
2025-09-18,776274,31.0,-37.0,27.93,28.47
2025-09-18,776271,0.0,-7.0,27.27,26.87
2025-09-19,776267,-13.0,24.0,28.20,27.30
2025-09-19,776266,-15.0,-47.0,27.60,28.25
2025-09-19,776268,21.0,0.0,26.57,27.80
2025-09-19,776273,-11.0,9.0,27.57,29.10
2025-09-19,776259,5.0,-19.0,27.53,26.83
2025-09-19,776261,5.0,-20.0,28.47,25.40
2025-09-19,776260,39.0,25.0,26.05,27.75
2025-09-19,776264,-38.0,5.0,26.97,
2025-09-19,776251,26.0,-38.0,28.70,28.23
2025-09-19,776253,8.0,-37.0,27.37,28.27
2025-09-19,776262,-3.0,-18.0,28.10,27.50
2025-09-19,776263,3.0,12.0,27.63,29.00
2025-09-19,776265,13.0,31.0,29.17,26.60
2025-09-19,776255,36.0,7.0,27.13,27.90
2025-09-19,776256,0.0,-7.0,27.27,27.80
2025-09-20,776258,21.0,0.0,26.57,27.50
2025-09-20,776243,3.0,12.0,28.00,29.70
2025-09-20,776252,5.0,-19.0,27.23,26.83
2025-09-20,776254,-13.0,24.0,27.87,27.10
2025-09-20,776247,5.0,-20.0,28.13,25.90
2025-09-20,776242,26.0,-38.0,28.40,25.50
2025-09-20,776257,-11.0,9.0,27.07,29.10
2025-09-20,776248,-3.0,-18.0,28.10,27.50
2025-09-20,776245,39.0,25.0,28.07,28.05
2025-09-20,776250,-38.0,5.0,26.97,
2025-09-20,776244,13.0,31.0,29.17,26.60
2025-09-20,776241,8.0,-37.0,27.65,28.27
2025-09-20,776246,36.0,7.0,27.13,27.90
2025-09-20,776233,0.0,-7.0,27.27,26.87
2025-09-21,776238,21.0,0.0,26.57,27.30
2025-09-21,776234,-15.0,-47.0,27.40,28.80
2025-09-21,776240,-11.0,9.0,27.37,29.15
2025-09-21,776239,-13.0,24.0,28.20,27.67
2025-09-21,776237,5.0,-19.0,27.93,27.47
2025-09-21,776229,39.0,25.0,27.93,27.77
2025-09-21,776225,3.0,12.0,27.65,28.57
2025-09-21,776235,-38.0,5.0,26.97,
2025-09-21,776231,13.0,31.0,28.00,26.90
2025-09-21,776226,26.0,-38.0,28.40,27.65
2025-09-21,776232,8.0,-37.0,28.17,28.23
2025-09-21,776227,0.0,-7.0,27.70,26.87
2025-09-21,776230,36.0,7.0,27.13,27.90
2025-09-21,776228,-3.0,-18.0,28.10,26.60
2025-09-21,776236,5.0,-20.0,28.13,25.90
2025-09-22,776221,0.0,-19.0,27.93,26.57
2025-09-22,776222,5.0,31.0,29.17,27.00
2025-09-22,776220,-7.0,13.0,26.60,27.27
2025-09-23,776223,-11.0,5.0,27.30,29.10
2025-09-23,776218,12.0,21.0,27.87,27.87
2025-09-23,776224,-13.0,-15.0,28.43,27.30
2025-09-23,776215,7.0,-38.0,28.70,27.50
2025-09-23,776216,9.0,-38.0,,27.37
2025-09-23,776217,25.0,-20.0,28.13,27.93
2025-09-23,776219,0.0,-19.0,28.90,26.57
2025-09-23,776209,24.0,5.0,26.83,28.20
2025-09-23,776210,26.0,3.0,28.10,26.65
2025-09-23,776207,-37.0,39.0,28.00,27.37
2025-09-23,776213,36.0,0.0,26.87,27.90
2025-09-23,776212,-18.0,8.0,28.30,28.10
2025-09-23,776214,5.0,31.0,29.17,26.93
2025-09-23,776211,-7.0,13.0,27.23,27.70
2025-09-23,776208,-47.0,-3.0,26.60,27.40
2025-09-24,776200,0.0,-19.0,27.67,26.57
2025-09-24,776198,5.0,31.0,29.17,27.00
2025-09-24,776203,-11.0,5.0,26.80,28.95
2025-09-24,776204,12.0,21.0,27.30,27.65
2025-09-24,776202,-13.0,-15.0,28.27,27.67
2025-09-24,776201,7.0,-38.0,28.70,27.50
2025-09-24,776199,9.0,-38.0,26.90,27.37
2025-09-24,776206,25.0,-20.0,28.13,28.17
2025-09-24,776205,24.0,5.0,26.83,27.87
2025-09-24,776192,26.0,3.0,27.90,27.23
2025-09-24,776197,-37.0,39.0,28.00,26.67
2025-09-24,776193,36.0,0.0,26.87,27.90
2025-09-24,776194,-18.0,8.0,28.30,28.85
2025-09-24,776196,-7.0,13.0,26.60,26.37
2025-09-24,776195,-47.0,-3.0,26.60,27.40
2025-09-25,776190,-13.0,-15.0,28.57,27.65
2025-09-25,776191,-11.0,5.0,26.40,28.95
2025-09-25,776183,26.0,3.0,28.10,26.40
2025-09-25,776182,-47.0,-3.0,26.93,27.70
2025-09-25,776185,36.0,0.0,27.60,27.00
2025-09-25,776188,7.0,-38.0,28.40,27.13
2025-09-25,776189,12.0,21.0,27.13,27.87
2025-09-25,776184,9.0,-38.0,26.90,27.37
2025-09-25,776186,25.0,-20.0,28.13,27.43
2025-09-25,776187,24.0,5.0,26.83,27.23
2025-09-25,776178,-37.0,39.0,28.00,27.37
2025-09-25,776179,-18.0,8.0,28.00,27.87
2025-09-26,776167,24.0,13.0,27.00,28.40
2025-09-26,776176,7.0,3.0,28.70,27.13
2025-09-26,776165,-19.0,-38.0,,27.67
2025-09-26,776174,9.0,-11.0,29.10,27.17
2025-09-26,776177,25.0,5.0,26.30,27.43
2025-09-26,776181,-20.0,21.0,27.73,28.13
2025-09-26,776175,12.0,26.0,26.40,27.65
2025-09-26,776173,-38.0,5.0,27.47,28.40
2025-09-26,776180,0.0,-15.0,28.57,26.57
2025-09-26,776171,31.0,-13.0,28.03,29.17
2025-09-26,776169,-37.0,-3.0,26.60,27.37
2025-09-26,776170,5.0,36.0,27.90,26.97
2025-09-26,776168,-18.0,0.0,28.13,28.10
2025-09-26,776172,-47.0,39.0,27.77,27.70
2025-09-26,776166,-7.0,8.0,28.05,26.95
2025-09-27,776162,9.0,-11.0,29.10,27.07
2025-09-27,776164,24.0,13.0,26.60,27.87
2025-09-27,776159,25.0,5.0,27.20,27.43
2025-09-27,776146,-7.0,8.0,28.05,27.70
2025-09-27,776160,-19.0,-38.0,,27.53
2025-09-27,776157,-20.0,21.0,27.47,28.07
2025-09-27,776161,-38.0,5.0,26.83,28.85
2025-09-27,776163,7.0,3.0,28.10,27.13
2025-09-27,776158,12.0,26.0,27.30,27.63
2025-09-27,776156,0.0,-15.0,27.90,27.93
2025-09-27,776153,31.0,-13.0,27.30,29.17
2025-09-27,776152,5.0,36.0,26.57,27.83
2025-09-27,776155,-37.0,-3.0,25.65,27.90
2025-09-27,776150,-18.0,0.0,26.85,28.10
2025-09-27,776154,-47.0,39.0,27.77,27.40
2025-09-28,776151,-20.0,21.0,28.10,27.85
2025-09-28,776138,-47.0,39.0,28.00,
2025-09-28,776137,-7.0,8.0,28.05,27.90
2025-09-28,776141,7.0,3.0,27.07,26.60
2025-09-28,776143,-19.0,-38.0,26.90,27.93
2025-09-28,776140,9.0,-11.0,29.10,26.67
2025-09-28,776135,-37.0,-3.0,25.85,27.93
2025-09-28,776145,25.0,5.0,26.70,28.07
2025-09-28,776136,5.0,36.0,27.20,27.43
2025-09-28,776139,-18.0,0.0,26.95,27.30
2025-09-28,776147,12.0,26.0,26.40,27.63
2025-09-28,776148,-38.0,5.0,26.83,28.40
2025-09-28,776144,31.0,-13.0,27.47,29.17
2025-09-28,776149,0.0,-15.0,28.67,26.57
2025-09-28,776142,24.0,13.0,27.47,26.95
2025-09-30,813072,12.0,21.0,27.87,27.30
2025-09-30,813066,24.0,5.0,26.97,27.87
2025-09-30,813074,9.0,-20.0,26.97,27.17
2025-09-30,813069,0.0,-13.0,26.93,26.87
2026-04-05,824379,-28.0,8.0,27.73,27.53
2026-04-05,824460,-3.0,38.0,27.63,27.80
2026-04-05,823566,-2.0,20.0,27.40,27.33
2026-04-05,825025,-16.0,30.0,26.53,27.70
2026-04-05,822756,-33.0,15.0,27.33,28.03
2026-04-05,823238,-25.0,-13.0,27.60,27.53
2026-04-05,824131,29.0,32.0,27.37,27.87
2026-04-05,824296,-2.0,36.0,25.90,27.15
2026-04-05,823405,20.0,-23.0,27.03,28.07
2026-04-05,823729,-10.0,-29.0,27.20,28.93
2026-04-05,824781,9.0,-8.0,28.30,28.50
2026-04-05,824620,-24.0,20.0,27.40,27.30
2026-04-05,824459,-3.0,38.0,26.63,27.85
2026-04-05,822917,26.0,-3.0,28.33,27.17
2026-04-05,824053,-53.0,-28.0,27.97,27.77
2026-04-05,825102,7.0,5.0,26.40,27.87
2026-04-25,822826,20.0,-3.0,28.05,28.30
2026-04-25,824933,5.0,8.0,28.33,26.40
2026-04-25,825093,7.0,-8.0,28.30,28.43
2026-04-25,824851,-23.0,9.0,28.07,27.50
2026-04-25,823960,15.0,38.0,26.60,26.90
2026-04-25,824527,-3.0,-2.0,27.85,28.33
2026-04-25,823637,-13.0,-28.0,27.73,25.97
2026-04-25,823229,-25.0,20.0,27.43,27.53
2026-04-25,824613,-24.0,-33.0,27.07,27.10
2026-04-25,823070,36.0,-28.0,27.40,25.90
2026-04-25,822910,26.0,-16.0,28.10,25.93
2026-04-25,822989,-29.0,-10.0,27.90,27.40
2026-04-25,824203,30.0,-2.0,27.10,26.10
2026-04-25,823799,32.0,20.0,28.47,27.40
2026-04-25,824121,29.0,-53.0,27.97,27.73
2026-04-01,823157,-28.0,-2.0,27.33,27.27
2026-04-01,825106,7.0,-2.0,27.10,27.87
2026-04-01,823321,-8.0,-25.0,26.83,28.23
2026-04-01,822835,20.0,-28.0,27.30,27.40
2026-04-01,824136,29.0,-10.0,28.50,27.60
2026-04-01,823483,8.0,-33.0,27.37,28.33
2026-04-01,824536,-3.0,20.0,28.70,28.33
2026-04-01,824860,-23.0,26.0,27.17,27.03
2026-04-01,823806,32.0,-29.0,27.83,27.77
2026-04-01,823970,15.0,-3.0,27.80,27.13
2026-04-01,824698,38.0,-53.0,27.97,27.33
2026-04-01,823078,36.0,-13.0,26.43,25.90
2026-04-01,824211,30.0,9.0,28.03,26.23
2026-04-01,824940,5.0,-16.0,27.37,26.40
2026-04-01,823889,20.0,-24.0,26.80,27.83
2026-04-02,823242,-25.0,-13.0,26.43,26.83
2026-04-02,825105,7.0,5.0,27.07,26.50
2026-04-02,824621,-24.0,20.0,27.30,27.25
2026-04-02,824133,29.0,-10.0,29.13,27.87
2026-04-03,824056,-53.0,-28.0,27.30,27.33
2026-04-03,823240,-25.0,-13.0,27.60,26.50
2026-04-03,824377,-28.0,8.0,27.67,27.40
2026-04-03,825103,7.0,5.0,27.07,27.87
2026-04-03,822758,-33.0,15.0,27.13,27.80
2026-04-03,823406,20.0,-23.0,27.03,28.40
2026-04-03,824299,-2.0,36.0,26.83,26.65
2026-04-03,824458,-3.0,38.0,27.33,27.85
2026-04-03,824786,9.0,-8.0,28.23,28.50
2026-04-03,824134,29.0,32.0,28.43,27.87
2026-04-03,822919,26.0,-3.0,28.90,27.17
2026-04-03,823732,-10.0,-29.0,26.30,28.37
2026-04-03,825026,-16.0,30.0,27.43,27.70
2026-04-03,823568,-2.0,20.0,27.70,27.33
2026-04-04,823239,-25.0,-13.0,26.87,26.83
2026-04-04,824622,-24.0,20.0,27.40,27.07
2026-04-04,825027,-16.0,30.0,28.35,26.03
2026-04-04,823404,20.0,-23.0,27.03,28.07
2026-04-04,824295,-2.0,36.0,25.90,26.95
2026-04-04,824054,-53.0,-28.0,27.97,27.33
2026-04-04,825104,7.0,5.0,26.40,27.87
2026-04-04,824132,29.0,32.0,27.37,27.87
2026-04-04,824782,9.0,-8.0,27.77,28.20
2026-04-04,823730,-10.0,-29.0,26.80,27.40
2026-04-04,822757,-33.0,15.0,26.80,27.37
2026-04-04,822920,26.0,-3.0,28.33,27.17
2026-04-04,823569,-2.0,20.0,27.47,27.33
2026-04-04,824378,-28.0,8.0,27.73,27.85
2026-04-06,824376,-28.0,30.0,27.57,27.77
2026-04-06,822755,-33.0,36.0,25.90,27.50
2026-04-06,823728,-10.0,-2.0,27.10,29.07
2026-04-06,824052,-53.0,5.0,26.40,28.03
2026-04-06,822918,26.0,-28.0,27.27,27.17
2026-04-06,823237,-25.0,8.0,27.73,27.53
2026-04-06,824456,-3.0,29.0,27.87,27.85
2026-04-06,823401,20.0,-8.0,28.30,28.07
2026-04-06,824783,9.0,32.0,27.77,27.23
2026-04-06,823886,20.0,-3.0,28.33,27.40
2026-04-06,824619,-24.0,-23.0,27.03,27.25
2026-04-06,822832,20.0,15.0,27.20,27.25
2026-04-06,823002,-29.0,38.0,27.33,26.80
2026-04-07,823402,20.0,-8.0,28.30,28.07
2026-04-07,822831,20.0,15.0,27.27,27.77
2026-04-07,823235,-25.0,8.0,27.73,27.53
2026-04-07,823727,-10.0,-2.0,27.15,29.07
2026-04-07,824375,-28.0,30.0,27.57,27.77
2026-04-07,823648,-13.0,7.0,27.87,26.43
2026-04-07,823567,-2.0,-16.0,27.70,27.33
2026-04-07,822916,26.0,-28.0,27.27,27.17
2026-04-07,824051,-53.0,5.0,27.07,27.33
2026-04-07,823887,20.0,-3.0,28.33,27.47
2026-04-07,824618,-24.0,-23.0,27.03,27.07
2026-04-07,822754,-33.0,36.0,25.90,27.37
2026-04-07,824780,9.0,32.0,27.13,28.13
2026-04-07,824457,-3.0,29.0,29.13,27.87
2026-04-07,822999,-29.0,38.0,27.03,26.00
2026-04-08,824374,-28.0,30.0,27.57,28.17
2026-04-08,822833,20.0,15.0,27.27,27.77
2026-04-08,823403,20.0,-8.0,28.30,28.07
2026-04-08,823646,-13.0,7.0,27.87,26.87
2026-04-08,823000,-29.0,38.0,27.03,26.80
2026-04-08,822753,-33.0,36.0,25.90,26.87
2026-04-08,822915,26.0,-28.0,27.97,27.17
2026-04-08,823726,-10.0,-2.0,26.45,29.13
2026-04-08,823234,-25.0,8.0,27.73,27.53
2026-04-08,823564,-2.0,-16.0,27.70,27.33
2026-04-08,823885,20.0,-3.0,28.33,27.70
2026-04-08,824050,-53.0,5.0,27.07,27.33
2026-04-08,824779,9.0,32.0,28.70,27.67
2026-04-08,824455,-3.0,29.0,27.87,27.80
2026-04-08,824617,-24.0,-23.0,27.50,27.25
2026-04-09,823319,-8.0,-28.0,28.00,28.40
2026-04-09,823645,-13.0,7.0,27.07,27.50
2026-04-09,823884,20.0,-3.0,28.33,27.70
2026-04-09,823724,-10.0,-2.0,26.97,27.17
2026-04-09,824130,29.0,-24.0,27.25,27.87
2026-04-09,823565,-2.0,-16.0,27.00,27.60
2026-04-10,824128,29.0,-24.0,27.25,27.87
2026-04-10,823482,8.0,7.0,27.07,27.73
2026-04-10,824534,-3.0,-53.0,28.00,28.33
2026-04-10,824695,38.0,20.0,28.27,27.03
2026-04-10,823968,15.0,26.0,27.13,27.27
2026-04-10,822829,20.0,-10.0,29.07,27.77
2026-04-10,823643,-13.0,-16.0,27.53,27.10
2026-04-10,823808,32.0,-33.0,27.93,27.77
2026-04-10,824941,5.0,-3.0,27.85,26.40
2026-04-10,823318,-8.0,-28.0,28.13,28.30
2026-04-10,822997,-29.0,-2.0,27.60,27.40
2026-04-10,824858,-23.0,-25.0,27.53,27.50
2026-04-10,824297,-2.0,20.0,27.70,27.25
2026-04-10,823076,36.0,9.0,27.87,25.90
2026-04-10,823156,-28.0,30.0,27.57,27.30
2026-04-11,822996,-29.0,-2.0,27.33,26.07
2026-04-11,824294,-2.0,20.0,27.70,27.90
2026-04-11,824535,-3.0,-53.0,27.97,28.33
2026-04-11,823480,8.0,7.0,27.87,27.73
2026-04-11,824939,5.0,-3.0,27.80,27.07
2026-04-11,824697,38.0,20.0,28.40,27.87
2026-04-11,823074,36.0,9.0,28.33,27.50
2026-04-11,823316,-8.0,-28.0,27.87,28.30
2026-04-11,823644,-13.0,-16.0,27.53,27.83
2026-04-11,824129,29.0,-24.0,26.85,27.87
2026-04-11,823805,32.0,-33.0,27.50,27.37
2026-04-11,823155,-28.0,30.0,26.00,27.30
2026-04-11,822830,20.0,-10.0,29.07,28.23
2026-04-11,824857,-23.0,-25.0,28.40,27.03
2026-04-11,823967,15.0,26.0,27.13,27.27
2026-04-12,822998,-29.0,-2.0,27.10,27.40
2026-04-12,824293,-2.0,20.0,27.60,27.10
2026-04-12,823317,-8.0,-28.0,28.57,28.30
2026-04-12,823075,36.0,9.0,28.33,25.90
2026-04-12,824126,29.0,-24.0,27.25,27.87
2026-04-12,824696,38.0,20.0,28.07,27.63
2026-04-12,822828,20.0,-10.0,28.30,27.97
2026-04-12,823804,32.0,-33.0,27.50,26.57
2026-04-12,823642,-13.0,-16.0,27.53,26.83
2026-04-12,823154,-28.0,30.0,26.23,27.27
2026-04-12,824938,5.0,-3.0,27.63,26.40
2026-04-12,823479,8.0,7.0,28.13,27.73
2026-04-12,824859,-23.0,-25.0,27.03,27.03
2026-04-12,823966,15.0,26.0,27.20,27.53
2026-04-12,824533,-3.0,-53.0,28.03,28.33
2026-04-13,823964,15.0,-13.0,27.47,27.27
2026-04-13,823400,20.0,-33.0,27.27,26.75
2026-04-13,823725,-10.0,9.0,28.33,28.50
2026-04-13,823481,8.0,38.0,27.57,28.23
2026-04-13,824937,5.0,20.0,27.70,26.40
2026-04-13,823153,-28.0,30.0,26.23,27.27
2026-04-13,825024,-16.0,26.0,27.73,26.13
2026-04-13,823073,36.0,-3.0,27.80,25.90
2026-04-13,823563,-2.0,-53.0,27.33,27.33
2026-04-13,824856,-23.0,7.0,27.87,27.03
2026-04-14,823965,15.0,-13.0,27.83,27.27
2026-04-14,823315,-8.0,-28.0,27.27,28.30
2026-04-14,823802,32.0,20.0,27.97,28.00
2026-04-14,823723,-10.0,9.0,27.43,28.33
2026-04-14,825022,-16.0,26.0,26.70,27.57
2026-04-14,823072,36.0,-3.0,27.85,25.90
2026-04-14,824210,30.0,-28.0,28.07,26.23
2026-04-14,823562,-2.0,-53.0,27.97,27.40
2026-04-14,824935,5.0,20.0,27.70,26.40
2026-04-14,823478,8.0,38.0,27.03,27.73
2026-04-14,824616,-24.0,-29.0,26.23,27.25
2026-04-14,824531,-3.0,-25.0,27.53,28.90
2026-04-14,824853,-23.0,7.0,28.13,27.03
2026-04-14,823398,20.0,-33.0,27.70,28.47
2026-04-14,824292,-2.0,29.0,29.13,27.10
2026-04-15,823561,-2.0,-53.0,27.33,27.23
2026-04-15,823963,15.0,-13.0,27.80,26.47
2026-04-15,824209,30.0,-28.0,28.07,26.10
2026-04-15,823314,-8.0,-28.0,27.27,27.97
2026-04-15,824855,-23.0,7.0,27.87,27.03
2026-04-15,823477,8.0,38.0,27.67,26.45
2026-04-15,823803,32.0,20.0,27.63,28.00
2026-04-15,823071,36.0,-3.0,27.85,25.90
2026-04-15,823399,20.0,-33.0,27.93,28.07
2026-04-15,824936,5.0,20.0,28.30,26.40
2026-04-15,823722,-10.0,9.0,27.77,28.23
2026-04-15,825021,-16.0,26.0,27.17,27.43
2026-04-15,824615,-24.0,-29.0,28.15,26.37
2026-04-15,824532,-3.0,-25.0,27.37,28.33
2026-04-15,824291,-2.0,29.0,27.87,27.10
2026-04-16,824289,-2.0,29.0,27.87,26.65
2026-04-16,824453,-3.0,-23.0,27.03,27.85
2026-04-16,823560,-2.0,-53.0,27.97,27.33
2026-04-16,824208,30.0,-28.0,28.70,26.23
2026-04-16,823396,20.0,-33.0,27.50,28.63
2026-04-16,823801,32.0,20.0,27.63,28.40
2026-04-16,824530,-3.0,-25.0,26.50,28.90
2026-04-16,824614,-24.0,-29.0,28.23,27.25
2026-04-16,825023,-16.0,26.0,28.03,27.90
2026-04-16,823313,-8.0,-28.0,27.27,28.30
2026-04-17,823152,-28.0,26.0,27.17,27.67
2026-04-17,823559,-2.0,29.0,27.87,27.33
2026-04-17,823476,8.0,5.0,26.40,27.73
2026-04-17,823883,20.0,32.0,28.00,27.70
2026-04-17,825101,7.0,20.0,27.87,27.87
2026-04-17,824373,-28.0,15.0,27.27,28.00
2026-04-17,825019,-16.0,-24.0,27.10,27.73
2026-04-17,824778,9.0,-2.0,27.15,27.63
2026-04-17,824693,38.0,-13.0,26.90,27.03
2026-04-17,824048,-53.0,-8.0,28.40,27.33
2026-04-17,823720,-10.0,-3.0,28.33,29.07
2026-04-17,824454,-3.0,-23.0,27.03,27.85
2026-04-17,822752,-33.0,-25.0,27.53,27.50
2026-04-17,823397,20.0,-29.0,27.40,28.07
2026-04-17,824207,30.0,36.0,25.90,26.53
2026-04-18,823394,20.0,-29.0,28.15,28.07
2026-04-18,824372,-28.0,15.0,27.53,28.00
2026-04-18,823151,-28.0,26.0,27.17,27.30
2026-04-18,823474,8.0,5.0,27.07,27.73
2026-04-18,824206,30.0,36.0,25.90,26.53
2026-04-18,824049,-53.0,-8.0,28.30,28.63
2026-04-18,823882,20.0,32.0,28.00,27.70
2026-04-18,825098,7.0,20.0,27.60,27.87
2026-04-18,822751,-33.0,-25.0,27.53,27.70
2026-04-18,825020,-16.0,-24.0,27.93,27.90
2026-04-18,824775,9.0,-2.0,26.90,27.67
2026-04-18,823721,-10.0,-3.0,28.07,28.80
2026-04-18,823558,-2.0,29.0,27.53,27.47
2026-04-18,824694,38.0,-13.0,27.60,27.03
2026-04-18,824451,-3.0,-23.0,27.03,27.85
2026-04-19,824371,-28.0,15.0,27.27,27.73
2026-04-19,825100,7.0,20.0,27.60,27.75
2026-04-19,823150,-28.0,26.0,27.17,27.97
2026-04-19,824452,-3.0,-23.0,27.03,27.80
2026-04-19,824205,30.0,36.0,25.90,26.53
2026-04-19,825018,-16.0,-24.0,27.25,27.57
2026-04-19,823393,20.0,-29.0,27.40,28.70
2026-04-19,824777,9.0,-2.0,27.00,27.67
2026-04-19,824691,38.0,-13.0,26.90,27.03
2026-04-19,823475,8.0,5.0,26.40,27.73
2026-04-19,823556,-2.0,29.0,27.87,27.60
2026-04-19,823881,20.0,32.0,28.87,28.30
2026-04-19,823718,-10.0,-3.0,29.15,27.90
2026-04-19,824047,-53.0,-8.0,28.30,27.33
2026-04-19,822750,-33.0,-25.0,27.53,27.50
2026-04-20,824370,-28.0,15.0,27.70,28.47
2026-04-20,822994,-29.0,-3.0,28.33,27.40
2026-04-20,824046,-53.0,20.0,27.60,27.33
2026-04-20,824125,29.0,-23.0,28.23,27.87
2026-04-20,823879,20.0,36.0,25.90,27.90
2026-04-20,824450,-3.0,30.0,26.53,27.85
2026-04-20,822749,-33.0,5.0,27.07,27.37
2026-04-20,824776,9.0,-2.0,26.45,27.63
2026-04-20,823149,-28.0,-16.0,27.43,27.30
2026-04-20,824692,38.0,8.0,27.73,27.03
2026-04-21,823236,-25.0,15.0,26.70,27.53
2026-04-21,824690,38.0,8.0,27.73,27.33
2026-04-21,824773,9.0,-2.0,27.10,27.23
2026-04-21,824127,29.0,-23.0,27.50,27.87
2026-04-21,822995,-29.0,-3.0,28.90,27.40
2026-04-21,823640,-13.0,-10.0,29.00,28.30
2026-04-21,822747,-33.0,5.0,27.07,27.87
2026-04-21,824045,-53.0,20.0,28.30,27.97
2026-04-21,825099,7.0,-24.0,27.10,27.87
2026-04-21,824290,-2.0,32.0,27.40,27.45
2026-04-21,823880,20.0,36.0,25.90,27.90
2026-04-21,823148,-28.0,-16.0,27.43,27.97
2026-04-21,822914,26.0,20.0,28.30,27.13
2026-04-21,824448,-3.0,30.0,26.53,27.85
2026-04-21,824369,-28.0,-8.0,28.30,27.73
2026-04-22,824367,-28.0,-8.0,28.30,27.83
2026-04-22,824774,9.0,-2.0,27.13,28.07
2026-04-22,823147,-28.0,-16.0,27.90,27.30
2026-04-22,822748,-33.0,5.0,26.40,27.50
2026-04-22,823231,-25.0,15.0,27.27,27.53
2026-04-22,823878,20.0,36.0,26.10,28.30
2026-04-22,823641,-13.0,-10.0,27.90,26.97
2026-04-22,825097,7.0,-24.0,27.25,27.87
2026-04-22,824688,38.0,8.0,27.73,27.33
2026-04-22,824123,29.0,-23.0,28.23,28.03
2026-04-22,824286,-2.0,32.0,27.40,27.10
2026-04-22,824449,-3.0,30.0,26.53,27.85
2026-04-22,822913,26.0,20.0,28.07,26.83
2026-04-22,824044,-53.0,20.0,27.60,27.97
2026-04-22,822993,-29.0,-3.0,28.33,26.23
2026-04-23,823233,-25.0,15.0,27.23,27.53
2026-04-23,824368,-28.0,-8.0,28.30,28.00
2026-04-23,824689,38.0,8.0,27.73,27.33
2026-04-23,823639,-13.0,-10.0,27.17,25.97
2026-04-23,824288,-2.0,32.0,28.40,27.15
2026-04-23,824770,9.0,-2.0,27.60,28.20
2026-04-23,825096,7.0,-24.0,27.10,27.87
2026-04-23,822745,-33.0,5.0,26.40,27.47
2026-04-23,822912,26.0,20.0,28.07,26.57
2026-04-24,823800,32.0,20.0,28.40,27.40
2026-04-24,824854,-23.0,9.0,28.20,27.60
2026-04-24,822827,20.0,-3.0,28.15,27.70
2026-04-24,822992,-29.0,-10.0,28.20,27.40
2026-04-24,823232,-25.0,20.0,28.30,27.53
2026-04-24,823638,-13.0,-28.0,27.85,26.17
2026-04-24,824204,30.0,-2.0,27.47,26.35
2026-04-24,823962,15.0,38.0,27.03,26.97
2026-04-24,823069,36.0,-28.0,27.30,25.90
2026-04-24,824611,-24.0,-33.0,28.23,26.85
2026-04-24,822909,26.0,-16.0,27.43,26.57
2026-04-24,824529,-3.0,-2.0,26.65,28.90
2026-04-24,824124,29.0,-53.0,27.97,27.67
2026-04-24,824932,5.0,8.0,27.73,26.40
2026-04-26,824122,29.0,-53.0,28.40,28.33
2026-04-26,824202,30.0,-2.0,27.10,26.10
2026-04-26,823230,-25.0,20.0,27.90,27.60
2026-04-26,823959,15.0,38.0,27.33,27.23
2026-04-26,822911,26.0,-16.0,27.70,26.57
2026-04-26,823068,36.0,-28.0,27.30,25.90
2026-04-26,823635,-13.0,-28.0,28.00,26.97
2026-04-26,824934,5.0,8.0,27.73,26.40
2026-04-26,822824,20.0,-3.0,27.80,27.97
2026-04-26,823797,32.0,20.0,28.70,27.40
2026-04-26,824528,-3.0,-2.0,26.20,28.33
2026-04-26,825094,7.0,-8.0,28.30,27.93
2026-04-26,824852,-23.0,9.0,28.13,27.50
2026-04-26,822991,-29.0,-10.0,25.80,27.40
2026-04-26,824612,-24.0,-33.0,27.93,27.25
2026-04-27,822906,26.0,-2.0,27.10,26.40
2026-04-27,823395,20.0,36.0,27.85,27.50
2026-04-27,822825,20.0,9.0,28.13,27.97
2026-04-27,824609,-24.0,-53.0,28.00,27.10
2026-04-27,823961,15.0,20.0,27.90,26.97
2026-04-27,823311,-8.0,38.0,27.03,28.30
2026-04-27,824446,-3.0,-29.0,26.23,27.80
2026-04-27,823719,-10.0,-28.0,27.30,28.27
2026-04-28,822908,26.0,-2.0,27.10,26.40
2026-04-28,823956,15.0,20.0,27.90,26.87
2026-04-28,823636,-13.0,-33.0,27.37,25.97
2026-04-28,823716,-10.0,-28.0,27.30,28.20
2026-04-28,824447,-3.0,-29.0,27.87,27.85
2026-04-28,823473,8.0,-25.0,27.60,27.73
2026-04-28,823310,-8.0,38.0,27.67,28.30
2026-04-28,824931,5.0,-2.0,26.65,26.40
2026-04-28,824849,-23.0,30.0,26.10,27.50
2026-04-28,824610,-24.0,-53.0,28.00,28.80
2026-04-28,823798,32.0,7.0,28.15,26.60
2026-04-28,825017,-16.0,29.0,28.03,27.57
2026-04-28,823390,20.0,36.0,25.90,28.47
2026-04-28,824526,-3.0,-28.0,27.73,28.90
2026-04-28,822823,20.0,9.0,28.13,28.30
2026-04-29,823958,15.0,20.0,27.90,27.23
2026-04-29,824525,-3.0,-28.0,29.10,28.33
2026-04-29,822821,20.0,9.0,27.63,27.50
2026-04-29,825015,-16.0,29.0,28.53,27.43
2026-04-29,824850,-23.0,30.0,25.90,28.37
2026-04-29,823717,-10.0,-28.0,27.30,27.90
2026-04-29,824445,-3.0,-29.0,27.87,27.85
2026-04-29,823392,20.0,36.0,25.90,28.47
2026-04-29,823796,32.0,7.0,27.87,27.55
2026-04-29,824930,5.0,-2.0,27.10,27.07
2026-04-29,824608,-24.0,-53.0,28.40,27.25
2026-04-29,823312,-8.0,38.0,26.87,27.63
2026-04-29,823633,-13.0,-33.0,27.50,26.63
2026-04-29,823471,8.0,-25.0,27.37,28.33
2026-04-29,822907,26.0,-2.0,27.10,26.93
2026-04-30,823795,32.0,7.0,28.05,28.03
2026-04-30,823714,-10.0,20.0,27.30,28.20
2026-04-30,824848,-23.0,30.0,27.90,27.50
2026-04-30,824524,-3.0,-28.0,28.53,28.33
2026-04-30,825016,-16.0,29.0,28.30,27.57
2026-04-30,824929,5.0,-2.0,27.15,27.07
2026-04-30,823472,8.0,-25.0,27.37,27.73
2026-04-30,823634,-13.0,-33.0,27.80,26.63
2026-04-30,823391,20.0,36.0,25.90,28.07
2026-05-01,823066,36.0,15.0,26.97,25.90
2026-05-01,824366,-28.0,5.0,27.07,27.73
2026-05-01,824041,-53.0,-13.0,26.63,27.40
2026-05-01,823877,20.0,8.0,26.63,27.90
2026-05-01,824287,-2.0,26.0,27.23,26.65
2026-05-01,822744,-33.0,32.0,28.03,27.07
2026-05-01,823389,20.0,-3.0,28.33,28.40
2026-05-01,822990,-29.0,-25.0,27.37,28.15
2026-05-01,823713,-10.0,20.0,27.50,28.13
2026-05-01,823146,-28.0,29.0,27.87,27.30
2026-05-01,824686,38.0,7.0,28.13,27.00
2026-05-01,825012,-16.0,-3.0,27.85,27.57
2026-05-01,823309,-8.0,-24.0,27.10,27.77
2026-05-01,823557,-2.0,-23.0,27.50,26.90
2026-05-01,824772,9.0,30.0,26.10,28.13
2026-05-02,824284,-2.0,26.0,26.97,28.00
2026-05-02,824685,38.0,7.0,27.87,26.17
2026-05-02,823067,36.0,15.0,26.97,25.90
2026-05-02,822746,-33.0,32.0,28.03,27.50
2026-05-02,822988,-29.0,-25.0,27.43,28.23
2026-05-02,824042,-53.0,-13.0,25.97,27.53
2026-05-02,823554,-2.0,-23.0,27.50,27.10
2026-05-02,825014,-16.0,-3.0,27.80,26.30
2026-05-02,824771,9.0,30.0,26.10,28.13
2026-05-02,823715,-10.0,20.0,27.50,27.17
2026-05-02,823388,20.0,-3.0,28.70,29.03
2026-05-02,823876,20.0,8.0,27.73,27.90
2026-05-02,823308,-8.0,-24.0,27.10,28.30
2026-05-02,823144,-28.0,29.0,27.87,26.77
2026-05-02,824365,-28.0,5.0,27.73,29.10
2026-05-03,823711,-10.0,20.0,28.15,28.20
2026-05-03,823387,20.0,-3.0,28.07,28.13
2026-05-03,822742,-33.0,32.0,27.43,28.00
2026-05-03,824687,38.0,7.0,27.87,26.87
2026-05-03,824285,-2.0,26.0,27.03,27.55
2026-05-03,823875,20.0,8.0,27.73,27.60
2026-05-03,823307,-8.0,-24.0,27.50,27.73
2026-05-03,823145,-28.0,29.0,27.87,26.70
2026-05-03,824364,-28.0,5.0,27.10,27.73
2026-05-03,824769,9.0,30.0,26.10,28.13
2026-05-03,825013,-16.0,-3.0,27.85,27.20
2026-05-03,822987,-29.0,-25.0,26.70,27.40
2026-05-03,823065,36.0,15.0,27.23,27.50
2026-05-03,824043,-53.0,-13.0,26.63,27.33
2026-05-03,823555,-2.0,-23.0,26.43,27.03
2026-05-04,824283,-2.0,9.0,28.30,27.47
2026-05-04,823064,36.0,32.0,29.03,25.90
2026-05-04,823143,-28.0,5.0,26.17,26.77
2026-05-04,824120,29.0,-3.0,27.87,27.87
2026-05-04,824201,30.0,15.0,26.97,26.35
2026-05-04,824039,-53.0,-24.0,27.50,27.33
2026-05-04,823874,20.0,8.0,27.73,28.20
2026-05-04,823552,-2.0,-23.0,28.03,27.73
2026-05-04,824363,-28.0,-13.0,27.07,28.50
2026-05-04,822984,-29.0,20.0,26.90,28.23
2026-05-04,823228,-25.0,-8.0,28.30,27.43
2026-05-04,824684,38.0,-3.0,28.20,26.87
2026-05-05,824200,30.0,15.0,26.90,26.25
2026-05-05,824682,38.0,-3.0,28.07,27.33
2026-05-05,824119,29.0,-3.0,27.85,27.87
2026-05-05,823469,8.0,-16.0,27.20,27.73
2026-05-05,822743,-33.0,-10.0,27.40,27.93
2026-05-05,823553,-2.0,26.0,26.97,27.33
2026-05-05,824281,-2.0,9.0,28.07,27.40
2026-05-05,823142,-28.0,5.0,26.17,27.30
2026-05-05,823873,20.0,-23.0,28.03,27.67
2026-05-05,825092,7.0,20.0,28.73,27.87
2026-05-05,824362,-28.0,-13.0,25.97,28.17
2026-05-05,823062,36.0,32.0,28.77,25.90
2026-05-05,822986,-29.0,20.0,28.00,27.23
2026-05-05,824040,-53.0,-24.0,27.27,27.33
2026-05-05,823227,-25.0,-8.0,27.07,26.93
2026-05-06,824118,29.0,-3.0,28.05,28.30
2026-05-06,822985,-29.0,20.0,27.45,27.07
2026-05-06,823226,-25.0,-8.0,27.07,27.77
2026-05-06,822740,-33.0,-10.0,26.90,27.93
2026-05-06,823550,-2.0,26.0,27.13,27.33
2026-05-06,824683,38.0,-3.0,28.20,26.83
2026-05-06,823063,36.0,32.0,29.00,25.90
2026-05-06,824198,30.0,15.0,27.00,26.05
2026-05-06,824036,-53.0,-24.0,27.50,28.00
2026-05-06,823141,-28.0,5.0,26.17,27.30
2026-05-06,824282,-2.0,9.0,28.07,27.85
2026-05-06,823470,8.0,-16.0,27.53,27.73
2026-05-06,823872,20.0,-23.0,27.50,27.77
2026-05-06,824361,-28.0,-13.0,27.07,27.73
2026-05-06,825091,7.0,20.0,28.07,27.87
2026-05-07,823467,8.0,-16.0,27.70,25.90
2026-05-07,823870,20.0,-23.0,28.23,27.67
2026-05-07,824117,29.0,-3.0,27.80,27.87
2026-05-07,823551,-2.0,26.0,27.13,27.13
2026-05-07,822741,-33.0,-10.0,28.20,27.93
2026-05-07,825090,7.0,20.0,28.07,27.87
2026-05-07,824767,9.0,-29.0,26.53,28.07
2026-05-07,823306,-8.0,36.0,25.90,27.07
2026-05-07,824681,38.0,-3.0,29.20,26.87
2026-05-08,823794,32.0,-2.0,27.10,28.10
2026-05-08,824443,-3.0,-10.0,28.13,27.80
2026-05-08,824116,29.0,-2.0,27.55,27.87
2026-05-08,823957,15.0,5.0,26.17,26.97
2026-05-08,822822,20.0,-53.0,27.33,27.45
2026-05-08,824607,-24.0,-28.0,27.67,27.30
2026-05-08,824768,9.0,-29.0,26.40,28.07
2026-05-08,824522,-3.0,30.0,26.80,27.63
2026-05-08,823466,8.0,-28.0,28.00,27.73
2026-05-08,824846,-23.0,-16.0,27.70,27.50
2026-05-08,822904,26.0,38.0,26.87,27.67
2026-05-08,825088,7.0,-13.0,26.30,28.13
2026-05-08,823303,-8.0,36.0,25.90,27.30
2026-05-08,823225,-25.0,20.0,28.60,27.43
2026-05-08,823871,20.0,-33.0,27.50,27.97
2026-05-09,823792,32.0,-2.0,27.63,28.10
2026-05-09,824606,-24.0,-28.0,27.30,27.50
2026-05-09,823304,-8.0,36.0,27.85,27.63
2026-05-09,824444,-3.0,-10.0,28.20,28.40
2026-05-09,822820,20.0,-53.0,28.00,27.77
2026-05-09,823955,15.0,5.0,27.10,27.67
2026-05-09,824523,-3.0,30.0,26.23,28.20
2026-05-09,823869,20.0,-33.0,27.50,27.67
2026-05-09,823468,8.0,-28.0,28.07,28.10
2026-05-09,823224,-25.0,20.0,28.30,27.40
2026-05-09,824847,-23.0,-16.0,27.70,27.50
2026-05-09,824766,9.0,-29.0,26.50,27.80
2026-05-09,824115,29.0,-2.0,27.70,27.87
2026-05-09,825089,7.0,-13.0,26.37,27.87
2026-05-09,822905,26.0,38.0,26.43,27.67
2026-05-10,823793,32.0,-2.0,27.10,28.10
2026-05-10,822902,26.0,38.0,27.67,27.13
2026-05-10,823221,-25.0,20.0,28.33,26.53
2026-05-10,824605,-24.0,-28.0,26.73,27.50
2026-05-10,824520,-3.0,30.0,26.23,28.80
2026-05-10,825085,7.0,-13.0,26.63,27.87
2026-05-10,823305,-8.0,36.0,25.90,27.63
2026-05-10,823463,8.0,-28.0,27.73,27.73
2026-05-10,823868,20.0,-33.0,27.37,27.67
2026-05-10,823954,15.0,5.0,27.10,27.23
2026-05-10,824845,-23.0,-16.0,27.73,27.50
2026-05-10,824765,9.0,-29.0,28.13,28.13
2026-05-10,822819,20.0,-53.0,28.00,27.97
2026-05-10,824440,-3.0,-10.0,28.20,27.85
2026-05-10,824113,29.0,-2.0,27.85,27.87
2026-05-11,824199,30.0,-28.0,26.73,26.23
2026-05-11,822901,26.0,7.0,27.87,27.13
2026-05-11,823953,15.0,-25.0,27.43,26.83
2026-05-11,824844,-23.0,-2.0,27.10,27.50
2026-05-11,822818,20.0,-29.0,27.83,27.45
2026-05-11,824441,-3.0,-53.0,28.00,27.85
2026-05-12,824604,-24.0,29.0,27.87,27.50
2026-05-12,824442,-3.0,-53.0,27.33,27.85
2026-05-12,824521,-3.0,-33.0,27.37,27.93
2026-05-12,824927,5.0,38.0,27.87,26.17
2026-05-12,823712,-10.0,20.0,27.67,28.20
2026-05-12,825011,-16.0,36.0,27.50,27.70
2026-05-12,823951,15.0,-25.0,27.43,26.83
2026-05-12,823790,32.0,-8.0,27.63,28.77
2026-05-12,822903,26.0,7.0,28.20,26.47
2026-05-12,822817,20.0,-29.0,26.07,27.45
2026-05-12,823632,-13.0,-2.0,27.73,27.70
2026-05-12,824197,30.0,-28.0,26.73,26.23
2026-05-12,823385,20.0,-28.0,28.47,28.07
2026-05-12,824764,9.0,8.0,27.73,27.83
2026-05-12,824843,-23.0,-2.0,26.90,27.50
2026-05-13,823791,32.0,-8.0,27.63,28.10
2026-05-13,825010,-16.0,36.0,25.90,27.53
2026-05-13,823710,-10.0,20.0,27.67,28.20
2026-05-13,822815,20.0,-29.0,27.87,27.45
2026-05-13,824519,-3.0,-33.0,27.00,27.77
2026-05-13,823631,-13.0,-2.0,27.85,26.65
2026-05-13,824928,5.0,38.0,26.87,27.10
2026-05-13,824603,-24.0,29.0,28.30,28.80
2026-05-13,823386,20.0,-28.0,28.40,28.65
2026-05-13,824841,-23.0,-2.0,27.10,27.50
2026-05-13,824195,30.0,-28.0,26.77,26.23
2026-05-13,824438,-3.0,-53.0,27.90,28.05
2026-05-13,822900,26.0,7.0,27.87,25.93
2026-05-13,823952,15.0,-25.0,27.40,26.60
2026-05-13,824763,9.0,8.0,26.63,28.03
2026-05-14,825008,-16.0,36.0,27.50,27.70
2026-05-14,824762,9.0,8.0,27.73,28.13
2026-05-14,823383,20.0,-28.0,28.47,28.07
2026-05-14,824602,-24.0,29.0,28.30,27.25
2026-05-14,823789,32.0,-8.0,26.85,28.03
2026-05-14,824926,5.0,38.0,27.33,26.17
2026-05-14,824196,30.0,-28.0,26.73,27.27
2026-05-14,823950,15.0,-25.0,27.43,26.47
2026-05-14,824517,-3.0,-33.0,27.57,27.83
2026-05-14,823630,-13.0,-2.0,27.35,25.95
2026-05-14,823709,-10.0,20.0,27.67,26.77
2026-05-15,822739,-33.0,-23.0,27.50,27.07
2026-05-15,824360,-28.0,7.0,27.87,27.73
2026-05-15,825009,-16.0,-25.0,27.60,27.70
2026-05-15,822983,-29.0,20.0,27.67,27.40
2026-05-15,824280,-2.0,20.0,27.45,27.85
2026-05-15,824925,5.0,9.0,27.83,27.10
2026-05-15,824601,-24.0,38.0,27.03,27.50
2026-05-15,823061,36.0,29.0,27.87,25.15
2026-05-15,824037,-53.0,15.0,27.40,26.95
2026-05-15,824439,-3.0,-3.0,27.77,27.85
2026-05-15,823629,-13.0,-2.0,27.10,25.95
2026-05-15,823140,-28.0,-8.0,27.63,26.73
2026-05-15,824194,30.0,26.0,27.73,26.80
2026-05-15,823384,20.0,8.0,27.73,28.07
2026-05-15,823707,-10.0,32.0,28.10,26.77
2026-05-16,824359,-28.0,7.0,27.87,28.85
2026-05-16,824278,-2.0,20.0,27.45,27.60
2026-05-16,825007,-16.0,-25.0,27.43,27.70
2026-05-16,822737,-33.0,-23.0,27.03,27.50
2026-05-16,822981,-29.0,20.0,27.67,27.40
2026-05-16,824435,-3.0,-3.0,27.77,28.40
2026-05-16,823706,-10.0,32.0,28.10,26.77
2026-05-16,824924,5.0,9.0,27.43,26.17
2026-05-16,823627,-13.0,-2.0,27.60,25.95
2026-05-16,824038,-53.0,15.0,27.60,28.00
2026-05-16,823382,20.0,8.0,27.73,28.65
2026-05-16,823139,-28.0,-8.0,27.63,26.77
2026-05-16,823060,36.0,29.0,27.87,27.80
2026-05-16,824193,30.0,26.0,26.37,26.40
2026-05-16,824600,-24.0,38.0,27.03,27.50
2026-05-17,822738,-33.0,-23.0,27.03,27.37
2026-05-17,825006,-16.0,-25.0,27.63,27.43
2026-05-17,824599,-24.0,38.0,27.03,28.55
2026-05-17,824923,5.0,9.0,27.83,26.17
2026-05-17,824358,-28.0,7.0,28.13,27.73
2026-05-17,824436,-3.0,-3.0,28.20,28.15
2026-05-17,823058,36.0,29.0,27.87,25.90
2026-05-17,822982,-29.0,20.0,27.67,27.40
2026-05-17,823138,-28.0,-8.0,27.80,27.13
2026-05-17,824279,-2.0,20.0,27.65,27.85
2026-05-17,823381,20.0,8.0,27.73,28.07
2026-05-17,823628,-13.0,-2.0,27.10,25.95
2026-05-17,824192,30.0,26.0,28.17,26.35
2026-05-17,824034,-53.0,15.0,27.23,27.33
2026-05-17,823708,-10.0,32.0,28.10,26.77
2026-05-18,822734,-33.0,-13.0,25.95,28.17
2026-05-18,824357,-28.0,26.0,26.33,28.85
2026-05-18,822980,-29.0,-23.0,27.13,26.27
2026-05-18,823465,8.0,-3.0,28.77,28.65
2026-05-18,824035,-53.0,-16.0,27.85,27.33
2026-05-18,823549,-2.0,20.0,27.45,26.90
2026-05-18,824680,38.0,32.0,28.10,27.03
2026-05-18,824277,-2.0,-3.0,28.05,27.80
2026-05-18,823301,-8.0,15.0,27.57,26.87
2026-05-18,823137,-28.0,-24.0,27.30,27.87
2026-05-18,823867,20.0,5.0,28.25,27.10
2026-05-18,823705,-10.0,30.0,27.13,26.23
2026-05-18,825087,7.0,-25.0,27.65,27.57
2026-05-18,824114,29.0,9.0,27.83,27.87
2026-05-19,823865,20.0,5.0,27.03,27.67
2026-05-19,822736,-33.0,-13.0,25.95,27.83
2026-05-19,823548,-2.0,20.0,27.77,27.10
2026-05-19,823059,36.0,20.0,28.50,25.90
2026-05-19,824033,-53.0,-16.0,27.70,28.00
2026-05-19,825086,7.0,-25.0,27.63,27.87
2026-05-19,824276,-2.0,-3.0,28.15,27.90
2026-05-19,823464,8.0,-3.0,28.77,27.93
2026-05-19,824112,29.0,9.0,28.60,27.50
2026-05-19,822979,-29.0,-23.0,27.50,27.40
2026-05-19,824677,38.0,32.0,28.10,27.03
2026-05-19,823136,-28.0,-24.0,28.80,27.87
2026-05-19,823302,-8.0,15.0,26.83,27.77
2026-05-19,823704,-10.0,30.0,27.13,28.15
2026-05-19,824356,-28.0,26.0,27.05,28.60
2026-05-20,824032,-53.0,-16.0,27.85,27.33
2026-05-20,824355,-28.0,26.0,26.85,28.53
2026-05-20,823462,8.0,-3.0,28.47,28.10
2026-05-20,823299,-8.0,15.0,26.83,27.50
2026-05-20,823866,20.0,5.0,27.87,28.50
2026-05-20,825084,7.0,-25.0,27.05,27.07
2026-05-20,823547,-2.0,20.0,27.77,27.60
2026-05-20,824678,38.0,32.0,28.10,27.33
2026-05-20,823057,36.0,20.0,27.90,25.55
2026-05-20,823134,-28.0,-24.0,28.60,27.13
2026-05-20,824111,29.0,9.0,27.70,28.03
2026-05-20,823703,-10.0,30.0,27.13,28.20
2026-05-20,822735,-33.0,-13.0,25.95,27.07
2026-05-20,822977,-29.0,-23.0,27.50,27.77
2026-05-20,824273,-2.0,-3.0,28.05,27.80
2026-05-21,824031,-53.0,-16.0,27.85,27.33
2026-05-21,823864,20.0,5.0,27.87,27.67
2026-05-21,822733,-33.0,-13.0,25.95,27.00
2026-05-21,825083,7.0,-28.0,27.97,27.87
2026-05-21,824274,-2.0,-3.0,28.15,27.65
2026-05-21,823056,36.0,20.0,28.07,25.90
2026-05-21,823545,-2.0,20.0,27.77,27.60
2026-05-22,824029,-53.0,26.0,27.00,27.33
2026-05-22,823788,32.0,15.0,26.83,28.10
2026-05-22,823461,8.0,-3.0,27.17,27.73
2026-05-22,823863,20.0,-13.0,25.95,27.67
2026-05-22,825082,7.0,-28.0,28.20,27.87
2026-05-22,822816,20.0,20.0,28.33,27.77
2026-05-22,824110,29.0,-28.0,27.87,27.87
2026-05-22,824518,-3.0,36.0,25.90,27.33
2026-05-22,824761,9.0,-10.0,28.20,28.60
2026-05-22,824842,-23.0,-2.0,27.80,27.50
2026-05-22,824679,38.0,30.0,27.13,27.03
2026-05-22,823298,-8.0,-16.0,28.10,27.50
2026-05-22,823223,-25.0,-24.0,27.50,27.37
2026-05-22,823546,-2.0,-29.0,27.40,27.10
2026-05-22,824922,5.0,-33.0,26.53,27.03
2026-05-23,823787,32.0,15.0,26.83,28.03
2026-05-23,824760,9.0,-10.0,29.00,27.83
2026-05-23,823222,-25.0,-24.0,27.50,27.37
2026-05-23,825080,7.0,-28.0,28.55,27.87
2026-05-23,824030,-53.0,26.0,27.60,28.00
2026-05-23,823543,-2.0,-29.0,,
2026-05-23,823300,-8.0,-16.0,27.43,27.50
2026-05-23,824516,-3.0,36.0,25.90,28.63
2026-05-23,824920,5.0,-33.0,27.33,27.20
2026-05-23,824840,-23.0,-2.0,27.65,27.50
2026-05-23,824674,38.0,30.0,27.77,27.33
2026-05-23,822814,20.0,20.0,28.50,27.77
2026-05-23,823458,8.0,-3.0,28.40,27.73
2026-05-23,824109,29.0,-28.0,26.77,27.87
2026-05-23,823862,20.0,-13.0,25.95,27.67
2026-05-24,823861,20.0,-13.0,26.10,27.73
2026-05-24,824514,-3.0,36.0,27.90,27.23
2026-05-24,825081,7.0,-28.0,29.20,27.33
2026-05-24,824676,38.0,30.0,27.90,28.20
2026-05-24,823786,32.0,15.0,26.83,28.10
2026-05-24,822813,20.0,20.0,26.83,27.70
2026-05-24,823297,-8.0,-16.0,27.53,27.50
2026-05-24,824108,29.0,-28.0,26.77,27.87
2026-05-24,824759,9.0,-10.0,26.83,28.60
2026-05-24,824839,-23.0,-2.0,27.60,27.50
2026-05-24,823459,8.0,-3.0,28.40,27.73
2026-05-24,823544,-2.0,-29.0,26.80,27.63
2026-05-24,823220,-25.0,-24.0,27.25,27.37
2026-05-24,824921,5.0,-33.0,27.07,27.03
2026-05-24,824028,-53.0,26.0,27.90,28.00
2026-05-25,824598,-24.0,-10.0,28.20,27.50
2026-05-25,825005,-16.0,-28.0,26.40,27.43
2026-05-25,823784,32.0,36.0,25.90,28.10
2026-05-25,823380,20.0,38.0,27.80,26.83
2026-05-25,823625,-13.0,-3.0,28.63,26.05
2026-05-25,824838,-23.0,-29.0,27.40,27.50
2026-05-25,823219,-25.0,7.0,27.87,27.37
2026-05-25,823296,-8.0,8.0,27.73,27.70
2026-05-25,823948,15.0,-28.0,28.20,26.83
2026-05-25,822899,26.0,30.0,27.45,27.00
2026-05-25,824437,-3.0,-33.0,27.07,26.60
2026-05-25,822812,20.0,20.0,27.67,27.65
2026-05-25,824107,29.0,-2.0,27.10,29.00
2026-05-26,825004,-16.0,-28.0,27.87,27.85
2026-05-26,823949,15.0,-28.0,28.05,26.90
2026-05-26,822898,26.0,30.0,27.13,27.00
2026-05-26,823785,32.0,36.0,27.50,28.77
2026-05-26,824597,-24.0,-10.0,27.17,26.20
2026-05-26,824275,-2.0,-53.0,28.00,27.15
2026-05-26,824434,-3.0,-33.0,26.53,28.40
2026-05-26,824758,9.0,5.0,27.03,28.60
2026-05-26,822811,20.0,20.0,27.10,27.80
2026-05-26,823216,-25.0,7.0,27.87,27.90
2026-05-26,824106,29.0,-2.0,27.77,27.17
2026-05-26,824837,-23.0,-29.0,27.40,27.03
2026-05-26,823294,-8.0,8.0,27.73,28.23
2026-05-26,823379,20.0,38.0,27.55,28.80
2026-05-26,823624,-13.0,-3.0,28.20,25.95
2026-05-27,823626,-13.0,-3.0,28.63,25.95
2026-05-27,825003,-16.0,-28.0,27.87,27.43
2026-05-27,823376,20.0,38.0,28.20,26.83
2026-05-27,824596,-24.0,-10.0,25.80,27.25
2026-05-27,823947,15.0,-28.0,28.50,27.23
2026-05-27,824432,-3.0,-33.0,26.53,28.40
2026-05-27,822897,26.0,30.0,27.33,27.13
2026-05-27,824104,29.0,-2.0,26.90,27.87
2026-05-27,824756,9.0,5.0,27.03,28.60
2026-05-27,822809,20.0,20.0,27.67,27.53
2026-05-27,823217,-25.0,7.0,27.87,27.37
2026-05-27,824270,-2.0,-53.0,28.00,27.65
2026-05-27,823295,-8.0,8.0,27.73,27.50
2026-05-27,824836,-23.0,-29.0,28.10,27.80
2026-05-27,823783,32.0,36.0,25.90,28.77
2026-05-28,824595,-24.0,-10.0,27.47,27.50
2026-05-28,822896,26.0,30.0,27.13,28.10
2026-05-28,824757,9.0,5.0,27.03,28.60
2026-05-28,824272,-2.0,-53.0,28.00,27.80
2026-05-28,824834,-23.0,20.0,27.40,27.50
2026-05-28,823378,20.0,38.0,28.20,26.83
2026-05-29,824353,-28.0,-25.0,27.37,29.20
2026-05-29,824594,-24.0,-2.0,27.60,28.80
2026-05-29,822978,-29.0,-53.0,28.00,26.73
2026-05-29,822732,-33.0,-8.0,28.10,27.07
2026-05-29,824433,-3.0,9.0,28.60,28.40
2026-05-29,825002,-16.0,-2.0,27.10,27.53
2026-05-29,824515,-3.0,5.0,27.20,28.63
2026-05-29,822894,26.0,29.0,29.13,26.90
2026-05-29,823623,-13.0,20.0,27.67,26.40
2026-05-29,823055,36.0,38.0,28.20,27.50
2026-05-29,823946,15.0,8.0,27.73,27.23
2026-05-29,824191,30.0,32.0,28.77,27.15
2026-05-29,823135,-28.0,7.0,27.87,26.77
2026-05-29,823377,20.0,-10.0,28.07,27.50
2026-05-29,824835,-23.0,20.0,27.83,27.50
2026-05-30,824352,-28.0,-25.0,27.37,28.55
2026-05-30,824593,-24.0,-2.0,27.60,27.27
2026-05-30,822731,-33.0,-8.0,27.50,27.80
2026-05-30,822975,-29.0,-53.0,27.25,26.23
2026-05-30,824513,-3.0,5.0,27.20,28.20
2026-05-30,825000,-16.0,-2.0,27.10,27.53
2026-05-30,823945,15.0,8.0,27.73,27.23
2026-05-30,823622,-13.0,20.0,27.67,25.95
2026-05-30,824190,30.0,32.0,28.77,27.33
2026-05-30,823054,36.0,38.0,28.20,25.90
2026-05-30,823375,20.0,-10.0,27.17,26.80
2026-05-30,824833,-23.0,20.0,27.40,27.50
2026-05-30,824431,-3.0,9.0,28.60,28.40
2026-05-30,822893,26.0,29.0,28.87,26.37
2026-05-30,823132,-28.0,7.0,27.87,26.77
2026-05-31,822976,-29.0,-53.0,28.00,26.23
2026-05-31,824354,-28.0,-25.0,25.75,27.73
2026-05-31,822729,-33.0,-8.0,27.13,26.53
2026-05-31,824592,-24.0,-2.0,26.70,27.10
2026-05-31,823053,36.0,38.0,28.03,27.50
2026-05-31,823373,20.0,-10.0,27.43,26.20
2026-05-31,823621,-13.0,20.0,27.67,27.10
2026-05-31,822895,26.0,29.0,27.43,26.37
2026-05-31,824832,-23.0,20.0,27.87,27.50
2026-05-31,824430,-3.0,9.0,28.07,28.40
2026-05-31,824512,-3.0,5.0,27.20,28.67
2026-05-31,823133,-28.0,7.0,27.87,26.77
2026-05-31,823944,15.0,8.0,27.65,27.73
2026-05-31,824187,30.0,32.0,28.70,27.33
2026-05-31,825001,-16.0,-2.0,26.77,27.07
2026-06-01,822974,-29.0,-2.0,27.65,26.23
2026-06-01,824027,-53.0,-28.0,28.55,27.90
2026-06-01,822730,-33.0,20.0,27.27,26.53
2026-06-01,824510,-3.0,29.0,27.73,27.40
2026-06-01,823131,-28.0,-13.0,25.95,28.00
2026-06-01,825078,7.0,15.0,27.23,27.87
2026-06-01,823781,32.0,-25.0,27.05,28.70
2026-06-01,823050,36.0,26.0,26.37,25.90
2026-06-01,823702,-10.0,-24.0,27.10,28.07
2026-06-02,824026,-53.0,-28.0,29.05,26.95
2026-06-02,823460,8.0,-8.0,27.13,27.73
2026-06-02,822728,-33.0,20.0,28.10,28.17
2026-06-02,822971,-29.0,-2.0,27.17,27.40
2026-06-02,825079,7.0,15.0,27.23,27.80
2026-06-02,823782,32.0,-25.0,26.37,28.77
2026-06-02,823541,-2.0,-3.0,28.40,27.27
2026-06-02,823700,-10.0,-24.0,27.25,28.07
2026-06-02,824511,-3.0,29.0,27.97,26.37
2026-06-02,824754,9.0,-23.0,27.50,28.60
2026-06-02,823052,36.0,26.0,26.37,25.90
2026-06-02,824675,38.0,-16.0,27.53,28.03
2026-06-02,824189,30.0,20.0,26.83,27.33
2026-06-02,824918,5.0,20.0,27.40,27.20
2026-06-02,823129,-28.0,-13.0,25.95,27.87
2026-06-03,822973,-29.0,-2.0,26.90,27.40
2026-06-03,824024,-53.0,-28.0,28.50,27.90
2026-06-03,823701,-10.0,-24.0,28.15,26.90
2026-06-03,823540,-2.0,-3.0,28.40,26.77
2026-06-03,822727,-33.0,20.0,28.10,27.90
2026-06-03,823456,8.0,-8.0,27.10,27.73
2026-06-03,824755,9.0,-23.0,27.50,28.60
2026-06-03,824917,5.0,20.0,27.87,27.20
2026-06-03,824671,38.0,-16.0,27.85,28.03
2026-06-03,823130,-28.0,-13.0,25.95,26.77
2026-06-03,825077,7.0,15.0,27.23,28.00
2026-06-03,824509,-3.0,29.0,27.73,27.53
2026-06-03,824188,30.0,20.0,26.83,28.17
2026-06-03,823051,36.0,26.0,26.37,27.80
2026-06-03,823780,32.0,-25.0,25.75,27.70
2026-06-04,823542,-2.0,-3.0,26.20,26.77
2026-06-04,823698,-10.0,29.0,27.73,28.07
2026-06-04,824753,9.0,-23.0,27.50,28.60
2026-06-04,825076,7.0,15.0,26.87,27.80
2026-06-04,824185,30.0,20.0,26.83,27.33
2026-06-04,823457,8.0,-8.0,27.13,27.73
2026-06-04,824672,38.0,-16.0,27.85,27.33
2026-06-04,823779,32.0,-25.0,28.15,27.33
2026-06-04,824919,5.0,20.0,27.83,27.03
2026-06-05,824350,-28.0,32.0,28.77,29.20
2026-06-05,823049,36.0,-3.0,28.27,26.27
2026-06-05,823860,20.0,-29.0,26.50,27.27
2026-06-05,823455,8.0,-24.0,27.07,27.73
2026-06-05,823538,-2.0,9.0,28.60,26.77
2026-06-05,825073,7.0,-33.0,27.57,26.85
2026-06-05,824673,38.0,-25.0,27.47,26.00
2026-06-05,824914,5.0,20.0,27.97,27.67
2026-06-05,822892,26.0,-3.0,28.40,26.93
2026-06-05,824186,30.0,-16.0,27.43,27.90
2026-06-05,823293,-8.0,-13.0,25.95,27.13
2026-06-05,822810,20.0,-23.0,27.60,27.40
2026-06-05,824271,-2.0,-28.0,28.45,26.90
2026-06-05,823699,-10.0,29.0,28.70,27.03
2026-06-05,823943,15.0,-53.0,28.00,27.23
2026-06-06,823454,8.0,-24.0,28.07,27.73
2026-06-06,823539,-2.0,9.0,,
2026-06-06,825075,7.0,-33.0,27.07,27.80
2026-06-06,823859,20.0,-29.0,26.80,27.97
2026-06-06,823942,15.0,-53.0,28.10,27.33
2026-06-06,824269,-2.0,-28.0,27.13,26.90
2026-06-06,824669,38.0,-25.0,25.75,28.17
2026-06-06,823048,36.0,-3.0,28.13,27.80
2026-06-06,823697,-10.0,29.0,27.73,26.50
2026-06-06,824915,5.0,20.0,26.80,27.03
2026-06-06,822891,26.0,-3.0,28.40,25.95
2026-06-06,823292,-8.0,-13.0,25.95,27.40
2026-06-06,824351,-28.0,32.0,28.77,29.90
2026-06-06,822808,20.0,-23.0,27.50,27.40
2026-06-06,824184,30.0,-16.0,26.80,29.30
2026-06-07,824349,-28.0,32.0,28.10,27.90
2026-06-07,823453,8.0,-24.0,26.20,27.73
2026-06-07,823537,-2.0,9.0,28.60,27.27
2026-06-07,823857,20.0,-29.0,26.23,27.27
2026-06-07,823047,36.0,-3.0,27.53,25.90
2026-06-07,822890,26.0,-3.0,28.40,27.63
2026-06-07,824183,30.0,-16.0,27.85,27.33
2026-06-07,823696,-10.0,29.0,27.73,26.23
2026-06-07,822807,20.0,-23.0,27.50,27.45
2026-06-07,824916,5.0,20.0,28.50,27.03
2026-06-07,824268,-2.0,-28.0,27.13,26.95
2026-06-07,823941,15.0,-53.0,28.00,26.70
2026-06-07,824670,38.0,-25.0,25.75,27.33
2026-06-07,825074,7.0,-33.0,27.07,27.80
2026-06-07,823291,-8.0,-13.0,25.95,27.40
2026-06-08,824025,-53.0,30.0,27.93,28.00
2026-06-08,822972,-29.0,9.0,28.60,27.47
2026-06-08,824998,-16.0,32.0,28.77,27.40
2026-06-08,823218,-25.0,-33.0,26.40,26.37
2026-06-08,823289,-8.0,-3.0,27.53,27.40
2026-06-08,822806,20.0,8.0,27.73,27.40
2026-06-08,824427,-3.0,-2.0,27.50,28.40
2026-06-08,824829,-23.0,-28.0,27.13,27.03
2026-06-09,824347,-28.0,38.0,28.00,29.05
2026-06-09,824999,-16.0,32.0,28.77,27.53
2026-06-09,823858,20.0,7.0,27.80,27.27
2026-06-09,823374,20.0,15.0,27.27,28.03
2026-06-09,822969,-29.0,9.0,28.60,27.47
2026-06-09,824591,-24.0,5.0,27.87,27.10
2026-06-09,824023,-53.0,30.0,28.10,27.90
2026-06-09,823620,-13.0,36.0,25.90,25.95
2026-06-09,822805,20.0,8.0,27.73,27.60
2026-06-09,823290,-8.0,-3.0,27.53,27.63
2026-06-09,824830,-23.0,-28.0,28.33,27.03
2026-06-09,824429,-3.0,-2.0,26.77,27.05
2026-06-09,824267,-2.0,-10.0,28.15,26.90
2026-06-09,823214,-25.0,-33.0,27.23,26.37
2026-06-09,824105,29.0,26.0,25.70,28.53
2026-06-10,824348,-28.0,38.0,27.33,27.85
2026-06-10,824996,-16.0,32.0,28.77,27.70
2026-06-10,823856,20.0,7.0,27.80,27.27
2026-06-10,822970,-29.0,9.0,28.60,26.33
2026-06-10,823618,-13.0,36.0,25.90,25.95
2026-06-10,824022,-53.0,30.0,27.57,28.00
2026-06-10,823215,-25.0,-33.0,27.07,27.40
2026-06-10,823287,-8.0,-3.0,27.37,27.63
2026-06-10,824428,-3.0,-2.0,27.27,26.97
2026-06-10,824103,29.0,26.0,26.60,29.00
2026-06-10,822804,20.0,8.0,27.73,27.83
2026-06-10,824831,-23.0,-28.0,27.13,27.03
2026-06-10,823372,20.0,15.0,27.23,26.83
2026-06-10,824266,-2.0,-10.0,28.20,26.95
2026-06-10,824590,-24.0,5.0,26.97,27.07
2026-06-11,824346,-28.0,38.0,27.33,27.85
2026-06-11,823619,-13.0,36.0,25.90,25.95
2026-06-11,823855,20.0,7.0,27.80,27.27
2026-06-11,824265,-2.0,-10.0,26.50,27.63
2026-06-11,824101,29.0,26.0,26.93,27.73
2026-06-11,823371,20.0,15.0,26.93,27.97
2026-06-11,824827,-23.0,-28.0,27.13,27.50
2026-06-11,824589,-24.0,5.0,26.40,27.50
2026-06-12,822726,-33.0,-28.0,26.10,27.07
2026-06-12,824507,-3.0,7.0,27.80,27.10
2026-06-12,824588,-24.0,15.0,27.95,27.10
2026-06-12,824020,-53.0,-29.0,26.50,27.97
2026-06-12,823778,32.0,8.0,27.73,28.77
2026-06-12,823211,-25.0,38.0,27.33,26.33
2026-06-12,823370,20.0,20.0,27.27,26.83
2026-06-12,824826,-23.0,-8.0,27.63,27.50
2026-06-12,824102,29.0,30.0,27.33,28.10
2026-06-12,824752,9.0,26.0,27.00,27.83
2026-06-12,824425,-3.0,-2.0,26.45,28.40
2026-06-12,823617,-13.0,5.0,27.23,25.95
2026-06-12,823695,-10.0,36.0,25.90,28.80
2026-06-12,824997,-16.0,-28.0,27.85,27.53
2026-06-12,822803,20.0,-2.0,27.30,27.83
2026-06-13,824828,-23.0,-8.0,27.63,27.03
2026-06-13,824508,-3.0,7.0,27.80,26.45
2026-06-13,824019,-53.0,-29.0,26.80,28.00
2026-06-13,824587,-24.0,15.0,27.23,27.50
2026-06-13,823776,32.0,8.0,27.73,28.77
2026-06-13,822802,20.0,-2.0,27.85,27.65
2026-06-13,822725,-33.0,-28.0,27.13,27.03
2026-06-13,824426,-3.0,-2.0,26.95,26.87
2026-06-13,823694,-10.0,36.0,27.80,27.47
2026-06-13,823369,20.0,20.0,27.67,26.83
2026-06-13,824749,9.0,26.0,26.90,28.13
2026-06-13,823213,-25.0,38.0,27.33,26.33
2026-06-13,824100,29.0,30.0,27.33,28.47
2026-06-13,824995,-16.0,-28.0,27.85,27.70
2026-06-13,823616,-13.0,5.0,27.90,26.30
2026-06-14,823777,32.0,8.0,27.73,27.13
2026-06-14,822722,-33.0,-28.0,28.50,27.77
2026-06-14,824994,-16.0,-28.0,28.20,27.75
2026-06-14,824021,-53.0,-29.0,26.80,28.00
2026-06-14,824506,-3.0,7.0,27.80,27.53
2026-06-14,824586,-24.0,15.0,27.23,27.10
2026-06-14,823615,-13.0,5.0,27.23,25.95
2026-06-14,824751,9.0,26.0,27.60,27.70
2026-06-14,824099,29.0,30.0,27.33,28.17
2026-06-14,824424,-3.0,-2.0,,
2026-06-14,823368,20.0,20.0,27.27,26.83
2026-06-14,824823,-23.0,-8.0,27.63,27.50
2026-06-14,822801,20.0,-2.0,27.63,26.53
2026-06-14,823693,-10.0,36.0,25.90,29.05
2026-06-14,823212,-25.0,38.0,27.33,27.30
2026-06-15,825071,7.0,-53.0,28.00,27.87
2026-06-15,824993,-16.0,20.0,26.83,27.70
2026-06-15,823938,15.0,-29.0,26.23,27.23
2026-06-15,822724,-33.0,29.0,28.77,27.07
2026-06-15,824505,-3.0,-13.0,26.55,27.53
2026-06-15,823452,8.0,20.0,27.27,26.47
2026-06-15,824181,30.0,-2.0,28.10,27.33
2026-06-15,824666,38.0,-28.0,28.35,27.33
2026-06-15,823046,36.0,-8.0,27.63,25.90
2026-06-15,822887,26.0,-10.0,28.80,26.90
2026-06-16,822723,-33.0,29.0,28.77,27.00
2026-06-16,823535,-2.0,-24.0,26.60,27.30
2026-06-16,824504,-3.0,-13.0,25.95,27.53
2026-06-16,824912,5.0,-25.0,26.50,27.07
2026-06-16,825070,7.0,-53.0,27.33,27.87
2026-06-16,824991,-16.0,20.0,26.83,27.70
2026-06-16,823939,15.0,-29.0,26.67,27.23
2026-06-16,823045,36.0,-8.0,28.55,25.90
2026-06-16,824182,30.0,-2.0,27.85,28.00
2026-06-16,824667,38.0,-28.0,29.05,27.33
2026-06-16,823775,32.0,-3.0,25.90,28.77
2026-06-16,822888,26.0,-10.0,26.10,26.35
2026-06-16,823128,-28.0,-23.0,27.80,27.30
2026-06-16,823451,8.0,20.0,27.67,27.07
2026-06-16,824750,9.0,20.0,27.83,27.70
2026-06-17,822721,-33.0,29.0,28.17,27.07
2026-06-17,824746,9.0,20.0,27.45,27.83
2026-06-17,825072,7.0,-53.0,27.97,27.57
2026-06-17,823450,8.0,20.0,27.27,27.87
2026-06-17,824503,-3.0,-13.0,26.65,26.45
2026-06-17,823536,-2.0,-24.0,27.07,26.77
2026-06-17,824992,-16.0,20.0,25.50,27.70
2026-06-17,823127,-28.0,-23.0,27.50,26.47
2026-06-17,823774,32.0,-3.0,26.20,28.77
2026-06-17,824178,30.0,-2.0,27.15,27.33
2026-06-17,823940,15.0,-29.0,26.80,26.90
2026-06-17,824668,38.0,-28.0,29.20,28.83
2026-06-17,823044,36.0,-8.0,28.55,25.90
2026-06-17,824913,5.0,-25.0,26.50,26.43
2026-06-18,823448,8.0,-13.0,25.95,26.45
2026-06-18,823533,-2.0,-24.0,27.07,27.27
2026-06-18,823772,32.0,-3.0,27.45,28.77
2026-06-18,824748,9.0,20.0,27.50,28.80
2026-06-18,822889,26.0,-10.0,29.05,27.75
2026-06-18,823125,-28.0,-23.0,27.80,25.70
2026-06-18,824098,29.0,36.0,26.30,28.33
2026-06-18,824911,5.0,-25.0,,
2026-06-18,824989,-16.0,-53.0,28.00,27.90
2026-06-19,824345,-28.0,20.0,27.33,28.43
2026-06-19,823936,15.0,-23.0,27.03,26.73
2026-06-19,824990,-16.0,-53.0,27.33,27.90
2026-06-19,823534,-2.0,-3.0,27.53,28.13
2026-06-19,825069,7.0,-10.0,28.80,27.87
2026-06-19,822966,-29.0,-33.0,27.90,27.17
2026-06-19,824663,38.0,20.0,27.50,26.50
2026-06-19,824264,-2.0,-24.0,27.20,27.65
2026-06-19,824179,30.0,-3.0,26.20,27.33
2026-06-19,823124,-28.0,9.0,27.83,27.30
2026-06-19,822886,26.0,-8.0,28.55,26.90
2026-06-19,824910,5.0,32.0,28.77,26.17
2026-06-19,824097,29.0,36.0,25.90,27.87
2026-06-19,823853,20.0,-25.0,26.50,27.45
2026-06-20,824342,-28.0,20.0,26.20,29.05
2026-06-20,823532,-2.0,-3.0,27.53,26.47
2026-06-20,825068,7.0,-10.0,27.70,27.60
2026-06-20,822967,-29.0,-33.0,27.07,27.93
2026-06-20,823854,20.0,-25.0,26.50,27.90
2026-06-20,824909,5.0,32.0,28.10,26.43
2026-06-20,822885,26.0,-8.0,27.20,26.90
2026-06-20,824180,30.0,-3.0,26.20,28.35
2026-06-20,823937,15.0,-23.0,27.03,27.23
2026-06-20,823126,-28.0,9.0,27.23,27.30
2026-06-20,824665,38.0,20.0,27.45,28.83
2026-06-20,823447,8.0,-13.0,27.10,28.10
2026-06-20,824988,-16.0,-53.0,27.05,27.70
2026-06-20,824263,-2.0,-24.0,26.20,27.65
2026-06-21,824343,-28.0,20.0,26.83,29.05
2026-06-21,822968,-29.0,-33.0,27.07,27.17
2026-06-21,823934,15.0,-23.0,25.95,28.07
2026-06-21,824987,-16.0,-53.0,28.00,27.37
2026-06-21,823852,20.0,-25.0,26.33,28.00
2026-06-21,823531,-2.0,-3.0,28.67,28.13
2026-06-21,823123,-28.0,9.0,27.53,27.30
2026-06-21,824095,29.0,36.0,25.90,27.40
2026-06-21,824177,30.0,-3.0,26.20,27.90
2026-06-21,824908,5.0,32.0,28.77,27.10
2026-06-21,823449,8.0,-13.0,25.95,27.73
2026-06-21,824260,-2.0,-24.0,27.20,27.35
2026-06-21,824664,38.0,20.0,29.40,28.13
2026-06-21,825067,7.0,-10.0,28.07,27.87
2026-06-21,822883,26.0,-8.0,27.15,27.60
2026-06-22,824344,-28.0,9.0,28.23,28.35
2026-06-22,823851,20.0,26.0,27.75,28.10
2026-06-22,824585,-24.0,-3.0,26.35,27.30
2026-06-22,822964,-29.0,29.0,27.40,27.13
2026-06-22,823613,-13.0,38.0,28.00,26.10
2026-06-22,824016,-53.0,-23.0,27.03,27.33
2026-06-22,824261,-2.0,-2.0,27.03,27.65
2026-06-22,823692,-10.0,15.0,27.23,28.80
2026-06-22,823040,36.0,7.0,27.87,25.90
2026-06-22,823288,-8.0,5.0,26.43,27.63
2026-06-22,822720,-33.0,8.0,27.73,27.90
2026-06-22,824502,-3.0,32.0,28.77,27.53
2026-06-22,822800,20.0,30.0,26.20,27.40
2026-06-23,824340,-28.0,9.0,28.80,28.53
2026-06-23,822963,-29.0,29.0,28.03,27.07
2026-06-23,823849,20.0,26.0,27.13,27.90
2026-06-23,824501,-3.0,32.0,28.10,28.63
2026-06-23,824017,-53.0,-23.0,27.03,27.05
2026-06-23,823043,36.0,7.0,27.87,27.50
2026-06-23,822718,-33.0,8.0,28.53,27.07
2026-06-23,823210,-25.0,-16.0,27.40,26.25
2026-06-23,824262,-2.0,-2.0,28.13,27.65
2026-06-23,824584,-24.0,-3.0,26.20,27.20
2026-06-23,822799,20.0,30.0,26.43,27.50
2026-06-23,823365,20.0,-28.0,27.30,26.83
2026-06-23,823614,-13.0,38.0,27.33,26.05
2026-06-23,823690,-10.0,15.0,26.53,27.90
2026-06-23,823286,-8.0,5.0,26.97,28.55
2026-06-24,824583,-24.0,-3.0,27.00,28.55
2026-06-24,824341,-28.0,9.0,28.80,28.35
2026-06-24,824259,-2.0,-2.0,27.43,27.35
2026-06-24,824018,-53.0,-23.0,28.20,26.65
2026-06-24,822965,-29.0,29.0,27.57,27.43
2026-06-24,822719,-33.0,8.0,28.53,27.33
2026-06-24,823850,20.0,26.0,26.90,27.97
2026-06-24,823691,-10.0,15.0,27.23,28.93
2026-06-24,824500,-3.0,32.0,28.77,28.75
2026-06-24,822798,20.0,30.0,27.57,28.10
2026-06-24,823367,20.0,-28.0,27.30,26.90
2026-06-24,823284,-8.0,5.0,27.90,27.20
2026-06-24,823208,-25.0,-16.0,27.85,26.87
2026-06-24,823611,-13.0,38.0,28.63,26.75
2026-06-24,823041,36.0,7.0,27.87,28.70
2026-06-25,822961,-29.0,29.0,27.57,26.47
2026-06-25,823042,36.0,7.0,28.00,25.50
2026-06-25,824747,9.0,-2.0,27.50,28.80
2026-06-25,822797,20.0,26.0,26.47,27.83
2026-06-25,823612,-13.0,38.0,27.33,25.95
2026-06-25,823366,20.0,-28.0,27.30,28.03
2026-06-25,823209,-25.0,-16.0,27.85,26.87
2026-06-25,824258,-2.0,30.0,27.13,27.35
2026-06-25,822717,-33.0,8.0,28.65,26.53
2026-06-26,822962,-29.0,7.0,27.87,26.23
2026-06-26,824014,-53.0,-16.0,27.85,27.33
2026-06-26,823773,32.0,38.0,27.33,28.77
2026-06-26,824824,-23.0,-33.0,27.00,27.03
2026-06-26,823285,-8.0,15.0,27.23,28.55
2026-06-26,823039,36.0,20.0,28.00,25.90
2026-06-26,822796,20.0,26.0,27.20,28.10
2026-06-26,823688,-10.0,-28.0,28.55,29.05
2026-06-26,824423,-3.0,-28.0,27.63,26.20
2026-06-26,823363,20.0,-3.0,28.20,27.50
2026-06-26,824255,-2.0,30.0,28.90,27.60
2026-06-26,824743,9.0,-2.0,27.27,27.83
2026-06-26,823206,-25.0,5.0,27.23,26.33
2026-06-26,823610,-13.0,8.0,27.73,25.95
2026-06-26,824582,-24.0,29.0,28.17,27.50
2026-06-27,822960,-29.0,7.0,27.87,26.23
2026-06-27,824581,-24.0,29.0,28.17,27.30
2026-06-27,823770,32.0,38.0,28.95,28.10
2026-06-27,824015,-53.0,-16.0,27.85,27.17
2026-06-27,823689,-10.0,-28.0,28.23,28.20
2026-06-27,823283,-8.0,15.0,28.10,28.55
2026-06-27,824825,-23.0,-33.0,27.57,27.03
2026-06-27,824421,-3.0,-28.0,27.47,27.15
2026-06-27,823038,36.0,20.0,27.97,25.90
2026-06-27,823207,-25.0,5.0,26.97,27.43
2026-06-27,824745,9.0,-2.0,27.03,28.80
2026-06-27,823364,20.0,-3.0,27.33,28.03
2026-06-27,824257,-2.0,30.0,27.60,27.15
2026-06-27,822794,20.0,26.0,25.70,27.10
2026-06-27,823609,-13.0,8.0,27.73,25.95
2026-06-28,824011,-53.0,-16.0,28.60,27.17
2026-06-28,824580,-24.0,29.0,29.00,27.50
2026-06-28,822959,-29.0,7.0,27.87,26.43
2026-06-28,823769,32.0,38.0,27.33,28.77
2026-06-28,823362,20.0,-3.0,27.33,27.50
2026-06-28,823608,-13.0,8.0,27.73,25.95
2026-06-28,824821,-23.0,-33.0,27.07,27.50
2026-06-28,822795,20.0,26.0,25.53,27.40
2026-06-28,823037,36.0,20.0,27.90,25.90
2026-06-28,823281,-8.0,15.0,27.23,28.55
2026-06-28,824744,9.0,-2.0,27.90,28.60
2026-06-28,823686,-10.0,-28.0,27.97,29.05
2026-06-28,824422,-3.0,-28.0,26.77,27.30
2026-06-28,823204,-25.0,5.0,27.90,27.37
2026-06-28,824256,-2.0,30.0,27.13,26.70
2026-06-29,824986,-16.0,15.0,27.23,27.85
2026-06-29,823529,-2.0,-2.0,27.65,27.27
2026-06-29,825065,7.0,-25.0,27.40,27.87
2026-06-29,823444,8.0,20.0,27.50,27.73
2026-06-29,824420,-3.0,26.0,27.70,27.00
2026-06-29,823771,32.0,-3.0,27.63,28.10
2026-06-29,824741,9.0,-33.0,27.47,27.70
2026-06-29,824176,30.0,-10.0,26.70,26.23
2026-06-29,823121,-28.0,-53.0,27.17,27.47
2026-06-29,822792,20.0,-13.0,25.95,27.40
2026-06-29,824822,-23.0,-24.0,27.40,27.50
2026-06-29,824339,-28.0,20.0,27.80,28.53
2026-06-29,824662,38.0,-8.0,27.20,27.33
2026-06-30,824338,-28.0,20.0,26.97,29.17
2026-06-30,824984,-16.0,15.0,27.23,27.85
2026-06-30,824819,-23.0,-24.0,27.23,28.23
2026-06-30,824907,5.0,36.0,27.50,26.17
2026-06-30,824661,38.0,-8.0,27.20,27.97
2026-06-30,823528,-2.0,-2.0,27.35,27.03
2026-06-30,822793,20.0,-13.0,25.95,26.53
2026-06-30,823768,32.0,-3.0,27.33,28.77
2026-06-30,823122,-28.0,-53.0,27.05,26.77
2026-06-30,824742,9.0,-33.0,27.07,27.80
2026-06-30,824418,-3.0,26.0,25.90,27.00
2026-06-30,823445,8.0,20.0,28.10,27.73
2026-06-30,824175,30.0,-10.0,27.57,26.25
2026-06-30,824096,29.0,-29.0,26.23,28.17
2026-06-30,825066,7.0,-25.0,26.33,27.87
2026-07-01,824337,-28.0,20.0,27.35,28.53
2026-07-01,823530,-2.0,-2.0,27.65,27.85
2026-07-01,824660,38.0,-8.0,27.00,26.25
2026-07-01,825064,7.0,-25.0,26.33,27.87
2026-07-01,824905,5.0,36.0,25.90,26.17
2026-07-01,823767,32.0,-3.0,27.63,28.10
2026-07-01,824419,-3.0,26.0,27.70,26.05
2026-07-01,822791,20.0,-13.0,25.80,27.10
2026-07-01,824094,29.0,-29.0,26.23,28.77
2026-07-01,824174,30.0,-10.0,26.70,26.23
2026-07-01,824740,9.0,-33.0,27.07,27.80
2026-07-01,823446,8.0,20.0,27.50,27.73
2026-07-01,824985,-16.0,15.0,27.93,28.10
2026-07-01,824818,-23.0,-24.0,27.10,27.50
2026-07-02,823765,32.0,-3.0,27.33,28.77
2026-07-02,824335,-28.0,20.0,27.50,29.20
2026-07-02,823935,15.0,-8.0,27.50,27.23
2026-07-02,823442,8.0,20.0,28.03,27.73
2026-07-02,824416,-3.0,-24.0,27.50,27.90
2026-07-02,824906,5.0,36.0,25.90,26.17
2026-07-02,822884,26.0,-2.0,27.35,27.63
2026-07-02,823119,-28.0,-53.0,27.75,27.10
2026-07-02,824093,29.0,-29.0,26.23,28.17
2026-07-03,823527,-2.0,-10.0,26.70,27.63
2026-07-03,824173,30.0,-29.0,26.23,26.23
2026-07-03,825062,7.0,32.0,28.77,27.87
2026-07-03,824982,-16.0,20.0,27.35,26.40
2026-07-03,824659,38.0,36.0,28.70,26.25
2026-07-03,823120,-28.0,20.0,27.10,27.50
2026-07-03,824498,-3.0,-23.0,27.50,27.63
2026-07-03,822714,-33.0,20.0,27.50,27.33
2026-07-03,824013,-53.0,9.0,28.80,27.17
2026-07-03,824904,5.0,-13.0,27.07,26.17
2026-07-03,823933,15.0,-8.0,27.50,26.53
2026-07-03,824417,-3.0,-24.0,27.50,
2026-07-03,824336,-28.0,-25.0,27.55,28.03
2026-07-04,824334,-28.0,-25.0,27.20,27.63
2026-07-04,824983,-16.0,20.0,27.27,27.33
2026-07-04,825063,7.0,32.0,28.77,27.87
2026-07-04,822716,-33.0,20.0,27.50,26.53
2026-07-04,823526,-2.0,-10.0,28.80,27.27
2026-07-04,824499,-3.0,-23.0,27.50,27.33
2026-07-04,824012,-53.0,9.0,27.80,27.17
2026-07-04,824092,29.0,8.0,27.73,29.00
2026-07-04,823932,15.0,-8.0,27.50,27.37
2026-07-04,822882,26.0,-2.0,27.35,26.43
2026-07-04,824171,30.0,-29.0,27.00,26.23
2026-07-04,824658,38.0,36.0,27.50,27.33
2026-07-04,824903,5.0,-13.0,27.00,27.10
2026-07-04,824415,-3.0,-24.0,27.33,24.80
2026-07-04,823118,-28.0,20.0,28.35,27.43
2026-07-05,824333,-28.0,-25.0,27.20,28.55
2026-07-05,825061,7.0,32.0,28.77,27.87
2026-07-05,824010,-53.0,9.0,27.80,27.75
2026-07-05,824980,-16.0,20.0,27.80,27.55
2026-07-05,823931,15.0,-8.0,27.10,27.23
2026-07-05,823525,-2.0,-10.0,28.10,27.63
2026-07-05,824656,38.0,36.0,25.90,27.97
2026-07-05,822715,-33.0,20.0,27.50,27.07
2026-07-05,824497,-3.0,-23.0,27.50,27.33
2026-07-05,822879,26.0,-2.0,27.65,26.80
2026-07-05,824413,-3.0,-24.0,27.50,
2026-07-05,824902,5.0,-13.0,26.43,26.17
2026-07-05,824091,29.0,8.0,27.73,28.17
2026-07-05,823117,-28.0,20.0,27.10,26.80
2026-07-05,824172,30.0,-29.0,26.23,26.23
2026-07-06,823930,15.0,-28.0,27.63,27.23
2026-07-06,822712,-33.0,30.0,26.23,27.07
2026-07-06,822958,-29.0,-2.0,26.77,26.23
2026-07-06,824089,29.0,8.0,26.30,27.33
2026-07-06,824900,5.0,-13.0,25.95,26.97
2026-07-06,823205,-25.0,20.0,27.60,27.20
2026-07-06,823282,-8.0,7.0,27.47,26.95
2026-07-06,823036,36.0,32.0,28.77,27.50
2026-07-07,822956,-29.0,-2.0,26.77,26.23
2026-07-07,823929,15.0,-28.0,27.85,27.23
2026-07-07,824254,-2.0,-16.0,27.90,26.70
2026-07-07,822881,26.0,-53.0,27.17,26.83
2026-07-07,822713,-33.0,30.0,25.90,26.53
2026-07-07,823361,20.0,5.0,26.63,28.00
2026-07-07,823687,-10.0,-3.0,26.60,26.53
2026-07-07,824579,-24.0,9.0,27.80,27.17
2026-07-07,824820,-23.0,38.0,27.33,27.50
2026-07-07,823847,20.0,-28.0,27.50,27.27
2026-07-07,823607,-13.0,29.0,29.00,25.95
2026-07-07,824495,-3.0,8.0,27.73,27.33
2026-07-07,823203,-25.0,20.0,27.60,27.20
2026-07-07,823280,-8.0,7.0,27.87,28.23
2026-07-07,823035,36.0,32.0,28.55,27.15
2026-07-08,823928,15.0,-28.0,28.55,27.33
2026-07-08,822957,-29.0,-2.0,27.03,26.23
2026-07-08,823848,20.0,-28.0,26.97,27.67
2026-07-08,823360,20.0,5.0,26.97,28.03
2026-07-08,824578,-24.0,9.0,28.13,27.30
2026-07-08,823202,-25.0,20.0,27.60,27.20
2026-07-08,822880,26.0,-53.0,28.00,26.83
2026-07-08,824253,-2.0,-16.0,27.70,27.25
2026-07-08,823684,-10.0,-3.0,27.15,27.43
2026-07-08,822710,-33.0,30.0,26.23,27.07
2026-07-08,824815,-23.0,38.0,27.33,27.50
2026-07-08,823032,36.0,32.0,28.17,27.80
2026-07-08,823279,-8.0,7.0,27.93,28.23
2026-07-08,823605,-13.0,29.0,28.17,25.95
2026-07-08,824496,-3.0,8.0,27.07,27.33
2026-07-09,823846,20.0,-28.0,26.97,27.67
2026-07-09,822877,26.0,-53.0,28.40,27.83
2026-07-09,823606,-13.0,29.0,27.97,25.95
2026-07-09,823359,20.0,5.0,26.97,28.03
2026-07-09,824251,-2.0,-16.0,27.85,27.20
2026-07-09,824816,-23.0,38.0,27.75,27.50
2026-07-09,823683,-10.0,-3.0,27.00,26.70
2026-07-09,824494,-3.0,8.0,27.73,27.33
2026-07-09,823277,-8.0,7.0,27.87,28.23
2026-07-09,823034,36.0,32.0,29.03,25.90
2026-07-09,824577,-24.0,9.0,27.80,27.07
2026-07-09,822954,-29.0,-2.0,27.63,26.43
2026-07-09,823201,-25.0,-28.0,28.70,27.20
2026-07-10,822955,-29.0,-28.0,26.97,26.23
2026-07-10,823845,20.0,-3.0,27.00,28.50
2026-07-10,823927,15.0,7.0,27.87,27.97
2026-07-10,824575,-24.0,-16.0,27.37,27.50
2026-07-10,823033,36.0,5.0,26.97,27.50
2026-07-10,822878,26.0,30.0,27.13,26.83
2026-07-10,822709,-33.0,-2.0,27.50,27.90
2026-07-10,824817,-23.0,29.0,28.17,27.50
2026-07-10,824493,-3.0,38.0,27.33,27.63
2026-07-10,823278,-8.0,20.0,27.75,28.23
2026-07-10,823200,-25.0,-28.0,28.70,27.05
2026-07-10,823604,-13.0,9.0,27.80,26.60
2026-07-10,823357,20.0,32.0,28.77,28.03
2026-07-10,824252,-2.0,8.0,27.73,28.00
2026-07-10,823685,-10.0,-53.0,27.17,26.63
2026-07-11,824576,-24.0,-16.0,27.67,27.30
2026-07-11,822711,-33.0,-2.0,27.23,27.07
2026-07-11,823844,20.0,-3.0,27.00,27.27
2026-07-11,824492,-3.0,38.0,27.97,27.33
2026-07-11,823030,36.0,5.0,26.97,25.90
2026-07-11,822953,-29.0,-28.0,26.97,26.23
2026-07-11,823198,-25.0,-28.0,28.53,27.20
2026-07-11,823926,15.0,7.0,27.87,27.37
2026-07-11,824249,-2.0,8.0,27.73,27.65
2026-07-11,822875,26.0,30.0,27.60,26.77
2026-07-11,824813,-23.0,29.0,28.17,27.50
2026-07-11,823276,-8.0,20.0,28.30,28.23
2026-07-11,823356,20.0,32.0,28.77,27.97
2026-07-11,823682,-10.0,-53.0,28.40,26.53
2026-07-11,823603,-13.0,9.0,27.80,26.60
2026-07-12,822951,-29.0,-28.0,26.80,26.23
2026-07-12,824814,-23.0,29.0,28.17,28.23
2026-07-12,823842,20.0,-3.0,27.00,27.80
2026-07-12,824250,-2.0,8.0,27.73,27.80
2026-07-12,823925,15.0,7.0,27.87,27.23
2026-07-12,824574,-24.0,-16.0,27.00,27.50
2026-07-12,823274,-8.0,20.0,28.30,28.23
2026-07-12,823029,36.0,5.0,26.17,27.50
2026-07-12,823602,-13.0,9.0,27.80,26.60
2026-07-12,822876,26.0,30.0,27.13,27.75
2026-07-12,822708,-33.0,-2.0,27.70,26.53
2026-07-12,824491,-3.0,38.0,27.97,27.63
2026-07-12,823199,-25.0,-28.0,28.53,27.20
2026-07-12,823358,20.0,32.0,29.05,29.10
2026-07-12,823681,-10.0,-53.0,27.33,26.47
2026-07-16,823440,8.0,-13.0,27.70,27.73
2026-07-17,824332,-28.0,-3.0,28.83,28.55
2026-07-17,823524,-2.0,15.0,27.23,27.10
2026-07-17,824009,-53.0,-2.0,28.10,27.33
2026-07-17,824981,-16.0,-33.0,26.53,27.60
2026-07-17,823766,32.0,20.0,27.67,28.77
2026-07-17,824090,29.0,-8.0,28.23,27.97
2026-07-17,822789,20.0,-24.0,29.60,28.60
2026-07-17,824170,30.0,-23.0,27.50,27.73
2026-07-17,824655,38.0,-10.0,25.73,28.13
2026-07-17,824414,-3.0,20.0,28.03,27.00
2026-07-17,824901,5.0,26.0,28.75,27.95
2026-07-17,823115,-28.0,-25.0,26.33,26.97
2026-07-17,825060,7.0,36.0,25.90,27.87
2026-07-17,824737,9.0,-29.0,26.23,27.80
2026-07-18,824331,-28.0,-3.0,27.33,29.17
2026-07-18,825059,7.0,36.0,25.90,27.87
2026-07-18,824979,-16.0,-33.0,27.33,27.67
2026-07-18,824008,-53.0,-2.0,27.80,28.00
2026-07-18,823763,32.0,20.0,28.10,28.17
2026-07-18,823441,8.0,-13.0,26.43,27.73
2026-07-18,824169,30.0,-23.0,27.50,26.40
2026-07-18,824738,9.0,-29.0,28.20,27.80
2026-07-18,823116,-28.0,-25.0,26.33,27.47
2026-07-18,824088,29.0,-8.0,28.23,28.17
2026-07-18,822790,20.0,-24.0,27.50,27.60
2026-07-18,823523,-2.0,15.0,27.23,27.63
2026-07-18,824899,5.0,26.0,27.75,26.17
2026-07-18,824657,38.0,-10.0,26.30,28.13
2026-07-18,824412,-3.0,20.0,28.70,27.00
2026-07-19,824330,-28.0,-3.0,28.10,28.53
2026-07-19,824978,-16.0,-33.0,27.07,27.67
2026-07-19,824007,-53.0,-2.0,27.65,27.33
2026-07-19,823439,8.0,-13.0,25.95,27.73
2026-07-19,825057,7.0,36.0,27.15,27.57
2026-07-19,823764,32.0,20.0,28.03,28.77
2026-07-19,824411,-3.0,20.0,28.67,27.30
2026-07-19,823113,-28.0,-25.0,26.33,27.90
2026-07-19,824897,5.0,26.0,27.75,26.17
2026-07-19,824086,29.0,-8.0,27.75,27.07
2026-07-19,824653,38.0,-10.0,27.03,26.25
2026-07-19,824168,30.0,-23.0,28.23,26.23
2026-07-19,824739,9.0,-29.0,26.23,28.27
2026-07-19,822786,20.0,-24.0,27.50,27.60
2026-07-19,823521,-2.0,15.0,27.43,26.77
2026-07-20,824328,-28.0,-33.0,27.93,28.70
2026-07-20,823762,32.0,-13.0,25.95,28.77
2026-07-20,824006,-53.0,36.0,25.90,28.40
2026-07-20,825058,7.0,-16.0,27.67,27.33
2026-07-20,823522,-2.0,20.0,27.97,26.77
2026-07-20,824898,5.0,-8.0,27.63,26.17
2026-07-20,824654,38.0,-2.0,27.70,28.13
2026-07-20,824167,30.0,20.0,28.03,27.13
2026-07-20,823436,8.0,15.0,28.17,27.73
2026-07-20,824410,-3.0,-10.0,27.43,25.40
2026-07-20,822788,20.0,-29.0,26.23,27.60
2026-07-20,824087,29.0,-25.0,26.33,27.57
2026-07-20,822874,26.0,-24.0,27.50,26.87
2026-07-20,824736,9.0,-23.0,27.03,27.80
2026-07-20,823112,-28.0,-3.0,27.33,27.43
2026-07-21,824329,-28.0,-33.0,26.87,28.55
2026-07-21,824005,-53.0,36.0,25.90,27.33
2026-07-21,824895,5.0,-8.0,27.50,26.17
2026-07-21,824085,29.0,-25.0,26.67,28.17
2026-07-21,823519,-2.0,20.0,28.50,26.77
2026-07-21,824735,9.0,-23.0,27.03,27.70
2026-07-21,823760,32.0,-13.0,25.95,28.10
2026-07-21,822787,20.0,-29.0,26.23,27.60
2026-07-21,822871,26.0,-24.0,27.50,25.85
2026-07-21,824165,30.0,20.0,28.10,27.13
2026-07-21,823114,-28.0,-3.0,27.77,27.33
2026-07-21,824409,-3.0,-10.0,27.40,27.15
2026-07-21,823437,8.0,15.0,27.23,27.73
2026-07-21,824652,38.0,-2.0,28.15,27.20
2026-07-21,825056,7.0,-16.0,27.67,27.87
2026-07-22,824004,-53.0,36.0,27.50,27.33
2026-07-22,823518,-2.0,20.0,28.03,27.10
2026-07-22,825055,7.0,-16.0,28.20,27.70
2026-07-22,823438,8.0,15.0,27.23,27.73
2026-07-22,824896,5.0,-8.0,27.13,26.17
2026-07-22,823761,32.0,-13.0,26.75,28.77
2026-07-22,824327,-28.0,-33.0,27.83,28.53
2026-07-22,823110,-28.0,-3.0,27.33,27.83
2026-07-22,822873,26.0,-24.0,27.50,28.40
2026-07-22,824083,29.0,-25.0,26.30,27.43
2026-07-22,822784,20.0,-29.0,26.23,27.60
2026-07-22,824408,-3.0,-10.0,27.43,27.85
2026-07-22,824650,38.0,-2.0,27.65,28.13
2026-07-22,824166,30.0,20.0,28.10,27.80
2026-07-22,824732,9.0,-23.0,27.03,27.80
2026-07-23,824247,-2.0,29.0,27.43,26.20
2026-07-23,824406,-3.0,-10.0,27.40,27.85
2026-07-23,824893,5.0,-8.0,27.13,26.17
2026-07-23,822785,20.0,-29.0,26.23,27.83
2026-07-24,822707,-33.0,7.0,27.87,27.47
2026-07-24,822952,-29.0,-3.0,26.25,26.23
2026-07-24,824733,9.0,20.0,27.75,27.80
2026-07-24,824573,-24.0,30.0,27.13,27.50
2026-07-24,824248,-2.0,29.0,27.07,27.27
2026-07-24,823759,32.0,-28.0,28.70,28.77
2026-07-24,822872,26.0,-28.0,27.80,27.63
2026-07-24,823601,-13.0,15.0,28.17,26.60
2026-07-24,823031,36.0,-3.0,27.33,27.10
2026-07-24,823352,20.0,38.0,28.13,28.70
2026-07-24,823434,8.0,-2.0,26.77,27.73
2026-07-24,823196,-25.0,-53.0,28.40,26.30
2026-07-24,823680,-10.0,-16.0,27.67,28.13
2026-07-24,823843,20.0,-8.0,27.50,28.10
2026-07-24,824812,-23.0,5.0,26.17,27.57
2026-07-25,822948,-29.0,-3.0,27.85,26.23
2026-07-25,822704,-33.0,7.0,28.00,27.07
2026-07-25,823841,20.0,-8.0,27.50,28.10
2026-07-25,822869,26.0,-28.0,27.83,27.00
2026-07-25,823758,32.0,-28.0,28.70,28.77
2026-07-25,823197,-25.0,-53.0,28.65,27.50
2026-07-25,824571,-24.0,30.0,27.13,27.30
2026-07-25,823600,-13.0,15.0,27.23,26.75
2026-07-25,824734,9.0,20.0,27.10,27.80
2026-07-25,824811,-23.0,5.0,26.17,27.57
2026-07-25,823027,36.0,-3.0,27.33,27.10
2026-07-25,823355,20.0,38.0,27.20,29.00
2026-07-25,824244,-2.0,29.0,27.87,27.10
2026-07-25,823435,8.0,-2.0,26.77,27.73
2026-07-25,823679,-10.0,-16.0,27.17,28.80
2026-07-26,823840,20.0,-8.0,27.50,28.10
2026-07-26,822950,-29.0,-3.0,27.85,26.40
2026-07-26,822706,-33.0,7.0,28.00,28.63
2026-07-26,824572,-24.0,30.0,25.90,27.50
2026-07-26,822870,26.0,-28.0,27.83,27.63
2026-07-26,823755,32.0,-28.0,29.50,28.03
2026-07-26,823028,36.0,-3.0,28.10,27.50
2026-07-26,824730,9.0,20.0,26.17,28.27
2026-07-26,824246,-2.0,29.0,27.37,27.10
2026-07-26,823599,-13.0,15.0,27.37,26.75
2026-07-26,823354,20.0,38.0,28.13,28.03
2026-07-26,823194,-25.0,-53.0,28.40,26.30
2026-07-26,824810,-23.0,5.0,26.17,27.57
2026-07-26,823678,-10.0,-16.0,26.43,28.13
2026-07-26,823433,8.0,-2.0,26.77,27.73
2026-07-27,822705,-33.0,20.0,27.60,26.40
2026-07-27,824001,-53.0,30.0,27.13,27.33
2026-07-27,824977,-16.0,9.0,26.87,26.53
2026-07-27,823195,-25.0,32.0,28.77,26.30
2026-07-27,823353,20.0,7.0,28.00,28.03
2026-07-27,824490,-3.0,-3.0,27.85,27.33
2026-07-27,823597,-13.0,5.0,27.07,26.75
2026-07-27,822868,26.0,-28.0,27.83,27.63
2026-07-27,824245,-2.0,-23.0,27.07,26.90
2026-07-27,823839,20.0,8.0,27.73,28.60
2026-07-27,824570,-24.0,-2.0,27.30,27.50
2026-07-27,823025,36.0,38.0,27.97,27.50
2026-07-28,824569,-24.0,-2.0,26.77,27.30
2026-07-28,823838,20.0,8.0,28.70,28.10
2026-07-28,822703,-33.0,20.0,28.35,27.77
2026-07-28,823598,-13.0,5.0,26.40,27.50
2026-07-28,824003,-53.0,30.0,27.90,27.33
2026-07-28,824976,-16.0,9.0,27.50,26.43
2026-07-28,824243,-2.0,-23.0,28.70,
2026-07-28,823676,-10.0,29.0,27.87,27.40
2026-07-28,823275,-8.0,-28.0,28.53,27.50
2026-07-28,823350,20.0,7.0,28.00,28.03
2026-07-28,823193,-25.0,32.0,28.10,26.30
2026-07-28,822949,-29.0,26.0,27.63,26.23
2026-07-28,823923,15.0,-28.0,28.23,27.23
2026-07-28,823026,36.0,38.0,27.45,
2026-07-28,824489,-3.0,-3.0,27.85,27.33
2026-07-29,824973,-16.0,9.0,28.60,26.75
2026-07-29,824002,-53.0,30.0,27.13,27.33
2026-07-29,822702,-33.0,20.0,28.35,27.33
2026-07-29,822947,-29.0,26.0,28.33,26.23
2026-07-29,823924,15.0,-28.0,28.23,27.23
2026-07-29,824242,-2.0,-23.0,27.03,28.50
2026-07-29,824487,-3.0,-3.0,27.80,27.77
2026-07-29,823351,20.0,7.0,28.00,27.97
2026-07-29,824567,-24.0,-2.0,27.10,27.30
2026-07-29,823022,36.0,38.0,28.13,27.50
2026-07-29,823596,-13.0,5.0,26.40,26.75
2026-07-29,823677,-10.0,29.0,27.87,27.43
2026-07-29,823837,20.0,8.0,28.70,27.80
2026-07-29,823192,-25.0,32.0,28.40,26.20
2026-07-29,823273,-8.0,-28.0,28.55,27.50
2026-07-30,823921,15.0,-28.0,27.33,27.37
2026-07-30,822946,-29.0,26.0,28.33,26.23
2026-07-30,824894,5.0,-33.0,27.77,26.40
2026-07-30,823023,36.0,38.0,28.13,27.10
2026-07-30,824488,-3.0,20.0,28.03,27.33
2026-07-30,823595,-13.0,20.0,27.67,26.75
2026-07-30,824568,-24.0,-2.0,27.63,27.25
2026-07-30,823674,-10.0,29.0,27.87,25.67
2026-07-30,824974,-16.0,9.0,27.80,27.17
2026-07-30,823271,-8.0,-25.0,26.30,27.13
2026-07-31,822945,-29.0,-24.0,27.50,26.23
2026-07-31,824325,-28.0,29.0,27.87,28.53
2026-07-31,823999,-53.0,32.0,28.77,27.33
2026-07-31,824975,-16.0,-2.0,26.90,26.10
2026-07-31,824164,30.0,26.0,28.90,27.77
2026-07-31,823593,-13.0,20.0,27.67,26.75
2026-07-31,822782,20.0,36.0,27.10,28.15
2026-07-31,824407,-3.0,7.0,28.00,28.05
2026-07-31,824892,5.0,-33.0,27.23,26.40
2026-07-31,824486,-3.0,20.0,28.03,27.33
2026-07-31,824651,38.0,-2.0,26.77,28.00
2026-07-31,823111,-28.0,-10.0,26.90,27.33
2026-07-31,823922,15.0,9.0,28.23,27.33
2026-07-31,824809,-23.0,8.0,27.73,27.57
2026-07-31,823272,-8.0,-25.0,27.70,27.13
2026-08-01,824326,-28.0,29.0,26.97,28.70
2026-08-01,822944,-29.0,-24.0,27.50,28.23
2026-08-01,824000,-53.0,32.0,28.10,27.33
2026-08-01,824972,-16.0,-2.0,26.90,26.53
2026-08-01,823109,-28.0,-10.0,26.63,27.33
2026-08-01,823269,-8.0,-25.0,26.87,27.50
2026-08-01,824808,-23.0,8.0,27.73,28.23
2026-08-01,824485,-3.0,20.0,28.03,27.33
2026-08-01,824890,5.0,-33.0,27.23,26.40
2026-08-01,824405,-3.0,7.0,28.00,27.85
2026-08-01,823920,15.0,9.0,27.80,28.17
2026-08-01,823594,-13.0,20.0,27.80,26.75
2026-08-01,824162,30.0,26.0,27.37,27.13
2026-08-01,824649,38.0,-2.0,26.77,27.97
2026-08-01,822781,20.0,36.0,27.10,27.45
2026-08-02,824323,-28.0,29.0,27.57,29.20
2026-08-02,824971,-16.0,-2.0,26.90,26.30
2026-08-02,822783,20.0,36.0,27.07,26.45
2026-08-02,822943,-29.0,-24.0,28.55,26.43
2026-08-02,823996,-53.0,32.0,29.03,27.33
2026-08-02,823107,-28.0,-10.0,26.07,27.33
2026-08-02,823919,15.0,9.0,28.23,28.17
2026-08-02,823270,-8.0,-25.0,26.30,26.97
2026-08-02,824404,-3.0,7.0,28.00,27.80
2026-08-02,824648,38.0,-2.0,27.23,27.97
2026-08-02,824483,-3.0,20.0,28.67,27.33
2026-08-02,824163,30.0,26.0,27.10,27.60
2026-08-02,824807,-23.0,8.0,27.73,27.57
2026-08-02,824891,5.0,-33.0,28.63,26.40
2026-08-02,823592,-13.0,20.0,27.27,26.75
2026-08-03,824324,-28.0,-29.0,26.23,28.70
2026-08-03,825095,7.0,-8.0,27.50,28.13
2026-08-03,823757,32.0,20.0,28.03,28.77
2026-08-03,823520,-2.0,36.0,27.10,26.90
2026-08-03,824160,30.0,20.0,27.10,27.13
2026-08-03,822867,26.0,-25.0,28.10,26.47
2026-08-03,823431,8.0,-33.0,27.20,28.65
2026-08-03,824647,38.0,15.0,28.17,27.97
2026-08-04,825054,7.0,-8.0,26.40,28.63
2026-08-04,823756,32.0,20.0,28.03,29.03
2026-08-04,824321,-28.0,-29.0,26.23,29.20
2026-08-04,823432,8.0,-33.0,26.95,28.77
2026-08-04,823517,-2.0,36.0,25.90,26.90
2026-08-04,822865,26.0,-25.0,28.10,27.37
2026-08-04,824084,29.0,-10.0,25.73,28.17
2026-08-04,824403,-3.0,-13.0,26.75,27.60
2026-08-04,824161,30.0,20.0,27.10,27.13
2026-08-04,824645,38.0,15.0,27.23,27.97
2026-08-04,824484,-3.0,-16.0,27.10,27.33
2026-08-04,824731,9.0,-24.0,27.25,28.50
2026-08-04,824888,5.0,20.0,27.73,26.40
2026-08-04,824805,-23.0,-53.0,27.33,27.53
2026-08-04,823108,-28.0,-2.0,28.05,27.33
2026-08-05,824322,-28.0,-29.0,26.50,28.55
2026-08-05,823753,32.0,20.0,28.03,29.03
2026-08-05,825052,7.0,-8.0,27.80,27.70
2026-08-05,823429,8.0,-33.0,28.60,27.73
2026-08-05,823106,-28.0,-2.0,26.90,27.87
2026-08-05,823516,-2.0,36.0,25.90,27.10
2026-08-05,824482,-3.0,-16.0,27.10,27.77
2026-08-05,824158,30.0,20.0,27.15,27.57
2026-08-05,824646,38.0,15.0,26.90,27.97
2026-08-05,824402,-3.0,-13.0,26.75,27.87
2026-08-05,824806,-23.0,-53.0,27.33,27.57
2026-08-05,824728,9.0,-24.0,27.50,28.23
2026-08-05,824082,29.0,-10.0,26.47,28.17
2026-08-05,824889,5.0,20.0,27.97,26.40
2026-08-05,822866,26.0,-25.0,27.03,28.33
2026-08-06,825053,7.0,-8.0,27.20,28.00
2026-08-06,823430,8.0,-33.0,28.40,28.00
2026-08-06,823754,32.0,20.0,28.03,29.03
2026-08-06,824804,-23.0,-53.0,26.95,27.57
2026-08-06,824481,-3.0,-16.0,25.20,27.33
2026-08-06,824080,29.0,-10.0,27.63,28.17
2026-08-06,824885,5.0,20.0,28.43,26.40
2026-08-06,823105,-28.0,-2.0,27.60,27.17
2026-08-06,824729,9.0,-24.0,27.25,28.23
2026-08-06,824401,-3.0,-13.0,27.80,26.35
2026-08-07,825051,7.0,15.0,27.23,28.00
2026-08-07,823836,20.0,-53.0,26.95,27.43
2026-08-07,824566,-24.0,-3.0,27.85,27.25
2026-08-07,823750,32.0,-10.0,27.00,28.40
2026-08-07,822863,26.0,-23.0,27.47,26.47
2026-08-07,823515,-2.0,5.0,27.07,27.50
2026-08-07,823103,-28.0,-29.0,26.23,27.60
2026-08-07,823349,20.0,-13.0,26.75,28.03
2026-08-07,823024,36.0,-28.0,29.20,27.10
2026-08-07,823428,8.0,20.0,27.00,29.13
2026-08-07,823266,-8.0,30.0,27.13,27.50
2026-08-07,824727,9.0,-16.0,25.20,29.00
2026-08-07,822699,-33.0,-3.0,27.33,28.00
2026-08-07,824081,29.0,38.0,27.97,28.17
2026-08-07,823191,-25.0,-2.0,26.90,27.03
2026-08-08,822864,26.0,-23.0,28.55,27.57
2026-08-08,824565,-24.0,-3.0,27.60,28.50
2026-08-08,823426,8.0,20.0,27.10,27.93
2026-08-08,823834,20.0,-53.0,26.00,27.83
2026-08-08,825049,7.0,15.0,27.23,28.00
2026-08-08,823752,32.0,-10.0,26.83,28.40
2026-08-08,823102,-28.0,-29.0,26.23,27.60
2026-08-08,823021,36.0,-28.0,28.70,27.50
2026-08-08,824726,9.0,-16.0,26.10,28.43
2026-08-08,823348,20.0,-13.0,27.00,28.45
2026-08-08,824079,29.0,38.0,28.13,28.17
2026-08-08,823514,-2.0,5.0,26.40,27.03
2026-08-08,823267,-8.0,30.0,27.13,27.50
2026-08-08,823188,-25.0,-2.0,28.05,26.80
2026-08-08,822701,-33.0,-3.0,27.77,28.60
2026-08-09,823751,32.0,-10.0,25.97,29.03
2026-08-09,825050,7.0,15.0,27.23,28.00
2026-08-09,823020,36.0,-28.0,29.90,25.90
2026-08-09,823835,20.0,-53.0,27.60,27.90
2026-08-09,823425,8.0,20.0,25.65,28.65
2026-08-09,822700,-33.0,-3.0,27.33,26.97
2026-08-09,823345,20.0,-13.0,26.75,28.95
2026-08-09,824564,-24.0,-3.0,27.85,28.50
2026-08-09,823513,-2.0,5.0,27.00,27.23
2026-08-09,824078,29.0,38.0,27.75,28.47
2026-08-09,822862,26.0,-23.0,27.90,26.83
2026-08-09,823190,-25.0,-2.0,28.05,27.03
2026-08-09,823104,-28.0,-29.0,27.20,27.60
2026-08-09,824724,9.0,-16.0,26.10,28.23
2026-08-09,823268,-8.0,30.0,27.13,27.50
2026-08-10,824969,-16.0,-29.0,26.23,26.97
2026-08-10,823998,-53.0,26.0,27.67,27.33
2026-08-10,823018,36.0,8.0,27.43,25.90
2026-08-10,825048,7.0,-28.0,29.90,27.77
2026-08-10,823675,-10.0,-23.0,27.47,27.00
2026-08-10,823265,-8.0,32.0,28.40,27.50
2026-08-10,822780,20.0,9.0,28.23,27.10
2026-08-10,824887,5.0,-13.0,26.75,26.40
2026-08-10,823189,-25.0,30.0,27.13,27.03
2026-08-10,823918,15.0,29.0,28.47,27.23
2026-08-11,825046,7.0,-28.0,29.90,27.93
2026-08-11,824970,-16.0,-29.0,27.00,28.10
2026-08-11,823997,-53.0,26.0,27.10,27.33
2026-08-11,823917,15.0,29.0,28.47,27.23
2026-08-11,823512,-2.0,-28.0,28.07,27.23
2026-08-11,824240,-2.0,-3.0,27.85,28.05
2026-08-11,822778,20.0,9.0,27.40,26.90
2026-08-11,824563,-24.0,-3.0,27.33,27.50
2026-08-11,824886,5.0,-13.0,26.75,26.40
2026-08-11,823264,-8.0,32.0,29.33,27.00
2026-08-11,823673,-10.0,-23.0,27.47,25.73
2026-08-11,823019,36.0,8.0,29.13,27.50
2026-08-11,823832,20.0,20.0,28.03,27.80
2026-08-11,822697,-33.0,38.0,28.13,28.40
2026-08-11,823186,-25.0,30.0,27.13,27.03
2026-08-12,823994,-53.0,26.0,26.30,26.95
2026-08-12,825047,7.0,-28.0,29.90,28.00
2026-08-12,823511,-2.0,-28.0,27.60,27.10
2026-08-12,823833,20.0,20.0,28.03,28.13
2026-08-12,823916,15.0,29.0,28.47,28.17
2026-08-12,824562,-24.0,-3.0,27.33,27.10
2026-08-12,823017,36.0,8.0,27.73,25.90
2026-08-12,824883,5.0,-13.0,26.75,26.40
2026-08-12,823263,-8.0,32.0,29.05,26.97
2026-08-12,823672,-10.0,-23.0,27.47,26.77
2026-08-12,822779,20.0,9.0,27.40,26.90
2026-08-12,824241,-2.0,-3.0,27.85,26.90
2026-08-12,824967,-16.0,-29.0,26.23,27.70
2026-08-12,822698,-33.0,38.0,27.97,28.40
2026-08-12,823187,-25.0,30.0,27.13,27.27
2026-08-13,823915,15.0,32.0,29.10,28.17
2026-08-13,823995,-53.0,26.0,26.95,26.95
2026-08-13,824561,-24.0,-3.0,27.33,27.07
2026-08-13,823829,20.0,20.0,26.20,28.30
2026-08-13,822776,20.0,9.0,28.23,27.67
2026-08-13,822696,-33.0,38.0,29.40,28.60
2026-08-13,824238,-2.0,-3.0,27.13,26.90
2026-08-13,823508,-2.0,-28.0,28.33,27.23
2026-08-13,823669,-10.0,8.0,28.77,27.40
2026-08-14,823993,-53.0,29.0,28.17,27.70
2026-08-14,823913,15.0,32.0,28.80,28.07
2026-08-14,824643,38.0,36.0,25.90,27.97
2026-08-14,823185,-25.0,-28.0,28.87,24.95
2026-08-14,823591,-13.0,-33.0,28.00,26.75
2026-08-14,822777,20.0,-2.0,27.10,27.30
2026-08-14,824479,-3.0,20.0,28.30,27.33
2026-08-14,824399,-3.0,-8.0,27.50,27.50
2026-08-14,824237,-2.0,-24.0,28.50,26.90
2026-08-14,824159,30.0,-28.0,27.33,27.73
2026-08-14,823346,20.0,9.0,27.03,28.45
2026-08-14,824968,-16.0,26.0,27.17,26.95
2026-08-14,822942,-29.0,-23.0,27.27,28.33
2026-08-14,824882,5.0,7.0,28.00,26.40
2026-08-15,823671,-10.0,8.0,26.85,28.13
2026-08-15,823990,-53.0,29.0,28.47,26.95
2026-08-15,824966,-16.0,26.0,25.93,27.25
2026-08-15,822941,-29.0,-23.0,26.23,27.30
2026-08-15,824884,5.0,7.0,28.00,26.40
2026-08-15,824480,-3.0,20.0,28.33,27.33
2026-08-15,824157,30.0,-28.0,26.93,27.13
2026-08-15,824239,-2.0,-24.0,28.50,27.27
2026-08-15,823588,-13.0,-33.0,28.40,26.75
2026-08-15,823184,-25.0,-28.0,28.20,25.87
2026-08-15,823914,15.0,32.0,29.25,27.23
2026-08-15,824644,38.0,36.0,27.50,28.13
2026-08-15,823347,20.0,9.0,27.97,26.83
2026-08-15,822775,20.0,-2.0,27.23,25.80
2026-08-15,824400,-3.0,-8.0,27.50,27.85
2026-08-16,823991,-53.0,29.0,28.17,28.00
2026-08-16,824965,-16.0,26.0,28.33,27.50
2026-08-16,823590,-13.0,-33.0,28.60,26.75
2026-08-16,822774,20.0,-2.0,27.17,27.50
2026-08-16,822940,-29.0,-23.0,28.10,26.23
2026-08-16,824642,38.0,36.0,25.90,27.97
2026-08-16,824477,-3.0,20.0,27.97,27.33
2026-08-16,824236,-2.0,-24.0,27.50,26.90
2026-08-16,824880,5.0,7.0,28.00,26.40
2026-08-16,823182,-25.0,-28.0,29.20,25.87
2026-08-16,824156,30.0,-28.0,26.93,28.17
2026-08-16,823344,20.0,9.0,28.23,28.45
2026-08-16,823670,-10.0,8.0,27.23,27.10
2026-08-16,824397,-3.0,-8.0,27.50,27.80
2026-08-16,823912,15.0,32.0,27.70,27.23
2026-08-17,824320,-28.0,15.0,27.23,28.45
2026-08-17,822939,-29.0,-23.0,27.40,26.23
2026-08-17,824641,38.0,-24.0,27.25,28.13
2026-08-17,823427,8.0,20.0,28.37,28.00
2026-08-17,823589,-13.0,-8.0,27.50,26.75
2026-08-17,823668,-10.0,5.0,26.40,28.27
2026-08-17,824077,29.0,-16.0,26.70,28.17
2026-08-17,823343,20.0,-2.0,26.90,28.10
2026-08-17,824478,-3.0,36.0,25.55,27.33
2026-08-17,824725,9.0,7.0,27.77,28.23
2026-08-18,824319,-28.0,15.0,27.23,29.05
2026-08-18,822938,-29.0,20.0,25.80,27.40
2026-08-18,823749,32.0,-28.0,27.43,28.05
2026-08-18,822859,26.0,-33.0,26.93,26.43
2026-08-18,824154,30.0,-53.0,26.95,27.13
2026-08-18,824398,-3.0,-25.0,25.00,27.85
2026-08-18,824475,-3.0,36.0,27.50,27.33
2026-08-18,824803,-23.0,-2.0,27.23,27.60
2026-08-18,823667,-10.0,5.0,26.40,28.27
2026-08-18,823423,8.0,20.0,28.30,27.73
2026-08-18,823341,20.0,-2.0,26.90,26.83
2026-08-18,824723,9.0,7.0,28.07,28.23
2026-08-18,823586,-13.0,-8.0,27.20,27.50
2026-08-18,824075,29.0,-16.0,27.25,28.23
2026-08-18,824639,38.0,-24.0,27.50,27.97
2026-08-19,824318,-28.0,15.0,28.07,29.20
2026-08-19,822937,-29.0,20.0,26.53,27.40
2026-08-19,824476,-3.0,36.0,25.90,27.77
2026-08-19,822860,26.0,-33.0,28.60,26.47
2026-08-19,823748,32.0,-28.0,27.47,28.40
2026-08-19,823424,8.0,20.0,28.30,28.77
2026-08-19,823587,-13.0,-8.0,27.50,26.75
2026-08-19,824801,-23.0,-2.0,26.90,27.47
2026-08-19,823664,-10.0,5.0,26.40,28.03
2026-08-19,824722,9.0,7.0,28.07,28.23
2026-08-19,823342,20.0,-2.0,26.20,26.83
2026-08-19,824155,30.0,-53.0,26.95,26.40
2026-08-19,824394,-3.0,-25.0,26.50,27.30
2026-08-19,824640,38.0,-24.0,28.50,27.97
2026-08-19,824076,29.0,-16.0,27.25,28.93
2026-08-20,822934,-29.0,20.0,26.00,27.40
2026-08-20,822861,26.0,-33.0,27.00,27.37
2026-08-20,824474,-3.0,36.0,25.90,27.33
2026-08-20,823747,32.0,-28.0,26.93,28.40
2026-08-20,824074,29.0,-16.0,27.25,29.17
2026-08-20,824153,30.0,-53.0,28.30,26.30
2026-08-20,824395,-3.0,-25.0,26.30,27.87
2026-08-20,824802,-23.0,-2.0,27.23,27.47
2026-08-21,824317,-28.0,-3.0,27.80,28.53
2026-08-21,823746,32.0,5.0,26.40,28.10
2026-08-21,825045,7.0,-3.0,27.77,27.77
2026-08-21,824559,-24.0,-13.0,26.75,27.25
2026-08-21,823830,20.0,-33.0,26.77,27.90
2026-08-21,822857,26.0,-53.0,27.33,27.10
2026-08-21,824072,29.0,-2.0,27.25,28.17
2026-08-21,824721,9.0,-25.0,26.50,28.23
2026-08-21,823911,15.0,20.0,26.83,26.83
2026-08-21,823101,-28.0,38.0,28.13,27.47
2026-08-21,824800,-23.0,-29.0,26.00,27.47
2026-08-21,824152,30.0,-16.0,27.25,26.90
2026-08-21,823510,-2.0,20.0,25.95,27.33
2026-08-21,823420,8.0,36.0,27.50,27.73
2026-08-21,823262,-8.0,-10.0,28.03,27.13
2026-08-22,824316,-28.0,-3.0,,
2026-08-22,825044,7.0,-3.0,,
2026-08-22,823831,20.0,-33.0,28.63,27.95
2026-08-22,823743,32.0,5.0,26.40,28.10
2026-08-22,824073,29.0,-2.0,,
2026-08-22,824560,-24.0,-13.0,,
2026-08-22,824151,30.0,-16.0,,
2026-08-22,823910,15.0,20.0,,
2026-08-22,823509,-2.0,20.0,25.60,27.23
2026-08-22,823261,-8.0,-10.0,,
2026-08-22,824798,-23.0,-29.0,,
2026-08-22,824718,9.0,-25.0,,
2026-08-22,822858,26.0,-53.0,,
2026-08-22,823422,8.0,36.0,,27.73
2026-08-22,823100,-28.0,38.0,,
