date,game_pk,away_top3_xwoba,home_top3_xwoba,away_top3_k,home_top3_k,away_top3_fi_xwoba,home_top3_fi_xwoba,t1_platoon_xwoba,b1_platoon_xwoba,away_top3_n,home_top3_n,away_lead_xwoba,home_lead_xwoba,away_mid_xwoba,home_mid_xwoba
2024-04-01,744875,0.3265,0.3219,0.2361,0.2346,0.3217,0.3209,,,3,3,0.3237,0.3262,0.3063,0.3186
2024-04-01,745109,0.3333,0.3320,0.2167,0.2334,0.3160,0.3228,,,3,3,0.3425,0.3305,0.3258,0.3308
2024-04-01,745277,0.3192,0.3174,0.2061,0.2407,0.3194,0.3161,,,3,3,0.3247,0.3219,0.3342,0.3223
2024-04-01,745437,0.3138,0.3332,0.2521,0.2149,0.3036,0.3113,,,3,3,0.3112,0.3186,0.3066,0.3309
2024-04-01,745600,0.3243,0.3162,0.2246,0.2371,0.3137,0.3154,,,3,3,0.3397,0.3156,0.3143,0.3248
2024-04-01,745675,0.3180,0.3129,0.2318,0.2473,0.3148,0.3165,,,3,2,0.3182,0.3129,0.3148,0.3175
2024-04-01,745842,0.3250,0.3231,0.2219,0.2255,0.3203,0.3256,,,3,3,0.3329,0.3157,0.3131,0.3264
2024-04-01,746085,0.3123,0.3272,0.2417,0.2191,0.3244,0.3250,,,3,3,0.3044,0.3119,0.3256,0.3289
2024-04-01,746170,0.3251,0.3498,0.2368,0.2157,0.3175,0.3369,,,3,3,0.3339,0.3701,0.3354,0.3284
2024-04-01,746409,0.3354,0.3273,0.2269,0.2321,0.3247,0.3156,,,3,2,0.3268,0.3174,0.3133,0.3286
2024-04-01,746817,0.3174,0.3165,0.2317,0.2396,0.3180,0.3237,,,3,3,0.3156,0.3086,0.3107,0.3148
2024-04-01,746899,0.3175,0.3214,0.2344,0.2135,0.3210,0.3218,,,3,3,0.3285,0.3258,0.3150,0.3299
2024-04-01,747058,0.3327,0.3365,0.2408,0.2131,0.3209,0.3313,,,3,3,0.3325,0.3502,0.3186,0.3330
2024-04-01,747218,0.3204,0.3414,0.2270,0.2107,0.3174,0.3377,,,3,3,0.3111,0.3284,0.3169,0.3381
2024-04-02,745111,0.3357,0.3220,0.2069,0.2291,0.3197,0.3223,0.3224,,3,3,0.3422,0.3217,0.3310,0.3274
2024-04-02,745273,0.3152,0.3156,0.2070,0.2405,0.3179,0.3142,0.3310,0.3163,3,3,0.3204,0.3157,0.3392,0.3212
2024-04-02,745439,0.3253,0.3390,0.2398,0.2103,0.3196,0.3122,0.3186,0.3257,3,3,0.3240,0.3249,0.3174,0.3277
2024-04-02,745598,0.3305,0.3192,0.2376,0.2366,0.3162,0.3305,,,3,3,0.3506,0.3295,0.3193,0.3201
2024-04-02,745680,0.3397,0.3084,0.2213,0.2369,0.3168,0.3207,0.3233,0.3221,3,3,0.3362,0.3092,0.3081,0.3245
2024-04-02,745844,0.3256,0.3214,0.2287,0.2216,0.3201,0.3290,,,3,3,0.3407,0.3197,0.3184,0.3293
2024-04-02,746009,0.3244,0.3233,0.2239,0.2339,0.3152,0.3189,,,3,3,0.3195,0.3128,0.3138,0.3090
2024-04-02,746086,0.3182,0.3264,0.2487,0.2152,0.3189,0.3267,0.3209,,3,3,0.3057,0.3242,0.3239,0.3302
2024-04-02,746169,0.3312,0.3479,0.2238,0.2137,0.3357,0.3367,0.3150,0.3174,3,3,0.3314,0.3692,0.3303,0.3291
2024-04-02,746411,0.3270,0.3332,0.2242,0.2224,0.3215,0.3199,0.3199,0.3184,3,3,0.3300,0.3178,0.3100,0.3257
2024-04-02,746814,0.3264,0.3124,0.2242,0.2452,0.3181,0.3243,0.3140,,3,3,0.3180,0.3017,0.3112,0.3144
2024-04-02,746898,0.3158,0.3237,0.2343,0.2235,0.3195,0.3228,,0.3363,3,3,0.3391,0.3205,0.3006,0.3269
2024-04-02,747057,0.3335,0.3380,0.2331,0.2138,0.3211,0.3310,,,3,3,0.3256,0.3438,0.3157,0.3379
2024-04-02,747220,0.3219,0.3595,0.2227,0.2196,0.3212,0.3560,0.3267,0.3218,3,1,0.3136,,0.3160,0.3257
2024-04-03,744869,0.3249,0.3184,0.2295,0.2323,0.3245,0.3177,,0.3217,3,3,0.3083,0.3219,0.3162,0.3122
2024-04-03,745114,0.3279,0.3188,0.2180,0.2357,0.3158,0.3204,0.3152,0.3245,3,3,0.3359,0.3129,0.3374,0.3225
2024-04-03,745275,0.3158,0.3116,0.2092,0.2519,0.3143,0.3170,0.3150,0.3182,3,3,0.3189,0.3112,0.3382,0.3118
2024-04-03,745440,0.3252,0.3410,0.2396,0.2076,0.3226,0.3120,0.3393,0.3232,3,3,0.3133,0.3255,0.3076,0.3211
2024-04-03,745603,0.3267,0.3286,0.2392,0.2347,0.3127,0.3322,0.3093,0.3090,3,3,0.3461,0.3254,0.3184,0.3239
2024-04-03,745678,0.3188,0.3071,0.2298,0.2398,0.3127,0.3133,0.3195,0.3184,3,3,0.3264,0.3006,0.3191,0.3065
2024-04-03,745843,0.3136,0.3205,0.2220,0.2206,0.3153,0.3257,,,3,3,0.3031,0.3188,0.3288,0.3360
2024-04-03,746008,0.3221,0.3237,0.2292,0.2314,0.3158,0.3188,,,3,3,0.3209,0.3070,0.3177,0.3181
2024-04-03,746083,0.3268,0.3179,0.2394,0.2201,0.3154,0.3186,0.3285,0.3242,3,3,0.3266,0.3139,0.3209,0.3308
2024-04-03,746163,0.3247,0.3491,0.2300,0.2134,0.3157,0.3369,0.3142,0.3205,3,3,0.3272,0.3647,0.3422,0.3240
2024-04-03,746407,0.3254,0.3334,0.2200,0.2123,0.3174,0.3192,0.3017,0.3136,3,3,0.3243,0.3338,0.3097,0.3313
2024-04-03,746816,0.3300,0.3213,0.2117,0.2414,0.3171,0.3262,,0.3298,3,2,0.3324,,0.3080,0.3089
2024-04-03,746900,0.3300,0.3346,0.2121,0.2046,0.3191,0.3323,0.3194,0.3269,3,3,0.3410,0.3314,0.3029,0.3298
2024-04-03,747059,0.3390,0.3407,0.2286,0.2079,0.3154,0.3366,0.3065,0.3237,3,3,0.3379,0.3374,0.3144,0.3143
2024-04-03,747219,0.3192,0.3368,0.2200,0.2043,0.3204,0.3370,0.3167,0.3249,3,3,0.3141,0.3297,0.3274,0.3308
2024-04-04,744870,0.3207,0.3173,0.2376,0.2327,0.3165,0.3061,0.3261,0.3264,3,3,0.3069,0.3233,0.3279,0.3252
2024-04-04,745200,0.3165,0.3099,0.2137,0.2325,0.3073,0.3075,0.3177,0.3195,3,3,0.3166,0.2998,0.3298,0.3210
2024-04-04,745928,0.3154,0.3209,0.2010,0.2198,0.3117,0.3013,0.3189,0.3298,3,3,0.3241,0.3045,0.3267,0.3156
2024-04-04,746327,0.3099,0.3165,0.2469,0.2304,0.3093,0.3076,0.3163,0.3285,3,3,0.2937,0.3337,0.3181,0.3219
2024-04-05,744874,0.3275,0.3185,0.2341,0.2334,0.3228,0.3018,0.3243,0.3234,3,3,0.3376,0.3303,0.3149,0.3230
2024-04-05,745033,0.3257,0.3096,0.2287,0.2354,0.3131,0.3134,0.3160,0.3182,3,2,0.3094,,0.3291,0.3239
2024-04-05,745361,0.3412,0.3291,0.2033,0.2070,0.3082,0.3071,0.3124,0.3147,3,3,0.3265,0.3224,0.3191,0.3378
2024-04-05,745524,0.3362,0.3221,0.2116,0.2307,0.3126,0.3209,0.3094,0.3207,3,3,0.3340,0.3061,0.3403,0.3201
2024-04-05,745764,0.3209,0.3252,0.2187,0.2159,0.3076,0.3137,0.3179,0.3232,3,3,0.3219,0.3145,0.3227,0.3112
2024-04-05,746007,0.3071,0.3248,0.2471,0.2339,0.3014,0.3122,0.3120,0.3109,3,3,0.3103,0.3097,0.3205,0.3174
2024-04-05,746249,0.3231,0.3237,0.2216,0.2272,0.3107,0.3082,0.3275,0.3141,3,3,0.3326,0.3083,0.3259,0.3264
2024-04-05,746328,0.3100,0.3370,0.2204,0.2246,0.3058,0.3045,0.3192,0.3202,3,3,0.2952,0.3305,0.3201,0.3126
2024-04-05,746497,0.3084,0.3225,0.2545,0.2178,0.3013,0.3091,0.3049,0.3255,3,3,0.3009,0.3340,0.3118,0.3366
2024-04-05,746576,0.3157,0.3030,0.2208,0.2441,0.3085,0.3047,0.3347,0.3140,3,3,0.3165,0.3149,0.3208,0.3178
2024-04-05,746733,0.3213,0.3326,0.2249,0.2308,0.3070,0.3150,0.3224,0.3111,3,2,0.3088,0.3462,0.3278,0.3087
2024-04-05,746897,0.3512,0.3339,0.2113,0.2061,0.3299,0.3199,0.3329,0.3080,3,3,0.3659,0.3280,0.3224,0.3416
2024-04-05,747143,0.3361,0.3209,0.1982,0.2232,0.3312,0.3029,0.3203,0.3246,3,3,0.3376,0.3127,0.3343,0.3117
2024-04-06,744873,0.3293,0.3146,0.2351,0.2373,0.3246,0.3080,0.3304,0.3144,3,3,0.3407,0.2930,0.3172,0.3261
2024-04-06,745031,0.3559,0.3331,0.2074,0.2077,0.3240,0.3181,0.3360,0.3152,3,3,0.3383,0.3569,0.3230,0.3367
2024-04-06,745197,0.3291,0.3224,0.2078,0.2185,0.3141,0.3074,0.3252,0.3200,3,3,0.3197,0.3324,0.3261,0.3259
2024-04-06,745359,0.3388,0.3272,0.1996,0.2097,0.3108,0.3123,0.3169,0.3264,3,3,0.3263,0.3238,0.3163,0.3442
2024-04-06,745522,0.3435,0.3287,0.2019,0.2310,0.3240,0.3134,0.3281,0.3262,2,3,0.3379,0.3085,0.3214,0.3273
2024-04-06,745766,0.3188,0.3225,0.2201,0.2215,0.3098,0.3183,0.3215,0.3273,3,3,0.3304,0.3108,0.3318,0.3065
2024-04-06,745926,0.3173,0.3276,0.1928,0.2187,0.3105,0.3139,0.3242,0.3214,3,3,0.3325,0.3025,0.3285,0.3062
2024-04-06,746006,0.3071,0.3274,0.2450,0.2358,0.3037,0.3116,0.3298,0.3322,3,3,0.3126,0.3109,0.3215,0.3270
2024-04-06,746248,0.3304,0.3201,0.2208,0.2283,0.3164,0.3070,0.3334,0.3166,3,3,0.3352,0.3029,0.3356,0.3337
2024-04-06,746329,0.3092,0.3399,0.2140,0.2251,0.3121,0.3058,0.3215,0.3239,3,3,0.2923,0.3288,0.3314,0.3400
2024-04-06,746498,0.3048,0.3134,0.2392,0.2157,0.3092,0.3099,0.3319,0.3152,3,3,0.3011,0.3064,0.2999,0.3403
2024-04-06,746575,0.3247,0.3149,0.2302,0.2234,0.3156,0.3132,0.3275,0.3268,3,3,0.3242,0.3353,0.3208,0.3287
2024-04-06,746731,0.3179,0.3318,0.2226,0.2210,0.3228,0.3164,0.3222,0.3219,3,3,0.3256,0.3594,0.3251,0.3228
2024-04-06,746896,0.3623,0.3347,0.2083,0.2091,0.3364,0.3186,0.3251,0.3205,3,3,0.3627,0.3280,0.3201,0.3501
2024-04-06,747140,0.3385,0.3175,0.1930,0.2272,0.3385,0.3085,0.3243,0.3137,3,3,0.3361,0.3119,0.3212,0.3253
2024-04-07,744871,0.3257,0.3138,0.2397,0.2256,0.3258,0.3106,0.3216,0.3122,3,3,0.3296,0.3088,0.3213,0.3251
2024-04-07,745032,0.3590,0.3356,0.2046,0.2023,0.3269,0.3191,0.3318,0.3050,3,3,0.3404,0.3533,0.3218,0.3254
2024-04-07,745198,0.3237,0.3225,0.2050,0.2364,0.3161,0.3095,0.3260,0.3208,3,2,0.3167,0.3370,0.3156,0.3242
2024-04-07,745362,0.3356,0.3222,0.1985,0.2192,0.3075,0.3108,0.3274,0.3256,3,3,0.3213,0.3213,0.3162,0.3413
2024-04-07,745523,0.3396,0.3208,0.2023,0.2280,0.3281,0.3291,0.3223,0.3225,3,3,0.3376,0.3102,0.3183,0.3226
2024-04-07,745765,0.3211,0.3328,0.2163,0.2158,0.3083,0.3275,0.3018,0.3234,3,3,0.3278,0.3231,0.3142,0.3084
2024-04-07,745927,0.3095,0.3229,0.1959,0.2361,0.3068,0.3172,0.3376,,2,3,0.3238,0.3114,0.3121,0.3104
2024-04-07,746003,0.3079,0.3218,0.2365,0.2182,0.3072,0.3162,0.3231,0.3239,3,3,0.3022,0.3191,0.3170,0.3073
2024-04-07,746251,0.3307,0.3210,0.2310,0.2262,0.3118,0.3116,0.3200,0.3064,3,3,0.3395,0.3049,0.3203,0.3212
2024-04-07,746330,0.3208,0.3413,0.2356,0.2238,0.3131,0.3094,0.3212,0.3001,3,3,0.3111,0.3249,0.3004,0.3253
2024-04-07,746493,0.3050,0.3150,0.2372,0.2246,0.3156,0.3091,0.3159,0.3196,3,3,0.3036,0.3143,0.3048,0.3254
2024-04-07,746574,0.3230,0.3211,0.2211,0.2234,0.3187,0.3106,0.3251,0.3200,3,3,0.3173,0.2980,0.3172,0.3054
2024-04-07,746734,0.3214,0.3426,0.2191,0.2185,0.3211,0.3211,0.3139,0.3163,3,3,0.3393,0.3614,0.3252,0.3042
2024-04-07,746895,0.3670,0.3315,0.2061,0.2144,0.3485,0.3242,0.3154,0.3179,2,3,0.3638,0.3309,0.3173,0.3460
2024-04-07,747141,0.3387,0.3122,0.1930,0.2284,0.3502,0.3070,0.3276,0.3226,3,3,0.3484,0.3095,0.3274,0.3340
2024-04-08,744956,0.3030,0.3235,0.2441,0.2130,0.3054,0.3065,0.3260,0.2975,3,3,0.2996,0.3254,0.3221,0.3257
2024-04-08,745034,0.3439,0.3320,0.2123,0.1985,0.3286,0.3145,0.3098,,3,3,0.3407,0.3504,0.3073,0.3381
2024-04-08,745194,0.3204,0.3256,0.2378,0.2428,0.3143,0.2997,0.3290,0.3162,3,3,0.3148,0.3355,0.3199,0.3195
2024-04-08,745363,0.3204,0.3208,0.2179,0.2143,0.3156,0.3126,,0.3233,3,3,0.3145,0.3179,0.3286,0.3336
2024-04-08,745432,0.3309,0.3394,0.2159,0.1972,0.3212,0.3134,0.3155,0.3183,3,3,0.3295,0.3240,0.3468,0.3143
2024-04-08,745520,0.3216,0.3255,0.2133,0.2260,0.3132,0.3299,0.3217,0.3253,3,3,0.3308,0.3118,0.3317,0.3084
2024-04-08,745761,0.3302,0.3331,0.2330,0.2171,0.3246,0.3221,0.3236,0.3166,3,3,0.3316,0.3181,0.3164,0.3155
2024-04-08,745925,0.3619,0.3266,0.2069,0.2345,0.3380,0.3174,0.3390,0.3188,3,3,0.3670,0.3147,0.3211,0.3157
2024-04-08,746252,0.3140,0.3203,0.2213,0.2249,0.3124,0.3136,0.3042,0.3217,3,3,0.3129,0.3035,0.3156,0.3406
2024-04-08,746569,0.3370,0.3279,0.1919,0.2169,0.3483,0.3072,0.3495,0.3270,3,3,0.3478,0.3278,0.3247,0.3131
2024-04-08,746654,0.3230,0.3197,0.2286,0.1948,0.3148,0.3087,0.3333,0.3186,3,3,0.3101,0.3241,0.3043,0.3276
2024-04-08,746735,0.3409,0.3273,0.2350,0.2305,0.3073,0.3176,0.3278,,3,3,0.3275,0.3194,0.3134,0.2997
2024-04-08,747142,0.3240,0.3103,0.2186,0.2335,0.3199,0.3021,0.3218,,3,3,0.3409,0.3025,0.3207,0.3376
2024-04-09,744957,0.3091,0.3233,0.2391,0.2089,0.3075,0.3024,0.3458,0.2991,3,3,0.3053,0.3182,0.3435,0.3410
2024-04-09,745030,0.3163,0.3400,0.2256,0.2009,0.3183,0.3158,0.3164,0.3271,3,3,0.3270,0.3478,0.3100,0.3120
2024-04-09,745195,0.3291,0.3342,0.2322,0.2242,0.3248,0.3107,,0.3063,3,3,0.3338,0.3378,0.3136,0.3043
2024-04-09,745357,0.3283,0.3251,0.2351,0.2008,0.3054,0.3127,0.3240,,3,3,0.3378,0.3205,0.3291,0.3416
2024-04-09,745433,0.3309,0.3460,0.2192,0.1946,0.3200,0.3120,0.3431,0.3277,3,3,0.3294,0.3259,0.3333,0.3114
2024-04-09,745517,0.3350,0.3283,0.2254,0.2133,0.3248,0.3236,0.3234,0.3206,3,3,0.3257,0.3090,0.3181,0.3242
2024-04-09,745762,0.3321,0.3309,0.2106,0.2147,0.3137,0.3226,0.3329,0.3233,3,3,0.3285,0.3147,0.3247,0.3135
2024-04-09,745924,0.3640,0.3283,0.2060,0.2159,0.3450,0.3122,0.3287,0.3131,3,3,0.3627,0.3108,0.3226,0.3165
2024-04-09,746250,0.3144,0.3343,0.2169,0.2255,0.3104,0.3139,0.3191,0.2972,3,3,0.3099,0.3060,0.3118,0.3248
2024-04-09,746326,0.3629,0.3354,0.2046,0.2424,0.3253,0.3082,0.3199,0.2912,3,3,0.3340,0.3284,0.3165,0.3231
2024-04-09,746571,0.3226,0.3270,0.1866,0.2203,0.3279,0.3055,0.3305,0.3210,3,3,0.3140,0.3314,0.3293,0.3080
2024-04-09,746653,0.3127,0.3159,0.2173,0.1920,0.3111,0.3041,0.3161,0.3329,3,3,0.3119,0.3253,0.3263,0.3291
2024-04-09,746732,0.3392,0.3280,0.2257,0.2364,0.3079,0.3090,0.3079,0.3188,3,3,0.3218,0.3603,0.3115,0.3019
2024-04-09,746981,0.3260,0.3450,0.2110,0.2122,0.3186,0.3068,0.3247,0.3126,3,3,0.3283,0.3325,0.3403,0.3261
2024-04-09,747138,0.3382,0.3123,0.2045,0.2269,0.3219,0.3000,0.3216,0.3166,3,3,0.3709,0.3038,0.3111,0.3434
2024-04-10,744950,0.3217,0.3252,0.2309,0.2071,0.3015,0.3014,0.3150,0.3050,3,3,0.3027,0.3238,0.3170,0.3225
2024-04-10,745024,0.3156,0.3428,0.2387,0.1846,0.3049,0.3152,0.2926,0.3172,3,3,0.3189,0.3523,0.3241,0.3366
2024-04-10,745196,0.3243,0.3310,0.2353,0.2376,0.3220,0.3048,0.3233,0.3305,3,3,0.3312,0.3391,0.3163,0.3177
2024-04-10,745355,0.3316,0.3304,0.2161,0.2224,0.3081,0.3127,0.3148,0.3298,3,3,0.3473,0.3325,0.3046,0.3299
2024-04-10,745429,0.3280,0.3303,0.2231,0.2243,0.3198,0.3050,0.3171,0.3222,3,2,0.3228,0.3175,0.3376,0.3106
2024-04-10,745763,0.3210,0.3355,0.2118,0.2093,0.3142,0.3361,0.3122,0.3284,3,3,0.3247,0.3165,0.3208,0.3159
2024-04-10,745923,0.3608,0.3189,0.2121,0.2493,0.3445,0.3075,0.3258,0.3133,3,3,0.3678,0.3067,0.3181,0.3154
2024-04-10,746247,0.3167,0.3225,0.2279,0.2160,0.3119,0.3197,0.3222,0.3086,3,3,0.3013,0.3001,0.3137,0.3372
2024-04-10,746323,0.3243,0.3091,0.2108,0.2066,0.3245,0.3075,0.3183,,3,3,0.3084,0.3228,0.3105,0.3373
2024-04-10,746573,0.3348,0.3167,0.1893,0.2401,0.3483,0.2965,0.3265,0.3294,3,3,0.3424,0.3167,0.3294,0.3015
2024-04-10,746655,0.3222,0.3173,0.2216,0.1902,0.3167,0.3040,0.3305,0.3253,3,3,0.3151,0.3263,0.3096,0.3225
2024-04-10,746728,0.3331,0.3381,0.2329,0.2154,0.3085,0.3176,0.3112,,3,3,0.2997,0.3578,0.3195,0.3023
2024-04-10,746980,0.3313,0.3407,0.2124,0.2156,0.3116,0.3125,0.3153,0.3292,3,3,0.3312,0.3272,0.3150,0.3202
2024-04-10,747139,0.3173,0.3360,0.1868,0.2110,0.3116,0.3152,,0.3224,1,3,0.3173,0.3370,0.3366,0.3412
2024-04-11,745029,0.3067,0.3320,0.2305,0.1931,0.3093,0.3193,0.3302,0.3345,3,3,0.3042,0.3556,0.3082,0.3151
2024-04-11,745601,0.3380,0.3229,0.2106,0.2380,0.3240,0.3205,0.3093,0.3158,3,3,0.3379,0.3299,0.3363,0.3157
2024-04-11,746322,0.3354,0.3129,0.2117,0.2262,0.3297,0.3027,0.3043,0.3250,3,3,0.3361,0.3304,0.3150,0.3402
2024-04-11,746490,0.3135,0.3225,0.2444,0.2133,0.3065,0.3127,0.3131,,3,3,0.3190,0.3373,0.3127,0.3244
2024-04-11,746730,0.3093,0.3442,0.2457,0.2172,0.3079,0.3187,0.3239,0.3294,3,3,0.2985,0.3540,0.3144,0.3515
2024-04-11,746977,0.3253,0.3349,0.2123,0.2180,0.3148,0.3145,0.3194,0.3160,3,3,0.3365,0.3293,0.3426,0.3094
2024-04-11,747137,0.3160,0.3176,0.2203,0.2125,0.3098,0.3098,,0.3236,3,2,0.3126,,0.3101,0.3433
2024-04-12,744954,0.3157,0.3306,0.2382,0.2164,0.3003,0.3122,0.3380,0.3106,3,3,0.3168,0.3236,0.2981,0.3174
2024-04-12,745112,0.3195,0.3137,0.2018,0.2305,0.3115,0.3139,0.3233,0.3144,3,3,0.3157,0.3003,0.3369,0.3025
2024-04-12,745274,0.3223,0.3216,0.2253,0.2360,0.3173,0.2994,0.3198,0.3147,3,3,0.3191,0.3057,0.3523,0.3127
2024-04-12,745596,0.3363,0.3200,0.2126,0.2402,0.3282,0.3260,0.3176,0.3252,3,3,0.3353,0.3259,0.3054,0.3198
2024-04-12,745679,0.3235,0.3102,0.2112,0.2329,0.3116,0.3106,0.3145,0.3283,3,3,0.3462,0.3234,0.3219,0.3126
2024-04-12,745838,0.3465,0.3354,0.2121,0.1987,0.3192,0.3189,0.3174,0.3131,3,3,0.3322,0.3620,0.3466,0.3121
2024-04-12,746084,0.3189,0.3232,0.2196,0.2049,0.3139,0.3110,0.3237,0.3250,3,3,0.3105,0.3191,0.3397,0.3267
2024-04-12,746162,0.3408,0.3616,0.1903,0.2061,0.3123,0.3488,0.3134,0.3294,3,3,0.3222,0.3685,0.3099,0.3221
2024-04-12,746408,0.3348,0.3607,0.1953,0.1976,0.3242,0.3324,0.3093,0.3340,3,3,0.3528,0.3398,0.3380,0.3229
2024-04-12,746491,0.3070,0.3128,0.2698,0.2234,0.3154,0.3121,0.3016,0.3131,3,3,0.3163,0.3320,0.3187,0.3242
2024-04-12,746656,0.3396,0.3148,0.2062,0.1857,0.3367,0.3059,0.3109,0.3210,3,3,0.3200,0.3320,0.3101,0.3388
2024-04-12,746812,0.3262,0.3163,0.2358,0.2195,0.3099,0.3172,0.3225,0.3130,3,3,0.3538,0.3255,0.3208,0.3045
2024-04-12,746978,0.3265,0.3255,0.2152,0.2319,0.3157,0.3157,0.3057,0.3042,3,3,0.3067,0.3309,0.3240,0.3046
2024-04-12,747055,0.3174,0.3241,0.2315,0.2244,0.3112,0.3163,0.3314,0.3074,3,3,0.2983,0.3360,0.3143,0.3316
2024-04-12,747217,0.3219,0.3361,0.2384,0.1891,0.2977,0.3581,0.3172,0.3178,3,3,0.3376,0.3523,0.3154,0.3336
2024-04-13,744953,0.3296,0.3267,0.2129,0.2025,0.3102,0.3003,,0.3156,3,3,0.3294,0.3242,0.3152,0.3172
2024-04-13,745110,0.3251,0.3125,0.2099,0.2480,0.3210,0.3070,0.3116,0.3419,3,2,0.3162,0.3039,0.3224,0.2973
2024-04-13,745272,0.3209,0.3224,0.2237,0.2362,0.3163,0.3010,0.3341,0.3079,3,3,0.3165,0.3087,0.3275,0.3136
2024-04-13,745594,0.3247,0.3143,0.2282,0.2238,0.3250,0.3140,0.3111,0.3268,3,3,0.3043,0.3007,0.3366,0.3059
2024-04-13,745676,0.3274,0.3132,0.2162,0.2378,0.3076,0.3014,0.3268,0.3154,3,3,0.3404,0.3174,0.2993,0.3203
2024-04-13,745839,0.3453,0.3354,0.2195,0.1994,0.3160,0.3151,0.3155,0.3239,3,3,0.3334,0.3614,0.3339,0.3141
2024-04-13,746082,0.3191,0.3219,0.2145,0.2059,0.3140,0.3102,0.3151,0.3203,3,3,0.3124,0.3262,0.3501,0.3286
2024-04-13,746161,0.3511,0.3649,0.2007,0.2035,0.3155,0.3522,0.3206,0.3179,3,3,0.3425,0.3677,0.3140,0.3244
2024-04-13,746405,0.3428,0.3670,0.1888,0.1955,0.3235,0.3389,0.3024,0.3252,3,3,0.3516,0.3422,0.3457,0.3302
2024-04-13,746489,0.3084,0.3253,0.2283,0.2111,0.3121,0.3158,0.3359,0.3101,3,3,0.3129,0.3387,0.3070,0.3192
2024-04-13,746658,0.3146,0.3116,0.2269,0.1923,0.3136,0.3108,0.3177,,3,3,0.3203,0.3216,0.3215,0.3416
2024-04-13,746811,0.3419,0.3304,0.2061,0.2098,0.3201,0.3238,0.2904,,3,3,0.3596,0.3237,0.3045,0.3111
2024-04-13,746979,0.3285,0.3166,0.2275,0.2247,0.3200,0.3108,,0.3403,3,3,0.3008,0.3352,0.3336,0.3029
2024-04-13,747054,0.3243,0.3348,0.2155,0.2062,0.3052,0.3224,0.3204,0.3192,3,3,0.3157,0.3310,0.3098,0.3150
2024-04-13,747215,0.3228,0.3358,0.2392,0.1859,0.2992,0.3588,0.3257,0.3387,3,3,0.3436,0.3489,0.3192,0.3360
2024-04-14,744952,0.3259,0.3272,0.2207,0.2024,0.3086,0.3048,0.3216,0.3470,3,3,0.3262,0.3247,0.3068,0.3276
2024-04-14,745113,0.3165,0.3044,0.1951,0.2137,0.3158,0.3138,0.3188,0.3164,3,3,0.3168,0.3040,0.3320,0.3108
2024-04-14,745271,0.3185,0.3131,0.2271,0.2292,0.3147,0.3174,0.3218,0.3201,3,3,0.3151,0.3030,0.3258,0.3330
2024-04-14,745595,0.3298,0.3266,0.2256,0.2399,0.3287,0.3324,0.3093,0.3282,3,3,0.3135,0.3388,0.3149,0.3246
2024-04-14,745681,0.3218,0.3063,0.2295,0.2353,0.3166,0.3116,0.3224,0.3215,3,3,0.3085,0.3205,0.3175,0.3117
2024-04-14,745841,0.3459,0.3340,0.2080,0.1981,0.3265,0.3176,0.3128,0.3104,3,3,0.3292,0.3581,0.3325,0.3242
2024-04-14,746079,0.3201,0.3129,0.2182,0.2015,0.3187,0.3179,0.3120,0.3268,3,3,0.3154,0.3224,0.3485,0.3254
2024-04-14,746164,0.3424,0.3663,0.1940,0.2026,0.3116,0.3531,0.3153,0.3212,3,3,0.3197,0.3685,0.3125,0.3248
2024-04-14,746404,0.3400,0.3459,0.1891,0.2025,0.3251,0.3436,0.3169,0.3110,3,3,0.3487,0.3423,0.3487,0.3118
2024-04-14,746492,0.3111,0.3160,0.2527,0.2215,0.3060,0.3104,0.3161,0.3342,3,3,0.3150,0.3328,0.3048,0.3272
2024-04-14,746648,0.3467,0.3113,0.1983,0.2184,0.3387,0.3033,0.3158,0.3157,3,3,0.3369,0.3349,0.3123,0.3450
2024-04-14,746810,0.3246,0.3079,0.2410,0.2172,0.3073,0.3135,0.3327,0.3260,3,3,0.3564,0.3214,0.3352,0.3440
2024-04-14,746975,0.3180,0.3258,0.2088,0.2308,0.3191,0.3229,0.3149,0.3093,3,3,0.3008,0.3342,0.3322,0.3094
2024-04-14,747056,0.3350,0.3221,0.2150,0.2217,0.3065,0.3121,0.3031,0.3289,3,3,0.3416,0.3266,0.3335,0.3332
2024-04-14,747216,0.3252,0.3378,0.2351,0.1861,0.3076,0.3623,0.3206,0.3291,3,3,0.3419,0.3484,0.3176,0.3381
2024-04-15,744951,0.3531,0.3273,0.1963,0.1975,0.3396,0.3055,0.3198,0.3027,3,3,0.3421,0.3263,0.3076,0.3383
2024-04-15,745106,0.3390,0.3050,0.2133,0.2083,0.3333,0.3176,0.3279,0.3212,3,3,0.3044,0.3058,0.3154,0.3108
2024-04-15,745268,0.3291,0.3091,0.2387,0.2467,0.3068,0.3089,0.3163,0.3131,3,3,0.3542,0.3060,0.3410,0.3300
2024-04-15,745597,0.3252,0.3229,0.2213,0.2339,0.3132,0.3159,0.3335,0.3251,3,3,0.3247,0.3172,0.3126,0.3239
2024-04-15,745677,0.3300,0.3089,0.2160,0.2348,0.3097,0.3112,0.3186,0.3151,3,3,0.3417,0.3182,0.3173,0.3139
2024-04-15,745840,0.3272,0.3373,0.2325,0.1984,0.3283,0.3201,0.3302,0.3143,3,3,0.3073,0.3633,0.3177,0.3220
2024-04-15,746002,0.3288,0.3187,0.2039,0.2298,0.3059,0.3168,0.3158,0.3430,3,3,0.3234,0.2902,0.3223,0.3396
2024-04-15,746080,0.3188,0.3212,0.1945,0.2098,0.3139,0.3137,,0.3210,3,3,0.3169,0.3221,0.3326,0.3034
2024-04-15,746158,0.3339,0.3651,0.2160,0.2017,0.3145,0.3526,0.2983,,3,3,0.3521,0.3702,0.3164,0.3232
2024-04-15,746406,0.3220,0.3788,0.2155,0.1854,0.3202,0.3483,0.3193,,3,3,0.3214,0.3552,0.3588,0.3176
2024-04-15,746488,0.3357,0.3148,0.1918,0.2393,0.3241,0.3209,0.3304,,3,3,0.3515,0.3292,0.3449,0.3204
2024-04-15,746813,0.3439,0.3112,0.2129,0.2207,0.3223,0.3155,,0.3168,3,3,0.3226,0.3314,0.3222,0.3308
2024-04-15,746974,0.3118,0.3252,0.1880,0.2293,0.3027,0.3146,0.3077,,3,3,0.3338,0.3333,0.3340,0.3231
2024-04-15,747053,0.3121,0.3428,0.2306,0.2068,0.3110,0.3158,0.3288,0.3326,3,3,0.3171,0.3306,0.3004,0.3488
2024-04-15,747213,0.3176,0.3383,0.2228,0.1836,0.3023,0.3619,0.3103,0.3282,3,3,0.3101,0.3498,0.3400,0.3309
2024-04-16,744944,0.3526,0.3268,0.1970,0.1962,0.3414,0.3089,0.3070,0.3243,3,3,0.3404,0.3278,0.3114,0.3164
2024-04-16,745108,0.3411,0.3204,0.2103,0.2363,0.3356,0.3251,0.3044,0.3241,3,3,0.3077,0.3115,0.3038,0.3001
2024-04-16,745270,0.3276,0.3118,0.2405,0.2487,0.3082,0.3200,0.3137,0.3065,3,3,0.3456,0.3013,0.3390,0.3117
2024-04-16,745593,0.3221,0.3267,0.2214,0.2358,0.3147,0.3293,0.3102,0.3257,3,3,0.3191,0.3286,0.2993,0.3228
2024-04-16,745674,0.3263,0.3175,0.2270,0.2343,0.3214,0.3103,0.3278,0.3190,3,3,0.3388,0.3140,0.3232,0.3108
2024-04-16,745837,0.3272,0.3397,0.2095,0.1961,0.3073,0.3216,0.3340,0.3115,3,3,0.3178,0.3621,0.3089,0.3194
2024-04-16,746004,0.3317,0.3316,0.1928,0.2161,0.3046,0.3169,0.3283,0.3095,3,3,0.3220,0.3099,0.3151,0.3377
2024-04-16,746081,0.3093,0.3259,0.2032,0.2167,0.3240,0.3294,0.3306,0.3116,3,3,0.3009,0.3252,0.3284,0.3104
2024-04-16,746157,0.3363,0.3633,0.2139,0.2037,0.3151,0.3542,0.3264,0.3339,3,3,0.3549,0.3679,0.3241,0.3232
2024-04-16,746400,0.3235,0.3776,0.2300,0.1809,0.3174,0.3515,0.3373,0.3107,3,3,0.3200,0.3561,0.3580,0.3170
2024-04-16,746486,0.3400,0.3140,0.1884,0.2260,0.3226,0.3084,0.3217,0.3388,3,3,0.3483,0.3296,0.3269,0.3220
2024-04-16,746809,0.3392,0.3140,0.2400,0.2249,0.3224,0.3192,0.3347,0.3089,3,3,0.2942,0.3229,0.3427,0.3119
2024-04-16,746976,0.3120,0.3116,0.1886,0.2336,0.3044,0.3161,0.3114,0.3378,3,3,0.3302,0.3340,0.3061,0.3100
2024-04-16,747051,0.3179,0.3502,0.2329,0.2041,0.3179,0.3174,0.3096,0.3289,3,3,0.3121,0.3426,,0.3021
2024-04-16,747214,0.3252,0.3390,0.2088,0.1798,0.3108,0.3668,0.3270,0.3417,3,3,0.3383,0.3503,0.3247,0.3213
2024-04-17,744948,0.3468,0.3287,0.2059,0.1928,0.3346,0.3079,0.3388,0.3090,3,3,0.3326,0.3332,0.3090,0.3370
2024-04-17,745105,0.3393,0.3070,0.2109,0.2040,0.3335,0.3195,0.3046,0.2899,3,3,0.3063,0.3085,0.3310,0.3203
2024-04-17,745267,0.3273,0.3203,0.2343,0.2579,0.3110,0.3252,0.3107,0.3156,3,3,0.3454,0.3089,0.3389,0.3175
2024-04-17,745591,0.3148,0.3270,0.2522,0.2363,0.3155,0.3259,0.3118,0.3083,3,3,0.3062,0.3230,0.2960,0.3216
2024-04-17,745671,0.3243,0.3281,0.2167,0.2360,0.3065,0.3075,0.3101,0.3212,3,3,0.3377,0.3261,0.3177,0.3212
2024-04-17,745836,0.3217,0.3210,0.2358,0.2028,0.3060,0.3115,0.3197,0.3169,3,3,0.2975,0.3110,0.3412,0.3252
2024-04-17,746005,0.3326,0.3225,0.1931,0.2292,0.3065,0.3145,0.3148,0.3390,3,3,0.3194,0.3130,0.3154,0.3275
2024-04-17,746076,0.3062,0.3235,0.2051,0.2188,0.3167,0.3283,0.3169,0.3192,3,3,0.2940,0.3237,0.3237,0.3086
2024-04-17,746159,0.3225,0.3666,0.2089,0.2003,0.3251,0.3563,,0.3265,3,3,0.3535,0.3743,0.3224,0.3229
2024-04-17,746401,0.3241,0.3575,0.2274,0.1931,0.3156,0.3255,0.3203,0.3178,3,3,0.3231,0.3487,0.3604,0.3521
2024-04-17,746487,0.3328,0.3056,0.1942,0.2347,0.3268,0.3035,0.2958,0.3365,3,3,0.3448,0.3259,0.3183,0.3334
2024-04-17,746807,0.3471,0.3188,0.2133,0.2387,0.3173,0.3191,,0.3130,3,3,0.3189,0.3114,0.3426,0.3077
2024-04-17,746973,0.3151,0.3345,0.1824,0.2195,0.2998,0.3209,0.3187,,3,3,0.3330,0.3356,0.3439,0.2898
2024-04-17,747049,0.3084,0.3283,0.2560,0.2152,0.3056,0.3133,,0.3181,3,3,0.3088,0.3459,0.3146,0.3231
2024-04-17,747212,0.3136,0.3443,0.2186,0.1758,0.2999,0.3653,0.3209,0.3196,3,3,0.3095,0.3550,0.3414,0.3319
2024-04-18,745104,0.3414,0.3122,0.2149,0.2082,0.3395,0.3245,0.3032,0.3158,3,3,0.3036,0.3087,0.3365,0.3097
2024-04-18,745356,0.3460,0.3329,0.1673,0.2149,0.3655,0.3194,0.3432,0.3232,3,3,0.3638,0.3168,0.3253,0.3206
2024-04-18,746485,0.3378,0.3350,0.1919,0.2246,0.3207,0.3265,0.3154,,3,3,0.3437,0.3252,0.3390,0.3115
2024-04-18,746891,0.3221,0.3215,0.2039,0.2059,0.3132,0.3072,0.3091,,3,3,0.3212,0.3345,0.3017,0.3519
2024-04-18,746970,0.3121,0.3143,0.1962,0.2463,0.3073,0.3236,0.3107,0.3201,3,3,0.3060,0.3334,0.3383,0.3086
2024-04-19,744872,0.3514,0.3389,0.1810,0.2463,0.3229,0.3133,0.3114,,3,3,0.3497,0.3058,0.3498,0.3100
2024-04-19,745189,0.3332,0.3254,0.2177,0.2167,0.3173,0.3099,0.3328,0.3014,3,3,0.3167,0.3339,0.3280,0.3175
2024-04-19,745352,0.3087,0.3271,0.2038,0.2177,0.3462,0.3120,0.3124,,2,3,,0.3211,0.3261,0.3282
2024-04-19,745430,0.3330,0.3394,0.1990,0.1916,0.3132,0.3085,0.3200,0.3203,3,3,0.2984,0.3137,0.3090,0.3181
2024-04-19,745518,0.3148,0.3225,0.2405,0.2361,0.3165,0.3242,,0.3151,3,3,0.3351,0.2982,0.3039,0.3074
2024-04-19,745592,0.3274,0.3317,0.2252,0.2379,0.3139,0.3374,0.3124,0.3004,3,3,0.3188,0.3348,0.2991,0.3183
2024-04-19,745758,0.3198,0.3468,0.2598,0.2060,0.3213,0.3335,0.3175,0.3203,3,3,0.3151,0.3253,0.2996,0.3112
2024-04-19,745922,0.3280,0.3152,0.2269,0.2260,0.3295,0.3206,0.3046,0.3189,3,3,0.3396,0.3095,0.2945,0.2989
2024-04-19,746160,0.3372,0.3673,0.2018,0.1965,0.3182,0.3576,0.3124,0.3248,3,3,0.3572,0.3701,0.3282,0.3135
2024-04-19,746325,0.3565,0.3440,0.2020,0.2096,0.3218,0.3161,0.3127,0.3332,3,3,0.3510,0.3166,0.3226,0.3442
2024-04-19,746572,0.3040,0.3012,0.2369,0.2378,0.3079,0.3059,0.3320,0.3333,3,3,0.3000,0.3078,0.3301,0.2934
2024-04-19,746650,0.3021,0.3153,0.2353,0.2023,0.3050,0.2968,0.3303,0.3206,3,3,0.3094,0.3271,0.3122,0.3396
2024-04-19,746729,0.3400,0.3345,0.2155,0.2097,0.3355,0.3160,0.2972,0.3119,3,3,0.3037,0.3373,0.3191,0.3187
2024-04-19,746892,0.3217,0.3230,0.2312,0.1905,0.3300,0.3127,,0.3267,3,2,0.3056,0.3344,0.3058,0.3217
2024-04-19,747136,0.3340,0.3184,0.1884,0.2184,0.3316,0.3152,0.3170,0.2987,3,3,0.3507,0.3275,0.3184,0.3642
2024-04-20,744865,0.3474,0.3173,0.1813,0.2123,0.3192,0.3263,0.3133,0.2958,3,3,0.3496,0.3491,0.3525,0.3242
2024-04-20,745190,0.3297,0.3253,0.2177,0.2248,0.3087,0.3174,0.3293,0.3324,3,3,0.3108,0.3356,0.3192,0.3197
2024-04-20,745354,0.3442,0.3234,0.1803,0.2047,0.3729,0.3204,0.3222,0.3099,3,3,0.3589,0.3153,0.3304,0.3165
2024-04-20,745431,0.3233,0.3421,0.1916,0.1979,0.3057,0.3142,,0.3229,3,3,0.3289,0.3153,0.3276,0.3125
2024-04-20,745515,0.3200,0.3406,0.2318,0.2084,0.3229,0.3252,0.3239,0.3044,3,3,0.3284,0.3573,0.2978,0.3317
2024-04-20,745590,0.3152,0.3313,0.2115,0.2397,0.3122,0.3368,0.3080,0.3411,3,3,0.2898,0.3320,0.2982,0.3214
2024-04-20,745760,0.2998,0.3484,0.2023,0.2050,0.3134,0.3328,0.3090,0.3168,3,3,0.3013,0.3234,0.3177,0.3092
2024-04-20,745921,0.3128,0.3057,0.2377,0.2416,0.3023,0.3086,0.3261,0.3227,3,3,0.3288,0.3083,0.3310,0.2966
2024-04-20,746156,0.3378,0.3664,0.2051,0.1982,0.3159,0.3591,0.3182,0.3164,3,3,0.3553,0.3723,0.3313,0.3136
2024-04-20,746324,0.3454,0.3453,0.2084,0.2062,0.3411,0.3129,0.3086,0.3066,3,3,0.3485,0.3123,0.3277,0.3501
2024-04-20,746570,0.3083,0.3128,0.2543,0.2448,0.3120,0.3147,0.3176,0.3217,3,3,0.3003,0.3033,0.3016,0.3006
2024-04-20,746651,0.3224,0.3189,0.2366,0.1902,0.3126,0.3015,0.3191,0.3347,3,3,0.3491,0.3260,0.3175,0.3410
2024-04-20,746726,0.3371,0.3268,0.2318,0.2066,0.3410,0.3172,0.2948,0.3245,3,3,0.2940,0.3240,0.3199,0.3029
2024-04-20,746893,0.3242,0.3250,0.2186,0.2071,0.3300,0.3251,0.3162,0.3203,3,3,0.3202,0.3386,0.3073,0.3291
2024-04-20,747135,0.3268,0.3271,0.2023,0.2273,0.3270,0.3174,0.3113,0.3167,3,3,0.3560,0.3308,0.3371,0.3732
2024-04-21,744866,0.3726,0.3335,0.1791,0.2137,0.3459,0.3234,0.3169,0.3333,3,3,0.3476,0.3539,0.3301,0.3195
2024-04-21,745192,0.3311,0.3413,0.2195,0.2072,0.3153,0.3133,0.3108,0.3318,3,3,0.3115,0.3324,0.3283,0.3024
2024-04-21,745353,0.3438,0.3269,0.1833,0.1942,0.3723,0.3218,0.3078,,3,3,0.3672,0.3183,0.3306,0.3230
2024-04-21,745434,0.3223,0.3432,0.1892,0.1978,0.3051,0.3152,0.3539,0.3169,3,3,0.3264,0.3177,0.3285,0.3146
2024-04-21,745514,0.3142,0.3315,0.2239,0.1973,0.3209,0.3231,0.3221,0.3170,3,3,0.2815,0.3191,0.3048,0.3027
2024-04-21,745588,0.3040,0.3298,0.2133,0.2385,0.3115,0.3340,0.3262,0.3245,3,3,0.2967,0.3309,0.3237,0.3235
2024-04-21,745759,0.2969,0.3461,0.2060,0.2092,0.3101,0.3320,0.3058,0.3014,3,3,0.3011,0.3195,0.3041,0.3133
2024-04-21,745920,0.3215,0.3006,0.2230,0.2628,0.3055,0.3024,0.3319,0.3224,3,3,0.3344,0.3067,0.3309,0.3172
2024-04-21,746154,0.3323,0.3096,0.2222,0.2443,0.3232,0.3168,0.3101,0.3198,3,3,0.3608,0.3176,0.3129,0.3218
2024-04-21,746316,0.3285,0.3465,0.2139,0.2040,0.3249,0.3140,0.3136,0.3287,3,3,0.3494,0.3158,0.3294,0.3478
2024-04-21,746568,0.3125,0.3142,0.2381,0.2329,0.3082,0.3060,0.3198,0.3157,3,3,0.3021,0.3139,0.3302,0.2930
2024-04-21,746652,0.3124,0.3353,0.2340,0.1743,0.3285,0.2967,0.3383,0.3058,3,3,0.3197,0.3294,0.2995,0.3277
2024-04-21,746727,0.3364,0.3395,0.2319,0.2452,0.3327,0.3153,0.3149,0.3249,3,3,0.2965,0.3172,0.3263,0.3142
2024-04-21,746894,0.3232,0.3284,0.2203,0.1912,0.3290,0.3217,0.3445,0.3094,3,3,0.3204,0.3419,0.3066,0.3469
2024-04-21,747133,0.3347,0.3284,0.1888,0.2300,0.3264,0.3150,0.3194,0.3253,3,3,0.3560,0.3318,0.3278,0.3730
2024-04-22,745107,0.3396,0.3030,0.2274,0.1875,0.3296,0.3108,0.3065,0.2924,3,3,0.3439,0.3254,0.3074,0.3044
2024-04-22,745191,0.3429,0.3423,0.1801,0.2076,0.3731,0.3230,0.3246,0.3174,3,3,0.3663,0.3262,0.3420,0.3040
2024-04-22,745351,0.3382,0.3089,0.2065,0.1915,0.3127,0.3134,0.3203,0.3303,3,3,0.3547,0.3065,0.3084,0.3245
2024-04-22,745519,0.3273,0.3263,0.2318,0.2205,0.3086,0.3271,0.3113,0.3141,3,3,0.3063,0.3074,0.3215,0.3148
2024-04-22,745757,0.3190,0.3420,0.2687,0.2126,0.3204,0.3317,0.3230,0.3247,3,3,0.2985,0.3137,0.3167,0.3134
2024-04-22,745916,0.3057,0.3149,0.2138,0.2397,0.3204,0.3271,0.3435,0.3158,3,3,0.2982,0.3178,0.3039,0.3004
2024-04-22,746242,0.3528,0.3384,0.2135,0.2168,0.3346,0.3369,0.2992,0.3104,3,3,0.3503,0.3042,0.2996,0.3200
2024-04-22,746319,0.3209,0.3475,0.1884,0.1996,0.3049,0.3159,0.3098,0.3032,3,3,0.3281,0.3203,0.2930,0.3483
2024-04-22,746565,0.3464,0.3107,0.1960,0.2334,0.3150,0.3066,0.3305,0.3200,3,3,0.3232,0.3099,0.3279,0.3053
2024-04-22,746723,0.3248,0.3366,0.2423,0.2089,0.3326,0.3209,0.3045,0.2911,3,3,0.3428,0.3142,0.3310,0.3057
2024-04-22,747134,0.3225,0.3186,0.2196,0.2209,0.3274,0.3161,,0.3306,3,3,0.3199,0.3382,0.3106,0.3732
2024-04-23,744863,0.3736,0.3244,0.1932,0.2201,0.3600,0.3255,0.3406,0.3180,3,3,0.3769,0.3530,0.3155,0.3195
2024-04-23,745026,0.3103,0.3326,0.2431,0.1896,0.3057,0.3235,0.3395,0.3131,3,3,0.3066,0.3534,0.3125,0.3320
2024-04-23,745102,0.3269,0.3159,0.2355,0.2474,0.3162,0.3112,0.3129,0.3399,3,3,0.3401,0.2966,0.3397,0.3031
2024-04-23,745193,0.3397,0.3151,0.1797,0.2239,0.3502,0.3105,0.3181,0.3275,3,3,0.3637,0.3281,0.3243,0.3319
2024-04-23,745348,0.3359,0.3330,0.2091,0.2078,0.3117,0.3201,0.3330,0.3154,3,3,0.3545,0.3225,0.3119,0.3300
2024-04-23,745516,0.3246,0.3269,0.2324,0.2175,0.3140,0.3284,0.3161,,3,3,0.3005,0.3149,0.3313,0.3189
2024-04-23,745754,0.3214,0.3375,0.2410,0.2183,0.3297,0.3321,0.3098,0.3121,3,3,0.3481,0.3130,0.3074,0.3130
2024-04-23,745917,0.3108,0.3188,0.2152,0.2382,0.3169,0.3261,0.3106,0.3307,3,3,0.2994,0.3189,0.2988,0.2853
2024-04-23,746246,0.3458,0.3368,0.2085,0.2149,0.3359,0.3367,0.3310,0.3147,3,3,0.3467,0.3559,0.3108,0.3163
2024-04-23,746321,0.3203,0.3456,0.1878,0.2024,0.3069,0.3130,0.3008,0.3339,3,3,0.3239,0.3237,0.3291,0.3285
2024-04-23,746566,0.3464,0.3102,0.1929,0.2320,0.3163,0.3018,0.3086,0.3273,3,3,0.3225,0.3097,0.3282,0.2999
2024-04-23,746647,0.3293,0.3112,0.2247,0.1739,0.3364,0.2931,0.3123,0.2955,3,3,0.2839,0.3279,0.3264,0.3397
2024-04-23,746722,0.3229,0.3347,0.2412,0.2096,0.3284,0.3188,0.3087,0.2978,3,3,0.3386,0.3163,0.3077,0.3044
2024-04-23,746888,0.3693,0.3213,0.1836,0.2151,0.3423,0.3124,0.3263,0.3226,3,3,0.3407,0.3404,0.3146,0.3384
2024-04-23,747130,0.3169,0.3164,0.2063,0.2194,0.3110,0.3162,0.3202,0.3173,3,3,0.3178,0.3354,0.3153,0.3726
2024-04-24,744864,0.3774,0.3362,0.1886,0.2140,0.3622,0.3278,0.3270,0.3204,3,3,0.3753,0.3541,0.3201,0.3239
2024-04-24,745028,0.3197,0.3266,0.2469,0.2008,0.3222,0.3255,0.3341,0.3074,3,3,0.3299,0.3496,0.3242,0.3310
2024-04-24,745099,0.3339,0.3100,0.2296,0.2210,0.3180,0.3146,0.3181,0.3132,3,3,0.3552,0.2976,0.3035,0.3154
2024-04-24,745188,0.3226,0.3266,0.1959,0.1966,0.3217,0.3318,0.3308,0.3131,3,3,0.3025,0.3300,0.3263,0.3103
2024-04-24,745346,0.3368,0.3279,0.2081,0.2113,0.3138,0.3138,0.3080,0.3293,3,3,0.3553,0.3512,0.3113,0.3213
2024-04-24,745513,0.3221,0.3271,0.2362,0.1951,0.3155,0.3231,0.3140,0.3116,3,3,0.3343,0.3195,0.3294,0.3112
2024-04-24,745753,0.2965,0.3385,0.2338,0.2171,0.3125,0.3344,0.3178,0.3105,3,3,0.2811,0.3132,0.3060,0.3128
2024-04-24,745919,0.3279,0.3065,0.2174,0.2366,0.3158,0.3113,0.2938,0.2931,3,3,0.3206,0.3189,0.2937,0.2988
2024-04-24,746244,0.3490,0.3438,0.2062,0.2171,0.3374,0.3375,0.3185,0.3330,3,3,0.3524,0.3601,0.3342,0.3277
2024-04-24,746317,0.3233,0.3469,0.1879,0.2000,0.3107,0.3149,0.3200,0.3254,3,3,0.3250,0.3287,0.3147,0.3529
2024-04-24,746567,0.3491,0.3090,0.1914,0.2330,0.3234,0.3001,0.3143,0.3216,3,3,0.3236,0.3066,0.3250,0.3012
2024-04-24,746649,0.3458,0.3122,0.2172,0.1720,0.3332,0.2928,0.3161,0.3236,3,3,0.3289,0.3308,0.3079,0.3457
2024-04-24,746725,0.3318,0.3370,0.2278,0.2508,0.3364,0.3092,0.3054,0.3098,3,3,0.3338,0.3094,0.2826,0.3102
2024-04-24,746889,0.3428,0.3354,0.1772,0.1884,0.3178,0.3314,0.3138,0.3179,3,2,0.3394,0.3376,0.3487,0.3345
2024-04-24,747132,0.3196,0.3268,0.2211,0.2251,0.3337,0.3226,0.3018,0.3147,3,3,0.3180,0.3371,0.3102,0.3690
2024-04-25,744867,0.3806,0.3359,0.1881,0.2131,0.3629,0.3272,0.3128,0.3183,3,3,0.3780,0.3511,0.3086,0.3275
2024-04-25,745027,0.3152,0.3349,0.2635,0.1911,0.3193,0.3312,0.3152,0.3117,3,3,0.3108,0.3454,0.3238,0.3279
2024-04-25,745512,0.3220,0.3303,0.2389,0.2226,0.3213,0.3217,0.3087,0.3144,3,3,0.2890,0.3189,0.3220,0.3244
2024-04-25,745755,0.3363,0.3419,0.2479,0.2137,0.3283,0.3393,0.3020,0.3372,3,3,0.3408,0.3119,0.3038,0.3153
2024-04-25,745918,0.3180,0.3037,0.2117,0.2551,0.3149,0.3038,0.3218,0.3407,3,3,0.3009,0.2903,0.3142,0.3132
2024-04-25,746320,0.3241,0.3489,0.1859,0.1978,0.3091,0.3191,0.3083,0.3213,3,3,0.3324,0.3317,0.3400,0.3526
2024-04-25,746564,0.3478,0.3108,0.1876,0.2561,0.3264,0.3102,0.3244,0.3181,3,3,0.3272,0.2983,0.3247,0.3031
2024-04-25,746646,0.3403,0.3183,0.2142,0.1820,0.3201,0.3039,0.3310,0.3120,3,3,0.3236,0.3314,0.3171,0.3527
2024-04-25,746724,0.3303,0.3384,0.2357,0.2546,0.3364,0.3092,0.3135,0.3028,3,3,0.3334,0.3127,0.3251,0.3139
2024-04-25,746887,0.3404,0.3260,0.1777,0.2021,0.3167,0.3246,0.3065,0.3140,3,3,0.3396,0.3379,0.3506,0.3391
2024-04-26,744949,0.3171,0.3354,0.2134,0.2029,0.3182,0.3107,0.2936,0.2988,3,3,0.3194,0.3299,0.3280,0.3137
2024-04-26,745025,0.3398,0.3365,0.2563,0.1880,0.3069,0.3353,0.3200,0.3190,3,3,0.3099,0.3453,0.3313,0.3300
2024-04-26,745269,0.3533,0.3198,0.1797,0.2497,0.3619,0.3218,0.3297,0.3198,3,3,0.3619,0.3318,0.3281,0.3141
2024-04-26,745347,0.3271,0.3135,0.2217,0.1894,0.3344,0.3070,0.3261,0.3180,3,3,0.3142,0.3213,0.3175,0.3256
2024-04-26,745424,0.3313,0.3336,0.2350,0.1961,0.3362,0.3287,0.3392,0.3197,3,3,0.3260,0.3273,0.3265,0.3232
2024-04-26,745835,0.3421,0.3381,0.2021,0.2080,0.3302,0.3127,0.3219,0.3335,3,3,0.3318,0.3544,0.3087,0.3217
2024-04-26,746000,0.3421,0.3303,0.2149,0.2212,0.3455,0.3135,0.3310,0.2998,3,3,0.3128,0.3045,0.3005,0.3304
2024-04-26,746078,0.3354,0.3213,0.2121,0.2223,0.3262,0.3336,,0.3215,3,3,0.3578,0.3213,0.3212,0.3111
2024-04-26,746243,0.2993,0.3445,0.2370,0.2180,0.3125,0.3463,0.3266,0.3192,3,3,0.3215,0.3702,0.2995,0.3158
2024-04-26,746482,0.3497,0.3268,0.1967,0.2154,0.3204,0.3128,0.3166,0.3280,3,3,0.3304,0.3568,0.3339,0.3274
2024-04-26,746808,0.3068,0.2959,0.2250,0.1740,0.3307,0.3146,0.3286,0.2977,3,1,0.3069,0.2959,0.2992,0.3089
2024-04-26,746972,0.3298,0.3420,0.1992,0.2257,0.3286,0.3365,0.3023,0.3109,3,3,0.3383,0.3191,0.3323,0.3342
2024-04-26,747050,0.3069,0.3677,0.2379,0.1954,0.3124,0.3289,0.3062,0.3099,3,3,0.2837,0.3617,0.3024,0.3440
2024-04-26,747129,0.3234,0.3264,0.1782,0.2165,0.3067,0.3269,0.3126,0.3274,3,3,0.3339,0.3370,0.3528,0.3750
2024-04-27,744946,0.3844,0.3129,0.1841,0.2093,0.3594,0.3198,0.3058,0.2933,3,3,0.3857,0.2893,0.3244,0.3481
2024-04-27,745020,0.3389,0.3237,0.2578,0.2030,0.3083,0.3269,0.3244,0.2992,3,3,0.3037,0.3184,0.3041,0.3254
2024-04-27,745266,0.3333,0.3220,0.1975,0.2511,0.3532,0.3262,0.3135,0.3161,3,3,0.3018,0.3406,0.3515,0.3177
2024-04-27,745350,0.3284,0.3108,0.2210,0.1911,0.3335,0.3132,0.2968,0.3260,3,3,0.3212,0.3031,0.3159,0.3291
2024-04-27,745425,0.3339,0.3409,0.2343,0.1954,0.3374,0.3227,0.3132,0.2823,3,3,0.3324,0.3240,0.3331,0.3181
2024-04-27,745833,0.3423,0.3342,0.2019,0.2024,0.3301,0.3151,0.3307,0.2991,3,3,0.3312,0.3609,0.3117,0.3234
2024-04-27,745998,0.3060,0.3025,0.2335,0.2576,0.3156,0.2989,0.3117,0.3195,3,3,0.3089,0.3034,0.3301,0.3318
2024-04-27,746075,0.3127,0.3106,0.2164,0.2269,0.3173,0.3039,0.2938,0.3008,2,3,0.3154,0.3105,0.3182,0.3189
2024-04-27,746245,0.3184,0.3142,0.2322,0.2438,0.3134,0.3319,0.3244,0.3248,3,3,0.3123,0.2859,0.3283,0.3035
2024-04-27,746484,0.3476,0.3205,0.1967,0.2490,0.3163,0.3228,0.3187,0.3226,3,3,0.3323,0.3539,0.3469,0.3103
2024-04-27,746560,0.3262,0.3027,0.1966,0.2492,0.3121,0.3138,0.3158,0.2896,3,3,0.2982,0.2981,0.3313,0.3012
2024-04-27,746803,0.3124,0.3214,0.2356,0.2013,0.3192,0.3230,0.3215,0.3153,3,3,0.3266,0.2986,0.3070,0.3060
2024-04-27,746971,0.3271,0.3257,0.1811,0.2382,0.3256,0.3312,0.3201,0.3299,3,3,0.3326,0.3167,0.3413,0.3139
2024-04-27,747052,0.3123,0.3490,0.2373,0.2068,0.3087,0.3363,0.3272,0.3184,3,3,0.3267,0.3564,0.3095,0.3395
2024-04-27,747131,0.3149,0.3272,0.1713,0.2149,0.2997,0.3315,0.3267,0.3230,3,3,0.3363,0.3367,0.3338,0.3749
2024-04-28,744947,0.3867,0.3223,0.1828,0.1898,0.3625,0.3019,0.3347,0.3105,3,3,0.3884,0.3376,0.3213,0.3236
2024-04-28,745022,0.3374,0.3367,0.2611,0.1886,0.3058,0.3276,0.3441,0.3098,3,3,0.3071,0.3540,0.3084,0.3182
2024-04-28,745265,0.3304,0.3221,0.2028,0.2437,0.3487,0.3273,0.3113,0.3197,3,3,0.3025,0.3385,0.3255,0.3163
2024-04-28,745349,0.3224,0.3306,0.2352,0.2078,0.3226,0.3328,0.3187,0.3026,3,3,0.3078,0.3238,0.3307,0.3360
2024-04-28,745428,0.3343,0.3470,0.2350,0.1956,0.3369,0.3275,0.3282,,3,3,0.3283,0.3322,0.3357,0.3166
2024-04-28,745834,0.3313,0.3350,0.1904,0.2070,0.3378,0.3148,0.3419,0.3220,3,3,0.3312,0.3658,0.3188,0.3320
2024-04-28,746001,0.3079,0.3136,0.2282,0.2336,0.3175,0.3175,0.3151,0.3051,3,3,0.3071,0.3030,0.3307,0.3027
2024-04-28,746077,0.3375,0.3139,0.2169,0.2024,0.3224,0.3102,0.3205,0.3379,3,3,0.3604,0.3192,0.3138,0.2968
2024-04-28,746237,0.3129,0.3400,0.2320,0.2323,0.3171,0.3486,0.3002,0.3199,3,3,0.3368,0.3684,0.3063,0.3047
2024-04-28,746483,0.3625,0.3346,0.1949,0.2288,0.3329,0.3222,0.2841,0.3162,3,3,0.3324,0.3539,0.3316,0.3271
2024-04-28,746561,0.3206,0.3110,0.1898,0.2629,0.3210,0.3200,0.3423,0.3182,3,3,0.3417,0.2945,0.3278,0.3013
2024-04-28,746805,0.3202,0.3221,0.2010,0.2009,0.3184,0.3205,0.3163,0.3096,3,3,0.3093,0.2977,0.2957,0.3115
2024-04-28,746967,0.3284,0.3474,0.1971,0.2228,0.3277,0.3322,0.3052,0.3117,3,3,0.3302,0.3165,0.3420,0.3104
2024-04-28,747045,0.3281,0.3530,0.2214,0.2094,0.3129,0.3233,0.3098,0.3103,3,2,0.3469,0.3546,0.3085,0.3277
2024-04-28,747125,0.3153,0.3296,0.1688,0.2159,0.2989,0.3292,0.3256,0.3082,3,3,0.3353,0.3397,0.3502,0.3748
2024-04-29,744945,0.3484,0.3395,0.1940,0.1953,0.3218,0.3139,0.3255,,3,3,0.3283,0.3329,0.3246,0.3205
2024-04-29,745263,0.3316,0.3134,0.2206,0.2650,0.3344,0.3225,0.3196,0.2954,3,3,0.3397,0.3098,0.3747,0.2960
2024-04-29,745427,0.3370,0.3531,0.2611,0.1920,0.3058,0.3286,0.3260,0.3102,3,3,0.3043,0.3402,0.3188,0.3152
2024-04-29,745672,0.3217,0.3298,0.2342,0.2570,0.3206,0.3209,0.3258,0.3163,3,3,0.3079,0.3237,0.3179,0.3061
2024-04-29,745832,0.3297,0.3366,0.1984,0.2071,0.3253,0.3121,0.3144,0.3123,3,3,0.3326,0.3628,0.3390,0.3110
2024-04-29,745999,0.3119,0.3278,0.2264,0.2178,0.3188,0.3131,0.3148,0.3046,3,3,0.3049,0.3058,0.3035,0.3272
2024-04-29,746074,0.3223,0.3181,0.2230,0.1966,0.3281,0.3436,0.3130,0.3472,3,3,0.3571,0.3229,0.3167,0.3131
2024-04-29,746236,0.3321,0.3601,0.2344,0.2235,0.3347,0.3489,0.3278,0.3035,3,3,0.3301,0.3709,0.3522,0.2975
2024-04-29,746481,0.3426,0.3214,0.1950,0.2326,0.3322,0.3210,0.3142,0.3273,3,3,0.3311,0.3194,0.3119,0.3181
2024-04-29,746804,0.3330,0.3095,0.2293,0.2136,0.3136,0.3137,0.3022,0.3009,3,3,0.3348,0.2921,0.2906,0.3104
2024-04-29,747046,0.3487,0.3629,0.2104,0.2000,0.3527,0.3220,0.3297,0.3182,3,3,0.3154,0.3534,0.3154,0.3322
2024-04-29,747211,0.3879,0.3438,0.1827,0.1923,0.3652,0.3563,0.3279,0.3312,3,3,0.3870,0.3493,0.3230,0.3277
2024-04-30,744942,0.3475,0.3201,0.1909,0.1940,0.3234,0.3031,0.3255,0.3129,3,3,0.3275,0.3289,0.3498,0.3409
2024-04-30,745018,0.3407,0.3349,0.2067,0.1943,0.3194,0.3286,0.3347,0.3156,3,3,0.3666,0.3499,0.3167,0.3198
2024-04-30,745260,0.3286,0.3186,0.2272,0.2444,0.3340,0.3307,0.3007,0.3069,3,3,0.3349,0.3390,0.3704,0.2989
2024-04-30,745426,0.3386,0.3435,0.2606,0.2119,0.3131,0.3262,0.3184,0.3171,3,3,0.3036,0.3150,0.3189,0.3164
2024-04-30,745673,0.3249,0.3068,0.1990,0.2291,0.3256,0.3192,0.3371,0.3343,3,3,0.3080,0.3471,0.3183,0.3211
2024-04-30,745831,0.3288,0.3385,0.2232,0.2032,0.3158,0.3169,0.3331,0.3113,3,3,0.3286,0.3711,0.3291,0.3121
2024-04-30,745997,0.3108,0.3430,0.2281,0.2142,0.3250,0.3396,0.3198,0.3255,3,2,0.3059,0.3446,0.3114,0.3253
2024-04-30,746073,0.3097,0.3259,0.2641,0.2041,0.3234,0.3281,0.3169,0.3144,3,3,0.2921,0.3228,0.3054,0.3258
2024-04-30,746239,0.3350,0.3428,0.2306,0.2196,0.3398,0.3340,0.3264,0.3079,3,3,0.3307,0.3083,0.3406,0.2990
2024-04-30,746398,0.3161,0.3415,0.1649,0.1729,0.3006,0.3147,0.3328,0.3186,3,3,0.3350,0.3430,0.3317,0.3548
2024-04-30,746477,0.3426,0.3306,0.1948,0.2308,0.3339,0.3313,0.3175,0.3361,3,3,0.3311,0.3547,0.3119,0.3095
2024-04-30,746806,0.3042,0.3113,0.2588,0.2028,0.3001,0.3146,0.3452,0.3172,3,3,0.2856,0.2925,0.3169,0.3206
2024-04-30,746968,0.3156,0.3482,0.1876,0.2222,0.3201,0.3340,0.3143,0.3252,3,3,0.3256,0.3163,0.3340,0.3273
2024-04-30,747047,0.3507,0.3534,0.2092,0.2144,0.3530,0.3451,0.3327,0.2981,3,3,0.3164,0.3588,0.3147,0.3381
2024-04-30,747210,0.3882,0.3250,0.1788,0.2072,0.3665,0.3466,,0.3249,3,3,0.3857,0.2955,0.3300,0.3513
2024-05-01,744939,0.3488,0.3194,0.1876,0.1965,0.3252,0.3009,0.3260,0.3201,3,3,0.3301,0.3233,0.3519,0.3024
2024-05-01,745023,0.3465,0.3351,0.2134,0.1946,0.3189,0.3247,0.3258,0.3181,3,3,0.3667,0.3492,0.3178,0.3323
2024-05-01,745261,0.3282,0.3097,0.2275,0.2705,0.3336,0.3186,0.3322,0.3015,3,3,0.3302,0.3037,0.3720,0.3221
2024-05-01,745423,0.3371,0.3432,0.2621,0.2088,0.3114,0.3264,0.3494,0.3113,3,3,0.3010,0.3160,0.3169,0.3118
2024-05-01,745670,0.3249,0.3077,0.1985,0.2349,0.3259,0.3175,0.3201,0.3211,3,3,0.3064,0.3396,0.3211,0.3289
2024-05-01,745829,0.3273,0.3073,0.1988,0.2137,0.3215,0.3218,0.3296,0.3068,3,3,0.3260,0.3263,0.3241,0.3157
2024-05-01,745996,0.3077,0.3265,0.2320,0.2152,0.3216,0.3154,0.3288,0.3158,3,3,0.3038,0.3033,0.3011,0.3245
2024-05-01,746072,0.3065,0.3267,0.2645,0.2112,0.3239,0.3388,0.3181,0.3291,3,3,0.2896,0.3201,0.2967,0.3254
2024-05-01,746238,0.3346,0.3431,0.2344,0.2178,0.3388,0.3363,0.3220,0.2880,3,3,0.3325,0.3079,0.3387,0.3071
2024-05-01,746399,0.3172,0.3402,0.1659,0.1752,0.2994,0.3118,0.3145,0.3193,3,3,0.3398,0.3457,0.3445,0.3610
2024-05-01,746478,0.3382,0.3389,0.2071,0.2209,0.3280,0.3243,0.3130,0.3339,3,3,0.3336,0.3598,0.3131,0.3010
2024-05-01,746800,0.3105,0.3315,0.2221,0.2180,0.3212,0.3268,0.3243,0.3149,3,3,0.3043,0.3213,0.3034,0.2955
2024-05-01,746966,0.3311,0.3394,0.2129,0.2146,0.3199,0.3161,0.3024,0.3105,3,3,0.3272,0.3214,0.3198,0.3417
2024-05-01,747048,0.3526,0.3637,0.2086,0.2009,0.3541,0.3312,0.3082,0.3093,3,3,0.3154,0.3558,0.3130,0.3484
2024-05-01,747207,0.3652,0.3038,0.1743,0.2063,0.3440,0.3276,0.3155,0.3161,3,3,0.3839,0.2979,0.3139,0.3305
2024-05-02,745021,0.3436,0.3361,0.2081,0.1941,0.3325,0.3190,0.3135,0.3148,3,3,0.3631,0.3476,0.3217,0.3142
2024-05-02,745830,0.3238,0.3400,0.2027,0.2170,0.3190,0.3232,0.3383,0.3309,3,3,0.3246,0.3675,0.3336,0.3205
2024-05-02,746070,0.3083,0.3246,0.2627,0.2103,0.3205,0.3339,0.3072,0.3222,3,3,0.2851,0.3191,0.2982,0.3260
2024-05-02,746403,0.3173,0.3378,0.1635,0.1766,0.2960,0.3078,0.3125,0.3234,3,3,0.3415,0.3426,0.3390,0.3631
2024-05-02,746969,0.3199,0.3459,0.1881,0.2207,0.3051,0.3339,0.3216,0.3134,3,3,0.3302,0.3238,0.3293,0.3147
2024-05-02,747044,0.3518,0.3463,0.2121,0.2218,0.3509,0.3386,,0.3123,3,3,0.3116,0.3515,0.2957,0.3360
2024-05-03,744868,0.3194,0.3427,0.1961,0.2167,0.3008,0.3119,0.3393,0.3047,3,3,0.3213,0.3309,0.3420,0.3017
2024-05-03,745101,0.3403,0.3164,0.2114,0.2100,0.3112,0.3099,0.3161,0.3397,3,3,0.3686,0.3021,0.3153,0.2968
2024-05-03,745187,0.3099,0.3338,0.1964,0.2265,0.3117,0.3283,0.2973,0.3167,3,3,0.2908,0.3338,0.3186,0.3158
2024-05-03,745510,0.3052,0.3263,0.2672,0.2235,0.3188,0.3292,0.3270,0.3156,3,3,0.2829,0.3175,0.2925,0.2994
2024-05-03,745589,0.3214,0.3302,0.1847,0.2483,0.3094,0.3361,0.3101,0.3045,3,3,0.3319,0.3309,0.3138,0.3403
2024-05-03,745665,0.3056,0.3210,0.2158,0.2254,0.3046,0.3173,0.3380,0.3264,3,3,0.3320,0.3063,0.2954,0.3097
2024-05-03,745756,0.3233,0.3504,0.2427,0.2142,0.3219,0.3480,0.3243,0.3120,3,3,0.3557,0.3077,0.3159,0.3201
2024-05-03,745914,0.3454,0.3167,0.2214,0.2344,0.3362,0.3015,0.3341,0.3102,3,3,0.3224,0.3027,0.3238,0.3162
2024-05-03,746152,0.3295,0.3850,0.2268,0.1825,0.3330,0.3582,0.3146,0.3149,3,3,0.3287,0.3823,0.3727,0.3407
2024-05-03,746318,0.3352,0.3474,0.1917,0.1887,0.3155,0.3222,0.3215,0.3288,3,3,0.3474,0.3248,0.3271,0.3505
2024-05-03,746402,0.3190,0.3655,0.2461,0.1825,0.3247,0.3376,0.2995,0.3025,3,3,0.3439,0.3440,0.3053,0.3203
2024-05-03,746645,0.3189,0.3173,0.2052,0.1606,0.3219,0.2936,0.3235,0.3348,3,3,0.3071,0.3390,0.3278,0.3264
2024-05-03,746721,0.3570,0.3481,0.2033,0.2296,0.3253,0.3175,0.2907,0.3253,3,3,0.3460,0.3365,0.3275,0.3277
2024-05-03,746890,0.3257,0.3248,0.2292,0.2022,0.3311,0.3161,0.2942,0.3151,3,3,0.2885,0.3286,0.3221,0.3347
2024-05-03,747208,0.3437,0.3285,0.2095,0.1936,0.3243,0.3419,0.3001,0.3150,3,3,0.3152,0.3157,0.3191,0.3539
2024-05-04,744862,0.3169,0.3462,0.2157,0.2105,0.3132,0.3361,0.3164,0.3323,3,3,0.3188,0.3633,0.3232,0.3197
2024-05-04,745100,0.3383,0.3165,0.2142,0.2073,0.3084,0.3089,0.3058,,3,3,0.3646,0.3030,0.3143,0.2952
2024-05-04,745183,0.3021,0.3350,0.2002,0.2268,0.3169,0.3320,0.3207,0.3043,3,3,0.2888,0.3320,0.3067,0.3200
2024-05-04,745511,0.3096,0.3260,0.2671,0.2240,0.3241,0.3286,0.3188,0.3365,3,3,0.2829,0.3202,0.2954,0.3262
2024-05-04,745583,0.3104,0.3195,0.1964,0.2431,0.3221,0.3366,0.2878,0.3156,3,3,0.3127,0.3326,0.3098,0.3136
2024-05-04,745666,0.3267,0.3119,0.2318,0.2357,0.3192,0.3213,0.3286,0.3201,3,3,0.3302,0.2955,0.3118,0.3328
2024-05-04,745750,0.3388,0.3336,0.2160,0.2119,0.3221,0.3413,0.3225,0.3126,3,3,0.3609,0.3092,0.3292,0.3235
2024-05-04,745911,0.3498,0.3143,0.2248,0.2262,0.3338,0.3105,0.3082,0.3061,3,3,0.3344,0.3327,0.3095,0.3157
2024-05-04,746155,0.3290,0.3818,0.2246,0.1829,0.3374,0.3578,0.2910,0.3206,3,3,0.3268,0.3774,0.3689,0.3409
2024-05-04,746311,0.3098,0.3322,0.2216,0.1916,0.3127,0.3142,0.3214,0.3332,3,3,0.3152,0.3250,0.3267,0.3527
2024-05-04,746394,0.3052,0.3637,0.2675,0.1823,0.3108,0.3340,0.2980,0.3044,3,3,0.3035,0.3414,0.3132,0.3201
2024-05-04,746644,0.3135,0.3110,0.2181,0.1841,0.3125,0.3132,0.3174,0.3010,3,3,0.3149,0.3224,0.3153,0.3123
2024-05-04,746720,0.3459,0.3343,0.2220,0.2553,0.3379,0.3268,0.3070,,3,3,0.3511,0.2975,0.3344,0.3240
2024-05-04,746884,0.3194,0.3228,0.2198,0.1997,0.3165,0.3175,0.3156,0.3165,3,3,0.2970,0.3287,0.3262,0.3188
2024-05-04,747209,0.3311,0.3036,0.1775,0.2054,0.3316,0.3164,0.3226,0.3327,3,3,0.3212,0.2980,0.3090,0.3135
2024-05-05,744861,0.3336,0.3329,0.2011,0.1848,0.3128,0.3334,0.3085,,3,3,0.3171,0.3130,0.3103,0.3314
2024-05-05,745103,0.3384,0.3193,0.2134,0.2034,0.3113,0.3143,0.3073,0.3066,3,3,0.3651,0.3063,0.3212,0.2994
2024-05-05,745185,0.3099,0.3352,0.2230,0.2261,0.3217,0.3318,0.3127,0.2970,3,3,0.3116,0.3316,0.3169,0.3201
2024-05-05,745504,0.3121,0.3169,0.2422,0.2277,0.3280,0.3224,0.3200,0.3094,3,3,0.2977,0.2992,0.2944,0.3041
2024-05-05,745587,0.3283,0.3336,0.1866,0.2520,0.3251,0.3499,0.3300,0.3295,3,3,0.3233,0.3372,0.3169,0.3495
2024-05-05,745667,0.3240,0.3217,0.2369,0.2102,0.3289,0.3278,0.3105,0.3262,3,3,0.3130,0.3234,0.2979,0.3327
2024-05-05,745751,0.3226,0.3475,0.2298,0.2153,0.3356,0.3506,0.2978,0.2904,3,3,0.3176,0.3087,0.3329,0.3214
2024-05-05,745913,0.3423,0.3089,0.2295,0.2159,0.3366,0.3101,0.3012,0.3039,3,3,0.3209,0.3023,0.3092,0.3181
2024-05-05,746153,0.3276,0.3852,0.2237,0.1806,0.3350,0.3588,0.3486,0.3201,3,3,0.3316,0.3774,0.3690,0.3165
2024-05-05,746314,0.3318,0.3330,0.1899,0.2224,0.3097,0.3164,,0.3018,3,3,0.3453,0.3249,0.3146,0.3513
2024-05-05,746395,0.3200,0.3612,0.2434,0.1847,0.3243,0.3313,0.3255,0.3182,3,3,0.3413,0.3363,0.3198,0.3222
2024-05-05,746643,0.3217,0.3002,0.2194,0.2116,0.3168,0.3034,0.3218,0.3422,3,3,0.3176,0.2880,0.3172,0.3378
2024-05-05,746719,0.3456,0.3317,0.2196,0.2685,0.3386,0.3089,0.3059,0.3364,3,3,0.3512,0.2946,0.3293,0.3045
2024-05-05,746883,0.3142,0.3235,0.2248,0.1991,0.3131,0.3230,0.3102,0.3073,3,3,0.2967,0.3297,0.3243,0.3181
2024-05-05,747206,0.3476,0.3070,0.1751,0.2095,0.3293,0.3167,0.3223,0.3193,3,3,0.3294,0.3022,0.3403,0.3491
2024-05-06,745098,0.3088,0.2988,0.2269,0.2242,0.3232,0.3185,0.3262,,3,2,0.3155,0.3082,0.3099,0.3087
2024-05-06,745182,0.3411,0.3308,0.2083,0.2490,0.3153,0.3387,0.3345,0.3326,3,3,0.3680,0.3209,0.3152,0.3172
2024-05-06,745509,0.3189,0.3244,0.2250,0.2219,0.3172,0.3268,0.3342,0.3176,3,3,0.3130,0.3207,0.3310,0.3108
2024-05-06,745585,0.3131,0.3353,0.1936,0.2528,0.3207,0.3501,0.2841,,3,3,0.3227,0.3364,0.3196,0.3478
2024-05-06,745669,0.3310,0.3236,0.1929,0.2600,0.3105,0.3308,0.3385,0.3177,3,3,0.3437,0.2941,0.3000,0.3267
2024-05-06,745912,0.3211,0.3202,0.2408,0.2387,0.3264,0.3229,0.3223,0.3169,3,3,0.3460,0.3119,0.3078,0.3279
2024-05-06,746149,0.3272,0.3880,0.2361,0.1780,0.3276,0.3653,,0.3193,3,3,0.3145,0.3769,0.3141,0.3469
2024-05-06,746313,0.3208,0.3469,0.2116,0.1852,0.3305,0.3188,0.3142,0.3123,3,3,0.3534,0.3210,0.3250,0.2993
2024-05-06,746639,0.3366,0.3047,0.2252,0.2066,0.3334,0.2978,0.3167,0.3068,3,3,0.3595,0.3011,0.3013,0.3403
2024-05-06,746886,0.3457,0.3254,0.1756,0.1970,0.3264,0.3228,0.3147,0.3108,3,3,0.3255,0.3305,0.3119,0.3379
2024-05-07,744859,0.3561,0.3410,0.2003,0.1964,0.3285,0.3419,0.3290,0.3026,3,3,0.3497,0.3127,0.3215,0.3353
2024-05-07,745095,0.3155,0.3059,0.1993,0.2205,0.3160,0.3205,0.3075,0.3404,3,3,0.2843,0.3034,0.2926,0.3245
2024-05-07,745186,0.3413,0.3278,0.2070,0.1994,0.3146,0.3089,0.3287,0.3222,3,3,0.3729,0.3272,0.3125,0.3084
2024-05-07,745508,0.3041,0.3141,0.2187,0.2219,0.2996,0.3228,0.3232,0.3181,3,3,0.3110,0.3271,0.3186,0.3283
2024-05-07,745586,0.3265,0.3299,0.1951,0.2279,0.3056,0.3427,0.3195,0.3172,3,3,0.3159,0.3387,0.3152,0.3115
2024-05-07,745668,0.3227,0.3288,0.2007,0.2323,0.3180,0.3305,0.3134,0.3217,2,3,,0.3225,0.3058,0.2964
2024-05-07,745752,0.3107,0.2977,0.2161,0.2305,0.3358,0.3202,0.2948,0.3128,2,3,,0.3020,0.3211,0.3188
2024-05-07,745915,0.3179,0.3082,0.2442,0.2124,0.3227,0.3109,0.3104,0.3340,3,3,0.3416,0.2955,0.3064,0.3299
2024-05-07,746147,0.3251,0.3527,0.2371,0.1908,0.3285,0.3426,0.3092,0.3068,3,3,0.3113,0.3227,0.3085,0.3476
2024-05-07,746315,0.3349,0.3464,0.2154,0.1850,0.3293,0.3189,0.3190,0.3248,3,3,0.3109,0.3228,0.3245,0.3467
2024-05-07,746559,0.3241,0.3084,0.2018,0.2703,0.3324,0.3226,0.3283,0.3168,3,3,0.3238,0.2982,0.3199,0.3006
2024-05-07,746638,0.3171,0.2999,0.2324,0.2100,0.3255,0.3014,0.3307,0.3000,3,3,0.3107,0.2912,0.3342,0.3417
2024-05-07,746718,0.3259,0.3479,0.1922,0.2436,0.3665,0.3245,0.3205,0.3180,3,2,0.3074,,0.3512,0.3198
2024-05-07,746885,0.3447,0.3317,0.1956,0.1789,0.3150,0.3319,0.3026,0.3259,3,3,0.3242,0.3260,0.3183,0.3045
2024-05-07,747126,0.3438,0.3247,0.2289,0.2259,0.3353,0.3344,0.3127,0.3039,3,3,0.3214,0.3300,0.3117,0.3703
2024-05-08,744858,0.3419,0.3403,0.2261,0.1981,0.3388,0.3416,0.3067,0.3166,3,3,0.3488,0.3150,0.3426,0.3350
2024-05-08,745097,0.3096,0.2944,0.2225,0.2160,0.3211,0.3087,0.3109,0.3257,3,3,0.3227,0.3027,0.3047,0.3113
2024-05-08,745184,0.3457,0.3277,0.2000,0.2244,0.3241,0.3360,0.3229,0.3293,3,3,0.3287,0.3012,0.3163,0.3141
2024-05-08,745507,0.3210,0.3268,0.2303,0.2571,0.3229,0.3229,0.3393,0.3291,3,3,0.3043,0.3248,0.3208,0.3060
2024-05-08,745584,0.3197,0.3386,0.2096,0.2525,0.3175,0.3491,0.3104,0.3480,3,3,0.3158,0.3368,0.3505,0.3440
2024-05-08,745659,0.3288,0.3208,0.2086,0.2315,0.3134,0.3052,,0.3257,3,3,0.3443,0.3215,0.3296,0.3273
2024-05-08,745664,0.3360,0.3208,0.1925,0.2091,0.3135,0.3269,0.3150,0.3163,3,3,0.3443,0.3215,0.3137,0.3095
2024-05-08,745749,0.3641,0.3516,0.1830,0.2127,0.3405,0.3595,0.3173,0.3181,3,3,0.3385,0.3103,0.3348,0.3218
2024-05-08,745906,0.3193,0.3293,0.2447,0.2342,0.3256,0.3084,0.3275,0.3007,3,3,0.3454,0.3111,0.3126,0.3076
2024-05-08,746151,0.3253,0.3923,0.2376,0.1749,0.3309,0.3780,0.3138,0.3252,3,3,0.3145,0.3784,0.3100,0.3201
2024-05-08,746312,0.3403,0.3380,0.1974,0.2053,0.3324,0.3193,0.3173,0.3176,3,3,0.3143,0.3194,0.3130,0.3043
2024-05-08,746562,0.3245,0.3068,0.2013,0.2414,0.3346,0.3146,0.3232,0.3129,3,3,0.3217,0.2930,0.3151,0.3013
2024-05-08,746640,0.3390,0.3002,0.2373,0.2083,0.3239,0.3061,0.3270,0.3204,3,3,0.3644,0.2908,0.3219,0.3435
2024-05-08,746717,0.3300,0.3413,0.1997,0.2298,0.3703,0.3138,0.3240,0.3348,3,3,0.3069,0.3326,0.3419,0.3232
2024-05-08,746879,0.3445,0.3342,0.1751,0.1768,0.3284,0.3330,0.3017,0.3105,3,3,0.3248,0.3253,0.3198,0.3248
2024-05-08,747127,0.3266,0.3272,0.2315,0.2233,0.3334,0.3324,0.2983,0.3147,3,3,0.3269,0.3327,0.3387,0.3676
2024-05-09,745748,0.3629,0.3564,0.1859,0.2100,0.3420,0.3640,0.3295,0.2929,3,3,0.3358,0.3146,0.3314,0.3231
2024-05-09,745910,0.3157,0.3334,0.2414,0.2342,0.3287,0.3186,0.3022,0.2995,3,3,0.3402,0.3103,0.2979,0.3082
2024-05-09,745995,0.3283,0.3413,0.1852,0.1959,0.3248,0.3336,0.3202,0.2958,3,3,0.3273,0.3213,0.3172,0.3405
2024-05-09,746241,0.3535,0.3214,0.1790,0.2183,0.3290,0.3097,0.3035,0.3220,3,3,0.3216,0.3094,0.3378,0.3256
2024-05-09,746563,0.3261,0.3092,0.2271,0.2390,0.3234,0.3124,0.3177,0.3202,3,3,0.3570,0.2971,0.3089,0.3102
2024-05-09,746715,0.3274,0.3365,0.2032,0.2331,0.3661,0.3228,0.2875,0.3079,3,3,0.3065,0.3235,0.3434,0.3198
2024-05-09,746802,0.3068,0.3114,0.1783,0.2220,0.3014,0.3173,0.3151,0.3096,3,3,0.3091,0.3267,0.3429,0.3062
2024-05-10,744940,0.3323,0.3257,0.2223,0.2286,0.3146,0.3295,0.2982,0.2917,3,3,0.3363,0.3358,0.3064,0.3459
2024-05-10,745094,0.3592,0.3019,0.2104,0.2217,0.3659,0.3191,,0.3181,3,3,0.3138,0.3014,0.3217,0.3102
2024-05-10,745264,0.3331,0.3170,0.2279,0.2445,0.3233,0.3288,,0.3252,3,3,0.3219,0.3379,0.3248,0.2929
2024-05-10,745340,0.3256,0.3300,0.2340,0.2233,0.3221,0.3267,0.3468,0.3036,3,3,0.3136,0.3387,0.3207,0.3010
2024-05-10,745421,0.3924,0.3460,0.1748,0.1758,0.3786,0.3283,0.3300,0.2895,3,3,0.3813,0.3270,0.3476,0.3360
2024-05-10,745506,0.3302,0.3259,0.1782,0.2569,0.3289,0.3203,0.2993,0.3091,3,3,0.3234,0.3238,0.3023,0.3027
2024-05-10,745827,0.3269,0.3456,0.2225,0.2040,0.3324,0.3129,0.3478,0.3176,3,3,0.3316,0.3800,0.3705,0.3164
2024-05-10,745993,0.3233,0.3320,0.2285,0.2135,0.3234,0.3421,,0.3176,3,2,0.3143,,0.3221,0.3107
2024-05-10,746071,0.3317,0.3245,0.2271,0.2271,0.3309,0.3074,0.3269,0.2848,3,3,0.3197,0.3282,0.3245,0.3209
2024-05-10,746240,0.3543,0.3166,0.1808,0.2175,0.3262,0.3112,0.3198,0.3248,3,3,0.3240,0.3061,0.3392,0.3211
2024-05-10,746479,0.3629,0.3238,0.1900,0.2220,0.3462,0.3308,0.3148,0.3169,3,3,0.3364,0.3293,0.3344,0.3185
2024-05-10,746553,0.3372,0.3100,0.1897,0.2397,0.3135,0.3142,0.3138,0.3194,3,3,0.3500,0.3010,0.3122,0.2930
2024-05-10,746801,0.3131,0.3123,0.1940,0.2212,0.3124,0.3226,0.2874,0.3249,3,3,0.3079,0.3246,0.3280,0.3052
2024-05-10,746964,0.3400,0.3351,0.1969,0.2308,0.3419,0.3318,0.3063,0.3400,3,3,0.3163,0.3248,0.3231,0.3348
2024-05-10,747043,0.3244,0.3542,0.1968,0.2047,0.3591,0.3295,0.3163,0.3296,3,3,0.3472,0.3478,0.3394,0.3303
2024-05-11,744943,0.3319,0.3081,0.2359,0.2301,0.3233,0.3288,0.3287,0.3161,3,3,0.3082,0.2820,0.3333,0.3415
2024-05-11,745096,0.3604,0.2979,0.2120,0.2149,0.3637,0.3176,0.3060,0.2829,3,3,0.3103,0.3029,0.3153,0.3020
2024-05-11,745262,0.3155,0.3176,0.2132,0.2459,0.3032,0.3238,0.3194,,3,3,0.3203,0.3424,0.3270,0.3021
2024-05-11,745344,0.3314,0.3276,0.2440,0.2232,0.3221,0.3233,0.3268,0.3076,2,3,0.3100,0.2904,0.3229,0.3067
2024-05-11,745422,0.3522,0.3432,0.1742,0.1751,0.3444,0.3296,0.3241,0.3380,3,3,0.3802,0.3278,0.3439,0.3132
2024-05-11,745505,0.3359,0.3255,0.2131,0.2343,0.3414,0.3328,,0.3136,3,3,0.3429,0.3247,0.3005,0.3061
2024-05-11,745828,0.3304,0.3152,0.2201,0.2000,0.3291,0.3133,0.3099,0.3051,3,3,0.3394,0.3265,0.3699,0.3169
2024-05-11,745994,0.3240,0.3410,0.2182,0.1948,0.3135,0.3277,0.3084,0.3302,3,3,0.3245,0.3219,0.3054,0.3299
2024-05-11,746069,0.3225,0.3252,0.2025,0.2353,0.3256,0.3266,0.3211,0.3276,3,3,0.3030,0.3118,0.3263,0.3114
2024-05-11,746232,0.3535,0.3147,0.1828,0.2168,0.3271,0.3074,0.3286,0.3137,3,3,0.3204,0.3032,0.3369,0.3189
2024-05-11,746480,0.3375,0.3355,0.1997,0.2343,0.3116,0.3220,0.2883,0.3137,3,3,0.2990,0.3641,0.3113,0.3250
2024-05-11,746554,0.3405,0.3136,0.1896,0.2631,0.3116,0.3216,0.3097,0.3136,3,3,0.3537,0.2891,0.3240,0.2949
2024-05-11,746797,0.3105,0.3131,0.1881,0.2181,0.2988,0.3192,0.3249,0.3169,3,3,0.3178,0.3244,0.3448,0.2873
2024-05-11,746963,0.3372,0.3357,0.1993,0.2325,0.3377,0.3360,0.3172,0.3078,3,3,0.3142,0.3405,0.3232,0.3336
2024-05-11,747041,0.3253,0.3451,0.1962,0.2093,0.3585,0.3257,0.3059,0.3245,3,3,0.3493,0.3499,0.3388,0.3200
2024-05-12,744941,0.3375,0.3222,0.2414,0.2095,0.3396,0.3152,0.3284,0.3111,3,3,0.3095,0.3147,0.3180,0.3178
2024-05-12,745092,0.3614,0.3073,0.2113,0.2213,0.3624,0.3197,0.3209,0.3018,3,3,0.3133,0.3104,0.3117,0.3233
2024-05-12,745255,0.3184,0.3080,0.2084,0.2618,0.3179,0.3136,0.3132,0.3361,3,3,0.3215,0.3148,0.3563,0.2952
2024-05-12,745345,0.3329,0.3219,0.2642,0.2529,0.3106,0.3321,0.3169,0.3108,3,3,0.2948,0.2992,0.3149,0.2979
2024-05-12,745419,0.3635,0.3448,0.1699,0.1769,0.3500,0.3245,0.3170,0.3149,3,3,0.3749,0.3268,0.3364,0.3159
2024-05-12,745499,0.3291,0.3309,0.1946,0.2552,0.3323,0.3194,0.3291,0.3469,3,3,0.3261,0.3296,0.3315,0.3041
2024-05-12,745825,0.3146,0.3451,0.2291,0.2072,0.3171,0.3106,0.3112,0.3345,3,3,0.3402,0.3789,0.3698,0.3266
2024-05-12,745990,0.3152,0.3449,0.2421,0.1919,0.3177,0.3352,0.3238,0.3327,3,3,0.3017,0.3185,0.3094,0.3457
2024-05-12,746068,0.3368,0.3104,0.1909,0.2234,0.3400,0.3336,,0.2791,3,3,0.3045,0.3085,0.3117,0.3050
2024-05-12,746234,0.3567,0.3139,0.1891,0.2300,0.3322,0.3221,0.3103,0.3161,3,3,0.3206,0.2996,0.3109,0.3309
2024-05-12,746476,0.3660,0.3414,0.1813,0.2312,0.3395,0.3221,0.3043,0.3211,3,2,0.3864,0.3623,0.3092,0.3374
2024-05-12,746555,0.3399,0.3098,0.1859,0.2391,0.3123,0.3115,0.3144,0.3162,3,3,0.3488,0.3007,0.3114,0.3058
2024-05-12,746798,0.3073,0.3135,0.2143,0.2141,0.3032,0.3108,0.3422,0.3391,3,3,0.3140,0.3223,0.3014,0.3325
2024-05-12,746965,0.3354,0.3332,0.2023,0.2415,0.3336,0.3479,0.3132,0.3172,3,3,0.3585,0.3164,0.3058,0.3362
2024-05-12,747042,0.3230,0.3568,0.1941,0.1997,0.3515,0.3257,0.3303,0.3286,3,3,0.3079,0.3562,0.3455,0.3212
2024-05-13,745019,0.3076,0.3406,0.1757,0.1854,0.2939,0.3146,0.3184,0.3306,3,3,0.3095,0.3496,0.3420,0.3191
2024-05-13,745256,0.3510,0.3237,0.1788,0.2380,0.3239,0.3240,0.3073,0.3162,3,3,0.3172,0.3414,0.3369,0.3086
2024-05-13,745343,0.3881,0.2936,0.1751,0.2429,0.3697,0.3127,0.3181,0.3091,3,3,0.3739,0.2849,0.3387,0.3321
2024-05-13,745420,0.3120,0.3470,0.2365,0.1754,0.3128,0.3328,0.3251,0.3294,3,3,0.3027,0.3263,0.3043,0.3321
2024-05-13,745826,0.3368,0.3462,0.1928,0.2072,0.3401,0.3087,0.3274,0.3156,3,3,0.3024,0.3824,0.3181,0.3370
2024-05-13,745991,0.3314,0.3424,0.2526,0.2130,0.3222,0.3400,0.3434,0.3219,3,3,0.3329,0.3062,0.3096,0.3234
2024-05-13,746233,0.3175,0.3345,0.2404,0.2097,0.3198,0.3163,0.3274,0.3160,3,3,0.3046,0.3001,0.3159,0.3208
2024-05-13,746393,0.3379,0.3469,0.2259,0.2002,0.3205,0.3489,0.3272,0.3138,3,3,0.3261,0.3311,0.3332,0.3104
2024-05-13,746471,0.3217,0.3355,0.2298,0.2321,0.3180,0.3217,0.3185,0.3264,3,3,0.3155,0.3597,0.3247,0.3185
2024-05-13,746799,0.3213,0.2987,0.2037,0.2107,0.3296,0.3200,0.3116,0.3130,3,3,0.3587,0.3237,0.3230,0.2961
2024-05-13,746961,0.3114,0.3242,0.2178,0.2149,0.3220,0.3085,0.3047,0.3241,3,2,0.3162,0.3374,0.3117,0.3485
2024-05-13,747040,0.3305,0.3552,0.2307,0.1975,0.3227,0.3236,0.3049,0.3090,3,3,0.3409,0.3538,0.3047,0.3188
2024-05-13,747128,0.3351,0.3513,0.2095,0.2142,0.3380,0.3275,0.3200,0.2817,3,3,0.3405,0.3404,0.3041,0.3320
2024-05-13,747204,0.3410,0.3304,0.2222,0.2051,0.3166,0.3620,0.3359,0.3212,3,3,0.3251,0.3063,0.3133,0.3444
2024-05-14,745014,0.3107,0.3416,0.1737,0.1841,0.2942,0.3121,0.3282,0.3207,3,3,0.3120,0.3496,0.3387,0.3163
2024-05-14,745257,0.3505,0.3275,0.1786,0.2326,0.3279,0.3210,0.3073,0.3202,3,3,0.3178,0.3426,0.3353,0.3199
2024-05-14,745342,0.3689,0.3074,0.1841,0.2417,0.3583,0.3257,0.3251,0.3181,3,2,0.3191,,0.3361,0.3340
2024-05-14,745418,0.3139,0.3471,0.2350,0.1746,0.3150,0.3328,0.2996,0.3225,3,3,0.3098,0.3273,0.3199,0.3355
2024-05-14,745821,0.3218,0.3459,0.2396,0.2046,0.3398,0.3081,0.3272,0.3196,3,3,0.3320,0.3796,0.3396,0.3319
2024-05-14,745909,0.3661,0.3386,0.2086,0.2176,0.3653,0.3193,0.3151,0.3324,3,3,0.3118,0.3407,0.3208,0.3033
2024-05-14,745989,0.3363,0.3438,0.2490,0.1992,0.3224,0.3352,0.3174,0.3323,3,3,0.3342,0.3138,0.3095,0.3367
2024-05-14,746235,0.3143,0.3168,0.2169,0.2095,0.3079,0.3120,0.3069,0.3071,3,3,0.3052,0.3018,0.3139,0.3287
2024-05-14,746396,0.3362,0.3628,0.2348,0.1867,0.3102,0.3446,0.2966,0.3179,3,3,0.3229,0.3314,0.3339,0.3238
2024-05-14,746473,0.3243,0.3198,0.2391,0.2260,0.3334,0.3254,0.3076,0.3411,3,3,0.3164,0.3066,0.3451,0.3197
2024-05-14,746796,0.3256,0.3217,0.2055,0.2090,0.3287,0.3214,0.3275,0.3061,3,3,0.3587,0.3238,0.3231,0.3072
2024-05-14,746962,0.3111,0.3224,0.2135,0.2173,0.3251,0.3104,0.3253,0.3160,3,3,0.3195,0.3219,0.3087,0.3493
2024-05-14,747039,0.3238,0.3273,0.2111,0.2191,0.3129,0.3045,,0.3283,3,3,0.3130,0.3377,0.3209,0.3540
2024-05-14,747124,0.3404,0.3519,0.2145,0.2134,0.3403,0.3296,0.2990,0.2958,3,3,0.3479,0.3399,0.3462,0.3478
2024-05-14,747205,0.3184,0.3181,0.2784,0.2169,0.3011,0.3469,0.3167,0.2939,3,3,0.2976,0.3092,0.3213,0.3433
2024-05-15,745015,0.3122,0.3388,0.1705,0.1889,0.2939,0.3083,0.3181,0.3402,3,3,0.3170,0.3442,0.3404,0.3163
2024-05-15,745259,0.3462,0.3229,0.1809,0.2344,0.3354,0.3227,0.3129,0.3191,3,3,0.3071,0.3394,0.3361,0.3167
2024-05-15,745341,0.3893,0.2939,0.1762,0.2428,0.3710,0.3179,0.3343,,3,3,0.3729,0.2894,0.3420,0.3400
2024-05-15,745417,0.2959,0.3471,0.2241,0.1815,0.3029,0.3277,0.3185,0.3202,3,3,0.3063,0.3573,0.3094,0.3135
2024-05-15,745582,0.3481,0.3261,0.1954,0.2514,0.3082,0.3440,0.2863,,3,3,0.3796,0.3340,0.3285,0.3249
2024-05-15,745908,0.3655,0.3317,0.2086,0.2414,0.3661,0.3278,0.2980,0.3374,3,3,0.3101,0.3110,0.3217,0.3349
2024-05-15,745992,0.3158,0.3387,0.2271,0.2055,0.3152,0.3298,0.3105,0.3369,3,3,0.3327,0.3591,0.3176,0.3387
2024-05-15,746231,0.3156,0.3131,0.2420,0.2143,0.3187,0.3076,0.3351,0.3206,3,3,0.3043,0.3040,0.3160,0.3265
2024-05-15,746397,0.3399,0.3599,0.2408,0.1889,0.3240,0.3415,0.3193,,3,3,0.3259,0.3301,0.3195,0.3225
2024-05-15,746472,0.3224,0.3341,0.2393,0.2400,0.3303,0.3141,0.3164,0.3371,3,3,0.3145,0.3569,0.3272,0.3186
2024-05-15,746795,0.3073,0.3206,0.1989,0.2073,0.3158,0.3120,0.2868,0.3394,3,3,0.3049,0.3282,0.3021,0.2955
2024-05-15,746960,0.3154,0.3146,0.2158,0.2314,0.3302,0.3265,0.3124,0.3233,3,3,0.3146,0.3189,0.3240,0.3484
2024-05-15,747038,0.3237,0.3454,0.2112,0.2074,0.3122,0.3379,0.3074,0.2912,3,3,0.3129,0.3610,0.3283,0.3627
2024-05-15,747123,0.3336,0.3457,0.2107,0.2049,0.3384,0.3336,0.3167,0.3086,3,3,0.3353,0.3183,0.3395,0.3495
2024-05-15,747203,0.3026,0.3240,0.2502,0.1992,0.2933,0.3538,0.3292,0.2989,3,3,0.3009,0.3491,0.3190,0.3331
2024-05-16,745580,0.3299,0.3407,0.1969,0.2524,0.3005,0.3488,0.3227,0.3362,3,3,0.3240,0.3341,0.3184,0.3275
2024-05-16,745907,0.3695,0.3343,0.2083,0.2379,0.3691,0.3422,0.2935,0.3205,3,3,0.3112,0.3115,0.3138,0.3176
2024-05-16,746150,0.3143,0.3343,0.2752,0.1863,0.2955,0.3316,0.2886,0.3205,3,3,0.2978,0.3765,0.3384,0.3219
2024-05-16,746391,0.3142,0.3379,0.2179,0.1828,0.3042,0.3500,0.3194,0.3184,3,3,0.3206,0.3014,0.3357,0.2977
2024-05-16,746881,0.3256,0.3360,0.2302,0.2084,0.3039,0.3431,0.3184,0.3000,3,3,0.3089,0.3340,0.3037,0.3236
2024-05-16,746959,0.3143,0.3259,0.2170,0.2316,0.3291,0.3259,0.3107,0.3025,3,3,0.3149,0.3267,0.3141,0.3335
2024-05-17,744934,0.3155,0.3250,0.2205,0.1938,0.3261,0.3020,0.3177,0.3389,3,3,0.3146,0.3126,0.3142,0.3424
2024-05-17,745016,0.3188,0.3377,0.1950,0.1920,0.3126,0.3080,0.3133,0.3316,3,3,0.3104,0.3422,0.3235,0.3121
2024-05-17,745178,0.3260,0.3274,0.2165,0.2185,0.3141,0.3115,0.3319,0.3138,3,3,0.3400,0.3294,0.3471,0.3155
2024-05-17,745335,0.3136,0.3237,0.2330,0.2197,0.3150,0.3099,0.3233,0.3087,3,3,0.3041,0.3156,0.3111,0.2971
2024-05-17,745579,0.3226,0.3405,0.2128,0.2511,0.3239,0.3508,0.3079,0.3314,3,3,0.3539,0.3312,0.3091,0.3472
2024-05-17,745747,0.3196,0.3720,0.2050,0.2074,0.3109,0.3703,0.2871,0.3244,3,3,0.3278,0.3129,0.2870,0.3216
2024-05-17,746065,0.3281,0.3225,0.1993,0.2394,0.3054,0.3347,0.3263,0.3129,3,3,0.3195,0.3132,0.3337,0.3264
2024-05-17,746148,0.3387,0.3888,0.2237,0.1759,0.3151,0.3727,0.3491,0.3232,3,3,0.3292,0.3757,0.3165,0.3423
2024-05-17,746310,0.3333,0.3472,0.2276,0.1841,0.3140,0.3230,0.3129,0.3127,3,3,0.3216,0.3173,0.3180,0.2981
2024-05-17,746388,0.3386,0.3523,0.2217,0.1779,0.3345,0.3425,0.3241,0.3200,3,3,0.2957,0.3339,0.3358,0.3037
2024-05-17,746641,0.3100,0.3121,0.2152,0.1692,0.3222,0.2971,0.2945,0.3182,3,3,0.2939,0.3163,0.3325,0.3466
2024-05-17,746878,0.3249,0.3207,0.2235,0.2159,0.3294,0.3338,0.3297,0.3216,3,3,0.3372,0.3300,0.3090,0.3351
2024-05-17,747037,0.3066,0.3351,0.2639,0.2187,0.3128,0.3222,0.3158,0.3181,3,3,0.3059,0.3490,0.2993,0.3143
2024-05-17,747122,0.3338,0.3520,0.1916,0.2142,0.3299,0.3302,0.3081,0.3185,3,3,0.3281,0.3411,0.3313,0.3239
2024-05-17,747201,0.3145,0.3093,0.2274,0.2079,0.3130,0.3365,0.3279,0.2843,3,3,0.3187,0.3070,0.3195,0.3154
2024-05-18,744938,0.3112,0.3309,0.2223,0.2279,0.3171,0.3208,0.3319,0.3167,3,3,0.3145,0.3385,0.3289,0.3194
2024-05-18,745013,0.3182,0.3378,0.1967,0.1888,0.3131,0.3082,0.3139,0.3125,3,3,0.3050,0.3422,0.3336,0.3144
2024-05-18,745177,0.3270,0.3304,0.2145,0.2166,0.3168,0.3165,0.3333,0.3031,3,3,0.3417,0.3268,0.3515,0.3176
2024-05-18,745339,0.3166,0.3276,0.2563,0.2165,0.3242,0.3116,0.3183,0.3177,3,3,0.2890,0.3200,0.3008,0.3144
2024-05-18,745581,0.3247,0.3263,0.1873,0.2081,0.3284,0.3301,0.3207,0.3136,3,3,0.3536,0.2942,0.3041,0.3463
2024-05-18,745744,0.3269,0.3757,0.2004,0.2078,0.3186,0.3739,0.3025,0.3195,3,3,0.3310,0.3100,0.3102,0.3276
2024-05-18,746067,0.3333,0.3171,0.1896,0.2295,0.3002,0.3167,0.3123,0.3092,2,3,0.3331,0.3123,0.3201,0.3159
2024-05-18,746142,0.3139,0.3830,0.2750,0.1892,0.3027,0.3613,0.3304,0.3271,3,3,0.3036,0.4294,0.3375,0.3191
2024-05-18,746308,0.3322,0.3452,0.2280,0.1857,0.3134,0.3229,0.3086,0.3245,3,3,0.3227,0.3166,0.3323,0.3404
2024-05-18,746389,0.3430,0.3596,0.2005,0.1854,0.3297,0.3434,0.3158,0.3349,3,3,0.3164,0.3308,0.3418,0.3174
2024-05-18,746642,0.3121,0.2957,0.2555,0.2523,0.3193,0.3154,0.3135,0.3053,3,3,0.3109,0.3154,0.2971,0.3350
2024-05-18,746882,0.3339,0.3220,0.2164,0.2131,0.3232,0.3399,0.2856,0.3353,3,3,0.3401,0.2945,0.3057,0.3363
2024-05-18,747036,0.3287,0.3575,0.2513,0.1942,0.3198,0.3296,0.3128,0.3334,3,3,0.3353,0.3518,0.2983,0.3302
2024-05-18,747121,0.3472,0.3500,0.1689,0.2158,0.3388,0.3315,0.2926,0.3231,3,3,0.3268,0.3400,0.3301,0.3472
2024-05-18,747202,0.3330,0.3232,0.2333,0.1953,0.3169,0.3486,0.3171,0.3024,3,3,0.3524,0.3071,0.3025,0.3338
2024-05-19,744937,0.3124,0.3311,0.2240,0.2254,0.3232,0.3222,0.3164,0.3116,3,3,0.3176,0.3382,0.3196,0.3091
2024-05-19,745012,0.3155,0.3393,0.2113,0.1902,0.3180,0.3116,0.3164,0.3248,3,3,0.2967,0.3413,0.3294,0.3117
2024-05-19,745179,0.3383,0.3338,0.2382,0.2354,0.3373,0.3246,0.3231,0.3197,3,3,0.3397,0.3425,0.3149,0.3267
2024-05-19,745336,0.3180,0.3294,0.2279,0.2143,0.3200,0.3142,0.3177,0.3336,3,3,0.3084,0.3229,0.3001,0.3267
2024-05-19,745577,0.3227,0.3420,0.1942,0.2270,0.3299,0.3541,0.3279,0.3146,3,3,0.3539,0.3339,0.3276,0.3384
2024-05-19,745745,0.3185,0.3786,0.2074,0.2088,0.3140,0.3797,0.3375,0.3211,3,3,0.3334,0.3100,0.3020,0.3315
2024-05-19,746064,0.3474,0.3208,0.1934,0.2267,0.3174,0.3167,0.3256,0.3215,3,3,0.3305,0.3169,0.3225,0.3012
2024-05-19,746144,0.3162,0.3890,0.2420,0.1737,0.3110,0.3717,0.3273,0.2933,3,3,0.3188,0.3754,0.2942,0.3178
2024-05-19,746306,0.3330,0.3564,0.2301,0.1892,0.3134,0.3390,0.3310,0.3428,3,3,0.3280,0.3180,0.3360,0.2988
2024-05-19,746392,0.3416,0.3590,0.1993,0.1873,0.3259,0.3410,0.3264,0.3419,3,3,0.3125,0.3303,0.3395,0.3163
2024-05-19,746636,0.3325,0.3137,0.2410,0.1646,0.3463,0.2975,0.3286,0.3270,3,3,0.3076,0.3205,0.3017,0.3392
2024-05-19,746880,0.3141,0.3300,0.2650,0.2109,0.3112,0.3368,0.3192,0.3316,3,3,0.2813,0.3238,0.3143,0.3280
2024-05-19,747035,0.3270,0.3639,0.2530,0.1995,0.3168,0.3424,0.3002,0.2998,3,3,0.3349,0.3582,0.3100,0.3390
2024-05-19,747120,0.3238,0.3500,0.1853,0.2158,0.3298,0.3316,0.3236,0.3091,3,3,0.3268,0.3401,0.3307,0.3151
2024-05-19,747198,0.3294,0.3229,0.2177,0.1953,0.3194,0.3462,0.3182,0.3168,3,3,0.3133,0.3072,0.3050,0.3337
2024-05-20,744857,0.3281,0.3287,0.2148,0.2175,0.3344,0.3190,0.3222,0.2934,3,3,0.3403,0.3528,0.2978,0.3153
2024-05-20,744935,0.3235,0.3476,0.2160,0.2112,0.3210,0.3279,0.3384,0.3045,3,3,0.3308,0.3342,0.3099,0.3178
2024-05-20,745093,0.3346,0.3183,0.2469,0.1955,0.3613,0.3143,0.3298,0.3108,3,3,0.3352,0.3164,0.3341,0.3216
2024-05-20,745181,0.3602,0.3291,0.1933,0.2179,0.3304,0.3148,0.3021,0.3330,3,3,0.3607,0.3248,0.3290,0.3179
2024-05-20,745746,0.3251,0.3769,0.2558,0.2103,0.3131,0.3770,0.3381,0.3090,3,3,0.3302,0.3069,0.3088,0.3324
2024-05-20,746066,0.3330,0.3217,0.1953,0.2279,0.3193,0.3173,0.3218,0.3161,3,3,0.3140,0.3160,0.3374,0.3169
2024-05-20,746146,0.3240,0.3877,0.1966,0.1733,0.3489,0.3686,0.3100,0.3170,3,3,0.3075,0.3737,0.3337,0.3143
2024-05-20,746307,0.3325,0.3493,0.2293,0.1823,0.3164,0.3262,0.3095,0.3052,3,3,0.3492,0.3185,0.3218,0.3441
2024-05-20,746390,0.3191,0.3433,0.1980,0.2166,0.3139,0.3496,0.3120,0.3145,3,3,0.3046,0.3271,0.3247,0.3181
2024-05-20,746637,0.3482,0.3145,0.1946,0.1623,0.3202,0.3008,0.3179,0.3194,3,3,0.3313,0.3214,0.3241,0.3491
2024-05-20,747119,0.3330,0.3476,0.1908,0.2175,0.3289,0.3303,0.3106,0.2899,3,3,0.3259,0.3396,0.3313,0.3124
2024-05-21,744860,0.3130,0.3058,0.2434,0.2014,0.3192,0.3203,0.3413,0.3004,3,3,0.2975,0.3047,0.3002,0.3162
2024-05-21,744936,0.3267,0.3492,0.2037,0.2078,0.3192,0.3240,0.2945,0.2775,3,3,0.3283,0.3321,0.3160,0.3173
2024-05-21,745090,0.3344,0.3085,0.2467,0.2423,0.3568,0.3217,0.3089,0.3131,3,3,0.3356,0.3188,0.3438,0.3155
2024-05-21,745180,0.3611,0.3104,0.1903,0.2291,0.3290,0.3088,0.3263,0.3081,3,3,0.3655,0.3236,0.3529,0.3193
2024-05-21,745503,0.3131,0.3360,0.2018,0.2488,0.3118,0.3156,0.3448,0.3359,3,3,0.3200,0.3363,0.3063,0.3023
2024-05-21,745578,0.3325,0.3408,0.1781,0.2457,0.3157,0.3470,0.2903,0.3159,3,3,0.3386,0.3353,0.3046,0.3462
2024-05-21,745662,0.3176,0.3117,0.2245,0.2255,0.3210,0.3009,0.3188,0.3139,3,3,0.3067,0.3170,0.2981,0.3312
2024-05-21,745742,0.3129,0.3771,0.2350,0.2098,0.3048,0.3816,0.3115,0.3067,3,3,0.3090,0.3047,0.3167,0.3219
2024-05-21,746058,0.3391,0.3172,0.1984,0.2184,0.3233,0.3286,0.3294,0.3046,3,3,0.3140,0.2988,0.3379,0.3087
2024-05-21,746145,0.3316,0.3889,0.2154,0.1709,0.3577,0.3667,0.3304,0.3071,3,3,0.3053,0.3720,0.3334,0.3414
2024-05-21,746309,0.3322,0.3124,0.2278,0.2042,0.3144,0.3089,0.3168,0.3140,3,3,0.3492,0.3204,0.3266,0.3498
2024-05-21,746385,0.3196,0.3590,0.1940,0.1886,0.3132,0.3405,0.3179,0.3345,3,3,0.3030,0.3269,0.3174,0.3165
2024-05-21,746633,0.3467,0.3131,0.1962,0.1644,0.3195,0.2995,0.3233,0.3382,3,3,0.3289,0.3206,0.3356,0.3371
2024-05-21,746716,0.3470,0.3159,0.1685,0.2512,0.3389,0.3170,0.2960,0.3400,3,3,0.3309,0.3203,0.3289,0.3301
2024-05-21,746875,0.3503,0.3293,0.2139,0.2100,0.3315,0.3356,0.3027,0.3186,3,3,0.3402,0.3216,0.3490,0.3288
2024-05-22,744856,0.3150,0.3385,0.2096,0.2222,0.3275,0.3097,0.3044,0.3177,3,3,0.2905,0.3491,0.3249,0.3044
2024-05-22,744933,0.3147,0.3255,0.1908,0.2289,0.3172,0.3162,0.3430,0.3238,3,3,0.3252,0.3269,0.2975,0.3153
2024-05-22,745089,0.3201,0.3108,0.2241,0.2163,0.3283,0.3134,0.3101,0.3179,3,3,0.3402,0.3139,0.3458,0.3189
2024-05-22,745173,0.3578,0.3225,0.1912,0.2285,0.3251,0.3133,0.3417,0.3232,3,3,0.3641,0.3071,0.3247,0.3162
2024-05-22,745502,0.3344,0.3291,0.1970,0.2173,0.3310,0.3163,0.3039,0.3271,3,3,0.3332,0.3338,0.3281,0.3138
2024-05-22,745576,0.3373,0.3453,0.1955,0.2445,0.3062,0.3486,0.3327,0.3324,3,3,0.3372,0.3352,0.3184,0.3461
2024-05-22,745661,0.3172,0.3190,0.2506,0.2237,0.3285,0.3102,0.3105,0.3193,3,3,0.2940,0.3265,0.3152,0.3192
2024-05-22,745743,0.3062,0.3752,0.2516,0.2113,0.3004,0.3783,0.2922,0.3134,3,3,0.3061,0.3038,0.3219,0.3333
2024-05-22,746063,0.3422,0.3265,0.2160,0.2346,0.3313,0.3286,0.3187,0.3217,3,3,0.3153,0.3165,0.3360,0.3167
2024-05-22,746143,0.3212,0.3878,0.2131,0.1709,0.3524,0.3653,0.2905,0.3227,3,3,0.3040,0.3722,0.3364,0.2930
2024-05-22,746304,0.3258,0.3567,0.2289,0.1773,0.3241,0.3283,0.3104,0.2810,3,3,0.3128,0.3238,0.3243,0.3392
2024-05-22,746386,0.3226,0.3600,0.1937,0.1888,0.3146,0.3390,0.3241,0.3328,3,3,0.3075,0.3233,0.3490,0.3164
2024-05-22,746634,0.3454,0.3128,0.1966,0.1655,0.3171,0.2960,0.3342,0.3429,3,3,0.3290,0.3193,0.3292,0.3127
2024-05-22,746712,0.3473,0.3130,0.1674,0.2532,0.3386,0.3147,0.3067,0.3239,3,3,0.3331,0.3146,0.3273,0.3099
2024-05-22,746876,0.3495,0.3296,0.2126,0.2106,0.3313,0.3445,0.3142,0.3177,3,2,0.3377,,0.3456,0.3403
2024-05-23,745500,0.3380,0.3273,0.1925,0.2195,0.3290,0.3134,0.3123,0.3204,3,3,0.3397,0.3340,0.3272,0.3214
2024-05-23,745573,0.3239,0.3467,0.1965,0.2460,0.3318,0.3472,0.3025,0.3175,3,3,0.3351,0.3380,0.3224,0.3278
2024-05-23,745660,0.3159,0.3365,0.2509,0.2256,0.3259,0.3088,0.3206,0.3164,3,3,0.2916,0.3252,0.3081,0.2939
2024-05-23,745741,0.3132,0.3777,0.2263,0.2107,0.3151,0.3790,0.3051,0.2978,3,3,0.3111,0.3043,0.3010,0.3293
2024-05-23,746474,0.3462,0.3160,0.2090,0.2325,0.3163,0.3143,0.3060,0.3316,3,3,0.3278,0.3171,0.3064,0.3222
2024-05-23,746714,0.3492,0.3147,0.1648,0.2425,0.3374,0.3105,0.3269,0.3218,3,3,0.3357,0.3178,0.3274,0.3089
2024-05-23,746792,0.3358,0.3035,0.2151,0.2027,0.3256,0.3157,0.3259,0.3215,3,3,0.3646,0.3330,0.3364,0.3150
2024-05-23,746874,0.3485,0.3261,0.2123,0.2146,0.3284,0.3321,0.3268,,3,3,0.3351,0.3260,0.3131,0.3304
2024-05-24,744853,0.3107,0.3154,0.2415,0.2128,0.3081,0.3151,0.3127,0.3056,3,3,0.3076,0.3449,0.3181,0.3313
2024-05-24,745087,0.3578,0.3196,0.1770,0.2016,0.3268,0.3116,0.3143,0.3098,3,3,0.3245,0.3194,0.3442,0.3249
2024-05-24,745175,0.3253,0.3174,0.2285,0.2202,0.3092,0.3287,0.3365,0.3058,3,3,0.3247,0.3078,0.3311,0.3138
2024-05-24,745415,0.3374,0.3190,0.2134,0.1865,0.3430,0.3304,0.2941,0.3208,3,3,0.3058,0.3375,0.3374,0.3285
2024-05-24,745501,0.3482,0.3304,0.2117,0.2192,0.3294,0.3153,0.3397,0.3262,3,3,0.3335,0.3374,0.3438,0.3339
2024-05-24,745663,0.3583,0.3360,0.1886,0.2269,0.3384,0.3130,0.3207,0.3133,3,3,0.3215,0.3224,0.3144,0.3357
2024-05-24,745822,0.3353,0.3397,0.1927,0.2029,0.3258,0.3267,0.3124,0.3205,3,3,0.3316,0.3297,0.3302,0.3304
2024-05-24,745905,0.3384,0.3273,0.1877,0.2171,0.3232,0.3331,0.3052,0.3192,3,3,0.3326,0.2889,0.3182,0.3090
2024-05-24,746227,0.3135,0.3204,0.1667,0.1923,0.2943,0.3121,0.3129,0.3252,3,3,0.3209,0.3044,0.3513,0.3086
2024-05-24,746475,0.3419,0.3267,0.1901,0.2316,0.3164,0.3088,0.3447,0.3198,3,3,0.3157,0.3206,0.3191,0.3237
2024-05-24,746558,0.3224,0.2969,0.2350,0.2294,0.3411,0.3001,0.3314,0.3297,3,3,0.3417,0.2910,0.3290,0.2957
2024-05-24,746713,0.3881,0.3121,0.1719,0.2527,0.3676,0.3182,0.3249,0.3484,3,3,0.3771,0.3172,0.3414,0.3362
2024-05-24,746793,0.3607,0.3283,0.1930,0.2060,0.3427,0.3196,0.3251,0.3018,3,3,0.3679,0.3363,0.3120,0.3169
2024-05-24,746956,0.3392,0.3267,0.1994,0.2160,0.3212,0.3085,0.3060,0.3062,3,3,0.3118,0.3388,0.3358,0.3533
2024-05-24,747200,0.3267,0.3236,0.2350,0.2043,0.3326,0.3509,0.3110,0.3157,3,3,0.3204,0.3574,0.3146,0.3401
2024-05-25,744851,0.3121,0.3164,0.2302,0.2106,0.3133,0.3131,0.3125,0.3031,3,3,0.3123,0.3453,0.3095,0.3147
2024-05-25,745086,0.3591,0.3098,0.1771,0.2122,0.3246,0.3110,0.3179,0.3182,3,3,0.3273,0.3268,0.3052,0.3244
2024-05-25,745176,0.3250,0.3272,0.2147,0.2182,0.3322,0.3140,0.3305,0.3204,3,3,0.3246,0.3223,0.3401,0.3155
2024-05-25,745411,0.3820,0.3483,0.2073,0.1656,0.3780,0.3380,0.2982,0.3372,3,3,0.3042,0.3352,0.3398,0.3268
2024-05-25,745493,0.3496,0.3314,0.2097,0.2164,0.3296,0.3163,0.3290,0.3096,3,3,0.3356,0.3394,0.3093,0.3273
2024-05-25,745658,0.3579,0.3357,0.1875,0.2309,0.3386,0.3125,0.3134,0.3239,3,3,0.3209,0.3214,0.3121,0.3136
2024-05-25,745823,0.3197,0.3493,0.1916,0.1976,0.3227,0.3245,0.3118,0.3189,3,3,0.3278,0.3330,0.3240,0.3170
2024-05-25,745901,0.3410,0.3215,0.1860,0.2364,0.3277,0.3268,0.3224,0.3305,3,3,0.3319,0.3031,0.3184,0.3080
2024-05-25,746226,0.3143,0.3211,0.1660,0.1938,0.2925,0.3176,0.3202,0.3227,3,3,0.3159,0.3016,0.3371,0.3351
2024-05-25,746470,0.3404,0.3260,0.2108,0.2304,0.3178,0.3081,0.3022,0.3208,3,3,0.3253,0.3156,0.3093,0.3206
2024-05-25,746556,0.3453,0.3212,0.2225,0.2194,0.3469,0.3276,0.3374,0.3144,3,3,0.3391,0.3075,0.3308,0.3024
2024-05-25,746710,0.3875,0.3254,0.1701,0.2337,0.3668,0.3202,0.2903,0.3151,3,3,0.3797,0.3124,0.3465,0.3167
2024-05-25,746794,0.3371,0.3309,0.2113,0.2077,0.3235,0.3193,0.3067,0.3025,3,3,0.3684,0.3393,0.3130,0.3186
2024-05-25,746958,0.3427,0.3275,0.1970,0.2150,0.3221,0.3112,0.3121,0.3075,3,3,0.3094,0.3422,0.3365,0.3403
2024-05-25,747199,0.3276,0.3324,0.2170,0.2157,0.3148,0.3530,0.3297,0.3389,3,3,0.3346,0.3020,0.3131,0.3375
2024-05-26,744855,0.3186,0.3133,0.2356,0.2141,0.3081,0.3091,0.3503,0.3057,3,3,0.3079,0.3437,0.3016,0.3198
2024-05-26,745088,0.3591,0.3101,0.1751,0.1894,0.3239,0.3085,0.3251,0.3132,3,3,0.3260,0.3191,0.3421,0.3062
2024-05-26,745172,0.3272,0.3078,0.2132,0.2268,0.3314,0.3088,0.3028,0.3072,3,3,0.3286,0.3242,0.3409,0.3038
2024-05-26,745413,0.3818,0.3311,0.2095,0.1908,0.3818,0.3246,0.3418,0.3114,3,3,0.3043,0.3341,0.3378,0.3273
2024-05-26,745498,0.3378,0.3315,0.2221,0.2168,0.3294,0.3143,0.3386,0.2837,3,3,0.2988,0.3422,0.3470,0.3414
2024-05-26,745653,0.3559,0.3245,0.1862,0.2041,0.3377,0.3085,0.3228,0.3078,3,3,0.3197,0.3232,0.3111,0.3245
2024-05-26,745824,0.3204,0.3466,0.1903,0.2008,0.3186,0.3228,0.3294,0.3354,3,3,0.3300,0.3329,0.3099,0.3393
2024-05-26,745902,0.3410,0.3258,0.1845,0.2185,0.3252,0.3232,0.3032,,3,3,0.3290,0.2990,0.3181,0.3305
2024-05-26,746230,0.3131,0.3209,0.1681,0.1943,0.2902,0.3160,0.3095,0.3146,3,3,0.3156,0.3035,0.3540,0.3359
2024-05-26,746469,0.3453,0.3097,0.2122,0.2119,0.3122,0.3166,0.3251,0.2915,3,3,0.3248,0.3006,0.2940,0.3191
2024-05-26,746557,0.3464,0.3186,0.2432,0.2433,0.3453,0.3278,0.3171,0.2846,3,3,0.3418,0.2924,0.3448,0.3000
2024-05-26,746711,0.3857,0.3234,0.1711,0.2335,0.3639,0.3198,0.3213,0.3098,3,3,0.3798,0.3059,0.3174,0.3118
2024-05-26,746789,0.3408,0.3292,0.2045,0.2095,0.3400,0.3152,0.2776,0.3036,3,3,0.3561,0.3385,0.3201,0.3235
2024-05-26,746957,0.3443,0.3264,0.1975,0.2403,0.3205,0.3194,0.3066,0.3214,3,3,0.3128,0.3413,0.3363,0.3304
2024-05-26,747197,0.3138,0.3217,0.2078,0.2044,0.3344,0.3507,0.3218,0.3226,3,3,0.3355,0.3524,0.3122,0.3397
2024-05-27,745254,0.3566,0.3188,0.1855,0.2325,0.3375,0.3044,0.3263,0.3172,3,3,0.3208,0.3062,0.3103,0.3069
2024-05-27,745338,0.3448,0.3016,0.2446,0.1756,0.3418,0.3044,0.3175,0.3253,3,3,0.3429,0.3258,0.3312,0.3350
2024-05-27,745416,0.3210,0.3309,0.2271,0.1893,0.3156,0.3240,0.3207,0.3382,3,3,0.3205,0.3346,0.3207,0.3283
2024-05-27,745816,0.3632,0.3458,0.1638,0.2033,0.3415,0.3202,0.3400,0.3236,3,3,0.3793,0.3330,0.3203,0.3390
2024-05-27,745904,0.3575,0.3416,0.1789,0.2038,0.3219,0.3474,0.3014,0.3141,3,3,0.3236,0.3422,0.3425,0.3291
2024-05-27,745986,0.3255,0.3511,0.1865,0.2110,0.3266,0.3201,0.3068,0.3153,3,3,0.3268,0.3563,0.3315,0.3351
2024-05-27,746549,0.3154,0.3153,0.1665,0.2537,0.2895,0.3239,0.3292,0.3232,3,3,0.3164,0.2923,0.3491,0.3002
2024-05-27,746708,0.3165,0.3056,0.2168,0.2386,0.3072,0.3109,0.3037,0.3214,3,3,0.3099,0.2984,0.3215,0.3161
2024-05-27,746788,0.3319,0.3277,0.2114,0.2012,0.3185,0.3151,0.3370,0.3171,3,3,0.2797,0.3339,0.3192,0.3002
2024-05-27,747034,0.3266,0.3342,0.2148,0.1791,0.3077,0.3068,0.3208,0.3113,3,3,0.3400,0.2948,0.3214,0.3382
2024-05-27,747118,0.3224,0.3497,0.2052,0.2085,0.3317,0.3403,0.3217,0.3183,3,3,0.3449,0.3130,0.2904,0.3305
2024-05-28,745017,0.3328,0.3417,0.2165,0.1847,0.3529,0.3222,0.3036,0.3048,3,3,0.3048,0.3272,0.3352,0.3165
2024-05-28,745091,0.3369,0.3210,0.2273,0.2099,0.3116,0.3125,0.3085,0.3117,3,3,0.3228,0.3273,0.3266,0.3263
2024-05-28,745258,0.3561,0.3171,0.1843,0.2270,0.3363,0.3115,0.3243,0.3210,3,3,0.3199,0.3046,0.3072,0.3077
2024-05-28,745337,0.3449,0.3006,0.2446,0.2102,0.3414,0.3141,0.3095,0.2807,3,3,0.3455,0.3233,0.3181,0.3364
2024-05-28,745412,0.3213,0.3418,0.2304,0.1677,0.3143,0.3192,0.3178,0.3099,3,3,0.3237,0.3336,0.3165,0.3279
2024-05-28,745818,0.3843,0.3456,0.1711,0.2109,0.3632,0.3142,0.3168,0.2874,3,3,0.3793,0.3330,0.3461,0.3125
2024-05-28,745903,0.3651,0.3370,0.1824,0.2083,0.3425,0.3361,0.3136,0.3064,3,3,0.3238,0.3224,0.3072,0.3022
2024-05-28,745987,0.3260,0.3422,0.2086,0.1982,0.3258,0.3186,0.3100,0.3255,3,3,0.3276,0.3159,0.3050,0.3384
2024-05-28,746229,0.3814,0.3207,0.2099,0.1941,0.3825,0.3136,0.3224,0.2946,3,3,0.3050,0.3019,0.3351,0.3253
2024-05-28,746468,0.3316,0.3223,0.2185,0.2295,0.3138,0.3103,,0.3087,3,3,0.3383,0.3144,0.3271,0.3160
2024-05-28,746552,0.3156,0.3183,0.1658,0.2220,0.2913,0.3226,0.3180,0.3337,3,3,0.3171,0.3081,0.3494,0.3003
2024-05-28,746709,0.3238,0.3063,0.2266,0.2546,0.3081,0.3126,0.2952,0.3383,3,3,0.3087,0.3000,0.3185,0.3168
2024-05-28,746791,0.3449,0.3121,0.2076,0.2274,0.3076,0.3108,,0.3152,3,3,0.3263,0.3316,0.3189,0.3020
2024-05-28,747033,0.3331,0.3572,0.2181,0.1876,0.3026,0.3158,0.3194,0.3205,3,3,0.3366,0.3677,0.3341,0.3233
2024-05-28,747115,0.3132,0.3496,0.2179,0.2253,0.3172,0.3357,0.3184,0.3187,3,3,0.3455,0.3141,0.3154,0.3289
2024-05-29,745011,0.3201,0.3319,0.1989,0.1943,0.3392,0.3211,0.3329,0.3369,3,3,0.3025,0.2961,0.3344,0.3142
2024-05-29,745084,0.3385,0.3193,0.2268,0.1947,0.3170,0.3141,0.3115,0.3096,3,3,0.3247,0.3241,0.3276,0.3061
2024-05-29,745250,0.3556,0.3167,0.1843,0.2361,0.3358,0.3032,0.3105,0.3124,3,3,0.3189,0.3030,0.3069,0.3194
2024-05-29,745333,0.3488,0.3098,0.2436,0.1981,0.3326,0.3086,0.3169,0.3191,3,3,0.3456,0.3202,0.3294,0.3087
2024-05-29,745414,0.3284,0.3492,0.2362,0.1636,0.3115,0.3375,0.3149,0.3089,3,3,0.3299,0.3326,0.3141,0.3262
2024-05-29,745817,0.3834,0.3111,0.1705,0.2368,0.3622,0.3093,,0.3377,3,3,0.3776,0.3306,0.3436,0.3390
2024-05-29,745900,0.3636,0.3157,0.1824,0.2290,0.3415,0.3176,0.3056,0.3158,3,3,0.3226,0.2980,0.3080,0.3256
2024-05-29,745988,0.3246,0.3466,0.2127,0.2042,0.3223,0.3241,0.3321,0.2909,3,3,0.3252,0.3347,0.3332,0.3343
2024-05-29,746228,0.3811,0.3220,0.2093,0.1963,0.3865,0.3152,0.3278,0.2981,3,3,0.3034,0.3018,0.3327,0.3312
2024-05-29,746467,0.3151,0.3258,0.2342,0.2302,0.3268,0.3071,0.2906,0.2981,3,3,0.3380,0.3141,0.3002,0.3125
2024-05-29,746551,0.3165,0.3154,0.1645,0.2514,0.2918,0.3254,0.3342,0.3286,3,3,0.3146,0.2876,0.3540,0.2933
2024-05-29,746706,0.3118,0.3086,0.2255,0.2505,0.3066,0.3071,0.3275,0.3170,3,3,0.3259,0.3082,0.3238,0.3158
2024-05-29,746790,0.3292,0.3168,0.2261,0.1932,0.3138,0.3151,0.3248,0.3247,3,3,0.3289,0.3293,0.3037,0.3076
2024-05-29,747031,0.3225,0.3547,0.2285,0.1989,0.3122,0.3252,0.3032,0.3087,3,3,0.3299,0.3651,0.3367,0.3224
2024-05-29,747117,0.3268,0.3470,0.2140,0.2147,0.3199,0.3388,,0.3067,3,3,0.3486,0.3098,0.3099,0.3480
2024-05-30,745081,0.3185,0.3114,0.2267,0.2448,0.3086,0.3166,0.3302,0.3155,3,3,0.3256,0.3277,0.3265,0.3177
2024-05-30,745249,0.3316,0.3134,0.2032,0.2296,0.3372,0.3098,0.3089,0.3244,3,3,0.3174,0.2970,0.3062,0.3154
2024-05-30,745819,0.3207,0.3366,0.1974,0.2157,0.3367,0.3196,0.3076,0.3171,3,3,0.3036,0.3301,0.3073,0.3236
2024-05-30,745898,0.3549,0.3269,0.1793,0.2170,0.3184,0.3268,0.3204,0.3132,3,3,0.3215,0.2985,0.3468,0.2963
2024-05-30,745985,0.3204,0.3414,0.2182,0.2002,0.3149,0.3204,0.3646,0.3211,3,3,0.3246,0.3151,0.3089,0.3183
2024-05-30,746225,0.3814,0.3212,0.2091,0.1957,0.3889,0.3133,0.3183,0.3258,3,3,0.3054,0.3008,0.3322,0.3251
2024-05-30,746954,0.3241,0.3170,0.2290,0.2305,0.3182,0.2994,0.3185,0.2919,3,3,0.3122,0.3341,0.3054,0.3356
2024-05-30,747114,0.3142,0.3470,0.2579,0.2318,0.3172,0.3287,0.3113,0.3081,3,3,0.3434,0.3138,0.3151,0.3302
2024-05-31,744928,0.3325,0.3446,0.2179,0.2057,0.3091,0.3088,0.3286,0.3409,3,3,0.3411,0.3280,0.3094,0.3202
2024-05-31,745253,0.3156,0.3148,0.2147,0.2283,0.3163,0.3089,0.3018,0.3139,3,3,0.3063,0.3044,0.3258,0.3200
2024-05-31,745331,0.3813,0.2983,0.2118,0.2161,0.3872,0.3105,0.3010,0.3203,3,3,0.3054,0.3163,0.3228,0.3381
2024-05-31,745574,0.3139,0.3447,0.2197,0.2472,0.3077,0.3425,0.3052,0.3301,3,3,0.3070,0.3503,0.3179,0.3404
2024-05-31,745820,0.3337,0.3453,0.2153,0.2082,0.3497,0.3179,0.3114,0.3270,3,3,0.3023,0.3368,0.3345,0.3260
2024-05-31,745983,0.3116,0.3402,0.1990,0.2009,0.3104,0.3205,0.3198,0.3063,3,3,0.3278,0.3144,0.3281,0.3395
2024-05-31,746059,0.3406,0.3106,0.1849,0.2246,0.3169,0.3061,0.3304,0.3169,3,3,0.3233,0.3228,0.3175,0.3271
2024-05-31,746140,0.3166,0.3827,0.2246,0.1709,0.3217,0.3612,0.3154,0.3375,3,3,0.3079,0.3753,0.3008,0.3458
2024-05-31,746303,0.3304,0.3561,0.1869,0.1786,0.3237,0.3224,0.3050,0.2971,3,3,0.3325,0.3211,0.3250,0.3050
2024-05-31,746387,0.3387,0.3541,0.2061,0.1865,0.3360,0.3340,0.3080,0.3045,3,3,0.3482,0.3170,0.3327,0.3212
2024-05-31,746635,0.3246,0.3247,0.2203,0.1513,0.3152,0.2877,0.3202,0.3497,3,3,0.3390,0.3395,0.3110,0.3550
2024-05-31,746877,0.3108,0.3144,0.2498,0.1940,0.3095,0.3261,0.3048,0.3266,3,3,0.3114,0.2920,0.3148,0.3366
2024-05-31,746955,0.3212,0.3201,0.2301,0.2292,0.3109,0.3154,0.3064,0.3200,3,3,0.3076,0.3307,0.3066,0.3459
2024-05-31,747032,0.3195,0.3553,0.1880,0.1918,0.3009,0.3134,0.3011,0.3247,3,3,0.3180,0.3665,0.3244,0.3166
2024-05-31,747116,0.3386,0.3474,0.2277,0.2157,0.3180,0.3362,0.3182,0.3365,3,3,0.3280,0.3148,0.3110,0.3343
2024-06-01,744932,0.3302,0.3259,0.2168,0.2270,0.3091,0.3098,0.2974,0.3276,3,3,0.3419,0.3268,0.2905,0.3258
2024-06-01,745251,0.2963,0.3162,0.2216,0.2382,0.3121,0.3121,0.3263,0.3133,3,3,0.3044,0.3102,0.3247,0.3112
2024-06-01,745332,0.3826,0.3135,0.2102,0.1828,0.3856,0.3086,0.3289,0.3143,3,3,0.3041,0.3114,0.3337,0.3133
2024-06-01,745575,0.3100,0.3438,0.2367,0.2482,0.3000,0.3407,0.2860,0.2991,3,3,0.3112,0.3504,0.3202,0.3407
2024-06-01,745812,0.3226,0.3181,0.1972,0.2162,0.3391,0.3126,0.3244,0.3041,3,3,0.3550,0.3140,0.3230,0.3333
2024-06-01,745980,0.3260,0.3477,0.2242,0.1989,0.3061,0.3282,0.2927,0.2825,3,3,0.3300,0.3360,0.3216,0.3483
2024-06-01,746062,0.3375,0.3196,0.1919,0.2298,0.3151,0.3102,0.3190,0.3119,3,3,0.3223,0.3224,0.3130,0.3231
2024-06-01,746138,0.3180,0.3809,0.2247,0.1707,0.3223,0.3595,0.3077,0.3194,3,3,0.3100,0.3724,0.3022,0.3462
2024-06-01,746305,0.3328,0.3573,0.1862,0.1779,0.3230,0.3249,0.3214,0.3271,3,3,0.3373,0.3211,0.3251,0.3484
2024-06-01,746384,0.3371,0.3521,0.2089,0.1862,0.3328,0.3316,0.3189,0.2850,3,3,0.3247,0.3146,0.2984,0.3059
2024-06-01,746629,0.2930,0.3288,0.2740,0.1635,0.3037,0.3023,0.3113,0.3136,3,3,0.2877,0.3125,0.3142,0.3386
2024-06-01,746870,0.3096,0.3177,0.2907,0.2209,0.2985,0.3229,0.3078,0.2927,3,3,0.3115,0.3049,0.3374,0.3051
2024-06-01,746952,0.3243,0.3134,0.2306,0.2336,0.3129,0.3149,0.3118,0.3184,3,3,0.3125,0.3302,0.3086,0.3233
2024-06-01,747029,0.3192,0.3539,0.1878,0.1910,0.3016,0.3140,0.2935,0.3277,3,3,0.3212,0.3680,0.2935,0.3173
2024-06-01,747111,0.3371,0.3464,0.2262,0.2304,0.3205,0.3248,0.2793,0.3257,3,3,0.3259,0.3169,0.3212,0.3307
2024-06-02,744929,0.3329,0.3431,0.2145,0.2077,0.3121,0.3065,0.3116,0.3095,3,3,0.3417,0.3224,0.3106,0.3246
2024-06-02,745252,0.3135,0.3187,0.2194,0.2246,0.3131,0.3176,0.3247,0.3394,3,3,0.3053,0.3124,0.3284,0.3194
2024-06-02,745330,0.3847,0.3049,0.2108,0.2195,0.3912,0.3138,0.3264,0.2964,3,3,0.3040,0.3146,0.3304,0.3279
2024-06-02,745572,0.3124,0.3432,0.2129,0.2233,0.3022,0.3441,0.3310,0.3186,3,3,0.3082,0.3486,0.3138,0.3339
2024-06-02,745813,0.3196,0.3462,0.2027,0.2068,0.3459,0.3227,0.3369,0.3033,3,3,0.3522,0.3394,0.3425,0.3270
2024-06-02,745984,0.3155,0.3400,0.1990,0.2023,0.3113,0.3212,0.3127,0.3422,3,3,0.3263,0.3131,0.3219,0.3198
2024-06-02,746061,0.3313,0.3161,0.1857,0.2290,0.3106,0.3050,0.3319,0.3212,3,3,0.3248,0.3301,0.3084,0.3160
2024-06-02,746141,0.3173,0.3787,0.2238,0.1715,0.3223,0.3572,0.3177,0.3180,3,3,0.3090,0.3688,0.3073,0.3185
2024-06-02,746301,0.3395,0.3580,0.2020,0.1774,0.3168,0.3300,0.3084,0.3166,3,3,0.3116,0.3191,0.3253,0.3085
2024-06-02,746383,0.3115,0.3476,0.2148,0.1742,0.3172,0.3347,0.3281,0.3099,3,3,0.3018,0.3826,0.3103,0.3340
2024-06-02,746632,0.3192,0.3247,0.2163,0.1489,0.3163,0.2886,0.3375,0.3277,3,3,0.3072,0.3403,0.3182,0.3324
2024-06-02,746871,0.3092,0.3245,0.2572,0.1856,0.3048,0.3222,0.3176,0.2995,3,3,0.3135,0.3243,0.3159,0.3403
2024-06-02,746953,0.3240,0.2950,0.2307,0.2720,0.3119,0.3058,0.3174,0.3237,3,2,0.3118,0.3318,0.3159,0.3245
2024-06-02,747030,0.3101,0.3482,0.2177,0.2144,0.3074,0.3343,0.3250,0.3096,3,3,0.3226,0.3663,0.3108,0.3325
2024-06-02,747110,0.3247,0.3225,0.1904,0.2286,0.3077,0.3179,0.3259,,3,2,0.3249,0.3237,0.3034,0.3295
2024-06-03,744854,0.3441,0.3066,0.2092,0.2171,0.3205,0.3129,0.3070,0.3098,3,3,0.3383,0.3107,0.3363,0.3175
2024-06-03,744930,0.3502,0.3420,0.2123,0.2068,0.3382,0.3055,0.3271,0.3266,3,3,0.3726,0.3224,0.3340,0.3266
2024-06-03,745009,0.3272,0.3363,0.2266,0.1922,0.3072,0.3064,0.3095,0.2899,3,3,0.3192,0.3272,0.3138,0.3091
2024-06-03,745569,0.3404,0.3422,0.2007,0.2527,0.3225,0.3394,0.2983,0.3089,3,3,0.3131,0.3465,0.3395,0.3396
2024-06-03,746224,0.3481,0.3200,0.1987,0.1951,0.3492,0.3106,0.3263,0.3135,3,3,0.3591,0.3000,0.3302,0.3160
2024-06-03,746382,0.3151,0.3303,0.2135,0.1695,0.3035,0.3094,0.3068,0.3327,3,3,0.3099,0.3170,0.3156,0.3179
2024-06-03,746548,0.3041,0.2965,0.2609,0.2318,0.3049,0.2994,0.3219,0.3026,3,3,0.3044,0.2909,0.3172,0.3022
2024-06-03,747194,0.3291,0.3392,0.2252,0.2079,0.3220,0.3446,0.3314,0.3142,3,3,0.3112,0.3620,0.3267,0.3303
2024-06-04,744850,0.3443,0.3176,0.2080,0.2079,0.3202,0.3143,,0.3207,3,3,0.3404,0.3367,0.3379,0.3213
2024-06-04,744931,0.3498,0.3164,0.2101,0.1918,0.3366,0.2980,0.3111,0.3088,3,3,0.3744,0.3222,0.3449,0.3092
2024-06-04,745010,0.3239,0.3390,0.2286,0.1871,0.3108,0.3205,0.3316,0.2880,3,3,0.3122,0.3295,0.3109,0.3139
2024-06-04,745497,0.3788,0.3336,0.1709,0.2162,0.3589,0.3137,0.3022,0.2809,3,3,0.3683,0.3434,0.3453,0.3104
2024-06-04,745568,0.3494,0.3413,0.1969,0.2506,0.3301,0.3377,0.3164,0.3079,3,3,0.3470,0.3449,0.3463,0.3055
2024-06-04,745656,0.3183,0.3187,0.2249,0.2018,0.3171,0.3106,0.3084,0.3096,3,3,0.3106,0.3217,0.3131,0.3478
2024-06-04,745739,0.3392,0.3864,0.1990,0.2114,0.3434,0.3941,0.2938,0.3204,3,3,0.3548,0.3025,0.3285,0.3368
2024-06-04,746060,0.2992,0.3185,0.2096,0.2369,0.3030,0.3131,0.3168,0.2960,3,3,0.3210,0.3220,0.3165,0.3255
2024-06-04,746222,0.3430,0.3191,0.1771,0.1960,0.3463,0.3093,0.3202,,3,3,0.3388,0.2967,0.3401,0.3146
2024-06-04,746380,0.3210,0.2976,0.2052,0.2034,0.3055,0.2986,0.3222,0.3341,3,3,0.3296,0.3149,0.3193,0.3330
2024-06-04,746550,0.3017,0.3157,0.2530,0.2246,0.3031,0.3205,0.3295,0.3302,3,3,0.2927,0.3055,0.3364,0.3002
2024-06-04,746630,0.3577,0.3265,0.1762,0.1495,0.3298,0.2841,0.3180,0.3110,3,3,0.3200,0.3414,0.3472,0.3570
2024-06-04,746872,0.3226,0.3253,0.2355,0.1863,0.3129,0.3214,0.2889,0.3240,3,3,0.3360,0.3242,0.3227,0.3147
2024-06-04,746949,0.3507,0.3304,0.2268,0.2134,0.3298,0.3029,0.3157,0.3039,3,3,0.3223,0.3364,0.3273,0.3392
2024-06-04,747196,0.3170,0.3226,0.2304,0.1949,0.3089,0.3403,0.3073,0.3380,3,3,0.3238,0.3593,0.3353,0.3270
2024-06-05,744852,0.3454,0.3128,0.2079,0.2115,0.3204,0.3203,0.3482,0.3095,3,3,0.3408,0.3013,0.3412,0.2920
2024-06-05,744927,0.3511,0.3224,0.2109,0.2237,0.3332,0.3055,0.3085,0.3018,3,3,0.3751,0.3195,0.3141,0.3140
2024-06-05,745007,0.3222,0.3100,0.2395,0.2007,0.3092,0.3165,0.3225,0.3320,3,3,0.3087,0.3272,0.3158,0.3138
2024-06-05,745494,0.3789,0.3323,0.1727,0.2187,0.3582,0.3141,0.3024,0.3472,3,3,0.3691,0.3404,0.3476,0.3176
2024-06-05,745570,0.3340,0.3367,0.2144,0.2391,0.3250,0.3348,0.3037,0.3213,3,3,0.3041,0.3441,0.3461,0.3409
2024-06-05,745654,0.3177,0.3203,0.2250,0.1891,0.3184,0.3016,0.3150,0.2995,3,3,0.3086,0.3210,0.3186,0.3458
2024-06-05,745740,0.3246,0.3863,0.2175,0.2109,0.3220,0.3935,0.3333,0.3209,3,3,0.3017,0.3022,0.3534,0.3382
2024-06-05,746056,0.3186,0.3205,0.2152,0.2270,0.3062,0.3139,0.3106,0.3065,3,3,0.3232,0.3205,0.3114,0.3197
2024-06-05,746221,0.3403,0.3202,0.1705,0.1935,0.3246,0.3112,0.3169,0.3010,3,3,0.3380,0.2982,0.3446,0.3276
2024-06-05,746379,0.3094,0.3355,0.2270,0.1855,0.3003,0.3040,0.3078,0.3302,3,3,0.3261,0.3134,0.3169,0.3324
2024-06-05,746544,0.3082,0.3147,0.2497,0.2279,0.3014,0.3179,0.3333,0.3248,3,3,0.3102,0.3041,0.3138,0.3019
2024-06-05,746628,0.3558,0.3249,0.1775,0.1635,0.3369,0.2940,0.2992,0.3027,3,3,0.3107,0.3419,0.3460,0.3576
2024-06-05,746873,0.3145,0.3261,0.2157,0.2134,0.3152,0.3198,0.3061,0.3051,3,3,0.3287,0.3219,0.3414,0.3128
2024-06-05,746950,0.3114,0.3317,0.2325,0.2228,0.3060,0.2972,0.3173,0.3208,2,3,0.3206,0.3338,0.3272,0.2990
2024-06-05,747195,0.3156,0.3165,0.2323,0.2291,0.3123,0.3311,0.3293,0.3170,3,3,0.3302,0.3000,0.3275,0.3131
2024-06-06,744844,0.3460,0.3262,0.2150,0.2197,0.3380,0.3146,0.3140,0.3129,3,3,0.3099,0.3403,0.3333,0.3132
2024-06-06,744923,0.3415,0.3224,0.2017,0.2113,0.3387,0.3148,0.3042,,3,3,0.3513,0.2701,0.3462,0.3139
2024-06-06,745174,0.3141,0.3161,0.2265,0.2102,0.3217,0.3042,0.2991,0.3137,3,3,0.3039,0.3092,0.3027,0.3195
2024-06-06,745408,0.3268,0.3547,0.1942,0.1586,0.3442,0.3427,0.3403,0.3161,3,3,0.3008,0.3369,0.3301,0.3128
2024-06-06,745495,0.3483,0.3300,0.2141,0.2132,0.3467,0.3203,0.3281,0.3155,3,3,0.3676,0.3377,0.3171,0.3266
2024-06-06,745657,0.3146,0.3177,0.2388,0.1898,0.3019,0.2986,0.3213,0.2981,3,3,0.3084,0.3191,0.3188,0.3307
2024-06-06,745738,0.3250,0.3563,0.2168,0.2018,0.3182,0.3625,0.3047,0.2994,3,3,0.3028,0.3035,0.3163,0.3208
2024-06-06,746631,0.3597,0.3262,0.1765,0.1505,0.3269,0.2846,0.3046,0.3386,3,3,0.3226,0.3419,0.3383,0.3128
2024-06-06,746707,0.3246,0.3190,0.2139,0.2387,0.3181,0.3037,0.2911,0.3106,3,3,0.3246,0.3195,0.3391,0.3161
2024-06-06,746784,0.3267,0.2941,0.2351,0.2186,0.3029,0.3146,0.3216,0.3097,3,3,0.3355,0.3059,0.2908,0.3097
2024-06-07,744845,0.3496,0.3286,0.2246,0.2175,0.3242,0.3159,0.3105,0.2914,3,3,0.3174,0.3405,0.3250,0.2999
2024-06-07,745008,0.3384,0.3143,0.2363,0.1877,0.3254,0.3149,0.3291,0.3350,3,3,0.3414,0.3287,0.3269,0.3135
2024-06-07,745083,0.3516,0.3128,0.2116,0.1936,0.3329,0.3093,0.3226,0.3274,3,3,0.3741,0.3228,0.3385,0.3098
2024-06-07,745169,0.3150,0.3182,0.2257,0.2091,0.3241,0.3047,0.3198,0.3241,3,3,0.3049,0.3136,0.2897,0.2842
2024-06-07,745406,0.3247,0.3360,0.1995,0.1798,0.3540,0.3263,0.3186,0.2866,3,3,0.3039,0.3362,0.3383,0.3223
2024-06-07,745496,0.3514,0.3175,0.2146,0.2021,0.3512,0.3093,0.3230,0.3001,3,3,0.3528,0.3054,0.3221,0.2967
2024-06-07,745655,0.3401,0.3159,0.2052,0.1885,0.3081,0.2987,0.3186,0.3368,3,3,0.3173,0.3181,0.3131,0.3430
2024-06-07,745737,0.3790,0.3552,0.1767,0.2021,0.3623,0.3605,0.3141,0.3063,3,3,0.3706,0.3005,0.3472,0.3212
2024-06-07,746053,0.3302,0.3204,0.1647,0.2204,0.3063,0.2986,0.3164,0.3526,3,2,0.3132,,0.3384,0.3100
2024-06-07,746220,0.2979,0.3191,0.2037,0.1939,0.2998,0.3109,0.3059,0.3179,3,3,0.3126,0.2978,0.3174,0.3250
2024-06-07,746302,0.3124,0.3602,0.2416,0.1768,0.2987,0.3269,0.3128,0.3075,3,3,0.3090,0.3253,0.3183,0.3448
2024-06-07,746466,0.3351,0.3105,0.2002,0.2287,0.3163,0.3095,0.3113,0.3261,3,3,0.3089,0.3094,0.2887,0.3157
2024-06-07,746704,0.3135,0.3125,0.2123,0.2512,0.3112,0.3049,0.3044,0.3037,3,3,0.3032,0.3187,0.3394,0.3372
2024-06-07,746785,0.3305,0.3032,0.2183,0.2286,0.3036,0.3165,0.2813,0.3096,3,3,0.3369,0.3118,0.3349,0.3258
2024-06-08,744848,0.3472,0.3297,0.2107,0.2206,0.3343,0.3143,0.3140,0.3230,3,3,0.3082,0.3389,0.3297,0.3057
2024-06-08,745001,0.3102,0.3172,0.2301,0.2085,0.3176,0.3080,0.3207,0.3202,3,3,0.2864,0.3285,0.3377,0.3049
2024-06-08,745082,0.3508,0.3187,0.2134,0.2144,0.3324,0.3074,0.3336,0.2971,3,3,0.3721,0.3218,0.3157,0.3125
2024-06-08,745166,0.3022,0.3087,0.2281,0.2247,0.3056,0.2956,0.3282,0.3114,3,3,0.3053,0.3156,0.3459,0.3238
2024-06-08,745410,0.3196,0.3155,0.1967,0.1836,0.3215,0.3235,0.3156,0.3293,3,3,0.3046,0.3359,0.3290,0.3148
2024-06-08,745492,0.3465,0.3290,0.2169,0.2195,0.3503,0.3127,0.3253,0.3100,3,3,0.3498,0.3379,0.3116,0.3135
2024-06-08,745652,0.3263,0.3325,0.1918,0.2281,0.3035,0.3086,0.3110,0.3346,3,3,0.3147,0.3176,0.3201,0.3055
2024-06-08,745735,0.3797,0.3555,0.1753,0.2023,0.3614,0.3593,0.3099,0.3157,3,3,0.3707,0.2998,0.3461,0.3176
2024-06-08,745814,0.3411,0.3487,0.2510,0.2059,0.3359,0.3223,0.3207,0.2852,3,3,0.3429,0.3454,0.3345,0.3368
2024-06-08,746057,0.3115,0.3232,0.2044,0.2429,0.2973,0.3140,0.3359,0.3089,3,3,0.3406,0.3117,0.3089,0.3201
2024-06-08,746223,0.3252,0.3172,0.1784,0.1961,0.3017,0.3091,0.3271,0.3173,3,3,0.3108,0.2951,0.3205,0.3136
2024-06-08,746300,0.3178,0.3600,0.2241,0.1763,0.3150,0.3252,0.3286,0.3061,3,3,0.3100,0.3242,0.3077,0.3481
2024-06-08,746461,0.3365,0.3195,0.1998,0.2326,0.3154,0.3126,0.3291,0.3123,3,3,0.3108,0.3105,0.3430,0.3122
2024-06-08,746703,0.3222,0.3111,0.2178,0.2477,0.3333,0.2977,0.3006,0.3162,3,3,0.2990,0.3166,0.3204,0.3150
2024-06-08,746786,0.3341,0.3182,0.2214,0.2247,0.3047,0.3137,0.3424,0.3184,3,3,0.3369,0.3304,0.3098,0.3234
2024-06-09,744849,0.3454,0.3307,0.2113,0.2217,0.3331,0.3155,0.3137,,3,3,0.3068,0.3395,0.3289,0.3076
2024-06-09,745003,0.3292,0.3189,0.2119,0.2071,0.3175,0.3131,0.3097,0.3314,3,3,0.3495,0.3285,0.3120,0.3043
2024-06-09,745085,0.3505,0.3159,0.2151,0.2160,0.3323,0.3055,0.3165,0.3157,3,3,0.3723,0.3213,0.3396,0.3081
2024-06-09,745167,0.3158,0.3171,0.2291,0.2102,0.3241,0.3059,0.3172,0.3308,3,3,0.3057,0.3133,0.3042,0.3208
2024-06-09,745407,0.3352,0.3571,0.2155,0.1577,0.3509,0.3451,0.3334,0.3289,3,3,0.3028,0.3368,0.3292,0.3236
2024-06-09,745491,0.3339,0.3287,0.2058,0.2185,0.3276,0.3124,0.3086,0.3206,3,3,0.3166,0.3394,0.3024,0.3302
2024-06-09,745571,0.3490,0.3299,0.2076,0.2386,0.3217,0.3373,0.3439,0.3164,3,3,0.3494,0.3416,0.3234,0.3363
2024-06-09,745651,0.3476,0.3330,0.1772,0.2293,0.3145,0.3087,0.3135,0.3279,2,3,,0.3160,0.3095,0.2970
2024-06-09,745736,0.3790,0.3546,0.1747,0.2030,0.3606,0.3590,0.2919,0.2776,3,3,0.3705,0.2979,0.3502,0.3151
2024-06-09,746054,0.3280,0.3220,0.1471,0.2236,0.2925,0.3131,0.3385,0.3386,3,3,0.3438,0.3203,0.3047,0.3183
2024-06-09,746216,0.3371,0.3198,0.2011,0.2040,0.3123,0.3151,0.3187,0.3106,3,3,0.3121,0.3039,0.3191,0.3259
2024-06-09,746297,0.3134,0.3607,0.2371,0.1751,0.3043,0.3249,0.3027,0.3028,3,3,0.3110,0.3251,0.3078,0.3443
2024-06-09,746463,0.3192,0.3109,0.2239,0.2167,0.2964,0.3104,0.2889,0.3235,3,3,0.3403,0.3129,0.3113,0.3271
2024-06-09,746705,0.3239,0.3078,0.2124,0.2891,0.3144,0.2918,0.3255,0.2969,3,3,0.3253,0.3082,0.3386,0.3354
2024-06-09,746787,0.3305,0.3051,0.2289,0.2274,0.3046,0.3213,0.3268,0.3169,3,3,0.3373,0.3116,0.3202,0.3310
2024-06-10,745080,0.3625,0.3164,0.1927,0.2155,0.3342,0.3046,0.3028,0.2954,3,3,0.3714,0.3226,0.3292,0.3078
2024-06-10,745248,0.3082,0.3193,0.2242,0.2231,0.3185,0.3189,0.3101,0.3027,3,3,0.3299,0.3175,0.3287,0.3117
2024-06-10,745334,0.3294,0.3323,0.1774,0.2303,0.3032,0.3173,0.3279,0.3242,3,3,0.3184,0.3121,0.3269,0.3221
2024-06-10,745409,0.3320,0.3367,0.2288,0.1770,0.3078,0.3324,0.3003,0.3020,3,3,0.3134,0.3336,0.2998,0.3217
2024-06-10,745897,0.3081,0.3345,0.2114,0.2252,0.2988,0.3240,0.3191,0.3396,3,3,0.3070,0.3205,0.3280,0.3295
2024-06-10,745982,0.3329,0.3328,0.2115,0.1998,0.3082,0.3155,0.3284,0.3163,3,3,0.3198,0.3092,0.3274,0.3418
2024-06-10,746295,0.3410,0.3657,0.2115,0.1832,0.3376,0.3405,0.3129,0.3304,3,3,0.2973,0.3243,0.3257,0.3155
2024-06-11,745077,0.3242,0.3185,0.2124,0.1923,0.3179,0.2981,0.3044,0.3064,3,3,0.3265,0.3226,0.3237,0.3042
2024-06-11,745170,0.3275,0.3187,0.2213,0.2105,0.3106,0.3050,0.3251,0.3042,3,3,0.3378,0.3127,0.3140,0.3209
2024-06-11,745244,0.3262,0.3211,0.2492,0.2216,0.3135,0.3198,,,3,3,0.3258,0.3224,0.3047,0.3161
2024-06-11,745327,0.3284,0.3319,0.1759,0.2283,0.3022,0.3182,0.3057,0.3109,3,3,0.3176,0.3092,0.3199,0.3309
2024-06-11,745404,0.3297,0.3426,0.2341,0.1752,0.3072,0.3307,0.3402,0.3069,3,3,0.3129,0.3328,0.3093,0.3123
2024-06-11,745815,0.3248,0.3467,0.2340,0.2093,0.3234,0.3194,0.3208,0.3224,3,3,0.3228,0.3459,0.3175,0.3354
2024-06-11,745899,0.3044,0.3348,0.2249,0.2010,0.3114,0.3334,0.3402,0.3143,3,3,0.3081,0.3078,0.3313,0.3182
2024-06-11,745981,0.3340,0.3250,0.1857,0.2421,0.3179,0.3123,,0.3039,3,3,0.3118,0.2911,0.2973,0.3410
2024-06-11,746139,0.3027,0.3219,0.2037,0.2453,0.3202,0.3218,0.3239,0.3280,3,3,0.3149,0.2660,0.3024,0.3304
2024-06-11,746296,0.3076,0.3175,0.2315,0.1969,0.3106,0.3048,0.3210,0.3229,3,3,0.2960,0.3216,0.3333,0.3077
2024-06-11,746464,0.3305,0.3112,0.2210,0.2085,0.3151,0.3132,0.3201,0.3116,3,3,0.3366,0.3129,0.3145,0.3292
2024-06-11,746702,0.3287,0.3092,0.1477,0.2466,0.2927,0.2944,0.3194,0.3382,3,3,0.3446,0.3125,0.3278,0.3224
2024-06-11,746951,0.3395,0.3255,0.2377,0.2293,0.3364,0.3062,0.3113,0.2987,3,3,0.3418,0.3367,0.3422,0.3372
2024-06-11,747027,0.3144,0.3447,0.2077,0.2034,0.3122,0.3400,0.3053,0.2861,3,3,0.3195,0.3509,0.3736,0.2885
2024-06-11,747190,0.2979,0.3221,0.2095,0.1919,0.3100,0.3386,0.3365,0.3302,3,3,0.3136,0.3612,0.3314,0.3391
2024-06-12,745079,0.3019,0.3190,0.2369,0.1915,0.3216,0.2980,0.3177,0.3167,3,3,0.3131,0.3270,0.3282,0.3008
2024-06-12,745171,0.3281,0.3188,0.2187,0.2120,0.3088,0.3038,0.2996,0.3316,3,3,0.3371,0.3109,0.3123,0.3218
2024-06-12,745246,0.3282,0.3196,0.2391,0.2198,0.3148,0.3174,0.3105,0.3282,3,3,0.3252,0.3214,0.2955,0.3074
2024-06-12,745328,0.3276,0.3233,0.1749,0.2213,0.3056,0.3130,0.3311,0.3118,3,3,0.3155,0.3221,0.3199,0.3404
2024-06-12,745405,0.3117,0.3459,0.1969,0.1718,0.3003,0.3509,0.3178,0.3227,3,3,0.3169,0.3326,0.3273,0.3262
2024-06-12,745811,0.3192,0.3314,0.2081,0.2168,0.3080,0.3193,0.3218,0.3061,3,3,0.3175,0.3439,0.3101,0.3358
2024-06-12,745896,0.2999,0.3328,0.2047,0.2075,0.3150,0.3387,0.3017,0.3260,3,3,0.3082,0.3115,0.3130,0.3011
2024-06-12,745978,0.3201,0.3308,0.2103,0.2014,0.2933,0.3151,0.3228,0.3331,3,3,0.3247,0.3080,0.3228,0.3156
2024-06-12,746137,0.3395,0.3801,0.2012,0.1734,0.3128,0.3612,0.3188,0.3181,3,3,0.3295,0.3682,0.3129,0.3504
2024-06-12,746294,0.3885,0.3577,0.2086,0.1721,0.3953,0.3262,0.3137,0.3258,3,3,0.2980,0.3198,0.3349,0.3427
2024-06-12,746462,0.3297,0.3214,0.2212,0.2289,0.3146,0.3130,0.3135,0.3195,3,3,0.3359,0.3156,0.3048,0.3106
2024-06-12,746701,0.3169,0.3072,0.1711,0.2463,0.2934,0.2932,0.3039,0.3281,3,3,0.3463,0.3088,0.3552,0.3170
2024-06-12,746948,0.3422,0.3357,0.2378,0.2465,0.3416,0.3309,0.3130,0.3132,3,3,0.3481,0.3375,0.3420,0.3352
2024-06-12,747028,0.3443,0.3513,0.2041,0.2133,0.3209,0.3393,0.3158,0.3162,3,3,0.3186,0.3721,0.3274,0.3271
2024-06-12,747193,0.2966,0.3328,0.2056,0.1880,0.3111,0.3442,0.3236,0.3175,3,3,0.2931,0.3057,0.3256,0.3284
2024-06-13,745075,0.3310,0.3061,0.2186,0.2449,0.3399,0.3130,0.3316,0.3033,3,3,0.3230,0.2969,0.3351,0.3090
2024-06-13,745168,0.3224,0.3175,0.2376,0.2123,0.2967,0.3023,0.3208,0.3193,3,3,0.2987,0.3094,0.3146,0.3203
2024-06-13,745245,0.3075,0.3176,0.2323,0.2362,0.3185,0.3069,0.3391,0.2817,3,3,0.2773,0.3218,0.3213,0.3070
2024-06-13,745809,0.3236,0.3467,0.2355,0.2278,0.3253,0.3268,0.3018,0.3397,3,3,0.3221,0.3463,0.3150,0.3387
2024-06-13,745894,0.3308,0.3285,0.2350,0.2059,0.3109,0.3061,0.2962,0.3228,3,3,0.3134,0.3258,0.3103,0.3299
2024-06-13,746136,0.3185,0.3806,0.2029,0.1741,0.3171,0.3643,0.3029,0.3155,3,3,0.3286,0.3671,0.3119,0.3320
2024-06-13,746299,0.3885,0.3439,0.2060,0.1770,0.3969,0.3195,0.3292,0.2943,3,3,0.2966,0.3194,0.3157,0.3436
2024-06-13,746465,0.3363,0.3095,0.2251,0.2242,0.3039,0.3195,0.3254,0.3646,3,3,0.3388,0.3125,0.3027,0.3298
2024-06-13,746944,0.3426,0.3293,0.2364,0.2490,0.3431,0.3464,0.3060,0.3052,3,3,0.3477,0.3384,0.3271,0.3367
2024-06-13,747026,0.3432,0.3559,0.2045,0.1887,0.3189,0.3167,0.3255,0.3213,3,3,0.3173,0.3709,0.3297,0.3298
2024-06-13,747192,0.3084,0.3361,0.1736,0.2113,0.3141,0.3529,0.3154,0.3532,3,3,0.2934,0.3068,0.3126,0.3288
2024-06-14,744847,0.3017,0.3304,0.2297,0.2197,0.3312,0.3118,0.3135,0.3199,3,3,0.2939,0.3395,0.3110,0.2911
2024-06-14,744924,0.3257,0.3392,0.1452,0.1989,0.2891,0.3047,0.3346,0.3571,3,3,0.3488,0.3264,0.3560,0.3239
2024-06-14,745247,0.3074,0.3185,0.2040,0.2419,0.3067,0.3086,0.3086,0.3217,3,3,0.3279,0.3198,0.3097,0.3257
2024-06-14,745326,0.3168,0.3248,0.1957,0.2446,0.3131,0.3260,0.3084,0.3293,3,3,0.2951,0.2889,0.3308,0.3203
2024-06-14,745810,0.3350,0.3491,0.1784,0.2268,0.3329,0.3292,0.3275,0.3059,3,3,0.3318,0.3485,0.3229,0.3378
2024-06-14,745892,0.3121,0.3277,0.2231,0.2150,0.3072,0.3203,0.3061,0.3102,3,3,0.3037,0.3233,0.3128,0.3095
2024-06-14,745979,0.3077,0.3296,0.2481,0.2003,0.2955,0.3154,0.3006,0.2900,3,3,0.3090,0.3067,0.3151,0.3361
2024-06-14,746134,0.3570,0.3798,0.1680,0.1748,0.3233,0.3637,0.3160,0.3123,3,3,0.3191,0.3664,0.2996,0.3488
2024-06-14,746378,0.3216,0.3088,0.2296,0.1975,0.3157,0.3043,0.3138,0.2823,3,3,0.3126,0.3152,0.3188,0.3158
2024-06-14,746545,0.3352,0.3055,0.2306,0.2227,0.3186,0.3112,0.3107,0.3193,3,3,0.3351,0.3082,0.2878,0.3136
2024-06-14,746869,0.2942,0.3189,0.2389,0.2233,0.2946,0.3302,0.3139,0.3298,3,3,0.3104,0.2918,0.3172,0.3309
2024-06-14,746947,0.3863,0.3300,0.2089,0.2521,0.3946,0.3456,0.3211,0.2893,3,3,0.2953,0.3404,0.3347,0.3368
2024-06-14,747025,0.3247,0.3488,0.1969,0.1809,0.3156,0.3153,0.2867,0.2878,3,3,0.2946,0.3501,0.3389,0.3396
2024-06-14,747112,0.3117,0.3402,0.1979,0.2085,0.3083,0.3303,0.2836,0.3188,3,3,0.3275,0.3053,0.3083,0.3265
2024-06-14,747191,0.3351,0.3383,0.2307,0.2102,0.3123,0.3543,0.3371,0.3186,3,3,0.3235,0.3085,0.3028,0.3305
2024-06-15,744846,0.2981,0.3312,0.2345,0.2032,0.2940,0.3250,0.3162,0.3320,3,3,0.2607,0.3419,0.3179,0.2975
2024-06-15,744925,0.3373,0.3377,0.1617,0.2003,0.3024,0.3025,0.3062,0.3160,3,3,0.3489,0.3268,0.3156,0.3019
2024-06-15,745241,0.3391,0.3199,0.2005,0.2211,0.3107,0.3163,0.3003,0.3047,3,3,0.3262,0.3231,0.3115,0.3107
2024-06-15,745329,0.3171,0.3326,0.1946,0.2099,0.3133,0.3215,0.3304,0.3191,3,3,0.2991,0.3426,0.3311,0.3274
2024-06-15,745805,0.3559,0.3501,0.1575,0.2249,0.3502,0.3288,0.3420,0.3247,3,3,0.3328,0.3480,0.3185,0.3198
2024-06-15,745891,0.3101,0.3277,0.1958,0.2032,0.2971,0.3055,0.3256,0.3043,3,3,0.3114,0.3245,0.3304,0.3343
2024-06-15,745976,0.3117,0.3410,0.2438,0.1984,0.2949,0.3230,0.3006,0.3064,3,3,0.3124,0.3388,0.3350,0.3389
2024-06-15,746135,0.3562,0.3790,0.1671,0.1739,0.3224,0.3628,0.3009,0.3131,3,3,0.3178,0.3650,0.3071,0.3323
2024-06-15,746381,0.3215,0.2994,0.2313,0.2193,0.3053,0.3045,0.3206,0.2859,3,3,0.3105,0.3169,0.3092,0.3169
2024-06-15,746547,0.3286,0.2953,0.2170,0.2127,0.3172,0.3026,0.3439,0.3103,3,3,0.3136,0.3089,0.2997,0.2815
2024-06-15,746865,0.3161,0.3144,0.2103,0.2061,0.2973,0.3140,0.2971,0.3137,3,3,0.3093,0.3226,0.3156,0.3303
2024-06-15,746946,0.3840,0.3262,0.2103,0.2304,0.3917,0.3054,0.3111,0.3079,3,3,0.2935,0.3405,0.3355,0.3384
2024-06-15,747024,0.3438,0.3484,0.2373,0.2154,0.3477,0.3397,0.2998,0.3403,3,3,0.3523,0.3685,0.3395,0.3084
2024-06-15,747113,0.3176,0.3390,0.1900,0.2222,0.2954,0.3313,0.3166,0.3027,3,3,0.3264,0.3044,0.3025,0.3283
2024-06-15,747187,0.3238,0.3397,0.2449,0.2095,0.3128,0.3558,0.3120,0.3116,3,3,0.3222,0.3059,0.3064,0.3295
2024-06-16,744839,0.3198,0.3228,0.2416,0.2046,0.3117,0.3183,0.3208,0.3221,3,3,0.3226,0.3437,0.3055,0.3153
2024-06-16,744926,0.3223,0.3194,0.1533,0.2337,0.2964,0.3062,0.3164,0.3085,3,3,0.3499,0.2704,0.3530,0.2968
2024-06-16,745242,0.3390,0.3218,0.1990,0.2222,0.3104,0.3184,0.3093,0.3394,3,3,0.3290,0.3217,0.3097,0.3110
2024-06-16,745321,0.3077,0.3377,0.2133,0.2292,0.3025,0.3294,0.3023,0.3197,3,3,0.3179,0.3121,0.3233,0.3269
2024-06-16,745807,0.3551,0.3535,0.1568,0.2233,0.3498,0.3302,0.3164,0.3021,3,3,0.3315,0.3487,0.3262,0.3194
2024-06-16,745895,0.3312,0.3385,0.2348,0.1954,0.3086,0.3332,0.3112,0.3363,3,3,0.3114,0.3164,0.3099,0.3057
2024-06-16,745977,0.3093,0.3291,0.2221,0.2000,0.2927,0.3145,0.3433,0.3311,3,3,0.3151,0.3071,0.3145,0.3355
2024-06-16,746130,0.3562,0.3614,0.1683,0.1765,0.3219,0.3551,0.2794,0.3315,3,3,0.3160,0.3122,0.3419,0.3472
2024-06-16,746377,0.3229,0.3275,0.2296,0.1756,0.3169,0.3035,0.3107,0.3326,3,3,0.3097,0.3153,0.3056,0.3188
2024-06-16,746546,0.3379,0.3181,0.2536,0.2273,0.3007,0.3181,0.3360,0.3248,3,3,0.3436,0.3071,0.3139,0.3208
2024-06-16,746866,0.3060,0.3138,0.2364,0.2131,0.2938,0.3331,0.3055,0.3262,3,3,0.3109,0.2842,0.3146,0.3338
2024-06-16,746945,0.3842,0.3262,0.2102,0.2310,0.3918,0.3054,0.3138,0.3343,3,3,0.2916,0.3406,0.3336,0.3377
2024-06-16,747023,0.3418,0.3482,0.2391,0.2145,0.3475,0.3392,0.2859,0.2944,3,3,0.3505,0.3690,0.3413,0.3394
2024-06-16,747109,0.3197,0.3419,0.1885,0.2206,0.2976,0.3309,0.3199,0.3028,3,3,0.3254,0.3125,0.3043,0.3332
2024-06-16,747189,0.3170,0.3116,0.2211,0.2042,0.3097,0.3283,0.3378,0.3124,3,3,0.3223,0.3018,0.3047,0.3360
2024-06-17,744918,0.3386,0.3391,0.2487,0.1977,0.3333,0.3025,0.3024,0.3028,3,3,0.3398,0.3274,0.3389,0.3020
2024-06-17,745005,0.3290,0.3111,0.2096,0.1963,0.3202,0.3186,0.3038,0.3320,3,3,0.3302,0.3277,0.3306,0.2933
2024-06-17,745490,0.3077,0.3396,0.2549,0.2520,0.3090,0.3010,0.2895,0.3142,3,3,0.2920,0.3430,0.3170,0.3137
2024-06-17,745567,0.3059,0.3302,0.1997,0.2345,0.3111,0.3254,0.3162,0.3318,3,3,0.3031,0.3497,0.3178,0.3262
2024-06-17,746055,0.3160,0.3134,0.2620,0.2503,0.3030,0.3190,0.3196,0.2963,3,3,0.3075,0.3210,0.3134,0.3156
2024-06-17,746215,0.3291,0.3262,0.1885,0.1991,0.3148,0.3021,,0.3217,3,3,0.3090,0.3038,0.3347,0.3343
2024-06-17,746543,0.3740,0.2985,0.1873,0.2636,0.3523,0.3062,0.3191,0.3331,3,3,0.4137,0.3115,0.3324,0.3109
2024-06-17,746868,0.3389,0.3067,0.2278,0.2231,0.3264,0.3152,0.3128,0.3041,3,3,0.3162,0.3000,0.3262,0.3322
2024-06-17,747108,0.3074,0.3394,0.2221,0.2214,0.3196,0.3336,0.2923,0.3183,3,3,0.3123,0.3113,0.3324,0.3367
2024-06-18,744843,0.3379,0.3327,0.2079,0.2174,0.3599,0.3180,0.3360,0.3223,3,3,0.3065,0.3428,0.3290,0.3110
2024-06-18,744917,0.3351,0.3388,0.2191,0.1970,0.3053,0.3012,0.3076,0.2919,3,3,0.3370,0.3248,0.3540,0.3033
2024-06-18,745004,0.3597,0.3372,0.2198,0.1809,0.3383,0.3260,0.3154,0.3098,3,3,0.3562,0.3276,0.3382,0.3102
2024-06-18,745488,0.3132,0.3291,0.2840,0.2428,0.2979,0.3194,0.3315,0.3006,3,3,0.3113,0.3444,0.3129,0.3170
2024-06-18,745563,0.3226,0.3496,0.1685,0.2374,0.3279,0.3444,0.3132,0.3208,3,3,0.3336,0.3577,0.3183,0.3390
2024-06-18,745650,0.3549,0.3097,0.1698,0.2116,0.3205,0.2993,0.3213,0.3244,3,3,0.3140,0.3027,0.3446,0.3492
2024-06-18,745733,0.3282,0.3405,0.2038,0.2147,0.3261,0.3469,0.2935,0.3066,3,3,0.3097,0.2921,0.3459,0.3328
2024-06-18,745893,0.3206,0.3350,0.1883,0.2039,0.3009,0.3221,0.3010,0.3188,3,3,0.3258,0.3241,0.3041,0.3348
2024-06-18,746049,0.3223,0.3217,0.1957,0.2383,0.3023,0.3223,0.3374,0.3204,3,3,0.3283,0.3237,0.3098,0.3185
2024-06-18,746217,0.3291,0.3176,0.1978,0.1919,0.3119,0.3099,0.3388,0.3191,3,3,0.3121,0.3044,0.3381,0.3331
2024-06-18,746542,0.3752,0.2991,0.1845,0.2435,0.3522,0.3191,0.3269,0.3166,3,3,0.4151,0.2939,0.3316,0.3305
2024-06-18,746627,0.3220,0.3368,0.2224,0.1327,0.3162,0.2858,0.3300,0.3429,3,2,0.3191,0.3541,0.3218,0.3520
2024-06-18,746783,0.3081,0.3248,0.1775,0.2459,0.3000,0.3126,0.2990,0.3155,3,3,0.3191,0.3282,0.3203,0.3146
2024-06-18,746867,0.3285,0.3189,0.2180,0.2025,0.3212,0.3075,0.3021,0.3337,3,3,0.3196,0.3189,0.3093,0.3345
2024-06-18,747107,0.3210,0.3401,0.2306,0.2228,0.3148,0.3365,0.3179,0.3224,3,3,0.3100,0.3106,0.3161,0.3360
2024-06-19,744842,0.3234,0.3119,0.1949,0.2270,0.3578,0.3029,0.3572,0.3067,3,3,0.3596,0.3217,0.3524,0.3088
2024-06-19,744920,0.3307,0.3441,0.2540,0.1859,0.3483,0.3278,0.3281,0.3195,3,3,0.3351,0.3273,0.3386,0.2975
2024-06-19,745002,0.3579,0.3337,0.2205,0.1827,0.3376,0.3206,0.3233,0.3259,3,3,0.3531,0.3279,0.3376,0.3127
2024-06-19,745489,0.3332,0.3413,0.2381,0.2515,0.3123,0.3036,0.3161,0.2907,3,3,0.3359,0.3441,0.2991,0.3101
2024-06-19,745561,0.3339,0.3502,0.1782,0.2178,0.3347,0.3477,0.2911,0.3172,3,3,0.3325,0.3610,0.3164,0.3337
2024-06-19,745646,0.3539,0.3108,0.1710,0.2092,0.3186,0.3034,0.3153,0.3027,3,3,0.3120,0.3008,0.3465,0.3348
2024-06-19,745732,0.3491,0.3491,0.2171,0.2013,0.3436,0.3460,,0.3155,3,3,0.3691,0.2926,0.3199,0.3144
2024-06-19,745887,0.3052,0.3350,0.2150,0.2068,0.3102,0.3293,0.2931,0.3214,3,3,0.3283,0.3278,0.3120,0.3352
2024-06-19,746050,0.3172,0.3267,0.2117,0.2359,0.2982,0.3324,,0.3241,3,3,0.3070,0.3321,0.3043,0.3055
2024-06-19,746219,0.3391,0.3194,0.1936,0.1908,0.3216,0.3088,0.3294,0.3119,3,3,0.3379,0.3078,0.3354,0.3289
2024-06-19,746538,0.3539,0.3188,0.2268,0.2578,0.3507,0.3301,0.3231,0.3215,3,3,0.4194,0.3135,0.3152,0.3126
2024-06-19,746625,0.3096,0.3081,0.2257,0.1810,0.3270,0.2967,0.3030,0.2902,3,3,0.3054,0.3032,0.3140,0.3514
2024-06-19,746781,0.3033,0.3324,0.1602,0.2345,0.3020,0.3078,0.2746,0.3089,3,3,0.3154,0.3288,0.3171,0.3144
2024-06-19,746864,0.3386,0.3215,0.2266,0.1860,0.3212,0.3164,0.3386,0.3085,3,3,0.3065,0.3177,0.3304,0.3203
2024-06-19,747106,0.3093,0.3399,0.2320,0.2221,0.2971,0.3403,0.3108,0.2829,3,3,0.3081,0.3091,0.3157,0.3349
2024-06-20,744841,0.3230,0.3135,0.1970,0.2251,0.3568,0.3060,0.3090,0.3346,3,3,0.3569,0.3230,0.3257,0.3106
2024-06-20,745164,0.3387,0.2980,0.2261,0.2320,0.3201,0.2962,0.3122,0.3307,3,3,0.3108,0.3060,0.3233,0.3247
2024-06-20,745401,0.3292,0.3544,0.1958,0.1558,0.3144,0.3509,0.3302,0.3369,3,3,0.3087,0.3334,0.3356,0.3240
2024-06-20,745645,0.3550,0.3115,0.1709,0.2054,0.3326,0.3026,0.3152,0.3135,3,3,0.3175,0.3040,0.3378,0.3355
2024-06-20,745734,0.3260,0.3037,0.2143,0.2340,0.3248,0.3133,0.2868,0.3231,3,3,0.2995,0.2954,0.3541,0.3281
2024-06-20,745889,0.3257,0.3368,0.2103,0.1996,0.3136,0.3274,0.3158,0.3176,3,3,0.3276,0.3302,0.3022,0.3357
2024-06-20,746539,0.3765,0.3199,0.1830,0.2552,0.3498,0.3366,0.3219,0.3159,3,3,0.4195,0.3117,0.3329,0.3025
2024-06-20,746626,0.3184,0.3255,0.2441,0.1398,0.3069,0.2897,0.3354,0.3340,3,3,0.3247,0.3565,0.3222,0.3049
2024-06-20,746782,0.3271,0.3329,0.1758,0.2333,0.3036,0.3086,0.3275,0.3233,3,3,0.3137,0.3288,0.3183,0.3092
2024-06-21,745006,0.3518,0.3358,0.1697,0.1806,0.3160,0.3246,0.3124,0.3358,3,3,0.3090,0.3252,0.3415,0.3112
2024-06-21,745403,0.3305,0.3149,0.1942,0.1772,0.3138,0.3280,0.3086,0.3409,3,3,0.3116,0.3338,0.3401,0.3279
2024-06-21,745483,0.3222,0.3396,0.1912,0.2534,0.3018,0.3041,0.3197,0.3109,3,3,0.3325,0.3408,0.3128,0.3104
2024-06-21,745562,0.3118,0.3502,0.2287,0.2272,0.3365,0.3412,0.3571,0.3186,3,3,0.3075,0.3595,0.3471,0.3339
2024-06-21,745649,0.3383,0.3162,0.2115,0.1945,0.3460,0.3097,0.3229,0.3226,3,3,0.3308,0.3158,0.3506,0.3251
2024-06-21,745729,0.3400,0.3859,0.2229,0.2092,0.3443,0.3924,0.3188,0.2881,3,3,0.3100,0.2968,0.3346,0.3264
2024-06-21,746052,0.3201,0.3180,0.2414,0.2241,0.3146,0.3119,0.3367,0.2999,3,3,0.3239,0.3208,0.3078,0.3233
2024-06-21,746131,0.3187,0.3795,0.1905,0.2133,0.3072,0.3488,0.3178,0.3210,3,3,0.3057,0.4209,0.3288,0.3050
2024-06-21,746375,0.3573,0.3060,0.1883,0.1937,0.3231,0.3001,,0.3131,3,3,0.3706,0.3149,0.3349,0.3239
2024-06-21,746460,0.3118,0.3227,0.2265,0.2220,0.3125,0.3152,0.2834,0.3038,3,3,0.3303,0.3100,0.3124,0.3148
2024-06-21,746540,0.3343,0.3174,0.2169,0.2597,0.3179,0.3281,0.3355,0.3015,3,3,0.3439,0.3087,0.2909,0.3154
2024-06-21,746624,0.3407,0.3258,0.2054,0.1411,0.3119,0.2904,0.3287,0.3199,3,3,0.3242,0.3551,0.2952,0.3307
2024-06-21,746698,0.3312,0.3133,0.2519,0.2463,0.3483,0.3127,0.3048,0.3156,3,3,0.3372,0.3101,0.3390,0.3165
2024-06-21,746861,0.3492,0.3291,0.2119,0.2570,0.3431,0.3102,0.2984,0.3390,3,3,0.3511,0.3149,0.3212,0.3110
2024-06-22,744997,0.3509,0.3357,0.1956,0.1803,0.3232,0.3261,0.3193,0.3091,3,3,0.3104,0.3252,0.3414,0.3108
2024-06-22,745163,0.3353,0.3154,0.2238,0.2138,0.3162,0.2956,0.3206,0.3048,3,3,0.3064,0.3065,0.3267,0.3026
2024-06-22,745402,0.3290,0.3305,0.1958,0.1624,0.3120,0.3243,0.3562,0.3211,3,3,0.3102,0.3337,0.3220,0.3290
2024-06-22,745486,0.3163,0.3397,0.1929,0.2542,0.3123,0.3044,0.3203,0.3028,3,3,0.3320,0.3414,0.3231,0.3147
2024-06-22,745564,0.3004,0.3522,0.1796,0.2260,0.3315,0.3406,0.2930,0.3362,2,3,0.3095,0.3597,0.3039,0.3351
2024-06-22,745644,0.3271,0.3106,0.1934,0.2311,0.3323,0.3219,0.3425,0.3256,3,2,0.3163,0.3095,0.3195,0.3465
2024-06-22,745731,0.3429,0.3843,0.2228,0.2111,0.3489,0.3915,0.3340,0.3148,3,3,0.3181,0.2988,0.3379,0.3143
2024-06-22,746048,0.3175,0.3164,0.2161,0.2208,0.3201,0.3266,0.3283,0.2978,3,2,0.3145,0.2948,0.3098,0.3016
2024-06-22,746132,0.3194,0.3804,0.1887,0.1803,0.3078,0.3521,0.2851,0.3213,3,3,0.3041,0.4260,0.3285,0.3314
2024-06-22,746376,0.3592,0.3287,0.1865,0.1758,0.3224,0.3061,0.3191,0.2952,3,3,0.3734,0.3152,0.3366,0.3247
2024-06-22,746459,0.3201,0.3217,0.2290,0.2215,0.3151,0.3149,0.3378,0.3221,3,3,0.3353,0.3119,0.3276,0.3157
2024-06-22,746541,0.3204,0.3173,0.1873,0.2582,0.3303,0.3294,0.3181,0.3174,3,3,0.3434,0.3085,0.2912,0.3109
2024-06-22,746622,0.3334,0.3246,0.1753,0.1414,0.3305,0.2886,0.3100,0.3126,3,3,0.2988,0.3546,0.2915,0.3377
2024-06-22,746700,0.3309,0.3152,0.2186,0.2422,0.3069,0.3104,0.3146,0.3142,3,3,0.3390,0.3115,0.3408,0.3153
2024-06-22,746863,0.3582,0.3193,0.2219,0.2019,0.3422,0.3080,0.3223,0.3158,3,3,0.3532,0.3166,0.3362,0.3366
2024-06-23,745000,0.3499,0.3353,0.1749,0.1802,0.3308,0.3239,,0.3251,3,3,0.3111,0.3261,0.3427,0.3128
2024-06-23,745165,0.3339,0.3198,0.2236,0.2136,0.3175,0.3010,0.3035,0.3282,3,3,0.3051,0.3087,0.3289,0.3256
2024-06-23,745396,0.3132,0.3436,0.2113,0.1472,0.3198,0.3417,0.3156,0.3116,3,3,0.3114,0.3338,0.3375,0.3316
2024-06-23,745485,0.3132,0.3275,0.2535,0.2367,0.3295,0.3078,0.2983,0.3231,3,3,0.2959,0.3024,0.3115,0.3137
2024-06-23,745566,0.3364,0.3544,0.2149,0.2229,0.3514,0.3414,0.3151,0.3196,3,3,0.3546,0.3620,0.3429,0.3360
2024-06-23,745648,0.3483,0.3129,0.1896,0.2035,0.3539,0.3044,0.3245,0.3061,3,3,0.3246,0.3060,0.3208,0.3481
2024-06-23,745727,0.3429,0.3845,0.2220,0.2110,0.3505,0.3937,0.2992,0.3055,3,3,0.3191,0.2987,0.3353,0.3115
2024-06-23,746051,0.3188,0.3205,0.2442,0.2365,0.3166,0.3291,0.3131,0.3036,3,3,0.3222,0.3177,0.3307,0.3219
2024-06-23,746373,0.3367,0.3105,0.1996,0.1925,0.3183,0.2940,0.3168,0.3133,3,3,0.3422,0.3140,0.3624,0.3160
2024-06-23,746457,0.3101,0.3197,0.2093,0.2408,0.3082,0.3005,0.3044,0.3172,3,3,0.3067,0.3025,0.3271,0.3071
2024-06-23,746536,0.3207,0.3182,0.1868,0.2575,0.3323,0.3304,0.3373,0.3044,3,3,0.3434,0.3075,0.2898,0.3048
2024-06-23,746621,0.3355,0.3274,0.1741,0.1433,0.3300,0.2948,0.3277,0.3096,3,3,0.2992,0.3545,0.3245,0.3103
2024-06-23,746699,0.3398,0.3153,0.2504,0.2403,0.3405,0.3090,0.2958,0.3189,3,3,0.3394,0.3117,0.3375,0.3342
2024-06-23,746862,0.3571,0.3194,0.2244,0.2014,0.3405,0.3099,0.3131,0.3089,3,3,0.3510,0.3160,0.3196,0.3347
2024-06-24,745078,0.3154,0.3273,0.2528,0.2170,0.3141,0.3308,0.3197,0.2865,3,3,0.3214,0.3321,0.3086,0.3119
2024-06-24,745160,0.3412,0.3321,0.2242,0.2072,0.3470,0.3254,0.3208,0.3160,3,3,0.3165,0.3077,0.3323,0.3234
2024-06-24,745323,0.3206,0.3276,0.1893,0.2202,0.3245,0.3187,0.3080,0.2868,3,3,0.3163,0.3332,0.3192,0.3265
2024-06-24,745397,0.3331,0.3369,0.2161,0.1584,0.3219,0.3593,0.3100,0.3564,3,3,0.3405,0.3343,0.2877,0.3289
2024-06-24,745974,0.3371,0.3280,0.1792,0.1978,0.3237,0.3123,0.3070,0.3164,3,3,0.3251,0.3103,0.3132,0.3368
2024-06-24,746218,0.3261,0.3170,0.2294,0.1930,0.3015,0.3060,0.3271,0.3175,3,3,0.3372,0.3009,0.3396,0.3282
2024-06-24,746298,0.3200,0.3488,0.2392,0.1702,0.3240,0.3135,0.3022,0.3387,3,3,0.3203,0.3111,0.3031,0.3372
2024-06-24,746458,0.3536,0.3237,0.2221,0.2206,0.3404,0.3197,0.3232,0.3112,3,3,0.3608,0.3129,0.3365,0.3116
2024-06-24,746696,0.3409,0.3239,0.2539,0.2464,0.3084,0.3063,0.3150,0.3424,3,3,0.3427,0.3389,0.3086,0.3345
2024-06-24,746780,0.3804,0.3241,0.1810,0.2394,0.3512,0.3139,0.2898,0.3345,3,3,0.4289,0.3310,0.3091,0.3115
2024-06-24,746941,0.3419,0.3232,0.1724,0.2343,0.3343,0.3252,0.3005,0.3532,3,3,0.2960,0.3405,0.3274,0.3511
2024-06-24,747021,0.3260,0.3592,0.1404,0.1859,0.2926,0.3247,0.3186,0.3160,3,3,0.3528,0.3735,0.3532,0.3142
2024-06-25,745076,0.3197,0.3189,0.2678,0.2239,0.2957,0.3208,0.3188,0.3092,3,3,0.3066,0.3291,0.3003,0.3126
2024-06-25,745157,0.3412,0.3300,0.2250,0.2092,0.3459,0.3239,0.3301,0.3088,3,3,0.3151,0.3055,0.3332,0.3253
2024-06-25,745322,0.3164,0.3330,0.2039,0.2248,0.3086,0.3142,0.3125,0.3322,3,3,0.3166,0.3034,0.3327,0.3276
2024-06-25,745399,0.3325,0.3217,0.2173,0.1718,0.3224,0.3438,0.3320,0.3144,3,3,0.3406,0.3357,0.2873,0.3290
2024-06-25,745806,0.3842,0.3574,0.2115,0.2239,0.3932,0.3446,0.3327,0.3196,3,3,0.2988,0.3509,0.3089,0.3231
2024-06-25,745973,0.3368,0.3362,0.1796,0.1955,0.3246,0.3196,0.3056,0.3197,3,3,0.3251,0.3344,0.3131,0.3187
2024-06-25,746213,0.3097,0.3184,0.1973,0.1928,0.3012,0.3101,0.3266,0.3117,3,3,0.2949,0.3007,0.3456,0.3280
2024-06-25,746293,0.3204,0.3489,0.2368,0.1696,0.3308,0.3131,0.3146,0.3069,3,3,0.3188,0.3108,0.3205,0.2986
2024-06-25,746372,0.3167,0.3304,0.2591,0.1760,0.3301,0.3085,0.3045,0.3342,3,3,0.3062,0.3183,0.3031,0.3162
2024-06-25,746454,0.3543,0.3071,0.2211,0.2255,0.3427,0.3218,0.2868,0.2891,3,3,0.3588,0.3121,0.3379,0.3284
2024-06-25,746697,0.3416,0.3246,0.2523,0.2453,0.3058,0.3031,0.2906,0.3128,3,3,0.3415,0.3412,0.2958,0.3228
2024-06-25,746775,0.3789,0.3180,0.1823,0.2271,0.3485,0.3136,0.3264,0.3229,3,3,0.4265,0.3313,0.3111,0.3277
2024-06-25,746943,0.3327,0.3285,0.1624,0.2210,0.3160,0.3201,0.3134,0.3321,3,3,0.3161,0.3410,0.3264,0.3532
2024-06-25,747022,0.3278,0.3352,0.1398,0.2011,0.2950,0.3159,0.3092,0.3626,3,3,0.3536,0.3399,0.3302,0.3585
2024-06-25,747188,0.3439,0.3371,0.2113,0.2095,0.3416,0.3575,0.3102,0.2928,3,3,0.3293,0.3080,0.3293,0.3310
2024-06-26,745073,0.3207,0.3242,0.2251,0.2228,0.3161,0.3314,0.3168,0.3000,3,3,0.3227,0.3298,0.3244,0.3116
2024-06-26,745158,0.3412,0.3158,0.2249,0.2295,0.3461,0.3233,0.3264,0.3285,3,3,0.3151,0.3055,0.3332,0.3253
2024-06-26,745325,0.3163,0.3295,0.2042,0.2343,0.3075,0.3167,,0.3257,3,3,0.3163,0.3093,0.3314,0.3347
2024-06-26,745400,0.3025,0.3159,0.1995,0.2115,0.3271,0.3330,0.3048,0.3075,3,3,0.2976,0.3082,0.3080,0.3331
2024-06-26,745808,0.3043,0.3421,0.2360,0.2211,0.3167,0.3347,0.3231,0.2846,3,2,0.2975,0.3249,0.3148,0.3375
2024-06-26,745975,0.3175,0.3297,0.1839,0.1964,0.3294,0.3140,,0.3063,3,3,0.3237,0.3104,0.3113,0.3366
2024-06-26,746212,0.3176,0.3180,0.2181,0.1940,0.3006,0.3087,0.3232,0.3288,3,3,0.3126,0.3004,0.3326,0.3199
2024-06-26,746291,0.3187,0.3289,0.2239,0.1989,0.3141,0.3134,0.3341,,3,3,0.3176,0.3113,0.3190,0.3369
2024-06-26,746374,0.3156,0.3075,0.2595,0.2021,0.3282,0.3054,0.3224,0.3020,3,3,0.3047,0.3188,0.3180,0.3243
2024-06-26,746456,0.3545,0.3177,0.2209,0.2404,0.3421,0.3130,0.3044,0.3117,3,3,0.3577,0.3097,0.3374,0.3113
2024-06-26,746695,0.3416,0.3366,0.2522,0.2333,0.3087,0.3110,0.3267,0.3170,3,3,0.3423,0.3452,0.3105,0.3075
2024-06-26,746777,0.3783,0.3188,0.2135,0.2246,0.3466,0.3203,0.3028,0.3119,3,3,0.4247,0.3328,0.3119,0.3098
2024-06-26,746942,0.3292,0.3381,0.1837,0.2380,0.3254,0.3523,0.3176,0.3244,3,3,0.3058,0.3388,0.3049,0.3527
2024-06-26,747019,0.3275,0.3579,0.1394,0.1869,0.2973,0.3249,0.2896,0.3458,3,3,0.3495,0.3732,0.3387,0.3318
2024-06-26,747184,0.3384,0.3370,0.2034,0.2082,0.3329,0.3595,0.3350,0.3224,3,3,0.3279,0.3093,0.3288,0.3298
2024-06-27,744919,0.3887,0.3034,0.2109,0.2100,0.3971,0.3211,0.3308,0.3186,3,3,0.2966,0.2640,0.3252,0.3188
2024-06-27,745162,0.3226,0.3214,0.2400,0.2633,0.3177,0.3257,0.3137,0.2997,3,3,0.3050,0.3042,0.2849,0.2846
2024-06-27,745324,0.3145,0.3269,0.2056,0.2230,0.3059,0.3181,0.3323,0.3058,3,3,0.3156,0.3247,0.3327,0.3264
2024-06-27,745565,0.3188,0.3481,0.2376,0.2295,0.3301,0.3293,0.2782,0.3318,3,3,0.3189,0.3391,0.3041,0.3361
2024-06-27,746210,0.3239,0.3182,0.2208,0.1946,0.3202,0.3110,,0.2853,3,3,0.3142,0.2998,0.3119,0.3162
2024-06-27,746288,0.3313,0.3473,0.1633,0.1724,0.2997,0.3135,0.3079,0.3118,3,3,0.3469,0.3090,0.3497,0.3329
2024-06-27,747020,0.3294,0.3591,0.1991,0.1859,0.3224,0.3262,0.2834,0.3342,3,3,0.3067,0.3780,0.3144,0.3194
2024-06-27,747185,0.3348,0.3114,0.1919,0.2255,0.3308,0.3340,0.3473,,3,3,0.3243,0.3099,0.3270,0.2904
2024-06-28,744922,0.3396,0.3471,0.2174,0.1813,0.3529,0.3204,0.3122,0.3211,3,3,0.2958,0.3125,0.2920,0.3290
2024-06-28,745070,0.3179,0.3227,0.1905,0.2154,0.3310,0.3176,0.3017,0.3165,3,3,0.3432,0.3292,0.3071,0.3060
2024-06-28,745161,0.3358,0.3255,0.2348,0.2114,0.3120,0.3247,0.3177,0.3273,3,3,0.3452,0.3368,0.3152,0.3173
2024-06-28,745238,0.3326,0.3275,0.2073,0.2565,0.3372,0.3032,0.3018,0.3102,3,3,0.3318,0.3247,0.3470,0.3133
2024-06-28,745319,0.3787,0.3493,0.1830,0.2376,0.3521,0.3223,0.3267,0.3140,3,3,0.4283,0.3184,0.3300,0.3383
2024-06-28,745560,0.3130,0.3371,0.2250,0.1711,0.2947,0.3272,0.3235,0.3148,3,3,0.3319,0.3200,0.3149,0.3267
2024-06-28,745804,0.3288,0.3575,0.1748,0.2203,0.3084,0.3494,0.3379,0.3119,3,3,0.3187,0.3510,0.3252,0.3272
2024-06-28,745970,0.3087,0.3308,0.1837,0.1955,0.3170,0.3168,0.3294,0.3168,3,3,0.3167,0.3090,0.3332,0.3200
2024-06-28,746214,0.3249,0.3189,0.2300,0.1934,0.3218,0.3096,0.3361,0.3206,3,3,0.3148,0.2998,0.3098,0.3273
2024-06-28,746292,0.3212,0.3085,0.2414,0.1985,0.3135,0.2970,0.3272,0.3315,2,3,,0.3085,0.3488,0.3030
2024-06-28,746776,0.3144,0.3180,0.2610,0.2267,0.3256,0.3218,0.3176,0.3385,3,3,0.3045,0.3312,0.3156,0.3142
2024-06-28,746939,0.3279,0.3215,0.1616,0.2356,0.3285,0.3249,0.3004,0.3827,3,3,0.3354,0.3390,0.3185,0.3379
2024-06-28,747017,0.3348,0.3528,0.1821,0.1836,0.3281,0.3226,0.3175,0.3160,3,3,0.3229,0.3780,0.3137,0.3473
2024-06-28,747105,0.3408,0.3423,0.2517,0.2232,0.3080,0.3488,0.3306,0.3415,3,3,0.3441,0.3185,0.3094,0.3336
2024-06-28,747183,0.3268,0.3181,0.2234,0.2145,0.3046,0.3452,0.3205,0.3489,3,3,0.3362,0.3628,0.3368,0.3355
2024-06-29,744921,0.3528,0.3292,0.2228,0.1715,0.3558,0.3175,0.3071,0.2871,3,3,0.2970,0.3142,0.3087,0.3389
2024-06-29,745071,0.3154,0.3182,0.2252,0.1944,0.3165,0.3075,0.3203,0.2998,3,3,0.2967,0.3312,0.3066,0.3227
2024-06-29,745159,0.3253,0.3267,0.2148,0.2073,0.3210,0.3227,0.2846,0.3069,3,3,0.3455,0.3020,0.3092,0.3283
2024-06-29,745239,0.3382,0.3265,0.2071,0.2567,0.3496,0.3020,0.3285,0.3033,3,3,0.3332,0.3246,0.3200,0.2974
2024-06-29,745317,0.3773,0.3503,0.1837,0.2389,0.3497,0.3340,0.3029,0.2714,3,3,0.4274,0.3268,0.3118,0.3394
2024-06-29,745559,0.3164,0.3347,0.2387,0.1709,0.3276,0.3255,0.3041,0.3434,3,3,0.3175,0.3183,0.3183,0.3269
2024-06-29,745801,0.3079,0.3566,0.1769,0.2195,0.3011,0.3503,0.3244,0.3168,2,3,0.3217,0.3499,0.3248,0.3273
2024-06-29,745972,0.3133,0.3306,0.2089,0.1953,0.3070,0.3145,0.3118,0.3121,3,3,0.3156,0.3094,0.3336,0.3190
2024-06-29,746211,0.3243,0.3195,0.2284,0.1923,0.3189,0.3119,0.3364,0.3140,3,3,0.3149,0.2988,0.3090,0.3123
2024-06-29,746289,0.3275,0.3461,0.1428,0.1704,0.3009,0.3123,0.2998,0.2952,3,3,0.3453,0.3077,0.3497,0.3344
2024-06-29,746778,0.3022,0.3185,0.2238,0.2266,0.3077,0.3230,0.3069,0.3142,3,3,0.3053,0.3335,0.2896,0.3107
2024-06-29,746940,0.3271,0.3277,0.1621,0.2446,0.3271,0.3612,0.3145,0.3069,3,3,0.3347,0.3256,0.3162,0.3368
2024-06-29,747018,0.3134,0.3538,0.1880,0.2088,0.3258,0.3480,0.3118,0.3140,3,3,0.3236,0.3787,0.3148,0.3102
2024-06-29,747104,0.3391,0.3438,0.2542,0.2230,0.3091,0.3498,0.3035,0.2947,3,3,0.3416,0.3202,0.3279,0.3351
2024-06-29,747186,0.3266,0.3193,0.2256,0.2135,0.3047,0.3459,0.3175,0.3341,3,3,0.3342,0.3610,0.3382,0.3289
2024-06-30,744916,0.3877,0.3224,0.2125,0.2022,0.3920,0.3116,0.3299,0.3328,3,3,0.2953,0.2984,0.3076,0.3339
2024-06-30,745072,0.3330,0.3171,0.2144,0.1959,0.3227,0.3233,0.3217,0.3612,3,3,0.3478,0.3307,0.3015,0.3087
2024-06-30,745154,0.3258,0.3137,0.2433,0.2299,0.3050,0.3197,0.3208,0.3068,3,3,0.3475,0.3001,0.3168,0.3298
2024-06-30,745243,0.3284,0.3195,0.1937,0.2263,0.3178,0.3139,0.3104,0.2938,3,3,0.3308,0.3232,0.3437,0.3114
2024-06-30,745320,0.3449,0.3290,0.2291,0.2465,0.3396,0.3153,0.3235,0.3298,3,3,0.4287,0.3187,0.3123,0.3378
2024-06-30,745555,0.3212,0.3335,0.2254,0.1710,0.3342,0.3246,0.2887,0.3053,3,3,0.3167,0.3199,0.2983,0.3239
2024-06-30,745802,0.3251,0.3559,0.1962,0.2203,0.3105,0.3482,0.3012,0.3117,3,3,0.3039,0.3482,0.3262,0.3275
2024-06-30,745971,0.3144,0.3287,0.2087,0.1958,0.3126,0.3132,0.3044,0.3289,3,3,0.3140,0.3074,0.3243,0.3356
2024-06-30,746209,0.3166,0.3082,0.2329,0.1934,0.3007,0.3041,0.3300,0.3221,3,3,0.2995,0.3015,0.3110,0.3079
2024-06-30,746290,0.3333,0.3454,0.1686,0.1712,0.3024,0.3126,0.3108,0.3449,3,3,0.3458,0.3076,0.3411,0.3335
2024-06-30,746779,0.2973,0.3261,0.2543,0.2367,0.3076,0.3148,0.2787,0.3385,3,3,0.2923,0.3345,0.3272,0.3071
2024-06-30,746938,0.3432,0.3332,0.1463,0.2212,0.3382,0.3083,0.3282,0.3020,3,3,0.3355,0.3385,0.3222,0.3452
2024-06-30,747016,0.3146,0.3423,0.2087,0.1997,0.3249,0.3381,0.3309,0.3204,3,3,0.3217,0.3805,0.2915,0.3323
2024-06-30,747101,0.3241,0.3463,0.2409,0.2223,0.2980,0.3527,0.3165,0.3311,3,3,0.2983,0.3286,0.2853,0.3341
2024-06-30,747182,0.3260,0.3173,0.2249,0.2089,0.3037,0.3516,0.2954,0.3220,3,3,0.3313,0.3074,0.3407,0.3323
2024-07-01,744840,0.3402,0.3337,0.2133,0.2156,0.3467,0.3239,0.3037,0.3316,3,3,0.3465,0.3499,0.3293,0.2894
2024-07-01,744914,0.3328,0.3354,0.1837,0.1827,0.3054,0.3128,0.3315,0.3016,3,3,0.2943,0.3142,0.3215,0.2948
2024-07-01,746535,0.3376,0.3100,0.1926,0.2326,0.3202,0.3164,0.3327,,3,3,0.3339,0.2998,0.3161,0.3015
2024-07-02,744838,0.3427,0.3351,0.2119,0.2151,0.3376,0.3258,0.3206,0.3295,3,3,0.3447,0.3505,0.3265,0.2897
2024-07-02,744913,0.3325,0.3452,0.1719,0.1816,0.3116,0.3212,0.3260,0.3159,3,3,0.3221,0.3137,0.3251,0.3348
2024-07-02,744999,0.3056,0.3155,0.2324,0.1851,0.3212,0.3212,0.3151,0.2986,3,3,0.3043,0.3220,0.3204,0.3176
2024-07-02,745240,0.3603,0.3127,0.1849,0.2462,0.3280,0.3127,0.3051,0.3042,3,3,0.3774,0.3242,0.3189,0.3205
2024-07-02,745482,0.3136,0.3387,0.2292,0.2569,0.3179,0.3075,0.3116,0.3311,3,3,0.2996,0.3386,0.3284,0.3154
2024-07-02,745647,0.3210,0.3233,0.1912,0.2290,0.3141,0.3028,0.3144,0.3152,3,3,0.3007,0.3292,0.3339,0.3382
2024-07-02,745730,0.3273,0.3874,0.2434,0.2137,0.3086,0.3946,0.3058,0.3343,3,3,0.3485,0.2925,0.3306,0.3082
2024-07-02,745886,0.3211,0.3287,0.2207,0.1906,0.3060,0.3392,0.3186,0.2877,3,3,0.3169,0.3263,0.3085,0.3226
2024-07-02,746047,0.3339,0.3159,0.2532,0.2286,0.3620,0.3138,0.3131,0.3176,3,3,0.3434,0.3164,0.3442,0.3144
2024-07-02,746133,0.3360,0.3775,0.2071,0.1839,0.3579,0.3475,0.3266,0.3097,3,3,0.3083,0.4250,0.3321,0.3279
2024-07-02,746282,0.3205,0.3455,0.1939,0.1696,0.3099,0.3144,0.3180,0.3187,3,3,0.3292,0.3056,0.3243,0.3342
2024-07-02,746537,0.3294,0.3164,0.1938,0.2496,0.3113,0.3197,0.3236,0.3298,3,3,0.3054,0.2883,0.3292,0.3046
2024-07-02,746623,0.3143,0.3324,0.2355,0.1704,0.3191,0.3029,0.3262,0.3231,3,3,0.3245,0.3425,0.3206,0.3503
2024-07-02,746860,0.3351,0.3139,0.1716,0.2082,0.3251,0.3122,0.3302,0.3185,3,3,0.3239,0.3145,0.3239,0.3330
2024-07-02,747102,0.3483,0.3452,0.2348,0.2225,0.3243,0.3527,0.3101,0.3153,3,3,0.3208,0.3263,0.3387,0.3347
2024-07-03,744837,0.3573,0.3314,0.2228,0.2109,0.3491,0.3348,0.3160,0.3076,3,3,0.3467,0.3489,0.3413,0.3137
2024-07-03,744915,0.3333,0.3508,0.1703,0.1823,0.3114,0.3209,0.3120,0.2968,3,3,0.3222,0.3288,0.3227,0.2873
2024-07-03,744998,0.3255,0.3347,0.1632,0.1802,0.3231,0.3312,0.3383,0.3325,3,3,0.3356,0.3199,0.3201,0.3170
2024-07-03,745234,0.3578,0.3212,0.1853,0.2533,0.3267,0.3167,0.2795,0.3366,3,3,0.3753,0.3241,0.3318,0.3071
2024-07-03,745487,0.3243,0.3388,0.2091,0.2568,0.3202,0.3070,0.3115,0.3239,3,3,0.2993,0.3399,0.3297,0.3151
2024-07-03,745643,0.3193,0.3231,0.2079,0.2264,0.3022,0.3012,0.3266,0.3093,3,3,0.3021,0.3283,0.3170,0.3355
2024-07-03,745728,0.3280,0.3874,0.2430,0.2118,0.3080,0.3946,0.3357,0.3041,3,3,0.3484,0.2911,0.3301,0.3167
2024-07-03,745888,0.3168,0.3148,0.2397,0.1942,0.3238,0.3222,0.3152,0.3188,3,3,0.3090,0.2976,0.3187,0.3286
2024-07-03,746045,0.3412,0.3143,0.2506,0.2303,0.3425,0.3117,0.3382,0.3251,3,3,0.3465,0.3143,0.3429,0.3187
2024-07-03,746128,0.3057,0.3504,0.1752,0.2244,0.3250,0.3335,0.3083,,3,3,0.3065,0.4275,0.3330,0.3265
2024-07-03,746283,0.3022,0.3460,0.2020,0.1696,0.3129,0.3158,0.3110,0.3031,3,3,0.3294,0.3055,0.3107,0.3316
2024-07-03,746534,0.3291,0.3210,0.1931,0.2168,0.3119,0.3303,0.3429,0.3438,3,3,0.3051,0.3040,0.3258,0.3045
2024-07-03,746617,0.3197,0.3227,0.2288,0.1829,0.3180,0.3028,,0.3053,3,3,0.3354,0.3411,0.3166,0.3309
2024-07-03,746858,0.3378,0.3134,0.1709,0.2078,0.3240,0.3135,0.3035,0.2982,3,3,0.3242,0.3121,0.3127,0.3313
2024-07-03,747100,0.3339,0.3430,0.2390,0.2237,0.3183,0.3490,0.2835,0.3315,3,3,0.3226,0.3251,0.3219,0.3357
2024-07-04,744834,0.3385,0.3351,0.2151,0.2166,0.3316,0.3253,0.3188,0.3316,3,3,0.3477,0.3492,0.3337,0.3081
2024-07-04,744912,0.3349,0.3406,0.1712,0.1837,0.3093,0.3105,0.3057,0.3174,3,3,0.3198,0.3298,0.3247,0.3292
2024-07-04,744996,0.3390,0.3319,0.1523,0.1997,0.3135,0.3237,0.3192,0.3247,3,3,0.3337,0.3132,0.3201,0.3174
2024-07-04,745236,0.3475,0.3171,0.2043,0.2667,0.3308,0.3021,0.3462,0.2870,3,3,0.3725,0.3223,0.3331,0.3083
2024-07-04,745484,0.3266,0.3405,0.2059,0.2554,0.3216,0.3081,0.3470,0.3018,3,3,0.2988,0.3400,0.3103,0.2836
2024-07-04,745641,0.3239,0.3236,0.2043,0.2237,0.2980,0.3028,0.3293,0.3270,3,3,0.3039,0.3265,0.3273,0.3371
2024-07-04,745726,0.3263,0.4041,0.2447,0.2021,0.3051,0.3973,0.3296,0.3302,3,3,0.3467,0.3429,0.3157,0.3079
2024-07-04,745890,0.3243,0.3175,0.2311,0.2070,0.3074,0.3211,0.3060,0.3213,3,3,0.3193,0.3307,0.3090,0.3272
2024-07-04,746043,0.3324,0.3145,0.2497,0.2298,0.3442,0.3130,0.3195,0.3050,3,3,0.3441,0.3139,0.3512,0.3188
2024-07-04,746126,0.3312,0.3786,0.1838,0.2131,0.3522,0.3511,0.3160,0.3137,3,3,0.3071,0.4267,0.3375,0.3158
2024-07-04,746285,0.3147,0.3477,0.2014,0.1708,0.3110,0.3306,0.3284,0.3069,3,3,0.3070,0.3087,0.3179,0.3321
2024-07-04,746532,0.3322,0.3100,0.1919,0.2315,0.3187,0.3139,0.3190,0.3165,3,3,0.3073,0.3029,0.3160,0.3069
2024-07-04,746619,0.3200,0.3271,0.2282,0.1614,0.3159,0.3056,0.3109,0.3235,3,3,0.3351,0.3411,0.3235,0.3348
2024-07-04,746857,0.3375,0.3041,0.1719,0.1960,0.3235,0.3127,0.3056,0.3046,3,3,0.3238,0.3106,0.3230,0.3299
2024-07-04,747103,0.3491,0.3422,0.2368,0.2265,0.3208,0.3482,0.3166,0.3229,3,3,0.3199,0.3216,0.3389,0.3357
2024-07-05,744836,0.3272,0.3347,0.2049,0.2085,0.3232,0.3381,0.3560,0.3011,3,3,0.2998,0.3481,0.3092,0.3193
2024-07-05,744992,0.3259,0.3333,0.1944,0.1856,0.3136,0.3153,0.3392,,3,3,0.3286,0.3180,0.3225,0.3173
2024-07-05,745237,0.3439,0.3172,0.1843,0.2682,0.3197,0.3031,0.3100,0.3364,3,3,0.3429,0.3237,0.2921,0.3216
2024-07-05,745398,0.3004,0.3322,0.1908,0.1553,0.3154,0.3388,0.3504,0.3107,2,3,0.3140,0.3341,0.3410,0.3203
2024-07-05,745479,0.3563,0.3342,0.2239,0.2458,0.3470,0.3105,0.2952,0.3099,3,3,0.3478,0.3200,0.3240,0.3124
2024-07-05,745639,0.3516,0.3239,0.2105,0.2239,0.3463,0.3039,0.3346,0.3159,3,3,0.3762,0.3288,0.3363,0.3362
2024-07-05,745725,0.3342,0.4064,0.2541,0.2046,0.3631,0.3977,0.3015,0.3135,3,3,0.3421,0.3471,0.3410,0.3047
2024-07-05,745884,0.2993,0.3383,0.1810,0.1978,0.3005,0.3409,0.2925,0.3131,3,3,0.2978,0.3291,0.3198,0.3090
2024-07-05,746046,0.3190,0.3139,0.2308,0.2311,0.3153,0.3109,0.3283,0.3170,3,3,0.3353,0.3141,0.3182,0.3007
2024-07-05,746127,0.3328,0.3775,0.1906,0.1871,0.3187,0.3496,0.2802,0.3236,3,3,0.3073,0.4246,0.3305,0.3277
2024-07-05,746533,0.3310,0.3097,0.1832,0.2565,0.3111,0.3179,0.3310,0.3026,3,3,0.3041,0.2832,0.3335,0.3153
2024-07-05,746620,0.3492,0.3315,0.2362,0.1571,0.3202,0.3086,0.2918,0.3055,3,3,0.3166,0.3436,0.3381,0.3474
2024-07-05,746693,0.3216,0.3278,0.2233,0.2434,0.3172,0.3055,0.3075,0.3132,3,3,0.3087,0.3491,0.3178,0.3174
2024-07-05,746859,0.3227,0.3140,0.2044,0.2073,0.2959,0.3125,0.2970,0.3350,3,3,0.3470,0.3105,0.3209,0.3338
2024-07-05,747097,0.3358,0.3242,0.1726,0.2235,0.3226,0.3369,0.3062,0.3046,3,3,0.3234,0.3189,0.3142,0.3614
2024-07-06,744835,0.3281,0.3156,0.2037,0.2195,0.3242,0.3319,0.3085,0.3239,3,3,0.2981,0.2955,0.3026,0.3160
2024-07-06,744995,0.3247,0.3331,0.2090,0.1864,0.3254,0.3129,0.3179,0.3173,3,3,0.3279,0.3172,0.3124,0.2910
2024-07-06,745235,0.3396,0.3139,0.2084,0.2722,0.3073,0.3051,0.3446,0.3140,3,3,0.3293,0.3240,0.3132,0.3074
2024-07-06,745395,0.3074,0.3435,0.1809,0.1444,0.3270,0.3336,0.3129,0.3254,3,3,0.3066,0.3345,0.3510,0.3140
2024-07-06,745476,0.3551,0.3285,0.2252,0.2240,0.3448,0.3201,0.3308,0.3438,3,3,0.3471,0.3392,0.3132,0.3122
2024-07-06,745642,0.3106,0.3203,0.2202,0.2578,0.3127,0.3097,0.3220,0.3163,3,3,0.2896,0.3162,0.3489,0.3257
2024-07-06,745724,0.3350,0.3636,0.2204,0.2011,0.3076,0.3536,0.3313,0.3226,3,3,0.3396,0.3476,0.3139,0.3051
2024-07-06,745885,0.3062,0.3378,0.1874,0.2067,0.3042,0.3442,0.2920,0.3000,3,3,0.2995,0.3281,0.3213,0.3343
2024-07-06,746044,0.3245,0.3124,0.2441,0.2500,0.3081,0.3129,0.3042,0.2776,3,3,0.3357,0.3133,0.3162,0.3059
2024-07-06,746129,0.3299,0.3789,0.2073,0.1884,0.3287,0.3501,0.3284,0.3016,3,3,0.3001,0.4222,0.3143,0.3269
2024-07-06,746529,0.3466,0.3092,0.1673,0.2314,0.3138,0.3146,0.3332,0.3082,3,3,0.3047,0.3040,0.3316,0.3201
2024-07-06,746615,0.3198,0.3272,0.2533,0.1406,0.3156,0.3011,0.3429,0.3193,3,3,0.3156,0.3409,0.3376,0.3501
2024-07-06,746694,0.2979,0.3279,0.2436,0.2435,0.3182,0.3035,0.3051,0.3137,3,3,0.3116,0.3507,0.3312,0.3133
2024-07-06,746856,0.3211,0.3083,0.2168,0.1735,0.3041,0.3209,0.3254,0.3306,3,3,0.3030,0.3116,0.3345,0.3357
2024-07-06,747099,0.3390,0.3250,0.1729,0.2245,0.3218,0.3337,0.3112,0.2922,3,3,0.3253,0.3160,0.3274,0.3625
2024-07-07,744832,0.3065,0.3359,0.2333,0.2131,0.3183,0.3388,0.3083,0.3321,3,3,0.2986,0.3525,0.3109,0.3350
2024-07-07,744993,0.3241,0.3156,0.1948,0.1923,0.3150,0.3252,0.3120,0.3174,3,3,0.3300,0.3199,0.3214,0.3140
2024-07-07,745233,0.3490,0.3152,0.1847,0.2716,0.3214,0.3009,0.2954,0.3271,3,3,0.3324,0.3211,0.3265,0.3091
2024-07-07,745391,0.3160,0.3110,0.1772,0.2032,0.3237,0.3165,0.3018,0.3315,3,3,0.3044,0.3046,0.3394,0.3223
2024-07-07,745477,0.3545,0.3299,0.2246,0.2204,0.3442,0.3180,0.3255,0.3191,3,3,0.3461,0.3371,0.3257,0.3064
2024-07-07,745637,0.3470,0.3263,0.2019,0.2240,0.3285,0.3130,0.3089,0.3181,3,3,0.3755,0.3282,0.3546,0.3363
2024-07-07,745723,0.3310,0.4123,0.2492,0.2025,0.3464,0.3991,0.3102,0.3137,3,3,0.3383,0.3726,0.3409,0.3053
2024-07-07,745883,0.3140,0.3355,0.1742,0.1992,0.3050,0.3229,0.3142,0.3212,3,3,0.3216,0.3297,0.3226,0.3199
2024-07-07,746039,0.3260,0.3201,0.2423,0.2337,0.3141,0.3458,0.2948,0.3250,3,3,0.3335,0.3118,0.3097,0.3049
2024-07-07,746122,0.3245,0.3623,0.2274,0.2242,0.3339,0.3346,,0.3198,3,3,0.2989,0.4277,0.3280,0.2966
2024-07-07,746530,0.3084,0.3104,0.2003,0.2312,0.3113,0.3165,,0.3336,3,3,0.3014,0.3047,0.3057,0.3123
2024-07-07,746616,0.3470,0.3352,0.2399,0.1552,0.3214,0.3145,0.3237,0.3059,3,3,0.3158,0.3427,0.3383,0.3441
2024-07-07,746691,0.3092,0.3267,0.2075,0.2442,0.3216,0.3023,0.3333,0.2899,3,3,0.3101,0.3498,0.3300,0.3173
2024-07-07,746855,0.3106,0.3145,0.2015,0.2075,0.3018,0.3118,0.3319,0.3167,3,3,0.3066,0.3128,0.3269,0.3334
2024-07-07,747098,0.3389,0.3264,0.1727,0.2256,0.3229,0.3338,0.3164,0.3141,3,3,0.3247,0.3178,0.3272,0.3636
2024-07-08,744833,0.3301,0.3359,0.2013,0.2158,0.3191,0.3357,0.3182,0.3272,3,3,0.2992,0.3526,0.3111,0.2878
2024-07-08,745480,0.3396,0.3287,0.2144,0.2235,0.3292,0.3204,0.3139,0.3126,3,3,0.3513,0.3372,0.3390,0.3127
2024-07-08,746208,0.3343,0.3085,0.1804,0.1924,0.3289,0.3010,0.3121,0.3208,3,3,0.3182,0.3053,0.3160,0.3315
2024-07-08,746455,0.3349,0.3102,0.1537,0.1987,0.3150,0.3066,0.3189,0.3204,3,3,0.3390,0.3131,0.3482,0.3300
2024-07-08,746692,0.3091,0.3245,0.2337,0.2466,0.3146,0.3006,0.3037,0.3259,3,3,0.3035,0.3469,0.3059,0.3295
2024-07-08,746771,0.3352,0.3177,0.2085,0.2121,0.3435,0.3204,0.3264,0.3249,3,3,0.3287,0.3317,0.3314,0.3175
2024-07-08,747181,0.3260,0.3307,0.2260,0.2004,0.3351,0.3487,,0.3289,3,3,0.3191,0.2907,0.3641,0.3371
2024-07-09,745074,0.4089,0.3268,0.2058,0.2176,0.3996,0.3206,0.3191,0.3241,3,3,0.3647,0.3287,0.3079,0.3107
2024-07-09,745155,0.3479,0.3287,0.1657,0.2042,0.3121,0.3183,0.3124,0.3365,3,3,0.3062,0.2973,0.3332,0.3286
2024-07-09,745316,0.3387,0.3231,0.1859,0.2285,0.3127,0.3228,0.3233,0.3142,3,3,0.3335,0.2818,0.3262,0.3234
2024-07-09,745393,0.3055,0.3432,0.2653,0.1454,0.3061,0.3362,0.3319,0.2828,3,3,0.3189,0.3347,0.3136,0.3198
2024-07-09,745557,0.3114,0.3205,0.2124,0.2170,0.3084,0.3262,0.2585,0.3271,3,3,0.2940,0.3552,0.3038,0.3369
2024-07-09,745803,0.3333,0.3566,0.2171,0.2245,0.3352,0.3402,0.3322,0.3166,3,3,0.3506,0.3510,0.3287,0.3185
2024-07-09,745968,0.3330,0.3056,0.2070,0.2290,0.3189,0.3213,0.3537,0.3069,3,3,0.3384,0.2981,0.3059,0.3118
2024-07-09,746206,0.3353,0.3205,0.1798,0.2052,0.3333,0.3022,0.3288,0.3056,3,3,0.3201,0.3068,0.3151,0.3013
2024-07-09,746368,0.3137,0.3356,0.2294,0.1720,0.3081,0.3096,0.3125,0.3366,3,3,0.3112,0.3204,0.3059,0.3241
2024-07-09,746451,0.3348,0.3245,0.1516,0.2256,0.3139,0.3184,0.3095,0.3078,3,3,0.3376,0.3086,0.3240,0.3168
2024-07-09,746690,0.3127,0.3210,0.2492,0.2471,0.3170,0.3186,0.2996,0.3226,3,3,0.2797,0.3354,0.3084,0.3158
2024-07-09,746773,0.3362,0.3257,0.1919,0.2443,0.3395,0.3139,0.3084,0.2950,3,3,0.3451,0.3308,0.3365,0.3221
2024-07-09,746937,0.3261,0.3282,0.2223,0.2523,0.3129,0.3433,0.3194,0.3257,3,3,0.3281,0.3370,0.3340,0.3422
2024-07-09,747014,0.3142,0.3460,0.2072,0.2006,0.3102,0.3294,0.3329,0.3213,3,3,0.3128,0.3768,0.3028,0.3542
2024-07-09,747180,0.3272,0.3345,0.2264,0.1867,0.3360,0.3449,0.3141,0.2726,3,3,0.3207,0.3623,0.3630,0.3381
2024-07-10,745069,0.3937,0.3241,0.1932,0.1954,0.3982,0.3181,0.2990,0.3199,3,3,0.3191,0.3291,0.2932,0.3210
2024-07-10,745156,0.3479,0.3406,0.1657,0.1896,0.3122,0.3232,0.3176,0.3113,3,3,0.3063,0.3328,0.3328,0.3361
2024-07-10,745318,0.3511,0.3529,0.1820,0.2300,0.3237,0.3270,0.3219,0.3314,3,3,0.3318,0.3714,0.3269,0.3388
2024-07-10,745394,0.3047,0.3430,0.2681,0.1450,0.3076,0.3359,0.3147,0.3442,3,3,0.3183,0.3334,0.3319,0.3028
2024-07-10,745556,0.3767,0.3494,0.2173,0.2060,0.3507,0.3485,0.3021,0.3112,3,3,0.4250,0.3557,0.3052,0.3221
2024-07-10,745796,0.3382,0.3568,0.2154,0.2238,0.3128,0.3406,0.3202,0.3532,3,3,0.3508,0.3540,0.3224,0.3089
2024-07-10,745969,0.3282,0.3225,0.2255,0.2346,0.3088,0.3124,0.3189,0.3436,3,3,0.3358,0.3004,0.3316,0.3132
2024-07-10,746205,0.3364,0.3204,0.1780,0.2041,0.3348,0.3012,0.3374,0.3378,3,3,0.3205,0.3069,0.3159,0.3280
2024-07-10,746366,0.3065,0.3013,0.2349,0.2520,0.3063,0.3184,0.3223,0.3294,3,3,0.2895,0.3012,0.2982,0.3228
2024-07-10,746453,0.3354,0.3051,0.1477,0.2276,0.3154,0.3151,0.3237,0.2946,3,3,0.3398,0.3116,0.3220,0.3317
2024-07-10,746689,0.3120,0.3238,0.2516,0.2462,0.3144,0.2990,0.3153,0.3393,3,3,0.2796,0.3446,0.3106,0.3314
2024-07-10,746772,0.3357,0.3258,0.2082,0.2444,0.3440,0.3140,0.3073,0.3078,3,3,0.3280,0.3308,0.3364,0.3100
2024-07-10,746934,0.3261,0.3321,0.2235,0.2584,0.3163,0.3661,0.3104,0.3100,3,3,0.3250,0.3383,0.3173,0.3433
2024-07-10,747015,0.3213,0.3515,0.2070,0.2085,0.3121,0.3490,0.2869,0.3050,3,3,0.3139,0.3760,0.3351,0.3364
2024-07-10,747179,0.3268,0.3359,0.2269,0.2058,0.3352,0.3627,0.3155,0.3353,3,3,0.3230,0.3049,0.3639,0.3361
2024-07-11,745065,0.3924,0.3267,0.1936,0.2161,0.3972,0.3212,0.3144,0.2981,3,3,0.3188,0.3284,0.3272,0.2920
2024-07-11,745313,0.3506,0.3358,0.1832,0.2343,0.3213,0.3083,0.3148,0.3294,3,3,0.3339,0.3169,0.3256,0.3375
2024-07-11,745558,0.3798,0.3554,0.1892,0.2260,0.3513,0.3510,0.3047,0.3043,3,3,0.4246,0.3548,0.3234,0.3382
2024-07-11,745799,0.3341,0.3566,0.2179,0.2251,0.3331,0.3425,0.3344,0.3108,3,3,0.3512,0.3525,0.3200,0.3378
2024-07-11,745967,0.3446,0.3369,0.2569,0.1866,0.3103,0.3202,0.3212,0.2965,3,3,0.3336,0.3065,0.3041,0.3145
2024-07-11,746204,0.3117,0.3191,0.2566,0.2071,0.2977,0.3022,,0.3052,3,3,0.2981,0.3030,0.3131,0.3259
2024-07-11,746452,0.3080,0.3082,0.2441,0.2186,0.3301,0.2982,0.2859,0.3172,3,3,0.3281,0.3091,0.3365,0.3131
2024-07-11,746688,0.2967,0.3252,0.2422,0.2193,0.3002,0.3156,0.3106,0.3344,3,3,0.2787,0.3451,0.3268,0.3068
2024-07-11,746935,0.3258,0.3301,0.2242,0.2534,0.3142,0.3527,0.3107,0.3227,3,3,0.3260,0.3401,0.3022,0.3184
2024-07-11,747011,0.3254,0.3456,0.2313,0.2500,0.3107,0.3444,0.3154,0.3155,3,3,0.3139,0.3739,0.3250,0.3359
2024-07-11,747178,0.3272,0.3361,0.2268,0.1952,0.3348,0.3397,0.3117,0.3119,3,3,0.3214,0.3658,0.3145,0.3390
2024-07-12,745064,0.3350,0.3285,0.1437,0.2152,0.3116,0.3241,0.3182,0.3279,3,3,0.3401,0.3309,0.3378,0.3157
2024-07-12,745153,0.3264,0.3277,0.2285,0.2039,0.3100,0.3201,0.2934,0.3292,3,3,0.3151,0.2945,0.3385,0.3253
2024-07-12,745312,0.3284,0.3474,0.1861,0.2392,0.3330,0.3238,0.3283,0.2906,3,3,0.3134,0.3182,0.3267,0.3410
2024-07-12,745390,0.3269,0.3429,0.2269,0.1452,0.3337,0.3345,0.3077,0.3267,3,3,0.3213,0.3348,0.3641,0.3166
2024-07-12,745552,0.3241,0.3358,0.2258,0.2260,0.3137,0.3531,0.2965,0.3304,3,3,0.3248,0.3576,0.3070,0.3335
2024-07-12,745800,0.3039,0.3586,0.2629,0.2245,0.3120,0.3462,0.3207,0.3182,3,3,0.2945,0.3543,0.3099,0.3192
2024-07-12,745965,0.3332,0.3349,0.2195,0.1886,0.3328,0.3180,0.3043,0.3190,3,3,0.3493,0.3060,0.3309,0.3127
2024-07-12,746207,0.3215,0.3189,0.2583,0.2059,0.3144,0.3016,0.3257,0.2845,3,3,0.3204,0.3020,0.3261,0.3368
2024-07-12,746371,0.3369,0.3355,0.1762,0.1719,0.3347,0.3126,0.3024,0.3146,3,3,0.3212,0.3191,0.3140,0.3249
2024-07-12,746450,0.3775,0.3133,0.1919,0.2104,0.3504,0.3142,0.2839,0.3292,3,3,0.4217,0.3211,0.3183,0.3225
2024-07-12,746685,0.3201,0.3246,0.2312,0.2457,0.3267,0.3003,0.3157,0.3171,3,3,0.3124,0.3500,0.3189,0.3312
2024-07-12,746774,0.3291,0.3258,0.2239,0.2447,0.3091,0.3145,0.2776,0.3284,3,3,0.3362,0.3305,0.3058,0.3198
2024-07-12,746936,0.3446,0.3324,0.1751,0.2609,0.3248,0.3675,0.3089,0.3078,3,3,0.3007,0.3166,0.3031,0.3444
2024-07-12,747012,0.3957,0.3432,0.1995,0.2011,0.3912,0.3283,0.3154,0.3240,3,3,0.3268,0.3716,0.2943,0.3531
2024-07-12,747175,0.3511,0.3298,0.1819,0.1788,0.3239,0.3527,0.3322,0.3150,3,3,0.3343,0.3034,0.2916,0.3238
2024-07-13,745067,0.3315,0.3284,0.1474,0.1945,0.3105,0.3212,0.3295,0.3186,3,3,0.3379,0.3331,0.3440,0.3171
2024-07-13,745152,0.3250,0.3196,0.2633,0.2358,0.3136,0.3177,0.3281,0.3250,3,3,0.3133,0.2951,0.3167,0.3262
2024-07-13,745311,0.3272,0.3218,0.2171,0.2391,0.3214,0.3051,0.3160,0.3113,3,3,0.3261,0.3205,0.3354,0.3399
2024-07-13,745392,0.3262,0.3411,0.2256,0.1453,0.3336,0.3344,0.3067,0.3324,3,3,0.3198,0.3332,0.3672,0.3156
2024-07-13,745549,0.3003,0.3556,0.2351,0.2251,0.2927,0.3517,0.3144,0.3122,3,3,0.2869,0.3587,0.3405,0.3376
2024-07-13,745798,0.3081,0.3574,0.2371,0.2255,0.3081,0.3456,0.3149,0.3231,3,3,0.3064,0.3553,0.3117,0.3266
2024-07-13,745963,0.3367,0.3217,0.2106,0.2048,0.3376,0.3163,0.3241,0.3318,3,3,0.3467,0.2975,0.3140,0.3255
2024-07-13,746202,0.3305,0.3194,0.2583,0.2065,0.3017,0.3034,0.3159,0.2962,3,3,0.3177,0.3029,0.2974,0.3197
2024-07-13,746369,0.3367,0.3045,0.1777,0.1955,0.3347,0.3064,0.3212,0.3042,3,3,0.3232,0.3180,0.3145,0.3204
2024-07-13,746447,0.3745,0.3113,0.2179,0.2012,0.3480,0.3244,0.3169,0.3108,3,3,0.4222,0.3100,0.3038,0.3279
2024-07-13,746687,0.3119,0.3063,0.2536,0.2275,0.3121,0.3027,0.3019,0.3297,3,3,0.3125,0.2918,0.2908,0.3297
2024-07-13,746766,0.3372,0.3126,0.2545,0.2599,0.3187,0.3024,0.3288,0.2987,3,3,0.3142,0.3327,0.3108,0.3235
2024-07-13,746930,0.3451,0.3165,0.1728,0.2171,0.3260,0.3119,0.3124,0.3084,3,3,0.3011,0.3373,0.3326,0.3532
2024-07-13,747013,0.3935,0.3427,0.1932,0.2015,0.3984,0.3281,0.3003,0.3158,3,3,0.3165,0.3704,0.3289,0.3521
2024-07-13,747177,0.3577,0.3105,0.1778,0.2013,0.3335,0.3342,0.3133,0.3244,2,3,,0.3038,0.3011,0.3349
2024-07-14,745066,0.3308,0.3291,0.1475,0.2143,0.3099,0.3227,0.3220,0.3066,3,3,0.3379,0.3334,0.3434,0.3149
2024-07-14,745151,0.3278,0.3159,0.2268,0.2063,0.3153,0.3036,0.3155,0.3036,3,3,0.3199,0.2973,0.3377,0.3149
2024-07-14,745314,0.3320,0.3446,0.1986,0.2393,0.3179,0.3214,0.3193,0.3268,3,3,0.3286,0.3193,0.3254,0.3362
2024-07-14,745385,0.3254,0.3299,0.2274,0.1938,0.3346,0.3443,0.3583,0.2741,3,3,0.3200,0.3518,0.3667,0.3246
2024-07-14,745551,0.3077,0.3241,0.2204,0.2088,0.3002,0.3111,0.3078,0.3153,3,3,0.3134,0.3393,0.3266,0.3370
2024-07-14,745797,0.3095,0.3421,0.2375,0.2135,0.3060,0.3265,0.3316,,3,3,0.3081,0.3586,0.3218,0.3385
2024-07-14,745962,0.3317,0.3349,0.2268,0.1896,0.3285,0.3173,0.3157,0.3173,3,3,0.3477,0.3078,0.3048,0.3154
2024-07-14,746201,0.3171,0.3173,0.2677,0.2125,0.3001,0.2945,0.3312,0.3009,3,3,0.3176,0.3141,0.3160,0.3363
2024-07-14,746370,0.3380,0.3356,0.1786,0.1722,0.3365,0.3121,0.3107,0.3028,3,3,0.3240,0.3201,0.3140,0.3224
2024-07-14,746449,0.3790,0.3131,0.1920,0.2113,0.3499,0.3142,0.3112,0.3187,3,3,0.4257,0.3095,0.3239,0.3389
2024-07-14,746686,0.3122,0.3262,0.2345,0.2448,0.3113,0.3029,0.3028,0.3442,3,3,0.3123,0.3510,0.3038,0.3288
2024-07-14,746769,0.3434,0.3167,0.2557,0.2295,0.3110,0.3099,0.3210,0.3091,3,3,0.3328,0.3348,0.3089,0.3159
2024-07-14,746932,0.3447,0.3261,0.1658,0.2387,0.3081,0.3131,0.3251,0.3326,3,3,0.3038,0.3377,0.3321,0.3550
2024-07-14,747009,0.3971,0.3495,0.1999,0.2080,0.3911,0.3501,0.3331,0.3229,3,3,0.3228,0.3715,0.3072,0.3072
2024-07-14,747176,0.3496,0.3329,0.1799,0.1838,0.3215,0.3459,0.3214,0.3046,3,3,0.3349,0.3693,0.2938,0.3201
2024-07-19,744829,0.3267,0.3361,0.2435,0.2151,0.3019,0.3333,0.3582,0.3355,3,3,0.3533,0.3462,0.3285,0.3303
2024-07-19,744911,0.3128,0.3411,0.2116,0.2063,0.3126,0.3117,0.3303,0.2828,3,3,0.3083,0.3358,0.3261,0.3266
2024-07-19,744990,0.3454,0.3343,0.2246,0.2065,0.3322,0.3398,0.3200,0.2854,3,3,0.3718,0.3110,0.3520,0.3123
2024-07-19,745228,0.3346,0.3189,0.1722,0.2331,0.3115,0.3174,0.3028,0.3017,3,3,0.3202,0.3162,0.3222,0.3140
2024-07-19,745481,0.3574,0.3436,0.2233,0.2559,0.3480,0.3138,0.3376,0.3009,3,3,0.3597,0.3321,0.3343,0.3077
2024-07-19,745640,0.3183,0.3239,0.2074,0.2284,0.3048,0.3041,0.3265,0.3396,3,3,0.2996,0.3208,0.3007,0.3204
2024-07-19,745721,0.3271,0.3860,0.2114,0.2087,0.3186,0.3966,0.3214,0.2963,3,3,0.3259,0.2922,0.3158,0.3063
2024-07-19,746040,0.3573,0.3124,0.2274,0.2527,0.3426,0.3120,0.3339,0.3218,3,3,0.3612,0.3123,0.3176,0.3060
2024-07-19,746123,0.3313,0.3788,0.2470,0.1916,0.3527,0.3509,0.3113,0.3031,3,3,0.3367,0.4296,0.3416,0.3236
2024-07-19,746284,0.3189,0.3370,0.2288,0.1874,0.3131,0.3256,0.3138,0.3254,3,3,0.3320,0.2826,0.3166,0.3322
2024-07-19,746531,0.3435,0.3105,0.2415,0.2378,0.3187,0.3097,0.3227,0.3220,3,3,0.3164,0.3092,0.3361,0.3100
2024-07-19,746618,0.3417,0.3298,0.1458,0.1502,0.3321,0.3085,0.3061,0.3122,3,3,0.3343,0.3374,0.3185,0.3423
2024-07-19,746854,0.3345,0.3263,0.1840,0.2275,0.3438,0.3137,0.2836,0.3287,3,3,0.3728,0.3187,0.3434,0.3412
2024-07-19,747093,0.3292,0.3254,0.2008,0.2282,0.3292,0.3339,0.3208,0.3343,3,3,0.2953,0.3163,0.3274,0.3130
2024-07-20,744830,0.3266,0.3385,0.2439,0.2066,0.2998,0.3347,0.3083,0.3031,3,3,0.3553,0.3441,0.3274,0.2887
2024-07-20,744910,0.3097,0.3532,0.2243,0.1797,0.3074,0.3254,0.3130,0.2987,3,3,0.3001,0.3348,0.3062,0.3233
2024-07-20,744994,0.3449,0.3390,0.2020,0.1793,0.3304,0.3411,0.3072,0.3047,3,3,0.3736,0.3256,0.3398,0.3106
2024-07-20,745229,0.3349,0.3272,0.1721,0.2342,0.3125,0.3199,0.2945,0.3167,3,3,0.3189,0.3148,0.3213,0.3131
2024-07-20,745478,0.3564,0.3305,0.2240,0.2222,0.3480,0.3138,0.3202,0.3116,3,3,0.3575,0.3331,0.3389,0.3252
2024-07-20,745638,0.3089,0.3118,0.2242,0.2167,0.2917,0.3024,0.3204,0.3301,3,3,0.2979,0.3213,0.3339,0.3419
2024-07-20,745720,0.2996,0.3636,0.1995,0.2204,0.3145,0.3510,0.2991,0.3112,3,3,0.3039,0.3522,0.3004,0.2985
2024-07-20,745880,0.3348,0.3236,0.1911,0.2314,0.3173,0.3064,0.3043,0.3095,3,3,0.3063,0.3272,0.3180,0.3202
2024-07-20,746041,0.3572,0.3115,0.2271,0.2343,0.3443,0.3100,0.3381,0.3143,3,3,0.3627,0.3122,0.3226,0.3196
2024-07-20,746121,0.3267,0.3781,0.2570,0.1934,0.3553,0.3503,0.3310,0.3281,3,3,0.3081,0.4265,0.3448,0.3234
2024-07-20,746286,0.3180,0.3379,0.2302,0.1873,0.3136,0.3276,0.3192,0.3082,3,3,0.3315,0.2826,0.3165,0.3366
2024-07-20,746527,0.3287,0.3108,0.2476,0.2390,0.3134,0.3109,0.3264,0.3240,3,3,0.3147,0.3088,0.3552,0.3251
2024-07-20,746613,0.3423,0.3141,0.1447,0.1770,0.3331,0.3203,0.3214,0.3071,3,3,0.3352,0.3193,0.3174,0.3327
2024-07-20,746852,0.3391,0.3266,0.2039,0.2279,0.3623,0.3142,0.3412,0.3240,3,3,0.3056,0.3206,0.3348,0.3405
2024-07-20,747096,0.3291,0.3253,0.2008,0.2283,0.3294,0.3340,0.3193,0.3039,3,3,0.2953,0.3162,0.3274,0.3653
2024-07-21,744831,0.3271,0.3369,0.2435,0.2087,0.3011,0.3318,0.3202,0.3040,3,3,0.3560,0.3413,0.3152,0.3193
2024-07-21,744909,0.3020,0.3536,0.2434,0.1791,0.2919,0.3261,0.3288,0.3248,3,3,0.3095,0.3332,0.3385,0.2836
2024-07-21,744991,0.3446,0.3384,0.2010,0.1810,0.3307,0.3400,0.3126,0.3373,3,3,0.3720,0.3265,0.3426,0.2916
2024-07-21,745230,0.3338,0.3199,0.1727,0.2275,0.3125,0.3256,0.2895,0.2985,3,3,0.3191,0.3139,0.3115,0.3168
2024-07-21,745470,0.3556,0.3459,0.2245,0.2546,0.3469,0.3175,0.3166,0.3132,3,3,0.3555,0.3346,0.3352,0.3075
2024-07-21,745633,0.3145,0.3129,0.2148,0.2149,0.2966,0.3026,0.2937,0.3256,3,3,0.2943,0.3222,0.3323,0.3470
2024-07-21,745722,0.3267,0.4065,0.2123,0.2173,0.3193,0.3924,0.3302,0.3307,3,3,0.3247,0.3507,0.3038,0.3148
2024-07-21,745882,0.3275,0.3250,0.2015,0.2293,0.3040,0.3046,0.2917,0.3206,3,3,0.3059,0.3260,0.3052,0.3179
2024-07-21,746042,0.3578,0.3144,0.2271,0.2418,0.3434,0.3240,0.3338,0.3096,3,3,0.3627,0.3105,0.3403,0.3191
2024-07-21,746125,0.3307,0.3763,0.2472,0.2182,0.3512,0.3506,0.3190,0.3095,3,3,0.3137,0.4259,0.3434,0.3060
2024-07-21,746287,0.3254,0.3301,0.2345,0.1925,0.3032,0.3279,0.3122,0.3157,3,3,0.3307,0.2965,0.3173,0.3345
2024-07-21,746528,0.3411,0.3270,0.2452,0.2288,0.3158,0.3306,0.3141,0.3203,3,3,0.3137,0.3092,0.3341,0.3248
2024-07-21,746610,0.3426,0.3268,0.1459,0.1518,0.3331,0.3071,0.3049,0.3229,3,3,0.3365,0.3360,0.3170,0.3345
2024-07-21,746853,0.3376,0.3270,0.2015,0.2281,0.3474,0.3147,0.3032,0.2938,3,3,0.3729,0.3218,0.3281,0.3252
2024-07-21,747094,0.3284,0.3203,0.1992,0.2533,0.3302,0.3328,0.3084,0.3170,3,3,0.2941,0.3157,0.3167,0.3655
2024-07-22,744988,0.3187,0.3383,0.2305,0.1810,0.3123,0.3413,0.3374,0.3068,3,3,0.3209,0.3258,0.3214,0.3115
2024-07-22,745232,0.3114,0.3126,0.2163,0.2670,0.3048,0.3095,0.3043,0.3245,3,3,0.2961,0.2968,0.3310,0.3133
2024-07-22,745473,0.3292,0.3453,0.2014,0.2552,0.3299,0.3190,0.3100,0.3005,3,3,0.2953,0.3349,0.3157,0.3082
2024-07-22,745635,0.3356,0.3150,0.1720,0.2118,0.3127,0.3042,0.3382,0.3204,3,3,0.3175,0.3259,0.3263,0.3479
2024-07-22,745717,0.3013,0.4089,0.1980,0.2173,0.3153,0.3945,0.3281,0.3230,3,3,0.3020,0.3514,0.3322,0.3100
2024-07-22,745881,0.3559,0.3264,0.2235,0.2055,0.3498,0.3161,0.3082,0.2939,3,3,0.3576,0.3287,0.3390,0.3279
2024-07-22,746034,0.3462,0.3106,0.2184,0.2357,0.3351,0.3093,0.3246,0.3356,3,3,0.3617,0.3153,0.3208,0.3100
2024-07-22,746124,0.3423,0.3796,0.2453,0.1924,0.3216,0.3525,,0.3125,3,3,0.3197,0.4278,0.3165,0.3250
2024-07-22,746280,0.3331,0.3446,0.1857,0.1759,0.3442,0.3310,0.2937,0.3170,3,3,0.3701,0.2991,0.3474,0.3358
2024-07-22,746526,0.3232,0.3081,0.2343,0.2319,0.3363,0.3039,0.3266,0.3097,3,3,0.3421,0.3069,0.3554,0.3224
2024-07-22,746612,0.3098,0.3272,0.2384,0.1522,0.3136,0.3061,0.3262,0.2813,3,3,0.3091,0.3341,0.3263,0.3412
2024-07-22,746850,0.3331,0.3264,0.1916,0.2282,0.3139,0.3131,0.3217,0.3125,3,3,0.3045,0.3210,0.3172,0.3274
2024-07-22,747095,0.3265,0.3053,0.2442,0.2544,0.2990,0.3329,0.3236,0.2932,3,2,0.3552,0.3184,0.3282,0.3656
2024-07-23,744828,0.3345,0.3352,0.1487,0.2130,0.3383,0.3345,0.3065,0.3579,3,3,0.3357,0.3414,0.3297,0.3306
2024-07-23,744904,0.3229,0.3551,0.2145,0.1799,0.3184,0.3313,0.3299,0.3310,3,3,0.3221,0.3384,0.3203,0.3227
2024-07-23,744985,0.3138,0.3188,0.2394,0.1868,0.3194,0.3370,0.3241,0.2778,3,3,0.3198,0.3272,0.3160,0.3112
2024-07-23,745227,0.3166,0.3255,0.1993,0.2430,0.3146,0.3106,0.2960,0.3175,3,3,0.3029,0.3066,0.3274,0.2996
2024-07-23,745475,0.3115,0.3451,0.2319,0.2545,0.3325,0.3199,0.2849,0.3335,3,3,0.2939,0.3344,0.3155,0.3027
2024-07-23,745632,0.2950,0.3181,0.2159,0.2094,0.3056,0.3096,0.2989,0.3178,3,3,0.2905,0.3317,0.3187,0.3469
2024-07-23,745715,0.3571,0.3939,0.2280,0.2223,0.3410,0.3941,0.3075,0.3300,3,3,0.3650,0.3037,0.3385,0.3184
2024-07-23,745878,0.3561,0.3303,0.2229,0.2029,0.3531,0.3201,0.3125,0.3148,3,3,0.3557,0.3285,0.3374,0.3154
2024-07-23,746036,0.3454,0.3149,0.2007,0.2526,0.3339,0.3104,0.3308,0.3173,3,3,0.3716,0.3152,0.3545,0.3228
2024-07-23,746118,0.3426,0.3785,0.2438,0.1921,0.3230,0.3518,0.3195,0.3359,3,3,0.3194,0.4261,0.3383,0.3171
2024-07-23,746281,0.3396,0.3382,0.2047,0.1899,0.3596,0.3279,0.3350,0.3346,3,3,0.3071,0.2774,0.3425,0.3352
2024-07-23,746524,0.3287,0.3008,0.2253,0.2244,0.3141,0.2992,0.3469,0.3094,3,3,0.3426,0.3055,0.3546,0.3198
2024-07-23,746614,0.3105,0.3276,0.2406,0.1508,0.3208,0.3042,0.3295,0.3091,3,3,0.3097,0.3343,0.3065,0.2976
2024-07-23,746848,0.3178,0.3162,0.2141,0.2234,0.3143,0.3136,0.3062,0.3197,3,3,0.3024,0.3206,0.3180,0.3391
2024-07-23,747090,0.3289,0.3495,0.2313,0.2322,0.3124,0.3250,0.3172,0.2960,3,3,0.3313,0.3165,0.3118,0.3192
2024-07-24,744824,0.3129,0.3186,0.2046,0.2198,0.3156,0.3291,0.3036,0.3079,3,3,0.3162,0.2941,0.3305,0.3288
2024-07-24,744905,0.3254,0.3539,0.2135,0.1841,0.3157,0.3300,0.3132,0.3058,3,3,0.3233,0.3357,0.3134,0.3002
2024-07-24,744989,0.3169,0.3182,0.2346,0.1962,0.3128,0.3358,0.3125,0.3314,3,3,0.3156,0.3274,0.3154,0.3115
2024-07-24,745231,0.3212,0.3250,0.1912,0.2416,0.3152,0.3125,0.3243,0.3392,3,3,0.3164,0.3040,0.3027,0.3086
2024-07-24,745472,0.3277,0.3134,0.2021,0.2219,0.3288,0.3100,0.3478,0.3345,3,3,0.2928,0.3325,0.3087,0.3186
2024-07-24,745634,0.3362,0.3149,0.1735,0.1960,0.3148,0.3074,0.3294,0.3050,3,3,0.3157,0.3253,0.3258,0.3422
2024-07-24,745716,0.3445,0.3189,0.2256,0.2405,0.3318,0.3024,0.3166,0.3224,3,3,0.3646,0.2991,0.3421,0.3123
2024-07-24,745877,0.3554,0.3249,0.2223,0.2155,0.3534,0.3241,0.3037,0.3035,3,3,0.3536,0.3264,0.3398,0.3175
2024-07-24,746035,0.3449,0.3148,0.2011,0.2525,0.3333,0.3107,0.3529,,3,3,0.3705,0.3160,0.3416,0.3238
2024-07-24,746119,0.3418,0.3781,0.2433,0.1934,0.3231,0.3509,0.2727,,3,3,0.3195,0.4261,0.3302,0.3257
2024-07-24,746279,0.3396,0.3389,0.2063,0.1897,0.3616,0.3316,0.3182,0.3249,3,3,0.3058,0.2801,0.3354,0.3346
2024-07-24,746525,0.3205,0.2914,0.2448,0.2588,0.3366,0.2968,0.3248,0.3030,3,3,0.3435,0.2861,0.3146,0.2978
2024-07-24,746611,0.3137,0.3262,0.2112,0.1525,0.3175,0.3035,0.3042,0.2903,3,3,0.3100,0.3341,0.3247,0.3375
2024-07-24,746851,0.3263,0.3247,0.2134,0.2303,0.3233,0.3100,0.2869,0.3041,3,3,0.3304,0.3207,0.3248,0.3381
2024-07-24,747091,0.3255,0.3466,0.2444,0.2423,0.2989,0.3460,0.3226,0.3145,3,3,0.3528,0.3167,0.3274,0.3090
2024-07-25,744827,0.3299,0.3331,0.1839,0.2108,0.3270,0.3334,0.3543,0.2964,3,3,0.3559,0.3375,0.3304,0.3294
2024-07-25,744907,0.3243,0.3145,0.2140,0.2202,0.3127,0.3198,0.3297,0.3089,3,3,0.3217,0.3099,0.3001,0.2622
2024-07-25,744984,0.3226,0.3402,0.2485,0.1824,0.3142,0.3471,0.3078,0.3210,3,3,0.3169,0.3283,0.3051,0.2905
2024-07-25,745794,0.3591,0.3546,0.2508,0.1965,0.3516,0.3303,0.3040,0.2786,3,3,0.3166,0.3702,0.3302,0.3426
2024-07-25,746037,0.3284,0.3130,0.2284,0.2148,0.3432,0.3036,0.3406,0.2820,3,3,0.3693,0.3154,0.3518,0.3189
2024-07-25,746117,0.3282,0.3776,0.2529,0.2188,0.3135,0.3575,,0.3247,3,3,0.3208,0.4246,0.3374,0.3052
2024-07-25,746199,0.3341,0.3147,0.2408,0.2023,0.3235,0.3140,0.3299,0.3296,3,3,0.3364,0.2988,0.3112,0.3169
2024-07-25,746609,0.3135,0.3262,0.1931,0.1517,0.3060,0.3031,0.3255,0.3068,3,3,0.3084,0.3340,0.3288,0.3295
2024-07-26,744906,0.3397,0.3404,0.1794,0.1901,0.3344,0.3264,0.3124,0.3108,3,3,0.3290,0.3337,0.3129,0.3272
2024-07-26,745068,0.3386,0.3223,0.2347,0.2183,0.3145,0.3379,0.3206,0.3054,3,3,0.3512,0.3321,0.3098,0.2942
2024-07-26,745146,0.3331,0.3277,0.2107,0.2008,0.3327,0.3301,0.3082,0.3139,3,3,0.3378,0.2942,0.3024,0.3090
2024-07-26,745315,0.3205,0.3293,0.2601,0.2530,0.3167,0.3167,0.3300,0.3290,3,3,0.2884,0.3237,0.2973,0.3328
2024-07-26,745554,0.3241,0.3548,0.1529,0.2240,0.3022,0.3534,0.3083,0.3070,3,3,0.3316,0.3532,0.3321,0.3376
2024-07-26,745792,0.3540,0.3480,0.2641,0.2195,0.3402,0.3455,,0.3351,3,3,0.3009,0.3700,0.3286,0.3146
2024-07-26,745964,0.3198,0.3169,0.2286,0.2022,0.3209,0.3131,0.3026,0.3313,3,3,0.3138,0.3110,0.3063,0.3286
2024-07-26,746200,0.3175,0.3135,0.2068,0.2006,0.3095,0.3118,0.3252,0.3268,3,3,0.3374,0.2984,0.3504,0.3171
2024-07-26,746277,0.3247,0.3449,0.2298,0.1734,0.3114,0.3324,0.3187,0.3356,3,3,0.3189,0.2969,0.3265,0.3330
2024-07-26,746361,0.3674,0.3370,0.2278,0.1725,0.3393,0.3160,0.3166,0.3123,3,3,0.4249,0.3179,0.3092,0.3261
2024-07-26,746448,0.3263,0.3063,0.2201,0.2435,0.3066,0.2985,0.3287,0.2992,3,3,0.3256,0.2963,0.3306,0.3058
2024-07-26,746767,0.3244,0.3181,0.2662,0.2284,0.3009,0.3177,0.3056,0.2931,3,3,0.3259,0.3056,0.3010,0.3038
2024-07-26,746933,0.3972,0.3283,0.1934,0.2236,0.3971,0.3133,0.3314,0.3053,3,3,0.3117,0.3456,0.3196,0.3457
2024-07-26,747010,0.3197,0.3449,0.1632,0.2008,0.3203,0.3352,0.2872,0.3466,3,3,0.3358,0.3679,0.3215,0.3544
2024-07-26,747174,0.3268,0.3418,0.2543,0.2041,0.3140,0.3604,0.3244,0.3227,3,3,0.3314,0.3052,0.3126,0.3320
2024-07-27,744908,0.3404,0.3424,0.1805,0.1991,0.3481,0.3285,0.3329,0.3505,3,3,0.3290,0.3325,0.3125,0.2773
2024-07-27,745059,0.3379,0.3173,0.2368,0.2213,0.3155,0.3181,0.3204,0.3075,3,3,0.3521,0.3340,0.3000,0.3146
2024-07-27,745150,0.3011,0.3283,0.2143,0.1993,0.3268,0.3312,0.3259,0.3039,3,3,0.2959,0.2962,0.3223,0.3162
2024-07-27,745307,0.3115,0.3424,0.2430,0.2412,0.3014,0.3303,0.3084,0.3176,3,3,0.2894,0.3175,0.3010,0.3351
2024-07-27,745310,0.3095,0.3241,0.2306,0.2537,0.3034,0.3213,0.3185,0.3364,3,3,0.2894,0.3304,0.3254,0.3294
2024-07-27,745553,0.3088,0.3536,0.1873,0.2229,0.3130,0.3527,0.3122,0.3315,3,3,0.3152,0.3551,0.3234,0.3175
2024-07-27,745793,0.3589,0.3550,0.2519,0.2309,0.3527,0.3347,0.3195,0.3174,3,3,0.3132,0.3685,0.3109,0.3138
2024-07-27,745966,0.3176,0.3112,0.2155,0.1859,0.3031,0.2950,0.3219,0.3139,3,3,0.3267,0.3032,0.3228,0.3348
2024-07-27,746203,0.3478,0.3205,0.2457,0.1911,0.3316,0.3200,0.3237,0.3120,3,3,0.3371,0.3189,0.3051,0.3299
2024-07-27,746278,0.3237,0.3477,0.2299,0.1625,0.3092,0.3149,0.3101,0.2999,3,3,0.3172,0.3065,0.3346,0.3341
2024-07-27,746362,0.3562,0.3365,0.2115,0.1718,0.3390,0.3149,0.3030,0.3177,3,3,0.4253,0.3166,0.3253,0.3253
2024-07-27,746446,0.3350,0.3104,0.2096,0.2387,0.3234,0.3210,0.2806,0.2884,3,3,0.3250,0.3134,0.3353,0.3036
2024-07-27,746768,0.3343,0.3213,0.2476,0.2447,0.3251,0.3015,0.3022,0.2856,3,3,0.3367,0.3133,0.3113,0.3106
2024-07-27,746931,0.3977,0.3248,0.1929,0.2181,0.3964,0.3256,0.3139,0.3354,3,3,0.3123,0.3438,0.3226,0.3589
2024-07-27,747006,0.3200,0.3458,0.1623,0.2002,0.3215,0.3361,0.3474,0.3168,3,3,0.3351,0.3699,0.3217,0.3395
2024-07-27,747171,0.3200,0.3371,0.2685,0.1836,0.3053,0.3465,0.2904,0.3260,3,3,0.3314,0.3754,0.3126,0.3516
2024-07-28,744902,0.3393,0.3443,0.1805,0.1601,0.3468,0.3416,0.3340,0.3183,3,3,0.3289,0.3495,0.3135,0.2996
2024-07-28,745145,0.3324,0.3300,0.2335,0.1988,0.3250,0.3292,0.3284,0.3057,3,3,0.3371,0.2995,0.3317,0.3091
2024-07-28,745305,0.2948,0.3193,0.2404,0.2460,0.3035,0.3049,0.3028,0.3319,3,3,0.2912,0.3354,0.3240,0.3366
2024-07-28,745550,0.3235,0.3536,0.1509,0.2252,0.3011,0.3502,,,3,3,0.3323,0.3589,0.3293,0.3356
2024-07-28,745795,0.3545,0.3400,0.2497,0.2096,0.3349,0.3153,0.3466,0.3268,3,3,0.3019,0.3313,0.3274,0.3394
2024-07-28,745961,0.3171,0.3167,0.2160,0.2008,0.3009,0.3108,0.3193,0.3135,3,3,0.3224,0.3023,0.3099,0.3131
2024-07-28,746195,0.3177,0.3207,0.2046,0.1918,0.3125,0.3192,0.3194,0.3120,3,3,0.3409,0.3226,0.3424,0.3139
2024-07-28,746274,0.3193,0.3451,0.2207,0.1632,0.3137,0.3318,0.2943,0.3215,3,3,0.3146,0.3010,0.3270,0.3353
2024-07-28,746364,0.3552,0.3369,0.2356,0.1715,0.3442,0.3147,0.3244,0.3142,3,3,0.4290,0.3172,0.2983,0.3274
2024-07-28,746445,0.3306,0.3048,0.2135,0.2246,0.3292,0.3120,0.3208,0.3074,3,3,0.3218,0.3134,0.3228,0.3108
2024-07-28,746770,0.3355,0.3055,0.2483,0.2342,0.3219,0.3057,0.2753,0.3039,3,3,0.3388,0.2766,0.3001,0.3115
2024-07-28,746929,0.4009,0.3284,0.1920,0.2239,0.4050,0.3144,0.3137,0.3198,3,3,0.3151,0.3443,0.3305,0.3607
2024-07-28,747008,0.3082,0.3489,0.2042,0.2325,0.3151,0.3403,0.3119,0.3708,3,3,0.3021,0.3432,0.3241,0.3344
2024-07-28,747173,0.3180,0.3218,0.2559,0.1829,0.3205,0.3523,0.3227,0.3260,3,3,0.3288,0.3074,0.3125,0.3375
2024-07-29,745147,0.3409,0.3291,0.1796,0.2006,0.3480,0.3304,0.3015,0.3082,3,3,0.3156,0.2970,0.2899,0.3150
2024-07-29,745547,0.3546,0.3255,0.1928,0.2191,0.3602,0.3317,0.3139,0.3057,3,3,0.3156,0.2784,0.3272,0.3395
2024-07-29,745791,0.3193,0.3455,0.2454,0.2202,0.3252,0.3310,0.3301,0.3119,3,3,0.3377,0.3671,0.3238,0.3262
2024-07-29,745959,0.3574,0.3249,0.2530,0.2217,0.3505,0.3024,0.3270,0.3163,3,3,0.3107,0.3045,0.3205,0.3246
2024-07-29,746360,0.3286,0.3076,0.2732,0.2032,0.3222,0.3092,0.3038,0.2782,3,3,0.2815,0.3200,0.3142,0.3278
2024-07-29,746444,0.3239,0.3114,0.1507,0.2365,0.3024,0.3058,0.3132,0.2964,3,3,0.3343,0.3210,0.3386,0.3086
2024-07-29,746684,0.3242,0.3287,0.2288,0.2026,0.3114,0.3149,0.3052,0.3059,3,3,0.3138,0.3497,0.3271,0.3070
2024-07-29,746765,0.3448,0.3013,0.1628,0.2399,0.3322,0.3078,0.3320,0.3318,3,3,0.3026,0.2776,0.3341,0.3035
2024-07-29,746928,0.3174,0.3169,0.2612,0.2235,0.3115,0.3319,0.2985,0.2917,3,3,0.2874,0.3137,0.2967,0.3314
2024-07-29,747007,0.3457,0.3487,0.1923,0.2337,0.3388,0.3397,0.2975,0.2962,3,3,0.3060,0.3419,0.2793,0.3094
2024-07-29,747172,0.3135,0.3385,0.1987,0.1839,0.3088,0.3471,0.3355,0.3378,3,3,0.3353,0.3776,0.3156,0.3285
2024-07-30,745060,0.3151,0.3410,0.2244,0.2114,0.3052,0.3251,,0.3237,3,3,0.3252,0.3333,0.3024,0.2988
2024-07-30,745149,0.3093,0.3286,0.1922,0.2005,0.3347,0.3316,0.3294,0.3033,3,3,0.3156,0.2975,0.3127,0.3306
2024-07-30,745309,0.3355,0.3143,0.2356,0.2461,0.3291,0.3069,0.3095,0.3088,3,3,0.3380,0.3330,0.3259,0.3363
2024-07-30,745389,0.3546,0.3366,0.2129,0.1474,0.3424,0.3314,0.3066,0.2806,3,3,0.4278,0.3333,0.3189,0.3251
2024-07-30,745546,0.4020,0.3532,0.1915,0.2252,0.4051,0.3517,0.3039,,3,3,0.3165,0.3645,0.3295,0.3402
2024-07-30,745787,0.3408,0.3519,0.2213,0.2312,0.3403,0.3337,0.3288,0.3252,3,3,0.3377,0.3658,0.3327,0.3278
2024-07-30,745958,0.3568,0.3230,0.2529,0.2408,0.3478,0.3101,0.3245,0.3182,3,3,0.3094,0.3010,0.3210,0.3254
2024-07-30,746197,0.3104,0.3223,0.2403,0.1919,0.3129,0.3171,0.3374,0.3244,3,3,0.3035,0.3256,0.3094,0.3136
2024-07-30,746365,0.3445,0.3365,0.2550,0.1710,0.3229,0.3139,0.2984,0.3317,3,3,0.3295,0.3202,0.3126,0.3271
2024-07-30,746441,0.3323,0.3110,0.1582,0.2372,0.3159,0.3215,0.3062,0.3305,3,3,0.3341,0.3144,0.3249,0.3148
2024-07-30,746683,0.3321,0.3375,0.2715,0.2346,0.3126,0.3121,0.3089,0.2889,3,3,0.3372,0.3510,0.3048,0.3087
2024-07-30,746763,0.3391,0.2966,0.1807,0.2336,0.3325,0.3049,0.3161,0.3150,3,3,0.2837,0.2773,0.3420,0.3142
2024-07-30,746926,0.3194,0.3316,0.2735,0.2092,0.2995,0.3049,0.3298,0.3248,3,3,0.2899,0.3405,0.3253,0.3583
2024-07-30,747005,0.3300,0.3497,0.2050,0.2266,0.3131,0.3537,0.2954,0.3510,3,3,0.3333,0.3470,0.3281,0.3480
2024-07-30,747167,0.3134,0.3178,0.1999,0.2093,0.3112,0.3146,0.3247,0.3484,2,3,0.2995,0.3268,0.2884,0.3168
2024-07-31,745061,0.3244,0.3407,0.2361,0.2119,0.3051,0.3226,0.3052,0.3475,3,3,0.3261,0.3316,0.3224,0.3015
2024-07-31,745148,0.3243,0.3324,0.2039,0.2435,0.3415,0.3433,,0.3171,3,3,0.3137,0.3015,0.3155,0.3060
2024-07-31,745306,0.3326,0.3454,0.2224,0.2316,0.3167,0.3239,0.3262,0.3169,3,3,0.3397,0.3674,0.3537,0.3323
2024-07-31,745386,0.3542,0.3177,0.2142,0.1610,0.3444,0.3283,0.2914,0.3171,3,3,0.4269,0.3322,0.2979,0.3319
2024-07-31,745543,0.3985,0.3480,0.2087,0.2363,0.3972,0.3505,0.3067,0.3060,3,3,0.3022,0.3643,0.3296,0.3350
2024-07-31,745789,0.3375,0.3420,0.1974,0.2276,0.3462,0.3298,0.3051,0.3029,3,3,0.3367,0.3651,0.3316,0.3162
2024-07-31,745960,0.3538,0.3192,0.2635,0.2560,0.3384,0.3095,0.3129,0.2807,3,3,0.2996,0.3124,0.3283,0.3302
2024-07-31,746198,0.3132,0.3194,0.2510,0.2088,0.3045,0.3111,0.3183,0.3251,3,3,0.3155,0.3246,0.3205,0.3252
2024-07-31,746363,0.3329,0.3370,0.2272,0.1703,0.3213,0.3151,0.3138,0.3269,3,3,0.3295,0.3198,0.3117,0.3288
2024-07-31,746678,0.3171,0.3110,0.2206,0.2579,0.2990,0.3074,0.3058,0.3289,3,3,0.3190,0.2743,0.3037,0.3142
2024-07-31,746764,0.3225,0.3020,0.1542,0.2039,0.2881,0.3171,0.3237,0.3160,2,3,0.3070,0.2796,0.3019,0.3186
2024-07-31,746925,0.3238,0.3365,0.2469,0.2437,0.3081,0.3538,0.3317,0.2924,3,3,0.3061,0.3396,0.3164,0.3535
2024-07-31,747003,0.3003,0.3329,0.2724,0.2658,0.3160,0.3553,0.3112,0.3302,2,3,,0.3469,0.3244,0.3501
2024-07-31,747170,0.3206,0.3377,0.2340,0.1914,0.3114,0.3476,0.3061,0.3172,3,3,0.3353,0.3790,0.3045,0.3196
2024-08-01,746196,0.3094,0.3186,0.2336,0.2102,0.3031,0.3110,0.3129,0.3237,3,3,0.3043,0.3241,0.3222,0.3302
2024-08-01,746442,0.3464,0.3141,0.1586,0.2074,0.3151,0.3143,0.3325,0.3140,3,3,0.3065,0.3130,0.3345,0.2956
2024-08-01,746607,0.3376,0.3240,0.2202,0.1978,0.3386,0.3161,0.3067,0.3273,3,3,0.3093,0.3333,0.3475,0.3386
2024-08-01,746849,0.3249,0.3177,0.2404,0.2503,0.3256,0.3135,0.3045,0.3016,3,3,0.2980,0.3385,0.3187,0.3045
2024-08-01,747092,0.3268,0.3522,0.2296,0.2646,0.3203,0.3366,0.3279,0.3183,3,3,0.3250,0.2998,0.3134,0.2955
2024-08-02,744825,0.3181,0.3275,0.1993,0.2261,0.3107,0.3043,0.3058,0.3344,3,3,0.3034,0.3347,0.3315,0.3050
2024-08-02,744986,0.3325,0.3411,0.2272,0.1776,0.3457,0.3474,0.3101,0.3190,3,3,0.3404,0.3150,0.3419,0.3195
2024-08-02,745224,0.3461,0.3277,0.2375,0.2484,0.3441,0.3103,0.2976,0.3078,3,3,0.3643,0.3175,0.3404,0.3189
2024-08-02,745387,0.3038,0.3368,0.2620,0.1429,0.3013,0.3359,0.3169,0.3348,3,3,0.2882,0.3623,0.3222,0.3304
2024-08-02,745471,0.3360,0.3410,0.1845,0.2595,0.3555,0.3207,0.3239,0.3065,3,3,0.3073,0.3276,0.3008,0.3052
2024-08-02,745631,0.3543,0.3187,0.2145,0.2017,0.3423,0.3115,0.3270,0.3103,3,3,0.4270,0.3367,0.3194,0.3523
2024-08-02,745719,0.3271,0.4026,0.2369,0.1916,0.3300,0.4076,0.3348,0.3267,3,3,0.2967,0.3172,0.3040,0.3417
2024-08-02,745875,0.2961,0.3298,0.2665,0.2343,0.3070,0.3224,0.2841,0.3190,3,3,0.2955,0.3216,0.3214,0.3311
2024-08-02,746193,0.3519,0.3188,0.2316,0.2128,0.3350,0.2980,0.3201,0.3280,3,3,0.3652,0.3243,0.3154,0.3257
2024-08-02,746354,0.3042,0.3367,0.2588,0.1690,0.3103,0.3181,0.3147,0.3193,2,3,,0.3182,0.3285,0.3281
2024-08-02,746443,0.3475,0.3100,0.1578,0.2205,0.3163,0.3108,0.2806,0.2980,3,3,0.3063,0.3121,0.3356,0.3005
2024-08-02,746605,0.3531,0.3348,0.2280,0.1582,0.3551,0.3198,0.3356,0.3372,3,3,0.3488,0.3343,0.3453,0.3394
2024-08-02,746679,0.3219,0.3355,0.2445,0.2351,0.3204,0.3120,0.3105,0.2985,3,3,0.3265,0.3500,0.3358,0.3207
2024-08-02,746845,0.3284,0.3323,0.1979,0.2717,0.3311,0.3103,0.3284,0.3122,3,3,0.2983,0.3368,0.3107,0.3043
2024-08-02,747089,0.3209,0.3522,0.2257,0.2647,0.3107,0.3381,0.2993,0.3057,3,3,0.3286,0.2998,0.3113,0.2964
2024-08-03,744823,0.3213,0.3317,0.2170,0.1891,0.3165,0.3195,0.3039,0.3212,3,3,0.3113,0.3350,0.3292,0.3125
2024-08-03,744987,0.3308,0.3417,0.2388,0.1790,0.3225,0.3467,0.3079,0.3154,3,3,0.3392,0.3124,0.3455,0.3162
2024-08-03,745225,0.3493,0.3359,0.2281,0.2406,0.3500,0.3299,0.3209,0.3001,3,3,0.3630,0.3409,0.3177,0.3279
2024-08-03,745388,0.3113,0.3420,0.2479,0.1434,0.2998,0.3285,0.3590,0.3195,3,3,0.2924,0.3309,0.3372,0.3226
2024-08-03,745474,0.3377,0.3253,0.1901,0.2205,0.3544,0.3186,0.3211,0.3197,3,3,0.3072,0.3062,0.3108,0.3242
2024-08-03,745636,0.3134,0.3187,0.2289,0.2041,0.3123,0.3114,0.3148,0.2873,3,3,0.3020,0.3348,0.3139,0.3554
2024-08-03,745714,0.3404,0.4023,0.2220,0.1935,0.3292,0.4111,0.3196,0.3374,3,3,0.3313,0.3145,0.3330,0.3224
2024-08-03,745876,0.2928,0.3322,0.2702,0.2247,0.3029,0.3286,0.3036,0.2774,3,3,0.2954,0.3109,0.3124,0.3305
2024-08-03,746194,0.3503,0.3295,0.2311,0.2152,0.3352,0.3159,0.3213,0.3388,3,3,0.3627,0.3250,0.3268,0.3228
2024-08-03,746358,0.3388,0.3372,0.2152,0.1684,0.3234,0.3191,0.3046,0.3199,3,3,0.3318,0.3179,0.3026,0.3294
2024-08-03,746440,0.3264,0.3138,0.1973,0.2054,0.3314,0.3151,0.3068,0.3215,3,3,0.3053,0.3050,0.3382,0.3049
2024-08-03,746608,0.3281,0.3239,0.2232,0.1532,0.3527,0.3047,0.3300,0.2908,3,3,0.2773,0.3334,0.3357,0.3386
2024-08-03,746681,0.3363,0.3199,0.2238,0.2856,0.3167,0.2949,0.2870,0.3268,3,3,0.3653,0.3479,0.3298,0.3201
2024-08-03,746846,0.3277,0.3295,0.1990,0.2667,0.3292,0.3088,0.3070,0.3274,3,3,0.2992,0.3370,0.3254,0.3036
2024-08-03,747087,0.3273,0.3633,0.2290,0.2447,0.3210,0.3395,0.3075,0.3007,3,3,0.3239,0.3343,0.3092,0.2988
2024-08-04,744826,0.3237,0.3312,0.2228,0.1875,0.3117,0.3202,0.3388,0.3193,3,3,0.3109,0.3335,0.3139,0.3122
2024-08-04,744979,0.3312,0.3409,0.2076,0.1792,0.3061,0.3449,0.3207,0.2946,3,3,0.3370,0.3124,0.3445,0.3164
2024-08-04,745222,0.3495,0.3104,0.2287,0.2489,0.3519,0.3107,0.2929,0.2776,3,3,0.3656,0.3177,0.3404,0.3063
2024-08-04,745384,0.3031,0.3411,0.2623,0.1442,0.2961,0.3265,0.3020,0.3284,3,3,0.2905,0.3307,0.3302,0.3230
2024-08-04,745468,0.3463,0.3315,0.2031,0.2259,0.3647,0.3195,0.2897,0.3210,3,3,0.3056,0.2951,0.3045,0.3163
2024-08-04,745627,0.3564,0.3181,0.2374,0.2040,0.3481,0.3138,0.3157,0.3140,3,3,0.4278,0.3328,0.2963,0.3535
2024-08-04,745718,0.3309,0.3990,0.1970,0.2115,0.3472,0.4037,0.3238,0.3180,3,3,0.3028,0.3042,0.2981,0.3418
2024-08-04,745879,0.2955,0.3217,0.2727,0.2033,0.2988,0.3114,0.3118,0.3312,3,3,0.2982,0.3218,0.3218,0.3335
2024-08-04,746191,0.3511,0.3300,0.2296,0.2148,0.3357,0.3160,0.3373,0.3369,3,3,0.3634,0.3245,0.3252,0.3230
2024-08-04,746356,0.3088,0.3374,0.2462,0.1679,0.3134,0.3204,0.3143,0.3157,3,3,0.2866,0.3190,0.3156,0.3278
2024-08-04,746439,0.3667,0.3127,0.1555,0.2052,0.3368,0.3134,0.3180,0.3157,2,3,,0.3032,0.3369,0.2948
2024-08-04,746606,0.3521,0.3333,0.2288,0.1589,0.3545,0.3179,0.3273,0.2872,3,3,0.3460,0.3337,0.3351,0.3387
2024-08-04,746680,0.3383,0.3339,0.2399,0.2363,0.3103,0.3112,0.3087,0.3155,3,3,0.3616,0.3498,0.3326,0.3090
2024-08-04,746844,0.3242,0.3251,0.2393,0.2284,0.3250,0.3134,0.2872,0.3190,3,3,0.2988,0.3127,0.3199,0.3029
2024-08-04,747088,0.3167,0.3523,0.2329,0.2642,0.3095,0.3388,0.3028,0.3114,3,3,0.3269,0.2998,0.3212,0.2976
2024-08-05,744821,0.3400,0.3320,0.2458,0.1861,0.3198,0.3245,0.3470,0.3226,3,3,0.3318,0.3327,0.3286,0.3109
2024-08-05,744982,0.3374,0.3414,0.1685,0.1797,0.3211,0.3441,0.3123,0.3005,3,3,0.3185,0.3121,0.3271,0.3178
2024-08-05,745628,0.3081,0.3361,0.2656,0.2382,0.2998,0.3335,0.3460,,3,3,0.2995,0.3300,0.3177,0.3186
2024-08-05,746038,0.3250,0.3206,0.2476,0.2332,0.3046,0.3050,0.3461,0.2963,3,3,0.3485,0.3214,0.3184,0.3084
2024-08-05,746116,0.3510,0.3767,0.2280,0.2193,0.3535,0.3599,0.2782,0.3059,3,3,0.3685,0.4250,0.3400,0.3175
2024-08-05,746276,0.3276,0.3465,0.2150,0.1576,0.3271,0.3142,0.3521,0.3291,3,3,0.3405,0.3069,0.3427,0.3359
2024-08-05,746600,0.3293,0.3323,0.2006,0.1595,0.3466,0.3180,0.3561,0.3131,3,3,0.3780,0.3347,0.3075,0.3387
2024-08-05,746847,0.3402,0.3226,0.2205,0.2396,0.3428,0.3057,0.3360,0.3274,3,3,0.3229,0.3358,0.3316,0.3088
2024-08-06,744817,0.3466,0.3312,0.2512,0.1876,0.3297,0.3233,0.3164,0.3075,3,3,0.3385,0.3312,0.3223,0.3113
2024-08-06,744901,0.3396,0.3395,0.2203,0.2247,0.3399,0.3312,0.3306,0.3217,3,3,0.3072,0.3297,0.3444,0.3331
2024-08-06,744983,0.3035,0.3416,0.1636,0.1807,0.3072,0.3423,,0.3112,3,3,0.3190,0.3126,0.3286,0.3195
2024-08-06,745141,0.3396,0.3285,0.2160,0.2191,0.3261,0.3263,0.3026,0.3206,3,3,0.3324,0.2980,0.3139,0.3091
2024-08-06,745221,0.3123,0.3340,0.2033,0.2402,0.3115,0.3305,0.3249,0.3305,3,3,0.3095,0.3355,0.3188,0.3181
2024-08-06,745467,0.3322,0.3266,0.1820,0.2229,0.3229,0.3092,0.3345,0.2887,3,3,0.3630,0.3281,0.3319,0.3120
2024-08-06,745629,0.2982,0.3177,0.2708,0.2058,0.2986,0.3132,0.3298,0.3239,3,3,0.3008,0.3325,0.3147,0.3547
2024-08-06,745713,0.3287,0.4010,0.2151,0.2108,0.3155,0.4040,0.3145,0.3141,3,3,0.3223,0.3055,0.3086,0.3255
2024-08-06,746033,0.3350,0.3160,0.2349,0.2319,0.3115,0.3084,0.3174,0.3014,3,3,0.3493,0.3207,0.3180,0.3219
2024-08-06,746120,0.3500,0.3780,0.2301,0.2190,0.3511,0.3585,0.3185,0.3015,3,3,0.3681,0.4271,0.3353,0.3176
2024-08-06,746273,0.3318,0.3465,0.2063,0.1597,0.3049,0.3278,0.3127,0.3317,3,3,0.3402,0.3083,0.3414,0.3215
2024-08-06,746519,0.3499,0.3067,0.2326,0.2352,0.3340,0.2978,0.3309,0.3092,3,3,0.3624,0.3032,0.3388,0.3221
2024-08-06,746602,0.3479,0.3239,0.2028,0.2079,0.3641,0.3277,0.3333,,3,3,0.3044,0.3080,0.3040,0.3187
2024-08-06,746840,0.3337,0.3322,0.1909,0.2727,0.3277,0.3125,0.3053,0.3013,3,3,0.3223,0.3353,0.3295,0.3014
2024-08-06,747086,0.3119,0.3518,0.2115,0.2639,0.3168,0.3380,0.3288,0.3175,3,3,0.3031,0.2985,0.3236,0.2982
2024-08-07,744822,0.3443,0.3291,0.2378,0.1911,0.3393,0.3143,0.3181,0.2943,3,3,0.3610,0.3312,0.3324,0.2877
2024-08-07,744903,0.3513,0.3433,0.2300,0.1573,0.3511,0.3386,0.3299,0.3426,3,3,0.3450,0.3281,0.3227,0.3365
2024-08-07,744981,0.3057,0.3419,0.1997,0.1800,0.3097,0.3403,0.3258,0.3142,3,3,0.3185,0.3121,0.3284,0.3163
2024-08-07,745142,0.3405,0.3269,0.2163,0.1971,0.3297,0.3295,0.3051,0.3010,3,3,0.3329,0.2997,0.2801,0.3138
2024-08-07,745223,0.3116,0.3345,0.2042,0.2397,0.3109,0.3305,0.2948,0.2833,3,3,0.3044,0.3379,0.3203,0.3219
2024-08-07,745469,0.3206,0.3275,0.1491,0.2098,0.3310,0.3187,0.3324,0.2969,3,3,0.3305,0.3276,0.3266,0.2950
2024-08-07,745630,0.3012,0.3289,0.2680,0.2273,0.3021,0.3177,0.3135,0.3223,3,3,0.3087,0.3302,0.3160,0.3557
2024-08-07,745709,0.3287,0.4034,0.2151,0.1936,0.3154,0.4117,0.2940,0.3165,3,3,0.3223,0.3126,0.3111,0.3303
2024-08-07,746031,0.3298,0.3170,0.2433,0.2310,0.3044,0.3067,0.3109,0.3113,3,3,0.3476,0.3198,0.3103,0.3212
2024-08-07,746115,0.3504,0.3782,0.2288,0.2181,0.3495,0.3580,0.3118,0.3195,3,3,0.3691,0.4261,0.3386,0.3002
2024-08-07,746272,0.3229,0.3475,0.2443,0.1602,0.3336,0.3274,0.3091,0.3185,3,3,0.3390,0.3111,0.3415,0.3343
2024-08-07,746521,0.3442,0.3063,0.2161,0.2352,0.3209,0.2958,0.3308,0.3278,3,3,0.3612,0.3029,0.3174,0.3220
2024-08-07,746604,0.3479,0.3243,0.2028,0.1527,0.3641,0.3021,0.3079,0.3265,3,3,0.3044,0.3361,0.2998,0.3349
2024-08-07,746842,0.3315,0.3322,0.2013,0.2712,0.3235,0.3127,0.3178,0.2857,3,3,0.3219,0.3343,0.3357,0.3135
2024-08-07,747085,0.3161,0.3628,0.2410,0.2444,0.3244,0.3375,0.2752,0.3079,3,3,0.3144,0.3327,0.3395,0.2982
2024-08-08,744819,0.3375,0.3280,0.2537,0.1952,0.3352,0.3123,0.3009,0.3299,3,3,0.3393,0.3310,0.3217,0.3166
2024-08-08,744899,0.3506,0.3302,0.2300,0.2077,0.3532,0.3132,0.3253,0.3271,3,3,0.3441,0.3272,0.3444,0.3373
2024-08-08,745143,0.3400,0.3279,0.2170,0.1953,0.3317,0.3336,0.3233,0.3262,3,3,0.3338,0.2998,0.2956,0.3131
2024-08-08,745226,0.3121,0.3198,0.1875,0.2421,0.3033,0.3238,0.2920,0.3162,3,3,0.3039,0.3355,0.3103,0.3366
2024-08-08,745466,0.3375,0.3304,0.1464,0.2297,0.3257,0.3201,0.3235,0.3538,3,3,0.3301,0.2965,0.3262,0.3100
2024-08-08,745710,0.3312,0.4010,0.2163,0.2085,0.3161,0.4034,0.3052,0.3200,3,3,0.3238,0.3063,0.3040,0.3425
2024-08-08,746030,0.3371,0.3204,0.2297,0.2199,0.3003,0.3266,0.3294,0.2841,3,3,0.3454,0.3159,0.3183,0.3078
2024-08-08,746522,0.3434,0.3087,0.2074,0.2485,0.3273,0.2964,0.3373,0.3420,3,3,0.3603,0.2900,0.3372,0.3170
2024-08-08,747081,0.3103,0.3543,0.2145,0.2389,0.3138,0.3418,0.3281,0.2966,3,3,0.3037,0.3037,0.3219,0.2980
2024-08-08,747169,0.3522,0.3369,0.2272,0.1896,0.3508,0.3530,0.3213,0.3167,3,3,0.3756,0.3790,0.3355,0.3094
2024-08-09,744818,0.3317,0.3286,0.2154,0.1894,0.3187,0.3215,0.3249,0.3240,3,3,0.3247,0.3294,0.3206,0.3177
2024-08-09,744900,0.3171,0.3318,0.2032,0.2066,0.3116,0.3173,0.3376,0.3111,3,3,0.3322,0.3256,0.3549,0.3362
2024-08-09,745062,0.3443,0.3219,0.2499,0.2196,0.3555,0.3285,0.3247,0.2967,3,3,0.3459,0.3325,0.3355,0.3155
2024-08-09,745220,0.3436,0.3326,0.2163,0.2393,0.3210,0.3267,0.3382,0.3457,3,3,0.3606,0.3313,0.3435,0.3080
2024-08-09,745308,0.3008,0.3469,0.2437,0.2471,0.2986,0.3385,0.3117,0.3104,3,3,0.2885,0.3609,0.3092,0.3389
2024-08-09,745708,0.3415,0.4044,0.1807,0.1915,0.3396,0.4112,0.3248,0.3099,3,3,0.3099,0.3158,0.2917,0.3264
2024-08-09,745871,0.3324,0.3337,0.1601,0.2165,0.3164,0.3136,0.3378,,3,3,0.3339,0.3217,0.3383,0.3340
2024-08-09,745957,0.3096,0.3153,0.2753,0.2128,0.2940,0.3146,0.3223,0.3094,3,3,0.2843,0.3036,0.3075,0.3405
2024-08-09,746032,0.3417,0.3156,0.1420,0.2308,0.3258,0.3094,0.3374,0.3537,3,3,0.3305,0.3171,0.3255,0.3220
2024-08-09,746113,0.3311,0.3783,0.2285,0.2169,0.3233,0.3603,0.2869,0.3112,3,3,0.2961,0.4238,0.3219,0.3165
2024-08-09,746275,0.3283,0.3487,0.1941,0.1606,0.3350,0.3256,0.3326,0.3266,3,3,0.3025,0.3117,0.3136,0.3331
2024-08-09,746523,0.3650,0.3062,0.2446,0.2361,0.3369,0.2959,0.3391,0.3007,3,3,0.3314,0.3005,0.2974,0.3224
2024-08-09,746760,0.3330,0.2955,0.2708,0.2248,0.3159,0.3028,0.2794,0.3147,3,3,0.3344,0.2788,0.3013,0.3210
2024-08-09,746927,0.3058,0.3314,0.1992,0.2299,0.3109,0.3100,0.3126,0.3202,3,3,0.3182,0.3382,0.3220,0.3407
2024-08-09,747168,0.3523,0.3351,0.2262,0.1855,0.3492,0.3574,0.3190,0.3176,3,3,0.3755,0.3069,0.3367,0.3161
2024-08-10,744820,0.3253,0.3284,0.2213,0.1873,0.3103,0.3239,0.3503,0.3250,3,3,0.3098,0.3295,0.3209,0.3291
2024-08-10,744897,0.3170,0.3322,0.2030,0.2064,0.3099,0.3232,0.3089,0.3011,3,3,0.3307,0.3267,0.3544,0.3223
2024-08-10,745056,0.3499,0.3271,0.2312,0.2163,0.3564,0.3274,0.3109,0.2879,3,3,0.3438,0.2994,0.3332,0.3081
2024-08-10,745219,0.3474,0.3319,0.2350,0.2396,0.3324,0.3256,0.2944,0.3147,3,3,0.3595,0.3287,0.3180,0.3198
2024-08-10,745304,0.3083,0.3374,0.2534,0.2494,0.3193,0.3368,0.3238,0.3209,3,3,0.3111,0.3365,0.3127,0.3318
2024-08-10,745712,0.3260,0.4043,0.2039,0.1915,0.3372,0.4113,0.3125,0.3251,3,3,0.3099,0.3158,0.3105,0.3261
2024-08-10,745873,0.3309,0.3432,0.1600,0.2508,0.3167,0.3231,0.3142,0.3224,3,3,0.3329,0.3218,0.3373,0.3279
2024-08-10,745955,0.3368,0.3042,0.2310,0.2143,0.2990,0.3134,0.3138,0.2954,3,3,0.3471,0.3047,0.3146,0.3411
2024-08-10,746026,0.3426,0.3265,0.1419,0.2339,0.3270,0.3167,0.3522,0.3031,3,3,0.3303,0.3161,0.3261,0.3071
2024-08-10,746112,0.3319,0.3800,0.2295,0.2165,0.3245,0.3617,0.3164,0.2835,3,3,0.2976,0.4250,0.3223,0.3037
2024-08-10,746269,0.3391,0.3467,0.1814,0.1592,0.3334,0.3140,0.3163,0.3051,3,3,0.3267,0.3080,0.3175,0.3302
2024-08-10,746520,0.3553,0.3105,0.2384,0.2507,0.3436,0.2960,0.3357,0.3060,3,3,0.3034,0.2905,0.2966,0.3201
2024-08-10,746761,0.3325,0.3070,0.2719,0.2451,0.3190,0.3017,0.3335,0.2914,3,3,0.3345,0.3152,0.3040,0.3213
2024-08-10,746922,0.3048,0.3291,0.1618,0.2139,0.3093,0.3267,0.3138,0.3216,3,3,0.3192,0.3400,0.3304,0.3421
2024-08-10,747164,0.3510,0.3169,0.2276,0.1983,0.3476,0.3352,0.3135,0.3102,3,3,0.3743,0.3055,0.3356,0.3109
2024-08-11,744816,0.3192,0.3264,0.1979,0.1862,0.3129,0.3227,0.3220,0.3294,3,3,0.3234,0.3271,0.3098,0.3107
2024-08-11,744895,0.3476,0.3312,0.2437,0.2061,0.3291,0.3226,0.3295,0.3215,3,3,0.3281,0.3253,0.2998,0.3195
2024-08-11,745057,0.3504,0.3222,0.2300,0.2170,0.3573,0.3241,0.3226,0.3200,3,3,0.3455,0.2851,0.3232,0.3254
2024-08-11,745216,0.3317,0.3303,0.2462,0.2417,0.3260,0.3243,0.3016,0.3088,3,3,0.3122,0.3239,0.3351,0.3241
2024-08-11,745303,0.3057,0.3314,0.2171,0.2561,0.3046,0.3334,0.3222,0.3347,3,3,0.3064,0.3375,0.2950,0.3375
2024-08-11,745711,0.3402,0.4026,0.1827,0.1914,0.3360,0.4072,0.3369,0.3164,3,3,0.3087,0.3152,0.3139,0.3437
2024-08-11,745872,0.3289,0.3386,0.1354,0.2191,0.3036,0.3394,0.3226,0.3063,3,3,0.3328,0.3220,0.3263,0.3520
2024-08-11,745956,0.3351,0.3123,0.2350,0.2450,0.2961,0.3298,0.3446,0.3018,3,3,0.3449,0.3188,0.3153,0.3398
2024-08-11,746025,0.3371,0.3281,0.1469,0.2332,0.3268,0.3198,0.3267,0.2920,3,3,0.3281,0.3157,0.3259,0.3047
2024-08-11,746114,0.3422,0.3794,0.2621,0.2173,0.3127,0.3600,0.2756,0.3279,3,3,0.3294,0.4236,0.3118,0.3174
2024-08-11,746517,0.3240,0.3164,0.2612,0.2684,0.3182,0.3061,0.3313,0.2974,3,3,0.3006,0.3273,0.3302,0.3258
2024-08-11,746923,0.3033,0.3285,0.2242,0.2395,0.3179,0.3322,0.3280,0.2960,3,3,0.3062,0.3388,0.3294,0.3195
2024-08-11,747166,0.3507,0.3081,0.2270,0.1812,0.3473,0.3266,0.3076,0.3011,3,3,0.3747,0.2952,0.3345,0.3185
2024-08-12,745058,0.3465,0.2891,0.1619,0.2546,0.3257,0.3157,0.3053,0.3108,3,3,0.3201,0.2883,0.3288,0.3104
2024-08-12,745300,0.3386,0.3237,0.2395,0.2434,0.3219,0.3309,0.2842,0.2749,3,3,0.3414,0.3377,0.2991,0.3398
2024-08-12,745383,0.3369,0.3426,0.2581,0.1413,0.3136,0.3255,0.3352,0.3401,3,3,0.3142,0.3308,0.3119,0.3190
2024-08-12,745874,0.3493,0.3243,0.1607,0.2213,0.3255,0.3319,0.3025,0.3119,3,3,0.3144,0.3209,0.3092,0.3383
2024-08-12,745953,0.3856,0.3150,0.1716,0.2328,0.3691,0.3078,0.3085,0.3152,3,3,0.4219,0.3037,0.3259,0.3401
2024-08-12,746192,0.3237,0.3226,0.1746,0.2166,0.3365,0.3177,0.3167,0.3287,3,3,0.3029,0.3244,0.3348,0.3274
2024-08-12,746603,0.3254,0.3294,0.2702,0.1618,0.3131,0.3167,0.3082,0.2963,3,3,0.3341,0.3323,0.3044,0.3290
2024-08-12,746682,0.3307,0.3280,0.2147,0.2332,0.3366,0.3056,0.3137,0.3015,3,3,0.3028,0.3220,0.3111,0.2995
2024-08-12,746762,0.4051,0.2994,0.1899,0.1931,0.4089,0.3096,0.3177,0.3085,3,3,0.3141,0.2788,0.3449,0.3205
2024-08-12,746921,0.3405,0.3277,0.1827,0.2003,0.3374,0.2932,0.3334,0.3149,3,2,0.3260,,0.3175,0.3383
2024-08-12,747165,0.3062,0.3183,0.2390,0.1974,0.2923,0.3352,0.2862,0.3196,3,3,0.3018,0.3072,0.3206,0.3165
2024-08-13,745055,0.3451,0.3025,0.1639,0.2470,0.3246,0.3239,0.3251,0.3124,3,3,0.3192,0.2724,0.3292,0.3330
2024-08-13,745302,0.3279,0.3426,0.2528,0.2481,0.3278,0.3381,0.3265,0.3270,3,3,0.3110,0.3333,0.3311,0.3383
2024-08-13,745382,0.3432,0.3423,0.2600,0.1412,0.3122,0.3259,0.3030,0.3391,3,3,0.3327,0.3305,0.3215,0.3252
2024-08-13,745548,0.3289,0.3507,0.2345,0.2258,0.3203,0.3471,0.3468,0.3101,3,3,0.3163,0.3751,0.3008,0.3340
2024-08-13,745788,0.3479,0.3421,0.2424,0.2170,0.3320,0.3186,0.3165,0.3429,3,3,0.3311,0.3596,0.3080,0.3374
2024-08-13,745867,0.3043,0.3366,0.2317,0.2491,0.2972,0.3329,,0.3101,2,3,0.3104,0.2947,0.2993,0.3253
2024-08-13,745954,0.3861,0.3098,0.1712,0.2113,0.3677,0.3194,0.3359,0.3170,3,3,0.4234,0.3023,0.3245,0.3032
2024-08-13,746187,0.3193,0.3292,0.2284,0.2167,0.3248,0.3129,0.3251,0.3330,3,3,0.2871,0.3237,0.3171,0.3263
2024-08-13,746435,0.3219,0.3096,0.2156,0.2603,0.3342,0.3123,0.2803,0.2922,3,3,0.3216,0.2886,0.3065,0.3148
2024-08-13,746601,0.3278,0.3287,0.2286,0.1356,0.3182,0.3014,,0.3135,3,3,0.3383,0.3344,0.3135,0.3238
2024-08-13,746673,0.3299,0.3349,0.1938,0.2372,0.3387,0.2953,0.2910,0.3055,3,3,0.3023,0.3428,0.3131,0.3122
2024-08-13,746757,0.4053,0.3047,0.1890,0.2476,0.4106,0.2978,0.3223,0.3069,3,3,0.3143,0.3130,0.3425,0.3216
2024-08-13,746924,0.3420,0.3296,0.1811,0.2100,0.3399,0.3001,0.3201,0.3246,3,3,0.3263,0.3369,0.3159,0.3367
2024-08-13,747004,0.3229,0.3496,0.1945,0.2307,0.3088,0.3566,0.3393,0.3310,3,3,0.3243,0.3432,0.3180,0.3232
2024-08-13,747160,0.3053,0.3096,0.2396,0.1845,0.2907,0.3216,0.3225,0.3363,3,3,0.3013,0.2918,0.3216,0.3190
2024-08-14,745053,0.3447,0.3229,0.1649,0.2492,0.3245,0.3243,0.3212,0.3061,3,3,0.3181,0.2849,0.3306,0.3123
2024-08-14,745301,0.3565,0.3402,0.2575,0.2372,0.3454,0.3282,0.3105,0.3042,3,3,0.3110,0.3346,0.2977,0.3183
2024-08-14,745381,0.3134,0.3200,0.1948,0.1569,0.3135,0.3198,0.3551,0.3239,3,3,0.2958,0.3317,0.3119,0.3238
2024-08-14,745544,0.3303,0.3522,0.2337,0.2316,0.3217,0.3494,0.3242,0.3307,3,3,0.3170,0.3728,0.3070,0.3344
2024-08-14,745790,0.3126,0.3475,0.2056,0.2344,0.3160,0.3285,0.3384,0.3275,3,3,0.3328,0.3604,0.3203,0.3248
2024-08-14,745869,0.3462,0.3286,0.1582,0.1897,0.3116,0.3219,0.3292,0.2927,3,3,0.3079,0.3139,0.3315,0.3244
2024-08-14,745951,0.3856,0.3054,0.1720,0.2155,0.3658,0.3128,0.3325,0.3254,3,3,0.4233,0.3018,0.3181,0.3419
2024-08-14,746188,0.3315,0.3094,0.2041,0.1885,0.3225,0.3034,0.3197,0.3350,3,3,0.3237,0.3224,0.3339,0.3255
2024-08-14,746436,0.3206,0.3277,0.2462,0.2127,0.3212,0.3257,0.3063,0.2858,3,3,0.3172,0.3054,0.3302,0.3152
2024-08-14,746598,0.3266,0.3279,0.2524,0.1360,0.3197,0.3018,0.3280,0.3191,3,3,0.3376,0.3337,0.3059,0.3300
2024-08-14,746677,0.3281,0.3345,0.1957,0.2361,0.3363,0.2968,0.3137,0.3235,3,3,0.3011,0.3420,0.3134,0.3132
2024-08-14,746759,0.4076,0.2939,0.1880,0.2277,0.4097,0.3000,0.3199,0.3185,3,3,0.3142,0.2801,0.3238,0.3211
2024-08-14,746919,0.3418,0.3210,0.1804,0.2409,0.3387,0.3288,0.3156,0.3392,3,3,0.3260,0.3377,0.3161,0.3418
2024-08-14,747000,0.3279,0.3273,0.2200,0.2043,0.3048,0.3342,0.3349,0.3096,3,3,0.3285,0.2756,0.3295,0.3339
2024-08-14,747163,0.3084,0.3314,0.2523,0.2028,0.2928,0.3401,0.3551,0.3046,3,3,0.2882,0.3063,0.3320,0.3110
2024-08-15,744980,0.3290,0.3198,0.1882,0.1915,0.3185,0.3134,0.2984,0.2988,3,3,0.3146,0.3252,0.3247,0.3138
2024-08-15,745298,0.3584,0.3211,0.2365,0.2446,0.3403,0.3299,0.3240,0.3019,3,3,0.3170,0.3312,0.3318,0.3351
2024-08-15,745545,0.3263,0.3340,0.2208,0.2560,0.3042,0.3383,0.2943,0.3081,3,3,0.3276,0.3726,0.3361,0.3361
2024-08-15,745783,0.3174,0.3483,0.2003,0.2324,0.3110,0.3255,0.3243,0.3107,3,3,0.3302,0.3602,0.3189,0.3268
2024-08-15,745950,0.3780,0.3118,0.2176,0.2243,0.3593,0.3194,0.3151,0.2880,3,3,0.4224,0.3035,0.3209,0.3402
2024-08-15,746437,0.3181,0.3294,0.2487,0.1978,0.3205,0.3175,0.3223,0.3201,3,3,0.3119,0.3105,0.3242,0.3265
2024-08-15,747002,0.3297,0.3496,0.2293,0.2310,0.3088,0.3596,0.3019,0.2872,3,3,0.3364,0.3419,0.3377,0.3338
2024-08-16,744974,0.3161,0.3407,0.1886,0.1819,0.3040,0.3300,0.3145,0.3106,3,3,0.3146,0.3242,0.3402,0.3173
2024-08-16,745054,0.3213,0.3377,0.1845,0.2157,0.3303,0.3287,0.3139,0.3159,3,3,0.3067,0.3295,0.2995,0.2937
2024-08-16,745144,0.3845,0.3284,0.1740,0.2158,0.3662,0.3339,0.3280,0.3117,3,3,0.4202,0.3020,0.3258,0.3098
2024-08-16,745462,0.3266,0.3178,0.2471,0.2415,0.3172,0.3026,0.2815,0.2944,3,3,0.3099,0.3089,0.3258,0.3023
2024-08-16,745542,0.3277,0.3487,0.2303,0.2254,0.3021,0.3466,0.3136,0.3470,3,3,0.3196,0.3716,0.3156,0.3396
2024-08-16,745784,0.3243,0.3451,0.2232,0.2255,0.3179,0.3190,0.3167,0.3496,3,3,0.3175,0.3593,0.3228,0.3451
2024-08-16,745949,0.3275,0.3070,0.1358,0.2164,0.2995,0.3235,0.3188,0.3180,3,3,0.3340,0.3051,0.3366,0.3403
2024-08-16,746189,0.3299,0.3289,0.2301,0.2138,0.3230,0.3181,0.3197,0.2931,3,3,0.3159,0.3373,0.3226,0.3346
2024-08-16,746357,0.2929,0.3519,0.2262,0.1707,0.3001,0.3356,0.3156,0.2849,3,3,0.2792,0.3179,0.3215,0.3315
2024-08-16,746438,0.4052,0.3197,0.2058,0.2453,0.4029,0.3357,0.3044,0.3197,3,3,0.3040,0.3002,0.3284,0.3066
2024-08-16,746518,0.3430,0.3054,0.1410,0.2386,0.3307,0.2889,0.3320,0.3009,3,3,0.3329,0.3004,0.3220,0.3192
2024-08-16,746674,0.3484,0.3345,0.1603,0.2363,0.3239,0.2955,0.2912,0.3346,3,3,0.3146,0.3447,0.3410,0.3152
2024-08-16,746843,0.3324,0.3321,0.2035,0.2717,0.3215,0.3155,0.3253,0.3057,3,3,0.3254,0.3361,0.3319,0.3056
2024-08-16,747001,0.3254,0.3508,0.2512,0.2299,0.3429,0.3576,0.2841,0.3185,3,3,0.3345,0.3431,0.3359,0.3485
2024-08-17,744977,0.3361,0.3437,0.2198,0.1842,0.3353,0.3152,0.3241,0.3183,3,3,0.3201,0.3236,0.3272,0.3159
2024-08-17,745049,0.3386,0.3368,0.1884,0.2174,0.3532,0.3263,0.3202,0.3188,3,3,0.3786,0.3280,0.3084,0.3178
2024-08-17,745140,0.3602,0.3281,0.1872,0.1953,0.3411,0.3357,0.3005,0.3314,3,3,0.4186,0.3040,0.3202,0.3130
2024-08-17,745463,0.3219,0.3223,0.2403,0.2386,0.3213,0.3293,0.3378,0.2999,3,3,0.3080,0.2955,0.3230,0.3112
2024-08-17,745537,0.3156,0.3489,0.1972,0.2243,0.3066,0.3474,0.3098,0.3298,3,3,0.3120,0.3710,0.3313,0.3394
2024-08-17,745626,0.3410,0.3493,0.2484,0.2409,0.3383,0.3321,0.2975,0.3184,3,3,0.3325,0.3324,0.3387,0.3128
2024-08-17,745785,0.3315,0.3461,0.2313,0.2261,0.3217,0.3177,0.3143,0.3232,3,3,0.3189,0.3603,0.3120,0.3447
2024-08-17,745952,0.3285,0.3201,0.1351,0.2143,0.2985,0.3183,0.3090,0.3000,3,3,0.3331,0.3041,0.3296,0.3417
2024-08-17,746190,0.3296,0.3285,0.2314,0.2153,0.3210,0.3168,0.3251,0.2758,3,3,0.3173,0.3379,0.3243,0.3195
2024-08-17,746355,0.2939,0.3149,0.2250,0.2082,0.2996,0.3226,0.2971,0.3355,3,3,0.2778,0.3182,0.3208,0.3139
2024-08-17,746434,0.4050,0.2984,0.2050,0.2451,0.4042,0.3146,0.3355,0.3154,3,3,0.3037,0.3075,0.3443,0.3295
2024-08-17,746515,0.3319,0.3069,0.1813,0.2380,0.3222,0.2896,0.3367,0.2885,3,3,0.3618,0.3060,0.3323,0.3210
2024-08-17,746675,0.3148,0.3175,0.1698,0.2148,0.2993,0.2971,0.3032,0.3225,3,3,0.3074,0.2943,0.3086,0.2954
2024-08-17,746841,0.3316,0.3319,0.2035,0.2717,0.3209,0.3144,0.2891,0.3301,3,3,0.3267,0.3387,0.2978,0.3060
2024-08-17,746997,0.3359,0.3490,0.2547,0.2309,0.3371,0.3563,0.3220,0.3414,3,3,0.3367,0.3406,0.3405,0.3505
2024-08-18,744975,0.3111,0.3402,0.2018,0.1788,0.3088,0.3382,0.3106,0.2997,3,3,0.3204,0.3244,0.3362,0.3169
2024-08-18,745051,0.3062,0.3214,0.1862,0.2514,0.3280,0.3212,0.3112,0.3048,3,3,0.2967,0.3277,0.3021,0.3158
2024-08-18,745139,0.3630,0.3300,0.1954,0.1937,0.3506,0.3364,0.3081,0.3162,3,3,0.4197,0.3063,0.3191,0.3099
2024-08-18,745464,0.3292,0.3259,0.2522,0.2484,0.3136,0.3116,0.3213,0.3003,3,3,0.3103,0.2852,0.3006,0.3215
2024-08-18,745539,0.3244,0.3462,0.2278,0.2032,0.3004,0.3524,0.3470,0.3102,3,3,0.3252,0.3696,0.3172,0.3208
2024-08-18,745621,0.3395,0.3383,0.2491,0.2165,0.3366,0.3255,0.3184,0.2874,3,3,0.3306,0.3005,0.3336,0.3126
2024-08-18,745786,0.3226,0.3321,0.2196,0.2236,0.3163,0.3133,0.3292,0.3066,3,3,0.3178,0.3627,0.3204,0.3259
2024-08-18,745948,0.3268,0.3244,0.1355,0.2011,0.2964,0.3224,0.3494,0.3135,3,3,0.3317,0.3044,0.3293,0.3271
2024-08-18,746186,0.3443,0.3294,0.2304,0.2157,0.3336,0.3163,0.3263,0.3309,3,3,0.3183,0.3380,0.3201,0.2935
2024-08-18,746359,0.2930,0.3239,0.2270,0.1781,0.2991,0.3192,0.3090,0.3197,3,3,0.2760,0.3180,0.3022,0.3264
2024-08-18,746431,0.4042,0.3166,0.2052,0.2465,0.4031,0.3221,0.2795,0.3384,3,3,0.3039,0.2980,0.3096,0.3348
2024-08-18,746516,0.3433,0.3145,0.1399,0.2202,0.3327,0.3090,0.3198,0.3395,3,3,0.3345,0.3057,0.3233,0.3379
2024-08-18,746676,0.3483,0.3330,0.1583,0.2402,0.3131,0.3073,0.3135,0.3121,3,3,0.3079,0.3481,0.3300,0.2965
2024-08-18,746838,0.3417,0.3271,0.1560,0.2538,0.3415,0.3237,0.3007,0.3167,3,3,0.3284,0.3405,0.3157,0.3079
2024-08-18,746999,0.3256,0.3407,0.2413,0.2525,0.3190,0.3577,0.3157,0.3177,3,3,0.3358,0.3404,0.3580,0.3216
2024-08-19,744898,0.3349,0.3314,0.2356,0.2043,0.2959,0.3208,0.3286,,3,3,0.3464,0.3279,0.3117,0.3323
2024-08-19,744976,0.3301,0.3397,0.2297,0.1790,0.3234,0.3391,0.3394,0.3305,3,3,0.2984,0.3248,0.3220,0.3195
2024-08-19,745294,0.2982,0.3390,0.2398,0.2496,0.2976,0.3349,0.3294,0.3217,3,3,0.2743,0.3287,0.2904,0.3383
2024-08-19,745380,0.3286,0.3430,0.2080,0.1394,0.3252,0.3331,0.2919,0.3330,3,3,0.3205,0.3324,0.3247,0.3228
2024-08-19,745620,0.3246,0.3477,0.2239,0.2425,0.3194,0.3317,0.3141,0.3106,3,3,0.3290,0.3294,0.3181,0.3115
2024-08-19,745780,0.3276,0.3505,0.2038,0.2336,0.3337,0.3307,0.3275,0.3410,3,3,0.2784,0.3642,0.3330,0.3414
2024-08-19,746027,0.3338,0.3236,0.1998,0.2187,0.3387,0.3170,,0.2879,3,3,0.3096,0.3206,0.3212,0.3185
2024-08-19,746109,0.3265,0.3843,0.2471,0.1760,0.3213,0.3630,0.3164,0.2820,3,3,0.3145,0.4200,0.3248,0.3244
2024-08-19,746270,0.3282,0.3476,0.2177,0.1581,0.3136,0.3120,0.3106,0.3188,3,3,0.3367,0.3065,0.3016,0.3396
2024-08-19,746351,0.3340,0.3515,0.2550,0.1714,0.3342,0.3323,0.3109,0.3160,3,3,0.3340,0.3183,0.3521,0.3111
2024-08-20,744814,0.3074,0.3226,0.2383,0.2009,0.2893,0.3085,0.3032,0.3363,3,3,0.3051,0.3174,0.3200,0.3168
2024-08-20,744896,0.3267,0.3081,0.2177,0.2426,0.3045,0.3055,0.3308,0.3060,3,3,0.3473,0.3277,0.3023,0.3332
2024-08-20,744978,0.3271,0.3410,0.2112,0.1789,0.3297,0.3428,0.3065,0.3191,3,3,0.2961,0.3249,0.3088,0.3180
2024-08-20,745136,0.3149,0.3300,0.2220,0.2145,0.3232,0.3342,0.3142,0.2954,3,3,0.3065,0.3045,0.3417,0.3141
2024-08-20,745295,0.3053,0.3382,0.2466,0.2477,0.2968,0.3340,0.3168,0.3182,3,3,0.3126,0.3290,0.3208,0.3204
2024-08-20,745374,0.3393,0.3432,0.2023,0.1385,0.3401,0.3345,0.3431,0.2935,3,3,0.3393,0.3330,0.3128,0.3220
2024-08-20,745624,0.3390,0.3481,0.2188,0.2426,0.3276,0.3351,0.3164,0.3288,3,3,0.3297,0.3312,0.2987,0.3109
2024-08-20,745707,0.3245,0.4033,0.1365,0.2065,0.2968,0.4006,0.3095,0.3099,3,3,0.3309,0.3038,0.3308,0.3114
2024-08-20,745782,0.3281,0.3464,0.2199,0.2296,0.3506,0.3225,0.3258,0.3337,3,3,0.2779,0.3647,0.3193,0.3460
2024-08-20,746029,0.3136,0.3219,0.1812,0.2200,0.3195,0.3160,0.3351,0.3326,3,3,0.3111,0.3200,0.3214,0.2961
2024-08-20,746107,0.3305,0.3840,0.2695,0.1761,0.3065,0.3613,0.3288,0.3142,3,3,0.3151,0.4193,0.3232,0.3253
2024-08-20,746266,0.3273,0.3521,0.2179,0.1591,0.3116,0.3256,0.2979,0.3279,3,3,0.3345,0.3207,0.3185,0.3291
2024-08-20,746349,0.3247,0.3527,0.2431,0.1722,0.3193,0.3330,0.3184,0.3017,3,3,0.3346,0.3177,0.3550,0.3116
2024-08-20,746839,0.3160,0.3319,0.2454,0.2735,0.3193,0.3164,0.3215,0.3153,3,3,0.2998,0.3395,0.3057,0.3049
2024-08-20,747083,0.3491,0.3468,0.2239,0.2514,0.3499,0.3256,0.3268,0.2719,3,3,0.3694,0.3185,0.3399,0.3244
2024-08-21,744812,0.3070,0.3289,0.2373,0.2271,0.2904,0.2967,0.3264,0.3173,3,3,0.3036,0.3210,0.3199,0.3174
2024-08-21,744893,0.3357,0.3332,0.2353,0.2024,0.2998,0.3270,0.3166,0.2926,3,3,0.3500,0.3291,0.3137,0.3145
2024-08-21,744973,0.3161,0.3296,0.2147,0.1882,0.3260,0.3296,0.3155,0.3162,3,3,0.2964,0.3229,0.3091,0.3165
2024-08-21,745138,0.3138,0.3290,0.2216,0.1943,0.3197,0.3349,0.3348,0.3114,3,3,0.3075,0.3043,0.3432,0.2934
2024-08-21,745297,0.2910,0.3187,0.2306,0.2459,0.2970,0.3240,0.3194,0.2787,3,3,0.2746,0.3256,0.3069,0.3195
2024-08-21,745375,0.3331,0.3286,0.1994,0.1550,0.3399,0.3210,0.3055,0.3133,3,3,0.3127,0.3329,0.3254,0.2985
2024-08-21,745622,0.3377,0.3461,0.2199,0.2418,0.3269,0.3323,0.3140,0.3099,3,3,0.3299,0.3286,0.2928,0.2958
2024-08-21,745704,0.3078,0.3537,0.1946,0.2042,0.3210,0.3505,0.3049,0.3348,3,3,0.3108,0.3036,0.3333,0.3443
2024-08-21,745781,0.3271,0.3504,0.2029,0.2365,0.3334,0.3294,0.3201,0.3667,3,3,0.2787,0.3664,0.3320,0.3402
2024-08-21,746028,0.3361,0.3305,0.1976,0.2309,0.3378,0.3149,0.3531,0.3376,3,3,0.3133,0.3208,0.2811,0.2970
2024-08-21,746110,0.3276,0.3838,0.2719,0.1764,0.3014,0.3595,0.2897,0.2938,3,3,0.3078,0.4209,0.3196,0.3253
2024-08-21,746267,0.3288,0.3426,0.2180,0.1818,0.3106,0.3280,0.3339,,3,3,0.3361,0.2904,0.3216,0.3386
2024-08-21,746350,0.3267,0.3542,0.2521,0.1575,0.3429,0.3270,0.3121,0.3131,3,3,0.3366,0.3169,0.3513,0.3306
2024-08-21,746837,0.3276,0.3262,0.2559,0.2739,0.3163,0.3146,0.3185,0.3043,3,3,0.2987,0.3407,0.3043,0.3049
2024-08-21,747084,0.3479,0.3391,0.2262,0.2097,0.3486,0.3258,0.3221,0.3050,3,3,0.3671,0.3174,0.3394,0.3219
2024-08-22,744815,0.3091,0.3285,0.2503,0.2246,0.2997,0.2952,0.3538,0.3318,3,3,0.2878,0.3188,0.3335,0.3188
2024-08-22,744894,0.3287,0.3337,0.2182,0.2019,0.3104,0.3272,0.3109,0.3121,3,3,0.3346,0.3300,0.3017,0.3371
2024-08-22,745137,0.3266,0.3294,0.2172,0.1953,0.3278,0.3359,0.3136,0.3095,3,3,0.3067,0.3041,0.3243,0.3156
2024-08-22,745379,0.3371,0.3420,0.2165,0.1401,0.3311,0.3324,0.2938,0.3178,3,3,0.3669,0.3329,0.3345,0.3227
2024-08-22,745465,0.3347,0.3270,0.2381,0.2139,0.3089,0.3287,0.2829,0.3084,3,3,0.3487,0.2951,0.3009,0.3276
2024-08-22,745623,0.3219,0.3256,0.2211,0.2293,0.3225,0.3263,0.3001,0.3128,3,3,0.3306,0.3035,0.3185,0.3252
2024-08-22,745705,0.3269,0.4041,0.1643,0.2038,0.3094,0.4034,0.3157,0.3254,3,3,0.3308,0.3029,0.3324,0.3428
2024-08-22,746836,0.3053,0.3166,0.2172,0.2230,0.3020,0.3268,0.2880,0.2961,3,3,0.3057,0.3405,0.2974,0.3283
2024-08-22,746998,0.3078,0.3446,0.1987,0.2344,0.3157,0.3541,0.2988,0.3152,3,3,0.3173,0.3372,0.3428,0.3467
2024-08-22,747082,0.3467,0.3386,0.2264,0.2086,0.3470,0.3262,0.3048,0.3060,3,3,0.3664,0.3161,0.3199,0.3208
2024-08-23,744889,0.3282,0.3119,0.2196,0.2142,0.3096,0.3051,0.3115,0.3346,3,3,0.3339,0.3288,0.3026,0.3150
2024-08-23,745217,0.3384,0.3257,0.2505,0.2770,0.3317,0.2963,0.3033,0.3176,3,3,0.3246,0.3051,0.3373,0.3198
2024-08-23,745378,0.3514,0.3218,0.2363,0.1555,0.3301,0.3262,0.3396,0.3070,3,3,0.3682,0.3346,0.3408,0.3222
2024-08-23,745460,0.3358,0.3277,0.2345,0.2341,0.2982,0.3196,0.3330,0.3234,3,3,0.3473,0.2940,0.3201,0.3076
2024-08-23,745625,0.3207,0.3460,0.2196,0.2402,0.3223,0.3314,0.3310,0.3152,3,3,0.3249,0.3276,0.3333,0.3096
2024-08-23,745702,0.3087,0.4038,0.2515,0.2045,0.2975,0.4021,0.3227,0.3310,3,3,0.2864,0.3033,0.3382,0.3311
2024-08-23,745870,0.3300,0.3285,0.2148,0.2055,0.3342,0.3223,0.3208,0.3037,3,3,0.3026,0.3194,0.3150,0.3279
2024-08-23,746024,0.3326,0.3186,0.2725,0.2396,0.3205,0.3154,0.3269,0.3326,3,3,0.3429,0.2820,0.3041,0.3014
2024-08-23,746111,0.3290,0.3829,0.2130,0.1761,0.3207,0.3573,0.3372,0.3248,3,3,0.3302,0.4198,0.3176,0.3338
2024-08-23,746268,0.3460,0.3488,0.2270,0.1570,0.3484,0.3153,0.3168,0.3418,3,3,0.3662,0.3081,0.3381,0.3401
2024-08-23,746597,0.3393,0.3252,0.1820,0.1359,0.3407,0.2977,0.3057,0.3215,3,3,0.3224,0.3320,0.3162,0.3208
2024-08-23,746758,0.3162,0.2922,0.2443,0.2307,0.3233,0.2982,0.3334,0.3301,3,3,0.2999,0.2747,0.3098,0.3179
2024-08-23,746920,0.3356,0.3283,0.1975,0.2396,0.3374,0.3301,0.3368,0.3158,3,3,0.3136,0.3383,0.3229,0.3497
2024-08-23,746995,0.3267,0.3453,0.1660,0.2257,0.3204,0.3544,0.3191,0.2898,3,3,0.3171,0.3359,0.3189,0.3441
2024-08-23,747080,0.3173,0.3431,0.2656,0.2492,0.2940,0.3380,0.2845,0.3289,3,3,0.3009,0.3156,0.3055,0.3197
2024-08-24,744890,0.3191,0.3228,0.2281,0.1738,0.2884,0.3338,0.3124,0.3194,3,3,0.3324,0.2981,0.3132,0.3120
2024-08-24,745218,0.3389,0.3182,0.2536,0.2688,0.3320,0.3032,0.2973,0.2929,3,3,0.3217,0.3103,0.3193,0.3196
2024-08-24,745377,0.3459,0.3351,0.2300,0.1403,0.3198,0.3331,0.3028,0.3357,3,3,0.3675,0.3343,0.3452,0.3244
2024-08-24,745457,0.3197,0.3013,0.2636,0.2469,0.3053,0.3042,0.3243,0.3254,3,3,0.3465,0.2792,0.3006,0.3211
2024-08-24,745617,0.3271,0.3426,0.1988,0.2373,0.3214,0.3307,0.3107,0.3278,3,3,0.3060,0.3195,0.3294,0.3096
2024-08-24,745703,0.3070,0.4018,0.2364,0.1969,0.2886,0.4064,0.3165,0.3190,3,3,0.3029,0.2974,0.3179,0.3321
2024-08-24,745868,0.3153,0.3318,0.1953,0.2240,0.3072,0.3335,0.3031,0.3098,3,3,0.3041,0.3193,0.3101,0.3335
2024-08-24,746022,0.3223,0.2998,0.2619,0.2522,0.3196,0.3194,0.3135,0.2979,3,3,0.3126,0.2932,0.3046,0.3025
2024-08-24,746108,0.3176,0.3825,0.2186,0.1753,0.3193,0.3569,0.3119,0.3157,3,3,0.3289,0.4203,0.3041,0.3024
2024-08-24,746271,0.3450,0.3454,0.2287,0.1662,0.3477,0.3302,0.3306,0.2997,3,3,0.3648,0.2997,0.3350,0.2884
2024-08-24,746599,0.3020,0.3084,0.1955,0.1856,0.3165,0.3235,0.3164,0.3164,3,3,0.3220,0.3080,0.3004,0.3198
2024-08-24,746756,0.3085,0.3059,0.2348,0.2631,0.3271,0.2932,0.3194,0.2784,3,3,0.3054,0.2992,0.3021,0.3176
2024-08-24,746917,0.3357,0.3293,0.1971,0.2401,0.3380,0.3320,0.3254,0.3154,3,3,0.3127,0.3373,0.3229,0.3506
2024-08-24,746996,0.3268,0.3373,0.1647,0.2176,0.3202,0.3390,0.3169,0.3025,3,3,0.3182,0.3113,0.3117,0.3179
2024-08-24,747077,0.3208,0.3382,0.2343,0.2094,0.3066,0.3284,0.3317,0.3120,3,3,0.3220,0.3174,0.3181,0.3305
2024-08-25,744892,0.3181,0.3403,0.2311,0.2213,0.2857,0.3380,0.3350,0.3195,3,3,0.3338,0.3269,0.3008,0.3154
2024-08-25,745212,0.3295,0.3230,0.2408,0.2712,0.3252,0.3073,0.2827,0.2941,3,3,0.3221,0.2936,0.3376,0.3234
2024-08-25,745376,0.3477,0.3301,0.2268,0.1835,0.3195,0.3192,0.3527,0.3403,3,3,0.3703,0.3572,0.3214,0.3346
2024-08-25,745459,0.3374,0.3266,0.2330,0.2325,0.3048,0.3156,0.3130,0.2948,3,3,0.3461,0.2909,0.3133,0.2960
2024-08-25,745618,0.3257,0.3467,0.1987,0.2387,0.3192,0.3363,0.3163,0.3325,3,3,0.3041,0.3281,0.3315,0.3139
2024-08-25,745706,0.3069,0.4036,0.2371,0.2036,0.2891,0.4048,0.3246,0.3360,3,3,0.3026,0.3040,0.3168,0.3316
2024-08-25,745863,0.3136,0.3267,0.1969,0.2053,0.3070,0.3207,0.3240,0.3083,3,3,0.3027,0.3181,0.3106,0.3093
2024-08-25,746023,0.3277,0.3041,0.2393,0.2715,0.3270,0.3046,0.3222,0.3324,3,3,0.3439,0.2948,0.3078,0.3076
2024-08-25,746106,0.3352,0.3820,0.2109,0.1744,0.3292,0.3567,0.3138,0.3188,3,3,0.3289,0.4195,0.2832,0.2805
2024-08-25,746263,0.3304,0.3321,0.2442,0.1746,0.3344,0.3171,0.3103,0.3177,3,3,0.3651,0.3068,0.3374,0.3286
2024-08-25,746595,0.3358,0.3266,0.1831,0.1646,0.3349,0.3123,0.3181,0.3044,3,3,0.3214,0.3290,0.3111,0.3331
2024-08-25,746754,0.3296,0.2926,0.2541,0.2033,0.3185,0.3097,0.3335,0.3107,3,3,0.3015,0.2762,0.3129,0.3174
2024-08-25,746918,0.3355,0.3276,0.1966,0.2487,0.3360,0.3258,0.3163,0.3143,3,3,0.3140,0.3370,0.3125,0.3553
2024-08-25,746994,0.3275,0.3368,0.1642,0.2177,0.3221,0.3390,0.3279,0.3113,3,3,0.3210,0.3093,0.3269,0.3171
2024-08-25,747078,0.3364,0.3509,0.2149,0.2574,0.3159,0.3380,0.3327,0.3013,3,3,0.3228,0.3121,0.3201,0.3220
2024-08-26,744813,0.4057,0.3342,0.2025,0.2382,0.4080,0.3000,0.3227,0.3018,3,2,0.3062,0.3218,0.3475,0.3030
2024-08-26,745133,0.3424,0.3099,0.1393,0.1591,0.3312,0.3125,0.3419,0.3347,3,3,0.3326,0.3012,0.3229,0.3356
2024-08-26,745215,0.3194,0.3276,0.2381,0.2765,0.3295,0.2971,0.3154,0.3093,3,3,0.2821,0.3104,0.3141,0.3201
2024-08-26,745458,0.3255,0.2882,0.2501,0.2291,0.3107,0.3089,0.3155,0.3039,3,3,0.3197,0.2806,0.3041,0.2905
2024-08-26,745538,0.3158,0.3448,0.1536,0.2274,0.3115,0.3486,0.2508,0.3209,3,3,0.3194,0.3655,0.3117,0.3370
2024-08-26,745865,0.3388,0.3253,0.2093,0.1820,0.3333,0.3239,0.3015,0.3015,3,3,0.3011,0.3130,0.3305,0.3115
2024-08-26,746513,0.3243,0.3087,0.2537,0.2521,0.3263,0.3251,0.3206,0.3363,3,3,0.2983,0.2938,0.3073,0.3345
2024-08-26,746596,0.3479,0.3215,0.1571,0.1381,0.3141,0.2969,0.3400,0.3348,3,3,0.3086,0.3282,0.3272,0.3359
2024-08-26,746753,0.3182,0.2945,0.2381,0.2292,0.3332,0.3007,0.3176,,3,3,0.3034,0.2770,0.3138,0.3183
2024-08-26,746915,0.3402,0.3290,0.2203,0.2493,0.3387,0.3316,0.3133,0.3317,3,3,0.3286,0.3371,0.3184,0.3557
2024-08-27,744811,0.4053,0.3355,0.2025,0.2145,0.4096,0.3158,0.3494,0.3091,3,3,0.3063,0.3202,0.3342,0.3044
2024-08-27,745132,0.3421,0.3195,0.1387,0.2028,0.3317,0.3127,0.3313,0.2845,3,3,0.3311,0.3028,0.3235,0.3344
2024-08-27,745213,0.3194,0.3270,0.2217,0.2523,0.3288,0.3150,0.2931,0.3213,3,3,0.3281,0.3109,0.3037,0.3217
2024-08-27,745461,0.3331,0.3178,0.2402,0.2015,0.3180,0.3217,0.3049,0.2788,3,3,0.3448,0.2943,0.3057,0.3131
2024-08-27,745540,0.3464,0.3455,0.1643,0.2276,0.3300,0.3496,0.3062,0.3076,3,3,0.3188,0.3638,0.3412,0.3365
2024-08-27,745864,0.3077,0.3313,0.2232,0.2404,0.3178,0.3027,0.3122,0.3000,3,3,0.3051,0.3176,0.3334,0.3189
2024-08-27,745946,0.3177,0.3250,0.2421,0.1978,0.3212,0.3183,0.3121,0.3203,3,3,0.2988,0.3039,0.3375,0.3294
2024-08-27,746105,0.3457,0.3728,0.2247,0.2109,0.3544,0.3481,0.2930,0.3440,3,3,0.3364,0.4202,0.3447,0.3212
2024-08-27,746429,0.3274,0.3200,0.2198,0.2377,0.3050,0.3260,0.3032,0.3304,3,3,0.3342,0.3055,0.3145,0.3341
2024-08-27,746510,0.3146,0.3072,0.2621,0.2431,0.3393,0.3105,0.3270,0.3534,3,3,0.2986,0.3034,0.3071,0.3251
2024-08-27,746594,0.3434,0.3213,0.1626,0.1360,0.3249,0.2981,0.3273,0.3117,3,3,0.2930,0.3273,0.3457,0.3327
2024-08-27,746671,0.3465,0.3377,0.2387,0.2329,0.3359,0.3068,0.3233,0.3142,3,3,0.3268,0.3471,0.3134,0.3126
2024-08-27,746755,0.3381,0.3022,0.1870,0.2557,0.3317,0.3001,0.3307,0.3158,3,3,0.3226,0.2979,0.3091,0.2997
2024-08-27,746916,0.3338,0.3229,0.2001,0.2580,0.3217,0.3443,0.3135,0.3094,3,3,0.3292,0.3410,0.3187,0.3257
2024-08-27,747162,0.3465,0.3129,0.2308,0.1796,0.3216,0.3157,0.3087,0.3146,3,3,0.3688,0.2985,0.3248,0.3385
2024-08-28,744809,0.4049,0.3187,0.2026,0.2756,0.4100,0.2987,0.3234,0.3102,3,3,0.3061,0.3154,0.3489,0.3201
2024-08-28,745134,0.3293,0.2920,0.1834,0.1917,0.3243,0.3167,0.2949,0.3329,3,3,0.2938,0.3049,0.3244,0.3240
2024-08-28,745211,0.3311,0.3270,0.2178,0.2573,0.3225,0.3091,0.3027,0.3071,3,3,0.3281,0.3131,0.3150,0.3200
2024-08-28,745452,0.3340,0.3280,0.2417,0.2310,0.3234,0.3217,0.2815,0.3357,3,3,0.3466,0.2929,0.3089,0.2815
2024-08-28,745541,0.3400,0.3456,0.2156,0.2261,0.3293,0.3508,0.3493,0.3115,3,3,0.2845,0.3621,0.3266,0.3111
2024-08-28,745866,0.3374,0.3180,0.2291,0.1750,0.3353,0.3089,0.3170,0.2711,3,3,0.3033,0.3110,0.3241,0.3225
2024-08-28,745943,0.3173,0.3202,0.2299,0.2197,0.3219,0.3196,0.3101,0.3390,3,3,0.3539,0.3270,0.3387,0.3243
2024-08-28,746103,0.3458,0.3641,0.2248,0.1931,0.3538,0.3486,0.3404,0.2943,3,3,0.3350,0.4184,0.3196,0.3130
2024-08-28,746430,0.3266,0.3121,0.2189,0.2379,0.3067,0.3237,0.3271,0.3271,3,3,0.3332,0.3452,0.3195,0.3149
2024-08-28,746512,0.3168,0.3090,0.2369,0.2428,0.3158,0.3170,0.3390,0.3288,3,3,0.3047,0.3075,0.3053,0.3383
2024-08-28,746589,0.3493,0.3202,0.1564,0.1357,0.3137,0.2967,0.3009,0.3168,3,3,0.3111,0.3259,0.3451,0.3343
2024-08-28,746672,0.3471,0.3376,0.2382,0.2327,0.3341,0.3054,0.3314,0.2934,3,3,0.3301,0.3464,0.3132,0.3120
2024-08-28,746752,0.3378,0.2955,0.1820,0.2270,0.3402,0.3006,0.3160,0.3354,3,3,0.3226,0.2788,0.3140,0.3182
2024-08-28,746913,0.3351,0.3323,0.1990,0.2563,0.3236,0.3470,0.3253,0.3321,3,3,0.3294,0.3415,0.3205,0.3270
2024-08-28,747161,0.3360,0.3352,0.2261,0.1987,0.3221,0.3382,0.3278,0.3219,3,3,0.3681,0.3148,0.3392,0.2982
2024-08-29,745135,0.3412,0.3113,0.1387,0.1568,0.3303,0.3147,0.3194,0.2926,3,3,0.3324,0.3059,0.3270,0.3232
2024-08-29,745531,0.3380,0.3451,0.2289,0.2273,0.3355,0.3494,0.3032,0.3314,3,3,0.3050,0.3610,0.3184,0.3123
2024-08-29,745945,0.3168,0.3265,0.2493,0.1974,0.3238,0.3176,0.3239,0.3274,3,3,0.2982,0.3046,0.3383,0.3223
2024-08-29,746102,0.3449,0.3731,0.2252,0.2102,0.3530,0.3484,0.3358,0.3211,3,3,0.3344,0.4198,0.3441,0.3027
2024-08-29,746352,0.3317,0.3523,0.1943,0.1745,0.3297,0.3333,0.3039,0.3310,3,3,0.2975,0.3189,0.3359,0.3328
2024-08-29,746432,0.3258,0.3137,0.2196,0.2508,0.3069,0.3035,0.3322,0.3316,3,3,0.3336,0.3049,0.3113,0.3157
2024-08-29,746514,0.3198,0.3069,0.2341,0.2609,0.3375,0.3189,0.3192,0.3273,3,3,0.3041,0.2895,0.3011,0.3386
2024-08-29,746670,0.3465,0.3360,0.2371,0.2323,0.3360,0.3039,0.3235,0.3118,3,3,0.3295,0.3442,0.3129,0.3118
2024-08-29,746748,0.3266,0.2959,0.1848,0.2253,0.3311,0.3016,0.3433,0.3179,3,3,0.3238,0.2781,0.3134,0.3189
2024-08-29,746914,0.3335,0.3330,0.2011,0.2555,0.3216,0.3471,0.3102,0.3096,3,3,0.3276,0.3414,0.3210,0.3268
2024-08-29,747159,0.3390,0.3288,0.2130,0.1999,0.3331,0.3266,0.3161,0.3376,3,3,0.3682,0.2959,0.3247,0.3140
2024-08-30,744810,0.3349,0.3341,0.2697,0.2215,0.3260,0.3211,0.3196,0.2960,3,3,0.3490,0.3215,0.3035,0.3182
2024-08-30,744969,0.3501,0.2986,0.2349,0.2076,0.3372,0.3172,0.3283,0.3198,3,3,0.3382,0.3216,0.3148,0.3131
2024-08-30,745052,0.3353,0.3075,0.1847,0.2407,0.3184,0.3222,0.3135,0.3450,3,3,0.3561,0.3236,0.3232,0.2929
2024-08-30,745299,0.3172,0.3219,0.2341,0.2540,0.3138,0.3421,0.2842,0.3227,3,3,0.3041,0.2936,0.3123,0.3282
2024-08-30,745533,0.3368,0.3445,0.2296,0.2267,0.3344,0.3499,0.2930,0.3229,3,3,0.3031,0.3604,0.3243,0.3205
2024-08-30,745700,0.3112,0.4037,0.1572,0.2033,0.3145,0.4081,0.3252,0.3064,3,3,0.3054,0.3044,0.3236,0.3470
2024-08-30,745862,0.3330,0.3211,0.2056,0.2133,0.3309,0.3206,0.3014,0.3261,3,3,0.2729,0.3176,0.3194,0.3000
2024-08-30,746184,0.3273,0.3258,0.2567,0.2187,0.3093,0.3052,,0.2995,3,3,0.3135,0.3350,0.3169,0.3194
2024-08-30,746353,0.3587,0.3550,0.1767,0.1712,0.3265,0.3364,0.3001,0.3086,3,3,0.3124,0.3187,0.2998,0.3274
2024-08-30,746433,0.3283,0.3157,0.2578,0.2361,0.3571,0.3107,0.3212,0.3180,3,3,0.3404,0.2926,0.3530,0.3292
2024-08-30,746511,0.3244,0.3085,0.2123,0.2443,0.3316,0.3148,0.3315,0.3111,3,3,0.2770,0.3069,0.3296,0.3206
2024-08-30,746593,0.3285,0.3242,0.2311,0.1632,0.3216,0.3126,0.3139,0.3323,3,3,0.2921,0.3260,0.3098,0.3190
2024-08-30,746665,0.3139,0.3361,0.2101,0.2310,0.3100,0.3023,,0.3393,3,3,0.3047,0.3443,0.3079,0.3198
2024-08-30,746749,0.3460,0.2957,0.2307,0.2266,0.3223,0.3005,0.3320,0.3154,3,3,0.3686,0.2769,0.3259,0.3179
2024-08-30,747156,0.3818,0.3287,0.1750,0.2000,0.3607,0.3257,0.3134,0.3145,3,3,0.4194,0.2947,0.3133,0.3126
2024-08-31,744808,0.3360,0.3349,0.2573,0.2238,0.3326,0.3217,0.2939,0.3209,3,3,0.3488,0.3242,0.3049,0.3289
2024-08-31,744971,0.3517,0.3393,0.2345,0.1809,0.3383,0.3405,0.3063,0.3181,3,3,0.3407,0.3215,0.3121,0.2930
2024-08-31,745050,0.3413,0.3274,0.1384,0.2479,0.3303,0.3279,0.3250,0.3343,3,3,0.3309,0.3225,0.3254,0.2919
2024-08-31,745296,0.3058,0.3099,0.2696,0.2431,0.3054,0.3342,0.3415,0.3232,3,3,0.2978,0.2964,0.3033,0.3370
2024-08-31,745532,0.3467,0.3437,0.2172,0.2278,0.3312,0.3498,0.2507,0.3179,3,3,0.3009,0.3583,0.3344,0.3290
2024-08-31,745699,0.3115,0.4028,0.1577,0.2051,0.3137,0.4070,0.3187,0.3308,3,3,0.3041,0.3043,0.3244,0.3353
2024-08-31,745859,0.2909,0.3284,0.2402,0.2284,0.3119,0.3113,0.3099,0.3325,3,3,0.2964,0.3237,0.3186,0.3185
2024-08-31,746182,0.3279,0.3132,0.2562,0.2244,0.3101,0.3148,0.3194,0.2729,3,3,0.3140,0.3357,0.3242,0.3178
2024-08-31,746348,0.3596,0.3195,0.1760,0.1850,0.3387,0.3180,0.3134,0.2980,3,3,0.3167,0.3169,0.3004,0.3170
2024-08-31,746424,0.3339,0.3192,0.2575,0.2388,0.3389,0.3235,0.2787,0.3029,3,3,0.3436,0.3043,0.3473,0.2910
2024-08-31,746507,0.3517,0.3084,0.1796,0.2432,0.3332,0.3143,0.3287,0.3332,3,3,0.3661,0.3063,0.3313,0.3219
2024-08-31,746590,0.3180,0.3211,0.2009,0.1347,0.3235,0.2980,0.3178,0.3455,3,3,0.2906,0.3267,0.3365,0.3377
2024-08-31,746667,0.3295,0.3164,0.2168,0.2266,0.3255,0.3042,0.2868,0.3322,3,3,0.3084,0.3236,0.3296,0.3113
2024-08-31,746751,0.3459,0.3021,0.2291,0.2535,0.3204,0.3021,0.3140,0.3323,3,3,0.3701,0.2979,0.3254,0.3168
2024-08-31,747158,0.3819,0.3390,0.1750,0.1988,0.3631,0.3373,0.3291,0.3031,3,3,0.4197,0.3211,0.3169,0.3260
2024-09-01,744806,0.3268,0.3350,0.2378,0.2257,0.3188,0.3139,0.3230,0.3144,3,2,0.3208,0.3218,0.3087,0.3232
2024-09-01,744970,0.3511,0.3383,0.2566,0.1820,0.3381,0.3392,0.3146,0.3056,3,3,0.3444,0.3205,0.3156,0.2957
2024-09-01,745048,0.3274,0.3111,0.1470,0.2447,0.3306,0.3241,0.3203,0.2949,3,3,0.3319,0.2689,0.3246,0.2830
2024-09-01,745292,0.3079,0.3151,0.2849,0.2561,0.3210,0.3305,0.3219,0.3296,3,3,0.2975,0.2963,0.3179,0.3188
2024-09-01,745536,0.3347,0.3434,0.2565,0.2281,0.3258,0.3487,0.3043,0.2998,3,3,0.3176,0.3584,0.3336,0.3201
2024-09-01,745701,0.3113,0.4029,0.1573,0.2050,0.3140,0.4083,0.3033,0.3200,3,3,0.3032,0.3048,0.3293,0.3485
2024-09-01,745861,0.3205,0.3343,0.1744,0.2386,0.3247,0.3030,0.2991,0.3118,3,3,0.3318,0.3178,0.3028,0.3134
2024-09-01,746183,0.3284,0.3252,0.2472,0.2161,0.3155,0.3070,,0.2937,3,3,0.3150,0.3359,0.3203,0.3001
2024-09-01,746347,0.3479,0.3189,0.1790,0.1853,0.3278,0.3176,0.3044,0.3305,3,3,0.3274,0.3169,0.3428,0.3200
2024-09-01,746426,0.3318,0.3196,0.2046,0.2389,0.3096,0.3210,0.3127,0.3160,3,3,0.3430,0.3057,0.3437,0.3149
2024-09-01,746505,0.3347,0.3096,0.2588,0.2586,0.3519,0.3152,0.3377,0.3005,3,3,0.3064,0.2897,0.3113,0.3373
2024-09-01,746592,0.3274,0.3205,0.2307,0.1359,0.3180,0.2988,0.3330,0.3286,3,3,0.2895,0.3262,0.3120,0.3387
2024-09-01,746669,0.3248,0.3355,0.2178,0.2311,0.3222,0.2993,,0.3138,3,3,0.3305,0.3437,0.3191,0.3053
2024-09-01,746750,0.3400,0.3051,0.2049,0.2416,0.3201,0.2955,0.2815,0.3118,3,3,0.3701,0.3088,0.3407,0.3172
2024-09-01,747157,0.3001,0.3272,0.1938,0.1919,0.3069,0.3282,0.2739,0.3295,3,3,0.3036,0.3350,0.3052,0.3122
2024-09-02,744972,0.4020,0.3375,0.2055,0.1822,0.4079,0.3382,0.3318,0.3178,3,3,0.3037,0.3197,0.3485,0.3135
2024-09-02,745046,0.3274,0.3319,0.2055,0.2122,0.3203,0.3235,0.3267,0.3130,3,3,0.3180,0.3302,0.3197,0.2937
2024-09-02,745373,0.3154,0.3489,0.2377,0.1549,0.3087,0.3396,0.3331,0.2981,3,3,0.2926,0.3321,0.3036,0.3245
2024-09-02,745619,0.3285,0.3530,0.2542,0.2332,0.3087,0.3378,0.2924,0.2905,3,3,0.3158,0.3453,0.3160,0.3152
2024-09-02,745779,0.3333,0.3496,0.2539,0.2212,0.3462,0.3207,0.3069,0.3250,3,3,0.3417,0.3694,0.3435,0.3218
2024-09-02,745947,0.3114,0.3283,0.1571,0.1969,0.3152,0.3166,0.3068,0.3012,3,3,0.3030,0.3051,0.3246,0.3295
2024-09-02,746265,0.3209,0.3473,0.1364,0.1791,0.3003,0.3274,0.3150,0.3259,3,3,0.3252,0.3280,0.3380,0.3445
2024-09-02,746668,0.3541,0.3352,0.1721,0.2320,0.3328,0.2991,0.3279,0.3075,3,3,0.3174,0.3455,0.3139,0.3112
2024-09-02,746833,0.3340,0.3311,0.2450,0.2730,0.3064,0.3232,0.3184,0.3160,3,3,0.3116,0.3459,0.3210,0.3048
2024-09-02,746992,0.2921,0.3319,0.2057,0.1804,0.3126,0.3128,0.2948,0.3265,3,3,0.2757,0.3067,0.3003,0.3302
2024-09-02,747155,0.3671,0.3259,0.2119,0.1836,0.3540,0.3270,0.3171,0.2925,3,3,0.4184,0.3226,0.3364,0.3224
2024-09-03,744891,0.3444,0.3340,0.2280,0.2008,0.3508,0.3260,0.3308,0.3353,3,3,0.3583,0.3266,0.3177,0.3368
2024-09-03,744968,0.3999,0.3126,0.1995,0.2042,0.4081,0.3196,0.3154,0.3208,3,3,0.2964,0.3191,0.3363,0.3117
2024-09-03,745047,0.3256,0.3117,0.1938,0.2451,0.3219,0.3227,0.3112,0.3138,3,3,0.3213,0.2678,0.3115,0.2966
2024-09-03,745293,0.3067,0.3153,0.1862,0.2648,0.3064,0.3412,0.3278,0.3194,3,3,0.2901,0.2994,0.3374,0.3188
2024-09-03,745615,0.3280,0.3535,0.2544,0.2331,0.3114,0.3398,0.3173,0.3227,3,3,0.3143,0.3475,0.3247,0.3165
2024-09-03,745778,0.3321,0.3379,0.2662,0.2192,0.3600,0.3237,0.3202,0.3135,3,3,0.3218,0.3700,0.3430,0.3355
2024-09-03,745944,0.3105,0.3250,0.1576,0.2160,0.3131,0.3225,0.3184,0.3373,3,3,0.3020,0.3324,0.3254,0.3281
2024-09-03,746020,0.3269,0.3162,0.2152,0.2297,0.3142,0.3047,0.3255,0.3532,3,3,0.3217,0.3186,0.3392,0.3146
2024-09-03,746185,0.3856,0.3256,0.1761,0.2163,0.3719,0.3099,0.3145,0.3257,3,3,0.4195,0.3369,0.3372,0.3007
2024-09-03,746264,0.3200,0.3462,0.1360,0.1776,0.3001,0.3262,0.3504,0.2998,3,3,0.3239,0.3280,0.3235,0.3328
2024-09-03,746834,0.3266,0.3344,0.2293,0.2692,0.3153,0.3221,0.3403,0.2832,3,3,0.2902,0.3456,0.3202,0.3044
2024-09-03,746991,0.2968,0.3323,0.2716,0.1806,0.3028,0.3152,0.3236,0.3527,3,3,0.2969,0.3067,0.3180,0.3238
2024-09-03,747079,0.3102,0.3361,0.2529,0.2404,0.2965,0.3382,0.2714,0.3287,3,3,0.2895,0.3193,0.3235,0.3241
2024-09-04,744887,0.2975,0.3351,0.2100,0.1998,0.3106,0.3288,0.2998,0.3046,3,3,0.2705,0.3277,0.3200,0.3101
2024-09-04,744964,0.3053,0.3156,0.2313,0.2128,0.3172,0.3130,0.3141,0.3355,3,3,0.3051,0.3103,0.3352,0.3070
2024-09-04,745045,0.3325,0.3213,0.2380,0.2130,0.2998,0.3201,0.3080,0.3153,3,3,0.3288,0.3289,0.3218,0.2958
2024-09-04,745290,0.3175,0.3225,0.1827,0.2402,0.3244,0.3335,0.3187,0.3178,3,3,0.3218,0.2971,0.3365,0.3312
2024-09-04,745370,0.3202,0.3552,0.2401,0.1470,0.3178,0.3392,0.3030,0.3292,3,3,0.3078,0.3323,0.3357,0.3369
2024-09-04,745614,0.3285,0.3068,0.2526,0.2622,0.3140,0.3239,0.3183,0.3001,3,3,0.3141,0.3061,0.3240,0.3176
2024-09-04,745776,0.3424,0.3389,0.2349,0.1972,0.3127,0.3176,0.3150,0.3201,3,3,0.3402,0.3704,0.3304,0.3351
2024-09-04,745938,0.2984,0.3140,0.2312,0.2171,0.3101,0.3238,0.3301,0.3047,3,3,0.3010,0.3048,0.2997,0.3266
2024-09-04,746019,0.3237,0.3151,0.2212,0.2322,0.3160,0.3045,0.3314,0.3133,3,3,0.3150,0.3156,0.3378,0.3057
2024-09-04,746178,0.3184,0.3250,0.2378,0.2165,0.3333,0.3094,0.3367,0.3430,3,3,0.4189,0.3368,0.3064,0.3062
2024-09-04,746262,0.2900,0.3649,0.1971,0.1911,0.3116,0.3373,0.3128,0.3092,3,3,0.2329,0.3304,0.3178,0.2872
2024-09-04,746666,0.3167,0.3016,0.2077,0.2807,0.3114,0.2991,0.3009,0.3076,3,3,0.3303,0.3460,0.3234,0.3336
2024-09-04,746835,0.2956,0.3231,0.2376,0.2804,0.3149,0.3087,0.2996,0.3243,3,3,0.2734,0.3123,0.3129,0.3181
2024-09-04,746990,0.2921,0.3491,0.2045,0.1945,0.3154,0.3516,0.3110,0.3399,3,2,0.2750,0.3688,0.3175,0.3316
2024-09-04,747075,0.3080,0.3373,0.2383,0.2388,0.2935,0.3376,0.3280,0.3246,3,3,0.3045,0.3201,0.3194,0.3321
2024-09-05,744966,0.3261,0.2996,0.2169,0.1932,0.3129,0.3229,0.2997,0.3326,3,3,0.3386,0.3180,0.3036,0.3124
2024-09-05,745042,0.3315,0.3317,0.2409,0.2122,0.3114,0.3222,0.3188,0.2977,3,3,0.3115,0.3313,0.3315,0.3147
2024-09-05,745289,0.3061,0.3225,0.1867,0.2406,0.3092,0.3332,0.2867,0.3256,3,3,0.2900,0.2965,0.3362,0.3467
2024-09-05,745369,0.3213,0.3556,0.2291,0.1467,0.3206,0.3397,0.3348,0.3196,3,3,0.3096,0.3331,0.2926,0.3268
2024-09-05,745451,0.3209,0.3264,0.2225,0.2287,0.3045,0.3147,0.3310,0.3222,3,3,0.3138,0.2920,0.3195,0.3082
2024-09-05,745612,0.3277,0.3531,0.2459,0.2344,0.3162,0.3459,0.3096,0.2849,3,3,0.3128,0.3487,0.3182,0.2949
2024-09-05,746021,0.3478,0.3144,0.2274,0.2362,0.3574,0.3040,0.3203,0.2888,3,3,0.3672,0.3141,0.3192,0.3065
2024-09-05,746664,0.3528,0.3358,0.1726,0.2330,0.3294,0.3065,0.3098,0.2966,3,3,0.3166,0.3485,0.3162,0.3116
2024-09-05,747073,0.3081,0.3512,0.2393,0.2413,0.2945,0.3398,0.3110,0.3399,3,3,0.3053,0.3208,0.3189,0.3251
2024-09-06,744967,0.3259,0.3167,0.2172,0.2030,0.3141,0.3245,0.3207,0.3160,3,3,0.3378,0.3182,0.3016,0.3147
2024-09-06,745131,0.3256,0.3174,0.2695,0.1965,0.3061,0.3089,0.3050,0.2962,3,3,0.3020,0.3005,0.3170,0.3148
2024-09-06,745371,0.3247,0.3557,0.2523,0.1457,0.3491,0.3421,0.3047,0.3382,3,3,0.3017,0.3327,0.3452,0.3353
2024-09-06,745455,0.3212,0.3253,0.2282,0.2108,0.3124,0.3232,0.3251,0.2954,3,3,0.3169,0.2908,0.3138,0.3343
2024-09-06,745611,0.3086,0.3512,0.2560,0.2561,0.3108,0.3400,0.3058,0.2759,3,3,0.3062,0.3483,0.3147,0.3118
2024-09-06,745777,0.3345,0.3483,0.2336,0.2303,0.3055,0.3232,0.3067,0.3252,3,3,0.3473,0.3717,0.3197,0.3251
2024-09-06,745941,0.3162,0.3296,0.2713,0.1976,0.3056,0.3176,0.3139,0.3252,3,3,0.2894,0.3040,0.3245,0.3264
2024-09-06,746016,0.3348,0.2963,0.2491,0.2332,0.3447,0.3071,0.3121,0.2704,3,3,0.3667,0.3121,0.3150,0.3060
2024-09-06,746104,0.3196,0.3849,0.1369,0.1769,0.3016,0.3709,0.3120,0.3057,3,3,0.3220,0.4169,0.3253,0.3138
2024-09-06,746257,0.3283,0.3647,0.1868,0.1927,0.3156,0.3367,0.2880,0.3007,3,3,0.3313,0.3320,0.3267,0.3112
2024-09-06,746343,0.3185,0.3176,0.1937,0.1871,0.3309,0.3161,0.3022,0.2914,3,3,0.2958,0.3173,0.3374,0.3505
2024-09-06,746832,0.4025,0.3343,0.2046,0.2687,0.4089,0.3252,0.3106,0.3114,3,3,0.3061,0.3448,0.3466,0.3052
2024-09-06,746912,0.2940,0.3478,0.2259,0.2555,0.3062,0.3490,0.2976,0.3176,3,3,0.2777,0.3407,0.3190,0.3227
2024-09-06,746993,0.3218,0.3523,0.2114,0.1790,0.3216,0.3400,0.3278,0.3291,3,3,0.3311,0.3700,0.2911,0.3309
2024-09-06,747074,0.3349,0.3376,0.2002,0.2336,0.3304,0.3402,0.3122,0.3273,3,3,0.3266,0.3189,0.3097,0.3179
2024-09-07,744963,0.3260,0.3102,0.2167,0.2027,0.3142,0.3276,0.3344,0.3204,3,3,0.3376,0.3168,0.3013,0.3171
2024-09-07,745125,0.3318,0.3179,0.2596,0.1968,0.3114,0.3097,0.3293,0.2903,3,3,0.3348,0.3005,0.3194,0.3231
2024-09-07,745372,0.3236,0.3421,0.2538,0.1380,0.3447,0.3387,0.2902,0.3189,3,3,0.3002,0.3327,0.3177,0.3258
2024-09-07,745456,0.3165,0.3269,0.2285,0.2287,0.3055,0.3150,0.3184,0.3203,3,3,0.3169,0.2908,0.2885,0.2932
2024-09-07,745613,0.3186,0.3441,0.2299,0.2523,0.3207,0.3501,0.3202,0.3001,3,3,0.3094,0.3497,0.3021,0.3129
2024-09-07,745775,0.3343,0.3498,0.2350,0.2298,0.3036,0.3282,0.3373,0.3179,3,3,0.3473,0.3711,0.3193,0.3225
2024-09-07,745942,0.2970,0.3420,0.2453,0.2199,0.3058,0.3257,0.3236,0.3755,3,3,0.3041,0.3338,0.3408,0.3101
2024-09-07,746018,0.3495,0.3148,0.2257,0.2354,0.3582,0.3198,0.3350,0.3121,3,3,0.3692,0.3092,0.3205,0.2918
2024-09-07,746099,0.3204,0.3853,0.1366,0.1773,0.3027,0.3723,0.3128,0.3090,3,3,0.3233,0.4183,0.3126,0.2860
2024-09-07,746259,0.3160,0.3644,0.2094,0.1926,0.3128,0.3368,0.3287,0.3080,3,3,0.3160,0.3323,0.3396,0.3154
2024-09-07,746344,0.3486,0.3549,0.1854,0.1725,0.3580,0.3316,0.3148,0.3296,3,3,0.3786,0.3183,0.3390,0.3182
2024-09-07,746829,0.4029,0.3293,0.2043,0.2336,0.4100,0.3288,0.3242,0.3097,3,3,0.3069,0.3433,0.3470,0.3080
2024-09-07,746911,0.2952,0.3425,0.2254,0.2413,0.3064,0.3336,0.3143,0.2911,3,3,0.2776,0.3397,0.3189,0.3291
2024-09-07,746986,0.3213,0.3514,0.2138,0.1790,0.3224,0.3385,0.2988,0.3239,3,3,0.3300,0.3705,0.2936,0.3304
2024-09-07,747076,0.3378,0.3483,0.2076,0.2398,0.3346,0.3354,0.3001,0.3297,3,3,0.3358,0.3216,0.3348,0.3240
2024-09-08,744965,0.3257,0.3171,0.2344,0.1902,0.3145,0.3257,0.3129,0.3075,3,3,0.3376,0.3170,0.2978,0.3144
2024-09-08,745128,0.3308,0.3083,0.2600,0.2106,0.3122,0.3175,0.3200,0.3244,3,3,0.3336,0.2716,0.3047,0.3224
2024-09-08,745368,0.3330,0.3556,0.2660,0.1452,0.3341,0.3446,0.3295,0.3200,3,3,0.3260,0.3342,0.3233,0.3370
2024-09-08,745453,0.3253,0.3259,0.2290,0.2107,0.3118,0.3258,0.3083,0.3510,3,3,0.3155,0.2937,0.3135,0.3171
2024-09-08,745616,0.2974,0.3406,0.2376,0.2249,0.3231,0.3345,0.3067,0.3059,3,3,0.3045,0.3125,0.3352,0.3163
2024-09-08,745774,0.3256,0.3499,0.2354,0.2295,0.3051,0.3296,0.3053,0.3312,3,3,0.3259,0.3718,0.3044,0.3345
2024-09-08,745940,0.3074,0.3430,0.2450,0.2190,0.3154,0.3274,0.3072,0.3317,3,3,0.3034,0.3336,0.3285,0.3154
2024-09-08,746017,0.3211,0.3069,0.2153,0.2808,0.3337,0.3113,0.3239,,3,3,0.2717,0.2799,0.3150,0.3249
2024-09-08,746098,0.3142,0.3844,0.1505,0.1783,0.3073,0.3734,0.2937,0.3080,3,3,0.3048,0.4171,0.3243,0.3333
2024-09-08,746258,0.3209,0.3640,0.2321,0.1934,0.3200,0.3379,0.3164,0.3124,3,3,0.3029,0.3298,0.3398,0.3072
2024-09-08,746345,0.3261,0.3326,0.1982,0.1881,0.3365,0.3461,0.3090,0.3191,3,3,0.3198,0.3190,0.3272,0.3319
2024-09-08,746827,0.4029,0.3358,0.2045,0.2563,0.4096,0.3369,0.3048,0.3158,3,3,0.3063,0.3434,0.3483,0.3118
2024-09-08,746910,0.3011,0.3426,0.2510,0.2414,0.3034,0.3353,,0.3285,3,3,0.2951,0.3396,0.2857,0.3334
2024-09-08,746989,0.3099,0.3342,0.2433,0.2055,0.3253,0.3418,0.2988,0.3375,3,3,0.3227,0.3699,0.3102,0.3298
2024-09-08,747072,0.3404,0.3028,0.1543,0.2509,0.3412,0.3128,0.2724,0.3167,3,3,0.3258,0.3202,0.3321,0.3235
2024-09-09,744888,0.3493,0.3341,0.2298,0.2004,0.3293,0.3304,0.3245,0.3177,3,3,0.3714,0.3264,0.3240,0.3182
2024-09-09,745454,0.3206,0.3320,0.2353,0.2409,0.3173,0.3068,0.2798,0.3263,3,3,0.3102,0.3055,0.3262,0.2921
2024-09-09,745534,0.2986,0.3482,0.2136,0.2256,0.3240,0.3571,0.3096,0.3076,3,3,0.3332,0.3681,0.3300,0.3210
2024-09-09,745698,0.3635,0.3944,0.1935,0.2103,0.3377,0.4013,0.3171,0.3077,3,3,0.3314,0.2814,0.3063,0.3321
2024-09-09,745860,0.3262,0.3225,0.2179,0.1808,0.3157,0.3044,0.3108,0.2985,3,3,0.3383,0.3284,0.2883,0.3384
2024-09-09,746101,0.3346,0.3656,0.2573,0.2026,0.3370,0.3515,0.3297,0.3299,3,3,0.3431,0.4186,0.3044,0.2917
2024-09-09,746746,0.3158,0.3012,0.1660,0.2500,0.2999,0.3033,0.3278,0.3240,3,3,0.3243,0.2929,0.3240,0.2995
2024-09-09,746909,0.3375,0.3426,0.2273,0.2318,0.3445,0.3172,0.3257,0.3169,3,3,0.3700,0.3392,0.3407,0.3318
2024-09-10,744807,0.3019,0.3077,0.2488,0.2029,0.3118,0.3134,0.3179,0.3317,3,3,0.3185,0.2929,0.3229,0.3272
2024-09-10,744886,0.3377,0.3333,0.2300,0.2023,0.3333,0.3299,0.3086,0.3314,3,3,0.3703,0.3257,0.3376,0.3060
2024-09-10,745126,0.3322,0.3271,0.2380,0.1825,0.2997,0.2986,0.3053,0.3204,3,3,0.3454,0.3297,0.3115,0.3232
2024-09-10,745210,0.3544,0.3290,0.1466,0.2448,0.3442,0.3246,0.3012,0.3073,3,3,0.3351,0.3151,0.3379,0.3152
2024-09-10,745291,0.3304,0.3252,0.2325,0.2521,0.3183,0.3494,0.3166,0.3135,3,3,0.3317,0.3000,0.3259,0.3171
2024-09-10,745446,0.3257,0.3279,0.2291,0.2271,0.3375,0.3214,0.3075,0.3298,3,3,0.3154,0.2928,0.3107,0.3331
2024-09-10,745535,0.3184,0.3379,0.2842,0.2117,0.3255,0.3309,0.2930,0.3148,3,3,0.3221,0.3357,0.3196,0.3218
2024-09-10,745694,0.3629,0.4031,0.1944,0.2038,0.3376,0.4099,0.3199,0.3060,3,3,0.3294,0.3069,0.3119,0.3500
2024-09-10,745856,0.2895,0.3257,0.2386,0.2635,0.3212,0.3060,0.2958,0.3334,2,3,0.3082,0.3029,0.2902,0.3148
2024-09-10,746097,0.3337,0.3854,0.2579,0.1774,0.3367,0.3731,0.2974,0.2938,3,3,0.3420,0.4179,0.3070,0.3104
2024-09-10,746346,0.3352,0.3690,0.2224,0.1733,0.3378,0.3593,0.3127,0.3018,3,3,0.2963,0.3190,0.3160,0.3281
2024-09-10,746428,0.3071,0.2909,0.2391,0.2649,0.2948,0.3186,0.3340,0.3348,3,3,0.3032,0.2804,0.3140,0.3350
2024-09-10,746747,0.3206,0.2948,0.1370,0.2229,0.3035,0.3062,0.3422,0.3173,3,3,0.3253,0.2771,0.3232,0.3193
2024-09-10,746907,0.3290,0.3436,0.2081,0.2321,0.3402,0.3193,0.3171,0.3140,3,3,0.3706,0.3377,0.3400,0.3344
2024-09-10,747152,0.3172,0.3343,0.1904,0.1931,0.3274,0.3404,0.3158,0.3272,3,3,0.3177,0.3197,0.3165,0.3357
2024-09-11,744804,0.3506,0.3194,0.2396,0.2066,0.3384,0.3241,0.3132,0.3097,3,3,0.3219,0.3163,0.3045,0.3237
2024-09-11,744881,0.3305,0.3555,0.1963,0.1833,0.3226,0.3334,0.3087,0.3113,3,3,0.3701,0.3268,0.3375,0.3166
2024-09-11,745127,0.3319,0.3042,0.2355,0.2076,0.3077,0.3057,0.3272,0.3041,3,3,0.3454,0.2988,0.3070,0.3153
2024-09-11,745214,0.3550,0.3299,0.1472,0.2436,0.3442,0.3249,0.2860,0.2936,3,3,0.3356,0.3184,0.3389,0.3153
2024-09-11,745285,0.3017,0.3095,0.2549,0.2398,0.3189,0.3276,0.2875,0.3228,3,3,0.3099,0.3061,0.3172,0.3292
2024-09-11,745450,0.3185,0.3248,0.2383,0.2092,0.3203,0.3345,0.3330,0.3122,3,3,0.3093,0.2927,0.3260,0.3255
2024-09-11,745525,0.3286,0.3323,0.2429,0.1886,0.3245,0.3192,0.2680,0.3192,3,3,0.3238,0.3174,0.2809,0.3259
2024-09-11,745697,0.3221,0.4014,0.2125,0.2099,0.3357,0.4073,0.2828,0.2943,3,3,0.2977,0.3050,0.3100,0.3326
2024-09-11,745857,0.3280,0.3308,0.2169,0.2361,0.3206,0.3066,0.3193,0.3390,3,3,0.3394,0.3102,0.2901,0.3214
2024-09-11,746100,0.3335,0.3849,0.2590,0.1768,0.3340,0.3713,0.3441,0.3177,3,3,0.3420,0.4178,0.3079,0.2898
2024-09-11,746342,0.3506,0.3587,0.2327,0.1752,0.3454,0.3257,0.2935,0.3179,3,3,0.3462,0.3316,0.2954,0.3166
2024-09-11,746425,0.3068,0.3230,0.2384,0.2390,0.2948,0.3210,0.3243,0.3184,3,3,0.3041,0.3088,0.3400,0.3207
2024-09-11,746745,0.3210,0.2965,0.1376,0.2563,0.3059,0.2997,0.3299,0.3008,3,3,0.3261,0.2904,0.3243,0.3184
2024-09-11,746908,0.3299,0.3416,0.2079,0.2331,0.3390,0.3255,0.2906,0.3288,3,3,0.3698,0.3372,0.3384,0.3331
2024-09-11,747154,0.3000,0.3163,0.2243,0.1938,0.3192,0.3313,0.3242,0.3034,3,3,0.2719,0.2911,0.3158,0.3320
2024-09-12,744805,0.3168,0.3279,0.2479,0.2317,0.3216,0.3176,0.3401,0.3272,3,3,0.3054,0.3171,0.2948,0.3252
2024-09-12,745129,0.3321,0.3178,0.2392,0.1971,0.3002,0.3103,0.3009,0.3184,3,3,0.3461,0.2980,0.3096,0.3241
2024-09-12,745208,0.3167,0.3296,0.1909,0.2442,0.3264,0.3225,0.2962,,3,3,0.3172,0.3188,0.3162,0.3162
2024-09-12,745288,0.3304,0.3156,0.2321,0.2563,0.3174,0.3469,0.3310,0.3114,3,3,0.3303,0.3092,0.3315,0.3182
2024-09-12,745695,0.3371,0.4009,0.2411,0.2104,0.3253,0.4060,0.3008,0.3182,3,3,0.3371,0.3050,0.3193,0.3474
2024-09-12,746337,0.3480,0.3543,0.2549,0.1599,0.3346,0.3186,0.2972,0.3143,3,3,0.3450,0.3203,0.3021,0.3478
2024-09-12,746427,0.3168,0.3365,0.2689,0.2549,0.3029,0.3187,0.2757,0.3297,3,3,0.2910,0.3061,0.3253,0.3149
2024-09-12,746591,0.3216,0.3212,0.2229,0.1375,0.3217,0.3062,0.3106,0.3222,3,3,0.3043,0.3274,0.2885,0.3237
2024-09-13,744800,0.3175,0.3282,0.2360,0.2277,0.3109,0.3248,0.2925,0.3204,3,3,0.3093,0.3266,0.3077,0.3327
2024-09-13,744882,0.3175,0.3533,0.1972,0.1814,0.3101,0.3324,0.3288,0.3071,3,3,0.2995,0.3268,0.3126,0.3245
2024-09-13,745207,0.3167,0.3296,0.1909,0.2436,0.3262,0.3215,0.3418,,3,3,0.3176,0.3197,0.3158,0.3153
2024-09-13,745286,0.3544,0.3289,0.1410,0.2475,0.3416,0.3481,0.3252,0.2967,2,3,0.3352,0.3017,0.3384,0.3273
2024-09-13,745447,0.3412,0.3276,0.1877,0.2264,0.3240,0.3233,0.3054,0.3343,3,3,0.3321,0.2916,0.3071,0.3342
2024-09-13,745529,0.3275,0.3489,0.2445,0.2285,0.3247,0.3611,0.3126,0.3177,3,3,0.3101,0.3719,0.3340,0.3140
2024-09-13,745696,0.3472,0.4027,0.2559,0.2059,0.3548,0.4086,0.3095,0.3093,3,3,0.3358,0.3093,0.3118,0.3469
2024-09-13,745855,0.3316,0.3273,0.2409,0.2881,0.2999,0.3234,0.2985,0.3244,3,3,0.3466,0.3020,0.3092,0.3330
2024-09-13,746181,0.3540,0.3289,0.1710,0.2172,0.3290,0.3223,0.3073,0.3094,3,3,0.3189,0.3408,0.3496,0.3265
2024-09-13,746423,0.3307,0.3069,0.2081,0.2265,0.3388,0.3231,0.3230,0.2943,3,3,0.3701,0.3063,0.3150,0.3324
2024-09-13,746509,0.3343,0.3069,0.2580,0.2371,0.3348,0.2940,0.3471,0.3243,3,3,0.3415,0.3023,0.3097,0.3164
2024-09-13,746586,0.3122,0.3130,0.2431,0.1512,0.3272,0.3059,0.3105,0.3351,3,3,0.2743,0.3040,0.2914,0.3233
2024-09-13,746744,0.3474,0.3014,0.2550,0.2381,0.3348,0.3017,0.2870,0.3131,3,3,0.3432,0.3010,0.2939,0.3173
2024-09-13,747069,0.3844,0.3368,0.1760,0.2352,0.3728,0.3395,0.3081,0.3085,3,3,0.4190,0.3214,0.3412,0.3318
2024-09-13,747153,0.3242,0.3570,0.1921,0.2043,0.3073,0.3701,0.3336,0.3033,3,3,0.3320,0.3205,0.3258,0.3548
2024-09-14,744803,0.3164,0.3218,0.2396,0.2204,0.3121,0.3148,0.3524,0.3319,3,3,0.3082,0.3207,0.3237,0.3336
2024-09-14,744884,0.3149,0.3515,0.1884,0.1816,0.3185,0.3322,0.3267,0.3250,3,3,0.2984,0.3263,0.3124,0.3169
2024-09-14,745209,0.3171,0.3308,0.1918,0.2423,0.3273,0.3204,0.2883,0.3019,3,3,0.3165,0.3201,0.3168,0.3169
2024-09-14,745284,0.3554,0.3219,0.1407,0.2391,0.3479,0.3311,0.3314,0.3311,2,3,0.3353,0.2975,0.3269,0.3077
2024-09-14,745448,0.3644,0.3276,0.1918,0.2278,0.3382,0.3228,0.2897,0.3142,3,3,0.3303,0.2908,0.3030,0.3209
2024-09-14,745528,0.3294,0.3510,0.2217,0.2229,0.3195,0.3603,0.3186,0.3143,3,3,0.3167,0.3732,0.3416,0.3208
2024-09-14,745689,0.3470,0.4028,0.2566,0.2056,0.3549,0.4087,0.3087,0.3185,3,3,0.3355,0.3090,0.3229,0.3325
2024-09-14,745858,0.3015,0.3179,0.2895,0.2701,0.3120,0.3106,0.3127,0.2955,3,3,0.3466,0.3011,0.3297,0.3142
2024-09-14,746177,0.3550,0.3281,0.1708,0.2170,0.3291,0.3204,0.3184,0.3128,3,3,0.3196,0.3395,0.3178,0.3106
2024-09-14,746422,0.3299,0.3273,0.2085,0.2347,0.3383,0.3163,0.3207,0.2906,3,3,0.3697,0.3069,0.3249,0.3233
2024-09-14,746508,0.3342,0.3071,0.2571,0.2365,0.3381,0.2938,0.3246,0.3053,3,3,0.3409,0.3015,0.3104,0.3407
2024-09-14,746584,0.3153,0.3136,0.2295,0.1965,0.3196,0.3263,0.3119,0.2990,3,3,0.2854,0.2992,0.3410,0.3312
2024-09-14,746740,0.3490,0.2932,0.2345,0.2226,0.3440,0.3029,0.3317,0.3260,3,3,0.3415,0.2770,0.3128,0.3018
2024-09-14,747070,0.2865,0.3036,0.2724,0.2488,0.3175,0.3121,0.2781,0.2897,3,3,0.2520,0.3234,0.3298,0.3234
2024-09-14,747148,0.3285,0.2857,0.1983,0.1981,0.3193,0.3137,0.2946,0.3200,3,3,0.3008,0.2926,0.3088,0.3111
2024-09-15,744801,0.3147,0.3226,0.2425,0.2343,0.3108,0.3208,0.3082,0.3173,3,3,0.3079,0.3166,0.3244,0.3339
2024-09-15,744883,0.3211,0.3382,0.1837,0.1530,0.3081,0.3409,0.3160,0.3242,3,3,0.3343,0.3213,0.3194,0.3204
2024-09-15,745206,0.3160,0.3290,0.1921,0.2376,0.3258,0.3151,0.2999,0.3139,3,3,0.3151,0.3207,0.3013,0.3009
2024-09-15,745287,0.3225,0.3397,0.1646,0.2414,0.3240,0.3344,0.3149,0.3427,3,3,0.3354,0.3502,0.3499,0.3032
2024-09-15,745449,0.3643,0.3046,0.1925,0.2366,0.3401,0.3232,0.3161,0.3096,3,3,0.3287,0.2888,0.3047,0.3334
2024-09-15,745530,0.3328,0.3511,0.2420,0.2241,0.3234,0.3583,0.3054,0.3166,3,3,0.3179,0.3725,0.3392,0.3379
2024-09-15,745693,0.3404,0.4030,0.2343,0.2058,0.3240,0.4071,0.3075,0.3049,3,3,0.3369,0.3096,0.3193,0.3329
2024-09-15,745852,0.3131,0.3339,0.2557,0.2448,0.3006,0.3173,0.3139,0.3216,3,3,0.2913,0.3520,0.3112,0.3272
2024-09-15,746180,0.3550,0.3195,0.1714,0.2191,0.3285,0.3221,0.3195,0.3026,3,3,0.3188,0.3148,0.3568,0.3130
2024-09-15,746419,0.3311,0.3155,0.2077,0.2297,0.3409,0.3059,0.3279,0.3191,3,3,0.3718,0.3030,0.3142,0.3154
2024-09-15,746506,0.3332,0.3037,0.2561,0.2643,0.3375,0.2902,0.3293,0.3286,3,3,0.3402,0.2948,0.3119,0.3413
2024-09-15,746585,0.3347,0.3111,0.2107,0.1666,0.3251,0.3120,0.3139,0.3212,3,3,0.3347,0.2984,0.3332,0.3231
2024-09-15,746741,0.3497,0.2973,0.2347,0.2501,0.3439,0.2983,0.3145,0.3180,3,3,0.3438,0.2887,0.2955,0.3192
2024-09-15,747071,0.3821,0.3204,0.1763,0.2345,0.3723,0.3231,0.3290,0.3299,3,3,0.4164,0.3234,0.3186,0.3309
2024-09-15,747151,0.3277,0.3504,0.2105,0.2088,0.3312,0.3728,0.3147,0.3238,3,3,0.3024,0.3775,0.2970,0.3185
2024-09-16,745130,0.3251,0.3182,0.2116,0.1958,0.3334,0.3122,0.3057,0.2790,3,3,0.2885,0.2979,0.2964,0.3173
2024-09-16,745367,0.3542,0.3266,0.1717,0.2133,0.3279,0.3320,0.3078,0.3125,3,3,0.3185,0.2939,0.3489,0.3484
2024-09-16,745773,0.3226,0.3255,0.2207,0.2181,0.3148,0.3235,0.3099,0.3042,3,3,0.3161,0.3178,0.3326,0.3383
2024-09-16,745939,0.3505,0.3257,0.2247,0.2164,0.3588,0.3224,0.3130,0.2951,3,3,0.3710,0.3369,0.3373,0.3315
2024-09-16,746179,0.3002,0.3287,0.2431,0.2158,0.2999,0.3222,0.3138,0.3189,3,3,0.2962,0.3414,0.3136,0.3018
2024-09-16,746260,0.3051,0.3637,0.2203,0.1931,0.3158,0.3384,0.3075,0.2841,3,3,0.3056,0.3291,0.3336,0.2991
2024-09-16,746502,0.3568,0.3072,0.2034,0.2374,0.3718,0.2925,,0.3276,3,3,0.3214,0.3023,0.3567,0.3160
2024-09-16,746588,0.3433,0.3111,0.2272,0.1658,0.3290,0.3122,0.2990,0.3009,3,3,0.3493,0.2986,0.3203,0.3228
2024-09-16,746828,0.3261,0.3345,0.2585,0.2559,0.3333,0.3370,0.2979,0.3127,3,3,0.2925,0.3430,0.2772,0.3117
2024-09-16,747067,0.3412,0.3261,0.2532,0.2565,0.3378,0.3245,0.3112,0.2941,3,3,0.4159,0.2943,0.3494,0.3256
2024-09-17,744961,0.3450,0.3151,0.1812,0.1918,0.3213,0.3238,0.2922,0.3073,3,3,0.3252,0.3140,0.3347,0.3157
2024-09-17,745044,0.3494,0.3328,0.2547,0.2110,0.3555,0.3234,0.3133,0.3041,3,3,0.3385,0.3340,0.3119,0.3330
2024-09-17,745122,0.3319,0.3179,0.2234,0.1956,0.3204,0.3104,0.3265,0.3298,3,3,0.3115,0.2981,0.3094,0.3174
2024-09-17,745205,0.3567,0.3288,0.2361,0.2607,0.3624,0.3137,0.2751,0.3099,3,3,0.3051,0.3096,0.3321,0.3209
2024-09-17,745366,0.3581,0.3485,0.1940,0.1972,0.3524,0.3401,0.3040,0.2945,3,3,0.2934,0.3104,0.3275,0.3499
2024-09-17,745772,0.3099,0.3278,0.2259,0.2296,0.3162,0.3144,0.3156,0.3203,3,3,0.3084,0.3072,0.2965,0.3205
2024-09-17,745935,0.3502,0.3332,0.2249,0.2115,0.3575,0.3235,0.3302,0.2675,3,3,0.3697,0.3088,0.3203,0.3269
2024-09-17,746015,0.3808,0.2958,0.1773,0.2579,0.3721,0.3160,0.3315,0.3501,3,3,0.4146,0.3067,0.3407,0.3218
2024-09-17,746176,0.2956,0.3279,0.2200,0.2155,0.3060,0.3213,0.3346,0.3166,3,3,0.2783,0.3410,0.3207,0.3102
2024-09-17,746261,0.3217,0.3635,0.2411,0.1937,0.3209,0.3371,0.3033,0.3266,3,3,0.3046,0.3282,0.3015,0.3065
2024-09-17,746503,0.3246,0.3169,0.1979,0.2678,0.3421,0.3025,0.3258,0.3385,3,3,0.3222,0.3269,0.3584,0.3266
2024-09-17,746587,0.3283,0.3121,0.1997,0.1646,0.3037,0.3109,0.3278,0.3540,3,3,0.3434,0.3022,0.3312,0.3220
2024-09-17,746659,0.3534,0.3316,0.2348,0.2423,0.3376,0.3025,0.3117,0.3075,3,3,0.3254,0.3459,0.3258,0.3106
2024-09-17,746830,0.3483,0.3348,0.2565,0.2545,0.3344,0.3360,0.3215,0.3140,3,3,0.3431,0.3426,0.3042,0.3103
2024-09-17,746987,0.3181,0.3409,0.2526,0.2255,0.3417,0.3523,0.3117,0.2928,3,3,0.3000,0.3264,0.3351,0.3188
2024-09-18,744959,0.3429,0.3169,0.2124,0.1910,0.3205,0.3251,0.3010,0.2995,3,3,0.3274,0.3150,0.3365,0.3165
2024-09-18,745040,0.3494,0.3290,0.2556,0.2425,0.3537,0.3207,0.3131,0.3184,3,3,0.3375,0.3210,0.3070,0.3258
2024-09-18,745121,0.3239,0.3179,0.2113,0.1947,0.3300,0.3107,0.2993,0.3273,3,3,0.2887,0.2982,0.3195,0.3165
2024-09-18,745199,0.4042,0.3279,0.2056,0.2321,0.4050,0.3241,0.2957,0.3058,3,3,0.3086,0.3387,0.3307,0.3219
2024-09-18,745365,0.3474,0.3583,0.1629,0.1874,0.3205,0.3623,0.2914,0.2959,3,3,0.3183,0.3600,0.3263,0.3365
2024-09-18,745771,0.3158,0.3267,0.2354,0.2250,0.3181,0.3156,0.3266,0.3036,3,3,0.2924,0.3108,0.3077,0.3268
2024-09-18,745933,0.3505,0.3308,0.2261,0.1965,0.3563,0.3198,0.3095,0.3050,3,3,0.3693,0.3040,0.3376,0.3265
2024-09-18,746014,0.3415,0.3210,0.2159,0.2379,0.3512,0.3386,0.3131,0.3176,3,3,0.4140,0.3071,0.3326,0.3219
2024-09-18,746172,0.2937,0.3294,0.1971,0.2230,0.3158,0.3182,0.3531,0.3281,3,3,0.2795,0.3409,0.3160,0.3073
2024-09-18,746254,0.3051,0.3625,0.2224,0.1942,0.3146,0.3361,0.3337,0.2743,3,3,0.3042,0.3257,0.3182,0.3094
2024-09-18,746500,0.3558,0.3070,0.2051,0.2555,0.3744,0.2928,0.3222,0.3420,3,3,0.3782,0.3262,0.3584,0.3356
2024-09-18,746582,0.3402,0.3171,0.2502,0.1945,0.3336,0.3243,0.3109,0.2900,3,3,0.3197,0.3062,0.3335,0.3315
2024-09-18,746662,0.3393,0.3314,0.2323,0.2417,0.3448,0.3031,0.3169,0.2922,3,3,0.3279,0.3449,0.3284,0.3097
2024-09-18,746831,0.3498,0.3344,0.2566,0.2562,0.3384,0.3351,0.2828,0.3061,3,3,0.3423,0.3441,0.2931,0.3120
2024-09-18,746988,0.3288,0.3298,0.2468,0.2076,0.3530,0.3396,0.3248,0.3125,3,3,0.3033,0.3696,0.3186,0.3195
2024-09-19,744962,0.3375,0.3171,0.1492,0.1920,0.3384,0.3256,0.3107,0.3314,3,3,0.3246,0.3147,0.3214,0.3167
2024-09-19,745041,0.3346,0.3173,0.2610,0.2256,0.3511,0.3225,0.3203,0.3287,3,3,0.2959,0.2728,0.3082,0.3237
2024-09-19,745120,0.3261,0.3180,0.2294,0.1939,0.3189,0.3104,0.3156,0.3190,3,3,0.2884,0.2979,0.2975,0.3183
2024-09-19,745204,0.4039,0.3322,0.2062,0.2607,0.4059,0.3097,0.2865,0.3065,3,3,0.3089,0.3372,0.3324,0.3267
2024-09-19,745769,0.3508,0.3217,0.2264,0.2032,0.3546,0.3139,0.3143,0.3505,3,3,0.3707,0.3166,0.3371,0.3254
2024-09-19,745937,0.3511,0.3173,0.1882,0.2254,0.3764,0.3246,0.3205,0.2981,3,3,0.3258,0.3034,0.3591,0.2990
2024-09-19,746011,0.3157,0.3186,0.2427,0.2381,0.3334,0.3375,0.3269,0.2931,3,3,0.4139,0.3033,0.3062,0.2999
2024-09-19,746341,0.3267,0.3290,0.2146,0.1906,0.3186,0.3367,0.3086,0.3299,3,3,0.3404,0.3167,0.3031,0.3256
2024-09-19,746579,0.3364,0.3088,0.2006,0.2077,0.3325,0.3068,0.2969,0.3158,3,3,0.3116,0.3042,0.3238,0.3229
2024-09-19,746663,0.3062,0.3173,0.2465,0.3036,0.3172,0.2971,0.3181,0.2782,3,3,0.3295,0.2831,0.3285,0.3062
2024-09-19,746823,0.3235,0.3333,0.2334,0.2572,0.3165,0.3346,0.3267,0.3492,3,3,0.3185,0.3428,0.3175,0.3112
2024-09-19,746985,0.3263,0.3290,0.2292,0.2072,0.3269,0.3379,0.3024,0.3219,3,3,0.2979,0.3691,0.3189,0.3254
2024-09-20,744960,0.3342,0.3167,0.2406,0.1929,0.3219,0.3237,0.3104,0.2961,3,3,0.3254,0.3140,0.3200,0.3164
2024-09-20,745043,0.3394,0.3316,0.1536,0.2143,0.3370,0.3197,0.3443,0.3271,3,3,0.3267,0.3347,0.3300,0.3137
2024-09-20,745123,0.3188,0.3176,0.1856,0.1938,0.3016,0.3114,0.3290,0.3130,3,3,0.2986,0.2977,0.3218,0.3189
2024-09-20,745364,0.2835,0.3463,0.2361,0.1993,0.3030,0.3391,0.3224,0.2842,3,3,0.2769,0.3046,0.3179,0.3516
2024-09-20,745606,0.3689,0.3496,0.2229,0.2351,0.3617,0.3413,0.3151,0.3121,3,3,0.3080,0.3413,0.3099,0.3144
2024-09-20,745770,0.3507,0.3293,0.2269,0.2163,0.3538,0.3212,0.3140,0.3071,3,3,0.3694,0.3180,0.3361,0.3288
2024-09-20,745934,0.3503,0.3294,0.1896,0.2185,0.3749,0.3204,0.3362,0.3133,3,3,0.3239,0.3030,0.3338,0.3277
2024-09-20,746013,0.3445,0.3089,0.2083,0.2479,0.3465,0.3203,0.3256,0.3226,3,3,0.3319,0.3054,0.3423,0.3066
2024-09-20,746094,0.3090,0.3439,0.2433,0.2161,0.3116,0.3527,0.3184,0.3236,3,3,0.3011,0.4225,0.3259,0.3488
2024-09-20,746256,0.3140,0.3620,0.2361,0.1950,0.3414,0.3351,0.3123,0.3394,3,3,0.3029,0.3263,0.3250,0.3216
2024-09-20,746340,0.3270,0.3669,0.2144,0.1735,0.3204,0.3537,0.3113,0.3298,3,3,0.3413,0.3177,0.3076,0.3269
2024-09-20,746661,0.3258,0.3319,0.2290,0.2409,0.3189,0.3029,0.2929,0.3057,3,3,0.2875,0.3442,0.3294,0.3090
2024-09-20,746824,0.3244,0.3246,0.2346,0.2228,0.3166,0.3331,0.3174,0.3072,3,3,0.3189,0.3430,0.3158,0.3318
2024-09-20,746905,0.3445,0.3240,0.2216,0.2509,0.3486,0.3422,0.3118,0.3170,3,3,0.3440,0.3361,0.3355,0.3157
2024-09-20,746984,0.3010,0.3329,0.2339,0.2143,0.3123,0.3438,0.2992,0.2907,3,3,0.3042,0.3686,0.3334,0.3195
2024-09-21,744958,0.3333,0.3164,0.2605,0.1923,0.3113,0.3230,0.3347,0.3402,3,3,0.3392,0.3144,0.3143,0.3162
2024-09-21,745038,0.3498,0.3178,0.1727,0.2302,0.3291,0.3148,0.3164,0.3156,3,3,0.3261,0.3355,0.3341,0.3142
2024-09-21,745124,0.3188,0.3179,0.1838,0.1932,0.2999,0.3113,0.3261,0.3014,3,3,0.2970,0.2969,0.3230,0.3189
2024-09-21,745360,0.2989,0.3549,0.2566,0.1487,0.3083,0.3435,0.3507,0.3310,3,3,0.2795,0.3332,0.3073,0.3506
2024-09-21,745610,0.3540,0.3207,0.2100,0.2889,0.3600,0.3292,0.3015,0.3098,3,3,0.3080,0.2808,0.3219,0.2900
2024-09-21,745768,0.3510,0.3224,0.2272,0.1996,0.3520,0.3175,0.3098,0.2979,3,3,0.3685,0.3192,0.3372,0.3391
2024-09-21,745936,0.3365,0.3184,0.1959,0.2441,0.3473,0.3270,0.3071,0.3130,3,3,0.3234,0.3187,0.3590,0.3224
2024-09-21,746012,0.3445,0.3196,0.2071,0.2437,0.3453,0.3171,0.3321,0.3037,3,3,0.3327,0.3146,0.3192,0.3086
2024-09-21,746096,0.3086,0.3818,0.2443,0.1762,0.3110,0.3725,0.3305,0.3381,3,3,0.3027,0.4238,0.3271,0.3200
2024-09-21,746255,0.3380,0.3029,0.2474,0.2278,0.3325,0.3075,0.3106,0.3181,3,3,0.3301,0.2963,0.3236,0.2977
2024-09-21,746338,0.3261,0.3008,0.2144,0.2206,0.3196,0.3126,0.3041,0.3174,3,3,0.3401,0.2931,0.2969,0.3311
2024-09-21,746660,0.3256,0.3333,0.2302,0.2412,0.3166,0.3073,0.3212,0.3134,3,3,0.2880,0.3466,0.3107,0.3030
2024-09-21,746826,0.3303,0.3242,0.2208,0.2229,0.3243,0.3355,0.3373,0.3184,3,3,0.3143,0.3412,0.3045,0.3117
2024-09-21,746906,0.3446,0.3257,0.2188,0.2065,0.3505,0.3132,0.3066,0.3365,3,3,0.3442,0.3369,0.3335,0.3039
2024-09-21,746983,0.2994,0.3291,0.2235,0.2084,0.3078,0.3382,0.3232,0.3242,3,3,0.2869,0.3681,0.3252,0.3259
2024-09-22,744955,0.3355,0.3180,0.2393,0.1918,0.3245,0.3246,0.3177,0.2779,3,3,0.3233,0.3151,0.3255,0.3162
2024-09-22,745036,0.3373,0.3096,0.1463,0.2480,0.3364,0.3165,0.3088,0.3215,3,3,0.3200,0.2722,0.3207,0.3150
2024-09-22,745118,0.3063,0.3068,0.2112,0.2270,0.3040,0.3159,0.2952,0.3399,3,3,0.2949,0.2967,0.3285,0.3182
2024-09-22,745358,0.2958,0.3552,0.2466,0.1873,0.3019,0.3415,0.3047,0.3198,3,3,0.2833,0.3587,0.3176,0.3500
2024-09-22,745608,0.4042,0.3476,0.2062,0.2361,0.4087,0.3391,0.3145,0.3124,3,3,0.3093,0.3394,0.3242,0.3113
2024-09-22,745767,0.3509,0.3335,0.2278,0.2086,0.3527,0.3208,0.3061,0.2647,3,3,0.3698,0.3212,0.3363,0.3237
2024-09-22,745929,0.3591,0.3082,0.2053,0.2469,0.3751,0.3186,0.3104,0.3364,3,3,0.3487,0.3296,0.3204,0.3215
2024-09-22,746010,0.3452,0.3203,0.2060,0.2365,0.3441,0.3416,0.3326,0.3160,3,3,0.3341,0.3055,0.3190,0.2886
2024-09-22,746092,0.3090,0.3824,0.2446,0.1760,0.3119,0.3722,0.3019,0.3239,3,3,0.3043,0.4238,0.3258,0.3359
2024-09-22,746253,0.3296,0.3613,0.2472,0.1949,0.3556,0.3338,0.3083,0.2733,3,3,0.3029,0.3241,0.3259,0.3115
2024-09-22,746339,0.3120,0.3278,0.2306,0.1686,0.3009,0.3428,0.3127,0.3246,3,3,0.3403,0.3170,0.2999,0.3290
2024-09-22,746657,0.3297,0.3334,0.2454,0.2417,0.3182,0.3054,0.2898,0.2759,3,3,0.3152,0.3456,0.3185,0.3091
2024-09-22,746825,0.3183,0.3277,0.2762,0.2392,0.3065,0.3230,0.2948,0.3112,3,3,0.3111,0.3203,0.3103,0.3163
2024-09-22,746903,0.3153,0.3258,0.1919,0.2065,0.3160,0.3132,0.2942,0.3018,3,3,0.3111,0.3369,0.3335,0.3112
2024-09-22,746982,0.3036,0.3484,0.2233,0.2129,0.3138,0.3516,0.3147,0.2885,3,3,0.3029,0.3673,0.3330,0.3254
2024-09-23,744885,0.3192,0.3481,0.2582,0.1751,0.3396,0.3263,0.3358,0.3166,3,3,0.3373,0.3243,0.3293,0.3006
2024-09-23,745527,0.3293,0.3507,0.2500,0.2288,0.3164,0.3523,0.3096,0.3239,3,3,0.3252,0.3710,0.3088,0.3371
2024-09-23,746334,0.3356,0.3418,0.2397,0.1694,0.3252,0.3384,0.2945,0.2955,3,3,0.3236,0.3189,0.3186,0.3271
2024-09-23,747150,0.3229,0.3072,0.2560,0.1863,0.3516,0.3131,0.3290,0.3135,3,3,0.3339,0.3236,0.3169,0.3563
2024-09-24,744802,0.3610,0.3204,0.1943,0.2201,0.3337,0.3076,0.3384,0.2941,3,3,0.3237,0.3125,0.3064,0.3025
2024-09-24,744876,0.3270,0.3473,0.2356,0.1731,0.3163,0.3241,0.3093,0.3200,3,3,0.3375,0.3233,0.2946,0.2837
2024-09-24,745441,0.3234,0.3281,0.2217,0.2287,0.3156,0.3225,0.3266,0.3189,3,3,0.3299,0.2899,0.3278,0.3299
2024-09-24,745526,0.3231,0.3508,0.2636,0.2277,0.3232,0.3532,0.3097,0.2873,3,3,0.3418,0.3720,0.3079,0.3116
2024-09-24,745605,0.3186,0.3465,0.1917,0.2361,0.3244,0.3385,0.3137,0.3190,3,3,0.3163,0.3377,0.3155,0.3343
2024-09-24,745688,0.3386,0.4051,0.1988,0.2054,0.3410,0.4076,0.3111,0.3214,3,3,0.3672,0.3101,0.3413,0.3414
2024-09-24,745851,0.3203,0.3299,0.2418,0.2031,0.3152,0.3386,0.2942,0.3234,3,3,0.3032,0.2964,0.3081,0.3212
2024-09-24,746093,0.3557,0.3832,0.1484,0.1754,0.3434,0.3722,0.3128,0.3026,3,3,0.3325,0.4256,0.3498,0.3441
2024-09-24,746336,0.3356,0.3418,0.2385,0.1687,0.3236,0.3392,0.2961,0.2869,3,3,0.3234,0.3180,0.3152,0.3270
2024-09-24,746421,0.3277,0.3032,0.2365,0.2234,0.3254,0.3142,0.2787,0.3086,3,3,0.3353,0.3018,0.3163,0.3315
2024-09-24,746504,0.3172,0.3072,0.1931,0.2375,0.3096,0.2924,0.3224,0.3061,3,3,0.2974,0.3044,0.3179,0.3394
2024-09-24,746581,0.3141,0.3071,0.2479,0.1936,0.2998,0.3070,0.3016,0.3338,3,3,0.2913,0.2946,0.3095,0.3230
2024-09-24,746743,0.3269,0.2929,0.2159,0.2231,0.3204,0.3036,0.3184,0.3372,3,3,0.3418,0.2779,0.3122,0.3171
2024-09-24,747068,0.3289,0.3460,0.2036,0.2064,0.3150,0.3475,0.2933,0.3132,3,3,0.3186,0.3365,0.3367,0.3192
2024-09-24,747149,0.3283,0.3036,0.2471,0.2094,0.3544,0.3213,0.3118,0.3206,3,3,0.3040,0.3236,0.3215,0.3363
2024-09-25,744795,0.3459,0.3289,0.1843,0.2210,0.3238,0.3249,0.2991,0.3205,3,3,0.3223,0.3066,0.3044,0.3059
2024-09-25,744877,0.3294,0.3322,0.2547,0.1861,0.3413,0.3296,0.3281,0.3175,3,3,0.3370,0.2741,0.3326,0.3141
2024-09-25,745442,0.3280,0.3278,0.1990,0.2277,0.3173,0.3213,0.3180,0.3085,3,3,0.3017,0.2904,0.3128,0.3204
2024-09-25,745521,0.3246,0.3509,0.2228,0.2283,0.3251,0.3542,0.3074,0.3252,3,3,0.3419,0.3724,0.3165,0.3214
2024-09-25,745607,0.3099,0.3470,0.1855,0.2576,0.3029,0.3385,0.3027,0.3009,3,3,0.3159,0.3389,0.3169,0.2886
2024-09-25,745690,0.3483,0.4061,0.2136,0.2043,0.3482,0.4066,0.3349,0.3032,3,3,0.3662,0.3121,0.3344,0.3395
2024-09-25,745854,0.3190,0.3319,0.2401,0.1990,0.3122,0.3470,0.3140,0.3187,3,3,0.3029,0.3088,0.3263,0.3340
2024-09-25,746095,0.3549,0.3834,0.1481,0.1754,0.3424,0.3739,0.2930,0.2937,3,3,0.3309,0.4265,0.3498,0.3217
2024-09-25,746331,0.3349,0.3151,0.2392,0.1973,0.3233,0.3100,0.2987,0.2918,3,3,0.3209,0.2931,0.3115,0.3171
2024-09-25,746420,0.3237,0.3228,0.2349,0.2357,0.3177,0.3289,0.3351,0.3193,3,3,0.3203,0.3006,0.3157,0.3215
2024-09-25,746501,0.3192,0.3070,0.1920,0.2370,0.3034,0.2923,0.3403,0.3078,3,3,0.2971,0.3059,0.3210,0.3385
2024-09-25,746583,0.3228,0.3181,0.2436,0.1520,0.3008,0.2993,0.3087,0.3205,3,3,0.2985,0.3287,0.3152,0.3249
2024-09-25,746742,0.3128,0.2949,0.2309,0.2482,0.3017,0.3002,0.3041,0.3305,3,3,0.3436,0.2849,0.3113,0.3175
2024-09-25,747064,0.3260,0.3471,0.1962,0.2063,0.3169,0.3485,0.3109,0.3247,3,3,0.3242,0.3398,0.3376,0.3200
2024-09-25,747144,0.3123,0.3555,0.2409,0.1983,0.3463,0.3627,0.3155,0.3324,3,3,0.3048,0.3228,0.3419,0.3353
2024-09-26,744796,0.3598,0.3204,0.1947,0.2374,0.3336,0.3171,0.3509,0.3090,3,3,0.3219,0.3115,0.3045,0.3231
2024-09-26,745443,0.3100,0.3273,0.2127,0.2273,0.3221,0.3205,0.3237,0.3144,3,3,0.3015,0.2911,0.3241,0.3293
2024-09-26,745609,0.3183,0.3458,0.1919,0.2345,0.3253,0.3396,0.3150,0.3121,3,3,0.3162,0.3399,0.3170,0.3332
2024-09-26,745691,0.3120,0.4079,0.2588,0.2034,0.3248,0.4069,0.3069,0.2973,3,3,0.2752,0.3127,0.3150,0.3395
2024-09-26,745853,0.3052,0.3460,0.2447,0.2190,0.3208,0.3511,0.3130,0.3331,3,3,0.3021,0.3496,0.3249,0.3235
2024-09-26,746088,0.3561,0.3605,0.1480,0.2152,0.3428,0.3491,0.3275,0.3231,3,3,0.3314,0.4280,0.3507,0.2989
2024-09-26,746415,0.3241,0.3169,0.2469,0.2496,0.3158,0.3133,0.2981,0.3335,3,3,0.3186,0.3032,0.3087,0.3126
2024-09-26,746495,0.3236,0.3084,0.2128,0.2469,0.3142,0.3133,0.3263,0.3317,3,3,0.2971,0.3073,0.3309,0.3364
2024-09-26,746738,0.3003,0.2966,0.2221,0.2581,0.3113,0.3008,0.3382,0.3131,3,3,0.3131,0.2824,0.3035,0.3077
2024-09-27,744797,0.3191,0.3192,0.2507,0.2194,0.3437,0.3075,0.3028,0.2999,3,3,0.3733,0.3087,0.3266,0.2873
2024-09-27,744879,0.3181,0.2999,0.2450,0.2220,0.3160,0.3148,0.3269,0.3311,3,3,0.3040,0.2931,0.3250,0.3318
2024-09-27,745202,0.3457,0.3342,0.2341,0.2596,0.3403,0.3123,0.2900,0.3358,3,3,0.3401,0.3403,0.3186,0.2929
2024-09-27,745280,0.3194,0.3297,0.1546,0.2462,0.3019,0.3507,0.3173,0.3259,3,3,0.2966,0.3034,0.3251,0.3416
2024-09-27,745692,0.3310,0.3578,0.2241,0.2064,0.3163,0.3620,0.3148,0.3118,3,3,0.3157,0.3115,0.3156,0.3105
2024-09-27,745847,0.3484,0.3357,0.2130,0.2012,0.3496,0.3369,0.3063,0.3202,3,3,0.3677,0.3093,0.3272,0.3247
2024-09-27,745930,0.3461,0.3138,0.2336,0.2240,0.3273,0.3159,0.3331,0.3128,3,3,0.3713,0.3009,0.3313,0.3454
2024-09-27,746173,0.3185,0.3077,0.1908,0.2521,0.3260,0.3150,0.3147,0.3013,3,3,0.3152,0.3440,0.3173,0.2976
2024-09-27,746417,0.2935,0.3243,0.2291,0.2257,0.3101,0.3088,0.3087,0.2871,3,3,0.2802,0.3159,0.3169,0.2928
2024-09-27,746494,0.3298,0.2955,0.2460,0.2389,0.3551,0.3048,0.3458,0.3044,3,3,0.4270,0.3081,0.3168,0.3206
2024-09-27,746580,0.3409,0.3206,0.1687,0.1613,0.3403,0.3041,0.3087,0.3296,3,3,0.3176,0.3296,0.3325,0.3240
2024-09-27,746822,0.3323,0.3237,0.2437,0.2213,0.3030,0.3305,0.3070,0.2894,3,3,0.3461,0.3424,0.3093,0.3165
2024-09-27,746904,0.3294,0.3200,0.2124,0.2579,0.3195,0.3383,0.3048,0.3183,3,3,0.3340,0.3360,0.2792,0.3098
2024-09-27,747065,0.3446,0.3471,0.1839,0.2063,0.3215,0.3487,0.3097,0.3343,3,3,0.3203,0.3398,0.3391,0.3200
2024-09-27,747145,0.3375,0.3441,0.1695,0.1936,0.3333,0.3634,0.3210,0.2991,3,3,0.3300,0.3235,0.3505,0.3356
2024-09-28,744799,0.3512,0.3223,0.2271,0.1886,0.3565,0.3172,0.3282,0.3138,3,3,0.3728,0.3323,0.3373,0.3079
2024-09-28,744878,0.3192,0.3483,0.2432,0.1682,0.3163,0.3258,0.3148,0.3315,3,3,0.3019,0.3221,0.3258,0.3313
2024-09-28,745203,0.3438,0.3342,0.2366,0.2399,0.3384,0.3218,0.3425,0.3197,3,3,0.3380,0.3201,0.3100,0.3137
2024-09-28,745281,0.3169,0.3299,0.1936,0.2463,0.3116,0.3495,0.3140,0.2964,3,3,0.2978,0.3044,0.3426,0.3350
2024-09-28,745685,0.3284,0.4079,0.2263,0.2221,0.3204,0.4017,0.3127,0.2764,3,3,0.2922,0.3137,0.3176,0.3402
2024-09-28,745849,0.3078,0.2989,0.2247,0.2257,0.3140,0.3095,0.3516,0.3288,3,3,0.2741,0.2969,0.3411,0.3223
2024-09-28,745931,0.3410,0.3308,0.2101,0.2335,0.3317,0.3118,0.3232,0.3248,3,3,0.3706,0.3272,0.3386,0.3225
2024-09-28,746171,0.3182,0.3089,0.1919,0.2500,0.3257,0.3163,0.3280,0.3212,3,3,0.3173,0.3425,0.3227,0.2833
2024-09-28,746414,0.2947,0.2878,0.2284,0.2638,0.3135,0.2977,0.3056,0.3192,3,3,0.2814,0.2858,0.3170,0.3320
2024-09-28,746499,0.3458,0.2947,0.2457,0.2551,0.3507,0.3052,0.3241,0.3017,3,3,0.4291,0.3095,0.3449,0.3245
2024-09-28,746578,0.3396,0.3128,0.1837,0.1781,0.3379,0.3008,0.3159,0.3092,3,3,0.3130,0.3081,0.3114,0.3233
2024-09-28,746819,0.3325,0.3240,0.2436,0.2204,0.3030,0.3288,0.3252,0.3226,3,3,0.3476,0.3430,0.3091,0.3259
2024-09-28,746902,0.3280,0.3184,0.2138,0.2593,0.3199,0.3353,0.3056,0.3131,3,3,0.3331,0.3359,0.3309,0.3312
2024-09-28,747066,0.3194,0.3474,0.1922,0.2062,0.3119,0.3497,0.3097,0.3086,3,3,0.2970,0.3397,0.3098,0.3426
2024-09-28,747146,0.3358,0.3529,0.1906,0.1900,0.3470,0.3798,0.3387,0.3627,3,3,0.3589,0.3249,0.2950,0.3355
2024-09-29,744798,0.3395,0.3266,0.2545,0.2077,0.3517,0.3111,0.3152,0.3097,3,3,0.3726,0.3311,0.3269,0.3129
2024-09-29,744880,0.3186,0.3114,0.2433,0.1989,0.3156,0.3205,0.3068,0.3147,3,3,0.3369,0.3164,0.3254,0.2929
2024-09-29,745201,0.3460,0.3055,0.2377,0.2457,0.3348,0.3246,0.2912,0.3153,3,3,0.3213,0.3198,0.2891,0.3186
2024-09-29,745282,0.3248,0.3095,0.1699,0.2272,0.3044,0.3151,0.3240,0.3039,3,3,0.3350,0.2896,0.3033,0.3300
2024-09-29,745686,0.3362,0.3167,0.2386,0.2248,0.3100,0.3119,0.3064,0.3272,3,3,0.3186,0.3109,0.3244,0.3113
2024-09-29,745846,0.3155,0.2985,0.2285,0.2249,0.3183,0.3085,0.2884,0.3154,3,3,0.2774,0.2964,0.3326,0.3242
2024-09-29,745932,0.3414,0.3113,0.1938,0.2151,0.3226,0.3269,0.3351,0.3306,3,3,0.3695,0.3024,0.3279,0.3072
2024-09-29,746174,0.3192,0.3071,0.1920,0.2488,0.3250,0.3177,0.3259,0.2930,3,3,0.3189,0.3405,0.3066,0.2816
2024-09-29,746416,0.2873,0.3235,0.2675,0.2372,0.2930,0.3382,0.3243,0.3250,3,3,0.2793,0.3010,0.3167,0.3216
2024-09-29,746496,0.3572,0.3012,0.2678,0.2873,0.3449,0.3131,0.3240,0.3109,3,3,0.4296,0.2863,0.3199,0.3249
2024-09-29,746820,0.3323,0.3346,0.2432,0.2128,0.3037,0.3282,0.3222,0.2888,3,3,0.3470,0.3420,0.2975,0.3157
2024-09-29,746901,0.3252,0.3211,0.2191,0.2411,0.3250,0.3419,0.3297,0.3073,3,3,0.3200,0.3358,0.3113,0.3063
2024-09-29,747061,0.3444,0.3473,0.1839,0.2063,0.3193,0.3495,0.3233,0.3370,3,3,0.3190,0.3396,0.3229,0.3193
2024-09-29,747147,0.3411,0.3109,0.2051,0.1867,0.3319,0.3311,0.2978,0.3298,3,3,0.3131,0.2818,0.3413,0.3493
2025-04-01,778485,0.3126,0.3441,0.2059,0.1609,0.3175,0.3500,0.3089,0.3400,3,3,0.2986,0.3725,0.3134,0.3365
2025-04-01,778486,0.3154,0.3289,0.2473,0.2391,0.3102,0.3204,0.2927,0.3239,3,3,0.3046,0.3080,0.3024,0.3241
2025-04-01,778487,0.3423,0.3626,0.2347,0.1871,0.3302,0.3412,,0.2831,3,3,0.3362,0.4233,0.3453,0.3425
2025-04-01,778488,0.3494,0.3253,0.1803,0.2049,0.3319,0.3299,0.3216,0.3191,3,3,0.3458,0.3069,0.3277,0.3180
2025-04-01,778489,0.3223,0.3418,0.2097,0.1776,0.3277,0.3248,0.3174,0.3228,3,3,0.3155,0.3172,0.3311,0.3409
2025-04-01,778490,0.3299,0.3068,0.2192,0.2415,0.3368,0.3183,,0.3137,3,3,0.3082,0.3112,0.3062,0.2991
2025-04-01,778491,0.3180,0.3450,0.2105,0.1847,0.3115,0.3346,0.3348,0.3031,3,3,0.3179,0.3169,0.3167,0.3153
2025-04-01,778492,0.3545,0.3686,0.2010,0.2202,0.3574,0.3682,0.3144,0.2987,3,3,0.3279,0.3318,0.3357,0.3046
2025-04-01,778493,0.3315,0.3269,0.2570,0.2126,0.3143,0.3235,0.3172,,3,3,0.3123,0.3328,0.3177,0.3076
2025-04-01,778494,0.3488,0.3394,0.2345,0.2334,0.3492,0.3300,0.3164,0.2998,3,3,0.3351,0.3335,0.3285,0.3101
2025-04-01,778495,0.3299,0.3460,0.2078,0.2012,0.3429,0.3389,0.3262,0.3311,3,3,0.3412,0.3603,0.3079,0.3075
2025-04-01,778497,0.3808,0.3127,0.2024,0.2224,0.3591,0.3142,0.3146,0.3158,3,3,0.3642,0.3060,0.3302,0.2973
2025-04-01,778498,0.3353,0.3250,0.1885,0.2340,0.3266,0.3095,0.3241,0.3166,3,3,0.3135,0.2985,0.3347,0.3041
2025-04-02,778469,0.3148,0.3289,0.2479,0.2382,0.3102,0.3223,0.3220,0.2823,3,3,0.3048,0.3091,0.3028,0.3110
2025-04-02,778471,0.3520,0.3397,0.2336,0.2314,0.3540,0.3315,0.3082,0.3190,3,3,0.3367,0.3320,0.3275,0.3175
2025-04-02,778472,0.3455,0.3739,0.2223,0.2090,0.3446,0.3523,0.2864,0.3191,3,3,0.3051,0.4233,0.3236,0.3396
2025-04-02,778473,0.3306,0.3411,0.2073,0.2027,0.3404,0.3438,0.2999,0.3136,3,3,0.3390,0.3595,0.3246,0.3223
2025-04-02,778474,0.3400,0.3079,0.2453,0.2356,0.3308,0.3166,0.3234,0.3113,3,3,0.3420,0.3210,0.3237,0.2996
2025-04-02,778475,0.3212,0.3406,0.2239,0.1783,0.3244,0.3231,0.3012,0.3124,3,3,0.3288,0.3168,0.3341,0.3391
2025-04-02,778476,0.3201,0.3453,0.1673,0.1593,0.3092,0.3494,0.3063,0.3081,3,3,0.3271,0.3748,0.3102,0.3482
2025-04-02,778477,0.3492,0.3263,0.1980,0.2037,0.3327,0.3294,0.3074,0.3021,3,3,0.3451,0.3072,0.3315,0.3170
2025-04-02,778478,0.3156,0.3433,0.1780,0.1860,0.3179,0.3358,0.3225,0.3030,3,3,0.3203,0.3152,0.3313,0.3177
2025-04-02,778479,0.3250,0.3176,0.2409,0.1977,0.3122,0.3210,0.3131,0.2791,3,3,0.2930,0.3331,0.3099,0.3265
2025-04-02,778480,0.3311,0.3235,0.1987,0.2348,0.3300,0.3079,0.2906,0.3277,3,3,0.3129,0.2965,0.3260,0.3034
2025-04-02,778481,0.3792,0.3051,0.2016,0.2453,0.3575,0.3115,0.3133,0.3165,3,3,0.3624,0.3064,0.3296,0.3151
2025-04-02,778482,0.3117,0.3391,0.2640,0.1896,0.3040,0.3304,0.2708,0.3226,3,3,0.3234,0.3201,0.2996,0.3542
2025-04-02,778483,0.3356,0.3388,0.2112,0.2284,0.3140,0.3530,0.3040,0.2859,3,3,0.3345,0.3509,0.2992,0.3201
2025-04-02,778484,0.3409,0.3675,0.1917,0.2218,0.3633,0.3656,0.3131,0.3155,3,3,0.3761,0.3321,0.3388,0.3039
2025-04-03,778462,0.3357,0.3411,0.1933,0.2444,0.3181,0.3393,0.2877,0.3005,3,3,0.3017,0.3400,0.3263,0.3225
2025-04-03,778466,0.3258,0.3657,0.1955,0.2131,0.3259,0.3633,0.3364,0.3192,3,3,0.3290,0.3289,0.3256,0.3157
2025-04-03,778467,0.3103,0.3488,0.2658,0.2273,0.3019,0.3517,0.3520,0.3447,3,3,0.3228,0.3719,0.3231,0.3248
2025-04-03,778468,0.3208,0.3398,0.2401,0.2150,0.3064,0.3237,0.3109,0.3069,3,3,0.2991,0.3229,0.2993,0.2970
2025-04-03,778470,0.3347,0.3256,0.2113,0.1971,0.3121,0.3297,0.3292,0.3207,3,3,0.3332,0.2973,0.3010,0.3422
2025-04-04,778444,0.3288,0.3308,0.2374,0.2106,0.3220,0.3283,0.3122,,3,3,0.3092,0.3370,0.3152,0.3282
2025-04-04,778447,0.3288,0.3471,0.1485,0.2333,0.3002,0.3394,0.3106,0.3302,3,3,0.3280,0.3383,0.3017,0.2956
2025-04-04,778453,0.3157,0.3251,0.2272,0.2064,0.3075,0.3304,0.3262,0.2951,3,3,0.3009,0.3036,0.2961,0.3156
2025-04-04,778454,0.3266,0.3363,0.2086,0.1873,0.3251,0.3280,0.3203,0.3119,3,3,0.3314,0.3135,0.3290,0.3330
2025-04-04,778455,0.3478,0.3429,0.2021,0.1839,0.3526,0.3263,0.3105,0.3193,3,3,0.3634,0.3114,0.3226,0.3333
2025-04-04,778456,0.3397,0.3101,0.2323,0.2656,0.3301,0.3024,0.3200,0.3010,3,3,0.3330,0.3231,0.3274,0.3229
2025-04-04,778457,0.3166,0.3182,0.2127,0.2110,0.3375,0.3090,0.3182,0.3325,3,3,0.3279,0.3223,0.3261,0.3266
2025-04-04,778458,0.2949,0.3087,0.2445,0.2758,0.3026,0.3235,0.3040,0.3154,3,3,0.2835,0.2924,0.3155,0.3082
2025-04-04,778459,0.3644,0.3480,0.1835,0.2272,0.3391,0.3503,0.3164,0.3000,3,3,0.4252,0.3732,0.3215,0.3237
2025-04-04,778460,0.3455,0.3533,0.1586,0.2314,0.3496,0.3550,0.2970,0.3458,3,3,0.3770,0.3369,0.3382,0.3270
2025-04-04,778461,0.3754,0.3261,0.2471,0.2343,0.3627,0.3103,0.3236,0.3084,3,3,0.3418,0.2944,0.3320,0.3207
2025-04-04,778463,0.3438,0.3349,0.2019,0.2124,0.3390,0.3149,0.3198,0.3136,3,3,0.3577,0.3329,0.3076,0.2983
2025-04-04,778464,0.3052,0.3426,0.2441,0.2081,0.3112,0.3413,0.3137,0.3163,3,3,0.3032,0.3337,0.3063,0.3439
2025-04-04,778465,0.3435,0.3802,0.1848,0.2016,0.3382,0.3583,0.3146,0.3247,3,3,0.3150,0.3612,0.3144,0.3320
2025-04-05,778436,0.3307,0.3295,0.2348,0.2127,0.3259,0.3292,0.3036,0.3127,3,3,0.3069,0.3373,0.3087,0.3296
2025-04-05,778437,0.3128,0.3268,0.2325,0.2090,0.3099,0.3455,0.3202,0.2995,3,3,0.2960,0.3363,0.2964,0.3356
2025-04-05,778438,0.3220,0.3367,0.2096,0.1871,0.3221,0.3278,0.2991,0.3138,3,3,0.3300,0.3139,0.3155,0.3056
2025-04-05,778439,0.3089,0.3241,0.2076,0.2065,0.3058,0.3289,0.3158,0.3284,3,3,0.3002,0.3056,0.2942,0.3164
2025-04-05,778440,0.3378,0.3392,0.1820,0.2455,0.3187,0.3404,0.3019,0.3109,3,3,0.3120,0.3397,0.3380,0.3062
2025-04-05,778441,0.3387,0.3175,0.2128,0.2062,0.3568,0.3131,0.3116,0.3197,3,3,0.3631,0.3432,0.3175,0.2995
2025-04-05,778442,0.3377,0.3087,0.2326,0.2645,0.3284,0.3011,0.3128,0.3200,3,3,0.3303,0.3214,0.3292,0.2988
2025-04-05,778443,0.3302,0.3354,0.2358,0.2109,0.3426,0.3166,0.3177,0.3007,3,3,0.3573,0.3347,0.3143,0.3012
2025-04-05,778445,0.2935,0.3300,0.2457,0.2704,0.3027,0.3362,0.3007,0.3200,3,3,0.2809,0.2926,0.3154,0.3090
2025-04-05,778446,0.3432,0.3804,0.1858,0.2001,0.3367,0.3599,0.3243,0.3333,3,3,0.3138,0.3628,0.3121,0.3292
2025-04-05,778448,0.3729,0.3482,0.2095,0.2268,0.3501,0.3484,0.3039,0.3184,3,3,0.4263,0.3732,0.3299,0.3231
2025-04-05,778449,0.3808,0.3277,0.2485,0.2555,0.3697,0.3055,0.3242,0.3349,3,3,0.3347,0.2989,0.3055,0.3040
2025-04-05,778450,0.3099,0.3537,0.1532,0.2307,0.3168,0.3542,0.3081,0.2978,3,3,0.2956,0.3369,0.3392,0.3233
2025-04-05,778451,0.3122,0.3445,0.2228,0.2070,0.3198,0.3417,0.3187,0.3385,3,3,0.3019,0.3380,0.2968,0.3459
2025-04-05,778452,0.3145,0.3147,0.1825,0.2225,0.3352,0.3108,0.3209,0.3254,3,3,0.2899,0.3233,0.3425,0.3177
2025-04-06,778419,0.3378,0.3185,0.1822,0.2137,0.3172,0.3412,0.3287,0.2958,3,3,0.3120,0.2800,0.2992,0.3285
2025-04-06,778420,0.3146,0.3372,0.2235,0.1889,0.3194,0.3305,0.3201,0.2945,3,3,0.2892,0.3151,0.3306,0.3325
2025-04-06,778421,0.3110,0.3226,0.2061,0.2084,0.3072,0.3282,0.3173,0.3282,3,3,0.3044,0.3054,0.3020,0.3009
2025-04-06,778422,0.3458,0.3465,0.2027,0.1999,0.3532,0.3311,0.2875,0.3133,3,3,0.3607,0.3437,0.3340,0.3133
2025-04-06,778423,0.3392,0.3086,0.2320,0.2641,0.3281,0.3011,,0.3243,3,3,0.3339,0.3198,0.3244,0.2970
2025-04-06,778425,0.3320,0.3362,0.1478,0.2088,0.3054,0.3530,0.3233,0.3200,3,3,0.3292,0.3361,0.3012,0.3382
2025-04-06,778427,0.3340,0.3297,0.2611,0.2121,0.3132,0.3293,0.3330,0.2942,3,3,0.3191,0.3350,0.3148,0.3291
2025-04-06,778428,0.3684,0.3272,0.2230,0.2337,0.3688,0.3097,0.3215,0.3177,3,3,0.3359,0.2979,0.3064,0.3121
2025-04-06,778429,0.3235,0.3157,0.1839,0.1789,0.3340,0.3258,0.3033,0.2918,3,3,0.3338,0.3211,0.3259,0.3299
2025-04-06,778430,0.3440,0.3545,0.1586,0.2308,0.3468,0.3573,0.3197,0.3142,3,3,0.3757,0.3373,0.3475,0.3307
2025-04-06,778431,0.3051,0.3400,0.2460,0.2059,0.3197,0.3239,0.3179,0.3228,2,3,0.3015,0.3484,0.3134,0.3250
2025-04-06,778432,0.3368,0.3117,0.1872,0.2551,0.3199,0.3278,,0.3236,3,3,0.3573,0.3229,0.3131,0.3141
2025-04-06,778433,0.3083,0.3107,0.2468,0.2543,0.3096,0.3045,0.3188,0.3351,3,3,0.3254,0.3427,0.3146,0.3178
2025-04-06,778434,0.3637,0.3475,0.1826,0.2270,0.3362,0.3488,0.3041,0.2863,3,3,0.4275,0.3732,0.3408,0.3193
2025-04-06,778435,0.3443,0.3796,0.1849,0.2009,0.3372,0.3613,0.3406,0.3122,3,3,0.3189,0.3633,0.3161,0.3322
2025-04-07,778405,0.3389,0.3283,0.1809,0.2578,0.3183,0.3139,0.2849,0.3180,3,3,0.3116,0.3425,0.3286,0.3309
2025-04-07,778410,0.3138,0.3285,0.2405,0.2130,0.3116,0.3276,0.3190,0.2863,3,3,0.3031,0.3346,0.3144,0.3286
2025-04-07,778411,0.3008,0.3553,0.2287,0.2290,0.3204,0.3594,0.2960,0.3112,3,3,0.2743,0.3380,0.2927,0.3238
2025-04-07,778412,0.3400,0.3535,0.2445,0.1702,0.3434,0.3250,0.3272,0.3138,3,3,0.3435,0.3434,0.3214,0.3303
2025-04-07,778413,0.3310,0.3228,0.2278,0.1839,0.3395,0.3335,0.3116,0.3017,3,3,0.3587,0.3344,0.3276,0.3255
2025-04-07,778414,0.3445,0.3468,0.1588,0.2453,0.3484,0.3350,0.3058,0.3041,3,3,0.3751,0.3359,0.3122,0.3213
2025-04-07,778415,0.3424,0.3127,0.2020,0.2308,0.3374,0.3135,0.3090,0.3254,3,3,0.3533,0.2982,0.3115,0.3271
2025-04-07,778416,0.3114,0.3804,0.2233,0.2001,0.3249,0.3627,0.3093,0.3261,3,3,0.3015,0.3629,0.3074,0.3101
2025-04-07,778418,0.3632,0.3124,0.1833,0.1891,0.3379,0.3210,0.3139,0.3157,3,3,0.4255,0.2900,0.3408,0.3123
2025-04-07,778424,0.3704,0.3234,0.2210,0.2479,0.3681,0.3398,0.3207,0.3121,3,3,0.3442,0.3563,0.3293,0.3260
2025-04-07,778426,0.3442,0.3374,0.1836,0.2104,0.3361,0.3187,0.3130,0.3300,3,3,0.3170,0.3309,0.3157,0.3034
2025-04-08,778394,0.3367,0.3100,0.2148,0.2634,0.3199,0.3056,0.3229,0.3019,3,3,0.3195,0.3226,0.2993,0.3011
2025-04-08,778395,0.3177,0.3328,0.1612,0.2505,0.3363,0.3351,0.3130,0.2911,3,3,0.2928,0.3342,0.3038,0.3195
2025-04-08,778396,0.3238,0.3228,0.2288,0.1826,0.3519,0.3320,0.3311,0.3279,3,3,0.3598,0.3352,0.3277,0.3266
2025-04-08,778397,0.3125,0.3270,0.2460,0.2196,0.3116,0.3339,0.3140,0.3020,3,3,0.3031,0.3245,0.3033,0.3181
2025-04-08,778398,0.3291,0.3304,0.1731,0.2569,0.3175,0.3264,0.3067,0.3016,3,3,0.3135,0.3085,0.3281,0.3078
2025-04-08,778400,0.3149,0.3543,0.2279,0.1688,0.3309,0.3253,0.2912,0.3007,3,3,0.3344,0.3454,0.3423,0.3297
2025-04-08,778401,0.3221,0.3566,0.1961,0.2283,0.3148,0.3600,0.3154,0.3396,3,3,0.3115,0.3364,0.3316,0.3194
2025-04-08,778402,0.3080,0.3315,0.2456,0.1479,0.3111,0.3074,0.3178,0.3249,3,3,0.3250,0.3279,0.3128,0.3054
2025-04-08,778403,0.3797,0.3312,0.2443,0.2687,0.3653,0.3361,0.2844,0.3279,3,3,0.3345,0.2961,0.3052,0.3107
2025-04-08,778404,0.3450,0.3375,0.1838,0.2088,0.3388,0.3184,0.2838,0.3162,3,3,0.3187,0.3316,0.3073,0.3070
2025-04-08,778406,0.3366,0.3437,0.1905,0.2070,0.3283,0.3425,0.2817,0.2898,3,3,0.3189,0.3379,0.3528,0.3454
2025-04-08,778407,0.3075,0.3375,0.2243,0.2527,0.3155,0.3313,0.3034,0.3150,3,3,0.3024,0.3621,0.3141,0.3287
2025-04-08,778408,0.3198,0.3210,0.2196,0.2455,0.3274,0.3057,0.2742,0.3024,3,3,0.2844,0.2980,0.3121,0.3105
2025-04-08,778409,0.3478,0.3162,0.1934,0.2397,0.3459,0.3081,0.3187,0.3310,3,3,0.4281,0.3148,0.3243,0.3104
2025-04-08,778417,0.3360,0.3189,0.2072,0.2250,0.3521,0.3187,0.3036,0.3223,3,3,0.3366,0.3280,0.3321,0.2967
2025-04-09,778376,0.3067,0.3244,0.2462,0.2124,0.3087,0.3288,0.3138,0.2964,3,3,0.3010,0.3185,0.3112,0.3279
2025-04-09,778379,0.3250,0.2932,0.2087,0.2663,0.3290,0.3000,0.3368,0.3229,3,3,0.3094,0.2982,0.3086,0.3025
2025-04-09,778380,0.3426,0.3281,0.1860,0.1946,0.3419,0.3216,0.3374,0.3221,3,3,0.3582,0.3372,0.3226,0.3383
2025-04-09,778381,0.3243,0.3478,0.1521,0.2446,0.3373,0.3397,0.2995,0.3478,3,3,0.3247,0.3326,0.3046,0.3197
2025-04-09,778383,0.3024,0.3253,0.1752,0.2667,0.3100,0.3216,0.3141,0.2969,3,3,0.3135,0.3403,0.3282,0.3186
2025-04-09,778385,0.3268,0.3585,0.2019,0.2272,0.3237,0.3621,0.2955,0.3134,3,3,0.3097,0.3378,0.3231,0.3272
2025-04-09,778386,0.3458,0.3363,0.1830,0.2109,0.3404,0.3164,0.3176,0.3249,3,3,0.3227,0.3305,0.3067,0.3056
2025-04-09,778387,0.3697,0.3286,0.2207,0.2717,0.3685,0.3331,0.2997,0.3165,3,3,0.3449,0.2918,0.3273,0.3081
2025-04-09,778388,0.3351,0.3536,0.2374,0.1683,0.3364,0.3236,0.3115,0.2887,3,3,0.3432,0.3442,0.3216,0.3285
2025-04-09,778389,0.3416,0.3241,0.2053,0.2441,0.3368,0.3057,0.3272,0.3087,3,3,0.3505,0.3048,0.2975,0.3095
2025-04-09,778390,0.3010,0.3824,0.2399,0.1975,0.3210,0.3658,0.3077,0.3192,3,3,0.2994,0.3651,0.3014,0.3318
2025-04-09,778391,0.3076,0.3302,0.2568,0.1489,0.3187,0.3061,0.3583,0.3137,3,3,0.2901,0.3257,0.3002,0.3059
2025-04-09,778392,0.3629,0.3212,0.1852,0.2101,0.3352,0.3214,0.3321,0.3184,3,3,0.4263,0.3198,0.3422,0.3087
2025-04-09,778393,0.3492,0.3147,0.2266,0.2055,0.3480,0.3278,0.3182,0.3454,3,3,0.3781,0.3353,0.3225,0.3438
2025-04-09,778399,0.3389,0.3088,0.2088,0.2038,0.3463,0.3177,0.3038,0.3028,3,3,0.3341,0.3269,0.3390,0.3027
2025-04-10,778371,0.3267,0.3135,0.2075,0.2280,0.3273,0.3196,0.3196,0.3112,3,3,0.3088,0.3260,0.3186,0.3049
2025-04-10,778373,0.3352,0.3527,0.2382,0.1688,0.3357,0.3225,0.3120,0.3010,3,3,0.3437,0.3428,0.3234,0.3284
2025-04-10,778377,0.3172,0.3116,0.1871,0.2108,0.3292,0.3120,0.3230,0.3303,3,3,0.3227,0.3297,0.3295,0.3031
2025-04-10,778378,0.3038,0.3303,0.2270,0.1483,0.3245,0.3069,0.3203,0.3304,3,3,0.3090,0.3265,0.3092,0.3034
2025-04-10,778382,0.3168,0.3162,0.1822,0.2324,0.3469,0.3213,0.3192,0.3109,3,3,0.2788,0.3002,0.3379,0.3333
2025-04-10,778384,0.3498,0.3454,0.2283,0.2221,0.3472,0.3431,0.3006,0.3134,3,3,0.3762,0.3060,0.3214,0.3309
2025-04-11,778356,0.3588,0.3723,0.2253,0.2069,0.3635,0.3514,0.2978,0.3003,3,3,0.3374,0.4260,0.3255,0.3427
2025-04-11,778358,0.3832,0.3493,0.1967,0.2427,0.3649,0.3415,0.3189,0.3300,3,3,0.3665,0.3342,0.3316,0.3069
2025-04-11,778360,0.3302,0.3286,0.1946,0.2591,0.3281,0.3279,0.3144,0.2999,3,3,0.3109,0.3402,0.3306,0.3202
2025-04-11,778361,0.2996,0.3138,0.2340,0.1647,0.3149,0.3227,0.3076,0.3138,3,3,0.2989,0.3224,0.3041,0.3127
2025-04-11,778363,0.3114,0.3337,0.2516,0.2388,0.3229,0.3345,0.3162,0.3130,3,3,0.3142,0.3426,0.3123,0.3321
2025-04-11,778364,0.3384,0.3216,0.2145,0.1838,0.3164,0.3287,0.3277,0.3187,3,3,0.3208,0.2980,0.2979,0.3279
2025-04-11,778365,0.3255,0.3297,0.2004,0.1962,0.3139,0.3263,0.3024,0.3144,3,3,0.3040,0.3504,0.3555,0.3105
2025-04-11,778366,0.3369,0.3024,0.2109,0.2306,0.3169,0.3151,0.3287,0.3150,3,3,0.3311,0.2790,0.3033,0.3033
2025-04-11,778367,0.3559,0.3165,0.2366,0.2272,0.3470,0.3212,0.3150,0.3195,3,3,0.3329,0.3249,0.3238,0.3308
2025-04-11,778368,0.3382,0.3031,0.2011,0.2334,0.3503,0.3184,0.3111,0.3120,3,3,0.3384,0.3022,0.3304,0.3189
2025-04-11,778369,0.3119,0.3111,0.2075,0.2239,0.3234,0.3284,0.3293,0.3214,3,3,0.2926,0.3032,0.3183,0.3125
2025-04-11,778370,0.3240,0.3799,0.2182,0.2453,0.3369,0.3636,0.3336,0.3192,3,3,0.3142,0.3379,0.3274,0.2975
2025-04-11,778372,0.3159,0.3135,0.2022,0.2608,0.3192,0.3305,0.3314,0.3059,3,3,0.3180,0.3500,0.3072,0.3010
2025-04-11,778374,0.3195,0.3111,0.2403,0.2456,0.3136,0.3086,0.3276,0.3233,3,3,0.3081,0.2982,0.3012,0.2979
2025-04-11,778375,0.3533,0.3293,0.1676,0.1482,0.3220,0.3056,0.3058,0.2870,3,3,0.3441,0.3268,0.3299,0.3031
2025-04-12,778341,0.3047,0.3344,0.2237,0.2596,0.3138,0.3203,0.2935,0.3214,3,3,0.3137,0.3387,0.3086,0.3192
2025-04-12,778345,0.3157,0.3176,0.2112,0.1627,0.3278,0.3230,0.3134,0.3294,3,3,0.3367,0.3099,0.3103,0.3213
2025-04-12,778346,0.3830,0.3346,0.1961,0.1967,0.3645,0.3287,0.3227,0.3119,3,3,0.3638,0.3171,0.3319,0.3125
2025-04-12,778347,0.3240,0.3344,0.2001,0.2049,0.3130,0.3407,0.3286,0.2942,3,3,0.3019,0.3507,0.3558,0.3228
2025-04-12,778348,0.3244,0.3327,0.2366,0.2382,0.3294,0.3335,0.3348,0.3132,3,3,0.3116,0.3403,0.3266,0.3332
2025-04-12,778349,0.3322,0.2931,0.2188,0.2574,0.3184,0.3085,0.3359,0.3191,3,3,0.3143,0.2814,0.3039,0.3004
2025-04-12,778350,0.3265,0.3149,0.2045,0.1732,0.3257,0.3296,0.2973,0.3032,3,3,0.3098,0.3391,0.3169,0.3271
2025-04-12,778351,0.3386,0.3413,0.2013,0.1783,0.3476,0.3137,0.3089,0.3242,3,3,0.3372,0.3124,0.3367,0.3315
2025-04-12,778352,0.3067,0.3472,0.2537,0.1573,0.3156,0.3500,0.3204,0.3128,3,3,0.2923,0.3824,0.2888,0.3140
2025-04-12,778353,0.3566,0.3238,0.2352,0.2008,0.3471,0.3267,0.2930,0.3252,3,3,0.3317,0.3240,0.3238,0.3300
2025-04-12,778354,0.3242,0.3113,0.1947,0.2234,0.3244,0.3258,0.3114,0.3012,3,3,0.3239,0.3027,0.3190,0.3043
2025-04-12,778355,0.3257,0.3684,0.2173,0.2253,0.3391,0.3637,0.3210,0.3359,3,3,0.3146,0.3456,0.3275,0.3275
2025-04-12,778357,0.3132,0.3118,0.1983,0.2473,0.3147,0.3125,0.3118,0.3172,3,3,0.2930,0.2975,0.3155,0.2988
2025-04-12,778359,0.3368,0.3297,0.1875,0.1474,0.3234,0.3057,0.3315,0.3066,3,3,0.2934,0.3280,0.3302,0.3088
2025-04-12,778362,0.3459,0.3219,0.1838,0.2114,0.3434,0.3411,0.3198,0.3107,3,3,0.3249,0.3586,0.3186,0.3267
2025-04-13,778329,0.3376,0.3408,0.2028,0.1782,0.3498,0.3132,0.3126,0.3189,3,3,0.3371,0.3104,0.3302,0.3297
2025-04-13,778330,0.2992,0.3470,0.2354,0.1591,0.3118,0.3534,0.2994,0.3240,3,3,0.2956,0.3829,0.3256,0.3021
2025-04-13,778331,0.3493,0.3654,0.2194,0.1823,0.3495,0.3381,0.2951,0.3353,3,3,0.3386,0.4241,0.3274,0.3408
2025-04-13,778332,0.3273,0.3264,0.2052,0.1816,0.3235,0.3316,0.3159,0.3061,3,3,0.3088,0.3399,0.3179,0.3366
2025-04-13,778333,0.3820,0.3504,0.1965,0.2429,0.3628,0.3361,0.3205,0.3113,3,3,0.3631,0.3350,0.3304,0.3129
2025-04-13,778334,0.3402,0.3253,0.2139,0.2675,0.3419,0.3173,0.2994,0.3042,3,3,0.3395,0.3374,0.3181,0.3204
2025-04-13,778335,0.3345,0.3196,0.2362,0.2599,0.3334,0.3187,0.3180,0.3174,3,3,0.3143,0.3090,0.3143,0.3073
2025-04-13,778336,0.3505,0.3370,0.2257,0.1871,0.3463,0.3254,0.3067,0.2894,3,3,0.3138,0.3494,0.3129,0.3149
2025-04-13,778337,0.3257,0.3135,0.1942,0.2213,0.3259,0.3259,0.3375,0.3134,3,3,0.3243,0.3039,0.3198,0.3103
2025-04-13,778338,0.3367,0.2966,0.2111,0.2503,0.3155,0.2976,0.3146,0.2887,3,3,0.3294,0.2815,0.3120,0.2939
2025-04-13,778339,0.3301,0.3716,0.2179,0.2230,0.3374,0.3627,0.3126,0.3147,3,3,0.3257,0.3552,0.3193,0.3278
2025-04-13,778340,0.3273,0.3289,0.2344,0.2013,0.3302,0.3254,0.3117,0.2866,3,3,0.3321,0.3243,0.3249,0.3004
2025-04-13,778342,0.3420,0.3289,0.1636,0.1481,0.3097,0.3052,0.3103,0.2890,3,3,0.3071,0.3270,0.3301,0.3089
2025-04-13,778343,0.3330,0.3075,0.2493,0.2056,0.3090,0.3040,0.2888,0.3112,3,3,0.3124,0.2982,0.3070,0.3109
2025-04-13,778344,0.3479,0.3380,0.1729,0.2167,0.3372,0.3414,0.3206,0.3293,3,3,0.3269,0.3576,0.3147,0.3266
2025-04-14,778315,0.3521,0.3464,0.1982,0.1584,0.3494,0.3542,0.2996,0.3167,3,3,0.3366,0.3807,0.3277,0.3135
2025-04-14,778320,0.3269,0.3254,0.2177,0.1992,0.3379,0.3168,0.3437,0.3103,3,3,0.3129,0.3022,0.3270,0.3554
2025-04-14,778321,0.3273,0.3312,0.1920,0.2662,0.3299,0.3086,0.2743,0.3118,3,3,0.3272,0.3427,0.3193,0.3065
2025-04-14,778322,0.3343,0.3476,0.2192,0.1830,0.3250,0.3447,0.3059,0.3112,3,3,0.3098,0.3285,0.3098,0.3000
2025-04-14,778323,0.2996,0.3153,0.2467,0.2716,0.3008,0.3111,0.3275,0.2807,3,3,0.2912,0.3213,0.3133,0.2989
2025-04-14,778324,0.3824,0.3202,0.1959,0.2583,0.3624,0.3216,0.2920,0.3070,3,3,0.3648,0.3076,0.3310,0.3393
2025-04-14,778325,0.3062,0.2995,0.2164,0.2111,0.3100,0.3140,0.2962,0.2978,3,3,0.3028,0.2626,0.3131,0.3251
2025-04-14,778326,0.2978,0.3769,0.2339,0.1749,0.3123,0.3621,0.3125,0.3348,3,3,0.2956,0.4221,0.3242,0.3186
2025-04-14,778327,0.3539,0.3784,0.1681,0.2332,0.3237,0.3601,0.3242,0.3105,3,3,0.3426,0.3531,0.3291,0.3280
2025-04-14,778328,0.3218,0.3183,0.2080,0.2303,0.3153,0.3265,0.3068,0.3176,3,3,0.3278,0.3019,0.3170,0.3328
2025-04-15,778302,0.2975,0.3798,0.2315,0.1733,0.3098,0.3655,0.3129,0.3181,3,3,0.2950,0.4269,0.3068,0.3159
2025-04-15,778305,0.3509,0.3491,0.1991,0.1568,0.3468,0.3560,0.3512,0.3005,3,3,0.3360,0.3861,0.3275,0.3134
2025-04-15,778306,0.3375,0.3296,0.2072,0.1998,0.3568,0.3282,0.3162,0.3073,3,3,0.3365,0.3100,0.3294,0.3037
2025-04-15,778307,0.3828,0.3116,0.1955,0.2633,0.3641,0.3207,0.2977,0.3077,3,3,0.3637,0.3041,0.3306,0.3085
2025-04-15,778308,0.3396,0.3428,0.1788,0.2024,0.3118,0.3421,0.3098,0.2973,3,3,0.3090,0.3507,0.3314,0.3074
2025-04-15,778309,0.3496,0.3075,0.2422,0.2525,0.3339,0.3049,0.3292,0.3171,3,3,0.3366,0.3190,0.3206,0.3215
2025-04-15,778310,0.3116,0.3244,0.2339,0.2054,0.3092,0.3131,0.3131,0.3033,3,3,0.3151,0.3205,0.3002,0.3261
2025-04-15,778311,0.3434,0.3466,0.2320,0.1841,0.3257,0.3459,0.3198,0.2924,3,3,0.3294,0.3261,0.3144,0.3137
2025-04-15,778312,0.3425,0.3715,0.1637,0.2227,0.3129,0.3645,0.3041,0.3137,3,3,0.3087,0.3559,0.3275,0.3279
2025-04-15,778313,0.3287,0.3241,0.2214,0.2004,0.3349,0.3165,0.3124,0.3081,3,3,0.3225,0.3018,0.3161,0.3562
2025-04-15,778314,0.3192,0.3297,0.1789,0.2372,0.3158,0.3094,0.3290,0.3315,3,3,0.3227,0.3429,0.3171,0.3112
2025-04-15,778316,0.3298,0.3212,0.2588,0.2406,0.3256,0.3094,0.3001,0.3243,3,3,0.3055,0.2959,0.3099,0.3056
2025-04-15,778317,0.3288,0.3380,0.1489,0.2278,0.3092,0.3480,0.3375,0.3530,3,3,0.3284,0.3458,0.3078,0.3446
2025-04-15,778318,0.3341,0.3221,0.1935,0.2140,0.3231,0.3284,0.3056,0.3406,3,3,0.3405,0.3021,0.3260,0.3090
2025-04-15,778319,0.3341,0.3140,0.2135,0.2046,0.3144,0.3301,0.3097,0.3173,3,3,0.3273,0.3287,0.3183,0.3387
2025-04-16,778287,0.3065,0.3791,0.2597,0.1727,0.3142,0.3652,0.3405,0.3115,3,3,0.3288,0.4249,0.3022,0.3191
2025-04-16,778288,0.3569,0.3487,0.2241,0.1571,0.3571,0.3544,0.2953,0.3027,3,3,0.3358,0.3845,0.3258,0.3000
2025-04-16,778289,0.3359,0.3230,0.2094,0.1926,0.3547,0.3173,0.3500,0.3098,3,3,0.3368,0.3106,0.3284,0.3116
2025-04-16,778290,0.3141,0.3431,0.1825,0.2013,0.3044,0.3444,0.3235,0.3173,3,3,0.3084,0.3523,0.3332,0.3111
2025-04-16,778293,0.3257,0.3174,0.1902,0.2371,0.3325,0.3118,0.3255,0.3176,3,3,0.3227,0.3013,0.3182,0.3246
2025-04-16,778294,0.3526,0.2895,0.2399,0.2648,0.3372,0.3051,0.3233,0.2996,3,3,0.3359,0.2822,0.3219,0.3100
2025-04-16,778295,0.3281,0.3250,0.2183,0.2052,0.3389,0.3217,0.3187,0.3310,3,3,0.3610,0.3114,0.3200,0.3184
2025-04-16,778296,0.3247,0.3495,0.2197,0.2260,0.3349,0.3503,0.3128,0.3230,3,3,0.3139,0.3120,0.3111,0.3350
2025-04-16,778297,0.3444,0.3467,0.2321,0.1826,0.3284,0.3453,0.3309,0.3137,3,3,0.3293,0.3256,0.3138,0.3125
2025-04-16,778298,0.3285,0.3351,0.2490,0.2003,0.3151,0.3321,0.3231,0.3148,3,3,0.3297,0.3283,0.3252,0.3002
2025-04-16,778299,0.3822,0.3169,0.1964,0.2492,0.3665,0.3170,0.3100,0.3088,3,3,0.3621,0.3042,0.3249,0.3231
2025-04-16,778300,0.3389,0.3642,0.2115,0.2234,0.3276,0.3631,0.3079,0.2909,3,3,0.3435,0.3341,0.3316,0.3040
2025-04-16,778301,0.3283,0.3430,0.1475,0.1864,0.3075,0.3425,0.3324,0.3013,3,3,0.3296,0.3576,0.3003,0.3181
2025-04-16,778303,0.3318,0.3179,0.1796,0.2370,0.3340,0.3315,0.3194,0.3186,3,3,0.3425,0.3018,0.3270,0.3260
2025-04-16,778304,0.3258,0.3225,0.2688,0.2358,0.3174,0.3073,0.2981,0.3119,3,3,0.3379,0.2955,0.3212,0.2988
2025-04-17,778278,0.3444,0.3820,0.2010,0.1969,0.3456,0.3643,0.3322,0.3005,3,3,0.3557,0.3630,0.3098,0.3281
2025-04-17,778279,0.3173,0.3251,0.2247,0.1989,0.3306,0.3179,0.3101,0.3382,3,3,0.3025,0.3044,0.3251,0.3432
2025-04-17,778280,0.3223,0.3365,0.2124,0.2570,0.3319,0.3034,0.3163,0.3058,3,3,0.3239,0.3428,0.3146,0.3115
2025-04-17,778281,0.3356,0.3414,0.2099,0.1961,0.3517,0.3379,0.3223,0.3307,3,3,0.3366,0.3128,0.3371,0.3108
2025-04-17,778282,0.3819,0.3295,0.2414,0.2284,0.3644,0.3334,0.3137,0.3190,3,3,0.3349,0.3181,0.2949,0.3392
2025-04-17,778283,0.3339,0.3098,0.1941,0.2415,0.3292,0.3154,0.3276,0.3291,3,3,0.3343,0.3258,0.3398,0.2990
2025-04-17,778285,0.3261,0.3049,0.2676,0.2156,0.3170,0.3125,0.3104,0.3417,3,3,0.3383,0.2961,0.3148,0.2953
2025-04-17,778286,0.3537,0.3285,0.1680,0.2177,0.3252,0.3385,0.3056,0.3178,3,3,0.3430,0.3138,0.3276,0.3199
2025-04-17,778291,0.3346,0.3135,0.1960,0.2167,0.3193,0.3271,0.3432,0.3248,3,3,0.3410,0.3048,0.3283,0.3266
2025-04-17,778292,0.3278,0.3311,0.1470,0.2007,0.3053,0.3422,0.3213,0.3169,3,3,0.3284,0.3084,0.3023,0.3267
2025-04-18,778260,0.3280,0.3350,0.2200,0.2117,0.3377,0.3500,0.3217,0.3201,3,3,0.3237,0.3359,0.3168,0.3354
2025-04-18,778261,0.3543,0.3247,0.2387,0.2072,0.3384,0.3204,0.3031,0.3233,3,3,0.3346,0.3099,0.3240,0.3186
2025-04-18,778263,0.3215,0.3262,0.1997,0.1917,0.3161,0.3199,0.3011,0.2981,3,3,0.3211,0.3113,0.3383,0.3106
2025-04-18,778266,0.3257,0.3142,0.2137,0.2873,0.3336,0.3096,0.3593,0.3285,3,3,0.3471,0.2985,0.3079,0.2877
2025-04-18,778268,0.3302,0.3563,0.1815,0.2232,0.3303,0.3553,0.3333,0.2995,3,3,0.3396,0.3372,0.3293,0.3241
2025-04-18,778269,0.3483,0.3396,0.1556,0.1790,0.3524,0.3101,0.3032,0.3191,3,3,0.3835,0.3089,0.3123,0.3298
2025-04-18,778270,0.3218,0.3820,0.2357,0.1967,0.3485,0.3642,0.3097,0.3286,3,3,0.2750,0.3641,0.3232,0.3124
2025-04-18,778271,0.3197,0.3371,0.1730,0.2568,0.3204,0.3086,0.3092,0.3284,3,3,0.3274,0.3453,0.3158,0.3175
2025-04-18,778272,0.3723,0.3286,0.2190,0.2132,0.3632,0.3380,0.2868,0.3104,3,3,0.3568,0.3279,0.3281,0.3207
2025-04-18,778273,0.3372,0.3475,0.2593,0.1826,0.3230,0.3434,0.3159,0.2825,3,3,0.3385,0.3261,0.3211,0.3182
2025-04-18,778274,0.3186,0.3255,0.2473,0.1987,0.3333,0.3193,0.3057,0.3211,3,3,0.3052,0.3041,0.3157,0.3345
2025-04-18,778275,0.3174,0.3363,0.2059,0.2117,0.3219,0.3153,0.3138,0.3241,3,3,0.3252,0.3279,0.3144,0.3105
2025-04-18,778276,0.3208,0.3411,0.2293,0.2331,0.3003,0.3581,0.3213,0.3130,3,3,0.3364,0.3283,0.3077,0.3182
2025-04-18,778277,0.3527,0.3204,0.1684,0.2289,0.3259,0.3096,0.3159,0.2957,3,3,0.3412,0.3171,0.3337,0.3069
2025-04-18,778284,0.3165,0.3498,0.2509,0.2233,0.3138,0.3416,0.3210,0.3265,3,3,0.3051,0.3065,0.3170,0.3283
2025-04-19,778243,0.3256,0.3327,0.2168,0.2147,0.3334,0.3475,0.3303,0.3036,3,3,0.3151,0.3348,0.3270,0.2938
2025-04-19,778247,0.3175,0.2989,0.1779,0.2692,0.3130,0.3172,0.3258,0.3107,3,3,0.3223,0.2895,0.3173,0.3151
2025-04-19,778251,0.3463,0.3343,0.1629,0.1892,0.3445,0.3329,0.3167,0.3224,3,3,0.3249,0.3108,0.3180,0.3222
2025-04-19,778252,0.3266,0.3257,0.2169,0.1983,0.3304,0.3222,0.3411,0.3403,3,3,0.3043,0.3037,0.3008,0.3566
2025-04-19,778253,0.3535,0.3257,0.2380,0.2060,0.3381,0.3207,0.3099,0.3211,3,3,0.3334,0.3085,0.3230,0.3187
2025-04-19,778254,0.3222,0.3281,0.1809,0.2415,0.3122,0.3144,0.2718,0.3198,3,3,0.3289,0.3449,0.3160,0.3128
2025-04-19,778255,0.3641,0.3050,0.2254,0.2481,0.3589,0.3268,0.2984,0.3282,3,2,0.3057,,0.3279,0.3401
2025-04-19,778256,0.3444,0.3831,0.2025,0.1953,0.3459,0.3661,0.3115,0.3148,3,3,0.3535,0.3642,0.3093,0.3073
2025-04-19,778257,0.3352,0.3579,0.1973,0.2222,0.3196,0.3551,0.3123,0.3161,3,3,0.3378,0.3382,0.3372,0.3230
2025-04-19,778258,0.3299,0.3474,0.2539,0.1817,0.3214,0.3441,0.3287,0.2820,3,3,0.3387,0.3244,0.3262,0.3185
2025-04-19,778259,0.3489,0.3385,0.1548,0.1784,0.3542,0.3087,0.3172,0.2961,3,3,0.3840,0.3091,0.3185,0.3290
2025-04-19,778262,0.3214,0.3298,0.2353,0.2026,0.3020,0.3422,,0.2854,3,3,0.2947,0.3051,0.3098,0.3427
2025-04-19,778264,0.3086,0.3376,0.2399,0.2105,0.3033,0.3189,0.2830,0.3156,3,3,0.3212,0.3284,0.3129,0.3219
2025-04-19,778265,0.3517,0.3266,0.1682,0.2410,0.3271,0.3336,0.3153,0.3129,3,3,0.3408,0.3568,0.3348,0.3229
2025-04-19,778267,0.3204,0.3494,0.2276,0.2241,0.3235,0.3421,0.2788,0.3069,3,3,0.3348,0.3061,0.3236,0.3281
2025-04-20,778232,0.3283,0.3364,0.2178,0.2153,0.3349,0.3463,0.3067,0.3165,3,3,0.3218,0.3337,0.3157,0.3270
2025-04-20,778234,0.3799,0.3348,0.1747,0.1891,0.3682,0.3336,0.3028,0.2895,3,3,0.4262,0.3106,0.3289,0.3269
2025-04-20,778235,0.3178,0.3073,0.2251,0.2501,0.3261,0.3132,0.3239,0.3279,3,3,0.3505,0.3049,0.3224,0.2989
2025-04-20,778236,0.3237,0.3582,0.1792,0.2219,0.3292,0.3568,0.3164,0.3355,2,3,0.3410,0.3391,0.3282,0.3230
2025-04-20,778237,0.3487,0.3389,0.2042,0.1788,0.3438,0.3100,0.3021,0.2949,3,3,0.3852,0.3089,0.3100,0.3101
2025-04-20,778239,0.3370,0.2963,0.2498,0.2379,0.3373,0.3182,,0.3217,3,3,0.2870,0.2773,0.3007,0.3246
2025-04-20,778240,0.3621,0.3381,0.2165,0.2007,0.3662,0.3355,0.3123,0.3060,3,3,0.3253,0.3262,0.3274,0.3078
2025-04-20,778241,0.3326,0.3466,0.2572,0.1819,0.3326,0.3441,0.3199,0.3065,3,3,0.3086,0.3229,0.3114,0.3176
2025-04-20,778242,0.3202,0.3147,0.1750,0.2424,0.3096,0.3091,0.3307,0.3351,3,3,0.3289,0.2968,0.3165,0.3106
2025-04-20,778244,0.3357,0.3831,0.1915,0.1946,0.3299,0.3639,0.3053,0.3107,3,3,0.3524,0.3632,0.3257,0.3254
2025-04-20,778245,0.3083,0.3373,0.2346,0.2105,0.3091,0.3189,0.3277,0.3331,3,3,0.3250,0.3281,0.3072,0.3333
2025-04-20,778246,0.3630,0.3001,0.1862,0.2333,0.3355,0.3242,0.2780,0.3154,3,3,0.3403,0.3146,0.3089,0.3219
2025-04-20,778248,0.3163,0.3269,0.2240,0.1969,0.3205,0.3224,0.3159,0.3125,3,3,0.3043,0.3052,0.3190,0.3567
2025-04-20,778249,0.3175,0.3506,0.2492,0.2235,0.3167,0.3436,0.3113,0.2862,3,3,0.3037,0.3102,0.3327,0.3277
2025-04-20,778250,0.3088,0.3315,0.1851,0.2020,0.3059,0.3466,0.3247,0.3187,3,3,0.2960,0.3077,0.3139,0.3397
2025-04-21,778225,0.3272,0.3828,0.1956,0.1946,0.3240,0.3640,0.3070,0.3126,3,3,0.3050,0.3644,0.3564,0.3280
2025-04-21,778226,0.3249,0.3246,0.2060,0.2155,0.3214,0.3311,0.3243,0.3281,3,3,0.3102,0.3145,0.3252,0.3285
2025-04-21,778227,0.3617,0.3208,0.2116,0.1761,0.3589,0.3104,0.3195,0.3105,3,3,0.3249,0.3299,0.3268,0.3172
2025-04-21,778228,0.3503,0.3173,0.2039,0.2285,0.3455,0.3163,0.3307,0.3504,3,3,0.3869,0.3131,0.2970,0.3030
2025-04-21,778230,0.3202,0.3174,0.2345,0.2236,0.2998,0.3208,0.3223,0.3030,3,3,0.2943,0.3048,0.3205,0.3129
2025-04-21,778231,0.3465,0.3338,0.1812,0.2025,0.3446,0.3165,0.2928,0.3222,3,3,0.3227,0.2956,0.3174,0.3131
2025-04-21,778233,0.3439,0.3237,0.2016,0.2240,0.3469,0.3304,0.3070,0.3122,3,3,0.3515,0.3102,0.3084,0.3279
2025-04-21,778238,0.2888,0.3381,0.2664,0.2092,0.3076,0.3190,0.3207,0.3223,3,3,0.2671,0.3279,0.3186,0.3231
2025-04-22,778210,0.3252,0.3276,0.2060,0.2170,0.3211,0.3332,0.3368,0.3235,3,3,0.3089,0.3233,0.3090,0.3138
2025-04-22,778211,0.3378,0.3426,0.2550,0.2360,0.3114,0.3358,0.3170,0.3206,3,3,0.3466,0.3325,0.3118,0.3320
2025-04-22,778212,0.3243,0.3364,0.2098,0.1978,0.3351,0.3212,0.3184,0.3338,3,3,0.3050,0.3391,0.3443,0.3284
2025-04-22,778213,0.3103,0.3501,0.2135,0.2425,0.3288,0.3360,0.3037,0.3356,3,3,0.3143,0.3309,0.3169,0.3130
2025-04-22,778215,0.2977,0.3381,0.2725,0.1750,0.3142,0.3274,0.2964,0.3154,3,3,0.2893,0.3017,0.3140,0.2994
2025-04-22,778216,0.2974,0.3171,0.2442,0.2559,0.3093,0.3166,0.2978,0.3276,3,3,0.2896,0.3003,0.3163,0.3112
2025-04-22,778217,0.3428,0.3298,0.1699,0.1666,0.3410,0.3123,0.3109,0.3066,3,3,0.3224,0.2840,0.3219,0.3273
2025-04-22,778218,0.3722,0.3225,0.2197,0.1784,0.3632,0.3121,0.3146,0.3253,3,3,0.3575,0.3311,0.3277,0.3158
2025-04-22,778219,0.3203,0.3281,0.2378,0.2126,0.2998,0.3302,0.3285,0.3034,3,3,0.2954,0.3032,0.3183,0.3122
2025-04-22,778220,0.3677,0.3583,0.2072,0.2214,0.3507,0.3581,0.2990,0.3009,3,3,0.4248,0.3399,0.3445,0.3156
2025-04-22,778221,0.3503,0.3327,0.2035,0.2347,0.3469,0.3314,0.3072,0.2929,3,3,0.3868,0.3547,0.3088,0.3180
2025-04-22,778222,0.3304,0.3357,0.2029,0.2229,0.3445,0.3407,0.3066,0.3284,3,3,0.3053,0.3487,0.3305,0.3033
2025-04-22,778223,0.3272,0.3835,0.1969,0.1955,0.3231,0.3652,0.3278,0.2988,3,3,0.3058,0.3673,0.3552,0.3210
2025-04-22,778224,0.3383,0.3377,0.2584,0.2089,0.3308,0.3204,0.3273,0.3110,3,3,0.3393,0.3272,0.3132,0.3255
2025-04-22,778229,0.3350,0.3245,0.2607,0.2235,0.3523,0.3306,0.3093,0.3015,3,3,0.3511,0.3094,0.3079,0.3276
2025-04-23,778195,0.3112,0.3497,0.2722,0.1697,0.3076,0.3238,0.3286,0.3265,3,3,0.3282,0.3385,0.2876,0.3341
2025-04-23,778197,0.3158,0.3343,0.2318,0.2524,0.3237,0.3228,0.3182,0.3241,3,3,0.3143,0.3323,0.3171,0.3224
2025-04-23,778198,0.3268,0.3247,0.2053,0.2136,0.3208,0.3304,0.3134,0.3015,3,3,0.3113,0.3178,0.3184,0.3204
2025-04-23,778199,0.3281,0.3200,0.2127,0.1908,0.3403,0.3241,0.3170,0.3122,3,3,0.3288,0.3392,0.2946,0.3287
2025-04-23,778200,0.3443,0.3353,0.1819,0.1993,0.3412,0.3135,0.3076,0.3091,3,3,0.3217,0.3016,0.3073,0.3283
2025-04-23,778201,0.2962,0.3208,0.2621,0.2530,0.3104,0.3165,0.3198,0.3358,3,3,0.2851,0.3032,0.3206,0.3102
2025-04-23,778202,0.3382,0.3430,0.2539,0.2429,0.3119,0.3272,0.3342,0.3147,3,3,0.3441,0.3373,0.3112,0.3225
2025-04-23,778203,0.3509,0.3837,0.2216,0.1950,0.3562,0.3651,0.3070,0.2841,3,3,0.3133,0.3664,0.3311,0.3260
2025-04-23,778204,0.3303,0.3371,0.2020,0.2234,0.3454,0.3439,0.3176,0.3270,3,3,0.3074,0.3503,0.3080,0.3031
2025-04-23,778205,0.3679,0.3399,0.2069,0.2019,0.3509,0.3514,0.3015,0.3201,3,3,0.4230,0.3436,0.3471,0.3209
2025-04-23,778206,0.3721,0.3223,0.2200,0.1780,0.3668,0.3124,0.3268,0.3098,3,3,0.3594,0.3318,0.3276,0.3180
2025-04-23,778207,0.3342,0.3383,0.2576,0.2082,0.3412,0.3221,0.3151,0.3372,3,3,0.3112,0.3275,0.3104,0.3239
2025-04-23,778208,0.3179,0.3263,0.2426,0.2098,0.2974,0.3295,0.3252,0.3302,3,3,0.2946,0.3011,0.3085,0.2987
2025-04-23,778209,0.2880,0.3126,0.2373,0.2567,0.3155,0.3139,0.2992,0.3197,3,3,0.2937,0.2931,0.3105,0.3035
2025-04-23,778214,0.3351,0.3603,0.2604,0.2345,0.3505,0.3454,0.3331,0.3251,3,3,0.3519,0.3300,0.3075,0.3271
2025-04-24,778188,0.3450,0.3401,0.2074,0.1959,0.3360,0.3256,0.2988,0.2828,3,3,0.3298,0.3447,0.3146,0.3277
2025-04-24,778189,0.3033,0.3195,0.2357,0.2320,0.3063,0.3274,0.3316,0.3100,3,3,0.3091,0.2927,0.2913,0.3317
2025-04-24,778190,0.3138,0.3415,0.2476,0.1633,0.3154,0.3144,0.2881,0.3191,3,3,0.3282,0.3138,0.2953,0.3169
2025-04-24,778191,0.3392,0.3402,0.2536,0.2461,0.3132,0.3243,0.3195,0.3117,3,3,0.3478,0.3354,0.3097,0.3291
2025-04-24,778192,0.3277,0.3319,0.2181,0.1940,0.3340,0.3346,0.3186,0.3141,3,3,0.3150,0.3324,0.3155,0.3238
2025-04-24,778193,0.3312,0.3320,0.2014,0.2174,0.3467,0.3375,0.3179,0.3238,3,3,0.3094,0.3206,0.3340,0.3028
2025-04-24,778194,0.3203,0.3244,0.1835,0.2123,0.3195,0.3308,0.3120,0.3172,3,3,0.3128,0.3155,0.3108,0.3294
2025-04-24,778196,0.3354,0.3387,0.2343,0.2090,0.3335,0.3218,0.2842,0.2923,3,3,0.3166,0.3288,0.3099,0.3227
2025-04-25,778171,0.3285,0.3247,0.2160,0.2100,0.3360,0.3312,0.3105,0.3171,3,3,0.3155,0.3152,0.3148,0.3203
2025-04-25,778172,0.3261,0.3444,0.2130,0.1949,0.3323,0.3512,0.3022,0.3004,3,3,0.3121,0.3841,0.3209,0.2972
2025-04-25,778175,0.3158,0.3374,0.2346,0.2581,0.3295,0.3360,0.2914,0.3421,3,3,0.3004,0.3366,0.3175,0.3167
2025-04-25,778176,0.3401,0.3773,0.2522,0.1756,0.3168,0.3656,0.2892,0.2758,3,3,0.3521,0.4212,0.2962,0.3324
2025-04-25,778177,0.3531,0.3213,0.2199,0.2136,0.3432,0.3426,0.3146,0.2887,3,3,0.3095,0.2747,0.3364,0.3275
2025-04-25,778178,0.3086,0.3493,0.2298,0.2419,0.3088,0.3379,0.3188,0.3183,3,3,0.3268,0.3291,0.3008,0.3230
2025-04-25,778179,0.3389,0.3237,0.2093,0.1784,0.3226,0.3008,0.3223,0.3286,3,3,0.3278,0.3311,0.3217,0.3128
2025-04-25,778180,0.3304,0.3079,0.2023,0.2349,0.3451,0.3211,0.3339,0.2884,3,3,0.3090,0.3167,0.3451,0.3054
2025-04-25,778181,0.3177,0.3008,0.2447,0.2774,0.2987,0.3180,0.3224,0.3066,3,3,0.2939,0.2925,0.3056,0.3048
2025-04-25,778182,0.3266,0.3606,0.1963,0.2205,0.3255,0.3622,0.3305,0.3408,3,3,0.3066,0.3428,0.3540,0.3215
2025-04-25,778183,0.3835,0.3329,0.1940,0.2406,0.3647,0.3427,0.3246,0.3145,3,3,0.3668,0.3195,0.3247,0.3148
2025-04-25,778184,0.3262,0.3458,0.2043,0.1987,0.3232,0.3479,0.3069,0.3089,3,3,0.3123,0.3514,0.3164,0.3075
2025-04-25,778185,0.3443,0.3810,0.1827,0.2386,0.3404,0.3797,0.3250,0.3293,3,3,0.3249,0.3248,0.3163,0.3181
2025-04-25,778186,0.3414,0.2955,0.2455,0.2557,0.3275,0.3170,0.2881,0.3384,3,3,0.3332,0.3026,0.3180,0.3113
2025-04-25,778187,0.3379,0.3482,0.1776,0.1705,0.3117,0.3223,0.3045,0.3194,3,3,0.3066,0.3391,0.3281,0.3053
2025-04-26,778154,0.3136,0.3197,0.2268,0.2621,0.3226,0.3300,0.3215,0.3185,3,3,0.2872,0.3365,0.3206,0.3252
2025-04-26,778159,0.3077,0.3237,0.2203,0.2139,0.3087,0.3338,0.3077,0.2984,3,3,0.2856,0.3128,0.3186,0.3199
2025-04-26,778160,0.3134,0.3471,0.2134,0.2064,0.3313,0.3425,0.2992,0.3073,3,3,0.3307,0.3853,0.3410,0.3111
2025-04-26,778161,0.3180,0.3144,0.2434,0.2788,0.2987,0.3141,0.3419,0.2919,3,3,0.2919,0.3266,0.3249,0.3148
2025-04-26,778162,0.3525,0.3293,0.2196,0.1838,0.3422,0.3360,0.3277,0.3129,3,3,0.3077,0.3440,0.3389,0.3297
2025-04-26,778163,0.3409,0.3766,0.2521,0.1755,0.3165,0.3642,0.3245,0.3324,3,3,0.3532,0.4199,0.3106,0.3313
2025-04-26,778164,0.3263,0.3474,0.2032,0.1978,0.3215,0.3494,0.3084,0.3307,3,3,0.3123,0.3541,0.3188,0.3068
2025-04-26,778165,0.3173,0.3235,0.2196,0.2077,0.3116,0.3185,0.3114,0.3170,3,3,0.3190,0.3120,0.3166,0.2971
2025-04-26,778166,0.3400,0.3283,0.2455,0.2164,0.3276,0.3339,0.3218,0.3014,3,3,0.3317,0.3135,0.3305,0.2990
2025-04-26,778167,0.3375,0.3615,0.1776,0.1864,0.3099,0.3349,0.3128,0.3026,3,3,0.3082,0.3388,0.3276,0.2907
2025-04-26,778168,0.3345,0.3273,0.2178,0.2154,0.3559,0.3434,0.3106,0.3250,3,3,0.3090,0.3516,0.3010,0.3240
2025-04-26,778169,0.3389,0.3197,0.2093,0.1819,0.3225,0.3114,,0.3277,3,3,0.3278,0.3311,0.3217,0.3113
2025-04-26,778170,0.3440,0.3701,0.1817,0.2406,0.3406,0.3734,0.3071,0.3053,3,3,0.3245,0.3195,0.3163,0.3122
2025-04-26,778173,0.3833,0.3327,0.1938,0.2404,0.3647,0.3446,0.3303,0.3052,3,3,0.3655,0.3207,0.3245,0.3185
2025-04-26,778174,0.3259,0.3023,0.1971,0.2048,0.3253,0.3312,0.3194,0.3096,3,3,0.3066,0.3426,0.3535,0.3228
2025-04-27,778136,0.3264,0.3387,0.2118,0.2569,0.3351,0.3384,,0.3166,3,3,0.2983,0.3366,0.3249,0.3268
2025-04-27,778144,0.3400,0.3234,0.2407,0.2281,0.3348,0.3355,0.2863,0.3192,3,3,0.3653,0.3060,0.3185,0.3057
2025-04-27,778145,0.3410,0.3537,0.2522,0.2108,0.3188,0.3427,0.2926,0.3212,3,3,0.3542,0.4209,0.3230,0.3145
2025-04-27,778146,0.3251,0.3476,0.2107,0.2068,0.3299,0.3426,0.3527,0.3218,3,3,0.3116,0.3858,0.3373,0.3044
2025-04-27,778147,0.3529,0.3388,0.2196,0.1955,0.3457,0.3284,0.3017,0.3232,3,3,0.3086,0.3428,0.3270,0.3375
2025-04-27,778148,0.3111,0.3097,0.2269,0.2671,0.3080,0.3127,0.3340,0.3047,3,3,0.2927,0.3237,0.3129,0.3113
2025-04-27,778149,0.2847,0.3411,0.2549,0.2459,0.3113,0.3352,0.3081,0.3098,3,3,0.2576,0.3261,0.3020,0.3073
2025-04-27,778150,0.3268,0.3472,0.2031,0.1964,0.3201,0.3500,0.3193,0.3148,3,3,0.3127,0.3551,0.3154,0.3090
2025-04-27,778151,0.3234,0.3236,0.2341,0.2132,0.3309,0.3366,0.3341,0.3217,3,3,0.3136,0.3122,0.3141,0.3192
2025-04-27,778152,0.3408,0.3494,0.1744,0.1705,0.3089,0.3226,0.2930,0.2891,3,3,0.3190,0.3405,0.3291,0.3288
2025-04-27,778153,0.3823,0.3342,0.1941,0.2170,0.3639,0.3470,0.3154,0.2975,3,3,0.3653,0.3205,0.3223,0.3140
2025-04-27,778155,0.3309,0.3094,0.2449,0.2358,0.3502,0.3271,0.2786,0.3247,3,3,0.3131,0.2989,0.3146,0.3282
2025-04-27,778156,0.3079,0.3167,0.2219,0.2225,0.3231,0.3268,0.3116,0.3213,3,3,0.2996,0.3556,0.2939,0.3274
2025-04-27,778157,0.3407,0.3082,0.2080,0.2012,0.3244,0.3136,0.3243,0.3294,3,3,0.3278,0.2950,0.3179,0.3113
2025-04-27,778158,0.3263,0.3605,0.1971,0.2212,0.3243,0.3611,0.3155,0.3159,3,3,0.3065,0.3439,0.3229,0.3209
2025-04-28,778132,0.3081,0.3766,0.2139,0.1753,0.3294,0.3666,0.3123,0.3265,3,3,0.2958,0.4204,0.3281,0.3394
2025-04-28,778137,0.3531,0.3128,0.2194,0.2819,0.3447,0.3088,0.3118,0.3202,3,3,0.3122,0.3236,0.3257,0.3151
2025-04-28,778138,0.3230,0.3204,0.2244,0.2148,0.3381,0.3480,0.2862,0.3322,3,3,0.3003,0.2783,0.3175,0.3107
2025-04-28,778139,0.3009,0.2983,0.2276,0.2555,0.3187,0.3059,0.3177,0.2895,3,3,0.3045,0.2934,0.3067,0.3098
2025-04-28,778140,0.3623,0.3304,0.2182,0.2024,0.3749,0.3437,0.3324,0.3248,3,3,0.3270,0.3086,0.3268,0.3383
2025-04-28,778141,0.3472,0.3160,0.1968,0.2448,0.3491,0.2976,0.3009,0.3056,3,3,0.3542,0.2922,0.3067,0.3254
2025-04-28,778142,0.3216,0.3094,0.2396,0.2354,0.3414,0.3145,0.3068,0.3071,3,3,0.3489,0.3202,0.3273,0.3218
2025-04-28,778143,0.3435,0.3132,0.2082,0.2117,0.3350,0.3074,0.3406,0.3281,3,2,0.3101,0.2877,0.3130,0.3027
2025-04-29,778120,0.3520,0.3136,0.2185,0.2801,0.3427,0.3115,0.3256,0.3322,3,3,0.3110,0.3213,0.3246,0.3148
2025-04-29,778121,0.3334,0.3398,0.2205,0.2556,0.3319,0.3391,0.2990,0.3392,3,3,0.3261,0.3369,0.3317,0.3199
2025-04-29,778122,0.3305,0.2958,0.2560,0.2387,0.3221,0.3203,0.3098,0.3066,3,3,0.3224,0.3026,0.3210,0.3030
2025-04-29,778124,0.3272,0.3388,0.2135,0.1975,0.3461,0.3154,0.3172,0.3036,3,3,0.3484,0.3212,0.3275,0.3231
2025-04-29,778125,0.3175,0.3003,0.2212,0.2401,0.3087,0.3051,0.3400,0.3011,3,3,0.3181,0.3043,0.3287,0.3290
2025-04-29,778126,0.3240,0.3516,0.2113,0.1538,0.3393,0.3568,0.2924,0.3148,3,3,0.3134,0.3881,0.3187,0.3072
2025-04-29,778127,0.3402,0.3433,0.2076,0.1846,0.3255,0.3413,0.3241,0.2855,3,3,0.3288,0.3226,0.3216,0.3210
2025-04-29,778128,0.3491,0.3265,0.1720,0.2067,0.3227,0.3275,0.3137,0.3163,3,3,0.3426,0.3145,0.3276,0.3174
2025-04-29,778129,0.3260,0.3231,0.2469,0.1755,0.3384,0.3199,0.3063,0.3304,3,3,0.3071,0.3308,0.3136,0.3107
2025-04-29,778130,0.3296,0.3814,0.1836,0.1931,0.3383,0.3633,0.3248,0.3150,3,3,0.3065,0.3645,0.3269,0.3232
2025-04-29,778131,0.3228,0.3484,0.2275,0.2235,0.3409,0.3552,0.2836,0.3158,3,3,0.3180,0.3128,0.3128,0.3338
2025-04-29,778133,0.3224,0.3012,0.2452,0.2711,0.3378,0.3252,0.3313,0.3083,3,2,0.3266,0.3132,0.3059,0.3180
2025-04-29,778134,0.3330,0.3165,0.1753,0.2435,0.3321,0.2985,0.3263,0.3302,3,3,0.3546,0.2927,0.3216,0.3103
2025-04-29,778135,0.3249,0.3414,0.2358,0.2525,0.3393,0.3213,0.3105,0.3020,3,3,0.3422,0.3530,0.3326,0.3090
2025-04-30,778102,0.3579,0.3143,0.2307,0.2786,0.3434,0.3131,0.3284,0.2871,3,3,0.3297,0.3203,0.3242,0.3152
2025-04-30,778104,0.3169,0.3365,0.2264,0.2445,0.3229,0.3367,0.3374,0.3214,3,3,0.3271,0.3221,0.3300,0.3100
2025-04-30,778105,0.3239,0.3509,0.2107,0.1545,0.3376,0.3572,0.2996,0.3061,3,3,0.3134,0.3857,0.3160,0.3082
2025-04-30,778106,0.3111,0.3253,0.2076,0.2245,0.3210,0.3265,0.3158,0.3051,3,3,0.3203,0.3371,0.3472,0.3223
2025-04-30,778109,0.3247,0.3427,0.2113,0.2151,0.3317,0.3513,,0.3406,3,3,0.2974,0.4228,0.3235,0.3306
2025-04-30,778110,0.3291,0.3145,0.2140,0.1794,0.3481,0.2987,,0.3196,3,3,0.3516,0.3210,0.3120,0.3284
2025-04-30,778111,0.3112,0.2964,0.2222,0.2634,0.3172,0.3162,0.3103,0.3100,3,3,0.2696,0.2864,0.3154,0.3002
2025-04-30,778112,0.3600,0.3420,0.2198,0.2530,0.3596,0.3228,0.3147,0.3044,3,3,0.3423,0.3541,0.3345,0.3104
2025-04-30,778113,0.3489,0.3194,0.1720,0.2092,0.3238,0.3258,0.2998,,3,3,0.3430,0.3081,0.3354,0.3261
2025-04-30,778114,0.3422,0.3447,0.2070,0.1832,0.3290,0.3420,0.3169,,3,3,0.3306,0.3232,0.3229,0.3019
2025-04-30,778115,0.3740,0.3315,0.2383,0.2019,0.3852,0.3454,0.3240,0.3331,3,3,0.3337,0.3082,0.3227,0.3328
2025-04-30,778116,0.3213,0.3190,0.2286,0.1748,0.3378,0.3119,0.3215,0.3088,3,3,0.2953,0.3302,0.3272,0.3126
2025-04-30,778117,0.3466,0.3627,0.2178,0.1881,0.3333,0.3511,0.3079,0.3004,3,3,0.3334,0.3639,0.3369,0.3202
2025-04-30,778118,0.3242,0.3267,0.2277,0.1953,0.3394,0.3248,0.2948,0.3243,3,3,0.3213,0.3086,0.3147,0.3543
2025-04-30,778119,0.3095,0.3103,0.1916,0.2188,0.3205,0.3015,,0.3129,2,2,0.3222,0.2927,0.3142,0.3055
2025-05-01,778094,0.2938,0.3106,0.2401,0.2053,0.3146,0.3191,0.3496,0.3127,3,3,0.2672,0.3206,0.3253,0.2970
2025-05-01,778095,0.3430,0.3444,0.2070,0.1831,0.3325,0.3401,0.3285,0.3190,3,3,0.3313,0.3217,0.3212,0.2997
2025-05-01,778096,0.3269,0.3070,0.1948,0.2213,0.3293,0.3215,0.3024,0.3243,3,3,0.3225,0.2863,0.3340,0.3063
2025-05-01,778097,0.3491,0.3108,0.1712,0.1946,0.3266,0.3216,0.2982,0.3055,3,3,0.3422,0.3051,0.2967,0.3370
2025-05-01,778098,0.3208,0.3116,0.2890,0.2427,0.3121,0.3261,0.3122,0.3229,3,3,0.3245,0.3286,0.3038,0.3233
2025-05-01,778099,0.3340,0.3268,0.2414,0.1944,0.3371,0.3268,0.3339,0.3269,3,3,0.3220,0.3095,0.3150,0.3544
2025-05-01,778100,0.3588,0.3419,0.2200,0.2536,0.3581,0.3226,0.2731,0.3284,3,3,0.3436,0.3543,0.3177,0.3093
2025-05-01,778101,0.3255,0.3239,0.2382,0.2212,0.3064,0.3134,0.3151,0.3117,2,3,,0.3261,0.3074,0.3292
2025-05-01,778103,0.3366,0.3835,0.1970,0.1910,0.3278,0.3649,0.3146,0.3150,3,3,0.3406,0.3648,0.3368,0.3201
2025-05-01,778107,0.3361,0.3123,0.1734,0.2441,0.3379,0.2949,0.3062,0.3097,3,3,0.3581,0.2914,0.3111,0.2972
2025-05-01,778108,0.3154,0.3210,0.2285,0.1783,0.3364,0.3180,0.3136,0.3228,3,3,0.2828,0.3289,0.3126,0.2981
2025-05-02,778079,0.3409,0.3004,0.1769,0.2412,0.3122,0.3067,0.3168,0.3017,3,3,0.3210,0.3213,0.3243,0.3213
2025-05-02,778080,0.3547,0.3087,0.2068,0.2260,0.3426,0.3155,0.3242,0.3225,3,3,0.3253,0.2676,0.3325,0.3074
2025-05-02,778081,0.3141,0.3292,0.2082,0.1867,0.3217,0.3360,0.3060,0.3375,3,3,0.3286,0.3205,0.3122,0.3180
2025-05-02,778082,0.3094,0.3233,0.2668,0.2095,0.3104,0.3359,0.3020,0.3463,3,3,0.3255,0.3148,0.3199,0.3141
2025-05-02,778083,0.3083,0.3091,0.2423,0.2263,0.3230,0.3257,0.3216,0.2896,3,3,0.3224,0.3117,0.3314,0.2980
2025-05-02,778084,0.3841,0.3349,0.1913,0.1752,0.3640,0.3368,0.3091,0.2981,3,3,0.3629,0.3553,0.3280,0.3234
2025-05-02,778085,0.3112,0.3239,0.2617,0.2208,0.3196,0.3117,0.3150,0.2773,3,3,0.2975,0.3251,0.3259,0.3292
2025-05-02,778086,0.3529,0.3268,0.1982,0.1948,0.3684,0.3248,0.3098,0.3332,3,3,0.3806,0.3088,0.3373,0.3547
2025-05-02,778087,0.3331,0.3119,0.2398,0.2426,0.3369,0.2935,0.2913,0.3168,3,3,0.3214,0.2912,0.3151,0.2974
2025-05-02,778088,0.3161,0.3801,0.1901,0.2403,0.3307,0.3889,0.3062,0.3134,3,3,0.3016,0.3304,0.3405,0.3183
2025-05-02,778089,0.3259,0.3428,0.2149,0.2072,0.3204,0.3307,0.3326,0.2926,3,3,0.3307,0.3301,0.3269,0.3208
2025-05-02,778090,0.3144,0.3428,0.1635,0.2524,0.3370,0.3235,0.3159,0.3023,3,3,0.2778,0.3563,0.3086,0.3234
2025-05-02,778091,0.3439,0.3161,0.2069,0.2259,0.3381,0.3172,0.3322,,3,3,0.3105,0.2949,0.3195,0.3059
2025-05-02,778092,0.3798,0.3508,0.1739,0.2172,0.3704,0.3412,0.3161,0.2962,3,3,0.4224,0.3107,0.3433,0.3357
2025-05-02,778093,0.3499,0.3314,0.1705,0.2021,0.3259,0.3463,0.3272,0.3109,3,3,0.3425,0.3077,0.3036,0.3370
2025-05-03,778064,0.3106,0.3428,0.2271,0.1830,0.3089,0.3375,0.3225,0.3295,3,3,0.3284,0.3180,0.3064,0.3062
2025-05-03,778065,0.3507,0.3436,0.1540,0.2514,0.3546,0.3254,0.3239,0.3526,3,3,0.3860,0.3560,0.3036,0.3219
2025-05-03,778066,0.3092,0.3040,0.2028,0.2048,0.3048,0.3175,0.3273,0.2919,3,3,0.3203,0.3197,0.3305,0.3030
2025-05-03,778067,0.3051,0.3238,0.2324,0.2211,0.3143,0.3159,0.3163,0.3047,3,3,0.2975,0.3272,0.3283,0.3202
2025-05-03,778068,0.3857,0.3395,0.1913,0.1849,0.3637,0.3374,0.3198,0.3013,3,3,0.3641,0.3552,0.3254,0.3226
2025-05-03,778069,0.3134,0.3220,0.2796,0.2088,0.3077,0.3354,0.3159,0.3319,3,3,0.3248,0.3130,0.3108,0.3333
2025-05-03,778070,0.3379,0.3424,0.2421,0.2021,0.3345,0.3341,0.3395,0.3218,3,3,0.3207,0.3137,0.3127,0.3249
2025-05-03,778071,0.3613,0.3217,0.2183,0.2006,0.3590,0.3091,0.3235,0.3160,3,3,0.3466,0.3129,0.3338,0.3303
2025-05-03,778072,0.3329,0.3307,0.1897,0.2013,0.3236,0.3459,0.3305,0.3106,3,3,0.2935,0.3058,0.3049,0.3382
2025-05-03,778073,0.3304,0.3431,0.2296,0.2067,0.3414,0.3321,0.3033,0.2926,2,3,,0.3297,0.3173,0.3197
2025-05-03,778074,0.3222,0.3699,0.2031,0.2201,0.3282,0.3718,0.3106,0.3282,3,3,0.3331,0.3001,0.2858,0.3290
2025-05-03,778075,0.3465,0.3142,0.2463,0.2288,0.3317,0.3154,0.3194,0.3068,3,3,0.3203,0.2935,0.3180,0.3030
2025-05-03,778076,0.3547,0.3502,0.1907,0.2180,0.3414,0.3403,0.2972,0.3228,3,3,0.4229,0.3090,0.3437,0.3363
2025-05-03,778077,0.3233,0.3108,0.2278,0.2423,0.3401,0.2952,0.3045,0.3105,3,3,0.3201,0.2887,0.3225,0.3171
2025-05-03,778078,0.3517,0.3266,0.1990,0.1951,0.3673,0.3249,0.3167,0.3193,3,3,0.3388,0.3078,0.3365,0.3544
2025-05-04,778048,0.3127,0.3228,0.2793,0.2089,0.3063,0.3328,0.3142,0.3267,3,3,0.3244,0.3124,0.3105,0.3154
2025-05-04,778050,0.3152,0.3218,0.2299,0.2598,0.3288,0.3182,0.3405,0.3019,3,3,0.3513,0.3270,0.3117,0.3149
2025-05-04,778051,0.3504,0.3433,0.1541,0.2571,0.3539,0.3418,0.3175,0.3182,3,3,0.3842,0.3590,0.3087,0.3076
2025-05-04,778052,0.3196,0.3101,0.2463,0.2140,0.3304,0.3273,0.2895,0.3107,3,3,0.3206,0.3132,0.3293,0.3238
2025-05-04,778053,0.3857,0.3395,0.1913,0.1590,0.3637,0.3282,0.3198,,3,3,0.3641,0.3552,0.3298,0.3226
2025-05-04,778054,0.3606,0.3185,0.2191,0.2181,0.3585,0.3102,0.3022,0.3093,3,3,0.3469,0.3130,0.3177,0.3297
2025-05-04,778055,0.3195,0.2990,0.2040,0.2237,0.3117,0.3146,0.3327,,3,3,0.3210,0.3244,0.3237,0.3196
2025-05-04,778056,0.3177,0.3434,0.1535,0.1836,0.3110,0.3398,0.3472,0.3058,3,3,0.3295,0.3186,0.3101,0.3162
2025-05-04,778057,0.3211,0.3643,0.2033,0.2154,0.3282,0.3890,0.3242,0.3144,3,3,0.2953,0.3285,0.2879,0.3190
2025-05-04,778058,0.3215,0.3130,0.2426,0.2351,0.3348,0.2933,0.3034,0.3019,3,3,0.3216,0.3128,0.3099,0.3039
2025-05-04,778059,0.3345,0.3490,0.2023,0.2207,0.3243,0.3590,0.3054,0.3177,3,3,0.3054,0.3144,0.3363,0.3219
2025-05-04,778060,0.3813,0.3500,0.1740,0.2184,0.3683,0.3385,0.3329,0.3177,3,3,0.4253,0.3094,0.3395,0.3264
2025-05-04,778061,0.3342,0.3149,0.2374,0.1946,0.3252,0.3094,0.3301,0.3241,3,3,0.3202,0.2948,0.3047,0.3171
2025-05-04,778062,0.3247,0.3300,0.1777,0.2015,0.3240,0.3472,0.3368,0.3025,3,3,0.2695,0.3052,0.2981,0.3373
2025-05-04,778063,0.3260,0.3433,0.2213,0.2057,0.3187,0.3323,0.2899,0.3309,3,3,0.3357,0.3302,0.3130,0.3358
2025-05-05,778036,0.3437,0.3395,0.2516,0.1576,0.3242,0.3273,0.3284,0.3136,3,3,0.3577,0.3536,0.3227,0.3238
2025-05-05,778038,0.3339,0.3476,0.2341,0.2461,0.3352,0.3339,0.3184,0.3132,3,3,0.3191,0.3207,0.3223,0.3141
2025-05-05,778039,0.3864,0.3583,0.1919,0.2135,0.3665,0.3590,0.3142,0.3313,3,3,0.3636,0.3372,0.3303,0.3353
2025-05-05,778042,0.3132,0.3184,0.1786,0.2178,0.2976,0.3132,0.3001,0.3051,3,3,0.3213,0.3131,0.3303,0.3197
2025-05-05,778043,0.3181,0.3317,0.1961,0.1747,0.3215,0.3175,0.2804,0.3142,3,3,0.3271,0.2879,0.3094,0.3409
2025-05-05,778044,0.3295,0.3403,0.2134,0.2123,0.3404,0.3410,0.3043,0.3095,3,3,0.3304,0.2859,0.2838,0.3339
2025-05-05,778045,0.3195,0.3789,0.1582,0.2385,0.3359,0.3916,0.3077,0.2937,3,3,0.2912,0.3289,0.3049,0.3177
2025-05-05,778046,0.3172,0.3184,0.1515,0.2384,0.3066,0.3390,0.3182,0.3349,3,3,0.3311,0.2806,0.3086,0.3168
2025-05-05,778047,0.3815,0.3162,0.1745,0.2215,0.3662,0.3098,0.3395,0.2970,3,3,0.4271,0.2934,0.3171,0.3202
2025-05-05,778049,0.3092,0.3518,0.2426,0.2174,0.2961,0.3423,0.3235,0.3122,3,3,0.2887,0.3103,0.3152,0.3354
2025-05-06,778024,0.3341,0.3468,0.2317,0.2460,0.3358,0.3339,0.3125,0.3348,3,3,0.3222,0.3203,0.3333,0.3165
2025-05-06,778025,0.3434,0.3243,0.1830,0.2215,0.3398,0.3182,0.3098,0.3228,3,3,0.3199,0.3276,0.3260,0.3294
2025-05-06,778026,0.3179,0.3341,0.1776,0.2143,0.3086,0.3352,0.3279,0.3261,3,3,0.3311,0.3237,0.3110,0.3110
2025-05-06,778027,0.3246,0.3600,0.2083,0.2186,0.3334,0.3549,0.3308,0.3078,3,3,0.3164,0.3466,0.3145,0.3174
2025-05-06,778028,0.3302,0.3248,0.2009,0.2215,0.3459,0.3172,0.3168,0.3392,3,3,0.3068,0.3352,0.3374,0.3221
2025-05-06,778029,0.3160,0.2918,0.2315,0.2768,0.3179,0.3040,0.3296,0.3313,3,3,0.2998,0.2919,0.3293,0.3110
2025-05-06,778030,0.3444,0.3345,0.2507,0.1722,0.3263,0.3334,0.3079,0.2786,3,3,0.3575,0.3516,0.2901,0.3257
2025-05-06,778031,0.3033,0.3211,0.1682,0.2014,0.3052,0.3078,0.3198,0.3187,3,3,0.3211,0.3122,0.3300,0.3298
2025-05-06,778032,0.3884,0.3582,0.1906,0.2148,0.3665,0.3577,0.3136,0.3065,3,3,0.3651,0.3778,0.3302,0.3368
2025-05-06,778033,0.3080,0.3498,0.2146,0.1712,0.3159,0.3239,0.2976,0.3457,3,3,0.3254,0.3422,0.2940,0.3039
2025-05-06,778034,0.3084,0.3526,0.2434,0.2158,0.2970,0.3437,0.2859,0.3098,3,3,0.2892,0.3125,0.3116,0.3252
2025-05-06,778035,0.3652,0.3168,0.2275,0.2255,0.3634,0.3145,0.3431,0.3147,3,3,0.4279,0.2935,0.3351,0.3209
2025-05-06,778037,0.3426,0.3428,0.2000,0.2058,0.3342,0.3331,0.3182,0.3129,3,3,0.3136,0.3295,0.3124,0.3398
2025-05-06,778040,0.3260,0.3166,0.1964,0.2412,0.3243,0.3173,0.2942,0.2838,3,3,0.3077,0.2979,0.3554,0.3279
2025-05-06,778041,0.3489,0.3099,0.1559,0.2415,0.3525,0.3418,0.3059,0.2923,3,3,0.3794,0.3323,0.3376,0.3052
2025-05-07,778009,0.3426,0.3233,0.1853,0.2189,0.3392,0.3267,0.3143,0.3248,3,3,0.3179,0.3286,0.3264,0.3323
2025-05-07,778010,0.3356,0.3448,0.2302,0.2031,0.3377,0.3401,0.3101,0.2802,3,3,0.3237,0.3130,0.3328,0.3063
2025-05-07,778011,0.3290,0.3282,0.2030,0.2350,0.3434,0.3153,0.3234,0.3255,3,2,0.3046,0.3375,0.3372,0.3262
2025-05-07,778012,0.3000,0.3426,0.2482,0.1629,0.3018,0.3135,0.3110,0.3169,3,3,0.3142,0.3203,0.3017,0.3251
2025-05-07,778013,0.3279,0.3139,0.2351,0.2779,0.3456,0.3058,0.3270,0.3115,3,3,0.3576,0.3235,0.3293,0.3110
2025-05-07,778014,0.3879,0.3350,0.1909,0.2032,0.3660,0.3219,0.3326,0.3192,3,3,0.3645,0.3403,0.3357,0.3371
2025-05-07,778015,0.3129,0.3164,0.1774,0.2276,0.2984,0.3175,0.2968,0.3060,3,3,0.3193,0.3111,0.3299,0.3079
2025-05-07,778016,0.3440,0.3333,0.2511,0.1721,0.3258,0.3313,0.3147,0.3329,3,3,0.3563,0.3511,0.3231,0.3332
2025-05-07,778017,0.3560,0.3115,0.2141,0.1946,0.3436,0.3087,0.3293,0.3214,3,3,0.4288,0.2934,0.3227,0.3337
2025-05-07,778018,0.3423,0.3420,0.2000,0.2075,0.3341,0.3328,0.3230,0.3017,3,3,0.3161,0.3278,0.3097,0.3390
2025-05-07,778019,0.3486,0.3785,0.1564,0.2286,0.3534,0.3704,0.3039,0.3051,3,3,0.3777,0.3445,0.3360,0.3192
2025-05-07,778020,0.3263,0.3596,0.2078,0.2197,0.3308,0.3547,0.3196,0.3071,3,3,0.3179,0.3456,0.3164,0.3346
2025-05-07,778021,0.3128,0.3203,0.2218,0.2178,0.3143,0.3342,0.3042,0.3053,3,3,0.3085,0.3340,0.3463,0.2992
2025-05-07,778022,0.3275,0.3270,0.1735,0.2250,0.3123,0.3456,0.3334,0.3235,3,3,0.3309,0.3254,0.3113,0.3259
2025-05-07,778023,0.3101,0.3513,0.2437,0.2163,0.2991,0.3417,0.3123,0.2847,3,3,0.2908,0.3102,0.3068,0.3243
2025-05-08,777999,0.3830,0.3508,0.1743,0.2001,0.3644,0.3658,0.3213,0.2884,3,3,0.4303,0.3437,0.3342,0.3365
2025-05-08,778000,0.3379,0.3242,0.1852,0.2199,0.3378,0.3278,0.3102,0.3040,3,3,0.3204,0.3290,0.3040,0.3317
2025-05-08,778003,0.3103,0.3178,0.2447,0.2223,0.3014,0.3257,0.3131,0.3072,3,3,0.2933,0.3082,0.3140,0.3227
2025-05-08,778004,0.3016,0.3011,0.2638,0.2887,0.3133,0.3025,0.3278,0.3145,3,3,0.2980,0.2778,0.3098,0.3111
2025-05-08,778005,0.3269,0.3249,0.1950,0.2113,0.3235,0.3364,0.3137,0.3098,3,3,0.3081,0.3340,0.2937,0.2882
2025-05-08,778006,0.3277,0.3428,0.2142,0.2063,0.3327,0.3334,0.3302,0.3298,3,3,0.3152,0.3286,0.3149,0.3400
2025-05-08,778007,0.3342,0.3224,0.2187,0.2142,0.3433,0.3155,0.2802,0.3294,3,3,0.3516,0.3395,0.3180,0.3265
2025-05-08,778008,0.3082,0.3158,0.2182,0.2077,0.3256,0.3122,0.2973,0.3315,3,3,0.3194,0.3410,0.3092,0.3420
2025-05-09,777984,0.3324,0.3347,0.2058,0.2280,0.3313,0.3360,0.3062,0.3218,3,3,0.3210,0.3235,0.3177,0.3336
2025-05-09,777986,0.3274,0.3205,0.2032,0.2195,0.3409,0.3238,0.3352,0.3293,3,3,0.3024,0.3290,0.3367,0.3291
2025-05-09,777988,0.3723,0.3505,0.1866,0.1995,0.3394,0.3651,0.3181,0.3319,3,3,0.4313,0.3423,0.3436,0.3361
2025-05-09,777989,0.3104,0.3130,0.2450,0.1771,0.3032,0.2972,0.2947,0.2957,3,3,0.2945,0.3206,0.3234,0.3306
2025-05-09,777990,0.3431,0.3371,0.2060,0.1841,0.3342,0.3271,0.3205,0.3118,3,3,0.3287,0.2967,0.3127,0.3421
2025-05-09,777991,0.3168,0.2977,0.2095,0.2555,0.3183,0.3028,0.3455,0.3217,3,3,0.2937,0.2880,0.3271,0.3085
2025-05-09,777992,0.3183,0.3312,0.1876,0.2263,0.3222,0.3177,0.3286,0.3128,3,3,0.2978,0.3396,0.3174,0.3088
2025-05-09,777993,0.2958,0.3179,0.1693,0.2766,0.3211,0.3087,0.3443,0.3384,3,3,0.2883,0.3262,0.3355,0.3084
2025-05-09,777994,0.3201,0.3441,0.2445,0.2042,0.3458,0.3401,0.3098,0.3172,3,3,0.3320,0.3120,0.3118,0.3158
2025-05-09,777995,0.3340,0.3357,0.1708,0.2379,0.3342,0.3401,0.3056,0.3281,3,3,0.3538,0.3269,0.3120,0.3152
2025-05-09,777996,0.3110,0.3232,0.2096,0.2270,0.3099,0.3164,0.2795,0.3340,3,3,0.3046,0.3072,0.3146,0.3361
2025-05-09,777997,0.3276,0.3271,0.1939,0.1745,0.3250,0.3111,0.3268,0.3275,3,3,0.3088,0.3323,0.3555,0.3116
2025-05-09,777998,0.3456,0.3427,0.2207,0.2515,0.3434,0.3251,0.3217,0.3326,3,3,0.2968,0.3552,0.3273,0.3102
2025-05-09,778001,0.3590,0.3883,0.2193,0.1915,0.3538,0.3662,0.2975,0.3122,3,3,0.3450,0.3640,0.3048,0.3164
2025-05-09,778002,0.3205,0.3071,0.2017,0.1982,0.3065,0.3353,0.3247,0.3228,3,3,0.3111,0.3345,0.3214,0.3158
2025-05-10,777970,0.3317,0.3347,0.2065,0.2272,0.3318,0.3351,0.3160,0.3304,3,3,0.3222,0.3231,0.3266,0.3428
2025-05-10,777972,0.3751,0.3436,0.2319,0.2046,0.3887,0.3378,0.3133,0.3040,3,3,0.3329,0.3118,0.2997,0.3138
2025-05-10,777973,0.3275,0.3196,0.2233,0.2197,0.3413,0.3211,0.3570,0.3364,3,3,0.3018,0.3278,0.3177,0.3273
2025-05-10,777974,0.3228,0.3319,0.2092,0.2258,0.3278,0.3222,0.2901,0.3123,3,3,0.3157,0.3420,0.3176,0.3138
2025-05-10,777975,0.3851,0.3597,0.1746,0.2124,0.3690,0.3602,0.3031,0.3207,3,3,0.4351,0.3413,0.3218,0.3372
2025-05-10,777976,0.3004,0.2949,0.1483,0.2695,0.3183,0.2998,0.3311,0.3227,3,3,0.2848,0.2777,0.3293,0.3095
2025-05-10,777977,0.3425,0.3275,0.2060,0.2217,0.3327,0.3194,0.2974,0.2866,3,3,0.3276,0.3400,0.3107,0.3106
2025-05-10,777978,0.3006,0.3108,0.2119,0.2144,0.3057,0.3347,0.3128,0.3238,3,3,0.2961,0.3138,0.3308,0.3177
2025-05-10,777979,0.3099,0.3122,0.2465,0.2025,0.3015,0.3010,0.3180,0.2951,3,3,0.2950,0.3190,0.3078,0.3301
2025-05-10,777980,0.3332,0.3366,0.1714,0.2129,0.3353,0.3367,0.3107,0.3114,3,3,0.3520,0.3270,0.3265,0.3122
2025-05-10,777981,0.3206,0.3211,0.2018,0.2031,0.3066,0.3286,0.3132,0.3206,3,3,0.3113,0.2970,0.3281,0.3193
2025-05-10,777982,0.3447,0.3892,0.2192,0.1920,0.3361,0.3665,0.3035,0.3124,3,3,0.3028,0.3655,0.3262,0.3263
2025-05-10,777983,0.3272,0.3242,0.1942,0.1731,0.3257,0.3155,0.3138,0.3049,3,3,0.3089,0.3331,0.3555,0.3120
2025-05-10,777985,0.3171,0.3110,0.2205,0.2301,0.3273,0.3066,0.3196,0.3407,3,3,0.3076,0.3031,0.3207,0.2828
2025-05-10,777987,0.3058,0.3341,0.2140,0.2022,0.3208,0.3371,0.3049,0.3010,3,3,0.3156,0.3491,0.3253,0.2976
2025-05-11,777954,0.3838,0.3426,0.1746,0.1822,0.3688,0.3585,0.3124,0.3225,3,3,0.4347,0.3407,0.3352,0.3375
2025-05-11,777955,0.3500,0.3198,0.1550,0.2744,0.3553,0.3053,0.3268,0.3005,3,3,0.3795,0.3242,0.3095,0.3093
2025-05-11,777956,0.3215,0.3309,0.2094,0.2292,0.3284,0.3207,0.3028,0.3069,3,3,0.3149,0.3392,0.3356,0.3067
2025-05-11,777957,0.3114,0.3275,0.2270,0.2166,0.3288,0.3256,0.3177,0.3187,3,3,0.3440,0.3115,0.3165,0.3147
2025-05-11,777958,0.3300,0.3227,0.1991,0.2267,0.3383,0.3318,0.3039,0.3283,3,3,0.2887,0.3218,0.3155,0.3027
2025-05-11,777961,0.3358,0.3266,0.2537,0.2432,0.3633,0.3119,0.3195,0.3102,3,3,0.3515,0.3277,0.3211,0.3274
2025-05-11,777962,0.3329,0.3354,0.1706,0.2134,0.3365,0.3375,0.3155,0.3316,3,3,0.3522,0.3273,0.3268,0.3127
2025-05-11,777963,0.3119,0.3217,0.2451,0.1989,0.3083,0.3033,0.3164,0.3294,3,3,0.2981,0.3200,0.3208,0.3255
2025-05-11,777964,0.3131,0.3206,0.1970,0.2025,0.3045,0.3281,0.2993,0.3104,3,3,0.2917,0.2969,0.3241,0.3349
2025-05-11,777965,0.3422,0.3518,0.2059,0.1722,0.3328,0.3256,0.3145,0.3164,3,3,0.3269,0.3404,0.3168,0.3011
2025-05-11,777966,0.3203,0.2873,0.2159,0.2277,0.3254,0.3253,0.3407,0.3304,3,3,0.2949,0.3081,0.3228,0.3113
2025-05-11,777967,0.3349,0.3206,0.2159,0.2223,0.3257,0.3122,0.3174,0.2768,3,3,0.3086,0.2877,0.3053,0.3178
2025-05-11,777968,0.3444,0.3886,0.2189,0.1926,0.3401,0.3660,0.3280,0.3033,3,3,0.3017,0.3650,0.3333,0.3168
2025-05-11,777969,0.3180,0.3236,0.2158,0.2035,0.3258,0.3349,0.3094,0.3015,3,3,0.3163,0.3507,0.3141,0.3293
2025-05-11,777971,0.3277,0.3283,0.1943,0.1743,0.3250,0.3095,0.3318,0.2941,3,3,0.3069,0.3326,0.3545,0.3118
2025-05-12,777939,0.3585,0.3309,0.2118,0.2434,0.3583,0.3352,0.3109,0.3286,3,3,0.3407,0.3172,0.3366,0.3096
2025-05-12,777941,0.3824,0.3200,0.2338,0.2423,0.3933,0.3291,0.3298,0.3032,3,3,0.3314,0.3232,0.3196,0.3413
2025-05-12,777947,0.3206,0.3491,0.2156,0.1539,0.3203,0.3537,0.2983,0.3129,3,3,0.3259,0.3789,0.3277,0.3368
2025-05-12,777948,0.3503,0.3136,0.1731,0.1771,0.3246,0.3001,0.3081,0.3120,3,3,0.3392,0.3208,0.3394,0.3316
2025-05-12,777949,0.3218,0.3219,0.2736,0.2237,0.3097,0.3227,0.3128,0.3369,3,3,0.3232,0.2981,0.2954,0.3146
2025-05-12,777950,0.3204,0.3876,0.2214,0.1949,0.3118,0.3640,0.3412,0.2768,3,3,0.2880,0.3654,0.3100,0.3280
2025-05-12,777951,0.2997,0.2990,0.2417,0.2515,0.3191,0.3031,0.3194,0.3114,3,2,0.2788,,0.3338,0.3078
2025-05-12,777952,0.3187,0.3430,0.2134,0.2204,0.3242,0.3370,0.3309,0.3397,3,3,0.2944,0.3015,0.3229,0.3321
2025-05-12,777953,0.3335,0.3518,0.1713,0.2198,0.3407,0.3592,0.2931,0.3046,3,3,0.3552,0.3157,0.3287,0.3309
2025-05-12,777959,0.3354,0.3343,0.2369,0.2162,0.3431,0.3239,0.3117,0.3311,3,3,0.3288,0.3065,0.2904,0.3578
2025-05-12,777960,0.3130,0.3241,0.1962,0.1640,0.3029,0.3129,0.3228,0.3017,3,3,0.2913,0.3324,0.3245,0.3112
2025-05-13,777926,0.3708,0.3391,0.2126,0.2369,0.3873,0.3371,0.2906,0.3037,3,3,0.3396,0.3209,0.3051,0.3134
2025-05-13,777930,0.3580,0.3307,0.2137,0.2433,0.3570,0.3328,0.3165,0.3064,3,3,0.3807,0.3168,0.3369,0.3091
2025-05-13,777931,0.3420,0.3131,0.1751,0.1768,0.3250,0.2998,0.3058,0.2834,3,3,0.3406,0.3196,0.3373,0.3306
2025-05-13,777932,0.3249,0.3496,0.2152,0.1533,0.3226,0.3531,0.3045,0.3160,3,3,0.3294,0.3800,0.3300,0.3279
2025-05-13,777933,0.3337,0.2940,0.1712,0.2097,0.3412,0.3161,0.3156,0.3045,3,3,0.3551,0.3078,0.3292,0.3547
2025-05-13,777934,0.3207,0.3144,0.2734,0.2262,0.3072,0.3123,0.3288,0.3296,3,3,0.3224,0.3009,0.3117,0.3133
2025-05-13,777935,0.3126,0.3445,0.2179,0.1843,0.3232,0.3431,0.3311,0.3054,3,3,0.3001,0.3242,0.3261,0.3059
2025-05-13,777936,0.3150,0.3430,0.2081,0.2207,0.3190,0.3354,0.3184,0.3237,3,3,0.2933,0.3006,0.3255,0.3315
2025-05-13,777937,0.3431,0.3178,0.2052,0.2460,0.3358,0.3120,0.3165,0.3105,3,3,0.3093,0.3012,0.3259,0.3436
2025-05-13,777938,0.3279,0.3254,0.2314,0.2441,0.3208,0.3492,0.3170,0.3212,3,3,0.3367,0.3007,0.3076,0.3323
2025-05-13,777940,0.3428,0.3124,0.2066,0.2365,0.3320,0.3247,0.3017,0.3203,3,3,0.3253,0.3015,0.3352,0.3289
2025-05-13,777942,0.3359,0.3354,0.2369,0.2152,0.3429,0.3266,0.3282,0.3216,3,3,0.3287,0.3081,0.3008,0.3621
2025-05-13,777943,0.3061,0.3869,0.2024,0.1949,0.3188,0.3653,0.3111,0.3338,3,3,0.2866,0.3646,0.3107,0.3157
2025-05-13,777944,0.3200,0.3277,0.2423,0.1744,0.3043,0.3087,0.3380,0.3534,3,3,0.3114,0.3332,0.3278,0.3117
2025-05-13,777945,0.3057,0.2998,0.2049,0.2639,0.3164,0.3027,0.3085,0.3229,3,3,0.3048,0.2801,0.3081,0.3218
2025-05-14,777914,0.3256,0.3511,0.2162,0.1522,0.3214,0.3525,0.3585,0.3249,3,3,0.3282,0.3834,0.3284,0.3387
2025-05-14,777915,0.3737,0.3291,0.2327,0.2179,0.3863,0.3415,0.3061,0.3238,3,3,0.3397,0.3086,0.3020,0.3418
2025-05-14,777916,0.3247,0.3180,0.2046,0.1887,0.3381,0.3312,0.3131,0.3293,3,3,0.3454,0.3356,0.3377,0.3320
2025-05-14,777917,0.3428,0.3837,0.2078,0.1739,0.3332,0.3684,0.2977,0.3081,3,3,0.3128,0.4334,0.3268,0.3360
2025-05-14,777918,0.3075,0.3304,0.2497,0.2117,0.3061,0.3349,0.3428,0.3470,3,3,0.3231,0.3179,0.3122,0.3143
2025-05-14,777919,0.3189,0.3492,0.2197,0.2238,0.3109,0.3449,0.2972,0.3193,3,3,0.2881,0.3626,0.3299,0.3309
2025-05-14,777920,0.3510,0.3123,0.1719,0.2030,0.3249,0.3056,,0.3336,3,3,0.3408,0.3203,0.3364,0.3291
2025-05-14,777921,0.3181,0.3510,0.2131,0.2248,0.3236,0.3450,0.3186,0.3164,3,3,0.2924,0.3284,0.3187,0.3193
2025-05-14,777922,0.3337,0.3272,0.1712,0.1962,0.3411,0.3251,0.3003,0.3210,3,3,0.3551,0.3078,0.3292,0.3547
2025-05-14,777923,0.3142,0.3450,0.2161,0.1848,0.3216,0.3422,0.3259,0.3087,3,3,0.3007,0.3278,0.3431,0.3092
2025-05-14,777924,0.3244,0.3254,0.2394,0.2442,0.3230,0.3491,0.3269,0.2909,3,3,0.3367,0.3007,0.3153,0.3402
2025-05-14,777925,0.3125,0.3270,0.1968,0.1744,0.3037,0.3090,0.3231,0.3232,3,3,0.2907,0.3329,0.3228,0.3086
2025-05-14,777927,0.3410,0.3357,0.2082,0.2015,0.3302,0.3394,0.2727,0.3057,3,3,0.3243,0.3529,0.3343,0.3253
2025-05-14,777928,0.3059,0.3117,0.2022,0.2224,0.3140,0.3215,0.3013,0.3346,3,3,0.3018,0.3143,0.3076,0.3123
2025-05-14,777929,0.3233,0.3501,0.2281,0.2152,0.3455,0.3435,0.3456,0.3179,3,3,0.3287,0.3070,0.3063,0.3191
2025-05-15,777909,0.3318,0.3450,0.2228,0.1959,0.3540,0.3398,0.3189,0.3134,3,3,0.3305,0.3069,0.3102,0.3473
2025-05-15,777910,0.3142,0.3314,0.1757,0.2110,0.3002,0.3390,0.2764,0.2927,3,3,0.3214,0.3191,0.3286,0.3156
2025-05-15,777911,0.3235,0.3253,0.2068,0.2421,0.3216,0.3445,0.3229,0.3274,3,3,0.3206,0.2960,0.3011,0.3395
2025-05-15,777912,0.2967,0.3169,0.2258,0.2252,0.3079,0.3053,0.2965,0.3426,3,3,0.2882,0.3320,0.3124,0.3113
2025-05-15,777913,0.3153,0.3445,0.2539,0.1852,0.3274,0.3427,0.3222,0.3238,3,3,0.3039,0.3266,0.3270,0.3313
2025-05-15,777946,0.3230,0.3461,0.2050,0.1937,0.3153,0.3496,,0.3097,3,3,0.3103,0.4356,0.3088,0.3098
2025-05-16,777891,0.3401,0.3174,0.2504,0.1880,0.3311,0.3297,0.3106,0.3133,3,3,0.3023,0.3345,0.3025,0.3235
2025-05-16,777895,0.3132,0.3308,0.1761,0.2110,0.2986,0.3370,0.2884,0.3277,3,3,0.3205,0.3188,0.3252,0.3152
2025-05-16,777896,0.3192,0.3517,0.2457,0.1517,0.3300,0.3548,0.3131,0.3211,3,3,0.3197,0.3832,0.3423,0.3384
2025-05-16,777897,0.3005,0.3491,0.2672,0.1899,0.2983,0.3695,0.3102,,3,3,0.3116,0.3822,0.3238,0.3378
2025-05-16,777898,0.3153,0.3266,0.1971,0.2070,0.3156,0.3148,0.3125,0.2880,3,3,0.3304,0.3097,0.3200,0.3071
2025-05-16,777899,0.3088,0.3851,0.1981,0.1739,0.3223,0.3713,0.3254,0.3377,3,3,0.3266,0.4366,0.3205,0.3387
2025-05-16,777900,0.3065,0.3421,0.2468,0.2211,0.3140,0.3370,0.3115,0.3057,3,3,0.3082,0.3016,0.3012,0.3309
2025-05-16,777901,0.3353,0.3505,0.1717,0.1716,0.3408,0.3248,0.2990,0.3108,3,3,0.3558,0.3396,0.3282,0.3357
2025-05-16,777902,0.3257,0.3054,0.1761,0.2024,0.3004,0.3059,0.3471,0.3114,3,3,0.3313,0.2974,0.3140,0.3198
2025-05-16,777903,0.3274,0.3236,0.2350,0.2508,0.3390,0.3222,0.3319,0.3106,3,3,0.3334,0.3378,0.3393,0.3245
2025-05-16,777904,0.3862,0.3709,0.1958,0.2158,0.3647,0.3927,0.3024,0.3060,3,3,0.3632,0.3404,0.3277,0.3232
2025-05-16,777905,0.3396,0.3517,0.2520,0.2192,0.3402,0.3577,0.3030,0.3272,3,3,0.3538,0.3150,0.3068,0.3325
2025-05-16,777906,0.3281,0.3345,0.2307,0.2043,0.3451,0.3324,0.3157,0.3091,3,3,0.3544,0.3266,0.3301,0.3315
2025-05-16,777907,0.3346,0.3365,0.2155,0.2076,0.3398,0.3400,0.3242,0.3099,3,3,0.3313,0.3549,0.3104,0.3111
2025-05-16,777908,0.3153,0.3419,0.2396,0.2086,0.3240,0.3317,0.2873,0.2937,3,3,0.3035,0.3235,0.3299,0.3211
2025-05-17,777875,0.3342,0.3507,0.2291,0.1524,0.3350,0.3544,0.3003,0.3414,3,3,0.3213,0.3811,0.3420,0.3378
2025-05-17,777879,0.3410,0.3131,0.2064,0.1853,0.3310,0.3260,0.3049,0.3213,3,3,0.3078,0.3183,0.3147,0.3361
2025-05-17,777881,0.3085,0.3434,0.1990,0.2192,0.3170,0.3356,0.2974,0.3386,3,3,0.3090,0.3040,0.3079,0.3285
2025-05-17,777882,0.3125,0.3230,0.1758,0.2128,0.2980,0.3324,0.3130,0.2978,3,3,0.3197,0.3208,0.3281,0.3142
2025-05-17,777883,0.3150,0.3174,0.1971,0.2123,0.3162,0.3101,0.3196,0.3040,3,3,0.3312,0.3117,0.3036,0.3033
2025-05-17,777884,0.3246,0.3853,0.2204,0.1745,0.3250,0.3700,0.3185,0.3268,3,3,0.3262,0.4390,0.3263,0.3262
2025-05-17,777885,0.3350,0.3513,0.1709,0.1716,0.3389,0.3264,0.3196,0.3236,3,3,0.3546,0.3396,0.3279,0.3349
2025-05-17,777886,0.3235,0.3345,0.2263,0.2060,0.3311,0.3314,0.3127,0.3058,3,3,0.3008,0.3280,0.3376,0.3232
2025-05-17,777887,0.3004,0.3483,0.2671,0.1893,0.2976,0.3687,0.3055,0.3282,3,3,0.3115,0.3463,0.3075,0.3457
2025-05-17,777888,0.3853,0.3746,0.1964,0.2193,0.3652,0.3788,0.3038,0.3250,3,3,0.3612,0.3503,0.3270,0.3237
2025-05-17,777889,0.3262,0.3071,0.2357,0.2550,0.3366,0.3208,0.3391,0.3043,3,3,0.3098,0.2936,0.3261,0.3256
2025-05-17,777890,0.3376,0.3342,0.2377,0.2187,0.3425,0.3419,0.3454,0.3437,3,3,0.3297,0.2987,0.3148,0.3136
2025-05-17,777892,0.3257,0.3048,0.1654,0.2021,0.3145,0.3051,0.3145,0.3211,3,3,0.3325,0.2970,0.3079,0.3145
2025-05-17,777893,0.3324,0.3420,0.2174,0.2088,0.3227,0.3317,0.3160,0.3168,3,3,0.3062,0.3244,0.3049,0.3309
2025-05-17,777894,0.3408,0.3274,0.2515,0.1942,0.3241,0.3248,0.2796,0.3165,3,3,0.3532,0.3073,0.3316,0.3567
2025-05-18,777864,0.3343,0.3528,0.1709,0.1812,0.3376,0.3221,0.3088,0.3058,3,3,0.3541,0.3166,0.3269,0.2781
2025-05-18,777865,0.3161,0.3198,0.1965,0.2022,0.3179,0.3054,0.3021,0.3265,3,3,0.3296,0.3133,0.3216,0.3260
2025-05-18,777866,0.3239,0.3757,0.2195,0.1834,0.3254,0.3449,0.3066,0.3141,3,3,0.3280,0.4365,0.3306,0.3462
2025-05-18,777867,0.3258,0.3180,0.1961,0.1862,0.3214,0.3260,0.3171,0.3156,3,3,0.3198,0.3340,0.3479,0.3308
2025-05-18,777868,0.3394,0.3508,0.2380,0.1519,0.3373,0.3544,0.2999,0.2814,3,3,0.3199,0.3814,0.3201,0.3384
2025-05-18,777869,0.3161,0.3209,0.2015,0.2185,0.3066,0.3242,0.3237,0.3062,3,3,0.3162,0.3138,0.3102,0.3142
2025-05-18,777870,0.3079,0.3481,0.2312,0.1880,0.3177,0.3701,0.3166,0.3395,3,3,0.3180,0.3457,0.3217,0.3388
2025-05-18,777871,0.3247,0.3343,0.2043,0.2051,0.3343,0.3299,0.3261,0.3183,3,3,0.3530,0.3268,0.3320,0.3053
2025-05-18,777872,0.3063,0.3433,0.2082,0.2195,0.3325,0.3344,0.3127,0.3205,3,3,0.3126,0.3039,0.3056,0.3307
2025-05-18,777873,0.3372,0.3264,0.2384,0.2405,0.3433,0.3498,0.3002,0.3199,3,3,0.3291,0.3032,0.3150,0.3411
2025-05-18,777874,0.3291,0.3037,0.1404,0.2032,0.3026,0.3028,0.3014,0.3333,3,3,0.3322,0.2966,0.3063,0.3139
2025-05-18,777876,0.3341,0.3430,0.2166,0.2082,0.3264,0.3301,0.3311,0.3138,3,3,0.3079,0.3262,0.3683,0.3083
2025-05-18,777877,0.3270,0.3246,0.2331,0.2465,0.3412,0.3250,0.3412,0.3064,3,3,0.3319,0.3375,0.3390,0.3148
2025-05-18,777878,0.3856,0.3795,0.1956,0.2321,0.3642,0.3877,0.3050,0.3236,3,3,0.3604,0.3349,0.3177,0.3035
2025-05-18,777880,0.3403,0.3283,0.2533,0.1938,0.3234,0.3264,,0.2782,3,3,0.3511,0.3091,0.3095,0.3560
2025-05-19,777852,0.3522,0.3053,0.2181,0.2649,0.3586,0.3096,0.3288,0.3051,3,3,0.3130,0.3173,0.3317,0.3239
2025-05-19,777853,0.3263,0.3243,0.2169,0.2388,0.3308,0.3216,0.3260,0.3183,3,3,0.3315,0.3197,0.3301,0.3480
2025-05-19,777854,0.3485,0.3841,0.1877,0.1759,0.3712,0.3701,0.2944,0.3257,3,3,0.3812,0.4367,0.3385,0.3463
2025-05-19,777855,0.3341,0.3180,0.1967,0.1860,0.3261,0.3272,0.3130,0.2905,3,3,0.2877,0.3346,0.3347,0.3311
2025-05-19,777856,0.3846,0.3433,0.1964,0.2070,0.3634,0.3293,0.3144,0.3096,3,3,0.3597,0.3265,0.3254,0.3179
2025-05-19,777857,0.3185,0.3054,0.2438,0.2122,0.3300,0.3188,0.3334,0.3078,3,3,0.3187,0.3149,0.3415,0.3055
2025-05-19,777858,0.3123,0.3071,0.1750,0.2356,0.2985,0.3345,0.3096,0.3171,3,3,0.3186,0.3323,0.3300,0.3246
2025-05-19,777859,0.3037,0.3189,0.2025,0.2237,0.3051,0.3103,0.3321,0.3072,3,3,0.2972,0.2881,0.3183,0.3278
2025-05-19,777860,0.3270,0.3192,0.2397,0.2035,0.3497,0.3035,0.3105,0.3219,3,3,0.3068,0.3120,0.3352,0.3117
2025-05-19,777862,0.3357,0.3273,0.2010,0.1796,0.3334,0.3401,0.3130,,3,3,0.3514,0.3525,0.3118,0.3335
2025-05-19,777863,0.3428,0.3302,0.2197,0.2071,0.3363,0.3319,0.3290,0.3161,3,3,0.3044,0.3369,0.3303,0.3271
2025-05-20,777836,0.3516,0.3114,0.1704,0.1861,0.3246,0.3221,0.3212,0.3172,3,3,0.3396,0.3163,0.3337,0.3295
2025-05-20,777838,0.3480,0.3858,0.1877,0.1749,0.3720,0.3700,0.2899,0.3163,3,3,0.3452,0.4385,0.3310,0.3406
2025-05-20,777839,0.3165,0.3247,0.1457,0.2299,0.3094,0.3185,0.2931,0.3192,3,3,0.3322,0.3379,0.2979,0.3330
2025-05-20,777840,0.3279,0.3347,0.2113,0.1704,0.3448,0.3413,0.3212,0.2720,3,3,0.3490,0.3517,0.3320,0.3554
2025-05-20,777841,0.3459,0.3367,0.2457,0.2387,0.3431,0.3435,0.3287,0.3204,3,3,0.2936,0.3307,0.3317,0.3136
2025-05-20,777842,0.3282,0.3052,0.1933,0.2650,0.3246,0.3100,0.3519,0.3253,3,3,0.3086,0.3166,0.3565,0.3236
2025-05-20,777843,0.3276,0.3229,0.2166,0.2470,0.3333,0.3106,0.3199,0.3337,3,3,0.3329,0.3191,0.3270,0.3482
2025-05-20,777844,0.3290,0.3195,0.2214,0.2034,0.3389,0.3031,0.3235,0.2912,3,3,0.3072,0.3118,0.2917,0.3261
2025-05-20,777845,0.3506,0.3348,0.1520,0.2053,0.3557,0.3334,0.3041,0.2917,3,3,0.3811,0.3263,0.3380,0.3296
2025-05-20,777846,0.3187,0.3017,0.2429,0.2573,0.3287,0.3357,0.3241,0.3027,3,3,0.3198,0.3141,0.3402,0.2989
2025-05-20,777847,0.3045,0.3386,0.2019,0.2555,0.3052,0.3218,0.3208,0.2977,3,3,0.2981,0.3488,0.3131,0.3322
2025-05-20,777848,0.3127,0.2865,0.1744,0.2484,0.2995,0.3037,0.3253,,3,3,0.3199,0.2798,0.3275,0.3104
2025-05-20,777849,0.3228,0.3793,0.2137,0.2313,0.3278,0.3854,0.3150,0.3365,3,3,0.3182,0.3357,0.3137,0.3033
2025-05-20,777850,0.3379,0.3029,0.2551,0.2791,0.3260,0.3385,0.3177,0.3187,3,3,0.3447,0.3388,0.3078,0.3054
2025-05-20,777851,0.3849,0.3434,0.1962,0.2059,0.3654,0.3299,0.3210,0.3007,3,3,0.3589,0.3267,0.3237,0.3214
2025-05-21,777819,0.3432,0.3305,0.1661,0.2091,0.3145,0.3239,0.3094,0.3130,3,3,0.3159,0.3348,0.3245,0.3105
2025-05-21,777823,0.3531,0.3042,0.2174,0.2664,0.3578,0.3087,0.3212,0.3523,3,3,0.3129,0.3125,0.3290,0.3225
2025-05-21,777824,0.3503,0.3858,0.1891,0.1736,0.3669,0.3708,0.3206,0.3006,3,3,0.3450,0.4382,0.3372,0.3310
2025-05-21,777825,0.3435,0.3327,0.2127,0.2262,0.3320,0.3452,0.3339,0.3266,3,3,0.3484,0.3308,0.3234,
2025-05-21,777826,0.3284,0.3161,0.2224,0.2131,0.3365,0.3052,0.3214,0.3218,3,3,0.3066,0.3129,0.3366,0.3084
2025-05-21,777827,0.3112,0.3337,0.2159,0.1919,0.3170,0.3395,0.3092,0.2950,3,3,0.3284,0.3033,0.3325,0.3420
2025-05-21,777828,0.3301,0.3338,0.2194,0.2340,0.3321,0.3195,0.3151,0.3364,3,3,0.3333,0.3202,0.3273,0.3305
2025-05-21,777829,0.3165,0.3108,0.1457,0.1985,0.3093,0.3253,0.3258,0.3290,3,3,0.3322,0.3181,0.3140,0.3093
2025-05-21,777830,0.3331,0.3051,0.2266,0.2108,0.3333,0.3191,0.3071,0.3232,3,3,0.3220,0.3141,0.3396,0.3077
2025-05-21,777831,0.3739,0.3438,0.1920,0.2061,0.3447,0.3314,0.2871,0.3082,3,3,0.3593,0.3263,0.3400,0.3271
2025-05-21,777832,0.3127,0.3269,0.1742,0.2301,0.2989,0.3406,0.3113,0.2904,3,3,0.3189,0.3338,0.3293,0.3184
2025-05-21,777833,0.3577,0.3299,0.2184,0.2184,0.3488,0.3235,0.3288,0.3123,3,3,0.3435,0.3376,0.3167,0.3303
2025-05-21,777834,0.3035,0.3258,0.2017,0.2361,0.3036,0.3293,0.3250,0.3298,3,3,0.2977,0.3489,0.3123,0.3292
2025-05-21,777835,0.3200,0.3706,0.2210,0.2359,0.3193,0.3862,0.3254,0.2873,3,3,0.3099,0.3419,0.3125,0.3126
2025-05-21,777837,0.3195,0.3050,0.1550,0.1918,0.3377,0.3252,0.3279,0.3154,3,3,0.2882,0.3247,0.3320,0.3294
2025-05-22,777812,0.3305,0.3228,0.2191,0.1936,0.3305,0.3300,0.3057,0.3181,3,3,0.3327,0.3047,0.3301,0.3293
2025-05-22,777814,0.3204,0.3393,0.2025,0.2553,0.3039,0.3242,0.3143,0.3184,3,3,0.3135,0.3493,0.3248,0.3335
2025-05-22,777815,0.3288,0.3066,0.2214,0.2133,0.3357,0.3149,0.3455,0.3313,3,3,0.3080,0.3280,0.3374,0.3061
2025-05-22,777816,0.3491,0.3342,0.1523,0.2059,0.3534,0.3303,0.3170,0.3158,3,3,0.3778,0.3241,0.3381,0.3015
2025-05-22,777817,0.3290,0.3047,0.1929,0.2656,0.3246,0.3110,0.3279,0.2998,3,3,0.3105,0.3115,0.2971,0.3218
2025-05-22,777818,0.3234,0.3714,0.2214,0.2141,0.3159,0.3874,0.3019,0.3085,3,3,0.3209,0.3401,0.3204,0.3296
2025-05-22,777820,0.3299,0.3369,0.2473,0.2376,0.3244,0.3436,0.2966,0.3050,3,3,0.2935,0.3308,0.3080,0.3139
2025-05-22,777821,0.3229,0.3050,0.1668,0.2603,0.3238,0.3248,0.3081,0.3119,3,3,0.3325,0.2947,0.3135,0.3335
2025-05-22,777822,0.3244,0.3127,0.2530,0.1741,0.3259,0.3017,0.3322,0.2938,3,3,0.3227,0.3184,0.3098,0.3291
2025-05-23,777797,0.3480,0.3326,0.1894,0.1721,0.3705,0.3403,0.3315,0.3138,3,3,0.3453,0.3491,0.3368,0.3406
2025-05-23,777798,0.3232,0.3287,0.1933,0.2164,0.3145,0.3340,0.3147,0.3386,3,3,0.3294,0.3347,0.3225,0.3330
2025-05-23,777799,0.3501,0.3207,0.1710,0.2123,0.3248,0.3382,0.2936,0.3103,3,3,0.3383,0.3218,0.3007,0.3230
2025-05-23,777800,0.3192,0.3141,0.2424,0.1729,0.3341,0.3031,0.3133,0.3389,3,3,0.3213,0.3203,0.3403,0.3292
2025-05-23,777801,0.3321,0.3379,0.2091,0.2361,0.3233,0.3438,0.3116,0.3130,3,3,0.3350,0.3314,0.3110,0.3146
2025-05-23,777802,0.3862,0.3036,0.2353,0.2652,0.3945,0.3085,0.3246,0.3047,3,3,0.3418,0.3084,0.3289,0.3222
2025-05-23,777804,0.3535,0.3293,0.2175,0.1929,0.3577,0.3243,0.3162,0.2764,3,3,0.3127,0.3195,0.3294,0.3476
2025-05-23,777805,0.3257,0.3121,0.2116,0.2004,0.3225,0.3278,0.3391,0.3137,3,3,0.3245,0.3128,0.3195,0.3033
2025-05-23,777806,0.3203,0.3310,0.2026,0.2574,0.3047,0.3251,0.2705,0.3025,3,3,0.3115,0.3507,0.3115,0.3305
2025-05-23,777807,0.3167,0.3342,0.1462,0.2035,0.3078,0.3318,0.3256,0.3205,3,3,0.3318,0.3486,0.3133,0.3158
2025-05-23,777808,0.3850,0.3729,0.1739,0.1892,0.3697,0.3465,0.3275,0.3290,3,3,0.4374,0.3600,0.3483,0.3289
2025-05-23,777810,0.3336,0.3140,0.2060,0.2163,0.3286,0.3319,0.3000,0.3061,3,3,0.3233,0.3365,0.3304,0.2935
2025-05-23,777811,0.3574,0.3025,0.2185,0.2013,0.3493,0.3024,0.2842,0.3021,3,3,0.3418,0.2963,0.3163,0.3120
2025-05-23,777813,0.3483,0.3430,0.1538,0.2429,0.3522,0.3312,0.2868,0.3029,3,3,0.3765,0.3340,0.3377,0.3500
2025-05-24,777781,0.3299,0.3274,0.2058,0.2172,0.3389,0.3316,0.3141,0.3396,3,3,0.3392,0.3326,0.3323,0.3339
2025-05-24,777782,0.3127,0.2960,0.2265,0.2463,0.3373,0.3143,0.3295,0.3032,3,3,0.3181,0.3096,0.3022,0.3115
2025-05-24,777784,0.3536,0.3442,0.2165,0.2029,0.3597,0.3388,0.3151,0.2993,3,3,0.3141,0.3129,0.3279,0.3105
2025-05-24,777786,0.3360,0.3335,0.1675,0.1715,0.3502,0.3399,0.3062,0.3263,3,3,0.3838,0.3510,0.3361,0.3408
2025-05-24,777787,0.3380,0.3141,0.2386,0.1722,0.3360,0.3027,0.3041,0.2754,3,3,0.3198,0.3199,0.3120,0.3255
2025-05-24,777788,0.3508,0.3124,0.1705,0.1916,0.3263,0.3176,0.3261,0.3093,3,3,0.3385,0.3203,0.3341,0.3162
2025-05-24,777789,0.3766,0.3595,0.2004,0.1868,0.3570,0.3491,0.3208,0.3151,3,3,0.4363,0.3592,0.3452,0.3347
2025-05-24,777790,0.3442,0.3356,0.1907,0.2135,0.3352,0.3246,0.3316,0.3318,3,3,0.3508,0.3286,0.3167,0.3258
2025-05-24,777791,0.3577,0.3017,0.2193,0.2011,0.3485,0.3024,0.2994,0.3317,3,3,0.3404,0.2961,0.3176,0.3045
2025-05-24,777792,0.3252,0.3143,0.2104,0.1992,0.3229,0.3274,0.3532,0.3268,3,3,0.3249,0.3167,0.3218,0.3033
2025-05-24,777793,0.3238,0.3322,0.2090,0.2221,0.3285,0.3527,0.3339,0.3200,3,3,0.3135,0.3301,0.3191,0.3103
2025-05-24,777794,0.3206,0.3439,0.2039,0.2524,0.3046,0.3279,0.3114,0.3312,3,3,0.3119,0.3562,0.3261,0.3259
2025-05-24,777795,0.3329,0.3280,0.2052,0.2296,0.3276,0.3389,0.3134,0.3345,3,3,0.3227,0.3352,0.3313,0.3141
2025-05-24,777796,0.3223,0.3154,0.1666,0.1973,0.3230,0.3044,0.3053,0.3217,3,3,0.3318,0.2909,0.3147,0.3327
2025-05-24,777803,0.3180,0.3597,0.1596,0.2178,0.3415,0.3494,0.3174,0.3094,3,3,0.2840,0.3388,0.3368,0.3469
2025-05-24,777809,0.3290,0.3498,0.2206,0.2333,0.3344,0.3404,0.3180,0.2982,3,3,0.3080,0.3286,0.3370,0.3252
2025-05-25,777765,0.3298,0.3449,0.1911,0.2017,0.3256,0.3391,0.3255,0.3085,3,3,0.3103,0.3133,0.3559,0.3094
2025-05-25,777766,0.3494,0.3325,0.1882,0.1725,0.3709,0.3388,0.3097,0.3298,3,3,0.3448,0.3509,0.3355,0.3420
2025-05-25,777767,0.3094,0.3274,0.1884,0.2164,0.3398,0.3289,0.3263,0.3288,3,3,0.3378,0.3312,0.3316,0.3335
2025-05-25,777768,0.3845,0.3034,0.2345,0.2685,0.3762,0.3085,0.3532,0.3025,3,3,0.3397,0.3087,0.3245,0.3232
2025-05-25,777772,0.3426,0.3239,0.1670,0.1919,0.3147,0.3430,0.3033,0.2760,3,3,0.3146,0.3210,0.3193,0.3165
2025-05-25,777773,0.3834,0.3603,0.1762,0.1857,0.3686,0.3510,0.3075,0.3231,3,3,0.4343,0.3600,0.3477,0.3338
2025-05-25,777774,0.3345,0.3142,0.2548,0.1726,0.3473,0.3038,0.3052,0.2931,3,3,0.3094,0.3197,0.3310,0.3272
2025-05-25,777775,0.3109,0.3159,0.1903,0.2214,0.3180,0.3248,0.3147,0.2850,3,3,0.2918,0.3363,0.3257,0.3331
2025-05-25,777776,0.3255,0.3403,0.2161,0.2393,0.2996,0.3345,0.3171,0.3081,3,3,0.3073,0.3561,0.3045,0.3221
2025-05-25,777777,0.3121,0.3163,0.2202,0.1953,0.3173,0.3264,0.3275,0.3382,3,3,0.3295,0.3187,0.3207,0.3042
2025-05-25,777778,0.3231,0.3307,0.2080,0.2275,0.3274,0.3354,0.3191,0.3088,3,3,0.3138,0.3285,0.3184,0.3160
2025-05-25,777779,0.3584,0.3025,0.2193,0.2013,0.3482,0.3057,0.3077,0.3232,3,3,0.3399,0.2954,0.3195,0.3134
2025-05-25,777780,0.3036,0.3118,0.2000,0.1985,0.3186,0.3199,0.2801,0.3461,3,3,0.2801,0.3112,0.3019,0.3315
2025-05-25,777783,0.3479,0.3627,0.1541,0.2191,0.3516,0.3508,0.2990,0.2910,3,3,0.3733,0.3409,0.3255,0.3480
2025-05-25,777785,0.3167,0.3499,0.2475,0.2316,0.3425,0.3443,0.3207,0.3300,3,3,0.3065,0.3297,0.3358,0.3173
2025-05-26,777756,0.3280,0.3406,0.2118,0.2083,0.3195,0.3428,0.3355,0.3115,3,3,0.3379,0.3723,0.3284,0.3135
2025-05-26,777757,0.3133,0.3593,0.2784,0.2192,0.3075,0.3492,0.3135,0.3232,3,3,0.3072,0.3392,0.3226,0.3186
2025-05-26,777758,0.3158,0.3732,0.1942,0.1931,0.3276,0.3461,0.2978,0.3411,3,3,0.3156,0.3598,0.3027,0.3449
2025-05-26,777759,0.3329,0.3241,0.2038,0.2060,0.3276,0.3253,0.2872,0.3220,3,3,0.3229,0.3230,0.3202,0.3236
2025-05-26,777760,0.3093,0.3503,0.2285,0.1723,0.3143,0.3268,0.3175,0.2935,3,3,0.2956,0.3387,0.3032,0.3349
2025-05-26,777761,0.3434,0.3494,0.2541,0.1881,0.3262,0.3707,0.3183,0.3239,3,3,0.3575,0.3877,0.3285,0.3365
2025-05-26,777762,0.3219,0.3181,0.2039,0.2093,0.3298,0.3253,0.3259,0.3255,3,3,0.3198,0.3059,0.3174,0.3276
2025-05-26,777763,0.3783,0.3268,0.2301,0.2190,0.3853,0.3271,0.3250,0.3160,3,3,0.3381,0.3307,0.3193,0.3314
2025-05-26,777764,0.3337,0.3142,0.2294,0.2211,0.3274,0.3121,0.3151,0.2855,3,3,0.3312,0.3079,0.3248,0.3065
2025-05-26,777769,0.3841,0.3187,0.1756,0.1718,0.3711,0.3101,0.3201,0.2762,3,3,0.4347,0.3317,0.3473,0.3004
2025-05-26,777770,0.3260,0.3261,0.2073,0.2024,0.3165,0.3380,0.3358,0.3183,3,3,0.3152,0.3510,0.3109,0.3310
2025-05-26,777771,0.3329,0.3238,0.1726,0.2326,0.3379,0.3358,0.3324,0.3248,3,3,0.3494,0.3041,0.3550,0.3385
2025-05-27,777741,0.3338,0.3221,0.2020,0.2164,0.3317,0.3248,0.2973,0.3158,3,3,0.3236,0.3132,0.3314,0.3242
2025-05-27,777742,0.3277,0.3465,0.2126,0.1545,0.3206,0.3512,0.3139,0.3199,3,3,0.3399,0.3698,0.3025,0.3402
2025-05-27,777743,0.3353,0.3376,0.2363,0.2384,0.3443,0.3362,0.3183,0.3182,3,3,0.3272,0.3181,0.3157,0.3111
2025-05-27,777744,0.3435,0.3228,0.2442,0.1768,0.3348,0.3307,0.2932,0.3152,3,3,0.3565,0.3424,0.2995,0.3375
2025-05-27,777745,0.3783,0.3269,0.2295,0.2177,0.3833,0.3310,0.3214,0.3021,3,3,0.3380,0.3338,0.3035,0.3221
2025-05-27,777746,0.3262,0.3288,0.2012,0.2268,0.3446,0.3437,0.3107,0.2890,3,3,0.3264,0.3345,0.3078,0.2893
2025-05-27,777747,0.3438,0.3203,0.2297,0.2047,0.3277,0.3090,0.3194,0.3123,3,3,0.3330,0.3114,0.3127,0.3189
2025-05-27,777748,0.3602,0.3122,0.2459,0.1974,0.3533,0.3163,0.2949,0.3234,3,3,0.3414,0.3096,0.3244,0.3592
2025-05-27,777749,0.3170,0.3723,0.1932,0.1933,0.3281,0.3463,0.3096,0.3259,3,3,0.3191,0.3586,0.3086,0.3335
2025-05-27,777750,0.3027,0.3501,0.2010,0.1717,0.3091,0.3277,0.3157,0.3199,3,3,0.2969,0.3385,0.3189,0.3350
2025-05-27,777751,0.3021,0.3588,0.2693,0.2189,0.3093,0.3503,0.3136,0.3270,3,3,0.3067,0.3393,0.3224,0.3185
2025-05-27,777752,0.3419,0.3097,0.1834,0.2441,0.3503,0.3134,0.2884,0.3295,2,3,,0.3200,0.3310,0.3211
2025-05-27,777753,0.3851,0.3176,0.1748,0.1737,0.3741,0.3080,0.3092,0.3149,3,3,0.4362,0.3300,0.3397,0.3129
2025-05-27,777754,0.3362,0.3241,0.1944,0.2323,0.3457,0.3338,0.3189,0.3097,3,3,0.3489,0.3034,0.3350,0.3389
2025-05-27,777755,0.3156,0.3362,0.2191,0.2022,0.3322,0.3400,0.3061,0.3097,3,3,0.3145,0.3503,0.3326,0.3330
2025-05-28,777724,0.3292,0.3441,0.2127,0.2008,0.3292,0.3348,0.3050,0.3141,3,3,0.2819,0.3131,0.3265,0.3218
2025-05-28,777726,0.3226,0.3464,0.1871,0.1538,0.3134,0.3509,0.3336,0.3226,3,3,0.3207,0.3694,0.3222,0.3413
2025-05-28,777728,0.3781,0.3246,0.2285,0.2242,0.3838,0.3308,0.3143,0.3062,3,3,0.3380,0.3327,0.3039,0.3216
2025-05-28,777729,0.3429,0.3228,0.2538,0.1773,0.3251,0.3329,0.3150,0.2763,3,3,0.3547,0.3421,0.3079,0.3297
2025-05-28,777730,0.3222,0.3321,0.2378,0.2285,0.3412,0.3356,0.3040,0.3134,3,3,0.2869,0.3195,0.3154,0.3418
2025-05-28,777731,0.3051,0.3597,0.2378,0.2187,0.3030,0.3519,0.2979,0.3220,3,3,0.3061,0.3400,0.2931,0.3216
2025-05-28,777732,0.3265,0.3279,0.2015,0.2279,0.3440,0.3434,0.2988,0.3019,3,3,0.3255,0.3099,0.3061,0.3318
2025-05-28,777733,0.3039,0.3506,0.2004,0.1707,0.3077,0.3274,0.3074,0.2849,3,3,0.2985,0.3384,0.3184,0.3342
2025-05-28,777734,0.3352,0.3104,0.2010,0.1978,0.3352,0.3112,0.3344,0.2925,3,3,0.3219,0.3182,0.3202,0.3032
2025-05-28,777735,0.3331,0.3365,0.2012,0.2075,0.3259,0.3459,0.2990,0.3285,3,3,0.3037,0.3099,0.3289,0.2992
2025-05-28,777736,0.3442,0.3172,0.2354,0.2122,0.3184,0.3127,0.3061,0.3340,3,3,0.3312,0.3127,0.3102,0.2913
2025-05-28,777737,0.3185,0.3714,0.1920,0.1934,0.3301,0.3465,0.3211,0.3097,3,3,0.3208,0.3571,0.3092,0.3348
2025-05-28,777738,0.3153,0.3354,0.2201,0.2030,0.3336,0.3387,0.3189,0.3113,3,3,0.3143,0.3476,0.3331,0.3202
2025-05-28,777739,0.3763,0.3064,0.2043,0.2018,0.3563,0.2946,0.3117,0.3272,3,3,0.4363,0.3026,0.3624,0.3067
2025-05-28,777740,0.3340,0.3274,0.1732,0.2214,0.3381,0.3303,0.3225,0.3372,3,3,0.3518,0.3028,0.3522,0.3184
2025-05-29,777722,0.3365,0.3342,0.2368,0.2407,0.3400,0.3406,0.3459,0.3037,3,3,0.3264,0.3037,0.3165,0.3184
2025-05-29,777723,0.3475,0.3441,0.2172,0.2016,0.3376,0.3585,0.2621,0.2862,3,3,0.3014,0.3150,0.3462,0.3263
2025-05-29,777725,0.3279,0.3177,0.2280,0.1842,0.3442,0.3106,0.3269,0.3155,3,3,0.3121,0.3192,0.3336,0.3034
2025-05-29,777727,0.3140,0.3073,0.2333,0.2304,0.3172,0.3175,0.3299,0.3058,3,3,0.3197,0.3207,0.3022,0.3279
2025-05-30,777707,0.3427,0.3460,0.2534,0.1526,0.3249,0.3503,0.3007,0.3092,3,3,0.3544,0.3687,0.3102,0.3419
2025-05-30,777708,0.3689,0.3781,0.2130,0.2276,0.3873,0.3474,0.3243,0.3025,3,3,0.3363,0.4353,0.3481,0.3470
2025-05-30,777709,0.3346,0.3273,0.1740,0.2139,0.3364,0.3207,0.3358,0.3050,3,3,0.3505,0.3203,0.2908,0.2985
2025-05-30,777710,0.3366,0.3456,0.2381,0.1789,0.3393,0.3602,0.3296,0.3417,3,3,0.3265,0.3417,0.3238,0.3370
2025-05-30,777711,0.3348,0.3505,0.2040,0.1702,0.3374,0.3280,0.3182,0.3097,3,3,0.3463,0.3393,0.3316,0.3341
2025-05-30,777712,0.3034,0.3593,0.2003,0.2178,0.3057,0.3526,0.3328,0.3093,3,3,0.2965,0.3391,0.3117,0.3213
2025-05-30,777713,0.3094,0.3312,0.2488,0.2271,0.3214,0.3367,0.2906,0.3314,3,3,0.3380,0.3199,0.3140,0.3412
2025-05-30,777714,0.3069,0.3151,0.2007,0.1721,0.3222,0.3048,0.3050,0.3156,3,3,0.2746,0.3195,0.3361,0.3333
2025-05-30,777715,0.3163,0.3372,0.2121,0.2079,0.3111,0.3456,0.3365,0.3184,3,3,0.3122,0.3098,0.3168,0.3292
2025-05-30,777716,0.3341,0.3534,0.2032,0.1822,0.3315,0.3351,0.3047,0.3111,3,3,0.3202,0.3278,0.3339,0.3072
2025-05-30,777717,0.3234,0.3334,0.2059,0.2087,0.3265,0.3198,0.3378,0.3291,3,3,0.3130,0.3328,0.3208,0.3234
2025-05-30,777718,0.3018,0.3623,0.2700,0.2040,0.3110,0.3482,0.3364,0.3303,3,3,0.3061,0.3548,0.3005,0.3475
2025-05-30,777719,0.3446,0.3466,0.2346,0.2134,0.3189,0.3500,0.3155,0.3197,3,3,0.3308,0.3443,0.3182,0.3489
2025-05-30,777720,0.2910,0.3264,0.2042,0.2221,0.3305,0.3289,0.3104,0.3202,3,3,0.3143,0.3027,0.2869,0.3345
2025-05-30,777721,0.3301,0.3170,0.2213,0.1473,0.3331,0.3075,0.3220,0.3198,3,3,0.3322,0.3295,0.3417,0.3121
2025-05-31,777691,0.3425,0.3457,0.2524,0.1518,0.3241,0.3501,0.3029,0.3193,3,3,0.3527,0.3680,0.3244,0.3367
2025-05-31,777693,0.3161,0.3121,0.2285,0.2166,0.3300,0.3157,0.3085,0.3264,3,3,0.2774,0.2987,0.3117,0.3252
2025-05-31,777694,0.3343,0.3593,0.2057,0.1869,0.3373,0.3320,0.3123,0.2756,3,3,0.3444,0.3392,0.3327,0.3015
2025-05-31,777695,0.3199,0.3408,0.2216,0.2361,0.3073,0.3437,0.3179,0.2946,3,3,0.3366,0.3203,0.3292,0.3192
2025-05-31,777696,0.3372,0.3457,0.2373,0.1785,0.3393,0.3625,0.3452,0.3272,3,3,0.3258,0.3414,0.3261,0.3373
2025-05-31,777697,0.3341,0.3427,0.1754,0.2031,0.3355,0.3321,0.3348,0.3103,3,3,0.3499,0.3138,0.3521,0.3228
2025-05-31,777698,0.3697,0.3000,0.2123,0.2100,0.3895,0.3227,0.3246,0.3065,3,3,0.3364,0.3010,0.3196,0.3451
2025-05-31,777699,0.3043,0.3258,0.2442,0.2231,0.3210,0.3308,0.3216,0.3323,3,3,0.3332,0.3017,0.3083,0.3376
2025-05-31,777700,0.3023,0.3580,0.2693,0.1860,0.3144,0.3498,0.2939,0.3494,3,3,0.3076,0.3568,0.3037,0.3358
2025-05-31,777701,0.3345,0.3522,0.2033,0.1902,0.3301,0.3443,0.3056,0.3331,3,3,0.3235,0.3295,0.3365,0.3187
2025-05-31,777702,0.3121,0.3364,0.2594,0.2076,0.3241,0.3437,0.3053,0.3172,3,3,0.3057,0.3086,0.3029,0.2975
2025-05-31,777703,0.3106,0.3160,0.1980,0.1460,0.3318,0.3066,0.3215,0.3342,3,3,0.3313,0.3279,0.3305,0.3131
2025-05-31,777704,0.3099,0.3586,0.2156,0.2175,0.3216,0.3521,0.3165,0.3081,3,3,0.2995,0.3382,0.3178,0.3189
2025-05-31,777705,0.3181,0.3300,0.1857,0.2171,0.3261,0.3228,0.3174,0.2963,3,3,0.3292,0.3326,0.3315,0.3161
2025-05-31,777706,0.3480,0.3602,0.2328,0.2205,0.3435,0.3496,0.3337,0.3179,3,3,0.3291,0.3437,0.3148,0.3492
2025-06-01,777677,0.3243,0.3507,0.2277,0.1716,0.3212,0.3309,0.2843,0.3261,3,3,0.2977,0.3381,0.3086,0.2830
2025-06-01,777678,0.3330,0.3417,0.1749,0.2044,0.3342,0.3311,0.3037,0.3264,3,3,0.3480,0.3120,0.3515,0.3263
2025-06-01,777679,0.3381,0.3332,0.2368,0.1806,0.3416,0.3444,0.2931,0.3235,3,3,0.3291,0.3889,0.3264,0.3372
2025-06-01,777680,0.3291,0.3320,0.2423,0.2255,0.3257,0.3371,0.3233,0.3239,3,3,0.3264,0.3240,0.3270,0.3421
2025-06-01,777681,0.3434,0.3445,0.2520,0.1518,0.3256,0.3491,0.3587,0.3275,3,3,0.3521,0.3677,0.3061,0.3230
2025-06-01,777682,0.3778,0.3849,0.2294,0.2219,0.3852,0.3748,0.2932,0.3053,3,3,0.3380,0.4348,0.3368,0.3380
2025-06-01,777683,0.3300,0.3155,0.2207,0.1454,0.3346,0.3063,0.3300,0.3517,3,3,0.3294,0.3287,0.3271,0.2978
2025-06-01,777684,0.3167,0.3227,0.1908,0.2304,0.3305,0.3389,0.3276,0.3249,3,3,0.3108,0.3067,0.3140,0.3375
2025-06-01,777685,0.3352,0.3577,0.2026,0.1810,0.3301,0.3351,0.3224,0.3321,3,3,0.3235,0.3300,0.3055,0.3023
2025-06-01,777686,0.3054,0.3729,0.2803,0.1931,0.3045,0.3490,0.3001,0.3286,3,3,0.3069,0.3579,0.3235,0.3376
2025-06-01,777687,0.3038,0.3245,0.2011,0.2336,0.3072,0.3316,0.3153,0.2969,3,3,0.3003,0.3381,0.3198,0.3171
2025-06-01,777688,0.3213,0.3442,0.2422,0.2016,0.3125,0.3585,0.2968,0.3238,3,3,0.3103,0.3151,0.3041,0.3250
2025-06-01,777689,0.3082,0.3180,0.2323,0.1976,0.3319,0.3316,0.3140,0.3231,3,3,0.3316,0.2926,0.3320,0.3344
2025-06-01,777690,0.3294,0.3114,0.2291,0.2017,0.3447,0.3103,0.2926,0.3088,3,3,0.3149,0.3203,0.3129,0.3341
2025-06-01,777692,0.3475,0.3630,0.2329,0.2441,0.3421,0.3518,0.3497,0.2846,3,3,0.3280,0.3499,0.3011,0.3261
2025-06-02,777669,0.3181,0.3312,0.2228,0.2465,0.3071,0.3280,0.3187,0.2844,3,3,0.3341,0.3229,0.3188,0.3368
2025-06-02,777670,0.3298,0.3463,0.2199,0.2340,0.3343,0.3424,0.3137,0.3408,3,3,0.3294,0.3266,0.3425,0.3200
2025-06-02,777671,0.3209,0.3150,0.2037,0.2295,0.3113,0.3336,0.3201,0.3168,3,3,0.3155,0.2983,0.3247,0.3158
2025-06-02,777673,0.3005,0.3209,0.2685,0.2041,0.3406,0.3288,0.3243,0.3293,2,3,0.3060,0.2946,0.3028,0.3270
2025-06-02,777674,0.3127,0.3027,0.2249,0.2497,0.3290,0.3327,0.3230,0.3042,3,3,0.3047,0.3116,0.3046,0.2827
2025-06-02,777675,0.3732,0.3834,0.1928,0.2231,0.3482,0.3738,0.3117,0.3188,3,3,0.3573,0.4334,0.3397,0.3335
2025-06-02,777676,0.3450,0.3200,0.1513,0.2111,0.3512,0.3273,0.3095,0.3148,3,3,0.3673,0.3320,0.3377,0.3364
2025-06-03,777655,0.3280,0.3320,0.2215,0.2255,0.3401,0.3351,0.3154,0.3228,3,3,0.3086,0.3257,0.3387,0.3423
2025-06-03,777656,0.3436,0.3181,0.1520,0.1855,0.3498,0.3267,0.3043,0.3143,3,3,0.3654,0.3320,0.3426,0.3316
2025-06-03,777657,0.3809,0.3846,0.1935,0.1761,0.3521,0.3725,0.3292,0.3119,3,3,0.3587,0.4342,0.3483,0.3468
2025-06-03,777658,0.3099,0.3480,0.2204,0.2499,0.3280,0.3322,0.3203,0.3050,3,3,0.2848,0.3278,0.3207,0.3164
2025-06-03,777659,0.3315,0.3375,0.2455,0.2379,0.3296,0.3396,0.3142,0.3045,3,3,0.3369,0.3287,0.3357,0.3250
2025-06-03,777660,0.3459,0.3325,0.1741,0.1750,0.3203,0.3340,0.3074,0.3192,3,3,0.3379,0.3474,0.3411,0.3521
2025-06-03,777661,0.3183,0.3167,0.2165,0.1888,0.3304,0.3269,0.3097,0.3042,3,3,0.3082,0.3327,0.3316,0.3189
2025-06-03,777662,0.3426,0.3287,0.2045,0.2299,0.3327,0.3424,0.2978,0.3054,3,3,0.3149,0.3160,0.3105,0.3367
2025-06-03,777663,0.3137,0.3439,0.1735,0.2530,0.3049,0.3263,0.2624,0.3179,3,3,0.3212,0.3526,0.3339,0.3057
2025-06-03,777664,0.3158,0.3842,0.1443,0.2373,0.3074,0.3970,0.3016,0.3108,3,3,0.3288,0.3330,0.3125,0.3264
2025-06-03,777665,0.3290,0.3572,0.1885,0.1806,0.3221,0.3340,0.3265,0.3092,3,3,0.3086,0.3300,0.3575,0.3370
2025-06-03,777666,0.2953,0.3230,0.2514,0.2022,0.3142,0.3324,0.3133,0.3370,3,3,0.3053,0.2948,0.3221,0.3279
2025-06-03,777667,0.3419,0.3468,0.2185,0.2339,0.3546,0.3417,0.3246,0.3135,3,3,0.3300,0.3289,0.3289,0.3214
2025-06-03,777668,0.3195,0.3061,0.2116,0.2265,0.3143,0.3104,0.2870,0.3066,3,3,0.3138,0.2990,0.3162,0.3155
2025-06-03,777672,0.3457,0.3467,0.1781,0.2268,0.3629,0.3338,0.3224,0.3140,3,3,0.3414,0.3452,0.3383,0.3693
2025-06-04,777638,0.3725,0.3583,0.1925,0.1642,0.3494,0.3563,0.3440,0.3230,3,3,0.3583,0.4332,0.3358,0.3458
2025-06-04,777639,0.3288,0.3173,0.2320,0.1868,0.3245,0.3261,0.3211,,3,3,0.3374,0.3314,0.3113,0.3175
2025-06-04,777641,0.3445,0.3173,0.1508,0.1846,0.3513,0.3245,0.3283,0.3023,3,3,0.3665,0.3331,0.3418,0.3266
2025-06-04,777642,0.3463,0.3331,0.1738,0.1741,0.3230,0.3348,0.3193,0.3091,3,3,0.3393,0.3479,0.3153,0.3498
2025-06-04,777645,0.3273,0.3418,0.2216,0.2378,0.3405,0.3427,0.3439,0.3353,3,3,0.3082,0.3270,0.3387,0.3181
2025-06-04,777646,0.3411,0.3279,0.2070,0.2293,0.3323,0.3418,0.3109,0.3300,3,3,0.3134,0.3146,0.3051,0.3385
2025-06-04,777647,0.3180,0.3048,0.2281,0.1996,0.3177,0.3063,0.3040,0.3159,3,3,0.3069,0.2984,0.3067,0.3156
2025-06-04,777648,0.3133,0.3438,0.1731,0.2529,0.3043,0.3262,0.3276,0.3280,3,3,0.3204,0.3518,0.3334,0.3071
2025-06-04,777649,0.3411,0.3434,0.2167,0.2346,0.3556,0.3194,0.3249,0.3160,3,3,0.3287,0.3289,0.3204,0.3211
2025-06-04,777650,0.3401,0.3341,0.2234,0.2250,0.3303,0.3522,0.2995,0.3090,3,3,0.3368,0.3284,0.3186,0.3145
2025-06-04,777651,0.3299,0.3539,0.1876,0.1898,0.3264,0.3507,0.3310,0.3099,3,3,0.3085,0.3286,0.3567,0.3409
2025-06-04,777652,0.2950,0.3176,0.2518,0.2124,0.3121,0.3211,0.3448,0.3346,3,3,0.3049,0.3213,0.3218,0.3206
2025-06-04,777653,0.3164,0.3834,0.1431,0.2374,0.3095,0.3939,0.3041,0.3351,3,3,0.3284,0.3318,0.3122,0.3253
2025-06-04,777654,0.3493,0.3474,0.2024,0.2466,0.3690,0.3332,0.2948,0.3204,3,3,0.3956,0.3459,0.3433,0.3462
2025-06-05,777628,0.3278,0.3319,0.2222,0.2245,0.3399,0.3354,0.3004,0.3042,3,3,0.3080,0.3273,0.3195,0.3410
2025-06-05,777629,0.3407,0.3117,0.2076,0.2650,0.3310,0.3365,0.3128,0.3339,3,3,0.3129,0.3160,0.3043,0.3409
2025-06-05,777630,0.3135,0.3429,0.1735,0.2538,0.3033,0.3255,0.2893,0.3008,3,3,0.3213,0.3515,0.3328,0.3017
2025-06-05,777631,0.3629,0.3765,0.1994,0.1814,0.3408,0.3465,0.3234,0.3198,3,3,0.3302,0.4327,0.3370,0.3340
2025-06-05,777632,0.3587,0.3334,0.2161,0.2249,0.3559,0.3502,0.3322,0.3162,3,3,0.3373,0.3272,0.3173,0.3056
2025-06-05,777633,0.3325,0.3239,0.2052,0.2007,0.3553,0.3255,0.2930,0.3020,3,3,0.3673,0.3201,0.3410,0.3321
2025-06-05,777634,0.3129,0.3062,0.2098,0.2099,0.3146,0.3257,0.3361,0.3150,3,3,0.3098,0.3315,0.3116,0.3176
2025-06-05,777635,0.3463,0.3331,0.1738,0.1741,0.3230,0.3348,0.3136,0.2956,3,3,0.3392,0.3479,0.3405,0.3498
2025-06-05,777636,0.3043,0.3111,0.2180,0.1967,0.3347,0.3233,0.3230,0.3159,3,3,0.2841,0.3265,0.3345,0.3217
2025-06-05,777637,0.3284,0.3338,0.1884,0.2044,0.3253,0.3477,0.3284,0.2928,3,3,0.3071,0.3306,0.3242,0.3170
2025-06-05,777640,0.3485,0.3468,0.1769,0.2273,0.3651,0.3311,0.3097,0.3174,3,3,0.3456,0.3464,0.3147,0.3365
2025-06-05,777644,0.3167,0.3752,0.1444,0.2319,0.3142,0.3822,0.3050,0.3278,3,3,0.3290,0.3331,0.3122,0.3176
2025-06-06,777613,0.3212,0.3377,0.2359,0.2022,0.3122,0.3371,0.3202,0.3185,3,3,0.3093,0.3272,0.3384,0.3263
2025-06-06,777614,0.3312,0.3421,0.2244,0.2159,0.3347,0.3592,0.3265,0.3086,3,3,0.3272,0.3291,0.3414,0.3276
2025-06-06,777615,0.3425,0.3268,0.1683,0.2280,0.3423,0.3133,0.3166,0.3051,3,3,0.3309,0.3309,0.3409,0.3071
2025-06-06,777616,0.3645,0.2963,0.1986,0.2518,0.3406,0.3128,0.3130,0.2925,3,3,0.3307,0.3070,0.3377,0.3218
2025-06-06,777617,0.3450,0.3214,0.1509,0.2098,0.3502,0.3164,0.3090,0.3600,3,3,0.3677,0.3154,0.3291,0.3144
2025-06-06,777618,0.3464,0.3043,0.1731,0.2344,0.3269,0.3410,0.3309,0.3011,3,2,0.3389,,0.3401,0.3109
2025-06-06,777619,0.3502,0.3180,0.2478,0.1840,0.3309,0.3263,0.3162,0.2949,3,3,0.3514,0.3332,0.3048,0.3314
2025-06-06,777620,0.3843,0.3324,0.1769,0.1744,0.3724,0.3352,0.3091,0.3303,3,3,0.4310,0.3479,0.3445,0.3553
2025-06-06,777621,0.3427,0.3372,0.2018,0.2503,0.3587,0.3288,0.3169,0.3218,3,3,0.3159,0.3503,0.3259,0.3213
2025-06-06,777622,0.3143,0.3134,0.1723,0.1841,0.3031,0.3119,0.3466,0.3017,3,3,0.3213,0.2767,0.3198,0.3144
2025-06-06,777623,0.3406,0.2938,0.1635,0.1668,0.3591,0.3173,0.3066,0.3266,3,3,0.3965,0.2977,0.3424,0.3009
2025-06-06,777624,0.3399,0.3342,0.2212,0.2237,0.3213,0.3521,0.3134,0.3315,3,3,0.3108,0.3276,0.3228,0.3144
2025-06-06,777625,0.3166,0.3111,0.1961,0.2728,0.3348,0.3330,0.3244,0.3304,3,3,0.2879,0.3150,0.2891,0.3290
2025-06-06,777626,0.3597,0.3164,0.2156,0.2140,0.3557,0.3210,0.2687,0.3231,3,3,0.3404,0.3088,0.3207,0.3311
2025-06-06,777627,0.3347,0.3694,0.2366,0.2128,0.3165,0.3854,0.3181,0.3240,3,3,0.3293,0.3353,0.3107,0.3282
2025-06-07,777597,0.3252,0.3215,0.1446,0.2101,0.3390,0.3172,0.3230,0.3176,3,3,0.3074,0.3146,0.3396,0.3141
2025-06-07,777598,0.3484,0.3150,0.2291,0.2173,0.3321,0.3291,0.3054,0.3258,3,3,0.3503,0.3140,0.3705,0.3263
2025-06-07,777599,0.3294,0.3388,0.2220,0.2020,0.3385,0.3355,0.3338,0.3253,3,3,0.3108,0.3282,0.3397,0.3254
2025-06-07,777600,0.3422,0.3276,0.1688,0.2043,0.3411,0.3473,0.3168,0.3201,3,3,0.3299,0.3305,0.3331,0.3343
2025-06-07,777601,0.3840,0.3320,0.1768,0.1738,0.3727,0.3349,0.3273,0.2892,3,3,0.4308,0.3471,0.3492,0.3390
2025-06-07,777603,0.3114,0.3423,0.2255,0.2156,0.3283,0.3585,0.3553,0.3080,3,3,0.3265,0.3298,0.3417,0.3084
2025-06-07,777604,0.3495,0.2966,0.1954,0.2510,0.3437,0.3112,0.3343,0.2972,3,3,0.2874,0.3073,0.3427,0.3167
2025-06-07,777605,0.3466,0.3843,0.2337,0.2319,0.3418,0.3805,0.2937,0.2838,3,3,0.3301,0.3346,0.3138,0.3176
2025-06-07,777606,0.3462,0.3133,0.1740,0.2240,0.3263,0.3307,0.3079,0.3086,3,3,0.3380,0.3342,0.3247,0.3163
2025-06-07,777607,0.3423,0.3298,0.2024,0.2269,0.3595,0.3143,0.3276,0.2909,3,3,0.3159,0.3135,0.3254,0.2988
2025-06-07,777608,0.3194,0.3158,0.2021,0.1464,0.3100,0.3145,0.3281,0.2953,3,3,0.3205,0.3277,0.3256,0.3132
2025-06-07,777609,0.3592,0.3254,0.2158,0.2091,0.3539,0.3194,0.2923,0.3155,3,3,0.3394,0.3164,0.3181,0.3302
2025-06-07,777610,0.3181,0.3447,0.2210,0.2104,0.3160,0.3541,0.3357,0.3171,3,3,0.3096,0.3267,0.3219,0.3142
2025-06-07,777611,0.3187,0.3444,0.1974,0.2164,0.3314,0.3429,0.3084,0.3054,3,3,0.2950,0.3338,0.3102,0.2884
2025-06-07,777612,0.3199,0.3061,0.2132,0.2558,0.3204,0.3307,0.3010,0.3139,3,3,0.3290,0.2711,0.3232,0.3010
2025-06-08,777582,0.3838,0.3314,0.1761,0.1748,0.3714,0.3350,0.3178,0.3194,3,3,0.4297,0.3452,0.3387,0.3515
2025-06-08,777583,0.3494,0.3053,0.1953,0.2596,0.3429,0.3178,0.3373,0.3052,3,3,0.2874,0.3070,0.3388,0.3023
2025-06-08,777585,0.3535,0.3209,0.1892,0.2365,0.3515,0.3260,0.2859,0.3158,3,3,0.3285,0.3305,0.3419,0.3235
2025-06-08,777586,0.3436,0.3225,0.1508,0.2093,0.3491,0.3174,0.3067,0.3152,3,3,0.3650,0.3150,0.3390,0.3134
2025-06-08,777587,0.3489,0.3116,0.2510,0.2200,0.3307,0.3270,0.3033,0.3278,3,3,0.3475,0.3047,0.3569,0.3258
2025-06-08,777588,0.3297,0.3379,0.2214,0.2018,0.3407,0.3344,0.3209,0.3210,3,3,0.3104,0.3270,0.3192,0.3268
2025-06-08,777589,0.3296,0.3424,0.2356,0.2159,0.3312,0.3580,0.3235,0.3022,3,3,0.3274,0.3289,0.3058,0.3116
2025-06-08,777590,0.3457,0.3246,0.1743,0.1827,0.3257,0.3377,0.3019,0.3237,3,3,0.3370,0.3331,0.3394,0.3026
2025-06-08,777591,0.3226,0.3160,0.1970,0.1458,0.3056,0.3149,0.2986,0.3077,3,3,0.3193,0.3281,0.3228,0.3214
2025-06-08,777592,0.3191,0.3044,0.1967,0.2540,0.3327,0.3174,0.2930,,3,3,0.2962,0.2784,0.3087,0.3264
2025-06-08,777593,0.3462,0.3766,0.2344,0.2129,0.3421,0.3842,0.3020,0.3159,3,3,0.3294,0.3586,0.3136,0.3272
2025-06-08,777594,0.3596,0.3187,0.2164,0.2131,0.3534,0.3262,0.3037,0.3115,3,3,0.3378,0.3139,0.3193,0.3290
2025-06-08,777595,0.2959,0.3422,0.1929,0.2566,0.3176,0.3243,0.2658,0.3007,3,3,0.3059,0.3499,0.3273,0.3039
2025-06-08,777596,0.3319,0.3301,0.1974,0.2112,0.3359,0.3435,0.3331,0.3207,3,3,0.3115,0.3196,0.3145,0.3143
2025-06-08,777602,0.3489,0.3153,0.1770,0.2291,0.3611,0.3300,0.3493,0.3139,3,3,0.3455,0.2993,0.3355,0.2910
2025-06-09,777574,0.3206,0.3276,0.2011,0.2739,0.3303,0.3190,0.3189,,3,3,0.2954,0.3490,0.3221,0.3231
2025-06-09,777575,0.3459,0.3284,0.2318,0.2143,0.3315,0.3078,0.3154,0.2841,3,3,0.3454,0.3121,0.3694,0.3051
2025-06-09,777576,0.3378,0.3411,0.2011,0.2191,0.3349,0.3567,0.3185,0.3202,3,3,0.3271,0.3269,0.3206,0.3234
2025-06-09,777577,0.3419,0.3492,0.2362,0.1770,0.3423,0.3615,0.3250,0.3452,3,3,0.3276,0.3457,0.3260,0.3085
2025-06-09,777578,0.3583,0.3416,0.2182,0.2029,0.3517,0.3596,0.2773,0.2995,3,3,0.3373,0.3156,0.3172,0.3248
2025-06-09,777579,0.3835,0.3438,0.1764,0.1505,0.3731,0.3499,0.2991,0.3278,3,3,0.4293,0.3645,0.3444,0.3379
2025-06-09,777580,0.3147,0.3220,0.2287,0.1672,0.3307,0.3253,0.3468,0.3247,3,3,0.2988,0.3272,0.3164,0.3096
2025-06-09,777581,0.3528,0.3305,0.1891,0.1755,0.3496,0.3333,0.3101,0.3314,3,3,0.3277,0.3425,0.3221,0.3170
2025-06-09,777584,0.3083,0.3365,0.2362,0.2091,0.3359,0.3264,0.3251,0.2972,3,3,0.3115,0.3282,0.3410,0.3097
2025-06-10,777557,0.3041,0.3105,0.2215,0.2221,0.3183,0.3293,0.3260,0.3145,3,3,0.3109,0.2831,0.3207,0.3217
2025-06-10,777558,0.3329,0.3247,0.1863,0.1820,0.3259,0.3277,0.3256,0.2882,3,3,0.3279,0.3055,0.3237,0.3399
2025-06-10,777559,0.3422,0.3489,0.2355,0.1773,0.3428,0.3617,0.3357,0.3232,3,3,0.3303,0.3444,0.3253,0.3336
2025-06-10,777560,0.3278,0.3157,0.2074,0.1609,0.3418,0.3376,0.3032,0.3210,3,3,0.2992,0.2815,0.3221,0.3299
2025-06-10,777563,0.3240,0.3086,0.2104,0.2727,0.3246,0.3178,0.3241,0.3282,3,3,0.3231,0.3056,0.3021,0.3012
2025-06-10,777564,0.3490,0.3420,0.2472,0.2183,0.3351,0.3570,0.3185,0.3221,3,3,0.3255,0.3287,0.3081,0.3274
2025-06-10,777565,0.3315,0.3357,0.2058,0.2095,0.3347,0.3242,0.3312,0.3091,3,3,0.3364,0.3264,0.3373,0.3182
2025-06-10,777566,0.3202,0.3431,0.1954,0.2561,0.3333,0.3234,0.3265,0.3392,3,3,0.2970,0.3501,0.3299,0.3080
2025-06-10,777567,0.2953,0.3128,0.1953,0.1738,0.3386,0.2990,0.3216,0.3075,3,3,0.2488,0.3180,0.3042,0.3322
2025-06-10,777568,0.3515,0.3209,0.2496,0.2029,0.3313,0.3100,0.3081,0.3138,3,3,0.3502,0.3168,0.3552,0.3157
2025-06-10,777569,0.3150,0.3306,0.2277,0.1560,0.3286,0.3110,0.3318,0.3048,3,3,0.3000,0.3264,0.3014,0.3083
2025-06-10,777570,0.3353,0.3726,0.2378,0.1874,0.3394,0.3489,0.3363,0.3059,3,3,0.3248,0.3571,0.3247,0.3502
2025-06-10,777571,0.3590,0.3416,0.2185,0.2024,0.3529,0.3590,0.3144,0.3267,3,3,0.3380,0.3161,0.3170,0.3157
2025-06-10,777572,0.3690,0.3204,0.2184,0.1929,0.3858,0.3122,0.3071,0.2948,3,3,0.3152,0.3376,0.3049,0.3165
2025-06-10,777573,0.3387,0.3288,0.2288,0.2218,0.3462,0.3394,0.3234,0.2869,3,3,0.3419,0.3083,0.3207,0.3378
2025-06-11,777542,0.3488,0.3417,0.2473,0.2171,0.3335,0.3560,0.3267,0.3194,3,3,0.3241,0.3302,0.2835,0.3264
2025-06-11,777543,0.3834,0.3446,0.1755,0.1494,0.3742,0.3517,0.3605,0.2942,3,3,0.4278,0.3665,0.3450,0.3382
2025-06-11,777545,0.3559,0.3317,0.1553,0.1965,0.3326,0.3399,0.3204,0.3048,3,3,0.3298,0.3399,0.3356,0.3407
2025-06-11,777547,0.3243,0.3085,0.2104,0.2729,0.3246,0.3172,0.3333,0.2905,3,3,0.3221,0.3048,0.3008,0.2945
2025-06-11,777548,0.3422,0.3492,0.2357,0.1775,0.3426,0.3617,0.3263,0.3041,3,3,0.3294,0.3446,0.3269,0.3356
2025-06-11,777549,0.3035,0.3131,0.1978,0.2160,0.3047,0.3276,0.3359,0.3103,3,3,0.2988,0.2956,0.3035,0.3079
2025-06-11,777550,0.3126,0.2981,0.2204,0.1911,0.3293,0.3074,0.3122,0.3365,3,3,0.3188,0.2774,0.2878,0.3325
2025-06-11,777551,0.3829,0.3465,0.2331,0.1727,0.3844,0.3238,0.2830,0.2983,3,3,0.3318,0.3390,0.3138,0.3383
2025-06-11,777552,0.3209,0.3430,0.1948,0.2570,0.3199,0.3235,0.3162,0.3372,3,3,0.2955,0.3511,0.3217,0.3214
2025-06-11,777553,0.3590,0.3416,0.2191,0.2023,0.3526,0.3594,0.3129,0.3134,3,3,0.3407,0.3171,0.3294,0.3175
2025-06-11,777554,0.3478,0.3211,0.2305,0.2045,0.3297,0.3094,0.3060,0.2943,3,3,0.3504,0.3160,0.3698,0.3163
2025-06-11,777555,0.3321,0.3723,0.2229,0.1920,0.3494,0.3491,0.3001,0.3493,3,3,0.3262,0.3558,0.3135,0.3419
2025-06-11,777556,0.3400,0.3189,0.2065,0.2302,0.3283,0.3342,0.3197,0.3303,3,3,0.3117,0.3345,0.3241,0.3211
2025-06-11,777561,0.3104,0.3350,0.2665,0.2107,0.3317,0.3223,0.3294,0.3203,3,3,0.3136,0.3257,0.3414,0.3168
2025-06-11,777562,0.3303,0.3291,0.2132,0.2219,0.3527,0.3390,0.3063,0.3037,3,3,0.3120,0.3086,0.3313,0.3488
2025-06-12,777532,0.3304,0.3115,0.1987,0.1905,0.3394,0.3033,,0.3044,3,3,0.3375,0.2901,0.3405,0.3251
2025-06-12,777533,0.3045,0.3340,0.2207,0.2405,0.3179,0.3260,0.3057,0.3277,3,3,0.3114,0.3303,0.3155,0.3190
2025-06-12,777534,0.3257,0.2982,0.2093,0.2531,0.3285,0.2980,0.3548,0.3160,3,3,0.3229,0.3061,0.3024,0.3231
2025-06-12,777536,0.3412,0.3470,0.2336,0.1721,0.3412,0.3234,0.3229,0.3034,3,3,0.3343,0.3411,0.3173,0.3384
2025-06-12,777540,0.3336,0.3402,0.2217,0.2085,0.3155,0.3428,0.2964,0.2683,3,3,0.3252,0.3401,0.3304,0.3379
2025-06-12,777541,0.3430,0.3574,0.2570,0.2207,0.3238,0.3508,0.3114,0.3274,3,3,0.3512,0.3398,0.3074,0.3169
2025-06-12,777544,0.3440,0.3737,0.2112,0.1919,0.3496,0.3487,0.3173,0.3204,3,3,0.3250,0.3567,0.2984,0.3290
2025-06-12,777546,0.3132,0.2956,0.2114,0.1888,0.3288,0.3122,0.3018,0.3322,3,3,0.3196,0.3179,0.2967,0.3335
2025-06-13,777520,0.3237,0.3416,0.1630,0.2344,0.3144,0.3427,0.3408,0.3206,3,3,0.3263,0.3282,0.3124,0.3261
2025-06-13,777521,0.3445,0.3488,0.1490,0.1770,0.3504,0.3596,0.3176,0.3306,3,3,0.3658,0.3447,0.3379,0.3364
2025-06-13,777522,0.3258,0.3827,0.2095,0.1760,0.3281,0.3726,0.2939,0.3062,3,3,0.3229,0.4267,0.3026,0.3458
2025-06-13,777524,0.3235,0.3400,0.1848,0.2065,0.3343,0.3273,0.3312,0.3277,3,3,0.3343,0.3129,0.3016,0.3187
2025-06-13,777525,0.3291,0.3119,0.1986,0.1903,0.3379,0.3034,0.3051,0.3190,3,3,0.3373,0.2919,0.3401,0.3250
2025-06-13,777526,0.3423,0.3573,0.2567,0.2211,0.3239,0.3507,0.3133,0.2713,3,3,0.3512,0.3389,0.3099,0.3175
2025-06-13,777527,0.3114,0.3223,0.2208,0.1875,0.3298,0.3137,0.3106,0.3201,3,3,0.3295,0.3171,0.3253,0.3218
2025-06-13,777528,0.3282,0.3741,0.2285,0.1913,0.3396,0.3511,0.3063,0.3131,3,3,0.3113,0.3565,0.3149,0.3409
2025-06-13,777529,0.3367,0.3268,0.2007,0.1964,0.3324,0.3193,0.3096,0.3090,3,3,0.3221,0.2826,0.3222,0.3384
2025-06-13,777530,0.3138,0.3354,0.1767,0.2377,0.3188,0.3410,0.3342,0.3321,3,3,0.2945,0.3242,0.3113,0.3261
2025-06-13,777531,0.3560,0.3428,0.1553,0.2017,0.3316,0.3595,0.2917,0.3205,3,3,0.3312,0.3182,0.3170,0.2868
2025-06-13,777535,0.2958,0.3332,0.2447,0.2449,0.3084,0.3240,0.3070,0.3226,3,3,0.3051,0.3534,0.3229,0.3699
2025-06-13,777537,0.3837,0.3380,0.2324,0.2322,0.3851,0.3272,0.2819,0.2942,3,3,0.3338,0.3259,0.3045,0.3105
2025-06-13,777538,0.3046,0.3278,0.1972,0.2356,0.3055,0.3238,0.2921,0.2940,3,3,0.2993,0.3352,0.3121,0.3230
2025-06-13,777539,0.3423,0.3274,0.2168,0.2221,0.3575,0.3373,0.3259,0.3558,3,3,0.3305,0.3041,0.3234,0.3376
2025-06-14,777506,0.3080,0.3003,0.2080,0.2398,0.3212,0.3196,0.3152,0.3076,3,3,0.3242,0.3122,0.3031,0.3224
2025-06-14,777507,0.3230,0.3419,0.1634,0.2327,0.3125,0.3431,0.3122,0.3088,3,3,0.3266,0.3304,0.3111,0.3260
2025-06-14,777508,0.3262,0.3199,0.1814,0.2147,0.3270,0.3190,0.2942,0.3351,2,3,0.3359,0.3144,0.3164,0.3242
2025-06-14,777509,0.3556,0.3432,0.1553,0.2017,0.3302,0.3602,0.3085,0.3191,3,3,0.3300,0.3188,0.3159,0.3179
2025-06-14,777510,0.3174,0.3195,0.2256,0.1758,0.3287,0.3078,0.2927,0.2812,3,3,0.2986,0.3186,0.3390,0.3282
2025-06-14,777511,0.3373,0.3421,0.2006,0.1625,0.3321,0.3238,0.3250,0.3163,3,3,0.3217,0.3151,0.3217,0.3220
2025-06-14,777512,0.3276,0.3112,0.2003,0.1902,0.3363,0.3017,0.3209,0.3089,3,3,0.3013,0.2912,0.3281,0.3248
2025-06-14,777513,0.3411,0.3573,0.2566,0.2200,0.3228,0.3498,0.3016,0.3191,3,3,0.3509,0.3401,0.3012,0.3167
2025-06-14,777514,0.3274,0.3338,0.1988,0.2226,0.3372,0.3473,0.3164,0.3142,3,3,0.3364,0.3247,0.3268,0.3159
2025-06-14,777515,0.3446,0.3481,0.1490,0.1773,0.3507,0.3576,0.3148,0.3095,3,3,0.3677,0.3434,0.2947,0.3359
2025-06-14,777516,0.3838,0.3342,0.2358,0.2342,0.3997,0.3389,0.3177,0.2984,3,3,0.3352,0.3052,0.3287,0.3223
2025-06-14,777517,0.2953,0.3205,0.2227,0.2385,0.3086,0.3416,0.3016,0.3366,3,3,0.2682,0.3098,0.3144,0.3291
2025-06-14,777518,0.3283,0.3742,0.2269,0.1922,0.3379,0.3497,0.3108,0.2930,3,3,0.3100,0.3568,0.3238,0.3411
2025-06-14,777519,0.3414,0.3271,0.2184,0.2218,0.3576,0.3380,0.3217,0.3345,3,3,0.3302,0.3030,0.3281,0.3308
2025-06-14,777523,0.3002,0.3370,0.2432,0.2211,0.3267,0.3306,0.3244,0.3309,3,3,0.3167,0.3575,0.3243,0.3700
2025-06-15,777491,0.3445,0.3480,0.1485,0.1774,0.3493,0.3558,0.3195,0.2988,3,3,0.3673,0.3432,0.2909,0.3361
2025-06-15,777492,0.3374,0.3116,0.1639,0.1907,0.3182,0.3021,0.3211,0.3258,3,3,0.3427,0.2918,0.3466,0.3232
2025-06-15,777493,0.3156,0.3411,0.2251,0.2065,0.3157,0.3224,0.3273,0.3151,3,3,0.3332,0.3142,0.3138,0.3163
2025-06-15,777494,0.3247,0.3196,0.2116,0.1766,0.3400,0.3059,0.2946,0.3277,3,3,0.3213,0.3181,0.2924,0.3175
2025-06-15,777495,0.3113,0.3427,0.2177,0.2316,0.3193,0.3447,0.3423,0.3338,3,3,0.2906,0.3325,0.3120,0.3258
2025-06-15,777496,0.3373,0.3486,0.2003,0.1672,0.3301,0.3242,0.3095,0.3152,3,2,0.3219,0.3153,0.3150,0.3129
2025-06-15,777497,0.3380,0.3311,0.2468,0.2475,0.3271,0.3242,0.3386,0.3248,3,3,0.3497,0.3387,0.3147,0.3329
2025-06-15,777498,0.3255,0.3830,0.2097,0.1763,0.3298,0.3731,0.3297,0.3133,3,3,0.3235,0.4279,0.3059,0.3355
2025-06-15,777499,0.3516,0.3042,0.1914,0.1841,0.3475,0.3321,0.2645,0.3217,3,3,0.3289,0.3204,0.3220,0.3169
2025-06-15,777500,0.3668,0.3271,0.2209,0.2363,0.3820,0.3346,0.3239,0.3143,3,3,0.3330,0.3031,0.3199,0.3014
2025-06-15,777501,0.3423,0.3357,0.2181,0.2160,0.3624,0.3462,0.3030,0.3165,3,3,0.3303,0.3411,0.3254,0.3159
2025-06-15,777502,0.3226,0.3721,0.2398,0.2037,0.3345,0.3421,0.3320,0.3066,3,3,0.3109,0.3501,0.3320,0.3410
2025-06-15,777503,0.3172,0.3360,0.1739,0.2133,0.3222,0.3338,0.2956,0.3160,3,3,0.2955,0.3150,0.3243,0.3259
2025-06-15,777504,0.3093,0.3354,0.2296,0.2363,0.3145,0.3263,0.3187,0.3359,3,3,0.3035,0.3064,0.3020,0.3410
2025-06-15,777505,0.3140,0.3389,0.2420,0.2267,0.3080,0.3457,0.2957,0.3211,3,3,0.3007,0.3400,0.3119,0.3186
2025-06-16,777483,0.3445,0.3029,0.2010,0.1714,0.3609,0.3210,0.3171,0.3191,3,3,0.3194,0.2962,0.2885,0.3297
2025-06-16,777484,0.3276,0.3289,0.2211,0.2262,0.3403,0.3370,0.3055,0.3055,3,3,0.3035,0.3106,0.3509,0.3452
2025-06-16,777485,0.3145,0.3297,0.1735,0.1972,0.2957,0.3183,0.3220,0.3294,3,3,0.3174,0.3230,0.3234,0.3453
2025-06-16,777486,0.3116,0.3429,0.2093,0.2312,0.3154,0.3451,0.2989,0.3355,3,3,0.3244,0.3329,0.3128,0.3265
2025-06-16,777487,0.3424,0.3744,0.2183,0.2350,0.3641,0.3825,0.2987,0.3109,3,3,0.3311,0.3344,0.3253,0.3153
2025-06-16,777488,0.3088,0.3359,0.2320,0.2121,0.3127,0.3353,0.3043,0.3298,3,3,0.3031,0.3142,0.3231,0.3286
2025-06-16,777490,0.3444,0.3836,0.1488,0.1759,0.3476,0.3747,,0.3025,3,3,0.3686,0.4287,0.3157,0.3474
2025-06-17,777467,0.3121,0.3109,0.2088,0.2143,0.3270,0.3264,0.3108,0.3201,3,3,0.2870,0.3155,0.3043,0.2985
2025-06-17,777468,0.3455,0.3401,0.1713,0.2059,0.3243,0.3226,0.3354,0.3239,3,3,0.3408,0.3126,0.3375,0.3159
2025-06-17,777469,0.3099,0.3250,0.2025,0.2425,0.3100,0.3168,0.3064,0.3299,3,3,0.2989,0.3213,0.3316,0.3470
2025-06-17,777471,0.3444,0.3824,0.1480,0.1770,0.3488,0.3730,0.2913,0.3622,3,3,0.3683,0.4278,0.3155,0.3461
2025-06-17,777472,0.3203,0.3387,0.1666,0.2059,0.3218,0.3334,0.2918,0.3298,3,3,0.3249,0.3242,0.3084,0.3215
2025-06-17,777473,0.3081,0.3359,0.2017,0.2183,0.3289,0.3435,0.3022,0.3269,2,3,,0.3330,0.3098,0.3124
2025-06-17,777475,0.3281,0.3391,0.2722,0.2275,0.3195,0.3464,0.3137,0.3198,3,3,0.3518,0.3378,0.3221,0.3167
2025-06-17,777476,0.3425,0.3622,0.2171,0.2254,0.3633,0.3798,0.3095,0.3256,3,3,0.3298,0.3135,0.3240,0.3323
2025-06-17,777477,0.3270,0.3286,0.2215,0.2266,0.3417,0.3370,0.3266,0.3274,3,3,0.3030,0.3089,0.3303,0.3460
2025-06-17,777478,0.3141,0.3178,0.2323,0.2257,0.3195,0.3263,0.3024,0.3131,3,3,0.3386,0.3011,0.3278,0.3023
2025-06-17,777479,0.3462,0.3506,0.1797,0.1917,0.3540,0.3457,0.3469,0.3219,3,3,0.3416,0.3284,0.3373,0.3388
2025-06-17,777480,0.3090,0.3455,0.2203,0.2098,0.3267,0.3473,0.3085,0.3707,3,3,0.3001,0.3259,0.2992,0.3158
2025-06-17,777481,0.3453,0.3179,0.2010,0.1725,0.3624,0.3254,0.3418,0.3265,3,3,0.3219,0.2985,0.3197,0.3261
2025-06-17,777482,0.3109,0.3558,0.1915,0.2206,0.3017,0.3487,0.3169,0.3138,3,3,0.2914,0.3383,0.3242,0.3176
2025-06-17,777489,0.3749,0.3403,0.1909,0.2114,0.3495,0.3320,0.3310,0.2983,3,3,0.3582,0.3604,0.3294,0.3200
2025-06-18,777453,0.3106,0.3310,0.2158,0.2573,0.3207,0.3520,0.3399,0.2823,3,3,0.3252,0.2984,0.3175,0.3250
2025-06-18,777454,0.3213,0.3417,0.1617,0.2428,0.3094,0.3376,0.3179,0.3354,3,3,0.3251,0.3327,0.3055,0.3110
2025-06-18,777456,0.3085,0.3304,0.2136,0.1934,0.3139,0.3384,0.3235,0.3023,3,3,0.3180,0.3034,0.3312,0.2998
2025-06-18,777457,0.3451,0.3812,0.1475,0.1779,0.3478,0.3714,,0.3209,3,3,0.3687,0.4262,0.2983,0.3474
2025-06-18,777458,0.3180,0.2909,0.1900,0.2003,0.3083,0.3298,0.3337,0.2956,3,3,0.3438,0.3148,0.3187,0.3061
2025-06-18,777459,0.3137,0.3516,0.1784,0.2032,0.3139,0.3433,0.3158,0.3042,3,3,0.3146,0.3241,0.2953,0.3188
2025-06-18,777460,0.3456,0.3395,0.1713,0.2078,0.3236,0.3221,0.3374,0.2856,3,3,0.3390,0.3110,0.3392,0.3156
2025-06-18,777461,0.3196,0.3466,0.2376,0.2087,0.3032,0.3483,0.3271,0.3419,3,3,0.3222,0.3262,0.3199,0.3203
2025-06-18,777462,0.3423,0.3526,0.1907,0.1912,0.3558,0.3473,0.3072,0.3213,3,3,0.3925,0.3294,0.3385,0.3388
2025-06-18,777463,0.3319,0.3151,0.2374,0.2335,0.3585,0.3241,0.3112,0.3283,3,3,0.3021,0.3387,0.3374,0.3395
2025-06-18,777464,0.3105,0.3355,0.2462,0.2027,0.3159,0.3396,0.2950,0.2721,3,3,0.3510,0.3296,0.3116,0.3334
2025-06-18,777465,0.3463,0.3177,0.2004,0.1732,0.3620,0.3226,0.3232,0.2903,3,3,0.3238,0.2991,0.3207,0.3325
2025-06-18,777466,0.3425,0.3681,0.2176,0.2156,0.3610,0.3896,0.3149,0.3424,3,3,0.3304,0.3339,0.3262,0.3298
2025-06-18,777470,0.3735,0.3388,0.1872,0.2183,0.3462,0.3321,0.2813,0.3192,3,3,0.3566,0.3632,0.3516,0.3693
2025-06-18,777474,0.3286,0.3184,0.2139,0.2246,0.3229,0.3258,0.3090,0.2909,3,3,0.3389,0.2998,0.3319,0.3064
2025-06-19,777440,0.3243,0.3346,0.1656,0.2403,0.3090,0.3308,0.3046,0.3230,3,3,0.3241,0.3129,0.3061,0.3212
2025-06-19,777441,0.3156,0.3362,0.1734,0.2011,0.2989,0.3289,0.3102,0.3132,3,3,0.3187,0.3207,0.3207,0.3220
2025-06-19,777442,0.3238,0.3419,0.1619,0.2268,0.3368,0.3556,0.2915,0.3103,3,3,0.3052,0.4270,0.2897,0.3200
2025-06-19,777443,0.3467,0.3388,0.1711,0.2083,0.3242,0.3245,0.3001,0.3097,3,3,0.3393,0.3123,0.3393,0.3156
2025-06-19,777444,0.3461,0.3176,0.1999,0.1744,0.3626,0.3221,0.3238,0.3065,3,3,0.3229,0.2977,0.3216,0.3070
2025-06-19,777445,0.3139,0.3466,0.2307,0.2085,0.3191,0.3472,0.2843,0.3397,3,3,0.3082,0.3264,0.3299,0.3248
2025-06-19,777446,0.3282,0.3296,0.2198,0.2248,0.3430,0.3375,0.3039,0.3269,3,3,0.3065,0.3096,0.3483,0.2908
2025-06-19,777447,0.2992,0.3201,0.1912,0.1882,0.3104,0.3335,0.3372,0.3266,3,3,0.3009,0.3303,0.3349,0.3088
2025-06-19,777448,0.3444,0.3549,0.1950,0.1895,0.3351,0.3490,0.3187,0.3204,3,3,0.3036,0.3311,0.3383,0.3372
2025-06-19,777449,0.3428,0.3682,0.2169,0.2117,0.3611,0.3724,0.2986,0.3259,3,3,0.3305,0.3353,0.3242,0.3195
2025-06-19,777450,0.3110,0.3564,0.2004,0.2211,0.3039,0.3491,0.3098,0.3048,3,3,0.2897,0.3384,0.3237,0.3192
2025-06-19,777451,0.3228,0.3180,0.2227,0.2418,0.3333,0.3143,0.2712,0.3450,3,3,0.3177,0.2813,0.2958,0.3178
2025-06-19,777452,0.3196,0.3070,0.2426,0.2243,0.3242,0.3081,0.2990,0.3288,3,3,0.3401,0.3000,0.3272,0.3119
2025-06-19,777455,0.3742,0.3392,0.1915,0.2181,0.3492,0.3370,0.3275,0.3008,3,3,0.3558,0.3659,0.3483,0.3684
2025-06-20,777425,0.3159,0.3390,0.2325,0.2373,0.3230,0.3347,0.3182,0.3133,3,3,0.3253,0.3124,0.3203,0.3107
2025-06-20,777426,0.3339,0.3441,0.1886,0.1466,0.3242,0.3474,0.3099,0.3248,3,3,0.3012,0.3681,0.3213,0.3166
2025-06-20,777427,0.3353,0.3750,0.2186,0.1814,0.3461,0.3428,0.3091,0.3063,3,3,0.3256,0.4267,0.3296,0.3373
2025-06-20,777428,0.3154,0.3444,0.1732,0.2162,0.2996,0.3662,0.3221,0.2887,3,3,0.3189,0.3301,0.3309,0.3232
2025-06-20,777429,0.3197,0.3364,0.1668,0.2009,0.3218,0.3280,0.3187,0.3029,3,3,0.3246,0.3208,0.3082,0.3092
2025-06-20,777430,0.3381,0.3142,0.1650,0.2307,0.3467,0.3171,0.3415,0.3160,3,3,0.3910,0.3074,0.3381,0.3294
2025-06-20,777431,0.3298,0.3239,0.2244,0.1923,0.3248,0.3248,0.3079,0.3054,3,3,0.3320,0.3400,0.3313,0.3359
2025-06-20,777432,0.3330,0.3328,0.1979,0.2436,0.3388,0.3264,0.3091,0.2903,3,3,0.3139,0.3497,0.3151,0.3234
2025-06-20,777433,0.3175,0.3221,0.2252,0.1571,0.3250,0.3103,0.3031,0.3375,3,3,0.3011,0.3418,0.3111,0.3096
2025-06-20,777434,0.3116,0.3160,0.2005,0.2598,0.3048,0.3137,0.2892,0.3127,3,3,0.2912,0.2823,0.2990,0.2917
2025-06-20,777435,0.3118,0.3544,0.1843,0.1890,0.3367,0.3472,0.3121,0.3163,3,3,0.3144,0.3307,0.3051,0.3217
2025-06-20,777436,0.3422,0.3563,0.2318,0.2219,0.3460,0.3490,0.3035,0.3068,3,3,0.3337,0.3394,0.3074,0.3212
2025-06-20,777437,0.3736,0.3462,0.1918,0.2002,0.3493,0.3617,0.2885,0.3220,3,3,0.3562,0.3221,0.3402,0.3211
2025-06-20,777438,0.3234,0.3755,0.2541,0.2366,0.3277,0.3797,0.3007,0.3270,3,3,0.3082,0.3369,0.3199,0.3316
2025-06-20,777439,0.3394,0.3195,0.2169,0.1943,0.3354,0.3272,0.3239,,3,3,0.3664,0.2971,0.3686,0.2973
2025-06-21,777410,0.3388,0.3133,0.1640,0.2310,0.3480,0.3177,0.3282,0.3106,3,3,0.3945,0.3255,0.3251,0.3296
2025-06-21,777411,0.3213,0.3205,0.1608,0.2245,0.3090,0.3376,0.3183,0.3052,3,3,0.3236,0.2743,0.3106,0.3059
2025-06-21,777412,0.3075,0.3309,0.2234,0.2335,0.3092,0.3302,0.3269,0.3291,3,3,0.2921,0.3437,0.3233,0.3242
2025-06-21,777413,0.3473,0.3443,0.1700,0.1465,0.3244,0.3463,0.2792,0.3044,3,3,0.3400,0.3687,0.3401,0.2923
2025-06-21,777414,0.3010,0.3242,0.2052,0.2170,0.3189,0.3451,0.3127,0.3039,3,3,0.3106,0.2709,0.3233,0.3268
2025-06-21,777415,0.3024,0.3226,0.2306,0.1570,0.3163,0.3105,0.3095,0.3141,3,3,0.3005,0.3429,0.3106,0.2921
2025-06-21,777416,0.3485,0.3800,0.2073,0.1770,0.3472,0.3714,0.3183,0.3367,3,3,0.3277,0.4260,0.3235,0.3471
2025-06-21,777417,0.3134,0.3383,0.2124,0.2375,0.3251,0.3348,0.3206,0.3324,3,3,0.3251,0.3118,0.3056,0.3133
2025-06-21,777418,0.3028,0.3516,0.2256,0.1610,0.3297,0.3362,0.3317,0.3163,3,3,0.2871,0.3325,0.3027,0.3385
2025-06-21,777419,0.3429,0.3568,0.2311,0.2207,0.3463,0.3511,0.3099,0.3386,3,3,0.3329,0.3396,0.3249,0.3198
2025-06-21,777420,0.3357,0.3157,0.2024,0.2335,0.3369,0.3249,0.3044,0.3201,3,3,0.3319,0.3438,0.3282,0.3318
2025-06-21,777421,0.3346,0.3406,0.1963,0.2579,0.3426,0.3222,0.3423,0.3342,3,3,0.3137,0.3479,0.3166,0.3216
2025-06-21,777422,0.3151,0.3817,0.2570,0.2381,0.3551,0.3962,0.2971,0.3085,3,3,0.3088,0.3553,0.3180,0.3202
2025-06-21,777423,0.3733,0.3211,0.1925,0.2043,0.3499,0.3263,0.3324,0.3174,3,3,0.3545,0.3055,0.3298,0.3209
2025-06-21,777424,0.3552,0.3200,0.2431,0.1930,0.3316,0.3264,0.3144,0.3120,3,3,0.3654,0.2972,0.3587,0.3321
2025-06-22,777395,0.3302,0.3381,0.2410,0.2381,0.3449,0.3358,0.2970,0.3293,3,3,0.3262,0.3100,0.3108,0.3097
2025-06-22,777396,0.3468,0.3612,0.1704,0.1924,0.3230,0.3516,0.3161,0.3089,3,3,0.3384,0.3703,0.3393,0.3169
2025-06-22,777397,0.3145,0.3345,0.1850,0.1928,0.3062,0.3581,0.3173,0.3231,3,3,0.3202,0.3000,0.3297,0.3277
2025-06-22,777398,0.3285,0.3642,0.1751,0.1847,0.3243,0.3779,0.3189,0.3173,3,3,0.3280,0.4242,0.3139,0.3429
2025-06-22,777399,0.3114,0.3107,0.1865,0.2265,0.3053,0.2972,0.3729,0.3237,3,3,0.3027,0.3266,0.3390,0.3286
2025-06-22,777400,0.3193,0.3355,0.1670,0.2021,0.3202,0.3265,0.3193,0.3290,3,3,0.3243,0.3206,0.3062,0.3170
2025-06-22,777401,0.3132,0.3382,0.1989,0.2600,0.3046,0.3238,0.2948,0.3196,3,3,0.2919,0.3465,0.3197,0.3045
2025-06-22,777402,0.3553,0.3090,0.2422,0.2059,0.3315,0.3168,0.3215,0.3251,3,3,0.3672,0.2974,0.3605,0.3237
2025-06-22,777403,0.3419,0.3572,0.2313,0.2215,0.3461,0.3518,0.3392,0.2889,3,3,0.3317,0.3417,0.3038,0.3278
2025-06-22,777404,0.3392,0.3402,0.2083,0.2580,0.3254,0.3230,0.3179,0.3358,3,3,0.3129,0.3474,0.3167,0.3213
2025-06-22,777405,0.3291,0.3461,0.2112,0.1992,0.3218,0.3617,0.3292,0.3172,3,3,0.3547,0.3225,0.3394,0.3275
2025-06-22,777406,0.3253,0.3825,0.2292,0.2389,0.3553,0.3960,0.3139,0.3273,3,3,0.3088,0.3353,0.3366,0.3261
2025-06-22,777407,0.3154,0.3228,0.2381,0.1559,0.3059,0.3115,0.3279,0.3001,3,3,0.3002,0.3433,0.2983,0.3282
2025-06-22,777408,0.3109,0.3560,0.1841,0.1885,0.3385,0.3482,0.3058,0.3124,3,3,0.3121,0.3347,0.3072,0.3322
2025-06-22,777409,0.3225,0.3354,0.2159,0.1994,0.3336,0.3274,0.3245,0.3140,3,3,0.3069,0.3437,0.3010,0.3317
2025-06-23,777381,0.3268,0.3440,0.2331,0.2170,0.3332,0.3654,0.3418,0.3242,3,3,0.3249,0.3314,0.3120,0.3214
2025-06-23,777382,0.3491,0.3620,0.2073,0.1922,0.3439,0.3547,0.3440,0.3282,3,3,0.3279,0.3707,0.3145,0.3105
2025-06-23,777388,0.3428,0.3254,0.2296,0.2492,0.3502,0.3106,0.2981,0.2938,3,3,0.3320,0.3487,0.3250,0.3290
2025-06-23,777389,0.3685,0.3757,0.2327,0.1913,0.3540,0.3529,0.3208,0.3283,3,3,0.3687,0.3557,0.3192,0.3394
2025-06-23,777390,0.3686,0.3156,0.2119,0.2390,0.3727,0.3079,0.3086,0.3250,3,3,0.3369,0.3003,0.3307,0.3040
2025-06-23,777391,0.3404,0.3125,0.2567,0.1988,0.3228,0.3050,0.3191,0.3144,3,3,0.3475,0.2912,0.3209,0.3236
2025-06-23,777392,0.3568,0.3234,0.2214,0.1551,0.3522,0.3130,0.3105,0.3291,3,3,0.3397,0.3440,0.3131,0.3460
2025-06-23,777393,0.3455,0.3107,0.1930,0.2133,0.3325,0.3256,0.3146,0.3210,3,3,0.3018,0.3115,0.3043,0.2894
2025-06-23,777394,0.3215,0.3268,0.1985,0.2553,0.3223,0.3463,0.3319,0.3284,3,3,0.3162,0.3108,0.3005,0.3134
2025-06-24,777364,0.3220,0.3391,0.1925,0.2375,0.3305,0.3337,0.3210,0.3394,3,3,0.3000,0.3114,0.3318,0.3086
2025-06-24,777372,0.3487,0.3630,0.2077,0.1912,0.3418,0.3544,0.3037,0.3017,3,3,0.3276,0.3736,0.3154,0.3086
2025-06-24,777373,0.3558,0.3240,0.2215,0.1547,0.3522,0.3113,0.3209,0.3133,3,3,0.3386,0.3453,0.3204,0.3472
2025-06-24,777374,0.3248,0.3136,0.2534,0.1985,0.3123,0.3053,0.3057,0.3361,3,3,0.3029,0.2925,0.3230,0.3236
2025-06-24,777375,0.3422,0.3224,0.2299,0.2219,0.3483,0.3215,0.3284,0.3258,3,3,0.3301,0.3466,0.3283,0.3329
2025-06-24,777376,0.3300,0.3195,0.2419,0.2525,0.3566,0.3486,0.3377,0.2815,3,3,0.3335,0.2812,0.3194,0.3289
2025-06-24,777377,0.3461,0.3163,0.1995,0.1739,0.3606,0.3020,0.2991,0.2903,3,3,0.3223,0.3206,0.3274,0.3222
2025-06-24,777378,0.3247,0.3466,0.1927,0.1700,0.3227,0.3224,0.2723,0.3053,3,3,0.3436,0.3385,0.3344,0.3395
2025-06-24,777379,0.3782,0.3131,0.1792,0.2299,0.3698,0.3201,0.3348,0.2827,3,3,0.4237,0.3262,0.3544,0.2994
2025-06-24,777380,0.3243,0.3263,0.2202,0.2570,0.3181,0.3438,0.3220,0.3156,3,3,0.2715,0.3108,0.3168,0.3135
2025-06-24,777383,0.3471,0.3192,0.1933,0.1890,0.3317,0.3341,0.3123,0.3161,3,3,0.3033,0.3298,0.3119,0.3057
2025-06-24,777384,0.3418,0.3193,0.1489,0.1664,0.3421,0.3210,0.3474,0.3024,3,3,0.3336,0.3243,0.3383,0.3070
2025-06-24,777385,0.3824,0.3164,0.2384,0.2378,0.3943,0.3065,,0.2996,3,3,0.3338,0.3002,0.3260,0.3092
2025-06-24,777386,0.3355,0.3335,0.2109,0.2071,0.3313,0.3165,0.2689,0.3080,3,3,0.3139,0.3304,0.3032,0.3279
2025-06-24,777387,0.3691,0.3761,0.2337,0.1908,0.3547,0.3517,0.3153,0.3246,3,3,0.3703,0.3559,0.3411,0.3464
2025-06-25,777355,0.3032,0.3327,0.1859,0.2188,0.3280,0.3297,0.3034,0.3200,3,3,0.3006,0.2930,0.3191,0.3173
2025-06-25,777357,0.3574,0.3217,0.2205,0.1593,0.3538,0.3070,0.3253,0.3055,3,3,0.3400,0.3456,0.3205,0.2780
2025-06-25,777358,0.3776,0.3090,0.1798,0.2292,0.3698,0.3068,0.3337,0.3051,3,3,0.4242,0.3256,0.3352,0.3025
2025-06-25,777359,0.3352,0.3464,0.1981,0.1695,0.3266,0.3211,0.3105,0.2949,3,3,0.3448,0.3388,0.3325,0.3389
2025-06-25,777360,0.3483,0.3413,0.2083,0.1435,0.3426,0.3436,0.2940,0.3131,3,3,0.3281,0.3088,0.3197,0.3479
2025-06-25,777361,0.3206,0.3137,0.2109,0.1977,0.3160,0.3040,0.3089,0.2726,3,3,0.2898,0.2921,0.3324,0.3080
2025-06-25,777362,0.3163,0.3343,0.2136,0.2244,0.3269,0.3518,0.3105,0.3237,3,3,0.3246,0.3240,0.3225,0.3319
2025-06-25,777363,0.3419,0.3105,0.2300,0.2491,0.3484,0.3253,0.2895,0.3089,3,3,0.3294,0.3452,0.3243,0.3320
2025-06-25,777365,0.3343,0.3339,0.1948,0.2387,0.3407,0.3670,0.3364,0.2956,3,3,0.3147,0.3106,0.3157,0.3352
2025-06-25,777366,0.3460,0.3165,0.1993,0.1744,0.3608,0.3007,0.3136,0.2507,3,3,0.3228,0.3226,0.3274,0.3234
2025-06-25,777367,0.3827,0.3147,0.2394,0.2379,0.3915,0.3046,0.3360,0.3015,3,3,0.3332,0.2996,0.3290,0.3101
2025-06-25,777368,0.3552,0.3264,0.1895,0.1599,0.3487,0.3060,0.3237,0.3191,3,3,0.3333,0.3251,0.3210,0.3070
2025-06-25,777369,0.3697,0.3751,0.2349,0.1918,0.3548,0.3522,0.3005,0.3205,3,3,0.3690,0.3541,0.3430,0.3382
2025-06-25,777370,0.3477,0.3040,0.1926,0.2170,0.3332,0.3393,0.3182,0.3204,3,3,0.3044,0.2847,0.3282,0.3118
2025-06-25,777371,0.3364,0.3387,0.2009,0.2192,0.3287,0.3183,0.3053,0.3106,3,3,0.3191,0.3390,0.3011,0.3165
2025-06-26,777344,0.3728,0.3028,0.1823,0.2066,0.3411,0.2944,0.3390,0.3261,3,3,0.4240,0.3265,0.3540,0.3105
2025-06-26,777347,0.3232,0.3336,0.1915,0.2376,0.3308,0.3302,0.3194,0.3307,3,3,0.3013,0.2964,0.3338,0.3087
2025-06-26,777348,0.3579,0.3241,0.2213,0.1544,0.3532,0.3107,0.3027,0.2983,3,3,0.3408,0.3450,0.3202,0.3258
2025-06-26,777350,0.3451,0.3159,0.2000,0.1751,0.3592,0.3006,0.2894,0.3053,3,3,0.3220,0.3224,0.3201,0.3202
2025-06-26,777351,0.3383,0.3401,0.2105,0.2273,0.3337,0.3454,,0.3163,3,3,0.3138,0.3385,0.2955,0.3155
2025-06-26,777352,0.3701,0.3763,0.2352,0.1912,0.3560,0.3524,0.3261,0.3200,3,3,0.3695,0.3550,0.3307,0.3195
2025-06-26,777353,0.3346,0.3503,0.1993,0.1672,0.3252,0.3343,0.3255,0.3175,3,3,0.3446,0.3384,0.3322,0.3072
2025-06-26,777354,0.3162,0.3123,0.2080,0.2069,0.3099,0.2957,0.2992,0.3175,3,3,0.3327,0.3251,0.3108,0.3085
2025-06-26,777356,0.3414,0.3049,0.2314,0.2362,0.3503,0.3222,0.3233,0.3489,3,3,0.3295,0.2637,0.3238,0.3065
2025-06-27,777331,0.3470,0.3333,0.2105,0.1960,0.3411,0.3561,0.3158,0.3359,3,3,0.3270,0.3016,0.3136,0.3323
2025-06-27,777332,0.3239,0.3288,0.1906,0.1881,0.3305,0.3411,0.3220,0.3146,3,3,0.3009,0.3042,0.3318,0.3260
2025-06-27,777334,0.3328,0.3260,0.2365,0.2010,0.3271,0.3245,0.3241,0.3222,3,3,0.3441,0.3292,0.3262,0.3334
2025-06-27,777335,0.3700,0.3464,0.2049,0.1699,0.3478,0.3210,0.3058,0.3290,3,3,0.4244,0.3392,0.3587,0.3130
2025-06-27,777336,0.3574,0.3021,0.2214,0.1634,0.3535,0.3012,0.3103,0.3174,3,3,0.3404,0.2811,0.3197,0.3200
2025-06-27,777337,0.3350,0.3675,0.2011,0.2162,0.3269,0.3838,0.3035,0.3210,3,3,0.3195,0.3348,0.3332,0.3302
2025-06-27,777338,0.3319,0.3196,0.2184,0.1876,0.3283,0.3339,0.3207,0.3146,3,3,0.3319,0.3321,0.3156,0.3174
2025-06-27,777339,0.2929,0.3135,0.2459,0.1971,0.2795,0.3043,0.3230,0.3328,3,3,0.2987,0.2930,0.3043,0.3188
2025-06-27,777340,0.3407,0.3329,0.2319,0.1949,0.3500,0.3382,0.3090,0.2959,3,3,0.3286,0.3132,0.3246,0.3154
2025-06-27,777341,0.3032,0.3233,0.2216,0.2351,0.3250,0.3082,0.3249,0.3370,3,3,0.2713,0.2970,0.3378,0.3191
2025-06-27,777342,0.3364,0.3437,0.2234,0.2406,0.3473,0.3432,0.3283,0.3224,3,3,0.3206,0.2926,0.2871,0.3449
2025-06-27,777343,0.3099,0.3068,0.2255,0.2321,0.3162,0.3343,0.3337,0.3084,3,3,0.2697,0.3106,0.3321,0.3159
2025-06-27,777345,0.3109,0.3132,0.2148,0.2135,0.3316,0.3136,0.3310,0.3307,3,3,0.3321,0.3232,0.3402,0.3114
2025-06-27,777346,0.3158,0.3138,0.1552,0.2381,0.3332,0.3054,0.3089,0.3016,3,3,0.3091,0.2979,0.3162,0.3066
2025-06-27,777349,0.3037,0.3077,0.1885,0.2052,0.3179,0.3162,0.3181,0.3089,3,3,0.3435,0.3263,0.3469,0.3095
2025-06-28,777315,0.3473,0.3341,0.2092,0.1953,0.3395,0.3555,0.3269,0.3134,3,3,0.3272,0.3030,0.3145,0.3336
2025-06-28,777318,0.3226,0.3289,0.1928,0.1888,0.3192,0.3398,0.3221,0.3330,3,3,0.2991,0.3058,0.3390,0.3300
2025-06-28,777319,0.3268,0.3229,0.1674,0.2031,0.3494,0.3291,0.3202,0.3129,3,3,0.3178,0.2863,0.3292,0.3382
2025-06-28,777320,0.3568,0.3061,0.2217,0.2103,0.3520,0.3118,0.3158,0.3421,3,3,0.3399,0.3181,0.2936,0.3327
2025-06-28,777321,0.3034,0.3132,0.2059,0.1971,0.2943,0.3025,0.3020,0.3594,3,3,0.3264,0.2923,0.3217,0.3234
2025-06-28,777322,0.3420,0.3357,0.2306,0.1873,0.3499,0.3400,0.3335,0.2934,3,3,0.3283,0.3138,0.3262,0.2992
2025-06-28,777323,0.3473,0.3168,0.2014,0.2139,0.3381,0.3286,0.3318,0.3432,3,3,0.3099,0.3238,0.3124,0.3208
2025-06-28,777324,0.3328,0.3324,0.2364,0.2067,0.3250,0.3118,0.3059,0.3092,3,3,0.3458,0.3303,0.3257,0.3323
2025-06-28,777325,0.3698,0.3261,0.2069,0.2511,0.3518,0.3116,0.3187,0.3295,3,3,0.3531,0.3041,0.3500,0.3320
2025-06-28,777326,0.3337,0.3673,0.2021,0.2115,0.3262,0.3713,0.2915,0.3196,3,3,0.3188,0.3350,0.3031,0.3300
2025-06-28,777327,0.3356,0.3096,0.2405,0.2120,0.3334,0.3248,0.3101,0.2850,3,3,0.3019,0.3109,0.3155,0.3059
2025-06-28,777328,0.3409,0.3136,0.1434,0.2395,0.3420,0.3063,0.3031,0.3582,3,3,0.3081,0.2972,0.3417,0.3076
2025-06-28,777329,0.3038,0.3218,0.1884,0.1621,0.3186,0.3094,0.3256,0.3261,3,3,0.3452,0.3254,0.3465,0.3064
2025-06-28,777330,0.3203,0.3258,0.2191,0.2283,0.3225,0.3556,0.3020,0.3233,3,3,0.3040,0.3093,0.3467,0.3027
2025-06-28,777333,0.3450,0.3688,0.2017,0.2357,0.3581,0.3538,0.2915,0.3076,3,3,0.3224,0.3682,0.3209,0.3207
2025-06-29,777301,0.2957,0.3135,0.2610,0.1963,0.2912,0.3035,0.3125,0.3347,3,3,0.3054,0.2926,0.3206,0.3236
2025-06-29,777302,0.3413,0.3365,0.2306,0.1867,0.3489,0.3401,0.3358,0.3268,3,3,0.3272,0.3141,0.3267,0.2976
2025-06-29,777303,0.3379,0.3477,0.2167,0.1957,0.3304,0.3294,0.3179,0.3338,3,3,0.3341,0.3077,0.3202,0.3296
2025-06-29,777304,0.3693,0.3471,0.2062,0.1695,0.3489,0.3220,0.2862,0.3117,3,3,0.4251,0.3405,0.3345,0.3392
2025-06-29,777305,0.3368,0.3204,0.2187,0.1939,0.3447,0.3347,0.3401,0.3311,3,3,0.3275,0.3054,0.3154,0.3312
2025-06-29,777307,0.3317,0.3673,0.2375,0.2174,0.3234,0.3839,0.3361,0.3251,3,3,0.3188,0.3336,0.3028,0.3219
2025-06-29,777308,0.3575,0.3124,0.2206,0.1860,0.3512,0.3037,0.3009,0.3111,3,3,0.3393,0.3190,0.3193,0.3332
2025-06-29,777309,0.3347,0.3225,0.1882,0.1618,0.3327,0.3095,0.3337,0.3021,3,3,0.3465,0.3246,0.3058,0.3054
2025-06-29,777310,0.3537,0.3308,0.1902,0.2442,0.3410,0.3566,0.3288,0.3115,3,3,0.3316,0.3298,0.3326,0.2998
2025-06-29,777311,0.3315,0.3138,0.2186,0.2076,0.3280,0.3357,0.3226,0.3229,3,3,0.3325,0.3119,0.3157,0.3178
2025-06-29,777312,0.3406,0.3138,0.1428,0.2374,0.3410,0.3064,0.3091,0.3275,3,3,0.3078,0.2986,0.3215,0.3114
2025-06-29,777313,0.3306,0.3064,0.2090,0.2334,0.3326,0.3050,0.3212,0.3169,3,3,0.3530,0.2895,0.3370,0.3055
2025-06-29,777314,0.3351,0.3257,0.2122,0.1991,0.3430,0.3104,0.2758,0.3285,3,3,0.3480,0.3299,0.3205,0.3332
2025-06-29,777316,0.3444,0.3691,0.2024,0.2364,0.3571,0.3552,0.3141,0.2911,3,3,0.3209,0.3693,0.3194,0.3198
2025-06-29,777317,0.3330,0.3257,0.2212,0.2293,0.3378,0.3559,0.3250,0.3138,3,3,0.3148,0.3124,0.3349,0.3384
2025-06-30,777291,0.3264,0.3472,0.2355,0.1963,0.3270,0.3312,0.3142,0.3068,3,3,0.2749,0.3085,0.3158,0.3296
2025-06-30,777292,0.3270,0.3359,0.2560,0.1895,0.3420,0.3309,0.3288,0.3272,3,3,0.3115,0.3120,0.3163,0.2970
2025-06-30,777295,0.3622,0.3328,0.2262,0.1442,0.3755,0.3388,0.3190,0.2975,3,3,0.3155,0.2937,0.3139,0.3359
2025-06-30,777296,0.3331,0.3216,0.2011,0.1960,0.3233,0.3122,0.2974,0.3060,3,3,0.3180,0.3043,0.3248,0.3019
2025-06-30,777297,0.3469,0.3405,0.1707,0.2298,0.3230,0.3482,0.2892,0.3074,3,3,0.3404,0.3256,0.3383,0.3290
2025-06-30,777299,0.2982,0.3330,0.1951,0.2259,0.3113,0.3186,0.3272,0.3278,3,3,0.2989,0.3237,0.3045,0.3333
2025-06-30,777300,0.3130,0.3184,0.2374,0.2131,0.3064,0.3279,0.2805,0.3252,3,3,0.2982,0.3246,0.3065,0.3204
2025-06-30,777306,0.3402,0.3553,0.1424,0.2172,0.3416,0.3595,0.2744,0.3171,3,3,0.3082,0.3195,0.3471,0.3289
2025-07-01,777278,0.3228,0.3462,0.2181,0.1973,0.3189,0.3312,0.3243,0.3326,3,3,0.3093,0.3093,0.3012,0.3297
2025-07-01,777280,0.3201,0.3804,0.1866,0.2036,0.3330,0.3645,0.2887,0.3163,3,3,0.3332,0.4235,0.3202,0.3505
2025-07-01,777281,0.3501,0.3400,0.1692,0.2293,0.3328,0.3477,0.3394,0.3206,3,3,0.3413,0.3245,0.3316,0.3267
2025-07-01,777282,0.3281,0.3120,0.2566,0.2026,0.3403,0.3307,0.2913,0.3164,3,3,0.3106,0.3133,0.3238,0.3064
2025-07-01,777283,0.3682,0.3441,0.2109,0.1539,0.3685,0.3283,0.3218,0.2922,3,3,0.3348,0.2927,0.3296,0.3317
2025-07-01,777284,0.3317,0.3327,0.2064,0.2172,0.3098,0.3341,0.3040,0.2980,3,3,0.3298,0.3150,0.3341,0.3020
2025-07-01,777285,0.3118,0.3137,0.1858,0.2283,0.3039,0.3165,0.3191,0.3181,3,3,0.3180,0.3274,0.3258,0.2951
2025-07-01,777286,0.3460,0.3173,0.2367,0.2101,0.3393,0.3231,0.3145,0.3137,3,3,0.3402,0.3428,0.3044,0.3485
2025-07-01,777287,0.3217,0.3565,0.1623,0.2211,0.3098,0.3509,0.3047,0.3183,3,3,0.3234,0.3380,0.3056,0.3191
2025-07-01,777288,0.3246,0.3344,0.1544,0.2253,0.3128,0.3233,0.2730,0.3056,3,3,0.3442,0.3273,0.2916,0.3338
2025-07-01,777289,0.3222,0.3721,0.1937,0.1884,0.3066,0.3406,0.3116,0.3077,3,3,0.2929,0.3521,0.3097,0.3492
2025-07-01,777290,0.3592,0.3040,0.1901,0.1858,0.3499,0.3285,0.2958,0.2780,3,3,0.3680,0.3198,0.3111,0.3212
2025-07-01,777293,0.3321,0.3242,0.2374,0.1922,0.3232,0.3291,0.3263,0.2879,3,3,0.3461,0.2987,0.3314,0.2792
2025-07-01,777294,0.3126,0.3265,0.2366,0.2360,0.3047,0.3288,0.3251,0.3364,3,3,0.2980,0.3252,0.3117,0.3227
2025-07-01,777298,0.3439,0.3677,0.2177,0.2389,0.3646,0.3531,0.3123,0.3257,3,3,0.3313,0.3678,0.3354,0.3438
2025-07-02,777262,0.3397,0.3289,0.2014,0.2296,0.3300,0.3272,0.2817,0.3089,3,3,0.3418,0.3238,0.3327,0.3259
2025-07-02,777265,0.3302,0.3468,0.2324,0.2082,0.3266,0.3387,0.3133,0.3151,3,3,0.3470,0.3259,0.3175,0.3148
2025-07-02,777266,0.3219,0.3568,0.1621,0.2208,0.3102,0.3512,0.2978,0.3059,3,3,0.3241,0.3374,0.3054,0.3188
2025-07-02,777267,0.3063,0.3719,0.2129,0.1836,0.3205,0.3410,0.3249,0.3048,3,3,0.3085,0.4236,0.3048,0.3463
2025-07-02,777268,0.3275,0.3390,0.2574,0.1853,0.3392,0.3419,0.3118,0.3401,3,3,0.3093,0.3135,0.3376,0.3233
2025-07-02,777269,0.3113,0.3156,0.1859,0.2267,0.3032,0.3181,0.3490,0.2854,3,3,0.3172,0.3262,0.3311,0.3008
2025-07-02,777270,0.3334,0.3511,0.2455,0.1616,0.3237,0.3552,0.3223,0.3234,3,2,0.3084,0.3086,0.3061,0.3114
2025-07-02,777271,0.3428,0.3322,0.2461,0.2215,0.3274,0.3351,0.3053,0.3220,3,3,0.3166,0.3126,0.3031,0.3494
2025-07-02,777272,0.3243,0.3335,0.1547,0.2263,0.3123,0.3230,0.3256,0.3037,3,3,0.3441,0.3246,0.3279,0.3333
2025-07-02,777273,0.3592,0.3552,0.1901,0.2172,0.3498,0.3593,0.3225,0.2989,3,3,0.3680,0.3197,0.3079,0.3212
2025-07-02,777274,0.3778,0.3510,0.2114,0.1988,0.3799,0.3262,0.3302,0.2902,3,3,0.3618,0.3114,0.3217,0.3335
2025-07-02,777275,0.3093,0.3208,0.2489,0.1924,0.3196,0.3172,0.3352,0.3220,3,3,0.3441,0.2977,0.3102,0.3403
2025-07-02,777276,0.3222,0.3744,0.1937,0.1914,0.3065,0.3507,0.3119,0.3123,3,3,0.2929,0.3311,0.3097,0.3372
2025-07-02,777277,0.3120,0.3172,0.2353,0.2162,0.3045,0.3289,0.3163,0.3060,3,3,0.2984,0.3245,0.3130,0.3139
2025-07-02,777279,0.3434,0.3552,0.2176,0.2486,0.3633,0.3310,0.3279,0.3105,3,3,0.3294,0.3639,0.3363,0.3645
2025-07-03,777251,0.3505,0.3384,0.1701,0.2302,0.3336,0.3452,0.3252,0.3199,3,3,0.3406,0.3231,0.2963,0.3279
2025-07-03,777253,0.3186,0.3750,0.1868,0.1801,0.3322,0.3666,0.3291,0.3167,3,3,0.3279,0.4227,0.3168,0.3170
2025-07-03,777256,0.3328,0.3423,0.2459,0.1631,0.3232,0.3502,0.3396,0.2826,3,3,0.3081,0.3944,0.3273,0.3391
2025-07-03,777257,0.3110,0.3716,0.1858,0.1884,0.3012,0.3401,0.3214,0.3221,3,3,0.2921,0.3227,0.3109,0.3479
2025-07-03,777258,0.3249,0.3468,0.1991,0.2084,0.3100,0.3394,0.3379,0.3159,3,3,0.3307,0.3246,0.3372,0.3146
2025-07-03,777259,0.3214,0.3571,0.1613,0.2194,0.3094,0.3516,0.3074,0.3129,3,3,0.3227,0.3381,0.3065,0.3189
2025-07-03,777260,0.3851,0.3557,0.2380,0.1643,0.3837,0.3264,0.3263,0.2898,3,3,0.3342,0.3248,0.3224,0.3372
2025-07-03,777261,0.3427,0.3546,0.2181,0.2486,0.3621,0.3310,0.3376,0.3115,3,3,0.3290,0.3623,0.3370,0.3657
2025-07-03,777263,0.3320,0.3252,0.2386,0.1910,0.3236,0.3267,0.3147,0.3179,3,3,0.3462,0.2986,0.3042,0.3387
2025-07-03,777264,0.3111,0.3097,0.1855,0.2263,0.3027,0.2879,0.3360,0.3052,3,3,0.3168,0.3254,0.3321,0.3005
2025-07-04,777235,0.3078,0.2995,0.2140,0.2337,0.3141,0.3192,0.2901,0.3249,3,3,0.3157,0.2980,0.3313,0.3346
2025-07-04,777236,0.3332,0.3378,0.2260,0.2308,0.3223,0.3448,0.2946,0.3185,3,3,0.3244,0.3244,0.3337,0.3135
2025-07-04,777239,0.3402,0.3596,0.1851,0.1905,0.3439,0.3491,0.3577,0.3214,3,3,0.3143,0.3680,0.3112,0.3158
2025-07-04,777242,0.3443,0.3290,0.2175,0.2079,0.3612,0.3124,0.3034,0.3164,3,3,0.3313,0.3100,0.3372,0.3145
2025-07-04,777243,0.3178,0.3146,0.1886,0.2276,0.3301,0.3151,0.3615,0.2964,3,3,0.3278,0.3263,0.2911,0.2884
2025-07-04,777244,0.2956,0.3072,0.2288,0.2433,0.3208,0.3094,0.3201,0.3239,3,3,0.3306,0.3169,0.3158,0.3226
2025-07-04,777245,0.3115,0.3289,0.2186,0.1733,0.3360,0.3226,0.3112,0.3269,3,3,0.3108,0.3253,0.3230,0.3145
2025-07-04,777246,0.2970,0.3350,0.1946,0.1850,0.3109,0.3404,0.3304,0.3271,3,3,0.2948,0.2977,0.3256,0.2917
2025-07-04,777247,0.3341,0.3182,0.2210,0.2293,0.3340,0.3095,0.3317,0.3232,3,3,0.3157,0.3445,0.3480,0.3022
2025-07-04,777248,0.3344,0.3433,0.1683,0.1626,0.3325,0.3502,0.3156,0.2774,3,3,0.2932,0.3968,0.3329,0.3373
2025-07-04,777249,0.3084,0.3216,0.2138,0.1613,0.3280,0.3100,0.3302,0.3147,3,3,0.2808,0.3245,0.3372,0.3147
2025-07-04,777250,0.3639,0.3739,0.2249,0.1920,0.3753,0.3499,0.3138,0.3419,3,3,0.3168,0.3311,0.3305,0.3374
2025-07-04,777252,0.3333,0.3540,0.2412,0.2490,0.3635,0.3294,0.3157,0.3210,3,3,0.3097,0.3629,0.3383,0.3658
2025-07-04,777254,0.3220,0.3252,0.1933,0.1903,0.3076,0.3280,0.3372,0.3165,3,3,0.2912,0.2989,0.3090,0.3399
2025-07-04,777255,0.3125,0.3547,0.2342,0.2177,0.3047,0.3605,0.3085,0.3048,3,3,0.2981,0.3203,0.3066,0.3295
2025-07-05,777221,0.3220,0.3728,0.2023,0.1822,0.3040,0.3439,0.3113,0.2999,3,3,0.3168,0.4219,0.3254,0.3517
2025-07-05,777223,0.3414,0.3601,0.1848,0.1907,0.3457,0.3480,0.3255,0.3339,3,3,0.3152,0.3690,0.3104,0.2929
2025-07-05,777225,0.3317,0.3389,0.2277,0.2300,0.3215,0.3479,0.3302,0.3210,3,3,0.3219,0.3254,0.3344,0.3282
2025-07-05,777227,0.3355,0.3316,0.2428,0.2036,0.3308,0.3225,0.3269,0.3051,3,3,0.3086,0.3170,0.3331,0.3220
2025-07-05,777228,0.3224,0.3480,0.2375,0.2067,0.3385,0.3402,0.3330,0.3348,3,3,0.3083,0.3256,0.3156,0.3142
2025-07-05,777229,0.3328,0.3559,0.1900,0.2206,0.3348,0.3528,0.3131,0.3104,3,3,0.3435,0.3377,0.2773,0.3217
2025-07-05,777230,0.3359,0.3187,0.2002,0.2287,0.3183,0.3110,0.3049,0.3102,3,3,0.3466,0.3437,0.3327,0.3245
2025-07-05,777231,0.3438,0.3561,0.2172,0.1644,0.3608,0.3262,0.3143,0.3290,3,3,0.3314,0.3235,0.3390,0.3325
2025-07-05,777232,0.3242,0.3136,0.2322,0.2284,0.3149,0.3144,0.3337,0.3220,3,3,0.3288,0.3265,0.2980,0.2940
2025-07-05,777233,0.3047,0.3554,0.2278,0.2168,0.2964,0.3614,0.2869,0.3098,3,3,0.3003,0.3210,0.3081,0.3291
2025-07-05,777234,0.3520,0.3323,0.1704,0.1840,0.3356,0.3218,0.3166,0.3098,3,3,0.3419,0.3438,0.3325,0.3375
2025-07-05,777237,0.3334,0.3537,0.2408,0.2494,0.3628,0.3306,0.2912,0.3161,3,3,0.3085,0.3615,0.3380,0.3486
2025-07-05,777238,0.3219,0.3122,0.1939,0.2027,0.3097,0.3137,0.3395,0.3099,3,3,0.2912,0.2986,0.3093,0.3155
2025-07-05,777240,0.3094,0.3321,0.2295,0.1174,0.3299,0.3138,0.3328,0.2954,3,2,0.3143,0.3245,0.3363,0.3098
2025-07-05,777241,0.3709,0.3696,0.2168,0.2030,0.3813,0.3502,0.3350,0.2970,3,3,0.3363,0.3174,0.3458,0.3489
2025-07-06,777205,0.3202,0.3389,0.2243,0.2297,0.3176,0.3474,0.2958,0.2735,3,3,0.2876,0.3252,0.3332,0.3274
2025-07-06,777206,0.3084,0.3738,0.1992,0.1808,0.3077,0.3669,0.3078,0.3211,3,3,0.3167,0.4216,0.3326,0.3315
2025-07-06,777207,0.3266,0.3594,0.2001,0.1912,0.3323,0.3484,0.3050,0.3365,3,3,0.2726,0.3681,0.3097,0.3072
2025-07-06,777210,0.3296,0.3315,0.2194,0.2025,0.3257,0.3217,0.3090,0.3195,3,3,0.3324,0.3176,0.3359,0.3240
2025-07-06,777213,0.3149,0.3370,0.2477,0.2162,0.3410,0.3436,,0.2802,3,3,0.2888,0.3252,0.3104,0.3026
2025-07-06,777214,0.3441,0.3461,0.2162,0.1529,0.3626,0.3261,0.3223,0.3148,3,3,0.3324,0.2917,0.3390,0.3346
2025-07-06,777215,0.3189,0.2941,0.1878,0.2412,0.3305,0.2807,0.3358,0.3159,3,3,0.3314,0.3026,0.3062,0.3213
2025-07-06,777216,0.3759,0.3716,0.2364,0.1882,0.3749,0.3394,0.3244,0.3001,3,3,0.3335,0.3227,0.3229,0.3507
2025-07-06,777217,0.3114,0.3556,0.2354,0.2175,0.3035,0.3611,0.2734,0.3275,3,3,0.2984,0.3228,0.3111,0.3293
2025-07-06,777218,0.3432,0.3509,0.1642,0.1787,0.3259,0.3519,0.3115,0.3117,3,3,0.3163,0.3429,0.3176,0.3368
2025-07-06,777219,0.2975,0.3207,0.2559,0.2387,0.3152,0.3317,0.3030,0.3310,3,3,0.2930,0.3384,0.3267,0.3287
2025-07-06,777220,0.3165,0.3214,0.2090,0.2410,0.3176,0.3269,0.2824,0.2997,3,3,0.3465,0.3438,0.3335,0.3079
2025-07-06,777222,0.3266,0.3501,0.2574,0.2238,0.3361,0.3308,0.3159,0.3281,3,3,0.3068,0.3476,0.3314,0.3063
2025-07-06,777224,0.3208,0.3247,0.1950,0.1899,0.3084,0.3266,0.3225,,3,3,0.2898,0.2989,0.3091,0.3390
2025-07-06,777226,0.3335,0.3208,0.2227,0.1609,0.3346,0.3089,0.3272,0.2622,3,3,0.3400,0.3237,0.3090,0.2927
2025-07-07,777199,0.3552,0.3430,0.2181,0.2453,0.3612,0.3343,0.3196,0.2932,3,3,0.3229,0.3316,0.3286,0.3155
2025-07-07,777200,0.3382,0.3436,0.1884,0.2168,0.3348,0.3623,0.3103,0.2854,3,3,0.3089,0.3322,0.3200,0.3398
2025-07-07,777201,0.3542,0.3111,0.2197,0.1860,0.3472,0.3034,0.3078,0.2920,3,3,0.4200,0.2915,0.3260,0.3282
2025-07-07,777202,0.3228,0.3198,0.1616,0.2020,0.3018,0.3036,0.3149,0.2905,3,3,0.3234,0.3164,0.2936,0.3250
2025-07-07,777203,0.3253,0.3593,0.1764,0.1922,0.3281,0.3477,0.3087,0.3200,3,3,0.3413,0.3699,0.3366,0.3175
2025-07-07,777204,0.3234,0.3396,0.2360,0.1876,0.3118,0.3360,0.2946,0.3247,3,3,0.2989,0.3042,0.3044,0.3039
2025-07-07,777208,0.3020,0.3103,0.1872,0.2353,0.3264,0.3020,0.3353,0.3292,3,3,0.2972,0.2969,0.3376,0.3107
2025-07-07,777209,0.3139,0.3131,0.2267,0.2481,0.3173,0.3398,0.3287,0.3289,3,3,0.3297,0.2881,0.2975,0.3111
2025-07-07,777211,0.3455,0.3277,0.1960,0.1988,0.3393,0.3266,0.3205,0.3027,3,3,0.3458,0.3313,0.3059,0.3351
2025-07-07,777212,0.3561,0.3181,0.1630,0.1866,0.3273,0.3283,0.3338,0.3313,3,3,0.3230,0.3304,0.3322,0.3188
2025-07-08,777180,0.2992,0.3437,0.2080,0.2173,0.3340,0.3630,0.3140,0.2984,3,3,0.3174,0.3326,0.3195,0.3190
2025-07-08,777185,0.3505,0.3448,0.1803,0.1455,0.3491,0.3438,0.2918,0.3152,3,3,0.3425,0.3710,0.3128,0.3301
2025-07-08,777186,0.3548,0.3421,0.2186,0.2458,0.3600,0.3326,0.2968,0.3405,3,3,0.3220,0.3305,0.3283,0.3252
2025-07-08,777187,0.3386,0.3640,0.2306,0.2244,0.3483,0.3774,0.3157,0.2878,3,3,0.3248,0.3161,0.3274,0.3298
2025-07-08,777188,0.3564,0.3191,0.1620,0.2055,0.3258,0.3197,0.3189,0.3274,3,3,0.3246,0.3300,0.3341,0.3199
2025-07-08,777189,0.3496,0.3304,0.2247,0.2439,0.3292,0.3265,0.3155,0.3273,3,3,0.3477,0.3174,0.3498,0.3243
2025-07-08,777190,0.3559,0.3302,0.2199,0.2305,0.3541,0.3299,0.3181,0.3045,3,3,0.3382,0.3443,0.3299,0.3232
2025-07-08,777191,0.3366,0.3245,0.2160,0.1557,0.3441,0.3140,0.3021,0.3371,3,3,0.3249,0.3432,0.3147,0.3372
2025-07-08,777192,0.3117,0.3162,0.1758,0.2211,0.3150,0.3094,0.2862,0.3093,3,3,0.3230,0.3101,0.2975,0.3250
2025-07-08,777193,0.3730,0.3111,0.1807,0.1850,0.3646,0.3031,0.3094,0.3210,3,3,0.4188,0.2914,0.3314,0.3274
2025-07-08,777194,0.3156,0.3521,0.2347,0.1718,0.3050,0.3329,0.3048,0.3057,3,3,0.2997,0.3405,0.3329,0.3342
2025-07-08,777195,0.3447,0.3391,0.1963,0.2196,0.3372,0.3190,0.3047,0.3048,3,3,0.3446,0.3328,0.3172,0.3157
2025-07-08,777196,0.3099,0.2964,0.2065,0.2501,0.3385,0.3346,0.3181,0.3303,3,3,0.3299,0.2853,0.3115,0.3106
2025-07-08,777197,0.3212,0.2864,0.1902,0.2097,0.3299,0.2992,0.3035,0.2911,3,3,0.2905,0.2842,0.3399,0.3119
2025-07-08,777198,0.3742,0.3330,0.1926,0.2399,0.3513,0.3612,0.3303,0.3128,3,3,0.3322,0.3078,0.3204,0.3381
2025-07-09,777162,0.3514,0.3447,0.1799,0.1461,0.3500,0.3427,0.3124,0.3221,3,3,0.3443,0.3706,0.3259,0.3398
2025-07-09,777163,0.3501,0.3110,0.2341,0.2443,0.3494,0.3113,0.3224,0.3097,3,3,0.3067,0.3306,0.3291,0.3122
2025-07-09,777171,0.3427,0.3426,0.1844,0.2182,0.3501,0.3625,0.3224,0.3261,3,3,0.3178,0.3310,0.2998,0.3400
2025-07-09,777172,0.3515,0.3121,0.1556,0.1913,0.3366,0.3156,0.3097,0.3003,3,3,0.3229,0.3073,0.3255,0.2973
2025-07-09,777173,0.3558,0.3132,0.2209,0.2151,0.3534,0.3073,0.3179,0.3039,3,3,0.3381,0.2881,0.3296,0.3261
2025-07-09,777174,0.3102,0.3124,0.1469,0.1913,0.3099,0.3086,0.3020,0.3181,3,3,0.3213,0.3179,0.3087,0.3265
2025-07-09,777175,0.3721,0.3109,0.1824,0.1845,0.3464,0.3016,0.3228,0.2880,3,3,0.4200,0.2908,0.3421,0.3200
2025-07-09,777176,0.3536,0.3412,0.2496,0.2646,0.3305,0.3267,0.3254,0.3499,3,3,0.3599,0.3185,0.3471,0.3300
2025-07-09,777177,0.3243,0.3513,0.2355,0.1726,0.3127,0.3335,0.2743,0.3210,3,3,0.3018,0.3395,0.3353,0.3339
2025-07-09,777178,0.3362,0.3329,0.2165,0.1887,0.3433,0.3354,0.3033,0.3087,3,3,0.3253,0.3439,0.3149,0.3154
2025-07-09,777179,0.3183,0.3177,0.2370,0.2449,0.3018,0.3323,0.3273,0.3592,3,3,0.3292,0.3265,0.3159,0.3199
2025-07-09,777181,0.3746,0.3334,0.1930,0.2402,0.3497,0.3602,0.3578,0.3287,3,3,0.3323,0.3102,0.3395,0.3384
2025-07-09,777182,0.3442,0.3361,0.1962,0.2011,0.3354,0.3162,0.3013,0.3236,3,3,0.3439,0.3339,0.3055,0.3348
2025-07-09,777183,0.3264,0.3095,0.2004,0.2353,0.3176,0.3006,0.2964,0.3370,3,3,0.2971,0.2963,0.3369,0.3096
2025-07-09,777184,0.3388,0.3634,0.2298,0.2253,0.3472,0.3784,,0.3242,3,3,0.3242,0.3149,0.3272,0.3323
2025-07-10,777156,0.3562,0.3403,0.2476,0.2661,0.3357,0.3263,0.3179,0.3156,3,3,0.3669,0.3182,0.3317,0.3157
2025-07-10,777158,0.3516,0.3323,0.1802,0.2023,0.3480,0.3446,0.3822,0.3210,3,3,0.3436,0.3708,0.3368,0.3094
2025-07-10,777159,0.2986,0.3104,0.2067,0.2250,0.3343,0.3323,0.3390,0.3417,3,3,0.3181,0.3302,0.2984,0.3256
2025-07-10,777164,0.3255,0.2977,0.1653,0.1978,0.3054,0.3181,0.3239,0.3317,3,3,0.3211,0.3059,0.3083,0.3155
2025-07-10,777165,0.3746,0.3252,0.1930,0.2557,0.3497,0.3235,0.3302,0.3214,3,3,0.3323,0.3102,0.3400,0.3016
2025-07-10,777166,0.3555,0.3122,0.2209,0.2159,0.3519,0.3060,0.3290,0.3520,3,3,0.3377,0.3240,0.3294,0.3293
2025-07-10,777167,0.3469,0.3247,0.2061,0.1550,0.3372,0.3131,0.3397,0.3132,3,3,0.3252,0.3437,0.3156,0.3117
2025-07-10,777168,0.3224,0.3095,0.1776,0.2342,0.3216,0.3016,0.3119,0.3370,3,3,0.2970,0.2968,0.3081,0.2957
2025-07-10,777169,0.3379,0.3761,0.2303,0.2346,0.3468,0.3741,0.3350,0.2801,3,3,0.3239,0.3345,0.3286,0.3277
2025-07-10,777170,0.3455,0.3137,0.1951,0.2312,0.3383,0.3262,0.3289,0.3126,3,3,0.3438,0.3279,0.3155,0.3227
2025-07-11,777139,0.3560,0.3454,0.2181,0.1457,0.3588,0.3423,0.3123,0.2895,3,3,0.3205,0.3733,0.3288,0.3110
2025-07-11,777143,0.3566,0.3344,0.2306,0.2421,0.3614,0.3316,0.3077,0.3282,3,3,0.4197,0.3073,0.3496,0.3346
2025-07-11,777146,0.3255,0.3179,0.1653,0.2050,0.3054,0.3214,0.3334,0.3190,3,3,0.3211,0.3288,0.2841,0.3198
2025-07-11,777147,0.3330,0.3246,0.2369,0.1546,0.3332,0.3133,0.3115,0.3156,3,3,0.3638,0.3438,0.3302,0.3463
2025-07-11,777148,0.3246,0.3312,0.2354,0.2382,0.3141,0.3236,0.2836,0.2736,3,3,0.3031,0.3449,0.3347,0.3016
2025-07-11,777149,0.3381,0.3106,0.2172,0.1850,0.3239,0.3011,0.3137,0.3333,3,3,0.3241,0.2909,0.3144,0.3275
2025-07-11,777150,0.3423,0.3436,0.1619,0.2176,0.3459,0.3624,0.3151,0.3148,3,3,0.3937,0.3315,0.3366,0.3403
2025-07-11,777151,0.3744,0.3516,0.1927,0.1732,0.3505,0.3336,0.3079,0.2968,3,3,0.3320,0.3395,0.3395,0.3361
2025-07-11,777152,0.3562,0.3184,0.1609,0.2611,0.3280,0.3096,0.3144,0.3152,3,3,0.3242,0.3177,0.3353,0.3309
2025-07-11,777153,0.3217,0.3634,0.1573,0.2235,0.3307,0.3796,0.2999,0.3237,3,3,0.3086,0.3158,0.2945,0.3487
2025-07-11,777154,0.3443,0.3191,0.1839,0.2017,0.3491,0.3051,0.3192,0.3454,3,3,0.3179,0.3181,0.3216,0.3250
2025-07-11,777155,0.3374,0.3271,0.1783,0.1802,0.3419,0.3163,0.3152,0.3003,3,3,0.3435,0.3277,0.3191,0.3167
2025-07-11,777157,0.3230,0.3349,0.1889,0.2392,0.3228,0.3594,0.3216,0.3221,3,3,0.2960,0.3089,0.3381,0.3402
2025-07-11,777160,0.3148,0.3095,0.2170,0.2348,0.3237,0.3008,0.3194,0.3391,3,3,0.3293,0.2963,0.3120,0.3093
2025-07-11,777161,0.3370,0.3368,0.2301,0.1998,0.3465,0.3159,0.2639,0.3123,3,3,0.3241,0.3337,0.3119,0.3340
2025-07-12,777126,0.3565,0.3459,0.2183,0.1458,0.3577,0.3419,0.3088,0.2600,3,3,0.3212,0.3748,0.3176,0.3114
2025-07-12,777127,0.3725,0.3338,0.1821,0.2424,0.3654,0.3298,0.3189,0.3090,3,3,0.4217,0.3076,0.2948,0.3350
2025-07-12,777131,0.3511,0.3450,0.1883,0.2163,0.3611,0.3670,0.3118,0.3203,3,3,0.3944,0.3324,0.3358,0.3384
2025-07-12,777132,0.3445,0.3202,0.1513,0.2207,0.3270,0.3077,0.3098,0.3188,3,3,0.2905,0.3168,0.3405,0.3569
2025-07-12,777134,0.3117,0.3028,0.2115,0.2406,0.3164,0.3167,0.3151,0.3212,3,3,0.3196,0.2608,0.3137,0.3061
2025-07-12,777135,0.3371,0.3115,0.2089,0.1849,0.3300,0.3032,0.3115,0.3210,3,3,0.3244,0.2919,0.3266,0.3217
2025-07-12,777136,0.3751,0.3518,0.1924,0.1727,0.3503,0.3334,0.3085,0.3167,3,3,0.3323,0.3393,0.3263,0.3359
2025-07-12,777137,0.3498,0.3206,0.1926,0.2194,0.3350,0.3150,0.2919,0.2832,3,3,0.3350,0.3176,0.3233,0.3103
2025-07-12,777138,0.3250,0.3151,0.1658,0.1848,0.3054,0.3256,0.3251,0.3064,3,3,0.3200,0.3286,0.3085,0.3289
2025-07-12,777140,0.3202,0.3101,0.2321,0.2349,0.3325,0.3021,0.3191,0.3393,3,3,0.3280,0.2959,0.3115,0.3074
2025-07-12,777141,0.3000,0.3352,0.1843,0.2397,0.3236,0.3616,0.3271,0.3263,3,3,0.2947,0.3087,0.3196,0.3406
2025-07-12,777142,0.3455,0.3700,0.1747,0.2075,0.3344,0.3674,0.2989,0.2953,3,3,0.3087,0.3350,0.3215,0.3351
2025-07-12,777144,0.3190,0.3219,0.1637,0.2273,0.3266,0.3260,0.2791,0.3015,3,3,0.3436,0.3272,0.3169,0.3153
2025-07-12,777145,0.3385,0.3262,0.2298,0.1978,0.3471,0.3100,0.3016,0.3014,3,3,0.3258,0.3316,0.3290,0.3327
2025-07-13,777113,0.3299,0.3327,0.2289,0.2388,0.3207,0.3224,0.3160,0.3250,3,3,0.3207,0.3484,0.3135,0.3069
2025-07-13,777115,0.3229,0.3463,0.1777,0.2152,0.3173,0.3693,0.3186,0.3138,3,3,0.3437,0.3334,0.3378,0.3385
2025-07-13,777116,0.3406,0.3199,0.1467,0.2208,0.3365,0.3063,0.3176,0.3289,3,3,0.2897,0.3176,0.3385,0.3561
2025-07-13,777117,0.3568,0.3454,0.2181,0.1463,0.3582,0.3408,0.3015,0.2903,3,3,0.3870,0.3739,0.3265,0.3360
2025-07-13,777118,0.3541,0.3424,0.2182,0.1612,0.3404,0.3216,0.3013,0.3182,3,3,0.3414,0.3447,0.3360,0.3193
2025-07-13,777119,0.3718,0.3402,0.1827,0.2462,0.3472,0.3292,0.2930,0.2946,3,3,0.4201,0.3267,0.3487,0.3112
2025-07-13,777120,0.3249,0.3236,0.1667,0.2055,0.3044,0.3181,0.3137,0.3140,3,3,0.3193,0.3046,0.3083,0.3137
2025-07-13,777121,0.3401,0.3215,0.2293,0.2359,0.3473,0.3345,0.3085,0.2901,3,3,0.3274,0.2806,0.3283,0.3237
2025-07-13,777122,0.3587,0.3705,0.2239,0.2070,0.3414,0.3683,0.3127,0.3014,3,3,0.3486,0.3342,0.3220,0.3339
2025-07-13,777123,0.3149,0.3246,0.2012,0.2245,0.3055,0.3197,0.3047,0.3382,3,3,0.3153,0.3024,0.3154,0.3096
2025-07-13,777124,0.3686,0.3518,0.2090,0.1731,0.3514,0.3327,0.3030,0.3028,3,3,0.3536,0.3393,0.3496,0.3356
2025-07-13,777125,0.3432,0.3196,0.1850,0.2011,0.3502,0.3081,0.2895,0.2835,3,3,0.3160,0.3172,0.3231,0.3244
2025-07-13,777128,0.3166,0.3115,0.2417,0.2334,0.3009,0.3034,0.3044,0.3375,3,3,0.3279,0.2969,0.3164,0.3055
2025-07-13,777129,0.3194,0.3064,0.2061,0.2386,0.3203,0.3331,0.3043,0.2926,3,3,0.2861,0.3075,0.3106,0.3071
2025-07-13,777130,0.3384,0.3307,0.1728,0.2045,0.3392,0.3309,0.3268,0.3049,3,3,0.3018,0.3267,0.3073,0.3109
2025-07-18,777098,0.3411,0.3421,0.2262,0.1860,0.3234,0.3496,0.3366,0.3109,3,3,0.3416,0.3151,0.3116,0.3078
2025-07-18,777099,0.3190,0.3406,0.2017,0.2292,0.3090,0.3492,0.2952,0.2963,3,3,0.3167,0.3276,0.3239,0.3140
2025-07-18,777100,0.3425,0.3251,0.1605,0.1764,0.3238,0.3237,0.3362,0.3047,3,3,0.3440,0.3425,0.3268,0.3376
2025-07-18,777101,0.3310,0.3589,0.2029,0.2246,0.3305,0.3443,0.3385,0.3248,3,3,0.3271,0.3498,0.3118,0.3231
2025-07-18,777102,0.3323,0.3066,0.2284,0.2624,0.3304,0.2834,0.3363,0.3259,3,3,0.3489,0.3111,0.3227,0.3125
2025-07-18,777103,0.3181,0.3715,0.2005,0.1834,0.3090,0.3661,0.2874,0.3146,3,3,0.3114,0.4215,0.3286,0.3478
2025-07-18,777105,0.3199,0.3023,0.2204,0.1973,0.3051,0.3037,0.3284,0.3264,3,3,0.3182,0.2656,0.3570,0.3142
2025-07-18,777106,0.3467,0.3567,0.2150,0.2189,0.3705,0.3577,0.3055,0.3123,3,3,0.3340,0.3212,0.3384,0.3277
2025-07-18,777107,0.3063,0.3107,0.2071,0.2508,0.3150,0.3105,0.3275,0.3257,3,3,0.3037,0.3044,0.3054,0.3135
2025-07-18,777108,0.3255,0.3536,0.2228,0.1640,0.3225,0.3282,0.3055,0.3213,3,3,0.2845,0.3207,0.3333,0.3350
2025-07-18,777109,0.3517,0.3057,0.1727,0.2117,0.3323,0.3127,0.3281,0.3062,3,3,0.3392,0.2950,0.3026,0.3165
2025-07-18,777110,0.3176,0.3097,0.2425,0.2183,0.3526,0.3196,0.3080,0.3213,3,3,0.3069,0.3142,0.3415,0.3424
2025-07-18,777111,0.3114,0.3678,0.2320,0.2096,0.3035,0.3497,0.3068,0.3080,3,3,0.2991,0.3528,0.3049,0.3500
2025-07-18,777112,0.3459,0.3448,0.1459,0.2077,0.3410,0.3364,0.3025,0.3117,3,3,0.3755,0.3246,0.3297,0.3139
2025-07-18,777114,0.3721,0.3533,0.2136,0.2194,0.3797,0.3404,0.3170,0.3185,3,3,0.3412,0.3411,0.3249,0.3333
2025-07-19,777080,0.3327,0.3143,0.2376,0.2170,0.3211,0.3219,0.3642,0.3206,3,3,0.3494,0.3274,0.3236,0.3147
2025-07-19,777081,0.3207,0.3250,0.1954,0.1766,0.3272,0.3242,0.3181,0.3021,3,3,0.2800,0.3414,0.2823,0.3378
2025-07-19,777085,0.3177,0.3785,0.2009,0.2064,0.3080,0.3692,0.3057,0.3021,3,3,0.3107,0.4203,0.3278,0.3295
2025-07-19,777086,0.3106,0.3402,0.2084,0.2301,0.3139,0.3476,0.3331,0.3213,3,3,0.2987,0.3270,0.3252,0.3306
2025-07-19,777088,0.3260,0.3415,0.1987,0.1860,0.3087,0.3483,0.3380,0.3347,3,3,0.3331,0.3145,0.3333,0.3073
2025-07-19,777089,0.3467,0.3572,0.2154,0.2194,0.3695,0.3575,0.3360,0.3117,3,3,0.3339,0.3206,0.3388,0.3266
2025-07-19,777090,0.3148,0.3238,0.1836,0.2352,0.3250,0.3111,0.3243,0.3113,3,3,0.3270,0.3038,0.3163,0.3344
2025-07-19,777091,0.3461,0.3445,0.1453,0.2089,0.3412,0.3345,0.3353,0.3171,3,3,0.3744,0.3250,0.3120,0.3134
2025-07-19,777092,0.3128,0.3740,0.2329,0.1937,0.3017,0.3495,0.3122,0.3034,3,3,0.3005,0.3316,0.2986,0.3390
2025-07-19,777093,0.3509,0.3234,0.1733,0.1868,0.3337,0.3248,0.3418,0.3099,3,3,0.3376,0.2958,0.3358,0.3436
2025-07-19,777094,0.3267,0.3536,0.2207,0.1629,0.3241,0.3273,0.2984,0.3073,3,3,0.3261,0.3203,0.3327,0.3342
2025-07-19,777095,0.3336,0.3075,0.2397,0.1869,0.3610,0.3169,0.3225,0.3149,3,3,0.3062,0.3014,0.3414,0.3204
2025-07-19,777096,0.3301,0.3590,0.2135,0.2243,0.3351,0.3477,0.2952,0.3256,3,3,0.3278,0.3489,0.3192,0.3252
2025-07-19,777097,0.3688,0.3536,0.2077,0.2193,0.3656,0.3411,0.3200,0.3210,3,3,0.3330,0.3407,0.3345,0.3337
2025-07-19,777104,0.3212,0.3061,0.2185,0.2037,0.3092,0.3051,0.3181,0.3387,3,3,0.3042,0.2655,0.3111,0.3083
2025-07-20,777067,0.3145,0.3398,0.2352,0.2300,0.3165,0.3465,0.2781,0.2890,3,3,0.3240,0.3261,0.3279,0.3314
2025-07-20,777070,0.3210,0.3649,0.2075,0.2068,0.3205,0.3454,0.3265,0.3245,3,3,0.3090,0.3349,0.3080,0.3062
2025-07-20,777071,0.3423,0.3358,0.1613,0.1872,0.3228,0.3184,0.3221,0.3314,3,3,0.3448,0.3431,0.3265,0.3384
2025-07-20,777072,0.3267,0.3083,0.2153,0.2663,0.3238,0.3032,0.3386,0.2829,3,3,0.3248,0.3080,0.3210,0.3198
2025-07-20,777073,0.3382,0.3457,0.2210,0.2018,0.3152,0.3286,0.3173,0.2661,3,3,0.3325,0.3280,0.3140,0.3041
2025-07-20,777074,0.3086,0.3301,0.2042,0.2274,0.3192,0.3191,0.3205,0.3168,3,3,0.3038,0.3206,0.3120,0.3335
2025-07-20,777075,0.3223,0.3461,0.2257,0.1743,0.3267,0.3410,0.3161,0.2770,3,3,0.3275,0.3091,0.3130,0.3228
2025-07-20,777076,0.3340,0.3207,0.2381,0.1564,0.3621,0.3210,0.3063,0.3236,3,3,0.3085,0.3002,0.3282,0.3153
2025-07-20,777077,0.3121,0.3438,0.1546,0.2086,0.3333,0.3329,0.3101,0.2979,3,3,0.2736,0.3240,0.3227,0.3122
2025-07-20,777078,0.3439,0.3582,0.2424,0.2192,0.3682,0.3575,0.2915,0.3141,3,3,0.3339,0.3218,0.3394,0.3240
2025-07-20,777079,0.3359,0.3425,0.2050,0.1516,0.3307,0.3253,0.3305,0.2874,3,3,0.3170,0.2878,0.3175,0.3396
2025-07-20,777082,0.3503,0.3215,0.1733,0.1742,0.3327,0.3207,0.3135,0.2750,3,3,0.3374,0.2965,0.3361,0.3351
2025-07-20,777083,0.3715,0.3524,0.2121,0.2197,0.3775,0.3391,0.3174,0.3366,3,3,0.3412,0.3395,0.3356,0.3229
2025-07-20,777084,0.3229,0.3031,0.2193,0.1976,0.3072,0.3029,0.3210,0.3193,3,3,0.3179,0.2669,0.3458,0.3135
2025-07-20,777087,0.3121,0.3730,0.2326,0.1951,0.3007,0.3489,0.3200,0.3070,3,3,0.2989,0.3316,0.3085,0.3409
2025-07-21,777050,0.3257,0.3392,0.2101,0.2302,0.3111,0.3456,0.3032,0.3077,3,3,0.3119,0.3258,0.3087,0.3317
2025-07-21,777051,0.3192,0.3714,0.2265,0.1830,0.3088,0.3450,0.3045,0.3221,3,3,0.3487,0.3346,0.3231,0.3272
2025-07-21,777053,0.3483,0.3083,0.1994,0.2598,0.3422,0.3131,0.3372,0.3114,3,3,0.3438,0.3093,0.2824,0.3151
2025-07-21,777055,0.3195,0.3496,0.2081,0.1878,0.3122,0.3599,0.3213,0.3164,3,3,0.3232,0.3928,0.3193,0.3393
2025-07-21,777057,0.3222,0.3369,0.2201,0.1963,0.3052,0.3285,0.3333,0.3065,3,3,0.3163,0.3008,0.3445,0.3200
2025-07-21,777059,0.3037,0.3372,0.2185,0.1732,0.3331,0.3401,0.3114,0.3290,3,3,0.2930,0.2977,0.3197,0.3157
2025-07-21,777060,0.3381,0.3292,0.2209,0.2271,0.3152,0.3182,0.2725,0.3085,3,3,0.3326,0.3191,0.3180,0.3332
2025-07-21,777061,0.3467,0.3725,0.2157,0.1953,0.3736,0.3478,0.2963,0.3362,3,3,0.3364,0.3314,0.3389,0.3319
2025-07-21,777062,0.3458,0.3238,0.1462,0.1854,0.3427,0.3255,0.2848,0.3618,3,3,0.3740,0.2967,0.3112,0.3419
2025-07-21,777063,0.3319,0.3576,0.2046,0.2202,0.3279,0.3576,0.2725,0.3336,3,3,0.3274,0.3214,0.3181,0.3257
2025-07-21,777064,0.3118,0.3360,0.2325,0.2180,0.3000,0.3225,0.3363,0.3479,3,3,0.2986,0.3236,0.3097,0.3157
2025-07-21,777065,0.3256,0.3347,0.1935,0.2108,0.3225,0.3490,0.3042,0.3007,3,3,0.3379,0.2761,0.3035,0.3363
2025-07-21,777066,0.3784,0.3428,0.2427,0.1512,0.3753,0.3254,0.3185,0.3033,3,3,0.3412,0.2870,0.3239,0.3393
2025-07-21,777068,0.3338,0.3104,0.2372,0.1488,0.3604,0.3137,0.3057,0.3633,3,3,0.3091,0.3198,0.3396,0.3070
2025-07-21,777069,0.3359,0.3539,0.2055,0.2189,0.3316,0.3396,0.3479,0.3270,3,3,0.3161,0.3390,0.3329,0.3228
2025-07-22,777035,0.3110,0.3383,0.2255,0.2303,0.3120,0.3440,0.2956,0.3065,3,3,0.3115,0.3246,0.3109,0.3305
2025-07-22,777039,0.3329,0.3723,0.2268,0.1831,0.3316,0.3479,0.2920,0.3154,3,3,0.3506,0.3340,0.3264,0.3383
2025-07-22,777040,0.3206,0.3492,0.2300,0.1878,0.3094,0.3599,0.3199,0.2967,3,3,0.3241,0.3922,0.3172,0.3401
2025-07-22,777042,0.3116,0.3371,0.2308,0.2175,0.2989,0.3239,0.3277,0.3391,3,3,0.2981,0.3229,0.3099,0.3258
2025-07-22,777043,0.3229,0.3404,0.2189,0.1864,0.3054,0.3472,0.2910,0.3259,3,3,0.3148,0.3138,0.3438,0.3064
2025-07-22,777044,0.3257,0.3276,0.1979,0.2123,0.3083,0.3159,0.3234,0.3039,3,3,0.3321,0.3207,0.3314,0.3224
2025-07-22,777045,0.3291,0.3574,0.2166,0.2199,0.3317,0.3569,0.2902,0.3189,3,3,0.3232,0.3211,0.3182,0.3249
2025-07-22,777046,0.3711,0.3525,0.2125,0.1628,0.3774,0.3294,0.3191,0.3107,3,3,0.3411,0.3163,0.3377,0.3341
2025-07-22,777047,0.3462,0.3458,0.1717,0.1745,0.3212,0.3400,0.2946,0.3166,3,3,0.3376,0.3105,0.3263,0.3226
2025-07-22,777048,0.3165,0.3363,0.1842,0.1733,0.3289,0.3391,0.3012,0.3369,3,3,0.3281,0.2950,0.3035,0.3146
2025-07-22,777049,0.3400,0.3147,0.1631,0.2178,0.3231,0.3183,0.3410,0.3259,3,3,0.3430,0.3264,0.3280,0.3153
2025-07-22,777052,0.3454,0.3235,0.1467,0.1848,0.3422,0.3261,0.3129,0.3271,3,3,0.3738,0.2969,0.3233,0.3083
2025-07-22,777054,0.3449,0.3720,0.2415,0.1947,0.3691,0.3479,0.3165,0.3251,3,3,0.3363,0.3311,0.3386,0.3248
2025-07-22,777056,0.3334,0.3119,0.2375,0.1481,0.3620,0.3174,0.3145,0.3313,3,3,0.3086,0.3221,0.3100,0.3086
2025-07-22,777058,0.3362,0.3327,0.2050,0.2105,0.3330,0.3200,0.3193,0.3173,3,3,0.3168,0.3390,0.3345,0.2954
2025-07-23,777022,0.3242,0.3512,0.2425,0.2068,0.3255,0.3392,0.2829,0.3280,3,3,0.3500,0.3330,0.3211,0.3394
2025-07-23,777024,0.3126,0.3111,0.2520,0.2363,0.3139,0.3372,0.3255,0.3042,3,3,0.3101,0.2916,0.3097,0.3249
2025-07-23,777026,0.3118,0.3339,0.2307,0.2184,0.2997,0.3389,0.3121,0.3116,3,3,0.2977,0.3223,0.3096,0.3127
2025-07-23,777027,0.3711,0.3412,0.2123,0.2107,0.3786,0.3326,0.3269,0.3006,3,3,0.3406,0.2806,0.3503,0.3381
2025-07-23,777028,0.3402,0.3147,0.1618,0.2182,0.3226,0.3227,0.3227,0.3061,3,3,0.3420,0.3256,0.3289,0.3156
2025-07-23,777029,0.3252,0.3303,0.1985,0.2273,0.3082,0.3193,0.3268,,3,3,0.3407,0.3222,0.3178,0.3312
2025-07-23,777030,0.3163,0.3368,0.1846,0.1733,0.3266,0.3370,0.3075,0.3310,3,3,0.3278,0.2969,0.3177,0.3157
2025-07-23,777031,0.3113,0.3359,0.1677,0.2501,0.3081,0.3263,0.3390,0.3211,3,3,0.2900,0.3476,0.3329,0.3360
2025-07-23,777032,0.3208,0.3492,0.2318,0.1874,0.3213,0.3594,0.3367,0.2961,3,3,0.3107,0.3925,0.3323,0.3390
2025-07-23,777033,0.3408,0.3359,0.2164,0.1955,0.3319,0.3278,0.3346,0.3015,3,3,0.3023,0.2992,0.3290,0.3086
2025-07-23,777034,0.3454,0.3714,0.2167,0.1950,0.3736,0.3464,0.3059,0.3095,3,3,0.3353,0.3304,0.3388,0.3456
2025-07-23,777036,0.3332,0.3130,0.2366,0.1473,0.3605,0.3181,0.3285,0.3178,3,3,0.3094,0.3214,0.3413,0.3082
2025-07-23,777037,0.3448,0.3237,0.1472,0.1847,0.3421,0.3255,0.3301,0.2983,3,3,0.3724,0.2967,0.3238,0.3424
2025-07-23,777038,0.3288,0.3359,0.2123,0.2173,0.3250,0.3314,0.2922,0.3309,3,3,0.3296,0.3210,0.3104,0.3238
2025-07-23,777041,0.3411,0.3483,0.2466,0.1969,0.3289,0.3250,0.3110,0.3231,3,3,0.3260,0.3405,0.2920,0.3100
2025-07-24,777018,0.3375,0.3441,0.2311,0.2170,0.3418,0.3714,0.3128,0.3356,3,3,0.3231,0.3335,0.3138,0.3133
2025-07-24,777019,0.3334,0.3132,0.2361,0.1474,0.3608,0.3176,0.3175,0.3252,3,3,0.3102,0.3227,0.3299,0.3063
2025-07-24,777021,0.3372,0.3119,0.1940,0.2432,0.3285,0.3235,0.3013,0.2951,3,3,0.3163,0.2785,0.3187,0.3257
2025-07-24,777023,0.3444,0.3175,0.1469,0.1994,0.3409,0.3296,0.3036,0.3059,3,3,0.3715,0.3414,0.3371,0.3281
2025-07-24,777025,0.3404,0.3146,0.2574,0.2041,0.3377,0.3181,0.3191,0.3264,3,3,0.3029,0.3110,0.3020,0.3238
2025-07-25,777004,0.3718,0.3414,0.1948,0.2471,0.3481,0.3287,0.3144,0.3051,3,3,0.3316,0.3256,0.3413,0.3227
2025-07-25,777005,0.3452,0.3196,0.1468,0.1991,0.3414,0.3294,0.3304,0.3039,3,3,0.3722,0.3439,0.3367,0.3291
2025-07-25,777006,0.3371,0.3444,0.2313,0.2157,0.3426,0.3705,0.3117,0.2784,3,3,0.3218,0.3333,0.3345,0.3388
2025-07-25,777007,0.3164,0.3194,0.2630,0.2605,0.3250,0.3188,0.3276,0.3169,3,3,0.3106,0.3208,0.3288,0.3212
2025-07-25,777008,0.3247,0.3240,0.1973,0.2129,0.3335,0.3092,0.3031,0.3342,3,3,0.2972,0.3122,0.3415,0.3102
2025-07-25,777009,0.3541,0.2991,0.2198,0.2189,0.3390,0.3136,0.3070,0.3174,3,3,0.3392,0.3185,0.3463,0.3075
2025-07-25,777010,0.3144,0.3495,0.1465,0.1730,0.3183,0.3328,0.3071,0.3249,3,3,0.3236,0.3370,0.3079,0.3387
2025-07-25,777011,0.3424,0.3312,0.2094,0.2295,0.3335,0.3279,0.3365,0.3047,3,3,0.3221,0.3490,0.3156,0.3317
2025-07-25,777012,0.3798,0.3292,0.2070,0.2134,0.3691,0.3246,0.3262,0.3143,3,3,0.4246,0.3264,0.3090,0.3094
2025-07-25,777013,0.3391,0.3117,0.1728,0.2303,0.3408,0.2992,0.3042,0.3222,3,3,0.3023,0.2981,0.3164,0.3106
2025-07-25,777014,0.3520,0.3230,0.1779,0.2365,0.3495,0.3216,0.3197,0.3172,3,3,0.3426,0.3000,0.3231,0.3310
2025-07-25,777015,0.3573,0.3710,0.2196,0.2115,0.3605,0.3774,0.3233,0.3334,3,3,0.3203,0.3401,0.3245,0.3368
2025-07-25,777016,0.3537,0.3376,0.1616,0.2319,0.3267,0.3188,0.3229,0.3289,3,3,0.3176,0.3344,0.3342,0.3143
2025-07-25,777017,0.3418,0.3103,0.2062,0.2023,0.3441,0.3234,0.3279,0.2959,3,3,0.3477,0.3069,0.3070,0.2988
2025-07-25,777020,0.3149,0.3261,0.2178,0.2500,0.3228,0.3261,0.3138,0.3343,3,3,0.3254,0.3089,0.3045,0.3180
2025-07-26,776985,0.3721,0.3412,0.1956,0.2467,0.3491,0.3286,0.2987,0.3188,3,3,0.3314,0.3260,0.3460,0.3124
2025-07-26,776990,0.3144,0.3495,0.1465,0.1730,0.3184,0.3328,0.2855,0.2979,3,3,0.3236,0.3370,0.3021,0.3387
2025-07-26,776991,0.3498,0.3106,0.2663,0.2230,0.3317,0.3111,0.2888,0.3093,3,3,0.3132,0.3219,0.3303,0.3247
2025-07-26,776992,0.3456,0.3423,0.1466,0.1603,0.3412,0.3220,0.3163,0.3634,3,3,0.3727,0.3436,0.3370,0.3299
2025-07-26,776993,0.3538,0.3405,0.2211,0.1851,0.3388,0.3463,0.3335,0.3193,3,3,0.3403,0.3126,0.3470,0.3044
2025-07-26,776994,0.3582,0.3170,0.2236,0.1842,0.3502,0.3248,0.3138,0.3181,3,3,0.3483,0.3292,0.3224,0.3227
2025-07-26,776995,0.3371,0.3434,0.2315,0.2167,0.3440,0.3712,0.3268,0.2968,3,3,0.3210,0.3330,0.3338,0.3382
2025-07-26,776996,0.3231,0.3117,0.1756,0.1855,0.3258,0.2982,0.3316,0.3177,3,3,0.2952,0.2922,0.2981,0.3256
2025-07-26,776997,0.3418,0.3276,0.2104,0.2166,0.3328,0.3246,0.2886,0.3346,3,3,0.3210,0.3241,0.3152,0.3133
2025-07-26,776998,0.3736,0.3139,0.2295,0.2161,0.3510,0.3320,0.2793,0.3117,3,3,0.4237,0.2796,0.3400,0.2964
2025-07-26,776999,0.3162,0.3331,0.2235,0.2345,0.3165,0.3595,0.3239,0.3616,3,3,0.3259,0.3102,0.2894,0.3246
2025-07-26,777000,0.3204,0.3112,0.2092,0.2298,0.3241,0.2988,0.3004,0.3062,3,3,0.3433,0.2981,0.3303,0.3017
2025-07-26,777001,0.3587,0.3298,0.2194,0.2006,0.3604,0.3244,0.3371,0.2974,3,3,0.3222,0.3398,0.3216,0.3372
2025-07-26,777002,0.3500,0.3310,0.1866,0.2269,0.3613,0.3215,0.3340,0.3217,3,3,0.3939,0.3248,0.3198,0.3240
2025-07-26,777003,0.3443,0.3335,0.2096,0.2366,0.3299,0.3272,0.2655,0.3201,3,3,0.2875,0.3402,0.3111,0.3210
2025-07-27,776974,0.3715,0.3367,0.1956,0.2041,0.3495,0.3326,0.3088,0.3043,3,3,0.3312,0.3187,0.3316,0.3368
2025-07-27,776975,0.3151,0.3497,0.1464,0.1729,0.3190,0.3304,0.3010,0.3105,3,3,0.3253,0.3365,0.3086,0.3378
2025-07-27,776976,0.3408,0.3170,0.2487,0.2058,0.3316,0.3177,0.3093,0.3245,3,3,0.3412,0.3182,0.3114,0.3080
2025-07-27,776977,0.3376,0.3431,0.2313,0.2164,0.3445,0.3696,0.3197,0.2798,3,3,0.3203,0.3330,0.3342,0.3389
2025-07-27,776978,0.2879,0.3034,0.1850,0.2210,0.3164,0.3076,0.3016,0.2979,3,3,0.2958,0.3123,0.3426,0.3148
2025-07-27,776979,0.3423,0.3275,0.2107,0.2160,0.3343,0.3244,0.3213,0.3360,3,3,0.3211,0.3237,0.3149,0.3224
2025-07-27,776980,0.3129,0.3155,0.1534,0.1998,0.3329,0.3250,0.3248,0.3182,3,3,0.2734,0.2651,0.3370,0.2944
2025-07-27,776981,0.3532,0.2932,0.2196,0.2133,0.3395,0.3318,0.3335,0.3491,3,3,0.3391,0.3123,0.3452,0.3263
2025-07-27,776982,0.3390,0.3117,0.1734,0.2284,0.3407,0.2972,0.3352,0.2991,3,3,0.3044,0.2990,0.3145,0.3012
2025-07-27,776983,0.3645,0.3306,0.2087,0.2113,0.3492,0.3265,0.3298,0.3294,3,3,0.3310,0.3356,0.3390,0.3103
2025-07-27,776984,0.3513,0.3270,0.1768,0.2142,0.3480,0.3164,0.2812,0.3234,3,3,0.3410,0.3242,0.3212,0.3242
2025-07-27,776986,0.3151,0.3410,0.2164,0.2386,0.3064,0.3366,0.3389,0.3362,3,3,0.3260,0.3365,0.2908,0.3231
2025-07-27,776987,0.3552,0.3272,0.1615,0.1986,0.3260,0.3233,0.3053,0.3080,3,3,0.3182,0.3296,0.3331,0.3293
2025-07-27,776988,0.3591,0.3300,0.2190,0.2006,0.3596,0.3257,0.2945,0.2704,3,3,0.3219,0.3408,0.3259,0.3361
2025-07-27,776989,0.3582,0.3174,0.2243,0.1841,0.3494,0.3249,0.2979,0.3305,3,3,0.3482,0.3287,0.3222,0.3034
2025-07-28,776957,0.3417,0.3379,0.2524,0.2773,0.3371,0.3430,0.3234,0.3085,3,3,0.3341,0.2793,0.3316,0.3302
2025-07-28,776958,0.3412,0.3435,0.1849,0.2168,0.3475,0.3683,0.3390,0.2863,3,3,0.3143,0.3325,0.3260,0.3380
2025-07-28,776959,0.3710,0.3464,0.1960,0.1453,0.3486,0.3422,0.3076,0.3189,3,3,0.3311,0.3724,0.3404,0.3361
2025-07-28,776960,0.3248,0.3146,0.1979,0.1781,0.3362,0.3143,0.3069,0.3229,3,3,0.2974,0.3441,0.3208,0.3293
2025-07-28,776961,0.3299,0.3177,0.2128,0.2193,0.3137,0.3247,0.3174,0.3213,3,3,0.3333,0.2954,0.3079,0.3086
2025-07-28,776964,0.3169,0.3417,0.2140,0.2458,0.3097,0.3298,,0.3044,3,3,0.3073,0.3260,0.3132,0.3305
2025-07-28,776965,0.3573,0.3108,0.2257,0.1851,0.3493,0.2962,0.3016,0.2937,3,3,0.3463,0.2911,0.3227,0.3269
2025-07-28,776966,0.3390,0.3325,0.1826,0.2329,0.3304,0.3588,0.3072,0.3240,3,3,0.3166,0.3093,0.3328,0.3401
2025-07-28,776967,0.3500,0.3116,0.2242,0.2288,0.3452,0.2996,0.3231,0.2825,3,3,0.3307,0.3002,0.3386,0.3109
2025-07-28,776968,0.3137,0.3143,0.2188,0.1474,0.3194,0.3207,0.3228,0.3454,3,3,0.3240,0.3242,0.2899,0.3085
2025-07-28,776969,0.3201,0.3108,0.1827,0.1973,0.3043,0.3140,0.2957,0.3222,3,3,0.3230,0.2995,0.3257,0.3135
2025-07-28,776970,0.3342,0.3224,0.2022,0.1912,0.3433,0.3349,0.3112,0.2987,3,3,0.2910,0.3389,0.3134,0.3354
2025-07-28,776971,0.3526,0.3495,0.2196,0.1728,0.3382,0.3307,0.3193,0.3119,3,3,0.3382,0.3363,0.3318,0.3018
2025-07-28,776972,0.3586,0.3139,0.2191,0.1889,0.3583,0.3174,0.3364,0.2870,3,3,0.3209,0.3092,0.3252,0.3085
2025-07-28,776973,0.3506,0.3272,0.1771,0.1990,0.3473,0.3227,0.3300,0.3238,3,3,0.3398,0.3118,0.2935,0.3284
2025-07-29,776943,0.3308,0.3423,0.2266,0.2448,0.3206,0.3297,0.3223,0.3251,3,3,0.3246,0.3264,0.3292,0.3136
2025-07-29,776944,0.3372,0.3491,0.2321,0.2656,0.3429,0.3303,0.3250,0.3358,3,3,0.3202,0.3137,0.3339,0.3297
2025-07-29,776945,0.3129,0.3424,0.2109,0.2190,0.3089,0.3662,0.3131,0.3321,3,3,0.2969,0.3316,0.3086,0.3380
2025-07-29,776946,0.3255,0.3274,0.1971,0.1719,0.3361,0.3240,0.3075,0.3298,3,3,0.2979,0.2980,0.3425,0.3290
2025-07-29,776947,0.3195,0.3464,0.2034,0.1453,0.3264,0.3423,0.3172,0.3053,3,3,0.3303,0.3717,0.3409,0.3365
2025-07-29,776949,0.3247,0.3420,0.2023,0.2235,0.3415,0.3291,0.3009,0.3126,3,3,0.2879,0.3387,0.3094,0.3264
2025-07-29,776950,0.3418,0.3160,0.2124,0.2316,0.3340,0.3121,0.3347,0.3026,3,3,0.3225,0.3154,0.3158,0.3062
2025-07-29,776951,0.2918,0.3251,0.2576,0.1631,0.3229,0.3115,0.3304,0.3154,3,3,0.2612,0.3240,0.3139,0.2993
2025-07-29,776952,0.3582,0.3129,0.2196,0.2001,0.3568,0.3293,0.3314,0.3268,3,3,0.3196,0.3070,0.3248,0.3008
2025-07-29,776953,0.3504,0.3188,0.1767,0.2273,0.3469,0.3169,0.3003,0.3227,3,3,0.3400,0.2919,0.2918,0.3275
2025-07-29,776954,0.3316,0.3111,0.2106,0.2055,0.3264,0.3086,,0.3363,3,3,0.3381,0.3216,0.3126,0.3147
2025-07-29,776955,0.3319,0.3371,0.2112,0.1972,0.3185,0.3279,0.3196,0.3363,3,3,0.3373,0.3007,0.3316,0.3387
2025-07-29,776956,0.3227,0.3016,0.2184,0.2007,0.3253,0.3050,0.2966,0.3373,3,3,0.3237,0.2917,0.3105,0.3284
2025-07-29,776962,0.3496,0.3346,0.1553,0.2552,0.3338,0.3646,0.3150,0.2993,3,3,0.3183,0.3069,0.3082,0.3325
2025-07-29,776963,0.3712,0.3150,0.1847,0.2676,0.3488,0.3059,0.3043,0.2800,3,3,0.3312,0.3115,0.3453,0.2973
2025-07-30,776929,0.3570,0.3072,0.2249,0.1969,0.3484,0.3093,0.3042,0.2998,3,3,0.3463,0.2910,0.3229,0.3125
2025-07-30,776930,0.3370,0.3490,0.2328,0.2659,0.3438,0.3307,0.3172,0.2915,3,3,0.3205,0.3129,0.3331,0.3297
2025-07-30,776931,0.3296,0.3467,0.2234,0.1453,0.3268,0.3421,0.3200,0.3057,3,3,0.3299,0.3717,0.3407,0.3374
2025-07-30,776932,0.3416,0.3430,0.1839,0.2191,0.3476,0.3665,0.3118,0.2938,3,3,0.3143,0.3325,0.3181,0.3375
2025-07-30,776933,0.3306,0.3426,0.2267,0.2445,0.3202,0.3304,0.3133,0.3168,3,3,0.3255,0.3275,0.3274,0.3096
2025-07-30,776934,0.3251,0.3426,0.1963,0.1605,0.3358,0.3195,0.3309,0.3329,3,3,0.2976,0.3439,0.3434,0.3290
2025-07-30,776935,0.3244,0.3047,0.2144,0.2183,0.3256,0.3108,0.3327,0.3329,3,3,0.3394,0.2988,0.3056,0.3203
2025-07-30,776936,0.3459,0.3335,0.2229,0.1966,0.3264,0.3176,0.3217,0.3159,3,3,0.3393,0.3182,0.3130,0.3518
2025-07-30,776937,0.3358,0.3219,0.2236,0.2010,0.3299,0.3082,0.3551,0.3059,3,3,0.3064,0.3101,0.3158,0.3196
2025-07-30,776938,0.3233,0.3289,0.2057,0.2016,0.3186,0.3231,0.3071,0.3221,3,3,0.2907,0.3380,0.3249,0.3338
2025-07-30,776939,0.3587,0.3201,0.2193,0.2073,0.3567,0.3224,0.3156,0.3323,3,3,0.3193,0.3276,0.3205,0.3178
2025-07-30,776940,0.3501,0.3223,0.1766,0.2082,0.3484,0.3086,0.3356,0.3157,3,3,0.3397,0.2948,0.3247,0.3288
2025-07-30,776941,0.3704,0.3061,0.1862,0.2506,0.3471,0.2968,0.3023,0.3076,3,3,0.3316,0.2858,0.3453,0.3070
2025-07-30,776942,0.3119,0.3134,0.2206,0.1472,0.3216,0.3193,0.3200,0.3376,3,3,0.3230,0.3237,0.3156,0.3106
2025-07-30,776948,0.3240,0.3342,0.1841,0.2319,0.3317,0.3608,0.3125,0.3290,3,3,0.2898,0.3068,0.3318,0.3399
2025-07-31,776923,0.3416,0.3408,0.1845,0.2534,0.3471,0.3363,0.3021,0.3259,3,3,0.3141,0.3321,0.3078,0.3356
2025-07-31,776927,0.3120,0.3360,0.2305,0.1971,0.3138,0.3231,0.3392,0.3050,3,3,0.2847,0.3595,0.3063,0.3325
2025-07-31,776928,0.3453,0.3097,0.2222,0.2559,0.3251,0.2946,0.2998,0.3239,3,3,0.3395,0.2943,0.3362,0.3069
2025-08-01,776906,0.3419,0.3471,0.1606,0.1453,0.3195,0.3427,0.2989,0.3187,3,3,0.3442,0.3718,0.3282,0.3372
2025-08-01,776908,0.3408,0.3406,0.1857,0.2527,0.3468,0.3364,0.2859,0.3356,3,3,0.3127,0.3325,0.3037,0.3131
2025-08-01,776913,0.3363,0.3436,0.2023,0.2341,0.3338,0.3486,0.2972,0.3032,3,3,0.3382,0.3186,0.3285,0.3240
2025-08-01,776914,0.3503,0.3480,0.1761,0.2671,0.3489,0.3302,0.3091,0.3118,3,3,0.3912,0.3117,0.3032,0.3284
2025-08-01,776915,0.3343,0.3460,0.2313,0.1740,0.3611,0.3386,0.3161,0.3234,3,3,0.3065,0.3112,0.3270,0.3224
2025-08-01,776916,0.3104,0.3301,0.1990,0.2166,0.3136,0.3467,0.3269,0.3152,3,3,0.3292,0.3321,0.3095,0.3339
2025-08-01,776917,0.3118,0.3302,0.2264,0.2342,0.3076,0.3272,0.3347,0.3166,3,3,0.2732,0.3231,0.3138,0.3241
2025-08-01,776918,0.3697,0.3335,0.1868,0.1961,0.3457,0.3264,0.3103,0.3190,3,3,0.3306,0.3433,0.3458,0.3167
2025-08-01,776919,0.3300,0.3117,0.2279,0.2203,0.3199,0.3194,0.3621,0.3249,3,3,0.3254,0.3228,0.3268,0.3128
2025-08-01,776920,0.3268,0.3354,0.1904,0.1936,0.3192,0.3349,0.3141,0.3097,3,3,0.3364,0.3158,0.3390,0.3309
2025-08-01,776921,0.3444,0.3147,0.2215,0.2536,0.3241,0.3101,0.3337,0.3412,3,3,0.3381,0.3121,0.3615,0.2995
2025-08-01,776922,0.3192,0.3357,0.2025,0.2098,0.3244,0.3254,0.3183,0.2889,3,3,0.3070,0.3475,0.3345,0.3161
2025-08-01,776924,0.3142,0.3213,0.1953,0.1592,0.3318,0.3055,0.3302,0.2870,2,3,0.3060,0.3227,0.3252,0.3107
2025-08-01,776925,0.3234,0.3240,0.2157,0.2015,0.3375,0.3209,0.3279,0.3048,3,3,0.3389,0.2993,0.3337,0.3214
2025-08-01,776926,0.3419,0.3687,0.2455,0.1989,0.3290,0.3450,0.3209,0.3003,3,3,0.3266,0.3294,0.3267,0.3370
2025-08-02,776896,0.3183,0.3474,0.1999,0.1450,0.3246,0.3418,0.3419,0.3076,3,3,0.3437,0.3727,0.3469,0.3372
2025-08-02,776897,0.3402,0.3399,0.1856,0.2534,0.3457,0.3357,0.3249,0.3127,3,3,0.3131,0.3315,0.3071,0.3357
2025-08-02,776898,0.3209,0.3298,0.2060,0.2171,0.3225,0.3474,0.3206,0.3183,3,3,0.3286,0.3323,0.3171,0.3102
2025-08-02,776899,0.3496,0.3480,0.1752,0.2653,0.3490,0.3317,0.3362,0.3228,3,3,0.3391,0.3118,0.3042,0.3278
2025-08-02,776900,0.3348,0.3324,0.1681,0.1345,0.3320,0.3239,0.3035,0.2970,3,3,0.2912,0.3137,0.3389,0.3315
2025-08-02,776901,0.3686,0.3330,0.1885,0.1961,0.3646,0.3257,0.2979,0.2960,3,3,0.3298,0.3432,0.3372,0.3006
2025-08-02,776902,0.3337,0.3412,0.2308,0.2085,0.3615,0.3468,0.2965,0.3365,3,3,0.3065,0.2983,0.3155,0.3269
2025-08-02,776903,0.3135,0.3413,0.2156,0.2128,0.3261,0.3349,0.3058,0.3017,3,3,0.2785,0.3254,0.3216,0.3149
2025-08-02,776904,0.3198,0.3111,0.2349,0.2646,0.3227,0.2919,0.3457,0.2623,3,3,0.2939,0.3107,0.3283,0.2974
2025-08-02,776905,0.3045,0.3243,0.2121,0.1614,0.3280,0.3132,0.3041,0.2931,3,3,0.2677,0.3220,0.3276,0.3118
2025-08-02,776907,0.3236,0.3107,0.2141,0.2295,0.3236,0.2987,0.3150,0.3108,3,3,0.3369,0.3001,0.3346,0.3086
2025-08-02,776909,0.3290,0.3372,0.1969,0.2147,0.3349,0.3301,0.3308,0.3187,3,3,0.3104,0.3350,0.3276,0.3119
2025-08-02,776910,0.3247,0.3306,0.2143,0.2137,0.3354,0.3341,0.3127,0.3208,3,3,0.3419,0.3001,0.3338,0.3224
2025-08-02,776911,0.3134,0.3680,0.2229,0.1986,0.3200,0.3439,0.3054,0.3216,3,3,0.3263,0.3285,0.3129,0.3404
2025-08-02,776912,0.3274,0.3579,0.1985,0.2194,0.3227,0.3553,0.2591,0.2656,3,3,0.3281,0.3178,0.3275,0.3241
2025-08-03,776881,0.3142,0.3436,0.2050,0.2509,0.3182,0.3416,0.3022,0.3233,3,3,0.3401,0.3002,0.3082,0.3279
2025-08-03,776883,0.3395,0.3396,0.1849,0.2549,0.3442,0.3343,0.3356,0.2891,3,3,0.3114,0.3327,0.3066,0.3353
2025-08-03,776884,0.3277,0.3474,0.1723,0.1446,0.3242,0.3431,0.2920,0.3055,3,3,0.2988,0.3720,0.3376,0.3374
2025-08-03,776885,0.3202,0.3416,0.2062,0.2201,0.3206,0.3636,0.3383,0.3333,3,3,0.3281,0.3316,0.3153,0.3353
2025-08-03,776886,0.3271,0.3137,0.2123,0.2166,0.3229,0.3183,0.3383,0.3050,3,3,0.3252,0.3220,0.3240,0.3116
2025-08-03,776887,0.3328,0.3564,0.2408,0.2018,0.3297,0.3472,0.3204,0.3182,3,3,0.3256,0.2947,0.3271,0.3459
2025-08-03,776888,0.3338,0.3495,0.2309,0.2006,0.3611,0.3468,0.3375,0.3132,3,3,0.3060,0.3237,0.3204,0.3228
2025-08-03,776889,0.3682,0.3325,0.1894,0.2046,0.3632,0.3194,0.3127,0.2868,3,3,0.4198,0.3430,0.3267,0.3146
2025-08-03,776890,0.3310,0.3572,0.2073,0.2202,0.3485,0.3543,0.2886,0.3272,3,3,0.3114,0.3167,0.3267,0.3243
2025-08-03,776891,0.3283,0.3315,0.2016,0.2156,0.3216,0.3359,0.3236,0.3146,3,3,0.3418,0.3000,0.3342,0.3220
2025-08-03,776892,0.2941,0.3260,0.2247,0.1608,0.3259,0.3168,0.3093,0.3412,3,3,0.3078,0.3212,0.3233,0.2968
2025-08-03,776893,0.3395,0.3347,0.2013,0.1927,0.3283,0.3345,0.2916,0.3224,3,3,0.3363,0.3145,0.3390,0.3321
2025-08-03,776894,0.3028,0.3337,0.2217,0.2287,0.3154,0.3325,0.3204,0.3136,3,3,0.3107,0.3044,0.3230,0.3026
2025-08-03,776895,0.3148,0.3333,0.2000,0.2163,0.3115,0.3291,0.3345,0.2935,3,3,0.3241,0.3264,0.3323,0.3183
2025-08-04,776867,0.3267,0.3421,0.1830,0.2198,0.3281,0.3619,0.3169,0.3130,3,3,0.3417,0.3319,0.2994,0.3054
2025-08-04,776870,0.3428,0.3684,0.1595,0.1888,0.3212,0.3641,0.2953,0.3068,3,3,0.3426,0.4195,0.2991,0.3588
2025-08-04,776871,0.3290,0.3411,0.2012,0.1997,0.3245,0.3270,0.3271,0.3039,3,3,0.3267,0.3169,0.3230,0.3187
2025-08-04,776872,0.3219,0.2949,0.1667,0.1788,0.3087,0.3168,0.3335,0.2850,3,3,0.3152,0.3244,0.3123,0.2919
2025-08-04,776873,0.3469,0.3506,0.1454,0.1738,0.3435,0.3510,0.3247,0.3150,3,3,0.3719,0.3903,0.3363,0.2987
2025-08-04,776874,0.3205,0.3370,0.2316,0.2018,0.3206,0.3322,0.3131,0.3343,3,3,0.3061,0.3296,0.3227,0.3263
2025-08-04,776875,0.3076,0.3309,0.1974,0.2168,0.3111,0.3359,0.3267,0.3273,3,3,0.3230,0.3007,0.3334,0.3225
2025-08-04,776876,0.3266,0.3677,0.1606,0.1985,0.3199,0.3441,0.3096,0.3364,3,3,0.3200,0.3293,0.3104,0.3418
2025-08-04,776877,0.3120,0.3382,0.2376,0.2116,0.3399,0.3454,0.3063,0.3378,3,3,0.3039,0.3154,0.3033,0.3163
2025-08-04,776878,0.3102,0.3453,0.2293,0.1748,0.2975,0.3367,0.3118,0.3024,3,3,0.3015,0.3106,0.3005,0.3273
2025-08-04,776879,0.3410,0.3176,0.2469,0.2039,0.3270,0.3192,,0.3225,3,3,0.3255,0.3277,0.3266,0.3187
2025-08-04,776880,0.3494,0.3150,0.1726,0.2479,0.3307,0.3403,0.3202,0.3197,3,3,0.3363,0.3361,0.3393,0.3127
2025-08-04,776882,0.3248,0.3462,0.2002,0.1973,0.3286,0.3282,0.3254,0.3192,3,3,0.3123,0.3370,0.3238,0.3206
2025-08-05,776848,0.3261,0.3419,0.1779,0.2202,0.3130,0.3599,0.3109,0.3095,3,3,0.3012,0.3312,0.3152,0.3356
2025-08-05,776852,0.3470,0.3507,0.1461,0.1734,0.3440,0.3527,0.3146,0.3180,3,3,0.3732,0.3402,0.3354,0.2999
2025-08-05,776854,0.3486,0.3142,0.1509,0.2183,0.3319,0.3177,0.3345,0.3270,3,3,0.3161,0.3235,0.3362,0.3134
2025-08-05,776855,0.3871,0.3384,0.2299,0.1849,0.3882,0.3422,0.3073,0.3235,3,3,0.3455,0.3111,0.3262,0.3225
2025-08-05,776857,0.3166,0.3319,0.2233,0.2287,0.3098,0.3458,0.2799,0.3383,3,3,0.3285,0.3097,0.3176,0.3345
2025-08-05,776858,0.3206,0.3676,0.1994,0.1897,0.3239,0.3627,0.3080,0.3317,3,3,0.2753,0.4188,0.2984,0.3480
2025-08-05,776860,0.3097,0.3549,0.2304,0.2157,0.2976,0.3538,0.2982,0.3237,3,3,0.3012,0.3453,0.2993,0.3164
2025-08-05,776861,0.3209,0.3140,0.2310,0.2192,0.3217,0.3271,0.3248,0.3243,3,3,0.3022,0.2937,0.3297,0.3123
2025-08-05,776862,0.3078,0.3306,0.1975,0.2161,0.3125,0.3349,0.3417,0.2972,3,3,0.3251,0.3011,0.3328,0.3300
2025-08-05,776863,0.3249,0.3655,0.1649,0.1931,0.3064,0.3353,0.3219,0.3302,3,3,0.3201,0.3211,0.2720,0.3487
2025-08-05,776864,0.3497,0.3314,0.1731,0.2143,0.3293,0.3339,0.2801,0.3154,3,3,0.3361,0.3308,0.3390,0.2998
2025-08-05,776865,0.3447,0.3236,0.2490,0.1990,0.3425,0.3288,0.3100,0.3380,3,3,0.3055,0.3237,0.2930,0.3149
2025-08-05,776866,0.3407,0.3264,0.2462,0.2227,0.3279,0.3214,0.3113,0.3127,3,3,0.3248,0.3285,0.3262,0.3255
2025-08-05,776868,0.3323,0.3585,0.2319,0.2200,0.3584,0.3558,0.3381,0.3149,3,3,0.3023,0.3158,0.3029,0.3238
2025-08-05,776869,0.3231,0.3473,0.1862,0.1968,0.3124,0.3303,0.3133,0.3146,3,3,0.3010,0.3384,0.3219,0.3202
2025-08-06,776836,0.3293,0.3157,0.1802,0.2146,0.3234,0.3006,0.3425,0.3162,3,3,0.3028,0.3218,0.3247,0.3165
2025-08-06,776838,0.3339,0.3503,0.1703,0.1743,0.3117,0.3533,0.3175,0.3098,3,3,0.3098,0.3899,0.3271,0.3011
2025-08-06,776839,0.3419,0.3680,0.1606,0.1878,0.3192,0.3454,0.3084,0.3193,3,3,0.3416,0.4183,0.3154,0.3465
2025-08-06,776841,0.3077,0.3398,0.2135,0.2547,0.3289,0.3331,0.2959,0.3261,3,3,0.2887,0.3334,0.3201,0.3357
2025-08-06,776843,0.3202,0.3406,0.1648,0.2219,0.3152,0.3581,0.3265,0.3096,3,3,0.2995,0.3297,0.3277,0.3359
2025-08-06,776844,0.3414,0.3268,0.2460,0.2231,0.3281,0.3208,0.3346,0.2969,3,3,0.3270,0.3299,0.3346,0.3178
2025-08-06,776845,0.3862,0.3358,0.2300,0.1903,0.3862,0.3308,0.3280,0.2998,3,3,0.3446,0.3054,0.3251,0.3194
2025-08-06,776846,0.3117,0.3817,0.1474,0.2037,0.3171,0.3664,0.3202,0.3131,3,3,0.3199,0.3441,0.3024,0.3203
2025-08-06,776847,0.3113,0.3339,0.2173,0.2084,0.3046,0.3200,0.3177,0.3009,3,3,0.3005,0.3107,0.3090,0.3211
2025-08-06,776849,0.3307,0.3292,0.1946,0.2172,0.3377,0.3346,0.3129,0.3139,3,3,0.3417,0.2999,0.3226,0.3224
2025-08-06,776850,0.3512,0.3244,0.2486,0.2600,0.3471,0.3303,,0.3127,3,3,0.3236,0.3229,0.3236,0.3162
2025-08-06,776851,0.3321,0.3576,0.2318,0.2201,0.3588,0.3548,0.2965,0.3211,3,3,0.3014,0.3149,0.3006,0.3111
2025-08-06,776853,0.3137,0.3186,0.1921,0.2111,0.3133,0.3211,0.3136,0.3287,3,3,0.2917,0.3079,0.3065,0.3487
2025-08-06,776856,0.3386,0.3241,0.1915,0.2249,0.3314,0.3360,0.3299,0.3116,3,3,0.3041,0.3428,0.3388,0.3339
2025-08-06,776859,0.3084,0.3208,0.2450,0.2058,0.3194,0.3065,0.3057,0.3196,3,3,0.2642,0.2923,0.3320,0.3262
2025-08-07,776830,0.3211,0.3254,0.2067,0.2249,0.3205,0.3241,0.2851,0.3160,3,3,0.3293,0.3332,0.3173,0.3125
2025-08-07,776837,0.3301,0.3242,0.2464,0.2587,0.3316,0.3292,0.3263,0.3068,3,3,0.3223,0.3229,0.3219,0.3079
2025-08-07,776840,0.3088,0.3271,0.2313,0.2117,0.2951,0.3253,0.2711,0.3310,3,3,0.3000,0.3294,0.3082,0.3307
2025-08-07,776842,0.3294,0.3466,0.2164,0.1979,0.3355,0.3280,0.3271,0.3092,3,3,0.3006,0.3389,0.3218,0.3481
2025-08-08,776820,0.3345,0.3367,0.2082,0.1524,0.3247,0.3253,0.2977,0.3390,3,3,0.3434,0.3726,0.3081,0.2946
2025-08-08,776821,0.3573,0.3379,0.2205,0.1855,0.3548,0.3410,0.3190,0.2785,3,3,0.3163,0.3115,0.3231,0.3186
2025-08-08,776822,0.3292,0.3414,0.2388,0.2455,0.3305,0.3291,0.3068,0.3221,3,3,0.3595,0.3267,0.3156,0.3263
2025-08-08,776823,0.3273,0.3683,0.1835,0.1886,0.3312,0.3616,0.3160,0.3111,3,3,0.2936,0.4192,0.3380,0.3602
2025-08-08,776824,0.3203,0.3399,0.1978,0.2546,0.3113,0.3321,0.3250,0.2974,3,3,0.2989,0.3327,0.3097,0.3312
2025-08-08,776825,0.3137,0.3503,0.2176,0.1743,0.3187,0.3554,0.3227,0.3371,3,3,0.3218,0.3889,0.3136,0.2999
2025-08-08,776826,0.3566,0.3515,0.2261,0.1968,0.3511,0.3382,0.3249,0.2946,3,3,0.3444,0.3415,0.3252,0.2902
2025-08-08,776827,0.3374,0.3086,0.1919,0.2430,0.3297,0.3188,0.2855,0.3224,3,3,0.3016,0.2658,0.3384,0.3282
2025-08-08,776828,0.3815,0.3150,0.2038,0.1917,0.3664,0.3137,0.2932,0.3119,3,3,0.3438,0.2924,0.3238,0.3309
2025-08-08,776829,0.3086,0.3266,0.2321,0.2233,0.2951,0.3224,0.3258,0.3140,3,3,0.3003,0.3292,0.3008,0.3206
2025-08-08,776831,0.3435,0.3311,0.2543,0.2305,0.3460,0.3573,0.3510,0.3226,3,3,0.3037,0.3009,0.3301,0.3244
2025-08-08,776832,0.3406,0.3277,0.2228,0.2096,0.3561,0.3238,0.2646,0.3144,3,3,0.3289,0.3266,0.3367,0.3126
2025-08-08,776833,0.3262,0.2958,0.1611,0.2178,0.3172,0.3195,0.3043,0.3053,3,3,0.3194,0.2853,0.3100,0.2899
2025-08-08,776834,0.3084,0.3483,0.1733,0.1970,0.3257,0.3300,0.3397,0.3360,3,3,0.3003,0.3392,0.3290,0.3480
2025-08-08,776835,0.3253,0.3855,0.1903,0.2305,0.3248,0.3850,0.3231,0.2884,3,3,0.3255,0.3447,0.3342,0.3252
2025-08-09,776802,0.3231,0.3418,0.2589,0.2451,0.3269,0.3314,0.3143,0.3206,3,3,0.3580,0.3270,0.2947,0.3135
2025-08-09,776805,0.3291,0.3406,0.2205,0.2539,0.3263,0.3324,0.3367,0.2996,3,3,0.3407,0.3336,0.3110,0.3344
2025-08-09,776807,0.3350,0.3456,0.2076,0.1466,0.3246,0.3437,0.2979,0.3292,3,3,0.3441,0.3710,0.2900,0.3358
2025-08-09,776808,0.3392,0.3685,0.1690,0.1884,0.3440,0.3621,0.2922,0.3250,3,3,0.3294,0.4185,0.3373,0.3009
2025-08-09,776809,0.3131,0.3508,0.2173,0.1746,0.3173,0.3563,0.3173,0.3424,3,3,0.3207,0.3410,0.3115,0.2994
2025-08-09,776810,0.3582,0.3346,0.2203,0.1920,0.3588,0.3288,0.2956,0.3050,3,3,0.3195,0.3019,0.3245,0.3179
2025-08-09,776811,0.3316,0.3090,0.2566,0.2403,0.3196,0.3371,0.3191,0.3053,3,3,0.3119,0.2995,0.3506,0.3260
2025-08-09,776812,0.3077,0.3257,0.2333,0.2245,0.2940,0.3222,0.3088,0.3051,3,3,0.2989,0.3269,0.2995,0.3316
2025-08-09,776813,0.3405,0.3380,0.2233,0.2334,0.3563,0.3361,0.3223,0.3091,3,3,0.3300,0.3387,0.3045,0.3146
2025-08-09,776814,0.3110,0.3079,0.1486,0.2305,0.3157,0.3187,0.3156,0.3010,3,3,0.3177,0.3197,0.2963,0.3196
2025-08-09,776815,0.3255,0.3654,0.1900,0.2081,0.3268,0.3629,0.3049,0.2931,3,3,0.3247,0.3296,0.3348,0.3340
2025-08-09,776816,0.3433,0.3193,0.1623,0.1880,0.3229,0.3446,0.3125,0.2944,3,3,0.3190,0.3050,0.3214,0.3259
2025-08-09,776817,0.3660,0.3148,0.1935,0.1924,0.3368,0.3143,0.3188,0.3056,3,3,0.3433,0.2912,0.3468,0.3298
2025-08-09,776818,0.3565,0.3213,0.2258,0.2219,0.3508,0.3365,0.3044,0.3375,3,3,0.3429,0.3318,0.2979,0.2797
2025-08-09,776819,0.3285,0.3481,0.2151,0.1968,0.3328,0.3280,0.3358,0.3404,3,3,0.3003,0.3407,0.3399,0.3476
2025-08-10,776788,0.3574,0.3681,0.1464,0.1877,0.3315,0.3443,0.2690,0.2931,3,3,0.3404,0.4199,0.3244,0.3467
2025-08-10,776789,0.3349,0.3456,0.2081,0.1465,0.3248,0.3448,0.2959,0.3195,3,3,0.3420,0.3707,0.3091,0.3367
2025-08-10,776791,0.3249,0.3415,0.1796,0.2540,0.3141,0.3346,0.2891,0.3174,3,3,0.2959,0.3333,0.3176,0.3341
2025-08-10,776793,0.3200,0.3273,0.2055,0.2758,0.3153,0.3207,0.3192,0.3172,3,3,0.3148,0.2819,0.3015,0.3133
2025-08-10,776794,0.2984,0.3104,0.2362,0.1720,0.3150,0.3167,0.3232,0.3366,3,3,0.3127,0.3012,0.3139,0.2822
2025-08-10,776795,0.3569,0.3362,0.2253,0.2105,0.3519,0.3399,0.3040,0.2980,3,3,0.3443,0.2969,0.3303,0.2723
2025-08-10,776796,0.3175,0.3184,0.1821,0.2037,0.3181,0.3404,0.3368,0.3249,3,3,0.3043,0.3078,0.3213,0.3173
2025-08-10,776797,0.3276,0.3862,0.1751,0.2286,0.3297,0.3860,0.2963,0.3213,3,3,0.3257,0.3495,0.3236,0.3244
2025-08-10,776798,0.3252,0.3199,0.1621,0.2066,0.3167,0.3199,0.3541,0.3319,3,3,0.3166,0.3268,0.3023,0.3184
2025-08-10,776799,0.3668,0.3228,0.2028,0.2090,0.3446,0.3200,0.3203,0.3055,3,3,0.3424,0.3160,0.3403,0.3212
2025-08-10,776800,0.3572,0.3380,0.2215,0.1850,0.3582,0.3420,0.3292,0.2719,3,3,0.3181,0.3120,0.3234,0.3052
2025-08-10,776801,0.3077,0.3143,0.2336,0.2368,0.2935,0.3255,0.3161,0.3224,3,3,0.2997,0.2936,0.3003,0.3247
2025-08-10,776803,0.3016,0.3560,0.2394,0.2139,0.3063,0.3410,0.3077,0.3339,3,3,0.2921,0.3413,0.3159,0.3202
2025-08-10,776804,0.3300,0.3308,0.2453,0.2307,0.3370,0.3571,0.3308,0.3171,3,3,0.3241,0.3005,0.2941,0.3249
2025-08-10,776806,0.3398,0.3371,0.2234,0.2040,0.3553,0.3280,0.3151,0.3418,3,3,0.3290,0.3292,0.3382,0.3258
2025-08-11,776779,0.3466,0.3397,0.2265,0.2230,0.3493,0.3553,0.3106,0.2849,3,3,0.4210,0.3289,0.3609,0.3055
2025-08-11,776780,0.3455,0.3417,0.1466,0.2451,0.3445,0.3313,0.3089,0.3035,3,3,0.3710,0.3265,0.3450,0.3258
2025-08-11,776781,0.3294,0.3209,0.2057,0.2061,0.3286,0.3225,0.3213,0.3334,3,3,0.3462,0.3286,0.3268,0.3231
2025-08-11,776782,0.3350,0.3290,0.2094,0.1756,0.3236,0.3332,0.3221,0.2775,3,3,0.3427,0.3258,0.3158,0.3288
2025-08-11,776783,0.3131,0.3201,0.2167,0.2114,0.3169,0.3138,0.3303,0.3326,3,3,0.3202,0.2831,0.3124,0.3288
2025-08-11,776784,0.3238,0.3378,0.2578,0.1910,0.3297,0.3332,0.3264,0.3071,3,3,0.3575,0.3040,0.3175,0.3388
2025-08-11,776785,0.3515,0.3354,0.1741,0.1917,0.3556,0.3292,0.3149,0.3164,3,3,0.3427,0.3036,0.3025,0.3274
2025-08-11,776786,0.3144,0.3227,0.2357,0.2076,0.3248,0.3194,0.3340,0.3357,3,3,0.2933,0.3146,0.3197,0.3281
2025-08-11,776787,0.3312,0.3452,0.1994,0.2650,0.3251,0.3367,0.3131,0.3055,3,3,0.3169,0.3117,0.3262,0.3306
2025-08-11,776790,0.3319,0.3717,0.2263,0.2076,0.3447,0.3769,0.3071,0.3278,3,3,0.3500,0.3483,0.3343,0.3213
2025-08-11,776792,0.3571,0.3103,0.2216,0.2202,0.3581,0.3022,0.3039,0.3349,3,3,0.3189,0.2995,0.3234,0.3026
2025-08-12,776762,0.3308,0.3488,0.1982,0.2505,0.3231,0.3505,0.3034,0.3119,3,3,0.3144,0.3588,0.3228,0.3110
2025-08-12,776763,0.3699,0.3408,0.1883,0.2224,0.3645,0.3581,0.3227,0.3090,3,3,0.4211,0.3326,0.3394,0.3192
2025-08-12,776764,0.3516,0.3355,0.1735,0.1911,0.3539,0.3287,0.3249,0.3130,3,3,0.3237,0.3034,0.3019,0.3282
2025-08-12,776767,0.3455,0.3400,0.1462,0.2361,0.3436,0.3345,0.2974,0.3116,3,3,0.3713,0.3253,0.3348,0.3084
2025-08-12,776768,0.3567,0.3498,0.2258,0.1505,0.3518,0.3331,0.3290,0.3292,3,3,0.3431,0.3169,0.3219,0.3346
2025-08-12,776769,0.3363,0.3019,0.2100,0.1840,0.3246,0.3189,0.3128,0.3302,3,3,0.3469,0.3250,0.3077,0.3296
2025-08-12,776770,0.3349,0.3434,0.2226,0.1616,0.3251,0.3226,0.3016,0.3369,3,3,0.3584,0.3209,0.3018,0.3107
2025-08-12,776771,0.3144,0.3141,0.2260,0.1912,0.3169,0.3114,0.2993,0.2701,3,3,0.3284,0.2896,0.3000,0.3089
2025-08-12,776772,0.3457,0.3207,0.2034,0.2176,0.3168,0.3279,0.3163,0.3158,2,3,0.3417,0.3417,0.3514,0.3409
2025-08-12,776773,0.3332,0.3311,0.2081,0.2301,0.3045,0.3337,0.3361,0.3063,3,3,0.3293,0.3285,0.3276,0.2971
2025-08-12,776774,0.3034,0.3712,0.2404,0.2081,0.3141,0.3767,0.2942,0.3303,3,3,0.3042,0.3478,0.3285,0.3225
2025-08-12,776775,0.2987,0.3354,0.2611,0.2218,0.3219,0.3254,0.3288,0.3335,3,3,0.2797,0.3404,0.3105,0.3129
2025-08-12,776776,0.3417,0.3314,0.2541,0.2306,0.3379,0.3574,0.3102,0.2976,3,3,0.3332,0.3020,0.3346,0.3250
2025-08-12,776777,0.3572,0.3098,0.2214,0.2200,0.3569,0.3017,0.3329,0.2947,3,3,0.3187,0.2991,0.3217,0.3012
2025-08-12,776778,0.3225,0.3241,0.1732,0.1628,0.3254,0.3154,0.3448,0.3331,3,3,0.3001,0.3162,0.3168,0.3124
2025-08-13,776746,0.3517,0.3348,0.1736,0.1918,0.3521,0.3280,0.3336,0.3214,3,3,0.3233,0.3024,0.3010,0.3172
2025-08-13,776749,0.2995,0.3106,0.1484,0.2481,0.3173,0.3334,0.3179,0.3092,3,3,0.2980,0.3237,0.3353,0.3204
2025-08-13,776751,0.3260,0.3291,0.1785,0.2312,0.3122,0.3392,0.3215,0.2999,3,3,0.2988,0.3011,0.3182,0.3129
2025-08-13,776752,0.3701,0.3406,0.1877,0.2220,0.3649,0.3581,0.3196,0.2996,3,3,0.4227,0.3320,0.3451,0.3196
2025-08-13,776753,0.3391,0.3089,0.2087,0.1577,0.3268,0.3172,0.2878,0.3321,3,3,0.3546,0.3259,0.3088,0.3247
2025-08-13,776754,0.3232,0.3352,0.2063,0.2364,0.3248,0.3482,0.3143,0.3085,3,3,0.2907,0.3430,0.3280,0.2973
2025-08-13,776755,0.3283,0.3020,0.2109,0.1969,0.3225,0.3043,0.2843,0.3074,3,3,0.3171,0.2904,0.3121,0.3304
2025-08-13,776756,0.3569,0.3668,0.2133,0.2012,0.3431,0.3453,0.3205,0.3349,3,3,0.3415,0.3416,0.3072,0.3427
2025-08-13,776757,0.3568,0.3499,0.2253,0.1495,0.3518,0.3329,0.3127,0.3194,3,3,0.3437,0.3171,0.3243,0.3338
2025-08-13,776758,0.3138,0.3063,0.2157,0.1878,0.2997,0.3172,0.3091,0.3309,3,3,0.3191,0.3407,0.3075,0.3247
2025-08-13,776759,0.3385,0.3356,0.2125,0.1664,0.3337,0.3275,0.3371,0.3223,3,3,0.3585,0.2971,0.3175,0.3394
2025-08-13,776760,0.3356,0.3712,0.2185,0.2076,0.3424,0.3774,0.3272,0.2854,3,3,0.3276,0.3463,0.3205,0.3361
2025-08-13,776761,0.3413,0.3315,0.2538,0.2308,0.3378,0.3566,0.3215,0.2845,3,3,0.3326,0.3017,0.3338,0.3237
2025-08-13,776765,0.3570,0.3104,0.2218,0.2190,0.3561,0.3004,0.2888,0.2878,3,3,0.3186,0.3002,0.3133,0.3012
2025-08-13,776766,0.3076,0.2840,0.2215,0.2434,0.3298,0.2930,0.3252,0.3022,3,3,0.2892,0.3126,0.3216,0.3169
2025-08-14,776742,0.3527,0.3136,0.1734,0.2186,0.3523,0.3126,0.3427,0.3241,3,3,0.3245,0.3206,0.3013,0.3131
2025-08-14,776743,0.3564,0.3339,0.2230,0.2391,0.3548,0.3266,0.3241,0.3039,3,3,0.3190,0.3573,0.3119,0.2873
2025-08-14,776744,0.3361,0.3253,0.2062,0.2163,0.3259,0.3416,0.3041,0.2677,3,3,0.3307,0.3035,0.3279,0.3209
2025-08-14,776745,0.3297,0.2990,0.2122,0.1944,0.3378,0.3064,0.3068,0.3351,3,3,0.3004,0.3159,0.3217,0.3043
2025-08-14,776747,0.3476,0.3322,0.1911,0.1429,0.3478,0.3285,0.3102,0.2930,3,3,0.3256,0.3082,0.3347,0.3267
2025-08-14,776748,0.3476,0.3673,0.1967,0.2011,0.3254,0.3463,0.3142,0.3596,3,3,0.3412,0.3423,0.3090,0.3429
2025-08-14,776750,0.3348,0.3319,0.2164,0.2302,0.3236,0.3561,0.3354,0.3357,3,3,0.3317,0.3023,0.3291,0.3097
2025-08-15,776727,0.3449,0.3699,0.1450,0.1870,0.3419,0.3505,0.3162,0.3265,3,3,0.3709,0.4222,0.3361,0.3343
2025-08-15,776728,0.2980,0.3384,0.2344,0.1894,0.3153,0.3327,0.3015,0.3108,3,3,0.3009,0.3042,0.3197,0.3389
2025-08-15,776729,0.3273,0.3394,0.1787,0.2456,0.3125,0.3288,0.3182,0.3102,3,3,0.3015,0.3241,0.3177,0.2929
2025-08-15,776730,0.3530,0.3003,0.1724,0.2600,0.3529,0.3175,0.3328,0.3229,3,3,0.3247,0.2763,0.3081,0.3060
2025-08-15,776731,0.3687,0.3193,0.2327,0.1776,0.3737,0.3231,0.3073,0.3169,3,3,0.3488,0.3301,0.3254,0.2894
2025-08-15,776732,0.3150,0.3158,0.2302,0.2116,0.3280,0.3295,0.3306,0.3264,3,3,0.3306,0.3267,0.3282,0.3312
2025-08-15,776733,0.3319,0.3317,0.2293,0.1939,0.3550,0.3415,0.2876,0.3193,3,3,0.3017,0.3145,0.3247,0.3291
2025-08-15,776734,0.3398,0.3241,0.2232,0.2485,0.3565,0.3332,0.2990,0.3094,3,3,0.3311,0.3225,0.3288,0.3074
2025-08-15,776735,0.3435,0.3470,0.2070,0.1985,0.3407,0.3321,0.3271,0.2861,3,3,0.3105,0.3082,0.3134,0.3119
2025-08-15,776736,0.3413,0.3673,0.2526,0.2010,0.3372,0.3462,0.3020,0.3376,3,3,0.3313,0.3436,0.3344,0.3427
2025-08-15,776737,0.3269,0.3506,0.2221,0.1992,0.3206,0.3450,0.3363,0.3107,3,3,0.3121,0.3256,0.3196,0.3235
2025-08-15,776738,0.3532,0.3242,0.2174,0.1621,0.3364,0.3150,0.3070,0.3099,3,3,0.3406,0.3161,0.2963,0.3053
2025-08-15,776739,0.3558,0.3340,0.2233,0.2220,0.3543,0.3255,0.3145,0.2858,3,3,0.3181,0.3559,0.3209,0.3147
2025-08-15,776740,0.3066,0.3098,0.1733,0.2195,0.3059,0.2992,0.3013,0.2961,3,3,0.2920,0.2992,0.3307,0.3019
2025-08-15,776741,0.3298,0.3374,0.2111,0.2109,0.3387,0.3252,0.3334,0.3385,3,3,0.3000,0.3503,0.3209,0.3165
2025-08-16,776711,0.3268,0.3389,0.1782,0.2470,0.3109,0.3284,0.3211,0.3204,3,3,0.3012,0.3236,0.3035,0.3127
2025-08-16,776712,0.3299,0.3320,0.2311,0.2193,0.3329,0.3310,0.3161,0.3230,3,3,0.3290,0.3035,0.3099,0.3398
2025-08-16,776713,0.3862,0.3246,0.2294,0.1773,0.3875,0.3201,0.3022,0.3027,3,3,0.3486,0.2967,0.3223,0.3065
2025-08-16,776715,0.3531,0.3139,0.1720,0.2179,0.3523,0.3153,0.3438,0.3137,3,3,0.3240,0.3200,0.2986,0.3077
2025-08-16,776716,0.3181,0.3239,0.2065,0.2242,0.3033,0.3367,0.3144,0.3134,3,3,0.3218,0.3033,0.3290,0.3234
2025-08-16,776717,0.3442,0.3693,0.1451,0.1877,0.3409,0.3508,0.2918,0.2888,3,3,0.3708,0.4225,0.3358,0.3341
2025-08-16,776718,0.3401,0.3485,0.2233,0.2516,0.3574,0.3511,0.3178,0.3288,3,3,0.3329,0.3242,0.3199,0.3166
2025-08-16,776719,0.3182,0.3565,0.2323,0.2255,0.3141,0.3518,0.2969,0.3170,3,3,0.3023,0.3438,0.3197,0.3215
2025-08-16,776720,0.3284,0.2952,0.2176,0.2500,0.3148,0.2983,0.3353,0.3118,3,3,0.3393,0.3055,0.3648,0.3037
2025-08-16,776721,0.3159,0.3094,0.1810,0.2206,0.3071,0.2993,0.3220,0.3140,3,3,0.2927,0.2987,0.3312,0.2850
2025-08-16,776722,0.3317,0.3287,0.2286,0.1760,0.3546,0.3255,0.3243,0.2888,3,3,0.3012,0.3429,0.2961,0.3167
2025-08-16,776723,0.3227,0.3265,0.2278,0.2210,0.3189,0.3002,0.3099,0.3374,3,3,0.3005,0.3513,0.3146,0.3358
2025-08-16,776724,0.3365,0.3376,0.1879,0.2114,0.3354,0.3241,0.3253,0.3353,3,3,0.3001,0.3502,0.3217,0.3086
2025-08-16,776725,0.3565,0.3336,0.2225,0.2225,0.3552,0.3266,0.3120,0.3269,3,3,0.3185,0.3553,0.3238,0.3080
2025-08-16,776726,0.3421,0.3677,0.2524,0.2010,0.3386,0.3460,,0.2935,3,3,0.3314,0.3449,0.3335,0.3420
2025-08-17,776697,0.3444,0.3697,0.1452,0.1869,0.3404,0.3524,0.2801,0.2977,3,3,0.3714,0.4230,0.3238,0.3342
2025-08-17,776698,0.3645,0.2955,0.2339,0.1948,0.3738,0.3131,0.3307,0.3042,3,3,0.3507,0.2602,0.3254,0.3306
2025-08-17,776699,0.3396,0.3494,0.2225,0.2497,0.3570,0.3524,0.3131,0.3089,3,3,0.3321,0.3599,0.3368,0.3253
2025-08-17,776700,0.3170,0.3355,0.2293,0.2180,0.3212,0.3416,0.3205,0.3275,3,3,0.2916,0.3477,0.3157,0.3187
2025-08-17,776701,0.3215,0.3143,0.2048,0.2153,0.3208,0.2984,0.3669,0.3179,3,3,0.3238,0.3229,0.3075,0.3091
2025-08-17,776702,0.3283,0.3385,0.2321,0.1903,0.3333,0.3358,0.3127,0.3433,3,3,0.3279,0.3052,0.2938,0.3398
2025-08-17,776703,0.3266,0.3350,0.1788,0.2035,0.3111,0.3343,0.3133,0.3069,3,3,0.3003,0.3188,0.3025,0.3188
2025-08-17,776704,0.3276,0.3562,0.2121,0.2256,0.3190,0.3528,0.3273,0.3075,3,3,0.3185,0.3436,0.3137,0.3207
2025-08-17,776705,0.2911,0.3137,0.2480,0.2129,0.3283,0.3199,0.3208,0.3040,3,3,0.3018,0.3260,0.2922,0.3326
2025-08-17,776706,0.3520,0.3232,0.2176,0.1623,0.3337,0.3139,0.3310,0.3490,3,3,0.3389,0.3160,0.3524,0.2977
2025-08-17,776707,0.3419,0.3677,0.2531,0.2006,0.3385,0.3466,0.3092,0.2986,3,3,0.3305,0.3453,0.3337,0.3419
2025-08-17,776708,0.3561,0.3165,0.2226,0.2160,0.3548,0.3149,0.3269,0.3198,3,3,0.3189,0.3336,0.3231,0.3184
2025-08-17,776709,0.3182,0.3095,0.1725,0.2201,0.3141,0.2979,0.3017,0.3293,3,3,0.3209,0.2986,0.3305,0.3076
2025-08-17,776710,0.3425,0.3538,0.2085,0.2066,0.3402,0.3211,0.3292,0.2782,3,3,0.3106,0.3504,0.3188,0.3155
2025-08-17,776714,0.3227,0.3272,0.1704,0.2517,0.3256,0.3265,0.2774,0.3249,3,3,0.2993,0.3523,0.3013,0.3260
2025-08-18,776681,0.3125,0.3399,0.2232,0.2230,0.3136,0.3563,0.3308,0.3120,3,3,0.2974,0.3334,0.3051,0.3299
2025-08-18,776682,0.3227,0.3536,0.1627,0.1717,0.3121,0.3522,0.3225,0.3097,3,3,0.3161,0.3247,0.2890,0.2954
2025-08-18,776683,0.3380,0.3434,0.2483,0.1462,0.3260,0.3394,0.3105,0.2978,3,3,0.3225,0.3699,0.3080,0.3321
2025-08-18,776688,0.3111,0.3478,0.2284,0.1876,0.3400,0.3397,0.2879,0.3216,3,3,0.3305,0.3279,0.3282,0.3035
2025-08-18,776689,0.3419,0.3358,0.2531,0.2521,0.3385,0.3372,0.2947,0.2806,3,3,0.3307,0.2969,0.3324,0.3276
2025-08-18,776690,0.3432,0.3526,0.2081,0.1764,0.3401,0.3269,0.3065,0.3365,3,3,0.3104,0.3470,0.3123,0.3051
2025-08-18,776692,0.3054,0.3317,0.1690,0.2054,0.3202,0.3039,0.3010,0.3162,3,3,0.3252,0.3311,0.3305,0.2922
2025-08-18,776693,0.3632,0.3157,0.2107,0.2144,0.3533,0.3127,0.3412,0.2884,3,3,0.4237,0.3225,0.3391,0.3073
2025-08-18,776694,0.3325,0.3128,0.2110,0.2382,0.3195,0.3237,0.2640,0.3162,3,3,0.3518,0.2850,0.3156,0.3193
2025-08-18,776695,0.3167,0.3263,0.2402,0.2185,0.3480,0.3308,0.3261,0.3164,3,3,0.3035,0.2970,0.3199,0.3036
2025-08-18,776696,0.2947,0.3512,0.2475,0.2179,0.3124,0.3328,0.3185,0.3353,3,3,0.2858,0.3389,0.3193,0.3645
2025-08-19,776667,0.3345,0.3429,0.2037,0.1465,0.3348,0.3390,0.2977,0.3292,3,3,0.3180,0.3694,0.3193,0.3347
2025-08-19,776668,0.3122,0.3402,0.2230,0.2230,0.3147,0.3571,0.3224,0.2827,3,3,0.2974,0.3342,0.3022,0.3386
2025-08-19,776671,0.3694,0.3132,0.1874,0.2244,0.3538,0.3075,0.3410,0.3027,3,3,0.4240,0.3214,0.3456,0.3064
2025-08-19,776672,0.3097,0.3536,0.1476,0.1720,0.3177,0.3515,0.3240,0.3131,3,3,0.3157,0.3252,0.3128,0.3248
2025-08-19,776674,0.3503,0.3315,0.2494,0.2277,0.3524,0.3388,0.2826,0.3006,3,3,0.3609,0.3487,0.3258,0.3251
2025-08-19,776675,0.3420,0.3392,0.2150,0.1901,0.3306,0.3388,0.3130,0.3237,3,3,0.3065,0.3068,0.3201,0.3344
2025-08-19,776676,0.3171,0.3449,0.1818,0.2511,0.3056,0.3405,0.3169,0.2867,3,3,0.2931,0.3429,0.3299,0.3205
2025-08-19,776677,0.3594,0.3096,0.1947,0.1955,0.3745,0.3159,0.3094,0.2908,3,3,0.3115,0.2987,0.3366,0.2975
2025-08-19,776678,0.3679,0.3242,0.2006,0.2574,0.3469,0.3251,0.3561,0.2996,3,3,0.3462,0.3541,0.3414,0.3069
2025-08-19,776679,0.3268,0.3254,0.2090,0.2119,0.3040,0.3203,0.3090,0.3203,3,3,0.3510,0.3129,0.3270,0.3187
2025-08-19,776680,0.3410,0.3583,0.2539,0.2211,0.3378,0.3563,0.2969,0.3194,3,3,0.3302,0.3209,0.3315,0.3279
2025-08-19,776684,0.3196,0.3383,0.2396,0.2110,0.3483,0.3228,0.3401,0.3494,3,3,0.3042,0.3508,0.3207,0.2972
2025-08-19,776685,0.3253,0.3344,0.1764,0.2137,0.3311,0.3282,0.2687,0.2858,3,3,0.3238,0.3260,0.3274,0.3298
2025-08-19,776686,0.3111,0.3373,0.2284,0.1851,0.3396,0.3368,0.3067,0.3263,3,3,0.3303,0.2989,0.3273,0.3142
2025-08-19,776687,0.3226,0.3509,0.2163,0.2184,0.3161,0.3322,0.3466,0.3209,3,3,0.3270,0.3407,0.3198,0.3517
2025-08-19,776691,0.3096,0.3449,0.1532,0.2511,0.3069,0.3405,0.2918,0.3187,3,3,0.2931,0.3429,0.3299,0.3133
2025-08-20,776652,0.3111,0.3152,0.2253,0.2366,0.2881,0.3430,0.3158,0.3029,3,3,0.2960,0.2757,0.2999,0.3275
2025-08-20,776656,0.3373,0.3431,0.2491,0.1458,0.3280,0.3390,0.3162,0.3079,3,3,0.3208,0.3708,0.3057,0.3477
2025-08-20,776658,0.3297,0.3539,0.1129,0.1720,0.3183,0.3520,0.3466,,2,3,0.3154,0.3895,0.2978,0.3053
2025-08-20,776659,0.3676,0.3324,0.1931,0.2231,0.3373,0.3245,0.3218,0.3133,3,3,0.3453,0.3525,0.3417,0.3155
2025-08-20,776660,0.3198,0.3127,0.2276,0.2176,0.3184,0.3119,0.3433,0.2982,3,3,0.3136,0.3218,0.3266,0.3083
2025-08-20,776661,0.3383,0.3162,0.2023,0.2426,0.3273,0.3160,0.3154,0.3092,3,3,0.3525,0.2963,0.3183,0.3191
2025-08-20,776662,0.3411,0.3586,0.2540,0.2208,0.3364,0.3571,0.3224,0.3238,3,3,0.3305,0.3209,0.3111,0.3170
2025-08-20,776663,0.3144,0.3448,0.1902,0.2509,0.3083,0.3441,0.3351,0.2997,3,3,0.2934,0.3441,0.3308,0.3194
2025-08-20,776664,0.3719,0.3260,0.2193,0.1777,0.3888,0.3089,0.2984,0.3153,3,3,0.3497,0.2985,0.3258,0.3152
2025-08-20,776665,0.3514,0.3251,0.2490,0.2231,0.3509,0.3347,0.3097,0.3069,3,3,0.3637,0.3474,0.3153,0.3218
2025-08-20,776666,0.3458,0.3401,0.2015,0.1897,0.3285,0.3388,0.3027,0.3385,3,3,0.3310,0.3083,0.3050,0.3393
2025-08-20,776669,0.3226,0.3520,0.2142,0.2167,0.3166,0.3327,0.3053,0.3447,3,3,0.3255,0.3429,0.3267,0.3521
2025-08-20,776670,0.3348,0.3361,0.1879,0.1873,0.3298,0.3339,0.3350,0.3080,3,3,0.3310,0.2990,0.3378,0.3121
2025-08-20,776673,0.3257,0.3117,0.1767,0.2003,0.3309,0.3180,0.3193,0.2952,3,3,0.3260,0.3029,0.3307,0.3296
2025-08-21,776631,0.3114,0.3030,0.2280,0.1838,0.3415,0.3038,0.3128,0.3074,3,3,0.3317,0.2971,0.3273,0.3148
2025-08-21,776642,0.3344,0.3433,0.2044,0.1455,0.3361,0.3390,0.2966,0.3161,3,3,0.3195,0.3708,0.3060,0.3354
2025-08-21,776644,0.3478,0.2965,0.1706,0.2165,0.3363,0.3013,0.3282,0.3161,3,3,0.3306,0.3223,0.3036,0.3120
2025-08-21,776650,0.3668,0.3228,0.1941,0.2586,0.3369,0.3226,0.3117,0.3094,3,3,0.3450,0.3522,0.3408,0.2998
2025-08-21,776651,0.3145,0.3557,0.1903,0.2247,0.3061,0.3560,0.2930,0.3151,3,3,0.2932,0.3444,0.3312,0.3239
2025-08-21,776653,0.3463,0.3097,0.2633,0.2309,0.3337,0.3087,0.3386,0.2983,3,3,0.3641,0.3052,0.3221,0.3210
2025-08-21,776654,0.3388,0.3719,0.2092,0.2067,0.3223,0.3807,0.3187,0.3345,3,3,0.3518,0.3478,0.3050,0.3583
2025-08-21,776655,0.3255,0.3182,0.1762,0.2352,0.3309,0.3464,0.3022,0.3244,3,3,0.3265,0.3039,0.3296,0.3215
2025-08-21,776657,0.3305,0.3447,0.2250,0.1623,0.3320,0.3277,0.3241,0.3345,3,3,0.3339,0.3196,0.3155,0.3110
2025-08-22,776633,0.3459,0.3083,0.2243,0.2075,0.3518,0.3193,0.3163,0.3345,3,3,0.3335,0.2645,0.3039,0.2907
2025-08-22,776634,0.3377,0.3292,0.2482,0.2128,0.3266,0.3087,0.3292,0.3179,3,3,0.3197,0.3192,0.3073,0.3118
2025-08-22,776635,0.3073,0.3542,0.1977,0.1716,0.2950,0.3517,0.3151,0.3216,3,3,0.2961,0.3254,0.3047,0.3251
2025-08-22,776636,0.3701,0.3434,0.1867,0.1449,0.3545,0.3382,0.2981,0.2918,3,3,0.4241,0.3704,0.3459,0.3350
2025-08-22,776637,0.3138,0.3103,0.1837,0.2265,0.2979,0.3143,0.3078,0.3633,3,3,0.3214,0.3232,0.3106,0.3201
2025-08-22,776638,0.3524,0.3407,0.2483,0.2547,0.3485,0.3362,0.2777,0.3130,3,3,0.3679,0.3296,0.3174,0.3318
2025-08-22,776639,0.3348,0.3216,0.2170,0.2142,0.3394,0.3187,0.3176,0.3284,3,3,0.3478,0.3244,0.3103,0.3254
2025-08-22,776640,0.3452,0.3399,0.1725,0.2228,0.3371,0.3570,0.3302,0.3304,3,3,0.3138,0.3337,0.3375,0.3272
2025-08-22,776641,0.3096,0.3440,0.1472,0.2075,0.3165,0.3448,0.3137,0.3380,3,3,0.3156,0.3093,0.2752,0.3194
2025-08-22,776643,0.3257,0.3177,0.1761,0.2324,0.3307,0.3481,0.3381,0.3247,3,3,0.3259,0.3035,0.3276,0.3224
2025-08-22,776645,0.3679,0.3511,0.1945,0.2171,0.3375,0.3325,0.3145,0.3154,3,3,0.3464,0.3413,0.3302,0.3521
2025-08-22,776646,0.3378,0.3361,0.2023,0.1892,0.3272,0.3347,0.3054,0.3109,3,3,0.3520,0.2985,0.3169,0.3129
2025-08-22,776647,0.3231,0.3898,0.2107,0.2280,0.3286,0.3891,0.3023,0.3263,3,3,0.2799,0.3474,0.2977,0.3253
2025-08-22,776648,0.3279,0.3594,0.2309,0.2195,0.3318,0.3595,0.3314,0.3091,3,3,0.3524,0.3217,0.3124,0.3286
2025-08-22,776649,0.3535,0.3225,0.1767,0.2036,0.3278,0.3241,0.3118,0.3237,3,3,0.3450,0.2902,0.3396,0.3296
2025-08-23,776617,0.3703,0.3434,0.1871,0.1442,0.3536,0.3379,0.3118,0.2795,3,3,0.4265,0.3701,0.3453,0.3349
2025-08-23,776618,0.3556,0.2889,0.2252,0.2742,0.3574,0.3285,0.3294,0.3182,3,3,0.3444,0.2756,0.3076,0.3289
2025-08-23,776619,0.3351,0.3233,0.2151,0.2283,0.3386,0.3307,0.3297,0.3354,3,3,0.3486,0.3376,0.3272,0.3186
2025-08-23,776620,0.3518,0.3407,0.2494,0.2545,0.3481,0.3366,0.2976,0.3192,3,3,0.3665,0.3296,0.3219,0.3327
2025-08-23,776621,0.3382,0.3150,0.2079,0.1901,0.3263,0.3071,0.3018,0.3112,3,3,0.3200,0.2931,0.3179,0.3240
2025-08-23,776622,0.2964,0.3187,0.2491,0.2094,0.2868,0.3189,0.3196,0.3000,2,3,,0.2840,0.2993,0.3223
2025-08-23,776623,0.2940,0.3039,0.2499,0.2155,0.3002,0.3268,0.3260,0.3151,3,3,0.3057,0.3300,0.3033,0.2989
2025-08-23,776625,0.3418,0.3143,0.1885,0.1962,0.3431,0.2996,0.3347,0.3120,3,3,0.3096,0.2933,0.3396,0.3308
2025-08-23,776626,0.3816,0.3516,0.2037,0.2172,0.3641,0.3321,0.3381,0.3143,3,3,0.3476,0.3423,0.3054,0.3514
2025-08-23,776627,0.3322,0.3780,0.2149,0.2033,0.3298,0.3789,0.3040,0.2788,3,3,0.3521,0.3688,0.3050,0.3415
2025-08-23,776628,0.3279,0.3354,0.2302,0.2224,0.3329,0.3309,0.3214,0.3307,3,3,0.3536,0.3205,0.3272,0.3294
2025-08-23,776629,0.3259,0.3212,0.1759,0.2296,0.3294,0.3474,0.2997,0.3284,3,3,0.3266,0.3047,0.3301,0.3227
2025-08-23,776630,0.3377,0.3344,0.2012,0.1926,0.3262,0.3334,0.3127,0.3291,3,3,0.3513,0.2982,0.2949,0.3049
2025-08-23,776632,0.3145,0.3180,0.1860,0.2220,0.3143,0.3136,0.3282,0.3450,3,3,0.3203,0.3034,0.3047,0.3224
2025-08-24,776602,0.3051,0.3342,0.2376,0.2697,0.3275,0.3188,0.2797,0.2963,3,3,0.3006,0.3301,0.3227,0.3134
2025-08-24,776603,0.3724,0.3433,0.1848,0.1440,0.3722,0.3369,0.2975,0.2848,3,3,0.4261,0.3701,0.3115,0.3392
2025-08-24,776605,0.3557,0.3428,0.2250,0.2586,0.3561,0.3483,0.3226,0.3075,3,3,0.3450,0.3319,0.3178,0.3240
2025-08-24,776606,0.3350,0.3215,0.1878,0.1652,0.3304,0.3164,0.3052,0.3228,3,3,0.3328,0.2977,0.3383,0.3240
2025-08-24,776607,0.3106,0.3115,0.2457,0.2269,0.3193,0.3255,0.3407,0.3105,3,3,0.2858,0.2952,0.3220,0.3206
2025-08-24,776608,0.3100,0.3169,0.2038,0.1818,0.3231,0.3042,0.3205,0.3008,3,3,0.3200,0.2924,0.3186,0.3316
2025-08-24,776609,0.3106,0.3541,0.2251,0.1729,0.2876,0.3532,0.3212,0.3497,3,3,0.2948,0.3272,0.3060,0.3245
2025-08-24,776610,0.3133,0.3179,0.2147,0.2430,0.3046,0.3157,0.2636,,3,3,0.3187,0.3023,0.3133,0.3272
2025-08-24,776611,0.3211,0.3446,0.1645,0.2070,0.3035,0.3438,0.3336,0.3158,3,3,0.3146,0.3082,0.3113,0.3222
2025-08-24,776612,0.3263,0.3263,0.1754,0.2481,0.3318,0.3452,0.3166,0.3251,3,3,0.3261,0.3206,0.3278,0.3176
2025-08-24,776613,0.3220,0.3586,0.2666,0.2200,0.3309,0.3602,0.2938,0.3422,3,3,0.3523,0.3212,0.3299,0.3241
2025-08-24,776614,0.3346,0.3317,0.1645,0.1947,0.3068,0.3306,0.2887,0.3138,3,3,0.3550,0.2969,0.2954,0.3200
2025-08-24,776615,0.3411,0.3221,0.1914,0.2292,0.3306,0.3151,0.3062,0.3262,3,3,0.3063,0.3066,0.3388,0.3341
2025-08-24,776616,0.3399,0.3626,0.2179,0.2350,0.3327,0.3727,0.2971,0.3309,3,3,0.3300,0.3460,0.3068,0.3225
2025-08-24,776624,0.3817,0.3518,0.2031,0.2171,0.3638,0.3307,0.3440,0.3175,3,3,0.3478,0.3429,0.3078,0.3362
2025-08-25,776589,0.3190,0.3188,0.2092,0.1770,0.3120,0.3208,0.3257,0.3089,3,3,0.3061,0.3328,0.2970,0.3382
2025-08-25,776590,0.3382,0.3312,0.2114,0.1918,0.3294,0.3317,0.3063,0.2688,3,3,0.3376,0.3247,0.3321,0.3392
2025-08-25,776592,0.3287,0.3440,0.2490,0.2077,0.3368,0.3438,0.2887,0.3130,3,3,0.3308,0.3082,0.3238,0.3047
2025-08-25,776593,0.3542,0.3300,0.1740,0.2120,0.3543,0.3084,0.2820,0.3265,3,3,0.3276,0.3200,0.3018,0.3123
2025-08-25,776594,0.3110,0.3735,0.2238,0.1845,0.2866,0.3736,0.3112,0.2854,3,3,0.2960,0.4269,0.2895,0.3318
2025-08-25,776595,0.3428,0.3419,0.1437,0.2542,0.3366,0.3382,0.3137,0.3233,3,3,0.3700,0.3308,0.3335,0.3323
2025-08-25,776596,0.3236,0.3359,0.2175,0.1554,0.3157,0.3292,0.3141,0.2830,3,3,0.3462,0.2957,0.3263,0.3161
2025-08-25,776597,0.3357,0.3897,0.2166,0.2289,0.3303,0.3887,0.3010,0.3242,3,3,0.3513,0.3507,0.3085,0.3242
2025-08-25,776598,0.3589,0.3230,0.2194,0.2216,0.3611,0.3159,0.3111,0.2972,3,3,0.3212,0.3477,0.3297,0.3398
2025-08-25,776599,0.3541,0.3039,0.1750,0.1754,0.3280,0.3261,0.3153,0.3033,3,3,0.3443,0.3057,0.3393,0.3172
2025-08-25,776600,0.3519,0.3307,0.2170,0.1951,0.3315,0.3290,0.3224,0.3257,3,3,0.3449,0.2973,0.3504,0.3199
2025-08-25,776601,0.3257,0.3087,0.1790,0.1479,0.3076,0.3150,0.3073,0.3102,3,3,0.2981,0.3135,0.3167,0.3117
2025-08-25,776604,0.3411,0.3241,0.2110,0.2251,0.3227,0.3535,0.3477,0.3048,3,3,0.3564,0.3039,0.3073,0.3076
2025-08-26,776573,0.3185,0.3506,0.2224,0.2510,0.3438,0.3428,0.3184,0.3205,3,3,0.2763,0.3646,0.3314,0.3236
2025-08-26,776574,0.3119,0.3734,0.2423,0.1842,0.2934,0.3735,0.3221,0.3061,3,3,0.3005,0.4263,0.3002,0.3414
2025-08-26,776575,0.3320,0.3468,0.2647,0.2228,0.3490,0.3293,0.3412,0.3099,3,3,0.3305,0.3344,0.3233,0.3034
2025-08-26,776576,0.3450,0.3385,0.2146,0.2478,0.3496,0.3284,0.3161,0.2927,3,3,0.3123,0.3202,0.3167,0.3063
2025-08-26,776577,0.3424,0.3416,0.1443,0.2543,0.3356,0.3396,0.3084,0.2907,3,3,0.3703,0.3297,0.3329,0.3319
2025-08-26,776578,0.3252,0.3348,0.2229,0.1865,0.3148,0.3283,0.3095,0.3275,3,3,0.3066,0.3313,0.3321,0.3377
2025-08-26,776581,0.3518,0.3294,0.2178,0.1938,0.3316,0.3289,0.3337,0.3007,3,3,0.3453,0.2974,0.3090,0.3309
2025-08-26,776582,0.3148,0.3496,0.1834,0.2018,0.3283,0.3209,0.3083,0.3081,3,3,0.3178,0.3542,0.3251,0.3157
2025-08-26,776583,0.3455,0.3223,0.1610,0.2130,0.3276,0.3179,0.3404,0.3193,3,3,0.3200,0.3272,0.3333,0.3314
2025-08-26,776584,0.3230,0.3233,0.1633,0.1568,0.3158,0.3215,0.3160,0.2970,3,3,0.2979,0.3133,0.3170,0.3018
2025-08-26,776585,0.3582,0.3690,0.2195,0.1935,0.3610,0.3340,0.3075,0.2997,3,3,0.3207,0.3466,0.3299,0.3401
2025-08-26,776586,0.3537,0.3122,0.1739,0.2272,0.3536,0.3136,0.3037,0.3338,3,3,0.3276,0.3200,0.3142,0.3115
2025-08-26,776587,0.3127,0.3259,0.2155,0.1763,0.3034,0.3311,0.2866,0.3443,3,3,0.3178,0.3257,0.3130,0.3604
2025-08-26,776588,0.3356,0.3649,0.2178,0.2064,0.3308,0.3663,0.3283,0.3163,3,3,0.3509,0.3315,0.3083,0.3176
2025-08-26,776591,0.3420,0.3220,0.2114,0.2279,0.3268,0.3512,0.3052,0.3356,3,3,0.3583,0.3035,0.3063,0.3163
2025-08-27,776557,0.3235,0.3234,0.1975,0.2500,0.3210,0.3234,0.3347,0.3362,3,3,0.3126,0.2765,0.3250,0.3053
2025-08-27,776559,0.3371,0.3501,0.2051,0.2512,0.3063,0.3438,0.3184,0.3145,3,3,0.3308,0.3636,0.3072,0.3272
2025-08-27,776561,0.3567,0.3417,0.2120,0.2544,0.3276,0.3391,0.2698,0.2988,3,3,0.3707,0.3302,0.3328,0.3322
2025-08-27,776562,0.3096,0.3639,0.2271,0.2085,0.2848,0.3558,0.3008,0.3015,3,3,0.2956,0.4255,0.3071,0.3086
2025-08-27,776563,0.3218,0.2938,0.2666,0.2118,0.3355,0.3234,0.3163,0.3348,3,3,0.3319,0.3095,0.3049,0.3236
2025-08-27,776565,0.3355,0.3238,0.2187,0.1770,0.3271,0.3268,0.3052,0.3177,3,3,0.3450,0.2882,0.3220,0.3137
2025-08-27,776566,0.3581,0.3809,0.2201,0.2030,0.3618,0.3618,0.3086,0.3313,3,3,0.3198,0.3468,0.3286,0.3147
2025-08-27,776567,0.3337,0.3604,0.2537,0.1940,0.3288,0.3387,0.2995,0.3168,3,3,0.3453,0.3582,0.3153,0.3156
2025-08-27,776568,0.3246,0.3353,0.2235,0.1868,0.3153,0.3295,0.3040,0.3074,3,3,0.3063,0.3319,0.3132,0.3382
2025-08-27,776569,0.3070,0.2873,0.2056,0.2475,0.3294,0.3175,0.3177,0.3242,3,3,0.3091,0.2872,0.2854,0.3184
2025-08-27,776570,0.3219,0.3684,0.2677,0.2421,0.3295,0.3786,0.3012,0.3115,3,3,0.3523,0.2848,0.3239,0.3249
2025-08-27,776571,0.3109,0.3542,0.2176,0.1736,0.3058,0.3396,0.3076,0.3321,3,3,0.3174,0.3262,0.3016,0.3107
2025-08-27,776572,0.3206,0.3187,0.2108,0.1715,0.3251,0.3130,0.2925,0.3121,3,3,0.3271,0.3202,0.2938,0.3326
2025-08-27,776579,0.3302,0.3236,0.2269,0.2255,0.3348,0.3472,0.3093,0.3238,3,3,0.3556,0.3034,0.3140,0.3222
2025-08-27,776580,0.3257,0.3051,0.1778,0.1884,0.3090,0.3064,0.3376,0.2866,3,3,0.2971,0.3126,0.3170,0.3017
2025-08-28,776550,0.3534,0.3397,0.2171,0.2473,0.3558,0.3303,0.3158,0.2946,3,3,0.3438,0.3219,0.3105,0.3231
2025-08-28,776553,0.3532,0.2909,0.1750,0.1682,0.3516,0.3130,0.3301,0.3094,3,3,0.3870,0.2923,0.3234,0.3264
2025-08-28,776554,0.3277,0.3294,0.2208,0.2132,0.3198,0.3399,0.3377,0.3048,3,3,0.3253,0.3331,0.3221,0.3364
2025-08-28,776555,0.3123,0.3254,0.2008,0.1766,0.2997,0.3299,0.3165,0.3474,3,3,0.3172,0.3253,0.3116,0.3042
2025-08-28,776556,0.3911,0.3158,0.2282,0.2543,0.3906,0.3126,0.3405,0.3242,3,3,0.3498,0.3275,0.3004,0.3189
2025-08-28,776558,0.3210,0.3808,0.1841,0.2029,0.3179,0.3606,0.3198,0.3344,3,3,0.2968,0.3472,0.3211,0.3254
2025-08-28,776560,0.3164,0.3346,0.2308,0.2509,0.3184,0.3403,0.3206,0.3457,3,3,0.2966,0.2967,0.3239,0.3121
2025-08-28,776564,0.3303,0.3220,0.2278,0.2269,0.3379,0.3522,0.3326,0.2758,3,3,0.3568,0.3030,0.3278,0.3118
2025-08-29,776533,0.3053,0.3396,0.2321,0.2077,0.3328,0.3305,0.3016,0.3129,3,3,0.3031,0.3207,0.3171,0.3216
2025-08-29,776534,0.3529,0.3733,0.1751,0.1835,0.3507,0.3733,0.2905,0.3202,3,3,0.3874,0.4259,0.3254,0.3420
2025-08-29,776538,0.3030,0.3250,0.2280,0.2277,0.3130,0.3393,0.3197,0.3397,3,3,0.3012,0.2883,0.3045,0.3224
2025-08-29,776540,0.3246,0.3419,0.2021,0.1872,0.3080,0.3383,0.2979,0.3350,3,3,0.3374,0.3103,0.3312,0.3391
2025-08-29,776541,0.3421,0.3332,0.1443,0.2118,0.3351,0.3464,0.3212,0.3068,3,3,0.3717,0.3477,0.3473,0.2908
2025-08-29,776542,0.3558,0.3053,0.2254,0.2036,0.3546,0.3066,0.3407,0.3165,3,3,0.3457,0.3179,0.3238,0.3103
2025-08-29,776543,0.3420,0.3436,0.2606,0.1705,0.3473,0.3233,0.3019,0.3309,3,3,0.3320,0.3240,0.3304,0.3346
2025-08-29,776544,0.3682,0.2983,0.2453,0.2043,0.3871,0.3268,0.3316,0.2986,3,3,0.3505,0.3047,0.3289,0.3130
2025-08-29,776545,0.3226,0.3329,0.1642,0.2242,0.3149,0.3222,0.3399,0.3527,3,3,0.2963,0.3526,0.3249,0.2929
2025-08-29,776546,0.3308,0.3600,0.2111,0.1948,0.3077,0.3382,0.3083,0.2968,3,3,0.3200,0.3582,0.3127,0.3150
2025-08-29,776547,0.3414,0.3204,0.2538,0.1635,0.3384,0.3103,0.3471,0.3033,3,3,0.3297,0.3130,0.3323,0.2980
2025-08-29,776548,0.3116,0.3167,0.1758,0.2410,0.3188,0.3358,,0.2937,3,3,0.2966,0.2937,0.3190,0.3244
2025-08-29,776549,0.3184,0.3410,0.2224,0.2134,0.3108,0.3295,,0.2718,3,3,0.3074,0.3573,0.3158,0.3082
2025-08-29,776551,0.3454,0.3102,0.2319,0.2281,0.3495,0.2840,0.3228,0.3227,2,3,0.3342,0.2967,0.3037,0.3001
2025-08-29,776552,0.3534,0.3593,0.2161,0.2195,0.3327,0.3631,0.2893,0.3420,3,3,0.3480,0.3195,0.3369,0.3234
2025-08-30,776516,0.3034,0.3402,0.2348,0.2470,0.3321,0.3332,0.3277,0.3136,3,3,0.3035,0.3217,0.3210,0.3133
2025-08-30,776523,0.3527,0.3702,0.1754,0.1864,0.3505,0.3526,0.2985,0.3234,3,3,0.3266,0.4254,0.3069,0.3454
2025-08-30,776524,0.3288,0.3333,0.2175,0.2452,0.3334,0.3271,,0.3111,3,3,0.3097,0.3139,0.2974,0.3219
2025-08-30,776525,0.3264,0.3223,0.1787,0.2610,0.3101,0.3212,0.3435,0.3037,3,3,0.2970,0.3530,0.3173,0.2999
2025-08-30,776526,0.3572,0.3127,0.2242,0.2167,0.3541,0.3017,0.3175,0.3284,3,3,0.3474,0.3177,0.3287,0.3101
2025-08-30,776527,0.3227,0.3472,0.2171,0.1517,0.3057,0.3181,0.3137,0.2957,3,3,0.3202,0.3582,0.3156,0.3406
2025-08-30,776528,0.3366,0.3430,0.2054,0.1838,0.3239,0.3318,0.3267,0.3025,3,3,0.3292,0.3135,0.3319,0.3400
2025-08-30,776529,0.3769,0.3149,0.2321,0.2545,0.3766,0.3391,0.3108,0.3130,3,3,0.3518,0.2807,0.3273,0.3214
2025-08-30,776530,0.3046,0.3195,0.1718,0.1878,0.3157,0.3351,0.3121,0.3023,3,3,0.3258,0.3090,0.3464,0.2927
2025-08-30,776531,0.3356,0.3442,0.2602,0.1694,0.3481,0.3237,0.3214,0.3216,3,3,0.3314,0.3257,0.3408,0.3397
2025-08-30,776532,0.3534,0.3588,0.2155,0.2187,0.3321,0.3623,0.2884,0.2887,3,3,0.3467,0.3190,0.3247,0.3293
2025-08-30,776535,0.3204,0.3822,0.1716,0.2021,0.3262,0.3631,0.3391,0.3205,3,3,0.2960,0.3480,0.3150,0.3275
2025-08-30,776536,0.3238,0.3120,0.1980,0.2283,0.3389,0.2909,0.3013,0.3300,3,3,0.2917,0.2963,0.3194,0.2995
2025-08-30,776537,0.3419,0.3202,0.2531,0.1637,0.3401,0.3105,0.3237,0.2896,3,3,0.3308,0.3139,0.3321,0.2995
2025-08-30,776539,0.3239,0.3416,0.2231,0.2126,0.3127,0.3281,0.3331,0.3039,3,3,0.3080,0.3613,0.3252,0.3084
2025-08-31,776507,0.3228,0.3398,0.2281,0.2473,0.3521,0.3335,0.3168,0.3328,3,3,0.3062,0.3215,0.3210,0.3151
2025-08-31,776508,0.3284,0.3270,0.2161,0.2038,0.3320,0.3160,0.3245,0.2875,3,3,0.3091,0.3153,0.3124,0.3212
2025-08-31,776509,0.3532,0.3729,0.1749,0.1827,0.3497,0.3727,0.2723,0.3343,3,3,0.3269,0.4249,0.3068,0.3064
2025-08-31,776510,0.3364,0.3444,0.2603,0.1689,0.3489,0.3242,0.2862,0.3118,3,3,0.3315,0.3256,0.3171,0.3387
2025-08-31,776511,0.3583,0.3110,0.2233,0.2527,0.3546,0.2927,0.3394,0.2945,3,3,0.3489,0.3124,0.3237,0.3056
2025-08-31,776512,0.3369,0.3457,0.2050,0.1609,0.3241,0.3279,0.3086,0.2687,3,3,0.3293,0.3211,0.3319,0.3242
2025-08-31,776513,0.3122,0.3280,0.1568,0.2431,0.3136,0.3063,0.2950,0.3208,3,3,0.3073,0.3491,0.3473,0.3224
2025-08-31,776514,0.3656,0.3285,0.2051,0.2208,0.3685,0.3297,0.3370,0.3228,3,3,0.3307,0.3257,0.3365,0.3151
2025-08-31,776515,0.3234,0.3491,0.2175,0.2023,0.3071,0.3211,0.3147,0.2906,3,3,0.3190,0.3567,0.3155,0.3218
2025-08-31,776517,0.3042,0.3402,0.2315,0.2142,0.3138,0.3267,0.3233,0.3279,3,3,0.3086,0.3579,0.3174,0.3075
2025-08-31,776518,0.3456,0.3118,0.2219,0.2270,0.3524,0.2910,0.3119,0.3092,3,3,0.3335,0.2970,0.3004,0.2888
2025-08-31,776519,0.3256,0.3697,0.1924,0.1996,0.3298,0.3470,0.3131,0.3398,3,3,0.2954,0.3477,0.3205,0.3425
2025-08-31,776520,0.3222,0.3208,0.1960,0.2679,0.3114,0.3280,0.3267,0.3026,3,3,0.2952,0.3538,0.2971,0.3110
2025-08-31,776521,0.3420,0.3196,0.2531,0.1640,0.3396,0.3106,0.2991,0.3343,3,3,0.3304,0.3136,0.3313,0.3120
2025-08-31,776522,0.3530,0.3583,0.2158,0.2190,0.3310,0.3618,0.3014,0.3065,3,3,0.3477,0.3196,0.3093,0.3279
2025-09-01,776492,0.3256,0.3128,0.2780,0.2151,0.3276,0.3008,0.3404,0.3274,3,3,0.2788,0.3170,0.3227,0.3100
2025-09-01,776494,0.3257,0.3340,0.2255,0.1384,0.3485,0.3268,0.3043,0.3000,3,3,0.3087,0.3036,0.3161,0.3380
2025-09-01,776495,0.2964,0.3531,0.2560,0.1749,0.3189,0.3489,0.3136,0.3351,3,3,0.2661,0.3871,0.3296,0.2882
2025-09-01,776497,0.3271,0.3203,0.2031,0.2401,0.3150,0.3419,0.3014,0.3183,3,3,0.3163,0.2595,0.3175,0.3068
2025-09-01,776498,0.3332,0.3333,0.2135,0.2245,0.3352,0.3228,,0.3056,3,3,0.3128,0.3530,0.3189,0.3220
2025-09-01,776499,0.3205,0.3037,0.2628,0.2107,0.3460,0.3204,,0.3142,3,3,0.3307,0.3251,0.3239,0.3338
2025-09-01,776500,0.3208,0.3245,0.2124,0.2011,0.3370,0.3026,0.2968,0.3391,3,3,0.3196,0.3187,0.3229,0.3167
2025-09-01,776501,0.3819,0.3280,0.2019,0.2086,0.3631,0.3036,0.3223,0.3034,3,3,0.3472,0.3346,0.3273,0.3318
2025-09-01,776502,0.3141,0.3254,0.2502,0.2146,0.3358,0.3448,0.3117,0.2998,3,3,0.2818,0.3500,0.3156,0.3292
2025-09-01,776503,0.3241,0.3115,0.1839,0.2272,0.3052,0.2902,0.2767,0.3251,3,3,0.3577,0.2982,0.3141,0.3058
2025-09-01,776504,0.3420,0.3257,0.2530,0.1796,0.3393,0.3108,0.3114,0.3266,3,3,0.3308,0.2948,0.3308,0.3184
2025-09-01,776505,0.3198,0.3302,0.1645,0.2292,0.3113,0.3382,0.3303,0.3091,3,3,0.3131,0.3573,0.2987,0.3286
2025-09-01,776506,0.3517,0.3457,0.2164,0.2005,0.3296,0.3344,0.3381,0.3254,3,3,0.3470,0.3108,0.3064,0.3294
2025-09-02,776480,0.3254,0.3412,0.2247,0.1457,0.3479,0.3364,0.3185,0.3284,3,3,0.3082,0.3701,0.3209,0.3372
2025-09-02,776481,0.3286,0.3538,0.2172,0.1745,0.3347,0.3544,0.3201,0.3169,3,3,0.3106,0.3880,0.3093,0.3119
2025-09-02,776482,0.3246,0.3269,0.1926,0.2373,0.3297,0.3320,0.3208,0.3335,3,3,0.2942,0.3521,0.3191,0.3282
2025-09-02,776483,0.3408,0.3455,0.2500,0.2215,0.3366,0.3490,0.3357,0.3116,3,3,0.3632,0.3344,0.3317,0.3017
2025-09-02,776484,0.2926,0.2934,0.2625,0.2253,0.3304,0.3099,0.3202,0.3582,3,3,0.2818,0.2550,0.3119,0.3251
2025-09-02,776485,0.3415,0.3260,0.2530,0.1793,0.3384,0.3109,0.2963,0.2845,3,3,0.3302,0.2956,0.3303,0.3193
2025-09-02,776486,0.3313,0.3126,0.2329,0.2152,0.3370,0.3014,0.3335,0.3074,3,3,0.2982,0.3179,0.2946,0.3109
2025-09-02,776487,0.3359,0.3267,0.2156,0.1987,0.3338,0.3101,0.2945,0.3161,3,3,0.3632,0.3148,0.2990,0.3381
2025-09-02,776488,0.3196,0.3453,0.2258,0.1609,0.3403,0.3287,0.3195,,3,3,0.3319,0.3215,0.3287,0.3355
2025-09-02,776489,0.3655,0.3250,0.2055,0.1767,0.3691,0.3322,0.2971,0.3049,3,3,0.3299,0.3254,0.3290,0.3275
2025-09-02,776490,0.3437,0.3191,0.2375,0.2134,0.3393,0.3060,0.3166,0.3048,3,3,0.2944,0.3287,0.3054,0.3170
2025-09-02,776491,0.3500,0.3111,0.1703,0.2280,0.3274,0.2894,0.3098,0.3268,3,3,0.3579,0.3001,0.3165,0.3047
2025-09-02,776493,0.3072,0.3210,0.1493,0.2037,0.3139,0.3162,0.2770,0.3357,3,3,0.3144,0.2997,0.3025,0.3006
2025-09-02,776496,0.3734,0.3189,0.1826,0.2220,0.3746,0.3062,0.3086,0.3181,3,3,0.4246,0.3079,0.3423,0.3248
2025-09-03,776465,0.3148,0.3412,0.2311,0.1457,0.3319,0.3357,0.3205,0.3344,3,3,0.3069,0.3700,0.2957,0.3462
2025-09-03,776466,0.3302,0.3518,0.2490,0.1762,0.3347,0.3276,0.3217,0.3180,3,3,0.3329,0.3413,0.3251,0.3092
2025-09-03,776467,0.3264,0.3104,0.2777,0.2194,0.3299,0.3039,0.3451,0.3003,3,3,0.2789,0.3186,0.3124,0.3094
2025-09-03,776468,0.3155,0.3542,0.2265,0.1738,0.3228,0.3542,0.3183,0.3219,3,3,0.3105,0.3269,0.3155,0.3052
2025-09-03,776469,0.3303,0.3108,0.2354,0.2371,0.3369,0.3353,0.3345,0.3304,3,3,0.3364,0.3497,0.2927,0.3004
2025-09-03,776470,0.3317,0.3253,0.2027,0.1967,0.3238,0.3410,0.3253,0.3164,3,3,0.3247,0.2909,0.3484,0.3184
2025-09-03,776471,0.3578,0.3252,0.2199,0.2008,0.3602,0.3058,0.3233,0.3046,3,3,0.3191,0.3205,0.3270,0.3047
2025-09-03,776472,0.3733,0.3052,0.2073,0.1582,0.3813,0.3168,0.3299,0.3010,3,3,0.3543,0.3254,0.3435,0.3372
2025-09-03,776473,0.3365,0.3382,0.2158,0.2033,0.3340,0.3261,0.3076,0.3307,3,3,0.3630,0.3158,0.3146,0.3277
2025-09-03,776474,0.3070,0.3089,0.1498,0.2086,0.3133,0.3202,0.3096,0.3150,3,3,0.3139,0.3140,0.2943,0.3273
2025-09-03,776475,0.3330,0.3112,0.1557,0.2570,0.3312,0.3004,0.3214,0.3091,3,3,0.3063,0.3000,0.3177,0.3058
2025-09-03,776476,0.3410,0.3258,0.2531,0.1787,0.3371,0.3114,0.3154,0.3023,3,3,0.3294,0.2943,0.3183,0.3200
2025-09-03,776477,0.3242,0.3284,0.1949,0.2324,0.3276,0.3420,0.3413,0.2991,3,3,0.2930,0.3533,0.3192,0.3219
2025-09-03,776478,0.3827,0.3244,0.2022,0.2026,0.3657,0.3263,0.3105,0.3096,3,3,0.3471,0.2915,0.3277,0.3310
2025-09-03,776479,0.3500,0.3250,0.2221,0.2218,0.3553,0.3158,0.3032,0.3081,3,3,0.4260,0.3091,0.3458,0.3254
2025-09-04,776458,0.3201,0.3241,0.1645,0.1621,0.3125,0.3175,0.2973,0.3322,3,3,0.3143,0.2951,0.2924,0.3258
2025-09-04,776459,0.3577,0.3224,0.2202,0.2083,0.3603,0.3041,0.2998,0.2917,3,3,0.3193,0.3167,0.3235,0.3089
2025-09-04,776461,0.3734,0.3199,0.1819,0.2213,0.3739,0.3113,0.2724,0.2881,3,3,0.4249,0.3081,0.3317,0.3259
2025-09-04,776462,0.3209,0.3132,0.2093,0.2031,0.3348,0.3322,0.3119,0.3092,3,3,0.3003,0.3321,0.3074,0.3143
2025-09-04,776463,0.3419,0.3418,0.2615,0.1863,0.3449,0.3417,0.3057,0.3213,3,3,0.3322,0.3128,0.3252,0.3391
2025-09-04,776464,0.3773,0.3454,0.2319,0.1685,0.3750,0.3277,0.3030,0.2985,3,3,0.3528,0.3267,0.3098,0.3326
2025-09-05,776442,0.3562,0.3137,0.1870,0.2152,0.3403,0.3005,0.3392,0.3018,3,3,0.3699,0.3190,0.3370,0.3085
2025-09-05,776444,0.3502,0.3365,0.2505,0.2601,0.3416,0.3429,0.3091,0.3137,3,3,0.3660,0.3317,0.3213,0.3410
2025-09-05,776445,0.3398,0.3327,0.2467,0.2413,0.3347,0.3359,0.3103,0.3415,3,3,0.3210,0.3350,0.3226,0.2848
2025-09-05,776446,0.3222,0.3136,0.2477,0.1823,0.3307,0.3340,0.3142,0.3060,3,3,0.3496,0.3123,0.3158,0.3391
2025-09-05,776448,0.3211,0.3539,0.2176,0.1745,0.3212,0.3547,0.3226,0.3076,3,3,0.3300,0.3887,0.3056,0.3123
2025-09-05,776449,0.3456,0.3249,0.1685,0.2125,0.3267,0.3146,0.3133,0.3242,3,3,0.3264,0.3381,0.3376,0.2991
2025-09-05,776450,0.3825,0.3109,0.2014,0.2283,0.3650,0.2888,0.3017,0.3192,3,3,0.3476,0.2990,0.3238,0.3058
2025-09-05,776451,0.3080,0.3339,0.1496,0.2075,0.3132,0.3282,0.3029,0.3174,3,3,0.3138,0.3195,0.3102,0.3206
2025-09-05,776452,0.3028,0.3389,0.2418,0.2060,0.3101,0.3111,0.3023,0.3110,3,3,0.2716,0.3280,0.3154,0.3311
2025-09-05,776453,0.3068,0.3152,0.2214,0.2459,0.3139,0.3166,0.3039,0.3029,3,3,0.3212,0.3075,0.3165,0.3250
2025-09-05,776454,0.3732,0.3229,0.1822,0.2271,0.3728,0.3537,0.3155,0.2960,3,3,0.4241,0.3079,0.3313,0.3212
2025-09-05,776455,0.3331,0.3477,0.2248,0.2483,0.3224,0.3401,0.3327,0.3432,3,3,0.3543,0.3475,0.3285,0.3098
2025-09-05,776456,0.3367,0.3261,0.2501,0.2311,0.3405,0.3249,0.3257,0.2819,3,2,0.2966,0.3041,0.3109,0.3120
2025-09-05,776457,0.3512,0.3909,0.1704,0.2301,0.3282,0.3879,0.3152,0.3128,3,3,0.3607,0.3539,0.3182,0.3313
2025-09-05,776460,0.3405,0.3311,0.2534,0.1890,0.3374,0.3232,0.2696,0.2894,3,3,0.3286,0.3462,0.3286,0.3323
2025-09-06,776424,0.3274,0.3545,0.1765,0.1746,0.3106,0.3559,0.3355,0.3346,3,3,0.3188,0.3283,0.3079,0.3144
2025-09-06,776430,0.3253,0.2899,0.2249,0.2786,0.3386,0.3201,0.3197,0.3053,3,3,0.3272,0.2852,0.2955,0.3162
2025-09-06,776431,0.3407,0.3145,0.1462,0.2150,0.3337,0.3031,0.3215,0.3416,3,3,0.3689,0.3179,0.3469,0.3077
2025-09-06,776432,0.3028,0.3114,0.1734,0.2401,0.3220,0.3353,0.2814,0.2860,3,3,0.3249,0.3102,0.3217,0.3141
2025-09-06,776433,0.3589,0.3347,0.2158,0.1967,0.3593,0.3300,0.3321,0.2989,3,3,0.3891,0.3266,0.3241,0.3115
2025-09-06,776434,0.3265,0.3174,0.1874,0.1886,0.3341,0.3305,0.3173,0.2872,3,2,0.3169,0.3129,0.3219,0.2878
2025-09-06,776435,0.2986,0.3265,0.2149,0.2003,0.3361,0.2935,0.2675,0.3372,3,3,0.2995,0.3278,0.3139,0.3302
2025-09-06,776436,0.3600,0.3904,0.1948,0.2289,0.3361,0.3869,0.3090,0.3244,3,3,0.3605,0.3541,0.3192,0.3258
2025-09-06,776437,0.3407,0.3330,0.2089,0.2407,0.3378,0.3384,0.3088,0.3152,3,3,0.3223,0.3338,0.3227,0.2747
2025-09-06,776438,0.3084,0.3250,0.1498,0.1790,0.3145,0.3127,0.2943,0.3075,3,3,0.3146,0.2936,0.3120,0.3218
2025-09-06,776439,0.3708,0.3098,0.1981,0.2291,0.3479,0.2879,0.3443,0.3135,3,3,0.3493,0.2991,0.3433,0.3052
2025-09-06,776440,0.3296,0.3359,0.2387,0.2246,0.3322,0.3218,0.2938,0.3292,3,3,0.3181,0.3099,0.3016,0.3193
2025-09-06,776441,0.3106,0.3178,0.1849,0.2564,0.3110,0.3087,0.3272,0.2937,3,3,0.2952,0.3068,0.3157,0.3146
2025-09-06,776443,0.3565,0.3253,0.1949,0.2244,0.3541,0.3487,0.3113,0.2723,3,3,0.4238,0.3081,0.3368,0.2961
2025-09-06,776447,0.3355,0.3310,0.2615,0.1889,0.3377,0.3245,0.3048,0.3328,3,3,0.3143,0.3455,0.3286,0.3302
2025-09-07,776414,0.3427,0.3386,0.2687,0.2611,0.3507,0.3338,0.3123,0.3112,3,3,0.3679,0.3557,0.3219,0.2954
2025-09-07,776415,0.3203,0.3546,0.2076,0.1739,0.3116,0.3556,0.3134,0.3332,3,3,0.2972,0.3278,0.3079,0.3151
2025-09-07,776416,0.3397,0.3322,0.2461,0.2413,0.3384,0.3373,0.3044,0.3169,3,3,0.3202,0.3333,0.3232,0.2867
2025-09-07,776417,0.3194,0.3078,0.1532,0.1976,0.3227,0.2927,0.3377,0.2900,3,3,0.3051,0.3175,0.3187,0.2905
2025-09-07,776418,0.3446,0.3117,0.1707,0.2242,0.3240,0.3127,0.3370,0.3050,3,3,0.3239,0.3358,0.3313,0.3146
2025-09-07,776419,0.3235,0.3098,0.2075,0.2314,0.3170,0.3247,0.3218,0.2951,3,3,0.3207,0.2890,0.3238,0.2929
2025-09-07,776420,0.3313,0.3376,0.2422,0.1964,0.3363,0.3270,0.3163,0.2961,3,3,0.3187,0.3161,0.3145,0.3173
2025-09-07,776421,0.3085,0.3231,0.1496,0.1616,0.3147,0.3157,0.2871,0.3114,3,3,0.3153,0.2917,0.2829,0.3250
2025-09-07,776422,0.3102,0.3233,0.2684,0.1772,0.3183,0.3341,0.3194,0.3058,3,3,0.2802,0.3134,0.3254,0.3250
2025-09-07,776423,0.3597,0.3731,0.1939,0.2071,0.3352,0.3796,0.3015,0.3200,3,3,0.3607,0.3522,0.3163,0.3398
2025-09-07,776425,0.3158,0.3402,0.2546,0.2305,0.3357,0.3338,0.3204,0.3415,3,3,0.2777,0.3429,0.3221,0.3139
2025-09-07,776426,0.3518,0.3231,0.2416,0.1949,0.3626,0.3242,0.3195,0.3362,3,3,0.3028,0.2931,0.3243,0.3167
2025-09-07,776427,0.3735,0.3285,0.1819,0.2267,0.3732,0.3465,0.3491,0.3121,3,3,0.4231,0.3083,0.3110,0.2911
2025-09-07,776428,0.3401,0.3151,0.2528,0.1889,0.3322,0.3189,0.3151,0.3264,3,3,0.3288,0.3445,0.3161,0.3009
2025-09-07,776429,0.3547,0.3094,0.1909,0.2302,0.3471,0.2862,0.2860,,3,3,0.3503,0.2984,0.3272,0.3023
2025-09-08,776399,0.3543,0.3393,0.1739,0.2464,0.3543,0.3376,0.3131,0.3053,3,3,0.3271,0.3194,0.3066,0.3233
2025-09-08,776400,0.3385,0.3423,0.1822,0.2527,0.3302,0.3384,0.2851,0.3354,3,3,0.3328,0.3295,0.3025,0.3313
2025-09-08,776405,0.3584,0.3591,0.2144,0.2406,0.3445,0.3567,0.3364,0.2997,3,3,0.3499,0.3622,0.3208,0.3114
2025-09-08,776406,0.3248,0.3240,0.2013,0.2365,0.3077,0.3113,0.3206,0.3327,3,3,0.3212,0.3360,0.3334,0.3093
2025-09-08,776407,0.3099,0.3422,0.2303,0.1460,0.2868,0.3356,0.3071,0.3013,3,3,0.2984,0.3708,0.3044,0.3392
2025-09-08,776408,0.3149,0.3747,0.2150,0.1818,0.3088,0.3740,0.2711,0.3413,3,3,0.3162,0.4261,0.3027,0.3377
2025-09-08,776409,0.3242,0.3187,0.2276,0.2032,0.3233,0.3176,0.3346,0.3151,3,3,0.2917,0.2926,0.3288,0.3067
2025-09-08,776410,0.3218,0.3512,0.2169,0.2501,0.3210,0.3430,0.3149,0.2783,3,3,0.3304,0.3289,0.3221,0.3039
2025-09-08,776411,0.3297,0.3256,0.2161,0.2629,0.3263,0.3454,0.3148,0.3204,3,3,0.3197,0.3548,0.3180,0.3212
2025-09-08,776412,0.3481,0.3314,0.2477,0.1877,0.3407,0.3244,0.3356,0.2970,3,3,0.3467,0.3457,0.3103,0.3291
2025-09-08,776413,0.3087,0.3204,0.2007,0.1660,0.3338,0.3119,0.3367,0.3015,3,3,0.3140,0.3152,0.2898,0.3114
2025-09-09,776388,0.3234,0.3315,0.1785,0.2202,0.3115,0.3278,0.3329,0.3309,3,3,0.2916,0.3245,0.3216,0.3180
2025-09-09,776389,0.3134,0.3742,0.2163,0.1817,0.3001,0.3727,0.3102,0.3447,3,3,0.3153,0.4259,0.3025,0.3604
2025-09-09,776390,0.3061,0.3236,0.2383,0.2715,0.3219,0.3423,0.3221,0.3167,3,3,0.2827,0.3557,0.3235,0.2952
2025-09-09,776391,0.3391,0.3422,0.1819,0.2527,0.3293,0.3378,0.3051,0.3340,3,3,0.3324,0.3292,0.3328,0.3297
2025-09-09,776392,0.3142,0.3553,0.2269,0.1886,0.2999,0.3391,0.2992,0.3225,3,3,0.2987,0.3697,0.3037,0.3397
2025-09-09,776393,0.3543,0.3507,0.1757,0.1702,0.3378,0.3273,0.3087,0.3055,3,3,0.3236,0.3611,0.3015,0.2938
2025-09-09,776394,0.3539,0.3259,0.1744,0.2777,0.3538,0.3318,0.3010,0.3176,3,3,0.3880,0.2788,0.2897,0.3247
2025-09-09,776395,0.3247,0.3157,0.2168,0.2184,0.3097,0.3201,0.3245,0.3071,3,3,0.3204,0.3111,0.3152,0.3169
2025-09-09,776396,0.3166,0.3497,0.2206,0.2500,0.3291,0.3409,0.3166,,3,3,0.3134,0.3275,0.3279,0.3012
2025-09-09,776397,0.3346,0.3227,0.2246,0.1940,0.3216,0.3242,0.3408,0.3426,3,3,0.3177,0.2930,0.3315,0.3210
2025-09-09,776398,0.3192,0.3312,0.2145,0.2144,0.3092,0.3358,0.3269,0.3101,3,3,0.3272,0.3512,0.3288,0.3574
2025-09-09,776401,0.3241,0.3250,0.2208,0.2248,0.3153,0.3486,0.3019,0.3159,3,3,0.3071,0.3082,0.3241,0.3189
2025-09-09,776402,0.3478,0.3316,0.2480,0.1880,0.3393,0.3269,0.3289,0.3026,3,3,0.3471,0.3443,0.3097,0.3300
2025-09-09,776403,0.3458,0.3084,0.1603,0.1489,0.3291,0.3139,0.3072,0.3081,3,3,0.3225,0.3158,0.3484,0.2777
2025-09-09,776404,0.3821,0.3515,0.2017,0.2412,0.3628,0.3610,0.2897,0.3125,3,3,0.3494,0.3033,0.3283,0.3218
2025-09-10,776373,0.3139,0.3422,0.2134,0.2519,0.3195,0.3370,0.2832,0.3127,3,3,0.3333,0.3295,0.3326,0.3178
2025-09-10,776374,0.3207,0.3398,0.1671,0.2469,0.3257,0.3400,0.3475,0.3241,3,3,0.3275,0.3200,0.3077,0.3136
2025-09-10,776375,0.3252,0.3098,0.2168,0.2093,0.3100,0.3139,0.3224,0.2984,3,3,0.3207,0.3108,0.3122,0.3161
2025-09-10,776376,0.3337,0.3414,0.2179,0.2613,0.3342,0.3451,0.3358,0.2998,3,3,0.3516,0.3556,0.3240,0.3260
2025-09-10,776377,0.3089,0.3408,0.2316,0.1461,0.2858,0.3344,0.2988,0.3027,3,3,0.2984,0.3695,0.3071,0.3202
2025-09-10,776378,0.3229,0.3315,0.1789,0.2219,0.3101,0.3327,0.3249,0.2924,3,3,0.2923,0.3227,0.3220,0.3161
2025-09-10,776379,0.3107,0.3301,0.2048,0.1886,0.3164,0.3301,0.3163,0.3246,3,3,0.3300,0.3047,0.3114,0.3038
2025-09-10,776380,0.3096,0.3651,0.2304,0.2069,0.2993,0.3543,0.2894,0.3353,3,3,0.3155,0.4256,0.3091,0.3174
2025-09-10,776381,0.3373,0.3516,0.1957,0.2184,0.3260,0.3290,0.2696,0.3159,3,3,0.3152,0.3441,0.3177,0.3282
2025-09-10,776382,0.3454,0.3231,0.1603,0.1536,0.3290,0.3154,0.3309,0.3269,3,3,0.3219,0.3162,0.3439,0.3115
2025-09-10,776383,0.3301,0.3310,0.2056,0.2149,0.3215,0.3349,0.2978,0.3089,3,3,0.3385,0.3509,0.3289,0.3355
2025-09-10,776384,0.3507,0.3250,0.2366,0.2517,0.3422,0.3499,0.2852,0.3150,3,3,0.2936,0.3043,0.3435,0.3240
2025-09-10,776385,0.3550,0.3550,0.1750,0.1615,0.3416,0.3257,0.3297,0.3151,3,3,0.3237,0.3617,0.3152,0.3215
2025-09-10,776386,0.3251,0.3217,0.2415,0.1813,0.3340,0.3199,0.3043,0.3445,3,3,0.3176,0.2933,0.3340,0.3207
2025-09-10,776387,0.3239,0.3224,0.2210,0.2228,0.3151,0.3477,0.3185,0.2715,3,3,0.3074,0.3092,0.3276,0.3003
2025-09-11,776362,0.3390,0.3417,0.2593,0.2521,0.3450,0.3358,0.3150,0.3106,3,3,0.3566,0.3286,0.3189,0.3322
2025-09-11,776364,0.3204,0.2977,0.1960,0.1912,0.3098,0.3200,0.3183,0.3093,3,3,0.2912,0.3009,0.2957,0.3167
2025-09-11,776365,0.3133,0.3347,0.2175,0.2186,0.3013,0.3381,0.3425,0.3278,3,3,0.3155,0.3695,0.3015,0.3398
2025-09-11,776367,0.3154,0.3222,0.2231,0.1918,0.3171,0.3257,0.3097,0.3153,3,3,0.3164,0.2939,0.3177,0.3151
2025-09-11,776368,0.3428,0.3653,0.2141,0.2184,0.3413,0.3852,0.3168,0.2984,3,3,0.3423,0.3269,0.3139,0.3402
2025-09-11,776369,0.3552,0.3548,0.1750,0.1613,0.3407,0.3273,0.3157,0.3098,3,3,0.3227,0.3612,0.3220,0.3056
2025-09-11,776370,0.3425,0.3229,0.1855,0.1535,0.3435,0.3175,0.3187,0.3355,3,3,0.3141,0.3160,0.3394,0.3125
2025-09-11,776371,0.3824,0.3531,0.2026,0.2417,0.3618,0.3631,0.2992,0.2962,3,3,0.3495,0.3049,0.3287,0.3214
2025-09-11,776372,0.3220,0.3146,0.2300,0.2342,0.3098,0.3509,0.3428,0.2979,3,3,0.3063,0.3089,0.3032,0.3209
2025-09-12,776345,0.3165,0.3420,0.2826,0.2516,0.3269,0.3359,0.2918,0.3218,3,3,0.3567,0.3287,0.3197,0.3291
2025-09-12,776350,0.3747,0.3398,0.1811,0.2476,0.3729,0.3394,0.3135,0.2789,3,3,0.4253,0.3195,0.3185,0.3254
2025-09-12,776351,0.3228,0.3239,0.2213,0.2424,0.3137,0.3332,0.3291,0.3262,3,3,0.3064,0.3163,0.3191,0.3326
2025-09-12,776352,0.3152,0.3400,0.1902,0.2245,0.3129,0.3285,0.2945,0.3017,3,3,0.2940,0.3460,0.3073,0.3113
2025-09-12,776353,0.3223,0.3337,0.2283,0.1875,0.3520,0.3338,0.3251,0.3091,3,3,0.3092,0.3080,0.3275,0.3161
2025-09-12,776354,0.3502,0.3533,0.1765,0.2419,0.3290,0.3675,0.3369,0.3210,3,3,0.3367,0.3061,0.3393,0.3211
2025-09-12,776355,0.3285,0.3344,0.1874,0.2184,0.3268,0.3335,0.3092,0.3231,3,3,0.3284,0.3532,0.3146,0.3117
2025-09-12,776356,0.3421,0.3107,0.1619,0.1850,0.3203,0.3143,0.3132,0.3079,3,3,0.3405,0.2937,0.3421,0.3376
2025-09-12,776357,0.3086,0.3399,0.2315,0.1472,0.2998,0.3324,0.3235,0.3450,3,3,0.3152,0.3685,0.3081,0.3391
2025-09-12,776358,0.3074,0.3370,0.1977,0.2581,0.2938,0.3182,0.3253,0.3279,3,3,0.2989,0.3170,0.3079,0.3314
2025-09-12,776359,0.3196,0.3814,0.2222,0.2033,0.3188,0.3613,0.3119,0.2929,3,3,0.3106,0.3488,0.3173,0.3287
2025-09-12,776360,0.3167,0.3341,0.2236,0.2193,0.3301,0.3223,0.3050,0.3135,3,3,0.3408,0.3432,0.3298,0.3229
2025-09-12,776361,0.3321,0.3091,0.2198,0.1484,0.3331,0.3128,0.3064,0.3410,3,3,0.3239,0.3160,0.3154,0.3078
2025-09-12,776363,0.3782,0.3214,0.2332,0.2164,0.3765,0.3239,0.3292,0.3096,3,3,0.3506,0.3290,0.3206,0.3147
2025-09-12,776366,0.3320,0.3220,0.2205,0.1913,0.3282,0.3241,0.3264,0.2677,3,3,0.3078,0.2934,0.3294,0.3219
2025-09-13,776328,0.3744,0.3399,0.1810,0.2482,0.3727,0.3395,0.3096,0.3082,3,3,0.4255,0.3197,0.3111,0.3133
2025-09-13,776333,0.3297,0.3420,0.2747,0.2510,0.3259,0.3350,0.2679,0.3053,3,3,0.3548,0.3279,0.3194,0.3290
2025-09-13,776336,0.3215,0.3239,0.2300,0.2424,0.3106,0.3323,0.3006,0.3292,3,3,0.3064,0.3163,0.3189,0.3328
2025-09-13,776337,0.3549,0.3353,0.1737,0.2179,0.3547,0.3351,0.2994,0.3136,3,3,0.3308,0.3540,0.3065,0.3202
2025-09-13,776338,0.3234,0.3407,0.1787,0.2254,0.3120,0.3294,0.3375,0.2922,3,3,0.2932,0.3472,0.3208,0.3112
2025-09-13,776339,0.3307,0.3108,0.1893,0.1844,0.3305,0.3139,0.2933,0.3054,3,3,0.3405,0.2937,0.3417,0.3380
2025-09-13,776340,0.3086,0.3364,0.2323,0.2581,0.2874,0.3183,0.3247,0.2857,3,3,0.3001,0.3178,0.3036,0.3310
2025-09-13,776341,0.3005,0.3068,0.2172,0.1970,0.2972,0.3174,0.2969,0.3460,3,3,0.3139,0.3050,0.3014,0.3385
2025-09-13,776342,0.3496,0.3539,0.1763,0.2424,0.3285,0.3689,0.3430,0.3167,3,3,0.3362,0.3063,0.3389,0.3247
2025-09-13,776343,0.3320,0.3670,0.2312,0.1555,0.3509,0.3278,0.3334,0.3141,3,3,0.3096,0.3612,0.3260,0.2899
2025-09-13,776344,0.3781,0.3222,0.2334,0.2202,0.3775,0.3397,0.3175,0.3023,3,3,0.3494,0.3307,0.3267,0.3218
2025-09-13,776346,0.3539,0.3510,0.1767,0.2175,0.3380,0.3277,0.3264,0.2882,3,3,0.3228,0.3421,0.3187,0.3225
2025-09-13,776347,0.3294,0.3264,0.2195,0.2333,0.3354,0.3350,0.3321,0.3234,3,3,0.3063,0.3405,0.3294,0.3221
2025-09-13,776348,0.3099,0.3081,0.2052,0.1728,0.3213,0.3136,0.3062,0.3412,3,3,0.3040,0.3154,0.3243,0.3123
2025-09-13,776349,0.3279,0.3813,0.2172,0.2029,0.3310,0.3613,0.3142,0.3365,3,3,0.3111,0.3486,0.3179,0.3123
2025-09-14,776317,0.3042,0.3122,0.2342,0.2275,0.3246,0.3184,0.3044,0.3164,3,3,0.3035,0.3279,0.3199,0.3310
2025-09-14,776320,0.3097,0.3195,0.2416,0.2700,0.3191,0.3239,0.3185,0.3173,3,3,0.3074,0.3159,0.3146,0.3039
2025-09-14,776321,0.3376,0.3379,0.2044,0.1951,0.3259,0.3256,0.2974,0.3263,3,3,0.3405,0.3463,0.2725,0.3232
2025-09-14,776322,0.3052,0.3294,0.2349,0.1752,0.3188,0.3045,0.3192,0.3107,3,3,0.3020,0.3608,0.3030,0.3050
2025-09-14,776323,0.3099,0.3549,0.2188,0.2182,0.2849,0.3133,0.2935,0.3433,3,3,0.3156,0.3682,0.3059,0.3376
2025-09-14,776324,0.3546,0.3243,0.1739,0.2553,0.3533,0.3300,0.3004,0.3099,3,3,0.3308,0.3526,0.2995,0.3303
2025-09-14,776325,0.3443,0.3440,0.2562,0.2509,0.3585,0.3327,0.3017,0.2769,3,3,0.4261,0.3330,0.3331,0.3318
2025-09-14,776326,0.3400,0.3161,0.1815,0.1975,0.3334,0.3032,0.3239,0.3379,3,3,0.3300,0.2941,0.2961,0.3037
2025-09-14,776327,0.3079,0.3320,0.2315,0.2026,0.2887,0.3198,0.3216,0.2990,3,3,0.2988,0.3284,0.3153,0.3277
2025-09-14,776329,0.3538,0.3508,0.1774,0.2170,0.3375,0.3264,0.3168,0.2980,3,3,0.3227,0.3422,0.3214,0.3054
2025-09-14,776330,0.3659,0.3213,0.2191,0.2157,0.3878,0.3221,0.2755,0.3139,3,3,0.3240,0.3305,0.3370,0.3206
2025-09-14,776331,0.3306,0.3085,0.2209,0.1487,0.3356,0.3134,0.3387,0.3381,3,3,0.3220,0.3152,0.3141,0.2753
2025-09-14,776332,0.3052,0.3330,0.2321,0.1904,0.3302,0.3363,0.3393,0.3244,3,3,0.3038,0.3263,0.3294,0.3114
2025-09-14,776334,0.3490,0.3540,0.1762,0.2425,0.3287,0.3684,0.3025,0.3059,3,3,0.3360,0.3065,0.3389,0.3211
2025-09-14,776335,0.3281,0.3811,0.2168,0.2029,0.3315,0.3622,0.3028,0.3192,3,3,0.3111,0.3473,0.3096,0.3283
2025-09-15,776309,0.3399,0.3546,0.2094,0.1737,0.3403,0.3528,0.3174,0.3126,3,3,0.3214,0.3310,0.3412,0.3123
2025-09-15,776311,0.3540,0.3451,0.2423,0.1951,0.3681,0.3519,0.2953,0.2861,3,3,0.3056,0.4252,0.3210,0.3341
2025-09-15,776312,0.2986,0.3430,0.1899,0.1616,0.2973,0.3209,0.3260,0.3217,3,3,0.2987,0.3408,0.3178,0.3123
2025-09-15,776313,0.3747,0.3379,0.2082,0.2007,0.3830,0.3367,0.3139,0.3020,3,3,0.3498,0.3514,0.3406,0.3202
2025-09-15,776314,0.3218,0.3293,0.2222,0.2216,0.3437,0.3343,0.3178,0.3012,3,3,0.3091,0.3218,0.3334,0.3090
2025-09-15,776315,0.3511,0.3218,0.2173,0.2421,0.3258,0.3312,0.3431,0.3302,3,3,0.3437,0.3147,0.3062,0.3340
2025-09-15,776316,0.3562,0.3236,0.1608,0.1793,0.3252,0.3130,0.3120,,3,3,0.3627,0.2928,0.2853,0.3213
2025-09-15,776318,0.3380,0.3237,0.1950,0.2209,0.3261,0.3139,0.3066,0.3150,3,3,0.3457,0.3084,0.3296,0.3230
2025-09-15,776319,0.3095,0.3270,0.2142,0.2045,0.3107,0.3339,0.3013,0.3315,3,3,0.2935,0.3218,0.3208,0.3046
2025-09-16,776293,0.3325,0.3138,0.1909,0.2174,0.3354,0.2992,0.3346,0.2933,3,3,0.3260,0.3158,0.3174,0.3010
2025-09-16,776294,0.3388,0.3549,0.2486,0.1735,0.3403,0.3534,0.3233,0.3174,3,3,0.3201,0.3328,0.3132,0.3130
2025-09-16,776295,0.3210,0.3158,0.2705,0.1977,0.3229,0.3041,0.2910,0.3289,3,3,0.2764,0.2932,0.3303,0.3288
2025-09-16,776297,0.3540,0.3658,0.2433,0.2054,0.3678,0.3519,0.2922,0.2866,3,3,0.3046,0.4250,0.3221,0.3341
2025-09-16,776298,0.3798,0.3359,0.2326,0.2182,0.3774,0.3333,0.3157,0.3184,3,3,0.3509,0.3518,0.3004,0.3142
2025-09-16,776300,0.3014,0.3314,0.2147,0.1571,0.3153,0.3217,0.3305,0.3009,3,3,0.2984,0.3408,0.3349,0.3077
2025-09-16,776301,0.3203,0.3226,0.2214,0.1808,0.3175,0.3296,0.3114,0.3017,3,3,0.3110,0.3222,0.2906,0.3045
2025-09-16,776302,0.3424,0.3421,0.2506,0.1850,0.3358,0.3426,0.3135,0.2822,3,3,0.3269,0.3146,0.3186,0.3388
2025-09-16,776303,0.3087,0.3294,0.1493,0.2078,0.3131,0.3171,0.3073,0.3039,3,3,0.3156,0.3390,0.3026,0.3300
2025-09-16,776304,0.3405,0.3814,0.1477,0.2023,0.3348,0.3625,0.3111,0.3027,3,3,0.3687,0.3475,0.3380,0.3278
2025-09-16,776305,0.3559,0.3229,0.1611,0.1810,0.3262,0.3134,0.3093,0.3284,3,3,0.3626,0.2911,0.3331,0.3207
2025-09-16,776306,0.3218,0.3216,0.2298,0.2229,0.3496,0.3305,0.3187,0.3149,3,3,0.3104,0.3031,0.3340,0.3122
2025-09-16,776307,0.3524,0.2978,0.2168,0.2311,0.3254,0.3165,0.3149,0.2767,3,3,0.3435,0.2896,0.3362,0.3237
2025-09-16,776308,0.3383,0.3238,0.1947,0.2202,0.3258,0.3126,0.2697,0.3068,3,3,0.3465,0.3078,0.3251,0.3216
2025-09-16,776310,0.3326,0.3215,0.2022,0.2202,0.3180,0.3419,0.3089,0.3221,3,3,0.3273,0.3317,0.3499,0.3207
2025-09-17,776277,0.3267,0.3096,0.1922,0.2315,0.3278,0.2984,0.3334,0.3125,3,3,0.3392,0.3161,0.3098,0.3066
2025-09-17,776279,0.3249,0.3554,0.2790,0.1730,0.3346,0.3531,0.3356,0.3173,3,3,0.2789,0.3334,0.3304,0.3142
2025-09-17,776280,0.3538,0.3658,0.2432,0.2054,0.3667,0.3510,0.2896,0.2968,3,3,0.3040,0.4252,0.3202,0.3344
2025-09-17,776283,0.3061,0.3385,0.2646,0.1829,0.3254,0.3290,0.3092,0.3270,3,3,0.3043,0.3289,0.2880,0.3026
2025-09-17,776284,0.3731,0.3359,0.2370,0.2181,0.3762,0.3330,0.3127,0.3103,3,3,0.3503,0.3515,0.3249,0.3132
2025-09-17,776285,0.3346,0.2998,0.2231,0.1922,0.3560,0.3231,0.3239,0.3249,3,3,0.3095,0.3043,0.3136,0.3109
2025-09-17,776286,0.3549,0.3328,0.2150,0.2277,0.3293,0.3193,0.3301,0.3171,3,3,0.3458,0.3526,0.3231,0.3356
2025-09-17,776287,0.3395,0.3097,0.1940,0.2095,0.3283,0.2994,0.3023,0.2986,3,3,0.3490,0.3062,0.3162,0.3209
2025-09-17,776288,0.3401,0.3819,0.1474,0.2025,0.3337,0.3640,0.3199,0.2976,3,3,0.3681,0.3488,0.3379,0.3248
2025-09-17,776289,0.3437,0.3420,0.2495,0.1841,0.3371,0.3416,0.2790,0.3250,3,3,0.3284,0.3139,0.3273,0.3037
2025-09-17,776290,0.3554,0.3045,0.1608,0.1478,0.3252,0.3159,0.3079,0.3099,3,3,0.3622,0.2914,0.3309,0.3158
2025-09-17,776291,0.3296,0.3164,0.2427,0.1973,0.3376,0.3048,0.2854,0.3113,3,3,0.3032,0.2944,0.3241,0.3293
2025-09-17,776292,0.3000,0.3144,0.2356,0.1649,0.3024,0.3286,0.2983,0.2838,3,3,0.2645,0.3230,0.2978,0.3255
2025-09-17,776296,0.3194,0.3177,0.1660,0.2259,0.3104,0.3401,0.3165,0.3183,3,3,0.3164,0.2686,0.2745,0.3308
2025-09-17,776299,0.3502,0.3208,0.2492,0.2146,0.3365,0.3221,0.3309,0.3128,3,3,0.3646,0.3295,0.3224,0.3055
2025-09-18,776269,0.3553,0.3239,0.1609,0.1806,0.3264,0.3134,0.3108,0.3251,3,3,0.3624,0.2930,0.3061,0.2905
2025-09-18,776270,0.3331,0.3160,0.2169,0.2166,0.3261,0.2984,0.3432,0.3226,3,3,0.3396,0.3153,0.3103,0.3011
2025-09-18,776271,0.3386,0.3746,0.2482,0.1810,0.3414,0.3697,0.2795,0.3101,3,3,0.3207,0.4256,0.3135,0.3479
2025-09-18,776272,0.3431,0.3438,0.2501,0.1782,0.3359,0.3326,0.3176,0.3080,3,3,0.3274,0.3202,0.3305,0.3140
2025-09-18,776274,0.3279,0.3247,0.2791,0.2014,0.3231,0.3117,0.2912,0.3172,3,3,0.2980,0.3151,0.3237,0.3351
2025-09-18,776275,0.3091,0.3436,0.1490,0.2147,0.3126,0.3386,0.2691,0.2978,3,3,0.3160,0.3461,0.3069,0.3306
2025-09-18,776276,0.3408,0.3827,0.1468,0.2026,0.3343,0.3656,0.3216,0.3574,3,3,0.3692,0.3491,0.3512,0.3264
2025-09-18,776278,0.3224,0.3387,0.2147,0.2263,0.3243,0.3519,0.3357,0.3001,3,3,0.3303,0.3231,0.3205,0.3239
2025-09-18,776281,0.3459,0.3213,0.2647,0.2134,0.3259,0.3223,0.3270,0.3041,3,3,0.3161,0.3303,0.3226,0.3154
2025-09-18,776282,0.3406,0.3015,0.1934,0.2134,0.3323,0.3259,0.2883,0.3374,3,3,0.3505,0.2981,0.3408,0.2995
2025-09-19,776251,0.3338,0.2950,0.1883,0.2590,0.3330,0.3188,0.3209,0.3072,3,3,0.3335,0.2653,0.3030,0.3216
2025-09-19,776253,0.3332,0.3167,0.2308,0.2156,0.3326,0.2996,0.3532,0.3103,3,3,0.3223,0.3158,0.3395,0.2857
2025-09-19,776255,0.3532,0.3549,0.2438,0.1724,0.3645,0.3518,0.3102,0.3297,3,3,0.3030,0.3330,0.3249,0.3147
2025-09-19,776256,0.3387,0.3659,0.2481,0.2052,0.3416,0.3500,0.3107,0.3024,3,3,0.3214,0.4264,0.3137,0.3344
2025-09-19,776259,0.3324,0.3831,0.2283,0.2022,0.3183,0.3673,0.3169,0.3021,3,3,0.3526,0.3492,0.3345,0.3046
2025-09-19,776260,0.3072,0.3386,0.1716,0.2052,0.3163,0.3169,0.3297,0.3061,3,3,0.2909,0.3522,0.3329,0.3035
2025-09-19,776261,0.3156,0.3029,0.2426,0.1965,0.3275,0.3261,0.2921,0.2809,3,3,0.3297,0.2857,0.3238,0.2825
2025-09-19,776262,0.3426,0.3262,0.2504,0.1794,0.3357,0.3296,0.2847,0.2682,3,3,0.3267,0.3236,0.3303,0.3186
2025-09-19,776263,0.3094,0.3357,0.1486,0.2012,0.3135,0.3336,0.3211,0.3109,3,3,0.3155,0.3511,0.2900,0.3012
2025-09-19,776264,0.3407,0.3210,0.1468,0.2240,0.3347,0.3319,0.3262,0.2970,3,3,0.3694,0.3042,0.3501,0.3122
2025-09-19,776265,0.3165,0.3427,0.1968,0.1610,0.3042,0.3209,0.3042,0.2943,3,3,0.2947,0.3407,0.2953,0.2932
2025-09-19,776266,0.3467,0.3167,0.2651,0.2581,0.3307,0.3067,0.3268,0.3125,3,3,0.3155,0.3071,0.3327,0.3233
2025-09-19,776267,0.3398,0.2980,0.1953,0.1907,0.3329,0.2971,0.2947,0.2993,3,3,0.3196,0.2972,0.3248,0.3024
2025-09-19,776268,0.3552,0.2891,0.2147,0.2596,0.3288,0.3247,0.3263,0.3340,3,3,0.3454,0.3061,0.3234,0.3305
2025-09-19,776273,0.3809,0.3327,0.2003,0.2250,0.3898,0.3543,0.3082,0.3267,3,3,0.3669,0.3079,0.3271,0.3290
2025-09-20,776233,0.3386,0.3738,0.2494,0.1818,0.3438,0.3686,0.2787,0.3135,3,3,0.3222,0.4264,0.3315,0.3471
2025-09-20,776241,0.3157,0.3172,0.2386,0.2158,0.3261,0.3007,0.3439,0.3183,3,3,0.3226,0.3178,0.3392,0.2807
2025-09-20,776242,0.3232,0.3212,0.1885,0.1968,0.3227,0.3253,0.3261,0.3330,3,3,0.3426,0.3378,0.3186,0.3160
2025-09-20,776243,0.2799,0.3103,0.2649,0.2347,0.3077,0.3320,0.3048,0.3300,3,3,0.2722,0.3497,0.3069,0.3005
2025-09-20,776244,0.3161,0.3434,0.1976,0.1605,0.3043,0.3221,0.3368,0.3166,3,3,0.2949,0.3416,0.3066,0.2926
2025-09-20,776245,0.3540,0.3576,0.1692,0.1808,0.3293,0.3378,0.3102,0.3043,3,3,0.3630,0.3619,0.3155,0.3397
2025-09-20,776246,0.3532,0.3558,0.2435,0.1724,0.3631,0.3533,0.3150,0.3347,3,3,0.3030,0.3329,0.3253,0.3150
2025-09-20,776247,0.3214,0.3270,0.2134,0.1607,0.3218,0.3261,0.3081,0.3270,3,3,0.3302,0.2971,0.3047,0.3061
2025-09-20,776248,0.3421,0.3261,0.2503,0.1801,0.3352,0.3280,0.3045,0.2993,3,3,0.3257,0.3231,0.3272,0.2944
2025-09-20,776250,0.3402,0.3198,0.1469,0.2242,0.3337,0.3344,0.3261,0.3043,3,3,0.3684,0.3022,0.3501,0.3133
2025-09-20,776252,0.3263,0.3839,0.2318,0.2016,0.3406,0.3677,0.3053,0.3150,3,3,0.3515,0.3502,0.3155,0.3250
2025-09-20,776254,0.3402,0.2995,0.1942,0.1795,0.3310,0.3075,0.3199,0.3316,3,3,0.3503,0.2972,0.3326,0.3266
2025-09-20,776257,0.3932,0.3325,0.2286,0.2247,0.3905,0.3531,0.3523,0.2948,3,3,0.3530,0.3079,0.3291,0.3356
2025-09-20,776258,0.3558,0.3294,0.2139,0.2086,0.3308,0.3195,0.3362,0.3168,3,3,0.3455,0.3405,0.3247,0.3305
2025-09-21,776225,0.3225,0.3300,0.1549,0.2264,0.3135,0.3379,0.3062,0.3065,3,3,0.3160,0.3479,0.3011,0.3147
2025-09-21,776226,0.3232,0.3346,0.1882,0.2214,0.3215,0.3198,0.3238,0.3027,3,3,0.3424,0.3379,0.3187,0.3090
2025-09-21,776227,0.3238,0.3741,0.2797,0.1825,0.3353,0.3681,0.3013,0.3162,3,3,0.2775,0.4271,0.3348,0.3407
2025-09-21,776228,0.3422,0.3205,0.2501,0.1800,0.3348,0.3196,0.3127,0.2796,3,3,0.3255,0.3079,0.3174,0.3291
2025-09-21,776229,0.3521,0.3419,0.2012,0.1834,0.3248,0.3407,0.3156,0.3099,3,3,0.3624,0.3125,0.2898,0.3390
2025-09-21,776230,0.3527,0.3553,0.2431,0.1722,0.3649,0.3529,0.3299,0.2880,3,3,0.3028,0.3843,0.3250,0.3151
2025-09-21,776231,0.3196,0.3255,0.2063,0.2014,0.3236,0.3239,0.3381,0.3037,3,3,0.3142,0.2886,0.3246,0.2843
2025-09-21,776232,0.3443,0.3120,0.2706,0.2573,0.3403,0.2993,0.3433,0.3251,3,3,0.3549,0.3170,0.3181,0.3071
2025-09-21,776234,0.3177,0.3046,0.2467,0.3056,0.3449,0.3235,0.3266,0.3296,3,3,0.2984,0.3337,0.2923,0.3275
2025-09-21,776235,0.3402,0.3206,0.1471,0.2249,0.3337,0.3332,0.3339,0.3090,3,3,0.3677,0.3018,0.3503,0.3019
2025-09-21,776236,0.3219,0.3264,0.2134,0.1602,0.3209,0.3255,0.3097,0.3030,3,3,0.3301,0.2954,0.3249,0.3217
2025-09-21,776237,0.3177,0.3700,0.2531,0.1997,0.3326,0.3481,0.3090,0.3629,3,3,0.3514,0.3509,0.2914,0.2995
2025-09-21,776238,0.3555,0.3444,0.2138,0.2141,0.3301,0.3398,0.3100,0.3269,3,3,0.3449,0.3479,0.3252,0.3313
2025-09-21,776239,0.3392,0.3005,0.1955,0.2159,0.3319,0.3165,0.3026,0.3148,3,3,0.3191,0.2976,0.3242,0.3083
2025-09-21,776240,0.3759,0.3313,0.2086,0.2274,0.3820,0.3487,0.3013,0.3166,3,3,0.3528,0.3071,0.3424,0.3161
2025-09-22,776220,0.3401,0.3384,0.1810,0.2497,0.3306,0.3442,0.3137,0.3077,3,3,0.3286,0.3217,0.2919,0.3226
2025-09-22,776221,0.2968,0.3552,0.2098,0.2133,0.3189,0.3297,0.2747,0.3155,3,3,0.2865,0.3430,0.2991,0.2827
2025-09-22,776222,0.3239,0.3357,0.2177,0.1489,0.3149,0.3241,0.3018,0.2982,3,3,0.3385,0.3061,0.3169,0.3365
2025-09-23,776207,0.3447,0.3366,0.1584,0.2330,0.3290,0.3312,0.3221,0.2881,3,3,0.3206,0.3537,0.3349,0.3292
2025-09-23,776208,0.3205,0.3414,0.1803,0.2500,0.3196,0.3290,0.3233,0.3135,3,3,0.3094,0.3596,0.3272,0.3318
2025-09-23,776209,0.3840,0.3386,0.2011,0.1957,0.3668,0.3319,0.3049,0.3439,3,3,0.3512,0.3187,0.3246,0.3359
2025-09-23,776210,0.3287,0.2852,0.2154,0.2328,0.3405,0.3161,0.3394,0.3233,3,3,0.3479,0.2830,0.3132,0.3187
2025-09-23,776211,0.3329,0.3243,0.1736,0.2794,0.3192,0.3358,0.3072,0.3096,3,3,0.3052,0.2775,0.2931,0.3132
2025-09-23,776212,0.3176,0.3421,0.2577,0.2507,0.3057,0.3338,0.3154,0.3331,3,3,0.3171,0.3252,0.3003,0.3303
2025-09-23,776213,0.3738,0.3554,0.1824,0.1717,0.3676,0.3526,0.3340,0.2917,3,3,0.4267,0.3319,0.3479,0.3148
2025-09-23,776214,0.3244,0.3168,0.2177,0.1441,0.3143,0.3162,0.3573,,3,3,0.3406,0.3065,0.2924,0.3442
2025-09-23,776215,0.3256,0.3035,0.1776,0.2182,0.3125,0.3310,0.2760,0.3079,3,3,0.3256,0.3034,0.3169,0.3079
2025-09-23,776216,0.3211,0.3752,0.2256,0.2100,0.3340,0.3815,0.3246,0.3180,3,3,0.3037,0.3513,0.3024,0.3148
2025-09-23,776217,0.3222,0.3521,0.2137,0.2009,0.3213,0.3258,0.3138,0.3315,3,3,0.3303,0.3627,0.3259,0.3314
2025-09-23,776218,0.3292,0.3196,0.2186,0.1659,0.3338,0.3106,0.3182,0.2688,3,3,0.3022,0.3166,0.3304,0.3006
2025-09-23,776219,0.3181,0.3562,0.2337,0.2133,0.3291,0.3311,0.3137,0.3283,3,3,0.2909,0.3435,0.3352,0.3312
2025-09-23,776223,0.2937,0.3311,0.1681,0.2260,0.3134,0.3507,0.3142,0.3033,3,3,0.2957,0.3063,0.3084,0.3384
2025-09-23,776224,0.3266,0.2982,0.2586,0.1897,0.3177,0.2990,0.3276,0.3162,3,3,0.3328,0.2965,0.3156,0.3139
2025-09-24,776192,0.3315,0.3058,0.2357,0.2315,0.3372,0.3138,0.2936,0.3101,3,3,0.3470,0.3050,0.3060,0.3220
2025-09-24,776193,0.3733,0.3554,0.1823,0.1720,0.3676,0.3519,0.3108,0.2845,3,3,0.4260,0.3835,0.3113,0.3193
2025-09-24,776194,0.3196,0.3247,0.2554,0.2377,0.3033,0.3202,0.3060,0.3513,3,3,0.3166,0.3241,0.3006,0.3173
2025-09-24,776195,0.3202,0.3408,0.1799,0.2502,0.3188,0.3279,0.2990,0.2886,3,3,0.3087,0.3584,0.3255,0.3323
2025-09-24,776196,0.3450,0.3272,0.1586,0.2575,0.3223,0.3240,0.3197,0.3039,3,3,0.3407,0.2870,0.3136,0.3250
2025-09-24,776197,0.3447,0.3269,0.1583,0.2175,0.3301,0.3223,0.3168,0.3224,3,3,0.3212,0.3223,0.3360,0.3227
2025-09-24,776198,0.3245,0.3359,0.2175,0.1492,0.3155,0.3259,0.2969,0.3129,3,3,0.3400,0.3071,0.3126,0.3217
2025-09-24,776199,0.2979,0.3751,0.1901,0.2104,0.3202,0.3806,0.2995,0.3276,3,3,0.3028,0.3512,0.3158,0.3098
2025-09-24,776200,0.3193,0.3567,0.2433,0.2133,0.3319,0.3311,0.3311,0.3015,3,3,0.3522,0.3439,0.3002,0.3306
2025-09-24,776201,0.3302,0.3035,0.1906,0.2178,0.3339,0.3298,0.2989,0.3109,3,3,0.3264,0.3028,0.2997,0.3134
2025-09-24,776202,0.3175,0.2997,0.2535,0.2150,0.3133,0.3134,0.2868,0.2720,3,3,0.3062,0.2963,0.3314,0.3150
2025-09-24,776203,0.3223,0.3390,0.1951,0.2236,0.3113,0.3419,0.3137,0.3046,3,3,0.2956,0.3289,0.2893,0.3146
2025-09-24,776204,0.3438,0.3225,0.2144,0.1520,0.3393,0.3167,0.2968,0.3143,3,3,0.3478,0.3164,0.3305,0.2777
2025-09-24,776205,0.3842,0.3398,0.2011,0.1947,0.3681,0.3298,0.3005,0.3136,3,3,0.3520,0.3504,0.3229,0.3378
2025-09-24,776206,0.3221,0.3235,0.2142,0.1829,0.3219,0.3090,0.3109,0.2743,3,3,0.3294,0.3629,0.3262,0.3257
2025-09-25,776178,0.3443,0.3339,0.1587,0.2315,0.3303,0.3305,0.3226,0.3244,3,3,0.3210,0.3223,0.3355,0.3196
2025-09-25,776179,0.3042,0.3340,0.2630,0.2684,0.3143,0.3202,0.3414,0.3566,3,3,0.2684,0.3237,0.3000,0.2992
2025-09-25,776182,0.3223,0.3032,0.1929,0.2439,0.3313,0.3292,0.2772,0.2996,3,3,0.3006,0.3259,0.3249,0.2971
2025-09-25,776183,0.3319,0.3097,0.2205,0.2145,0.3345,0.3285,0.3204,0.3115,3,3,0.3479,0.3366,0.3137,0.3278
2025-09-25,776184,0.3071,0.3764,0.2193,0.2098,0.3189,0.3820,0.2954,0.3397,3,3,0.3015,0.3529,0.2874,0.3190
2025-09-25,776185,0.3594,0.3112,0.1786,0.2032,0.3441,0.3198,0.3101,0.2801,3,3,0.4260,0.3322,0.2955,0.3121
2025-09-25,776186,0.3221,0.3557,0.2145,0.1610,0.3229,0.3285,0.3189,0.3188,3,3,0.3287,0.3621,0.3264,0.2835
2025-09-25,776187,0.3837,0.3299,0.2010,0.1726,0.3669,0.3232,0.3013,0.3027,3,3,0.3510,0.3207,0.3236,0.3373
2025-09-25,776188,0.3195,0.3526,0.1889,0.2428,0.3207,0.3650,0.3396,0.3304,3,3,0.3339,0.3013,0.3195,0.3274
2025-09-25,776189,0.3130,0.3198,0.2308,0.1650,0.3045,0.3112,0.2952,0.3273,3,3,0.2929,0.3164,0.3303,0.3026
2025-09-25,776190,0.3166,0.2956,0.2201,0.2321,0.3081,0.2885,0.2961,0.3010,3,3,0.3056,0.2962,0.3234,0.3152
2025-09-25,776191,0.3048,0.3373,0.1974,0.2234,0.3273,0.3395,0.3361,0.2918,3,3,0.2790,0.3256,0.3166,0.3116
2025-09-26,776165,0.3233,0.3205,0.2255,0.2430,0.3329,0.3326,0.3123,0.3311,3,3,0.3015,0.3554,0.2886,0.3249
2025-09-26,776166,0.3154,0.3270,0.2642,0.2383,0.3028,0.3421,0.3068,0.3477,3,3,0.3015,0.2873,0.2822,0.3362
2025-09-26,776167,0.3015,0.3206,0.2081,0.1783,0.3283,0.3246,0.3356,0.3341,3,3,0.3300,0.3262,0.3045,0.3619
2025-09-26,776168,0.3517,0.3436,0.2147,0.2510,0.3494,0.3386,0.3010,0.2930,3,3,0.4264,0.3240,0.3028,0.3107
2025-09-26,776169,0.3210,0.3373,0.1794,0.2341,0.3207,0.3298,0.3125,0.3175,3,3,0.3095,0.3230,0.3260,0.3228
2025-09-26,776170,0.3554,0.3410,0.1724,0.1482,0.3515,0.3343,0.3163,0.3153,3,3,0.3318,0.3691,0.3147,0.3341
2025-09-26,776171,0.3018,0.3241,0.2436,0.2175,0.2954,0.3148,0.3117,0.3190,3,3,0.2967,0.3389,0.3116,0.3156
2025-09-26,776172,0.3431,0.3486,0.1828,0.2536,0.3432,0.3387,0.3146,0.3098,3,3,0.3153,0.3273,0.3392,0.3211
2025-09-26,776173,0.3702,0.3202,0.1982,0.1888,0.3503,0.3219,0.3382,0.3133,3,3,0.3520,0.3357,0.3423,0.3145
2025-09-26,776174,0.3303,0.3690,0.2252,0.2031,0.3512,0.3760,0.3284,0.3103,3,3,0.3061,0.3296,0.3219,0.3471
2025-09-26,776175,0.3088,0.3212,0.2153,0.1551,0.3269,0.3134,0.3317,0.3238,3,3,0.3351,0.3159,0.2978,0.2984
2025-09-26,776176,0.3083,0.3519,0.2583,0.2434,0.3443,0.3659,0.3192,0.2942,3,3,0.3507,0.3007,0.3097,0.3275
2025-09-26,776177,0.3258,0.3554,0.1784,0.1605,0.3157,0.3271,0.3058,0.3124,3,3,0.2973,0.3629,0.3301,0.3082
2025-09-26,776180,0.3158,0.3557,0.2212,0.2151,0.3077,0.3303,0.3166,0.3283,3,3,0.3044,0.3435,0.3267,0.3311
2025-09-26,776181,0.3180,0.3225,0.2060,0.2139,0.3182,0.3225,0.3247,0.3138,3,3,0.3064,0.3290,0.3306,0.3250
2025-09-27,776146,0.3141,0.3253,0.2661,0.2788,0.3038,0.3368,0.3150,0.3282,3,3,0.3031,0.2799,0.3013,0.3127
2025-09-27,776150,0.3134,0.3438,0.2146,0.2516,0.3440,0.3387,0.2864,0.2813,3,3,0.3126,0.3242,0.3248,0.3271
2025-09-27,776152,0.3181,0.2999,0.2020,0.1743,0.3116,0.3177,0.3096,0.3264,3,3,0.3323,0.3039,0.2958,0.3400
2025-09-27,776153,0.2977,0.3239,0.1898,0.2183,0.2942,0.3144,0.3061,0.2982,3,3,0.2979,0.3382,0.3064,0.3232
2025-09-27,776154,0.3425,0.3429,0.1827,0.2492,0.3432,0.3273,0.3253,0.3129,3,3,0.3149,0.3611,0.3391,0.3304
2025-09-27,776155,0.3096,0.3233,0.2286,0.2363,0.3286,0.3362,0.3228,0.2994,3,3,0.3034,0.3013,0.3271,0.3279
2025-09-27,776156,0.3212,0.3421,0.2288,0.2160,0.3057,0.3242,0.3251,0.3192,3,3,0.3182,0.3435,0.3158,0.3302
2025-09-27,776157,0.3333,0.3130,0.2125,0.2445,0.3227,0.3411,0.2984,0.3378,3,3,0.3540,0.2780,0.3303,0.3062
2025-09-27,776158,0.2899,0.3086,0.2114,0.1493,0.3162,0.3129,0.2966,0.3189,3,3,0.2793,0.3149,0.3016,0.3116
2025-09-27,776159,0.3029,0.3560,0.2252,0.1601,0.3050,0.3284,0.3167,0.3099,3,3,0.2963,0.3640,0.3529,0.2840
2025-09-27,776160,0.3229,0.3336,0.2260,0.2293,0.3319,0.3201,0.3456,0.3199,3,3,0.3010,0.3548,0.2888,0.3181
2025-09-27,776161,0.3841,0.3129,0.2010,0.2132,0.3694,0.3095,0.2990,0.3185,3,3,0.3536,0.2949,0.3237,0.3206
2025-09-27,776162,0.3305,0.3950,0.2246,0.2282,0.3503,0.3905,0.3151,0.3533,3,3,0.3066,0.3535,0.3384,0.3123
2025-09-27,776163,0.3287,0.3512,0.2157,0.2437,0.3461,0.3640,0.2877,0.3381,3,3,0.3493,0.2996,0.3122,0.3218
2025-09-27,776164,0.3413,0.3403,0.1810,0.1946,0.3296,0.3323,0.3126,0.3331,3,3,0.3295,0.3523,0.3005,0.3621
2025-09-28,776135,0.3068,0.3186,0.1934,0.2472,0.3190,0.3299,0.3270,0.3337,3,3,0.3163,0.3008,0.3298,0.2941
2025-09-28,776136,0.3094,0.3248,0.2250,0.2001,0.3231,0.3201,0.3238,0.3412,3,3,0.3365,0.3054,0.3055,0.3197
2025-09-28,776137,0.3131,0.3231,0.2674,0.2719,0.3031,0.3412,0.3050,0.3334,3,3,0.3022,0.3241,0.3024,0.3338
2025-09-28,776138,0.3201,0.3225,0.2093,0.2698,0.3153,0.3314,0.3105,0.2981,3,3,0.3280,0.2951,0.3365,0.3000
2025-09-28,776139,0.3400,0.3202,0.2328,0.2596,0.3593,0.3187,0.3249,0.3174,3,3,0.4258,0.3236,0.3325,0.3058
2025-09-28,776140,0.3302,0.3814,0.2248,0.2322,0.3493,0.3758,0.3233,0.2870,3,3,0.3056,0.3528,0.3064,0.3321
2025-09-28,776141,0.3142,0.3551,0.1975,0.2542,0.3365,0.3507,0.2967,0.3108,3,3,0.3221,0.3132,0.3048,0.3097
2025-09-28,776142,0.3209,0.3053,0.2357,0.1817,0.3208,0.3227,0.3320,0.3222,3,3,0.3021,0.2755,0.2841,0.3615
2025-09-28,776143,0.3079,0.2979,0.2117,0.2135,0.3314,0.3172,0.3207,0.3171,3,3,0.3012,0.2897,0.3019,0.3252
2025-09-28,776144,0.2976,0.3236,0.2223,0.2183,0.2963,0.3138,0.2953,0.3274,3,3,0.2969,0.3367,0.3116,0.3126
2025-09-28,776145,0.3430,0.3531,0.2167,0.1696,0.3503,0.3287,0.3101,0.3115,3,3,0.3237,0.3637,0.2887,0.3033
2025-09-28,776147,0.2912,0.3082,0.2259,0.1491,0.3067,0.3123,0.3443,0.3367,3,3,0.2805,0.3150,0.3111,0.2930
2025-09-28,776148,0.3846,0.3196,0.2015,0.1884,0.3700,0.3230,0.3238,0.3089,3,3,0.3540,0.2949,0.3234,0.3108
2025-09-28,776149,0.3048,0.3552,0.2329,0.2150,0.3029,0.3322,0.3248,0.3147,3,3,0.3042,0.3420,0.3237,0.3291
2025-09-28,776151,0.2991,0.3163,0.2533,0.1965,0.3200,0.3040,,0.3367,3,3,0.2980,0.3288,0.3215,0.3123
2025-09-30,813066,0.3423,0.3402,0.1483,0.1948,0.3381,0.3311,0.3009,0.3026,3,3,0.3703,0.3536,0.3352,0.3607
2025-09-30,813069,0.2999,0.3737,0.1826,0.1825,0.3188,0.3675,0.2863,0.2867,3,3,0.2976,0.4265,0.3239,0.3351
2025-09-30,813072,0.3255,0.3148,0.2225,0.1612,0.3296,0.3160,0.3170,0.2668,3,3,0.2982,0.3157,0.3294,0.2979
2025-09-30,813074,0.3185,0.3691,0.1842,0.2027,0.3272,0.3749,0.2959,0.2725,3,3,0.3190,0.3282,0.3045,0.3403
2026-04-01,822835,0.3184,0.3521,0.2398,0.1673,0.3147,0.3298,0.3092,0.3328,3,3,0.3302,0.3603,0.2888,0.3152
2026-04-01,823078,0.3694,0.3378,0.1816,0.1824,0.3437,0.3274,0.3253,0.3013,3,3,0.3537,0.3220,0.3092,0.2978
2026-04-01,823157,0.3723,0.3448,0.2111,0.2163,0.3714,0.3484,0.3024,0.3069,3,3,0.3503,0.3415,0.3463,0.3268
2026-04-01,823321,0.3364,0.3438,0.2481,0.1932,0.3420,0.3354,0.3096,0.3118,3,3,0.3277,0.3657,0.3212,0.3472
2026-04-01,823483,0.3256,0.3211,0.2465,0.2264,0.3297,0.3359,0.2771,0.3168,3,3,0.3489,0.3169,0.3330,0.3132
2026-04-01,823806,0.3034,0.3332,0.2220,0.2143,0.3265,0.3161,0.3080,0.2954,3,3,0.3445,0.3229,0.3113,0.3114
2026-04-01,823889,0.3114,0.3175,0.1964,0.2093,0.3407,0.3184,0.3164,0.3063,3,3,0.3038,0.3234,0.3188,0.3152
2026-04-01,823970,0.3077,0.3736,0.1547,0.1779,0.3151,0.3617,0.2753,0.3167,3,3,0.3144,0.4199,0.3125,0.3552
2026-04-01,824136,0.3099,0.3128,0.2272,0.1829,0.3246,0.3267,0.3132,0.2872,3,3,0.3233,0.2965,0.3233,0.3478
2026-04-01,824211,0.3179,0.3441,0.2160,0.1748,0.3142,0.3172,0.3186,0.2780,3,3,0.3267,0.3159,0.3396,0.3342
2026-04-01,824536,0.3073,0.3066,0.2047,0.2420,0.3230,0.2898,0.3040,0.2777,3,3,0.2812,0.2956,0.3470,0.3463
2026-04-01,824698,0.3433,0.3326,0.2637,0.1645,0.3446,0.3210,0.3095,0.3184,3,3,0.3298,0.3185,0.3191,0.3357
2026-04-01,824860,0.3498,0.3480,0.2192,0.2354,0.3332,0.3513,0.3124,0.2924,3,3,0.3274,0.3342,0.3287,0.2920
2026-04-01,824940,0.3152,0.3556,0.1648,0.2181,0.3109,0.3400,0.2823,0.3234,3,3,0.2988,0.3690,0.3202,0.3279
2026-04-01,825106,0.3346,0.3537,0.2027,0.1753,0.3152,0.3506,0.3180,0.2724,3,3,0.3294,0.3798,0.3448,0.3167
2026-04-02,823242,0.3690,0.3351,0.1808,0.2494,0.3426,0.3405,0.3042,0.3222,3,3,0.3538,0.3263,0.3213,0.3204
2026-04-02,824133,0.3156,0.3431,0.2517,0.1610,0.3254,0.3260,0.2936,0.3092,3,3,0.2892,0.3225,0.3278,0.3298
2026-04-02,824621,0.3601,0.3112,0.1923,0.2058,0.3357,0.3308,0.3009,0.2904,3,3,0.3587,0.3028,0.2981,0.3118
2026-04-02,825105,0.3361,0.3395,0.2202,0.2098,0.3281,0.3452,0.3151,0.3135,3,3,0.3065,0.3794,0.3057,0.3150
2026-04-03,822758,0.3725,0.3368,0.1782,0.2162,0.3621,0.3331,0.3335,0.3112,3,3,0.4189,0.3474,0.3158,0.3058
2026-04-03,822919,0.3102,0.3496,0.2625,0.2189,0.2970,0.3313,0.3138,0.3277,3,3,0.2984,0.3281,0.3452,0.3284
2026-04-03,823240,0.3289,0.3310,0.1939,0.1903,0.3285,0.3331,0.3197,0.3068,3,3,0.3540,0.3257,0.3148,0.3258
2026-04-03,823406,0.3481,0.3160,0.2348,0.2441,0.3515,0.3255,0.3110,0.3065,3,3,0.3343,0.3347,0.3122,0.3532
2026-04-03,823568,0.3158,0.3714,0.1928,0.2113,0.3205,0.3706,0.3261,0.3038,3,3,0.3237,0.3493,0.3244,0.3585
2026-04-03,823732,0.3329,0.3071,0.2297,0.2439,0.3429,0.3227,0.3125,0.3164,3,3,0.2941,0.3179,0.2832,0.3302
2026-04-03,824056,0.3370,0.3397,0.2515,0.2294,0.3450,0.3377,0.2938,0.2787,3,3,0.3196,0.3301,0.3262,0.3181
2026-04-03,824134,0.3053,0.3432,0.2234,0.1610,0.3183,0.3261,0.3293,0.3085,3,3,0.3243,0.3233,0.3231,0.3380
2026-04-03,824299,0.3261,0.3353,0.1969,0.2102,0.3249,0.3333,0.2973,0.3294,3,3,0.2851,0.3364,0.2992,0.3375
2026-04-03,824377,0.3241,0.3195,0.2608,0.2431,0.3460,0.3090,0.3289,0.3177,3,3,0.2988,0.3266,0.3199,0.3180
2026-04-03,824458,0.3323,0.3272,0.1647,0.1587,0.3204,0.3176,0.3031,0.3081,3,3,0.3186,0.3146,0.3357,0.2985
2026-04-03,824786,0.3438,0.3265,0.1928,0.2595,0.3360,0.3199,0.3058,0.3109,3,3,0.3664,0.3487,0.3465,0.3389
2026-04-03,825026,0.3020,0.3386,0.2018,0.2532,0.3270,0.3158,0.3186,0.3143,3,3,0.3216,0.3504,0.2762,0.3225
2026-04-03,825103,0.3425,0.3535,0.1860,0.1750,0.3422,0.3510,0.3239,0.3226,3,3,0.3707,0.3789,0.3421,0.3135
2026-04-04,822757,0.3618,0.3277,0.1874,0.2450,0.3691,0.3322,0.3412,0.2907,3,3,0.4208,0.3481,0.3567,0.3230
2026-04-04,822920,0.3061,0.3492,0.2424,0.2200,0.2896,0.3324,0.3342,0.3150,3,3,0.2960,0.3278,0.3247,0.3289
2026-04-04,823239,0.3388,0.3354,0.1864,0.2508,0.3351,0.3394,0.3170,0.3103,3,3,0.3545,0.3259,0.3211,0.3179
2026-04-04,823404,0.3487,0.3355,0.2354,0.2697,0.3520,0.3274,0.3090,0.3032,3,3,0.3346,0.3331,0.3232,0.3275
2026-04-04,823569,0.3195,0.3726,0.2265,0.2108,0.3195,0.3719,0.3142,0.3267,3,3,0.3139,0.3502,0.3251,0.3526
2026-04-04,823730,0.3362,0.3241,0.2005,0.1839,0.3442,0.3169,0.3341,0.3136,3,3,0.3456,0.3244,0.3096,0.3207
2026-04-04,824054,0.3388,0.3394,0.2610,0.2295,0.3389,0.3375,0.3447,0.3289,3,3,0.3271,0.3288,0.3268,0.3007
2026-04-04,824132,0.3221,0.3432,0.1953,0.1610,0.3249,0.3261,0.3066,0.3054,3,3,0.3243,0.3233,0.3193,0.3380
2026-04-04,824295,0.3357,0.3299,0.1864,0.1996,0.3255,0.3371,0.3123,0.3350,3,3,0.3132,0.3107,0.2977,0.3346
2026-04-04,824378,0.3546,0.3139,0.2213,0.2049,0.3554,0.3072,0.3080,0.3064,3,2,0.3187,0.3163,0.3200,0.3138
2026-04-04,824460,0.3156,0.3090,0.1679,0.1531,0.3168,0.3134,0.3045,0.3071,3,3,0.3195,0.3139,0.3350,0.3261
2026-04-04,824622,0.3513,0.3065,0.1674,0.1878,0.3281,0.3262,0.2987,0.3062,3,3,0.3583,0.3012,0.3101,0.3088
2026-04-04,824782,0.3355,0.3249,0.2047,0.2728,0.3148,0.3294,0.3043,0.3398,3,2,0.3658,0.3464,0.3310,0.3400
2026-04-04,825027,0.2890,0.3254,0.2643,0.2530,0.3172,0.3153,0.3173,0.3185,3,3,0.2607,0.3513,0.3137,0.3245
2026-04-04,825104,0.3576,0.3534,0.2157,0.1744,0.3433,0.3495,0.3138,0.3352,3,3,0.3692,0.3794,0.3262,0.3122
2026-04-05,822756,0.3494,0.3214,0.2176,0.2319,0.3537,0.3294,0.3202,0.3332,3,3,0.4200,0.3482,0.3398,0.3301
2026-04-05,822917,0.3055,0.3482,0.2423,0.2206,0.2910,0.3315,0.3228,0.3082,3,3,0.2955,0.3273,0.3429,0.3291
2026-04-05,823238,0.3289,0.3202,0.1946,0.1837,0.3285,0.3210,0.3072,0.3068,3,3,0.3528,0.3262,0.3210,0.3389
2026-04-05,823405,0.3483,0.3357,0.2357,0.2692,0.3515,0.3283,0.3032,0.3447,3,3,0.3340,0.3336,0.3197,0.3120
2026-04-05,823566,0.3208,0.3743,0.2292,0.2092,0.3260,0.3721,0.2994,0.3040,3,3,0.3172,0.3532,0.3196,0.3572
2026-04-05,823729,0.3367,0.3228,0.1743,0.2259,0.3376,0.3293,0.3066,0.3035,3,3,0.3475,0.3166,0.3088,0.3198
2026-04-05,824053,0.3386,0.3088,0.2613,0.2270,0.3398,0.3290,,0.3032,3,3,0.3264,0.3313,0.3271,0.2945
2026-04-05,824131,0.3211,0.3427,0.1968,0.1624,0.3242,0.3258,0.2921,0.3202,3,3,0.3225,0.3239,0.3264,0.3230
2026-04-05,824296,0.3384,0.3408,0.1857,0.2018,0.3278,0.3407,0.3332,0.3218,3,3,0.3195,0.3480,0.2995,0.3238
2026-04-05,824379,0.3547,0.3164,0.2217,0.2425,0.3561,0.2953,0.3475,0.3360,3,3,0.3197,0.3286,0.3198,0.3151
2026-04-05,824459,0.3415,0.3336,0.2120,0.1563,0.3270,0.3155,0.3343,0.3378,3,3,0.3493,0.3139,0.3109,0.2994
2026-04-05,824620,0.3514,0.3097,0.1673,0.2265,0.3285,0.3327,0.3242,0.3051,3,3,0.3580,0.2994,0.3305,0.3020
2026-04-05,824781,0.3518,0.3252,0.2192,0.2579,0.3179,0.3171,0.2974,0.3365,3,3,0.3450,0.3471,0.3225,0.3403
2026-04-05,825025,0.3549,0.3395,0.1759,0.2539,0.3319,0.3172,0.3062,0.3247,3,3,0.3161,0.3546,0.3211,0.3235
2026-04-05,825102,0.3577,0.3524,0.2145,0.1751,0.3424,0.3479,0.3279,0.3352,3,3,0.3689,0.3780,0.3218,0.3086
2026-04-06,822755,0.3357,0.3149,0.1853,0.2682,0.3248,0.3290,0.3206,0.3083,3,3,0.3128,0.3500,0.2993,0.3221
2026-04-06,822832,0.3550,0.3373,0.1854,0.2187,0.3616,0.3258,0.3254,0.3094,3,3,0.4220,0.3140,0.3450,0.3057
2026-04-06,822918,0.3429,0.3476,0.2170,0.2218,0.3475,0.3305,0.2968,0.2865,3,3,0.3406,0.3279,0.3276,0.3291
2026-04-06,823002,0.3313,0.3366,0.1676,0.1997,0.3166,0.3449,0.3122,0.3125,3,3,0.3213,0.3467,0.3334,0.3193
2026-04-06,823237,0.3542,0.3202,0.2223,0.1831,0.3558,0.3213,0.3247,0.3059,3,3,0.3182,0.3246,0.3188,0.3387
2026-04-06,823401,0.3527,0.3368,0.2185,0.2672,0.3176,0.3298,0.3131,0.3488,3,3,0.3430,0.3360,0.3316,0.3522
2026-04-06,823728,0.3358,0.3239,0.1979,0.2079,0.3187,0.3268,0.2959,0.3189,3,3,0.3377,0.3381,0.3287,0.3218
2026-04-06,823886,0.3049,0.3188,0.2438,0.2349,0.2907,0.3241,0.3247,0.3399,3,3,0.2951,0.3129,0.3428,0.3226
2026-04-06,824052,0.3583,0.3187,0.2133,0.2595,0.3452,0.3414,0.3111,0.2802,3,3,0.3684,0.3307,0.3237,0.2944
2026-04-06,824376,0.3509,0.3115,0.1738,0.2591,0.3330,0.3012,0.3093,0.3133,3,3,0.3240,0.3032,0.3348,0.3234
2026-04-06,824456,0.3437,0.3299,0.1626,0.1546,0.3277,0.3126,0.3012,0.3051,3,3,0.3252,0.3118,0.3454,0.3009
2026-04-06,824619,0.3481,0.3131,0.2357,0.2067,0.3506,0.3339,0.2987,0.3131,3,3,0.3343,0.2978,0.3319,0.3210
2026-04-06,824783,0.3320,0.3387,0.2146,0.2227,0.3136,0.3319,0.3305,0.2849,3,3,0.3223,0.3442,0.3169,0.3162
2026-04-07,822754,0.3363,0.3302,0.1852,0.2452,0.3236,0.3303,0.3082,0.3171,3,3,0.3136,0.3520,0.3002,0.3214
2026-04-07,822831,0.3816,0.3494,0.2029,0.2001,0.3677,0.3282,0.3059,0.2872,3,3,0.4223,0.3570,0.3461,0.3278
2026-04-07,822916,0.3429,0.3478,0.2167,0.2210,0.3490,0.3317,0.3056,0.3021,3,3,0.3387,0.3276,0.3276,0.3286
2026-04-07,822999,0.3316,0.3341,0.1666,0.2168,0.3167,0.3429,0.3206,0.3273,3,3,0.3211,0.3455,0.3033,0.3196
2026-04-07,823235,0.3542,0.3217,0.2225,0.1825,0.3551,0.3226,0.3032,0.2854,3,3,0.3167,0.3265,0.3041,0.3379
2026-04-07,823402,0.3534,0.3373,0.2183,0.2666,0.3185,0.3289,0.2659,0.3036,3,3,0.3438,0.3361,0.3323,0.3293
2026-04-07,823567,0.3405,0.3745,0.2523,0.2093,0.3172,0.3721,0.3013,0.3135,3,3,0.3575,0.3528,0.3242,0.3546
2026-04-07,823648,0.3530,0.3273,0.1741,0.2062,0.3490,0.3260,0.3037,0.3189,3,3,0.3786,0.3519,0.3239,0.3146
2026-04-07,823727,0.3381,0.3262,0.2041,0.2071,0.3397,0.3255,0.3087,0.2741,3,3,0.3437,0.3391,0.3416,0.3234
2026-04-07,823887,0.3045,0.3204,0.2434,0.2294,0.2918,0.3184,0.3179,0.3018,3,3,0.2943,0.3173,0.3357,0.3068
2026-04-07,824051,0.3430,0.3392,0.1839,0.2294,0.3459,0.3443,0.3179,0.3127,3,3,0.3694,0.3321,0.3414,0.2967
2026-04-07,824375,0.3514,0.3108,0.1731,0.2594,0.3317,0.3013,0.3331,0.3169,3,3,0.3243,0.3086,0.3213,0.3259
2026-04-07,824457,0.3326,0.3176,0.1954,0.1696,0.3290,0.3106,0.3198,0.3161,3,3,0.3263,0.3128,0.3472,0.3249
2026-04-07,824618,0.3478,0.3093,0.2357,0.1960,0.3501,0.3402,0.3082,0.3121,3,3,0.3340,0.2993,0.3159,0.3068
2026-04-07,824780,0.3248,0.3411,0.2064,0.2488,0.3200,0.3250,0.2803,0.3017,3,3,0.3340,0.3457,0.3059,0.3155
2026-04-08,822753,0.3362,0.3352,0.1835,0.2241,0.3259,0.3305,0.3394,0.3531,3,3,0.3115,0.3546,0.2965,0.3237
2026-04-08,822833,0.3807,0.3484,0.2030,0.2003,0.3669,0.3259,0.2976,0.2955,3,3,0.4233,0.3558,0.3590,0.3279
2026-04-08,822915,0.3378,0.3471,0.2630,0.2210,0.3407,0.3311,0.3149,0.2829,3,3,0.3242,0.3269,0.3323,0.3277
2026-04-08,823000,0.3316,0.3384,0.1659,0.1979,0.3161,0.3448,0.3098,0.3322,3,3,0.3225,0.3448,0.3135,0.3188
2026-04-08,823234,0.3541,0.3222,0.2217,0.1824,0.3551,0.3235,0.3167,0.3007,3,3,0.3160,0.3279,0.3191,0.3375
2026-04-08,823403,0.3522,0.3357,0.2190,0.2683,0.3162,0.3270,0.3115,0.3143,3,3,0.3429,0.3344,0.3187,0.3279
2026-04-08,823564,0.3397,0.3738,0.2533,0.2083,0.3148,0.3703,0.3239,0.3238,3,3,0.3563,0.3516,0.3229,0.3603
2026-04-08,823646,0.3527,0.3371,0.1747,0.1873,0.3494,0.3314,0.3233,0.3207,3,3,0.3789,0.3519,0.3148,0.3144
2026-04-08,823726,0.3318,0.3121,0.2139,0.2559,0.3249,0.3187,0.3133,0.2991,3,3,0.3238,0.3398,0.3395,0.3230
2026-04-08,823885,0.3050,0.3139,0.2415,0.1955,0.2908,0.3181,0.3064,0.3281,3,3,0.2939,0.3174,0.3416,0.3151
2026-04-08,824050,0.3427,0.3377,0.1860,0.2311,0.3444,0.3432,0.3042,0.3124,3,3,0.3693,0.3306,0.3407,0.3154
2026-04-08,824374,0.3508,0.3150,0.1733,0.2263,0.3313,0.3049,0.3322,0.3172,3,3,0.3255,0.3089,0.3205,0.3045
2026-04-08,824455,0.3437,0.3092,0.1633,0.1516,0.3268,0.3120,0.3047,0.2909,3,3,0.3253,0.3130,0.3508,0.3258
2026-04-08,824617,0.3352,0.3110,0.2130,0.2058,0.3300,0.3314,0.3227,0.2958,3,3,0.3491,0.2994,0.3501,0.3122
2026-04-08,824779,0.3141,0.3307,0.2287,0.2533,0.3178,0.3334,0.3030,,3,3,0.2950,0.3431,0.3051,0.3151
2026-04-09,823319,0.3054,0.3440,0.2088,0.2031,0.3162,0.3300,0.3333,0.2994,3,3,0.3164,0.3222,0.3299,0.3323
2026-04-09,823565,0.3211,0.3598,0.2253,0.1980,0.3036,0.3712,0.3135,0.3150,3,3,0.2924,0.3113,0.3022,0.3488
2026-04-09,823645,0.3387,0.3311,0.1494,0.2090,0.3432,0.3248,0.3028,0.3169,3,3,0.3777,0.3505,0.3020,0.3179
2026-04-09,823724,0.3357,0.3341,0.2257,0.2210,0.3105,0.3190,0.3357,0.3128,3,3,0.3316,0.3416,0.3288,0.3265
2026-04-09,823884,0.3049,0.3155,0.2408,0.1938,0.2917,0.3193,0.3287,0.3137,3,3,0.2942,0.3214,0.3433,0.3212
2026-04-09,824130,0.3107,0.3427,0.2082,0.1642,0.3306,0.3251,0.3149,0.3314,3,3,0.3014,0.3240,0.3146,0.3217
2026-04-10,822829,0.3260,0.3489,0.2052,0.1989,0.3257,0.3263,0.3370,0.3118,3,3,0.3405,0.3558,0.3265,0.3080
2026-04-10,822997,0.3789,0.3340,0.2018,0.1854,0.3781,0.3369,0.3051,0.3223,3,3,0.3718,0.2981,0.3269,0.3132
2026-04-10,823076,0.3168,0.3361,0.1719,0.1824,0.3105,0.3253,0.3378,0.3085,3,3,0.3250,0.3087,0.3427,0.3059
2026-04-10,823156,0.3498,0.3353,0.1726,0.2365,0.3299,0.3464,0.3290,0.3123,3,3,0.3248,0.3184,0.3204,0.3256
2026-04-10,823318,0.3073,0.3513,0.2321,0.2196,0.3017,0.3177,0.3300,0.3374,3,3,0.3098,0.3412,0.3175,0.3335
2026-04-10,823482,0.3386,0.3544,0.1495,0.2214,0.3417,0.3558,0.3035,0.3173,3,3,0.3765,0.3158,0.2980,0.3161
2026-04-10,823643,0.3326,0.3345,0.2653,0.1971,0.3068,0.3248,0.3163,0.3176,3,3,0.3138,0.3506,0.3139,0.3154
2026-04-10,823808,0.3295,0.3316,0.2349,0.2140,0.3343,0.3139,0.2969,0.3427,3,3,0.3557,0.3226,0.3086,0.2988
2026-04-10,823968,0.3265,0.3811,0.2191,0.2028,0.3304,0.3671,0.2894,0.3334,3,3,0.3274,0.4226,0.3266,0.3588
2026-04-10,824128,0.3121,0.3431,0.2057,0.1649,0.3316,0.3253,0.2926,0.3232,3,3,0.3013,0.3256,0.3042,0.3473
2026-04-10,824297,0.3159,0.3234,0.1920,0.1973,0.3227,0.3306,0.3296,0.3354,3,3,0.3235,0.3289,0.3229,0.3422
2026-04-10,824534,0.3034,0.3040,0.2266,0.2417,0.3360,0.2938,0.2956,0.3453,3,3,0.3294,0.2923,0.2943,0.3162
2026-04-10,824695,0.3143,0.3310,0.1892,0.1662,0.3288,0.3151,0.3046,0.3099,3,3,0.3169,0.3226,0.3311,0.3451
2026-04-10,824858,0.3222,0.3349,0.1829,0.2136,0.3227,0.3297,0.3069,0.3136,3,3,0.3281,0.3486,0.3393,0.3267
2026-04-10,824941,0.3314,0.3583,0.1535,0.2173,0.3164,0.3443,0.3256,0.3323,3,3,0.3127,0.3712,0.3124,0.3247
2026-04-11,822830,0.3262,0.3316,0.2054,0.1925,0.3241,0.3319,0.3036,0.2878,3,3,0.3379,0.3017,0.3280,0.3226
2026-04-11,822996,0.3714,0.3368,0.2097,0.2136,0.3700,0.3490,0.3030,0.2979,3,3,0.3512,0.3446,0.3525,0.3096
2026-04-11,823074,0.3233,0.3248,0.2114,0.2309,0.3119,0.3186,0.3319,0.2994,3,3,0.3441,0.3084,0.3425,0.3063
2026-04-11,823155,0.3518,0.3352,0.1973,0.2359,0.3224,0.3477,0.3046,0.3246,3,3,0.3295,0.3192,0.3275,0.3263
2026-04-11,823316,0.3110,0.3513,0.2636,0.2193,0.3004,0.3158,0.3432,0.3186,3,3,0.3103,0.3406,0.3169,0.3239
2026-04-11,823480,0.3532,0.3539,0.1755,0.2223,0.3502,0.3569,0.3427,0.3283,3,3,0.3763,0.3146,0.2984,0.3165
2026-04-11,823644,0.3326,0.3312,0.2641,0.2181,0.3067,0.3353,0.3116,0.3053,3,3,0.3135,0.3504,0.3149,0.3266
2026-04-11,823805,0.3192,0.3201,0.2641,0.1962,0.3311,0.3247,0.3216,0.3233,3,3,0.3574,0.3225,0.3273,0.3295
2026-04-11,823967,0.3265,0.3799,0.2211,0.2034,0.3292,0.3654,0.3094,0.3216,3,3,0.3265,0.4223,0.3259,0.3620
2026-04-11,824129,0.3106,0.3435,0.2126,0.1641,0.3300,0.3247,0.3125,0.3173,3,3,0.2989,0.3265,0.3181,0.3499
2026-04-11,824294,0.3139,0.3226,0.1940,0.2079,0.3206,0.3001,0.3111,0.3319,3,3,0.3207,0.3305,0.3220,0.3411
2026-04-11,824535,0.3431,0.3039,0.2635,0.2407,0.3447,0.2943,0.3114,0.3258,3,3,0.3308,0.2907,0.3203,0.3455
2026-04-11,824697,0.3156,0.3187,0.2424,0.1560,0.3231,0.3138,0.3371,0.2981,3,3,0.3348,0.3224,0.3527,0.3453
2026-04-11,824857,0.3240,0.3482,0.2373,0.2355,0.3212,0.3490,0.2915,0.3055,3,3,0.3290,0.3494,0.3402,0.3067
2026-04-11,824939,0.3112,0.3434,0.1517,0.1864,0.3109,0.3423,0.3363,0.3014,3,3,0.3132,0.3739,0.3188,0.3431
2026-04-12,822828,0.3190,0.3276,0.1988,0.1692,0.3234,0.3294,0.3182,0.3083,3,3,0.3166,0.2904,0.3275,0.3225
2026-04-12,822998,0.3916,0.3330,0.2285,0.1854,0.3795,0.3365,0.2961,0.3008,3,3,0.3525,0.2981,0.3190,0.3232
2026-04-12,823075,0.3231,0.3361,0.2111,0.1819,0.3100,0.3266,0.3122,0.3284,3,3,0.3436,0.3097,0.3439,0.3067
2026-04-12,823154,0.3469,0.3423,0.1729,0.2156,0.3159,0.3495,0.2843,0.3094,3,3,0.3142,0.3374,0.3234,0.3261
2026-04-12,823317,0.3125,0.3527,0.2243,0.2185,0.2989,0.3166,0.3023,0.3309,3,3,0.2962,0.3433,0.3184,0.3336
2026-04-12,823479,0.3305,0.3547,0.1675,0.2228,0.3221,0.3554,0.3446,0.3183,3,3,0.3086,0.3137,0.3411,0.3170
2026-04-12,823642,0.3329,0.3319,0.2644,0.2143,0.3065,0.3307,0.2988,0.3122,3,3,0.3126,0.3495,0.3147,0.3228
2026-04-12,823804,0.3188,0.3288,0.2627,0.2196,0.3283,0.3319,0.2880,0.3205,3,3,0.3582,0.3223,0.3246,0.3223
2026-04-12,823966,0.3406,0.3686,0.2155,0.2124,0.3323,0.3669,0.3386,0.2960,3,3,0.3292,0.4221,0.3249,0.3623
2026-04-12,824126,0.3095,0.3426,0.2141,0.1637,0.3278,0.3249,0.3144,0.2981,3,3,0.3095,0.3270,0.3045,0.3469
2026-04-12,824293,0.3153,0.3341,0.2362,0.1949,0.3276,0.3187,0.2775,0.3142,3,3,0.3058,0.3334,0.3240,0.3415
2026-04-12,824533,0.3211,0.3042,0.2587,0.2404,0.3417,0.2939,0.3032,0.3097,3,3,0.3332,0.2899,0.3131,0.3367
2026-04-12,824696,0.3373,0.3156,0.2666,0.1672,0.3253,0.3133,0.3166,0.3218,3,3,0.3369,0.3225,0.3356,0.3453
2026-04-12,824859,0.3398,0.3478,0.2453,0.2367,0.3313,0.3492,0.3332,0.3111,3,3,0.3283,0.3491,0.3187,0.2952
2026-04-12,824938,0.2931,0.3597,0.2417,0.2171,0.3179,0.3433,0.2869,0.3064,3,3,0.2757,0.3731,0.2982,0.3243
2026-04-13,823073,0.3111,0.3370,0.1500,0.1795,0.3122,0.3285,0.3292,0.3156,3,3,0.3129,0.3103,0.2986,0.3080
2026-04-13,823153,0.3474,0.3413,0.1730,0.2163,0.3160,0.3496,0.2998,0.3227,3,3,0.3159,0.3361,0.3355,0.3272
2026-04-13,823400,0.3176,0.3173,0.2214,0.2607,0.3197,0.3317,0.2670,0.3203,3,3,0.3154,0.3075,0.3145,0.3122
2026-04-13,823481,0.3227,0.3308,0.2169,0.2606,0.3243,0.3370,0.2982,0.3235,3,3,0.2971,0.3004,0.3371,0.3063
2026-04-13,823563,0.3402,0.3611,0.2276,0.2315,0.3395,0.3681,0.3142,0.3152,3,3,0.3339,0.3179,0.2972,0.3597
2026-04-13,823725,0.3238,0.3047,0.2096,0.2321,0.3107,0.3160,0.3057,0.2798,3,3,0.3427,0.2749,0.3149,0.3271
2026-04-13,823964,0.3285,0.3796,0.2360,0.2039,0.3315,0.3682,0.3118,0.3078,3,3,0.3501,0.4228,0.3275,0.3444
2026-04-13,824856,0.3532,0.3481,0.1755,0.2357,0.3535,0.3497,0.3167,0.3150,3,3,0.3776,0.3489,0.3004,0.3058
2026-04-13,824937,0.3115,0.3600,0.1947,0.2152,0.3197,0.3424,0.3178,0.3057,3,3,0.3148,0.3759,0.3222,0.3098
2026-04-13,825024,0.3320,0.3269,0.2135,0.2689,0.3287,0.3073,0.3338,0.3036,3,3,0.3001,0.3118,0.3240,0.3162
2026-04-14,823072,0.3380,0.3379,0.1469,0.1785,0.3191,0.3308,0.3491,0.3059,3,3,0.3144,0.3133,0.3135,0.3075
2026-04-14,823315,0.3420,0.3541,0.2150,0.2175,0.3505,0.3172,0.3123,0.2763,3,3,0.3372,0.3458,0.3277,0.3355
2026-04-14,823398,0.3045,0.3337,0.2563,0.2542,0.3176,0.3327,0.2942,0.3204,3,3,0.3138,0.3398,0.3253,0.3518
2026-04-14,823478,0.3297,0.3557,0.1666,0.2208,0.3128,0.3564,0.3006,0.3102,3,3,0.3215,0.3128,0.3451,0.3084
2026-04-14,823562,0.3475,0.3631,0.2595,0.2337,0.3448,0.3699,0.3205,0.3032,3,3,0.3331,0.3191,0.3114,0.3496
2026-04-14,823723,0.3253,0.3254,0.1800,0.2154,0.3231,0.3169,0.3368,0.3049,3,3,0.3486,0.3378,0.3153,0.3290
2026-04-14,823802,0.3282,0.3194,0.1678,0.1849,0.3294,0.3119,0.3044,0.3056,3,3,0.2912,0.2929,0.3165,0.3285
2026-04-14,823965,0.3297,0.3796,0.2182,0.2036,0.3345,0.3695,0.2826,0.2963,3,3,0.3493,0.4218,0.3305,0.3454
2026-04-14,824210,0.3156,0.3470,0.2206,0.1724,0.3088,0.3168,0.3183,0.3302,3,3,0.3178,0.3147,0.3044,0.3348
2026-04-14,824292,0.3329,0.3385,0.1955,0.1930,0.3269,0.3174,0.3049,0.3030,3,3,0.3269,0.3371,0.3369,0.3259
2026-04-14,824531,0.3227,0.3129,0.1812,0.2583,0.3224,0.3003,0.3181,0.3041,3,3,0.3288,0.3153,0.3417,0.3452
2026-04-14,824616,0.3474,0.3103,0.1973,0.2133,0.3525,0.3298,,0.3169,3,3,0.3453,0.3082,0.2878,0.2855
2026-04-14,824853,0.3307,0.3479,0.1671,0.2360,0.3225,0.3498,0.3080,0.3124,3,3,0.3106,0.3486,0.2968,0.3066
2026-04-14,824935,0.3124,0.3602,0.1930,0.2162,0.3178,0.3427,0.3171,0.3283,3,3,0.3130,0.3757,0.3224,0.3231
2026-04-14,825022,0.3382,0.3277,0.2061,0.2161,0.3396,0.3063,0.3098,0.3135,3,3,0.3271,0.3283,0.3215,0.3162
2026-04-15,823071,0.3382,0.3410,0.1468,0.1786,0.3202,0.3318,0.3441,0.3355,3,3,0.3131,0.3207,0.2936,0.3113
2026-04-15,823314,0.3417,0.3401,0.2152,0.2058,0.3496,0.3160,0.3452,0.3263,3,3,0.3378,0.3468,0.3275,0.3370
2026-04-15,823399,0.3311,0.3396,0.2310,0.2669,0.3331,0.3269,0.3121,0.3600,3,3,0.3583,0.3386,0.3098,0.3320
2026-04-15,823477,0.3301,0.3495,0.1703,0.2356,0.3174,0.3551,0.3036,0.3032,3,3,0.3206,0.2963,0.3435,0.3056
2026-04-15,823561,0.3422,0.3875,0.2288,0.2223,0.3415,0.3745,0.3125,0.3394,3,3,0.3309,0.3348,0.3266,0.3295
2026-04-15,823722,0.3234,0.3069,0.2083,0.2575,0.3276,0.3253,0.3115,0.3084,3,3,0.3498,0.3179,0.3121,0.3179
2026-04-15,823803,0.3354,0.3192,0.2224,0.1852,0.3236,0.3111,0.3054,0.2986,3,3,0.3129,0.2935,0.3035,0.3307
2026-04-15,823963,0.3246,0.3583,0.2345,0.1852,0.3390,0.3539,0.2935,0.3164,3,3,0.3505,0.3613,0.3309,0.3446
2026-04-15,824209,0.3090,0.3557,0.2715,0.1760,0.3141,0.3261,0.3183,0.3312,3,3,0.3143,0.3415,0.3125,0.3247
2026-04-15,824291,0.3420,0.3398,0.1640,0.1912,0.3243,0.3204,0.3084,0.3285,3,3,0.3257,0.3516,0.3451,0.3327
2026-04-15,824532,0.3205,0.3050,0.1829,0.2400,0.3301,0.2961,0.3121,0.3153,3,3,0.3291,0.2899,0.3443,0.3444
2026-04-15,824615,0.3113,0.3030,0.1874,0.1981,0.3215,0.3204,0.3264,0.3115,3,3,0.2988,0.3098,0.2864,0.3186
2026-04-15,824855,0.3533,0.3471,0.1764,0.2359,0.3571,0.3492,0.3032,0.3228,3,3,0.3809,0.3333,0.2970,0.2998
2026-04-15,824936,0.3144,0.3599,0.1785,0.2158,0.3139,0.3420,0.3232,0.3336,3,3,0.3146,0.3751,0.3147,0.3176
2026-04-15,825021,0.3458,0.3374,0.2215,0.2416,0.3306,0.3124,0.3139,0.3349,3,3,0.3266,0.3570,0.3209,0.3164
2026-04-16,823313,0.3427,0.3554,0.2160,0.2170,0.3493,0.3157,0.3334,0.3087,3,3,0.3379,0.3504,0.3272,0.3363
2026-04-16,823396,0.3178,0.3229,0.2632,0.2182,0.3270,0.3339,0.2957,0.3205,3,3,0.3582,0.2823,0.3282,0.3357
2026-04-16,823560,0.3487,0.3731,0.2604,0.2089,0.3538,0.3744,0.2909,0.3129,3,3,0.3318,0.3511,0.2951,0.3582
2026-04-16,823801,0.3348,0.3145,0.2225,0.2076,0.3246,0.3152,0.3241,0.3372,3,3,0.3122,0.2791,0.3123,0.3118
2026-04-16,824208,0.3133,0.3476,0.2254,0.1720,0.3217,0.3174,0.3250,0.3026,3,3,0.3152,0.3134,0.3131,0.3017
2026-04-16,824289,0.3415,0.3403,0.1640,0.2048,0.3228,0.3396,0.3144,0.2947,3,3,0.3250,0.3376,0.3419,0.3420
2026-04-16,824453,0.3465,0.3366,0.2353,0.1451,0.3491,0.3194,0.2994,0.3062,3,3,0.3322,0.3125,0.3076,0.3089
2026-04-16,824530,0.3310,0.3143,0.1895,0.2581,0.3299,0.3019,0.3150,0.3046,3,3,0.3082,0.3148,0.3248,0.3462
2026-04-16,824614,0.3051,0.3165,0.1810,0.2089,0.3182,0.3332,0.3095,0.3066,3,3,0.2965,0.3097,0.3545,0.2978
2026-04-16,825023,0.3285,0.3186,0.2386,0.2903,0.3185,0.3020,0.3101,0.3228,3,3,0.3264,0.2710,0.3059,0.3169
2026-04-17,822752,0.3222,0.3162,0.1817,0.2631,0.3212,0.3251,0.3215,0.3061,3,3,0.3281,0.3590,0.3387,0.3101
2026-04-17,823152,0.3466,0.3268,0.2205,0.2513,0.3285,0.3459,0.2844,0.2935,3,3,0.3286,0.2892,0.3205,0.3267
2026-04-17,823397,0.3313,0.3387,0.1862,0.2672,0.3376,0.3255,0.3192,0.3091,3,3,0.2950,0.3369,0.3244,0.3541
2026-04-17,823476,0.3598,0.3553,0.2175,0.2228,0.3400,0.3564,0.3411,0.3225,3,3,0.3738,0.3145,0.3194,0.3054
2026-04-17,823559,0.3415,0.3728,0.1646,0.2086,0.3214,0.3755,0.2996,0.3109,3,3,0.3243,0.3503,0.3393,0.3592
2026-04-17,823720,0.3062,0.3269,0.2404,0.2047,0.2974,0.3227,0.2919,0.3209,3,3,0.2913,0.3427,0.3268,0.3060
2026-04-17,823883,0.3194,0.3128,0.1848,0.1929,0.3100,0.3180,0.3235,,3,3,0.2927,0.3137,0.3057,0.3230
2026-04-17,824048,0.3461,0.3431,0.2002,0.2276,0.3303,0.3394,0.3084,0.3173,3,3,0.3199,0.3306,0.3216,0.2976
2026-04-17,824207,0.3421,0.3576,0.1768,0.1754,0.3316,0.3315,0.3197,0.3268,3,3,0.3247,0.3135,0.3051,0.3107
2026-04-17,824373,0.3789,0.3193,0.2025,0.2450,0.3695,0.3197,0.3484,0.2974,3,3,0.4213,0.3161,0.3462,0.3143
2026-04-17,824454,0.3467,0.3363,0.2349,0.1436,0.3486,0.3223,0.3029,0.3490,3,3,0.3461,0.3132,0.3077,0.3095
2026-04-17,824693,0.3326,0.3295,0.1939,0.1674,0.3242,0.3120,0.3064,0.3068,3,3,0.3166,0.3222,0.3217,0.3443
2026-04-17,824778,0.3453,0.3463,0.1995,0.2521,0.3424,0.3432,0.2994,0.3088,3,3,0.3380,0.3502,0.3469,0.3127
2026-04-17,825019,0.3221,0.3277,0.2230,0.2433,0.3373,0.3071,0.3119,0.3239,3,3,0.3123,0.2930,0.3153,0.3176
2026-04-17,825101,0.3306,0.3524,0.1617,0.1775,0.3300,0.3553,0.3074,0.3071,3,3,0.3033,0.3792,0.3257,0.2976
2026-04-18,822751,0.3224,0.3222,0.1810,0.2667,0.3206,0.3330,0.3238,0.3109,3,3,0.3287,0.3613,0.3409,0.3096
2026-04-18,823151,0.3483,0.3369,0.2207,0.2351,0.3301,0.3500,0.2998,0.3037,3,3,0.3300,0.3208,0.3174,0.3269
2026-04-18,823394,0.3092,0.3396,0.1855,0.2671,0.3202,0.3272,0.2661,0.2915,3,3,0.2951,0.3373,0.3212,0.3212
2026-04-18,823474,0.3421,0.3559,0.1864,0.2223,0.3411,0.3567,0.2868,0.2903,3,3,0.3740,0.3150,0.3463,0.2965
2026-04-18,823558,0.3199,0.3170,0.1927,0.2154,0.3193,0.3251,0.3151,0.3219,3,3,0.3234,0.3173,0.3259,0.3580
2026-04-18,823721,0.3114,0.3308,0.2303,0.2303,0.2972,0.3325,0.3105,0.3052,3,3,0.2907,0.3429,0.3406,0.3145
2026-04-18,823882,0.3191,0.3129,0.1844,0.1920,0.3109,0.3181,0.3185,0.2845,3,3,0.2919,0.3125,0.3340,0.3233
2026-04-18,824049,0.3559,0.3210,0.2172,0.2696,0.3155,0.3388,0.3212,0.3306,3,3,0.3508,0.3300,0.3350,0.3259
2026-04-18,824206,0.3440,0.3577,0.1746,0.1750,0.3329,0.3304,0.3297,0.3143,3,3,0.3259,0.3136,0.3044,0.3200
2026-04-18,824372,0.3689,0.3184,0.2121,0.2462,0.3664,0.3197,0.3224,0.3228,3,3,0.4220,0.3168,0.3458,0.3086
2026-04-18,824451,0.3472,0.3360,0.2347,0.1413,0.3497,0.3247,0.3192,0.3193,3,3,0.3465,0.3136,0.3145,0.2958
2026-04-18,824694,0.3286,0.3292,0.1937,0.1671,0.3284,0.3124,0.3088,0.2983,3,3,0.3035,0.3224,0.3102,0.3445
2026-04-18,824775,0.3471,0.3350,0.1977,0.2502,0.3355,0.3338,0.3212,0.2770,3,3,0.3515,0.3485,0.3322,0.3147
2026-04-18,825020,0.3004,0.3214,0.1957,0.2871,0.3264,0.3052,0.3160,0.3170,3,3,0.3125,0.2710,0.3140,0.3159
2026-04-18,825098,0.3270,0.3526,0.1386,0.1777,0.3244,0.3563,0.3215,0.3483,3,3,0.3030,0.3805,0.3207,0.2777
2026-04-19,822750,0.3223,0.3176,0.1804,0.2622,0.3206,0.3284,0.3214,0.3064,3,3,0.3280,0.3640,0.3389,0.3098
2026-04-19,823150,0.3476,0.3409,0.2204,0.2630,0.3296,0.3389,0.2836,0.3136,3,3,0.3290,0.3341,0.3264,0.3105
2026-04-19,823393,0.3303,0.3097,0.1859,0.2031,0.3370,0.3213,0.3287,0.3191,3,3,0.2931,0.2835,0.3132,0.3477
2026-04-19,823475,0.3600,0.3551,0.2162,0.2229,0.3453,0.3566,0.2977,0.3169,3,3,0.3766,0.3148,0.3188,0.3170
2026-04-19,823556,0.3411,0.3832,0.1651,0.2024,0.3199,0.3811,0.3221,0.3058,3,3,0.3232,0.3781,0.3205,0.3395
2026-04-19,823718,0.3143,0.3359,0.2591,0.2120,0.3058,0.3243,0.3124,0.3167,3,3,0.3173,0.3414,0.3433,0.3254
2026-04-19,823881,0.3108,0.3160,0.2300,0.1777,0.3247,0.3130,0.3084,0.2974,3,3,0.3209,0.3146,0.3184,0.3339
2026-04-19,824047,0.3550,0.3432,0.2186,0.2269,0.3147,0.3404,0.3193,0.3098,3,3,0.3486,0.3314,0.3347,0.3180
2026-04-19,824205,0.3445,0.3584,0.1749,0.1757,0.3350,0.3329,0.3242,0.3307,3,3,0.3275,0.3404,0.3096,0.3086
2026-04-19,824371,0.3791,0.3156,0.2020,0.2688,0.3737,0.3161,0.3300,0.3333,3,3,0.4204,0.3165,0.3431,0.3116
2026-04-19,824452,0.3463,0.3129,0.2359,0.1501,0.3492,0.3191,0.3041,0.3067,3,3,0.3345,0.3122,0.2989,0.3000
2026-04-19,824691,0.3322,0.3288,0.1937,0.1667,0.3242,0.3109,0.3271,0.3151,3,3,0.3157,0.3221,0.3098,0.3443
2026-04-19,824777,0.3265,0.3355,0.2164,0.2513,0.3392,0.3324,0.2843,0.2994,3,3,0.3324,0.3491,0.3464,0.3136
2026-04-19,825018,0.3241,0.3327,0.2117,0.2122,0.3392,0.3042,0.3100,0.3163,3,3,0.3010,0.2996,0.3023,0.3157
2026-04-19,825100,0.3269,0.3154,0.1383,0.2234,0.3233,0.3489,0.3129,0.3067,3,3,0.3036,0.3795,0.3186,0.2970
2026-04-20,822749,0.3351,0.3298,0.2192,0.2467,0.3302,0.3279,0.3436,0.3212,3,3,0.3016,0.3632,0.3191,0.3303
2026-04-20,822994,0.3051,0.3300,0.2413,0.1859,0.2962,0.3364,0.3136,0.3219,3,3,0.2891,0.2935,0.3422,0.3237
2026-04-20,823149,0.3444,0.3380,0.2358,0.2343,0.3154,0.3508,0.3332,0.3164,3,3,0.3654,0.3250,0.3152,0.3268
2026-04-20,823879,0.3440,0.3310,0.1779,0.2185,0.3323,0.3286,0.3287,0.3409,3,3,0.3278,0.3142,0.3036,0.3123
2026-04-20,824046,0.3273,0.3434,0.1376,0.2258,0.3255,0.3414,0.3016,0.2886,3,3,0.3056,0.3317,0.3199,0.3166
2026-04-20,824125,0.3322,0.3404,0.2368,0.1663,0.3263,0.3193,0.3255,0.2954,3,3,0.3451,0.3218,0.2918,0.3202
2026-04-20,824370,0.3645,0.3027,0.2059,0.2732,0.3494,0.2995,0.3347,0.3113,3,3,0.4217,0.2941,0.3256,0.3118
2026-04-20,824450,0.3583,0.3346,0.1744,0.1411,0.3324,0.3248,0.3304,0.3300,3,3,0.3404,0.3116,0.3182,0.3115
2026-04-20,824692,0.3561,0.3290,0.2220,0.1662,0.3597,0.3114,0.3291,0.3000,3,3,0.3149,0.3228,0.3158,0.3458
2026-04-20,824776,0.3395,0.3447,0.2061,0.2530,0.3307,0.3435,0.3080,0.3120,3,3,0.3600,0.3485,0.3481,0.3085
2026-04-21,822747,0.3430,0.3290,0.1855,0.2207,0.3400,0.3322,0.3188,0.3175,3,3,0.3760,0.3645,0.3457,0.3311
2026-04-21,822914,0.3428,0.3284,0.2442,0.2192,0.3361,0.3305,0.3483,0.3044,3,3,0.3357,0.3302,0.3399,0.3260
2026-04-21,822995,0.3143,0.3307,0.2598,0.1844,0.3009,0.3376,0.3179,0.3084,3,3,0.3188,0.2947,0.3433,0.2883
2026-04-21,823148,0.3482,0.3411,0.2340,0.2633,0.3187,0.3410,0.3225,0.3071,3,3,0.3683,0.3338,0.3151,0.3261
2026-04-21,823236,0.3832,0.3215,0.1971,0.1806,0.3888,0.3213,0.3234,0.2862,3,3,0.4218,0.3276,0.3471,0.3402
2026-04-21,823640,0.3162,0.3255,0.2598,0.2076,0.3280,0.3311,0.2945,0.3144,3,3,0.3402,0.3148,0.3201,0.3293
2026-04-21,823880,0.3426,0.3306,0.1796,0.2175,0.3345,0.3265,0.3327,0.3334,3,3,0.3253,0.3126,0.3031,0.3136
2026-04-21,824045,0.3274,0.3485,0.1453,0.2600,0.3266,0.3523,0.3346,0.3429,3,3,0.3050,0.3319,0.3061,0.3164
2026-04-21,824127,0.3340,0.3402,0.2122,0.1663,0.3305,0.3196,0.2948,0.3094,3,3,0.3386,0.3210,0.3322,0.3426
2026-04-21,824290,0.3331,0.3355,0.2218,0.2134,0.3234,0.3246,0.3233,0.3167,3,3,0.3306,0.3331,0.3274,0.3338
2026-04-21,824369,0.3539,0.3164,0.2204,0.2670,0.3137,0.3150,0.3013,0.3483,3,3,0.3468,0.3198,0.3343,0.3260
2026-04-21,824448,0.3599,0.3351,0.1741,0.1394,0.3350,0.3261,0.2966,0.3231,3,3,0.3409,0.3115,0.3205,0.3057
2026-04-21,824690,0.3559,0.3317,0.2215,0.1676,0.3601,0.3130,0.2991,0.3079,3,3,0.3159,0.3216,0.3088,0.3360
2026-04-21,824773,0.3826,0.3432,0.2511,0.2197,0.3849,0.3347,0.3086,0.3247,3,3,0.3184,0.3508,0.3301,0.3135
2026-04-21,825099,0.3290,0.3527,0.2236,0.1771,0.3359,0.3569,0.3260,0.3205,3,3,0.3130,0.3806,0.3189,0.3065
2026-04-22,822748,0.3608,0.3235,0.2164,0.2621,0.3395,0.3272,0.3282,0.3239,3,3,0.3750,0.3675,0.3190,0.3314
2026-04-22,822913,0.3393,0.3452,0.2674,0.2273,0.3264,0.3345,0.3362,0.2910,3,3,0.3379,0.3302,0.3539,0.3037
2026-04-22,822993,0.3053,0.3479,0.2402,0.1951,0.2967,0.3514,0.3089,0.3319,3,3,0.2890,0.3446,0.3446,0.3153
2026-04-22,823147,0.3242,0.3378,0.2851,0.2330,0.3054,0.3526,0.2860,0.3138,3,3,0.3684,0.3229,0.3157,0.3254
2026-04-22,823231,0.3766,0.3214,0.2042,0.1809,0.3701,0.3227,0.3209,0.2871,3,3,0.4202,0.3267,0.3471,0.3397
2026-04-22,823641,0.3348,0.3552,0.2118,0.2080,0.3230,0.3363,0.3098,,3,3,0.3391,0.3322,0.3269,0.3173
2026-04-22,823878,0.3252,0.3172,0.2402,0.1771,0.3339,0.3175,0.3241,0.3328,3,3,0.3226,0.3164,0.3016,0.3192
2026-04-22,824044,0.3281,0.3485,0.1369,0.2598,0.3278,0.3524,0.3054,0.3055,3,3,0.3059,0.3319,0.3135,0.2888
2026-04-22,824123,0.3317,0.3333,0.2361,0.1701,0.3297,0.3230,0.3109,0.3108,3,3,0.3445,0.3011,0.3340,0.3452
2026-04-22,824286,0.3344,0.3449,0.2199,0.1880,0.3252,0.3228,0.3053,0.3193,3,3,0.3316,0.3665,0.3267,0.3317
2026-04-22,824367,0.3524,0.3023,0.2231,0.2735,0.3115,0.2948,0.3458,0.3255,3,3,0.3446,0.3028,0.3333,0.3216
2026-04-22,824449,0.3589,0.3347,0.1741,0.1373,0.3332,0.3260,0.3041,0.3157,3,3,0.3409,0.3120,0.3204,0.3023
2026-04-22,824688,0.3558,0.3323,0.2212,0.1663,0.3596,0.3124,0.3041,0.3253,3,3,0.3843,0.3214,0.3130,0.3428
2026-04-22,824774,0.3680,0.3273,0.2050,0.2391,0.3703,0.3451,0.2977,0.2920,3,3,0.3311,0.2964,0.3311,0.2988
2026-04-22,825097,0.3292,0.3530,0.2091,0.1776,0.3397,0.3570,0.3250,0.3365,3,3,0.3032,0.3806,0.3013,0.3071
2026-04-23,822745,0.3617,0.3232,0.2148,0.2501,0.3411,0.3301,0.3151,,3,3,0.3748,0.3696,0.3182,0.3093
2026-04-23,822912,0.3391,0.3446,0.2684,0.2218,0.3261,0.3369,0.2932,0.3169,3,3,0.3385,0.3301,0.3542,0.3169
2026-04-23,823233,0.3708,0.3204,0.2275,0.1817,0.3698,0.3215,0.3114,0.2828,3,3,0.4191,0.3258,0.3613,0.3384
2026-04-23,823639,0.3352,0.3602,0.2207,0.1995,0.3130,0.3304,0.3224,0.2858,3,3,0.3405,0.3310,0.3200,0.3108
2026-04-23,824288,0.3153,0.3526,0.2121,0.1949,0.3136,0.3465,0.2760,0.3199,3,3,0.2769,0.3685,0.3248,0.3482
2026-04-23,824368,0.3518,0.3199,0.2236,0.2400,0.3132,0.3203,0.3227,0.3302,3,3,0.3431,0.3185,0.3334,0.3184
2026-04-23,824689,0.3553,0.3319,0.2217,0.1662,0.3589,0.3112,0.3242,0.2958,3,3,0.3150,0.3205,0.2990,0.3381
2026-04-23,824770,0.3833,0.3129,0.2040,0.2015,0.3835,0.3134,0.3179,0.3007,3,3,0.3224,0.3239,0.3312,0.3424
2026-04-23,825096,0.3364,0.3539,0.2200,0.1774,0.3368,0.3568,0.3193,0.3548,3,3,0.3130,0.3284,0.3193,0.3054
2026-04-24,822827,0.3332,0.3285,0.1921,0.1792,0.3298,0.3152,0.3436,0.3182,3,3,0.3073,0.3085,0.3115,0.3105
2026-04-24,822909,0.3496,0.3451,0.2336,0.2222,0.3206,0.3387,0.3055,0.3282,3,3,0.3725,0.3316,0.3154,0.3164
2026-04-24,822992,0.3347,0.3311,0.2212,0.1838,0.3299,0.3354,0.2941,0.3095,3,3,0.3403,0.2931,0.3250,0.3205
2026-04-24,823069,0.3383,0.3402,0.2324,0.1834,0.3541,0.3327,0.3157,0.2985,3,3,0.3233,0.3178,0.3259,0.3025
2026-04-24,823232,0.3152,0.3197,0.2086,0.1821,0.3144,0.3207,0.3126,0.3100,3,3,0.3161,0.3243,0.3137,0.3380
2026-04-24,823638,0.3203,0.3597,0.2366,0.1901,0.3240,0.3376,0.3030,0.3307,3,3,0.3204,0.3308,0.3216,0.3163
2026-04-24,823800,0.3200,0.3326,0.2430,0.2200,0.3255,0.3217,0.2837,0.2735,3,3,0.3392,0.3299,0.3548,0.3053
2026-04-24,823962,0.3289,0.3770,0.1662,0.2062,0.3070,0.3701,0.3005,0.3142,3,3,0.3199,0.4177,0.3489,0.3431
2026-04-24,824124,0.3493,0.3406,0.2588,0.1816,0.3517,0.3281,0.3150,0.3232,3,3,0.3319,0.3014,0.3176,0.2834
2026-04-24,824204,0.3320,0.2877,0.1919,0.2175,0.3308,0.3227,0.3302,0.3142,3,3,0.3497,0.2837,0.3542,0.3202
2026-04-24,824529,0.3440,0.3178,0.2025,0.2582,0.3439,0.3036,0.3052,0.3037,3,3,0.3303,0.3275,0.3335,0.3411
2026-04-24,824611,0.3365,0.3306,0.2486,0.2166,0.3419,0.3373,0.3138,0.3224,3,3,0.3694,0.3143,0.3098,0.3248
2026-04-24,824854,0.3115,0.3184,0.2007,0.2315,0.3117,0.3125,0.3158,0.3232,3,3,0.3233,0.2972,0.3422,0.3386
2026-04-24,824932,0.3545,0.3603,0.2215,0.2165,0.3575,0.3393,0.3189,0.3041,3,3,0.3141,0.3724,0.3161,0.3186
2026-04-25,822826,0.3228,0.3273,0.1719,0.1442,0.3352,0.3277,0.3101,0.3023,3,3,0.2793,0.3055,0.2997,0.3282
2026-04-25,822910,0.3362,0.3473,0.2703,0.2190,0.3252,0.3419,0.3191,0.3149,3,3,0.3344,0.3317,0.3160,0.3156
2026-04-25,822989,0.3353,0.3333,0.2111,0.1831,0.3203,0.3371,0.3256,0.3069,3,3,0.3385,0.2928,0.3276,0.3204
2026-04-25,823070,0.3271,0.3405,0.2414,0.1818,0.3455,0.3319,0.3325,0.2853,3,3,0.2906,0.3194,0.3261,0.3029
2026-04-25,823229,0.3323,0.3198,0.2129,0.1819,0.3369,0.3216,0.3079,0.3052,3,3,0.3182,0.3230,0.3077,0.3373
2026-04-25,823637,0.3165,0.3599,0.2679,0.1998,0.3133,0.3296,,,3,3,0.3170,0.3313,0.3213,0.3083
2026-04-25,823799,0.3320,0.3321,0.2536,0.2203,0.3277,0.3193,0.2987,0.3266,3,3,0.3386,0.3292,0.3275,0.3106
2026-04-25,823960,0.3197,0.3529,0.2223,0.1890,0.3186,0.3630,0.3410,0.3275,3,3,0.2835,0.4167,0.3288,0.3386
2026-04-25,824121,0.3493,0.3519,0.2590,0.1907,0.3518,0.3290,0.2885,0.3125,3,3,0.3322,0.3547,0.3016,0.3329
2026-04-25,824203,0.3930,0.3589,0.2309,0.1739,0.3845,0.3338,0.3218,0.3179,3,3,0.3501,0.3391,0.3213,0.3203
2026-04-25,824527,0.3364,0.3072,0.1992,0.2393,0.3231,0.2973,0.3282,0.3128,3,3,0.3656,0.2890,0.3491,0.3463
2026-04-25,824613,0.3340,0.3366,0.2296,0.2217,0.3343,0.3319,0.3115,0.3455,3,3,0.3697,0.3136,0.3200,0.3235
2026-04-25,824851,0.3256,0.3357,0.2403,0.2112,0.3422,0.3357,0.3108,0.2861,3,3,0.2933,0.3402,0.2944,0.3488
2026-04-25,824933,0.3235,0.3613,0.2261,0.2154,0.3373,0.3386,0.3170,0.2776,3,3,0.3153,0.3751,0.3164,0.3205
2026-04-25,825093,0.3509,0.3303,0.2250,0.2209,0.3125,0.3565,0.3204,0.3566,3,3,0.3438,0.2588,0.3341,0.3052
2026-04-26,822824,0.3147,0.3255,0.1511,0.1673,0.3218,0.3284,0.3355,0.3360,3,3,0.3117,0.2897,0.2987,0.3327
2026-04-26,822911,0.3485,0.3446,0.2486,0.2211,0.3194,0.3377,0.3350,0.3153,3,3,0.3743,0.3314,0.3133,0.3103
2026-04-26,822991,0.3173,0.3318,0.1941,0.1844,0.3003,0.3370,0.3172,0.3124,3,3,0.2897,0.2912,0.3215,0.3209
2026-04-26,823068,0.3388,0.3434,0.2312,0.1803,0.3574,0.3423,0.3393,0.3387,3,3,0.3240,0.3253,0.3242,0.3031
2026-04-26,823230,0.3314,0.3195,0.2139,0.1396,0.3273,0.3218,0.3116,0.3246,3,3,0.3162,0.3210,0.3143,0.3384
2026-04-26,823635,0.3207,0.3556,0.2392,0.2067,0.3212,0.3386,0.2913,0.3359,3,3,0.3170,0.3313,0.3169,0.3164
2026-04-26,823797,0.3105,0.3317,0.2034,0.2212,0.3232,0.3169,0.3281,0.3073,3,3,0.2834,0.3309,0.3543,0.3252
2026-04-26,823959,0.3314,0.3684,0.1672,0.2283,0.3098,0.3666,0.3118,0.2960,3,3,0.3215,0.4170,0.3397,0.3394
2026-04-26,824122,0.3328,0.3331,0.2640,0.1964,0.3361,0.3260,0.2995,0.3018,3,3,0.3306,0.2986,0.3187,0.3344
2026-04-26,824202,0.3937,0.3590,0.2311,0.1729,0.3840,0.3343,0.3259,0.3165,3,3,0.3508,0.3417,0.3215,0.3216
2026-04-26,824528,0.3410,0.3078,0.1975,0.2398,0.3415,0.2984,0.3095,0.3211,3,3,0.3713,0.2893,0.3361,0.3462
2026-04-26,824612,0.3392,0.3305,0.2312,0.2127,0.3442,0.3349,0.3137,0.3202,3,3,0.3710,0.3016,0.3144,0.3203
2026-04-26,824852,0.3424,0.3354,0.2500,0.2113,0.3204,0.3347,0.3009,0.3217,3,3,0.3211,0.3409,0.3132,0.3474
2026-04-26,824934,0.3550,0.3611,0.2209,0.2162,0.3573,0.3375,0.2867,0.3211,3,3,0.3158,0.3735,0.3162,0.3212
2026-04-26,825094,0.3502,0.3496,0.2255,0.1798,0.3112,0.3496,0.3154,0.3122,3,3,0.3421,0.3169,0.3341,0.2788
2026-04-27,822825,0.3427,0.3255,0.2507,0.1680,0.3209,0.3303,0.2964,0.2997,3,3,0.3206,0.2988,0.3167,0.3194
2026-04-27,822906,0.3935,0.3414,0.2308,0.2191,0.3836,0.3369,0.3307,0.2950,3,3,0.3486,0.3318,0.3215,0.3243
2026-04-27,823311,0.3303,0.3500,0.1663,0.2249,0.3074,0.3097,0.3359,0.3035,3,3,0.3221,0.3421,0.3473,0.3244
2026-04-27,823395,0.3168,0.3252,0.1971,0.2542,0.3254,0.3195,0.3089,0.3333,3,3,0.3361,0.3005,0.3089,0.3538
2026-04-27,823719,0.3399,0.3023,0.2458,0.2583,0.3556,0.3032,0.2964,0.3221,3,3,0.3271,0.3394,0.3255,0.3285
2026-04-27,823961,0.3303,0.3766,0.2135,0.2070,0.3254,0.3679,0.2845,0.3319,3,3,0.3134,0.4195,0.3148,0.3438
2026-04-27,824446,0.3477,0.3149,0.1969,0.1518,0.3445,0.3219,0.3011,0.3159,3,3,0.3471,0.3115,0.2997,0.3252
2026-04-27,824609,0.3415,0.3320,0.2379,0.2275,0.3398,0.3296,0.3642,0.3433,3,3,0.3318,0.3110,0.3288,0.3186
2026-04-28,822823,0.3426,0.3255,0.2511,0.1440,0.3209,0.3260,0.3146,0.3048,3,3,0.3213,0.3017,0.3162,0.3109
2026-04-28,822908,0.3954,0.3414,0.2292,0.2193,0.3830,0.3367,0.2936,0.2995,3,3,0.3500,0.3313,0.3219,0.3254
2026-04-28,823310,0.3381,0.3493,0.1856,0.2256,0.3229,0.3112,0.3333,0.3052,3,3,0.3223,0.3407,0.3415,0.3257
2026-04-28,823390,0.3460,0.3305,0.1774,0.2566,0.3409,0.3271,0.2897,0.3338,3,3,0.3362,0.3365,0.3028,0.3290
2026-04-28,823473,0.3200,0.3542,0.1392,0.2215,0.3218,0.3558,0.2898,0.3170,3,3,0.3228,0.3149,0.3408,0.3152
2026-04-28,823636,0.3327,0.3591,0.2489,0.2004,0.3285,0.3284,0.3178,0.3291,3,3,0.3711,0.3307,0.3322,0.3079
2026-04-28,823716,0.3388,0.3334,0.2313,0.2222,0.3549,0.3247,0.2945,0.2886,3,3,0.3233,0.3392,0.3260,0.3261
2026-04-28,823798,0.2932,0.3123,0.2178,0.2053,0.3155,0.3239,0.3144,0.3334,3,3,0.3141,0.3016,0.3021,0.3149
2026-04-28,823956,0.3307,0.3474,0.2143,0.2217,0.3264,0.3359,0.2875,0.3232,3,3,0.3156,0.3309,0.3139,0.3640
2026-04-28,824447,0.3109,0.3344,0.1930,0.1346,0.3233,0.3265,0.3086,0.3118,3,3,0.2904,0.3105,0.3270,0.3107
2026-04-28,824526,0.3177,0.3193,0.2672,0.2582,0.3100,0.3034,0.3047,0.3376,3,3,0.3192,0.3243,0.3214,0.3389
2026-04-28,824610,0.3434,0.3297,0.2364,0.2527,0.3409,0.3295,0.3080,0.3045,3,3,0.3314,0.3045,0.3204,0.3162
2026-04-28,824849,0.3596,0.3354,0.1718,0.2106,0.3344,0.3339,0.3108,0.3111,3,3,0.3426,0.3451,0.3223,0.3369
2026-04-28,824931,0.3468,0.3622,0.1998,0.2158,0.3470,0.3411,0.3303,0.3029,3,3,0.3301,0.3741,0.3332,0.3206
2026-04-28,825017,0.3296,0.3349,0.1699,0.2111,0.3213,0.3052,0.3166,0.2986,3,3,0.3224,0.2941,0.3355,0.3320
2026-04-29,822821,0.3460,0.3374,0.2519,0.1622,0.3436,0.3382,0.3177,0.3260,3,3,0.3460,0.2885,0.2955,0.3094
2026-04-29,822907,0.3956,0.3276,0.2288,0.2253,0.3832,0.3333,0.3101,,3,3,0.3508,0.2881,0.3222,0.3239
2026-04-29,823312,0.3305,0.3499,0.1501,0.2054,0.3136,0.3296,0.3152,0.3105,3,3,0.3220,0.3407,0.3419,0.3263
2026-04-29,823392,0.3477,0.3306,0.1760,0.2579,0.3398,0.3259,0.3257,0.3162,3,3,0.3374,0.3381,0.3034,0.3540
2026-04-29,823471,0.3199,0.3228,0.1783,0.2253,0.3190,0.3365,0.2881,0.3062,3,3,0.3245,0.3149,0.3394,0.3084
2026-04-29,823633,0.3212,0.3560,0.2667,0.2123,0.3225,0.3416,0.3247,0.3161,3,3,0.3705,0.3328,0.2966,0.3168
2026-04-29,823717,0.3392,0.3345,0.2307,0.2112,0.3542,0.3178,0.3134,0.2979,3,3,0.3253,0.3393,0.3272,0.2982
2026-04-29,823796,0.3517,0.3226,0.1779,0.2076,0.3530,0.3131,0.3329,0.3300,3,3,0.3267,0.2993,0.3036,0.3317
2026-04-29,823958,0.3288,0.3672,0.2174,0.2145,0.3240,0.3624,0.2844,0.3224,3,3,0.3114,0.4205,0.3154,0.3560
2026-04-29,824445,0.3112,0.3346,0.1920,0.1347,0.3224,0.3280,0.3175,0.2939,3,3,0.2907,0.3100,0.3263,0.3095
2026-04-29,824525,0.3074,0.3074,0.2444,0.2408,0.3097,0.2969,0.3369,0.3547,3,3,0.2938,0.2880,0.3113,0.3432
2026-04-29,824608,0.3345,0.3264,0.2656,0.2188,0.3405,0.3335,0.3027,0.3198,3,3,0.3305,0.2984,0.2964,0.3166
2026-04-29,824850,0.3436,0.3080,0.2104,0.2758,0.3313,0.3246,0.3123,0.3122,3,3,0.2947,0.2971,0.3181,0.3074
2026-04-29,824930,0.3460,0.3448,0.1867,0.1850,0.3282,0.3377,0.3201,0.2745,3,3,0.3684,0.3750,0.3496,0.3432
2026-04-29,825015,0.3485,0.3562,0.1881,0.2301,0.3230,0.3301,0.3164,0.3150,3,3,0.3220,0.3723,0.3180,0.3221
2026-04-30,823391,0.3466,0.3367,0.1771,0.2715,0.3371,0.3227,0.2697,0.3166,3,3,0.3331,0.3371,0.3027,0.3295
2026-04-30,823472,0.3199,0.3539,0.1783,0.2207,0.3190,0.3551,0.2881,0.3123,3,3,0.3245,0.3149,0.3394,0.3149
2026-04-30,823634,0.3459,0.3573,0.2171,0.2112,0.3460,0.3423,0.3054,0.3340,3,3,0.3705,0.3328,0.3120,0.3081
2026-04-30,823714,0.3600,0.3140,0.1894,0.2641,0.3352,0.3309,0.3109,0.3077,3,3,0.3562,0.3384,0.3097,0.3306
2026-04-30,823795,0.2986,0.3276,0.2071,0.2329,0.3183,0.3186,0.2841,0.3183,3,3,0.3275,0.3143,0.3023,0.3131
2026-04-30,824524,0.3123,0.3068,0.2357,0.2416,0.3084,0.2958,0.3080,0.3314,3,3,0.3191,0.2879,0.3127,0.3412
2026-04-30,824848,0.3164,0.3357,0.2237,0.2104,0.3261,0.3350,0.3123,0.3121,3,3,0.3418,0.3457,0.3215,0.3384
2026-04-30,824929,0.3543,0.3450,0.1979,0.1856,0.3497,0.3399,0.3169,0.3018,3,3,0.3683,0.3735,0.3375,0.3434
2026-04-30,825016,0.3400,0.3350,0.1956,0.2113,0.3246,0.3037,0.3103,0.3275,3,3,0.3215,0.2940,0.3169,0.3072
2026-05-01,822744,0.3288,0.3344,0.2316,0.2291,0.3192,0.3333,0.3423,0.2980,3,3,0.3141,0.3693,0.3057,0.3310
2026-05-01,822990,0.3196,0.3113,0.1796,0.1794,0.3204,0.3209,0.3184,0.3076,3,3,0.3243,0.2919,0.3402,0.3201
2026-05-01,823066,0.3776,0.3489,0.2053,0.1765,0.3656,0.3422,0.3275,0.3080,3,3,0.4205,0.3405,0.3436,0.3041
2026-05-01,823146,0.3417,0.3398,0.1641,0.2301,0.3212,0.3544,0.2822,0.2990,3,3,0.3230,0.3272,0.3415,0.3263
2026-05-01,823309,0.3308,0.3333,0.2292,0.2104,0.3258,0.3109,0.3473,0.2975,3,3,0.3106,0.3382,0.2915,0.3339
2026-05-01,823389,0.3061,0.3182,0.2420,0.2475,0.2950,0.3226,0.3275,0.3405,3,3,0.2877,0.3371,0.3229,0.3047
2026-05-01,823557,0.3355,0.3888,0.2101,0.2263,0.3336,0.3764,0.3234,0.3304,3,3,0.3432,0.3310,0.3358,0.3190
2026-05-01,823713,0.3506,0.3329,0.2061,0.2144,0.3141,0.3414,0.3176,0.3413,3,3,0.3564,0.3392,0.3095,0.3295
2026-05-01,823877,0.3535,0.3276,0.2441,0.2201,0.3466,0.3235,0.3115,0.2780,3,3,0.3859,0.3091,0.2951,0.3169
2026-05-01,824041,0.3585,0.3418,0.2103,0.2666,0.3434,0.3342,0.3131,0.3129,3,3,0.3340,0.3293,0.3160,0.3201
2026-05-01,824287,0.3243,0.3465,0.2118,0.1989,0.3359,0.3471,0.3217,0.3208,3,3,0.3081,0.3386,0.3234,0.3488
2026-05-01,824366,0.3447,0.3196,0.1866,0.2685,0.3416,0.3098,0.3328,0.3223,3,3,0.3712,0.3242,0.3207,0.3084
2026-05-01,824686,0.3309,0.3240,0.1684,0.1835,0.3199,0.3174,0.3421,0.3195,3,3,0.3278,0.3055,0.3568,0.3473
2026-05-01,824772,0.3594,0.3419,0.1721,0.2514,0.3359,0.3237,,0.3208,3,3,0.3409,0.3203,0.3218,0.3158
2026-05-01,825012,0.3354,0.3357,0.1337,0.2105,0.3304,0.3040,0.3331,0.3080,3,3,0.3108,0.2954,0.3089,0.3514
2026-05-02,822746,0.3289,0.3224,0.2320,0.2665,0.3243,0.3255,0.3218,0.3191,3,3,0.3136,0.3688,0.3315,0.3092
2026-05-02,822988,0.3200,0.3025,0.1372,0.1783,0.3291,0.3152,0.3032,0.3087,3,3,0.3206,0.2905,0.3366,0.3280
2026-05-02,823067,0.3775,0.3477,0.2051,0.1786,0.3641,0.3406,0.3396,0.3367,3,3,0.4193,0.3362,0.3438,0.3070
2026-05-02,823144,0.3421,0.3317,0.1647,0.1944,0.3219,0.3352,0.3305,0.3268,3,3,0.3229,0.3279,0.3219,0.3209
2026-05-02,823308,0.3336,0.3482,0.2277,0.2260,0.3258,0.3090,0.3068,0.3253,3,3,0.3089,0.3372,0.3165,0.3340
2026-05-02,823388,0.2962,0.3064,0.2716,0.2377,0.3103,0.3136,0.3110,0.3185,3,3,0.2812,0.3359,0.3406,0.3055
2026-05-02,823554,0.3343,0.3951,0.2114,0.2276,0.3329,0.3845,0.3182,0.3061,3,3,0.3412,0.3486,0.3343,0.3223
2026-05-02,823715,0.3364,0.3341,0.1601,0.2190,0.3367,0.3087,0.3022,0.2991,3,3,0.3325,0.3418,0.3230,0.3227
2026-05-02,823876,0.3544,0.3275,0.2217,0.2225,0.3588,0.3244,0.3248,0.3121,3,3,0.3138,0.3085,0.3088,0.3167
2026-05-02,824042,0.3605,0.3314,0.1992,0.2458,0.3287,0.3385,0.3026,0.2887,3,3,0.3338,0.3288,0.3144,0.3287
2026-05-02,824284,0.3343,0.3386,0.2197,0.2078,0.3331,0.3216,0.3215,0.3370,3,3,0.3064,0.3676,0.3233,0.3484
2026-05-02,824365,0.3216,0.3048,0.1892,0.2420,0.3339,0.3105,0.3062,0.2800,3,3,0.3024,0.2912,0.3393,0.3122
2026-05-02,824685,0.3520,0.3350,0.1797,0.1953,0.3511,0.3154,0.3016,0.3170,3,3,0.3787,0.3410,0.3161,0.3473
2026-05-02,824771,0.3611,0.3424,0.1715,0.2506,0.3368,0.3234,0.3182,0.3253,3,3,0.3447,0.3208,0.2964,0.3158
2026-05-02,825014,0.3138,0.3371,0.1516,0.2519,0.3217,0.3203,0.3049,0.3372,3,3,0.3114,0.3704,0.3272,0.3243
2026-05-03,822742,0.3059,0.3218,0.2022,0.2364,0.3237,0.3340,0.3259,0.3090,3,3,0.2989,0.3685,0.3013,0.3304
2026-05-03,822987,0.3348,0.3287,0.2427,0.1869,0.3367,0.3287,0.3154,0.3144,3,3,0.3244,0.2889,0.3163,0.2937
2026-05-03,823065,0.3688,0.3375,0.2265,0.2261,0.3641,0.3444,0.3311,0.3113,3,3,0.4182,0.3363,0.3655,0.3204
2026-05-03,823145,0.3414,0.3388,0.1654,0.2064,0.3210,0.3303,0.3126,0.3017,3,3,0.3221,0.3494,0.3266,0.3254
2026-05-03,823307,0.3422,0.3247,0.2143,0.2104,0.3267,0.3006,0.3286,0.3513,3,3,0.3402,0.3373,0.3168,0.3332
2026-05-03,823387,0.3153,0.3188,0.2286,0.2712,0.2976,0.3223,0.2971,0.3040,3,3,0.2886,0.3353,0.3394,0.3314
2026-05-03,823555,0.3411,0.3275,0.2123,0.2217,0.3334,0.3150,0.2871,,3,3,0.3420,0.3513,0.3147,0.3226
2026-05-03,823711,0.3433,0.3345,0.1905,0.2172,0.3249,0.3254,0.2775,0.3090,3,3,0.3066,0.3415,0.3113,0.3128
2026-05-03,823875,0.3532,0.3119,0.2227,0.2340,0.3577,0.3307,0.3303,0.2966,3,3,0.3127,0.3277,0.3212,0.2910
2026-05-03,824043,0.3571,0.3425,0.2106,0.2305,0.3413,0.3449,0.3365,0.3093,3,3,0.3331,0.3276,0.3124,0.3290
2026-05-03,824285,0.3469,0.3218,0.2102,0.2100,0.3413,0.3346,0.3042,0.3282,3,3,0.3331,0.3649,0.3179,0.3374
2026-05-03,824364,0.3174,0.3199,0.1564,0.2695,0.3378,0.3124,0.3307,0.3292,3,3,0.2880,0.3224,0.3433,0.3196
2026-05-03,824687,0.3516,0.3272,0.1797,0.1491,0.3507,0.3126,0.3049,0.3247,3,3,0.3780,0.3223,0.3082,0.3487
2026-05-03,824769,0.3602,0.3434,0.1713,0.2497,0.3375,0.3240,0.2947,0.3189,3,3,0.3446,0.3226,0.2962,0.3067
2026-05-03,825013,0.3366,0.3384,0.1318,0.2175,0.3325,0.3258,0.3128,0.2936,3,3,0.3119,0.2958,0.3081,0.2920
2026-05-04,822984,0.3493,0.3016,0.2036,0.1788,0.3281,0.3156,0.3043,0.3230,3,3,0.3216,0.2868,0.3095,0.3537
2026-05-04,823064,0.3213,0.3485,0.2404,0.1775,0.3229,0.3427,0.3374,0.3155,3,3,0.3145,0.3385,0.3172,0.3092
2026-05-04,823143,0.3410,0.3307,0.1887,0.1940,0.3419,0.3351,0.2914,0.3228,3,3,0.3593,0.3262,0.3082,0.3233
2026-05-04,823228,0.3471,0.3204,0.2268,0.1379,0.3071,0.3327,0.3066,0.3459,3,3,0.3363,0.3202,0.3333,0.3360
2026-05-04,823552,0.3254,0.3253,0.2117,0.1986,0.3345,0.3218,0.3019,0.3093,3,3,0.3416,0.3516,0.3364,0.3159
2026-05-04,823874,0.3541,0.3060,0.2218,0.1803,0.3591,0.3158,0.3218,0.3038,3,3,0.3135,0.3096,0.3170,0.3177
2026-05-04,824039,0.3412,0.3426,0.2185,0.2307,0.3273,0.3455,0.3071,0.3229,3,3,0.3429,0.3272,0.3160,0.3157
2026-05-04,824120,0.3224,0.3420,0.1723,0.1659,0.3148,0.3201,0.3154,0.3019,3,3,0.3109,0.3228,0.3193,0.3398
2026-05-04,824201,0.3767,0.3495,0.2051,0.1834,0.3625,0.3390,0.2926,0.2872,3,3,0.4179,0.3445,0.3436,0.3226
2026-05-04,824283,0.3437,0.3312,0.2443,0.2296,0.3313,0.3409,0.3060,0.3061,2,3,0.3241,0.3296,0.3163,0.3371
2026-05-04,824363,0.3514,0.3230,0.1911,0.1911,0.3381,0.3176,0.3407,0.3075,3,3,0.4267,0.3258,0.3176,0.3104
2026-05-04,824684,0.3228,0.3289,0.2431,0.1660,0.3087,0.3119,0.3220,0.3305,3,3,0.3256,0.3217,0.3333,0.3488
2026-05-05,822743,0.3314,0.3348,0.2234,0.2336,0.3316,0.3438,0.3152,0.3127,3,3,0.3406,0.3669,0.3326,0.3087
2026-05-05,822986,0.3426,0.2929,0.2184,0.1992,0.3190,0.3265,0.2907,0.3096,3,3,0.3559,0.2767,0.3582,0.3248
2026-05-05,823062,0.3298,0.3486,0.2187,0.1778,0.3116,0.3419,0.3136,0.3258,3,3,0.3329,0.3415,0.3351,0.3070
2026-05-05,823142,0.3426,0.3400,0.1883,0.2293,0.3449,0.3562,0.2985,0.3195,3,3,0.3615,0.3268,0.2958,0.3249
2026-05-05,823227,0.3269,0.3340,0.1903,0.2049,0.3238,0.3430,0.3066,0.3376,3,3,0.3419,0.3199,0.3445,0.3231
2026-05-05,823469,0.3377,0.3538,0.2180,0.2220,0.3239,0.3585,0.2882,0.3239,3,3,0.2965,0.3126,0.2875,0.3163
2026-05-05,823553,0.3337,0.3780,0.2182,0.2058,0.3358,0.3793,0.3222,0.2946,3,3,0.3039,0.3531,0.2865,0.3166
2026-05-05,823873,0.3399,0.3198,0.2462,0.1538,0.3457,0.3142,0.3096,0.3307,3,3,0.3406,0.3103,0.3410,0.3275
2026-05-05,824040,0.3174,0.3419,0.2146,0.2321,0.3252,0.3441,0.3265,0.3148,3,3,0.2984,0.3257,0.2997,0.3273
2026-05-05,824119,0.3351,0.3421,0.1320,0.1659,0.3331,0.3188,0.3275,0.3177,3,3,0.3099,0.3220,0.3092,0.3377
2026-05-05,824200,0.3429,0.3061,0.1853,0.2180,0.3304,0.3133,0.3185,0.2779,3,3,0.3154,0.3099,0.3443,0.3253
2026-05-05,824281,0.3403,0.3344,0.2420,0.2096,0.3389,0.3392,0.2945,0.3111,3,3,0.3239,0.3106,0.2954,0.3496
2026-05-05,824362,0.3614,0.3209,0.2040,0.2245,0.3337,0.3080,0.3295,0.3021,3,3,0.4267,0.3195,0.3106,0.2989
2026-05-05,824682,0.3146,0.3328,0.2298,0.1659,0.2980,0.3141,0.3139,0.3099,3,3,0.2886,0.3215,0.3378,0.3437
2026-05-05,825092,0.3301,0.3511,0.2492,0.1804,0.3243,0.3489,0.3290,0.3326,3,3,0.3359,0.3279,0.3299,0.3008
2026-05-06,822740,0.2972,0.3362,0.2414,0.2334,0.3034,0.3452,0.3438,0.3059,3,3,0.2778,0.3679,0.3285,0.3109
2026-05-06,822985,0.3616,0.3213,0.2020,0.1877,0.3327,0.3306,0.3136,0.3360,3,3,0.3571,0.3473,0.2949,0.3246
2026-05-06,823063,0.3170,0.3487,0.1871,0.1778,0.3092,0.3420,0.3136,0.3258,3,3,0.2944,0.3415,0.3334,0.3095
2026-05-06,823141,0.3423,0.3391,0.1887,0.2309,0.3436,0.3546,0.3050,0.3359,3,3,0.3596,0.3270,0.3140,0.3248
2026-05-06,823226,0.3278,0.3258,0.1905,0.1997,0.3245,0.3437,0.3164,0.3015,3,3,0.3425,0.3231,0.3435,0.3346
2026-05-06,823470,0.3075,0.3543,0.1687,0.2218,0.3076,0.3588,0.2645,0.3106,3,3,0.2905,0.3133,0.3241,0.3070
2026-05-06,823550,0.3296,0.3783,0.2176,0.2055,0.3358,0.3798,0.3208,0.3089,3,3,0.3324,0.3530,0.3115,0.3164
2026-05-06,823872,0.3343,0.3157,0.2108,0.1905,0.3328,0.3188,0.3120,0.3253,3,3,0.3401,0.3106,0.3374,0.3252
2026-05-06,824036,0.3463,0.3407,0.2156,0.2393,0.3308,0.3421,0.3116,0.2978,3,3,0.3470,0.3278,0.3148,0.3275
2026-05-06,824118,0.3258,0.3403,0.1669,0.1951,0.3437,0.3224,0.3001,0.3103,3,3,0.2801,0.3220,0.3007,0.3339
2026-05-06,824198,0.3324,0.2777,0.1789,0.2397,0.3483,0.3205,0.3264,0.2715,3,3,0.4176,0.2943,0.3371,0.3249
2026-05-06,824282,0.3410,0.3340,0.2425,0.1947,0.3377,0.3195,0.3148,0.3083,3,3,0.3223,0.3617,0.3050,0.3491
2026-05-06,824361,0.3512,0.3191,0.1912,0.2718,0.3373,0.3109,0.3295,0.3021,3,3,0.4267,0.3195,0.3191,0.3209
2026-05-06,824683,0.3234,0.3183,0.2436,0.1516,0.3093,0.3125,0.3311,0.3096,3,3,0.3250,0.3231,0.2968,0.3495
2026-05-06,825091,0.3394,0.3510,0.2700,0.1801,0.3265,0.3501,0.3323,0.2778,3,3,0.3371,0.3282,0.3253,0.3008
2026-05-07,822741,0.3326,0.3361,0.2170,0.2344,0.3241,0.3437,0.3252,0.3144,3,3,0.3395,0.3677,0.3014,0.3141
2026-05-07,823306,0.3466,0.3275,0.1789,0.1897,0.3409,0.3242,0.3092,0.3331,3,3,0.3377,0.3432,0.3101,0.3437
2026-05-07,823467,0.3492,0.3195,0.2475,0.2439,0.3174,0.3495,0.3132,0.3183,3,3,0.3675,0.2853,0.3476,0.3188
2026-05-07,823551,0.3306,0.3718,0.2179,0.2052,0.3343,0.3725,0.3106,0.3178,3,3,0.3325,0.3312,0.3187,0.3030
2026-05-07,823870,0.3321,0.3225,0.2362,0.1525,0.3378,0.3137,0.3206,0.3331,3,3,0.3383,0.3287,0.3380,0.3137
2026-05-07,824117,0.3130,0.3419,0.1515,0.1659,0.3211,0.3193,0.3346,0.3362,3,3,0.3093,0.3229,0.3070,0.3345
2026-05-07,824681,0.3122,0.3280,0.2801,0.1491,0.2999,0.3153,0.3002,0.3146,3,3,0.3099,0.3219,0.3331,0.3468
2026-05-07,824767,0.3209,0.3403,0.2210,0.2445,0.3359,0.3357,0.3222,0.3048,3,3,0.3271,0.3223,0.3260,0.3044
2026-05-07,825090,0.3395,0.3501,0.2695,0.1797,0.3298,0.3485,0.3201,0.3450,3,3,0.3363,0.3275,0.3358,0.3062
2026-05-08,822822,0.3428,0.3537,0.2303,0.1798,0.3458,0.3254,0.2875,0.3007,3,3,0.3287,0.3557,0.3152,0.3229
2026-05-08,822904,0.3310,0.3164,0.1645,0.2240,0.3116,0.3307,0.3241,0.3173,3,3,0.3223,0.2859,0.3506,0.3106
2026-05-08,823225,0.3183,0.3195,0.2207,0.1379,0.3095,0.3394,,0.3123,3,3,0.3023,0.3175,0.3457,0.3337
2026-05-08,823303,0.3484,0.3358,0.1783,0.1940,0.3409,0.3321,0.3289,0.3189,3,3,0.3420,0.3426,0.3094,0.3437
2026-05-08,823466,0.3211,0.3549,0.2009,0.2211,0.3204,0.3590,0.2848,0.3245,3,3,0.3190,0.3122,0.3181,0.3185
2026-05-08,823794,0.3970,0.3329,0.2264,0.1990,0.3887,0.3092,0.2953,0.2894,3,3,0.3510,0.3233,0.3254,0.3312
2026-05-08,823871,0.3275,0.3267,0.2630,0.1940,0.3253,0.3238,,0.3188,3,3,0.3690,0.3097,0.3081,0.3174
2026-05-08,823957,0.3418,0.3776,0.1900,0.2054,0.3425,0.3623,0.3211,0.2808,3,3,0.3581,0.4174,0.3134,0.3254
2026-05-08,824116,0.3398,0.3428,0.2089,0.1657,0.3212,0.3202,0.3028,0.3149,3,3,0.3298,0.3230,0.3478,0.3105
2026-05-08,824443,0.3322,0.3133,0.2118,0.1521,0.3414,0.3224,0.2932,0.3086,3,3,0.3388,0.3098,0.3172,0.2993
2026-05-08,824522,0.2926,0.3128,0.2141,0.2262,0.3181,0.3013,0.3005,0.3290,3,3,0.2745,0.2883,0.3255,0.3377
2026-05-08,824607,0.3224,0.3399,0.2529,0.2310,0.3492,0.3226,0.3197,0.3251,3,3,0.2771,0.3333,0.3241,0.3058
2026-05-08,824768,0.3308,0.3397,0.1859,0.2440,0.3396,0.3343,0.3348,0.3174,3,3,0.3469,0.3217,0.3262,0.3041
2026-05-08,824846,0.3506,0.3341,0.2462,0.2116,0.3224,0.3329,0.3149,0.3030,3,3,0.3683,0.3418,0.3239,0.3413
2026-05-08,825088,0.3568,0.3297,0.2003,0.1657,0.3519,0.3169,0.3222,0.2994,3,3,0.4259,0.3288,0.2981,0.2998
2026-05-09,822820,0.3027,0.2935,0.2347,0.2224,0.3365,0.3071,0.3058,0.3345,3,3,0.3297,0.2677,0.3073,0.3217
2026-05-09,822905,0.3175,0.3159,0.1922,0.2242,0.3157,0.3292,0.3305,0.3251,3,3,0.2817,0.2859,0.3525,0.3106
2026-05-09,823224,0.3268,0.3162,0.2595,0.1446,0.3176,0.3267,0.3081,0.2941,3,3,0.3370,0.3200,0.3111,0.3120
2026-05-09,823304,0.3198,0.3484,0.1954,0.2061,0.3249,0.3312,0.3459,0.3250,3,3,0.3402,0.3425,0.3093,0.3241
2026-05-09,823468,0.3184,0.3288,0.2239,0.2312,0.3058,0.3509,0.3017,0.3323,3,3,0.3177,0.3114,0.3221,0.3035
2026-05-09,823792,0.3787,0.3317,0.2261,0.1997,0.3844,0.3076,0.3179,0.2962,3,3,0.2989,0.3215,0.3237,0.3033
2026-05-09,823869,0.3207,0.3225,0.2647,0.1522,0.3363,0.3167,0.3197,0.3238,3,3,0.3678,0.3111,0.3297,0.3224
2026-05-09,823955,0.3173,0.3642,0.1598,0.2401,0.3351,0.3454,0.2900,0.3313,3,3,0.2888,0.4161,0.3438,0.3187
2026-05-09,824115,0.3254,0.3432,0.2106,0.1649,0.3307,0.3208,0.3157,0.3089,3,3,0.3581,0.3230,0.3478,0.3310
2026-05-09,824444,0.3202,0.3330,0.2056,0.1693,0.3162,0.3449,0.3016,0.3019,3,3,0.3415,0.3039,0.2909,0.3063
2026-05-09,824523,0.3498,0.3242,0.1710,0.2454,0.3253,0.3095,0.2925,0.3300,3,3,0.3087,0.3211,0.3254,0.3032
2026-05-09,824606,0.3366,0.3468,0.2483,0.2170,0.3509,0.3369,0.3764,0.3261,3,3,0.3201,0.3512,0.3258,0.3151
2026-05-09,824766,0.3398,0.3146,0.2130,0.2263,0.3414,0.3299,0.3062,0.3049,3,3,0.3169,0.3101,0.2936,0.3052
2026-05-09,824847,0.3492,0.3345,0.2467,0.2113,0.3207,0.3339,0.3135,0.3143,3,3,0.3666,0.3375,0.3230,0.3409
2026-05-09,825089,0.3507,0.3499,0.2078,0.1790,0.3323,0.3480,0.3411,0.3242,3,3,0.4240,0.3745,0.3183,0.2965
2026-05-10,822819,0.3416,0.3257,0.2395,0.1643,0.3380,0.3249,0.3033,0.3090,3,3,0.3289,0.2875,0.3126,0.3393
2026-05-10,822902,0.3356,0.3311,0.1796,0.2187,0.3234,0.3365,0.2937,0.3137,3,3,0.3211,0.3342,0.3473,0.3122
2026-05-10,823221,0.3309,0.3145,0.2478,0.1463,0.3248,0.3212,0.3105,0.3298,3,3,0.3371,0.3194,0.3235,0.3115
2026-05-10,823305,0.3478,0.3487,0.1787,0.2075,0.3395,0.3326,0.3367,0.3271,3,3,0.3408,0.3430,0.3090,0.3235
2026-05-10,823463,0.3166,0.3552,0.2356,0.2220,0.3114,0.3582,0.2859,0.3563,3,3,0.3199,0.3121,0.3146,0.3185
2026-05-10,823793,0.3948,0.3311,0.2286,0.1990,0.3856,0.3070,0.3049,0.3001,3,3,0.3495,0.3194,0.3238,0.3310
2026-05-10,823868,0.3339,0.3226,0.2484,0.1520,0.3274,0.3179,0.3234,0.3104,3,3,0.3709,0.3122,0.3310,0.3001
2026-05-10,823954,0.3181,0.3664,0.1592,0.2137,0.3356,0.3548,0.3146,0.3169,3,3,0.2898,0.4155,0.3438,0.3647
2026-05-10,824113,0.3341,0.3433,0.1923,0.1646,0.3159,0.3219,0.3315,0.3036,3,3,0.3146,0.3237,0.3467,0.3183
2026-05-10,824440,0.3151,0.3346,0.2629,0.1308,0.3327,0.3348,0.3214,0.3128,3,3,0.3420,0.3094,0.3292,0.3080
2026-05-10,824520,0.3501,0.3185,0.1706,0.2658,0.3262,0.3089,0.3097,0.3135,3,3,0.3102,0.3110,0.3241,0.3383
2026-05-10,824605,0.3355,0.3454,0.1764,0.2203,0.3310,0.3351,0.3360,0.2981,3,3,0.3386,0.3475,0.3349,0.3143
2026-05-10,824765,0.3052,0.3209,0.1747,0.2346,0.3207,0.3209,0.3016,0.3049,3,3,0.2868,0.3214,0.3524,0.2938
2026-05-10,824845,0.3548,0.3347,0.2538,0.2115,0.3364,0.3342,0.3095,0.3244,3,3,0.3688,0.3377,0.3081,0.3409
2026-05-10,825085,0.3541,0.3502,0.2098,0.1786,0.3404,0.3482,0.3277,0.3119,3,3,0.4231,0.3741,0.3187,0.3065
2026-05-11,822818,0.3125,0.3544,0.2204,0.1783,0.3215,0.3253,0.3092,0.2959,3,3,0.2912,0.3539,0.3240,0.3254
2026-05-11,822901,0.3499,0.3320,0.1789,0.2193,0.3480,0.3369,0.3193,0.3227,3,3,0.3744,0.3347,0.3064,0.3042
2026-05-11,823953,0.3188,0.3703,0.1374,0.1805,0.3381,0.3544,0.3380,0.3161,3,3,0.3189,0.4149,0.3158,0.3572
2026-05-11,824199,0.3351,0.3488,0.1767,0.1722,0.3315,0.3263,0.3121,0.2948,3,3,0.3365,0.3092,0.3345,0.3234
2026-05-11,824441,0.3424,0.3206,0.2399,0.1547,0.3397,0.3246,0.3089,0.3138,3,3,0.3283,0.3081,0.3292,0.3099
2026-05-11,824844,0.3947,0.3346,0.2296,0.2126,0.3873,0.3344,0.3220,0.3186,3,3,0.3477,0.3412,0.3236,0.3489
2026-05-12,822817,0.3332,0.3533,0.2151,0.1769,0.3342,0.3243,0.3345,0.3097,3,3,0.3455,0.3521,0.2934,0.3209
2026-05-12,822903,0.3376,0.3323,0.2156,0.2251,0.3506,0.3385,0.3173,0.3238,3,3,0.3747,0.3343,0.3030,0.3108
2026-05-12,823385,0.2999,0.3399,0.2766,0.2680,0.3006,0.3311,0.2568,0.3399,3,3,0.2972,0.3364,0.3200,0.3284
2026-05-12,823632,0.3205,0.3133,0.2343,0.2038,0.3286,0.3149,0.2955,0.3063,3,3,0.2941,0.3145,0.3470,0.3164
2026-05-12,823712,0.3225,0.3145,0.1524,0.2629,0.3162,0.3313,0.3061,0.3101,3,3,0.3120,0.3410,0.3248,0.3311
2026-05-12,823790,0.3494,0.3291,0.2074,0.2188,0.3335,0.3094,0.3210,0.2914,3,3,0.3449,0.3361,0.3099,0.3341
2026-05-12,823951,0.3195,0.3696,0.1367,0.1810,0.3375,0.3547,0.2899,0.3368,3,3,0.3195,0.4130,0.3362,0.3570
2026-05-12,824197,0.3350,0.3489,0.1766,0.1731,0.3320,0.3275,0.3186,0.2819,3,3,0.3354,0.3102,0.3339,0.3048
2026-05-12,824442,0.3410,0.3344,0.2328,0.1300,0.3399,0.3338,0.3370,0.3036,3,3,0.3276,0.3083,0.3224,0.3311
2026-05-12,824521,0.3340,0.3116,0.2468,0.2257,0.3277,0.3023,0.3318,0.3374,3,3,0.3704,0.2877,0.3080,0.3392
2026-05-12,824604,0.3434,0.3440,0.1639,0.2220,0.3209,0.3345,0.3202,0.3200,3,3,0.3251,0.3411,0.3313,0.3127
2026-05-12,824764,0.3557,0.3151,0.2218,0.2262,0.3612,0.3210,0.3108,0.2868,3,3,0.3114,0.3213,0.3189,0.2836
2026-05-12,824843,0.3898,0.3342,0.2279,0.2124,0.3845,0.3357,0.3117,0.3218,3,3,0.3338,0.3364,0.3229,0.3398
2026-05-12,824927,0.3178,0.3414,0.1547,0.1915,0.3119,0.3394,0.3080,0.3424,3,3,0.3224,0.3602,0.3503,0.3129
2026-05-12,825011,0.3384,0.3490,0.2234,0.2459,0.3452,0.3209,0.3133,0.3138,3,3,0.3390,0.3677,0.3187,0.3464
2026-05-13,822815,0.3124,0.3528,0.1890,0.1781,0.3191,0.3232,0.2944,0.2938,3,3,0.2837,0.3511,0.2964,0.3220
2026-05-13,822900,0.3500,0.3484,0.1780,0.2191,0.3475,0.3495,0.3546,0.3226,3,3,0.3737,0.3351,0.3037,0.3106
2026-05-13,823386,0.3134,0.3320,0.2155,0.2691,0.2972,0.3285,0.3272,0.3304,3,3,0.3047,0.3383,0.3222,0.3495
2026-05-13,823631,0.3529,0.3149,0.2136,0.2195,0.3404,0.3113,0.3087,0.2966,3,3,0.3602,0.3133,0.3303,0.3196
2026-05-13,823710,0.3211,0.3204,0.1524,0.2057,0.3142,0.3167,0.3172,0.3229,3,3,0.3105,0.3411,0.2984,0.3229
2026-05-13,823791,0.3490,0.3311,0.2075,0.1988,0.3328,0.3059,0.2966,0.3064,3,3,0.3436,0.3177,0.3058,0.3317
2026-05-13,823952,0.3162,0.3502,0.1440,0.1656,0.3281,0.3301,0.2817,0.3066,3,3,0.3186,0.3362,0.3317,0.3426
2026-05-13,824195,0.3324,0.3479,0.1930,0.1741,0.3334,0.3260,0.3292,0.3156,3,3,0.3285,0.3103,0.3300,0.3229
2026-05-13,824438,0.3472,0.3237,0.2349,0.1659,0.3319,0.3427,0.2981,0.3004,3,3,0.3253,0.2773,0.3050,0.3086
2026-05-13,824519,0.3264,0.3371,0.2320,0.2406,0.3352,0.3063,0.3122,0.3268,3,3,0.3717,0.3203,0.3077,0.3180
2026-05-13,824603,0.3424,0.3336,0.1919,0.2602,0.3212,0.3272,0.3155,0.3162,3,3,0.3253,0.3115,0.3205,0.3126
2026-05-13,824763,0.3552,0.3116,0.2451,0.2149,0.3497,0.3205,0.3089,0.3231,3,3,0.3863,0.3208,0.3137,0.3283
2026-05-13,824841,0.3946,0.3337,0.2283,0.2118,0.3866,0.3341,0.3094,0.2892,3,3,0.3489,0.3407,0.3228,0.3469
2026-05-13,824928,0.3264,0.3175,0.1515,0.1593,0.3145,0.3324,0.3112,0.3010,3,3,0.3221,0.2887,0.3504,0.3448
2026-05-13,825010,0.3478,0.3422,0.1785,0.2590,0.3388,0.3143,0.3180,0.3287,3,3,0.3412,0.3473,0.3109,0.3501
2026-05-14,823383,0.2999,0.3403,0.2765,0.2671,0.2999,0.3334,0.3187,0.3436,3,3,0.2918,0.3380,0.3169,0.3299
2026-05-14,823630,0.3441,0.3546,0.2159,0.1905,0.3171,0.3314,0.2935,0.3256,3,3,0.3621,0.3114,0.3376,0.3108
2026-05-14,823709,0.3202,0.3162,0.1516,0.1856,0.3139,0.3304,0.3338,0.3131,3,3,0.3113,0.3315,0.3254,0.3265
2026-05-14,823789,0.3332,0.3128,0.2099,0.1896,0.3254,0.3072,0.3188,0.3192,3,3,0.3143,0.3168,0.3114,0.3304
2026-05-14,823950,0.3187,0.3583,0.1365,0.1814,0.3355,0.3530,0.3094,0.3061,3,3,0.3171,0.3543,0.3349,0.3486
2026-05-14,824196,0.3355,0.3486,0.1762,0.2079,0.3331,0.3273,0.3195,0.3263,3,3,0.3368,0.3145,0.3281,0.3208
2026-05-14,824517,0.3123,0.3300,0.2464,0.2480,0.3103,0.3130,0.2912,0.3149,3,3,0.3036,0.3192,0.3009,0.3195
2026-05-14,824602,0.3425,0.3302,0.1931,0.2258,0.3206,0.3360,0.3446,0.2963,3,3,0.3250,0.2967,0.3210,0.2847
2026-05-14,824762,0.3556,0.3214,0.2223,0.2337,0.3612,0.3198,0.2962,0.2853,3,3,0.3113,0.3196,0.3124,0.3283
2026-05-14,824926,0.3334,0.3414,0.1687,0.1916,0.3150,0.3364,0.2761,0.3235,3,3,0.3219,0.3618,0.3262,0.3133
2026-05-14,825008,0.3390,0.3502,0.2216,0.2453,0.3477,0.3207,0.3019,0.3351,3,3,0.3431,0.3678,0.2993,0.3222
2026-05-15,822739,0.3336,0.3380,0.2111,0.2278,0.3338,0.3310,0.3349,0.3137,3,3,0.3354,0.3701,0.3384,0.3323
2026-05-15,822983,0.3204,0.3305,0.1507,0.1835,0.3160,0.3325,0.3196,0.3247,3,3,0.3107,0.2839,0.3246,0.3180
2026-05-15,823061,0.3435,0.3259,0.1636,0.1700,0.3206,0.3248,0.3278,0.3109,3,3,0.3248,0.3424,0.3326,0.3123
2026-05-15,823140,0.3474,0.3356,0.2087,0.1767,0.3314,0.3332,0.3256,0.3429,3,3,0.3421,0.3389,0.3214,0.3098
2026-05-15,823384,0.3554,0.3393,0.2229,0.2669,0.3611,0.3341,0.2924,0.3376,3,3,0.3102,0.3364,0.3220,0.3506
2026-05-15,823629,0.3940,0.3548,0.2285,0.1891,0.3862,0.3294,0.3158,0.2968,3,3,0.3496,0.3117,0.3226,0.3161
2026-05-15,823707,0.3297,0.3161,0.1997,0.1840,0.3061,0.3350,0.2865,0.3157,3,3,0.3145,0.3314,0.3035,0.3135
2026-05-15,824037,0.3690,0.3403,0.1867,0.2045,0.3442,0.3265,0.3389,0.3124,3,3,0.4140,0.3261,0.3420,0.3285
2026-05-15,824194,0.3121,0.3252,0.2275,0.2291,0.3265,0.3390,0.3216,0.3243,3,3,0.3205,0.2885,0.3108,0.3046
2026-05-15,824280,0.3546,0.3520,0.1751,0.2146,0.3257,0.3418,0.3058,0.3056,3,3,0.3512,0.3585,0.3232,0.3309
2026-05-15,824360,0.3504,0.3166,0.1774,0.2719,0.3477,0.3053,0.3344,0.3425,3,3,0.3734,0.3164,0.3042,0.3280
2026-05-15,824439,0.3356,0.3363,0.2415,0.1283,0.3036,0.3338,0.3009,0.3041,3,3,0.3198,0.3088,0.3208,0.3126
2026-05-15,824601,0.3315,0.3483,0.1666,0.2182,0.3076,0.3356,0.3236,0.3255,3,3,0.3216,0.3489,0.3503,0.3153
2026-05-15,824925,0.3178,0.3170,0.2263,0.1611,0.3217,0.3297,0.3306,0.3178,3,3,0.3193,0.2888,0.3279,0.3446
2026-05-15,825009,0.3146,0.3517,0.1416,0.2449,0.3184,0.3259,0.3147,0.3082,3,3,0.3178,0.3705,0.3366,0.3336
2026-05-16,822737,0.3159,0.3284,0.2209,0.2621,0.3209,0.3251,0.3176,0.3108,3,3,0.2831,0.3719,0.3384,0.3336
2026-05-16,822981,0.3193,0.3300,0.1509,0.1832,0.3138,0.3325,0.3044,0.3229,3,3,0.3105,0.2843,0.3246,0.3343
2026-05-16,823060,0.3433,0.3241,0.1637,0.2202,0.3197,0.3337,0.3280,0.3262,3,3,0.3242,0.2950,0.3087,0.3199
2026-05-16,823139,0.3469,0.3323,0.2094,0.1928,0.3302,0.3348,0.2947,0.3375,3,3,0.3412,0.3279,0.3249,0.3297
2026-05-16,823382,0.3568,0.3301,0.2226,0.2691,0.3621,0.3318,0.3224,0.2832,3,3,0.3096,0.3360,0.3213,0.3323
2026-05-16,823627,0.3869,0.3546,0.2041,0.1899,0.3894,0.3289,0.3060,0.2992,3,3,0.3821,0.3108,0.3265,0.3244
2026-05-16,823706,0.3288,0.3159,0.2007,0.1835,0.3071,0.3343,0.3060,0.3076,3,3,0.3140,0.3308,0.3185,0.3245
2026-05-16,824038,0.3344,0.3436,0.2276,0.2413,0.3394,0.3373,0.3118,0.3103,3,3,0.4132,0.3244,0.3404,0.3275
2026-05-16,824193,0.3283,0.3335,0.2226,0.1889,0.3379,0.3316,0.3167,0.2910,3,3,0.3335,0.2618,0.2993,0.3067
2026-05-16,824278,0.3536,0.3465,0.1754,0.2122,0.3256,0.3436,0.3152,0.2900,3,3,0.3505,0.3582,0.3222,0.3296
2026-05-16,824359,0.3495,0.3095,0.1772,0.2338,0.3467,0.3076,0.3759,0.3276,3,3,0.3720,0.3038,0.3064,0.3172
2026-05-16,824435,0.3350,0.3327,0.2397,0.1644,0.3023,0.3452,0.3056,0.3368,3,3,0.3206,0.2998,0.3215,0.3288
2026-05-16,824600,0.3325,0.3487,0.1658,0.2179,0.3086,0.3328,0.3184,0.3157,3,3,0.3210,0.3492,0.3508,0.3166
2026-05-16,824924,0.3174,0.3408,0.2404,0.1934,0.3195,0.3381,0.3163,0.3017,3,3,0.3198,0.3622,0.3361,0.2853
2026-05-16,825007,0.3183,0.3515,0.1377,0.2455,0.3339,0.3241,0.3251,0.3179,3,3,0.3183,0.3723,0.3316,0.3465
2026-05-17,822738,0.3453,0.3357,0.2341,0.2462,0.3519,0.3231,0.3239,0.3192,3,3,0.3398,0.3729,0.3269,0.3330
2026-05-17,822982,0.3187,0.3304,0.1505,0.1829,0.3120,0.3323,0.2928,0.3119,3,3,0.3100,0.2855,0.3240,0.3344
2026-05-17,823058,0.3434,0.3468,0.1630,0.1778,0.3195,0.3362,0.3108,0.3211,3,3,0.3237,0.3400,0.3318,0.3131
2026-05-17,823138,0.3351,0.3149,0.2107,0.2150,0.3236,0.3293,0.2964,0.3303,3,3,0.3614,0.2760,0.3304,0.3194
2026-05-17,823381,0.3574,0.3398,0.2232,0.2678,0.3655,0.3331,0.2652,0.2923,3,3,0.3104,0.3346,0.3207,0.3184
2026-05-17,823628,0.3925,0.3551,0.2292,0.1882,0.3826,0.3280,0.3012,0.3295,3,3,0.3462,0.3115,0.3213,0.3120
2026-05-17,823708,0.3292,0.3156,0.2018,0.1837,0.3059,0.3341,0.3058,0.3061,3,3,0.3158,0.3298,0.3062,0.3103
2026-05-17,824034,0.3668,0.3409,0.2125,0.2333,0.3539,0.3382,0.3043,0.3336,3,3,0.4155,0.3286,0.3443,0.3125
2026-05-17,824192,0.3028,0.2848,0.2243,0.2485,0.3195,0.3266,0.3104,0.2819,3,3,0.3063,0.2896,0.2989,0.3147
2026-05-17,824279,0.3361,0.3515,0.1926,0.2137,0.3307,0.3398,0.3160,0.3099,3,3,0.3231,0.3546,0.3087,0.3301
2026-05-17,824358,0.3285,0.3167,0.1638,0.2707,0.3166,0.3066,0.3432,0.3218,3,3,0.3066,0.3165,0.2810,0.3245
2026-05-17,824436,0.3246,0.3186,0.2434,0.2108,0.3056,0.3273,0.3179,0.3481,3,3,0.3184,0.3071,0.3359,0.3253
2026-05-17,824599,0.3322,0.3290,0.1658,0.2246,0.3069,0.3321,0.3212,0.3251,3,3,0.3201,0.2815,0.3493,0.3170
2026-05-17,824923,0.3171,0.3418,0.2231,0.1924,0.3180,0.3412,0.3342,0.3518,3,3,0.3192,0.3656,0.2861,0.3324
2026-05-17,825006,0.3123,0.3369,0.1798,0.2451,0.3363,0.3436,0.3137,0.3381,3,3,0.2962,0.3720,0.3313,0.3111
2026-05-18,822734,0.3546,0.3214,0.1875,0.2393,0.3275,0.3406,0.3469,0.3197,3,3,0.3113,0.3724,0.3007,0.3313
2026-05-18,822980,0.3235,0.3321,0.2404,0.2304,0.3230,0.3419,0.3050,0.3090,3,3,0.3395,0.2900,0.3459,0.2935
2026-05-18,823137,0.3483,0.3296,0.2290,0.2244,0.3349,0.3276,0.2799,0.3220,3,3,0.3432,0.3289,0.3095,0.3392
2026-05-18,823301,0.3556,0.3277,0.1797,0.1884,0.3375,0.3204,0.3059,0.2906,3,3,0.4160,0.3609,0.3589,0.3303
2026-05-18,823465,0.3189,0.3417,0.2490,0.1960,0.3071,0.3412,0.3295,0.3098,3,2,0.3023,0.3103,0.3361,0.3045
2026-05-18,823549,0.3576,0.3896,0.1995,0.2269,0.3344,0.3846,0.3206,0.3388,3,3,0.3493,0.3374,0.2987,0.3368
2026-05-18,823705,0.3540,0.3268,0.1727,0.1921,0.3359,0.3376,0.3184,0.3357,3,3,0.3252,0.3311,0.3226,0.3226
2026-05-18,823867,0.2954,0.3062,0.2146,0.2298,0.3260,0.3160,0.3234,0.3092,3,3,0.2999,0.2950,0.3202,0.3068
2026-05-18,824035,0.3364,0.3408,0.2445,0.2332,0.3279,0.3391,0.3086,0.2989,3,3,0.2872,0.3280,0.3426,0.3110
2026-05-18,824114,0.3151,0.3430,0.2249,0.1626,0.3164,0.3195,0.3405,0.3094,3,3,0.3194,0.3235,0.3277,0.3267
2026-05-18,824277,0.3110,0.3445,0.1920,0.1998,0.3394,0.3209,0.3037,0.3352,3,3,0.2822,0.3232,0.3011,0.3327
2026-05-18,824357,0.3150,0.3116,0.2285,0.2318,0.3219,0.3105,0.3315,0.3169,3,3,0.2942,0.3050,0.3043,0.3049
2026-05-18,824680,0.3287,0.3330,0.2009,0.1650,0.3047,0.3109,0.2995,0.3196,3,3,0.3142,0.3202,0.3067,0.3484
2026-05-18,825087,0.3043,0.3194,0.2021,0.1889,0.3415,0.3441,0.3234,0.3142,3,3,0.2975,0.3729,0.3287,0.3067
2026-05-19,822736,0.3566,0.3113,0.1850,0.1994,0.3297,0.3153,0.3225,0.2966,3,3,0.3164,0.2953,0.3221,0.3297
2026-05-19,822979,0.3340,0.3308,0.2135,0.1822,0.3348,0.3324,0.3061,0.3059,3,3,0.3392,0.2839,0.3390,0.2944
2026-05-19,823059,0.3226,0.3466,0.2262,0.1774,0.3209,0.3359,0.3393,0.3292,3,3,0.3137,0.3399,0.3445,0.3130
2026-05-19,823136,0.3329,0.3255,0.2130,0.2445,0.3335,0.3243,0.3133,0.3683,3,3,0.3526,0.3156,0.3152,0.3304
2026-05-19,823302,0.3710,0.3309,0.1808,0.2145,0.3539,0.3086,0.3280,0.2842,3,3,0.4156,0.3607,0.3581,0.3297
2026-05-19,823464,0.3188,0.3335,0.2491,0.1839,0.3071,0.3340,0.3048,0.2877,3,3,0.3022,0.3104,0.3371,0.3165
2026-05-19,823548,0.3455,0.3924,0.1919,0.2285,0.3237,0.3825,0.3101,0.2935,3,3,0.3500,0.3459,0.3204,0.3239
2026-05-19,823704,0.3537,0.3246,0.1728,0.2450,0.3378,0.3173,0.3161,0.3215,3,3,0.3249,0.3441,0.3217,0.3242
2026-05-19,823865,0.3392,0.3197,0.2064,0.1498,0.3277,0.3124,0.3206,0.3332,3,3,0.3728,0.3117,0.3163,0.3041
2026-05-19,824033,0.3507,0.3419,0.2440,0.2396,0.3234,0.3354,0.3110,0.3034,3,3,0.3483,0.3295,0.2939,0.3266
2026-05-19,824112,0.3169,0.3460,0.2307,0.1759,0.3170,0.3234,0.3238,0.2903,3,3,0.3195,0.3230,0.3367,0.3145
2026-05-19,824276,0.3342,0.3404,0.1844,0.2033,0.3388,0.3281,0.3418,0.2963,3,3,0.3053,0.3177,0.3314,0.3486
2026-05-19,824356,0.3089,0.3054,0.2408,0.2506,0.3298,0.3033,0.3253,0.3209,3,3,0.3342,0.3045,0.2822,0.3168
2026-05-19,824677,0.3283,0.3336,0.2005,0.1650,0.3035,0.3127,0.3056,0.2905,3,3,0.3143,0.3207,0.3241,0.3476
2026-05-19,825086,0.3129,0.3519,0.1777,0.1756,0.3376,0.3489,0.3145,0.3148,3,3,0.2972,0.3728,0.3316,0.3072
2026-05-20,822735,0.3575,0.3392,0.1848,0.2253,0.3295,0.3320,0.3371,,3,3,0.3171,0.3737,0.3240,0.3147
2026-05-20,822977,0.3341,0.3120,0.2136,0.2088,0.3354,0.3167,0.3161,0.3192,3,3,0.3383,0.2838,0.3453,0.3149
2026-05-20,823057,0.3148,0.3305,0.2341,0.1816,0.3214,0.3394,0.3214,0.3160,3,3,0.3146,0.3454,0.3289,0.2966
2026-05-20,823134,0.3402,0.3263,0.2605,0.1983,0.3328,0.3356,0.3269,0.3239,3,3,0.3424,0.3086,0.3134,0.3105
2026-05-20,823299,0.3716,0.3310,0.1808,0.1922,0.3556,0.3239,0.3441,0.2804,3,3,0.4164,0.3595,0.3415,0.3293
2026-05-20,823462,0.3187,0.3300,0.2496,0.2182,0.3043,0.3249,0.3221,0.3082,3,3,0.3004,0.3107,0.3382,0.3175
2026-05-20,823547,0.3456,0.3864,0.1913,0.2035,0.3234,0.3877,0.2934,0.2960,3,3,0.3494,0.3796,0.3291,0.3294
2026-05-20,823703,0.3531,0.3312,0.1733,0.2150,0.3393,0.3275,0.2855,0.3112,3,3,0.3241,0.3431,0.3230,0.3094
2026-05-20,823866,0.3318,0.3222,0.2268,0.1807,0.3143,0.3135,0.3227,0.2756,3,3,0.3015,0.3121,0.3034,0.2983
2026-05-20,824032,0.3350,0.3418,0.2439,0.2323,0.3252,0.3377,0.3428,0.3169,3,3,0.2871,0.3303,0.3428,0.2988
2026-05-20,824111,0.3226,0.3300,0.2013,0.1680,0.3178,0.3180,0.3081,0.3184,3,3,0.3209,0.3226,0.3288,0.3093
2026-05-20,824273,0.3250,0.3422,0.1638,0.2004,0.3479,0.3184,,0.3044,3,3,0.2820,0.3231,0.3113,0.3317
2026-05-20,824355,0.3268,0.3099,0.2263,0.2019,0.3321,0.3096,0.3282,0.3234,3,3,0.3353,0.3048,0.3014,0.3277
2026-05-20,824678,0.3288,0.3327,0.2006,0.1701,0.3043,0.3161,0.3089,0.3214,3,3,0.3140,0.3217,0.3067,0.3336
2026-05-20,825084,0.3177,0.3372,0.1595,0.1446,0.3340,0.3347,0.3245,0.2895,3,3,0.3115,0.3745,0.3330,0.2964
2026-05-21,822733,0.3589,0.3280,0.1837,0.2282,0.3278,0.3347,0.3145,0.3043,3,3,0.3179,0.3728,0.3232,0.3159
2026-05-21,823056,0.3399,0.3493,0.2674,0.1763,0.3312,0.3371,0.3424,0.2977,3,3,0.3333,0.3458,0.3182,0.3136
2026-05-21,823545,0.3447,0.3852,0.1923,0.2047,0.3221,0.3862,0.3006,0.3126,3,3,0.3482,0.3785,0.3107,0.3291
2026-05-21,823864,0.3318,0.3201,0.2268,0.1494,0.3145,0.3151,0.3207,0.3238,3,3,0.3027,0.3124,0.3135,0.3290
2026-05-21,824031,0.3351,0.3411,0.2432,0.2316,0.3267,0.3372,0.3104,0.3153,3,3,0.2871,0.3287,0.3414,0.3287
2026-05-21,824274,0.3317,0.3407,0.1849,0.1960,0.3359,0.3313,0.2898,0.3075,3,3,0.3034,0.3165,0.3280,0.3327
2026-05-21,825083,0.3094,0.3534,0.2264,0.1750,0.3053,0.3490,0.3260,0.3172,3,3,0.3036,0.3764,0.3009,0.3066
2026-05-22,822816,0.3306,0.3445,0.2481,0.1926,0.3231,0.3214,0.3079,0.3212,3,3,0.3327,0.3476,0.3270,0.3230
2026-05-22,823223,0.3496,0.3216,0.2164,0.1789,0.3380,0.3406,0.3171,0.3159,3,3,0.3517,0.3212,0.3130,0.3316
2026-05-22,823298,0.3388,0.3304,0.2616,0.1928,0.3280,0.3220,0.3330,0.3130,3,3,0.2987,0.3597,0.3410,0.3289
2026-05-22,823461,0.3168,0.3566,0.2042,0.2250,0.3316,0.3650,0.2822,0.3192,3,3,0.2804,0.3115,0.3385,0.3204
2026-05-22,823546,0.3310,0.3899,0.1830,0.2308,0.3315,0.3804,0.3084,0.3046,3,3,0.2821,0.3458,0.2944,0.3345
2026-05-22,823788,0.3726,0.3294,0.1805,0.2009,0.3566,0.3048,0.3065,0.3120,3,3,0.4178,0.3152,0.3418,0.3337
2026-05-22,823863,0.3593,0.3188,0.1855,0.1504,0.3258,0.3146,0.3133,0.3073,3,3,0.3198,0.3115,0.3095,0.3286
2026-05-22,824029,0.3251,0.3416,0.2222,0.2317,0.3263,0.3390,0.3171,0.2926,3,3,0.3188,0.3280,0.3037,0.3270
2026-05-22,824110,0.3301,0.3413,0.2242,0.1639,0.3288,0.3178,0.3248,0.2943,3,3,0.3278,0.3214,0.3237,0.3298
2026-05-22,824518,0.3487,0.3391,0.1788,0.2294,0.3347,0.3086,0.3317,0.3416,3,3,0.3426,0.3222,0.3124,0.3175
2026-05-22,824679,0.3520,0.3331,0.1741,0.1659,0.3401,0.3139,0.3129,0.3187,3,3,0.3232,0.3221,0.3216,0.3461
2026-05-22,824761,0.3184,0.3172,0.2046,0.2316,0.3218,0.3146,0.2897,0.3120,3,3,0.3430,0.3214,0.2974,0.3368
2026-05-22,824842,0.3427,0.3341,0.2006,0.2132,0.3199,0.3360,0.3119,0.3164,3,3,0.3531,0.3382,0.3326,0.3404
2026-05-22,824922,0.3309,0.3387,0.2436,0.2049,0.3441,0.3273,0.3148,0.3231,3,3,0.3732,0.3715,0.3160,0.3193
2026-05-22,825082,0.3044,0.3533,0.2342,0.1748,0.3119,0.3475,0.3079,0.3807,3,3,0.3058,0.3772,0.3203,0.3067
2026-05-23,822814,0.3215,0.3443,0.2267,0.1932,0.3173,0.3205,0.3451,0.2615,3,3,0.3145,0.3468,0.3401,0.3012
2026-05-23,823222,0.3504,0.3205,0.2173,0.1801,0.3359,0.3391,0.3398,0.2989,3,3,0.3545,0.3201,0.3134,0.3312
2026-05-23,823300,0.3541,0.3305,0.2233,0.1917,0.3349,0.3208,0.3276,0.2973,3,3,0.3449,0.3605,0.3406,0.3121
2026-05-23,823458,0.3409,0.3558,0.1615,0.2258,0.3490,0.3645,0.2929,0.3338,3,3,0.3326,0.3111,0.3146,0.3207
2026-05-23,823543,,,,,,,,,,,,,,
2026-05-23,823787,0.3724,0.3282,0.1811,0.2058,0.3559,0.3240,0.3155,0.3290,3,3,0.4173,0.3140,0.3388,0.3291
2026-05-23,823862,0.3621,0.3178,0.1845,0.1508,0.3308,0.3132,0.3210,0.3036,3,3,0.3280,0.3112,0.3087,0.3279
2026-05-23,824030,0.3031,0.3424,0.2212,0.2349,0.3203,0.3342,0.3053,0.2839,3,3,0.2896,0.3316,0.3213,0.3284
2026-05-23,824109,0.3322,0.3412,0.1914,0.1642,0.3347,0.3172,0.3196,0.2971,3,3,0.3269,0.3212,0.3286,0.3279
2026-05-23,824516,0.3487,0.3201,0.1788,0.2477,0.3348,0.3098,0.3230,0.3416,3,3,0.3426,0.3060,0.3002,0.3396
2026-05-23,824674,0.3136,0.3297,0.2130,0.2135,0.3262,0.3096,0.3163,0.3181,3,3,0.3226,0.3091,0.3205,0.3209
2026-05-23,824760,0.3146,0.3144,0.2534,0.2260,0.3291,0.3159,0.3068,0.3110,3,3,0.3445,0.3207,0.3213,0.3286
2026-05-23,824840,0.3400,0.3340,0.1998,0.2130,0.3333,0.3365,0.3186,0.3051,3,3,0.3148,0.3371,0.3338,0.3400
2026-05-23,824920,0.3361,0.3540,0.2379,0.2236,0.3317,0.3261,0.3310,0.3469,3,3,0.3724,0.3713,0.3156,0.3134
2026-05-23,825080,0.3149,0.3534,0.2112,0.1744,0.3206,0.3471,0.3227,0.3448,3,3,0.3049,0.3765,0.3184,0.3064
2026-05-24,822813,0.3371,0.3203,0.2228,0.2212,0.3298,0.3192,0.3001,0.3102,3,3,0.3254,0.3484,0.3220,0.3008
2026-05-24,823220,0.3298,0.3207,0.2233,0.1792,0.3330,0.3377,0.3141,0.3252,3,3,0.2957,0.3196,0.3395,0.3306
2026-05-24,823297,0.3418,0.3302,0.2564,0.1919,0.3173,0.3198,0.3074,0.3237,3,3,0.3086,0.3605,0.3057,0.3280
2026-05-24,823459,0.3402,0.3554,0.1607,0.2262,0.3473,0.3631,0.3161,0.2963,3,3,0.3309,0.3110,0.3062,0.3183
2026-05-24,823544,0.3328,0.3746,0.2320,0.2281,0.3379,0.3777,0.3095,0.2951,3,3,0.2892,0.2998,0.2947,0.3347
2026-05-24,823786,0.3722,0.3301,0.1811,0.2022,0.3554,0.3092,0.3248,0.2890,3,3,0.4172,0.3142,0.3412,0.3166
2026-05-24,823861,0.3285,0.3183,0.2117,0.1760,0.3108,0.3132,0.3109,0.3201,3,3,0.3245,0.3165,0.3222,0.3332
2026-05-24,824028,0.3287,0.3431,0.2241,0.2338,0.3275,0.3375,0.3113,0.3134,3,3,0.3278,0.3315,0.3030,0.3221
2026-05-24,824108,0.3317,0.3418,0.1907,0.1639,0.3331,0.3175,0.3294,0.2788,3,3,0.3263,0.3215,0.3287,0.3280
2026-05-24,824514,0.3241,0.3367,0.2290,0.2501,0.3281,0.3106,0.3201,,3,3,0.2942,0.3339,0.3216,0.3175
2026-05-24,824676,0.3128,0.3273,0.2385,0.1945,0.3295,0.3073,0.3017,0.3092,3,3,0.2866,0.3093,0.3129,0.3344
2026-05-24,824759,0.3119,0.3169,0.1888,0.2320,0.3141,0.3157,0.3071,0.3067,3,3,0.3263,0.3197,0.3213,0.3364
2026-05-24,824839,0.3351,0.3340,0.2153,0.2130,0.3340,0.3364,0.3186,0.3051,3,3,0.3001,0.3371,0.3304,0.3400
2026-05-24,824921,0.3383,0.3372,0.2250,0.2060,0.3296,0.3260,0.3231,0.3207,3,3,0.3733,0.3688,0.3158,0.3161
2026-05-24,825081,0.3038,0.3326,0.1919,0.1826,0.3116,0.3434,0.3172,0.3328,3,3,0.3036,0.3791,0.3105,0.2787
2026-05-25,822812,0.3182,0.3242,0.1497,0.1825,0.3114,0.3154,0.2903,0.3224,3,3,0.3112,0.3477,0.3263,0.3113
2026-05-25,822899,0.3345,0.3341,0.2207,0.2121,0.3362,0.3400,0.3478,0.3541,3,3,0.3057,0.3345,0.3220,0.3022
2026-05-25,823219,0.3549,0.3211,0.1738,0.1786,0.3497,0.3373,0.3152,0.3273,3,3,0.3807,0.3196,0.3053,0.3316
2026-05-25,823296,0.3553,0.3267,0.2269,0.1819,0.3627,0.3223,0.3271,0.3040,3,3,0.3103,0.3611,0.3205,0.3381
2026-05-25,823380,0.3365,0.3377,0.2470,0.2224,0.3170,0.3322,0.3178,0.3184,3,3,0.3114,0.3282,0.3336,0.3216
2026-05-25,823625,0.3181,0.3264,0.2493,0.2092,0.3078,0.2996,0.2981,0.3075,3,3,0.3009,0.3225,0.3379,0.3203
2026-05-25,823784,0.3500,0.3298,0.1773,0.2019,0.3333,0.3090,0.2828,0.3346,3,3,0.3446,0.3138,0.3126,0.3323
2026-05-25,823948,0.3075,0.3717,0.2479,0.1816,0.3117,0.3550,0.3093,0.3405,3,3,0.3034,0.4170,0.3207,0.3411
2026-05-25,824107,0.3905,0.3361,0.2292,0.1799,0.3816,0.3190,0.3114,0.2986,3,3,0.3471,0.3206,0.3153,0.3271
2026-05-25,824437,0.3383,0.3071,0.2239,0.2286,0.3305,0.3146,0.3053,0.3197,3,3,0.3738,0.3372,0.3048,0.3126
2026-05-25,824598,0.3180,0.3476,0.2067,0.2195,0.3182,0.3317,0.3630,0.3254,3,3,0.3440,0.3514,0.3212,0.3125
2026-05-25,824838,0.3297,0.3339,0.1832,0.2132,0.3310,0.3352,0.3059,0.3068,3,3,0.2812,0.3375,0.3049,0.3306
2026-05-25,825005,0.3171,0.3539,0.1857,0.2217,0.3256,0.3371,0.3201,0.3278,3,3,0.3260,0.3468,0.3286,0.3397
2026-05-26,822811,0.3046,0.3273,0.1757,0.2209,0.3097,0.3262,0.3085,0.3204,3,3,0.2700,0.3471,0.3211,0.3175
2026-05-26,822898,0.3524,0.3342,0.1728,0.2119,0.3397,0.3427,0.3230,0.3326,3,3,0.3221,0.3351,0.3212,0.3219
2026-05-26,823216,0.3548,0.3234,0.1739,0.2382,0.3481,0.3355,0.2895,0.3219,3,3,0.3812,0.3191,0.3051,0.3218
2026-05-26,823294,0.3558,0.3225,0.2267,0.2074,0.3626,0.3254,0.3489,0.3069,3,3,0.3850,0.3622,0.3117,0.3178
2026-05-26,823379,0.3302,0.3049,0.1904,0.2423,0.3170,0.3081,0.2885,0.3191,3,3,0.3168,0.3089,0.3316,0.2962
2026-05-26,823624,0.3304,0.3612,0.2467,0.1870,0.3025,0.3289,0.3413,0.2935,3,3,0.3005,0.3266,0.3177,0.3246
2026-05-26,823785,0.3399,0.3257,0.2201,0.2255,0.3392,0.3069,0.3115,0.3414,3,3,0.3446,0.3308,0.3189,0.3370
2026-05-26,823949,0.3039,0.3513,0.2055,0.2133,0.2985,0.3298,0.3230,0.3288,3,3,0.2986,0.3707,0.2801,0.3475
2026-05-26,824106,0.3107,0.3036,0.2282,0.2045,0.3167,0.3132,0.3294,0.2906,3,3,0.3456,0.3144,0.3567,0.3124
2026-05-26,824275,0.3414,0.3497,0.2357,0.2232,0.3363,0.3407,0.3030,0.3444,3,3,0.3300,0.3537,0.3057,0.3331
2026-05-26,824434,0.3331,0.3413,0.2421,0.1594,0.3478,0.3488,0.3060,0.3126,3,3,0.3758,0.3367,0.3162,0.3080
2026-05-26,824597,0.3191,0.3242,0.2120,0.2304,0.3033,0.3212,0.3233,0.2918,3,3,0.3445,0.2818,0.3207,0.3131
2026-05-26,824758,0.3372,0.3167,0.2056,0.2315,0.3265,0.3136,0.2923,0.3211,3,3,0.3699,0.3191,0.3163,0.3380
2026-05-26,824837,0.3302,0.3462,0.1835,0.2347,0.3315,0.3499,0.3155,0.2938,3,3,0.2821,0.3381,0.3287,0.3049
2026-05-26,825004,0.3298,0.3368,0.2234,0.2422,0.3283,0.3238,,0.3273,3,3,0.3252,0.2959,0.3206,0.3389
2026-05-27,822809,0.3175,0.3321,0.1487,0.1773,0.3101,0.3314,0.3069,0.3167,3,3,0.3108,0.3100,0.3260,0.3347
2026-05-27,822897,0.3604,0.3192,0.1957,0.2267,0.3393,0.3387,0.2996,0.3339,3,3,0.3247,0.3358,0.3044,0.3221
2026-05-27,823217,0.3550,0.3215,0.1745,0.1784,0.3470,0.3399,0.3348,0.3046,3,3,0.3820,0.3193,0.2970,0.3320
2026-05-27,823295,0.3571,0.3310,0.2263,0.1905,0.3640,0.3199,0.3379,0.2827,3,3,0.3850,0.3619,0.3134,0.3278
2026-05-27,823376,0.3283,0.3390,0.1927,0.2213,0.3045,0.3345,0.3217,0.3316,3,3,0.3132,0.3290,0.3372,0.3224
2026-05-27,823626,0.3181,0.3598,0.2504,0.1874,0.3066,0.3267,0.3031,0.3017,3,3,0.3009,0.3225,0.3361,0.3182
2026-05-27,823783,0.3483,0.3254,0.1793,0.2254,0.3329,0.3062,0.3102,0.3309,3,3,0.3424,0.3305,0.3114,0.3374
2026-05-27,823947,0.3133,0.3683,0.1900,0.2127,0.3189,0.3543,0.2801,0.3666,3,3,0.2927,0.4178,0.3159,0.3540
2026-05-27,824104,0.3876,0.3411,0.2259,0.1635,0.3866,0.3159,0.3222,0.3063,3,3,0.3380,0.3187,0.3389,0.3268
2026-05-27,824270,0.3423,0.3405,0.2345,0.1980,0.3347,0.3365,0.3208,0.3079,3,3,0.3306,0.3161,0.3256,0.3187
2026-05-27,824432,0.3344,0.3412,0.2418,0.1568,0.3478,0.3465,0.3211,0.3217,3,3,0.3778,0.3382,0.3295,0.2962
2026-05-27,824596,0.2964,0.3297,0.2330,0.2231,0.3151,0.3353,,0.3080,3,3,0.2656,0.2977,0.3205,0.3236
2026-05-27,824756,0.3373,0.3166,0.2062,0.2313,0.3255,0.3147,0.3189,0.3138,3,3,0.3689,0.3209,0.3162,0.3376
2026-05-27,824836,0.3001,0.3166,0.1991,0.2176,0.3124,0.3285,0.3204,0.3142,3,3,0.2828,0.3058,0.2938,0.3279
2026-05-27,825003,0.3292,0.3532,0.2236,0.2222,0.3269,0.3352,0.3149,0.2935,3,3,0.3246,0.3460,0.3314,0.3066
2026-05-28,822896,0.3559,0.3113,0.1722,0.2383,0.3393,0.3267,0.2964,0.3280,3,3,0.3245,0.3112,0.3128,0.3124
2026-05-28,823378,0.3290,0.3393,0.1933,0.2207,0.3068,0.3331,0.2688,0.3442,3,3,0.3137,0.3285,0.3364,0.3215
2026-05-28,824272,0.3419,0.3440,0.2351,0.1993,0.3345,0.3258,0.3009,0.3154,3,3,0.3299,0.3229,0.3065,0.3322
2026-05-28,824595,0.3178,0.3489,0.2168,0.2193,0.3094,0.3321,0.3271,0.3152,3,3,0.3437,0.3500,0.3210,0.3143
2026-05-28,824757,0.3381,0.3177,0.2056,0.2300,0.3269,0.3160,0.2913,0.2840,3,3,0.3687,0.3226,0.3163,0.3300
2026-05-28,824834,0.3473,0.3349,0.1626,0.2126,0.3256,0.3359,0.3102,0.3370,3,3,0.3488,0.3369,0.3130,0.3396
2026-05-29,822732,0.3307,0.3415,0.2003,0.2245,0.3264,0.3363,0.3170,0.3298,3,3,0.3610,0.3790,0.3374,0.3160
2026-05-29,822894,0.3320,0.3145,0.1919,0.2247,0.3170,0.3313,0.3111,0.3140,3,3,0.2978,0.3374,0.3269,0.2955
2026-05-29,822978,0.3420,0.3258,0.2341,0.2079,0.3329,0.3341,0.3079,0.3064,3,3,0.3301,0.3499,0.3335,0.2957
2026-05-29,823055,0.3287,0.3398,0.1937,0.2182,0.3049,0.3388,0.3095,0.3032,3,3,0.3132,0.3427,0.3364,0.3284
2026-05-29,823135,0.3544,0.3314,0.1744,0.1904,0.3456,0.3333,0.3038,0.3222,3,3,0.3810,0.3240,0.3134,0.3116
2026-05-29,823377,0.3156,0.3340,0.2244,0.2356,0.3151,0.3286,0.3126,0.3081,3,3,0.3438,0.3119,0.2967,0.3210
2026-05-29,823623,0.3183,0.3455,0.1485,0.1990,0.3101,0.3282,0.3003,0.3126,3,3,0.3130,0.3263,0.3255,0.3074
2026-05-29,823946,0.3568,0.3691,0.2261,0.2121,0.3627,0.3574,0.3156,0.2781,3,3,0.3845,0.4185,0.3137,0.3469
2026-05-29,824191,0.3249,0.3390,0.2263,0.2531,0.3045,0.3328,0.3160,0.3102,3,3,0.3296,0.2841,0.3369,0.3221
2026-05-29,824353,0.3206,0.3161,0.1778,0.1651,0.3388,0.3129,0.3323,0.3130,3,3,0.3188,0.3007,0.3312,0.3151
2026-05-29,824433,0.3170,0.3424,0.2306,0.1563,0.3158,0.3469,0.3315,0.3248,3,3,0.3221,0.3397,0.3115,0.3125
2026-05-29,824515,0.3547,0.3180,0.2244,0.2489,0.3256,0.3062,0.3323,0.3220,3,3,0.3712,0.3014,0.3126,0.3362
2026-05-29,824594,0.3324,0.3286,0.2108,0.2170,0.3347,0.3297,0.3235,0.3090,3,3,0.3519,0.3489,0.3314,0.3141
2026-05-29,824835,0.3398,0.3351,0.1476,0.2120,0.3199,0.3369,0.3253,0.3128,3,3,0.3497,0.3378,0.3123,0.3419
2026-05-29,825002,0.3904,0.3397,0.2273,0.2577,0.3810,0.3137,0.3230,0.2994,3,3,0.3470,0.3079,0.3247,0.3397
2026-05-30,822731,0.3298,0.3282,0.1916,0.1755,0.3193,0.3221,0.3173,0.3104,3,2,0.3612,,0.3388,0.3125
2026-05-30,822893,0.3325,0.3335,0.2149,0.2190,0.3215,0.3390,0.3236,0.3312,3,3,0.3108,0.3365,0.3326,0.3016
2026-05-30,822975,0.3258,0.3553,0.2145,0.1923,0.3171,0.3493,0.2935,0.2975,3,3,0.2812,0.3504,0.3066,0.3077
2026-05-30,823054,0.3287,0.3491,0.1938,0.1774,0.3037,0.3316,0.3434,0.3139,3,3,0.3138,0.3448,0.3374,0.3114
2026-05-30,823132,0.3542,0.3326,0.1739,0.1901,0.3462,0.3342,0.2983,0.3171,3,3,0.3804,0.3260,0.3096,0.3289
2026-05-30,823375,0.3166,0.3291,0.2121,0.2072,0.3018,0.3287,0.3285,0.3032,3,3,0.3429,0.3294,0.3199,0.3219
2026-05-30,823622,0.3184,0.3606,0.1478,0.1863,0.3089,0.3281,0.3192,0.3096,3,3,0.3149,0.3239,0.3264,0.3223
2026-05-30,823945,0.3564,0.3689,0.2272,0.2115,0.3613,0.3563,0.3344,0.2842,3,3,0.3847,0.4190,0.3111,0.3459
2026-05-30,824190,0.3253,0.3620,0.2264,0.1955,0.3030,0.3440,0.3130,0.3216,3,3,0.3293,0.3268,0.3360,0.2985
2026-05-30,824352,0.3207,0.3125,0.1775,0.2138,0.3381,0.3148,0.3222,0.3379,3,3,0.3185,0.2988,0.3329,0.3127
2026-05-30,824431,0.3160,0.3419,0.2309,0.1577,0.3146,0.3454,0.2994,0.3094,3,3,0.3212,0.3381,0.3174,0.3033
2026-05-30,824513,0.3561,0.3277,0.2236,0.2472,0.3320,0.3028,0.3346,0.3405,3,3,0.3741,0.2975,0.3130,0.3176
2026-05-30,824593,0.3378,0.3202,0.2277,0.2172,0.3399,0.3300,0.3171,0.3055,3,3,0.3470,0.2972,0.3316,0.2869
2026-05-30,824833,0.3475,0.3352,0.1616,0.2113,0.3270,0.3377,0.3162,0.2889,3,3,0.3500,0.3382,0.3139,0.3428
2026-05-30,825000,0.3906,0.3396,0.2271,0.2571,0.3800,0.3164,0.3183,0.3061,3,3,0.3469,0.3082,0.3245,0.3395
2026-05-31,822729,0.3436,0.3356,0.2057,0.2427,0.3325,0.3515,0.3298,0.3241,3,3,0.3622,0.3794,0.3299,0.3273
2026-05-31,822895,0.3400,0.3334,0.1873,0.2189,0.3149,0.3406,0.3246,0.3119,3,3,0.3144,0.3356,0.3311,0.3015
2026-05-31,822976,0.3429,0.3466,0.2324,0.2016,0.3323,0.3421,0.3082,0.3432,3,3,0.3301,0.3514,0.3277,0.3138
2026-05-31,823053,0.3226,0.3414,0.1655,0.2159,0.3000,0.3389,0.3332,0.3235,3,3,0.3217,0.3476,0.3441,0.3316
2026-05-31,823133,0.3537,0.3327,0.1743,0.1893,0.3456,0.3345,0.3269,0.3414,3,3,0.3802,0.3259,0.3093,0.3315
2026-05-31,823373,0.3088,0.3258,0.1975,0.2261,0.3206,0.3334,0.2966,0.3221,3,3,0.3222,0.3303,0.2972,0.3286
2026-05-31,823621,0.3183,0.3002,0.1482,0.2303,0.3069,0.3056,0.3014,0.3078,3,3,0.3144,0.3236,0.3003,0.3261
2026-05-31,823944,0.3264,0.3407,0.2476,0.1992,0.3427,0.3389,0.2880,0.3208,3,3,0.3840,0.4181,0.3210,0.3459
2026-05-31,824187,0.3250,0.3632,0.2591,0.1955,0.3190,0.3463,0.3535,0.2818,3,3,0.3288,0.3279,0.3057,0.2997
2026-05-31,824354,0.3275,0.3134,0.1594,0.2017,0.3218,0.3045,0.3400,0.3153,2,3,,0.3034,0.3111,0.2958
2026-05-31,824430,0.3387,0.3422,0.2416,0.1558,0.3349,0.3468,0.3095,0.2985,3,3,0.3210,0.3383,0.2989,0.2969
2026-05-31,824512,0.3572,0.3067,0.2236,0.2427,0.3302,0.3149,0.3150,0.3155,3,3,0.3767,0.2987,0.2949,0.3354
2026-05-31,824592,0.3215,0.3298,0.2294,0.1930,0.3199,0.3255,0.3231,0.3277,3,3,0.2987,0.3430,0.3418,0.3150
2026-05-31,824832,0.3324,0.3361,0.1565,0.2110,0.3267,0.3376,0.3061,0.3040,3,3,0.3130,0.3388,0.3052,0.3441
2026-05-31,825001,0.3438,0.3541,0.2422,0.2343,0.3376,0.3560,0.3053,0.3160,3,3,0.3379,0.3471,0.3091,0.2881
2026-06-01,822730,0.3254,0.3354,0.1923,0.2424,0.3165,0.3514,0.3128,0.3107,3,3,0.3142,0.3807,0.3175,0.3265
2026-06-01,822974,0.3368,0.3472,0.1990,0.2012,0.3340,0.3442,0.2928,0.3133,3,3,0.3466,0.3510,0.3308,0.3240
2026-06-01,823050,0.3332,0.3497,0.2190,0.1762,0.3391,0.3302,0.3405,0.3007,3,3,0.3359,0.3469,0.3022,0.3270
2026-06-01,823131,0.3628,0.3211,0.1868,0.2097,0.3351,0.3388,0.3361,0.3127,3,3,0.3283,0.3255,0.3191,0.3113
2026-06-01,823702,0.3286,0.3150,0.1919,0.2263,0.3237,0.3126,0.2906,0.3084,3,3,0.3399,0.3423,0.3147,0.2842
2026-06-01,823781,0.3184,0.3090,0.1664,0.2138,0.3329,0.3068,0.2985,0.2990,3,3,0.3345,0.3273,0.3131,0.3360
2026-06-01,824027,0.3139,0.3406,0.2134,0.2116,0.3152,0.3426,0.3113,0.3423,3,3,0.3019,0.3234,0.3124,0.3155
2026-06-01,824510,0.3378,0.3292,0.1987,0.2427,0.3164,0.3121,0.3324,0.3140,3,3,0.3088,0.3090,0.3171,0.3200
2026-06-01,825078,0.3682,0.3530,0.2124,0.1738,0.3590,0.3442,0.3316,0.3174,3,3,0.4178,0.3793,0.3459,0.2964
2026-06-02,822728,0.3323,0.3254,0.2254,0.2395,0.3224,0.3483,0.3291,0.3152,3,3,0.3325,0.3792,0.2968,0.3270
2026-06-02,822971,0.3369,0.3340,0.2041,0.1820,0.3405,0.3396,0.3274,0.3159,3,3,0.3395,0.2818,0.3429,0.3010
2026-06-02,823052,0.3331,0.3491,0.2183,0.1757,0.3401,0.3292,0.3265,0.3074,3,3,0.3362,0.3465,0.3025,0.3187
2026-06-02,823129,0.3622,0.3304,0.1872,0.2240,0.3363,0.3285,0.2941,0.2961,3,3,0.3281,0.3251,0.3322,0.3249
2026-06-02,823460,0.3430,0.3559,0.2060,0.2280,0.3317,0.3599,0.3053,0.3531,3,3,0.3614,0.3829,0.3186,0.3211
2026-06-02,823541,0.3397,0.3488,0.1588,0.1920,0.3447,0.3428,0.2981,0.3131,3,3,0.3311,0.3792,0.2968,0.3308
2026-06-02,823700,0.3079,0.3150,0.1944,0.2262,0.3338,0.3132,0.3084,0.3237,3,3,0.2965,0.3419,0.3135,0.3110
2026-06-02,823782,0.3301,0.3261,0.1794,0.2270,0.3365,0.3014,0.3093,0.3163,3,3,0.3347,0.3285,0.3185,0.3365
2026-06-02,824026,0.3140,0.3396,0.2005,0.2494,0.3114,0.3560,0.3107,0.3551,3,3,0.3058,0.3155,0.3173,0.3290
2026-06-02,824189,0.3406,0.3625,0.2197,0.1972,0.3353,0.3446,0.3321,0.3177,3,3,0.3297,0.3276,0.3297,0.2979
2026-06-02,824511,0.3394,0.3333,0.2073,0.2219,0.3330,0.3122,0.3174,0.3247,3,3,0.2999,0.3223,0.3174,0.3179
2026-06-02,824675,0.3419,0.3227,0.2554,0.1651,0.3219,0.3006,0.3247,0.3155,3,3,0.3090,0.3223,0.3415,0.3432
2026-06-02,824754,0.3360,0.3175,0.2105,0.2307,0.3387,0.3203,0.3190,0.3139,3,3,0.3378,0.3230,0.3462,0.3406
2026-06-02,824918,0.3483,0.3583,0.1618,0.2230,0.3266,0.3339,0.3164,0.3075,3,3,0.3492,0.3803,0.2947,0.2944
2026-06-02,825079,0.3681,0.3568,0.2116,0.1895,0.3583,0.3508,0.3173,0.3229,3,3,0.4182,0.3801,0.3458,0.3075
2026-06-03,822727,0.3340,0.3338,0.2255,0.2429,0.3201,0.3352,0.3098,0.3225,3,3,0.3369,0.3777,0.3151,0.3115
2026-06-03,822973,0.3493,0.3332,0.1882,0.1825,0.3494,0.3385,0.3076,0.3173,3,3,0.3415,0.2803,0.3350,0.3342
2026-06-03,823051,0.3332,0.3224,0.2191,0.2200,0.3386,0.3277,0.3104,0.3124,3,3,0.3377,0.2931,0.3020,0.3305
2026-06-03,823130,0.3644,0.3319,0.1876,0.1908,0.3358,0.3332,0.3017,0.3023,3,3,0.3350,0.3258,0.3258,0.3305
2026-06-03,823456,0.3319,0.3562,0.1906,0.2278,0.3321,0.3585,0.2972,0.3375,3,3,0.3617,0.3828,0.2952,0.3219
2026-06-03,823540,0.3383,0.3544,0.1589,0.2160,0.3445,0.3351,0.3008,0.3175,3,3,0.3267,0.3468,0.3120,0.3240
2026-06-03,823701,0.3112,0.2932,0.1945,0.2445,0.3254,0.3038,0.3104,0.3442,3,3,0.3436,0.2698,0.3131,0.3229
2026-06-03,823780,0.3213,0.3322,0.1875,0.2168,0.3224,0.3237,0.3173,0.3117,3,3,0.3095,0.3295,0.3214,0.3368
2026-06-03,824024,0.3118,0.3495,0.1878,0.2401,0.3186,0.3558,0.3064,0.3319,3,3,0.2909,0.3378,0.3018,0.3074
2026-06-03,824188,0.3403,0.3201,0.2200,0.2392,0.3357,0.3360,0.3354,0.2629,3,3,0.3302,0.3273,0.2983,0.3161
2026-06-03,824509,0.3373,0.3218,0.1986,0.2286,0.3185,0.3128,0.2930,0.3106,3,3,0.3074,0.2901,0.3236,0.3177
2026-06-03,824671,0.3369,0.3228,0.2448,0.1648,0.3286,0.3006,0.3253,0.3151,3,3,0.2915,0.3230,0.3415,0.3424
2026-06-03,824755,0.3357,0.3173,0.2105,0.2311,0.3385,0.3191,0.2892,0.3286,3,3,0.3371,0.3219,0.3309,0.3391
2026-06-03,824917,0.3321,0.3578,0.1557,0.2230,0.3266,0.3346,0.3153,0.3320,3,3,0.3133,0.3792,0.3096,0.2945
2026-06-03,825077,0.3680,0.3393,0.2119,0.1791,0.3592,0.3250,0.3243,0.2792,3,3,0.4185,0.3261,0.3279,0.3184
2026-06-04,823457,0.3423,0.3560,0.2067,0.2282,0.3311,0.3583,0.2665,0.3319,3,3,0.3611,0.3829,0.3292,0.3220
2026-06-04,823542,0.3266,0.3538,0.2246,0.2166,0.3297,0.3344,0.2987,0.3305,3,3,0.3164,0.3461,0.3013,0.3253
2026-06-04,823698,0.3363,0.3138,0.2010,0.2261,0.3189,0.3128,0.3089,0.3300,3,3,0.3031,0.3400,0.3049,0.3220
2026-06-04,823779,0.3137,0.3233,0.2336,0.2351,0.3369,0.3191,0.3178,0.3182,3,3,0.3327,0.3288,0.3208,0.2825
2026-06-04,824185,0.3398,0.3625,0.2202,0.1966,0.3350,0.3442,0.3211,0.3154,3,3,0.3303,0.3292,0.3303,0.3160
2026-06-04,824672,0.3373,0.3362,0.2442,0.2426,0.3290,0.3047,0.3057,0.3373,3,3,0.2915,0.3186,0.3220,0.3364
2026-06-04,824753,0.3356,0.3173,0.2097,0.2308,0.3389,0.3199,0.3382,0.3112,3,3,0.3371,0.3209,0.3463,0.3223
2026-06-04,824919,0.3390,0.3408,0.1473,0.2043,0.3162,0.3300,0.2769,0.2979,3,3,0.3482,0.3775,0.3071,0.3196
2026-06-04,825076,0.3397,0.3565,0.1740,0.1889,0.3218,0.3498,0.3202,0.3113,3,3,0.3352,0.3797,0.3589,0.3076
2026-06-05,822810,0.3252,0.3479,0.2245,0.1598,0.3251,0.3268,0.2957,0.3166,3,3,0.3382,0.3475,0.3308,0.3029
2026-06-05,822892,0.3365,0.3419,0.1592,0.2231,0.3450,0.3266,0.3506,0.2971,3,3,0.3217,0.3307,0.2991,0.3107
2026-06-05,823049,0.3123,0.3428,0.2301,0.1819,0.3240,0.3307,0.3321,0.3356,3,3,0.2930,0.3279,0.3360,0.3218
2026-06-05,823293,0.3638,0.3425,0.1878,0.2069,0.3360,0.3297,0.3108,0.3160,3,3,0.3330,0.3602,0.3237,0.3302
2026-06-05,823455,0.3165,0.3557,0.1944,0.2282,0.3287,0.3579,0.2933,0.3156,3,3,0.2960,0.3825,0.3073,0.3005
2026-06-05,823538,0.3169,0.3537,0.2309,0.2165,0.3192,0.3345,0.3118,0.3082,3,3,0.3205,0.3472,0.3298,0.3253
2026-06-05,823699,0.3321,0.3046,0.2151,0.2264,0.3240,0.3113,0.3108,0.3068,3,3,0.3164,0.3095,0.3329,0.2938
2026-06-05,823860,0.3458,0.3274,0.2146,0.1918,0.3495,0.3150,0.3317,0.2951,3,3,0.3188,0.3165,0.3330,0.2961
2026-06-05,823943,0.3479,0.3671,0.2431,0.2114,0.3596,0.3577,0.3256,0.3077,3,3,0.3287,0.4193,0.3240,0.3465
2026-06-05,824186,0.3548,0.3116,0.2184,0.2394,0.3455,0.3305,0.3136,0.3121,3,3,0.3458,0.3290,0.3416,0.3117
2026-06-05,824271,0.3219,0.3506,0.2562,0.1865,0.3214,0.3500,0.3145,0.2760,3,3,0.2992,0.3412,0.3393,0.3274
2026-06-05,824350,0.3271,0.3036,0.2262,0.1934,0.3040,0.3078,0.3248,0.3270,3,3,0.3285,0.3050,0.3297,0.3196
2026-06-05,824673,0.3191,0.3261,0.1886,0.2134,0.3330,0.3115,0.3101,0.3146,3,3,0.3323,0.3392,0.3135,0.3253
2026-06-05,824914,0.3352,0.3450,0.2258,0.2344,0.3210,0.3332,0.3337,0.3112,3,3,0.3167,0.3754,0.3459,0.2966
2026-06-05,825073,0.3143,0.3120,0.1885,0.2236,0.3182,0.3002,0.3260,0.3221,3,3,0.2965,0.3016,0.3265,0.2796
2026-06-06,822808,0.3369,0.3471,0.2096,0.1596,0.3419,0.3266,0.3038,0.3051,3,3,0.3377,0.3473,0.3300,0.2941
2026-06-06,822891,0.3368,0.3348,0.1613,0.2283,0.3458,0.3301,0.3362,0.3055,3,3,0.3255,0.3092,0.3073,0.3345
2026-06-06,823048,0.3179,0.3225,0.2466,0.2193,0.3241,0.3271,0.3278,0.3035,3,3,0.3094,0.2939,0.3312,0.3335
2026-06-06,823292,0.3628,0.3403,0.1886,0.2070,0.3339,0.3233,0.3324,0.2988,3,3,0.3317,0.3606,0.3298,0.3195
2026-06-06,823454,0.3206,0.3562,0.1949,0.2274,0.3252,0.3584,0.3252,0.3122,3,3,0.2793,0.3835,0.3117,0.3218
2026-06-06,823539,,,,,,,,,,,,,,
2026-06-06,823697,0.3356,0.2916,0.2019,0.2091,0.3179,0.3137,0.2924,0.3103,3,3,0.3016,0.2663,0.3108,0.3198
2026-06-06,823859,0.3350,0.3254,0.2292,0.1967,0.3459,0.3188,0.3142,0.3080,3,3,0.2836,0.3138,0.3012,0.3138
2026-06-06,823942,0.3180,0.3479,0.2689,0.1989,0.3460,0.3474,0.2883,0.3405,3,3,0.3287,0.4184,0.3074,0.3059
2026-06-06,824184,0.3243,0.3030,0.1864,0.2670,0.3294,0.3225,0.3330,,3,3,0.3441,0.3156,0.3060,0.2864
2026-06-06,824269,0.3272,0.3505,0.1910,0.1852,0.3341,0.3501,0.3231,0.3074,3,3,0.3126,0.3409,0.3297,0.3415
2026-06-06,824351,0.3261,0.3149,0.2272,0.1890,0.3040,0.3163,0.3305,0.2724,3,3,0.3275,0.3048,0.3364,0.3192
2026-06-06,824669,0.3259,0.3304,0.1609,0.2429,0.3209,0.3181,0.3216,0.3112,2,3,,0.3207,0.3227,0.3358
2026-06-06,824915,0.3275,0.3409,0.2177,0.2039,0.3303,0.3294,0.3209,0.2848,3,3,0.3297,0.3753,0.3300,0.3106
2026-06-06,825075,0.3429,0.3574,0.2243,0.1892,0.3369,0.3503,0.3322,0.3342,3,3,0.3782,0.3806,0.3181,0.3040
2026-06-07,822807,0.3365,0.3472,0.2096,0.1850,0.3423,0.3263,0.3061,0.3118,3,3,0.3371,0.3478,0.3276,0.2939
2026-06-07,822890,0.3362,0.2979,0.1623,0.2088,0.3430,0.3150,0.3035,0.3158,3,3,0.3233,0.2754,0.3078,0.2970
2026-06-07,823047,0.3226,0.3487,0.2281,0.1739,0.3155,0.3281,0.3237,0.3292,3,3,0.2957,0.3445,0.3204,0.3257
2026-06-07,823291,0.3624,0.3398,0.1889,0.2071,0.3326,0.3212,0.3534,0.2980,3,3,0.3314,0.3599,0.3279,0.3271
2026-06-07,823453,0.3239,0.3554,0.1874,0.2284,0.3278,0.3577,0.3196,0.3251,3,3,0.3483,0.3823,0.3110,0.3221
2026-06-07,823537,0.3166,0.3481,0.2306,0.1929,0.3192,0.3375,0.2944,0.2980,3,3,0.3206,0.3349,0.3409,0.3309
2026-06-07,823696,0.3035,0.2877,0.1903,0.2185,0.3171,0.3078,0.3072,0.3171,3,3,0.3011,0.3104,0.3213,0.3219
2026-06-07,823857,0.3455,0.3254,0.2005,0.1935,0.3458,0.3132,0.3256,0.3072,3,3,0.3527,0.3153,0.3127,0.3072
2026-06-07,823941,0.3457,0.3782,0.2469,0.1975,0.3562,0.3835,0.2973,0.3185,3,3,0.3292,0.4192,0.3075,0.3379
2026-06-07,824183,0.3379,0.3628,0.2478,0.1955,0.3260,0.3456,0.3163,0.3078,3,3,0.3761,0.3309,0.3416,0.3154
2026-06-07,824268,0.3273,0.3339,0.1905,0.1788,0.3323,0.3351,0.3146,0.3112,3,3,0.3133,0.3119,0.3112,0.3516
2026-06-07,824349,0.3293,0.3107,0.2045,0.2270,0.3077,0.2976,0.3418,0.3021,3,3,0.3175,0.3066,0.3275,0.3119
2026-06-07,824670,0.3263,0.3372,0.1611,0.2437,0.3217,0.3042,0.3348,0.3330,2,3,,0.3237,0.3225,0.3356
2026-06-07,824916,0.3220,0.3412,0.2164,0.2043,0.3149,0.3310,0.3143,0.3148,3,3,0.3033,0.3761,0.3408,0.3122
2026-06-07,825074,0.3439,0.3570,0.2240,0.1895,0.3411,0.3492,0.3176,0.3121,3,3,0.3778,0.3793,0.3197,0.3148
2026-06-08,822806,0.3562,0.3464,0.2279,0.1594,0.3586,0.3276,0.3322,0.2812,3,3,0.3825,0.3469,0.3237,0.3055
2026-06-08,822972,0.3165,0.3157,0.2303,0.1599,0.3191,0.3248,0.3049,0.3082,3,3,0.3198,0.3524,0.3250,0.3438
2026-06-08,823218,0.3388,0.3281,0.2292,0.1808,0.3455,0.3330,0.3092,0.3289,3,3,0.3789,0.3325,0.3189,0.3222
2026-06-08,823289,0.3206,0.3396,0.2262,0.2076,0.3138,0.3218,0.3319,0.3103,3,3,0.2922,0.3616,0.3174,0.3264
2026-06-08,824025,0.3514,0.3349,0.2007,0.2878,0.3469,0.3362,0.3220,0.3150,3,3,0.3311,0.3284,0.3113,0.3163
2026-06-08,824427,0.3424,0.3354,0.2167,0.1620,0.3288,0.3405,0.3191,0.3268,3,3,0.3497,0.3241,0.3252,0.3030
2026-06-08,824829,0.3269,0.3466,0.1905,0.2332,0.3296,0.3500,0.3323,0.3263,3,3,0.3130,0.3381,0.3123,0.2998
2026-06-08,824998,0.3269,0.3438,0.2279,0.2144,0.3083,0.3272,0.3129,0.3073,3,3,0.3289,0.3423,0.3089,0.3461
2026-06-09,822805,0.3561,0.3259,0.2275,0.1337,0.3577,0.3231,0.2953,0.2668,3,3,0.3822,0.3799,0.3237,0.2996
2026-06-09,822969,0.3154,0.3266,0.2310,0.1514,0.3171,0.3327,0.3095,0.2886,3,3,0.3185,0.3535,0.3398,0.3041
2026-06-09,823214,0.3315,0.3285,0.2494,0.1803,0.3401,0.3350,0.3170,0.3164,3,3,0.3785,0.3335,0.3277,0.3226
2026-06-09,823290,0.3202,0.3452,0.2265,0.2093,0.3144,0.3318,0.3301,0.2858,3,3,0.2899,0.3615,0.3197,0.3229
2026-06-09,823374,0.3111,0.3237,0.1774,0.2173,0.3130,0.3123,0.2573,0.3211,3,3,0.3072,0.3150,0.3061,0.3467
2026-06-09,823620,0.3484,0.3653,0.1737,0.1880,0.3281,0.3342,0.3031,0.3241,3,3,0.3437,0.3402,0.3256,0.3308
2026-06-09,823858,0.3581,0.3251,0.1886,0.1924,0.3508,0.3131,0.3130,0.3274,3,3,0.3780,0.3149,0.3166,0.2950
2026-06-09,824023,0.2941,0.3360,0.2602,0.2318,0.3233,0.3479,0.3071,0.3172,3,3,0.2910,0.3014,0.2962,0.3286
2026-06-09,824105,0.3447,0.3324,0.2145,0.1985,0.3407,0.3206,0.3125,0.2989,3,3,0.3384,0.3002,0.3350,0.3320
2026-06-09,824267,0.3077,0.3514,0.2324,0.1862,0.3121,0.3468,0.3088,0.3123,3,3,0.3428,0.3379,0.3185,0.3176
2026-06-09,824347,0.3294,0.3105,0.2238,0.2016,0.3099,0.3051,0.3852,0.3467,3,3,0.3227,0.3021,0.3346,0.3195
2026-06-09,824429,0.3547,0.3213,0.2150,0.1825,0.3354,0.3272,0.3294,0.2975,3,3,0.3515,0.2853,0.3252,0.3126
2026-06-09,824591,0.3317,0.3337,0.2234,0.1901,0.3181,0.3310,0.3099,0.3261,3,3,0.3032,0.3485,0.2975,0.3071
2026-06-09,824830,0.3218,0.3470,0.2260,0.2327,0.3292,0.3505,0.3221,0.2934,3,3,0.2947,0.3394,0.3420,0.2995
2026-06-09,824999,0.3272,0.3433,0.2273,0.2555,0.3089,0.3227,0.3173,0.3114,3,3,0.3286,0.3090,0.3406,0.3132
2026-06-10,822804,0.3559,0.3368,0.2279,0.1483,0.3574,0.3164,0.3343,0.3096,3,3,0.3812,0.3453,0.3228,0.3223
2026-06-10,822970,0.3153,0.3328,0.2303,0.1992,0.3151,0.3438,0.2912,0.3244,3,3,0.3183,0.3537,0.3218,0.3376
2026-06-10,823215,0.3440,0.3200,0.2243,0.1676,0.3432,0.3255,0.3086,0.3207,3,3,0.3782,0.3324,0.3213,0.3340
2026-06-10,823287,0.3253,0.3448,0.2318,0.2087,0.3090,0.3302,0.3097,0.3224,3,3,0.3034,0.3625,0.3083,0.2993
2026-06-10,823372,0.3677,0.3391,0.2115,0.2199,0.3603,0.3381,0.3200,0.2766,3,3,0.4184,0.3290,0.3525,0.3276
2026-06-10,823618,0.3486,0.3646,0.1730,0.1880,0.3274,0.3333,0.3180,0.3096,3,3,0.3433,0.3391,0.3252,0.3187
2026-06-10,823856,0.3591,0.3249,0.1884,0.1920,0.3508,0.3133,0.3326,0.3205,3,3,0.3783,0.3135,0.3154,0.3224
2026-06-10,824022,0.3566,0.3476,0.1765,0.2459,0.3385,0.3542,0.2963,0.3212,3,3,0.3068,0.3289,0.3161,0.3153
2026-06-10,824103,0.3387,0.3346,0.2264,0.1877,0.3318,0.3238,0.3229,0.3135,3,3,0.3207,0.3070,0.3348,0.3319
2026-06-10,824266,0.3146,0.3339,0.2090,0.1803,0.3183,0.3321,0.3151,0.3087,3,3,0.3156,0.3540,0.2949,0.3527
2026-06-10,824348,0.3294,0.3168,0.2247,0.2329,0.3019,0.3085,0.3420,0.3051,3,3,0.3217,0.3069,0.3346,0.3085
2026-06-10,824428,0.3482,0.3125,0.1925,0.2088,0.3385,0.3329,0.3009,0.2950,3,3,0.3362,0.2778,0.3334,0.3036
2026-06-10,824590,0.3327,0.3164,0.1938,0.1939,0.3249,0.3279,0.3367,0.2823,3,3,0.3374,0.2936,0.3050,0.2992
2026-06-10,824831,0.3271,0.3468,0.1896,0.2319,0.3308,0.3511,0.3211,0.2994,3,3,0.3124,0.3398,0.3311,0.3014
2026-06-10,824996,0.3267,0.3526,0.2280,0.2386,0.3084,0.3258,0.3021,0.3316,3,3,0.3277,0.3772,0.3070,0.3104
2026-06-11,823371,0.3213,0.3343,0.1805,0.2256,0.3225,0.3187,0.3127,0.3113,3,3,0.2776,0.3139,0.3524,0.3347
2026-06-11,823619,0.3486,0.3645,0.1719,0.1884,0.3279,0.3334,0.3163,0.3203,3,3,0.3415,0.3392,0.3256,0.3287
2026-06-11,823855,0.3590,0.3263,0.1878,0.1916,0.3503,0.3145,0.3111,0.3462,3,3,0.3770,0.3149,0.3169,0.2955
2026-06-11,824101,0.3417,0.3353,0.2223,0.2026,0.3234,0.3206,0.3171,0.3357,3,3,0.3297,0.3020,0.3122,0.3204
2026-06-11,824265,0.3028,0.2995,0.2188,0.2213,0.3197,0.3105,0.3268,0.3168,3,3,0.3228,0.2901,0.2775,0.3425
2026-06-11,824346,0.3314,0.3161,0.2142,0.2326,0.3031,0.3084,0.3234,0.3390,3,3,0.3216,0.3204,0.3439,0.3206
2026-06-11,824589,0.3670,0.3494,0.2182,0.2180,0.3495,0.3364,0.3218,0.3214,3,3,0.3735,0.3478,0.3021,0.3228
2026-06-11,824827,0.3270,0.3370,0.1889,0.2082,0.3299,0.3426,0.3071,0.2863,3,3,0.3127,0.3400,0.3307,0.3480
2026-06-12,822726,0.3137,0.3447,0.2157,0.2236,0.3156,0.3418,0.3334,0.3123,3,3,0.3148,0.3791,0.3111,0.3189
2026-06-12,822803,0.3381,0.3370,0.2156,0.1482,0.3317,0.3155,0.2966,0.3177,3,3,0.3026,0.3457,0.3253,0.3311
2026-06-12,823211,0.3318,0.3316,0.2135,0.1688,0.3020,0.3284,0.3106,0.3302,3,3,0.3218,0.3072,0.3440,0.3343
2026-06-12,823370,0.3261,0.3392,0.1916,0.2201,0.3164,0.3383,0.2950,0.3419,3,3,0.3142,0.3287,0.3029,0.3264
2026-06-12,823617,0.3285,0.3641,0.1936,0.1889,0.3196,0.3354,0.3017,0.3199,3,3,0.2921,0.3367,0.3018,0.3295
2026-06-12,823695,0.3482,0.3268,0.1712,0.2259,0.3290,0.3330,0.2917,0.3349,3,3,0.3387,0.3162,0.3270,0.3125
2026-06-12,823778,0.3560,0.3269,0.2284,0.2281,0.3562,0.3085,0.2749,0.3004,3,3,0.3822,0.3278,0.3226,0.3390
2026-06-12,824020,0.3451,0.3480,0.2172,0.2637,0.3486,0.3443,0.3287,0.3053,3,3,0.3215,0.3277,0.2873,0.3054
2026-06-12,824102,0.3621,0.3325,0.1969,0.2228,0.3416,0.3190,0.3084,0.3117,3,3,0.3298,0.3020,0.3109,0.3308
2026-06-12,824425,0.3445,0.3312,0.2055,0.1665,0.3328,0.3347,0.3118,0.3215,3,3,0.3524,0.3167,0.3441,0.3131
2026-06-12,824507,0.3586,0.3318,0.1886,0.2249,0.3487,0.3095,0.3113,0.3281,3,3,0.3775,0.3204,0.3014,0.3082
2026-06-12,824588,0.3183,0.3342,0.2094,0.1894,0.3112,0.3311,0.3413,0.3259,3,3,0.3077,0.3478,0.3230,0.3292
2026-06-12,824752,0.2912,0.3025,0.2180,0.2224,0.3111,0.3136,0.3046,0.3301,3,3,0.2823,0.2809,0.3072,0.3398
2026-06-12,824826,0.3448,0.3373,0.2081,0.2081,0.3309,0.3412,0.3144,0.3303,3,3,0.3621,0.3409,0.3221,0.3476
2026-06-12,824997,0.3132,0.3430,0.2149,0.2553,0.3090,0.3217,0.3082,,3,3,0.3057,0.3420,0.3203,0.3162
2026-06-13,822725,0.3288,0.3076,0.1872,0.2084,0.3350,0.3301,0.3172,0.2936,3,3,0.3170,0.2953,0.3338,0.3286
2026-06-13,822802,0.3283,0.3267,0.2019,0.2157,0.3340,0.3242,0.3069,0.2895,3,3,0.3746,0.3472,0.3275,0.2917
2026-06-13,823213,0.3322,0.3323,0.2136,0.1689,0.3003,0.3260,0.3147,0.3106,3,3,0.3217,0.3067,0.3227,0.3338
2026-06-13,823369,0.3187,0.3383,0.1462,0.2199,0.3099,0.3371,0.3211,0.3120,3,3,0.3150,0.3272,0.3363,0.3255
2026-06-13,823616,0.3106,0.3562,0.1634,0.2002,0.3192,0.3505,0.3107,0.3214,3,3,0.2919,0.3100,0.3416,0.3183
2026-06-13,823694,0.3233,0.3316,0.2170,0.2266,0.3295,0.3384,0.2961,0.3319,3,3,0.2940,0.3265,0.3421,0.2951
2026-06-13,823776,0.3555,0.3267,0.2294,0.2280,0.3549,0.3081,0.3032,0.3199,3,3,0.3820,0.3267,0.3216,0.3393
2026-06-13,824019,0.3323,0.3350,0.2005,0.2865,0.3365,0.3385,0.3155,0.2875,3,3,0.3524,0.3260,0.3122,0.3281
2026-06-13,824100,0.3628,0.3289,0.1964,0.2246,0.3461,0.3155,0.3131,0.3297,3,3,0.3301,0.3010,0.3110,0.3300
2026-06-13,824426,0.3333,0.3077,0.1794,0.2181,0.3300,0.2974,0.3133,0.2839,3,3,0.3393,0.3107,0.3503,0.2894
2026-06-13,824508,0.3579,0.3241,0.1887,0.2262,0.3477,0.3165,0.3303,0.3151,3,3,0.3765,0.2984,0.3131,0.3200
2026-06-13,824587,0.3688,0.3188,0.2119,0.2251,0.3583,0.3103,0.3176,0.2852,3,3,0.4207,0.2994,0.3521,0.3285
2026-06-13,824749,0.3292,0.3072,0.2224,0.2293,0.3246,0.3125,0.2953,0.2958,3,3,0.3276,0.2933,0.3029,0.3400
2026-06-13,824828,0.3449,0.3487,0.2071,0.2309,0.3300,0.3510,0.3312,0.3513,3,3,0.3616,0.3416,0.3145,0.3081
2026-06-13,824995,0.3171,0.3521,0.2314,0.2380,0.3100,0.3242,0.3253,0.3311,3,3,0.3194,0.3369,0.3092,0.3191
2026-06-14,822722,0.3180,0.3422,0.2394,0.2283,0.3306,0.3310,0.3296,0.3383,3,3,0.3159,0.3796,0.3442,0.3043
2026-06-14,822801,0.3328,0.3329,0.2529,0.1633,0.3304,0.3164,0.3340,0.3073,3,3,0.3152,0.3463,0.3257,0.3112
2026-06-14,823212,0.3329,0.3171,0.2132,0.1789,0.3039,0.3157,0.3090,0.3289,3,3,0.3229,0.3224,0.3405,0.3366
2026-06-14,823368,0.3264,0.3384,0.1906,0.2198,0.3150,0.3380,0.2684,0.3098,3,3,0.3145,0.3284,0.3242,0.3250
2026-06-14,823615,0.3282,0.3647,0.1954,0.1882,0.3165,0.3370,0.3028,0.3102,3,3,0.3363,0.3348,0.3116,0.3254
2026-06-14,823693,0.3501,0.3212,0.1715,0.2484,0.3328,0.3291,0.3164,0.3223,3,3,0.3407,0.2959,0.3290,0.3140
2026-06-14,823777,0.3548,0.3315,0.2301,0.1925,0.3537,0.3214,0.3120,0.2941,3,3,0.3823,0.3234,0.3216,0.3163
2026-06-14,824021,0.3326,0.3363,0.1999,0.2870,0.3381,0.3389,0.3216,0.3049,3,3,0.3520,0.3257,0.3111,0.3297
2026-06-14,824099,0.3627,0.3391,0.1956,0.2312,0.3459,0.3222,0.3101,0.3274,3,3,0.3301,0.3021,0.3034,0.3052
2026-06-14,824424,,,,,,,,,,,,,,
2026-06-14,824506,0.3580,0.3211,0.1879,0.2261,0.3514,0.3104,0.3091,0.3251,3,3,0.3764,0.2896,0.3006,0.3158
2026-06-14,824586,0.3691,0.3333,0.2118,0.1907,0.3592,0.3305,0.3070,0.3050,3,3,0.4231,0.3429,0.3529,0.3258
2026-06-14,824751,0.3286,0.3145,0.2243,0.1954,0.3184,0.3150,0.3175,0.3116,3,3,0.3269,0.3157,0.3033,0.3401
2026-06-14,824823,0.3449,0.3376,0.2074,0.2073,0.3310,0.3407,0.3188,0.3379,3,3,0.3613,0.3404,0.3226,0.3480
2026-06-14,824994,0.3108,0.3025,0.2143,0.2667,0.3126,0.3135,0.3151,0.3546,3,3,0.3057,0.3099,0.3050,0.3108
2026-06-15,822724,0.3385,0.3441,0.2286,0.2230,0.3250,0.3406,0.3138,0.3309,3,3,0.3010,0.3821,0.3131,0.3197
2026-06-15,822887,0.3284,0.3293,0.2257,0.2223,0.3333,0.3261,0.3181,0.3059,3,3,0.3155,0.3378,0.3145,0.3298
2026-06-15,823046,0.3447,0.3510,0.2069,0.1718,0.3320,0.3308,0.3189,0.3181,3,3,0.3614,0.3436,0.3228,0.3277
2026-06-15,823452,0.3261,0.3575,0.1906,0.2180,0.3147,0.3501,0.2790,0.3300,3,3,0.3162,0.3824,0.3357,0.3181
2026-06-15,823938,0.3548,0.3690,0.1919,0.2121,0.3551,0.3593,0.3212,0.3086,3,3,0.3519,0.4224,0.2836,0.3532
2026-06-15,824181,0.3284,0.3620,0.2166,0.1951,0.3214,0.3461,0.3107,0.3028,3,3,0.3470,0.3292,0.3499,0.3112
2026-06-15,824505,0.3179,0.3205,0.1974,0.2255,0.3198,0.3098,0.2903,0.3153,3,3,0.3374,0.2873,0.3194,0.3155
2026-06-15,824666,0.3146,0.3329,0.1809,0.2130,0.3035,0.3041,0.3047,0.3383,3,3,0.3075,0.3233,0.3210,0.3436
2026-06-15,824993,0.3382,0.3524,0.2215,0.2368,0.3372,0.3259,0.3372,0.3205,3,3,0.3271,0.3773,0.3000,0.3183
2026-06-15,825071,0.3422,0.3530,0.2530,0.1721,0.3513,0.3477,0.3219,0.3014,3,3,0.3241,0.3769,0.3304,0.3281
2026-06-16,822723,0.3388,0.3333,0.2286,0.2254,0.3264,0.3407,0.3203,0.3139,3,3,0.3015,0.3821,0.3129,0.3200
2026-06-16,822888,0.3094,0.3121,0.2337,0.2200,0.3137,0.3377,0.3247,0.3167,3,3,0.3220,0.3395,0.3144,0.2810
2026-06-16,823045,0.3298,0.3505,0.2273,0.1715,0.3234,0.3295,0.3065,0.3158,3,3,0.3608,0.3412,0.3223,0.3280
2026-06-16,823128,0.3248,0.3384,0.2291,0.2309,0.3336,0.3545,0.2936,0.3205,3,3,0.3405,0.3280,0.3468,0.3352
2026-06-16,823451,0.3181,0.3612,0.1458,0.2523,0.3091,0.3648,0.2950,0.3095,3,3,0.3123,0.3261,0.3061,0.3130
2026-06-16,823535,0.3086,0.3366,0.2211,0.2153,0.3138,0.3325,0.2999,0.3163,3,3,0.3461,0.3743,0.3030,0.3112
2026-06-16,823775,0.3059,0.3275,0.2206,0.2278,0.3125,0.3096,0.3085,0.3292,3,3,0.3119,0.3269,0.3066,0.3385
2026-06-16,823939,0.3390,0.3685,0.2204,0.2122,0.3427,0.3588,0.3148,0.2886,3,3,0.3510,0.4209,0.3268,0.3531
2026-06-16,824182,0.3484,0.3101,0.2113,0.2363,0.3392,0.3279,0.2848,0.3070,3,3,0.3506,0.3286,0.3299,0.3122
2026-06-16,824504,0.3650,0.3198,0.1883,0.2227,0.3376,0.3115,0.3332,0.3099,3,3,0.3361,0.2840,0.3190,0.3172
2026-06-16,824667,0.3095,0.3340,0.1975,0.2126,0.3061,0.3080,0.3420,0.3245,3,3,0.3025,0.3261,0.3142,0.3431
2026-06-16,824750,0.3367,0.3145,0.1470,0.1960,0.3154,0.3126,0.2814,0.2935,3,3,0.3466,0.3168,0.3330,0.3398
2026-06-16,824912,0.3313,0.3447,0.1697,0.2162,0.3126,0.3365,0.3261,0.3367,3,3,0.3059,0.3705,0.3335,0.3106
2026-06-16,824991,0.3380,0.3523,0.2214,0.2360,0.3387,0.3275,0.2956,0.3333,3,3,0.3279,0.3788,0.3251,0.2899
2026-06-16,825070,0.3407,0.3532,0.2333,0.1714,0.3399,0.3474,0.3268,0.2944,3,3,0.3228,0.3764,0.3202,0.3064
2026-06-17,822721,0.3387,0.3446,0.2326,0.2219,0.3203,0.3390,0.3366,0.3161,3,3,0.3018,0.3810,0.2966,0.3191
2026-06-17,823044,0.3356,0.3511,0.2146,0.1701,0.3289,0.3283,0.3367,0.2879,3,3,0.3609,0.3433,0.3302,0.3279
2026-06-17,823127,0.3369,0.3283,0.2070,0.2422,0.3402,0.3452,0.3019,0.3097,3,3,0.3410,0.3289,0.3468,0.3366
2026-06-17,823450,0.3251,0.3171,0.1910,0.1938,0.3136,0.3301,0.3254,0.3236,3,3,0.3152,0.3061,0.2941,0.3066
2026-06-17,823536,0.3163,0.3413,0.1935,0.2421,0.3290,0.3330,0.2981,0.3192,3,3,0.2929,0.3354,0.3118,0.3199
2026-06-17,823774,0.3084,0.3280,0.2193,0.2275,0.3085,0.3100,0.3271,0.3203,3,3,0.3141,0.3272,0.3030,0.3379
2026-06-17,823940,0.3322,0.3510,0.2006,0.2096,0.3390,0.3315,0.2826,0.3094,3,3,0.3504,0.3687,0.3269,0.3359
2026-06-17,824178,0.3494,0.3615,0.2213,0.1950,0.3431,0.3438,0.3122,0.3071,3,3,0.3495,0.3291,0.3232,0.3143
2026-06-17,824503,0.3197,0.3267,0.2229,0.2192,0.3146,0.3254,0.3185,0.3008,3,3,0.3327,0.3005,0.3160,0.3158
2026-06-17,824668,0.3122,0.3302,0.1634,0.1975,0.3091,0.3083,0.3261,0.3071,3,3,0.3035,0.3253,0.3205,0.3382
2026-06-17,824746,0.3497,0.3018,0.2084,0.2204,0.3319,0.3157,0.3236,0.3328,3,3,0.3485,0.2790,0.3126,0.3396
2026-06-17,824913,0.3306,0.3400,0.1677,0.1896,0.3118,0.3443,0.3221,0.3214,3,3,0.3057,0.2931,0.3336,0.3143
2026-06-17,824992,0.3104,0.3523,0.2203,0.2362,0.3330,0.3291,0.3213,0.2956,3,3,0.3278,0.3783,0.3074,0.2879
2026-06-17,825072,0.3483,0.3165,0.2651,0.1876,0.3462,0.3365,0.3273,0.3105,3,3,0.3255,0.3755,0.3060,0.3203
2026-06-18,822889,0.3247,0.3204,0.2397,0.2321,0.3284,0.3196,0.3239,0.2735,3,3,0.3030,0.3118,0.3146,0.3089
2026-06-18,823125,0.3245,0.3341,0.2288,0.2067,0.3342,0.3383,0.2796,0.3160,3,3,0.3403,0.3279,0.3460,0.3368
2026-06-18,823448,0.3648,0.3453,0.1871,0.2364,0.3377,0.3540,0.3200,0.3021,3,3,0.3349,0.2795,0.3024,0.3219
2026-06-18,823533,0.3168,0.3477,0.1943,0.1907,0.3292,0.3358,0.3154,0.3090,3,3,0.2931,0.3759,0.3055,0.3008
2026-06-18,823772,0.3029,0.3281,0.2202,0.2283,0.3033,0.3117,0.3023,0.2992,3,3,0.3146,0.3277,0.3098,0.3367
2026-06-18,824098,0.3374,0.3168,0.2026,0.2473,0.3325,0.3237,0.3221,0.3336,3,3,0.3424,0.3050,0.3070,0.3242
2026-06-18,824748,0.3431,0.3095,0.2046,0.2208,0.3123,0.3168,0.3021,0.2991,3,3,0.3480,0.3040,0.2898,0.3396
2026-06-18,824911,,,,,,,,,,,,,,
2026-06-18,824989,0.3202,0.3323,0.2250,0.2658,0.3365,0.3173,0.2993,0.3189,3,3,0.3275,0.2776,0.3050,0.3140
2026-06-19,822886,0.3356,0.3290,0.2165,0.2225,0.3310,0.3250,0.2945,0.3497,3,3,0.3617,0.3382,0.3300,0.3099
2026-06-19,822966,0.3392,0.3341,0.2390,0.2009,0.3325,0.3330,0.2970,0.3310,3,3,0.3802,0.3511,0.3036,0.3115
2026-06-19,823124,0.3021,0.3318,0.2177,0.2504,0.3135,0.3522,0.3133,0.2914,3,3,0.2837,0.3087,0.3389,0.3427
2026-06-19,823534,0.3206,0.3387,0.2226,0.2019,0.3172,0.3309,0.2901,0.3452,3,3,0.2836,0.3765,0.3200,0.3274
2026-06-19,823853,0.3312,0.3127,0.1678,0.2432,0.3102,0.3126,0.3080,0.3102,3,3,0.3063,0.3140,0.3339,0.3328
2026-06-19,823936,0.3477,0.3467,0.2311,0.1909,0.3520,0.3404,0.3221,0.3357,3,3,0.3397,0.3539,0.3047,0.3218
2026-06-19,824097,0.3522,0.3168,0.1690,0.2526,0.3284,0.3172,0.3327,0.3415,3,3,0.3480,0.3073,0.3270,0.3131
2026-06-19,824179,0.3114,0.3619,0.2171,0.1949,0.3067,0.3440,0.3495,0.3064,3,3,0.3214,0.3292,0.3015,0.3141
2026-06-19,824264,0.3262,0.3382,0.1956,0.1930,0.3348,0.3352,0.2699,0.3121,3,3,0.3418,0.3481,0.3076,0.3294
2026-06-19,824345,0.3264,0.3098,0.1833,0.2361,0.3261,0.3046,0.3299,0.3188,3,3,0.3298,0.3040,0.3132,0.3166
2026-06-19,824663,0.3271,0.3283,0.2156,0.2168,0.3220,0.3228,0.3036,0.3037,3,3,0.3476,0.3117,0.3302,0.3399
2026-06-19,824910,0.3278,0.3425,0.2292,0.1903,0.3126,0.3426,0.3217,0.2604,3,3,0.3274,0.3683,0.3283,0.3059
2026-06-19,824990,0.3284,0.3323,0.2262,0.2657,0.3362,0.3227,0.3161,0.3095,3,3,0.3273,0.2785,0.2908,0.3150
2026-06-19,825069,0.3283,0.3521,0.2255,0.1715,0.3325,0.3457,0.2971,0.3114,3,3,0.3146,0.3758,0.3137,0.2945
2026-06-20,822885,0.3349,0.3294,0.2122,0.2215,0.3436,0.3238,0.3123,0.3318,3,3,0.3611,0.3373,0.3267,0.3114
2026-06-20,822967,0.3448,0.3102,0.2224,0.2217,0.3367,0.3207,0.3016,0.3163,3,3,0.3811,0.2864,0.3187,0.3175
2026-06-20,823126,0.3113,0.3382,0.2047,0.2317,0.3142,0.3510,0.3385,0.3167,3,3,0.2908,0.3269,0.3381,0.3169
2026-06-20,823447,0.3124,0.3235,0.2529,0.2388,0.3167,0.3468,0.2506,0.3019,3,3,0.3355,0.3070,0.3176,0.3208
2026-06-20,823532,0.3217,0.3330,0.2226,0.2076,0.3173,0.3321,0.3087,0.2990,3,3,0.2884,0.3779,0.3182,0.3201
2026-06-20,823854,0.3295,0.3269,0.1682,0.2227,0.3103,0.3194,0.3137,0.3222,3,3,0.3060,0.3157,0.3348,0.3215
2026-06-20,823937,0.3474,0.3689,0.2312,0.2116,0.3519,0.3567,0.2847,0.3107,3,3,0.3396,0.4215,0.3029,0.3130
2026-06-20,824180,0.3111,0.2953,0.2170,0.2612,0.3080,0.3310,0.3311,0.3225,3,3,0.3210,0.3108,0.3008,0.3113
2026-06-20,824263,0.3247,0.3380,0.1894,0.1929,0.3232,0.3366,0.3148,0.3080,3,3,0.3485,0.3468,0.3401,0.3291
2026-06-20,824342,0.3164,0.3099,0.2334,0.1944,0.3357,0.3060,0.3691,0.2729,3,3,0.3292,0.3034,0.3241,0.3211
2026-06-20,824665,0.3469,0.3304,0.1825,0.1968,0.3284,0.3084,0.3312,0.3380,3,3,0.3485,0.3263,0.3263,0.3382
2026-06-20,824909,0.3310,0.3387,0.2041,0.1900,0.3098,0.3432,0.2830,0.3107,3,3,0.3247,0.2953,0.3114,0.3205
2026-06-20,824988,0.3241,0.3514,0.1972,0.2373,0.3208,0.3321,0.2966,0.3034,3,3,0.3272,0.3741,0.3273,0.2908
2026-06-20,825068,0.3052,0.3052,0.2305,0.1704,0.3194,0.3065,0.3258,0.3169,3,3,0.2993,0.2863,0.3149,0.3185
2026-06-21,822883,0.3269,0.3297,0.2173,0.2227,0.3299,0.3189,0.2995,,3,3,0.3087,0.3294,0.3249,0.3279
2026-06-21,822968,0.3440,0.3339,0.2229,0.2007,0.3360,0.3321,0.3091,0.3139,3,3,0.3807,0.3503,0.3256,0.3268
2026-06-21,823123,0.2965,0.3380,0.2170,0.2312,0.3061,0.3515,0.2942,0.2897,3,3,0.3141,0.3264,0.3380,0.2991
2026-06-21,823449,0.3652,0.3553,0.1870,0.2295,0.3347,0.3542,0.2769,0.3063,3,3,0.3364,0.3066,0.3208,0.2988
2026-06-21,823531,0.3059,0.3386,0.2405,0.2015,0.3128,0.3280,0.3226,0.2900,3,3,0.2878,0.3765,0.3201,0.3108
2026-06-21,823852,0.3334,0.3178,0.1666,0.2108,0.3276,0.3068,0.3367,0.3097,3,3,0.3063,0.3157,0.3228,0.3335
2026-06-21,823934,0.2981,0.3186,0.2602,0.2260,0.3355,0.3140,0.3036,0.3197,3,3,0.2731,0.3126,0.3061,0.3217
2026-06-21,824095,0.3521,0.3228,0.1679,0.2213,0.3290,0.3142,0.3121,0.3175,3,3,0.3472,0.3077,0.3270,0.3130
2026-06-21,824177,0.3136,0.3117,0.2162,0.2383,0.3104,0.3236,0.3356,0.3262,3,3,0.3292,0.3279,0.2928,0.3116
2026-06-21,824260,0.3321,0.3454,0.2416,0.2107,0.3232,0.3383,0.3128,0.3282,3,3,0.3208,0.3500,0.2965,0.3289
2026-06-21,824343,0.3396,0.3102,0.2204,0.1947,0.3421,0.3076,0.3465,0.3308,3,3,0.3310,0.3036,0.2959,0.3209
2026-06-21,824664,0.3173,0.3414,0.2348,0.2448,0.3222,0.3141,0.3052,0.2934,3,3,0.2974,0.3277,0.3280,0.3078
2026-06-21,824908,0.3276,0.3207,0.2286,0.1598,0.3114,0.3430,0.3124,0.3041,3,3,0.3275,0.2945,0.3385,0.3263
2026-06-21,824987,0.3279,0.3161,0.2295,0.2333,0.3255,0.3075,0.3216,0.2920,3,3,0.3269,0.2802,0.3074,0.3119
2026-06-21,825067,0.3329,0.3524,0.2314,0.1715,0.3308,0.3452,,0.3198,3,3,0.3280,0.3759,0.2949,0.3051
2026-06-22,822720,0.3563,0.3397,0.2292,0.2402,0.3546,0.3310,0.3138,0.3110,3,3,0.3072,0.3820,0.2986,0.3096
2026-06-22,822800,0.3467,0.3442,0.2362,0.1594,0.3404,0.3237,0.2849,0.2845,3,3,0.2843,0.3487,0.3116,0.3199
2026-06-22,822964,0.3257,0.3188,0.2210,0.1926,0.3164,0.3279,0.2886,0.3127,3,3,0.3103,0.3511,0.3143,0.3276
2026-06-22,823040,0.3525,0.3529,0.1711,0.1667,0.3450,0.3293,0.3097,0.3466,3,3,0.3762,0.3468,0.3000,0.3264
2026-06-22,823288,0.3376,0.3443,0.1911,0.2074,0.3418,0.3283,0.3180,0.3180,3,3,0.2956,0.3609,0.3207,0.3048
2026-06-22,823613,0.3301,0.3308,0.2337,0.2156,0.3136,0.3171,0.3198,0.3022,3,3,0.3277,0.3369,0.3430,0.3192
2026-06-22,823692,0.3688,0.3285,0.2114,0.2249,0.3565,0.3340,0.3271,0.3220,3,3,0.4214,0.3140,0.3524,0.3158
2026-06-22,823851,0.3236,0.3344,0.2311,0.2291,0.3180,0.3220,0.3150,0.3202,3,3,0.3179,0.3338,0.3299,0.3113
2026-06-22,824016,0.3480,0.3267,0.2312,0.2269,0.3532,0.3348,0.3229,0.3065,3,3,0.3395,0.3255,0.3064,0.3165
2026-06-22,824261,0.3407,0.3397,0.2094,0.1917,0.3358,0.3368,0.3059,0.3027,3,3,0.3129,0.3505,0.3137,0.3294
2026-06-22,824344,0.3044,0.3137,0.2240,0.1811,0.3144,0.3044,0.3247,0.3101,3,3,0.2897,0.3080,0.3368,0.3246
2026-06-22,824502,0.3271,0.3214,0.2287,0.2219,0.3107,0.3150,0.3329,0.2883,3,3,0.3280,0.2884,0.3394,0.3177
2026-06-22,824585,0.3036,0.3454,0.2124,0.1911,0.3097,0.3379,0.3381,0.3237,3,3,0.3260,0.3524,0.3098,0.3296
2026-06-23,822718,0.3354,0.3439,0.2215,0.2228,0.3384,0.3359,0.3229,0.2791,3,3,0.3066,0.3822,0.3024,0.3100
2026-06-23,822799,0.3535,0.3425,0.2009,0.2034,0.3318,0.3119,0.3194,0.3183,3,3,0.3054,0.3484,0.3062,0.3280
2026-06-23,822963,0.3221,0.3237,0.2209,0.2225,0.3215,0.3327,0.3110,0.3134,3,3,0.3134,0.3277,0.2990,0.3281
2026-06-23,823043,0.3526,0.3422,0.1704,0.2068,0.3452,0.3300,0.3531,0.3305,3,3,0.3760,0.3463,0.3224,0.3141
2026-06-23,823210,0.3433,0.3390,0.2152,0.2311,0.3328,0.3295,0.3108,0.3244,3,3,0.3118,0.3218,0.3157,0.3343
2026-06-23,823286,0.3319,0.3337,0.1936,0.2187,0.3197,0.3324,0.3186,0.3135,3,3,0.3382,0.3611,0.2957,0.3243
2026-06-23,823365,0.3380,0.3398,0.2306,0.2199,0.3523,0.3411,0.3331,0.3025,3,3,0.3267,0.3312,0.3285,0.2960
2026-06-23,823614,0.3348,0.3297,0.2111,0.2130,0.3083,0.3049,0.3198,0.3133,3,3,0.3277,0.3369,0.3430,0.3199
2026-06-23,823690,0.3301,0.3313,0.1797,0.2147,0.3270,0.3234,0.3102,0.3151,3,3,0.3059,0.3143,0.3249,0.2958
2026-06-23,823849,0.3353,0.3269,0.2240,0.2221,0.3313,0.3170,0.3213,0.3438,3,3,0.3358,0.3116,0.3023,0.3059
2026-06-23,824017,0.3483,0.3222,0.2314,0.1993,0.3542,0.3188,0.3241,0.3161,3,3,0.3406,0.3247,0.3058,0.3231
2026-06-23,824262,0.3375,0.3388,0.2020,0.1916,0.3298,0.3358,0.2894,0.2991,3,3,0.3750,0.3501,0.3257,0.3301
2026-06-23,824340,0.3106,0.3124,0.2222,0.2372,0.3138,0.3035,0.3017,0.3057,3,3,0.3081,0.3030,0.3368,0.3155
2026-06-23,824501,0.3312,0.3148,0.2052,0.2433,0.3070,0.3099,0.3138,0.3262,3,3,0.3222,0.2901,0.3118,0.3355
2026-06-23,824584,0.3130,0.3241,0.2164,0.1986,0.3113,0.3359,0.3193,0.2963,3,3,0.3265,0.3391,0.2945,0.3248
2026-06-24,822719,0.3357,0.3381,0.2218,0.2425,0.3375,0.3311,0.3315,0.3340,3,3,0.3069,0.3808,0.3136,0.3249
2026-06-24,822798,0.3565,0.3402,0.1768,0.1671,0.3419,0.3209,0.2922,0.3068,3,3,0.3064,0.3479,0.3087,0.3174
2026-06-24,822965,0.3247,0.3272,0.2218,0.1847,0.3328,0.3296,0.3138,0.3108,3,3,0.3102,0.3513,0.3128,0.3361
2026-06-24,823041,0.3521,0.3186,0.1706,0.1989,0.3449,0.3102,0.3360,,3,3,0.3758,0.3429,0.3213,0.2992
2026-06-24,823208,0.3409,0.3380,0.2539,0.2258,0.3304,0.3204,0.3220,0.3007,3,3,0.3068,0.3205,0.3118,0.3312
2026-06-24,823284,0.3126,0.3351,0.1618,0.2141,0.3217,0.3437,0.3176,0.3366,3,3,0.2954,0.3624,0.3383,0.3270
2026-06-24,823367,0.3380,0.3085,0.2306,0.2696,0.3526,0.3341,0.2933,0.2789,3,3,0.3271,0.3078,0.3182,0.3237
2026-06-24,823611,0.3238,0.3401,0.2366,0.1920,0.3185,0.3227,0.3097,0.3037,3,3,0.3287,0.3362,0.3373,0.3176
2026-06-24,823691,0.3697,0.3261,0.2116,0.2155,0.3585,0.3238,0.2909,0.2794,3,3,0.4221,0.3053,0.3511,0.2981
2026-06-24,823850,0.3293,0.3252,0.2226,0.1965,0.3240,0.3187,0.3152,0.2966,3,3,0.3375,0.3092,0.3313,0.3273
2026-06-24,824018,0.3199,0.3135,0.2321,0.2179,0.3357,0.3221,0.3150,0.3337,3,3,0.3397,0.3208,0.3424,0.3027
2026-06-24,824259,0.3366,0.3452,0.2261,0.2096,0.3313,0.3372,0.2781,0.3149,3,3,0.3307,0.3489,0.3145,0.3301
2026-06-24,824341,0.3131,0.3127,0.2196,0.1821,0.3156,0.3014,0.3379,0.2924,3,3,0.3136,0.3098,0.3135,0.3212
2026-06-24,824500,0.3259,0.3201,0.2304,0.2500,0.3083,0.3084,0.3339,0.2932,3,3,0.3264,0.3081,0.3381,0.3306
2026-06-24,824583,0.3033,0.3233,0.2100,0.1849,0.3185,0.3324,0.3453,0.3055,3,3,0.3234,0.3501,0.3056,0.3258
2026-06-25,822717,0.3213,0.3354,0.2108,0.2460,0.3309,0.3420,0.3169,0.2810,3,3,0.3073,0.3796,0.3201,0.3205
2026-06-25,822797,0.3472,0.3351,0.2222,0.1475,0.3358,0.3111,0.3050,0.3105,3,3,0.3376,0.3468,0.3315,0.3305
2026-06-25,822961,0.3244,0.3263,0.2216,0.1956,0.3333,0.3457,0.3215,0.3219,3,3,0.3098,0.2696,0.2970,0.2946
2026-06-25,823042,0.3411,0.3358,0.1746,0.1747,0.3300,0.3107,0.3429,0.3362,3,3,0.3507,0.3405,0.3000,0.3154
2026-06-25,823209,0.3441,0.3372,0.2535,0.2277,0.3292,0.3174,0.2978,0.3195,3,3,0.3135,0.3204,0.3112,0.3309
2026-06-25,823366,0.3377,0.3235,0.2306,0.2196,0.3534,0.3266,0.3191,0.3183,3,3,0.3264,0.2803,0.3273,0.3236
2026-06-25,823612,0.3333,0.3648,0.2226,0.1882,0.3093,0.3311,0.3029,0.3016,3,3,0.3279,0.3345,0.3325,0.3241
2026-06-25,824258,0.3595,0.3457,0.1722,0.2101,0.3508,0.3372,0.3042,0.3253,3,3,0.3284,0.3523,0.3126,0.3335
2026-06-25,824747,0.3280,0.3140,0.2411,0.2179,0.3305,0.3129,0.3022,0.2882,3,3,0.2974,0.3178,0.3184,0.3361
2026-06-26,822796,0.3216,0.3397,0.2479,0.1675,0.3197,0.3194,0.3388,0.2876,3,3,0.3301,0.3458,0.3190,0.3178
2026-06-26,822962,0.3515,0.3547,0.1704,0.1922,0.3441,0.3539,0.3101,0.3258,3,3,0.3763,0.3527,0.3220,0.2986
2026-06-26,823039,0.3123,0.3505,0.2147,0.1667,0.3030,0.3286,0.3609,0.3129,3,3,0.3106,0.3405,0.3339,0.3282
2026-06-26,823206,0.3289,0.3332,0.1937,0.1667,0.3222,0.3218,0.3234,0.3242,3,3,0.3377,0.3067,0.3305,0.3339
2026-06-26,823285,0.3696,0.3354,0.2122,0.2189,0.3583,0.3325,0.3333,0.3205,3,3,0.4221,0.3618,0.3204,0.3108
2026-06-26,823363,0.3247,0.3317,0.2456,0.2480,0.3064,0.3282,0.2693,0.3096,3,3,0.3194,0.3042,0.3206,0.3431
2026-06-26,823610,0.3559,0.3642,0.2307,0.1884,0.3526,0.3301,0.3221,0.2770,3,3,0.3066,0.3336,0.3206,0.3400
2026-06-26,823688,0.3075,0.3256,0.2337,0.2387,0.3097,0.3324,0.3134,0.3521,2,3,0.3024,0.3056,0.3119,0.3166
2026-06-26,823773,0.3340,0.3256,0.2128,0.2299,0.3049,0.3086,0.2662,0.3382,3,3,0.3281,0.3262,0.3419,0.3410
2026-06-26,824014,0.3437,0.3266,0.2528,0.2269,0.3280,0.3362,0.2982,0.2954,3,3,0.3149,0.3256,0.3115,0.3157
2026-06-26,824255,0.3109,0.3222,0.1955,0.2395,0.3248,0.3353,0.3124,0.3112,3,3,0.3285,0.2928,0.2995,0.3303
2026-06-26,824423,0.3382,0.3104,0.2488,0.2198,0.3397,0.3063,0.3042,0.3390,3,3,0.3283,0.3195,0.3426,0.3125
2026-06-26,824582,0.3472,0.3396,0.2288,0.2104,0.3278,0.3405,0.3206,0.3278,3,2,0.3119,0.3497,0.2985,0.2952
2026-06-26,824743,0.3444,0.3020,0.1937,0.2149,0.3325,0.3102,0.3032,0.3185,3,3,0.3314,0.2838,0.2958,0.3360
2026-06-26,824824,0.3349,0.3478,0.2262,0.2313,0.3389,0.3528,0.3064,0.3096,3,3,0.3783,0.3388,0.3190,0.3010
2026-06-27,822794,0.3447,0.3274,0.2153,0.1853,0.3433,0.3256,0.2925,0.3458,3,3,0.3410,0.3021,0.3322,0.3316
2026-06-27,822960,0.3516,0.3556,0.1704,0.1913,0.3460,0.3576,0.2911,0.3109,3,3,0.3751,0.3532,0.3130,0.3016
2026-06-27,823038,0.3255,0.3501,0.1969,0.1676,0.3196,0.3269,0.3083,0.3366,3,3,0.3097,0.3403,0.3197,0.3275
2026-06-27,823207,0.3310,0.3230,0.1940,0.1284,0.3164,0.3351,0.3064,0.3141,3,3,0.3369,0.3066,0.3360,0.3312
2026-06-27,823283,0.3018,0.3355,0.2305,0.2189,0.3126,0.3336,0.3108,0.2841,3,3,0.2719,0.3621,0.3340,0.3097
2026-06-27,823364,0.3329,0.3227,0.2387,0.2212,0.2999,0.3307,0.3207,0.2876,3,3,0.3316,0.2797,0.3112,0.3222
2026-06-27,823609,0.3566,0.3636,0.2298,0.1879,0.3534,0.3324,0.3201,0.3003,3,3,0.3074,0.3323,0.3191,0.3324
2026-06-27,823689,0.3036,0.3306,0.2451,0.2170,0.2959,0.3299,0.3165,0.3332,3,3,0.3032,0.3264,0.3130,0.3291
2026-06-27,823770,0.3296,0.3311,0.2410,0.2059,0.3129,0.3048,0.3095,0.3259,3,3,0.3277,0.3209,0.3372,0.3223
2026-06-27,824015,0.3425,0.3158,0.2530,0.2295,0.3257,0.3257,0.2937,0.3102,3,3,0.3110,0.3246,0.2972,0.3201
2026-06-27,824257,0.3169,0.3510,0.1843,0.2197,0.3282,0.3386,0.3051,0.3221,3,3,0.3291,0.3520,0.3076,0.3139
2026-06-27,824421,0.3417,0.3075,0.2140,0.1662,0.3349,0.3027,0.3293,0.2914,3,3,0.3245,0.3109,0.3270,0.3048
2026-06-27,824581,0.3467,0.3469,0.2295,0.1890,0.3268,0.3367,0.3273,0.3132,3,3,0.3107,0.3505,0.2955,0.3097
2026-06-27,824745,0.3379,0.3145,0.2126,0.2171,0.3334,0.3156,0.2980,0.3043,3,3,0.3304,0.3201,0.3181,0.3371
2026-06-27,824825,0.3162,0.3474,0.1895,0.2315,0.3218,0.3515,0.3100,0.3145,3,3,0.2940,0.3386,0.3182,0.3183
2026-06-28,822795,0.3422,0.3420,0.2427,0.1616,0.3538,0.3193,0.3219,0.3235,3,3,0.3395,0.3448,0.3326,0.3152
2026-06-28,822959,0.3522,0.3421,0.1704,0.2090,0.3472,0.3523,0.2948,0.3466,3,3,0.3762,0.3127,0.3277,0.3012
2026-06-28,823037,0.3260,0.3497,0.2217,0.1666,0.3172,0.3254,0.3418,0.3151,3,3,0.3091,0.3399,0.3210,0.3151
2026-06-28,823204,0.3117,0.3168,0.1611,0.1765,0.3247,0.3178,0.3127,0.2824,3,3,0.2958,0.3208,0.3549,0.3417
2026-06-28,823281,0.3700,0.3375,0.2113,0.2168,0.3566,0.3316,0.3175,0.3014,3,3,0.4207,0.3641,0.3509,0.3256
2026-06-28,823362,0.3337,0.3328,0.2380,0.2470,0.3039,0.3353,0.3327,0.3305,3,3,0.3316,0.3090,0.3174,0.3156
2026-06-28,823608,0.3565,0.3644,0.2305,0.1877,0.3530,0.3350,0.3239,0.2776,3,3,0.3072,0.3333,0.3195,0.3053
2026-06-28,823686,0.3155,0.3250,0.2570,0.2377,0.2976,0.3372,0.3150,0.3229,3,3,0.3097,0.3013,0.3243,0.2952
2026-06-28,823769,0.3338,0.3249,0.2137,0.2300,0.3032,0.3092,0.2802,0.3136,3,3,0.3265,0.3257,0.3426,0.3286
2026-06-28,824011,0.3129,0.3176,0.2264,0.2275,0.3109,0.3256,0.3266,0.3233,3,3,0.3062,0.3240,0.3101,0.3280
2026-06-28,824256,0.3584,0.3474,0.1721,0.2148,0.3466,0.3295,0.3085,0.2916,3,2,0.3290,0.3525,0.3186,0.3389
2026-06-28,824422,0.3310,0.3193,0.1901,0.1582,0.3338,0.3136,0.3205,0.3507,3,3,0.3234,0.3098,0.3367,0.2933
2026-06-28,824580,0.3301,0.3412,0.2220,0.2016,0.3246,0.3345,0.3336,0.3073,3,3,0.3024,0.3501,0.3241,0.3243
2026-06-28,824744,0.3325,0.3126,0.2268,0.2308,0.3192,0.3095,0.3031,0.3017,2,3,0.2951,0.3147,0.3172,0.3453
2026-06-28,824821,0.3443,0.3343,0.2256,0.2081,0.3421,0.3387,0.3054,0.3396,3,3,0.3762,0.3379,0.3169,0.3419
2026-06-29,822792,0.3641,0.3424,0.1878,0.1617,0.3341,0.3212,0.2970,0.3095,3,3,0.3323,0.3452,0.3375,0.3039
2026-06-29,823121,0.3164,0.3418,0.2272,0.2150,0.3233,0.3363,0.3011,0.3167,3,3,0.3240,0.3231,0.3087,0.3274
2026-06-29,823444,0.3325,0.3569,0.2473,0.2304,0.3337,0.3529,0.3184,0.2901,3,3,0.3089,0.3078,0.3073,0.3194
2026-06-29,823529,0.3404,0.3436,0.1926,0.1931,0.3354,0.3309,0.3186,0.2996,3,3,0.3090,0.3686,0.3050,0.2971
2026-06-29,823771,0.3305,0.3304,0.2390,0.2063,0.3073,0.3054,0.2969,0.3117,3,3,0.3320,0.3214,0.3041,0.3222
2026-06-29,824176,0.3133,0.3505,0.1995,0.1764,0.3144,0.3355,0.3022,0.3159,3,3,0.3271,0.3046,0.3157,0.3030
2026-06-29,824339,0.3027,0.3131,0.1759,0.2364,0.3114,0.3015,0.3064,0.3205,3,3,0.3265,0.3033,0.3353,0.3237
2026-06-29,824420,0.3093,0.3134,0.2317,0.1821,0.3256,0.3183,0.2946,0.3119,3,3,0.3242,0.3153,0.3001,0.3146
2026-06-29,824662,0.3286,0.3333,0.2254,0.2139,0.3306,0.3016,0.3048,0.3349,3,3,0.3639,0.3271,0.3071,0.3424
2026-06-29,824741,0.3323,0.3126,0.2581,0.1928,0.3362,0.3115,0.2935,0.3355,3,3,0.3770,0.3156,0.3175,0.3026
2026-06-29,824822,0.3301,0.3347,0.2399,0.2075,0.3206,0.3394,0.3148,0.3186,3,3,0.3154,0.3347,0.3382,0.3460
2026-06-29,824986,0.3698,0.3414,0.2116,0.2568,0.3567,0.3224,0.3070,0.3226,3,3,0.4203,0.3078,0.3354,0.2910
2026-06-29,825065,0.3216,0.3521,0.1673,0.1704,0.3206,0.3460,0.3293,0.2882,3,3,0.3203,0.3773,0.3336,0.3274
2026-06-30,822793,0.3642,0.3276,0.1882,0.1643,0.3340,0.3126,0.3075,0.2910,3,3,0.3320,0.3440,0.3364,0.2949
2026-06-30,823122,0.3226,0.3313,0.1983,0.1897,0.3181,0.3344,0.2796,0.3178,3,3,0.3245,0.3231,0.3159,0.3364
2026-06-30,823445,0.3346,0.3572,0.2529,0.2309,0.3372,0.3540,0.2978,0.3195,3,3,0.3073,0.3083,0.3313,0.3196
2026-06-30,823528,0.3471,0.3370,0.2128,0.2119,0.3356,0.3302,0.2883,0.2771,3,3,0.3549,0.3286,0.3327,0.2982
2026-06-30,823768,0.3343,0.3247,0.2370,0.2316,0.3033,0.3074,0.3222,0.3369,3,3,0.3319,0.3255,0.3148,0.3400
2026-06-30,824096,0.3569,0.3462,0.1903,0.2294,0.3596,0.3259,0.3174,0.3146,3,3,0.3539,0.3111,0.2939,0.2989
2026-06-30,824175,0.3054,0.2979,0.1858,0.2204,0.3076,0.3159,0.3267,0.2749,3,3,0.3043,0.3037,0.3159,0.3194
2026-06-30,824338,0.3257,0.2994,0.2300,0.2355,0.3135,0.3013,0.3412,0.3122,3,3,0.3122,0.3034,0.3083,0.3252
2026-06-30,824418,0.3257,0.3129,0.2181,0.1820,0.3352,0.3169,0.3066,0.2967,3,3,0.3405,0.3128,0.3024,0.2977
2026-06-30,824661,0.3347,0.3313,0.2186,0.2192,0.3381,0.3068,0.3084,0.3179,3,3,0.3632,0.3282,0.3172,0.3344
2026-06-30,824742,0.3451,0.3132,0.2254,0.2166,0.3426,0.3146,0.2996,0.3181,3,3,0.3777,0.3171,0.3168,0.3017
2026-06-30,824819,0.3296,0.3292,0.2159,0.2350,0.3275,0.3386,0.3305,0.3345,3,3,0.3246,0.3348,0.3196,0.3442
2026-06-30,824907,0.3386,0.3371,0.2089,0.1938,0.3262,0.3350,0.3291,0.3265,3,3,0.3396,0.3564,0.3238,0.3163
2026-06-30,824984,0.3702,0.3407,0.2115,0.2552,0.3564,0.3220,0.3140,0.3164,3,3,0.4207,0.3082,0.3351,0.2990
2026-06-30,825066,0.3337,0.3525,0.1661,0.1703,0.3195,0.3450,0.3344,0.3190,3,3,0.3061,0.3774,0.3331,0.3274
2026-07-01,822791,0.3476,0.3350,0.2232,0.1976,0.3303,0.3310,0.3180,0.2971,3,3,0.3319,0.3061,0.3417,0.3165
2026-07-01,823446,0.3304,0.3569,0.2499,0.2308,0.3296,0.3532,0.2764,0.2694,3,3,0.3047,0.3080,0.3442,0.3189
2026-07-01,823530,0.3404,0.3270,0.1935,0.2040,0.3343,0.3296,0.3138,0.3076,3,3,0.3551,0.3667,0.3175,0.3165
2026-07-01,823767,0.3301,0.3307,0.2400,0.2069,0.3080,0.3040,0.2951,0.3096,3,3,0.3320,0.3224,0.3143,0.3110
2026-07-01,824094,0.3581,0.3440,0.1892,0.2291,0.3602,0.3310,0.3231,0.3167,3,3,0.3548,0.3031,0.3000,0.2979
2026-07-01,824174,0.3127,0.3501,0.2003,0.1764,0.3151,0.3341,0.3340,0.3098,3,3,0.3262,0.3036,0.3172,0.2973
2026-07-01,824337,0.3127,0.3122,0.1811,0.2374,0.3045,0.2995,0.3398,0.3100,3,3,0.3267,0.3017,0.3044,0.3125
2026-07-01,824419,0.3082,0.3138,0.2319,0.1821,0.3247,0.3100,0.3012,0.3210,3,3,0.3212,0.3097,0.3313,0.3049
2026-07-01,824660,0.2956,0.3274,0.2284,0.1992,0.3092,0.3142,0.3281,0.3318,3,3,0.2834,0.3077,0.3130,0.3109
2026-07-01,824740,0.3443,0.3114,0.2260,0.2198,0.3431,0.3141,0.3037,0.3310,3,3,0.3775,0.3136,0.3177,0.3449
2026-07-01,824818,0.3381,0.3336,0.1856,0.2071,0.3301,0.3388,0.3124,0.3280,3,3,0.3494,0.3341,0.3115,0.3457
2026-07-01,824905,0.3491,0.3365,0.1676,0.1943,0.3255,0.3333,0.3266,0.3582,3,3,0.3394,0.3553,0.3272,0.3166
2026-07-01,824985,0.3542,0.3355,0.2435,0.2647,0.3457,0.3305,0.3184,,3,3,0.4200,0.3387,0.3576,0.3012
2026-07-01,825064,0.3334,0.3530,0.1657,0.1701,0.3173,0.3450,0.3355,0.3388,3,3,0.3072,0.3790,0.3232,0.3282
2026-07-02,822884,0.3467,0.3035,0.2116,0.2141,0.3368,0.3270,0.3060,0.3044,3,3,0.3534,0.3054,0.3260,0.3089
2026-07-02,823119,0.3090,0.3300,0.2810,0.2252,0.3203,0.3252,0.2940,0.3010,3,3,0.3239,0.3220,0.3124,0.3281
2026-07-02,823442,0.3218,0.3563,0.2236,0.2319,0.3285,0.3528,0.3124,0.3192,3,3,0.2798,0.3075,0.3061,0.3205
2026-07-02,823765,0.3340,0.3251,0.2376,0.2321,0.3053,0.3075,0.2663,0.2865,3,3,0.3319,0.3244,0.3092,0.3398
2026-07-02,823935,0.3387,0.3705,0.2007,0.2110,0.3323,0.3578,0.3256,0.3608,3,3,0.3633,0.4189,0.3098,0.3497
2026-07-02,824093,0.3584,0.3477,0.1897,0.2298,0.3629,0.3311,0.3116,0.2979,3,3,0.3540,0.3128,0.3004,0.2945
2026-07-02,824335,0.3244,0.3116,0.2272,0.1953,0.3200,0.3015,0.3320,0.3592,3,3,0.3061,0.3007,0.3199,0.3091
2026-07-02,824416,0.3298,0.3124,0.2342,0.2148,0.3315,0.3160,0.3266,0.3361,3,3,0.3197,0.3114,0.3236,0.3029
2026-07-02,824906,0.3490,0.3368,0.1673,0.1937,0.3267,0.3357,0.3153,0.3270,3,3,0.3409,0.3555,0.3270,0.3170
2026-07-03,822714,0.3303,0.3386,0.2502,0.2433,0.3293,0.3331,0.3101,0.3499,3,3,0.3047,0.3787,0.3413,0.3178
2026-07-03,823120,0.3359,0.3187,0.1972,0.2346,0.3306,0.3191,0.3074,0.2832,3,3,0.3076,0.3219,0.3168,0.3350
2026-07-03,823527,0.3131,0.3400,0.2007,0.2267,0.3153,0.3278,0.2923,0.3171,3,3,0.3281,0.3523,0.3020,0.3285
2026-07-03,823933,0.3393,0.3337,0.2007,0.1771,0.3338,0.3270,0.2770,0.3132,3,3,0.3631,0.3092,0.3238,0.3491
2026-07-03,824013,0.3106,0.3154,0.2202,0.2265,0.3114,0.3208,0.2945,0.2965,3,3,0.3123,0.3234,0.3279,0.3178
2026-07-03,824173,0.3578,0.3498,0.1886,0.1761,0.3615,0.3340,0.3185,0.3113,3,3,0.3541,0.3031,0.2830,0.3185
2026-07-03,824336,0.3219,0.3081,0.2453,0.2391,0.3305,0.3148,0.3182,0.3044,3,3,0.2993,0.3261,0.3201,0.3030
2026-07-03,824417,0.3400,0.3171,0.2047,0.2028,0.3368,0.3291,0.3193,0.2976,3,3,0.3500,0.3136,0.3234,0.3079
2026-07-03,824498,0.3335,0.3303,0.2073,0.2402,0.3383,0.3113,0.3314,0.3222,3,3,0.3348,0.3319,0.3458,0.3012
2026-07-03,824659,0.3199,0.3304,0.2390,0.2063,0.3234,0.3143,0.3081,0.3051,3,3,0.3405,0.3175,0.3000,0.3290
2026-07-03,824904,0.3499,0.3368,0.1868,0.1936,0.3420,0.3380,0.3188,0.3233,3,3,0.2907,0.3559,0.3429,0.3170
2026-07-03,824982,0.3165,0.3249,0.1720,0.2517,0.3090,0.3118,0.3066,0.3169,3,3,0.3100,0.3751,0.3028,0.3020
2026-07-03,825062,0.3249,0.3521,0.2325,0.1704,0.3072,0.3437,0.3167,0.3057,3,3,0.3248,0.3781,0.3394,0.3278
2026-07-04,822716,0.3316,0.3360,0.2491,0.2470,0.3305,0.3524,0.3305,0.2845,3,3,0.3077,0.3797,0.3051,0.3224
2026-07-04,822882,0.3469,0.3232,0.2113,0.2103,0.3348,0.3397,0.3409,0.3129,3,3,0.3551,0.3409,0.3327,0.3276
2026-07-04,823118,0.3098,0.3304,0.2078,0.2428,0.3171,0.3072,0.2935,0.3397,3,3,0.3063,0.3054,0.2865,0.3342
2026-07-04,823526,0.3294,0.3418,0.2227,0.1949,0.3421,0.3303,0.3195,0.3317,3,3,0.3138,0.3277,0.3168,0.2973
2026-07-04,823932,0.3391,0.3373,0.2018,0.1917,0.3349,0.3247,0.2860,0.3183,3,3,0.3620,0.3203,0.3232,0.3468
2026-07-04,824012,0.3099,0.3137,0.2207,0.2294,0.3130,0.3189,0.3299,0.3001,3,3,0.3097,0.3241,0.3297,0.3055
2026-07-04,824092,0.3557,0.3322,0.2325,0.2238,0.3516,0.3337,0.3101,0.2911,3,3,0.3064,0.3148,0.3200,0.3265
2026-07-04,824171,0.3318,0.3501,0.2109,0.1764,0.3459,0.3343,0.2876,0.2850,3,3,0.3664,0.3020,0.3126,0.3088
2026-07-04,824334,0.3240,0.3156,0.1687,0.2511,0.3273,0.3037,0.3062,0.3146,3,3,0.3260,0.3092,0.3338,0.3181
2026-07-04,824415,0.3208,0.3132,0.2152,0.2157,0.3392,0.3197,0.2918,0.3170,3,3,0.3478,0.3123,0.3229,0.3003
2026-07-04,824499,0.3334,0.3341,0.2074,0.2387,0.3387,0.3069,0.2914,0.3186,3,3,0.3354,0.3320,0.3464,0.3139
2026-07-04,824658,0.3396,0.3335,0.2077,0.2126,0.3334,0.3042,0.3028,0.3412,3,3,0.3412,0.3278,0.3239,0.3405
2026-07-04,824903,0.3159,0.3181,0.2344,0.1609,0.3267,0.3458,0.2792,0.3094,3,3,0.3507,0.2980,0.3233,0.3367
2026-07-04,824983,0.3273,0.3234,0.1907,0.2848,0.3178,0.3109,0.3250,0.3207,3,3,0.3106,0.3772,0.3201,0.3099
2026-07-04,825063,0.3247,0.3517,0.2321,0.1706,0.3072,0.3429,0.3488,0.2748,3,3,0.3284,0.3782,0.3352,0.3103
2026-07-05,822715,0.3305,0.3467,0.2498,0.2244,0.3308,0.3460,0.3120,0.3165,3,3,0.3059,0.3816,0.3042,0.3221
2026-07-05,822879,0.3401,0.3344,0.1916,0.2309,0.3327,0.3425,0.3208,0.2952,3,3,0.3543,0.3404,0.3332,0.2907
2026-07-05,823117,0.3354,0.3311,0.1968,0.2424,0.3264,0.3305,0.3271,0.3009,3,3,0.3049,0.3211,0.3160,0.3259
2026-07-05,823525,0.3138,0.3412,0.2152,0.2253,0.3332,0.3267,0.3198,0.3008,3,3,0.3138,0.3513,0.3176,0.3115
2026-07-05,823931,0.3324,0.3699,0.1890,0.2100,0.3290,0.3562,0.2968,0.3158,3,3,0.3618,0.4179,0.2987,0.3347
2026-07-05,824010,0.3111,0.3132,0.2184,0.2350,0.3162,0.3088,0.3154,0.2880,3,3,0.3120,0.3231,0.3385,0.3117
2026-07-05,824091,0.3558,0.3457,0.2324,0.2320,0.3517,0.3342,0.3113,0.3198,3,3,0.3066,0.3122,0.3208,0.3025
2026-07-05,824172,0.3569,0.3513,0.1904,0.1755,0.3635,0.3364,0.3115,0.3254,3,3,0.3538,0.3031,0.2926,0.2970
2026-07-05,824333,0.3244,0.3181,0.1683,0.2243,0.3279,0.3217,0.3365,0.3058,3,3,0.3073,0.3076,0.3226,0.3153
2026-07-05,824413,0.3401,0.3106,0.2060,0.2116,0.3391,0.3260,0.3116,0.3159,3,3,0.3476,0.3089,0.3232,0.2956
2026-07-05,824497,0.3327,0.3337,0.2076,0.2374,0.3380,0.3069,0.3127,0.3055,3,3,0.3348,0.3321,0.3482,0.3097
2026-07-05,824656,0.3504,0.3314,0.1669,0.2180,0.3284,0.3104,0.3334,0.3344,3,3,0.3440,0.3292,0.3274,0.3330
2026-07-05,824902,0.3698,0.3372,0.1761,0.1933,0.3513,0.3379,0.3319,0.3095,3,3,0.3512,0.3555,0.3230,0.3180
2026-07-05,824980,0.3241,0.3223,0.1736,0.2813,0.3065,0.3096,0.3037,0.3116,3,3,0.3287,0.3089,0.2974,0.3181
2026-07-05,825061,0.3254,0.3512,0.2322,0.1709,0.3069,0.3425,0.3336,0.3168,3,3,0.3282,0.3780,0.3144,0.3321
2026-07-06,822712,0.3511,0.3467,0.1755,0.2230,0.3351,0.3451,0.3310,0.3289,3,3,0.3032,0.3816,0.3161,0.3173
2026-07-06,822958,0.3483,0.3563,0.2158,0.1909,0.3267,0.3618,0.3152,0.2934,3,3,0.3502,0.3525,0.3157,0.2836
2026-07-06,823036,0.3252,0.3412,0.2315,0.2078,0.3061,0.3340,0.3228,0.2988,3,3,0.3247,0.3444,0.3400,0.3128
2026-07-06,823205,0.3209,0.3242,0.1359,0.1685,0.3146,0.3283,0.2981,0.3096,3,3,0.2843,0.3264,0.3104,0.3344
2026-07-06,823282,0.2966,0.3117,0.2143,0.2278,0.3037,0.3226,0.3307,0.3248,3,3,0.2447,0.2819,0.3270,0.3181
2026-07-06,823930,0.3165,0.3699,0.2676,0.2099,0.3059,0.3563,0.3204,0.3256,3,3,0.3076,0.4178,0.3223,0.3467
2026-07-06,824089,0.2789,0.2884,0.2069,0.2340,0.3221,0.3134,0.3271,0.2633,3,3,0.2714,0.2610,0.3212,0.3235
2026-07-06,824900,0.3636,0.3304,0.1938,0.1941,0.3442,0.3165,0.3244,0.3057,3,3,0.3308,0.3370,0.3424,0.2948
2026-07-07,822713,0.3448,0.3373,0.1751,0.2477,0.3359,0.3545,0.3098,0.3132,3,3,0.2858,0.3839,0.3197,0.3179
2026-07-07,822881,0.3146,0.3074,0.2279,0.2278,0.3235,0.3235,0.2923,0.3101,3,3,0.3238,0.2967,0.3050,0.3142
2026-07-07,822956,0.3480,0.3551,0.2171,0.1920,0.3257,0.3604,0.2984,0.3126,3,3,0.3498,0.3516,0.3104,0.2769
2026-07-07,823035,0.3258,0.2991,0.2378,0.2657,0.3083,0.3283,0.3257,0.3002,2,3,0.3244,0.2717,0.3346,0.3246
2026-07-07,823203,0.3208,0.3249,0.1356,0.1694,0.3141,0.3296,0.2959,0.2944,3,3,0.2849,0.3302,0.3229,0.3350
2026-07-07,823280,0.3514,0.3359,0.1706,0.2017,0.3444,0.3234,0.3623,0.3319,3,3,0.3784,0.3603,0.3264,0.3325
2026-07-07,823361,0.3281,0.3091,0.2202,0.2160,0.3121,0.3271,0.2709,0.3104,3,2,0.3366,0.2799,0.3091,0.3053
2026-07-07,823607,0.3314,0.3631,0.2252,0.1957,0.3327,0.3426,0.3270,0.3326,3,3,0.3100,0.3276,0.3372,0.3441
2026-07-07,823687,0.3066,0.3113,0.2136,0.1851,0.3142,0.3002,0.3124,0.3026,3,3,0.3073,0.3158,0.2961,0.3164
2026-07-07,823847,0.3183,0.3277,0.2348,0.1893,0.3185,0.3184,0.3156,0.2899,3,3,0.3213,0.3097,0.3335,0.3257
2026-07-07,823929,0.3147,0.3698,0.2091,0.2096,0.3034,0.3562,0.3152,0.3383,3,3,0.3066,0.4197,0.3195,0.3388
2026-07-07,824254,0.3320,0.3290,0.2690,0.2272,0.3201,0.3276,0.2754,0.3196,3,3,0.2827,0.3554,0.2913,0.3423
2026-07-07,824495,0.3552,0.3330,0.2334,0.2371,0.3511,0.3058,0.2997,0.2758,3,3,0.3063,0.3309,0.3205,0.3133
2026-07-07,824579,0.3100,0.3324,0.2189,0.2276,0.3131,0.3206,0.3277,0.3049,3,3,0.3104,0.3486,0.3483,0.3178
2026-07-07,824820,0.3339,0.3325,0.2124,0.2070,0.3053,0.3383,0.3126,0.3079,3,3,0.3299,0.3362,0.3391,0.3299
2026-07-08,822710,0.3499,0.3488,0.1765,0.2230,0.3344,0.3481,0.3126,0.3268,3,3,0.3027,0.3852,0.3204,0.3214
2026-07-08,822880,0.3399,0.3077,0.2405,0.2276,0.3247,0.3242,0.3061,0.2969,3,3,0.3232,0.2978,0.3133,0.3039
2026-07-08,822957,0.3358,0.3550,0.2159,0.1918,0.3281,0.3603,0.3155,0.3065,3,3,0.3247,0.3516,0.3144,0.2825
2026-07-08,823032,0.3289,0.3250,0.2456,0.2136,0.3236,0.3400,0.3422,0.3049,3,3,0.3245,0.2956,0.3369,0.3188
2026-07-08,823202,0.3207,0.3245,0.1350,0.1689,0.3146,0.3280,0.3046,0.2819,3,3,0.2843,0.3294,0.3201,0.3342
2026-07-08,823279,0.3415,0.3359,0.1662,0.2016,0.3333,0.3244,0.3191,0.3204,3,3,0.3780,0.3605,0.3330,0.3231
2026-07-08,823360,0.3300,0.3228,0.1948,0.2226,0.3150,0.3294,0.3233,0.3318,3,3,0.3364,0.2810,0.3274,0.3378
2026-07-08,823605,0.3441,0.3643,0.2328,0.1941,0.3295,0.3417,0.3223,0.3124,3,3,0.3102,0.3320,0.3191,0.3448
2026-07-08,823684,0.3110,0.3089,0.1465,0.1960,0.3132,0.3181,0.3148,0.3286,3,3,0.3105,0.3156,0.3041,0.3175
2026-07-08,823848,0.3366,0.3165,0.2249,0.1415,0.3106,0.3057,0.3220,0.3023,3,3,0.3209,0.3097,0.3328,0.3345
2026-07-08,823928,0.3174,0.3676,0.2229,0.1991,0.3192,0.3669,0.3295,0.3247,3,3,0.3060,0.4197,0.3176,0.3493
2026-07-08,824253,0.3100,0.3138,0.2170,0.2091,0.3141,0.3195,0.2920,0.3204,3,3,0.2804,0.3082,0.3156,0.3335
2026-07-08,824496,0.3606,0.3325,0.2578,0.2378,0.3611,0.3055,0.2921,0.3134,3,3,0.3750,0.3314,0.3146,0.3087
2026-07-08,824578,0.3050,0.3412,0.2277,0.2278,0.3091,0.3272,0.3154,0.2971,3,3,0.2943,0.3478,0.3237,0.3188
2026-07-08,824815,0.3339,0.3323,0.2117,0.2071,0.3045,0.3375,0.3115,0.3384,3,3,0.3301,0.3338,0.3386,0.3468
2026-07-09,822877,0.3269,0.3153,0.2760,0.2066,0.3345,0.3188,0.2847,0.3049,3,3,0.3228,0.2728,0.3170,0.3204
2026-07-09,822954,0.3399,0.3431,0.2260,0.2081,0.3244,0.3537,0.2930,0.3079,3,3,0.3489,0.3164,0.3040,0.2962
2026-07-09,823034,0.3276,0.3486,0.2500,0.1672,0.3131,0.3257,0.3064,0.3024,3,3,0.3350,0.3428,0.3390,0.3298
2026-07-09,823201,0.3164,0.3247,0.2023,0.1692,0.3106,0.3282,0.3329,0.3182,3,3,0.3056,0.3288,0.3174,0.3337
2026-07-09,823277,0.3506,0.3357,0.1701,0.2013,0.3440,0.3226,0.3408,0.3380,3,3,0.3775,0.3604,0.3326,0.3319
2026-07-09,823359,0.3293,0.3222,0.1959,0.2230,0.3135,0.3289,0.3555,0.3134,3,3,0.3355,0.2800,0.3267,0.3341
2026-07-09,823606,0.3394,0.3662,0.2061,0.1939,0.3333,0.3480,0.3167,0.3109,3,3,0.3072,0.3380,0.2945,0.3302
2026-07-09,823683,0.3103,0.3143,0.1832,0.2010,0.3197,0.3164,0.3094,0.3156,3,3,0.3063,0.3290,0.2960,0.3176
2026-07-09,823846,0.3360,0.3168,0.2247,0.1412,0.3104,0.3057,0.3227,0.3069,3,3,0.3212,0.3097,0.3328,0.3440
2026-07-09,824251,0.3427,0.3280,0.2345,0.2099,0.3276,0.3200,0.3053,0.3145,3,3,0.3167,0.3553,0.2912,0.3160
2026-07-09,824494,0.3551,0.3333,0.2336,0.2362,0.3491,0.3070,0.3314,0.2882,3,3,0.3069,0.3331,0.3206,0.3083
2026-07-09,824577,0.3129,0.3185,0.2184,0.1955,0.3175,0.3343,0.3325,0.3196,3,3,0.3192,0.2902,0.3149,0.3145
2026-07-09,824816,0.3229,0.3329,0.2093,0.2064,0.3075,0.3385,0.3121,0.3282,3,3,0.3308,0.3278,0.3350,0.3415
2026-07-10,822709,0.3380,0.3411,0.2224,0.2414,0.3194,0.3448,0.3258,0.3195,3,3,0.2934,0.3854,0.3246,0.3071
2026-07-10,822878,0.3577,0.3120,0.1737,0.2249,0.3449,0.3079,0.3420,0.2848,3,3,0.3278,0.2846,0.3109,0.3322
2026-07-10,822955,0.3369,0.3555,0.2240,0.1914,0.3107,0.3603,0.3122,0.3073,3,3,0.3206,0.3508,0.3320,0.2781
2026-07-10,823033,0.3294,0.3416,0.1959,0.2069,0.3146,0.3397,0.3528,0.2819,3,3,0.3351,0.3441,0.3267,0.3408
2026-07-10,823200,0.3168,0.3122,0.2049,0.1892,0.3097,0.3258,0.3107,0.3383,3,3,0.3051,0.2885,0.3214,0.3338
2026-07-10,823278,0.3275,0.3349,0.1803,0.2024,0.3194,0.3217,0.3263,0.3450,3,3,0.2840,0.3598,0.3377,0.3323
2026-07-10,823357,0.3244,0.3231,0.2312,0.2225,0.3073,0.3302,0.2949,0.3170,3,3,0.3245,0.2832,0.3355,0.3369
2026-07-10,823604,0.3126,0.3724,0.2180,0.1987,0.3162,0.3496,0.2991,0.3056,3,3,0.3177,0.3366,0.3232,0.3314
2026-07-10,823685,0.3133,0.3288,0.2292,0.2092,0.3225,0.3413,0.3176,0.3251,3,3,0.3239,0.3280,0.3040,0.3176
2026-07-10,823845,0.3096,0.3286,0.1826,0.1769,0.3171,0.3161,0.3284,0.2921,3,3,0.3055,0.3302,0.3071,0.3128
2026-07-10,823927,0.3502,0.3477,0.1703,0.2088,0.3431,0.3395,0.3045,0.3305,3,3,0.3767,0.4184,0.3264,0.3009
2026-07-10,824252,0.3548,0.3319,0.2342,0.1950,0.3485,0.3107,0.3124,0.3168,3,3,0.3075,0.3540,0.3207,0.3139
2026-07-10,824493,0.3345,0.3284,0.2109,0.2397,0.3051,0.3078,0.2955,0.3052,3,3,0.3309,0.3321,0.3389,0.3137
2026-07-10,824575,0.3070,0.3330,0.2387,0.2074,0.3256,0.3350,0.3132,0.3064,3,3,0.3104,0.3459,0.2772,0.3190
2026-07-10,824817,0.3439,0.3336,0.2339,0.2059,0.3279,0.3395,0.3187,0.3098,3,3,0.3099,0.3344,0.3037,0.3457
2026-07-11,822711,0.3159,0.3501,0.2546,0.2223,0.3182,0.3473,0.3208,0.2911,3,3,0.3169,0.3865,0.3241,0.3229
2026-07-11,822875,0.3051,0.3251,0.2144,0.2046,0.3258,0.3481,0.3037,0.3085,3,3,0.3273,0.3408,0.3194,0.3129
2026-07-11,822953,0.3370,0.3556,0.2232,0.1910,0.3103,0.3602,0.3126,0.2909,3,3,0.3219,0.3502,0.3317,0.2998
2026-07-11,823030,0.3291,0.3489,0.1964,0.1668,0.3132,0.3258,0.3268,0.3230,3,3,0.3358,0.3456,0.3260,0.3294
2026-07-11,823198,0.3141,0.3259,0.2367,0.1692,0.3062,0.3292,0.3039,0.3408,3,3,0.3051,0.3284,0.3193,0.3341
2026-07-11,823276,0.3168,0.3349,0.1392,0.2021,0.3167,0.3248,0.3299,0.2916,3,3,0.2835,0.3592,0.3343,0.3128
2026-07-11,823356,0.3244,0.3332,0.2312,0.2274,0.3072,0.3140,0.3182,0.3010,3,3,0.3245,0.3135,0.3376,0.3107
2026-07-11,823603,0.3139,0.3716,0.2175,0.1975,0.3152,0.3473,0.3014,0.3117,3,3,0.3194,0.3361,0.3067,0.3306
2026-07-11,823682,0.3268,0.3114,0.2763,0.1852,0.3350,0.2991,0.2722,0.3187,3,3,0.3242,0.3166,0.3173,0.3148
2026-07-11,823844,0.3094,0.3263,0.1837,0.1895,0.3159,0.3172,0.3033,0.3146,3,3,0.3023,0.3084,0.2971,0.3291
2026-07-11,823926,0.3497,0.3029,0.1705,0.2252,0.3439,0.3046,0.2835,0.3220,3,3,0.3754,0.3004,0.3320,0.3316
2026-07-11,824249,0.3544,0.3386,0.2333,0.1911,0.3481,0.3306,0.2963,0.2822,3,3,0.3076,0.3067,0.3206,0.3340
2026-07-11,824492,0.3309,0.3336,0.2186,0.2365,0.3075,0.3061,0.3137,0.3315,3,3,0.3296,0.3324,0.3343,0.3156
2026-07-11,824576,0.3246,0.3499,0.1806,0.2309,0.3126,0.3300,0.3012,0.3115,3,3,0.2941,0.3430,0.2968,0.3100
2026-07-11,824813,0.3428,0.3338,0.2336,0.2054,0.3261,0.3400,0.3025,0.3227,3,3,0.3076,0.3343,0.3177,0.3471
2026-07-12,822708,0.3133,0.3376,0.2312,0.2478,0.3203,0.3562,0.3122,0.3143,3,3,0.3514,0.3861,0.3210,0.3169
2026-07-12,822876,0.3586,0.3242,0.1723,0.2346,0.3476,0.3151,0.3145,0.3221,3,3,0.3278,0.3210,0.3102,0.3319
2026-07-12,822951,0.3312,0.3568,0.2429,0.1909,0.3311,0.3615,0.3041,0.3258,3,3,0.3212,0.3520,0.3112,0.2775
2026-07-12,823029,0.3357,0.3409,0.1948,0.2058,0.3391,0.3382,0.3264,0.3135,3,3,0.3566,0.3440,0.3158,0.3419
2026-07-12,823199,0.3140,0.3261,0.2372,0.1692,0.3056,0.3279,0.3164,0.3317,3,3,0.3039,0.3283,0.3202,0.3335
2026-07-12,823274,0.3168,0.3358,0.1394,0.2017,0.3157,0.3268,0.3286,0.3111,3,3,0.2839,0.3591,0.3105,0.3085
2026-07-12,823358,0.3232,0.2975,0.2165,0.2183,0.3040,0.3248,0.2702,0.3051,3,3,0.3217,0.2836,0.3404,0.3086
2026-07-12,823602,0.3129,0.3703,0.2178,0.1971,0.3122,0.3455,0.3191,0.3022,3,3,0.3163,0.3325,0.3043,0.3276
2026-07-12,823681,0.3421,0.3273,0.2328,0.1912,0.3377,0.3248,0.3069,0.3101,3,3,0.3238,0.3177,0.3164,0.3154
2026-07-12,823842,0.3088,0.3274,0.1843,0.1711,0.3199,0.3109,0.3238,0.3078,3,3,0.3000,0.3285,0.2993,0.2958
2026-07-12,823925,0.3490,0.3698,0.1706,0.2097,0.3429,0.3607,0.3081,0.3149,3,3,0.3740,0.4186,0.2945,0.3284
2026-07-12,824250,0.3542,0.3446,0.2331,0.1952,0.3482,0.3223,0.2776,0.2730,3,3,0.3077,0.3527,0.3135,0.3334
2026-07-12,824491,0.3308,0.3292,0.2185,0.2383,0.3067,0.3082,0.3098,0.3130,3,3,0.3294,0.3331,0.3352,0.3149
2026-07-12,824574,0.2982,0.3507,0.1842,0.2170,0.3095,0.3340,0.3347,0.3195,3,3,0.2948,0.3463,0.3073,0.3226
2026-07-12,824814,0.3422,0.3277,0.2340,0.2313,0.3244,0.3375,0.3130,0.3337,3,3,0.3067,0.3344,0.3174,0.3475
2026-07-16,823440,0.3192,0.3540,0.2106,0.2335,0.3253,0.3478,0.3018,0.3202,3,3,0.3300,0.3079,0.3434,0.3195
2026-07-17,822789,0.3289,0.2982,0.2217,0.2202,0.3329,0.3114,0.3041,0.3318,3,3,0.3480,0.2836,0.3344,0.3098
2026-07-17,823115,0.3351,0.3365,0.1699,0.2235,0.3212,0.3100,0.3065,0.3067,3,3,0.3080,0.3216,0.3400,0.3327
2026-07-17,823524,0.3702,0.3357,0.2096,0.2225,0.3616,0.3263,0.2991,0.3275,3,3,0.4200,0.3512,0.3474,0.3168
2026-07-17,823766,0.3156,0.3241,0.1409,0.2317,0.3051,0.3056,0.3033,0.3169,3,3,0.3094,0.3236,0.3415,0.3411
2026-07-17,824009,0.3065,0.3419,0.2354,0.2328,0.3165,0.3363,0.3071,0.2896,3,3,0.3073,0.3232,0.3328,0.3091
2026-07-17,824090,0.3351,0.3213,0.2026,0.2229,0.3250,0.3235,0.3243,0.3155,3,3,0.3579,0.3058,0.3130,0.3174
2026-07-17,824170,0.3337,0.3383,0.2051,0.1912,0.3388,0.3473,0.3050,0.3094,3,3,0.3341,0.3274,0.3478,0.3100
2026-07-17,824332,0.3123,0.3155,0.2566,0.2280,0.2893,0.3171,0.3047,0.3316,3,3,0.3324,0.3050,0.3097,0.3186
2026-07-17,824414,0.3231,0.3113,0.2222,0.1833,0.3292,0.3210,0.3112,0.3158,3,3,0.2840,0.3004,0.3040,0.3074
2026-07-17,824655,0.3312,0.3397,0.1967,0.2460,0.3237,0.3107,0.3401,0.3098,3,3,0.3293,0.3300,0.3145,0.3290
2026-07-17,824737,0.3567,0.3122,0.1911,0.2162,0.3610,0.3116,0.3045,0.3190,3,3,0.3521,0.3145,0.2909,0.3467
2026-07-17,824901,0.3099,0.3029,0.2165,0.2691,0.3277,0.3431,0.2811,0.3363,3,2,0.3203,0.3139,0.3215,0.3150
2026-07-17,824981,0.3384,0.2909,0.2472,0.2348,0.3582,0.3326,0.3103,0.3143,3,3,0.3877,0.3264,0.3095,0.3253
2026-07-17,825060,0.3472,0.3485,0.1670,0.1715,0.3255,0.3415,0.3500,0.3585,3,3,0.3415,0.3735,0.3311,0.3323
2026-07-18,822790,0.3495,0.3207,0.2172,0.1353,0.3362,0.3137,0.3394,0.3187,3,3,0.3464,0.2839,0.3232,0.3345
2026-07-18,823116,0.3350,0.3401,0.1705,0.2150,0.3187,0.3308,0.2919,0.3080,3,3,0.3076,0.3217,0.3186,0.3281
2026-07-18,823441,0.3699,0.3537,0.1736,0.2336,0.3473,0.3469,0.2858,0.3037,3,3,0.3493,0.3081,0.3285,0.3001
2026-07-18,823523,0.3695,0.3440,0.2104,0.2233,0.3605,0.3230,0.3181,0.3080,3,3,0.4199,0.3516,0.3482,0.3158
2026-07-18,823763,0.3365,0.3287,0.2288,0.2490,0.3247,0.3245,0.2978,0.3112,3,3,0.3278,0.3234,0.2949,0.3360
2026-07-18,824008,0.3432,0.3414,0.1965,0.2404,0.3217,0.3261,0.3259,0.2723,3,3,0.3503,0.3230,0.3122,0.3230
2026-07-18,824088,0.3357,0.3412,0.2019,0.2342,0.3264,0.3218,0.3168,0.3310,3,3,0.3593,0.3057,0.3318,0.3192
2026-07-18,824169,0.3338,0.3344,0.2049,0.1894,0.3386,0.3457,0.3337,0.3137,3,3,0.3297,0.2534,0.3465,0.3076
2026-07-18,824331,0.3339,0.2970,0.2352,0.2410,0.3063,0.3072,0.3675,0.3351,3,3,0.3339,0.3049,0.3103,0.3107
2026-07-18,824412,0.3157,0.3113,0.1969,0.1833,0.3142,0.3210,0.3406,0.3080,3,3,0.2840,0.3004,0.3418,0.2879
2026-07-18,824657,0.3132,0.3395,0.2068,0.2460,0.3213,0.3131,0.3102,0.3101,3,3,0.2767,0.3295,0.3073,0.3289
2026-07-18,824738,0.3039,0.3153,0.2081,0.2137,0.3234,0.3125,0.3186,0.3070,3,3,0.2769,0.3213,0.3217,0.3457
2026-07-18,824899,0.3240,0.3383,0.2322,0.1939,0.3150,0.3382,0.3039,0.3192,3,3,0.3189,0.3625,0.3309,0.3147
2026-07-18,824979,0.3456,0.3254,0.2381,0.1818,0.3433,0.3132,0.3443,0.3317,3,3,0.3866,0.2955,0.3041,0.3210
2026-07-18,825059,0.3478,0.3485,0.1665,0.1718,0.3259,0.3406,0.3301,0.3242,3,3,0.3443,0.3723,0.3304,0.3331
2026-07-19,822786,0.3487,0.3206,0.2179,0.1357,0.3364,0.3126,0.3011,0.3157,3,3,0.3450,0.2841,0.3226,0.3112
2026-07-19,823113,0.3349,0.3278,0.1693,0.2031,0.3186,0.3431,0.2908,0.3095,3,3,0.3076,0.3220,0.3378,0.3355
2026-07-19,823439,0.3618,0.3542,0.1968,0.2329,0.3420,0.3477,0.3141,0.3010,3,3,0.3272,0.3095,0.3407,0.3184
2026-07-19,823521,0.3425,0.3497,0.2460,0.2179,0.3466,0.3236,0.3118,0.3058,3,3,0.4199,0.3516,0.3454,0.3168
2026-07-19,823764,0.3294,0.3240,0.2279,0.2325,0.3168,0.3050,0.3069,0.3038,3,3,0.3097,0.3243,0.2922,0.3359
2026-07-19,824007,0.3373,0.3417,0.1931,0.2334,0.3317,0.3368,0.3219,0.3069,3,3,0.3492,0.3220,0.3334,0.2988
2026-07-19,824086,0.3026,0.3135,0.2079,0.1953,0.3058,0.3298,0.3247,0.3491,2,3,0.2738,0.2984,0.3231,0.3125
2026-07-19,824168,0.3267,0.3500,0.2331,0.1760,0.3375,0.3373,0.2932,0.3080,3,3,0.3321,0.3006,0.3233,0.3177
2026-07-19,824330,0.3219,0.3131,0.2358,0.2368,0.3102,0.3050,0.3314,0.2936,3,3,0.3343,0.3042,0.3172,0.3129
2026-07-19,824411,0.3089,0.3183,0.2109,0.1601,0.3137,0.3157,0.2946,0.2769,3,3,0.2813,0.3135,0.3366,0.3032
2026-07-19,824653,0.3038,0.3318,0.2257,0.2415,0.3130,0.3142,0.3065,0.3334,3,3,0.3156,0.3144,0.2960,0.3166
2026-07-19,824739,0.3565,0.3194,0.1907,0.2347,0.3612,0.3149,0.2995,0.3104,3,3,0.3521,0.3310,0.2772,0.3314
2026-07-19,824897,0.3239,0.3377,0.2318,0.1938,0.3143,0.3384,0.3091,0.3166,3,3,0.3189,0.3631,0.3307,0.3149
2026-07-19,824978,0.3499,0.3261,0.2241,0.1816,0.3489,0.3150,0.3039,0.3077,3,3,0.3854,0.2967,0.3167,0.3016
2026-07-19,825057,0.3134,0.3149,0.2319,0.1826,0.3278,0.3330,0.3315,0.3115,3,3,0.3428,0.3734,0.3184,0.3332
2026-07-20,822788,0.3557,0.3202,0.1915,0.1354,0.3613,0.3114,0.2811,0.3124,3,3,0.3510,0.2838,0.2770,0.3327
2026-07-20,822874,0.3481,0.3172,0.2189,0.2304,0.3343,0.3126,0.2938,0.3075,3,3,0.3436,0.2972,0.3121,0.3269
2026-07-20,823112,0.3339,0.3289,0.2346,0.2421,0.3069,0.3041,0.3039,0.3098,3,3,0.3351,0.3315,0.2963,0.3319
2026-07-20,823436,0.3556,0.3536,0.2117,0.2341,0.3462,0.3473,0.2821,0.3034,3,3,0.4189,0.3093,0.3166,0.3187
2026-07-20,823522,0.3321,0.3501,0.2298,0.2180,0.3137,0.3228,0.3168,0.2969,3,3,0.3120,0.3516,0.3366,0.3215
2026-07-20,823762,0.3606,0.3240,0.1970,0.2329,0.3416,0.3045,0.2601,0.3016,3,3,0.3234,0.3238,0.3348,0.3359
2026-07-20,824006,0.3466,0.3252,0.1658,0.2772,0.3237,0.3331,0.3156,0.3142,3,3,0.3408,0.3222,0.3300,0.3120
2026-07-20,824087,0.3355,0.3156,0.1704,0.2269,0.3233,0.3310,0.3115,0.3140,3,3,0.3073,0.3037,0.3368,0.3197
2026-07-20,824167,0.3294,0.3598,0.2280,0.1710,0.3149,0.3501,0.3129,0.3090,3,3,0.3370,0.3305,0.3205,0.2852
2026-07-20,824328,0.3444,0.3155,0.2289,0.2040,0.3488,0.3045,0.3285,0.3101,3,3,0.3847,0.3039,0.3187,0.3219
2026-07-20,824410,0.3226,0.3159,0.2079,0.2192,0.3296,0.3210,0.3139,0.2987,3,3,0.3293,0.3102,0.2855,0.2987
2026-07-20,824654,0.3149,0.3396,0.1993,0.2469,0.3192,0.3139,0.3159,0.3117,3,3,0.3508,0.3276,0.3492,0.3286
2026-07-20,824736,0.3462,0.3146,0.2320,0.2155,0.3486,0.3103,0.2914,0.3104,3,3,0.3383,0.3163,0.3218,0.3427
2026-07-20,824898,0.3441,0.3387,0.2091,0.1936,0.3249,0.3380,0.3187,0.3140,3,3,0.3619,0.3654,0.3100,0.3275
2026-07-20,825058,0.3262,0.3302,0.1817,0.1802,0.3161,0.3339,0.3178,0.3238,3,3,0.2975,0.3722,0.3114,0.3237
2026-07-21,822787,0.3553,0.3197,0.1909,0.1350,0.3607,0.3121,0.3112,0.2893,3,3,0.3499,0.3026,0.2809,0.3013
2026-07-21,822871,0.3485,0.2942,0.2178,0.2209,0.3364,0.3142,0.3377,0.3355,3,3,0.3431,0.2945,0.3064,0.3070
2026-07-21,823114,0.3311,0.3345,0.2446,0.2167,0.3024,0.3079,0.3074,0.2903,3,3,0.3350,0.3187,0.3044,0.3311
2026-07-21,823437,0.3688,0.3537,0.2113,0.2347,0.3575,0.3478,0.2720,0.3111,3,3,0.4180,0.3096,0.3489,0.2951
2026-07-21,823519,0.3184,0.3497,0.2318,0.2182,0.3079,0.3231,0.3255,0.3154,3,3,0.3111,0.3508,0.3392,0.3225
2026-07-21,823760,0.3597,0.3287,0.1992,0.2066,0.3397,0.3011,0.3193,0.3110,3,3,0.3212,0.3203,0.3410,0.3331
2026-07-21,824005,0.3459,0.3413,0.1680,0.2337,0.3230,0.3357,0.2991,0.3323,3,3,0.3398,0.3216,0.3314,0.3186
2026-07-21,824085,0.3411,0.3089,0.2357,0.2452,0.3332,0.3173,0.3188,0.3047,3,3,0.3272,0.3030,0.3325,0.3297
2026-07-21,824165,0.3355,0.3609,0.2311,0.1710,0.3217,0.3505,0.3148,0.3208,3,3,0.3281,0.3303,0.3092,0.2852
2026-07-21,824329,0.3407,0.3166,0.2078,0.2244,0.3420,0.3171,0.3424,0.3274,3,3,0.3840,0.3054,0.3244,0.3121
2026-07-21,824409,0.3361,0.3152,0.2162,0.1455,0.3405,0.3108,0.2918,0.3132,3,3,0.3284,0.3129,0.3177,0.2952
2026-07-21,824652,0.3026,0.3272,0.2189,0.2133,0.3117,0.3188,0.3119,0.3139,3,3,0.2928,0.3178,0.3054,0.3345
2026-07-21,824735,0.3456,0.3151,0.2321,0.1926,0.3478,0.3075,0.3096,0.3016,3,3,0.3376,0.3189,0.3213,0.3316
2026-07-21,824895,0.3384,0.3380,0.2017,0.1941,0.3369,0.3368,0.3116,0.3337,3,3,0.3617,0.3638,0.3268,0.3281
2026-07-21,825056,0.3258,0.3487,0.1817,0.1716,0.3158,0.3407,,0.3066,3,3,0.2975,0.3731,0.3027,0.3321
2026-07-22,822784,0.3555,0.3193,0.1905,0.1347,0.3611,0.3125,0.3016,0.3053,3,3,0.3508,0.2846,0.2768,0.3236
2026-07-22,822873,0.3355,0.3222,0.2504,0.2445,0.3256,0.3129,0.3164,0.3528,3,3,0.3033,0.3330,0.3178,0.3139
2026-07-22,823110,0.3322,0.3379,0.2352,0.2086,0.3068,0.3245,0.3342,0.3292,3,3,0.3354,0.3175,0.3170,0.3283
2026-07-22,823438,0.3681,0.3533,0.2117,0.2350,0.3565,0.3478,0.3157,0.3172,3,3,0.4172,0.3097,0.3483,0.3118
2026-07-22,823518,0.3215,0.3141,0.2247,0.2205,0.3275,0.3207,0.2924,0.3180,3,3,0.2813,0.3508,0.3404,0.3155
2026-07-22,823761,0.3345,0.3237,0.2028,0.2322,0.3283,0.3051,0.2998,0.3142,3,3,0.3211,0.3232,0.3249,0.3354
2026-07-22,824004,0.3373,0.3416,0.2067,0.2333,0.3344,0.3368,0.2968,0.3170,3,3,0.3392,0.3218,0.3189,0.3118
2026-07-22,824083,0.3291,0.3142,0.1843,0.2240,0.3248,0.3215,0.3344,0.3069,3,3,0.3067,0.3041,0.3437,0.3143
2026-07-22,824166,0.3352,0.3101,0.2310,0.2113,0.3202,0.3311,0.3035,0.3046,3,3,0.3281,0.3305,0.3087,0.3192
2026-07-22,824327,0.3149,0.3147,0.2036,0.2360,0.3166,0.3073,0.3107,0.3124,3,3,0.2974,0.3055,0.3191,0.3221
2026-07-22,824408,0.3069,0.3329,0.1983,0.1300,0.3127,0.3282,0.3296,0.3063,3,3,0.3142,0.3134,0.3174,0.3005
2026-07-22,824650,0.3384,0.3403,0.1914,0.2470,0.3336,0.3172,0.3289,0.3184,3,3,0.3510,0.3299,0.3325,0.3289
2026-07-22,824732,0.3456,0.3134,0.2321,0.2148,0.3478,0.3090,0.3096,0.3016,3,3,0.3376,0.3137,0.3041,0.3430
2026-07-22,824896,0.3344,0.3375,0.1900,0.1943,0.3421,0.3366,0.3409,0.3193,3,3,0.3629,0.3642,0.3273,0.3281
2026-07-22,825055,0.2840,0.2874,0.2687,0.2231,0.3091,0.3170,0.3245,0.3059,3,3,0.2656,0.2883,0.3200,0.3342
2026-07-23,822785,0.3548,0.3147,0.1914,0.1452,0.3603,0.3174,0.3442,0.3176,3,3,0.3503,0.2892,0.3033,0.3390
2026-07-23,824247,0.3136,0.3274,0.2248,0.1940,0.3201,0.3261,0.3007,0.3237,3,3,0.3035,0.3500,0.3188,0.3498
2026-07-23,824406,0.3223,0.3331,0.2055,0.1291,0.3282,0.3287,0.3220,0.3128,3,3,0.2848,0.3144,0.3247,0.3011
2026-07-23,824893,0.3344,0.3381,0.1903,0.1939,0.3416,0.3382,0.2801,0.3016,3,3,0.3634,0.3653,0.3183,0.3130
2026-07-24,822707,0.3481,0.3380,0.1716,0.2551,0.3414,0.3408,0.3289,0.3370,3,3,0.3722,0.3844,0.3263,0.3195
2026-07-24,822872,0.3424,0.3201,0.2288,0.2315,0.3115,0.3334,0.3138,0.2972,3,3,0.3320,0.3422,0.3315,0.3190
2026-07-24,822952,0.3065,0.3544,0.2211,0.1920,0.3298,0.3620,0.3133,0.3055,3,3,0.2804,0.3497,0.2866,0.2811
2026-07-24,823031,0.3330,0.3403,0.2346,0.1952,0.3060,0.3251,0.3213,0.3374,3,3,0.3348,0.3391,0.3041,0.3376
2026-07-24,823196,0.3236,0.3281,0.2774,0.1845,0.3306,0.3242,0.3006,0.3282,3,3,0.3209,0.3062,0.3165,0.3436
2026-07-24,823352,0.3403,0.3137,0.2477,0.1999,0.3198,0.3094,0.3079,0.3138,3,3,0.3296,0.2818,0.3282,0.3393
2026-07-24,823434,0.3375,0.3527,0.2486,0.2359,0.3237,0.3473,0.2695,0.2918,3,3,0.3222,0.3096,0.3160,0.3190
2026-07-24,823601,0.3559,0.3234,0.2114,0.2118,0.3454,0.3204,0.3118,0.3264,3,3,0.4179,0.3218,0.3497,0.3403
2026-07-24,823680,0.3264,0.3309,0.1815,0.2128,0.3155,0.3414,0.3224,0.3076,3,3,0.2980,0.3131,0.2947,0.3161
2026-07-24,823759,0.3155,0.3237,0.2031,0.2319,0.3074,0.3047,0.2961,0.3677,3,3,0.3046,0.3237,0.3143,0.3345
2026-07-24,823843,0.3397,0.3356,0.2033,0.2318,0.3369,0.3205,0.3081,0.3410,3,3,0.3637,0.3279,0.3075,0.3094
2026-07-24,824248,0.3151,0.3402,0.2374,0.2057,0.3278,0.3333,0.2735,0.3073,3,3,0.3044,0.3261,0.3341,0.3327
2026-07-24,824573,0.3613,0.3467,0.1702,0.2190,0.3511,0.3348,0.3192,0.3322,3,3,0.3313,0.3398,0.2682,0.3340
2026-07-24,824733,0.3236,0.3129,0.1821,0.2146,0.3180,0.3092,0.3179,0.3013,3,3,0.2826,0.3141,0.3385,0.3488
2026-07-24,824812,0.3373,0.3375,0.1934,0.2329,0.3372,0.3483,0.3047,0.3246,3,3,0.3642,0.3125,0.3132,0.3331
2026-07-25,822704,0.3418,0.3491,0.1731,0.2245,0.3383,0.3461,0.3081,0.3230,3,3,0.3467,0.3835,0.3374,0.3198
2026-07-25,822869,0.3369,0.3101,0.2089,0.2229,0.3202,0.3371,0.3054,0.2782,3,3,0.3170,0.3417,0.3281,0.3191
2026-07-25,822948,0.3231,0.3539,0.1508,0.1924,0.3185,0.3609,0.3111,0.3046,3,3,0.3149,0.3489,0.2869,0.2776
2026-07-25,823027,0.3329,0.3400,0.2352,0.1958,0.3058,0.3244,0.3071,0.2917,3,3,0.3358,0.3402,0.3167,0.3181
2026-07-25,823197,0.2970,0.3158,0.2429,0.2242,0.3102,0.3276,0.3121,0.3177,3,3,0.2732,0.3126,0.3177,0.3209
2026-07-25,823355,0.3380,0.2943,0.2549,0.2109,0.3158,0.3044,0.2661,0.3031,2,3,0.3320,0.2816,0.3186,0.3041
2026-07-25,823435,0.3371,0.3521,0.2496,0.2366,0.3227,0.3461,0.3023,0.3173,3,3,0.3171,0.3094,0.3266,0.3128
2026-07-25,823600,0.3694,0.3330,0.2108,0.2042,0.3551,0.3249,0.2979,0.2809,3,3,0.4179,0.3191,0.3476,0.3196
2026-07-25,823679,0.3356,0.3280,0.2061,0.2257,0.3149,0.3392,0.3251,0.3197,3,3,0.2975,0.3142,0.3061,0.3164
2026-07-25,823758,0.3150,0.3254,0.2038,0.2312,0.3066,0.3075,0.3070,0.3317,3,3,0.3033,0.3260,0.3229,0.3382
2026-07-25,823841,0.3399,0.3355,0.2032,0.2328,0.3372,0.3185,0.3062,0.3522,3,3,0.3629,0.3270,0.3280,0.3089
2026-07-25,824244,0.3167,0.3384,0.2587,0.1816,0.3237,0.3233,0.2965,0.3115,3,3,0.3026,0.3259,0.3291,0.3506
2026-07-25,824571,0.3610,0.3468,0.1700,0.2323,0.3504,0.3292,0.3136,0.2890,3,3,0.3306,0.3396,0.2689,0.3036
2026-07-25,824734,0.3295,0.3134,0.1958,0.2138,0.3237,0.3100,0.2985,0.2892,3,3,0.3003,0.3165,0.3208,0.3438
2026-07-25,824811,0.3374,0.3380,0.1952,0.2336,0.3367,0.3485,0.3255,0.3172,3,3,0.3639,0.3135,0.3135,0.3227
2026-07-26,822706,0.3416,0.3404,0.1730,0.2340,0.3370,0.3425,0.3379,0.3185,3,3,0.3461,0.3823,0.3319,0.3149
2026-07-26,822870,0.3359,0.3207,0.2090,0.2302,0.3181,0.3337,0.2945,0.2936,3,3,0.3168,0.3426,0.3282,0.3307
2026-07-26,822950,0.3335,0.3358,0.1295,0.1859,0.3299,0.3555,0.2926,0.2910,3,3,0.3153,0.3488,0.2999,0.2819
2026-07-26,823028,0.3228,0.3368,0.2341,0.2070,0.3134,0.3333,0.3490,0.3083,3,3,0.3359,0.3406,0.3132,0.2888
2026-07-26,823194,0.3241,0.3284,0.2774,0.1846,0.3323,0.3272,0.3531,0.3165,3,3,0.3213,0.3068,0.3169,0.3451
2026-07-26,823354,0.3403,0.3205,0.2489,0.2253,0.3184,0.3242,0.3019,0.3353,3,3,0.3319,0.2810,0.3273,0.3391
2026-07-26,823433,0.3366,0.3520,0.2497,0.2363,0.3219,0.3463,0.2626,0.3257,3,3,0.3218,0.3095,0.2988,0.3190
2026-07-26,823599,0.3020,0.3320,0.2273,0.2046,0.2992,0.3239,0.2976,0.3040,3,3,0.2999,0.3164,0.3463,0.3215
2026-07-26,823678,0.3172,0.3312,0.2038,0.2124,0.3051,0.3420,0.3123,0.3266,3,3,0.2964,0.3142,0.3306,0.3122
2026-07-26,823755,0.2835,0.3277,0.2251,0.2081,0.3114,0.3159,0.2578,0.3393,3,3,0.3039,0.3194,0.3210,0.3094
2026-07-26,823840,0.3397,0.3350,0.2028,0.2325,0.3372,0.3195,0.3106,0.3303,3,3,0.3626,0.3269,0.3282,0.3080
2026-07-26,824246,0.3133,0.3376,0.2022,0.1817,0.3389,0.3221,0.3142,0.3125,3,3,0.3068,0.3251,0.3266,0.3520
2026-07-26,824572,0.2774,0.3349,0.1942,0.2513,0.3228,0.3249,0.3062,0.3022,3,3,0.2522,0.3031,0.3059,0.3100
2026-07-26,824730,0.3352,0.3172,0.1440,0.2365,0.3270,0.3125,0.2906,0.3133,3,3,0.2998,0.3293,0.3208,0.3307
2026-07-26,824810,0.3371,0.3383,0.1954,0.2337,0.3362,0.3503,0.3046,0.3280,3,3,0.3637,0.3143,0.3133,0.3158
2026-07-27,822705,0.3176,0.3492,0.1357,0.2308,0.3101,0.3587,0.3099,0.3325,3,3,0.2835,0.3850,0.3292,0.3217
2026-07-27,822868,0.3380,0.3209,0.2076,0.2290,0.3208,0.3341,0.3357,0.2996,3,3,0.3189,0.3428,0.3289,0.3197
2026-07-27,823025,0.3306,0.3366,0.2205,0.2076,0.3107,0.3318,,0.3291,3,3,0.3308,0.3391,0.3322,0.3247
2026-07-27,823195,0.3253,0.3277,0.2304,0.1857,0.3087,0.3261,0.3059,0.3213,3,3,0.3261,0.3067,0.3334,0.3253
2026-07-27,823353,0.3423,0.3203,0.1721,0.2256,0.3377,0.3242,0.3356,0.3640,3,3,0.3461,0.2799,0.3434,0.3155
2026-07-27,823597,0.3371,0.3320,0.2243,0.2036,0.3360,0.3240,0.3170,0.3332,3,3,0.2941,0.3174,0.3136,0.3169
2026-07-27,823839,0.3522,0.3239,0.2362,0.2245,0.3460,0.3066,0.3217,0.2416,3,3,0.3100,0.3263,0.3194,0.3083
2026-07-27,824001,0.3612,0.3414,0.1703,0.2321,0.3496,0.3375,0.2944,0.3150,3,3,0.3322,0.3206,0.3074,0.2966
2026-07-27,824245,0.3385,0.3480,0.2554,0.1878,0.3475,0.3411,0.3161,0.2965,3,3,0.3144,0.3492,0.3088,0.3337
2026-07-27,824490,0.3331,0.3336,0.1305,0.2349,0.3292,0.3072,0.2933,0.3312,3,3,0.3150,0.3375,0.2983,0.3071
2026-07-27,824570,0.3329,0.3495,0.2235,0.2166,0.3212,0.3384,0.3370,0.2884,3,3,0.3054,0.3419,0.2982,0.3075
2026-07-27,824977,0.3330,0.3071,0.1944,0.1712,0.3365,0.3032,0.3096,0.2879,3,3,0.3194,0.2963,0.3110,0.3031
2026-07-28,822703,0.3022,0.3468,0.2047,0.2291,0.3115,0.3431,0.3109,0.3315,3,3,0.2951,0.3850,0.3288,0.3056
2026-07-28,822949,0.3217,0.3533,0.2286,0.1931,0.3364,0.3591,0.3035,0.3393,3,3,0.3437,0.3484,0.3207,0.2771
2026-07-28,823026,0.3341,0.3138,0.2399,0.2149,0.3273,0.3125,0.3243,0.3305,3,3,0.3156,0.3110,0.3266,0.3371
2026-07-28,823193,0.3283,0.3271,0.2062,0.1859,0.3032,0.3248,0.2962,0.2983,3,3,0.3290,0.3059,0.3297,0.3332
2026-07-28,823275,0.3129,0.3398,0.2387,0.2028,0.3043,0.3356,0.3159,0.3336,3,3,0.3027,0.3618,0.3191,0.3289
2026-07-28,823350,0.3420,0.3203,0.1727,0.2259,0.3379,0.3229,0.3125,0.3337,3,3,0.3458,0.2797,0.3438,0.3078
2026-07-28,823598,0.3633,0.3304,0.2233,0.2060,0.3509,0.3317,0.3126,0.2778,3,3,0.3642,0.3518,0.3143,0.3133
2026-07-28,823676,0.3151,0.2841,0.2587,0.2469,0.3232,0.3221,0.3106,0.3250,3,3,0.3026,0.3038,0.3181,0.3240
2026-07-28,823838,0.3306,0.3342,0.1967,0.2339,0.3211,0.3214,0.3159,0.3022,3,3,0.3088,0.3258,0.3189,0.3083
2026-07-28,823923,0.3315,0.3685,0.2141,0.2109,0.3234,0.3539,0.3119,0.3205,3,3,0.3191,0.4161,0.3130,0.3460
2026-07-28,824003,0.3840,0.3419,0.1727,0.2313,0.3631,0.3388,0.3015,0.3053,2,3,0.3317,0.3224,0.3061,0.2957
2026-07-28,824243,0.3025,0.3182,0.2366,0.2053,0.3367,0.3179,0.3034,0.3097,3,3,0.3145,0.3484,0.2876,0.3406
2026-07-28,824489,0.3331,0.3336,0.1305,0.2349,0.3292,0.3071,0.3038,0.3130,3,3,0.3150,0.3375,0.2994,0.3173
2026-07-28,824569,0.3368,0.3485,0.2498,0.2312,0.3222,0.3308,0.3140,0.3051,3,3,0.3221,0.3377,0.3243,0.3192
2026-07-28,824976,0.3355,0.3172,0.2337,0.2043,0.3492,0.3020,0.3131,0.2986,3,3,0.3140,0.2949,0.3106,0.3287
2026-07-29,822702,0.3032,0.3430,0.2037,0.2405,0.3118,0.3355,0.3317,0.3104,3,3,0.2954,0.3843,0.3395,0.3124
2026-07-29,822947,0.3206,0.3532,0.2292,0.1930,0.3210,0.3577,0.3163,0.3134,3,3,0.3307,0.3479,0.2940,0.3013
2026-07-29,823022,0.3390,0.3362,0.2495,0.2073,0.3176,0.3321,0.3218,0.3075,3,3,0.3304,0.3387,0.3272,0.3250
2026-07-29,823192,0.3298,0.3371,0.2382,0.2521,0.3149,0.3299,0.3078,,3,2,0.3294,,0.3127,0.3162
2026-07-29,823273,0.3147,0.3401,0.2273,0.2022,0.3162,0.3352,0.3074,0.2957,3,3,0.3022,0.3627,0.3125,0.3286
2026-07-29,823351,0.3416,0.3312,0.1727,0.2298,0.3386,0.3141,0.3055,0.3303,3,3,0.3470,0.3114,0.3435,0.3419
2026-07-29,823596,0.3633,0.3324,0.2233,0.2033,0.3509,0.3247,0.3070,0.3285,3,3,0.3728,0.3153,0.3143,0.3237
2026-07-29,823677,0.3147,0.3062,0.2608,0.1971,0.3226,0.3138,0.2937,0.3201,3,3,0.3014,0.3141,0.3136,0.3165
2026-07-29,823837,0.3306,0.3244,0.1969,0.1789,0.3196,0.3077,0.3305,0.2825,3,3,0.3087,0.3253,0.3194,0.2927
2026-07-29,823924,0.3317,0.3689,0.2135,0.2107,0.3248,0.3560,0.3197,0.3335,3,3,0.3191,0.4180,0.3479,0.3416
2026-07-29,824002,0.3616,0.3415,0.1717,0.2313,0.3498,0.3382,0.3335,0.3162,3,3,0.3309,0.3218,0.2840,0.3289
2026-07-29,824242,0.3459,0.3068,0.2306,0.2453,0.3467,0.3173,0.2711,0.3022,3,3,0.3378,0.2556,0.3102,0.3519
2026-07-29,824487,0.3125,0.3301,0.1525,0.2464,0.3266,0.3022,0.3373,0.2933,3,3,0.3147,0.3361,0.2997,0.3147
2026-07-29,824567,0.3348,0.3481,0.2247,0.2315,0.3220,0.3294,0.3286,0.2858,3,3,0.3473,0.3371,0.3085,0.2863
2026-07-29,824973,0.3113,0.3116,0.2317,0.1409,0.3037,0.3088,0.3010,0.3169,3,3,0.3133,0.2948,0.3300,0.3126
2026-07-30,822946,0.3198,0.3529,0.2292,0.1934,0.3197,0.3590,0.3128,0.3201,3,3,0.3292,0.3479,0.3088,0.2793
2026-07-30,823023,0.3390,0.3393,0.2489,0.1964,0.3176,0.3237,0.3059,0.3313,3,3,0.3311,0.3383,0.3268,0.3197
2026-07-30,823271,0.3271,0.3344,0.1853,0.1903,0.3229,0.3388,0.3092,0.3124,3,3,0.3070,0.3628,0.3328,0.3288
2026-07-30,823595,0.3148,0.3326,0.1430,0.2024,0.3015,0.3255,0.3003,0.3006,3,3,0.3091,0.3166,0.3376,0.3181
2026-07-30,823674,0.3136,0.3213,0.2615,0.2023,0.3203,0.3428,0.3108,0.3209,3,3,0.2998,0.3245,0.3141,0.3001
2026-07-30,823921,0.3369,0.3371,0.2138,0.1930,0.3029,0.3162,0.3229,0.2913,3,3,0.3195,0.3229,0.3336,0.3464
2026-07-30,824488,0.3206,0.3336,0.2256,0.2374,0.3217,0.3092,0.3565,0.3248,3,3,0.2808,0.3359,0.2994,0.3228
2026-07-30,824568,0.3403,0.3335,0.2232,0.2273,0.3194,0.3337,0.3042,0.3181,3,3,0.3459,0.2913,0.3129,0.3305
2026-07-30,824894,0.3471,0.3628,0.2288,0.2237,0.3433,0.3505,0.3253,0.3441,3,3,0.3851,0.3650,0.3242,0.3137
2026-07-30,824974,0.3121,0.3331,0.2155,0.2083,0.3079,0.3119,0.3193,0.3039,3,3,0.3175,0.3684,0.3426,0.3050
2026-07-31,822782,0.3399,0.3270,0.1969,0.1996,0.3223,0.3232,0.2862,0.3083,3,3,0.3407,0.2954,0.3363,0.3205
2026-07-31,822945,0.3488,0.3531,0.2190,0.1932,0.3366,0.3608,0.3079,0.3207,3,3,0.3393,0.3479,0.3165,0.2915
2026-07-31,823111,0.3152,0.3368,0.2188,0.2140,0.3446,0.3012,0.2981,0.3339,3,3,0.2919,0.3195,0.3168,0.3333
2026-07-31,823272,0.3091,0.3344,0.2016,0.1904,0.3271,0.3379,0.2869,0.3554,3,3,0.3112,0.3624,0.3339,0.3287
2026-07-31,823593,0.3145,0.3313,0.1430,0.2035,0.3015,0.3235,0.3243,0.3218,3,3,0.3099,0.3137,0.3221,0.3173
2026-07-31,823922,0.3079,0.3495,0.2232,0.1949,0.3120,0.3492,0.2996,0.2904,3,3,0.3049,0.4185,0.3217,0.3493
2026-07-31,823999,0.3245,0.3414,0.2299,0.2310,0.3076,0.3389,0.3214,0.2959,3,3,0.3288,0.3219,0.3393,0.3175
2026-07-31,824164,0.3112,0.3151,0.2395,0.2163,0.3127,0.3240,0.2819,0.2843,3,3,0.3061,0.3308,0.3154,0.2841
2026-07-31,824325,0.3146,0.3119,0.2611,0.2403,0.3211,0.3028,0.3710,0.3128,3,3,0.3007,0.3012,0.3134,0.3184
2026-07-31,824407,0.3417,0.3195,0.1728,0.1696,0.3369,0.3403,0.3119,0.3194,3,3,0.3469,0.2767,0.3432,0.3004
2026-07-31,824486,0.3205,0.3336,0.2263,0.2382,0.3206,0.3084,0.2931,0.2699,3,3,0.2813,0.3371,0.3399,0.3141
2026-07-31,824651,0.3369,0.3271,0.2497,0.2270,0.3204,0.3137,0.3001,0.3372,3,3,0.3210,0.3321,0.3236,0.3271
2026-07-31,824809,0.3526,0.3386,0.2362,0.2313,0.3468,0.3515,0.3147,0.3292,3,3,0.3096,0.3164,0.3185,0.3091
2026-07-31,824892,0.3424,0.3636,0.2503,0.2234,0.3587,0.3522,0.3204,0.3006,3,3,0.3855,0.3737,0.3168,0.3135
2026-07-31,824975,0.3455,0.2929,0.1897,0.1858,0.3401,0.3002,0.3232,0.3027,3,3,0.3467,0.2932,0.2763,0.3253
2026-08-01,822781,0.3396,0.3247,0.1979,0.2048,0.3221,0.3255,0.3072,,3,3,0.3409,0.2883,0.3353,0.3394
2026-08-01,822944,0.3498,0.3012,0.2172,0.1732,0.3386,0.3264,0.2877,0.3239,3,3,0.3389,0.2729,0.3286,0.2989
2026-08-01,823109,0.3270,0.3366,0.2076,0.2150,0.3399,0.3016,0.2886,0.3136,3,3,0.3275,0.3191,0.2944,0.3401
2026-08-01,823269,0.3289,0.3393,0.2080,0.2023,0.3294,0.3361,0.3313,0.3220,3,3,0.3451,0.3630,0.3324,0.3115
2026-08-01,823594,0.3239,0.3327,0.1784,0.2037,0.3068,0.3252,0.3157,0.3210,3,3,0.3258,0.3172,0.3060,0.3244
2026-08-01,823920,0.3101,0.3556,0.2142,0.2116,0.3070,0.3462,0.2797,0.2871,3,3,0.3104,0.4194,0.3080,0.3596
2026-08-01,824000,0.3281,0.3409,0.2055,0.2313,0.3028,0.3387,0.3101,0.3049,3,3,0.3179,0.3212,0.3034,0.3161
2026-08-01,824162,0.3391,0.3627,0.2362,0.1716,0.3244,0.3513,0.3040,0.2927,3,3,0.3152,0.3316,0.3204,0.3211
2026-08-01,824326,0.3176,0.3123,0.2515,0.1871,0.3096,0.3012,0.3326,0.3135,3,3,0.3010,0.3007,0.3206,0.3164
2026-08-01,824405,0.3421,0.3322,0.1721,0.1306,0.3354,0.3283,0.2883,0.3283,3,3,0.3471,0.3159,0.3336,0.2926
2026-08-01,824485,0.3208,0.3349,0.2265,0.2374,0.3204,0.3102,0.3101,0.3008,3,3,0.2819,0.3373,0.2887,0.3027
2026-08-01,824649,0.3250,0.3309,0.2187,0.2203,0.3141,0.3095,0.3286,0.2875,3,3,0.3446,0.3317,0.3087,0.3306
2026-08-01,824808,0.3531,0.3289,0.2359,0.2295,0.3478,0.3421,0.3102,0.2625,3,3,0.3102,0.3186,0.3177,0.3487
2026-08-01,824890,0.3426,0.3631,0.2499,0.2236,0.3580,0.3530,0.3142,0.3394,3,3,0.3846,0.3645,0.3187,0.3142
2026-08-01,824972,0.3455,0.3082,0.1896,0.1720,0.3399,0.3014,0.3130,0.3044,3,3,0.3469,0.2976,0.3351,0.3146
2026-08-02,822783,0.3354,0.3283,0.2100,0.2038,0.3351,0.3268,0.3330,0.3391,3,3,0.3292,0.3021,0.3189,0.3402
2026-08-02,822943,0.3217,0.3412,0.1836,0.2090,0.3366,0.3546,0.3009,0.3100,3,3,0.3392,0.3099,0.3166,0.2890
2026-08-02,823107,0.3146,0.3373,0.2247,0.2139,0.3155,0.3061,0.3044,0.3089,3,3,0.2859,0.3199,0.3142,0.3194
2026-08-02,823270,0.3249,0.3192,0.1874,0.1925,0.3207,0.3383,0.2984,0.3065,3,3,0.3076,0.3036,0.3334,0.3285
2026-08-02,823592,0.3254,0.3326,0.1902,0.2027,0.3191,0.3245,0.3230,0.3156,3,3,0.3098,0.3166,0.3053,0.3174
2026-08-02,823919,0.3088,0.3555,0.2219,0.2118,0.3141,0.3453,0.3022,0.2955,3,3,0.3059,0.4191,0.3433,0.3166
2026-08-02,823996,0.3278,0.3406,0.2476,0.2317,0.3133,0.3384,0.2979,0.2690,3,3,0.3298,0.3206,0.3412,0.3025
2026-08-02,824163,0.3350,0.3131,0.2364,0.2023,0.3248,0.3267,0.3048,0.3178,3,3,0.3039,0.3310,0.3284,0.3048
2026-08-02,824323,0.3129,0.3134,0.2271,0.2113,0.3276,0.3064,0.3276,0.3417,3,3,0.3009,0.3010,0.3229,0.3121
2026-08-02,824404,0.3418,0.3132,0.1717,0.1514,0.3350,0.3264,0.3119,0.3607,3,3,0.3474,0.3171,0.3428,0.3076
2026-08-02,824483,0.3078,0.3348,0.2127,0.2381,0.3061,0.3089,0.2896,0.3343,3,3,0.2814,0.3378,0.3377,0.3233
2026-08-02,824648,0.3426,0.3300,0.2178,0.2302,0.3174,0.3109,0.3393,0.3024,3,3,0.3449,0.3318,0.3101,0.3274
2026-08-02,824807,0.3532,0.3396,0.2357,0.2318,0.3482,0.3552,0.3048,0.2711,3,3,0.3105,0.3190,0.3173,0.3245
2026-08-02,824891,0.3402,0.3636,0.2342,0.2233,0.3424,0.3558,0.3263,0.3088,3,3,0.3845,0.3642,0.3106,0.3137
2026-08-02,824971,0.3458,0.3122,0.1894,0.2031,0.3420,0.3116,0.3128,0.3296,3,3,0.3370,0.3099,0.3218,0.3021
2026-08-03,822867,0.3156,0.3468,0.1900,0.2265,0.3334,0.3459,0.3384,0.3075,2,3,,0.3415,0.3298,0.3218
2026-08-03,823431,0.3165,0.3220,0.2362,0.2033,0.3246,0.3268,0.3014,0.3184,3,3,0.3164,0.3105,0.3044,0.3111
2026-08-03,823520,0.3389,0.3522,0.1966,0.2005,0.3195,0.3193,0.2864,0.3598,3,3,0.3399,0.3442,0.3238,0.3070
2026-08-03,823757,0.3207,0.3247,0.2268,0.2303,0.3222,0.3068,0.3202,0.3127,3,3,0.2818,0.3298,0.3357,0.3409
2026-08-03,824160,0.3273,0.3633,0.1951,0.1713,0.3191,0.3520,0.3188,0.3432,3,3,0.3001,0.3322,0.3394,0.3067
2026-08-03,824324,0.3532,0.3165,0.1934,0.2015,0.3580,0.3076,0.3342,0.3014,3,3,0.3469,0.2998,0.2916,0.3162
2026-08-03,824647,0.3549,0.3316,0.2125,0.2202,0.3437,0.3100,0.3070,0.3158,3,3,0.4190,0.3326,0.3492,0.3305
2026-08-03,825095,0.3384,0.3265,0.2037,0.1582,0.3345,0.3162,0.3199,0.3213,3,3,0.3627,0.3468,0.3296,0.3339
2026-08-04,822865,0.3207,0.3379,0.2003,0.2376,0.3297,0.3227,0.3118,0.3152,3,3,0.3310,0.3146,0.3298,0.3144
2026-08-04,823108,0.3199,0.3372,0.2472,0.2126,0.3309,0.3079,0.3310,0.3039,3,3,0.3481,0.3209,0.3373,0.3340
2026-08-04,823432,0.3208,0.3289,0.2231,0.2692,0.3327,0.3398,0.2839,0.3286,3,3,0.3164,0.3777,0.3096,0.3116
2026-08-04,823517,0.3448,0.3522,0.1692,0.2005,0.3211,0.3193,0.3148,0.3159,3,3,0.3399,0.3442,0.3096,0.3178
2026-08-04,823756,0.3207,0.3273,0.2268,0.2484,0.3222,0.3112,0.2990,0.3034,3,3,0.2818,0.3298,0.3357,0.3306
2026-08-04,824084,0.3287,0.3382,0.1977,0.2348,0.3209,0.3223,0.3168,0.2933,3,3,0.3285,0.2993,0.3145,0.2992
2026-08-04,824161,0.3273,0.3633,0.1951,0.1713,0.3191,0.3520,0.3194,0.2919,3,3,0.3001,0.3322,0.3394,0.3067
2026-08-04,824321,0.3532,0.3140,0.1934,0.1734,0.3580,0.3078,0.2932,0.3014,3,3,0.3469,0.2998,0.3071,0.3188
2026-08-04,824403,0.3315,0.3289,0.2018,0.1704,0.3227,0.3262,0.3037,0.3089,3,3,0.3146,0.3173,0.3280,0.2989
2026-08-04,824484,0.3140,0.3351,0.1950,0.2375,0.3039,0.3126,0.3273,0.3171,3,3,0.3103,0.3376,0.3018,0.3154
2026-08-04,824645,0.3694,0.3316,0.2102,0.2202,0.3569,0.3100,0.3309,0.2720,3,3,0.4190,0.3326,0.3445,0.3323
2026-08-04,824731,0.3329,0.3097,0.2285,0.2298,0.3327,0.3270,0.3198,0.3286,3,3,0.2925,0.3036,0.3270,0.3138
2026-08-04,824805,0.3397,0.3262,0.2327,0.2342,0.3370,0.3401,0.3335,0.3346,3,3,0.3199,0.2792,0.3039,0.3091
2026-08-04,824888,0.3340,0.3639,0.2404,0.2232,0.3243,0.3545,0.3273,0.3327,3,3,0.3390,0.3656,0.3202,0.3133
2026-08-04,825054,0.3186,0.3064,0.2201,0.2006,0.3401,0.3283,0.3283,0.3651,3,3,0.3132,0.3468,0.3296,0.3339
2026-08-05,822866,0.3250,0.3190,0.2138,0.2298,0.3293,0.3192,0.3099,0.3483,3,3,0.3439,0.3278,0.3397,0.3280
2026-08-05,823106,0.3461,0.3139,0.1894,0.2040,0.3416,0.3227,0.2795,0.3021,3,3,0.3470,0.3213,0.3379,0.3340
2026-08-05,823429,0.3209,0.3536,0.2179,0.2356,0.3127,0.3479,0.3304,0.3456,2,3,0.3260,0.3775,0.3094,0.3117
2026-08-05,823516,0.3446,0.3331,0.1692,0.2222,0.3203,0.3190,0.3255,0.3070,3,3,0.3393,0.3445,0.2913,0.3171
2026-08-05,823753,0.3207,0.3271,0.2276,0.2491,0.3228,0.3115,0.3058,0.2720,3,3,0.2826,0.3291,0.3240,0.3300
2026-08-05,824082,0.3240,0.3388,0.1913,0.2352,0.3229,0.3232,0.3170,0.3160,3,3,0.3133,0.3008,0.3150,0.3131
2026-08-05,824158,0.3135,0.3559,0.2247,0.1793,0.3187,0.3417,0.2938,0.3202,3,3,0.3002,0.3329,0.3397,0.2986
2026-08-05,824322,0.3399,0.3176,0.2201,0.2245,0.3483,0.3195,0.3704,0.3114,3,3,0.3092,0.3014,0.2932,0.3171
2026-08-05,824402,0.3330,0.3327,0.2011,0.1605,0.3249,0.3345,0.3113,0.3093,3,3,0.3193,0.3179,0.3253,0.3130
2026-08-05,824482,0.3138,0.3297,0.1956,0.2465,0.3033,0.3065,0.3337,0.3051,3,3,0.3101,0.3377,0.3016,0.2929
2026-08-05,824646,0.3286,0.3319,0.2302,0.2200,0.3536,0.3093,0.3013,0.3173,3,3,0.4182,0.3328,0.3373,0.3193
2026-08-05,824728,0.3469,0.3108,0.2213,0.2209,0.3363,0.3168,0.3044,0.3081,3,3,0.3364,0.3052,0.3271,0.3182
2026-08-05,824806,0.3396,0.3389,0.2331,0.2329,0.3367,0.3520,0.3089,0.3076,3,3,0.3194,0.3164,0.3157,0.2870
2026-08-05,824889,0.3239,0.3639,0.1976,0.2230,0.3155,0.3544,0.3184,0.2974,3,3,0.3071,0.3639,0.3376,0.3132
2026-08-05,825052,0.3224,0.3009,0.2031,0.1958,0.3249,0.3298,0.3207,0.2859,3,3,0.3620,0.3291,0.3293,0.3178
2026-08-06,823105,0.3213,0.3423,0.2286,0.2299,0.3282,0.3057,0.2878,0.3047,3,3,0.3151,0.3372,0.2934,0.3326
2026-08-06,823430,0.3120,0.3311,0.2410,0.2523,0.3104,0.3427,0.2830,0.3362,3,3,0.3161,0.3771,0.3129,0.3124
2026-08-06,823754,0.3206,0.3273,0.2283,0.2493,0.3223,0.3116,0.3247,0.2987,3,3,0.2826,0.3291,0.3217,0.3311
2026-08-06,824080,0.3170,0.3383,0.1786,0.2351,0.3232,0.3216,0.3197,0.3121,3,3,0.3131,0.2988,0.2871,0.2994
2026-08-06,824401,0.3222,0.3260,0.2378,0.2320,0.3362,0.3398,0.3119,0.2888,3,3,0.3497,0.3339,0.3266,0.2991
2026-08-06,824481,0.2997,0.3345,0.2182,0.2381,0.3006,0.3117,0.3219,0.3123,3,3,0.3007,0.3377,0.3118,0.3081
2026-08-06,824729,0.3316,0.3109,0.2308,0.2220,0.3315,0.3152,0.2915,0.3260,3,3,0.2922,0.3032,0.3158,0.3131
2026-08-06,824804,0.3378,0.3389,0.2150,0.2337,0.3403,0.3517,0.3177,0.3285,3,3,0.3158,0.3155,0.3022,0.3113
2026-08-06,824885,0.3230,0.3632,0.2066,0.2248,0.3095,0.3542,0.3310,0.3222,3,3,0.3246,0.3637,0.3076,0.3127
2026-08-06,825053,0.3310,0.3411,0.2329,0.1723,0.3293,0.3326,0.3333,0.3318,3,3,0.3626,0.3266,0.3287,0.3476
2026-08-07,822699,0.3355,0.3145,0.2381,0.2368,0.3123,0.3117,0.3095,0.3272,3,3,0.3373,0.3261,0.3160,0.3166
2026-08-07,822863,0.3369,0.3473,0.2329,0.2255,0.3543,0.3460,0.3061,0.3104,3,3,0.3331,0.3408,0.3123,0.3147
2026-08-07,823024,0.3148,0.3398,0.1728,0.1958,0.3084,0.3195,0.3381,0.3315,3,3,0.3018,0.3425,0.2971,0.3227
2026-08-07,823103,0.3528,0.3301,0.1939,0.2158,0.3580,0.3208,0.2916,0.2878,3,3,0.3475,0.3369,0.2935,0.3507
2026-08-07,823191,0.3460,0.3244,0.1898,0.2136,0.3419,0.3284,0.3188,0.3175,3,3,0.3451,0.3435,0.3363,0.3287
2026-08-07,823266,0.3632,0.3387,0.1722,0.2023,0.3531,0.3348,0.3102,0.3017,3,3,0.3324,0.3631,0.2846,0.3200
2026-08-07,823349,0.3309,0.3207,0.2042,0.2288,0.3229,0.3227,0.3212,0.3191,3,3,0.3161,0.2830,0.3020,0.3319
2026-08-07,823428,0.3090,0.3267,0.1512,0.2397,0.3174,0.3270,0.2566,0.3103,3,3,0.2985,0.2972,0.3252,0.3123
2026-08-07,823515,0.3437,0.3344,0.1927,0.2315,0.3518,0.3218,0.2857,0.3205,3,3,0.3735,0.3088,0.3250,0.3111
2026-08-07,823750,0.3190,0.3325,0.1993,0.2360,0.3348,0.3172,0.2934,0.3330,3,3,0.3131,0.3286,0.3225,0.3337
2026-08-07,823836,0.3383,0.3257,0.2136,0.2164,0.3390,0.3299,0.3214,0.3314,3,3,0.3181,0.3373,0.3024,0.3220
2026-08-07,824081,0.3322,0.3391,0.2199,0.2343,0.3099,0.3209,0.3129,0.3075,3,3,0.3335,0.2994,0.3314,0.3194
2026-08-07,824566,0.3347,0.3312,0.1301,0.2319,0.3306,0.3312,0.3315,0.2870,3,3,0.3176,0.2949,0.2833,0.3279
2026-08-07,824727,0.2850,0.2965,0.2304,0.2236,0.3010,0.3091,0.2822,0.3117,3,3,0.3032,0.3051,0.3138,0.3082
2026-08-07,825051,0.3691,0.3410,0.2099,0.1728,0.3563,0.3332,0.3509,0.3202,3,3,0.4190,0.3256,0.3151,0.3362
2026-08-08,822701,0.3290,0.3180,0.2480,0.2251,0.3042,0.3207,0.3072,0.2894,3,3,0.3380,0.3264,0.3156,0.3026
2026-08-08,822864,0.3137,0.3356,0.2295,0.2093,0.3372,0.3363,0.2959,0.3050,3,3,0.3332,0.3075,0.3214,0.3146
2026-08-08,823021,0.3165,0.3354,0.2017,0.2065,0.3072,0.3267,0.3287,0.3360,3,3,0.3026,0.3422,0.3188,0.3235
2026-08-08,823102,0.3531,0.3294,0.1934,0.2163,0.3582,0.3206,0.3017,0.3153,3,3,0.3472,0.3360,0.2932,0.3502
2026-08-08,823188,0.3205,0.3130,0.2459,0.2472,0.3302,0.3200,0.3080,0.3208,3,3,0.3460,0.3419,0.3221,0.3045
2026-08-08,823267,0.3630,0.3395,0.1713,0.2018,0.3527,0.3350,0.3118,0.3022,3,3,0.3323,0.3640,0.3078,0.3279
2026-08-08,823348,0.2945,0.3118,0.2951,0.2450,0.3056,0.3095,0.3030,0.3200,3,3,0.3185,0.2972,0.3139,0.3207
2026-08-08,823426,0.3304,0.3332,0.1705,0.1877,0.3220,0.3264,0.3189,0.3179,3,3,0.2987,0.3171,0.2891,0.3122
2026-08-08,823514,0.3637,0.3380,0.2231,0.2336,0.3548,0.3242,0.2964,0.2765,3,3,0.3627,0.3196,0.3134,0.3291
2026-08-08,823752,0.3107,0.3332,0.2080,0.2365,0.3308,0.3182,0.3063,0.3104,3,3,0.2882,0.3291,0.3231,0.3325
2026-08-08,823834,0.3134,0.3182,0.2273,0.2193,0.3259,0.3117,0.3148,0.3014,3,3,0.3160,0.3077,0.3173,0.3270
2026-08-08,824079,0.3399,0.3388,0.2473,0.2342,0.3157,0.3214,0.3335,0.3146,3,3,0.3340,0.2992,0.3261,0.2999
2026-08-08,824565,0.3303,0.3309,0.1714,0.2543,0.3306,0.3197,0.3068,0.3137,3,3,0.3175,0.2948,0.2919,0.3075
2026-08-08,824726,0.2950,0.3051,0.1909,0.2043,0.2878,0.3093,0.2963,0.3147,3,3,0.3004,0.3291,0.3204,0.3362
2026-08-08,825049,0.3692,0.3409,0.2094,0.1721,0.3554,0.3325,0.3254,0.2782,3,3,0.4189,0.3263,0.3445,0.3471
2026-08-09,822700,0.3343,0.3203,0.2375,0.2384,0.3123,0.3220,0.3333,0.3174,3,3,0.3377,0.3267,0.3165,0.3169
2026-08-09,822862,0.3058,0.2795,0.2306,0.2201,0.3177,0.3131,0.3148,0.3313,3,3,0.2953,0.2684,0.3233,0.3049
2026-08-09,823020,0.3181,0.3452,0.1810,0.1698,0.3179,0.3204,0.3598,0.3394,3,3,0.3063,0.3419,0.3143,0.3127
2026-08-09,823104,0.3262,0.3290,0.1658,0.2162,0.3288,0.3192,0.3306,0.3013,3,3,0.3463,0.3354,0.3318,0.3499
2026-08-09,823190,0.3199,0.3231,0.2450,0.2135,0.3298,0.3263,0.3074,0.2996,3,3,0.3441,0.3400,0.3213,0.3350
2026-08-09,823268,0.3618,0.3389,0.1723,0.2016,0.3513,0.3349,0.3478,0.3187,3,3,0.3313,0.3637,0.2987,0.3290
2026-08-09,823345,0.3314,0.2940,0.2034,0.2092,0.3222,0.3122,0.3046,0.3195,3,3,0.3184,0.2851,0.3186,0.3254
2026-08-09,823425,0.3263,0.3203,0.1958,0.2132,0.3327,0.3292,0.2644,0.3345,3,3,0.3126,0.2775,0.2920,0.3144
2026-08-09,823513,0.3686,0.3455,0.2125,0.2283,0.3710,0.3204,0.2861,0.3257,2,3,0.3626,0.3415,0.3135,0.3269
2026-08-09,823751,0.3240,0.3278,0.2042,0.2482,0.3227,0.3134,0.2661,0.3149,3,3,0.3304,0.3238,0.2985,0.3402
2026-08-09,823835,0.3040,0.3132,0.2180,0.1716,0.3249,0.3006,0.3298,0.3370,3,3,0.3160,0.3079,0.3164,0.3323
2026-08-09,824078,0.3209,0.3402,0.2092,0.1932,0.3071,0.3410,0.3238,0.3070,3,3,0.3337,0.2971,0.3315,0.3126
2026-08-09,824564,0.3337,0.3310,0.1304,0.2542,0.3301,0.3185,0.3464,0.3064,3,3,0.3165,0.2948,0.3195,0.3042
2026-08-09,824724,0.2954,0.3116,0.1917,0.2226,0.2860,0.3151,0.3188,0.3169,3,3,0.3021,0.3052,0.3187,0.3366
2026-08-09,825050,0.3688,0.3409,0.2094,0.1722,0.3557,0.3318,0.3330,0.3157,3,3,0.4177,0.3264,0.3258,0.3320
2026-08-10,822780,0.3109,0.3261,0.2206,0.1739,0.3143,0.3221,0.3308,0.3022,3,3,0.3025,0.2989,0.3288,0.3161
2026-08-10,823018,0.3365,0.3468,0.1800,0.1688,0.3176,0.3209,0.3098,0.3286,3,3,0.3177,0.3457,0.3126,0.3066
2026-08-10,823189,0.3611,0.3224,0.1727,0.2143,0.3512,0.3252,0.3106,0.3189,3,3,0.3304,0.3144,0.2981,0.3313
2026-08-10,823265,0.3341,0.3392,0.2374,0.2017,0.3212,0.3343,0.2978,0.2864,3,3,0.3292,0.3650,0.3335,0.3302
2026-08-10,823675,0.3381,0.3182,0.2322,0.2017,0.3563,0.3334,0.3144,0.3172,3,3,0.3320,0.3130,0.3165,0.2862
2026-08-10,823918,0.3391,0.3685,0.1941,0.2098,0.3382,0.3543,0.2719,0.3198,3,3,0.2954,0.4167,0.3184,0.3251
2026-08-10,823998,0.3281,0.3383,0.2275,0.2341,0.3239,0.3356,0.3002,0.3118,3,3,0.3276,0.3170,0.3297,0.2913
2026-08-10,824887,0.3320,0.3632,0.2023,0.2236,0.3244,0.3531,0.3170,0.3090,3,3,0.3193,0.3615,0.3280,0.3127
2026-08-10,824969,0.3518,0.3136,0.1940,0.1543,0.3574,0.3110,0.2987,0.3030,3,3,0.3469,0.3106,0.2968,0.3138
2026-08-10,825048,0.3181,0.3015,0.1807,0.1781,0.3173,0.3143,0.3292,0.2956,3,3,0.3080,0.3059,0.2943,0.3469
2026-08-11,822697,0.3396,0.3129,0.2470,0.2416,0.3134,0.3096,0.3446,0.3029,3,3,0.3339,0.3140,0.3259,0.3117
2026-08-11,822778,0.3141,0.3272,0.1672,0.1969,0.3097,0.3249,0.2835,0.3201,3,3,0.3219,0.3048,0.3522,0.3262
2026-08-11,823019,0.3262,0.3369,0.2405,0.2057,0.3267,0.3248,0.3032,0.2831,3,3,0.2963,0.3445,0.3132,0.3207
2026-08-11,823186,0.3610,0.3230,0.1729,0.2133,0.3515,0.3243,0.3451,0.2926,3,3,0.3293,0.3154,0.2851,0.3153
2026-08-11,823264,0.3122,0.3038,0.2582,0.1905,0.3083,0.3258,0.3306,0.3025,3,3,0.3288,0.3229,0.3413,0.3055
2026-08-11,823512,0.3380,0.3462,0.2300,0.2283,0.3236,0.3193,0.3184,0.2930,3,3,0.3364,0.3442,0.3365,0.3268
2026-08-11,823673,0.3386,0.3292,0.2313,0.1963,0.3569,0.3208,0.3113,0.3173,3,3,0.3331,0.3264,0.3209,0.3150
2026-08-11,823832,0.3211,0.3003,0.2295,0.1739,0.3219,0.3052,0.2906,0.2727,3,3,0.2862,0.3077,0.3209,0.3199
2026-08-11,823917,0.3399,0.3686,0.1941,0.2094,0.3393,0.3544,0.2899,0.3115,3,3,0.2983,0.4170,0.3151,0.3526
2026-08-11,823997,0.3331,0.3382,0.2376,0.2336,0.3229,0.3360,0.3302,0.3029,3,3,0.2999,0.3158,0.3146,0.2755
2026-08-11,824240,0.3338,0.3190,0.1308,0.2451,0.3315,0.3293,0.2881,0.3117,3,3,0.3161,0.3423,0.3283,0.3220
2026-08-11,824563,0.3335,0.3318,0.2384,0.2325,0.3107,0.3241,0.3099,0.3211,3,3,0.3373,0.2963,0.3169,0.3227
2026-08-11,824886,0.3324,0.3628,0.2032,0.2239,0.3255,0.3533,0.3294,0.3030,3,3,0.3179,0.3608,0.3190,0.3129
2026-08-11,824970,0.3041,0.2762,0.2268,0.2787,0.3394,0.3105,0.3186,0.3148,3,3,0.3493,0.2831,0.2746,0.3130
2026-08-11,825046,0.3177,0.3301,0.1795,0.2197,0.3166,0.3279,0.3149,0.3567,3,3,0.3084,0.2943,0.3152,0.3085
2026-08-12,822698,0.3328,0.3142,0.2196,0.2433,0.3070,0.3105,,0.3272,3,3,0.3343,0.3138,0.3291,0.3097
2026-08-12,822779,0.3136,0.3262,0.1676,0.1975,0.3081,0.3237,0.3159,0.2935,3,3,0.3202,0.3033,0.3514,0.3075
2026-08-12,823017,0.3542,0.3460,0.2347,0.1703,0.3468,0.3203,0.3396,0.2724,3,3,0.3792,0.3438,0.3122,0.3060
2026-08-12,823187,0.3604,0.3116,0.1728,0.2150,0.3516,0.3188,0.3146,0.3005,3,3,0.3280,0.3149,0.3075,0.3235
2026-08-12,823263,0.3235,0.3185,0.2171,0.1918,0.3104,0.3352,0.3123,0.3226,3,3,0.3255,0.3044,0.3243,0.3123
2026-08-12,823511,0.3148,0.3453,0.2416,0.2437,0.3149,0.3195,0.3161,0.3147,3,3,0.3357,0.3443,0.3494,0.3309
2026-08-12,823672,0.3397,0.3188,0.2312,0.2030,0.3585,0.3121,0.3343,0.3107,3,3,0.3348,0.3155,0.3113,0.2994
2026-08-12,823833,0.3203,0.3234,0.2309,0.1922,0.3202,0.3116,0.3380,0.3225,3,3,0.2851,0.3073,0.3199,0.3192
2026-08-12,823916,0.3398,0.3510,0.1947,0.2123,0.3366,0.3407,0.3208,0.3124,3,3,0.2976,0.4157,0.2993,0.3448
2026-08-12,823994,0.3390,0.3361,0.2327,0.2124,0.3381,0.3383,0.3287,0.3401,3,3,0.3010,0.3087,0.2991,0.3146
2026-08-12,824241,0.3351,0.3431,0.1302,0.1883,0.3327,0.3385,0.2947,0.3113,3,3,0.3168,0.3341,0.2849,0.3240
2026-08-12,824562,0.3330,0.3428,0.2383,0.2306,0.3097,0.3280,0.3261,0.3350,3,3,0.3367,0.3361,0.3094,0.3110
2026-08-12,824883,0.3322,0.3626,0.2027,0.2234,0.3256,0.3529,0.3017,0.3206,3,3,0.3169,0.3727,0.3186,0.3136
2026-08-12,824967,0.3529,0.3086,0.1928,0.2351,0.3602,0.3130,0.3130,0.2861,3,3,0.3491,0.3097,0.3113,0.3126
2026-08-12,825047,0.3180,0.3409,0.1793,0.1713,0.3147,0.3338,0.3631,0.3298,3,3,0.3082,0.3265,0.3152,0.3296
2026-08-13,822696,0.3144,0.3213,0.2303,0.2214,0.3101,0.3154,0.3138,0.3061,3,3,0.3336,0.3264,0.3273,0.3157
2026-08-13,822776,0.3131,0.3162,0.2164,0.1497,0.3152,0.3199,0.3312,0.2830,3,3,0.3097,0.3011,0.3430,0.3235
2026-08-13,823508,0.3220,0.3455,0.2172,0.2286,0.3241,0.3198,0.2824,0.2893,3,3,0.3323,0.3440,0.3326,0.3313
2026-08-13,823669,0.3282,0.3343,0.2683,0.2151,0.3384,0.3414,0.3063,0.3019,3,3,0.3785,0.3257,0.3122,0.3205
2026-08-13,823829,0.3168,0.3118,0.2364,0.1692,0.3359,0.3037,0.3249,0.2984,3,3,0.3276,0.3074,0.3241,0.2935
2026-08-13,823915,0.3232,0.3511,0.2450,0.2122,0.3219,0.3397,0.3190,0.2993,3,3,0.3247,0.4168,0.3393,0.3505
2026-08-13,823995,0.2950,0.3358,0.2312,0.2119,0.3048,0.3393,0.2874,0.2958,3,3,0.2843,0.3082,0.2973,0.3139
2026-08-13,824238,0.3174,0.3432,0.1626,0.1882,0.3149,0.3380,0.3304,0.2860,3,3,0.3171,0.3354,0.3274,0.3237
2026-08-13,824561,0.3323,0.3168,0.2384,0.1969,0.3084,0.3274,0.3334,0.3103,3,3,0.3359,0.2938,0.3169,0.3313
2026-08-14,822777,0.3475,0.3019,0.2446,0.2004,0.3184,0.3118,0.3316,0.2961,3,3,0.3448,0.3039,0.3258,0.3375
2026-08-14,822942,0.3269,0.3059,0.2583,0.1763,0.3352,0.3210,0.3220,0.3101,3,3,0.3734,0.3490,0.3314,0.3326
2026-08-14,823185,0.3079,0.3282,0.2251,0.2694,0.2890,0.3223,0.3151,0.3227,3,3,0.3069,0.2965,0.3182,0.3059
2026-08-14,823346,0.3191,0.3213,0.1657,0.2085,0.3216,0.3124,0.3219,0.2931,3,3,0.3084,0.3150,0.3524,0.2975
2026-08-14,823591,0.3247,0.3323,0.2360,0.2026,0.3175,0.3266,0.3277,0.3101,3,3,0.3257,0.3171,0.3035,0.3201
2026-08-14,823913,0.3156,0.3547,0.2446,0.2377,0.3239,0.3440,0.2813,0.3114,3,3,0.2761,0.4170,0.3128,0.3241
2026-08-14,823993,0.3397,0.3237,0.2325,0.2338,0.3224,0.3292,0.3307,0.3236,3,3,0.2989,0.2709,0.2936,0.3143
2026-08-14,824159,0.3345,0.3386,0.2112,0.1928,0.3090,0.3487,0.3028,0.3007,3,3,0.3171,0.3276,0.3359,0.2993
2026-08-14,824237,0.3315,0.3426,0.2525,0.1891,0.3232,0.3363,0.3167,0.3093,3,3,0.2942,0.3354,0.3097,0.3337
2026-08-14,824399,0.3389,0.3134,0.2016,0.1618,0.3342,0.3238,0.3119,0.3208,3,3,0.3664,0.3165,0.3310,0.3123
2026-08-14,824479,0.3117,0.3334,0.1692,0.2381,0.3031,0.3111,0.2895,0.3126,3,3,0.3072,0.3359,0.3413,0.3182
2026-08-14,824643,0.3466,0.3325,0.1710,0.2205,0.3188,0.3065,0.3170,0.3305,3,3,0.3436,0.3324,0.3063,0.3311
2026-08-14,824882,0.3411,0.3625,0.1709,0.2229,0.3326,0.3518,0.2772,0.3232,3,3,0.3271,0.3604,0.2748,0.3133
2026-08-14,824968,0.3472,0.3032,0.2229,0.1947,0.3302,0.3244,0.3138,0.3378,3,3,0.3261,0.3110,0.2985,0.2970
2026-08-15,822775,0.3457,0.3117,0.2282,0.1689,0.3196,0.3157,0.3086,0.2850,3,3,0.3443,0.3021,0.3320,0.2968
2026-08-15,822941,0.3217,0.3339,0.2138,0.2331,0.3446,0.3501,0.3021,0.2997,3,3,0.2822,0.2932,0.3245,0.2750
2026-08-15,823184,0.3082,0.3326,0.1981,0.2325,0.3131,0.3296,0.3077,0.3467,3,3,0.3060,0.3074,0.3133,0.3084
2026-08-15,823347,0.3168,0.3340,0.2141,0.2280,0.3141,0.3374,0.3068,0.3024,3,3,0.3316,0.3274,0.3522,0.3207
2026-08-15,823588,0.3184,0.3334,0.2446,0.2025,0.3132,0.3279,0.3140,0.3321,3,3,0.3132,0.3194,0.3104,0.3281
2026-08-15,823671,0.3228,0.3308,0.2520,0.2086,0.3414,0.3445,0.3204,0.2996,3,3,0.3797,0.3155,0.3130,0.3201
2026-08-15,823914,0.3023,0.3684,0.2223,0.2094,0.3170,0.3537,0.3172,0.2530,3,3,0.3245,0.4169,0.3366,0.3224
2026-08-15,823990,0.3394,0.3338,0.1941,0.2479,0.3365,0.3278,0.2994,0.3239,3,3,0.2959,0.3016,0.3186,0.3140
2026-08-15,824157,0.3397,0.3597,0.2009,0.1722,0.3066,0.3499,0.3212,0.3203,3,3,0.3324,0.3266,0.3356,0.2964
2026-08-15,824239,0.3325,0.3374,0.2520,0.2058,0.3237,0.3300,0.2845,0.3291,3,3,0.2939,0.3361,0.3121,0.3389
2026-08-15,824400,0.3392,0.3349,0.2010,0.1293,0.3336,0.3339,0.3067,0.3118,3,3,0.3679,0.3172,0.3310,0.3009
2026-08-15,824480,0.3067,0.3333,0.1765,0.2370,0.3013,0.3117,0.3175,0.3284,3,3,0.2805,0.3358,0.3334,0.3181
2026-08-15,824644,0.3367,0.3390,0.2061,0.2472,0.3222,0.3099,0.3086,0.3448,3,3,0.3430,0.3317,0.3538,0.3266
2026-08-15,824884,0.3336,0.3615,0.1850,0.2239,0.3380,0.3502,0.3348,0.3321,3,3,0.3269,0.3717,0.3004,0.2932
2026-08-15,824966,0.3533,0.2992,0.2186,0.2327,0.3609,0.2989,0.3405,0.3107,3,3,0.3441,0.3007,0.3048,0.2983
2026-08-16,822774,0.3431,0.3040,0.2150,0.2221,0.3238,0.3235,0.2837,0.3113,3,3,0.3696,0.3015,0.3350,0.3100
2026-08-16,822940,0.3033,0.3396,0.2309,0.1950,0.3226,0.3422,0.3005,0.2963,3,3,0.3092,0.3489,0.3155,0.2903
2026-08-16,823182,0.3138,0.3335,0.2105,0.2322,0.3029,0.3299,0.3266,0.3062,3,3,0.3055,0.3118,0.3148,0.3091
2026-08-16,823344,0.3124,0.3245,0.2150,0.2611,0.3129,0.3058,0.3118,0.3158,3,3,0.3052,0.2982,0.3118,0.3339
2026-08-16,823590,0.3231,0.3337,0.2237,0.2027,0.3129,0.3291,0.3087,0.3448,3,3,0.3259,0.3212,0.3170,0.3276
2026-08-16,823670,0.3566,0.3351,0.2273,0.2129,0.3373,0.3306,0.3181,0.3272,3,3,0.3785,0.3298,0.3082,0.3137
2026-08-16,823912,0.3245,0.3676,0.2024,0.2095,0.3128,0.3531,0.2714,0.2912,3,3,0.3371,0.4157,0.3066,0.3220
2026-08-16,823991,0.3400,0.3322,0.2325,0.2478,0.3230,0.3221,0.3327,0.3137,3,3,0.2973,0.3150,0.3113,0.3044
2026-08-16,824156,0.3390,0.3194,0.2008,0.1997,0.3049,0.3238,0.2943,0.2689,3,3,0.3324,0.3257,0.3354,0.2962
2026-08-16,824236,0.3464,0.3418,0.2222,0.1888,0.3349,0.3350,0.2987,0.3109,3,3,0.3358,0.3367,0.3226,0.3175
2026-08-16,824397,0.3386,0.3150,0.2011,0.1516,0.3330,0.3288,0.3018,0.2878,3,3,0.3679,0.3168,0.3308,0.3274
2026-08-16,824477,0.3230,0.3327,0.2069,0.2374,0.3154,0.3102,0.3115,0.2939,3,3,0.3193,0.3348,0.2931,0.3074
2026-08-16,824642,0.3470,0.3323,0.1698,0.2193,0.3195,0.3057,0.3258,0.3074,3,3,0.3426,0.3310,0.3118,0.3113
2026-08-16,824880,0.3413,0.3620,0.1706,0.2229,0.3321,0.3537,0.3197,0.3152,3,3,0.3263,0.3594,0.3397,0.3228
2026-08-16,824965,0.3180,0.2937,0.2300,0.2231,0.3171,0.2917,0.2971,0.3021,3,3,0.3278,0.3031,0.2900,0.2914
2026-08-17,822939,0.3385,0.3515,0.2498,0.1936,0.3446,0.3589,0.3120,0.3085,3,3,0.3302,0.3485,0.3175,0.2797
2026-08-17,823343,0.3415,0.3315,0.1890,0.2524,0.3349,0.3196,0.3196,0.3061,3,3,0.3370,0.3162,0.3086,0.3211
2026-08-17,823427,0.3165,0.3298,0.2079,0.2521,0.2985,0.3408,0.2824,0.3093,3,3,0.3061,0.3781,0.3180,0.3146
2026-08-17,823589,0.3384,0.3341,0.2005,0.2033,0.3326,0.3292,0.2880,0.3298,3,3,0.3674,0.3204,0.3303,0.3188
2026-08-17,823668,0.3621,0.3290,0.2235,0.2029,0.3522,0.3333,0.3148,0.3356,3,3,0.3597,0.3121,0.3109,0.3207
2026-08-17,824077,0.3094,0.3391,0.2180,0.2326,0.3040,0.3215,0.3097,0.3184,3,3,0.3110,0.2963,0.3012,0.3226
2026-08-17,824320,0.2982,0.3072,0.2088,0.2488,0.3030,0.3064,0.3553,0.2862,3,3,0.2708,0.3021,0.3295,0.3123
2026-08-17,824478,0.3226,0.3325,0.1946,0.2371,0.3149,0.3095,0.3339,0.3070,3,3,0.3422,0.3354,0.3284,0.2985
2026-08-17,824641,0.3326,0.3383,0.2312,0.2479,0.3317,0.3083,0.3039,0.3236,3,3,0.2949,0.3314,0.3119,0.3143
2026-08-17,824725,0.3012,0.3112,0.1779,0.2177,0.3134,0.3115,0.2920,0.3099,3,3,0.3041,0.3022,0.3033,0.3171
2026-08-18,822859,0.3171,0.3336,0.2356,0.2550,0.3186,0.3393,0.3398,0.3161,3,3,0.3250,0.3118,0.3166,0.3122
2026-08-18,822938,0.3092,0.3274,0.1674,0.1784,0.3125,0.3417,0.3101,0.3175,3,3,0.2941,0.2765,0.3140,0.3316
2026-08-18,823341,0.3421,0.3336,0.1889,0.2285,0.3341,0.3379,0.2844,0.3294,3,3,0.3371,0.3273,0.3174,0.3022
2026-08-18,823423,0.3111,0.3535,0.1690,0.2342,0.3029,0.3443,0.2731,0.3098,3,3,0.3054,0.3773,0.3407,0.3144
2026-08-18,823586,0.3322,0.3286,0.2295,0.2088,0.3292,0.3276,0.3252,0.3137,3,3,0.3676,0.3523,0.3307,0.3276
2026-08-18,823667,0.3625,0.3292,0.2241,0.2021,0.3520,0.3363,0.3330,0.3381,3,3,0.3614,0.3127,0.3118,0.3231
2026-08-18,823749,0.3278,0.2957,0.2415,0.2379,0.3003,0.3188,0.3058,0.2870,3,3,0.2986,0.2741,0.3360,0.3307
2026-08-18,824075,0.3015,0.3425,0.2293,0.2145,0.3080,0.3228,0.3146,0.3116,3,3,0.3065,0.3044,0.2974,0.3219
2026-08-18,824154,0.3329,0.3596,0.2473,0.1712,0.3276,0.3494,0.3259,0.3275,3,3,0.3006,0.3264,0.3133,0.2955
2026-08-18,824319,0.3687,0.3137,0.2088,0.2103,0.3521,0.2971,0.3305,0.3180,3,3,0.4176,0.3059,0.3453,0.3102
2026-08-18,824398,0.3179,0.3184,0.2629,0.1469,0.3309,0.3298,0.3135,0.3233,3,3,0.3014,0.3164,0.3214,0.2924
2026-08-18,824475,0.3368,0.3321,0.2044,0.2379,0.3221,0.3091,0.3105,0.3372,3,3,0.3406,0.3349,0.3207,0.3177
2026-08-18,824639,0.3467,0.3332,0.2221,0.2199,0.3321,0.3086,0.3071,0.2936,3,3,0.3337,0.3332,0.3131,0.3306
2026-08-18,824723,0.3334,0.3131,0.1666,0.2159,0.3194,0.3101,0.2939,0.3518,3,3,0.3033,0.3062,0.3082,0.3458
2026-08-18,824803,0.3452,0.3312,0.2286,0.2410,0.3201,0.3524,0.3094,0.3005,3,3,0.3433,0.3100,0.3287,0.3185
2026-08-19,822860,0.3214,0.3472,0.2246,0.2235,0.3124,0.3451,0.3358,0.3066,3,3,0.3250,0.3412,0.3231,0.3121
2026-08-19,822937,0.3250,0.3267,0.1575,0.1782,0.3129,0.3404,0.2865,0.3273,3,3,0.3400,0.2756,0.2978,0.3313
2026-08-19,823342,0.3358,0.3337,0.1938,0.2281,0.3273,0.3370,0.2679,0.3376,3,3,0.3284,0.3274,0.3330,0.3337
2026-08-19,823424,0.3112,0.3269,0.1689,0.2683,0.3015,0.3369,0.3174,0.3021,3,3,0.3059,0.3761,0.3417,0.3148
2026-08-19,823587,0.3394,0.3332,0.2005,0.2058,0.3352,0.3297,0.3215,0.3143,3,3,0.3694,0.3187,0.3298,0.3243
2026-08-19,823664,0.3630,0.3296,0.2233,0.2032,0.3512,0.3177,0.3120,0.3341,3,3,0.3702,0.3123,0.3176,0.3160
2026-08-19,823748,0.3176,0.3343,0.1915,0.2367,0.3166,0.3244,0.3179,0.2886,3,3,0.3310,0.3284,0.3354,0.3319
2026-08-19,824076,0.3017,0.3276,0.2277,0.2119,0.3090,0.3153,0.3234,0.3242,3,3,0.3058,0.3049,0.3077,0.3220
2026-08-19,824155,0.3328,0.3354,0.2467,0.1830,0.3281,0.3477,,0.2899,3,3,0.3006,0.2540,0.3121,0.2953
2026-08-19,824318,0.3560,0.3125,0.2366,0.2101,0.3449,0.3065,0.3364,0.3195,3,3,0.4177,0.3063,0.3489,0.3031
2026-08-19,824394,0.3185,0.3281,0.2676,0.1579,0.3346,0.3243,0.2849,,3,3,0.2944,0.3163,0.3277,0.2915
2026-08-19,824476,0.3458,0.3271,0.1715,0.2463,0.3205,0.3065,0.2851,0.3341,3,3,0.3383,0.3342,0.3143,0.3078
2026-08-19,824640,0.3337,0.3328,0.2530,0.2201,0.3230,0.3077,0.3063,0.3075,3,3,0.2924,0.3333,0.3236,0.3312
2026-08-19,824722,0.3337,0.3132,0.1668,0.2141,0.3178,0.3115,0.2800,0.3220,3,3,0.3031,0.3075,0.3184,0.3309
2026-08-19,824801,0.3498,0.3402,0.2030,0.2293,0.3137,0.3548,0.3501,0.3269,3,3,0.3443,0.3093,0.3174,0.3135
2026-08-20,822861,0.3124,0.3383,0.2229,0.2345,0.3288,0.3208,0.2949,0.3126,3,3,0.3211,0.3279,0.3087,0.3114
2026-08-20,822934,0.3136,0.3258,0.2025,0.1785,0.3163,0.3393,0.3058,0.3356,3,3,0.3093,0.2750,0.3240,0.3121
2026-08-20,823747,0.3384,0.3338,0.2012,0.2374,0.3061,0.3255,0.3075,0.3040,3,3,0.3312,0.3280,0.3357,0.3299
2026-08-20,824074,0.3012,0.3240,0.2272,0.1913,0.3100,0.3272,0.3207,0.3155,3,3,0.3046,0.2948,0.2992,0.3301
2026-08-20,824153,0.2827,0.3179,0.2913,0.1843,0.3043,0.3174,0.2998,0.3333,3,3,0.3026,0.3124,0.3110,0.2984
2026-08-20,824395,0.3167,0.3330,0.2384,0.1613,0.3343,0.3418,0.3157,0.3106,3,3,0.2885,0.3163,0.3281,0.3227
2026-08-20,824474,0.3459,0.3320,0.1711,0.2386,0.3193,0.3084,0.3284,0.3422,3,3,0.3403,0.3344,0.2977,0.3147
2026-08-20,824802,0.3453,0.3404,0.2292,0.2291,0.3192,0.3555,0.3066,0.2946,3,3,0.3436,0.3089,0.3250,0.3210
2026-08-21,822857,0.3313,0.3349,0.2535,0.2326,0.3332,0.3208,0.3115,0.2960,3,3,0.3161,0.3049,0.3055,0.3117
2026-08-21,823101,0.3387,0.3183,0.2482,0.1914,0.3132,0.3173,0.3278,0.3120,3,3,0.3325,0.3323,0.3263,0.3353
2026-08-21,823262,0.3297,0.3373,0.2025,0.1890,0.3181,0.3402,0.3456,0.3038,3,3,0.3121,0.3701,0.3257,0.3294
2026-08-21,823420,0.3368,0.3531,0.2044,0.2339,0.3204,0.3445,0.2802,0.3098,3,3,0.3412,0.3762,0.3317,0.3146
2026-08-21,823510,0.3104,0.3115,0.2120,0.2430,0.3035,0.3087,0.2832,0.2982,3,3,0.2963,0.3206,0.3048,0.3414
2026-08-21,823746,0.3611,0.3304,0.2245,0.2057,0.3501,0.3090,0.2519,0.2767,3,3,0.3679,0.3256,0.3115,0.3403
2026-08-21,823830,0.3138,0.3103,0.1953,0.2027,0.3279,0.3134,0.3268,0.3334,3,3,0.3196,0.3052,0.3191,0.3147
2026-08-21,823911,0.3336,0.3569,0.2274,0.2163,0.3366,0.3591,0.2752,0.3108,3,3,0.3264,0.4169,0.3267,0.3169
2026-08-21,824072,0.3256,0.3422,0.1762,0.2303,0.3287,0.3235,0.3171,0.2965,3,3,0.3378,0.3009,0.3384,0.3300
2026-08-21,824152,0.3002,0.3022,0.2273,0.2132,0.3111,0.3112,0.3162,0.2950,3,3,0.3022,0.2955,0.2883,0.3052
2026-08-21,824317,0.3149,0.3082,0.1513,0.2199,0.3292,0.3007,0.3345,0.3155,3,3,0.3173,0.3056,0.3270,0.3141
2026-08-21,824559,0.3330,0.3339,0.2060,0.2308,0.3278,0.3294,0.3089,0.3149,3,3,0.3188,0.2932,0.3246,0.3213
2026-08-21,824721,0.3148,0.3136,0.2772,0.2143,0.3335,0.3124,0.2981,0.3036,3,3,0.2821,0.3095,0.3277,0.3466
2026-08-21,824800,0.3398,0.3398,0.2050,0.2299,0.3518,0.3556,0.3088,0.3042,3,3,0.3502,0.3075,0.3113,0.3266
2026-08-21,825045,0.3282,0.3006,0.2457,0.1792,0.3052,0.3090,0.3235,0.3116,3,3,0.3348,0.3022,0.3055,0.2987
2026-08-22,822858,,,,,,,,,,,,,,
2026-08-22,823100,,,,,,,,,,,,,,
2026-08-22,823261,,,,,,,,,,,,,,
2026-08-22,823422,,,,,,,,,,,,,,
2026-08-22,823509,0.3326,0.3455,0.1625,0.2287,0.3239,0.3193,0.3133,0.2808,3,3,0.2934,0.3440,0.3254,0.3308
2026-08-22,823743,0.3603,0.3306,0.2256,0.2056,0.3496,0.3092,0.2898,0.3295,3,3,0.3590,0.3259,0.3116,0.3413
2026-08-22,823831,0.3140,0.3165,0.2329,0.2574,0.3117,0.3217,0.3015,0.3596,3,3,0.3201,0.3064,0.3048,0.3140
2026-08-22,823910,,,,,,,,,,,,,,
2026-08-22,824073,,,,,,,,,,,,,,
2026-08-22,824151,,,,,,,,,,,,,,
2026-08-22,824316,,,,,,,,,,,,,,
2026-08-22,824560,,,,,,,,,,,,,,
2026-08-22,824718,,,,,,,,,,,,,,
2026-08-22,824798,,,,,,,,,,,,,,
2026-08-22,825044,,,,,,,,,,,,,,
