date,game_pk,away_value,home_value
2024-04-01,744875,0,0
2024-04-01,745109,1,0
2024-04-01,745277,0,0
2024-04-01,745437,0,0
2024-04-01,745600,0,0
2024-04-01,745675,0,0
2024-04-01,745842,1,0
2024-04-01,746085,0,0
2024-04-01,746170,0,0
2024-04-01,746409,1,0
2024-04-01,746817,1,0
2024-04-01,746899,2,0
2024-04-01,747058,1,0
2024-04-01,747218,2,0
2024-04-02,745111,0,0
2024-04-02,745273,0,0
2024-04-02,745439,0,0
2024-04-02,745598,0,0
2024-04-02,745680,0,0
2024-04-02,745844,0,0
2024-04-02,746009,0,1
2024-04-02,746086,0,0
2024-04-02,746169,0,0
2024-04-02,746411,0,0
2024-04-02,746814,0,0
2024-04-02,746898,0,0
2024-04-02,747057,0,0
2024-04-02,747220,0,0
2024-04-03,744869,0,0
2024-04-03,745114,0,0
2024-04-03,745275,0,0
2024-04-03,745440,0,0
2024-04-03,745603,0,0
2024-04-03,745678,0,0
2024-04-03,745843,0,0
2024-04-03,746008,0,0
2024-04-03,746083,0,0
2024-04-03,746163,0,0
2024-04-03,746407,0,0
2024-04-03,746816,0,0
2024-04-03,746900,0,0
2024-04-03,747059,0,0
2024-04-03,747219,0,0
2024-04-04,744870,0,0
2024-04-04,745200,1,2
2024-04-04,745843,0,0
2024-04-04,745844,0,0
2024-04-04,745928,2,0
2024-04-04,746327,0,1
2024-04-05,744874,0,0
2024-04-05,745033,0,1
2024-04-05,745361,0,0
2024-04-05,745524,0,0
2024-04-05,745764,1,3
2024-04-05,746007,2,0
2024-04-05,746249,0,3
2024-04-05,746328,0,0
2024-04-05,746497,3,0
2024-04-05,746576,2,1
2024-04-05,746733,0,0
2024-04-05,746897,2,0
2024-04-05,747143,3,1
2024-04-06,744873,0,0
2024-04-06,745031,0,0
2024-04-06,745197,0,0
2024-04-06,745359,0,0
2024-04-06,745522,0,0
2024-04-06,745766,0,0
2024-04-06,745926,0,0
2024-04-06,746006,0,0
2024-04-06,746248,0,0
2024-04-06,746329,0,0
2024-04-06,746498,0,0
2024-04-06,746575,0,0
2024-04-06,746731,0,0
2024-04-06,746896,0,0
2024-04-06,747140,0,0
2024-04-07,744871,0,0
2024-04-07,745032,0,0
2024-04-07,745198,0,0
2024-04-07,745362,0,0
2024-04-07,745523,0,0
2024-04-07,745765,0,0
2024-04-07,745927,0,0
2024-04-07,746003,0,0
2024-04-07,746251,0,0
2024-04-07,746330,0,0
2024-04-07,746493,0,0
2024-04-07,746574,0,0
2024-04-07,746734,0,0
2024-04-07,746895,0,0
2024-04-07,747141,0,0
2024-04-08,744956,1,0
2024-04-08,745034,0,0
2024-04-08,745194,1,0
2024-04-08,745363,3,0
2024-04-08,745432,2,0
2024-04-08,745520,0,0
2024-04-08,745761,1,0
2024-04-08,745925,0,0
2024-04-08,746252,1,0
2024-04-08,746569,2,0
2024-04-08,746654,1,1
2024-04-08,746735,1,0
2024-04-08,747142,0,0
2024-04-09,744957,0,0
2024-04-09,745030,1,0
2024-04-09,745195,0,0
2024-04-09,745357,0,0
2024-04-09,745433,0,0
2024-04-09,745517,0,0
2024-04-09,745762,0,0
2024-04-09,745924,0,0
2024-04-09,746250,0,0
2024-04-09,746326,0,0
2024-04-09,746571,0,0
2024-04-09,746653,0,0
2024-04-09,746732,0,0
2024-04-09,746981,0,3
2024-04-09,747138,0,0
2024-04-10,744950,0,0
2024-04-10,745024,0,0
2024-04-10,745196,0,0
2024-04-10,745355,0,0
2024-04-10,745429,0,0
2024-04-10,745763,0,0
2024-04-10,745923,0,0
2024-04-10,746247,0,0
2024-04-10,746323,0,0
2024-04-10,746573,0,0
2024-04-10,746655,0,0
2024-04-10,746728,0,0
2024-04-10,746980,0,0
2024-04-10,747139,0,0
2024-04-11,745029,0,0
2024-04-11,745601,0,1
2024-04-11,746322,0,0
2024-04-11,746490,1,0
2024-04-11,746730,0,0
2024-04-11,746977,0,0
2024-04-11,747137,0,0
2024-04-12,744954,2,0
2024-04-12,745112,3,3
2024-04-12,745274,0,3
2024-04-12,745596,0,0
2024-04-12,745679,0,2
2024-04-12,745838,1,0
2024-04-12,746084,0,0
2024-04-12,746162,0,2
2024-04-12,746408,0,0
2024-04-12,746491,1,0
2024-04-12,746656,0,0
2024-04-12,746812,1,1
2024-04-12,746978,3,0
2024-04-12,747055,0,0
2024-04-12,747217,2,1
2024-04-13,744953,0,0
2024-04-13,745110,0,0
2024-04-13,745272,0,0
2024-04-13,745594,0,0
2024-04-13,745676,0,0
2024-04-13,745839,0,0
2024-04-13,746082,0,0
2024-04-13,746161,0,0
2024-04-13,746405,0,0
2024-04-13,746489,0,0
2024-04-13,746490,0,0
2024-04-13,746656,0,0
2024-04-13,746658,0,0
2024-04-13,746811,0,0
2024-04-13,746979,0,0
2024-04-13,747054,0,0
2024-04-13,747215,0,0
2024-04-14,744952,0,0
2024-04-14,745113,0,0
2024-04-14,745271,0,0
2024-04-14,745595,0,0
2024-04-14,745681,0,0
2024-04-14,745841,0,0
2024-04-14,746079,0,0
2024-04-14,746164,0,0
2024-04-14,746404,0,0
2024-04-14,746492,0,0
2024-04-14,746648,0,0
2024-04-14,746810,0,0
2024-04-14,746975,0,0
2024-04-14,747056,0,0
2024-04-14,747216,0,0
2024-04-15,744951,0,0
2024-04-15,745106,0,0
2024-04-15,745268,2,0
2024-04-15,745597,0,0
2024-04-15,745677,0,0
2024-04-15,745840,0,0
2024-04-15,746002,2,1
2024-04-15,746080,0,0
2024-04-15,746158,0,0
2024-04-15,746406,1,0
2024-04-15,746488,1,0
2024-04-15,746813,1,0
2024-04-15,746974,0,0
2024-04-15,747053,0,0
2024-04-15,747213,0,0
2024-04-16,744944,0,0
2024-04-16,745108,0,0
2024-04-16,745270,0,0
2024-04-16,745593,0,0
2024-04-16,745674,0,0
2024-04-16,745837,0,0
2024-04-16,746004,0,0
2024-04-16,746081,0,0
2024-04-16,746157,0,0
2024-04-16,746400,0,0
2024-04-16,746486,0,0
2024-04-16,746809,0,0
2024-04-16,746976,0,0
2024-04-16,747051,0,0
2024-04-16,747214,0,0
2024-04-17,744948,0,0
2024-04-17,745105,0,0
2024-04-17,745267,0,0
2024-04-17,745591,0,0
2024-04-17,745671,0,0
2024-04-17,745836,0,0
2024-04-17,746005,0,0
2024-04-17,746076,0,0
2024-04-17,746159,0,0
2024-04-17,746401,0,0
2024-04-17,746487,0,0
2024-04-17,746807,0,0
2024-04-17,746809,0,0
2024-04-17,746973,0,0
2024-04-17,747049,0,0
2024-04-17,747212,0,0
2024-04-18,745104,0,0
2024-04-18,745356,0,3
2024-04-18,746485,0,0
2024-04-18,746891,1,2
2024-04-18,746970,0,0
2024-04-19,744872,1,3
2024-04-19,745189,0,2
2024-04-19,745352,0,0
2024-04-19,745430,3,2
2024-04-19,745518,0,0
2024-04-19,745592,1,0
2024-04-19,745758,0,0
2024-04-19,745922,1,1
2024-04-19,746160,3,0
2024-04-19,746325,1,0
2024-04-19,746572,1,2
2024-04-19,746650,3,0
2024-04-19,746729,0,3
2024-04-19,746892,1,2
2024-04-19,747136,0,1
2024-04-20,744865,0,0
2024-04-20,745190,0,0
2024-04-20,745354,0,0
2024-04-20,745431,0,0
2024-04-20,745515,0,0
2024-04-20,745590,0,0
2024-04-20,745760,0,0
2024-04-20,745921,0,0
2024-04-20,746156,0,0
2024-04-20,746324,0,0
2024-04-20,746570,1,2
2024-04-20,746651,0,0
2024-04-20,746726,0,0
2024-04-20,746891,0,0
2024-04-20,746893,0,0
2024-04-20,747135,0,0
2024-04-21,744866,0,0
2024-04-21,745192,0,0
2024-04-21,745353,0,0
2024-04-21,745434,0,0
2024-04-21,745514,0,0
2024-04-21,745588,0,0
2024-04-21,745759,0,0
2024-04-21,745920,0,0
2024-04-21,746154,0,0
2024-04-21,746316,0,0
2024-04-21,746568,0,0
2024-04-21,746572,0,0
2024-04-21,746652,0,0
2024-04-21,746727,0,0
2024-04-21,746894,0,0
2024-04-21,747133,0,0
2024-04-22,745107,1,0
2024-04-22,745191,2,0
2024-04-22,745351,0,0
2024-04-22,745519,1,0
2024-04-22,745757,0,0
2024-04-22,745916,1,0
2024-04-22,746242,2,3
2024-04-22,746319,2,0
2024-04-22,746565,1,0
2024-04-22,746723,0,0
2024-04-22,747134,1,0
2024-04-23,744863,3,0
2024-04-23,745026,1,1
2024-04-23,745102,0,0
2024-04-23,745193,0,0
2024-04-23,745348,0,0
2024-04-23,745516,0,0
2024-04-23,745754,0,0
2024-04-23,745917,0,0
2024-04-23,746246,0,0
2024-04-23,746321,0,0
2024-04-23,746566,0,0
2024-04-23,746647,0,0
2024-04-23,746722,0,0
2024-04-23,746888,1,0
2024-04-23,747130,0,0
2024-04-24,744864,0,0
2024-04-24,745028,0,0
2024-04-24,745099,0,0
2024-04-24,745188,0,0
2024-04-24,745346,0,0
2024-04-24,745513,0,0
2024-04-24,745753,0,0
2024-04-24,745919,0,0
2024-04-24,746244,0,0
2024-04-24,746317,0,0
2024-04-24,746567,0,0
2024-04-24,746649,0,0
2024-04-24,746725,0,0
2024-04-24,746889,0,0
2024-04-24,747132,0,0
2024-04-25,744867,0,0
2024-04-25,745027,0,0
2024-04-25,745512,0,0
2024-04-25,745755,0,0
2024-04-25,745918,0,0
2024-04-25,746320,0,0
2024-04-25,746564,0,0
2024-04-25,746646,0,0
2024-04-25,746724,0,0
2024-04-25,746887,0,0
2024-04-26,744949,0,1
2024-04-26,745025,1,0
2024-04-26,745269,2,2
2024-04-26,745347,3,0
2024-04-26,745424,3,1
2024-04-26,745835,1,3
2024-04-26,746000,1,1
2024-04-26,746078,0,0
2024-04-26,746243,2,0
2024-04-26,746482,1,0
2024-04-26,746808,1,0
2024-04-26,746972,1,0
2024-04-26,747050,0,3
2024-04-26,747129,0,0
2024-04-27,744946,0,0
2024-04-27,745020,0,0
2024-04-27,745266,0,0
2024-04-27,745350,0,0
2024-04-27,745425,0,0
2024-04-27,745833,0,0
2024-04-27,745998,0,0
2024-04-27,746075,0,0
2024-04-27,746245,0,0
2024-04-27,746484,0,0
2024-04-27,746560,1,0
2024-04-27,746803,0,0
2024-04-27,746971,0,0
2024-04-27,747052,0,0
2024-04-27,747131,0,0
2024-04-28,744947,0,0
2024-04-28,745022,0,0
2024-04-28,745265,0,0
2024-04-28,745349,0,0
2024-04-28,745428,0,0
2024-04-28,745834,0,0
2024-04-28,746001,0,0
2024-04-28,746077,0,0
2024-04-28,746237,0,0
2024-04-28,746483,0,0
2024-04-28,746561,0,0
2024-04-28,746805,0,0
2024-04-28,746967,0,0
2024-04-28,747045,0,0
2024-04-28,747125,0,0
2024-04-29,744945,0,0
2024-04-29,745263,3,0
2024-04-29,745427,2,0
2024-04-29,745672,0,3
2024-04-29,745832,0,0
2024-04-29,745999,0,0
2024-04-29,746074,0,0
2024-04-29,746236,0,0
2024-04-29,746481,0,0
2024-04-29,746804,2,0
2024-04-29,747046,1,0
2024-04-29,747211,3,0
2024-04-30,744942,0,0
2024-04-30,745018,1,0
2024-04-30,745260,0,0
2024-04-30,745426,0,0
2024-04-30,745673,0,0
2024-04-30,745831,0,0
2024-04-30,745997,0,0
2024-04-30,746073,2,0
2024-04-30,746239,0,0
2024-04-30,746398,1,1
2024-04-30,746477,0,0
2024-04-30,746481,0,0
2024-04-30,746806,0,0
2024-04-30,746968,3,0
2024-04-30,747047,0,0
2024-04-30,747210,0,0
2024-05-01,744939,0,0
2024-05-01,745023,0,0
2024-05-01,745261,0,0
2024-05-01,745423,0,0
2024-05-01,745670,0,0
2024-05-01,745829,0,0
2024-05-01,745996,0,0
2024-05-01,746072,0,0
2024-05-01,746238,0,0
2024-05-01,746399,0,0
2024-05-01,746478,0,0
2024-05-01,746800,0,0
2024-05-01,746966,0,0
2024-05-01,747048,0,0
2024-05-01,747207,0,0
2024-05-02,745021,0,0
2024-05-02,745830,0,0
2024-05-02,746070,0,0
2024-05-02,746403,0,0
2024-05-02,746969,0,0
2024-05-02,747044,0,0
2024-05-03,744868,0,1
2024-05-03,745101,0,1
2024-05-03,745187,0,1
2024-05-03,745510,0,3
2024-05-03,745589,0,3
2024-05-03,745665,3,0
2024-05-03,745756,0,0
2024-05-03,745914,1,0
2024-05-03,746152,0,0
2024-05-03,746318,0,1
2024-05-03,746402,2,0
2024-05-03,746645,3,1
2024-05-03,746721,0,3
2024-05-03,746890,0,1
2024-05-03,747208,0,0
2024-05-04,744862,0,0
2024-05-04,745100,0,0
2024-05-04,745183,0,0
2024-05-04,745511,0,0
2024-05-04,745583,0,0
2024-05-04,745666,0,0
2024-05-04,745750,0,0
2024-05-04,745911,0,0
2024-05-04,746155,0,0
2024-05-04,746311,0,0
2024-05-04,746394,0,0
2024-05-04,746644,0,0
2024-05-04,746720,0,0
2024-05-04,746884,0,0
2024-05-04,747209,0,0
2024-05-05,744861,0,0
2024-05-05,745103,0,0
2024-05-05,745185,0,0
2024-05-05,745504,0,0
2024-05-05,745587,0,0
2024-05-05,745667,0,0
2024-05-05,745751,0,0
2024-05-05,745913,0,0
2024-05-05,746153,0,0
2024-05-05,746314,0,0
2024-05-05,746395,0,0
2024-05-05,746643,0,0
2024-05-05,746719,0,0
2024-05-05,746883,0,0
2024-05-05,747206,0,0
2024-05-06,745098,1,0
2024-05-06,745182,1,0
2024-05-06,745509,0,0
2024-05-06,745585,0,0
2024-05-06,745669,2,0
2024-05-06,745912,0,0
2024-05-06,746149,0,0
2024-05-06,746313,0,0
2024-05-06,746639,0,0
2024-05-06,746886,2,0
2024-05-07,744859,0,0
2024-05-07,745095,0,0
2024-05-07,745186,0,0
2024-05-07,745508,0,0
2024-05-07,745586,0,0
2024-05-07,745668,0,0
2024-05-07,745752,1,0
2024-05-07,745915,0,0
2024-05-07,746147,0,0
2024-05-07,746315,0,0
2024-05-07,746559,2,2
2024-05-07,746638,0,0
2024-05-07,746718,3,0
2024-05-07,746885,0,0
2024-05-07,747126,1,3
2024-05-08,744858,0,0
2024-05-08,745097,0,0
2024-05-08,745184,0,0
2024-05-08,745507,0,0
2024-05-08,745584,0,0
2024-05-08,745659,0,0
2024-05-08,745664,0,0
2024-05-08,745749,0,0
2024-05-08,745906,0,0
2024-05-08,746151,0,0
2024-05-08,746312,0,0
2024-05-08,746562,0,0
2024-05-08,746640,0,0
2024-05-08,746717,0,0
2024-05-08,746879,0,0
2024-05-08,747127,0,0
2024-05-09,745748,0,0
2024-05-09,745910,0,0
2024-05-09,745995,0,0
2024-05-09,746241,2,3
2024-05-09,746563,0,0
2024-05-09,746715,0,0
2024-05-09,746802,1,1
2024-05-10,744940,1,0
2024-05-10,745094,0,0
2024-05-10,745264,0,2
2024-05-10,745340,3,1
2024-05-10,745421,0,2
2024-05-10,745506,1,0
2024-05-10,745827,0,1
2024-05-10,745993,0,0
2024-05-10,746071,0,3
2024-05-10,746240,0,0
2024-05-10,746479,0,0
2024-05-10,746553,1,0
2024-05-10,746801,0,0
2024-05-10,746964,0,0
2024-05-10,747043,0,0
2024-05-11,744943,0,0
2024-05-11,745096,0,0
2024-05-11,745262,0,0
2024-05-11,745344,0,0
2024-05-11,745422,0,0
2024-05-11,745505,0,0
2024-05-11,745828,0,0
2024-05-11,745994,0,0
2024-05-11,746069,0,0
2024-05-11,746232,0,0
2024-05-11,746480,0,0
2024-05-11,746554,0,0
2024-05-11,746797,0,0
2024-05-11,746963,0,0
2024-05-11,747041,0,0
2024-05-12,744941,0,0
2024-05-12,745092,0,0
2024-05-12,745255,0,0
2024-05-12,745345,0,0
2024-05-12,745419,0,0
2024-05-12,745499,0,0
2024-05-12,745825,0,0
2024-05-12,745990,0,0
2024-05-12,746068,0,0
2024-05-12,746234,0,0
2024-05-12,746476,0,0
2024-05-12,746555,0,0
2024-05-12,746798,0,0
2024-05-12,746965,0,0
2024-05-12,747042,0,0
2024-05-13,745019,0,1
2024-05-13,745256,0,0
2024-05-13,745343,0,0
2024-05-13,745420,1,0
2024-05-13,745826,0,0
2024-05-13,745991,1,0
2024-05-13,746233,2,0
2024-05-13,746393,2,1
2024-05-13,746471,0,0
2024-05-13,746799,1,0
2024-05-13,746961,0,0
2024-05-13,747040,0,0
2024-05-13,747128,0,0
2024-05-13,747204,0,3
2024-05-14,745014,0,0
2024-05-14,745257,0,0
2024-05-14,745342,0,0
2024-05-14,745418,0,0
2024-05-14,745821,0,0
2024-05-14,745909,1,1
2024-05-14,745989,0,0
2024-05-14,746235,0,0
2024-05-14,746396,0,0
2024-05-14,746473,0,0
2024-05-14,746796,1,0
2024-05-14,746799,1,0
2024-05-14,746962,0,0
2024-05-14,747039,0,0
2024-05-14,747124,0,0
2024-05-14,747205,0,0
2024-05-15,745015,0,0
2024-05-15,745259,0,0
2024-05-15,745341,0,0
2024-05-15,745417,0,0
2024-05-15,745582,0,0
2024-05-15,745908,0,0
2024-05-15,745992,0,0
2024-05-15,746231,0,0
2024-05-15,746397,0,0
2024-05-15,746472,0,0
2024-05-15,746795,0,0
2024-05-15,746960,0,0
2024-05-15,747038,0,0
2024-05-15,747123,0,0
2024-05-15,747203,0,0
2024-05-16,745580,0,0
2024-05-16,745907,0,0
2024-05-16,746150,0,0
2024-05-16,746391,0,0
2024-05-16,746881,0,1
2024-05-16,746959,0,0
2024-05-17,744934,0,0
2024-05-17,745016,2,0
2024-05-17,745178,1,2
2024-05-17,745335,0,0
2024-05-17,745579,1,0
2024-05-17,745747,1,1
2024-05-17,746065,0,0
2024-05-17,746148,0,0
2024-05-17,746310,0,2
2024-05-17,746388,0,0
2024-05-17,746641,1,1
2024-05-17,746878,0,0
2024-05-17,747037,3,0
2024-05-17,747122,3,0
2024-05-17,747201,3,0
2024-05-18,744938,0,0
2024-05-18,745013,0,0
2024-05-18,745177,0,0
2024-05-18,745339,0,0
2024-05-18,745581,0,0
2024-05-18,745744,0,0
2024-05-18,746067,0,0
2024-05-18,746142,0,0
2024-05-18,746308,0,0
2024-05-18,746389,0,0
2024-05-18,746642,0,0
2024-05-18,746882,0,0
2024-05-18,747036,0,0
2024-05-18,747121,0,0
2024-05-18,747202,0,0
2024-05-19,744937,0,0
2024-05-19,745012,0,0
2024-05-19,745179,0,0
2024-05-19,745336,0,0
2024-05-19,745577,0,0
2024-05-19,745745,0,0
2024-05-19,746064,0,0
2024-05-19,746144,0,0
2024-05-19,746306,0,0
2024-05-19,746392,0,0
2024-05-19,746636,0,0
2024-05-19,746880,0,0
2024-05-19,747035,0,0
2024-05-19,747120,0,0
2024-05-19,747198,0,0
2024-05-20,744857,0,0
2024-05-20,744935,0,0
2024-05-20,745093,1,0
2024-05-20,745181,1,0
2024-05-20,745746,0,0
2024-05-20,746066,1,0
2024-05-20,746146,0,0
2024-05-20,746307,2,0
2024-05-20,746390,0,0
2024-05-20,746637,0,0
2024-05-20,747119,0,0
2024-05-20,747121,0,0
2024-05-21,744860,0,0
2024-05-21,744936,0,0
2024-05-21,745090,0,0
2024-05-21,745180,0,0
2024-05-21,745503,3,1
2024-05-21,745578,1,0
2024-05-21,745662,0,2
2024-05-21,745742,0,0
2024-05-21,746058,0,0
2024-05-21,746145,0,0
2024-05-21,746309,0,0
2024-05-21,746385,0,0
2024-05-21,746633,0,0
2024-05-21,746716,0,3
2024-05-21,746875,1,0
2024-05-22,744856,0,0
2024-05-22,744933,0,0
2024-05-22,745089,0,0
2024-05-22,745173,0,0
2024-05-22,745180,0,0
2024-05-22,745502,0,0
2024-05-22,745576,0,0
2024-05-22,745661,0,0
2024-05-22,745743,0,0
2024-05-22,746063,0,0
2024-05-22,746143,0,0
2024-05-22,746304,0,0
2024-05-22,746386,0,0
2024-05-22,746634,0,0
2024-05-22,746712,0,0
2024-05-22,746876,0,0
2024-05-23,745500,0,0
2024-05-23,745573,0,0
2024-05-23,745660,0,0
2024-05-23,745741,0,0
2024-05-23,746474,0,1
2024-05-23,746714,0,0
2024-05-23,746792,0,1
2024-05-23,746874,0,0
2024-05-24,744853,0,0
2024-05-24,745087,1,0
2024-05-24,745175,0,0
2024-05-24,745415,3,3
2024-05-24,745501,1,0
2024-05-24,745663,2,0
2024-05-24,745822,0,0
2024-05-24,745905,1,1
2024-05-24,746227,3,2
2024-05-24,746475,0,0
2024-05-24,746558,2,1
2024-05-24,746713,3,0
2024-05-24,746793,0,0
2024-05-24,746956,0,0
2024-05-24,747200,3,0
2024-05-25,744851,0,0
2024-05-25,745086,0,0
2024-05-25,745176,0,0
2024-05-25,745411,0,0
2024-05-25,745493,0,0
2024-05-25,745658,0,0
2024-05-25,745823,0,0
2024-05-25,745901,0,0
2024-05-25,746226,0,0
2024-05-25,746470,0,0
2024-05-25,746556,0,0
2024-05-25,746710,0,0
2024-05-25,746794,0,0
2024-05-25,746958,0,0
2024-05-25,747199,0,0
2024-05-26,744855,0,0
2024-05-26,745088,0,0
2024-05-26,745172,0,0
2024-05-26,745413,0,0
2024-05-26,745498,0,0
2024-05-26,745653,0,0
2024-05-26,745824,0,0
2024-05-26,745902,0,0
2024-05-26,746230,0,0
2024-05-26,746469,0,0
2024-05-26,746557,0,0
2024-05-26,746711,0,0
2024-05-26,746789,0,0
2024-05-26,746957,0,0
2024-05-26,747197,0,0
2024-05-27,745254,0,3
2024-05-27,745338,1,3
2024-05-27,745416,0,0
2024-05-27,745816,0,0
2024-05-27,745904,1,0
2024-05-27,745986,0,1
2024-05-27,746549,1,0
2024-05-27,746708,1,0
2024-05-27,746788,1,0
2024-05-27,747034,0,1
2024-05-27,747118,0,0
2024-05-28,745017,2,0
2024-05-28,745091,3,0
2024-05-28,745258,0,0
2024-05-28,745337,0,0
2024-05-28,745412,0,0
2024-05-28,745816,0,0
2024-05-28,745818,0,0
2024-05-28,745903,0,0
2024-05-28,745987,0,0
2024-05-28,746229,0,0
2024-05-28,746468,0,0
2024-05-28,746552,0,0
2024-05-28,746709,0,0
2024-05-28,746791,0,0
2024-05-28,747033,0,0
2024-05-28,747115,0,0
2024-05-29,745011,0,0
2024-05-29,745084,0,0
2024-05-29,745250,0,0
2024-05-29,745333,0,0
2024-05-29,745414,0,0
2024-05-29,745817,0,0
2024-05-29,745900,0,0
2024-05-29,745988,0,0
2024-05-29,746228,0,0
2024-05-29,746467,0,0
2024-05-29,746468,0,0
2024-05-29,746551,0,0
2024-05-29,746706,0,0
2024-05-29,746790,0,0
2024-05-29,747031,0,0
2024-05-29,747117,0,0
2024-05-30,745081,0,0
2024-05-30,745249,0,0
2024-05-30,745819,1,0
2024-05-30,745898,0,0
2024-05-30,745985,0,0
2024-05-30,746225,0,0
2024-05-30,746954,0,0
2024-05-30,747114,0,0
2024-05-31,744928,0,1
2024-05-31,745253,0,0
2024-05-31,745331,0,0
2024-05-31,745574,0,3
2024-05-31,745820,0,0
2024-05-31,745983,0,0
2024-05-31,746059,1,3
2024-05-31,746140,1,3
2024-05-31,746303,2,0
2024-05-31,746387,0,2
2024-05-31,746635,0,2
2024-05-31,746877,1,0
2024-05-31,746955,0,0
2024-05-31,747032,0,0
2024-05-31,747116,0,0
2024-06-01,744932,0,0
2024-06-01,745251,0,0
2024-06-01,745332,0,0
2024-06-01,745575,0,0
2024-06-01,745812,0,0
2024-06-01,745980,0,0
2024-06-01,746062,0,0
2024-06-01,746138,0,0
2024-06-01,746305,0,0
2024-06-01,746384,0,0
2024-06-01,746629,0,0
2024-06-01,746870,0,0
2024-06-01,746952,0,0
2024-06-01,747029,0,0
2024-06-01,747111,0,0
2024-06-02,744929,0,0
2024-06-02,745252,0,0
2024-06-02,745330,0,0
2024-06-02,745572,0,0
2024-06-02,745813,0,0
2024-06-02,745984,0,0
2024-06-02,746061,0,0
2024-06-02,746141,0,0
2024-06-02,746301,0,0
2024-06-02,746383,0,0
2024-06-02,746632,0,0
2024-06-02,746871,0,0
2024-06-02,746953,0,0
2024-06-02,747030,0,0
2024-06-02,747110,0,0
2024-06-03,744854,0,0
2024-06-03,744930,0,0
2024-06-03,745009,1,1
2024-06-03,745569,1,0
2024-06-03,746224,2,0
2024-06-03,746382,1,0
2024-06-03,746548,1,1
2024-06-03,747194,0,3
2024-06-04,744850,0,0
2024-06-04,744931,0,0
2024-06-04,745010,0,0
2024-06-04,745497,3,0
2024-06-04,745568,0,0
2024-06-04,745656,0,3
2024-06-04,745739,1,3
2024-06-04,746060,0,0
2024-06-04,746222,0,0
2024-06-04,746380,0,0
2024-06-04,746550,0,0
2024-06-04,746630,1,0
2024-06-04,746872,0,0
2024-06-04,746949,0,0
2024-06-04,747196,0,0
2024-06-05,744852,0,0
2024-06-05,744927,0,0
2024-06-05,745007,0,0
2024-06-05,745494,0,0
2024-06-05,745570,0,0
2024-06-05,745654,0,0
2024-06-05,745740,0,0
2024-06-05,746056,0,0
2024-06-05,746221,0,0
2024-06-05,746379,0,0
2024-06-05,746544,0,0
2024-06-05,746628,0,0
2024-06-05,746873,0,0
2024-06-05,746950,0,0
2024-06-05,747195,0,0
2024-06-06,744844,0,0
2024-06-06,744923,0,0
2024-06-06,745174,1,0
2024-06-06,745408,0,0
2024-06-06,745495,0,0
2024-06-06,745657,0,0
2024-06-06,745738,0,0
2024-06-06,746631,0,0
2024-06-06,746707,1,2
2024-06-06,746784,1,0
2024-06-07,744845,0,0
2024-06-07,745008,2,0
2024-06-07,745083,0,0
2024-06-07,745169,0,0
2024-06-07,745406,0,0
2024-06-07,745496,0,0
2024-06-07,745655,3,0
2024-06-07,745737,0,0
2024-06-07,746053,0,0
2024-06-07,746220,2,0
2024-06-07,746302,2,1
2024-06-07,746466,0,1
2024-06-07,746704,0,0
2024-06-07,746785,0,0
2024-06-08,744848,0,0
2024-06-08,745001,0,0
2024-06-08,745082,0,0
2024-06-08,745166,0,0
2024-06-08,745410,0,0
2024-06-08,745492,0,0
2024-06-08,745652,0,0
2024-06-08,745735,0,0
2024-06-08,745814,0,0
2024-06-08,746057,0,0
2024-06-08,746223,0,0
2024-06-08,746300,0,0
2024-06-08,746461,0,0
2024-06-08,746703,0,0
2024-06-08,746786,0,0
2024-06-09,744849,0,0
2024-06-09,745003,0,0
2024-06-09,745085,0,0
2024-06-09,745167,0,0
2024-06-09,745407,0,0
2024-06-09,745491,0,0
2024-06-09,745571,0,0
2024-06-09,745651,0,0
2024-06-09,745736,0,0
2024-06-09,746054,0,0
2024-06-09,746216,0,0
2024-06-09,746297,0,0
2024-06-09,746463,0,0
2024-06-09,746705,0,0
2024-06-09,746787,0,0
2024-06-10,745080,0,0
2024-06-10,745248,2,2
2024-06-10,745334,0,2
2024-06-10,745409,0,0
2024-06-10,745897,0,1
2024-06-10,745982,2,1
2024-06-10,746295,1,0
2024-06-11,745077,0,0
2024-06-11,745170,1,0
2024-06-11,745244,0,0
2024-06-11,745327,0,0
2024-06-11,745404,0,0
2024-06-11,745815,0,0
2024-06-11,745899,0,0
2024-06-11,745981,0,0
2024-06-11,746139,2,3
2024-06-11,746296,0,0
2024-06-11,746464,0,0
2024-06-11,746702,0,0
2024-06-11,746951,0,1
2024-06-11,747027,0,0
2024-06-11,747190,0,0
2024-06-12,745079,0,0
2024-06-12,745171,0,0
2024-06-12,745246,0,0
2024-06-12,745328,0,0
2024-06-12,745405,0,0
2024-06-12,745811,0,0
2024-06-12,745896,0,0
2024-06-12,745978,0,0
2024-06-12,746137,0,0
2024-06-12,746294,0,0
2024-06-12,746462,0,0
2024-06-12,746701,0,0
2024-06-12,746948,0,0
2024-06-12,747028,0,0
2024-06-12,747193,0,0
2024-06-13,745075,0,0
2024-06-13,745168,0,0
2024-06-13,745245,0,0
2024-06-13,745809,0,0
2024-06-13,745894,2,0
2024-06-13,746136,0,0
2024-06-13,746299,0,0
2024-06-13,746465,0,0
2024-06-13,746944,0,0
2024-06-13,747026,0,0
2024-06-13,747192,0,0
2024-06-14,744847,0,0
2024-06-14,744924,0,1
2024-06-14,745247,0,0
2024-06-14,745326,0,0
2024-06-14,745810,3,0
2024-06-14,745892,0,0
2024-06-14,745979,1,0
2024-06-14,746134,2,0
2024-06-14,746378,1,2
2024-06-14,746545,1,1
2024-06-14,746869,0,1
2024-06-14,746947,1,0
2024-06-14,747025,0,0
2024-06-14,747112,0,0
2024-06-14,747191,0,0
2024-06-15,744846,0,0
2024-06-15,744925,0,0
2024-06-15,745241,0,0
2024-06-15,745329,0,0
2024-06-15,745805,0,0
2024-06-15,745891,0,0
2024-06-15,745976,0,0
2024-06-15,746135,0,0
2024-06-15,746381,0,0
2024-06-15,746547,0,0
2024-06-15,746865,0,0
2024-06-15,746946,0,0
2024-06-15,747024,0,0
2024-06-15,747113,0,0
2024-06-15,747187,0,0
2024-06-16,744839,0,0
2024-06-16,744926,0,0
2024-06-16,745242,0,0
2024-06-16,745321,0,0
2024-06-16,745807,0,0
2024-06-16,745891,0,0
2024-06-16,745895,0,0
2024-06-16,745977,0,0
2024-06-16,746130,0,0
2024-06-16,746377,0,0
2024-06-16,746546,0,0
2024-06-16,746866,0,0
2024-06-16,746945,0,0
2024-06-16,747023,0,0
2024-06-16,747109,0,0
2024-06-16,747189,0,0
2024-06-17,744918,0,0
2024-06-17,745005,1,2
2024-06-17,745490,1,2
2024-06-17,745567,0,0
2024-06-17,746055,1,0
2024-06-17,746215,2,0
2024-06-17,746543,1,0
2024-06-17,746868,2,0
2024-06-17,747108,1,0
2024-06-18,744843,3,0
2024-06-18,744917,0,0
2024-06-18,745004,0,0
2024-06-18,745488,0,0
2024-06-18,745563,0,0
2024-06-18,745650,0,2
2024-06-18,745733,0,0
2024-06-18,745893,1,0
2024-06-18,746049,0,0
2024-06-18,746217,0,0
2024-06-18,746542,0,0
2024-06-18,746627,3,0
2024-06-18,746783,0,2
2024-06-18,746867,0,0
2024-06-18,747107,0,0
2024-06-19,744842,0,0
2024-06-19,744920,0,0
2024-06-19,745002,0,0
2024-06-19,745489,0,0
2024-06-19,745561,0,0
2024-06-19,745646,0,0
2024-06-19,745732,0,0
2024-06-19,745887,0,0
2024-06-19,746050,0,0
2024-06-19,746219,0,0
2024-06-19,746538,0,0
2024-06-19,746625,0,0
2024-06-19,746781,0,0
2024-06-19,746864,0,0
2024-06-19,747106,0,0
2024-06-20,744841,0,0
2024-06-20,745164,0,1
2024-06-20,745401,0,3
2024-06-20,745645,0,0
2024-06-20,745734,0,0
2024-06-20,745889,0,0
2024-06-20,746539,0,0
2024-06-20,746626,0,0
2024-06-20,746782,0,0
2024-06-21,745006,2,0
2024-06-21,745403,0,0
2024-06-21,745483,1,0
2024-06-21,745562,0,0
2024-06-21,745649,2,0
2024-06-21,745729,0,0
2024-06-21,746052,0,0
2024-06-21,746131,0,1
2024-06-21,746375,1,0
2024-06-21,746460,1,0
2024-06-21,746540,2,0
2024-06-21,746624,0,0
2024-06-21,746698,0,0
2024-06-21,746861,0,0
2024-06-22,744997,0,0
2024-06-22,745163,0,0
2024-06-22,745402,0,0
2024-06-22,745486,0,0
2024-06-22,745564,0,0
2024-06-22,745644,0,0
2024-06-22,745731,0,0
2024-06-22,746048,0,0
2024-06-22,746132,0,0
2024-06-22,746376,0,0
2024-06-22,746459,0,0
2024-06-22,746541,0,0
2024-06-22,746622,0,0
2024-06-22,746700,0,0
2024-06-22,746863,0,0
2024-06-23,745000,0,0
2024-06-23,745165,0,0
2024-06-23,745396,0,0
2024-06-23,745485,0,0
2024-06-23,745566,0,0
2024-06-23,745648,0,0
2024-06-23,745727,0,0
2024-06-23,746051,0,0
2024-06-23,746373,0,0
2024-06-23,746457,0,0
2024-06-23,746536,0,0
2024-06-23,746621,0,0
2024-06-23,746699,0,0
2024-06-23,746862,0,0
2024-06-24,745078,0,0
2024-06-24,745160,1,0
2024-06-24,745323,2,2
2024-06-24,745397,1,0
2024-06-24,745974,0,2
2024-06-24,746218,0,0
2024-06-24,746298,1,0
2024-06-24,746458,0,0
2024-06-24,746696,0,0
2024-06-24,746780,2,1
2024-06-24,746941,0,0
2024-06-24,747021,0,1
2024-06-25,745076,0,0
2024-06-25,745157,0,0
2024-06-25,745322,0,0
2024-06-25,745399,0,0
2024-06-25,745806,0,1
2024-06-25,745973,0,0
2024-06-25,746213,0,0
2024-06-25,746293,0,0
2024-06-25,746372,1,0
2024-06-25,746454,0,0
2024-06-25,746697,0,0
2024-06-25,746775,0,0
2024-06-25,746943,0,0
2024-06-25,747022,0,0
2024-06-25,747188,0,3
2024-06-26,745073,0,0
2024-06-26,745157,0,0
2024-06-26,745158,0,0
2024-06-26,745325,0,0
2024-06-26,745400,0,0
2024-06-26,745808,0,0
2024-06-26,745975,0,0
2024-06-26,746212,0,0
2024-06-26,746291,0,0
2024-06-26,746374,0,0
2024-06-26,746456,0,0
2024-06-26,746695,0,0
2024-06-26,746777,0,0
2024-06-26,746942,0,0
2024-06-26,747019,0,0
2024-06-26,747184,0,0
2024-06-27,744919,0,0
2024-06-27,745162,1,0
2024-06-27,745324,0,0
2024-06-27,745565,1,0
2024-06-27,746210,3,0
2024-06-27,746288,1,0
2024-06-27,746816,0,0
2024-06-27,747020,1,0
2024-06-27,747185,0,0
2024-06-28,744922,0,0
2024-06-28,745070,3,0
2024-06-28,745161,0,0
2024-06-28,745238,0,3
2024-06-28,745319,2,0
2024-06-28,745560,0,0
2024-06-28,745804,1,0
2024-06-28,745970,2,0
2024-06-28,746214,0,0
2024-06-28,746292,0,0
2024-06-28,746776,0,0
2024-06-28,746939,3,0
2024-06-28,747017,0,0
2024-06-28,747105,0,1
2024-06-28,747183,0,0
2024-06-29,744921,0,0
2024-06-29,745071,0,0
2024-06-29,745159,0,0
2024-06-29,745239,0,0
2024-06-29,745317,0,0
2024-06-29,745559,0,0
2024-06-29,745801,0,0
2024-06-29,745972,0,0
2024-06-29,746211,0,0
2024-06-29,746289,0,0
2024-06-29,746778,0,0
2024-06-29,746940,0,0
2024-06-29,747018,0,0
2024-06-29,747104,0,0
2024-06-29,747186,0,0
2024-06-30,744916,0,0
2024-06-30,745072,0,0
2024-06-30,745154,0,0
2024-06-30,745243,0,0
2024-06-30,745320,0,0
2024-06-30,745555,0,0
2024-06-30,745802,0,0
2024-06-30,745971,0,0
2024-06-30,746209,0,0
2024-06-30,746290,0,0
2024-06-30,746779,0,0
2024-06-30,746938,0,0
2024-06-30,747016,0,0
2024-06-30,747101,0,0
2024-06-30,747182,0,0
2024-07-01,744840,0,0
2024-07-01,744914,0,0
2024-07-01,746535,1,1
2024-07-02,744838,0,0
2024-07-02,744913,0,0
2024-07-02,744999,1,1
2024-07-02,745240,3,0
2024-07-02,745482,1,0
2024-07-02,745647,0,0
2024-07-02,745730,1,0
2024-07-02,745886,2,2
2024-07-02,746047,0,0
2024-07-02,746133,0,0
2024-07-02,746282,1,0
2024-07-02,746537,0,0
2024-07-02,746623,1,1
2024-07-02,746860,1,0
2024-07-02,747102,3,0
2024-07-03,744837,0,0
2024-07-03,744915,0,0
2024-07-03,744998,0,0
2024-07-03,745234,0,0
2024-07-03,745487,0,0
2024-07-03,745643,0,0
2024-07-03,745728,0,0
2024-07-03,745888,0,0
2024-07-03,746045,0,0
2024-07-03,746128,0,0
2024-07-03,746283,0,0
2024-07-03,746534,0,0
2024-07-03,746617,0,0
2024-07-03,746858,0,0
2024-07-03,747100,0,0
2024-07-04,744834,0,0
2024-07-04,744912,0,0
2024-07-04,744996,0,0
2024-07-04,745236,0,0
2024-07-04,745484,0,0
2024-07-04,745641,0,0
2024-07-04,745726,0,0
2024-07-04,745890,0,0
2024-07-04,746043,0,0
2024-07-04,746126,0,0
2024-07-04,746285,0,0
2024-07-04,746532,0,0
2024-07-04,746619,0,0
2024-07-04,746857,0,0
2024-07-04,747103,0,0
2024-07-05,744836,0,0
2024-07-05,744992,0,0
2024-07-05,745237,3,0
2024-07-05,745398,0,2
2024-07-05,745479,0,0
2024-07-05,745639,0,0
2024-07-05,745725,0,0
2024-07-05,745884,1,0
2024-07-05,746046,0,0
2024-07-05,746127,1,0
2024-07-05,746533,1,0
2024-07-05,746620,0,0
2024-07-05,746693,1,0
2024-07-05,746859,2,0
2024-07-05,747097,1,0
2024-07-06,744835,0,0
2024-07-06,744995,0,0
2024-07-06,745235,0,0
2024-07-06,745395,0,0
2024-07-06,745476,0,0
2024-07-06,745642,0,0
2024-07-06,745724,0,0
2024-07-06,745885,0,0
2024-07-06,746044,0,0
2024-07-06,746129,0,0
2024-07-06,746529,0,0
2024-07-06,746615,0,0
2024-07-06,746694,0,0
2024-07-06,746856,0,0
2024-07-06,747099,0,0
2024-07-07,744832,0,0
2024-07-07,744993,0,0
2024-07-07,745233,0,0
2024-07-07,745391,0,0
2024-07-07,745477,0,0
2024-07-07,745637,0,0
2024-07-07,745723,0,0
2024-07-07,745883,0,0
2024-07-07,746039,0,0
2024-07-07,746122,0,0
2024-07-07,746530,0,0
2024-07-07,746616,0,0
2024-07-07,746691,0,0
2024-07-07,746855,0,0
2024-07-07,747098,0,0
2024-07-08,744833,0,0
2024-07-08,745480,0,0
2024-07-08,746208,2,2
2024-07-08,746455,0,0
2024-07-08,746692,2,0
2024-07-08,746771,0,1
2024-07-08,747181,3,0
2024-07-09,745074,0,1
2024-07-09,745155,1,1
2024-07-09,745316,0,3
2024-07-09,745393,0,0
2024-07-09,745557,3,0
2024-07-09,745803,0,0
2024-07-09,745968,1,2
2024-07-09,746206,0,0
2024-07-09,746368,1,0
2024-07-09,746451,0,0
2024-07-09,746690,0,0
2024-07-09,746773,0,0
2024-07-09,746937,3,0
2024-07-09,747014,1,3
2024-07-09,747180,0,0
2024-07-10,745069,0,0
2024-07-10,745155,1,1
2024-07-10,745156,1,1
2024-07-10,745318,0,0
2024-07-10,745394,0,0
2024-07-10,745556,0,0
2024-07-10,745796,0,0
2024-07-10,745969,0,0
2024-07-10,746205,0,0
2024-07-10,746366,0,0
2024-07-10,746453,0,0
2024-07-10,746689,0,0
2024-07-10,746772,0,0
2024-07-10,746773,0,0
2024-07-10,746934,0,0
2024-07-10,747015,0,0
2024-07-10,747179,0,0
2024-07-11,745065,0,0
2024-07-11,745313,0,0
2024-07-11,745558,0,0
2024-07-11,745799,0,0
2024-07-11,745967,0,0
2024-07-11,746204,0,0
2024-07-11,746452,0,0
2024-07-11,746688,0,0
2024-07-11,746935,0,0
2024-07-11,747011,0,0
2024-07-11,747178,0,0
2024-07-12,745064,0,0
2024-07-12,745153,1,0
2024-07-12,745312,2,0
2024-07-12,745390,0,0
2024-07-12,745552,0,0
2024-07-12,745800,0,0
2024-07-12,745965,1,0
2024-07-12,746207,0,0
2024-07-12,746371,2,0
2024-07-12,746450,0,0
2024-07-12,746685,1,0
2024-07-12,746774,0,0
2024-07-12,746936,1,0
2024-07-12,747012,0,0
2024-07-12,747175,0,0
2024-07-13,745067,0,0
2024-07-13,745152,0,0
2024-07-13,745175,0,0
2024-07-13,745311,0,0
2024-07-13,745392,0,0
2024-07-13,745549,0,0
2024-07-13,745798,0,0
2024-07-13,745963,0,0
2024-07-13,746202,0,0
2024-07-13,746369,0,0
2024-07-13,746447,0,0
2024-07-13,746687,0,0
2024-07-13,746766,0,0
2024-07-13,746930,0,0
2024-07-13,747013,0,0
2024-07-13,747177,0,0
2024-07-14,745066,0,0
2024-07-14,745151,0,0
2024-07-14,745314,0,0
2024-07-14,745385,0,0
2024-07-14,745551,0,0
2024-07-14,745797,0,0
2024-07-14,745962,0,0
2024-07-14,746201,0,0
2024-07-14,746370,0,0
2024-07-14,746449,0,0
2024-07-14,746686,0,0
2024-07-14,746769,0,0
2024-07-14,746932,0,0
2024-07-14,747009,0,0
2024-07-14,747176,0,0
2024-07-19,744829,0,1
2024-07-19,744911,0,3
2024-07-19,744990,1,0
2024-07-19,745228,2,0
2024-07-19,745481,0,1
2024-07-19,745640,0,3
2024-07-19,745721,0,0
2024-07-19,746040,0,0
2024-07-19,746123,3,3
2024-07-19,746284,0,1
2024-07-19,746531,1,2
2024-07-19,746618,3,0
2024-07-19,746854,2,0
2024-07-19,747093,1,3
2024-07-20,744830,0,0
2024-07-20,744910,0,0
2024-07-20,744994,0,0
2024-07-20,745229,0,0
2024-07-20,745478,0,0
2024-07-20,745638,0,0
2024-07-20,745720,0,0
2024-07-20,745880,0,2
2024-07-20,746041,0,0
2024-07-20,746121,0,0
2024-07-20,746286,0,0
2024-07-20,746527,0,0
2024-07-20,746613,0,0
2024-07-20,746852,0,0
2024-07-20,747093,1,3
2024-07-20,747096,1,3
2024-07-21,744831,0,0
2024-07-21,744909,0,0
2024-07-21,744991,0,0
2024-07-21,745230,0,0
2024-07-21,745470,0,0
2024-07-21,745633,0,0
2024-07-21,745722,0,0
2024-07-21,745882,0,0
2024-07-21,746042,0,0
2024-07-21,746125,0,0
2024-07-21,746287,0,0
2024-07-21,746528,0,0
2024-07-21,746610,0,0
2024-07-21,746853,0,0
2024-07-21,747094,0,0
2024-07-22,744988,0,0
2024-07-22,745232,0,0
2024-07-22,745473,0,0
2024-07-22,745635,0,0
2024-07-22,745717,0,0
2024-07-22,745881,1,0
2024-07-22,746034,0,0
2024-07-22,746124,1,0
2024-07-22,746280,0,0
2024-07-22,746526,1,0
2024-07-22,746612,0,0
2024-07-22,746850,0,0
2024-07-22,747095,0,0
2024-07-23,744828,0,0
2024-07-23,744904,0,0
2024-07-23,744985,0,0
2024-07-23,745227,0,0
2024-07-23,745475,0,0
2024-07-23,745632,0,0
2024-07-23,745715,0,0
2024-07-23,745878,0,0
2024-07-23,746036,1,0
2024-07-23,746118,0,0
2024-07-23,746281,0,0
2024-07-23,746524,0,0
2024-07-23,746614,0,0
2024-07-23,746848,0,0
2024-07-23,747090,0,0
2024-07-24,744824,0,0
2024-07-24,744905,0,0
2024-07-24,744989,0,0
2024-07-24,745231,0,0
2024-07-24,745472,0,0
2024-07-24,745634,0,0
2024-07-24,745716,0,0
2024-07-24,745877,0,0
2024-07-24,746035,0,0
2024-07-24,746119,0,0
2024-07-24,746279,0,0
2024-07-24,746525,0,0
2024-07-24,746611,0,0
2024-07-24,746851,0,0
2024-07-24,747090,0,0
2024-07-24,747091,0,0
2024-07-25,744827,0,0
2024-07-25,744907,0,0
2024-07-25,744984,0,0
2024-07-25,745794,0,0
2024-07-25,746037,0,0
2024-07-25,746117,0,0
2024-07-25,746199,0,0
2024-07-25,746609,0,0
2024-07-26,744906,1,0
2024-07-26,745068,0,0
2024-07-26,745146,1,1
2024-07-26,745315,1,0
2024-07-26,745554,0,1
2024-07-26,745792,0,0
2024-07-26,745964,1,0
2024-07-26,746200,0,0
2024-07-26,746277,0,0
2024-07-26,746361,2,2
2024-07-26,746448,1,0
2024-07-26,746767,2,0
2024-07-26,746933,0,2
2024-07-26,747010,0,0
2024-07-26,747174,3,2
2024-07-27,744908,0,0
2024-07-27,745059,0,0
2024-07-27,745150,0,0
2024-07-27,745307,0,0
2024-07-27,745310,0,0
2024-07-27,745553,0,0
2024-07-27,745793,0,0
2024-07-27,745966,0,0
2024-07-27,746203,0,0
2024-07-27,746278,0,0
2024-07-27,746362,0,0
2024-07-27,746446,0,0
2024-07-27,746768,0,0
2024-07-27,746931,0,0
2024-07-27,747006,0,0
2024-07-27,747171,0,0
2024-07-28,744902,0,0
2024-07-28,745145,0,0
2024-07-28,745305,0,0
2024-07-28,745550,0,0
2024-07-28,745795,0,0
2024-07-28,745961,0,0
2024-07-28,746195,0,0
2024-07-28,746274,0,0
2024-07-28,746364,0,0
2024-07-28,746445,0,0
2024-07-28,746770,0,0
2024-07-28,746929,0,0
2024-07-28,747008,0,0
2024-07-28,747173,0,0
2024-07-29,745147,1,0
2024-07-29,745547,0,0
2024-07-29,745791,0,0
2024-07-29,745959,1,0
2024-07-29,746360,2,0
2024-07-29,746444,0,0
2024-07-29,746684,1,0
2024-07-29,746765,0,0
2024-07-29,746928,1,0
2024-07-29,747007,0,0
2024-07-29,747039,0,0
2024-07-29,747172,2,0
2024-07-30,745060,1,0
2024-07-30,745149,0,0
2024-07-30,745309,0,0
2024-07-30,745389,2,3
2024-07-30,745546,0,0
2024-07-30,745787,0,0
2024-07-30,745958,0,0
2024-07-30,746197,0,0
2024-07-30,746365,0,0
2024-07-30,746441,0,0
2024-07-30,746683,0,0
2024-07-30,746763,0,0
2024-07-30,746926,0,0
2024-07-30,747005,0,0
2024-07-30,747167,0,0
2024-07-31,745061,0,0
2024-07-31,745148,0,0
2024-07-31,745306,0,0
2024-07-31,745386,0,0
2024-07-31,745543,0,0
2024-07-31,745789,0,0
2024-07-31,745960,0,0
2024-07-31,746198,0,0
2024-07-31,746363,0,0
2024-07-31,746678,0,0
2024-07-31,746764,0,0
2024-07-31,746925,0,0
2024-07-31,747003,0,0
2024-07-31,747170,0,0
2024-08-01,746196,0,0
2024-08-01,746442,1,0
2024-08-01,746607,0,0
2024-08-01,746849,0,1
2024-08-01,747092,0,1
2024-08-02,744825,1,3
2024-08-02,744986,1,0
2024-08-02,745224,3,3
2024-08-02,745387,0,0
2024-08-02,745471,3,1
2024-08-02,745631,0,0
2024-08-02,745719,0,0
2024-08-02,745875,0,1
2024-08-02,746193,3,0
2024-08-02,746354,1,0
2024-08-02,746443,0,0
2024-08-02,746605,0,0
2024-08-02,746679,3,0
2024-08-02,746845,0,0
2024-08-02,747089,0,0
2024-08-03,744823,0,0
2024-08-03,744987,0,0
2024-08-03,745225,0,0
2024-08-03,745388,0,0
2024-08-03,745474,0,0
2024-08-03,745636,0,0
2024-08-03,745714,0,0
2024-08-03,745876,0,0
2024-08-03,746194,0,0
2024-08-03,746358,0,0
2024-08-03,746440,0,0
2024-08-03,746608,0,0
2024-08-03,746681,0,0
2024-08-03,746846,0,0
2024-08-03,747087,0,0
2024-08-04,744826,0,0
2024-08-04,744979,0,0
2024-08-04,745222,0,0
2024-08-04,745384,0,0
2024-08-04,745468,0,0
2024-08-04,745627,0,0
2024-08-04,745718,0,0
2024-08-04,745879,0,0
2024-08-04,746191,0,0
2024-08-04,746356,0,0
2024-08-04,746439,0,0
2024-08-04,746606,0,0
2024-08-04,746680,0,0
2024-08-04,746844,0,0
2024-08-04,747088,0,0
2024-08-05,744821,0,0
2024-08-05,744982,0,0
2024-08-05,745184,2,0
2024-08-05,745628,2,0
2024-08-05,746038,0,0
2024-08-05,746116,0,0
2024-08-05,746276,0,1
2024-08-05,746600,0,0
2024-08-05,746847,0,0
2024-08-06,744817,0,0
2024-08-06,744901,0,0
2024-08-06,744983,0,0
2024-08-06,745141,0,0
2024-08-06,745221,3,0
2024-08-06,745467,3,0
2024-08-06,745629,0,0
2024-08-06,745713,3,0
2024-08-06,746033,0,0
2024-08-06,746120,0,0
2024-08-06,746273,0,0
2024-08-06,746519,1,1
2024-08-06,746602,0,0
2024-08-06,746840,0,0
2024-08-06,747086,0,0
2024-08-07,744822,0,0
2024-08-07,744903,0,0
2024-08-07,744981,0,0
2024-08-07,745142,0,0
2024-08-07,745223,0,0
2024-08-07,745469,0,0
2024-08-07,745630,0,0
2024-08-07,745709,3,0
2024-08-07,745713,3,0
2024-08-07,746031,0,0
2024-08-07,746115,0,0
2024-08-07,746272,0,0
2024-08-07,746521,0,0
2024-08-07,746602,0,0
2024-08-07,746604,0,0
2024-08-07,746842,0,0
2024-08-07,747085,0,0
2024-08-08,744819,0,0
2024-08-08,744899,0,0
2024-08-08,745143,0,0
2024-08-08,745226,0,0
2024-08-08,745466,0,0
2024-08-08,745710,0,0
2024-08-08,746030,0,0
2024-08-08,746522,0,0
2024-08-08,747081,0,0
2024-08-08,747169,0,3
2024-08-09,744818,0,0
2024-08-09,744900,3,0
2024-08-09,745062,0,1
2024-08-09,745220,1,0
2024-08-09,745308,0,3
2024-08-09,745708,1,0
2024-08-09,745871,1,0
2024-08-09,745927,1,0
2024-08-09,745957,1,1
2024-08-09,746032,0,0
2024-08-09,746113,3,0
2024-08-09,746275,0,0
2024-08-09,746523,2,0
2024-08-09,746760,0,2
2024-08-09,746927,1,1
2024-08-09,747168,0,0
2024-08-10,744820,0,0
2024-08-10,744897,0,0
2024-08-10,745056,0,0
2024-08-10,745219,0,0
2024-08-10,745304,0,0
2024-08-10,745708,1,0
2024-08-10,745712,1,0
2024-08-10,745873,0,0
2024-08-10,745955,0,0
2024-08-10,746026,0,0
2024-08-10,746112,0,0
2024-08-10,746269,0,0
2024-08-10,746520,0,0
2024-08-10,746761,0,0
2024-08-10,746922,0,0
2024-08-10,747164,0,0
2024-08-11,744816,0,0
2024-08-11,744895,0,0
2024-08-11,745057,0,0
2024-08-11,745216,0,0
2024-08-11,745303,0,0
2024-08-11,745711,0,0
2024-08-11,745872,0,0
2024-08-11,745956,0,0
2024-08-11,746025,0,0
2024-08-11,746114,0,0
2024-08-11,746517,0,0
2024-08-11,746923,0,0
2024-08-11,747166,0,0
2024-08-12,745058,0,0
2024-08-12,745300,1,0
2024-08-12,745383,0,3
2024-08-12,745874,0,0
2024-08-12,745953,2,0
2024-08-12,746192,3,3
2024-08-12,746603,1,1
2024-08-12,746682,1,1
2024-08-12,746762,1,0
2024-08-12,746921,0,0
2024-08-12,747165,1,0
2024-08-13,745055,0,0
2024-08-13,745302,0,0
2024-08-13,745382,0,0
2024-08-13,745548,0,3
2024-08-13,745788,0,3
2024-08-13,745867,0,0
2024-08-13,745954,0,0
2024-08-13,746187,0,0
2024-08-13,746435,3,3
2024-08-13,746601,0,0
2024-08-13,746673,0,0
2024-08-13,746757,0,0
2024-08-13,746924,0,0
2024-08-13,747004,0,0
2024-08-13,747160,0,0
2024-08-14,745053,0,0
2024-08-14,745301,0,0
2024-08-14,745381,0,0
2024-08-14,745544,0,0
2024-08-14,745790,0,0
2024-08-14,745869,0,0
2024-08-14,745951,0,0
2024-08-14,746188,0,0
2024-08-14,746436,0,0
2024-08-14,746598,0,0
2024-08-14,746677,0,0
2024-08-14,746759,0,0
2024-08-14,746919,0,0
2024-08-14,747000,0,0
2024-08-14,747163,0,0
2024-08-15,744980,0,1
2024-08-15,745298,0,0
2024-08-15,745545,0,0
2024-08-15,745783,0,0
2024-08-15,745950,0,0
2024-08-15,746437,0,0
2024-08-15,747002,0,0
2024-08-16,744974,0,0
2024-08-16,745054,3,0
2024-08-16,745144,0,1
2024-08-16,745462,0,3
2024-08-16,745542,0,0
2024-08-16,745784,0,0
2024-08-16,745949,1,0
2024-08-16,746189,0,0
2024-08-16,746357,0,1
2024-08-16,746438,1,0
2024-08-16,746518,1,1
2024-08-16,746674,1,0
2024-08-16,746843,2,1
2024-08-16,747001,0,0
2024-08-17,744977,0,0
2024-08-17,745049,0,0
2024-08-17,745140,0,0
2024-08-17,745463,0,0
2024-08-17,745537,0,0
2024-08-17,745626,0,3
2024-08-17,745785,0,0
2024-08-17,745952,0,0
2024-08-17,746190,0,0
2024-08-17,746355,0,0
2024-08-17,746434,0,0
2024-08-17,746515,0,0
2024-08-17,746675,0,0
2024-08-17,746841,0,0
2024-08-17,746997,0,0
2024-08-18,744975,0,0
2024-08-18,745051,0,0
2024-08-18,745139,0,0
2024-08-18,745464,0,0
2024-08-18,745539,0,0
2024-08-18,745621,0,0
2024-08-18,745786,0,0
2024-08-18,745948,0,0
2024-08-18,746186,0,0
2024-08-18,746359,0,0
2024-08-18,746431,0,0
2024-08-18,746516,0,0
2024-08-18,746676,0,0
2024-08-18,746838,0,0
2024-08-18,746999,0,0
2024-08-19,744898,0,1
2024-08-19,744976,1,0
2024-08-19,745294,2,0
2024-08-19,745380,2,1
2024-08-19,745620,3,0
2024-08-19,745780,0,0
2024-08-19,746027,0,0
2024-08-19,746109,3,2
2024-08-19,746270,2,1
2024-08-19,746351,1,0
2024-08-20,744814,2,0
2024-08-20,744896,0,0
2024-08-20,744978,0,0
2024-08-20,745136,0,0
2024-08-20,745295,0,0
2024-08-20,745374,0,0
2024-08-20,745624,0,0
2024-08-20,745707,1,0
2024-08-20,745782,0,0
2024-08-20,746029,0,0
2024-08-20,746107,0,0
2024-08-20,746266,0,0
2024-08-20,746349,0,0
2024-08-20,746839,1,0
2024-08-20,747083,0,3
2024-08-21,744812,0,0
2024-08-21,744893,0,0
2024-08-21,744973,0,0
2024-08-21,745138,0,0
2024-08-21,745297,0,0
2024-08-21,745375,0,0
2024-08-21,745622,0,0
2024-08-21,745704,0,0
2024-08-21,745781,0,0
2024-08-21,746028,0,0
2024-08-21,746110,0,0
2024-08-21,746267,0,0
2024-08-21,746350,0,0
2024-08-21,746837,0,0
2024-08-21,747084,0,0
2024-08-22,744815,0,0
2024-08-22,744894,1,0
2024-08-22,745137,0,0
2024-08-22,745379,3,0
2024-08-22,745465,0,1
2024-08-22,745623,0,0
2024-08-22,745705,0,0
2024-08-22,746836,0,0
2024-08-22,746998,1,0
2024-08-22,747082,0,0
2024-08-23,744889,0,0
2024-08-23,745217,0,0
2024-08-23,745378,0,0
2024-08-23,745460,0,0
2024-08-23,745625,2,0
2024-08-23,745702,0,0
2024-08-23,745870,0,2
2024-08-23,746024,1,0
2024-08-23,746111,0,0
2024-08-23,746268,1,0
2024-08-23,746597,1,0
2024-08-23,746758,0,2
2024-08-23,746920,0,1
2024-08-23,746995,0,0
2024-08-23,747080,0,0
2024-08-24,744890,0,0
2024-08-24,745218,0,0
2024-08-24,745377,0,0
2024-08-24,745457,0,0
2024-08-24,745617,0,0
2024-08-24,745703,0,0
2024-08-24,745868,0,0
2024-08-24,746022,0,0
2024-08-24,746108,0,0
2024-08-24,746271,0,0
2024-08-24,746599,0,0
2024-08-24,746756,0,0
2024-08-24,746917,0,0
2024-08-24,746996,0,0
2024-08-24,747077,0,0
2024-08-25,744892,0,0
2024-08-25,745212,0,0
2024-08-25,745376,0,0
2024-08-25,745459,0,0
2024-08-25,745618,0,0
2024-08-25,745706,0,0
2024-08-25,745863,0,0
2024-08-25,746023,0,0
2024-08-25,746106,0,0
2024-08-25,746263,0,0
2024-08-25,746595,0,0
2024-08-25,746754,0,0
2024-08-25,746918,0,0
2024-08-25,746994,0,0
2024-08-25,747078,0,0
2024-08-26,744813,0,0
2024-08-26,745133,2,0
2024-08-26,745215,0,0
2024-08-26,745458,0,0
2024-08-26,745538,0,1
2024-08-26,745865,1,0
2024-08-26,746513,2,2
2024-08-26,746596,1,0
2024-08-26,746628,1,0
2024-08-26,746753,0,0
2024-08-26,746915,0,0
2024-08-26,746942,0,0
2024-08-27,744811,0,0
2024-08-27,745132,0,0
2024-08-27,745213,0,0
2024-08-27,745461,0,0
2024-08-27,745540,0,0
2024-08-27,745864,0,0
2024-08-27,745946,2,2
2024-08-27,746105,3,0
2024-08-27,746429,0,1
2024-08-27,746510,0,0
2024-08-27,746594,0,0
2024-08-27,746671,3,0
2024-08-27,746755,1,0
2024-08-27,746916,0,0
2024-08-27,747162,0,3
2024-08-28,744809,0,0
2024-08-28,745134,0,0
2024-08-28,745211,0,0
2024-08-28,745452,0,0
2024-08-28,745541,0,0
2024-08-28,745866,0,0
2024-08-28,745943,0,0
2024-08-28,746103,0,0
2024-08-28,746430,0,0
2024-08-28,746512,0,0
2024-08-28,746589,0,0
2024-08-28,746672,0,0
2024-08-28,746752,0,0
2024-08-28,746755,1,0
2024-08-28,746913,0,0
2024-08-28,747161,0,0
2024-08-29,745135,0,0
2024-08-29,745531,1,0
2024-08-29,745945,0,0
2024-08-29,746102,0,0
2024-08-29,746352,1,1
2024-08-29,746432,0,0
2024-08-29,746514,0,0
2024-08-29,746670,0,0
2024-08-29,746748,0,0
2024-08-29,746914,0,0
2024-08-29,747159,0,0
2024-08-30,744810,0,0
2024-08-30,744969,1,0
2024-08-30,745052,1,3
2024-08-30,745299,1,2
2024-08-30,745533,0,0
2024-08-30,745700,1,0
2024-08-30,745862,1,0
2024-08-30,746184,0,3
2024-08-30,746353,0,0
2024-08-30,746433,0,0
2024-08-30,746511,1,0
2024-08-30,746593,0,0
2024-08-30,746665,1,0
2024-08-30,746730,1,0
2024-08-30,746749,2,0
2024-08-30,747156,0,0
2024-08-31,744808,0,0
2024-08-31,744971,0,0
2024-08-31,745050,0,0
2024-08-31,745296,0,0
2024-08-31,745532,0,0
2024-08-31,745699,0,0
2024-08-31,745859,0,0
2024-08-31,746182,0,0
2024-08-31,746348,0,0
2024-08-31,746424,0,0
2024-08-31,746507,0,0
2024-08-31,746590,0,0
2024-08-31,746667,0,0
2024-08-31,746751,0,0
2024-08-31,747158,0,0
2024-09-01,744806,0,0
2024-09-01,744970,0,0
2024-09-01,745048,0,0
2024-09-01,745292,0,0
2024-09-01,745536,0,0
2024-09-01,745701,0,0
2024-09-01,745861,0,0
2024-09-01,746183,0,0
2024-09-01,746347,0,0
2024-09-01,746426,0,0
2024-09-01,746505,0,0
2024-09-01,746592,0,0
2024-09-01,746669,0,0
2024-09-01,746750,0,0
2024-09-01,747157,0,0
2024-09-02,744972,1,0
2024-09-02,745046,1,0
2024-09-02,745373,3,3
2024-09-02,745619,0,2
2024-09-02,745779,0,1
2024-09-02,745947,1,1
2024-09-02,746265,1,0
2024-09-02,746668,1,0
2024-09-02,746833,1,1
2024-09-02,746992,1,2
2024-09-02,747155,0,0
2024-09-03,744891,0,1
2024-09-03,744968,0,0
2024-09-03,745047,0,0
2024-09-03,745293,0,0
2024-09-03,745615,0,0
2024-09-03,745778,0,0
2024-09-03,745944,0,0
2024-09-03,746020,0,3
2024-09-03,746185,0,0
2024-09-03,746264,0,0
2024-09-03,746834,0,0
2024-09-03,746991,0,0
2024-09-03,747079,2,0
2024-09-04,744887,0,0
2024-09-04,744964,0,0
2024-09-04,745045,0,0
2024-09-04,745290,0,0
2024-09-04,745370,0,0
2024-09-04,745614,0,0
2024-09-04,745776,0,0
2024-09-04,745938,0,0
2024-09-04,746019,0,0
2024-09-04,746178,0,0
2024-09-04,746262,0,0
2024-09-04,746666,0,0
2024-09-04,746835,0,0
2024-09-04,746990,0,0
2024-09-04,747075,0,0
2024-09-05,744966,2,0
2024-09-05,745042,0,0
2024-09-05,745289,0,0
2024-09-05,745369,0,0
2024-09-05,745451,0,1
2024-09-05,745612,0,0
2024-09-05,746021,0,0
2024-09-05,746664,0,0
2024-09-05,747073,0,0
2024-09-06,744967,0,0
2024-09-06,745131,2,0
2024-09-06,745371,0,0
2024-09-06,745455,0,0
2024-09-06,745611,0,0
2024-09-06,745777,0,0
2024-09-06,745941,1,0
2024-09-06,746016,0,0
2024-09-06,746104,2,0
2024-09-06,746257,1,0
2024-09-06,746343,2,1
2024-09-06,746832,0,0
2024-09-06,746912,0,0
2024-09-06,746993,0,0
2024-09-06,747074,0,0
2024-09-07,744963,0,0
2024-09-07,745125,0,0
2024-09-07,745372,0,0
2024-09-07,745455,0,0
2024-09-07,745456,0,0
2024-09-07,745613,0,0
2024-09-07,745775,0,0
2024-09-07,745942,0,0
2024-09-07,746018,0,0
2024-09-07,746099,0,0
2024-09-07,746259,0,0
2024-09-07,746344,0,0
2024-09-07,746829,0,0
2024-09-07,746911,0,0
2024-09-07,746986,0,0
2024-09-07,747076,0,0
2024-09-08,744965,0,0
2024-09-08,745128,0,0
2024-09-08,745368,0,0
2024-09-08,745453,0,0
2024-09-08,745616,0,0
2024-09-08,745774,0,0
2024-09-08,745940,0,0
2024-09-08,746017,0,0
2024-09-08,746098,0,0
2024-09-08,746258,0,0
2024-09-08,746345,0,0
2024-09-08,746827,0,0
2024-09-08,746910,0,0
2024-09-08,746989,0,0
2024-09-08,747072,0,0
2024-09-09,744888,0,0
2024-09-09,745454,0,0
2024-09-09,745534,0,0
2024-09-09,745698,1,1
2024-09-09,745860,0,0
2024-09-09,746101,2,0
2024-09-09,746746,2,1
2024-09-09,746909,0,0
2024-09-09,747090,0,0
2024-09-10,744807,0,0
2024-09-10,744886,0,0
2024-09-10,745126,1,0
2024-09-10,745210,0,2
2024-09-10,745291,2,0
2024-09-10,745446,0,0
2024-09-10,745535,0,0
2024-09-10,745694,0,0
2024-09-10,745856,0,0
2024-09-10,746097,0,0
2024-09-10,746346,2,0
2024-09-10,746428,1,3
2024-09-10,746747,0,0
2024-09-10,746907,0,0
2024-09-10,747152,2,2
2024-09-11,744804,0,0
2024-09-11,744881,0,0
2024-09-11,745127,0,0
2024-09-11,745214,0,0
2024-09-11,745285,0,0
2024-09-11,745450,0,0
2024-09-11,745525,0,0
2024-09-11,745697,0,0
2024-09-11,745857,0,0
2024-09-11,746100,0,0
2024-09-11,746342,0,0
2024-09-11,746425,0,0
2024-09-11,746745,0,0
2024-09-11,746908,0,0
2024-09-11,747154,0,0
2024-09-12,744805,0,0
2024-09-12,745129,0,0
2024-09-12,745208,0,0
2024-09-12,745288,0,0
2024-09-12,745695,0,0
2024-09-12,746337,0,0
2024-09-12,746427,0,0
2024-09-12,746591,0,1
2024-09-13,744800,0,0
2024-09-13,744882,1,0
2024-09-13,745207,0,0
2024-09-13,745286,0,0
2024-09-13,745447,0,0
2024-09-13,745529,0,0
2024-09-13,745696,0,0
2024-09-13,745855,0,0
2024-09-13,746181,2,2
2024-09-13,746423,0,0
2024-09-13,746509,1,2
2024-09-13,746586,0,0
2024-09-13,746744,0,0
2024-09-13,747069,3,0
2024-09-13,747153,0,0
2024-09-14,744803,0,0
2024-09-14,744884,0,0
2024-09-14,745209,0,0
2024-09-14,745284,0,0
2024-09-14,745448,0,0
2024-09-14,745528,0,0
2024-09-14,745689,0,0
2024-09-14,745858,0,0
2024-09-14,746177,0,0
2024-09-14,746422,0,0
2024-09-14,746508,0,0
2024-09-14,746584,0,0
2024-09-14,746740,0,0
2024-09-14,747070,0,0
2024-09-14,747148,0,0
2024-09-15,744801,0,0
2024-09-15,744883,0,0
2024-09-15,745206,0,0
2024-09-15,745287,0,0
2024-09-15,745449,0,0
2024-09-15,745530,0,0
2024-09-15,745693,0,0
2024-09-15,745852,0,0
2024-09-15,746180,0,0
2024-09-15,746419,0,0
2024-09-15,746506,0,0
2024-09-15,746585,0,0
2024-09-15,746741,0,0
2024-09-15,747071,0,0
2024-09-15,747151,0,0
2024-09-16,745130,1,1
2024-09-16,745367,0,0
2024-09-16,745773,0,0
2024-09-16,745939,1,2
2024-09-16,746179,2,0
2024-09-16,746260,1,1
2024-09-16,746502,1,0
2024-09-16,746588,1,0
2024-09-16,746828,0,1
2024-09-16,747067,0,0
2024-09-17,744961,1,2
2024-09-17,745044,0,0
2024-09-17,745122,0,0
2024-09-17,745205,3,0
2024-09-17,745366,0,0
2024-09-17,745772,0,0
2024-09-17,745935,0,0
2024-09-17,746015,0,0
2024-09-17,746176,0,0
2024-09-17,746261,0,0
2024-09-17,746503,0,0
2024-09-17,746587,0,0
2024-09-17,746659,0,1
2024-09-17,746830,0,0
2024-09-17,746987,3,0
2024-09-18,744959,0,0
2024-09-18,745040,0,0
2024-09-18,745121,0,0
2024-09-18,745199,0,0
2024-09-18,745365,0,0
2024-09-18,745771,0,0
2024-09-18,745933,0,0
2024-09-18,746014,0,0
2024-09-18,746172,0,0
2024-09-18,746254,0,0
2024-09-18,746500,0,0
2024-09-18,746582,0,0
2024-09-18,746662,0,0
2024-09-18,746831,0,0
2024-09-18,746988,0,0
2024-09-19,744962,0,0
2024-09-19,745041,0,0
2024-09-19,745120,0,0
2024-09-19,745204,0,0
2024-09-19,745769,1,0
2024-09-19,745937,1,0
2024-09-19,746011,0,0
2024-09-19,746341,2,2
2024-09-19,746579,0,0
2024-09-19,746663,0,0
2024-09-19,746823,1,0
2024-09-19,746985,0,0
2024-09-20,744960,2,0
2024-09-20,745043,1,0
2024-09-20,745123,1,0
2024-09-20,745364,0,0
2024-09-20,745606,0,2
2024-09-20,745770,0,0
2024-09-20,745934,0,0
2024-09-20,746013,0,0
2024-09-20,746094,1,3
2024-09-20,746256,1,0
2024-09-20,746340,0,0
2024-09-20,746661,1,0
2024-09-20,746824,0,0
2024-09-20,746905,0,0
2024-09-20,746984,1,0
2024-09-21,744958,0,0
2024-09-21,745038,0,0
2024-09-21,745124,0,0
2024-09-21,745360,0,0
2024-09-21,745610,0,0
2024-09-21,745768,0,0
2024-09-21,745936,0,0
2024-09-21,746012,0,0
2024-09-21,746096,0,0
2024-09-21,746255,0,0
2024-09-21,746338,0,0
2024-09-21,746660,0,0
2024-09-21,746826,0,0
2024-09-21,746906,0,0
2024-09-21,746983,0,0
2024-09-22,744955,0,0
2024-09-22,745036,0,0
2024-09-22,745118,0,0
2024-09-22,745358,0,0
2024-09-22,745608,0,0
2024-09-22,745767,0,0
2024-09-22,745929,0,0
2024-09-22,746010,0,0
2024-09-22,746092,0,0
2024-09-22,746253,0,0
2024-09-22,746339,0,0
2024-09-22,746657,0,0
2024-09-22,746825,0,0
2024-09-22,746903,0,0
2024-09-22,746906,0,0
2024-09-22,746982,0,0
2024-09-23,744885,0,0
2024-09-23,745527,1,0
2024-09-23,746334,0,0
2024-09-23,747150,2,2
2024-09-24,744802,1,1
2024-09-24,744876,0,0
2024-09-24,745441,1,0
2024-09-24,745526,0,0
2024-09-24,745605,2,0
2024-09-24,745688,0,3
2024-09-24,745851,1,1
2024-09-24,746093,0,0
2024-09-24,746336,0,0
2024-09-24,746421,0,0
2024-09-24,746504,1,1
2024-09-24,746581,0,1
2024-09-24,746743,0,2
2024-09-24,747068,0,0
2024-09-24,747149,0,0
2024-09-25,744795,0,0
2024-09-25,744877,0,0
2024-09-25,745442,0,0
2024-09-25,745521,0,0
2024-09-25,745607,0,0
2024-09-25,745690,0,0
2024-09-25,745854,0,0
2024-09-25,746095,0,0
2024-09-25,746331,0,0
2024-09-25,746420,0,0
2024-09-25,746501,0,0
2024-09-25,746583,0,0
2024-09-25,746742,0,0
2024-09-25,747064,0,0
2024-09-25,747144,0,0
2024-09-26,744796,0,0
2024-09-26,745443,0,0
2024-09-26,745609,0,0
2024-09-26,745691,0,0
2024-09-26,745853,0,0
2024-09-26,746088,0,0
2024-09-26,746415,0,0
2024-09-26,746495,0,0
2024-09-26,746738,0,0
2024-09-26,747139,0,0
2024-09-27,744797,0,0
2024-09-27,744879,1,0
2024-09-27,745202,0,2
2024-09-27,745280,1,0
2024-09-27,745692,0,0
2024-09-27,745847,1,0
2024-09-27,745930,1,1
2024-09-27,746173,0,2
2024-09-27,746417,1,0
2024-09-27,746494,1,0
2024-09-27,746580,1,0
2024-09-27,746822,1,1
2024-09-27,746904,0,0
2024-09-27,747065,0,0
2024-09-27,747145,0,0
2024-09-28,744799,0,0
2024-09-28,744878,0,0
2024-09-28,745203,0,0
2024-09-28,745281,0,0
2024-09-28,745685,0,0
2024-09-28,745849,0,0
2024-09-28,745931,0,0
2024-09-28,746171,0,0
2024-09-28,746414,0,0
2024-09-28,746499,0,0
2024-09-28,746578,0,0
2024-09-28,746819,0,0
2024-09-28,746902,0,0
2024-09-28,747066,0,0
2024-09-28,747146,0,0
2024-09-29,744798,0,0
2024-09-29,744880,0,0
2024-09-29,745201,0,0
2024-09-29,745282,0,0
2024-09-29,745686,0,0
2024-09-29,745846,0,0
2024-09-29,745932,0,0
2024-09-29,746174,0,0
2024-09-29,746416,0,0
2024-09-29,746496,0,0
2024-09-29,746820,0,0
2024-09-29,746901,0,0
2024-09-29,747061,0,0
2024-09-29,747147,0,0
2024-09-30,747064,1,0
2024-09-30,747139,1,0
2025-04-01,778485,0,0
2025-04-01,778486,0,0
2025-04-01,778487,0,0
2025-04-01,778488,0,0
2025-04-01,778489,0,0
2025-04-01,778490,0,0
2025-04-01,778491,0,0
2025-04-01,778492,3,0
2025-04-01,778493,0,0
2025-04-01,778494,0,0
2025-04-01,778495,0,0
2025-04-01,778497,0,0
2025-04-01,778498,0,0
2025-04-02,778469,0,0
2025-04-02,778471,0,0
2025-04-02,778472,0,0
2025-04-02,778473,0,0
2025-04-02,778474,0,0
2025-04-02,778475,0,0
2025-04-02,778476,0,0
2025-04-02,778477,0,0
2025-04-02,778478,0,0
2025-04-02,778479,0,0
2025-04-02,778480,0,0
2025-04-02,778481,0,0
2025-04-02,778482,0,0
2025-04-02,778483,0,0
2025-04-02,778484,0,0
2025-04-03,778462,0,0
2025-04-03,778466,0,0
2025-04-03,778467,0,0
2025-04-03,778468,1,0
2025-04-03,778470,0,0
2025-04-04,778444,0,2
2025-04-04,778447,0,2
2025-04-04,778453,0,0
2025-04-04,778454,1,1
2025-04-04,778455,1,0
2025-04-04,778456,1,2
2025-04-04,778457,0,0
2025-04-04,778458,1,3
2025-04-04,778459,3,0
2025-04-04,778460,2,2
2025-04-04,778461,0,0
2025-04-04,778463,1,0
2025-04-04,778464,0,3
2025-04-04,778465,0,0
2025-04-05,778436,0,0
2025-04-05,778437,0,0
2025-04-05,778438,0,0
2025-04-05,778439,0,0
2025-04-05,778440,0,0
2025-04-05,778441,0,0
2025-04-05,778442,0,0
2025-04-05,778443,0,0
2025-04-05,778445,0,0
2025-04-05,778446,0,0
2025-04-05,778448,0,0
2025-04-05,778449,0,0
2025-04-05,778450,0,0
2025-04-05,778451,0,0
2025-04-05,778452,0,0
2025-04-06,778419,0,0
2025-04-06,778420,0,0
2025-04-06,778421,0,0
2025-04-06,778422,0,0
2025-04-06,778423,0,0
2025-04-06,778425,0,0
2025-04-06,778427,0,0
2025-04-06,778428,0,0
2025-04-06,778429,0,0
2025-04-06,778430,0,0
2025-04-06,778431,0,0
2025-04-06,778432,0,0
2025-04-06,778433,0,0
2025-04-06,778434,0,0
2025-04-06,778435,0,0
2025-04-06,778443,0,0
2025-04-07,778405,2,0
2025-04-07,778410,2,0
2025-04-07,778411,0,0
2025-04-07,778412,0,0
2025-04-07,778413,2,3
2025-04-07,778414,2,1
2025-04-07,778415,0,0
2025-04-07,778416,0,0
2025-04-07,778418,0,0
2025-04-07,778424,0,0
2025-04-07,778426,0,0
2025-04-08,778394,1,0
2025-04-08,778395,0,0
2025-04-08,778396,0,0
2025-04-08,778397,0,0
2025-04-08,778398,0,0
2025-04-08,778400,0,0
2025-04-08,778401,0,0
2025-04-08,778402,0,3
2025-04-08,778403,0,0
2025-04-08,778404,0,0
2025-04-08,778406,0,0
2025-04-08,778407,0,0
2025-04-08,778408,0,0
2025-04-08,778409,0,0
2025-04-08,778417,3,1
2025-04-09,778376,0,0
2025-04-09,778379,0,0
2025-04-09,778380,0,0
2025-04-09,778381,0,0
2025-04-09,778383,0,0
2025-04-09,778385,0,0
2025-04-09,778386,0,0
2025-04-09,778387,0,0
2025-04-09,778388,0,0
2025-04-09,778389,0,0
2025-04-09,778390,0,0
2025-04-09,778391,0,0
2025-04-09,778392,0,0
2025-04-09,778393,0,0
2025-04-09,778399,0,0
2025-04-10,778371,0,0
2025-04-10,778373,0,0
2025-04-10,778377,0,0
2025-04-10,778378,0,0
2025-04-10,778382,0,0
2025-04-10,778384,0,0
2025-04-11,778356,2,3
2025-04-11,778358,3,0
2025-04-11,778360,2,0
2025-04-11,778361,1,0
2025-04-11,778363,1,0
2025-04-11,778364,1,0
2025-04-11,778365,1,1
2025-04-11,778366,1,1
2025-04-11,778367,0,0
2025-04-11,778368,1,2
2025-04-11,778369,0,0
2025-04-11,778370,3,0
2025-04-11,778372,0,3
2025-04-11,778374,0,3
2025-04-11,778375,1,0
2025-04-12,778341,0,0
2025-04-12,778345,0,0
2025-04-12,778346,0,0
2025-04-12,778347,0,0
2025-04-12,778348,0,0
2025-04-12,778349,0,0
2025-04-12,778350,0,0
2025-04-12,778351,0,0
2025-04-12,778352,0,0
2025-04-12,778353,0,0
2025-04-12,778354,0,0
2025-04-12,778355,0,0
2025-04-12,778357,0,0
2025-04-12,778359,0,0
2025-04-12,778362,0,3
2025-04-13,778329,0,0
2025-04-13,778330,0,0
2025-04-13,778331,0,0
2025-04-13,778332,0,0
2025-04-13,778333,0,0
2025-04-13,778334,0,0
2025-04-13,778335,0,0
2025-04-13,778336,0,0
2025-04-13,778337,0,0
2025-04-13,778338,0,0
2025-04-13,778339,0,0
2025-04-13,778340,0,0
2025-04-13,778342,0,0
2025-04-13,778343,0,0
2025-04-13,778344,0,0
2025-04-14,778315,0,0
2025-04-14,778320,0,1
2025-04-14,778321,0,0
2025-04-14,778322,0,0
2025-04-14,778323,0,2
2025-04-14,778324,2,0
2025-04-14,778325,0,0
2025-04-14,778326,0,0
2025-04-14,778327,0,0
2025-04-14,778328,1,0
2025-04-15,778302,0,0
2025-04-15,778305,0,0
2025-04-15,778306,0,2
2025-04-15,778307,0,0
2025-04-15,778308,0,0
2025-04-15,778309,2,0
2025-04-15,778310,0,0
2025-04-15,778311,0,0
2025-04-15,778312,0,0
2025-04-15,778313,0,0
2025-04-15,778314,0,0
2025-04-15,778316,3,0
2025-04-15,778317,0,0
2025-04-15,778318,3,0
2025-04-15,778319,0,0
2025-04-16,778287,0,0
2025-04-16,778288,0,0
2025-04-16,778289,0,0
2025-04-16,778290,0,0
2025-04-16,778293,0,0
2025-04-16,778294,0,0
2025-04-16,778295,0,0
2025-04-16,778296,0,0
2025-04-16,778297,0,0
2025-04-16,778298,0,0
2025-04-16,778299,0,0
2025-04-16,778300,0,0
2025-04-16,778301,0,0
2025-04-16,778303,0,0
2025-04-16,778304,0,0
2025-04-17,778278,1,1
2025-04-17,778279,0,0
2025-04-17,778280,0,0
2025-04-17,778281,0,0
2025-04-17,778282,0,0
2025-04-17,778283,0,0
2025-04-17,778285,0,0
2025-04-17,778286,0,1
2025-04-17,778291,0,0
2025-04-17,778292,0,0
2025-04-18,778260,3,2
2025-04-18,778261,0,0
2025-04-18,778263,2,0
2025-04-18,778266,2,1
2025-04-18,778268,1,2
2025-04-18,778269,2,0
2025-04-18,778270,0,0
2025-04-18,778271,0,0
2025-04-18,778272,0,0
2025-04-18,778273,0,0
2025-04-18,778274,0,0
2025-04-18,778275,1,0
2025-04-18,778276,0,0
2025-04-18,778277,0,0
2025-04-18,778284,1,0
2025-04-19,778243,0,0
2025-04-19,778247,2,1
2025-04-19,778251,0,0
2025-04-19,778252,0,0
2025-04-19,778253,0,0
2025-04-19,778254,0,0
2025-04-19,778255,0,0
2025-04-19,778256,0,0
2025-04-19,778257,0,0
2025-04-19,778258,0,0
2025-04-19,778259,0,0
2025-04-19,778262,0,0
2025-04-19,778264,0,0
2025-04-19,778265,0,0
2025-04-19,778267,0,0
2025-04-20,778232,0,0
2025-04-20,778234,0,0
2025-04-20,778235,0,0
2025-04-20,778236,0,0
2025-04-20,778237,0,0
2025-04-20,778239,0,0
2025-04-20,778240,0,0
2025-04-20,778241,0,0
2025-04-20,778242,0,0
2025-04-20,778244,0,0
2025-04-20,778245,0,0
2025-04-20,778246,0,0
2025-04-20,778248,0,0
2025-04-20,778249,0,0
2025-04-20,778250,0,0
2025-04-20,778266,0,0
2025-04-21,778225,0,0
2025-04-21,778226,2,0
2025-04-21,778227,0,0
2025-04-21,778228,1,0
2025-04-21,778230,0,0
2025-04-21,778231,1,0
2025-04-21,778233,0,0
2025-04-21,778238,0,0
2025-04-22,778210,0,0
2025-04-22,778211,3,0
2025-04-22,778212,3,2
2025-04-22,778213,2,2
2025-04-22,778215,1,1
2025-04-22,778216,1,1
2025-04-22,778217,0,0
2025-04-22,778218,0,0
2025-04-22,778219,0,0
2025-04-22,778220,0,0
2025-04-22,778221,0,0
2025-04-22,778222,0,2
2025-04-22,778223,0,0
2025-04-22,778224,0,0
2025-04-22,778229,0,0
2025-04-23,778195,0,0
2025-04-23,778197,0,0
2025-04-23,778198,0,0
2025-04-23,778199,0,0
2025-04-23,778200,0,0
2025-04-23,778201,0,0
2025-04-23,778202,0,0
2025-04-23,778203,0,0
2025-04-23,778204,0,0
2025-04-23,778205,0,0
2025-04-23,778206,0,0
2025-04-23,778207,0,0
2025-04-23,778208,0,0
2025-04-23,778209,0,0
2025-04-23,778214,0,0
2025-04-24,778188,0,0
2025-04-24,778189,0,0
2025-04-24,778190,0,0
2025-04-24,778191,0,0
2025-04-24,778192,0,0
2025-04-24,778193,0,0
2025-04-24,778194,0,0
2025-04-24,778195,0,0
2025-04-24,778196,0,0
2025-04-25,778171,0,0
2025-04-25,778172,0,3
2025-04-25,778175,3,3
2025-04-25,778176,0,2
2025-04-25,778177,3,0
2025-04-25,778178,2,0
2025-04-25,778179,0,0
2025-04-25,778180,0,0
2025-04-25,778181,2,1
2025-04-25,778182,1,0
2025-04-25,778183,0,0
2025-04-25,778184,2,1
2025-04-25,778185,1,0
2025-04-25,778186,2,0
2025-04-25,778187,0,0
2025-04-26,778154,0,0
2025-04-26,778159,0,0
2025-04-26,778160,0,0
2025-04-26,778161,0,0
2025-04-26,778162,0,0
2025-04-26,778163,0,0
2025-04-26,778164,0,0
2025-04-26,778165,0,0
2025-04-26,778166,0,0
2025-04-26,778167,0,0
2025-04-26,778168,0,0
2025-04-26,778169,0,0
2025-04-26,778170,0,0
2025-04-26,778173,0,0
2025-04-26,778174,0,0
2025-04-26,778179,0,0
2025-04-26,778180,0,0
2025-04-27,778136,0,0
2025-04-27,778144,0,0
2025-04-27,778145,0,0
2025-04-27,778146,0,0
2025-04-27,778147,0,0
2025-04-27,778148,0,0
2025-04-27,778149,0,0
2025-04-27,778150,0,0
2025-04-27,778151,0,0
2025-04-27,778152,0,0
2025-04-27,778153,0,0
2025-04-27,778155,0,0
2025-04-27,778156,0,0
2025-04-27,778157,0,0
2025-04-27,778158,0,0
2025-04-27,778170,0,0
2025-04-28,778132,0,0
2025-04-28,778137,1,0
2025-04-28,778138,0,0
2025-04-28,778139,1,0
2025-04-28,778140,0,0
2025-04-28,778141,1,2
2025-04-28,778142,1,0
2025-04-28,778143,2,2
2025-04-29,778120,0,0
2025-04-29,778121,2,0
2025-04-29,778122,0,0
2025-04-29,778124,0,0
2025-04-29,778125,0,2
2025-04-29,778126,0,0
2025-04-29,778127,0,0
2025-04-29,778128,1,3
2025-04-29,778129,0,0
2025-04-29,778130,3,0
2025-04-29,778131,0,1
2025-04-29,778133,0,0
2025-04-29,778134,0,0
2025-04-29,778135,1,3
2025-04-30,778102,0,0
2025-04-30,778104,0,0
2025-04-30,778105,0,0
2025-04-30,778106,0,0
2025-04-30,778109,0,0
2025-04-30,778110,0,0
2025-04-30,778111,0,0
2025-04-30,778112,0,0
2025-04-30,778113,0,0
2025-04-30,778114,0,0
2025-04-30,778115,0,0
2025-04-30,778116,0,0
2025-04-30,778117,0,0
2025-04-30,778118,0,0
2025-04-30,778119,0,0
2025-04-30,778134,0,0
2025-05-01,778094,0,0
2025-05-01,778095,0,0
2025-05-01,778096,0,0
2025-05-01,778097,0,0
2025-05-01,778098,1,0
2025-05-01,778099,0,0
2025-05-01,778100,0,0
2025-05-01,778101,2,0
2025-05-01,778103,0,0
2025-05-01,778107,0,0
2025-05-01,778108,0,0
2025-05-02,778079,0,0
2025-05-02,778080,1,0
2025-05-02,778081,0,0
2025-05-02,778082,0,0
2025-05-02,778083,2,0
2025-05-02,778084,1,1
2025-05-02,778085,0,0
2025-05-02,778086,0,0
2025-05-02,778087,0,0
2025-05-02,778088,0,0
2025-05-02,778089,0,0
2025-05-02,778090,3,0
2025-05-02,778091,1,3
2025-05-02,778092,3,2
2025-05-02,778093,0,0
2025-05-03,778064,0,0
2025-05-03,778065,0,0
2025-05-03,778066,0,0
2025-05-03,778067,0,0
2025-05-03,778068,0,0
2025-05-03,778069,0,0
2025-05-03,778070,0,0
2025-05-03,778071,0,0
2025-05-03,778072,0,0
2025-05-03,778073,0,0
2025-05-03,778074,0,0
2025-05-03,778075,0,0
2025-05-03,778076,0,0
2025-05-03,778077,0,0
2025-05-03,778078,0,0
2025-05-04,778048,0,0
2025-05-04,778050,0,0
2025-05-04,778051,0,0
2025-05-04,778052,0,0
2025-05-04,778053,0,0
2025-05-04,778054,0,0
2025-05-04,778055,0,0
2025-05-04,778056,0,0
2025-05-04,778057,0,0
2025-05-04,778058,0,0
2025-05-04,778059,0,0
2025-05-04,778060,0,0
2025-05-04,778061,0,0
2025-05-04,778062,0,0
2025-05-04,778063,0,0
2025-05-04,778068,0,0
2025-05-05,778036,1,0
2025-05-05,778038,2,3
2025-05-05,778039,2,3
2025-05-05,778042,0,0
2025-05-05,778043,0,1
2025-05-05,778044,2,0
2025-05-05,778045,0,0
2025-05-05,778046,0,0
2025-05-05,778047,0,0
2025-05-05,778049,0,0
2025-05-06,778024,0,0
2025-05-06,778025,3,0
2025-05-06,778026,0,0
2025-05-06,778027,0,0
2025-05-06,778028,1,1
2025-05-06,778029,1,1
2025-05-06,778030,0,0
2025-05-06,778031,0,0
2025-05-06,778032,0,0
2025-05-06,778033,0,0
2025-05-06,778034,0,0
2025-05-06,778035,0,0
2025-05-06,778037,1,0
2025-05-06,778040,0,0
2025-05-06,778041,0,0
2025-05-06,778046,0,0
2025-05-07,778009,0,0
2025-05-07,778010,0,0
2025-05-07,778011,0,0
2025-05-07,778012,0,0
2025-05-07,778013,1,1
2025-05-07,778014,0,0
2025-05-07,778015,0,0
2025-05-07,778016,0,0
2025-05-07,778017,0,0
2025-05-07,778018,0,0
2025-05-07,778019,0,0
2025-05-07,778020,0,0
2025-05-07,778021,0,0
2025-05-07,778022,0,0
2025-05-07,778023,0,0
2025-05-08,777999,3,0
2025-05-08,778000,0,0
2025-05-08,778003,0,0
2025-05-08,778004,0,0
2025-05-08,778005,0,0
2025-05-08,778006,0,0
2025-05-08,778007,0,0
2025-05-08,778008,0,0
2025-05-08,778029,0,0
2025-05-09,777984,0,0
2025-05-09,777986,2,0
2025-05-09,777988,0,0
2025-05-09,777989,1,0
2025-05-09,777990,1,0
2025-05-09,777991,1,0
2025-05-09,777992,0,0
2025-05-09,777993,2,0
2025-05-09,777994,3,0
2025-05-09,777995,1,0
2025-05-09,777996,0,2
2025-05-09,777997,0,0
2025-05-09,777998,0,1
2025-05-09,778001,1,3
2025-05-09,778002,1,0
2025-05-10,777970,0,0
2025-05-10,777972,0,0
2025-05-10,777973,0,0
2025-05-10,777974,0,0
2025-05-10,777975,0,0
2025-05-10,777976,0,0
2025-05-10,777977,0,0
2025-05-10,777978,0,0
2025-05-10,777979,0,0
2025-05-10,777980,0,0
2025-05-10,777981,0,0
2025-05-10,777982,0,0
2025-05-10,777983,0,0
2025-05-10,777985,0,0
2025-05-10,777987,0,0
2025-05-11,777954,0,0
2025-05-11,777955,0,0
2025-05-11,777956,0,0
2025-05-11,777957,0,0
2025-05-11,777958,0,0
2025-05-11,777961,0,0
2025-05-11,777962,0,0
2025-05-11,777963,0,0
2025-05-11,777964,0,0
2025-05-11,777965,0,0
2025-05-11,777966,0,0
2025-05-11,777967,0,0
2025-05-11,777968,0,0
2025-05-11,777969,0,0
2025-05-11,777971,0,0
2025-05-12,777939,0,2
2025-05-12,777941,0,0
2025-05-12,777947,0,1
2025-05-12,777948,0,0
2025-05-12,777949,1,1
2025-05-12,777950,0,0
2025-05-12,777951,1,0
2025-05-12,777952,0,1
2025-05-12,777953,0,0
2025-05-12,777959,0,0
2025-05-12,777960,0,0
2025-05-13,777926,0,0
2025-05-13,777930,0,0
2025-05-13,777931,0,0
2025-05-13,777932,0,0
2025-05-13,777933,0,0
2025-05-13,777934,0,0
2025-05-13,777935,0,3
2025-05-13,777936,0,0
2025-05-13,777937,0,0
2025-05-13,777938,1,3
2025-05-13,777940,0,0
2025-05-13,777942,0,0
2025-05-13,777943,0,0
2025-05-13,777944,0,0
2025-05-13,777945,1,1
2025-05-14,777914,0,0
2025-05-14,777915,0,0
2025-05-14,777916,0,0
2025-05-14,777917,0,0
2025-05-14,777918,0,0
2025-05-14,777919,0,0
2025-05-14,777920,0,0
2025-05-14,777921,0,0
2025-05-14,777922,0,0
2025-05-14,777923,0,0
2025-05-14,777924,1,3
2025-05-14,777925,0,0
2025-05-14,777927,0,0
2025-05-14,777928,0,0
2025-05-14,777929,0,0
2025-05-14,777933,0,0
2025-05-14,777938,1,3
2025-05-15,777909,0,0
2025-05-15,777910,0,0
2025-05-15,777911,0,0
2025-05-15,777912,0,0
2025-05-15,777913,0,0
2025-05-15,777946,0,0
2025-05-16,777891,0,0
2025-05-16,777895,0,0
2025-05-16,777896,0,0
2025-05-16,777897,2,0
2025-05-16,777898,1,1
2025-05-16,777899,0,0
2025-05-16,777900,1,0
2025-05-16,777901,1,0
2025-05-16,777902,0,0
2025-05-16,777903,0,1
2025-05-16,777904,0,3
2025-05-16,777905,0,0
2025-05-16,777906,0,0
2025-05-16,777907,0,0
2025-05-16,777908,0,0
2025-05-17,777875,0,0
2025-05-17,777879,0,0
2025-05-17,777881,0,0
2025-05-17,777882,0,0
2025-05-17,777883,0,0
2025-05-17,777884,0,0
2025-05-17,777885,0,0
2025-05-17,777886,0,0
2025-05-17,777887,0,0
2025-05-17,777888,0,0
2025-05-17,777889,0,0
2025-05-17,777890,0,0
2025-05-17,777892,0,0
2025-05-17,777893,0,0
2025-05-17,777894,0,0
2025-05-18,777864,0,0
2025-05-18,777865,0,0
2025-05-18,777866,0,0
2025-05-18,777867,0,0
2025-05-18,777868,0,0
2025-05-18,777869,0,0
2025-05-18,777870,0,0
2025-05-18,777871,0,0
2025-05-18,777872,0,0
2025-05-18,777873,0,0
2025-05-18,777874,0,0
2025-05-18,777876,0,0
2025-05-18,777877,0,0
2025-05-18,777878,0,0
2025-05-18,777880,0,0
2025-05-19,777852,2,1
2025-05-19,777853,0,0
2025-05-19,777854,0,0
2025-05-19,777855,2,0
2025-05-19,777856,0,0
2025-05-19,777857,2,0
2025-05-19,777858,1,0
2025-05-19,777859,0,0
2025-05-19,777860,1,0
2025-05-19,777862,1,0
2025-05-19,777863,1,0
2025-05-20,777836,0,0
2025-05-20,777838,0,0
2025-05-20,777839,0,0
2025-05-20,777840,0,0
2025-05-20,777841,0,0
2025-05-20,777842,0,0
2025-05-20,777843,0,0
2025-05-20,777844,0,0
2025-05-20,777845,3,0
2025-05-20,777846,0,0
2025-05-20,777847,0,0
2025-05-20,777848,0,0
2025-05-20,777849,1,0
2025-05-20,777850,0,0
2025-05-20,777851,0,0
2025-05-21,777819,0,0
2025-05-21,777823,0,0
2025-05-21,777824,0,0
2025-05-21,777825,0,0
2025-05-21,777826,0,0
2025-05-21,777827,0,0
2025-05-21,777828,0,0
2025-05-21,777829,0,0
2025-05-21,777830,0,0
2025-05-21,777831,0,0
2025-05-21,777832,0,0
2025-05-21,777833,0,0
2025-05-21,777834,0,0
2025-05-21,777835,0,0
2025-05-21,777837,0,0
2025-05-22,777812,0,0
2025-05-22,777814,1,0
2025-05-22,777815,1,0
2025-05-22,777816,0,0
2025-05-22,777817,0,0
2025-05-22,777818,0,0
2025-05-22,777820,0,0
2025-05-22,777821,1,1
2025-05-22,777822,0,1
2025-05-23,777797,2,0
2025-05-23,777798,3,0
2025-05-23,777799,2,0
2025-05-23,777800,0,0
2025-05-23,777801,3,0
2025-05-23,777802,2,0
2025-05-23,777804,1,0
2025-05-23,777805,1,0
2025-05-23,777806,0,0
2025-05-23,777807,0,0
2025-05-23,777808,3,0
2025-05-23,777810,0,0
2025-05-23,777811,0,0
2025-05-23,777813,0,0
2025-05-23,777815,1,0
2025-05-24,777781,0,0
2025-05-24,777782,0,0
2025-05-24,777784,0,0
2025-05-24,777786,0,0
2025-05-24,777787,0,0
2025-05-24,777788,0,0
2025-05-24,777789,0,0
2025-05-24,777790,0,0
2025-05-24,777791,0,0
2025-05-24,777792,0,0
2025-05-24,777793,0,0
2025-05-24,777794,0,0
2025-05-24,777795,0,0
2025-05-24,777796,0,0
2025-05-24,777803,0,0
2025-05-24,777809,0,0
2025-05-25,777765,0,0
2025-05-25,777766,0,0
2025-05-25,777767,0,0
2025-05-25,777768,0,0
2025-05-25,777772,0,0
2025-05-25,777773,0,0
2025-05-25,777774,0,0
2025-05-25,777775,0,0
2025-05-25,777776,0,0
2025-05-25,777777,0,0
2025-05-25,777778,0,0
2025-05-25,777779,0,0
2025-05-25,777780,0,0
2025-05-25,777783,0,0
2025-05-25,777785,0,0
2025-05-26,777756,0,3
2025-05-26,777757,1,1
2025-05-26,777758,1,0
2025-05-26,777759,1,0
2025-05-26,777760,1,0
2025-05-26,777761,3,2
2025-05-26,777762,1,0
2025-05-26,777763,1,0
2025-05-26,777764,1,1
2025-05-26,777769,0,0
2025-05-26,777770,0,0
2025-05-26,777771,1,0
2025-05-27,777741,0,0
2025-05-27,777742,0,0
2025-05-27,777743,3,2
2025-05-27,777744,0,0
2025-05-27,777745,0,0
2025-05-27,777746,0,0
2025-05-27,777747,0,0
2025-05-27,777748,0,3
2025-05-27,777749,0,0
2025-05-27,777750,0,0
2025-05-27,777751,0,0
2025-05-27,777752,2,0
2025-05-27,777753,0,0
2025-05-27,777754,0,0
2025-05-27,777755,0,0
2025-05-28,777724,0,0
2025-05-28,777726,0,0
2025-05-28,777728,0,0
2025-05-28,777729,0,0
2025-05-28,777730,0,0
2025-05-28,777731,0,0
2025-05-28,777732,0,0
2025-05-28,777733,0,0
2025-05-28,777734,0,0
2025-05-28,777735,0,0
2025-05-28,777736,0,0
2025-05-28,777737,0,0
2025-05-28,777738,0,0
2025-05-28,777739,0,0
2025-05-28,777740,0,0
2025-05-29,777722,0,0
2025-05-29,777723,0,0
2025-05-29,777725,1,0
2025-05-29,777727,1,1
2025-05-29,777735,0,0
2025-05-30,777707,0,0
2025-05-30,777708,0,3
2025-05-30,777709,1,0
2025-05-30,777710,0,0
2025-05-30,777711,1,0
2025-05-30,777712,0,0
2025-05-30,777713,3,0
2025-05-30,777714,0,0
2025-05-30,777715,1,0
2025-05-30,777716,0,0
2025-05-30,777717,0,3
2025-05-30,777718,1,0
2025-05-30,777719,1,0
2025-05-30,777720,0,0
2025-05-30,777721,3,0
2025-05-31,777691,0,0
2025-05-31,777693,0,0
2025-05-31,777694,0,0
2025-05-31,777695,0,0
2025-05-31,777696,0,0
2025-05-31,777697,0,0
2025-05-31,777698,0,0
2025-05-31,777699,0,0
2025-05-31,777700,0,0
2025-05-31,777701,0,0
2025-05-31,777702,0,0
2025-05-31,777703,0,0
2025-05-31,777704,0,0
2025-05-31,777705,0,0
2025-05-31,777706,0,0
2025-06-01,777677,0,0
2025-06-01,777678,0,0
2025-06-01,777679,0,0
2025-06-01,777680,0,0
2025-06-01,777681,0,0
2025-06-01,777682,0,0
2025-06-01,777683,0,0
2025-06-01,777684,0,0
2025-06-01,777685,0,0
2025-06-01,777686,0,0
2025-06-01,777687,0,0
2025-06-01,777688,0,0
2025-06-01,777689,0,0
2025-06-01,777690,0,0
2025-06-01,777692,0,0
2025-06-02,777669,0,3
2025-06-02,777670,0,0
2025-06-02,777671,0,1
2025-06-02,777673,0,0
2025-06-02,777674,0,1
2025-06-02,777675,3,0
2025-06-02,777676,0,3
2025-06-03,777655,3,0
2025-06-03,777656,0,0
2025-06-03,777657,0,0
2025-06-03,777658,0,0
2025-06-03,777659,1,3
2025-06-03,777660,0,0
2025-06-03,777661,0,0
2025-06-03,777662,1,1
2025-06-03,777663,1,3
2025-06-03,777664,0,3
2025-06-03,777665,0,0
2025-06-03,777666,0,0
2025-06-03,777667,0,0
2025-06-03,777668,0,0
2025-06-03,777672,3,0
2025-06-04,777638,0,0
2025-06-04,777639,0,0
2025-06-04,777641,0,0
2025-06-04,777642,0,0
2025-06-04,777645,0,0
2025-06-04,777646,0,0
2025-06-04,777647,0,0
2025-06-04,777648,0,0
2025-06-04,777649,0,0
2025-06-04,777650,0,0
2025-06-04,777651,0,0
2025-06-04,777652,0,0
2025-06-04,777653,0,0
2025-06-04,777654,0,0
2025-06-05,777628,0,0
2025-06-05,777629,0,0
2025-06-05,777630,0,0
2025-06-05,777631,0,0
2025-06-05,777632,0,0
2025-06-05,777633,0,0
2025-06-05,777634,0,0
2025-06-05,777635,0,0
2025-06-05,777636,0,0
2025-06-05,777637,0,0
2025-06-05,777640,0,0
2025-06-05,777642,0,0
2025-06-05,777644,0,0
2025-06-06,777613,0,0
2025-06-06,777614,0,3
2025-06-06,777615,1,2
2025-06-06,777616,1,2
2025-06-06,777617,2,1
2025-06-06,777618,0,0
2025-06-06,777619,3,0
2025-06-06,777620,2,0
2025-06-06,777621,0,0
2025-06-06,777622,0,0
2025-06-06,777623,0,0
2025-06-06,777624,0,0
2025-06-06,777625,0,0
2025-06-06,777626,0,1
2025-06-06,777627,0,0
2025-06-07,777597,0,0
2025-06-07,777598,0,0
2025-06-07,777599,0,0
2025-06-07,777600,0,0
2025-06-07,777601,0,0
2025-06-07,777603,0,0
2025-06-07,777604,0,0
2025-06-07,777605,0,0
2025-06-07,777606,0,0
2025-06-07,777607,0,0
2025-06-07,777608,0,0
2025-06-07,777609,0,0
2025-06-07,777610,0,0
2025-06-07,777611,0,0
2025-06-07,777612,0,0
2025-06-07,777623,0,0
2025-06-08,777582,0,0
2025-06-08,777583,0,0
2025-06-08,777585,0,0
2025-06-08,777586,0,0
2025-06-08,777587,0,0
2025-06-08,777588,0,0
2025-06-08,777589,0,0
2025-06-08,777590,0,0
2025-06-08,777591,0,0
2025-06-08,777592,0,0
2025-06-08,777593,0,0
2025-06-08,777594,0,0
2025-06-08,777595,0,0
2025-06-08,777596,0,0
2025-06-08,777602,0,0
2025-06-09,777574,0,0
2025-06-09,777575,2,0
2025-06-09,777576,0,0
2025-06-09,777577,0,3
2025-06-09,777578,0,0
2025-06-09,777579,2,2
2025-06-09,777580,0,0
2025-06-09,777581,0,0
2025-06-09,777584,0,0
2025-06-10,777557,1,0
2025-06-10,777558,0,0
2025-06-10,777559,0,0
2025-06-10,777560,0,0
2025-06-10,777563,1,0
2025-06-10,777564,0,0
2025-06-10,777565,0,0
2025-06-10,777566,0,0
2025-06-10,777567,0,1
2025-06-10,777568,0,0
2025-06-10,777569,0,0
2025-06-10,777570,0,2
2025-06-10,777571,0,0
2025-06-10,777572,1,0
2025-06-10,777573,0,3
2025-06-11,777542,0,0
2025-06-11,777543,0,0
2025-06-11,777545,0,0
2025-06-11,777547,0,0
2025-06-11,777548,0,0
2025-06-11,777549,0,0
2025-06-11,777550,0,0
2025-06-11,777551,0,0
2025-06-11,777552,0,0
2025-06-11,777553,0,0
2025-06-11,777554,0,0
2025-06-11,777555,0,0
2025-06-11,777556,0,0
2025-06-11,777561,0,0
2025-06-11,777562,0,0
2025-06-12,777532,0,0
2025-06-12,777533,0,0
2025-06-12,777534,0,0
2025-06-12,777536,0,0
2025-06-12,777540,0,0
2025-06-12,777541,1,1
2025-06-12,777544,0,0
2025-06-12,777546,0,0
2025-06-13,777520,3,0
2025-06-13,777521,0,0
2025-06-13,777522,1,0
2025-06-13,777524,0,0
2025-06-13,777525,0,0
2025-06-13,777526,0,0
2025-06-13,777527,0,0
2025-06-13,777528,0,0
2025-06-13,777529,2,0
2025-06-13,777530,0,0
2025-06-13,777531,1,0
2025-06-13,777535,2,1
2025-06-13,777537,1,0
2025-06-13,777538,0,0
2025-06-13,777539,3,0
2025-06-14,777506,0,0
2025-06-14,777507,0,0
2025-06-14,777508,0,0
2025-06-14,777509,0,0
2025-06-14,777510,0,0
2025-06-14,777511,0,0
2025-06-14,777512,0,0
2025-06-14,777513,0,0
2025-06-14,777514,0,0
2025-06-14,777515,0,0
2025-06-14,777516,0,0
2025-06-14,777517,0,0
2025-06-14,777518,0,0
2025-06-14,777519,0,0
2025-06-14,777523,0,0
2025-06-15,777491,0,0
2025-06-15,777492,0,0
2025-06-15,777493,0,0
2025-06-15,777494,0,0
2025-06-15,777495,0,0
2025-06-15,777496,0,0
2025-06-15,777497,0,0
2025-06-15,777498,0,0
2025-06-15,777499,0,0
2025-06-15,777500,0,0
2025-06-15,777501,0,0
2025-06-15,777502,0,0
2025-06-15,777503,0,0
2025-06-15,777504,0,0
2025-06-15,777505,0,0
2025-06-16,777483,0,0
2025-06-16,777484,0,0
2025-06-16,777485,2,2
2025-06-16,777486,3,0
2025-06-16,777487,0,0
2025-06-16,777488,0,0
2025-06-16,777490,0,0
2025-06-17,777467,0,0
2025-06-17,777468,0,0
2025-06-17,777469,0,0
2025-06-17,777471,0,0
2025-06-17,777472,0,0
2025-06-17,777473,0,0
2025-06-17,777475,1,0
2025-06-17,777476,0,0
2025-06-17,777477,0,0
2025-06-17,777478,1,0
2025-06-17,777479,3,0
2025-06-17,777480,0,0
2025-06-17,777481,0,0
2025-06-17,777482,0,0
2025-06-17,777489,0,0
2025-06-18,777453,0,0
2025-06-18,777454,0,0
2025-06-18,777456,0,0
2025-06-18,777457,0,0
2025-06-18,777458,0,0
2025-06-18,777459,0,0
2025-06-18,777460,0,0
2025-06-18,777461,0,0
2025-06-18,777462,0,0
2025-06-18,777463,0,0
2025-06-18,777464,0,0
2025-06-18,777465,0,0
2025-06-18,777466,0,0
2025-06-18,777470,0,0
2025-06-18,777474,0,0
2025-06-19,777440,0,0
2025-06-19,777441,0,0
2025-06-19,777442,0,0
2025-06-19,777443,0,0
2025-06-19,777444,0,0
2025-06-19,777445,0,0
2025-06-19,777446,0,0
2025-06-19,777447,0,0
2025-06-19,777448,0,0
2025-06-19,777449,0,0
2025-06-19,777450,0,0
2025-06-19,777451,0,0
2025-06-19,777452,0,0
2025-06-19,777455,0,0
2025-06-19,777458,0,0
2025-06-19,777464,0,0
2025-06-20,777425,0,0
2025-06-20,777426,2,0
2025-06-20,777427,3,0
2025-06-20,777428,0,3
2025-06-20,777429,0,0
2025-06-20,777430,2,2
2025-06-20,777431,0,0
2025-06-20,777432,1,0
2025-06-20,777433,1,0
2025-06-20,777434,0,1
2025-06-20,777435,1,0
2025-06-20,777436,2,0
2025-06-20,777437,0,0
2025-06-20,777438,0,0
2025-06-20,777439,0,0
2025-06-21,777410,0,0
2025-06-21,777411,0,0
2025-06-21,777412,0,0
2025-06-21,777413,0,0
2025-06-21,777414,0,0
2025-06-21,777415,0,0
2025-06-21,777416,0,0
2025-06-21,777417,0,0
2025-06-21,777418,0,0
2025-06-21,777419,0,0
2025-06-21,777420,0,0
2025-06-21,777421,0,0
2025-06-21,777422,0,0
2025-06-21,777423,0,0
2025-06-21,777424,0,0
2025-06-22,777395,0,0
2025-06-22,777396,0,0
2025-06-22,777397,0,0
2025-06-22,777398,0,0
2025-06-22,777399,0,0
2025-06-22,777400,0,0
2025-06-22,777401,0,0
2025-06-22,777402,0,0
2025-06-22,777403,0,0
2025-06-22,777404,0,0
2025-06-22,777405,0,0
2025-06-22,777406,0,0
2025-06-22,777407,0,0
2025-06-22,777408,0,0
2025-06-22,777409,0,0
2025-06-23,777381,0,0
2025-06-23,777382,0,0
2025-06-23,777388,0,0
2025-06-23,777389,0,0
2025-06-23,777390,0,1
2025-06-23,777391,1,0
2025-06-23,777392,0,0
2025-06-23,777393,1,1
2025-06-23,777394,0,0
2025-06-24,777364,3,0
2025-06-24,777372,0,0
2025-06-24,777373,0,0
2025-06-24,777374,0,0
2025-06-24,777375,0,0
2025-06-24,777376,0,0
2025-06-24,777377,1,2
2025-06-24,777378,1,2
2025-06-24,777379,1,0
2025-06-24,777380,0,0
2025-06-24,777383,0,0
2025-06-24,777384,0,3
2025-06-24,777385,0,0
2025-06-24,777386,3,0
2025-06-24,777387,0,0
2025-06-25,777355,0,0
2025-06-25,777357,0,0
2025-06-25,777358,0,0
2025-06-25,777359,0,0
2025-06-25,777360,0,0
2025-06-25,777361,0,0
2025-06-25,777362,0,0
2025-06-25,777363,0,0
2025-06-25,777365,0,0
2025-06-25,777366,0,0
2025-06-25,777367,0,0
2025-06-25,777368,0,0
2025-06-25,777369,0,0
2025-06-25,777370,0,0
2025-06-25,777371,0,0
2025-06-26,777344,0,0
2025-06-26,777347,0,0
2025-06-26,777348,0,0
2025-06-26,777350,0,0
2025-06-26,777351,0,0
2025-06-26,777352,0,0
2025-06-26,777353,0,0
2025-06-26,777354,0,0
2025-06-26,777356,0,0
2025-06-27,777331,0,0
2025-06-27,777332,0,2
2025-06-27,777334,1,0
2025-06-27,777335,1,0
2025-06-27,777336,0,0
2025-06-27,777337,0,0
2025-06-27,777338,2,0
2025-06-27,777339,1,0
2025-06-27,777340,0,1
2025-06-27,777341,0,1
2025-06-27,777342,1,0
2025-06-27,777343,1,0
2025-06-27,777345,0,3
2025-06-27,777346,3,0
2025-06-27,777349,1,0
2025-06-28,777315,0,0
2025-06-28,777318,0,0
2025-06-28,777319,0,0
2025-06-28,777320,0,0
2025-06-28,777321,0,0
2025-06-28,777322,0,0
2025-06-28,777323,0,0
2025-06-28,777324,0,0
2025-06-28,777325,0,0
2025-06-28,777326,0,0
2025-06-28,777327,0,0
2025-06-28,777328,0,0
2025-06-28,777329,0,0
2025-06-28,777330,0,0
2025-06-28,777333,0,0
2025-06-29,777301,0,0
2025-06-29,777302,0,0
2025-06-29,777303,0,0
2025-06-29,777304,0,0
2025-06-29,777305,0,0
2025-06-29,777307,0,0
2025-06-29,777308,0,0
2025-06-29,777309,0,0
2025-06-29,777310,0,0
2025-06-29,777311,0,0
2025-06-29,777312,0,0
2025-06-29,777313,0,0
2025-06-29,777314,0,0
2025-06-29,777316,0,0
2025-06-29,777317,0,0
2025-06-30,777291,2,0
2025-06-30,777292,1,0
2025-06-30,777295,0,0
2025-06-30,777296,0,0
2025-06-30,777297,2,2
2025-06-30,777299,0,0
2025-06-30,777300,0,0
2025-06-30,777306,0,0
2025-07-01,777278,0,0
2025-07-01,777280,2,2
2025-07-01,777281,0,0
2025-07-01,777282,0,0
2025-07-01,777283,0,0
2025-07-01,777284,0,3
2025-07-01,777285,1,1
2025-07-01,777286,0,0
2025-07-01,777287,1,0
2025-07-01,777288,0,0
2025-07-01,777289,1,0
2025-07-01,777290,0,0
2025-07-01,777293,0,3
2025-07-01,777294,0,0
2025-07-01,777298,3,0
2025-07-02,777262,0,0
2025-07-02,777265,0,3
2025-07-02,777266,0,0
2025-07-02,777267,0,0
2025-07-02,777268,0,0
2025-07-02,777269,0,0
2025-07-02,777270,0,0
2025-07-02,777271,0,0
2025-07-02,777272,0,0
2025-07-02,777273,0,0
2025-07-02,777274,0,0
2025-07-02,777275,0,0
2025-07-02,777276,1,0
2025-07-02,777277,0,0
2025-07-02,777279,0,0
2025-07-02,777284,0,3
2025-07-02,777289,1,0
2025-07-02,777290,0,0
2025-07-02,777294,0,0
2025-07-03,777251,0,0
2025-07-03,777253,0,0
2025-07-03,777256,0,0
2025-07-03,777257,0,0
2025-07-03,777258,0,0
2025-07-03,777259,0,0
2025-07-03,777260,0,0
2025-07-03,777261,0,0
2025-07-03,777263,0,0
2025-07-03,777264,0,0
2025-07-04,777235,1,0
2025-07-04,777236,3,0
2025-07-04,777239,2,3
2025-07-04,777242,0,0
2025-07-04,777243,1,0
2025-07-04,777244,0,3
2025-07-04,777245,0,0
2025-07-04,777246,1,0
2025-07-04,777247,1,1
2025-07-04,777248,0,0
2025-07-04,777249,0,1
2025-07-04,777250,0,0
2025-07-04,777252,1,0
2025-07-04,777254,0,0
2025-07-04,777255,0,0
2025-07-05,777221,0,0
2025-07-05,777223,0,0
2025-07-05,777225,0,0
2025-07-05,777227,0,0
2025-07-05,777228,0,0
2025-07-05,777229,0,0
2025-07-05,777230,0,0
2025-07-05,777231,0,0
2025-07-05,777232,0,0
2025-07-05,777233,0,0
2025-07-05,777234,0,0
2025-07-05,777237,0,0
2025-07-05,777238,0,0
2025-07-05,777240,0,0
2025-07-05,777241,0,0
2025-07-06,777205,0,0
2025-07-06,777206,0,0
2025-07-06,777207,0,0
2025-07-06,777210,0,0
2025-07-06,777213,0,0
2025-07-06,777214,0,0
2025-07-06,777215,0,0
2025-07-06,777216,0,0
2025-07-06,777217,0,0
2025-07-06,777218,0,0
2025-07-06,777219,0,0
2025-07-06,777220,0,0
2025-07-06,777222,0,0
2025-07-06,777224,0,0
2025-07-06,777226,0,0
2025-07-07,777199,3,0
2025-07-07,777200,0,3
2025-07-07,777201,2,1
2025-07-07,777202,1,2
2025-07-07,777203,0,0
2025-07-07,777204,2,2
2025-07-07,777208,0,0
2025-07-07,777209,2,0
2025-07-07,777211,1,0
2025-07-07,777212,1,1
2025-07-08,777180,0,0
2025-07-08,777185,0,0
2025-07-08,777186,0,0
2025-07-08,777187,3,0
2025-07-08,777188,0,0
2025-07-08,777189,3,0
2025-07-08,777190,0,0
2025-07-08,777191,1,0
2025-07-08,777192,0,0
2025-07-08,777193,0,0
2025-07-08,777194,0,0
2025-07-08,777195,0,0
2025-07-08,777196,0,0
2025-07-08,777197,0,0
2025-07-08,777198,0,0
2025-07-09,777162,0,0
2025-07-09,777163,0,0
2025-07-09,777171,0,0
2025-07-09,777172,0,0
2025-07-09,777173,0,0
2025-07-09,777174,0,0
2025-07-09,777175,0,0
2025-07-09,777176,0,0
2025-07-09,777177,0,0
2025-07-09,777178,0,0
2025-07-09,777179,0,0
2025-07-09,777181,0,0
2025-07-09,777182,0,0
2025-07-09,777183,0,0
2025-07-09,777184,0,0
2025-07-10,777156,0,0
2025-07-10,777158,0,0
2025-07-10,777159,0,0
2025-07-10,777164,0,0
2025-07-10,777165,0,0
2025-07-10,777166,0,0
2025-07-10,777167,0,0
2025-07-10,777168,0,0
2025-07-10,777169,0,0
2025-07-10,777170,0,0
2025-07-10,777181,0,0
2025-07-11,777139,0,0
2025-07-11,777143,2,0
2025-07-11,777146,0,0
2025-07-11,777147,2,0
2025-07-11,777148,0,0
2025-07-11,777149,0,0
2025-07-11,777150,0,0
2025-07-11,777151,1,0
2025-07-11,777152,2,0
2025-07-11,777153,1,0
2025-07-11,777154,2,0
2025-07-11,777155,0,0
2025-07-11,777157,0,0
2025-07-11,777160,0,0
2025-07-11,777161,0,0
2025-07-11,777164,0,0
2025-07-12,777126,0,0
2025-07-12,777127,0,0
2025-07-12,777131,0,0
2025-07-12,777132,0,0
2025-07-12,777134,0,0
2025-07-12,777135,0,0
2025-07-12,777136,0,0
2025-07-12,777137,0,0
2025-07-12,777138,0,0
2025-07-12,777140,0,0
2025-07-12,777141,0,0
2025-07-12,777142,0,0
2025-07-12,777144,0,0
2025-07-12,777145,0,0
2025-07-13,777113,0,0
2025-07-13,777115,0,0
2025-07-13,777116,0,0
2025-07-13,777117,0,0
2025-07-13,777118,0,0
2025-07-13,777119,0,0
2025-07-13,777120,0,0
2025-07-13,777121,0,0
2025-07-13,777122,0,0
2025-07-13,777123,0,0
2025-07-13,777124,0,0
2025-07-13,777125,0,0
2025-07-13,777128,0,0
2025-07-13,777129,0,0
2025-07-13,777130,0,0
2025-07-18,777098,1,0
2025-07-18,777099,2,3
2025-07-18,777100,2,0
2025-07-18,777101,1,1
2025-07-18,777102,1,2
2025-07-18,777103,2,0
2025-07-18,777105,3,1
2025-07-18,777106,3,3
2025-07-18,777107,1,1
2025-07-18,777108,3,3
2025-07-18,777109,1,0
2025-07-18,777110,0,0
2025-07-18,777111,0,1
2025-07-18,777112,3,1
2025-07-18,777114,0,1
2025-07-19,777080,0,0
2025-07-19,777081,0,0
2025-07-19,777085,0,0
2025-07-19,777086,0,0
2025-07-19,777088,0,0
2025-07-19,777089,0,0
2025-07-19,777090,0,0
2025-07-19,777091,0,0
2025-07-19,777092,0,0
2025-07-19,777093,0,0
2025-07-19,777094,0,0
2025-07-19,777095,0,0
2025-07-19,777096,0,0
2025-07-19,777097,0,0
2025-07-19,777104,0,0
2025-07-20,777067,0,0
2025-07-20,777070,0,0
2025-07-20,777071,0,0
2025-07-20,777072,0,0
2025-07-20,777073,0,0
2025-07-20,777074,0,0
2025-07-20,777075,0,0
2025-07-20,777076,0,0
2025-07-20,777077,0,0
2025-07-20,777078,0,0
2025-07-20,777079,0,0
2025-07-20,777082,0,0
2025-07-20,777083,0,0
2025-07-20,777084,0,0
2025-07-20,777087,0,0
2025-07-21,777050,0,0
2025-07-21,777051,1,0
2025-07-21,777053,1,0
2025-07-21,777055,0,0
2025-07-21,777057,1,0
2025-07-21,777059,0,0
2025-07-21,777060,1,0
2025-07-21,777061,0,0
2025-07-21,777062,0,0
2025-07-21,777063,1,0
2025-07-21,777064,0,0
2025-07-21,777065,1,0
2025-07-21,777066,0,0
2025-07-21,777068,0,0
2025-07-21,777069,0,0
2025-07-22,777035,0,0
2025-07-22,777039,0,0
2025-07-22,777040,0,0
2025-07-22,777042,0,0
2025-07-22,777043,0,0
2025-07-22,777044,0,0
2025-07-22,777045,0,0
2025-07-22,777046,0,0
2025-07-22,777047,0,0
2025-07-22,777048,0,0
2025-07-22,777049,0,0
2025-07-22,777052,0,0
2025-07-22,777054,0,0
2025-07-22,777056,0,0
2025-07-22,777058,0,0
2025-07-23,777022,0,0
2025-07-23,777024,0,0
2025-07-23,777026,0,0
2025-07-23,777027,0,0
2025-07-23,777028,0,0
2025-07-23,777029,0,0
2025-07-23,777030,0,0
2025-07-23,777031,0,0
2025-07-23,777032,0,0
2025-07-23,777033,0,0
2025-07-23,777034,0,0
2025-07-23,777036,0,0
2025-07-23,777037,0,0
2025-07-23,777038,0,0
2025-07-23,777041,0,0
2025-07-24,777018,0,3
2025-07-24,777019,0,0
2025-07-24,777021,0,0
2025-07-24,777023,1,1
2025-07-24,777025,0,2
2025-07-25,777004,3,3
2025-07-25,777005,0,0
2025-07-25,777006,0,0
2025-07-25,777007,0,0
2025-07-25,777008,1,2
2025-07-25,777009,1,0
2025-07-25,777010,1,0
2025-07-25,777011,1,2
2025-07-25,777012,3,0
2025-07-25,777013,0,0
2025-07-25,777014,3,0
2025-07-25,777015,0,0
2025-07-25,777016,0,0
2025-07-25,777017,0,1
2025-07-25,777020,2,0
2025-07-26,776985,0,0
2025-07-26,776990,1,0
2025-07-26,776991,0,0
2025-07-26,776992,0,0
2025-07-26,776993,0,0
2025-07-26,776994,0,0
2025-07-26,776995,0,0
2025-07-26,776996,0,0
2025-07-26,776997,0,0
2025-07-26,776998,0,0
2025-07-26,776999,0,0
2025-07-26,777000,0,0
2025-07-26,777001,0,0
2025-07-26,777002,0,0
2025-07-26,777003,0,0
2025-07-26,777010,1,0
2025-07-27,776974,0,0
2025-07-27,776975,0,0
2025-07-27,776976,0,0
2025-07-27,776977,0,0
2025-07-27,776978,0,0
2025-07-27,776979,0,0
2025-07-27,776980,0,0
2025-07-27,776981,0,0
2025-07-27,776982,0,0
2025-07-27,776983,0,0
2025-07-27,776984,0,0
2025-07-27,776986,0,0
2025-07-27,776987,0,0
2025-07-27,776988,0,0
2025-07-27,776989,0,0
2025-07-28,776957,0,2
2025-07-28,776958,2,0
2025-07-28,776959,0,2
2025-07-28,776960,0,0
2025-07-28,776961,1,0
2025-07-28,776964,3,0
2025-07-28,776965,0,0
2025-07-28,776966,0,0
2025-07-28,776967,0,0
2025-07-28,776968,0,1
2025-07-28,776969,0,0
2025-07-28,776970,0,0
2025-07-28,776971,0,0
2025-07-28,776972,1,0
2025-07-28,776973,0,0
2025-07-29,776943,0,0
2025-07-29,776944,0,0
2025-07-29,776945,0,0
2025-07-29,776946,0,0
2025-07-29,776947,0,0
2025-07-29,776949,0,0
2025-07-29,776950,0,0
2025-07-29,776951,0,0
2025-07-29,776952,0,0
2025-07-29,776953,0,0
2025-07-29,776954,0,0
2025-07-29,776955,0,0
2025-07-29,776956,0,0
2025-07-29,776962,0,0
2025-07-29,776963,0,0
2025-07-29,778372,0,0
2025-07-30,776929,0,0
2025-07-30,776930,0,0
2025-07-30,776931,0,0
2025-07-30,776932,0,0
2025-07-30,776933,0,0
2025-07-30,776934,0,0
2025-07-30,776935,0,0
2025-07-30,776936,0,0
2025-07-30,776937,0,0
2025-07-30,776938,0,0
2025-07-30,776939,0,0
2025-07-30,776940,0,0
2025-07-30,776941,0,0
2025-07-30,776942,0,0
2025-07-30,776948,0,0
2025-07-31,776923,0,0
2025-07-31,776927,0,0
2025-07-31,776928,1,0
2025-08-01,776906,2,0
2025-08-01,776908,0,0
2025-08-01,776913,0,1
2025-08-01,776914,3,0
2025-08-01,776915,1,0
2025-08-01,776916,2,0
2025-08-01,776917,1,1
2025-08-01,776918,0,0
2025-08-01,776919,1,2
2025-08-01,776920,1,0
2025-08-01,776921,0,0
2025-08-01,776922,1,1
2025-08-01,776924,1,0
2025-08-01,776925,0,1
2025-08-01,776926,3,3
2025-08-02,776896,0,0
2025-08-02,776897,0,0
2025-08-02,776898,0,0
2025-08-02,776899,0,0
2025-08-02,776900,0,0
2025-08-02,776901,0,0
2025-08-02,776902,0,0
2025-08-02,776903,0,0
2025-08-02,776904,0,0
2025-08-02,776905,0,0
2025-08-02,776907,0,0
2025-08-02,776909,0,0
2025-08-02,776910,0,0
2025-08-02,776911,0,0
2025-08-02,776912,0,0
2025-08-03,776881,0,0
2025-08-03,776883,0,0
2025-08-03,776884,0,0
2025-08-03,776885,0,0
2025-08-03,776886,0,0
2025-08-03,776887,0,0
2025-08-03,776888,0,0
2025-08-03,776889,0,0
2025-08-03,776890,0,0
2025-08-03,776891,0,0
2025-08-03,776892,0,0
2025-08-03,776893,0,0
2025-08-03,776894,0,0
2025-08-03,776895,0,0
2025-08-03,776907,0,0
2025-08-04,776867,3,0
2025-08-04,776870,0,3
2025-08-04,776871,1,2
2025-08-04,776872,2,0
2025-08-04,776873,0,0
2025-08-04,776874,0,0
2025-08-04,776875,0,0
2025-08-04,776876,0,0
2025-08-04,776877,1,0
2025-08-04,776878,1,0
2025-08-04,776879,0,2
2025-08-04,776880,0,0
2025-08-04,776882,0,0
2025-08-05,776848,0,0
2025-08-05,776852,0,0
2025-08-05,776854,0,0
2025-08-05,776855,0,0
2025-08-05,776857,0,0
2025-08-05,776858,0,0
2025-08-05,776860,0,0
2025-08-05,776861,0,0
2025-08-05,776862,0,0
2025-08-05,776863,0,0
2025-08-05,776864,0,0
2025-08-05,776865,3,0
2025-08-05,776866,0,0
2025-08-05,776868,0,0
2025-08-05,776869,0,0
2025-08-06,776836,0,0
2025-08-06,776838,0,0
2025-08-06,776839,0,0
2025-08-06,776841,0,0
2025-08-06,776843,0,0
2025-08-06,776844,0,0
2025-08-06,776845,0,0
2025-08-06,776846,0,0
2025-08-06,776847,0,0
2025-08-06,776849,0,0
2025-08-06,776850,0,0
2025-08-06,776851,0,0
2025-08-06,776853,0,0
2025-08-06,776856,0,0
2025-08-06,776859,0,0
2025-08-07,776830,0,0
2025-08-07,776837,0,0
2025-08-07,776840,1,0
2025-08-07,776842,0,0
2025-08-08,776820,3,0
2025-08-08,776821,1,0
2025-08-08,776822,3,3
2025-08-08,776823,1,0
2025-08-08,776824,0,0
2025-08-08,776825,1,0
2025-08-08,776826,0,2
2025-08-08,776827,1,1
2025-08-08,776828,1,1
2025-08-08,776829,0,0
2025-08-08,776831,0,0
2025-08-08,776832,3,0
2025-08-08,776833,1,2
2025-08-08,776834,0,0
2025-08-08,776835,0,1
2025-08-09,776802,0,0
2025-08-09,776805,0,0
2025-08-09,776807,0,0
2025-08-09,776808,0,0
2025-08-09,776809,0,0
2025-08-09,776810,0,0
2025-08-09,776811,0,0
2025-08-09,776812,0,0
2025-08-09,776813,0,0
2025-08-09,776814,0,0
2025-08-09,776815,0,0
2025-08-09,776816,0,0
2025-08-09,776817,0,0
2025-08-09,776818,0,0
2025-08-09,776819,0,0
2025-08-09,778431,0,0
2025-08-10,776788,0,0
2025-08-10,776789,0,0
2025-08-10,776791,0,0
2025-08-10,776793,0,0
2025-08-10,776794,0,0
2025-08-10,776795,0,0
2025-08-10,776796,0,0
2025-08-10,776797,0,0
2025-08-10,776798,0,0
2025-08-10,776799,0,0
2025-08-10,776800,0,0
2025-08-10,776801,0,0
2025-08-10,776803,0,0
2025-08-10,776804,0,0
2025-08-10,776806,0,0
2025-08-11,776779,0,3
2025-08-11,776780,0,0
2025-08-11,776781,1,0
2025-08-11,776782,2,1
2025-08-11,776783,2,0
2025-08-11,776784,2,0
2025-08-11,776785,2,0
2025-08-11,776786,1,0
2025-08-11,776787,0,3
2025-08-11,776790,1,0
2025-08-11,776792,1,0
2025-08-12,776762,0,0
2025-08-12,776763,0,0
2025-08-12,776764,0,0
2025-08-12,776767,0,0
2025-08-12,776768,1,3
2025-08-12,776769,0,0
2025-08-12,776770,0,0
2025-08-12,776771,0,0
2025-08-12,776772,0,1
2025-08-12,776773,0,0
2025-08-12,776774,0,0
2025-08-12,776775,0,0
2025-08-12,776776,3,0
2025-08-12,776777,0,0
2025-08-12,776778,0,1
2025-08-13,776746,0,0
2025-08-13,776749,0,0
2025-08-13,776751,0,0
2025-08-13,776752,0,0
2025-08-13,776753,0,0
2025-08-13,776754,0,0
2025-08-13,776755,0,0
2025-08-13,776756,0,0
2025-08-13,776757,0,0
2025-08-13,776758,0,0
2025-08-13,776759,0,0
2025-08-13,776760,0,0
2025-08-13,776761,0,0
2025-08-13,776765,0,0
2025-08-13,776766,0,0
2025-08-14,776742,1,1
2025-08-14,776743,0,1
2025-08-14,776744,0,1
2025-08-14,776745,0,0
2025-08-14,776747,0,0
2025-08-14,776748,0,0
2025-08-14,776750,0,0
2025-08-15,776727,0,0
2025-08-15,776728,0,0
2025-08-15,776729,0,0
2025-08-15,776730,0,0
2025-08-15,776731,1,0
2025-08-15,776732,0,0
2025-08-15,776733,1,0
2025-08-15,776734,0,0
2025-08-15,776735,1,0
2025-08-15,776736,0,0
2025-08-15,776737,0,1
2025-08-15,776738,0,0
2025-08-15,776739,0,0
2025-08-15,776740,1,0
2025-08-15,776741,0,1
2025-08-16,776711,0,0
2025-08-16,776712,0,0
2025-08-16,776713,0,0
2025-08-16,776715,0,0
2025-08-16,776716,0,0
2025-08-16,776717,0,0
2025-08-16,776718,0,0
2025-08-16,776719,0,0
2025-08-16,776720,0,0
2025-08-16,776721,0,0
2025-08-16,776722,0,0
2025-08-16,776723,0,0
2025-08-16,776724,0,0
2025-08-16,776725,0,0
2025-08-16,776726,0,0
2025-08-17,776697,0,0
2025-08-17,776698,0,0
2025-08-17,776699,0,0
2025-08-17,776700,0,0
2025-08-17,776701,0,0
2025-08-17,776702,0,0
2025-08-17,776703,0,0
2025-08-17,776704,0,0
2025-08-17,776705,0,0
2025-08-17,776706,0,0
2025-08-17,776707,0,0
2025-08-17,776708,0,0
2025-08-17,776709,0,0
2025-08-17,776710,0,0
2025-08-17,776714,0,0
2025-08-18,776681,3,0
2025-08-18,776682,3,1
2025-08-18,776683,0,0
2025-08-18,776688,1,0
2025-08-18,776689,0,0
2025-08-18,776690,1,0
2025-08-18,776692,1,1
2025-08-18,776693,1,0
2025-08-18,776694,0,1
2025-08-18,776695,1,0
2025-08-18,776696,1,0
2025-08-18,777459,1,0
2025-08-19,776667,0,0
2025-08-19,776668,0,0
2025-08-19,776671,0,0
2025-08-19,776672,0,0
2025-08-19,776674,2,0
2025-08-19,776675,0,0
2025-08-19,776676,0,0
2025-08-19,776677,1,3
2025-08-19,776678,0,0
2025-08-19,776679,0,0
2025-08-19,776680,0,0
2025-08-19,776684,0,0
2025-08-19,776685,0,0
2025-08-19,776686,0,0
2025-08-19,776687,0,0
2025-08-19,776691,0,0
2025-08-20,776652,0,0
2025-08-20,776656,0,0
2025-08-20,776658,0,0
2025-08-20,776659,0,0
2025-08-20,776660,0,0
2025-08-20,776661,0,0
2025-08-20,776662,0,0
2025-08-20,776663,0,0
2025-08-20,776664,0,0
2025-08-20,776665,0,0
2025-08-20,776666,0,0
2025-08-20,776669,0,0
2025-08-20,776670,0,0
2025-08-20,776673,0,0
2025-08-21,776631,0,0
2025-08-21,776642,0,0
2025-08-21,776644,0,0
2025-08-21,776650,0,0
2025-08-21,776651,0,0
2025-08-21,776653,0,0
2025-08-21,776654,0,0
2025-08-21,776655,0,0
2025-08-21,776657,0,0
2025-08-22,776633,0,0
2025-08-22,776634,2,0
2025-08-22,776635,0,0
2025-08-22,776636,1,0
2025-08-22,776637,2,0
2025-08-22,776638,2,3
2025-08-22,776639,0,1
2025-08-22,776640,2,0
2025-08-22,776641,2,0
2025-08-22,776643,0,0
2025-08-22,776645,0,0
2025-08-22,776646,0,0
2025-08-22,776647,0,0
2025-08-22,776648,0,0
2025-08-22,776649,1,0
2025-08-23,776617,0,0
2025-08-23,776618,0,0
2025-08-23,776619,0,0
2025-08-23,776620,0,0
2025-08-23,776621,0,0
2025-08-23,776622,0,0
2025-08-23,776623,0,0
2025-08-23,776625,0,0
2025-08-23,776626,0,0
2025-08-23,776627,0,0
2025-08-23,776628,0,0
2025-08-23,776629,0,0
2025-08-23,776630,0,0
2025-08-23,776632,0,0
2025-08-24,776602,0,0
2025-08-24,776603,0,0
2025-08-24,776605,0,0
2025-08-24,776606,0,0
2025-08-24,776607,0,0
2025-08-24,776608,0,0
2025-08-24,776609,0,0
2025-08-24,776610,0,0
2025-08-24,776611,0,0
2025-08-24,776612,0,0
2025-08-24,776613,0,0
2025-08-24,776614,0,0
2025-08-24,776615,0,0
2025-08-24,776616,0,0
2025-08-24,776624,0,0
2025-08-25,776589,1,1
2025-08-25,776590,3,0
2025-08-25,776592,2,0
2025-08-25,776593,2,0
2025-08-25,776594,0,0
2025-08-25,776595,0,0
2025-08-25,776596,1,0
2025-08-25,776597,0,0
2025-08-25,776598,0,0
2025-08-25,776599,1,0
2025-08-25,776600,0,0
2025-08-25,776601,0,1
2025-08-25,776604,0,0
2025-08-26,776573,0,0
2025-08-26,776574,0,0
2025-08-26,776575,0,0
2025-08-26,776576,0,2
2025-08-26,776577,0,0
2025-08-26,776578,0,0
2025-08-26,776581,0,0
2025-08-26,776582,0,0
2025-08-26,776583,0,0
2025-08-26,776584,0,0
2025-08-26,776585,0,0
2025-08-26,776586,0,0
2025-08-26,776587,1,1
2025-08-26,776588,0,0
2025-08-26,776591,0,0
2025-08-27,776557,0,0
2025-08-27,776559,0,0
2025-08-27,776561,0,0
2025-08-27,776562,0,0
2025-08-27,776563,0,0
2025-08-27,776565,0,0
2025-08-27,776566,0,0
2025-08-27,776567,0,0
2025-08-27,776568,0,0
2025-08-27,776569,0,0
2025-08-27,776570,0,0
2025-08-27,776571,0,0
2025-08-27,776572,0,0
2025-08-27,776579,0,0
2025-08-27,776580,0,0
2025-08-28,776550,0,0
2025-08-28,776553,0,0
2025-08-28,776554,0,0
2025-08-28,776555,0,0
2025-08-28,776556,1,0
2025-08-28,776558,0,0
2025-08-28,776560,0,0
2025-08-28,776564,0,0
2025-08-29,776533,3,0
2025-08-29,776534,2,0
2025-08-29,776538,2,0
2025-08-29,776540,2,0
2025-08-29,776541,2,1
2025-08-29,776542,1,1
2025-08-29,776543,0,0
2025-08-29,776544,0,0
2025-08-29,776545,0,0
2025-08-29,776546,1,0
2025-08-29,776547,3,0
2025-08-29,776548,0,0
2025-08-29,776549,1,0
2025-08-29,776551,1,3
2025-08-29,776552,0,0
2025-08-30,776516,0,0
2025-08-30,776523,0,0
2025-08-30,776524,0,0
2025-08-30,776525,0,0
2025-08-30,776526,0,0
2025-08-30,776527,0,0
2025-08-30,776528,0,0
2025-08-30,776529,0,0
2025-08-30,776530,0,0
2025-08-30,776531,0,0
2025-08-30,776532,0,0
2025-08-30,776535,0,0
2025-08-30,776536,0,0
2025-08-30,776537,0,0
2025-08-30,776539,0,0
2025-08-31,776507,0,0
2025-08-31,776508,0,0
2025-08-31,776509,0,0
2025-08-31,776510,0,0
2025-08-31,776511,0,0
2025-08-31,776512,0,0
2025-08-31,776513,0,0
2025-08-31,776514,0,0
2025-08-31,776515,0,0
2025-08-31,776517,0,0
2025-08-31,776518,0,0
2025-08-31,776519,0,0
2025-08-31,776520,0,0
2025-08-31,776521,0,0
2025-08-31,776522,0,0
2025-09-01,776492,1,0
2025-09-01,776494,0,2
2025-09-01,776495,0,0
2025-09-01,776497,2,1
2025-09-01,776498,0,0
2025-09-01,776499,0,0
2025-09-01,776500,1,1
2025-09-01,776501,0,1
2025-09-01,776502,0,0
2025-09-01,776503,0,0
2025-09-01,776504,0,0
2025-09-01,776505,0,0
2025-09-01,776506,1,1
2025-09-02,776480,0,0
2025-09-02,776481,0,0
2025-09-02,776482,0,0
2025-09-02,776483,0,0
2025-09-02,776484,0,0
2025-09-02,776485,0,0
2025-09-02,776486,0,0
2025-09-02,776487,0,0
2025-09-02,776488,0,0
2025-09-02,776489,0,0
2025-09-02,776490,0,0
2025-09-02,776491,0,0
2025-09-02,776493,0,0
2025-09-02,776496,3,0
2025-09-03,776465,0,0
2025-09-03,776466,0,0
2025-09-03,776467,0,0
2025-09-03,776468,0,0
2025-09-03,776469,0,0
2025-09-03,776470,0,0
2025-09-03,776471,0,0
2025-09-03,776472,0,0
2025-09-03,776473,0,0
2025-09-03,776474,0,0
2025-09-03,776475,0,0
2025-09-03,776476,0,0
2025-09-03,776477,0,0
2025-09-03,776478,0,0
2025-09-03,776479,0,0
2025-09-04,776458,0,0
2025-09-04,776459,0,0
2025-09-04,776461,0,0
2025-09-04,776462,0,0
2025-09-04,776463,0,0
2025-09-04,776464,0,0
2025-09-05,776442,1,0
2025-09-05,776444,2,2
2025-09-05,776445,1,0
2025-09-05,776446,0,0
2025-09-05,776448,3,0
2025-09-05,776449,0,2
2025-09-05,776450,0,0
2025-09-05,776451,0,0
2025-09-05,776452,1,0
2025-09-05,776453,1,0
2025-09-05,776454,0,3
2025-09-05,776455,1,0
2025-09-05,776456,1,0
2025-09-05,776457,0,1
2025-09-05,776460,0,1
2025-09-06,776424,0,0
2025-09-06,776430,0,0
2025-09-06,776431,0,0
2025-09-06,776432,0,0
2025-09-06,776433,0,0
2025-09-06,776434,0,0
2025-09-06,776435,0,0
2025-09-06,776436,0,0
2025-09-06,776437,0,0
2025-09-06,776438,0,0
2025-09-06,776439,0,0
2025-09-06,776440,0,0
2025-09-06,776441,0,0
2025-09-06,776443,0,0
2025-09-06,776447,0,0
2025-09-07,776414,0,0
2025-09-07,776415,0,0
2025-09-07,776416,0,0
2025-09-07,776417,0,0
2025-09-07,776418,0,0
2025-09-07,776419,0,0
2025-09-07,776420,0,0
2025-09-07,776421,0,0
2025-09-07,776422,0,0
2025-09-07,776423,0,0
2025-09-07,776425,0,0
2025-09-07,776426,0,0
2025-09-07,776427,0,0
2025-09-07,776428,0,0
2025-09-07,776429,0,0
2025-09-08,776399,0,2
2025-09-08,776400,2,3
2025-09-08,776405,0,0
2025-09-08,776406,1,0
2025-09-08,776407,3,1
2025-09-08,776408,1,3
2025-09-08,776409,1,0
2025-09-08,776410,0,0
2025-09-08,776411,2,0
2025-09-08,776412,1,0
2025-09-08,776413,1,0
2025-09-09,776388,1,1
2025-09-09,776389,0,0
2025-09-09,776390,0,0
2025-09-09,776391,0,0
2025-09-09,776392,0,0
2025-09-09,776393,1,0
2025-09-09,776394,0,0
2025-09-09,776395,0,0
2025-09-09,776396,0,0
2025-09-09,776397,0,0
2025-09-09,776398,0,0
2025-09-09,776401,0,0
2025-09-09,776402,0,0
2025-09-09,776403,0,0
2025-09-09,776404,0,0
2025-09-10,776373,0,0
2025-09-10,776374,0,0
2025-09-10,776375,0,0
2025-09-10,776376,0,0
2025-09-10,776377,0,0
2025-09-10,776378,0,0
2025-09-10,776379,0,0
2025-09-10,776380,0,0
2025-09-10,776381,0,0
2025-09-10,776382,0,0
2025-09-10,776383,0,0
2025-09-10,776384,0,0
2025-09-10,776385,0,0
2025-09-10,776386,0,0
2025-09-10,776387,0,0
2025-09-11,776362,0,0
2025-09-11,776364,0,0
2025-09-11,776365,0,0
2025-09-11,776367,0,0
2025-09-11,776368,0,0
2025-09-11,776369,0,0
2025-09-11,776370,0,0
2025-09-11,776371,0,0
2025-09-11,776372,0,0
2025-09-12,776345,0,0
2025-09-12,776350,0,0
2025-09-12,776351,0,0
2025-09-12,776352,0,1
2025-09-12,776353,0,0
2025-09-12,776354,0,0
2025-09-12,776355,2,2
2025-09-12,776356,2,0
2025-09-12,776357,0,0
2025-09-12,776358,0,0
2025-09-12,776359,1,0
2025-09-12,776360,0,0
2025-09-12,776361,1,0
2025-09-12,776363,0,3
2025-09-12,776366,0,0
2025-09-13,776328,0,0
2025-09-13,776333,0,0
2025-09-13,776336,0,0
2025-09-13,776337,0,0
2025-09-13,776338,0,0
2025-09-13,776339,0,0
2025-09-13,776340,0,0
2025-09-13,776341,0,0
2025-09-13,776342,0,0
2025-09-13,776343,0,0
2025-09-13,776344,0,0
2025-09-13,776346,0,0
2025-09-13,776347,0,0
2025-09-13,776348,0,0
2025-09-13,776349,0,0
2025-09-14,776317,0,0
2025-09-14,776320,0,0
2025-09-14,776321,0,0
2025-09-14,776322,0,0
2025-09-14,776323,0,0
2025-09-14,776324,0,0
2025-09-14,776325,0,0
2025-09-14,776326,0,0
2025-09-14,776327,0,0
2025-09-14,776329,0,0
2025-09-14,776330,0,0
2025-09-14,776331,0,0
2025-09-14,776332,0,0
2025-09-14,776334,0,0
2025-09-14,776335,0,0
2025-09-15,776309,0,2
2025-09-15,776311,3,0
2025-09-15,776312,2,0
2025-09-15,776313,1,0
2025-09-15,776314,1,1
2025-09-15,776315,0,0
2025-09-15,776316,0,1
2025-09-15,776318,1,0
2025-09-15,776319,1,1
2025-09-16,776293,2,1
2025-09-16,776294,0,0
2025-09-16,776295,2,0
2025-09-16,776297,0,0
2025-09-16,776298,0,0
2025-09-16,776300,0,0
2025-09-16,776301,0,0
2025-09-16,776302,2,1
2025-09-16,776303,0,0
2025-09-16,776304,3,0
2025-09-16,776305,0,0
2025-09-16,776306,0,0
2025-09-16,776307,0,0
2025-09-16,776308,0,0
2025-09-16,776310,3,0
2025-09-16,777825,0,0
2025-09-17,776277,0,0
2025-09-17,776279,0,0
2025-09-17,776280,0,0
2025-09-17,776283,0,0
2025-09-17,776284,0,0
2025-09-17,776285,0,0
2025-09-17,776286,0,0
2025-09-17,776287,0,0
2025-09-17,776288,0,0
2025-09-17,776289,0,0
2025-09-17,776290,0,0
2025-09-17,776291,0,0
2025-09-17,776292,0,0
2025-09-17,776296,0,0
2025-09-17,776299,0,0
2025-09-18,776269,0,0
2025-09-18,776270,0,0
2025-09-18,776271,0,0
2025-09-18,776272,0,0
2025-09-18,776274,0,0
2025-09-18,776275,0,0
2025-09-18,776276,0,0
2025-09-18,776278,1,1
2025-09-18,776281,0,0
2025-09-18,776282,0,1
2025-09-19,776251,1,0
2025-09-19,776253,1,0
2025-09-19,776255,0,0
2025-09-19,776256,0,0
2025-09-19,776259,0,0
2025-09-19,776260,1,0
2025-09-19,776261,0,0
2025-09-19,776262,0,0
2025-09-19,776263,1,0
2025-09-19,776264,1,0
2025-09-19,776265,0,0
2025-09-19,776266,0,0
2025-09-19,776267,0,0
2025-09-19,776268,0,0
2025-09-19,776273,0,0
2025-09-20,776233,0,0
2025-09-20,776241,0,0
2025-09-20,776242,0,0
2025-09-20,776243,0,0
2025-09-20,776244,0,0
2025-09-20,776245,0,0
2025-09-20,776246,0,0
2025-09-20,776247,0,0
2025-09-20,776248,0,0
2025-09-20,776250,0,0
2025-09-20,776252,0,0
2025-09-20,776254,0,0
2025-09-20,776257,0,0
2025-09-20,776258,0,0
2025-09-20,777839,0,0
2025-09-21,776225,0,0
2025-09-21,776226,0,0
2025-09-21,776227,0,0
2025-09-21,776228,0,0
2025-09-21,776229,0,0
2025-09-21,776230,0,0
2025-09-21,776231,0,0
2025-09-21,776232,0,0
2025-09-21,776234,0,0
2025-09-21,776235,0,0
2025-09-21,776236,0,0
2025-09-21,776237,0,0
2025-09-21,776238,0,0
2025-09-21,776239,0,0
2025-09-21,776240,0,0
2025-09-22,776220,2,0
2025-09-22,776221,0,0
2025-09-22,776222,2,2
2025-09-23,776207,2,1
2025-09-23,776208,2,3
2025-09-23,776209,1,1
2025-09-23,776210,0,0
2025-09-23,776211,0,0
2025-09-23,776212,1,2
2025-09-23,776213,0,0
2025-09-23,776214,0,0
2025-09-23,776215,1,3
2025-09-23,776216,1,0
2025-09-23,776217,0,1
2025-09-23,776218,0,1
2025-09-23,776219,0,0
2025-09-23,776223,0,0
2025-09-23,776224,0,0
2025-09-24,776192,0,0
2025-09-24,776193,0,0
2025-09-24,776194,0,0
2025-09-24,776195,0,0
2025-09-24,776196,0,0
2025-09-24,776197,0,0
2025-09-24,776198,0,0
2025-09-24,776199,0,0
2025-09-24,776200,0,0
2025-09-24,776201,0,0
2025-09-24,776202,0,0
2025-09-24,776203,0,0
2025-09-24,776204,0,0
2025-09-24,776205,0,0
2025-09-24,776206,0,0
2025-09-25,776178,0,0
2025-09-25,776179,0,0
2025-09-25,776182,0,0
2025-09-25,776183,0,0
2025-09-25,776184,0,0
2025-09-25,776185,0,0
2025-09-25,776186,0,0
2025-09-25,776187,0,0
2025-09-25,776188,0,0
2025-09-25,776189,0,0
2025-09-25,776190,0,0
2025-09-25,776191,0,0
2025-09-26,776165,0,0
2025-09-26,776166,0,0
2025-09-26,776167,2,0
2025-09-26,776168,0,0
2025-09-26,776169,0,0
2025-09-26,776170,0,0
2025-09-26,776171,1,2
2025-09-26,776172,0,0
2025-09-26,776173,1,0
2025-09-26,776174,0,0
2025-09-26,776175,1,0
2025-09-26,776176,1,0
2025-09-26,776177,0,0
2025-09-26,776180,0,0
2025-09-26,776181,0,0
2025-09-27,776146,0,0
2025-09-27,776150,0,0
2025-09-27,776152,0,0
2025-09-27,776153,0,0
2025-09-27,776154,0,0
2025-09-27,776155,0,0
2025-09-27,776156,0,0
2025-09-27,776157,0,0
2025-09-27,776158,0,0
2025-09-27,776159,0,0
2025-09-27,776160,0,0
2025-09-27,776161,0,0
2025-09-27,776162,0,0
2025-09-27,776163,0,0
2025-09-27,776164,0,0
2025-09-28,776135,0,0
2025-09-28,776136,0,0
2025-09-28,776137,0,0
2025-09-28,776138,0,0
2025-09-28,776139,0,0
2025-09-28,776140,0,0
2025-09-28,776141,0,0
2025-09-28,776142,0,0
2025-09-28,776143,0,0
2025-09-28,776144,0,0
2025-09-28,776145,0,0
2025-09-28,776147,0,0
2025-09-28,776148,0,0
2025-09-28,776149,0,0
2025-09-28,776151,0,0
2025-09-30,813066,2,0
2025-09-30,813069,2,0
2025-09-30,813072,0,0
2025-09-30,813074,0,0
2026-04-01,822835,0,0
2026-04-01,823078,0,0
2026-04-01,823157,0,0
2026-04-01,823321,0,0
2026-04-01,823483,0,0
2026-04-01,823806,0,0
2026-04-01,823889,0,0
2026-04-01,823970,0,0
2026-04-01,824136,0,0
2026-04-01,824211,0,0
2026-04-01,824536,0,0
2026-04-01,824698,0,0
2026-04-01,824860,0,0
2026-04-01,824940,0,0
2026-04-01,825106,0,0
2026-04-02,823242,2,0
2026-04-02,824133,0,0
2026-04-02,824621,1,1
2026-04-02,825105,3,0
2026-04-03,822758,3,0
2026-04-03,822919,1,1
2026-04-03,823240,0,0
2026-04-03,823406,0,0
2026-04-03,823568,0,3
2026-04-03,823732,0,0
2026-04-03,824056,0,2
2026-04-03,824134,0,0
2026-04-03,824299,1,3
2026-04-03,824377,2,2
2026-04-03,824458,1,3
2026-04-03,824621,1,1
2026-04-03,824786,3,1
2026-04-03,825026,2,3
2026-04-03,825103,0,0
2026-04-04,822757,0,0
2026-04-04,822920,0,0
2026-04-04,823239,0,0
2026-04-04,823404,0,0
2026-04-04,823569,0,0
2026-04-04,823730,0,0
2026-04-04,824054,0,0
2026-04-04,824132,0,0
2026-04-04,824134,0,0
2026-04-04,824295,0,0
2026-04-04,824378,0,0
2026-04-04,824460,0,0
2026-04-04,824622,0,0
2026-04-04,824782,0,0
2026-04-04,825027,0,0
2026-04-04,825104,0,0
2026-04-05,822756,0,0
2026-04-05,822917,0,0
2026-04-05,823238,0,0
2026-04-05,823405,0,0
2026-04-05,823566,0,0
2026-04-05,823729,0,0
2026-04-05,824053,0,0
2026-04-05,824131,0,0
2026-04-05,824296,0,0
2026-04-05,824379,0,0
2026-04-05,824459,0,0
2026-04-05,824460,0,0
2026-04-05,824620,0,0
2026-04-05,824781,0,0
2026-04-05,825025,0,0
2026-04-05,825102,0,0
2026-04-06,822755,0,0
2026-04-06,822832,0,1
2026-04-06,822918,2,0
2026-04-06,823002,0,1
2026-04-06,823237,1,0
2026-04-06,823401,0,0
2026-04-06,823728,1,0
2026-04-06,823886,1,0
2026-04-06,824052,0,0
2026-04-06,824376,1,0
2026-04-06,824456,1,0
2026-04-06,824619,1,0
2026-04-06,824783,1,0
2026-04-07,822754,0,0
2026-04-07,822831,0,0
2026-04-07,822916,0,0
2026-04-07,822999,0,0
2026-04-07,823235,0,0
2026-04-07,823402,0,0
2026-04-07,823567,3,0
2026-04-07,823648,3,3
2026-04-07,823727,0,0
2026-04-07,823887,0,0
2026-04-07,824051,0,0
2026-04-07,824375,0,0
2026-04-07,824457,0,0
2026-04-07,824618,0,0
2026-04-07,824780,0,0
2026-04-08,822753,0,0
2026-04-08,822833,0,0
2026-04-08,822915,0,0
2026-04-08,823000,0,0
2026-04-08,823234,0,0
2026-04-08,823403,0,0
2026-04-08,823564,0,0
2026-04-08,823646,0,0
2026-04-08,823726,0,0
2026-04-08,823885,0,0
2026-04-08,824050,0,0
2026-04-08,824374,0,0
2026-04-08,824455,0,0
2026-04-08,824617,0,0
2026-04-08,824779,0,0
2026-04-09,823319,1,3
2026-04-09,823565,0,0
2026-04-09,823645,0,0
2026-04-09,823724,0,0
2026-04-09,823884,0,0
2026-04-09,824130,0,1
2026-04-10,822829,1,0
2026-04-10,822997,0,0
2026-04-10,823076,1,1
2026-04-10,823156,1,2
2026-04-10,823318,0,0
2026-04-10,823482,0,3
2026-04-10,823643,0,0
2026-04-10,823808,1,1
2026-04-10,823968,2,3
2026-04-10,824128,0,0
2026-04-10,824297,0,1
2026-04-10,824534,3,0
2026-04-10,824695,1,1
2026-04-10,824858,3,1
2026-04-10,824941,0,3
2026-04-11,822830,0,0
2026-04-11,822996,0,0
2026-04-11,823074,0,0
2026-04-11,823155,0,0
2026-04-11,823316,0,0
2026-04-11,823480,0,0
2026-04-11,823644,0,0
2026-04-11,823805,0,0
2026-04-11,823967,0,0
2026-04-11,824129,0,0
2026-04-11,824294,0,0
2026-04-11,824535,0,0
2026-04-11,824697,0,0
2026-04-11,824857,0,0
2026-04-11,824939,0,0
2026-04-12,822828,0,0
2026-04-12,822998,0,0
2026-04-12,823075,0,0
2026-04-12,823154,0,0
2026-04-12,823317,0,0
2026-04-12,823479,0,0
2026-04-12,823642,0,0
2026-04-12,823804,0,0
2026-04-12,823966,0,0
2026-04-12,824126,0,0
2026-04-12,824293,0,0
2026-04-12,824533,0,0
2026-04-12,824696,0,0
2026-04-12,824859,0,0
2026-04-12,824938,0,0
2026-04-13,823073,1,0
2026-04-13,823153,0,0
2026-04-13,823400,1,1
2026-04-13,823481,1,0
2026-04-13,823563,0,0
2026-04-13,823725,0,1
2026-04-13,823964,3,0
2026-04-13,824856,0,0
2026-04-13,824937,0,0
2026-04-13,825024,0,3
2026-04-14,823072,0,0
2026-04-14,823315,0,0
2026-04-14,823398,0,0
2026-04-14,823478,0,0
2026-04-14,823562,0,0
2026-04-14,823723,0,0
2026-04-14,823802,1,0
2026-04-14,823965,0,0
2026-04-14,824210,2,2
2026-04-14,824292,1,0
2026-04-14,824531,0,0
2026-04-14,824616,1,0
2026-04-14,824853,0,0
2026-04-14,824935,0,0
2026-04-14,825022,0,0
2026-04-15,823071,0,0
2026-04-15,823314,0,0
2026-04-15,823399,0,0
2026-04-15,823477,0,0
2026-04-15,823561,0,0
2026-04-15,823722,0,0
2026-04-15,823803,0,0
2026-04-15,823963,0,0
2026-04-15,824209,0,0
2026-04-15,824291,0,0
2026-04-15,824532,0,0
2026-04-15,824615,0,0
2026-04-15,824855,0,0
2026-04-15,824936,0,0
2026-04-15,825021,0,0
2026-04-16,823313,0,0
2026-04-16,823396,0,0
2026-04-16,823560,0,0
2026-04-16,823801,0,0
2026-04-16,824208,0,0
2026-04-16,824289,0,0
2026-04-16,824453,0,1
2026-04-16,824530,0,0
2026-04-16,824614,0,0
2026-04-16,825023,0,0
2026-04-17,822752,0,0
2026-04-17,823152,0,0
2026-04-17,823397,1,0
2026-04-17,823476,0,0
2026-04-17,823559,0,0
2026-04-17,823720,1,0
2026-04-17,823883,1,0
2026-04-17,824048,0,3
2026-04-17,824207,0,0
2026-04-17,824373,1,1
2026-04-17,824454,0,0
2026-04-17,824693,2,1
2026-04-17,824778,0,1
2026-04-17,825019,2,0
2026-04-17,825101,2,3
2026-04-18,822751,0,0
2026-04-18,823151,0,0
2026-04-18,823394,0,0
2026-04-18,823474,0,0
2026-04-18,823558,0,0
2026-04-18,823721,0,0
2026-04-18,823882,0,0
2026-04-18,824049,0,0
2026-04-18,824206,0,0
2026-04-18,824372,0,0
2026-04-18,824451,0,0
2026-04-18,824694,0,0
2026-04-18,824775,0,0
2026-04-18,825020,0,0
2026-04-18,825098,0,0
2026-04-19,822750,0,0
2026-04-19,823150,0,0
2026-04-19,823393,0,0
2026-04-19,823475,0,0
2026-04-19,823556,0,0
2026-04-19,823718,0,0
2026-04-19,823881,0,0
2026-04-19,824047,0,0
2026-04-19,824205,0,0
2026-04-19,824371,0,0
2026-04-19,824452,0,0
2026-04-19,824691,0,0
2026-04-19,824777,0,0
2026-04-19,825018,0,0
2026-04-19,825100,0,0
2026-04-20,822749,0,0
2026-04-20,822994,1,0
2026-04-20,823149,0,0
2026-04-20,823879,1,0
2026-04-20,824046,0,0
2026-04-20,824125,1,1
2026-04-20,824370,0,0
2026-04-20,824450,1,0
2026-04-20,824692,1,0
2026-04-20,824776,0,0
2026-04-21,822747,0,0
2026-04-21,822914,1,2
2026-04-21,822995,0,0
2026-04-21,823148,0,0
2026-04-21,823236,1,3
2026-04-21,823640,1,1
2026-04-21,823880,0,0
2026-04-21,824045,0,0
2026-04-21,824127,0,0
2026-04-21,824290,0,0
2026-04-21,824369,1,0
2026-04-21,824448,0,0
2026-04-21,824690,0,0
2026-04-21,824773,0,0
2026-04-21,825099,0,0
2026-04-22,822748,0,0
2026-04-22,822913,0,0
2026-04-22,822993,0,0
2026-04-22,823147,0,0
2026-04-22,823231,0,0
2026-04-22,823641,0,0
2026-04-22,823878,0,0
2026-04-22,824044,0,0
2026-04-22,824123,0,0
2026-04-22,824286,0,0
2026-04-22,824367,0,0
2026-04-22,824449,0,0
2026-04-22,824688,0,0
2026-04-22,824774,0,0
2026-04-22,825097,0,0
2026-04-23,822745,0,0
2026-04-23,822912,0,0
2026-04-23,823233,0,0
2026-04-23,823639,0,0
2026-04-23,824288,0,0
2026-04-23,824368,0,0
2026-04-23,824689,0,0
2026-04-23,824770,0,0
2026-04-23,825096,0,0
2026-04-24,822827,0,3
2026-04-24,822909,2,0
2026-04-24,822992,0,0
2026-04-24,823069,2,1
2026-04-24,823232,3,0
2026-04-24,823638,2,0
2026-04-24,823800,0,1
2026-04-24,823962,2,0
2026-04-24,824124,2,0
2026-04-24,824204,1,1
2026-04-24,824529,0,0
2026-04-24,824611,1,2
2026-04-24,824854,0,1
2026-04-24,824932,1,0
2026-04-25,822826,0,0
2026-04-25,822910,0,0
2026-04-25,822989,0,0
2026-04-25,823070,0,0
2026-04-25,823229,0,0
2026-04-25,823637,0,0
2026-04-25,823799,0,0
2026-04-25,823960,0,0
2026-04-25,824121,0,0
2026-04-25,824203,0,0
2026-04-25,824527,0,0
2026-04-25,824613,0,0
2026-04-25,824851,0,0
2026-04-25,824933,0,0
2026-04-25,825093,1,0
2026-04-26,822824,0,0
2026-04-26,822911,0,0
2026-04-26,822991,0,0
2026-04-26,823068,0,0
2026-04-26,823230,0,0
2026-04-26,823635,0,0
2026-04-26,823637,0,0
2026-04-26,823797,0,0
2026-04-26,823959,0,0
2026-04-26,824122,0,0
2026-04-26,824202,0,0
2026-04-26,824528,0,0
2026-04-26,824612,0,0
2026-04-26,824852,0,0
2026-04-26,824934,0,0
2026-04-26,825094,0,0
2026-04-27,822825,0,0
2026-04-27,822906,0,0
2026-04-27,823311,0,0
2026-04-27,823395,1,1
2026-04-27,823719,0,1
2026-04-27,823961,0,0
2026-04-27,824446,0,0
2026-04-27,824609,0,0
2026-04-28,822823,0,0
2026-04-28,822908,0,0
2026-04-28,823310,0,0
2026-04-28,823390,0,0
2026-04-28,823473,3,0
2026-04-28,823636,1,0
2026-04-28,823716,0,0
2026-04-28,823798,2,0
2026-04-28,823956,0,0
2026-04-28,824447,0,0
2026-04-28,824526,0,0
2026-04-28,824610,0,0
2026-04-28,824849,1,0
2026-04-28,824931,0,0
2026-04-28,825017,2,2
2026-04-29,822821,0,0
2026-04-29,822907,0,0
2026-04-29,823312,0,0
2026-04-29,823392,0,0
2026-04-29,823471,0,0
2026-04-29,823633,0,0
2026-04-29,823717,0,0
2026-04-29,823796,0,0
2026-04-29,823958,0,0
2026-04-29,824445,0,0
2026-04-29,824525,0,0
2026-04-29,824608,0,0
2026-04-29,824850,0,0
2026-04-29,824930,0,0
2026-04-29,825015,0,0
2026-04-30,823391,0,0
2026-04-30,823471,0,0
2026-04-30,823472,0,0
2026-04-30,823634,0,0
2026-04-30,823714,1,0
2026-04-30,823795,0,0
2026-04-30,824524,0,0
2026-04-30,824848,0,0
2026-04-30,824850,0,0
2026-04-30,824929,0,0
2026-04-30,825016,0,0
2026-05-01,822744,1,0
2026-05-01,822990,0,0
2026-05-01,823066,2,1
2026-05-01,823146,0,2
2026-05-01,823309,2,0
2026-05-01,823389,0,0
2026-05-01,823557,0,1
2026-05-01,823713,0,0
2026-05-01,823877,0,3
2026-05-01,824041,3,2
2026-05-01,824287,1,0
2026-05-01,824366,2,2
2026-05-01,824686,0,2
2026-05-01,824772,0,0
2026-05-01,825012,3,0
2026-05-02,822746,0,0
2026-05-02,822988,0,0
2026-05-02,823067,0,0
2026-05-02,823144,0,0
2026-05-02,823308,0,0
2026-05-02,823388,0,0
2026-05-02,823554,0,0
2026-05-02,823715,0,0
2026-05-02,823876,0,0
2026-05-02,824042,0,0
2026-05-02,824284,0,0
2026-05-02,824365,0,0
2026-05-02,824685,0,0
2026-05-02,824771,0,0
2026-05-02,825014,0,0
2026-05-03,822742,0,0
2026-05-03,822987,0,0
2026-05-03,823065,0,0
2026-05-03,823145,0,0
2026-05-03,823307,0,0
2026-05-03,823387,0,0
2026-05-03,823555,0,0
2026-05-03,823711,0,0
2026-05-03,823875,0,0
2026-05-03,824043,0,0
2026-05-03,824285,0,0
2026-05-03,824364,0,0
2026-05-03,824687,0,0
2026-05-03,824769,0,0
2026-05-03,825013,0,0
2026-05-04,822984,1,0
2026-05-04,823064,1,0
2026-05-04,823143,1,0
2026-05-04,823228,0,3
2026-05-04,823552,0,0
2026-05-04,823874,0,0
2026-05-04,824039,0,0
2026-05-04,824120,2,2
2026-05-04,824201,0,1
2026-05-04,824283,0,0
2026-05-04,824363,1,0
2026-05-04,824684,1,0
2026-05-05,822743,1,0
2026-05-05,822986,0,0
2026-05-05,823062,0,0
2026-05-05,823142,0,0
2026-05-05,823227,0,0
2026-05-05,823469,3,0
2026-05-05,823553,0,0
2026-05-05,823873,0,0
2026-05-05,824040,0,0
2026-05-05,824119,0,0
2026-05-05,824200,0,0
2026-05-05,824281,0,0
2026-05-05,824362,0,0
2026-05-05,824682,0,0
2026-05-05,825092,3,2
2026-05-06,822740,0,0
2026-05-06,822985,0,0
2026-05-06,823063,0,0
2026-05-06,823141,0,0
2026-05-06,823226,0,0
2026-05-06,823470,0,0
2026-05-06,823550,0,0
2026-05-06,823872,0,0
2026-05-06,824036,0,0
2026-05-06,824118,0,0
2026-05-06,824198,0,0
2026-05-06,824282,0,0
2026-05-06,824361,0,0
2026-05-06,824683,0,0
2026-05-06,825091,0,0
2026-05-07,822741,0,0
2026-05-07,823306,2,0
2026-05-07,823467,0,0
2026-05-07,823551,0,0
2026-05-07,823870,0,0
2026-05-07,824117,0,0
2026-05-07,824362,0,0
2026-05-07,824681,0,0
2026-05-07,824767,0,0
2026-05-07,825090,0,0
2026-05-08,822822,3,0
2026-05-08,822904,0,1
2026-05-08,823225,0,0
2026-05-08,823303,0,0
2026-05-08,823466,2,0
2026-05-08,823794,1,0
2026-05-08,823871,0,0
2026-05-08,823957,0,2
2026-05-08,824116,1,0
2026-05-08,824443,0,1
2026-05-08,824522,1,1
2026-05-08,824607,2,2
2026-05-08,824768,0,0
2026-05-08,824846,0,0
2026-05-08,825088,1,0
2026-05-09,822820,0,0
2026-05-09,822905,0,0
2026-05-09,823224,0,0
2026-05-09,823304,0,0
2026-05-09,823468,0,0
2026-05-09,823792,0,0
2026-05-09,823869,0,0
2026-05-09,823955,0,0
2026-05-09,824115,0,0
2026-05-09,824444,0,0
2026-05-09,824523,0,0
2026-05-09,824606,0,0
2026-05-09,824766,0,0
2026-05-09,824847,0,0
2026-05-09,825089,0,0
2026-05-10,822819,0,0
2026-05-10,822902,0,0
2026-05-10,823221,0,0
2026-05-10,823305,0,0
2026-05-10,823463,0,0
2026-05-10,823793,0,0
2026-05-10,823868,0,0
2026-05-10,823954,0,0
2026-05-10,824113,0,0
2026-05-10,824440,0,0
2026-05-10,824520,0,0
2026-05-10,824605,0,0
2026-05-10,824765,0,0
2026-05-10,824845,0,0
2026-05-10,825085,0,0
2026-05-11,822818,0,0
2026-05-11,822901,2,0
2026-05-11,823953,0,0
2026-05-11,824199,0,1
2026-05-11,824441,0,0
2026-05-11,824844,1,0
2026-05-12,822817,0,0
2026-05-12,822903,0,0
2026-05-12,823385,0,3
2026-05-12,823632,1,3
2026-05-12,823712,1,1
2026-05-12,823790,2,0
2026-05-12,823951,0,0
2026-05-12,824197,0,0
2026-05-12,824442,0,0
2026-05-12,824521,0,0
2026-05-12,824604,0,0
2026-05-12,824764,0,0
2026-05-12,824843,0,0
2026-05-12,824927,1,3
2026-05-12,825011,0,3
2026-05-13,822815,0,0
2026-05-13,822900,0,0
2026-05-13,823386,0,0
2026-05-13,823631,0,0
2026-05-13,823710,0,0
2026-05-13,823791,0,0
2026-05-13,823952,0,0
2026-05-13,824195,0,0
2026-05-13,824438,0,0
2026-05-13,824519,0,0
2026-05-13,824603,0,0
2026-05-13,824763,0,0
2026-05-13,824841,0,0
2026-05-13,824928,0,0
2026-05-13,825010,0,0
2026-05-14,823383,0,0
2026-05-14,823630,0,0
2026-05-14,823709,0,0
2026-05-14,823789,0,0
2026-05-14,823950,0,0
2026-05-14,824196,0,0
2026-05-14,824517,0,0
2026-05-14,824602,0,0
2026-05-14,824762,0,0
2026-05-14,824926,0,0
2026-05-14,825008,0,0
2026-05-15,822739,0,0
2026-05-15,822983,1,0
2026-05-15,823061,0,2
2026-05-15,823140,2,2
2026-05-15,823384,0,0
2026-05-15,823629,0,0
2026-05-15,823707,0,0
2026-05-15,824037,0,3
2026-05-15,824194,0,0
2026-05-15,824280,0,0
2026-05-15,824360,1,2
2026-05-15,824439,0,0
2026-05-15,824601,1,0
2026-05-15,824925,0,0
2026-05-15,825009,0,0
2026-05-16,822737,0,0
2026-05-16,822981,0,0
2026-05-16,823060,0,0
2026-05-16,823139,0,0
2026-05-16,823382,0,0
2026-05-16,823627,0,0
2026-05-16,823706,0,0
2026-05-16,824038,0,0
2026-05-16,824193,0,0
2026-05-16,824278,0,0
2026-05-16,824359,0,0
2026-05-16,824435,0,0
2026-05-16,824600,0,0
2026-05-16,824924,0,0
2026-05-16,825007,0,0
2026-05-17,822738,0,0
2026-05-17,822982,0,0
2026-05-17,823058,0,0
2026-05-17,823138,0,0
2026-05-17,823381,0,0
2026-05-17,823628,0,0
2026-05-17,823708,0,0
2026-05-17,824034,0,0
2026-05-17,824192,0,0
2026-05-17,824279,0,0
2026-05-17,824358,0,0
2026-05-17,824436,0,0
2026-05-17,824599,0,0
2026-05-17,824923,0,0
2026-05-17,825006,0,0
2026-05-18,822734,0,0
2026-05-18,822980,0,0
2026-05-18,823137,2,0
2026-05-18,823301,0,0
2026-05-18,823465,0,0
2026-05-18,823549,0,0
2026-05-18,823705,0,0
2026-05-18,823867,0,0
2026-05-18,824035,0,0
2026-05-18,824114,1,0
2026-05-18,824277,0,0
2026-05-18,824357,1,0
2026-05-18,824680,0,0
2026-05-18,825087,0,1
2026-05-19,822736,0,0
2026-05-19,822979,0,0
2026-05-19,823059,1,0
2026-05-19,823136,0,0
2026-05-19,823302,0,0
2026-05-19,823464,0,0
2026-05-19,823548,0,0
2026-05-19,823704,0,0
2026-05-19,823865,0,0
2026-05-19,824033,0,0
2026-05-19,824112,0,0
2026-05-19,824276,0,0
2026-05-19,824356,0,0
2026-05-19,824677,0,0
2026-05-19,825086,0,0
2026-05-20,822735,0,0
2026-05-20,822977,0,0
2026-05-20,823057,0,0
2026-05-20,823134,0,0
2026-05-20,823299,0,0
2026-05-20,823462,0,0
2026-05-20,823547,0,0
2026-05-20,823703,0,0
2026-05-20,823866,0,0
2026-05-20,824032,0,0
2026-05-20,824111,0,0
2026-05-20,824273,0,0
2026-05-20,824355,0,0
2026-05-20,824678,0,0
2026-05-20,825084,0,0
2026-05-21,822733,0,0
2026-05-21,823056,0,0
2026-05-21,823545,0,0
2026-05-21,823864,0,0
2026-05-21,824031,0,0
2026-05-21,824274,0,0
2026-05-21,825083,1,0
2026-05-22,822816,1,0
2026-05-22,823223,0,0
2026-05-22,823298,0,0
2026-05-22,823461,0,0
2026-05-22,823546,0,0
2026-05-22,823788,2,0
2026-05-22,823863,0,0
2026-05-22,824029,1,0
2026-05-22,824110,2,0
2026-05-22,824518,1,0
2026-05-22,824679,0,0
2026-05-22,824761,1,1
2026-05-22,824842,0,0
2026-05-22,824922,0,0
2026-05-22,825082,0,0
2026-05-23,822814,0,0
2026-05-23,823222,0,0
2026-05-23,823300,0,0
2026-05-23,823458,0,0
2026-05-23,823543,0,0
2026-05-23,823787,0,0
2026-05-23,823862,0,0
2026-05-23,824030,0,0
2026-05-23,824109,0,0
2026-05-23,824516,1,0
2026-05-23,824518,1,0
2026-05-23,824674,0,0
2026-05-23,824760,0,0
2026-05-23,824840,0,0
2026-05-23,824920,0,0
2026-05-23,825080,0,0
2026-05-24,822813,0,0
2026-05-24,823220,0,0
2026-05-24,823297,0,0
2026-05-24,823459,0,0
2026-05-24,823544,0,0
2026-05-24,823786,0,0
2026-05-24,823861,0,0
2026-05-24,824028,0,0
2026-05-24,824108,0,0
2026-05-24,824514,0,0
2026-05-24,824676,0,0
2026-05-24,824759,0,0
2026-05-24,824839,0,0
2026-05-24,824840,0,0
2026-05-24,824921,0,0
2026-05-24,825081,0,0
2026-05-25,822812,0,0
2026-05-25,822899,0,2
2026-05-25,823219,0,0
2026-05-25,823296,3,0
2026-05-25,823380,1,0
2026-05-25,823625,0,0
2026-05-25,823784,1,0
2026-05-25,823948,0,2
2026-05-25,824107,1,0
2026-05-25,824437,0,0
2026-05-25,824598,1,2
2026-05-25,824838,0,0
2026-05-25,825005,2,0
2026-05-26,822811,0,0
2026-05-26,822898,0,0
2026-05-26,823216,0,0
2026-05-26,823294,0,0
2026-05-26,823379,0,0
2026-05-26,823624,0,0
2026-05-26,823785,0,0
2026-05-26,823949,0,0
2026-05-26,824106,0,0
2026-05-26,824275,3,0
2026-05-26,824434,0,0
2026-05-26,824597,0,0
2026-05-26,824758,0,0
2026-05-26,824837,0,0
2026-05-26,825004,0,0
2026-05-27,822809,0,0
2026-05-27,822897,0,0
2026-05-27,823217,0,0
2026-05-27,823295,0,0
2026-05-27,823376,0,0
2026-05-27,823626,0,0
2026-05-27,823783,0,0
2026-05-27,823947,0,0
2026-05-27,824104,0,0
2026-05-27,824270,0,0
2026-05-27,824432,0,0
2026-05-27,824596,0,0
2026-05-27,824756,0,0
2026-05-27,824836,0,0
2026-05-27,825003,0,0
2026-05-28,822896,0,0
2026-05-28,823378,0,0
2026-05-28,824272,0,0
2026-05-28,824595,0,0
2026-05-28,824757,0,0
2026-05-28,824834,0,0
2026-05-29,822732,3,0
2026-05-29,822894,0,0
2026-05-29,822978,0,0
2026-05-29,823055,1,0
2026-05-29,823135,0,0
2026-05-29,823377,1,0
2026-05-29,823623,0,0
2026-05-29,823946,0,0
2026-05-29,824191,0,0
2026-05-29,824353,1,1
2026-05-29,824433,0,0
2026-05-29,824515,0,0
2026-05-29,824594,1,0
2026-05-29,824835,0,0
2026-05-29,825002,2,0
2026-05-30,822731,0,0
2026-05-30,822893,0,0
2026-05-30,822975,0,0
2026-05-30,823054,0,0
2026-05-30,823132,0,0
2026-05-30,823375,0,0
2026-05-30,823622,0,0
2026-05-30,823945,0,0
2026-05-30,824190,0,0
2026-05-30,824352,0,0
2026-05-30,824431,0,0
2026-05-30,824513,0,0
2026-05-30,824593,0,0
2026-05-30,824833,0,0
2026-05-30,825000,0,0
2026-05-31,822729,0,0
2026-05-31,822895,0,0
2026-05-31,822976,0,0
2026-05-31,823053,0,0
2026-05-31,823133,0,0
2026-05-31,823373,0,0
2026-05-31,823621,0,0
2026-05-31,823944,0,0
2026-05-31,824187,0,0
2026-05-31,824354,0,0
2026-05-31,824430,0,0
2026-05-31,824512,0,0
2026-05-31,824592,0,0
2026-05-31,824832,0,0
2026-05-31,825001,0,0
2026-06-01,822730,0,0
2026-06-01,822974,1,0
2026-06-01,823050,0,0
2026-06-01,823131,3,0
2026-06-01,823702,0,1
2026-06-01,823781,1,0
2026-06-01,824027,1,3
2026-06-01,824510,1,0
2026-06-01,825078,0,0
2026-06-02,822728,0,0
2026-06-02,822971,0,0
2026-06-02,823052,0,0
2026-06-02,823129,0,0
2026-06-02,823460,0,3
2026-06-02,823541,0,3
2026-06-02,823700,0,0
2026-06-02,823782,0,0
2026-06-02,824026,0,0
2026-06-02,824189,1,0
2026-06-02,824511,0,0
2026-06-02,824675,2,0
2026-06-02,824754,0,0
2026-06-02,824918,0,0
2026-06-02,825079,0,0
2026-06-03,822727,0,0
2026-06-03,822973,0,0
2026-06-03,823051,0,0
2026-06-03,823130,0,0
2026-06-03,823456,0,0
2026-06-03,823540,0,0
2026-06-03,823701,0,0
2026-06-03,823780,0,0
2026-06-03,824024,0,0
2026-06-03,824188,0,0
2026-06-03,824509,0,0
2026-06-03,824671,0,0
2026-06-03,824755,0,0
2026-06-03,824917,0,0
2026-06-03,825077,0,0
2026-06-04,823457,0,0
2026-06-04,823542,0,0
2026-06-04,823698,1,0
2026-06-04,823779,0,0
2026-06-04,824185,0,0
2026-06-04,824672,0,0
2026-06-04,824753,0,0
2026-06-04,824919,0,0
2026-06-04,825076,0,0
2026-06-05,822810,0,0
2026-06-05,822892,1,0
2026-06-05,823049,1,0
2026-06-05,823293,0,3
2026-06-05,823455,1,0
2026-06-05,823538,0,0
2026-06-05,823699,0,0
2026-06-05,823860,0,0
2026-06-05,823943,0,0
2026-06-05,824186,0,0
2026-06-05,824271,3,0
2026-06-05,824350,1,1
2026-06-05,824673,0,0
2026-06-05,824914,1,0
2026-06-05,825073,3,0
2026-06-06,822808,0,0
2026-06-06,822891,0,0
2026-06-06,823048,0,0
2026-06-06,823292,0,0
2026-06-06,823454,0,0
2026-06-06,823539,0,0
2026-06-06,823697,0,0
2026-06-06,823859,0,0
2026-06-06,823942,0,0
2026-06-06,824184,0,0
2026-06-06,824269,0,0
2026-06-06,824351,0,0
2026-06-06,824669,0,0
2026-06-06,824915,0,0
2026-06-06,825075,0,0
2026-06-07,822807,0,0
2026-06-07,822890,0,0
2026-06-07,823047,0,0
2026-06-07,823291,0,0
2026-06-07,823453,0,0
2026-06-07,823537,0,0
2026-06-07,823696,0,0
2026-06-07,823857,0,0
2026-06-07,823941,0,0
2026-06-07,824183,0,0
2026-06-07,824268,0,0
2026-06-07,824349,0,0
2026-06-07,824670,0,0
2026-06-07,824916,0,0
2026-06-07,825074,0,0
2026-06-08,822806,0,0
2026-06-08,822972,0,0
2026-06-08,823218,0,2
2026-06-08,823289,2,0
2026-06-08,824025,2,0
2026-06-08,824427,0,1
2026-06-08,824829,0,0
2026-06-08,824998,1,2
2026-06-09,822805,0,0
2026-06-09,822969,0,0
2026-06-09,823214,0,0
2026-06-09,823290,0,0
2026-06-09,823374,3,0
2026-06-09,823620,1,3
2026-06-09,823858,3,0
2026-06-09,824023,0,0
2026-06-09,824105,0,0
2026-06-09,824267,1,0
2026-06-09,824347,1,0
2026-06-09,824429,0,0
2026-06-09,824591,1,1
2026-06-09,824830,0,0
2026-06-09,824999,0,0
2026-06-10,822804,0,0
2026-06-10,822970,0,0
2026-06-10,823215,0,0
2026-06-10,823287,0,0
2026-06-10,823372,0,0
2026-06-10,823618,0,0
2026-06-10,823856,0,0
2026-06-10,824022,0,0
2026-06-10,824103,0,0
2026-06-10,824266,0,0
2026-06-10,824348,0,0
2026-06-10,824428,0,0
2026-06-10,824590,0,0
2026-06-10,824831,0,0
2026-06-10,824996,0,0
2026-06-11,823371,0,0
2026-06-11,823619,0,0
2026-06-11,823855,0,0
2026-06-11,824101,0,0
2026-06-11,824265,0,0
2026-06-11,824346,0,0
2026-06-11,824589,0,0
2026-06-11,824827,0,0
2026-06-12,822726,0,3
2026-06-12,822803,0,0
2026-06-12,823211,1,0
2026-06-12,823370,0,0
2026-06-12,823617,1,0
2026-06-12,823695,1,1
2026-06-12,823778,1,2
2026-06-12,824020,3,0
2026-06-12,824102,2,0
2026-06-12,824425,0,0
2026-06-12,824507,0,3
2026-06-12,824588,1,0
2026-06-12,824752,1,0
2026-06-12,824826,3,0
2026-06-12,824997,1,0
2026-06-13,822725,0,0
2026-06-13,822802,0,0
2026-06-13,823213,0,0
2026-06-13,823369,0,0
2026-06-13,823616,0,0
2026-06-13,823694,0,0
2026-06-13,823776,0,0
2026-06-13,824019,0,0
2026-06-13,824100,0,0
2026-06-13,824426,0,0
2026-06-13,824508,0,0
2026-06-13,824587,0,0
2026-06-13,824749,0,0
2026-06-13,824828,0,0
2026-06-13,824995,0,0
2026-06-14,822722,0,0
2026-06-14,822801,0,0
2026-06-14,823212,0,0
2026-06-14,823368,0,0
2026-06-14,823615,0,0
2026-06-14,823693,0,0
2026-06-14,823777,0,0
2026-06-14,824021,0,0
2026-06-14,824099,0,0
2026-06-14,824424,0,0
2026-06-14,824506,0,0
2026-06-14,824586,0,0
2026-06-14,824751,0,0
2026-06-14,824823,0,0
2026-06-14,824994,0,0
2026-06-15,822724,1,0
2026-06-15,822887,0,1
2026-06-15,823046,1,0
2026-06-15,823452,0,1
2026-06-15,823938,0,2
2026-06-15,824181,1,0
2026-06-15,824505,0,0
2026-06-15,824666,2,2
2026-06-15,824993,3,0
2026-06-15,825071,0,3
2026-06-16,822723,0,0
2026-06-16,822888,0,0
2026-06-16,823045,0,0
2026-06-16,823128,3,3
2026-06-16,823451,0,0
2026-06-16,823535,1,0
2026-06-16,823775,1,0
2026-06-16,823939,0,0
2026-06-16,824182,0,0
2026-06-16,824504,0,0
2026-06-16,824667,0,0
2026-06-16,824750,0,0
2026-06-16,824912,3,0
2026-06-16,824991,0,0
2026-06-16,825070,0,0
2026-06-17,822721,0,0
2026-06-17,823044,0,0
2026-06-17,823127,0,0
2026-06-17,823450,0,0
2026-06-17,823536,0,0
2026-06-17,823774,0,0
2026-06-17,823940,0,0
2026-06-17,824178,0,0
2026-06-17,824503,0,0
2026-06-17,824668,0,0
2026-06-17,824746,0,0
2026-06-17,824912,3,0
2026-06-17,824913,0,0
2026-06-17,824992,0,0
2026-06-17,825072,0,0
2026-06-18,822889,0,0
2026-06-18,823125,0,0
2026-06-18,823448,0,0
2026-06-18,823533,0,0
2026-06-18,823772,0,0
2026-06-18,824098,0,1
2026-06-18,824748,0,0
2026-06-18,824911,0,0
2026-06-18,824989,0,0
2026-06-19,822886,0,0
2026-06-19,822966,0,3
2026-06-19,823124,3,0
2026-06-19,823534,0,0
2026-06-19,823853,0,0
2026-06-19,823936,0,0
2026-06-19,824097,0,0
2026-06-19,824179,0,0
2026-06-19,824264,0,1
2026-06-19,824345,1,1
2026-06-19,824663,1,0
2026-06-19,824910,1,0
2026-06-19,824990,0,0
2026-06-19,825069,2,0
2026-06-20,822885,0,0
2026-06-20,822967,0,0
2026-06-20,823126,0,0
2026-06-20,823447,0,0
2026-06-20,823532,0,0
2026-06-20,823854,0,0
2026-06-20,823937,0,0
2026-06-20,824180,0,0
2026-06-20,824263,0,0
2026-06-20,824342,0,0
2026-06-20,824665,0,0
2026-06-20,824909,0,0
2026-06-20,824988,0,0
2026-06-20,825068,0,0
2026-06-21,822883,0,0
2026-06-21,822968,0,0
2026-06-21,823123,0,0
2026-06-21,823449,0,0
2026-06-21,823531,0,0
2026-06-21,823852,0,0
2026-06-21,823934,0,0
2026-06-21,824095,0,0
2026-06-21,824177,0,0
2026-06-21,824260,0,0
2026-06-21,824343,0,0
2026-06-21,824664,0,0
2026-06-21,824908,0,0
2026-06-21,824987,0,0
2026-06-21,825067,0,0
2026-06-22,822720,0,0
2026-06-22,822800,1,1
2026-06-22,822964,1,0
2026-06-22,823040,2,0
2026-06-22,823288,3,2
2026-06-22,823613,1,0
2026-06-22,823692,2,2
2026-06-22,823851,1,0
2026-06-22,824016,0,0
2026-06-22,824261,0,0
2026-06-22,824344,1,0
2026-06-22,824502,0,0
2026-06-22,824585,0,1
2026-06-23,822718,0,0
2026-06-23,822799,0,0
2026-06-23,822963,0,0
2026-06-23,823043,0,0
2026-06-23,823210,0,3
2026-06-23,823286,0,0
2026-06-23,823365,3,2
2026-06-23,823614,0,0
2026-06-23,823690,0,0
2026-06-23,823849,0,0
2026-06-23,824017,0,0
2026-06-23,824262,0,0
2026-06-23,824340,0,0
2026-06-23,824501,0,0
2026-06-23,824584,0,0
2026-06-24,822719,0,0
2026-06-24,822798,0,0
2026-06-24,822965,0,0
2026-06-24,823041,0,0
2026-06-24,823208,0,0
2026-06-24,823284,0,0
2026-06-24,823367,0,0
2026-06-24,823611,0,0
2026-06-24,823613,0,0
2026-06-24,823691,0,0
2026-06-24,823850,0,0
2026-06-24,824018,0,0
2026-06-24,824259,0,0
2026-06-24,824341,0,0
2026-06-24,824500,0,0
2026-06-24,824583,0,0
2026-06-25,822717,0,0
2026-06-25,822797,0,0
2026-06-25,822961,0,0
2026-06-25,823042,0,0
2026-06-25,823209,0,0
2026-06-25,823366,0,0
2026-06-25,823612,0,0
2026-06-25,824258,0,0
2026-06-25,824747,0,2
2026-06-26,822796,0,0
2026-06-26,822962,1,0
2026-06-26,823039,1,0
2026-06-26,823206,0,0
2026-06-26,823285,2,0
2026-06-26,823363,0,0
2026-06-26,823610,0,0
2026-06-26,823688,1,0
2026-06-26,823773,1,1
2026-06-26,824014,0,0
2026-06-26,824255,0,0
2026-06-26,824423,0,1
2026-06-26,824582,1,0
2026-06-26,824743,0,0
2026-06-26,824824,0,3
2026-06-27,822794,0,0
2026-06-27,822960,0,0
2026-06-27,823038,0,0
2026-06-27,823207,0,0
2026-06-27,823283,0,0
2026-06-27,823364,0,0
2026-06-27,823609,0,0
2026-06-27,823689,0,0
2026-06-27,823770,0,0
2026-06-27,824015,0,0
2026-06-27,824257,0,0
2026-06-27,824421,0,0
2026-06-27,824581,0,0
2026-06-27,824745,0,0
2026-06-27,824825,0,0
2026-06-28,822795,0,0
2026-06-28,822959,0,0
2026-06-28,823037,0,0
2026-06-28,823204,0,0
2026-06-28,823281,0,0
2026-06-28,823362,0,0
2026-06-28,823608,0,0
2026-06-28,823686,0,0
2026-06-28,823769,0,0
2026-06-28,824011,0,0
2026-06-28,824256,0,0
2026-06-28,824422,0,0
2026-06-28,824580,0,0
2026-06-28,824744,0,0
2026-06-28,824821,0,0
2026-06-29,822792,0,0
2026-06-29,823121,0,3
2026-06-29,823444,0,0
2026-06-29,823529,0,0
2026-06-29,823771,1,0
2026-06-29,824176,0,1
2026-06-29,824339,1,1
2026-06-29,824420,0,0
2026-06-29,824662,2,0
2026-06-29,824741,0,0
2026-06-29,824822,1,0
2026-06-29,824986,0,0
2026-06-29,825065,0,3
2026-06-30,822793,0,0
2026-06-30,823122,0,0
2026-06-30,823445,0,0
2026-06-30,823528,0,0
2026-06-30,823768,0,0
2026-06-30,824096,1,0
2026-06-30,824175,0,0
2026-06-30,824338,0,0
2026-06-30,824418,0,0
2026-06-30,824661,0,0
2026-06-30,824742,0,0
2026-06-30,824819,0,0
2026-06-30,824907,1,3
2026-06-30,824984,0,0
2026-06-30,825066,0,0
2026-07-01,822791,0,0
2026-07-01,823446,0,0
2026-07-01,823530,0,0
2026-07-01,823767,0,0
2026-07-01,824094,0,0
2026-07-01,824174,0,0
2026-07-01,824337,0,0
2026-07-01,824419,0,0
2026-07-01,824660,0,0
2026-07-01,824740,0,0
2026-07-01,824818,0,0
2026-07-01,824905,0,0
2026-07-01,824985,0,0
2026-07-01,825064,0,0
2026-07-02,822884,1,1
2026-07-02,823119,0,0
2026-07-02,823442,0,0
2026-07-02,823765,0,0
2026-07-02,823935,2,0
2026-07-02,824093,0,0
2026-07-02,824335,0,0
2026-07-02,824416,0,0
2026-07-02,824906,0,0
2026-07-03,822714,0,0
2026-07-03,823120,3,0
2026-07-03,823527,1,0
2026-07-03,823933,0,0
2026-07-03,824013,3,0
2026-07-03,824173,0,0
2026-07-03,824336,1,0
2026-07-03,824417,0,0
2026-07-03,824498,0,1
2026-07-03,824659,1,0
2026-07-03,824904,0,0
2026-07-03,824982,1,0
2026-07-03,825062,2,0
2026-07-04,822716,0,0
2026-07-04,822882,0,0
2026-07-04,823118,0,0
2026-07-04,823526,0,0
2026-07-04,823932,0,0
2026-07-04,824012,0,0
2026-07-04,824092,1,0
2026-07-04,824171,0,0
2026-07-04,824334,0,0
2026-07-04,824415,0,0
2026-07-04,824499,0,0
2026-07-04,824658,0,0
2026-07-04,824903,0,0
2026-07-04,824983,0,0
2026-07-04,825063,0,0
2026-07-05,822715,0,0
2026-07-05,822879,0,0
2026-07-05,823117,0,0
2026-07-05,823525,0,0
2026-07-05,823931,0,0
2026-07-05,824010,0,0
2026-07-05,824091,0,0
2026-07-05,824172,0,0
2026-07-05,824333,0,0
2026-07-05,824413,0,0
2026-07-05,824497,0,0
2026-07-05,824656,0,0
2026-07-05,824902,0,0
2026-07-05,824980,0,0
2026-07-05,825061,0,0
2026-07-06,822712,1,0
2026-07-06,822958,0,1
2026-07-06,823036,2,0
2026-07-06,823205,0,1
2026-07-06,823282,0,0
2026-07-06,823930,1,0
2026-07-06,824089,0,0
2026-07-06,824900,0,0
2026-07-07,822713,0,0
2026-07-07,822881,2,0
2026-07-07,822956,0,0
2026-07-07,823035,0,0
2026-07-07,823062,0,0
2026-07-07,823203,0,0
2026-07-07,823280,0,0
2026-07-07,823361,0,0
2026-07-07,823607,1,0
2026-07-07,823687,1,1
2026-07-07,823847,3,3
2026-07-07,823929,0,0
2026-07-07,824254,3,1
2026-07-07,824495,1,0
2026-07-07,824579,2,1
2026-07-07,824820,1,0
2026-07-08,822710,0,0
2026-07-08,822880,0,0
2026-07-08,822957,0,0
2026-07-08,823032,0,0
2026-07-08,823202,0,0
2026-07-08,823279,0,0
2026-07-08,823360,0,0
2026-07-08,823605,0,0
2026-07-08,823684,0,0
2026-07-08,823848,0,0
2026-07-08,823928,0,0
2026-07-08,824253,0,0
2026-07-08,824496,0,0
2026-07-08,824578,0,0
2026-07-08,824815,0,0
2026-07-09,822877,0,0
2026-07-09,822954,0,0
2026-07-09,823034,0,0
2026-07-09,823201,0,0
2026-07-09,823277,0,0
2026-07-09,823359,0,0
2026-07-09,823606,0,0
2026-07-09,823683,0,0
2026-07-09,823846,0,0
2026-07-09,824251,0,0
2026-07-09,824494,0,0
2026-07-09,824577,0,0
2026-07-09,824816,0,0
2026-07-10,822709,0,0
2026-07-10,822878,1,0
2026-07-10,822955,0,0
2026-07-10,823033,1,0
2026-07-10,823200,0,0
2026-07-10,823278,0,0
2026-07-10,823357,1,0
2026-07-10,823604,1,0
2026-07-10,823685,0,0
2026-07-10,823845,1,0
2026-07-10,823927,0,0
2026-07-10,824252,0,0
2026-07-10,824493,0,0
2026-07-10,824575,1,0
2026-07-10,824817,0,0
2026-07-11,822711,0,0
2026-07-11,822875,0,0
2026-07-11,822953,0,0
2026-07-11,823030,0,0
2026-07-11,823198,0,0
2026-07-11,823276,0,0
2026-07-11,823356,0,0
2026-07-11,823357,1,0
2026-07-11,823603,0,0
2026-07-11,823682,0,0
2026-07-11,823844,0,0
2026-07-11,823926,0,0
2026-07-11,824249,0,0
2026-07-11,824492,0,0
2026-07-11,824576,0,0
2026-07-11,824813,0,0
2026-07-12,822708,0,0
2026-07-12,822876,0,0
2026-07-12,822951,0,0
2026-07-12,823029,0,0
2026-07-12,823199,0,0
2026-07-12,823274,0,0
2026-07-12,823358,0,0
2026-07-12,823602,0,0
2026-07-12,823681,0,0
2026-07-12,823842,0,0
2026-07-12,823925,0,0
2026-07-12,824250,0,0
2026-07-12,824491,0,0
2026-07-12,824574,0,0
2026-07-12,824814,0,0
2026-07-16,823440,0,0
2026-07-17,822789,1,3
2026-07-17,823115,0,3
2026-07-17,823524,3,0
2026-07-17,823766,1,1
2026-07-17,824009,3,2
2026-07-17,824090,2,1
2026-07-17,824170,1,0
2026-07-17,824332,2,1
2026-07-17,824414,0,0
2026-07-17,824655,0,1
2026-07-17,824737,0,0
2026-07-17,824766,0,0
2026-07-17,824901,1,1
2026-07-17,824981,3,2
2026-07-17,825060,2,0
2026-07-18,822790,0,0
2026-07-18,823116,0,0
2026-07-18,823441,0,0
2026-07-18,823523,0,0
2026-07-18,823763,0,0
2026-07-18,824008,0,0
2026-07-18,824088,0,0
2026-07-18,824169,0,0
2026-07-18,824331,0,0
2026-07-18,824412,0,0
2026-07-18,824414,0,0
2026-07-18,824657,0,0
2026-07-18,824738,0,0
2026-07-18,824899,0,0
2026-07-18,824979,0,0
2026-07-18,825059,0,0
2026-07-19,822786,0,0
2026-07-19,823113,0,0
2026-07-19,823439,0,0
2026-07-19,823521,0,0
2026-07-19,823523,0,0
2026-07-19,823764,0,0
2026-07-19,824007,0,0
2026-07-19,824086,0,0
2026-07-19,824168,0,0
2026-07-19,824330,0,0
2026-07-19,824411,0,0
2026-07-19,824653,0,0
2026-07-19,824739,0,0
2026-07-19,824897,0,0
2026-07-19,824978,0,0
2026-07-19,825057,0,0
2026-07-20,822788,0,0
2026-07-20,822874,1,1
2026-07-20,823112,1,0
2026-07-20,823436,0,0
2026-07-20,823522,0,0
2026-07-20,823762,1,0
2026-07-20,824006,0,0
2026-07-20,824087,2,0
2026-07-20,824167,0,0
2026-07-20,824328,1,0
2026-07-20,824410,1,0
2026-07-20,824654,2,0
2026-07-20,824736,1,0
2026-07-20,824898,1,0
2026-07-20,825058,0,0
2026-07-21,822787,0,0
2026-07-21,822871,0,0
2026-07-21,823114,0,0
2026-07-21,823437,0,0
2026-07-21,823519,0,0
2026-07-21,823760,0,0
2026-07-21,824005,0,0
2026-07-21,824085,0,0
2026-07-21,824165,0,0
2026-07-21,824329,0,0
2026-07-21,824409,0,0
2026-07-21,824652,0,0
2026-07-21,824735,0,0
2026-07-21,824895,0,0
2026-07-21,825056,0,0
2026-07-22,822784,0,0
2026-07-22,822873,0,0
2026-07-22,823110,0,0
2026-07-22,823438,0,0
2026-07-22,823518,0,0
2026-07-22,823519,0,0
2026-07-22,823761,0,0
2026-07-22,824004,0,0
2026-07-22,824083,0,0
2026-07-22,824166,0,0
2026-07-22,824327,0,0
2026-07-22,824408,0,0
2026-07-22,824650,0,0
2026-07-22,824732,0,0
2026-07-22,824735,0,0
2026-07-22,824896,0,0
2026-07-22,825055,0,0
2026-07-23,822785,0,0
2026-07-23,823042,2,2
2026-07-23,824247,1,1
2026-07-23,824406,0,0
2026-07-23,824893,0,0
2026-07-24,822707,3,2
2026-07-24,822872,2,0
2026-07-24,822952,0,0
2026-07-24,823031,2,2
2026-07-24,823196,0,2
2026-07-24,823352,1,0
2026-07-24,823434,0,0
2026-07-24,823601,0,1
2026-07-24,823680,2,1
2026-07-24,823759,1,0
2026-07-24,823843,0,1
2026-07-24,824248,0,0
2026-07-24,824573,0,0
2026-07-24,824733,0,0
2026-07-24,824812,0,0
2026-07-25,822704,0,0
2026-07-25,822869,0,0
2026-07-25,822948,0,0
2026-07-25,823027,0,0
2026-07-25,823197,0,0
2026-07-25,823355,0,0
2026-07-25,823435,0,0
2026-07-25,823600,0,0
2026-07-25,823679,0,0
2026-07-25,823758,0,0
2026-07-25,823841,0,0
2026-07-25,824244,0,0
2026-07-25,824571,0,0
2026-07-25,824734,0,0
2026-07-25,824811,0,0
2026-07-26,822706,0,0
2026-07-26,822870,0,0
2026-07-26,822950,0,0
2026-07-26,823028,0,0
2026-07-26,823194,0,0
2026-07-26,823354,0,0
2026-07-26,823433,0,0
2026-07-26,823599,0,0
2026-07-26,823678,0,0
2026-07-26,823755,0,0
2026-07-26,823840,0,0
2026-07-26,824246,0,0
2026-07-26,824572,0,0
2026-07-26,824730,0,0
2026-07-26,824810,0,0
2026-07-27,822705,0,0
2026-07-27,822868,0,0
2026-07-27,823025,1,0
2026-07-27,823195,2,0
2026-07-27,823353,0,0
2026-07-27,823597,0,0
2026-07-27,823839,0,0
2026-07-27,824001,2,0
2026-07-27,824245,0,0
2026-07-27,824490,0,1
2026-07-27,824570,1,0
2026-07-27,824977,3,2
2026-07-28,822703,0,0
2026-07-28,822949,1,0
2026-07-28,823026,0,0
2026-07-28,823193,0,0
2026-07-28,823275,2,3
2026-07-28,823350,0,0
2026-07-28,823598,0,0
2026-07-28,823676,1,0
2026-07-28,823838,0,0
2026-07-28,823923,2,3
2026-07-28,824003,0,0
2026-07-28,824243,0,0
2026-07-28,824489,0,0
2026-07-28,824490,0,1
2026-07-28,824569,0,0
2026-07-28,824976,0,0
2026-07-29,822702,0,0
2026-07-29,822947,0,0
2026-07-29,823022,0,0
2026-07-29,823192,0,0
2026-07-29,823273,0,0
2026-07-29,823351,0,0
2026-07-29,823596,0,0
2026-07-29,823598,0,0
2026-07-29,823677,0,0
2026-07-29,823837,0,0
2026-07-29,823924,0,0
2026-07-29,824002,0,0
2026-07-29,824242,0,0
2026-07-29,824487,0,0
2026-07-29,824567,0,0
2026-07-29,824973,0,0
2026-07-30,822946,0,0
2026-07-30,823023,0,0
2026-07-30,823271,0,0
2026-07-30,823595,0,0
2026-07-30,823674,0,0
2026-07-30,823921,0,0
2026-07-30,824488,0,0
2026-07-30,824568,0,0
2026-07-30,824894,0,0
2026-07-30,824974,0,0
2026-07-31,822782,1,0
2026-07-31,822945,1,0
2026-07-31,823111,2,0
2026-07-31,823272,0,0
2026-07-31,823593,0,0
2026-07-31,823922,0,0
2026-07-31,823999,0,0
2026-07-31,824164,1,2
2026-07-31,824325,1,1
2026-07-31,824407,0,0
2026-07-31,824486,0,0
2026-07-31,824651,0,0
2026-07-31,824809,0,0
2026-07-31,824892,0,0
2026-07-31,824975,3,0
2026-08-01,822781,0,0
2026-08-01,822944,0,0
2026-08-01,823109,0,0
2026-08-01,823269,0,0
2026-08-01,823594,0,0
2026-08-01,823920,0,0
2026-08-01,824000,0,0
2026-08-01,824162,0,0
2026-08-01,824326,0,0
2026-08-01,824405,0,0
2026-08-01,824485,0,0
2026-08-01,824649,0,0
2026-08-01,824808,0,0
2026-08-01,824890,0,0
2026-08-01,824972,0,0
2026-08-02,822783,0,0
2026-08-02,822943,0,0
2026-08-02,823107,0,0
2026-08-02,823270,0,0
2026-08-02,823592,0,0
2026-08-02,823919,0,0
2026-08-02,823996,0,0
2026-08-02,824163,0,0
2026-08-02,824323,0,0
2026-08-02,824404,0,0
2026-08-02,824483,0,0
2026-08-02,824648,0,0
2026-08-02,824807,0,0
2026-08-02,824891,0,0
2026-08-02,824971,0,0
2026-08-03,822867,2,0
2026-08-03,823431,0,0
2026-08-03,823520,0,1
2026-08-03,823757,1,2
2026-08-03,824160,1,0
2026-08-03,824324,2,0
2026-08-03,824647,2,0
2026-08-03,825095,0,3
