date,game_pk,away_fi_xwoba,home_fi_xwoba,away_fi_k,home_fi_k,away_fi_bb,home_fi_bb,away_fi_csw,home_fi_csw,away_fi_pa,home_fi_pa,away_fi_velo,home_fi_velo
2024-04-01,744875,,,,,,,,,,,,
2024-04-01,745109,,,,,,,,,,,,
2024-04-01,745277,,,,,,,,,,,,
2024-04-01,745437,,,,,,,,,,,,
2024-04-01,745600,,,,,,,,,,,,
2024-04-01,745675,,,,,,,,,,,,
2024-04-01,745842,,,,,,,,,,,,
2024-04-01,746085,,,,,,,,,,,,
2024-04-01,746170,,,,,,,,,,,,
2024-04-01,746409,,,,,,,,,,,,
2024-04-01,746817,,,,,,,,,,,,
2024-04-01,746899,,,,,,,,,,,,
2024-04-01,747058,,,,,,,,,,,,
2024-04-01,747218,,,,,,,,,,,,
2024-04-02,745111,,0.3198,,0.2799,,0.0912,,0.3042,,3,,
2024-04-02,745273,0.3152,0.3062,0.3068,0.2958,0.0897,0.0912,0.3041,0.2980,4,3,,0.403
2024-04-02,745439,0.3328,0.3023,0.2672,0.2930,0.1022,0.1006,0.2934,0.2992,6,7,,0.395
2024-04-02,745598,,,,,,,,,,,,
2024-04-02,745680,0.3299,0.3136,0.2599,0.2799,0.0897,0.0912,0.2996,0.2971,4,3,,
2024-04-02,745844,,,,,,,,,,,,
2024-04-02,746009,,,,,,,,,,,,
2024-04-02,746086,,0.3276,,0.2713,,0.1037,,0.2948,,5,,
2024-04-02,746169,0.3071,,0.2958,,0.0912,,0.3106,,3,,,
2024-04-02,746411,0.3160,0.3193,0.2912,0.2799,0.0897,0.1070,0.3119,0.2939,4,3,0.277,
2024-04-02,746814,,0.3093,,0.2958,,0.0912,,0.3021,,3,,
2024-04-02,746898,0.3384,,0.2713,,0.0883,,0.3005,,5,,,
2024-04-02,747057,,,,,,,,,,,,
2024-04-02,747220,0.3387,0.3120,0.2593,0.2640,0.1139,0.0912,0.3081,0.2980,8,3,0.512,
2024-04-03,744869,0.3194,,0.2762,,0.0877,,0.3044,,3,,,
2024-04-03,745114,0.3198,0.3116,0.2604,0.3032,0.0877,0.0863,0.2963,0.3005,3,4,,0.771
2024-04-03,745275,0.3100,0.3280,0.2604,0.2677,0.0877,0.1158,0.2965,0.2957,3,5,,0.350
2024-04-03,745440,0.3254,0.3832,0.2563,0.2320,0.0863,0.1137,0.2968,0.2955,4,15,,0.412
2024-04-03,745603,0.3147,0.3186,0.2604,0.2563,0.0877,0.0863,0.2896,0.2902,3,4,,0.381
2024-04-03,745678,0.3110,0.3059,0.2762,0.2747,0.0877,0.0824,0.3038,0.2883,3,7,,
2024-04-03,745843,,,,,,,,,,,,
2024-04-03,746008,,,,,,,,,,,,
2024-04-03,746083,0.3313,0.3135,0.2597,0.2719,0.1123,0.1019,0.3017,0.3021,7,4,,
2024-04-03,746163,0.3031,0.2962,0.2875,0.2747,0.0863,0.0824,0.3096,0.2948,4,7,0.112,0.149
2024-04-03,746407,0.3027,0.3091,0.3080,0.2875,0.0877,0.0863,0.3108,0.3193,3,4,0.274,
2024-04-03,746816,0.3331,,0.2719,,0.0863,,0.3038,,4,,,
2024-04-03,746900,0.3535,,0.2485,,0.0837,,0.2789,,6,,,
2024-04-03,747059,0.3291,0.3144,0.2677,0.2875,0.1004,0.0863,0.3046,0.2985,5,4,0.549,
2024-04-03,747219,0.3169,0.3307,0.2677,0.2875,0.0850,0.0863,0.2953,0.3086,5,4,0.550,
2024-04-04,744870,0.3089,0.3019,0.2574,0.2846,0.0866,0.1009,0.3004,0.3101,3,4,0.461,
2024-04-04,745200,0.3012,0.3127,0.2846,0.2912,0.0852,0.0826,0.3064,0.3058,4,6,,0.355
2024-04-04,745928,0.3116,0.3066,0.2846,0.2846,0.0852,0.0852,0.3032,0.3130,4,4,0.106,
2024-04-04,746327,0.3200,0.3012,0.2420,0.2574,0.0963,0.0866,0.2931,0.2983,7,3,,
2024-04-05,744874,0.2964,0.3014,0.2760,0.2689,0.0857,0.0884,0.3047,0.3113,5,3,,
2024-04-05,745033,0.3056,0.2954,0.2803,0.2689,0.1026,0.0884,0.3116,0.3011,4,3,0.342,
2024-04-05,745361,0.2990,0.3080,0.2848,0.2689,0.0884,0.0884,0.3019,0.2978,3,3,,
2024-04-05,745524,0.3225,0.2983,0.2647,0.2848,0.0870,0.0884,0.3027,0.3124,4,3,,
2024-04-05,745764,0.3140,0.3027,0.2606,0.2689,0.1011,0.0884,0.2930,0.2986,5,3,,
2024-04-05,746007,0.3081,0.2978,0.2689,0.2689,0.0884,0.0884,0.2944,0.2961,3,3,,0.088
2024-04-05,746249,0.3048,0.3439,0.2606,0.2415,0.0857,0.0844,0.2889,0.2918,5,6,,
2024-04-05,746328,0.2989,0.3009,0.2647,0.2689,0.0870,0.0884,0.3069,0.3049,4,3,,
2024-04-05,746497,0.3133,0.2981,0.2530,0.2647,0.0884,0.0870,0.2969,0.3002,3,4,,
2024-04-05,746576,0.3085,0.3138,0.2530,0.2678,0.0884,0.1130,0.2934,0.2964,3,7,,
2024-04-05,746733,0.3100,0.3152,0.2647,0.2647,0.1026,0.1026,0.2906,0.2994,4,4,,
2024-04-05,746897,0.2951,0.3032,0.3006,0.2606,0.0884,0.0857,0.3031,0.2949,3,5,,
2024-04-05,747143,0.3049,0.3039,0.2848,0.2689,0.0884,0.0884,0.3194,0.2949,3,3,,
2024-04-06,744873,0.3082,0.2988,0.2781,0.2869,0.1041,0.0915,0.3053,0.3084,5,3,0.043,
2024-04-06,745031,0.3066,0.3356,0.2668,0.2738,0.0901,0.1025,0.2992,0.2993,4,6,0.684,
2024-04-06,745197,0.3059,0.3154,0.2551,0.2668,0.0915,0.1057,0.2942,0.3077,3,4,,
2024-04-06,745359,0.3276,0.3122,0.2668,0.2781,0.1057,0.0887,0.2992,0.3145,4,5,0.298,
2024-04-06,745522,0.3330,0.3456,0.2627,0.2658,0.0887,0.1142,0.3001,0.2951,5,8,,
2024-04-06,745766,0.3315,0.3015,0.2824,0.2710,0.0901,0.0915,0.3009,0.3068,4,3,,
2024-04-06,745926,0.3147,0.2988,0.2627,0.2869,0.0887,0.0915,0.3065,0.2976,5,3,,
2024-04-06,746006,0.3042,0.3356,0.2980,0.2435,0.0901,0.1177,0.3182,0.3028,4,6,,
2024-04-06,746248,0.2988,0.3155,0.3028,0.2668,0.0915,0.0901,0.2956,0.3112,3,4,,0.325
2024-04-06,746329,0.3111,0.3083,0.2710,0.2668,0.0915,0.1057,0.2942,0.2988,3,4,,
2024-04-06,746498,0.3079,0.3337,0.2551,0.2473,0.0915,0.0887,0.2906,0.2853,3,5,,
2024-04-06,746575,,0.3400,,0.2548,,0.1010,,0.2981,,7,,
2024-04-06,746731,0.3107,0.3129,0.2698,0.2473,0.0861,0.0887,0.2973,0.2870,7,5,0.414,0.346
2024-04-06,746896,0.3149,0.3106,0.2927,0.2668,0.1079,0.1057,0.3018,0.2947,12,4,0.032,0.168
2024-04-06,747140,0.3009,0.3375,0.2869,0.2548,0.0915,0.1308,0.3042,0.2927,3,7,,
2024-04-07,744871,0.3207,0.3157,0.2446,0.2716,0.0875,0.1015,0.3003,0.3015,4,5,,0.178
2024-04-07,745032,0.3123,0.3166,0.2758,0.2643,0.1031,0.0889,0.3011,0.3079,4,3,,
2024-04-07,745198,0.3073,0.3141,0.2802,0.2484,0.0889,0.0889,0.3114,0.2957,3,3,,
2024-04-07,745362,0.3316,0.3033,0.2635,0.3037,0.0835,0.0823,0.3064,0.3115,7,8,,0.332
2024-04-07,745523,0.3098,0.3121,0.2408,0.2484,0.0861,0.0889,0.2983,0.3037,5,3,0.187,
2024-04-07,745765,0.3371,0.3059,0.2826,0.2758,0.0848,0.1031,0.3076,0.2987,6,4,,0.260
2024-04-07,745927,,0.3456,,0.2302,,0.0970,,0.2933,,8,,
2024-04-07,746003,0.3070,0.3224,0.2643,0.2446,0.0889,0.0875,0.3106,0.2986,3,4,,
2024-04-07,746251,0.3052,0.3172,0.2602,0.2703,0.0875,0.0956,0.3114,0.3169,4,9,,
2024-04-07,746330,0.2901,0.3000,0.2978,0.2802,0.0848,0.0889,0.3073,0.3095,6,3,0.554,
2024-04-07,746493,0.3026,0.3081,0.2716,0.2602,0.0861,0.0875,0.3023,0.2991,5,4,,
2024-04-07,746574,0.3327,0.3252,0.2372,0.2408,0.1151,0.1015,0.2922,0.2930,6,5,0.209,0.138
2024-04-07,746734,0.3224,0.3137,0.2643,0.2675,0.0889,0.1000,0.2966,0.2944,3,6,0.448,
2024-04-07,746895,0.2997,0.3074,0.2961,0.2643,0.0889,0.0889,0.3098,0.3028,3,3,,
2024-04-07,747141,0.3223,0.3302,0.2523,0.2602,0.1151,0.0875,0.2922,0.3057,6,4,,
2024-04-08,744956,0.2967,0.3204,0.2750,0.2601,0.0802,0.0802,0.2920,0.3069,7,7,0.389,0.211
2024-04-08,745034,,0.2990,,0.2766,,0.0852,,0.3113,,3,,
2024-04-08,745194,0.3084,0.3336,0.2567,0.2347,0.0839,0.1053,0.2905,0.2890,4,10,,0.250
2024-04-08,745363,0.3117,,0.2607,,0.0852,,0.3014,,3,,,
2024-04-08,745432,0.3091,0.2949,0.2607,0.2632,0.0852,0.0910,0.2960,0.2913,3,10,0.474,0.345
2024-04-08,745520,0.3173,0.3021,0.2410,0.2640,0.1152,0.0814,0.2933,0.3054,4,6,,0.186
2024-04-08,745761,0.3072,0.3534,0.2563,0.2190,0.0937,0.0983,0.2963,0.2984,8,15,0.343,0.393
2024-04-08,745925,0.3108,0.3448,0.2373,0.2269,0.0980,0.0937,0.2993,0.2908,5,8,-0.054,
2024-04-08,746252,0.3034,0.3004,0.2640,0.2607,0.0814,0.0852,0.3050,0.3023,6,3,0.095,
2024-04-08,746569,0.3136,0.3586,0.2303,0.2490,0.1100,0.0910,0.2886,0.2936,7,10,0.336,0.501
2024-04-08,746654,,0.3048,,0.2449,,0.0852,,0.2964,,3,,
2024-04-08,746735,,0.3302,,0.2567,,0.0839,,0.3063,,4,,0.458
2024-04-08,747142,,0.3203,,0.2640,,0.1117,,0.2997,,6,,
2024-04-09,744957,0.3186,0.3011,0.2362,0.2644,0.1183,0.0816,0.3037,0.2989,13,9,0.350,0.276
2024-04-09,745030,0.3034,0.3188,0.2683,0.2310,0.0975,0.0854,0.2958,0.2876,8,6,0.234,0.210
2024-04-09,745195,0.3137,,0.2536,,0.0975,,0.2981,,8,,0.526,
2024-04-09,745357,,0.2976,,0.2683,,0.0828,,0.3023,,8,,0.154
2024-04-09,745433,,0.3781,,0.2211,,0.1235,,0.3027,,18,,0.261
2024-04-09,745517,0.3079,0.2972,0.2499,0.2462,0.1021,0.0854,0.2976,0.2993,5,6,,0.338
2024-04-09,745762,0.3068,0.3125,0.2570,0.2499,0.1075,0.0816,0.2990,0.2958,11,9,0.519,0.297
2024-04-09,745924,0.2812,0.3127,0.2464,0.2538,0.0805,0.1036,0.2922,0.2935,10,4,0.187,
2024-04-09,746250,0.3025,0.3127,0.2830,0.2749,0.0828,0.1090,0.3012,0.3122,8,10,0.797,0.102
2024-04-09,746326,0.2980,0.3148,0.2723,0.2389,0.0841,0.0975,0.3228,0.2973,7,8,0.204,0.423
2024-04-09,746571,0.3269,0.3337,0.2873,0.2499,0.0841,0.0816,0.3163,0.2869,7,9,0.418,0.324
2024-04-09,746653,0.3146,0.2970,0.2321,0.2536,0.0948,0.0975,0.2853,0.3011,10,8,0.296,0.023
2024-04-09,746732,0.3037,0.2998,0.2382,0.2425,0.0880,0.0841,0.2912,0.2881,4,7,,0.017
2024-04-09,746981,0.3068,0.3095,0.2749,0.2574,0.0805,0.0841,0.3034,0.3023,10,7,0.281,0.056
2024-04-09,747138,0.3222,0.2983,0.2420,0.2579,0.0894,0.0894,0.2967,0.3005,3,3,,
2024-04-10,744950,0.3038,0.3155,0.2576,0.2464,0.0848,0.1101,0.2855,0.2920,6,9,0.481,0.176
2024-04-10,745024,0.3107,0.3178,0.2429,0.2388,0.0800,0.0836,0.2812,0.2900,10,7,0.151,0.264
2024-04-10,745196,0.3005,0.3208,0.2500,0.2714,0.0823,0.0943,0.2983,0.2940,8,10,0.313,0.544
2024-04-10,745355,0.3015,0.3074,0.2537,0.2388,0.0836,0.0836,0.3050,0.2917,7,7,-0.032,-0.004
2024-04-10,745429,0.3119,0.3034,0.2639,0.2647,0.0917,0.0971,0.3021,0.2984,12,8,0.414,0.089
2024-04-10,745763,0.3045,0.3080,0.2537,0.2537,0.0836,0.0836,0.3011,0.2827,7,7,0.035,0.107
2024-04-10,745923,0.2843,0.3193,0.3182,0.2462,0.0848,0.1015,0.3154,0.2918,6,5,0.078,
2024-04-10,746247,0.3093,,0.2500,,0.0823,,0.2995,,8,,0.319,
2024-04-10,746323,,0.3042,,0.2273,,0.0848,,0.2942,,6,,0.168
2024-04-10,746573,0.3191,0.3284,0.2609,0.2703,0.0956,0.1297,0.3106,0.2884,9,14,0.106,0.322
2024-04-10,746655,0.3128,0.3225,0.2609,0.2794,0.0812,0.0823,0.3061,0.2991,9,8,0.267,0.313
2024-04-10,746728,,0.3150,,0.2609,,0.1101,,0.3036,,9,,0.207
2024-04-10,746980,0.3041,0.2940,0.2462,0.2647,0.0861,0.0823,0.3016,0.2866,5,8,,-0.067
2024-04-10,747139,0.3134,,0.2462,,0.1015,,0.2894,,5,,0.294,
2024-04-11,745029,0.3195,0.3402,0.2253,0.2517,0.0894,0.0972,0.2785,0.2989,6,11,0.204,0.201
2024-04-11,745601,0.2982,0.2965,0.2859,0.2590,0.0894,0.1000,0.3115,0.2973,6,9,0.584,-0.024
2024-04-11,746322,0.3127,0.3020,0.2553,0.2404,0.1272,0.1046,0.2938,0.2872,10,6,0.249,0.238
2024-04-11,746490,,0.3043,,0.2479,,0.1078,,0.2928,,4,,
2024-04-11,746730,0.3271,0.3047,0.2300,0.2333,0.0855,0.0868,0.2904,0.2838,9,8,0.243,0.347
2024-04-11,746977,0.3317,0.3047,0.2445,0.2816,0.1000,0.1030,0.2888,0.2909,9,7,0.243,0.322
2024-04-11,747137,0.3337,,0.2445,,0.1145,,0.2781,,9,,0.318,
2024-04-12,744954,0.3367,0.3579,0.2178,0.2383,0.1101,0.0990,0.2908,0.2974,12,10,0.094,-0.058
2024-04-12,745112,0.3136,,0.2456,,0.0963,,0.3109,,12,,0.366,
2024-04-12,745274,0.3079,0.2929,0.2562,0.2788,0.1149,0.0885,0.2851,0.3200,9,7,0.251,0.213
2024-04-12,745596,0.3493,0.3432,0.2349,0.2159,0.1117,0.0872,0.2915,0.2813,11,8,0.100,-0.126
2024-04-12,745679,0.3022,0.3304,0.2679,0.2191,0.0899,0.0885,0.3004,0.2813,6,7,0.790,0.304
2024-04-12,745838,0.2970,0.3148,0.2490,0.2526,0.1034,0.0847,0.2908,0.2927,7,10,0.204,0.026
2024-04-12,746084,0.3758,0.3152,0.2010,0.2224,0.1273,0.0899,0.2847,0.2924,18,6,0.270,-0.404
2024-04-12,746162,0.3254,0.3161,0.2306,0.2908,0.1019,0.1145,0.2977,0.3089,8,18,0.262,-0.070
2024-04-12,746408,0.3138,0.3038,0.2340,0.2453,0.1034,0.0872,0.2885,0.2879,7,8,0.321,0.633
2024-04-12,746491,0.2984,0.3004,0.2490,0.2453,0.0885,0.0872,0.3027,0.2901,7,8,0.180,0.109
2024-04-12,746656,0.2930,0.3125,0.2490,0.2526,0.0885,0.0990,0.3065,0.2882,7,10,0.285,0.292
2024-04-12,746812,0.3078,0.3143,0.2349,0.2340,0.0976,0.0885,0.2825,0.2777,11,7,0.382,0.135
2024-04-12,746978,0.3026,0.3036,0.2788,0.2417,0.0885,0.1004,0.3164,0.2947,7,9,0.365,0.041
2024-04-12,747055,0.2951,0.3300,0.2639,0.2306,0.1034,0.0872,0.2774,0.2816,7,8,-0.027,0.123
2024-04-12,747217,0.3102,0.2950,0.2340,0.2679,0.1034,0.0899,0.2965,0.3055,7,6,0.167,0.211
2024-04-13,744953,0.3152,,0.2156,,0.1001,,0.2798,,8,,0.095,
2024-04-13,745110,0.3166,0.3219,0.2693,0.2380,0.0796,0.1116,0.3016,0.2932,13,10,0.302,0.168
2024-04-13,745272,0.3054,0.3139,0.2486,0.2523,0.0867,0.0830,0.2936,0.3021,7,10,0.387,0.313
2024-04-13,745594,0.3140,0.2989,0.2337,0.2486,0.0867,0.0867,0.2910,0.2781,7,7,0.376,0.103
2024-04-13,745676,0.3058,0.3076,0.2559,0.2380,0.0987,0.0973,0.2917,0.2816,9,10,0.231,0.441
2024-04-13,745839,0.2993,0.3141,0.2744,0.2486,0.0854,0.0867,0.3068,0.2859,8,7,0.214,0.383
2024-04-13,746082,0.3275,0.2938,0.2486,0.2827,0.0867,0.0880,0.2853,0.3118,7,6,-0.017,0.158
2024-04-13,746161,0.3264,0.3073,0.2453,0.2808,0.0807,0.0973,0.3013,0.3077,12,10,0.340,0.298
2024-04-13,746405,0.3075,0.3013,0.2523,0.2486,0.1116,0.1016,0.2911,0.2870,10,7,0.367,0.107
2024-04-13,746489,0.2921,0.3512,0.2676,0.2237,0.0880,0.0973,0.2904,0.2828,6,10,0.474,
2024-04-13,746658,,0.3063,,0.2337,,0.0867,,0.2843,,7,,0.068
2024-04-13,746811,,0.2900,,0.2704,,0.0842,,0.2998,,9,,0.552
2024-04-13,746979,0.3388,,0.2237,,0.0973,,0.2908,,10,,0.335,
2024-04-13,747054,0.3243,0.3110,0.2237,0.2269,0.1116,0.0842,0.3010,0.2983,10,9,0.180,0.538
2024-04-13,747215,0.3659,0.3097,0.2175,0.2269,0.0946,0.1132,0.2838,0.2728,12,9,0.326,0.707
2024-04-14,744952,0.3571,0.3378,0.2227,0.2493,0.1069,0.0989,0.2816,0.3105,15,11,0.435,0.241
2024-04-14,745113,0.3082,0.3200,0.2610,0.2379,0.0940,0.1063,0.3015,0.2897,4,6,,0.263
2024-04-14,745271,0.3069,0.2913,0.2642,0.2529,0.1048,0.0860,0.2906,0.2852,7,10,0.416,0.305
2024-04-14,745595,0.3143,0.3147,0.2634,0.2352,0.1129,0.0989,0.3033,0.2961,11,11,0.308,0.612
2024-04-14,745681,0.3240,0.3243,0.2421,0.2459,0.1017,0.0975,0.2939,0.2915,9,12,0.323,0.216
2024-04-14,745841,0.3183,0.3162,0.2257,0.2416,0.0948,0.1080,0.2943,0.2858,14,5,0.473,0.231
2024-04-14,746079,0.3262,0.3159,0.2566,0.2352,0.1162,0.1129,0.2984,0.2832,9,11,0.315,0.384
2024-04-14,746164,0.2977,0.3051,0.2527,0.2276,0.0948,0.1017,0.2836,0.2968,14,9,0.366,-0.216
2024-04-14,746404,0.3122,0.2922,0.2421,0.2672,0.0872,0.0860,0.2968,0.3208,9,10,0.286,0.086
2024-04-14,746492,0.3627,0.3106,0.2151,0.2529,0.1098,0.0860,0.2755,0.2973,13,10,0.245,0.210
2024-04-14,746648,0.3445,0.3177,0.2013,0.2299,0.1028,0.1041,0.2929,0.3046,18,17,0.764,0.161
2024-04-14,746810,0.3227,0.3294,0.2493,0.2094,0.0898,0.1069,0.2957,0.2757,7,15,0.504,0.260
2024-04-14,746975,0.3015,0.3075,0.2531,0.2386,0.0912,0.0860,0.2995,0.2948,6,10,0.492,0.095
2024-04-14,747056,0.3322,0.3235,0.2276,0.2494,0.0872,0.0803,0.2896,0.2957,9,15,0.264,0.159
2024-04-14,747216,0.3541,0.3075,0.2094,0.2320,0.1336,0.1114,0.2838,0.3010,15,12,0.244,0.514
2024-04-15,744951,0.3019,0.2999,0.2610,0.2706,0.1174,0.0956,0.2895,0.2991,8,13,0.247,0.318
2024-04-15,745106,0.3161,0.2992,0.2633,0.2465,0.1198,0.0831,0.3039,0.2885,15,12,0.183,0.324
2024-04-15,745268,0.2965,0.3194,0.2250,0.2204,0.0855,0.1182,0.2831,0.2942,10,16,0.018,0.440
2024-04-15,745597,0.3522,0.3017,0.2367,0.2465,0.0798,0.0970,0.2843,0.2904,15,12,0.258,0.191
2024-04-15,745677,0.3088,0.3386,0.2500,0.2175,0.0950,0.0907,0.2776,0.2652,3,17,,0.170
2024-04-15,745840,0.3032,0.3517,0.2359,0.2169,0.0843,0.1174,0.3017,0.2782,11,8,0.200,0.317
2024-04-15,746002,0.3787,0.3069,0.2259,0.2316,0.1323,0.0880,0.3001,0.2869,23,8,0.300,0.320
2024-04-15,746080,0.2983,,0.2782,,0.0843,,0.3034,,11,,0.083,
2024-04-15,746158,,0.2826,,0.2432,,0.0820,,0.2898,,13,,0.167
2024-04-15,746406,,0.3092,,0.2617,,0.1091,,0.2858,,4,,
2024-04-15,746488,,0.3082,,0.2500,,0.1191,,0.2940,,7,,0.279
2024-04-15,746813,0.3113,,0.2250,,0.0997,,0.2983,,10,,0.373,
2024-04-15,746974,,0.2877,,0.2641,,0.0843,,0.2884,,11,,0.034
2024-04-15,747053,0.3172,0.3127,0.2500,0.2428,0.1191,0.1012,0.2924,0.3010,7,9,0.232,-0.050
2024-04-15,747213,0.3189,0.3186,0.2500,0.2743,0.0950,0.0831,0.2835,0.3060,3,12,0.226,0.495
2024-04-16,744944,0.3106,0.3089,0.2554,0.2589,0.0958,0.1110,0.2926,0.2884,13,12,0.235,0.154
2024-04-16,745108,0.3083,0.3180,0.2370,0.2691,0.0908,0.0821,0.2904,0.3047,6,13,-0.111,0.857
2024-04-16,745270,0.3155,0.3090,0.2654,0.2412,0.1215,0.0869,0.3017,0.2841,14,9,0.104,0.541
2024-04-16,745593,0.3567,0.3090,0.2580,0.2417,0.1374,0.1095,0.2836,0.2923,20,13,0.292,0.071
2024-04-16,745674,0.3262,0.3233,0.2716,0.2377,0.1052,0.0999,0.2902,0.2885,16,10,0.537,0.326
2024-04-16,745837,0.3205,0.3512,0.2663,0.2311,0.0856,0.1110,0.3027,0.2706,10,12,0.680,0.256
2024-04-16,746004,0.2966,0.3210,0.2766,0.2324,0.0985,0.1110,0.2954,0.2912,11,3,-0.005,
2024-04-16,746081,0.3145,0.3039,0.2234,0.2344,0.0856,0.0985,0.2847,0.2853,10,11,-0.068,0.137
2024-04-16,746157,0.2971,,0.2344,,0.0844,,0.2858,,11,,0.045,
2024-04-16,746400,0.2927,0.3654,0.2673,0.2100,0.0908,0.1190,0.3036,0.2835,6,24,0.239,0.246
2024-04-16,746486,0.3324,0.3166,0.2789,0.2267,0.0945,0.1014,0.3125,0.2813,14,9,0.262,-0.012
2024-04-16,746809,0.2904,0.3162,0.2377,0.2554,0.0999,0.0821,0.2896,0.3015,10,13,0.241,0.184
2024-04-16,746976,0.3419,0.3003,0.2654,0.2663,0.1080,0.0999,0.2976,0.2817,14,10,0.602,0.590
2024-04-16,747051,0.3263,0.3377,0.2203,0.2190,0.1126,0.1052,0.2842,0.2761,11,16,0.155,0.281
2024-04-16,747214,0.3118,0.3233,0.2485,0.2584,0.0933,0.1183,0.2917,0.2970,15,16,0.378,0.058
2024-04-17,744948,0.3133,0.3557,0.2504,0.2435,0.0972,0.0945,0.2841,0.3040,11,13,0.124,-0.111
2024-04-17,745105,0.3138,0.3157,0.2682,0.2672,0.0843,0.1203,0.3075,0.2881,10,14,0.354,0.472
2024-04-17,745267,0.3019,0.2885,0.2402,0.2785,0.0932,0.0972,0.2857,0.3148,14,11,0.431,0.300
2024-04-17,745591,0.3315,0.3306,0.2279,0.2363,0.1141,0.0831,0.2947,0.2931,18,11,0.180,-0.089
2024-04-17,745671,0.3120,0.3182,0.2363,0.2397,0.0972,0.0843,0.2918,0.2867,11,10,0.134,0.387
2024-04-17,745836,0.3489,0.3277,0.2237,0.2435,0.1053,0.0808,0.2842,0.2909,15,13,0.102,-0.033
2024-04-17,746005,0.3344,,0.2330,,0.0958,,0.3015,,12,,0.491,
2024-04-17,746076,0.3146,0.3081,0.2471,0.2363,0.1039,0.0831,0.3100,0.2922,16,11,0.356,-0.242
2024-04-17,746159,0.2953,,0.2721,,0.0855,,0.2955,,9,,0.806,
2024-04-17,746401,0.3674,0.3257,0.2021,0.2267,0.1313,0.0932,0.2857,0.2759,23,14,0.247,0.882
2024-04-17,746487,0.3367,0.2949,0.2222,0.2504,0.0972,0.0831,0.2792,0.2889,11,11,0.237,0.309
2024-04-17,746807,0.3054,,0.2397,,0.1129,,0.2804,,10,,0.258,
2024-04-17,746973,,0.3170,,0.2207,,0.1039,,0.2912,,16,,0.044
2024-04-17,747049,0.3081,,0.2608,,0.0819,,0.3062,,12,,0.215,
2024-04-17,747212,0.3149,0.3122,0.2608,0.2435,0.1097,0.1082,0.2761,0.2958,12,13,0.294,0.299
2024-04-18,745104,0.3590,0.3264,0.2139,0.2358,0.0884,0.1053,0.2927,0.2915,18,15,0.308,0.133
2024-04-18,745356,0.3270,0.3093,0.2285,0.2721,0.1082,0.0776,0.2712,0.3000,13,16,0.807,0.324
2024-04-18,746485,,0.3386,,0.2285,,0.0945,,0.2793,,13,,0.074
2024-04-18,746891,,0.2997,,0.2526,,0.0843,,0.2852,,10,,0.328
2024-04-18,746970,0.3157,,0.2491,,0.1053,,0.2905,,15,,0.343,
2024-04-19,744872,,0.3067,,0.2790,,0.1069,,0.2947,,14,,0.372
2024-04-19,745189,0.2876,0.3732,0.2767,0.2134,0.0973,0.1014,0.2907,0.2773,11,18,-0.069,0.381
2024-04-19,745352,,0.3177,,0.2521,,0.0845,,0.2973,,10,,0.179
2024-04-19,745430,0.3019,0.3238,0.2642,0.2585,0.0938,0.0909,0.2973,0.2932,3,16,,0.414
2024-04-19,745518,0.3044,,0.2520,,0.0799,,0.2950,,14,,0.145,
2024-04-19,745592,0.2790,0.2997,0.3006,0.2451,0.0821,0.0960,0.3118,0.2752,12,12,0.676,0.153
2024-04-19,745758,0.3070,0.2918,0.2483,0.2589,0.0938,0.0960,0.2985,0.3080,3,12,0.121,0.446
2024-04-19,745922,0.3088,0.3010,0.2486,0.2767,0.0788,0.0833,0.3005,0.2892,15,11,0.103,0.524
2024-04-19,746160,0.3186,0.3163,0.2417,0.3090,0.0810,0.1074,0.2720,0.3162,13,23,0.286,0.036
2024-04-19,746325,0.3129,0.3009,0.2312,0.2619,0.0821,0.0922,0.2965,0.2957,12,15,0.365,0.274
2024-04-19,746572,0.3026,,0.2691,,0.0810,,0.3063,,13,,0.421,
2024-04-19,746650,0.3151,0.3257,0.2384,0.2114,0.1069,0.1204,0.2846,0.2670,14,14,0.424,0.054
2024-04-19,746729,0.3302,0.3022,0.2451,0.2642,0.0960,0.0938,0.3013,0.3065,12,3,0.284,
2024-04-19,746892,0.3098,,0.2322,,0.1304,,0.2828,,16,,0.537,
2024-04-19,747136,0.3125,0.3268,0.2322,0.2451,0.1304,0.0960,0.2799,0.2891,16,12,0.431,-0.033
2024-04-20,744865,0.3169,0.3210,0.2282,0.2453,0.1215,0.0955,0.2808,0.2964,13,12,0.121,0.369
2024-04-20,745190,0.3537,0.3520,0.2324,0.2008,0.1168,0.1266,0.3018,0.2793,16,18,0.187,0.208
2024-04-20,745354,0.2943,0.2914,0.2488,0.2587,0.1050,0.0773,0.3076,0.2965,15,16,0.516,0.044
2024-04-20,745431,0.3391,,0.2455,,0.1168,,0.3073,,16,,0.140,
2024-04-20,745515,0.2892,0.2997,0.2792,0.2621,0.0794,0.1050,0.2782,0.3000,14,15,0.196,0.182
2024-04-20,745590,0.3311,0.3134,0.1933,0.2455,0.1219,0.0904,0.2684,0.2968,21,16,0.191,0.782
2024-04-20,745760,0.2999,0.3313,0.2423,0.2154,0.0763,0.0960,0.2886,0.2891,17,22,0.240,0.617
2024-04-20,745921,0.2945,0.3558,0.2666,0.2034,0.1125,0.1022,0.2945,0.2748,10,17,0.325,0.263
2024-04-20,746156,0.3011,0.3076,0.2744,0.2693,0.1011,0.0942,0.2908,0.3087,8,13,0.164,0.398
2024-04-20,746324,0.3437,0.3204,0.2457,0.2392,0.0734,0.0881,0.3007,0.2925,20,18,0.116,0.479
2024-04-20,746570,0.2841,0.3531,0.2488,0.1929,0.0783,0.1168,0.2824,0.2671,15,16,0.239,0.136
2024-04-20,746651,0.3356,0.3164,0.2423,0.2304,0.1022,0.0972,0.2914,0.3069,17,21,0.202,0.141
2024-04-20,746726,0.3253,0.3174,0.2649,0.2730,0.1138,0.0955,0.3013,0.2941,18,12,0.179,0.254
2024-04-20,746893,0.3194,0.2933,0.2251,0.2808,0.1064,0.0982,0.2825,0.2880,14,10,0.389,0.362
2024-04-20,747135,0.3309,0.3198,0.2251,0.2453,0.0929,0.1093,0.2891,0.2897,14,12,0.286,0.173
2024-04-21,744866,0.3641,0.3187,0.2144,0.2562,0.1145,0.0917,0.2861,0.2897,27,5,0.302,
2024-04-21,745192,0.3278,0.3017,0.2220,0.2523,0.0928,0.0903,0.2892,0.2766,15,6,0.319,0.386
2024-04-21,745353,,0.3154,,0.2144,,0.0817,,0.2804,,13,,-0.164
2024-04-21,745434,0.3028,0.3805,0.2717,0.2208,0.0916,0.1344,0.3094,0.2962,16,29,0.404,0.297
2024-04-21,745514,,0.3007,,0.2220,,0.0795,,0.2973,,15,,0.204
2024-04-21,745588,0.3023,0.3017,0.2484,0.2487,0.0946,0.0928,0.2946,0.2931,3,15,,0.163
2024-04-21,745759,0.3125,0.3039,0.2682,0.2590,0.0774,0.1384,0.3031,0.2891,17,12,0.863,0.224
2024-04-21,745920,0.3151,0.3208,0.2313,0.2520,0.0967,0.1076,0.2835,0.2872,12,14,-0.063,0.249
2024-04-21,746154,0.3385,0.2839,0.2204,0.2422,0.1121,0.0774,0.2847,0.2939,11,17,0.327,0.154
2024-04-21,746316,0.3182,0.3081,0.2281,0.2115,0.0954,0.0941,0.2982,0.2990,13,14,0.315,0.428
2024-04-21,746568,0.3142,0.3475,0.2206,0.2234,0.1120,0.0881,0.3014,0.2770,20,19,0.517,0.152
2024-04-21,746652,0.3406,0.3288,0.2006,0.2552,0.0959,0.1034,0.2642,0.2981,23,17,0.123,0.451
2024-04-21,746727,0.2999,0.3296,0.2413,0.2007,0.0864,0.1277,0.2970,0.2611,9,18,0.051,-0.264
2024-04-21,746894,0.3158,0.3096,0.2643,0.2614,0.0946,0.1008,0.3034,0.2994,3,19,,0.336
2024-04-21,747133,0.3208,0.3319,0.2562,0.2220,0.1071,0.1206,0.3041,0.2828,5,6,,
2024-04-22,745107,0.2937,0.3289,0.2434,0.2752,0.0926,0.1156,0.2900,0.2847,17,19,0.142,0.498
2024-04-22,745191,0.3074,0.3206,0.2304,0.2626,0.1056,0.1029,0.2904,0.2912,17,19,0.317,0.475
2024-04-22,745351,0.3518,0.3277,0.2466,0.2468,0.1201,0.1016,0.2701,0.3054,16,20,0.354,0.296
2024-04-22,745519,0.2972,0.3106,0.2358,0.2841,0.0863,0.0840,0.2910,0.3095,11,13,0.313,0.635
2024-04-22,745757,0.3124,0.3047,0.2293,0.2659,0.0977,0.1042,0.2888,0.2875,13,18,0.333,0.067
2024-04-22,745916,0.3128,0.3364,0.2340,0.2071,0.0973,0.1201,0.2941,0.2780,3,16,,0.174
2024-04-22,746242,0.3091,0.3036,0.2499,0.2567,0.0973,0.0840,0.3000,0.3015,3,13,,0.345
2024-04-22,746319,0.2956,0.2993,0.2899,0.2567,0.1084,0.1113,0.2983,0.2881,15,13,0.126,0.229
2024-04-22,746565,0.3003,0.3551,0.2729,0.2558,0.1070,0.1309,0.2954,0.2810,16,25,-0.101,0.227
2024-04-22,746723,0.2977,0.3048,0.2466,0.2824,0.1070,0.1186,0.2933,0.2946,16,17,0.077,-0.005
2024-04-22,747134,0.2987,,0.2398,,0.0963,,0.2861,,14,,0.105,
2024-04-23,744863,0.3045,0.3050,0.2151,0.2329,0.1107,0.0932,0.2891,0.2884,13,16,-0.053,0.132
2024-04-23,745026,0.2940,0.3335,0.2737,0.2257,0.0845,0.1092,0.2891,0.2818,12,14,0.631,0.216
2024-04-23,745102,0.3436,0.3158,0.2169,0.2398,0.0920,0.1036,0.2713,0.2892,17,18,0.082,0.066
2024-04-23,745193,0.3197,0.3093,0.2494,0.2360,0.1150,0.0944,0.2960,0.2864,19,15,0.100,-0.012
2024-04-23,745348,0.3204,0.3136,0.2329,0.2679,0.0800,0.0751,0.2895,0.2966,16,21,-0.209,0.359
2024-04-23,745516,,0.3503,,0.2241,,0.1023,,0.2826,,19,,0.067
2024-04-23,745754,0.3315,0.3104,0.2227,0.2360,0.1078,0.1078,0.2768,0.2830,15,15,0.426,0.111
2024-04-23,745917,0.3159,0.3169,0.2398,0.2593,0.1036,0.0800,0.2923,0.3001,18,16,0.185,0.166
2024-04-23,746246,0.3316,0.3606,0.2114,0.2133,0.1023,0.0974,0.2725,0.2997,19,23,0.243,0.392
2024-04-23,746321,0.3603,0.2777,0.2494,0.2425,0.1150,0.0970,0.2994,0.2849,19,13,0.009,0.203
2024-04-23,746566,0.3225,0.3608,0.2494,0.2175,0.0944,0.1056,0.3113,0.2877,15,26,0.438,0.198
2024-04-23,746647,0.3109,0.3098,0.2114,0.2493,0.1023,0.0965,0.2894,0.2878,19,3,-0.006,
2024-04-23,746722,0.3235,0.2913,0.2461,0.2429,0.0800,0.0920,0.2956,0.2869,16,17,-0.036,0.407
2024-04-23,746888,0.3172,0.3303,0.2270,0.2689,0.0908,0.1179,0.2667,0.2798,18,17,0.855,0.266
2024-04-23,747130,0.2993,0.3642,0.2257,0.1877,0.0822,0.1358,0.2936,0.2863,14,29,-0.340,0.204
2024-04-24,744864,0.3324,0.2972,0.2330,0.2650,0.1055,0.0955,0.2774,0.2997,7,14,,0.647
2024-04-24,745028,0.2816,0.3188,0.2785,0.3066,0.0955,0.0918,0.3130,0.3214,14,17,0.240,0.212
2024-04-24,745099,0.3397,0.3201,0.2451,0.2480,0.0759,0.0996,0.3041,0.3016,20,11,0.104,0.087
2024-04-24,745188,0.3093,0.3624,0.2319,0.2174,0.0964,0.0996,0.2834,0.2810,3,21,,0.390
2024-04-24,745346,0.3259,,0.2317,,0.0799,,0.2703,,16,,0.340,
2024-04-24,745513,0.3164,,0.2636,,0.0964,,0.3005,,3,,0.069,
2024-04-24,745753,0.3170,0.2941,0.2287,0.2448,0.1048,0.1062,0.2834,0.3088,17,16,0.383,0.388
2024-04-24,745919,0.2808,0.2974,0.3027,0.2748,0.0906,0.0809,0.3010,0.2913,18,15,0.534,0.550
2024-04-24,746244,0.3036,0.3211,0.2348,0.2614,0.0809,0.0943,0.3008,0.3113,15,15,0.148,0.364
2024-04-24,746317,0.3192,0.3110,0.2777,0.2482,0.1055,0.1022,0.3001,0.2988,7,19,0.119,0.302
2024-04-24,746567,0.3280,,0.2451,,0.0884,,0.2808,,20,,0.449,
2024-04-24,746649,0.3050,0.3232,0.2478,0.2391,0.0964,0.1228,0.2923,0.2853,3,22,,0.436
2024-04-24,746725,0.2936,0.3069,0.2481,0.2668,0.0943,0.0920,0.2769,0.3174,15,6,0.182,0.193
2024-04-24,746889,0.3034,0.3057,0.2737,0.2636,0.1040,0.0964,0.2874,0.2984,8,3,0.667,
2024-04-24,747132,,0.2862,,0.2658,,0.1010,,0.2967,,10,,0.075
2024-04-25,744867,0.3117,0.2981,0.3221,0.2948,0.1073,0.1068,0.3220,0.2984,26,17,0.100,0.381
2024-04-25,745027,0.2763,0.3204,0.2654,0.2402,0.0798,0.1491,0.2836,0.2771,18,22,0.276,0.334
2024-04-25,745512,0.2884,0.3292,0.2797,0.2402,0.0976,0.1125,0.2916,0.2935,14,22,-0.023,0.289
2024-04-25,745755,0.3340,0.3243,0.2402,0.2200,0.1003,0.0968,0.2802,0.2921,22,25,0.251,0.414
2024-04-25,745918,0.3259,0.3068,0.1988,0.2651,0.1217,0.0988,0.2615,0.2914,24,3,0.244,
2024-04-25,746320,0.3465,0.3153,0.2556,0.2646,0.1262,0.0881,0.3098,0.3044,21,22,0.150,0.499
2024-04-25,746564,0.3321,0.3588,0.2379,0.1837,0.0943,0.1278,0.2924,0.2622,6,20,0.220,0.228
2024-04-25,746646,,0.3363,,0.2269,,0.1183,,0.2769,,18,,0.136
2024-04-25,746724,0.3133,0.3119,0.2462,0.2309,0.1028,0.0915,0.2990,0.2812,20,8,0.949,0.391
2024-04-25,746887,0.3087,0.2992,0.2492,0.2627,0.0988,0.1097,0.2891,0.2800,3,15,,0.278
2024-04-26,744949,0.3150,0.3129,0.2590,0.2682,0.1279,0.1016,0.2938,0.3048,20,21,0.436,0.299
2024-04-26,745025,0.3177,0.3272,0.2528,0.2340,0.0927,0.1029,0.2865,0.2927,18,20,0.339,0.263
2024-04-26,745269,0.2999,0.3169,0.2405,0.2623,0.1003,0.0915,0.3048,0.3041,22,19,0.529,0.322
2024-04-26,745347,0.3557,0.2930,0.2265,0.2682,0.0958,0.0769,0.2792,0.2996,5,21,,0.059
2024-04-26,745424,0.3260,0.3773,0.2340,0.2144,0.0904,0.1329,0.2903,0.2979,20,32,0.229,0.319
2024-04-26,745835,0.3542,0.3112,0.2015,0.2896,0.1232,0.1230,0.2779,0.2950,23,15,0.237,0.173
2024-04-26,746000,0.3061,0.3517,0.2727,0.2064,0.1477,0.1016,0.2819,0.2739,16,21,0.100,0.120
2024-04-26,746078,0.3316,,0.2332,,0.0951,,0.2944,,16,,0.404,
2024-04-26,746243,0.3491,0.3328,0.1965,0.2642,0.1029,0.1306,0.2707,0.2985,20,26,0.265,0.096
2024-04-26,746482,0.3075,0.2917,0.2042,0.2800,0.0939,0.1247,0.2944,0.2884,17,14,0.278,0.189
2024-04-26,746808,0.3029,0.3120,0.2405,0.2322,0.0760,0.0865,0.2846,0.2701,22,12,0.146,0.089
2024-04-26,746972,0.2987,0.2908,0.2565,0.2785,0.0853,0.0799,0.2901,0.2777,13,18,0.383,0.100
2024-04-26,747050,0.3339,0.3462,0.2061,0.2348,0.0957,0.0741,0.2680,0.2892,26,24,0.101,0.020
2024-04-26,747129,0.3246,0.3414,0.2177,0.2332,0.1189,0.0951,0.2997,0.2792,26,16,0.156,-0.030
2024-04-27,744946,0.2762,0.2915,0.2585,0.2907,0.0782,0.1058,0.2989,0.2969,20,18,0.148,0.082
2024-04-27,745020,0.2977,0.3465,0.2960,0.2631,0.1157,0.1162,0.3057,0.3021,20,11,0.044,0.182
2024-04-27,745266,0.3095,0.3064,0.2647,0.2343,0.0992,0.1101,0.2940,0.3036,3,24,,0.461
2024-04-27,745350,0.3053,0.3195,0.2335,0.2063,0.1032,0.0954,0.2935,0.2811,20,16,0.055,-0.340
2024-04-27,745425,0.2974,0.2909,0.2491,0.2744,0.1045,0.1045,0.2904,0.3022,19,19,0.050,-0.096
2024-04-27,745833,0.2978,0.3351,0.2668,0.2224,0.0893,0.1100,0.2873,0.2793,10,15,0.216,0.306
2024-04-27,745998,0.3074,0.3015,0.2553,0.2224,0.1142,0.0834,0.2861,0.2923,21,15,0.124,0.466
2024-04-27,746075,0.3092,0.3353,0.2747,0.2747,0.0919,0.1067,0.2900,0.3049,8,8,0.261,
2024-04-27,746245,0.3286,0.2905,0.2238,0.2733,0.1171,0.0868,0.2866,0.3020,19,12,0.187,0.043
2024-04-27,746484,0.3146,0.3312,0.2426,0.2138,0.1072,0.1186,0.2890,0.2778,17,18,0.278,-0.202
2024-04-27,746560,0.3270,0.3437,0.2296,0.2104,0.1202,0.0863,0.2797,0.2766,17,24,0.107,0.028
2024-04-27,746803,0.3152,0.3219,0.2853,0.2417,0.0994,0.1051,0.3116,0.2890,23,9,0.880,0.308
2024-04-27,746971,0.3361,0.3360,0.2375,0.2293,0.0947,0.0977,0.2773,0.2827,6,4,0.142,
2024-04-27,747052,0.3179,0.3241,0.2194,0.2266,0.0954,0.1058,0.2919,0.2842,16,18,0.351,0.378
2024-04-27,747131,0.3217,0.3200,0.2585,0.2490,0.1032,0.1100,0.3009,0.2903,20,15,0.479,0.186
2024-04-28,744947,,0.3651,,0.2376,,0.1112,,0.2917,,23,,0.026
2024-04-28,745022,0.2933,0.3466,0.2405,0.2370,0.0882,0.1042,0.2855,0.2904,22,19,0.423,0.262
2024-04-28,745265,0.3080,0.3000,0.2215,0.2561,0.1029,0.1069,0.2948,0.2855,20,17,0.318,0.646
2024-04-28,745349,0.3009,0.3288,0.2990,0.2497,0.0820,0.0992,0.3190,0.3076,16,23,0.853,0.325
2024-04-28,745428,,0.3154,,0.2529,,0.0927,,0.3162,,18,,0.426
2024-04-28,745834,0.3114,0.3473,0.2617,0.2370,0.0992,0.1168,0.2940,0.2674,23,19,0.402,0.378
2024-04-28,746001,0.3090,0.3258,0.2465,0.2457,0.1154,0.0973,0.2887,0.2950,20,4,0.068,
2024-04-28,746077,0.3175,0.3027,0.2188,0.2243,0.1016,0.1042,0.2787,0.2873,21,19,0.197,0.090
2024-04-28,746237,0.3140,0.3007,0.2590,0.2691,0.0779,0.0939,0.2965,0.3081,20,17,0.216,0.477
2024-04-28,746483,0.2862,0.2831,0.2302,0.2435,0.1069,0.0893,0.2786,0.2944,17,21,0.421,0.035
2024-04-28,746561,0.3219,0.3581,0.2347,0.2441,0.1079,0.1374,0.2776,0.2773,7,29,0.239,0.174
2024-04-28,746805,0.3259,0.3160,0.2738,0.2467,0.1112,0.0980,0.2842,0.2981,23,24,0.481,0.156
2024-04-28,746967,,0.3082,,0.2161,,0.1004,,0.2915,,22,,-0.010
2024-04-28,747045,0.3407,0.3114,0.2039,0.2496,0.1004,0.1079,0.2776,0.2977,22,7,0.418,0.334
2024-04-28,747125,0.3152,0.3393,0.2496,0.2265,0.0930,0.0958,0.2811,0.2836,7,5,0.078,
2024-04-29,744945,,0.3292,,0.2560,,0.1248,,0.2968,,13,,-0.029
2024-04-29,745263,0.3575,0.2826,0.1923,0.2998,0.1316,0.1153,0.2921,0.3020,32,19,0.230,0.217
2024-04-29,745427,0.3101,0.3193,0.2670,0.2613,0.1016,0.0857,0.3259,0.2904,10,23,0.186,0.417
2024-04-29,745672,0.3442,0.3234,0.2372,0.2523,0.1098,0.1111,0.2874,0.2843,23,22,-0.005,0.303
2024-04-29,745832,0.2996,0.3177,0.2528,0.2366,0.0926,0.0774,0.2931,0.2885,6,19,-0.038,-0.237
2024-04-29,745999,0.3207,0.3308,0.2279,0.2640,0.1111,0.1061,0.2879,0.3015,22,7,0.053,-0.113
2024-04-29,746074,0.3038,0.3055,0.2586,0.2268,0.1014,0.0784,0.3027,0.2905,20,18,0.932,-0.266
2024-04-29,746236,0.3252,0.3625,0.2401,0.2148,0.0867,0.1047,0.2914,0.3040,22,27,0.035,0.379
2024-04-29,746481,0.3005,0.3142,0.2524,0.2419,0.0912,0.1321,0.2819,0.2856,18,9,0.104,-0.123
2024-04-29,746804,0.2873,0.2808,0.3037,0.3011,0.0784,0.0989,0.3067,0.2970,18,22,0.564,0.639
2024-04-29,747046,0.3081,0.3428,0.2431,0.2225,0.1125,0.1085,0.3059,0.2749,21,24,0.433,0.270
2024-04-29,747211,0.3082,0.3317,0.2011,0.2493,0.1168,0.1098,0.2837,0.2965,18,23,-0.088,0.129
2024-04-30,744942,0.3058,0.3608,0.2780,0.2515,0.0837,0.1292,0.3089,0.3099,25,26,0.602,0.147
2024-04-30,745018,0.2907,0.3193,0.2953,0.3088,0.1014,0.0978,0.3049,0.3121,20,23,0.384,0.229
2024-04-30,745260,0.2853,0.2861,0.2826,0.2638,0.0974,0.0746,0.3086,0.2900,13,22,0.090,0.251
2024-04-30,745426,0.3116,0.3027,0.2342,0.2485,0.0861,0.1027,0.2843,0.2795,11,19,0.265,0.431
2024-04-30,745673,0.3430,0.3464,0.2399,0.2371,0.1060,0.1048,0.2934,0.2768,26,27,0.259,0.240
2024-04-30,745831,0.3051,0.3165,0.2453,0.2611,0.1014,0.0774,0.2705,0.2849,20,19,0.255,0.425
2024-04-30,745997,0.3216,0.3113,0.2482,0.2703,0.1062,0.1014,0.3072,0.2914,7,20,0.050,-0.064
2024-04-30,746073,0.3766,0.3383,0.2025,0.2333,0.1099,0.1211,0.2780,0.2809,32,7,0.207,1.003
2024-04-30,746239,0.2932,0.3289,0.2611,0.2703,0.1027,0.1014,0.2780,0.3153,19,20,0.102,0.318
2024-04-30,746398,0.3285,0.3784,0.2371,0.2088,0.1162,0.1182,0.2858,0.2834,27,34,0.508,0.387
2024-04-30,746477,0.3854,0.3479,0.2050,0.2337,0.1060,0.0728,0.2863,0.2980,26,24,0.331,0.143
2024-04-30,746806,0.2990,0.3319,0.2822,0.1868,0.0926,0.1249,0.2964,0.2543,6,29,0.084,0.174
2024-04-30,746968,0.3195,0.3341,0.2694,0.2333,0.0728,0.1062,0.2984,0.2908,24,7,0.363,-0.248
2024-04-30,747047,0.3156,0.3114,0.2230,0.2260,0.0922,0.0784,0.2913,0.2973,28,18,0.521,0.056
2024-04-30,747210,0.3288,,0.2448,,0.0988,,0.2848,,12,,0.086,
2024-05-01,744939,0.2995,0.3125,0.2196,0.2538,0.0883,0.1066,0.3044,0.3035,20,25,0.262,0.271
2024-05-01,745023,0.3256,0.3427,0.2321,0.2250,0.1008,0.1387,0.3001,0.2750,20,27,0.402,0.275
2024-05-01,745261,0.3537,0.3199,0.2169,0.2509,0.0995,0.0983,0.2755,0.2959,21,22,0.043,0.319
2024-05-01,745423,0.3056,0.3899,0.2509,0.1977,0.0861,0.1320,0.2878,0.2963,22,39,0.338,0.279
2024-05-01,745670,0.3496,0.3241,0.2290,0.2063,0.0892,0.0896,0.2877,0.2703,8,30,0.396,0.111
2024-05-01,745829,0.2905,0.3143,0.2575,0.2765,0.0798,0.1290,0.2933,0.2947,16,18,0.337,0.202
2024-05-01,745996,0.3177,0.3529,0.2479,0.2185,0.0697,0.0949,0.2982,0.2757,27,25,0.164,0.203
2024-05-01,746072,0.3630,0.3294,0.1832,0.2549,0.1419,0.1087,0.2662,0.2929,25,5,0.152,0.073
2024-05-01,746238,0.3061,0.3223,0.2599,0.2761,0.0971,0.1243,0.3062,0.3042,23,29,0.909,0.115
2024-05-01,746399,0.3294,0.3139,0.2387,0.2546,0.1105,0.1169,0.2838,0.2882,22,9,0.144,-0.021
2024-05-01,746478,0.3494,0.3363,0.1905,0.2046,0.1157,0.0872,0.2762,0.2741,27,21,0.125,-0.002
2024-05-01,746800,0.3490,0.3107,0.1876,0.2180,0.0971,0.0798,0.2706,0.2647,23,16,0.274,0.216
2024-05-01,746966,,0.2798,,0.2753,,0.0739,,0.2825,,22,,0.140
2024-05-01,747048,0.2985,0.3528,0.2787,0.2175,0.1489,0.0896,0.2906,0.2894,21,30,0.099,-0.010
2024-05-01,747207,0.3094,0.3093,0.3210,0.2208,0.1018,0.0919,0.3201,0.2918,29,6,0.102,
2024-05-02,745021,0.3148,0.3297,0.2630,0.2294,0.1074,0.1286,0.2902,0.2919,15,26,0.186,0.265
2024-05-02,745830,0.3361,0.3654,0.2356,0.2110,0.0853,0.1078,0.2678,0.2800,11,24,-0.024,0.220
2024-05-02,746070,0.3112,0.3238,0.2655,0.2919,0.0961,0.0994,0.2940,0.3082,3,11,,0.211
2024-05-02,746403,0.3350,0.3161,0.2192,0.2763,0.1228,0.1074,0.2968,0.2929,30,15,0.167,0.592
2024-05-02,746969,0.2972,0.3464,0.2526,0.2134,0.0704,0.1023,0.2955,0.2803,26,9,0.099,0.304
2024-05-02,747044,0.3201,,0.2556,,0.1065,,0.2909,,25,,0.003,
2024-05-03,744868,0.3037,0.3425,0.2737,0.2057,0.0976,0.0891,0.2957,0.2719,23,31,0.198,0.068
2024-05-03,745101,0.3499,0.3091,0.2228,0.2874,0.1203,0.0942,0.2676,0.3190,24,26,0.457,0.879
2024-05-03,745187,,0.2924,,0.2800,,0.0825,,0.2928,,14,,0.160
2024-05-03,745510,0.3378,0.3028,0.2037,0.2376,0.0817,0.0976,0.2692,0.2994,27,23,0.054,-0.031
2024-05-03,745589,0.3065,0.3169,0.2369,0.2496,0.0899,0.0856,0.2913,0.2981,19,23,-0.385,0.247
2024-05-03,745665,0.2907,0.3103,0.2405,0.2243,0.0988,0.0899,0.2979,0.2990,22,19,0.116,0.397
2024-05-03,745756,0.2794,0.3063,0.2950,0.2466,0.1182,0.1203,0.2991,0.2898,17,24,0.223,0.097
2024-05-03,745914,0.3018,0.3174,0.2084,0.2283,0.0953,0.1110,0.2904,0.2869,25,22,-0.120,0.181
2024-05-03,746152,0.3167,0.3030,0.2590,0.2496,0.1138,0.1217,0.2994,0.2882,20,23,0.279,0.420
2024-05-03,746318,0.3365,0.3145,0.2800,0.2405,0.1095,0.1232,0.3137,0.2895,14,22,0.195,0.387
2024-05-03,746402,0.2950,0.3497,0.2611,0.2161,0.1046,0.1110,0.3201,0.2799,27,22,0.562,0.065
2024-05-03,746645,0.3035,0.3141,0.2656,0.2617,0.1167,0.0976,0.2958,0.3053,18,23,0.010,0.468
2024-05-03,746721,0.3128,0.2872,0.2311,0.2858,0.1000,0.1097,0.2879,0.2965,21,23,0.403,0.013
2024-05-03,746890,0.3047,0.3103,0.2283,0.2230,0.0988,0.1076,0.2964,0.2759,22,6,0.545,-0.002
2024-05-03,747208,0.3035,0.2962,0.2705,0.2836,0.0965,0.0925,0.3055,0.2981,24,6,0.006,0.089
2024-05-04,744862,0.3724,0.3008,0.2402,0.2579,0.1054,0.0960,0.3002,0.2992,26,24,0.023,0.803
2024-05-04,745100,,0.3190,,0.2835,,0.1041,,0.2911,,27,,0.458
2024-05-04,745183,0.3065,0.3025,0.2546,0.2635,0.0906,0.0937,0.2933,0.2965,29,26,0.136,0.395
2024-05-04,745511,0.3482,0.3040,0.2304,0.2868,0.1283,0.0894,0.2723,0.3185,34,19,0.166,0.911
2024-05-04,745583,0.3181,0.2898,0.2375,0.2489,0.0927,0.0971,0.2995,0.2892,27,23,0.285,0.019
2024-05-04,745666,0.3062,0.3356,0.2180,0.2195,0.0748,0.0948,0.2829,0.2781,21,25,0.194,0.445
2024-05-04,745750,0.3398,0.3376,0.1983,0.2286,0.1079,0.1054,0.2774,0.3013,24,26,-0.177,0.430
2024-05-04,745911,0.3110,0.3077,0.2486,0.2610,0.0962,0.0730,0.2935,0.2949,3,23,,0.250
2024-05-04,746155,0.3381,0.2744,0.2125,0.2610,0.1023,0.0730,0.2685,0.2992,9,23,0.066,0.150
2024-05-04,746311,0.3434,0.3091,0.2398,0.2248,0.0983,0.0971,0.2918,0.2791,22,23,0.294,0.289
2024-05-04,746394,0.2881,0.3221,0.2708,0.2206,0.1008,0.0994,0.2903,0.2776,20,11,0.705,0.234
2024-05-04,746644,0.2906,0.3257,0.2833,0.2453,0.0883,0.0981,0.3095,0.2837,20,12,0.518,-0.012
2024-05-04,746720,,0.3095,,0.2321,,0.0793,,0.2882,,29,,0.431
2024-05-04,746884,0.3493,0.3155,0.2303,0.2347,0.0891,0.0854,0.2963,0.2890,8,11,0.177,0.225
2024-05-04,747209,0.3081,0.3096,0.2610,0.2341,0.0851,0.0960,0.3154,0.2927,23,24,0.587,0.365
2024-05-05,744861,,0.2790,,0.3083,,0.0980,,0.3107,,23,,0.268
2024-05-05,745103,0.3060,0.3162,0.2511,0.2394,0.0749,0.1063,0.2964,0.2919,22,26,-0.223,0.056
2024-05-05,745185,0.2718,,0.3011,,0.0957,,0.2900,,25,,0.500,
2024-05-05,745504,0.3744,0.3478,0.1957,0.2482,0.1067,0.1050,0.2810,0.2966,35,27,0.223,-0.023
2024-05-05,745587,0.3271,0.3196,0.2510,0.2280,0.0793,0.0959,0.2883,0.2907,30,4,0.389,
2024-05-05,745667,0.3616,0.3208,0.2052,0.2454,0.1071,0.1266,0.2783,0.2834,16,28,1.035,0.450
2024-05-05,745751,0.2838,0.3028,0.2278,0.2373,0.0830,0.0894,0.2890,0.2965,26,31,-0.015,0.407
2024-05-05,745913,0.3220,0.3007,0.2227,0.2842,0.1020,0.0740,0.2885,0.2958,10,23,-0.132,0.559
2024-05-05,746153,0.3487,0.3256,0.1957,0.2120,0.1278,0.1221,0.2897,0.2827,35,23,0.217,-0.238
2024-05-05,746314,0.3128,,0.2908,,0.0925,,0.3130,,28,,0.199,
2024-05-05,746395,0.2775,0.3640,0.3121,0.2059,0.1114,0.1114,0.3077,0.2780,22,40,0.307,0.463
2024-05-05,746643,0.3807,0.3180,0.1999,0.2399,0.1198,0.1126,0.2957,0.2895,33,30,0.406,0.548
2024-05-05,746719,0.3144,0.3278,0.2172,0.2648,0.0881,0.0965,0.2960,0.3206,21,14,0.112,0.236
2024-05-05,746883,0.3000,0.3114,0.2722,0.2278,0.0980,0.0946,0.2968,0.2663,23,26,-0.093,0.283
2024-05-05,747206,0.3269,0.3280,0.2712,0.2183,0.0820,0.1071,0.2948,0.2710,27,16,0.448,0.625
2024-05-06,745098,,0.3277,,0.2322,,0.1141,,0.3079,,12,,-0.109
2024-05-06,745182,0.3154,0.3716,0.2526,0.2103,0.0880,0.1035,0.2805,0.2924,22,29,0.521,0.372
2024-05-06,745509,0.3299,0.3426,0.2672,0.2386,0.1084,0.1232,0.3095,0.2934,25,31,0.408,0.273
2024-05-06,745585,,0.2977,,0.2809,,0.0933,,0.3120,,28,,0.825
2024-05-06,745669,0.3359,0.3447,0.2302,0.2469,0.1357,0.1110,0.2755,0.2826,30,32,0.268,0.247
2024-05-06,745912,0.2958,0.2920,0.2758,0.2712,0.0723,0.0901,0.2932,0.2949,26,9,0.284,0.149
2024-05-06,746149,0.3231,,0.2531,,0.1173,,0.2885,,10,,0.018,
2024-05-06,746313,0.3379,0.2976,0.2599,0.2695,0.1419,0.0820,0.2984,0.3063,12,28,0.064,0.525
2024-05-06,746639,0.3338,0.3204,0.2611,0.2555,0.0714,0.1084,0.3154,0.2858,27,25,0.122,0.144
2024-05-06,746886,0.2973,0.3118,0.2526,0.2612,0.1002,0.1127,0.2844,0.2875,22,4,0.375,
2024-05-07,744859,0.3441,0.3130,0.2422,0.2382,0.0876,0.0992,0.2989,0.2956,34,23,0.033,0.388
2024-05-07,745095,0.3210,0.3160,0.2040,0.2530,0.1221,0.0692,0.2637,0.3049,32,30,0.172,0.207
2024-05-07,745186,0.3033,0.3409,0.2743,0.1843,0.1353,0.1124,0.2856,0.2775,23,31,0.183,0.133
2024-05-07,745508,0.3145,0.3435,0.2986,0.2221,0.1315,0.0877,0.3126,0.2898,33,11,0.166,0.386
2024-05-07,745586,0.3641,0.3407,0.2446,0.2299,0.1262,0.0841,0.3080,0.2894,29,26,0.091,0.057
2024-05-07,745668,,0.3169,,0.2018,,0.0885,,0.2716,,33,,0.145
2024-05-07,745752,0.3014,0.2947,0.2434,0.2711,0.1127,0.1456,0.2851,0.2946,13,24,-0.101,0.165
2024-05-07,745915,0.3159,0.3499,0.2732,0.1792,0.1176,0.0935,0.2943,0.2693,27,28,0.390,0.276
2024-05-07,746147,0.3203,0.3095,0.3077,0.3094,0.1112,0.1100,0.3163,0.3108,14,33,0.305,0.097
2024-05-07,746315,0.3515,0.3013,0.2221,0.2235,0.0925,0.0861,0.2768,0.3031,29,24,0.236,0.268
2024-05-07,746559,0.3032,0.3520,0.2475,0.2019,0.1003,0.1390,0.2890,0.2767,32,28,0.126,0.162
2024-05-07,746638,0.3272,0.3385,0.2116,0.2233,0.0861,0.1208,0.2816,0.2968,24,33,0.015,0.182
2024-05-07,746718,0.3083,0.3380,0.2531,0.1947,0.0957,0.1386,0.3070,0.2605,26,21,0.542,-0.262
2024-05-07,746885,0.3354,0.2853,0.2503,0.2629,0.0877,0.0789,0.2856,0.2954,11,19,0.288,0.339
2024-05-07,747126,0.2759,0.2763,0.2880,0.3087,0.0724,0.0939,0.2877,0.3177,26,17,0.196,0.013
2024-05-08,744858,0.3213,0.3059,0.2371,0.2647,0.1253,0.1061,0.3040,0.2881,6,18,,0.203
2024-05-08,745097,0.3036,0.3026,0.2206,0.2994,0.0909,0.0929,0.2648,0.3266,20,29,0.265,0.928
2024-05-08,745184,0.3114,,0.2517,,0.0846,,0.2816,,26,,0.553,
2024-05-08,745507,0.2968,0.3291,0.2640,0.2346,0.1131,0.0940,0.2982,0.2947,22,28,0.047,0.029
2024-05-08,745584,0.3064,0.3135,0.2657,0.2373,0.1154,0.0836,0.2997,0.2984,29,27,0.337,0.285
2024-05-08,745659,0.3162,,0.2561,,0.1119,,0.2956,,5,,,
2024-05-08,745664,0.3381,0.3050,0.2682,0.2396,0.1074,0.0887,0.3088,0.3044,17,22,0.154,0.385
2024-05-08,745749,0.3096,0.3153,0.2647,0.2687,0.1061,0.1054,0.2858,0.2977,18,28,0.801,-0.085
2024-05-08,745906,0.2875,0.3198,0.2739,0.2258,0.1030,0.1066,0.3191,0.2960,30,27,0.583,0.202
2024-05-08,746151,0.2900,0.3218,0.2401,0.2373,0.1078,0.1181,0.2906,0.2836,26,27,0.126,0.377
2024-05-08,746312,0.3121,0.3067,0.2168,0.2547,0.0962,0.1209,0.2959,0.2916,26,25,0.536,0.414
2024-05-08,746562,0.3254,0.3146,0.2339,0.2413,0.0985,0.1054,0.2853,0.2874,24,9,-0.431,0.065
2024-05-08,746640,0.2887,0.3064,0.2920,0.2634,0.1268,0.0962,0.3025,0.2940,21,26,0.277,0.657
2024-05-08,746717,0.2967,0.3174,0.2268,0.2603,0.0909,0.0951,0.2863,0.2959,9,27,0.116,0.304
2024-05-08,746879,0.2978,0.3101,0.2801,0.2093,0.0940,0.1182,0.3029,0.2708,28,10,-0.030,0.056
2024-05-08,747127,0.3126,0.3413,0.2336,0.2339,0.0936,0.0985,0.2880,0.2871,7,24,0.311,0.048
2024-05-09,745748,0.3442,0.3118,0.2142,0.2345,0.1170,0.1157,0.2867,0.2866,27,28,0.034,0.112
2024-05-09,745910,0.2856,0.3012,0.2663,0.2431,0.1080,0.0694,0.2853,0.2878,25,29,0.775,0.298
2024-05-09,745995,0.2923,0.3624,0.2679,0.2320,0.0802,0.1339,0.2924,0.2824,17,16,0.246,0.011
2024-05-09,746241,0.2954,0.2874,0.2345,0.2780,0.0929,0.0962,0.2813,0.3041,28,25,0.174,0.501
2024-05-09,746563,0.3398,0.3361,0.2172,0.2070,0.1177,0.0797,0.2834,0.2701,35,30,0.098,0.123
2024-05-09,746715,0.2905,0.2920,0.2990,0.2799,0.0895,0.1157,0.3070,0.2963,9,28,0.395,0.038
2024-05-09,746802,0.3137,0.3061,0.2751,0.2408,0.0957,0.0976,0.2923,0.2874,15,34,0.012,0.168
2024-05-10,744940,0.2931,0.3170,0.2859,0.2596,0.0716,0.1053,0.3007,0.2920,26,27,0.597,0.175
2024-05-10,745094,0.3458,,0.2372,,0.1116,,0.3090,,31,,0.425,
2024-05-10,745264,0.3300,,0.2226,,0.0927,,0.2752,,28,,0.473,
2024-05-10,745340,0.3078,0.3281,0.2403,0.2536,0.0761,0.0770,0.3015,0.2872,34,33,0.468,0.438
2024-05-10,745421,0.2704,0.3184,0.2510,0.2510,0.0716,0.0832,0.2967,0.3106,26,26,0.114,0.628
2024-05-10,745506,0.3200,0.3000,0.2287,0.2998,0.0906,0.0873,0.2631,0.3283,30,22,0.344,0.989
2024-05-10,745827,0.3193,0.3413,0.2451,0.2112,0.1090,0.1154,0.2997,0.2680,24,28,0.305,0.471
2024-05-10,745993,0.3051,,0.2564,,0.0995,,0.2945,,32,,0.512,
2024-05-10,746071,0.2980,0.3066,0.2596,0.2069,0.1053,0.0842,0.2959,0.2774,27,25,0.022,0.288
2024-05-10,746240,0.3042,0.3726,0.2511,0.1916,0.0995,0.1150,0.2951,0.2936,22,37,0.335,0.365
2024-05-10,746479,0.3288,0.3426,0.2212,0.1843,0.1221,0.1018,0.2826,0.2729,15,30,0.243,-0.096
2024-05-10,746553,0.3077,0.3410,0.2890,0.2225,0.0887,0.1253,0.3164,0.2752,32,37,0.243,0.151
2024-05-10,746801,0.3163,0.2655,0.2429,0.3135,0.1092,0.0927,0.2904,0.2958,33,28,0.462,0.524
2024-05-10,746964,0.3417,0.2990,0.1957,0.2201,0.0859,0.1029,0.2694,0.2945,35,29,-0.008,-0.126
2024-05-10,747043,0.3214,0.3112,0.2399,0.2304,0.0906,0.0960,0.2869,0.2901,30,25,0.454,0.257
2024-05-11,744943,0.2799,0.3805,0.3005,0.2268,0.0848,0.1221,0.2997,0.2987,12,31,0.195,-0.039
2024-05-11,745096,0.2935,0.3199,0.2515,0.2896,0.0863,0.0990,0.3011,0.3014,34,32,0.342,0.509
2024-05-11,745262,,0.2886,,0.2981,,0.1175,,0.3019,,26,,0.227
2024-05-11,745344,0.3266,0.3085,0.2705,0.2641,0.0888,0.0970,0.3250,0.2897,20,3,0.332,
2024-05-11,745422,0.3201,0.3357,0.2257,0.2699,0.1277,0.0853,0.2780,0.2894,27,35,-0.328,0.472
2024-05-11,745505,0.3156,,0.2594,,0.1045,,0.2892,,8,,0.372,
2024-05-11,745828,0.3654,0.3308,0.1864,0.2406,0.1411,0.0940,0.2852,0.2895,40,5,0.152,
2024-05-11,745994,0.3710,0.2996,0.2173,0.2800,0.1169,0.1149,0.2983,0.2936,35,28,0.378,-0.030
2024-05-11,746069,0.3396,0.3099,0.2412,0.2421,0.0885,0.1053,0.2981,0.2913,9,17,0.174,0.417
2024-05-11,746232,0.2966,0.3400,0.2787,0.2656,0.0881,0.1023,0.3104,0.3070,32,29,0.546,0.290
2024-05-11,746480,0.2887,0.2989,0.2789,0.2293,0.0961,0.0790,0.3181,0.2907,14,30,0.061,-0.061
2024-05-11,746554,0.3282,0.3721,0.2327,0.1902,0.1302,0.1031,0.2787,0.2797,33,38,0.273,0.147
2024-05-11,746797,0.3251,0.3291,0.2768,0.2252,0.1023,0.1247,0.2875,0.2838,29,5,0.165,
2024-05-11,746963,0.3075,0.3202,0.2434,0.2279,0.0979,0.0974,0.2978,0.2929,33,13,0.739,-0.202
2024-05-11,747041,0.3168,0.3053,0.2359,0.2482,0.1026,0.0970,0.2715,0.2914,19,3,0.761,
2024-05-12,744941,0.3524,0.3138,0.1717,0.2630,0.0888,0.1207,0.2662,0.2861,31,7,0.325,0.143
2024-05-12,745092,0.3166,0.3271,0.2571,0.2450,0.1373,0.1064,0.2887,0.3099,28,16,0.195,-0.012
2024-05-12,745255,0.3398,0.2884,0.2461,0.2766,0.1051,0.0684,0.2789,0.2927,36,29,0.276,0.270
2024-05-12,745345,0.3307,0.2954,0.1979,0.2461,0.1320,0.0946,0.2649,0.2864,24,36,-0.252,0.119
2024-05-12,745419,0.3219,0.2916,0.2215,0.2514,0.0922,0.0940,0.2827,0.2838,6,26,0.197,0.324
2024-05-12,745499,0.3042,0.3438,0.2637,0.2513,0.0986,0.1009,0.2972,0.3018,22,30,0.337,-0.069
2024-05-12,745825,0.3431,0.3032,0.2170,0.2715,0.0984,0.0814,0.2733,0.3058,12,27,0.058,-0.183
2024-05-12,745990,0.3296,0.3418,0.1855,0.2548,0.1062,0.1570,0.2821,0.2926,35,17,0.151,-0.022
2024-05-12,746068,0.3025,,0.2785,,0.0879,,0.3149,,32,,0.875,
2024-05-12,746234,0.3064,0.3060,0.2092,0.3054,0.0908,0.1246,0.2989,0.3208,29,37,0.231,0.149
2024-05-12,746476,0.3239,0.3354,0.2203,0.2568,0.1261,0.0770,0.2744,0.3090,20,32,-0.123,0.158
2024-05-12,746555,0.3220,0.3412,0.2403,0.2150,0.1090,0.1189,0.2969,0.2747,5,8,0.310,0.725
2024-05-12,746798,0.3372,0.3179,0.2229,0.1940,0.1143,0.1259,0.2949,0.2681,37,36,0.107,0.200
2024-05-12,746965,0.2774,0.2986,0.3175,0.2484,0.0929,0.0897,0.3061,0.2991,27,19,0.233,0.066
2024-05-12,747042,0.3056,0.3094,0.2513,0.2217,0.1009,0.0843,0.3074,0.2979,30,24,0.555,0.162
2024-05-13,745019,0.2949,0.3275,0.2876,0.2699,0.0908,0.1010,0.2994,0.3064,29,20,0.708,0.180
2024-05-13,745256,0.3101,0.3017,0.2483,0.2694,0.1218,0.0956,0.2906,0.3216,31,35,0.467,0.572
2024-05-13,745343,0.3172,0.3196,0.3020,0.2252,0.1029,0.0929,0.3089,0.2813,38,27,0.187,-0.462
2024-05-13,745420,0.3511,0.3298,0.2021,0.2479,0.1422,0.0811,0.2794,0.2861,32,15,0.175,0.405
2024-05-13,745826,0.3386,0.3101,0.2288,0.2511,0.0787,0.0823,0.2921,0.2818,30,26,0.030,0.548
2024-05-13,745991,0.3349,0.3510,0.2297,0.2191,0.1179,0.0966,0.2901,0.2816,34,34,0.242,0.267
2024-05-13,746233,0.3297,0.2855,0.2436,0.2712,0.0950,0.1044,0.2950,0.3118,4,27,0.101,0.169
2024-05-13,746393,0.3235,0.3221,0.1979,0.2722,0.0816,0.0973,0.2730,0.3000,39,23,0.130,0.851
2024-05-13,746471,0.3636,0.3112,0.2049,0.2444,0.1244,0.1261,0.2761,0.2911,21,12,0.905,0.026
2024-05-13,746799,0.3016,0.2992,0.2542,0.2329,0.0997,0.0936,0.2879,0.2810,21,37,0.209,0.196
2024-05-13,746961,0.3083,0.2689,0.2429,0.2876,0.0654,0.0683,0.3018,0.2909,33,29,0.313,0.204
2024-05-13,747040,0.3676,0.3368,0.2429,0.2612,0.1191,0.0926,0.3077,0.3040,33,38,0.092,0.037
2024-05-13,747128,0.2802,0.2800,0.2602,0.2999,0.0853,0.0985,0.2928,0.3145,23,22,0.398,0.001
2024-05-13,747204,0.3088,0.3006,0.2621,0.2166,0.0898,0.0844,0.2966,0.2882,30,12,0.370,0.053
2024-05-14,745014,0.3246,0.3042,0.2562,0.2426,0.0881,0.1036,0.2859,0.2986,20,8,0.024,0.294
2024-05-14,745257,0.2918,0.2944,0.2253,0.2500,0.0884,0.1069,0.2780,0.2899,31,34,0.092,0.782
2024-05-14,745342,0.3105,0.3395,0.2500,0.2172,0.1116,0.1116,0.2842,0.2840,30,39,0.364,0.105
2024-05-14,745418,0.3352,0.2881,0.1947,0.2692,0.0847,0.0884,0.2694,0.2996,35,31,0.057,-0.142
2024-05-14,745821,0.3085,0.3371,0.2363,0.2500,0.0774,0.1338,0.2950,0.2772,31,30,0.313,0.247
2024-05-14,745909,0.3183,0.3218,0.2772,0.2363,0.0983,0.0994,0.3037,0.2995,32,31,-0.119,0.180
2024-05-14,745989,0.3333,0.3318,0.2230,0.2033,0.0817,0.0884,0.2924,0.2881,14,31,0.398,0.504
2024-05-14,746235,0.3178,0.2779,0.2560,0.2784,0.0839,0.0914,0.2910,0.3019,24,28,0.449,0.523
2024-05-14,746396,0.3088,0.3465,0.2216,0.2143,0.0914,0.1214,0.2935,0.2846,28,31,0.275,0.035
2024-05-14,746473,0.3001,0.2876,0.2363,0.2917,0.0994,0.1196,0.2912,0.3052,31,24,0.018,0.269
2024-05-14,746796,0.3178,0.2960,0.2356,0.2229,0.0925,0.0849,0.2937,0.2626,27,23,0.347,0.468
2024-05-14,746962,0.2921,0.3235,0.2989,0.2095,0.0875,0.0817,0.3287,0.2844,32,14,0.863,0.340
2024-05-14,747039,0.3274,,0.2971,,0.0876,,0.3058,,9,,0.203,
2024-05-14,747124,0.3056,0.3316,0.2365,0.2416,0.0817,0.1016,0.2881,0.2946,14,29,0.359,0.058
2024-05-14,747205,0.2957,0.2862,0.2849,0.2847,0.1080,0.0840,0.3004,0.3064,33,12,-0.083,0.360
2024-05-15,745015,0.3082,0.3117,0.2430,0.2945,0.1030,0.0927,0.2883,0.3172,37,37,0.433,0.222
2024-05-15,745259,0.2925,0.3131,0.2508,0.2588,0.0929,0.1092,0.2988,0.2929,26,4,0.332,
2024-05-15,745341,,0.3313,,0.2507,,0.0713,,0.2886,,38,,0.479
2024-05-15,745417,0.3367,0.3069,0.2257,0.2648,0.1199,0.0785,0.2721,0.3171,40,29,0.166,0.595
2024-05-15,745582,,0.2936,,0.2700,,0.0988,,0.3051,,31,,0.072
2024-05-15,745908,0.3425,0.2966,0.2401,0.2562,0.1169,0.0651,0.2868,0.2872,34,32,0.142,0.348
2024-05-15,745992,0.3199,0.3043,0.2344,0.2471,0.0868,0.0951,0.2949,0.2941,32,3,-0.058,
2024-05-15,746231,0.2974,0.3754,0.2691,0.1857,0.0946,0.1099,0.2938,0.2895,35,40,0.399,0.357
2024-05-15,746397,,0.3171,,0.2124,,0.1153,,0.2759,,18,,0.231
2024-05-15,746472,0.3053,0.3435,0.2086,0.1849,0.0785,0.1157,0.2819,0.2691,29,35,0.264,-0.022
2024-05-15,746795,0.3601,0.2561,0.1857,0.3139,0.0899,0.0878,0.2693,0.2986,40,31,0.034,0.596
2024-05-15,746960,0.3111,0.2911,0.2588,0.2235,0.1092,0.0977,0.2931,0.3023,4,32,0.382,-0.170
2024-05-15,747038,0.3175,0.3142,0.2426,0.2474,0.0967,0.1266,0.2944,0.3078,33,11,0.151,0.499
2024-05-15,747123,0.3248,0.3071,0.2223,0.2709,0.1030,0.1033,0.2584,0.3052,37,27,0.341,0.496
2024-05-15,747203,0.3111,0.3171,0.2380,0.2319,0.0706,0.0859,0.2947,0.2881,39,33,0.510,0.426
2024-05-16,745580,0.3330,0.3303,0.2153,0.2547,0.1096,0.0818,0.2660,0.2995,31,13,0.505,0.131
2024-05-16,745907,0.3410,0.2945,0.2378,0.2844,0.1050,0.0664,0.3143,0.3002,35,30,0.379,0.597
2024-05-16,746150,0.3206,0.2610,0.2515,0.2538,0.1125,0.0671,0.2861,0.2935,2,29,,-0.009
2024-05-16,746391,0.3158,0.2954,0.2316,0.2607,0.0948,0.1136,0.2831,0.3069,3,19,,0.034
2024-05-16,746881,0.3038,0.3102,0.2976,0.2582,0.0811,0.1107,0.3355,0.2855,26,12,1.033,0.274
2024-05-16,746959,0.3152,0.3173,0.2874,0.2446,0.1039,0.0917,0.3034,0.2967,36,16,0.531,-0.092
2024-05-17,744934,0.3310,0.2973,0.2420,0.2565,0.0980,0.1081,0.3066,0.2984,21,32,-0.012,0.358
2024-05-17,745016,0.3336,0.3216,0.2511,0.2330,0.0951,0.1231,0.3042,0.2806,34,37,0.201,0.322
2024-05-17,745178,0.3038,0.3676,0.2390,0.2182,0.0846,0.1105,0.2972,0.2990,22,39,0.036,0.416
2024-05-17,745335,0.3727,0.2975,0.1824,0.2667,0.1073,0.0900,0.2746,0.2874,42,6,0.127,0.236
2024-05-17,745579,0.3209,0.3016,0.2306,0.2695,0.0912,0.0836,0.2938,0.3087,38,35,0.852,0.862
2024-05-17,745747,0.3171,0.3006,0.2294,0.2408,0.1168,0.0912,0.2767,0.2959,8,38,0.475,0.330
2024-05-17,746065,0.3165,0.3157,0.2588,0.2450,0.0874,0.0993,0.2946,0.2978,8,20,0.276,0.475
2024-05-17,746148,0.3286,0.3264,0.2090,0.2154,0.1454,0.1202,0.2681,0.2760,29,31,-0.217,-0.404
2024-05-17,746310,,0.3016,,0.2695,,0.0836,,0.3022,,35,,0.440
2024-05-17,746388,0.2906,0.3601,0.2813,0.2248,0.1092,0.1137,0.2935,0.2857,31,45,-0.138,0.451
2024-05-17,746641,0.2742,0.3257,0.2974,0.2830,0.0782,0.1164,0.2961,0.2895,16,34,0.121,0.026
2024-05-17,746878,0.3392,0.3133,0.2594,0.2541,0.1085,0.0934,0.2944,0.2970,4,25,,0.262
2024-05-17,747037,0.2811,0.3090,0.2989,0.2364,0.1117,0.0900,0.3074,0.2868,29,6,0.297,0.182
2024-05-17,747122,0.3275,0.3696,0.2788,0.1806,0.0802,0.1354,0.2952,0.2892,39,43,0.506,0.155
2024-05-17,747201,0.2910,0.3120,0.2215,0.2390,0.0746,0.0968,0.2886,0.2760,33,22,-0.023,0.727
2024-05-18,744938,0.3222,0.3891,0.2375,0.2297,0.0593,0.1110,0.3019,0.3015,39,38,0.337,-0.022
2024-05-18,745013,0.3052,0.3182,0.3021,0.2325,0.1176,0.0968,0.3226,0.2892,41,11,0.103,0.279
2024-05-18,745177,0.2953,0.3383,0.2733,0.1717,0.0709,0.1164,0.2878,0.2797,37,42,0.065,0.153
2024-05-18,745339,0.3488,0.3093,0.1988,0.2380,0.1079,0.1153,0.2748,0.2871,13,43,0.547,0.182
2024-05-18,745581,0.2708,0.3350,0.3353,0.2205,0.0865,0.0739,0.3054,0.2923,31,33,0.234,0.015
2024-05-18,745744,0.3341,0.3199,0.2199,0.2447,0.1041,0.1399,0.2867,0.2867,6,32,,0.148
2024-05-18,746067,0.3078,0.3334,0.2636,0.2614,0.0954,0.1026,0.2985,0.2972,33,7,-0.103,
2024-05-18,746142,0.3065,0.3539,0.2475,0.2154,0.0829,0.0955,0.2781,0.2744,35,12,0.433,0.282
2024-05-18,746308,0.3290,0.2977,0.1913,0.2098,0.0772,0.0847,0.2711,0.2974,42,33,0.157,0.244
2024-05-18,746389,0.3468,0.3133,0.2501,0.2351,0.1570,0.1190,0.2933,0.2807,22,23,-0.092,-0.156
2024-05-18,746642,0.3489,0.3341,0.1863,0.2130,0.0838,0.1077,0.2628,0.2888,34,41,0.386,0.065
2024-05-18,746882,0.3507,0.2916,0.2345,0.2558,0.0924,0.1008,0.2919,0.2873,36,28,-0.113,0.304
2024-05-18,747036,0.3004,0.3367,0.2743,0.2103,0.0632,0.1008,0.2925,0.2714,33,28,0.179,0.335
2024-05-18,747121,0.3319,0.3316,0.2343,0.2608,0.0743,0.1050,0.2811,0.3032,19,34,0.498,0.089
2024-05-18,747202,0.3261,0.3009,0.2657,0.2528,0.0716,0.0954,0.3117,0.3011,36,33,0.211,0.503
2024-05-19,744937,0.2852,0.3112,0.3104,0.2605,0.0826,0.1105,0.3299,0.2882,35,11,0.860,0.112
2024-05-19,745012,0.2854,0.3246,0.2721,0.2678,0.0983,0.1053,0.3135,0.2950,30,24,0.186,0.258
2024-05-19,745179,0.3327,0.3459,0.2114,0.2425,0.0750,0.1007,0.2915,0.2905,18,8,0.197,0.059
2024-05-19,745336,0.3504,0.3229,0.1947,0.2227,0.1352,0.0853,0.2777,0.2812,35,32,0.143,-0.522
2024-05-19,745577,0.3160,0.3111,0.2277,0.2393,0.0872,0.0728,0.2936,0.2986,30,34,0.345,0.292
2024-05-19,745745,0.2905,0.3406,0.2329,0.2805,0.0778,0.0903,0.2620,0.3042,28,38,0.529,-0.089
2024-05-19,746064,0.3062,0.3627,0.2388,0.2082,0.0761,0.1172,0.2749,0.2833,30,24,0.608,0.591
2024-05-19,746144,0.2900,0.3258,0.2864,0.2332,0.1026,0.0913,0.3066,0.2820,36,15,-0.108,0.073
2024-05-19,746306,0.2997,0.3111,0.2227,0.2499,0.0853,0.1154,0.2908,0.2930,32,34,0.331,0.492
2024-05-19,746392,0.3582,0.3191,0.2049,0.2815,0.0885,0.1017,0.2834,0.3084,40,27,0.373,0.789
2024-05-19,746636,0.3289,0.2878,0.2343,0.2771,0.1026,0.0853,0.3036,0.2984,36,32,0.200,0.791
2024-05-19,746880,0.3303,0.3180,0.2422,0.2187,0.1118,0.0731,0.2962,0.2831,37,20,0.234,-0.010
2024-05-19,747035,0.3132,0.3315,0.2623,0.2524,0.1074,0.0876,0.3224,0.3075,41,41,0.568,0.039
2024-05-19,747120,0.2882,0.3408,0.2415,0.2170,0.0882,0.0901,0.2835,0.2738,29,16,0.262,0.114
2024-05-19,747198,0.3034,0.2979,0.2433,0.2302,0.1164,0.0769,0.2881,0.2915,16,16,0.038,0.141
2024-05-20,744857,0.3174,0.3083,0.2522,0.2436,0.0601,0.0932,0.2908,0.2842,37,24,0.334,0.214
2024-05-20,744935,0.2978,0.3689,0.2346,0.2316,0.0883,0.1117,0.2806,0.3057,40,37,0.252,0.062
2024-05-20,745093,0.2880,0.3363,0.2365,0.2568,0.0930,0.1005,0.2966,0.2870,35,8,-0.170,0.475
2024-05-20,745181,0.3000,0.3082,0.2352,0.2697,0.0785,0.0785,0.3025,0.3027,27,27,0.025,0.468
2024-05-20,745746,0.2858,0.3585,0.2728,0.2316,0.1014,0.1117,0.2933,0.2878,37,37,0.913,0.151
2024-05-20,746066,0.3264,0.2917,0.2132,0.2390,0.0920,0.0940,0.2904,0.2900,36,34,0.558,0.013
2024-05-20,746146,,0.3246,,0.2889,,0.0964,,0.3121,,42,,0.167
2024-05-20,746307,0.2958,0.2846,0.3007,0.2177,0.1117,0.0833,0.3083,0.2735,28,34,0.303,0.080
2024-05-20,746390,0.2818,0.3120,0.2845,0.2156,0.0842,0.1090,0.3035,0.2776,33,21,0.529,0.263
2024-05-20,746637,0.3211,0.3138,0.2379,0.2586,0.1051,0.0823,0.2854,0.2872,5,23,0.206,-0.035
2024-05-20,747119,0.2885,0.2834,0.2786,0.2961,0.0824,0.0911,0.3024,0.3213,35,26,-0.170,0.013
2024-05-21,744860,0.3041,0.3552,0.2833,0.1794,0.0700,0.0853,0.3012,0.2741,37,43,0.566,-0.036
2024-05-21,744936,0.2496,0.3172,0.3209,0.2600,0.0820,0.0999,0.2942,0.2952,35,38,0.360,0.095
2024-05-21,745090,0.3085,0.3094,0.2593,0.2877,0.0859,0.0989,0.3067,0.3063,19,39,-0.045,0.527
2024-05-21,745180,0.3055,0.3077,0.2497,0.2694,0.1188,0.0862,0.3148,0.2897,14,42,0.604,0.343
2024-05-21,745503,0.3360,0.3192,0.2546,0.2238,0.0845,0.0811,0.2810,0.2936,44,36,0.547,-0.061
2024-05-21,745578,0.3204,0.2978,0.2820,0.2627,0.0969,0.1009,0.3105,0.3056,41,37,0.199,0.039
2024-05-21,745662,0.3348,0.3166,0.1968,0.2382,0.0787,0.0891,0.2663,0.2994,39,5,0.037,
2024-05-21,745742,0.3114,0.3332,0.2609,0.2498,0.1013,0.0999,0.2968,0.3187,7,38,0.347,0.415
2024-05-21,746058,0.2965,0.3017,0.2311,0.2202,0.0864,0.0730,0.2881,0.2890,7,33,0.041,0.161
2024-05-21,746145,0.3079,0.3115,0.2446,0.2392,0.0811,0.1041,0.2913,0.2834,36,34,0.408,0.364
2024-05-21,746309,0.3469,0.2957,0.1948,0.2526,0.1079,0.0875,0.2660,0.3013,40,29,-0.016,0.345
2024-05-21,746385,0.3725,0.2869,0.1969,0.2742,0.1037,0.1072,0.2902,0.3174,44,22,0.343,0.074
2024-05-21,746633,0.3573,0.3269,0.2124,0.2263,0.1010,0.0904,0.2795,0.2894,27,4,0.226,
2024-05-21,746716,0.3863,0.3117,0.2086,0.2400,0.1242,0.0666,0.3055,0.2976,43,42,0.264,0.504
2024-05-21,746875,0.3224,0.3213,0.2550,0.2248,0.1124,0.0979,0.2952,0.2649,36,40,0.391,0.310
2024-05-22,744856,0.2747,0.3197,0.2853,0.2167,0.0733,0.0941,0.2930,0.2934,19,44,0.035,0.894
2024-05-22,744933,0.3292,0.2900,0.2505,0.2583,0.1113,0.1030,0.2909,0.3033,10,35,0.192,0.328
2024-05-22,745089,0.3208,0.3252,0.2361,0.2257,0.0780,0.1076,0.2890,0.2876,27,31,0.082,0.051
2024-05-22,745173,0.3131,0.3657,0.2297,0.2091,0.0804,0.1144,0.2933,0.2993,12,43,0.124,0.401
2024-05-22,745502,0.3227,0.2967,0.2370,0.2838,0.0782,0.0754,0.2933,0.3232,14,30,0.086,0.985
2024-05-22,745576,0.3337,0.3460,0.2299,0.2408,0.0916,0.0752,0.2874,0.2994,25,17,0.335,0.145
2024-05-22,745661,0.3426,0.3200,0.2188,0.2506,0.1242,0.0877,0.2705,0.2934,43,6,0.112,0.164
2024-05-22,745743,0.3078,0.3019,0.2810,0.2285,0.1101,0.0853,0.2974,0.2929,38,43,0.285,0.312
2024-05-22,746063,0.2965,0.3186,0.2717,0.2299,0.1041,0.0916,0.2931,0.2878,34,25,-0.131,0.465
2024-05-22,746143,0.3095,0.2831,0.2584,0.2583,0.0904,0.0609,0.2920,0.2899,4,35,,-0.026
2024-05-22,746304,0.2861,0.2980,0.2139,0.2708,0.0707,0.0795,0.2864,0.3051,36,38,-0.068,0.457
2024-05-22,746386,0.3315,0.3524,0.2427,0.2365,0.0906,0.1091,0.3046,0.2921,37,48,0.134,0.453
2024-05-22,746634,0.3388,0.3409,0.2078,0.2736,0.1041,0.1215,0.2654,0.2875,34,37,0.496,0.002
2024-05-22,746712,0.3022,0.3158,0.2638,0.2148,0.0730,0.0882,0.3245,0.2817,33,17,0.622,0.256
2024-05-22,746876,0.3673,0.3183,0.1826,0.2408,0.1289,0.1011,0.2920,0.2856,47,17,0.235,0.150
2024-05-23,745500,0.3231,0.3228,0.2425,0.2913,0.1212,0.1008,0.2947,0.3147,4,7,-0.175,0.245
2024-05-23,745573,0.3180,0.3012,0.2329,0.2706,0.1164,0.0791,0.2852,0.3113,41,38,0.320,0.815
2024-05-23,745660,0.3823,0.3043,0.1731,0.2429,0.1099,0.0846,0.2690,0.2943,47,8,0.092,0.210
2024-05-23,745741,0.2917,0.3296,0.2763,0.2477,0.0599,0.1389,0.2947,0.2887,36,39,0.166,0.123
2024-05-23,746474,0.3801,0.3148,0.2306,0.2780,0.1054,0.0682,0.2954,0.3164,42,39,-0.068,0.117
2024-05-23,746714,0.3275,0.3351,0.2839,0.1970,0.0746,0.1463,0.2873,0.2669,44,34,0.498,-0.041
2024-05-23,746792,0.3258,0.3348,0.2145,0.2295,0.0962,0.1077,0.2765,0.2805,31,12,0.364,0.794
2024-05-23,746874,,0.3266,,0.2368,,0.0778,,0.2757,,14,,-0.064
2024-05-24,744853,0.3296,0.2703,0.2483,0.3217,0.1006,0.0922,0.3209,0.3011,47,35,0.551,0.232
2024-05-24,745087,0.2952,0.3218,0.2223,0.2574,0.0800,0.1021,0.3012,0.3073,37,16,0.220,0.057
2024-05-24,745175,0.3210,0.3602,0.2266,0.2109,0.1035,0.1099,0.2623,0.2978,44,47,0.261,0.456
2024-05-24,745415,0.3411,0.2814,0.2828,0.2426,0.0867,0.0834,0.3107,0.2900,41,33,-0.145,0.246
2024-05-24,745501,,0.3389,,0.2279,,0.0885,,0.2909,,39,,-0.143
2024-05-24,745663,0.3010,0.3357,0.2507,0.1795,0.1135,0.0712,0.2885,0.2705,26,49,-0.249,0.161
2024-05-24,745822,0.3029,0.3098,0.2317,0.2474,0.1109,0.0811,0.2866,0.2902,46,11,0.173,0.326
2024-05-24,745905,0.3060,0.3434,0.2373,0.1956,0.0913,0.0776,0.2955,0.2634,14,40,0.303,0.293
2024-05-24,746227,0.3342,0.3142,0.2149,0.2939,0.1120,0.1227,0.2890,0.3203,45,44,0.094,0.067
2024-05-24,746475,0.3036,0.3402,0.2509,0.1951,0.1049,0.0973,0.2820,0.2699,14,30,0.147,0.003
2024-05-24,746558,0.3361,0.3759,0.2200,0.1843,0.0690,0.0982,0.2896,0.2694,38,19,-0.044,0.615
2024-05-24,746713,0.3168,0.2973,0.2081,0.2506,0.1145,0.0792,0.2772,0.2773,34,38,-0.335,0.556
2024-05-24,746793,0.3205,0.2799,0.2746,0.2344,0.0842,0.0735,0.3078,0.2593,44,32,0.034,0.506
2024-05-24,746956,,0.3044,,0.2604,,0.0761,,0.2880,,42,,-0.047
2024-05-24,747200,0.3446,0.2992,0.2475,0.2635,0.1168,0.0903,0.2966,0.3059,15,37,0.261,0.525
2024-05-25,744851,0.3055,0.3061,0.2577,0.2316,0.1043,0.0832,0.2927,0.2983,43,33,0.908,0.348
2024-05-25,745086,0.3035,0.2837,0.2530,0.3014,0.1107,0.0790,0.2924,0.3264,37,38,0.498,0.789
2024-05-25,745176,0.3034,0.3338,0.2326,0.1733,0.0683,0.1191,0.2889,0.2814,24,47,0.028,0.098
2024-05-25,745411,0.3473,0.2981,0.2354,0.2798,0.1074,0.0759,0.2875,0.3041,40,42,0.177,-0.156
2024-05-25,745493,0.2862,0.3269,0.2982,0.2354,0.0870,0.1174,0.3170,0.2952,29,40,-0.045,0.188
2024-05-25,745658,0.3140,0.3135,0.2776,0.2096,0.0950,0.0892,0.3102,0.2860,32,38,0.879,0.249
2024-05-25,745823,0.3232,0.3070,0.2140,0.2661,0.0806,0.0910,0.2768,0.2978,36,36,-0.878,-0.120
2024-05-25,745901,0.3283,0.3302,0.2675,0.2331,0.1107,0.0964,0.2944,0.3000,28,41,0.185,0.185
2024-05-25,746226,0.2842,0.2781,0.2899,0.2854,0.0815,0.0940,0.3039,0.3222,35,33,0.710,0.190
2024-05-25,746470,0.3580,0.3030,0.2454,0.2885,0.1074,0.1059,0.3112,0.3120,40,32,0.028,0.303
2024-05-25,746556,0.3052,0.3441,0.2324,0.1892,0.0695,0.1300,0.2991,0.2775,37,38,0.289,0.152
2024-05-25,746710,0.3405,0.2812,0.2205,0.2984,0.0899,0.0984,0.2792,0.3122,15,39,0.338,-0.180
2024-05-25,746794,0.2966,0.2904,0.2649,0.2286,0.0963,0.0848,0.3062,0.2768,10,43,0.378,0.275
2024-05-25,746958,0.3206,0.3191,0.2428,0.2289,0.1053,0.0709,0.2945,0.2973,4,21,-0.045,0.207
2024-05-25,747199,0.3868,0.2949,0.1886,0.2220,0.1370,0.0726,0.2804,0.2917,33,19,0.628,0.143
2024-05-26,744855,0.3003,0.3497,0.2651,0.1734,0.0961,0.0815,0.3018,0.2700,10,47,0.332,0.081
2024-05-26,745088,0.2795,0.3195,0.2222,0.2895,0.0796,0.0947,0.2799,0.3022,37,11,0.079,0.580
2024-05-26,745172,0.3207,0.3043,0.2265,0.2617,0.1031,0.0858,0.2625,0.3025,44,30,0.260,0.395
2024-05-26,745413,0.3312,0.3802,0.2530,0.2161,0.0963,0.1351,0.3199,0.3100,41,49,0.442,0.276
2024-05-26,745498,0.3241,0.3100,0.2710,0.2309,0.0992,0.0855,0.3053,0.2879,38,42,0.071,-0.012
2024-05-26,745653,0.3395,0.3279,0.2222,0.2472,0.1209,0.0947,0.2904,0.3045,37,11,-0.013,0.008
2024-05-26,745824,0.3328,0.3070,0.2551,0.2506,0.0808,0.0715,0.2837,0.2777,48,34,0.552,0.590
2024-05-26,745902,,0.3094,,0.2455,,0.0572,,0.2912,,40,,0.359
2024-05-26,746230,0.3108,0.2778,0.2623,0.2841,0.0782,0.0796,0.2857,0.3046,26,37,-0.113,0.529
2024-05-26,746469,0.3113,0.3457,0.2578,0.2014,0.1041,0.1002,0.2918,0.2709,43,47,0.106,-0.103
2024-05-26,746557,0.2919,0.3260,0.2728,0.2015,0.1062,0.0757,0.3095,0.2688,41,42,0.096,0.030
2024-05-26,746711,0.3170,0.3200,0.3071,0.2393,0.0917,0.1188,0.3192,0.2812,46,5,0.152,-0.060
2024-05-26,746789,0.2930,0.2410,0.2669,0.3322,0.1133,0.0788,0.3266,0.3027,17,38,0.642,0.319
2024-05-26,746957,0.3526,0.2890,0.2319,0.2403,0.1215,0.0890,0.2889,0.3021,20,38,0.074,-0.190
2024-05-26,747197,0.2809,,0.2531,,0.0899,,0.2987,,37,,0.023,
2024-05-27,745254,0.3019,0.3139,0.2166,0.2682,0.1011,0.1038,0.2815,0.2906,26,43,0.153,0.290
2024-05-27,745338,0.3367,0.3197,0.2485,0.2388,0.0807,0.0730,0.2933,0.2918,23,18,0.294,0.078
2024-05-27,745416,0.3023,0.3032,0.2309,0.2642,0.0785,0.0690,0.2975,0.3253,38,37,0.331,0.578
2024-05-27,745816,0.3048,0.3314,0.2332,0.2126,0.0999,0.0999,0.2812,0.2636,37,37,0.388,0.468
2024-05-27,745904,0.2908,0.2933,0.2568,0.2762,0.0836,0.0669,0.3023,0.2951,32,40,0.319,0.562
2024-05-27,745986,0.3076,0.2878,0.2328,0.2232,0.0962,0.0813,0.2835,0.2902,20,10,0.251,-0.047
2024-05-27,746549,0.3166,,0.2332,,0.0850,,0.2936,,7,,0.012,
2024-05-27,746708,0.2975,0.3436,0.2821,0.2715,0.0828,0.0884,0.2955,0.3305,45,27,0.286,0.409
2024-05-27,746788,0.2994,0.3206,0.2487,0.2382,0.0979,0.1175,0.3025,0.2828,39,14,0.365,0.224
2024-05-27,747034,0.3120,0.3092,0.2398,0.2180,0.0778,0.0855,0.3028,0.2871,26,30,-0.039,0.344
2024-05-27,747118,0.2957,0.3179,0.2600,0.2735,0.0884,0.1257,0.2986,0.2975,27,41,0.175,0.421
2024-05-28,745017,0.3017,0.3237,0.2559,0.2288,0.0867,0.1185,0.2914,0.3005,40,30,0.419,0.310
2024-05-28,745091,0.3347,0.3007,0.2647,0.2901,0.1036,0.0948,0.3024,0.2985,14,42,0.087,0.515
2024-05-28,745258,0.3453,0.3081,0.2396,0.2659,0.1051,0.0667,0.2988,0.2959,51,40,0.440,0.117
2024-05-28,745337,0.2987,0.3226,0.2732,0.2587,0.0759,0.1128,0.3170,0.3069,41,8,0.838,-0.152
2024-05-28,745412,0.3057,0.3268,0.2453,0.2872,0.0871,0.0879,0.3002,0.2986,28,50,0.496,0.454
2024-05-28,745818,0.2817,0.3237,0.2484,0.2304,0.0572,0.1065,0.2803,0.2794,39,12,0.012,0.245
2024-05-28,745903,0.2882,0.2690,0.2831,0.2842,0.0759,0.0803,0.3091,0.2987,41,23,0.436,0.010
2024-05-28,745987,0.3212,0.3018,0.2480,0.2815,0.0844,0.0986,0.2808,0.2946,19,38,-0.063,-0.191
2024-05-28,746229,0.2955,0.3654,0.2392,0.1889,0.0903,0.0979,0.2961,0.2869,47,49,0.402,0.324
2024-05-28,746468,0.3102,,0.2942,,0.0952,,0.3144,,10,,0.329,
2024-05-28,746552,0.3446,0.3863,0.2679,0.1765,0.1133,0.1141,0.2790,0.2718,43,51,0.007,0.023
2024-05-28,746709,0.3587,0.3102,0.2111,0.2320,0.1090,0.0629,0.2982,0.3005,47,46,0.452,0.510
2024-05-28,746791,0.3678,,0.2437,,0.1016,,0.2981,,45,,-0.101,
2024-05-28,747033,0.3196,0.3257,0.2373,0.2101,0.0843,0.1089,0.2879,0.2709,31,38,0.039,0.341
2024-05-28,747115,0.3171,0.3620,0.2111,0.1872,0.0903,0.1242,0.2946,0.3013,47,50,0.892,0.206
2024-05-29,745011,0.2989,0.3284,0.2490,0.2348,0.0878,0.0868,0.2874,0.2901,27,28,0.717,0.519
2024-05-29,745084,0.3166,0.3184,0.2386,0.2280,0.0762,0.1120,0.2938,0.2881,14,35,0.311,0.030
2024-05-29,745250,0.2953,0.3222,0.2572,0.2514,0.1157,0.0967,0.2942,0.3193,32,50,-0.246,0.555
2024-05-29,745333,0.3399,0.3083,0.2221,0.2312,0.0651,0.1049,0.2936,0.2840,42,51,-0.031,0.189
2024-05-29,745414,0.3292,0.2741,0.2457,0.2439,0.1080,0.0788,0.3056,0.2988,20,37,0.243,0.271
2024-05-29,745817,0.3218,,0.1966,,0.1264,,0.2632,,40,,-0.310,
2024-05-29,745900,0.3126,0.3564,0.2103,0.1931,0.0839,0.0901,0.2956,0.2642,43,47,0.251,0.308
2024-05-29,745988,0.2838,0.3307,0.2680,0.2751,0.1048,0.1470,0.2982,0.2967,32,26,0.255,0.107
2024-05-29,746228,0.3192,0.3291,0.2516,0.2342,0.1337,0.0856,0.2904,0.3045,42,41,0.127,0.151
2024-05-29,746467,0.2888,0.2815,0.2836,0.2188,0.0706,0.0671,0.3273,0.2869,34,39,0.968,0.003
2024-05-29,746551,0.3449,0.3624,0.2222,0.1910,0.1049,0.0932,0.2851,0.2780,51,22,0.113,0.497
2024-05-29,746706,,0.3333,,0.1866,,0.1364,,0.2640,,40,,0.005
2024-05-29,746790,0.2995,0.2891,0.2553,0.2280,0.0992,0.0699,0.2805,0.2549,17,35,0.183,0.575
2024-05-29,747031,0.3016,0.3173,0.2609,0.2772,0.0815,0.0808,0.2898,0.3120,46,47,-0.081,-0.010
2024-05-29,747117,0.2713,,0.3198,,0.0873,,0.3085,,39,,0.247,
2024-05-30,745081,,0.3092,,0.2618,,0.0967,,0.3120,,19,,0.131
2024-05-30,745249,0.3060,0.2955,0.2723,0.2706,0.0984,0.1004,0.3023,0.2931,38,46,0.718,0.924
2024-05-30,745819,0.2941,0.3076,0.2568,0.2390,0.0864,0.0762,0.3067,0.2844,40,14,0.532,0.382
2024-05-30,745898,0.3133,0.3220,0.2528,0.2277,0.1158,0.0927,0.2739,0.2938,6,44,0.158,0.221
2024-05-30,745985,0.2990,0.3605,0.2464,0.2008,0.0641,0.0985,0.2930,0.2814,28,48,0.074,0.512
2024-05-30,746225,0.3356,0.3064,0.2854,0.2961,0.0831,0.1181,0.3084,0.3203,44,47,-0.187,0.088
2024-05-30,746954,0.3048,0.3131,0.2910,0.2462,0.0651,0.0672,0.3210,0.2965,42,24,0.127,0.327
2024-05-30,747114,0.2958,0.3140,0.2363,0.2528,0.0796,0.0855,0.2978,0.3083,36,6,0.396,0.071
2024-05-31,744928,0.3357,0.3547,0.2226,0.2520,0.0846,0.1003,0.2916,0.3170,42,46,-0.165,0.086
2024-05-31,745253,0.2714,0.2883,0.2886,0.2563,0.0899,0.0909,0.3273,0.3043,36,13,0.222,0.257
2024-05-31,745331,0.3379,0.3144,0.2376,0.2271,0.1023,0.0763,0.2873,0.2845,44,40,0.160,-0.869
2024-05-31,745574,0.3308,0.3046,0.1701,0.2399,0.1239,0.0838,0.2798,0.2979,50,43,0.076,0.332
2024-05-31,745820,0.2952,0.2979,0.2201,0.2799,0.0663,0.0872,0.2931,0.3016,25,39,0.161,-0.139
2024-05-31,745983,0.2846,0.3383,0.2331,0.2495,0.0815,0.1161,0.2781,0.2931,46,23,0.292,0.025
2024-05-31,746059,0.3083,0.3955,0.2495,0.1890,0.0966,0.1377,0.3017,0.2811,19,39,0.275,0.581
2024-05-31,746140,0.3448,0.3345,0.1913,0.2088,0.1227,0.0829,0.2803,0.2654,43,20,0.130,0.451
2024-05-31,746303,0.3093,0.2692,0.2776,0.2371,0.0713,0.0763,0.3069,0.2800,47,40,-0.147,0.005
2024-05-31,746387,0.2998,0.3328,0.2568,0.2271,0.0542,0.1163,0.2948,0.2890,44,40,0.396,0.027
2024-05-31,746635,0.3405,0.2812,0.1792,0.2799,0.0785,0.0872,0.2751,0.2993,50,39,0.148,0.647
2024-05-31,746877,0.2912,0.3185,0.2520,0.2288,0.0748,0.0985,0.2789,0.2652,42,48,0.612,0.247
2024-05-31,746955,0.3428,0.2864,0.1884,0.2399,0.0919,0.0838,0.2729,0.3010,34,43,-0.021,-0.162
2024-05-31,747032,0.2821,0.2812,0.3040,0.2837,0.0756,0.0909,0.3285,0.3092,41,13,0.813,0.554
2024-05-31,747116,0.3109,0.2770,0.2050,0.2979,0.0954,0.0821,0.2856,0.3163,41,33,0.262,-0.044
2024-06-01,744932,0.3257,0.3182,0.2278,0.2472,0.1118,0.0984,0.2956,0.2888,44,48,0.151,0.119
2024-06-01,745251,0.2724,0.3077,0.2841,0.2588,0.0854,0.1087,0.2982,0.2875,41,47,0.532,0.302
2024-06-01,745332,0.3125,0.3253,0.2333,0.2675,0.0893,0.0777,0.2857,0.2870,3,51,,0.556
2024-06-01,745575,0.2954,0.2916,0.2548,0.2802,0.0820,0.1003,0.3027,0.3096,33,46,0.412,0.078
2024-06-01,745812,0.2746,0.2955,0.2759,0.2649,0.0751,0.0683,0.3097,0.2780,15,37,0.345,0.667
2024-06-01,745980,0.2323,0.2832,0.3435,0.2287,0.0755,0.0771,0.3063,0.2982,41,13,0.450,0.114
2024-06-01,746062,0.3317,0.2826,0.2494,0.2470,0.1224,0.0863,0.2865,0.2975,35,40,0.182,-0.003
2024-06-01,746138,0.3164,0.3087,0.2162,0.3245,0.0727,0.0875,0.2749,0.3289,45,50,0.029,0.204
2024-06-01,746305,0.3214,0.2879,0.2290,0.2600,0.0655,0.0803,0.2849,0.3057,26,35,0.590,0.276
2024-06-01,746384,0.2908,0.3117,0.2759,0.2095,0.0637,0.1024,0.2929,0.2785,44,34,0.553,0.150
2024-06-01,746629,0.2967,0.3038,0.2494,0.2633,0.0838,0.0848,0.3003,0.2818,31,30,0.076,-0.091
2024-06-01,746870,0.2731,0.2991,0.3009,0.2583,0.0944,0.0908,0.3151,0.2991,42,24,-0.216,0.225
2024-06-01,746952,0.2962,0.3045,0.2885,0.2325,0.1107,0.0745,0.3121,0.3026,36,29,0.285,-0.018
2024-06-01,747029,0.3106,0.2857,0.3067,0.2679,0.0896,0.1189,0.3011,0.3236,14,21,0.483,0.676
2024-06-01,747111,0.3276,0.3216,0.2391,0.2715,0.0896,0.1042,0.3033,0.3046,14,42,-0.001,0.087
2024-06-02,744929,0.3205,0.3000,0.2265,0.2349,0.0721,0.0917,0.2875,0.2980,18,45,0.475,0.224
2024-06-02,745252,0.3736,0.3074,0.1884,0.2686,0.0924,0.0643,0.2880,0.2950,55,43,0.328,0.125
2024-06-02,745330,0.2976,0.3208,0.2381,0.2398,0.0859,0.0686,0.2879,0.2922,52,22,0.497,0.055
2024-06-02,745572,0.2958,0.3347,0.2672,0.2403,0.0867,0.0770,0.2896,0.2961,51,26,0.379,0.278
2024-06-02,745813,0.2939,0.3314,0.2589,0.2026,0.0837,0.0943,0.2932,0.2591,43,42,0.377,0.496
2024-06-02,745984,0.3093,0.2928,0.2424,0.3036,0.1120,0.0953,0.2808,0.3004,17,41,0.301,-0.267
2024-06-02,746061,0.3192,0.2983,0.2349,0.2343,0.1107,0.0755,0.2863,0.2954,45,41,0.287,0.300
2024-06-02,746141,0.3439,0.2951,0.2138,0.2566,0.1191,0.0962,0.2739,0.2823,46,40,0.061,0.435
2024-06-02,746301,0.2980,0.2999,0.2739,0.2839,0.0755,0.0798,0.3290,0.3051,41,48,0.571,0.511
2024-06-02,746383,0.2675,0.3401,0.2752,0.2471,0.0770,0.1002,0.2958,0.3002,26,56,-0.048,0.425
2024-06-02,746632,0.3083,0.3017,0.2333,0.2442,0.0875,0.1052,0.2975,0.2871,50,41,0.870,0.409
2024-06-02,746871,0.3360,0.3110,0.2710,0.2642,0.0838,0.0808,0.3324,0.2896,31,22,0.433,-0.047
2024-06-02,746953,0.3443,0.3215,0.1952,0.2289,0.0957,0.0972,0.2679,0.2920,51,39,-0.141,0.104
2024-06-02,747030,0.3160,0.3013,0.2825,0.2222,0.0917,0.0820,0.2946,0.2876,45,33,0.533,0.307
2024-06-02,747110,,0.3184,,0.2721,,0.1250,,0.2999,,49,,0.445
2024-06-03,744854,0.3247,0.2691,0.2327,0.3368,0.1003,0.0837,0.2796,0.3023,16,43,0.394,0.257
2024-06-03,744930,0.3301,0.3685,0.2161,0.2357,0.1107,0.1066,0.2814,0.2921,45,49,0.381,-0.157
2024-06-03,745009,0.2735,0.3169,0.2397,0.2332,0.0643,0.1142,0.2866,0.3042,43,33,0.062,0.373
2024-06-03,745569,0.3075,0.2972,0.2640,0.2828,0.0988,0.0821,0.3059,0.3169,7,45,0.144,0.908
2024-06-03,746224,0.3219,0.3340,0.2955,0.2235,0.0844,0.1002,0.3011,0.3049,54,46,0.467,0.027
2024-06-03,746382,0.3508,0.2887,0.2244,0.2599,0.1057,0.1118,0.3060,0.2945,50,35,0.406,-0.259
2024-06-03,746548,0.3112,0.3824,0.2265,0.1697,0.0608,0.1088,0.2958,0.2703,49,56,0.537,0.015
2024-06-03,747194,0.3140,0.2920,0.2735,0.2410,0.1198,0.0847,0.3135,0.2807,12,30,0.144,0.684
2024-06-04,744850,0.3158,,0.2326,,0.0888,,0.2910,,3,,,
2024-06-04,744931,0.3085,,0.2877,,0.0781,,0.3123,,50,,0.019,
2024-06-04,745010,0.2980,0.3229,0.2919,0.2328,0.0628,0.0924,0.3253,0.2811,45,33,0.168,0.537
2024-06-04,745497,0.2771,0.2910,0.2685,0.2738,0.0640,0.0653,0.2863,0.3193,43,41,-0.044,0.913
2024-06-04,745568,0.3012,0.3391,0.2522,0.2137,0.0942,0.0622,0.3034,0.2939,10,46,0.346,-0.085
2024-06-04,745656,0.3135,0.3300,0.2624,0.2552,0.0937,0.0986,0.3240,0.3016,53,17,0.557,0.220
2024-06-04,745739,0.3567,0.3139,0.1951,0.2514,0.0864,0.1377,0.2629,0.2908,51,46,0.331,0.089
2024-06-04,746060,0.3206,0.3176,0.2187,0.2436,0.1070,0.0816,0.2864,0.2988,39,33,0.046,0.518
2024-06-04,746222,,0.3043,,0.3059,,0.1145,,0.3214,,50,,0.086
2024-06-04,746380,0.3234,0.3025,0.2289,0.2711,0.1186,0.1039,0.2797,0.3012,4,42,-0.080,0.842
2024-06-04,746550,0.3244,0.3675,0.1811,0.1850,0.1320,0.1066,0.2608,0.2844,43,30,0.062,0.349
2024-06-04,746630,0.3075,0.3404,0.2190,0.2720,0.0796,0.1155,0.3000,0.2788,48,49,0.300,0.010
2024-06-04,746872,0.2841,0.2962,0.2490,0.2645,0.0767,0.0989,0.2674,0.2891,39,37,0.683,0.297
2024-06-04,746949,0.3725,0.3014,0.1796,0.2720,0.1182,0.0788,0.2949,0.2886,55,49,0.242,-0.006
2024-06-04,747196,0.3135,0.3007,0.2318,0.2643,0.1008,0.0888,0.2863,0.2957,55,3,0.197,
2024-06-05,744852,0.3002,0.3359,0.2708,0.1832,0.0903,0.0759,0.2929,0.2742,46,53,-0.245,0.162
2024-06-05,744927,0.3010,0.3509,0.2654,0.2609,0.0971,0.0961,0.2969,0.3222,18,50,0.435,0.081
2024-06-05,745007,0.3492,0.3008,0.1806,0.2402,0.0977,0.0924,0.2685,0.2950,38,22,-0.055,0.293
2024-06-05,745494,0.3227,0.3002,0.1990,0.3110,0.1305,0.0900,0.2593,0.3232,44,13,-0.320,0.348
2024-06-05,745570,0.3069,0.3023,0.2297,0.2330,0.0871,0.0809,0.2788,0.2924,4,46,,0.287
2024-06-05,745654,0.3011,0.3094,0.2700,0.2558,0.0961,0.0724,0.2942,0.2945,50,17,0.916,0.354
2024-06-05,745740,0.3285,0.3283,0.2358,0.2776,0.0970,0.0801,0.2937,0.3082,49,47,0.235,-0.208
2024-06-05,746056,0.3201,0.3275,0.2301,0.2345,0.0541,0.1140,0.2996,0.3014,43,24,0.311,0.267
2024-06-05,746221,0.3185,0.3013,0.2791,0.2786,0.0688,0.0929,0.3105,0.3206,50,43,-0.198,0.247
2024-06-05,746379,0.3264,0.3276,0.1743,0.2301,0.1201,0.1124,0.2787,0.2925,53,43,0.085,0.014
2024-06-05,746544,0.2846,0.3395,0.2543,0.1858,0.0721,0.1186,0.2793,0.2765,45,46,0.622,0.141
2024-06-05,746628,0.2974,,0.2920,,0.0855,,0.3071,,52,,0.530,
2024-06-05,746873,0.2846,0.2997,0.2473,0.2494,0.0855,0.0722,0.2865,0.2965,52,31,0.268,0.129
2024-06-05,746950,0.3044,0.3071,0.2492,0.2580,0.0885,0.0747,0.2918,0.2966,3,28,,0.328
2024-06-05,747195,0.3130,0.3012,0.2279,0.2118,0.0728,0.0814,0.2830,0.2932,44,33,-0.824,0.078
2024-06-06,744844,0.2713,0.3022,0.2988,0.2417,0.0787,0.0975,0.3121,0.3022,36,38,-0.063,0.129
2024-06-06,744923,,0.3262,,0.2517,,0.1013,,0.2939,,54,,0.141
2024-06-06,745174,0.3083,0.3088,0.2101,0.2642,0.0699,0.0946,0.2773,0.3015,48,41,0.001,0.498
2024-06-06,745408,0.2956,0.3345,0.2745,0.2164,0.0703,0.0610,0.3089,0.2842,19,31,0.455,0.618
2024-06-06,745495,0.3323,0.3282,0.2289,0.2256,0.0878,0.0814,0.2698,0.2942,26,45,0.606,-0.210
2024-06-06,745657,0.2771,0.3065,0.2591,0.2046,0.0862,0.0995,0.3073,0.2858,16,46,0.199,0.357
2024-06-06,745738,0.2912,0.3388,0.2471,0.2307,0.0514,0.0986,0.2977,0.2898,48,47,0.406,0.196
2024-06-06,746631,0.2928,0.2869,0.2469,0.2759,0.1055,0.0918,0.2924,0.2919,40,44,0.500,0.805
2024-06-06,746707,0.3114,0.2743,0.2404,0.2868,0.0951,0.0986,0.2694,0.3083,51,47,0.292,-0.325
2024-06-06,746784,0.2960,0.3191,0.2471,0.2451,0.0792,0.0867,0.3039,0.3009,48,4,-0.155,
2024-06-07,744845,0.3258,0.3068,0.2659,0.2364,0.0977,0.0845,0.3085,0.2982,48,53,0.160,0.903
2024-06-07,745008,0.3414,0.3324,0.2562,0.2496,0.0737,0.1268,0.2826,0.2848,56,39,0.553,0.241
2024-06-07,745083,0.2944,0.2899,0.2136,0.2992,0.0778,0.0712,0.2824,0.3237,37,46,0.342,0.750
2024-06-07,745169,0.3520,0.2919,0.2010,0.2758,0.1199,0.0917,0.2678,0.2910,53,55,0.094,0.445
2024-06-07,745406,0.2876,0.2986,0.2615,0.2665,0.0807,0.0726,0.2975,0.3266,46,44,0.380,0.586
2024-06-07,745496,0.3054,0.3180,0.2610,0.2359,0.0686,0.1151,0.2910,0.2960,50,49,0.649,0.234
2024-06-07,745655,0.3001,0.3113,0.2520,0.2418,0.0959,0.0854,0.3082,0.3002,50,5,0.207,0.023
2024-06-07,745737,0.3080,0.3096,0.3193,0.2381,0.0917,0.0841,0.3223,0.2872,55,6,0.271,-0.005
2024-06-07,746053,0.3437,0.2849,0.2149,0.2569,0.1091,0.0822,0.2781,0.3050,55,44,0.197,-0.010
2024-06-07,746220,0.3084,0.3678,0.2136,0.1993,0.0985,0.0887,0.2770,0.2862,37,59,0.179,0.313
2024-06-07,746302,0.3067,0.3035,0.2701,0.2388,0.1050,0.1079,0.2939,0.2688,50,10,0.304,0.213
2024-06-07,746466,0.3402,0.3012,0.2525,0.2772,0.1227,0.1055,0.2885,0.3078,26,40,0.061,0.309
2024-06-07,746704,0.2889,0.3349,0.2841,0.2679,0.0868,0.0891,0.3094,0.3314,27,36,0.380,0.422
2024-06-07,746785,0.2994,0.2383,0.2227,0.3401,0.0704,0.0719,0.2958,0.3053,33,45,0.043,0.408
2024-06-08,744848,0.3113,0.2697,0.2835,0.3248,0.1209,0.0891,0.3062,0.2981,52,47,0.499,0.253
2024-06-08,745001,,0.3099,,0.2477,,0.1068,,0.2955,,48,,0.294
2024-06-08,745082,0.2822,0.3350,0.2762,0.2969,0.1109,0.0817,0.3231,0.2976,26,20,0.745,0.476
2024-06-08,745166,0.3867,0.3488,0.1660,0.2152,0.1054,0.1090,0.2661,0.3023,59,55,0.052,0.371
2024-06-08,745410,0.2830,0.3176,0.2446,0.3055,0.0810,0.0815,0.2844,0.3013,33,57,0.691,0.531
2024-06-08,745492,0.2626,,0.2861,,0.0838,,0.2940,,30,,-0.023,
2024-06-08,745652,0.3634,0.3131,0.2299,0.2423,0.1030,0.1006,0.2863,0.2861,52,5,-0.199,0.078
2024-06-08,745735,0.2904,0.2897,0.2668,0.2500,0.1013,0.0829,0.2853,0.2900,44,55,0.434,0.508
2024-06-08,745814,0.2869,0.2915,0.2913,0.2648,0.0967,0.0647,0.3080,0.2753,49,41,0.130,0.649
2024-06-08,746057,0.3017,0.3665,0.2554,0.2435,0.0810,0.1239,0.2799,0.2870,33,17,-0.111,0.153
2024-06-08,746223,0.3441,0.3411,0.2479,0.2250,0.0961,0.0958,0.3036,0.3078,60,50,0.371,0.058
2024-06-08,746300,0.3038,0.3169,0.2593,0.2500,0.0611,0.0761,0.2951,0.3046,47,39,0.131,0.291
2024-06-08,746461,0.2962,0.3536,0.3032,0.1944,0.0976,0.0986,0.2983,0.2700,48,57,-0.075,-0.052
2024-06-08,746703,0.2978,0.3149,0.2645,0.2413,0.0760,0.0568,0.2942,0.2983,26,55,-0.023,0.582
2024-06-08,746786,0.3221,0.3126,0.2187,0.2344,0.1013,0.1192,0.2863,0.2801,44,20,0.095,0.321
2024-06-09,744849,,0.3178,,0.2455,,0.0872,,0.2951,,4,,
2024-06-09,745003,0.3323,0.3083,0.2205,0.2366,0.1027,0.1102,0.2839,0.3063,43,36,0.123,0.395
2024-06-09,745085,0.3286,0.3243,0.2103,0.2792,0.1072,0.0871,0.2814,0.2988,48,50,0.434,0.556
2024-06-09,745167,0.3555,0.3289,0.1759,0.2102,0.1008,0.1368,0.2810,0.2787,35,10,0.407,-0.120
2024-06-09,745407,,0.3234,,0.2335,,0.1044,,0.2924,,3,,
2024-06-09,745491,0.3530,0.2898,0.1888,0.2709,0.0920,0.0621,0.2612,0.3154,55,46,0.334,0.987
2024-06-09,745571,0.3473,0.3347,0.1936,0.2496,0.0895,0.0723,0.2568,0.2936,47,31,0.473,0.187
2024-06-09,745651,0.3226,0.3312,0.3002,0.2616,0.0808,0.1034,0.3067,0.2963,9,23,0.218,0.141
2024-06-09,745736,0.2777,0.3074,0.2777,0.2542,0.0708,0.1337,0.2929,0.2933,47,49,-0.041,0.109
2024-06-09,746054,0.2931,0.2953,0.2472,0.2216,0.1017,0.0708,0.2889,0.2927,44,47,0.459,0.436
2024-06-09,746216,0.2983,0.3068,0.2471,0.3045,0.1058,0.1103,0.2858,0.3194,40,54,-0.241,0.039
2024-06-09,746297,0.3062,0.2974,0.2734,0.2921,0.0912,0.0855,0.3286,0.3068,56,52,0.545,0.531
2024-06-09,746463,0.3248,0.2777,0.2664,0.2309,0.1413,0.0615,0.2909,0.2847,29,47,0.285,0.034
2024-06-09,746705,0.2924,0.3166,0.2843,0.1954,0.0948,0.1281,0.3031,0.2692,41,46,0.309,0.125
2024-06-09,746787,,0.2903,,0.2521,,0.0743,,0.2684,,42,,0.689
2024-06-10,745080,0.3065,0.3323,0.2805,0.2308,0.0762,0.0992,0.3072,0.2805,53,47,-0.023,0.076
2024-06-10,745248,0.2814,0.2946,0.2495,0.2716,0.0836,0.0939,0.2889,0.2918,55,53,0.292,1.030
2024-06-10,745334,0.3074,0.3137,0.2775,0.2262,0.0992,0.0984,0.3041,0.2837,47,58,0.937,0.141
2024-06-10,745409,0.2977,0.3223,0.2712,0.2780,0.0701,0.0668,0.2953,0.3100,20,54,0.327,-0.268
2024-06-10,745897,0.3461,0.3329,0.1881,0.2282,0.1237,0.0907,0.2744,0.2961,50,57,0.134,0.377
2024-06-10,745982,0.3468,0.3600,0.2605,0.2026,0.0931,0.0947,0.3199,0.2784,54,52,0.119,0.465
2024-06-10,746295,0.3193,0.3092,0.2881,0.2135,0.0783,0.0776,0.3049,0.2962,50,51,-0.199,0.291
2024-06-11,745077,0.3092,0.3257,0.2490,0.2170,0.0695,0.0514,0.2997,0.2880,35,49,0.128,0.329
2024-06-11,745170,0.2883,0.3222,0.3244,0.1765,0.0869,0.1163,0.3327,0.2792,16,57,0.432,0.090
2024-06-11,745244,,,,,,,,,,,,
2024-06-11,745327,0.3199,0.3127,0.2232,0.2423,0.1095,0.0691,0.2924,0.2790,46,50,-0.002,-0.784
2024-06-11,745404,0.2983,0.3410,0.2170,0.2129,0.0973,0.0681,0.2902,0.2820,49,37,0.395,0.620
2024-06-11,745815,0.3191,0.3112,0.2439,0.2457,0.0784,0.0950,0.3013,0.2772,37,20,0.546,0.343
2024-06-11,745899,0.3079,0.3354,0.2131,0.2426,0.0685,0.1309,0.2763,0.2680,51,21,0.066,-0.014
2024-06-11,745981,0.3210,,0.2576,,0.0975,,0.2969,,59,,0.235,
2024-06-11,746139,0.3135,0.3161,0.2360,0.2024,0.0896,0.1271,0.2785,0.2601,36,47,0.563,-0.302
2024-06-11,746296,0.3411,0.3000,0.2311,0.2326,0.0955,0.1095,0.2878,0.2832,51,46,0.221,0.454
2024-06-11,746464,0.2952,0.3490,0.2441,0.1801,0.0951,0.0980,0.2971,0.2690,41,38,0.179,-0.043
2024-06-11,746702,0.3316,0.3208,0.2826,0.2302,0.1125,0.1118,0.2839,0.2805,52,8,0.024,-0.061
2024-06-11,746951,0.2920,0.2943,0.2746,0.2737,0.0797,0.0768,0.3102,0.2842,48,52,0.937,0.038
2024-06-11,747027,0.3626,0.2986,0.2005,0.2641,0.1153,0.0927,0.2965,0.2972,58,22,0.266,0.457
2024-06-11,747190,,0.3015,,0.2108,,0.0878,,0.2937,,38,,0.080
2024-06-12,745079,0.3043,0.2931,0.2506,0.2960,0.0930,0.0782,0.2723,0.3233,54,50,0.318,0.726
2024-06-12,745171,0.3549,0.3171,0.2330,0.2554,0.0843,0.0924,0.2865,0.2996,54,44,-0.161,0.528
2024-06-12,745246,0.3123,0.2995,0.2406,0.2681,0.0905,0.1018,0.2939,0.2964,13,54,-0.073,0.315
2024-06-12,745328,0.3038,0.3370,0.2057,0.2569,0.0961,0.0723,0.2771,0.2856,40,59,0.142,0.558
2024-06-12,745405,0.3061,0.3024,0.2436,0.2621,0.0825,0.0790,0.3017,0.3230,8,49,0.114,0.569
2024-06-12,745811,0.3319,0.3215,0.2260,0.2207,0.1166,0.1001,0.2981,0.2866,31,6,0.262,0.159
2024-06-12,745896,0.3533,0.2910,0.1964,0.2439,0.1134,0.0673,0.2637,0.2994,60,53,0.126,0.450
2024-06-12,745978,0.2931,0.3399,0.2528,0.2535,0.0939,0.1192,0.3047,0.2851,53,29,0.187,0.015
2024-06-12,746137,0.3235,0.3269,0.2816,0.2285,0.1010,0.0845,0.3127,0.2631,45,30,0.183,0.484
2024-06-12,746294,0.3056,,0.2366,,0.0944,,0.2913,,10,,0.145,
2024-06-12,746462,0.3018,0.2964,0.2376,0.2939,0.0828,0.1116,0.2992,0.3131,56,44,0.907,0.352
2024-06-12,746701,0.2830,0.3273,0.2804,0.2828,0.0881,0.0951,0.2895,0.3325,49,41,0.870,0.453
2024-06-12,746948,0.3369,0.3074,0.2070,0.2590,0.0606,0.0726,0.2920,0.2993,49,31,-0.121,0.276
2024-06-12,747028,0.3007,0.3002,0.2358,0.2471,0.0850,0.0890,0.2934,0.2926,6,3,0.179,
2024-06-12,747193,0.3004,0.2932,0.2695,0.2686,0.0906,0.0787,0.3206,0.2992,46,24,0.295,0.455
2024-06-13,745075,0.2801,0.3299,0.2946,0.3037,0.0844,0.0785,0.3138,0.2977,30,24,0.360,0.678
2024-06-13,745168,0.3132,0.2886,0.2413,0.2840,0.1192,0.0898,0.2952,0.2902,54,58,0.282,0.413
2024-06-13,745245,0.2514,0.3143,0.3350,0.2612,0.0696,0.1066,0.3037,0.2972,49,30,0.306,0.358
2024-06-13,745809,0.3703,0.3007,0.2409,0.2707,0.1184,0.0880,0.2883,0.2912,21,49,0.231,-0.274
2024-06-13,745894,0.3240,0.3038,0.2185,0.2612,0.1351,0.0672,0.2671,0.2910,11,53,0.299,0.604
2024-06-13,746136,0.3402,0.3133,0.2380,0.2621,0.1223,0.0888,0.2845,0.2879,43,3,0.285,
2024-06-13,746299,0.2894,0.3164,0.2501,0.2574,0.0813,0.0737,0.2875,0.2996,58,43,0.505,0.308
2024-06-13,746465,0.3416,0.3543,0.1768,0.1860,0.0827,0.1041,0.2692,0.2690,56,61,0.128,-0.098
2024-06-13,746944,0.2954,0.2899,0.2340,0.2569,0.0788,0.0774,0.2914,0.3090,49,51,0.295,-0.152
2024-06-13,747026,0.2780,0.2883,0.2981,0.2251,0.0767,0.0759,0.3104,0.2856,39,40,-0.102,0.268
2024-06-13,747192,0.3701,0.3100,0.1961,0.2546,0.0847,0.0767,0.2801,0.2969,65,52,0.312,0.382
2024-06-14,744847,,0.2732,,0.3232,,0.0934,,0.2971,,53,,0.166
2024-06-14,744924,0.3407,0.3590,0.2061,0.2200,0.1055,0.1083,0.2753,0.2807,59,56,0.184,-0.184
2024-06-14,745247,0.3164,0.3060,0.2347,0.2547,0.1111,0.0586,0.2920,0.2987,53,52,0.291,0.087
2024-06-14,745326,0.3426,0.3390,0.2219,0.2234,0.0918,0.1163,0.3057,0.2879,55,5,0.019,-0.153
2024-06-14,745810,0.3139,0.2934,0.3044,0.2621,0.0797,0.0625,0.2983,0.2772,60,45,0.588,0.689
2024-06-14,745892,0.3344,0.2683,0.2474,0.2687,0.0984,0.0796,0.2895,0.2903,27,35,0.121,-0.104
2024-06-14,745979,0.2753,0.3003,0.2815,0.3028,0.1032,0.1102,0.3049,0.2993,52,54,-0.396,-0.026
2024-06-14,746134,0.3008,0.2858,0.3062,0.2525,0.0824,0.0969,0.3144,0.2819,56,49,0.609,0.448
2024-06-14,746378,0.2703,0.3470,0.2502,0.2502,0.0596,0.1076,0.2933,0.3042,50,66,0.013,0.493
2024-06-14,746545,0.3041,0.3775,0.2305,0.1764,0.0882,0.1029,0.2881,0.2690,3,62,,0.035
2024-06-14,746869,0.3530,0.3242,0.2127,0.2781,0.1130,0.1057,0.3035,0.2834,60,21,0.367,0.149
2024-06-14,746947,0.3035,0.3207,0.2524,0.2199,0.1377,0.0987,0.2908,0.2818,53,47,0.126,0.081
2024-06-14,747025,0.2920,0.2748,0.2915,0.2725,0.1005,0.1062,0.3092,0.3147,55,30,0.080,0.786
2024-06-14,747112,0.3231,0.3172,0.2678,0.2750,0.0926,0.0951,0.2947,0.3131,54,51,0.597,0.141
2024-06-14,747191,0.2866,0.2835,0.2431,0.2425,0.0720,0.0779,0.2664,0.2842,45,37,0.737,0.648
2024-06-15,744846,0.2939,0.3046,0.2209,0.2466,0.0770,0.0828,0.2957,0.2995,51,7,0.398,0.034
2024-06-15,744925,0.2864,0.3007,0.2478,0.2622,0.0985,0.0880,0.2878,0.2931,47,3,0.445,0.061
2024-06-15,745241,0.3018,0.3066,0.2376,0.2710,0.1065,0.0879,0.3101,0.3216,39,60,0.362,0.567
2024-06-15,745329,0.3081,0.3369,0.2950,0.2320,0.1072,0.1140,0.3175,0.2830,57,50,0.003,0.126
2024-06-15,745805,0.3350,0.3524,0.2074,0.1832,0.1078,0.1031,0.2820,0.2501,10,52,0.162,0.517
2024-06-15,745891,0.3015,0.3328,0.2562,0.2274,0.0779,0.0871,0.2835,0.2980,24,61,0.319,0.309
2024-06-15,745976,0.3132,0.2934,0.2440,0.2638,0.0624,0.0884,0.2965,0.3110,61,14,0.577,0.620
2024-06-15,746135,0.3104,0.3039,0.2010,0.3153,0.0730,0.0886,0.2916,0.3156,57,59,0.359,0.259
2024-06-15,746381,0.2985,0.3062,0.2826,0.2725,0.0606,0.1031,0.3223,0.3004,48,52,0.171,0.792
2024-06-15,746547,0.3015,0.3564,0.2612,0.1752,0.0756,0.0954,0.3087,0.2788,53,40,1.060,0.436
2024-06-15,746865,0.3260,0.2850,0.1989,0.2935,0.1307,0.0918,0.2748,0.3063,13,44,-0.042,0.299
2024-06-15,746946,0.3203,0.3050,0.2789,0.2218,0.0756,0.0675,0.3000,0.2944,53,37,-0.235,0.081
2024-06-15,747024,0.3265,0.3264,0.2502,0.2029,0.0696,0.1040,0.2988,0.2767,34,51,0.239,0.474
2024-06-15,747113,0.3445,0.3104,0.2189,0.2671,0.0941,0.1233,0.2791,0.2977,52,58,0.015,0.527
2024-06-15,747187,0.2850,0.3296,0.2417,0.2463,0.0809,0.0880,0.2882,0.2916,58,3,0.246,
2024-06-16,744839,0.3101,0.3050,0.2550,0.2334,0.0754,0.0908,0.3063,0.2932,40,45,0.610,0.178
2024-06-16,744926,0.2997,0.3467,0.2448,0.2522,0.0785,0.0901,0.2779,0.3135,36,57,-0.105,0.089
2024-06-16,745242,0.3192,0.2934,0.2206,0.2716,0.0935,0.0909,0.2720,0.2883,42,56,0.515,1.034
2024-06-16,745321,,0.3066,,0.2566,,0.1124,,0.3026,,16,,0.117
2024-06-16,745807,0.3179,0.3055,0.2924,0.2679,0.0724,0.1017,0.3096,0.2835,58,24,-0.310,0.334
2024-06-16,745895,0.3057,0.3473,0.2080,0.1992,0.1021,0.0893,0.2885,0.2628,53,58,0.351,0.319
2024-06-16,745977,0.3335,0.3559,0.1886,0.1940,0.1451,0.0909,0.2631,0.2765,54,56,0.107,0.507
2024-06-16,746130,0.3096,0.2775,0.2188,0.2864,0.1120,0.0685,0.2828,0.2932,52,50,0.475,-0.063
2024-06-16,746377,0.3471,0.3212,0.1832,0.2137,0.1043,0.1049,0.2690,0.2922,41,50,-0.072,0.006
2024-06-16,746546,0.3168,0.3454,0.2302,0.1814,0.0879,0.1198,0.2881,0.2779,3,53,,0.128
2024-06-16,746866,0.3168,0.3103,0.1709,0.2398,0.1128,0.0667,0.2774,0.2921,60,38,0.106,0.100
2024-06-16,746945,0.3438,0.3087,0.2199,0.2630,0.0995,0.0736,0.2825,0.2869,56,56,0.236,0.032
2024-06-16,747023,0.2884,0.3082,0.2611,0.2839,0.0756,0.0808,0.3042,0.3071,53,58,0.970,0.050
2024-06-16,747109,0.3177,0.3087,0.2080,0.2266,0.0490,0.1022,0.2839,0.2881,53,4,0.363,
2024-06-16,747189,0.3027,0.3030,0.2461,0.1991,0.0879,0.0926,0.3011,0.2838,3,43,,0.071
2024-06-17,744918,0.3056,0.3214,0.2521,0.2516,0.0779,0.1085,0.2961,0.2970,37,65,0.241,0.243
2024-06-17,745005,0.3275,0.3363,0.2239,0.2677,0.0951,0.0960,0.2837,0.3097,9,50,0.259,0.238
2024-06-17,745490,,0.2871,,0.3348,,0.0830,,0.3330,,19,,0.467
2024-06-17,745567,0.3519,0.3447,0.2103,0.2005,0.0643,0.0586,0.2793,0.2909,42,52,0.581,-0.106
2024-06-17,746055,0.3154,0.3477,0.2702,0.2235,0.0969,0.1100,0.3034,0.3012,49,36,0.558,0.340
2024-06-17,746215,0.3179,,0.2453,,0.0882,,0.2836,,3,,,
2024-06-17,746543,0.3168,0.3108,0.1950,0.2022,0.1233,0.0738,0.2592,0.2694,50,56,-0.245,0.113
2024-06-17,746868,0.3237,0.3001,0.2341,0.2432,0.0669,0.0902,0.2785,0.2698,53,57,-0.765,0.327
2024-06-17,747108,0.2974,0.3620,0.2820,0.2021,0.1070,0.1121,0.3108,0.2948,48,61,0.348,0.299
2024-06-18,744843,0.2933,0.3110,0.2632,0.2330,0.0736,0.0782,0.2879,0.2997,29,62,0.497,0.912
2024-06-18,744917,0.2855,0.3029,0.2558,0.2388,0.0743,0.1054,0.3056,0.2963,55,59,-0.150,0.144
2024-06-18,745004,0.2964,0.3369,0.2627,0.2376,0.0852,0.1173,0.2885,0.2900,52,47,-0.303,0.347
2024-06-18,745488,0.3230,0.3495,0.2925,0.2344,0.0918,0.0816,0.3304,0.2842,44,57,0.504,-0.179
2024-06-18,745563,0.2954,0.2987,0.2716,0.2338,0.0763,0.0756,0.3306,0.2851,52,53,0.533,0.387
2024-06-18,745650,0.3117,0.3023,0.2681,0.2454,0.0712,0.0781,0.2997,0.3069,46,11,0.276,0.149
2024-06-18,745733,0.2890,0.2867,0.2607,0.2431,0.0877,0.0789,0.2979,0.2867,26,61,0.480,0.488
2024-06-18,745893,0.3008,0.2916,0.2795,0.2493,0.0823,0.0640,0.3165,0.2959,56,58,0.606,0.385
2024-06-18,746049,0.2865,0.3787,0.2845,0.2312,0.0872,0.1256,0.2882,0.2885,61,24,0.390,0.369
2024-06-18,746217,0.3452,0.3791,0.2411,0.1864,0.1134,0.0881,0.2870,0.2771,33,71,0.028,0.326
2024-06-18,746542,0.3275,0.3664,0.2172,0.1986,0.0909,0.1058,0.2599,0.2643,34,68,0.484,0.208
2024-06-18,746627,0.2964,0.3426,0.2748,0.2771,0.1063,0.1072,0.2991,0.2809,58,57,0.297,0.043
2024-06-18,746783,0.3057,0.3070,0.1964,0.2292,0.0918,0.0861,0.2779,0.2843,44,16,0.078,-0.254
2024-06-18,746867,0.3406,0.2731,0.2473,0.3056,0.0695,0.0811,0.2846,0.3125,63,33,0.555,0.354
2024-06-18,747107,0.3470,0.3091,0.1889,0.2203,0.1012,0.0935,0.2720,0.2858,64,10,-0.116,0.275
2024-06-19,744842,0.3139,0.3366,0.2598,0.1699,0.0815,0.0795,0.3005,0.2694,57,60,0.409,0.148
2024-06-19,744920,0.3241,0.3528,0.2227,0.2199,0.1012,0.1045,0.2837,0.2782,54,60,0.115,-0.135
2024-06-19,745002,0.2977,0.3281,0.2536,0.2321,0.0605,0.1147,0.2759,0.2887,48,58,0.532,0.288
2024-06-19,745489,0.2743,0.3067,0.2879,0.2341,0.0994,0.1157,0.3084,0.2932,56,57,-0.350,0.266
2024-06-19,745561,0.3138,0.2960,0.3040,0.2890,0.0775,0.1053,0.3015,0.3088,63,59,0.608,0.106
2024-06-19,745646,0.2995,0.3114,0.2974,0.2350,0.0801,0.1289,0.3146,0.2744,59,14,0.673,0.474
2024-06-19,745732,0.2913,,0.2484,,0.0839,,0.2902,,6,,0.203,
2024-06-19,745887,0.3193,0.2979,0.3113,0.2706,0.0743,0.0650,0.2978,0.2905,28,56,0.694,0.647
2024-06-19,746050,0.3505,,0.2555,,0.0908,,0.2851,,12,,-0.029,
2024-06-19,746219,0.2968,0.3421,0.2999,0.2199,0.1062,0.1045,0.3037,0.3046,58,60,-0.043,-0.018
2024-06-19,746538,0.2980,0.3873,0.3056,0.1684,0.0791,0.0987,0.3045,0.2676,10,67,-0.039,0.013
2024-06-19,746625,0.2770,0.2892,0.2549,0.2867,0.0817,0.0844,0.2962,0.2911,20,53,0.119,0.909
2024-06-19,746781,0.3410,0.2456,0.2589,0.3428,0.1049,0.0673,0.3085,0.3124,69,52,0.587,0.247
2024-06-19,746864,0.2981,0.3067,0.2394,0.2545,0.1054,0.0856,0.3004,0.3039,21,28,0.094,0.241
2024-06-19,747106,0.2662,0.2796,0.2556,0.2951,0.0655,0.0732,0.2940,0.3090,55,43,0.026,-0.169
2024-06-20,744841,0.2836,0.2709,0.2438,0.3195,0.0759,0.0906,0.2918,0.2974,40,57,0.661,0.180
2024-06-20,745164,0.3314,0.3207,0.2314,0.2024,0.1105,0.1262,0.2833,0.2743,54,16,0.175,-0.037
2024-06-20,745401,0.3281,0.3441,0.2410,0.2184,0.1402,0.1279,0.2911,0.2870,37,15,0.279,0.259
2024-06-20,745645,0.3097,0.3426,0.1948,0.2376,0.0716,0.0955,0.2866,0.2901,60,30,0.350,0.045
2024-06-20,745734,0.2916,0.2966,0.2300,0.2533,0.0716,0.1344,0.2903,0.2862,46,56,0.145,0.126
2024-06-20,745889,0.3322,0.2866,0.2611,0.2658,0.0854,0.1029,0.2911,0.2806,64,43,0.559,-0.016
2024-06-20,746539,0.2839,0.3507,0.2445,0.1882,0.0946,0.0932,0.2772,0.2874,52,43,0.401,0.439
2024-06-20,746626,0.3128,0.3353,0.2575,0.1998,0.0559,0.1032,0.2950,0.2735,58,62,0.075,0.149
2024-06-20,746782,0.3107,0.2926,0.2744,0.2350,0.0983,0.0703,0.3033,0.2673,58,48,0.700,0.723
2024-06-21,745006,0.3109,0.3095,0.2100,0.2415,0.1172,0.1104,0.2813,0.3093,56,45,0.478,0.348
2024-06-21,745403,0.3592,0.3402,0.1864,0.2886,0.0883,0.0841,0.2761,0.3108,60,66,0.451,-0.323
2024-06-21,745483,0.3425,0.3010,0.2205,0.2442,0.0921,0.0835,0.2795,0.2905,55,7,0.003,0.319
2024-06-21,745562,0.3026,0.3267,0.1996,0.2409,0.0897,0.0680,0.2884,0.2965,47,37,0.111,0.251
2024-06-21,745649,0.3322,0.3233,0.2207,0.2431,0.0854,0.0934,0.2974,0.2740,64,32,0.284,0.355
2024-06-21,745729,0.3197,0.3292,0.2766,0.2675,0.0991,0.0793,0.3157,0.2933,57,61,0.177,-0.154
2024-06-21,746052,0.3053,0.3051,0.2610,0.2100,0.0935,0.0741,0.3145,0.2934,64,56,0.562,0.501
2024-06-21,746131,0.3244,0.3162,0.2771,0.2324,0.1016,0.0961,0.3062,0.2845,64,19,-0.028,0.024
2024-06-21,746375,0.3288,,0.1928,,0.0999,,0.2746,,56,,0.459,
2024-06-21,746460,0.2858,0.2920,0.2468,0.2825,0.0780,0.0594,0.2901,0.3243,63,51,0.203,0.247
2024-06-21,746540,0.2932,0.3436,0.2623,0.1842,0.0799,0.1172,0.3103,0.2812,10,56,0.093,0.126
2024-06-21,746624,0.3165,0.2810,0.2324,0.2397,0.1088,0.0963,0.2917,0.2892,19,50,0.081,0.450
2024-06-21,746698,0.3102,0.3103,0.2614,0.2410,0.0716,0.0682,0.2880,0.2908,60,66,-0.027,0.609
2024-06-21,746861,0.3497,0.2807,0.1755,0.3025,0.0999,0.0897,0.2507,0.3066,56,47,0.518,0.304
2024-06-22,744997,0.2684,0.3425,0.2340,0.2529,0.0730,0.0913,0.2714,0.3046,44,56,0.121,0.268
2024-06-22,745163,0.3240,0.3122,0.2270,0.1735,0.0741,0.1105,0.2738,0.2776,56,63,-0.769,0.107
2024-06-22,745402,0.3059,0.3459,0.2475,0.2013,0.0847,0.0716,0.2739,0.2773,6,46,0.144,0.590
2024-06-22,745486,0.3255,0.2947,0.2062,0.2701,0.0474,0.0741,0.2857,0.3136,58,56,0.263,1.067
2024-06-22,745564,0.3234,0.3017,0.2311,0.2571,0.0976,0.0728,0.2890,0.2967,28,58,0.224,0.994
2024-06-22,745644,0.3397,0.3243,0.2094,0.1995,0.0875,0.1196,0.2662,0.2825,61,62,0.337,0.262
2024-06-22,745731,0.3159,0.3411,0.2710,0.2195,0.1268,0.0966,0.2979,0.2854,63,60,0.548,0.245
2024-06-22,746048,0.2897,0.3326,0.2717,0.2396,0.0890,0.0874,0.2921,0.2915,59,4,0.987,
2024-06-22,746132,0.3021,0.2735,0.2434,0.2950,0.0888,0.0672,0.2880,0.3028,3,53,,-0.071
2024-06-22,746376,0.3079,0.3178,0.2710,0.2242,0.0861,0.1026,0.3021,0.3038,63,53,0.050,0.006
2024-06-22,746459,0.3475,0.3514,0.2191,0.1730,0.1085,0.0999,0.2867,0.2623,10,46,0.236,-0.062
2024-06-22,746541,0.3002,0.3137,0.2324,0.1913,0.0880,0.0868,0.2919,0.2659,49,62,0.166,0.215
2024-06-22,746622,0.3493,0.2983,0.2404,0.2386,0.0868,0.0842,0.3080,0.2785,62,42,0.091,-0.070
2024-06-22,746700,0.3009,0.3282,0.2508,0.1893,0.0752,0.1406,0.2958,0.2597,41,58,0.327,0.115
2024-06-22,746863,0.3147,0.3133,0.2704,0.2363,0.1066,0.0640,0.2853,0.2937,30,43,0.165,0.001
2024-06-23,745000,0.3172,,0.2637,,0.0778,,0.3010,,51,,0.256,
2024-06-23,745165,0.3356,0.3130,0.2482,0.2613,0.0685,0.0949,0.2830,0.3001,66,52,0.539,0.558
2024-06-23,745396,0.3411,0.2952,0.2320,0.2782,0.1108,0.0830,0.2815,0.3297,36,56,0.051,0.563
2024-06-23,745485,0.3106,0.3010,0.2772,0.3127,0.0803,0.0790,0.3140,0.3314,60,24,0.562,0.452
2024-06-23,745566,0.2862,0.3445,0.2638,0.1936,0.0721,0.0577,0.2906,0.2897,32,55,0.524,-0.085
2024-06-23,745648,0.3118,0.2936,0.2441,0.2469,0.0696,0.0761,0.2935,0.3067,64,14,0.378,0.164
2024-06-23,745727,0.3606,0.2854,0.2021,0.2402,0.1091,0.0765,0.2926,0.2781,65,66,0.306,0.467
2024-06-23,746051,0.2926,,0.2667,,0.1044,,0.2981,,61,,0.301,
2024-06-23,746373,0.2963,0.3022,0.2447,0.2062,0.0949,0.0892,0.2914,0.2833,31,48,0.459,0.159
2024-06-23,746457,0.2997,0.3049,0.2284,0.2703,0.0829,0.1039,0.2858,0.3090,20,52,-0.185,0.336
2024-06-23,746536,0.3147,0.3486,0.2365,0.2034,0.0831,0.0954,0.2974,0.2719,68,20,0.924,0.293
2024-06-23,746621,0.3391,0.3425,0.2559,0.2667,0.1049,0.1127,0.3006,0.2807,70,61,0.274,0.012
2024-06-23,746699,0.3092,0.3143,0.2424,0.2988,0.0894,0.0892,0.2984,0.3318,3,48,,0.486
2024-06-23,746862,0.2906,0.2947,0.2523,0.2522,0.0830,0.0886,0.2878,0.2764,56,60,-0.309,0.294
2024-06-24,745078,0.2888,0.3130,0.2478,0.3044,0.0885,0.0711,0.2876,0.2949,26,33,0.118,0.708
2024-06-24,745160,0.3066,0.3004,0.2340,0.2702,0.1028,0.0835,0.2900,0.2798,14,67,0.273,0.358
2024-06-24,745323,0.2690,0.2991,0.3053,0.2507,0.0793,0.1131,0.3146,0.2975,36,25,0.391,0.083
2024-06-24,745397,0.3387,0.3160,0.1799,0.2970,0.0775,0.0900,0.2681,0.3078,64,69,0.113,0.601
2024-06-24,745974,0.3368,0.2934,0.2392,0.2918,0.1146,0.1042,0.2872,0.3004,50,61,0.327,-0.087
2024-06-24,746218,0.3135,0.3906,0.2220,0.1875,0.1232,0.0860,0.2709,0.2772,18,75,0.341,0.329
2024-06-24,746298,0.3875,0.3051,0.2257,0.2848,0.1290,0.0856,0.2926,0.3151,30,64,0.395,0.690
2024-06-24,746458,0.2962,0.3566,0.2355,0.1793,0.0742,0.0970,0.2859,0.2673,56,70,0.477,-0.119
2024-06-24,746696,0.3539,0.3236,0.2276,0.2285,0.0884,0.0987,0.2815,0.2827,60,7,-0.182,0.201
2024-06-24,746780,0.3102,0.2430,0.2063,0.3505,0.1204,0.0662,0.2620,0.3107,53,55,-0.273,0.282
2024-06-24,746941,0.3014,0.2927,0.2464,0.2547,0.1025,0.0724,0.3054,0.3055,63,59,0.144,-0.149
2024-06-24,747021,0.2866,0.3020,0.2933,0.2404,0.0821,0.1057,0.2982,0.2820,57,12,0.852,0.216
2024-06-25,745076,0.3127,0.3338,0.2487,0.2604,0.0541,0.0907,0.2904,0.2900,62,68,0.044,0.570
2024-06-25,745157,0.2863,0.3510,0.3022,0.2124,0.0711,0.1097,0.3102,0.3018,47,64,-0.184,0.311
2024-06-25,745322,0.3018,,0.2754,,0.0935,,0.3085,,32,,0.250,
2024-06-25,745399,0.2696,0.3518,0.3334,0.2017,0.0876,0.1309,0.3021,0.2810,61,21,0.140,0.291
2024-06-25,745806,0.3262,0.3215,0.2205,0.2238,0.0862,0.0905,0.2868,0.2867,5,13,,0.224
2024-06-25,745973,0.3218,,0.2323,,0.1115,,0.2912,,62,,0.246,
2024-06-25,746213,0.3369,0.3418,0.2402,0.2090,0.0925,0.1159,0.2925,0.3051,33,66,0.002,-0.141
2024-06-25,746293,0.3038,0.3094,0.2593,0.1979,0.0890,0.0781,0.2968,0.2923,3,63,,0.362
2024-06-25,746372,0.3628,0.3386,0.1934,0.2562,0.1038,0.1015,0.2605,0.3060,71,74,0.203,0.611
2024-06-25,746454,0.3004,0.2806,0.2792,0.2424,0.1025,0.0794,0.3066,0.2914,63,61,0.127,-0.010
2024-06-25,746697,0.3042,0.2749,0.2361,0.2861,0.1134,0.1050,0.2974,0.3031,60,60,0.292,-0.392
2024-06-25,746775,0.3160,0.2999,0.2939,0.2331,0.0869,0.0673,0.3021,0.2702,16,53,0.005,0.702
2024-06-25,746943,0.3517,0.3196,0.2204,0.2297,0.1097,0.1059,0.2763,0.2892,64,59,-0.174,0.115
2024-06-25,747022,0.3456,0.2940,0.1916,0.2324,0.0992,0.0698,0.2706,0.2899,67,49,0.167,0.138
2024-06-25,747188,0.2917,0.3217,0.2755,0.2528,0.0628,0.0884,0.2931,0.2962,61,60,0.674,0.407
2024-06-26,745073,0.3093,0.3466,0.2503,0.2209,0.0902,0.0894,0.3103,0.2823,69,59,0.541,-0.034
2024-06-26,745158,0.3524,0.3938,0.2058,0.2345,0.0909,0.0979,0.2660,0.2710,24,18,0.061,-0.147
2024-06-26,745325,0.3134,,0.1905,,0.1151,,0.2741,,15,,0.053,
2024-06-26,745400,0.2977,0.3352,0.2705,0.2968,0.0885,0.0824,0.3166,0.3123,15,69,0.079,-0.302
2024-06-26,745808,0.3003,0.3079,0.2503,0.2460,0.1292,0.0925,0.2837,0.2761,61,55,0.150,0.531
2024-06-26,745975,0.3034,,0.2434,,0.1077,,0.3099,,48,,0.355,
2024-06-26,746212,0.3198,,0.2426,,0.0900,,0.2777,,36,,0.380,
2024-06-26,746291,,0.3120,,0.2107,,0.1220,,0.2809,,60,,0.480
2024-06-26,746374,0.3824,0.3098,0.1701,0.2728,0.0965,0.1036,0.2678,0.3019,71,62,0.002,0.740
2024-06-26,746456,0.2970,,0.2596,,0.0931,,0.2773,,22,,-0.119,
2024-06-26,746695,,0.3050,,0.2347,,0.0682,,0.2722,,52,,0.551
2024-06-26,746777,0.2794,0.2917,0.2460,0.2444,0.0925,0.0831,0.2801,0.2860,55,68,0.398,0.166
2024-06-26,746942,,0.3053,,0.2574,,0.0720,,0.2953,,46,,0.317
2024-06-26,747019,0.2883,0.3303,0.2326,0.1842,0.0941,0.1044,0.2880,0.2734,53,61,0.416,0.447
2024-06-26,747184,0.2794,0.2858,0.2763,0.2358,0.1003,0.0741,0.2850,0.2918,46,43,0.024,0.643
2024-06-27,744919,0.3458,0.3552,0.2618,0.2322,0.0761,0.0925,0.2928,0.3081,67,66,-0.163,0.124
2024-06-27,745162,0.3074,0.3209,0.2481,0.1712,0.0743,0.1051,0.2963,0.2777,70,70,0.610,0.102
2024-06-27,745324,0.3052,0.3389,0.2943,0.2152,0.0943,0.0792,0.3025,0.2725,53,62,0.254,-0.822
2024-06-27,745565,0.3037,0.2988,0.2170,0.2583,0.0716,0.0716,0.3024,0.2967,61,61,0.625,0.972
2024-06-27,746210,0.2899,,0.2781,,0.0660,,0.3219,,56,,0.245,
2024-06-27,746288,0.2971,0.2628,0.2405,0.2360,0.0825,0.0716,0.2809,0.2700,45,47,-0.082,0.070
2024-06-27,747020,0.3418,0.3038,0.2458,0.2639,0.0896,0.0846,0.3051,0.2990,59,66,0.244,0.037
2024-06-27,747185,,0.3016,,0.1932,,0.0878,,0.2873,,50,,0.111
2024-06-28,744922,0.3426,0.3416,0.2195,0.2590,0.0941,0.1005,0.2846,0.3004,64,76,0.245,0.251
2024-06-28,745070,0.3039,0.3343,0.2280,0.2149,0.0841,0.0465,0.2917,0.2893,55,62,0.156,0.207
2024-06-28,745161,0.3286,0.3061,0.1837,0.2028,0.1378,0.1209,0.2609,0.2728,61,20,0.131,-0.034
2024-06-28,745238,0.3473,0.2908,0.2018,0.2723,0.0853,0.0874,0.2642,0.2963,65,62,0.349,0.959
2024-06-28,745319,0.3132,0.3359,0.2437,0.2423,0.0924,0.0652,0.2795,0.2844,23,73,0.103,0.544
2024-06-28,745560,0.3064,0.3470,0.2416,0.1952,0.0900,0.0560,0.2876,0.2870,3,59,,-0.073
2024-06-28,745804,0.3219,0.3553,0.2156,0.1754,0.1168,0.1047,0.3041,0.2537,57,61,-0.004,0.511
2024-06-28,745970,0.3047,0.3572,0.2451,0.1807,0.0623,0.0867,0.3009,0.2776,47,63,-0.037,0.407
2024-06-28,746214,0.3490,0.2975,0.1672,0.2458,0.0979,0.0859,0.2576,0.2921,49,6,-0.070,0.094
2024-06-28,746292,0.3533,0.3149,0.2695,0.2715,0.1234,0.0754,0.2807,0.2994,67,55,0.062,0.270
2024-06-28,746776,0.3458,0.3510,0.1769,0.2030,0.1222,0.1156,0.2790,0.2791,60,15,0.133,0.214
2024-06-28,746939,0.3496,0.3056,0.2020,0.2568,0.0879,0.0723,0.2764,0.2950,50,46,0.594,0.293
2024-06-28,747017,0.3051,0.3226,0.2416,0.2222,0.0900,0.0867,0.2943,0.2817,3,40,,0.513
2024-06-28,747105,0.3290,0.3281,0.2191,0.2596,0.0912,0.1380,0.2833,0.2881,46,68,0.059,0.583
2024-06-28,747183,0.3328,0.2848,0.1955,0.2655,0.1292,0.0702,0.2795,0.2936,69,35,0.297,0.465
2024-06-29,744921,0.2790,0.3069,0.2576,0.2399,0.0751,0.1007,0.2859,0.3067,69,66,0.463,0.123
2024-06-29,745071,0.3123,0.3036,0.2348,0.2841,0.0879,0.0781,0.2916,0.3208,73,64,0.864,0.526
2024-06-29,745159,0.3109,0.3053,0.2319,0.2716,0.0956,0.0930,0.2809,0.2994,10,55,0.174,0.552
2024-06-29,745239,0.3057,0.3162,0.2538,0.2596,0.0684,0.1069,0.2971,0.2903,67,68,0.349,0.282
2024-06-29,745317,0.2686,0.2989,0.3037,0.2413,0.0663,0.1215,0.3046,0.2893,56,28,-0.061,0.135
2024-06-29,745559,0.3845,0.2897,0.2175,0.2456,0.1364,0.0730,0.2889,0.2879,33,59,0.371,0.513
2024-06-29,745801,0.3013,0.3317,0.2144,0.2448,0.0946,0.1181,0.2918,0.2701,53,39,0.217,-0.071
2024-06-29,745972,0.2736,0.3434,0.3023,0.2246,0.0769,0.1080,0.3131,0.2770,40,39,0.327,-0.084
2024-06-29,746211,0.2993,0.3868,0.2803,0.1815,0.1016,0.0841,0.3149,0.2727,55,79,0.348,0.322
2024-06-29,746289,0.2824,0.2980,0.2946,0.2932,0.0788,0.0842,0.2995,0.3200,63,67,0.843,0.688
2024-06-29,746778,0.3192,0.3193,0.1923,0.2185,0.0928,0.0760,0.2677,0.2809,66,28,0.231,-0.151
2024-06-29,746940,0.2880,0.2882,0.2961,0.2560,0.0814,0.0712,0.3340,0.3090,59,62,0.574,-0.133
2024-06-29,747018,0.3363,0.3074,0.2410,0.2466,0.1211,0.1114,0.2882,0.2888,53,18,0.318,0.269
2024-06-29,747104,0.3020,0.3589,0.3172,0.2033,0.0752,0.1061,0.3323,0.2923,29,69,0.425,0.278
2024-06-29,747186,0.3091,0.2993,0.2308,0.2498,0.0973,0.0860,0.3048,0.3050,19,41,0.169,0.545
2024-06-30,744916,0.3492,0.3457,0.2004,0.2223,0.1220,0.1076,0.2820,0.2792,11,67,0.417,-0.164
2024-06-30,745072,0.3351,0.3067,0.1829,0.3149,0.0761,0.0694,0.2678,0.2991,67,36,0.109,0.695
2024-06-30,745154,0.2861,0.3008,0.2695,0.2710,0.1154,0.0820,0.3013,0.2821,67,70,-0.377,0.368
2024-06-30,745243,0.2950,0.3183,0.2796,0.2558,0.0608,0.0529,0.2935,0.2989,66,66,0.694,0.019
2024-06-30,745320,0.3093,,0.2138,,0.1243,,0.2703,,58,,-0.276,
2024-06-30,745555,0.3126,0.3005,0.2681,0.2695,0.0980,0.0997,0.2976,0.3069,8,67,0.015,0.096
2024-06-30,745802,,0.2885,,0.2602,,0.0805,,0.2896,,60,,-0.342
2024-06-30,745971,0.3011,0.2944,0.2656,0.2818,0.0912,0.1093,0.3037,0.2953,35,65,0.245,-0.148
2024-06-30,746209,0.3657,0.3405,0.1828,0.2094,0.0918,0.1205,0.2726,0.3031,78,70,-0.140,-0.146
2024-06-30,746290,0.3432,0.3034,0.1972,0.2002,0.0952,0.0767,0.2753,0.2938,73,66,0.214,0.345
2024-06-30,746779,0.3436,0.2382,0.2076,0.3436,0.0923,0.0638,0.2732,0.3113,23,60,0.181,0.242
2024-06-30,746938,0.3153,0.3561,0.2949,0.1949,0.0952,0.1050,0.3039,0.2726,73,13,0.599,0.296
2024-06-30,747016,0.3235,0.3006,0.2223,0.2213,0.1154,0.0672,0.2936,0.2854,67,54,0.232,0.140
2024-06-30,747101,0.3454,0.3017,0.2295,0.2465,0.0867,0.0982,0.2782,0.2935,63,18,-0.163,0.300
2024-06-30,747182,0.3291,0.3191,0.2144,0.2458,0.1254,0.0867,0.2690,0.2939,25,63,0.455,0.389
2024-07-01,744840,0.3250,0.2773,0.2431,0.3166,0.1096,0.0997,0.2824,0.2981,19,67,0.444,0.139
2024-07-01,744914,0.3341,0.3076,0.2570,0.2117,0.0997,0.1123,0.3032,0.2853,77,26,0.611,0.103
2024-07-01,746535,,0.3701,,0.1801,,0.0976,,0.2573,,80,,0.217
2024-07-02,744838,0.3161,0.2967,0.2350,0.2557,0.1138,0.0842,0.2759,0.3120,60,19,0.559,0.071
2024-07-02,744913,0.3025,0.3499,0.2816,0.2229,0.1012,0.0966,0.3039,0.3050,65,71,0.703,0.136
2024-07-02,744999,0.3306,0.3131,0.2947,0.2339,0.0876,0.1040,0.3160,0.3105,73,52,-0.341,0.355
2024-07-02,745240,0.3263,0.3178,0.1790,0.2496,0.1020,0.0876,0.2740,0.3097,64,73,0.436,0.536
2024-07-02,745482,0.3490,0.3053,0.2141,0.2274,0.1075,0.1182,0.3012,0.2962,67,64,0.327,0.250
2024-07-02,745647,0.3029,0.3304,0.2587,0.2416,0.0885,0.0901,0.3162,0.2939,49,36,0.324,-0.043
2024-07-02,745730,0.3032,0.3081,0.2278,0.2378,0.0665,0.1390,0.2728,0.2813,55,67,0.591,0.131
2024-07-02,745886,0.2806,0.2853,0.2355,0.2654,0.0859,0.1059,0.2925,0.2808,64,50,-0.033,-0.008
2024-07-02,746047,0.3165,0.3138,0.2593,0.2218,0.0754,0.1039,0.2911,0.2810,68,4,0.011,
2024-07-02,746133,0.3125,0.3269,0.2253,0.2795,0.0897,0.0922,0.2845,0.2968,3,23,,-0.033
2024-07-02,746282,0.3320,0.3131,0.2591,0.2096,0.0883,0.1252,0.2897,0.2737,72,65,0.575,0.484
2024-07-02,746537,0.3053,0.3749,0.2571,0.1731,0.0897,0.0944,0.2998,0.2689,3,74,0.030,-0.004
2024-07-02,746623,0.2986,0.2927,0.2239,0.2285,0.0654,0.1063,0.2701,0.2796,57,59,0.697,0.345
2024-07-02,746860,,0.3063,,0.2076,,0.1109,,0.2804,,18,,0.237
2024-07-02,747102,0.3099,0.2870,0.2412,0.2927,0.0897,0.0696,0.2915,0.3051,3,50,,-0.246
2024-07-03,744837,0.3160,0.3077,0.2336,0.2288,0.0724,0.0811,0.2793,0.2892,18,59,0.392,0.151
2024-07-03,744915,0.3239,0.3343,0.2132,0.2678,0.1272,0.0982,0.2996,0.3017,63,79,0.005,0.224
2024-07-03,744998,0.3463,0.3577,0.1931,0.2338,0.1268,0.0932,0.2767,0.3029,24,65,0.273,0.276
2024-07-03,745234,0.2958,0.2895,0.2198,0.2637,0.0831,0.0845,0.2941,0.2893,32,66,-0.094,0.974
2024-07-03,745487,0.3239,0.3013,0.1634,0.2559,0.1077,0.0955,0.2716,0.3043,76,62,0.162,1.062
2024-07-03,745643,0.3040,0.3244,0.2379,0.2375,0.0882,0.0946,0.2939,0.2691,4,42,,0.379
2024-07-03,745728,0.3104,0.3545,0.2443,0.2571,0.0930,0.0777,0.2950,0.2934,76,77,0.618,-0.060
2024-07-03,745888,0.3084,0.3090,0.2258,0.2258,0.0896,0.0896,0.2892,0.2815,3,3,,
2024-07-03,746045,0.3185,0.3120,0.2313,0.2081,0.1119,0.0766,0.2926,0.2932,62,66,0.103,0.599
2024-07-03,746128,,0.2779,,0.2561,,0.0902,,0.2809,,58,,0.375
2024-07-03,746283,0.3391,0.2616,0.2313,0.2453,0.0873,0.0689,0.2872,0.2677,62,51,-0.040,0.122
2024-07-03,746534,0.3599,0.3482,0.1829,0.1792,0.0996,0.1343,0.2801,0.2771,67,64,0.440,0.132
2024-07-03,746617,0.3044,,0.2441,,0.0807,,0.2846,,72,,0.117,
2024-07-03,746858,0.2965,0.3105,0.2679,0.2864,0.0697,0.0918,0.2994,0.3012,64,56,0.968,0.233
2024-07-03,747100,0.3323,0.3158,0.2178,0.2898,0.0772,0.1012,0.2718,0.3215,65,65,-0.788,0.208
2024-07-04,744834,0.3668,0.3219,0.1814,0.2278,0.1145,0.0851,0.2531,0.2901,68,77,0.517,0.858
2024-07-04,744912,0.2977,0.3064,0.2137,0.2459,0.0988,0.0966,0.2942,0.3079,58,71,0.236,0.125
2024-07-04,744996,0.2807,0.2992,0.3050,0.2271,0.0792,0.0994,0.3365,0.2823,62,7,0.579,0.132
2024-07-04,745236,0.3100,0.3114,0.2612,0.2612,0.0814,0.1043,0.2985,0.2849,71,71,0.049,0.338
2024-07-04,745484,0.3015,0.3282,0.2049,0.2292,0.1150,0.0969,0.2675,0.2807,24,50,0.024,0.122
2024-07-04,745641,0.3200,0.3362,0.2377,0.1927,0.0884,0.1298,0.2863,0.2788,4,76,,0.351
2024-07-04,745726,0.3257,0.3372,0.1953,0.2170,0.1424,0.0974,0.2661,0.2824,64,70,0.153,0.231
2024-07-04,745890,0.3478,0.3436,0.1598,0.2126,0.0935,0.0833,0.2508,0.2689,54,68,-0.073,0.345
2024-07-04,746043,0.2991,0.2990,0.2588,0.2305,0.0703,0.0857,0.2907,0.2829,49,6,0.324,0.051
2024-07-04,746126,0.2977,0.3133,0.2496,0.2467,0.0825,0.0891,0.3071,0.2792,45,26,0.529,0.073
2024-07-04,746285,0.3301,0.3283,0.2160,0.2707,0.0528,0.0728,0.2966,0.3001,66,59,0.175,0.283
2024-07-04,746532,0.3504,0.3125,0.2211,0.2032,0.1110,0.0904,0.2756,0.2721,45,69,-0.092,0.232
2024-07-04,746619,,0.2977,,0.2427,,0.0802,,0.2798,,48,,-0.074
2024-07-04,746857,0.3374,0.2974,0.2050,0.2474,0.0541,0.0605,0.2930,0.2994,63,50,-0.085,0.014
2024-07-04,747103,0.3294,0.3281,0.2516,0.2592,0.0637,0.1414,0.2888,0.2890,76,72,0.558,0.611
2024-07-05,744836,0.3031,0.3325,0.2682,0.1861,0.0888,0.0743,0.2999,0.2693,60,70,0.506,0.171
2024-07-05,744992,,0.3392,,0.2344,,0.1177,,0.2857,,56,,0.310
2024-07-05,745237,0.3549,0.3202,0.2211,0.2457,0.1034,0.0508,0.2772,0.2966,72,71,-0.169,0.009
2024-07-05,745398,0.2852,0.3547,0.2672,0.1946,0.0679,0.0847,0.2968,0.2732,38,54,0.431,0.584
2024-07-05,745479,0.2938,0.3063,0.2536,0.3139,0.0785,0.0715,0.2863,0.3265,63,33,-0.329,0.403
2024-07-05,745639,0.3170,0.3040,0.2134,0.2165,0.0832,0.0911,0.2723,0.2909,44,24,0.457,0.225
2024-07-05,745725,0.2827,0.2897,0.2575,0.2607,0.0692,0.0715,0.3085,0.2849,65,75,-0.136,0.443
2024-07-05,745884,0.3136,0.3017,0.2373,0.2610,0.1040,0.0661,0.2937,0.3020,4,71,0.394,0.342
2024-07-05,746046,0.3453,,0.1923,,0.1095,,0.2741,,19,,0.284,
2024-07-05,746127,0.3147,0.2658,0.2784,0.2932,0.0896,0.0638,0.3128,0.3034,70,60,0.474,-0.074
2024-07-05,746533,0.3005,0.3330,0.2947,0.1999,0.0876,0.0890,0.3167,0.2716,73,26,0.651,0.207
2024-07-05,746620,0.2911,0.2819,0.2438,0.2928,0.1171,0.0760,0.2841,0.2944,31,67,0.186,0.831
2024-07-05,746693,0.3006,0.3040,0.2789,0.2355,0.0979,0.0911,0.3135,0.2867,59,13,0.333,0.271
2024-07-05,746859,0.3827,0.2708,0.1737,0.2931,0.0804,0.0743,0.2683,0.3105,85,43,0.329,0.254
2024-07-05,747097,0.2836,0.3584,0.2475,0.2029,0.0709,0.1094,0.2882,0.2865,62,74,0.534,0.286
2024-07-06,744835,0.3142,0.2846,0.2702,0.3146,0.0869,0.1041,0.2841,0.2952,74,71,0.381,0.117
2024-07-06,744995,0.3071,0.3202,0.3221,0.2306,0.0764,0.1118,0.2984,0.2961,40,71,0.626,0.238
2024-07-06,745235,0.2990,0.3110,0.2158,0.2495,0.1084,0.1037,0.2865,0.2937,29,33,0.059,0.453
2024-07-06,745395,0.3165,0.3166,0.2477,0.2841,0.0845,0.0989,0.2974,0.3021,66,78,0.385,0.603
2024-07-06,745476,0.3296,0.3489,0.2314,0.2282,0.1041,0.0910,0.2825,0.2735,23,68,0.299,-0.167
2024-07-06,745642,0.3163,0.3307,0.2435,0.2069,0.1041,0.1209,0.2806,0.2715,23,28,0.423,0.419
2024-07-06,745724,0.3456,0.3454,0.2001,0.1894,0.1006,0.1152,0.2699,0.2786,16,15,0.345,0.264
2024-07-06,745885,0.3304,0.2918,0.2515,0.2917,0.0975,0.0583,0.3019,0.3009,80,71,0.636,0.702
2024-07-06,746044,0.2322,0.3215,0.3513,0.2527,0.0621,0.1006,0.3172,0.3101,63,16,0.250,0.022
2024-07-06,746129,0.2923,0.3111,0.2840,0.2114,0.1118,0.1262,0.2957,0.2631,71,64,-0.131,-0.248
2024-07-06,746529,0.3036,0.3650,0.2093,0.1820,0.0819,0.0947,0.2926,0.2557,70,84,0.309,0.202
2024-07-06,746615,0.3119,0.3464,0.2166,0.1899,0.0962,0.0916,0.2800,0.2702,61,78,0.101,0.170
2024-07-06,746694,,0.2840,,0.2611,,0.1194,,0.3008,,71,,-0.429
2024-07-06,746856,0.3366,0.2932,0.2030,0.2572,0.1167,0.0882,0.3032,0.3063,74,38,-0.085,0.225
2024-07-06,747099,0.3055,0.2996,0.2592,0.2555,0.0958,0.1041,0.3003,0.2933,72,23,0.085,0.378
2024-07-07,744832,0.3440,0.2940,0.2231,0.2677,0.1118,0.0801,0.3018,0.3111,71,23,0.282,0.055
2024-07-07,744993,0.3355,0.3160,0.2516,0.2280,0.0856,0.1013,0.2888,0.3074,76,55,0.551,0.325
2024-07-07,745233,0.3492,0.3147,0.2181,0.2516,0.0944,0.0856,0.3028,0.3101,74,76,0.151,0.543
2024-07-07,745391,0.2865,0.3304,0.2406,0.3059,0.0701,0.0844,0.2948,0.3169,49,78,0.762,-0.294
2024-07-07,745477,0.3140,0.3104,0.2356,0.2416,0.1181,0.0896,0.2748,0.2869,64,3,0.564,-0.174
2024-07-07,745637,0.3263,0.3204,0.1828,0.2547,0.0996,0.0873,0.2768,0.2928,67,39,0.415,0.006
2024-07-07,745723,0.3110,0.3044,0.2612,0.2460,0.0736,0.1423,0.2958,0.2828,71,71,0.001,0.123
2024-07-07,745883,0.3005,0.2861,0.2709,0.2586,0.1050,0.1031,0.2977,0.2758,70,53,0.751,-0.011
2024-07-07,746039,0.3188,0.3427,0.2112,0.2743,0.0730,0.1314,0.2745,0.3018,31,21,-0.073,0.315
2024-07-07,746122,0.2963,,0.2570,,0.0843,,0.2952,,7,,0.068,
2024-07-07,746530,0.3165,,0.2110,,0.1290,,0.2760,,69,,0.484,
2024-07-07,746616,0.2960,0.2981,0.2609,0.2213,0.0855,0.1028,0.2956,0.2816,6,63,0.245,0.361
2024-07-07,746691,0.2805,0.3045,0.2380,0.2203,0.0838,0.0642,0.2938,0.2728,67,59,-0.030,0.585
2024-07-07,746855,0.2992,0.3018,0.2520,0.2100,0.0861,0.1176,0.3134,0.2826,52,22,0.363,0.442
2024-07-07,747098,0.3209,0.2830,0.2342,0.3089,0.1022,0.0758,0.2840,0.3055,5,54,0.231,-0.240
2024-07-08,744833,0.3289,0.3005,0.1659,0.2395,0.1046,0.0791,0.2749,0.2938,80,62,0.136,0.174
2024-07-08,745480,0.3197,0.3042,0.2344,0.2283,0.0811,0.1222,0.2793,0.2989,22,68,0.366,0.274
2024-07-08,746208,0.3548,0.3058,0.2343,0.2238,0.0980,0.0830,0.3001,0.2863,69,8,0.280,-0.021
2024-07-08,746455,0.3193,0.3095,0.2155,0.2272,0.1007,0.0843,0.2893,0.2983,6,7,0.552,0.090
2024-07-08,746692,0.3750,0.3076,0.1768,0.2373,0.0923,0.0903,0.2714,0.2948,77,80,0.019,0.603
2024-07-08,746771,0.3340,0.2991,0.2171,0.2268,0.0819,0.0637,0.3012,0.2676,70,60,0.326,0.742
2024-07-08,747181,0.3418,,0.2094,,0.0879,,0.2699,,27,,0.100,
2024-07-09,745074,0.3472,0.3364,0.2658,0.2257,0.0760,0.0851,0.2964,0.2846,80,65,-0.068,0.014
2024-07-09,745155,0.3324,0.3057,0.2577,0.1957,0.0851,0.1095,0.2933,0.2652,65,28,0.254,0.003
2024-07-09,745316,0.3282,0.3317,0.2762,0.2439,0.0960,0.0648,0.3042,0.2991,82,27,0.215,0.071
2024-07-09,745393,0.2881,0.3348,0.2555,0.1979,0.0895,0.1223,0.2858,0.2790,70,27,1.008,0.287
2024-07-09,745557,0.3223,0.2924,0.2784,0.2595,0.0993,0.0675,0.2948,0.2990,27,68,0.131,0.898
2024-07-09,745803,0.3221,0.3679,0.2301,0.1759,0.0831,0.1185,0.2925,0.2526,80,72,0.847,0.512
2024-07-09,745968,0.3156,0.3571,0.2271,0.1772,0.0841,0.0965,0.2842,0.2804,7,71,-0.191,0.431
2024-07-09,746206,0.2896,0.3234,0.2317,0.2385,0.0948,0.0829,0.2864,0.2859,10,8,0.211,0.098
2024-07-09,746368,0.3081,0.3294,0.2171,0.2126,0.0818,0.1300,0.2982,0.2927,70,68,0.506,-0.046
2024-07-09,746451,0.2935,0.3406,0.2519,0.1643,0.0860,0.0909,0.2823,0.2530,52,57,-0.089,-0.036
2024-07-09,746690,0.3161,0.3187,0.2046,0.2851,0.0875,0.0941,0.2748,0.3291,73,53,0.221,0.470
2024-07-09,746773,0.2985,0.3411,0.2628,0.1856,0.0645,0.1053,0.3051,0.2694,74,22,0.346,0.291
2024-07-09,746937,0.3224,0.3225,0.2402,0.2283,0.0918,0.1065,0.2767,0.2953,45,68,0.403,0.129
2024-07-09,747014,0.2982,0.3008,0.2541,0.2210,0.0577,0.0900,0.3014,0.2992,55,36,0.009,-0.076
2024-07-09,747180,0.3099,0.3012,0.2830,0.2474,0.0987,0.0876,0.3217,0.3048,68,50,0.163,0.738
2024-07-10,745069,0.3353,0.3254,0.2107,0.2111,0.1018,0.0514,0.2826,0.2988,74,69,0.212,0.138
2024-07-10,745156,0.2675,,0.2542,,0.0664,,0.2679,,55,,0.141,
2024-07-10,745318,0.3118,0.3340,0.2319,0.2481,0.1053,0.0608,0.3038,0.2896,79,82,0.087,0.519
2024-07-10,745394,0.3122,0.2790,0.2610,0.3113,0.1010,0.0765,0.2867,0.3366,75,66,0.357,0.540
2024-07-10,745556,0.2820,0.3372,0.2438,0.2002,0.1019,0.0527,0.2757,0.2925,64,66,0.421,-0.125
2024-07-10,745796,0.3307,0.2903,0.1869,0.2459,0.0788,0.0759,0.2652,0.2825,75,67,0.142,-0.340
2024-07-10,745969,0.3318,0.3505,0.2233,0.2112,0.1030,0.1058,0.2759,0.2733,53,50,0.101,-0.208
2024-07-10,746205,0.3364,0.3874,0.2352,0.1726,0.1220,0.0831,0.2784,0.2667,60,92,0.347,0.306
2024-07-10,746366,0.3166,0.3082,0.2651,0.2098,0.1021,0.0931,0.2998,0.2934,5,65,-0.282,0.150
2024-07-10,746453,0.2941,0.2956,0.2906,0.2888,0.0862,0.0954,0.2957,0.3185,75,62,0.869,0.322
2024-07-10,746689,0.3380,0.3317,0.2003,0.2065,0.0839,0.1389,0.2709,0.2664,31,67,0.182,0.176
2024-07-10,746772,0.3469,0.3082,0.2139,0.2425,0.0806,0.0849,0.2744,0.2810,72,77,0.349,0.138
2024-07-10,746934,0.3301,0.2917,0.1959,0.2699,0.1269,0.0682,0.2797,0.2949,79,52,0.345,0.324
2024-07-10,747015,0.3065,0.3123,0.2936,0.2610,0.0970,0.0788,0.3054,0.3001,60,75,0.242,0.036
2024-07-10,747179,0.3269,0.2810,0.2535,0.2597,0.1455,0.0657,0.2880,0.2938,75,41,0.601,0.289
2024-07-11,745065,0.2880,0.3040,0.2695,0.2412,0.0698,0.0894,0.2885,0.2932,78,3,0.421,
2024-07-11,745313,0.3565,0.3297,0.2277,0.2263,0.0995,0.0747,0.2832,0.2755,77,69,-0.185,-0.801
2024-07-11,745558,,0.2771,,0.2576,,0.0691,,0.2920,,65,,0.535
2024-07-11,745799,0.2792,0.3249,0.3224,0.2348,0.1017,0.1004,0.3023,0.2856,74,26,0.158,0.252
2024-07-11,745967,0.2999,0.3121,0.3145,0.2755,0.0691,0.0862,0.3261,0.3127,36,75,0.413,0.468
2024-07-11,746204,0.3130,,0.2627,,0.0495,,0.3011,,74,,0.016,
2024-07-11,746452,0.3353,0.2854,0.2202,0.2706,0.1106,0.0641,0.2926,0.3219,9,59,-0.070,0.244
2024-07-11,746688,0.3600,0.2797,0.1838,0.2701,0.0921,0.1167,0.2549,0.3055,88,74,0.156,-0.470
2024-07-11,746935,0.3384,0.2770,0.1978,0.2593,0.1264,0.0674,0.2678,0.3108,32,68,0.267,-0.138
2024-07-11,747011,0.2773,0.3280,0.2916,0.2128,0.0807,0.0884,0.3082,0.2711,47,49,0.246,0.320
2024-07-11,747178,0.3557,0.3268,0.2116,0.2515,0.1060,0.0806,0.2921,0.3050,78,72,0.274,0.425
2024-07-12,745064,0.2979,0.3138,0.2238,0.3126,0.1003,0.0742,0.2850,0.2944,66,43,0.374,0.647
2024-07-12,745153,0.3078,0.3152,0.2519,0.2614,0.1023,0.0917,0.3063,0.2917,44,67,0.159,0.444
2024-07-12,745312,0.2877,0.3328,0.3000,0.2031,0.0570,0.1058,0.3044,0.2733,74,69,0.708,0.160
2024-07-12,745390,0.3040,0.3111,0.2581,0.2851,0.1005,0.0968,0.2935,0.3036,26,81,0.454,0.643
2024-07-12,745552,0.2953,0.3156,0.2181,0.2623,0.0869,0.0916,0.2917,0.3012,28,78,0.133,0.100
2024-07-12,745800,0.3066,0.3177,0.2571,0.2281,0.0896,0.1300,0.2967,0.2764,3,68,,0.565
2024-07-12,745965,,0.3019,,0.2768,,0.1134,,0.2946,,78,,-0.182
2024-07-12,746207,0.2876,0.3311,0.2466,0.2188,0.0849,0.1134,0.2855,0.3120,30,78,0.146,-0.096
2024-07-12,746371,0.3230,0.3339,0.2237,0.2462,0.1159,0.0996,0.2945,0.3011,75,87,0.262,0.639
2024-07-12,746450,0.3127,0.2769,0.2108,0.2400,0.1290,0.0819,0.2608,0.2944,69,70,-0.247,-0.064
2024-07-12,746685,0.3239,0.3021,0.2399,0.2233,0.0955,0.0863,0.3104,0.2773,20,17,0.028,0.226
2024-07-12,746774,0.3231,0.2365,0.2355,0.3453,0.0773,0.0597,0.2982,0.3171,13,68,0.236,0.269
2024-07-12,746936,0.2975,0.3089,0.2882,0.2197,0.0856,0.0757,0.3164,0.2968,76,41,0.679,0.076
2024-07-12,747012,0.3350,0.3284,0.1948,0.2381,0.1108,0.1196,0.2746,0.2816,18,29,0.270,0.299
2024-07-12,747175,0.2924,0.2921,0.2304,0.2407,0.1048,0.0676,0.2904,0.2900,32,53,0.122,0.698
2024-07-13,745067,0.3230,0.3316,0.2171,0.2567,0.0949,0.0826,0.2903,0.2882,10,81,0.524,0.545
2024-07-13,745152,0.2997,0.3294,0.2000,0.2638,0.1121,0.0896,0.2824,0.2795,26,81,0.521,0.380
2024-07-13,745311,0.2826,0.2909,0.2581,0.2457,0.0995,0.0949,0.2741,0.2916,57,10,-0.005,0.329
2024-07-13,745392,0.2840,0.3346,0.3008,0.3042,0.0738,0.0820,0.3044,0.3145,57,82,-0.277,-0.316
2024-07-13,745549,0.3454,,0.2377,,0.0815,,0.2869,,46,,-0.061,
2024-07-13,745798,0.3733,0.3225,0.1774,0.2376,0.1031,0.0781,0.2725,0.2827,82,25,0.030,0.321
2024-07-13,745963,0.2967,0.2943,0.2397,0.2422,0.0844,0.0935,0.2916,0.2885,66,11,0.212,0.071
2024-07-13,746202,0.3200,0.2954,0.2479,0.2539,0.0890,0.0838,0.3087,0.3148,82,55,0.546,0.345
2024-07-13,746369,0.3135,0.2976,0.2305,0.2701,0.0986,0.1093,0.3111,0.2969,58,74,0.302,0.702
2024-07-13,746447,0.3201,0.3073,0.2218,0.2171,0.1038,0.0806,0.2836,0.2978,4,10,,0.038
2024-07-13,746687,0.3454,0.3061,0.2762,0.2391,0.1267,0.0884,0.3033,0.3009,24,83,0.283,0.564
2024-07-13,746766,0.2983,0.3018,0.2606,0.2193,0.0855,0.0616,0.3012,0.2637,6,64,0.018,0.732
2024-07-13,746930,0.3062,0.3163,0.2104,0.2552,0.0869,0.0719,0.2913,0.2973,74,74,0.314,0.003
2024-07-13,747013,0.2981,0.3247,0.2477,0.1861,0.1391,0.0972,0.2811,0.2801,74,70,0.132,0.434
2024-07-13,747177,0.3424,0.3204,0.2333,0.2375,0.0916,0.0881,0.3057,0.2853,78,4,0.166,
2024-07-14,745066,0.2897,0.3325,0.2601,0.2227,0.0918,0.0889,0.2847,0.2865,56,71,-0.097,-0.011
2024-07-14,745151,0.3018,0.3297,0.2535,0.1667,0.0558,0.1010,0.3003,0.2723,59,85,0.052,0.086
2024-07-14,745314,0.3304,0.3261,0.2193,0.2463,0.0800,0.0627,0.3013,0.2965,73,30,0.304,0.070
2024-07-14,745385,0.3158,0.3677,0.2774,0.1931,0.1093,0.0804,0.3191,0.2718,74,60,0.151,0.619
2024-07-14,745551,0.3454,,0.2337,,0.0861,,0.2747,,52,,0.350,
2024-07-14,745797,,0.3631,,0.1716,,0.1159,,0.2533,,75,,0.533
2024-07-14,745962,0.3194,0.3228,0.2288,0.2249,0.0872,0.0896,0.2921,0.2880,85,3,0.862,
2024-07-14,746201,0.2878,,0.2494,,0.0875,,0.2865,,73,,0.998,
2024-07-14,746370,0.2827,0.3312,0.2320,0.2118,0.0898,0.1251,0.2957,0.2896,14,73,0.116,-0.096
2024-07-14,746449,,,,,,,,,,,,
2024-07-14,746686,0.3087,0.3103,0.2102,0.3032,0.0794,0.0918,0.2926,0.3376,74,56,0.511,0.451
2024-07-14,746769,0.2972,0.3183,0.2456,0.2147,0.1194,0.0855,0.3050,0.2769,71,6,0.244,
2024-07-14,746932,0.3110,0.3290,0.2210,0.2401,0.1261,0.1018,0.2767,0.3015,72,74,0.506,0.079
2024-07-14,747009,0.3562,0.3087,0.2511,0.2217,0.0787,0.0864,0.2965,0.2963,88,40,-0.087,-0.103
2024-07-14,747176,0.3238,0.2955,0.2839,0.2559,0.0941,0.0846,0.3058,0.3066,85,54,0.236,0.695
2024-07-19,744829,0.3277,0.3371,0.2089,0.1940,0.1354,0.0757,0.2688,0.2664,70,80,0.202,0.166
2024-07-19,744911,0.2789,0.3169,0.2718,0.2271,0.0623,0.1068,0.3233,0.3013,62,86,0.277,0.129
2024-07-19,744990,0.3072,0.3216,0.2530,0.2253,0.0763,0.0928,0.3001,0.3029,79,65,0.055,0.323
2024-07-19,745228,0.3348,0.3144,0.2445,0.2602,0.1026,0.0547,0.2978,0.3009,92,79,0.641,0.023
2024-07-19,745481,0.2727,0.3306,0.2551,0.2114,0.0738,0.0975,0.2895,0.2759,70,59,0.596,0.070
2024-07-19,745640,0.3860,0.3315,0.1677,0.2011,0.0872,0.1352,0.2702,0.2838,96,85,0.307,0.346
2024-07-19,745721,0.3242,0.3299,0.2117,0.1827,0.0496,0.1157,0.3003,0.2751,73,23,0.104,0.232
2024-07-19,746040,0.3129,0.3414,0.2302,0.2777,0.1267,0.1218,0.2738,0.3004,71,27,0.570,0.250
2024-07-19,746123,0.2857,0.2838,0.2623,0.2434,0.0661,0.0984,0.2904,0.2726,55,68,0.308,0.458
2024-07-19,746284,0.3051,0.2726,0.2183,0.2451,0.0589,0.0639,0.2651,0.2672,69,59,0.733,0.158
2024-07-19,746531,0.3330,0.3089,0.2058,0.2218,0.1030,0.0853,0.2726,0.2799,72,76,0.145,0.251
2024-07-19,746618,0.3126,0.2906,0.2789,0.2869,0.0944,0.0829,0.3022,0.2944,84,80,0.664,0.891
2024-07-19,746854,0.2871,0.2727,0.2407,0.2924,0.0650,0.0782,0.2894,0.3060,57,50,0.652,0.242
2024-07-19,747093,0.3361,0.3262,0.2331,0.2548,0.1058,0.1420,0.2980,0.2902,78,78,0.351,0.583
2024-07-20,744830,0.3048,0.2894,0.3038,0.3127,0.0892,0.1059,0.3329,0.3000,59,78,0.431,0.155
2024-07-20,744910,0.2933,0.3188,0.2869,0.2896,0.0921,0.0913,0.3176,0.3071,66,89,0.297,0.225
2024-07-20,744994,0.3322,0.2810,0.1909,0.2228,0.0993,0.0858,0.2774,0.2902,77,17,0.426,0.172
2024-07-20,745229,0.3052,0.3190,0.2122,0.2545,0.0907,0.0864,0.2960,0.3117,68,86,0.159,0.549
2024-07-20,745478,0.3325,0.2953,0.2089,0.2451,0.0508,0.0944,0.2953,0.2892,70,10,-0.137,0.076
2024-07-20,745638,0.3301,0.3388,0.2229,0.2400,0.0972,0.0790,0.2889,0.2914,8,49,,0.030
2024-07-20,745720,0.3099,0.2947,0.3099,0.2738,0.0711,0.0672,0.2955,0.2967,47,83,0.707,0.403
2024-07-20,745880,0.3057,0.3006,0.2738,0.2566,0.1092,0.0628,0.2922,0.3058,83,77,-0.192,0.340
2024-07-20,746041,0.2926,0.3817,0.2378,0.2054,0.0810,0.1418,0.2800,0.2734,71,43,-0.322,0.258
2024-07-20,746121,0.3295,0.3069,0.2403,0.2262,0.0986,0.0987,0.3034,0.2856,78,7,0.019,-0.044
2024-07-20,746286,0.3104,0.3202,0.2038,0.2201,0.0703,0.1212,0.2746,0.2782,34,77,-0.095,0.503
2024-07-20,746527,0.3293,0.3379,0.2562,0.1911,0.0594,0.0801,0.2923,0.2692,85,35,0.531,0.170
2024-07-20,746613,0.3332,0.3138,0.3024,0.2183,0.0864,0.0893,0.3138,0.2943,86,14,-0.377,0.628
2024-07-20,746852,0.2976,0.3119,0.2556,0.2538,0.0814,0.0992,0.3076,0.3054,58,47,0.711,0.149
2024-07-20,747096,0.3142,0.3411,0.2627,0.2017,0.0893,0.0846,0.2913,0.2712,70,30,0.398,0.033
2024-07-21,744831,0.3093,0.3180,0.2340,0.2211,0.0864,0.0841,0.2979,0.2886,86,90,0.567,0.871
2024-07-21,744909,0.3129,0.3548,0.2022,0.2195,0.0883,0.0959,0.2901,0.2794,15,82,0.106,-0.169
2024-07-21,744991,0.3068,0.3187,0.2227,0.2314,0.0925,0.1196,0.2966,0.2973,44,79,0.014,0.268
2024-07-21,745230,0.3401,0.3014,0.2113,0.2285,0.1204,0.0786,0.2940,0.2818,78,37,-0.092,0.163
2024-07-21,745470,0.3085,0.3141,0.2248,0.2457,0.0892,0.0720,0.2837,0.3000,3,18,,0.089
2024-07-21,745633,0.3043,0.3360,0.2407,0.2322,0.0892,0.0822,0.2908,0.2701,3,57,,0.368
2024-07-21,745722,0.3012,0.3385,0.2524,0.2113,0.0826,0.0987,0.2973,0.2832,8,78,0.434,0.225
2024-07-21,745882,0.3107,0.2857,0.2797,0.3055,0.0901,0.0552,0.3112,0.3069,80,78,0.489,0.765
2024-07-21,746042,0.3118,0.3059,0.2518,0.2056,0.0752,0.0775,0.2894,0.2933,28,77,0.233,0.496
2024-07-21,746125,0.3096,0.3125,0.2567,0.2071,0.0702,0.1369,0.2961,0.2520,77,76,0.020,-0.275
2024-07-21,746287,0.3361,0.3142,0.1784,0.2098,0.1014,0.0908,0.2660,0.2942,25,79,0.353,0.331
2024-07-21,746528,0.2912,0.3657,0.2319,0.1942,0.1030,0.1008,0.2815,0.2787,14,85,0.373,0.043
2024-07-21,746610,0.2724,0.2843,0.3191,0.2535,0.0746,0.0892,0.3402,0.2838,69,59,0.537,-0.131
2024-07-21,746853,0.3234,0.3066,0.2531,0.2973,0.0787,0.1010,0.3085,0.3033,75,65,0.413,0.294
2024-07-21,747094,0.3264,0.3052,0.1768,0.2490,0.0988,0.0969,0.2754,0.2884,88,29,0.096,0.449
2024-07-22,744988,0.3083,0.3360,0.2387,0.2350,0.0953,0.1260,0.2775,0.2782,83,64,0.053,0.340
2024-07-22,745232,0.3345,0.3091,0.2107,0.2546,0.1093,0.0987,0.3094,0.2834,83,78,-0.065,0.356
2024-07-22,745473,0.2988,0.3027,0.1883,0.2363,0.1058,0.1222,0.2651,0.3091,31,76,-0.101,0.214
2024-07-22,745635,0.3019,0.3071,0.2744,0.2080,0.1124,0.1046,0.2996,0.2843,79,32,0.706,0.136
2024-07-22,745717,0.3324,0.3496,0.2544,0.2592,0.0865,0.0770,0.2866,0.2963,86,91,0.537,-0.125
2024-07-22,745881,0.3113,0.3470,0.2634,0.2084,0.0895,0.0861,0.2996,0.2745,81,75,0.127,0.359
2024-07-22,746034,0.3263,0.3341,0.2213,0.2251,0.1058,0.0897,0.2804,0.3084,31,25,0.347,0.067
2024-07-22,746124,0.3174,,0.2488,,0.0605,,0.2975,,33,,0.019,
2024-07-22,746280,0.3165,0.2932,0.2259,0.2867,0.0840,0.0830,0.2820,0.3155,7,80,0.139,0.726
2024-07-22,746526,0.2756,0.3591,0.2510,0.1904,0.0729,0.0956,0.3086,0.2605,72,93,-0.091,0.155
2024-07-22,746612,0.2740,0.2964,0.2416,0.2241,0.0799,0.1048,0.2951,0.2822,73,70,-0.046,0.368
2024-07-22,746850,0.3475,0.3272,0.2047,0.2300,0.1029,0.0811,0.2724,0.2742,53,71,-0.270,0.320
2024-07-22,747095,0.2738,0.2809,0.2857,0.3011,0.1140,0.0719,0.3089,0.3079,77,60,-0.461,-0.305
2024-07-23,744828,0.3638,0.2864,0.1945,0.2687,0.0776,0.0769,0.2705,0.3144,64,26,0.555,-0.016
2024-07-23,744904,0.3153,0.3475,0.2423,0.2246,0.0918,0.0952,0.3045,0.2991,23,83,-0.071,0.171
2024-07-23,744985,0.2339,0.3509,0.3520,0.2281,0.0581,0.0956,0.3215,0.3020,71,72,0.205,0.276
2024-07-23,745227,0.2981,0.2896,0.2426,0.2490,0.0885,0.0848,0.3123,0.2892,60,77,0.349,1.018
2024-07-23,745475,0.3403,0.2923,0.2559,0.3244,0.0939,0.0668,0.2771,0.3241,85,39,0.321,0.453
2024-07-23,745632,0.3284,0.3035,0.2159,0.2399,0.0802,0.0892,0.2677,0.2894,10,3,0.289,0.126
2024-07-23,745715,0.3684,0.3020,0.1794,0.2382,0.1116,0.1339,0.2552,0.2780,80,79,0.557,0.087
2024-07-23,745878,0.2856,0.2821,0.2640,0.2632,0.0648,0.0952,0.3038,0.2717,73,62,0.908,-0.027
2024-07-23,746036,0.3231,0.3099,0.2134,0.2269,0.0940,0.0932,0.2757,0.2837,53,11,0.309,0.037
2024-07-23,746118,0.3386,0.3291,0.2141,0.2650,0.0781,0.0837,0.2685,0.2822,76,31,-0.843,0.021
2024-07-23,746281,0.3076,0.3306,0.1836,0.2567,0.0836,0.0823,0.2811,0.2964,55,69,0.124,0.215
2024-07-23,746524,0.3039,0.3569,0.2067,0.1770,0.0712,0.0890,0.2952,0.2840,47,48,0.134,0.387
2024-07-23,746614,0.3262,0.3055,0.2138,0.2269,0.1003,0.0791,0.2840,0.2932,6,11,,-0.122
2024-07-23,746848,0.3515,0.3014,0.1874,0.2468,0.0942,0.0542,0.2846,0.2959,74,62,0.424,0.060
2024-07-23,747090,0.3126,0.3241,0.1965,0.2490,0.0807,0.1391,0.2707,0.2901,22,81,0.030,0.603
2024-07-24,744824,0.3136,0.3099,0.2779,0.2415,0.0920,0.0948,0.3026,0.2826,88,73,0.664,0.191
2024-07-24,744905,0.3213,0.2846,0.2110,0.2329,0.0479,0.1012,0.3061,0.2930,78,35,0.120,0.147
2024-07-24,744989,0.3093,0.3395,0.2190,0.2131,0.0572,0.0880,0.2644,0.3033,73,72,0.711,0.313
2024-07-24,745231,0.3820,0.3160,0.1695,0.2596,0.0913,0.0532,0.2660,0.3007,100,83,0.315,0.033
2024-07-24,745472,0.3984,0.3330,0.2238,0.2119,0.0940,0.1142,0.2672,0.2771,21,68,-0.007,0.069
2024-07-24,745634,0.3299,0.3297,0.2524,0.2022,0.1007,0.1316,0.2964,0.2836,95,89,0.701,0.360
2024-07-24,745716,0.3125,0.3294,0.2323,0.1853,0.1240,0.1105,0.2753,0.2745,74,27,0.571,0.211
2024-07-24,745877,0.2787,,0.2436,,0.0707,,0.2851,,76,,0.598,
2024-07-24,746035,,0.3455,,0.2651,,0.1386,,0.2934,,31,,0.167
2024-07-24,746119,,0.2677,,0.2856,,0.0619,,0.3021,,63,,-0.087
2024-07-24,746279,0.2864,0.2743,0.2407,0.2449,0.0629,0.0700,0.2877,0.2701,61,63,0.613,0.204
2024-07-24,746525,0.2851,0.3067,0.2700,0.2311,0.0640,0.0835,0.2899,0.2857,59,79,0.327,0.212
2024-07-24,746611,0.2853,0.2978,0.2730,0.2786,0.0609,0.0876,0.3225,0.2891,65,84,0.247,0.889
2024-07-24,746851,0.3088,0.2783,0.2292,0.2906,0.0850,0.0843,0.2897,0.3019,6,54,0.078,0.250
2024-07-24,747091,0.3307,0.3217,0.2024,0.2292,0.1464,0.1002,0.2645,0.2972,74,6,0.257,
2024-07-25,744827,0.3268,0.3311,0.3027,0.2035,0.0848,0.0744,0.3139,0.2683,89,83,-0.402,0.166
2024-07-25,744907,0.3093,0.3135,0.3163,0.2289,0.0688,0.1049,0.2922,0.3033,51,89,0.669,0.155
2024-07-25,744984,0.3306,0.2875,0.1990,0.2208,0.0657,0.0931,0.2793,0.2906,41,22,-0.025,0.057
2024-07-25,745794,0.3230,0.2911,0.2650,0.2361,0.1045,0.0856,0.3124,0.2720,80,76,0.136,-0.327
2024-07-25,746037,0.3067,0.3747,0.2543,0.2159,0.0749,0.1461,0.2986,0.2750,82,47,0.055,0.312
2024-07-25,746117,0.3325,,0.2457,,0.0704,,0.2887,,91,,0.529,
2024-07-25,746199,0.3354,,0.1795,,0.0682,,0.2677,,52,,0.163,
2024-07-25,746609,0.3189,0.3113,0.2158,0.2321,0.1091,0.0979,0.2779,0.2951,10,18,-0.116,0.654
2024-07-26,744906,0.3343,0.3165,0.2244,0.2863,0.1234,0.0886,0.2970,0.3119,83,94,0.248,0.204
2024-07-26,745068,0.3126,0.3216,0.3048,0.2310,0.0851,0.0898,0.3383,0.2783,65,14,0.394,0.482
2024-07-26,745146,0.2973,0.3128,0.3110,0.2674,0.1217,0.0862,0.2892,0.2951,85,75,-0.010,0.370
2024-07-26,745315,0.3287,0.3360,0.1948,0.2007,0.0780,0.1085,0.2680,0.2706,38,75,0.288,0.105
2024-07-26,745554,0.2832,0.3357,0.2528,0.2022,0.0947,0.0496,0.2809,0.2904,63,74,-0.135,-0.154
2024-07-26,745792,0.3242,,0.2489,,0.1393,,0.2900,,81,,0.601,
2024-07-26,745964,0.3043,0.3064,0.2063,0.2660,0.0826,0.1132,0.2930,0.2877,81,87,0.513,-0.219
2024-07-26,746200,0.3176,0.2980,0.2318,0.2514,0.0840,0.0977,0.2774,0.2964,31,8,0.472,-0.011
2024-07-26,746277,0.3095,0.3192,0.2463,0.2221,0.0968,0.1189,0.3047,0.2777,50,80,0.124,0.521
2024-07-26,746361,0.2908,0.3062,0.2356,0.2188,0.0958,0.0951,0.2726,0.2946,72,73,0.473,0.225
2024-07-26,746448,0.2948,0.3295,0.2650,0.2037,0.0617,0.0841,0.3086,0.2845,80,19,0.331,0.120
2024-07-26,746767,0.3194,0.3417,0.2557,0.1696,0.0848,0.1083,0.3084,0.2711,89,29,0.567,0.213
2024-07-26,746933,0.2958,0.3270,0.2709,0.2471,0.0652,0.0961,0.2941,0.3070,88,82,0.390,0.014
2024-07-26,747010,0.3334,0.3286,0.2053,0.1922,0.1359,0.1038,0.2815,0.2772,33,81,0.263,0.450
2024-07-26,747174,0.2910,0.2980,0.2342,0.2549,0.0910,0.0872,0.2806,0.3088,13,62,-0.084,0.663
2024-07-27,744908,0.3444,0.3616,0.2408,0.2127,0.1214,0.1004,0.2756,0.2763,69,86,0.298,-0.177
2024-07-27,745059,0.3109,0.3260,0.2286,0.2689,0.0917,0.0849,0.2929,0.2938,89,89,0.550,0.551
2024-07-27,745150,0.3126,0.3414,0.2292,0.2258,0.0827,0.1103,0.2935,0.2947,93,82,0.861,0.403
2024-07-27,745307,0.3776,0.3162,0.1883,0.2402,0.0984,0.0693,0.2752,0.2962,89,36,0.040,-0.003
2024-07-27,745310,0.3001,0.2870,0.2696,0.2444,0.0993,0.1110,0.3010,0.2880,7,18,0.099,0.357
2024-07-27,745553,0.3056,0.3151,0.2227,0.2130,0.1012,0.0857,0.2781,0.2794,75,6,0.372,0.075
2024-07-27,745793,0.3022,0.3292,0.2480,0.2457,0.0931,0.1143,0.2941,0.2692,33,42,0.472,-0.138
2024-07-27,745966,0.3147,0.3120,0.2580,0.2801,0.0951,0.0885,0.3039,0.3094,10,83,0.092,0.526
2024-07-27,746203,0.3340,0.3338,0.2416,0.2152,0.0773,0.1118,0.2904,0.3077,52,89,0.049,-0.048
2024-07-27,746278,0.3000,0.3098,0.3130,0.2187,0.0989,0.0891,0.3082,0.2956,68,82,0.294,0.337
2024-07-27,746362,0.2991,0.3481,0.2403,0.2047,0.0938,0.1173,0.2995,0.2923,11,82,0.006,-0.113
2024-07-27,746446,0.2810,0.2710,0.3054,0.2357,0.0543,0.0784,0.3040,0.2976,81,76,0.781,-0.046
2024-07-27,746768,0.2997,0.3068,0.2184,0.2385,0.0758,0.0997,0.2813,0.2731,41,87,0.180,0.041
2024-07-27,746931,0.3371,0.3181,0.2047,0.2522,0.0962,0.0675,0.2837,0.2978,82,83,0.230,0.004
2024-07-27,747006,0.2700,0.3134,0.3186,0.2135,0.0732,0.0894,0.3422,0.2954,72,48,0.515,-0.035
2024-07-27,747171,0.3318,0.3192,0.2477,0.2468,0.0698,0.0772,0.2929,0.3070,21,78,0.103,0.392
2024-07-28,744902,0.3435,0.3413,0.2302,0.2334,0.0937,0.0935,0.3042,0.2989,75,86,0.273,0.166
2024-07-28,745145,0.2825,0.3263,0.2593,0.1727,0.0747,0.0970,0.3088,0.2740,29,91,0.012,0.062
2024-07-28,745305,0.3530,0.2967,0.1992,0.2324,0.0939,0.1226,0.2635,0.2816,96,35,0.116,0.059
2024-07-28,745550,,,,,,,,,,,,
2024-07-28,745795,0.2805,0.3316,0.2909,0.2113,0.0697,0.1226,0.3065,0.2747,64,35,-0.295,0.391
2024-07-28,745961,0.3230,0.3440,0.2217,0.2162,0.0993,0.1004,0.2796,0.2741,17,56,0.051,-0.249
2024-07-28,746195,0.3007,0.3036,0.2399,0.2445,0.0843,0.0866,0.2830,0.3089,7,63,0.072,0.396
2024-07-28,746274,0.3297,0.2929,0.2285,0.2802,0.0856,0.0814,0.2773,0.3120,76,83,0.363,0.691
2024-07-28,746364,0.3261,0.3094,0.2199,0.2732,0.1038,0.1094,0.2853,0.2943,4,83,,0.713
2024-07-28,746445,0.3569,0.3102,0.1991,0.2393,0.0826,0.0896,0.2712,0.2942,81,3,0.384,
2024-07-28,746770,0.3064,0.2439,0.2540,0.3509,0.0961,0.0558,0.2832,0.3198,82,77,0.358,0.202
2024-07-28,746929,0.3440,0.2742,0.2602,0.2432,0.0756,0.0709,0.2969,0.3081,94,76,-0.144,-0.125
2024-07-28,747008,0.3563,0.3213,0.1881,0.2229,0.0754,0.0910,0.2671,0.2783,68,57,0.563,0.307
2024-07-28,747173,0.3042,0.3089,0.2291,0.2123,0.1189,0.0795,0.3037,0.2809,80,11,0.255,0.243
2024-07-29,745147,0.3328,0.2998,0.2227,0.1796,0.0863,0.1121,0.3108,0.2567,75,35,0.306,-0.029
2024-07-29,745547,0.2959,0.2907,0.2469,0.2725,0.1313,0.0636,0.2810,0.2997,82,76,0.070,0.939
2024-07-29,745791,0.2850,0.3651,0.2565,0.1810,0.0932,0.1156,0.2678,0.2572,65,84,-0.026,0.564
2024-07-29,745959,,0.3436,,0.1961,,0.0916,,0.2921,,78,,0.466
2024-07-29,746360,0.2863,,0.3242,,0.0652,,0.3263,,42,,0.458,
2024-07-29,746444,0.2950,0.3319,0.2775,0.2099,0.0854,0.0843,0.2921,0.2766,88,7,0.921,0.077
2024-07-29,746684,0.3036,0.2915,0.2466,0.2508,0.0686,0.0831,0.2939,0.2865,66,20,0.060,0.267
2024-07-29,746765,0.3455,0.3231,0.2431,0.2091,0.0856,0.0550,0.2904,0.2603,76,79,0.211,0.685
2024-07-29,746928,0.2877,0.2933,0.2505,0.2783,0.0832,0.0607,0.2895,0.2909,80,66,1.036,0.309
2024-07-29,747007,0.2765,0.3211,0.2354,0.2088,0.0984,0.0462,0.2953,0.2997,38,84,0.112,0.071
2024-07-29,747172,0.3100,0.3129,0.2541,0.1839,0.0989,0.0804,0.2810,0.2731,78,60,0.180,0.132
2024-07-30,745060,0.3395,,0.2561,,0.1345,,0.2924,,34,,0.103,
2024-07-30,745149,0.2826,0.3451,0.2361,0.2488,0.0899,0.0916,0.2960,0.2740,25,89,0.030,0.345
2024-07-30,745309,0.3335,0.3432,0.1940,0.2250,0.1332,0.1440,0.2787,0.2817,95,7,0.339,
2024-07-30,745389,0.2686,0.3153,0.2896,0.2714,0.0753,0.0880,0.3029,0.3041,68,95,-0.083,0.558
2024-07-30,745546,,0.2748,,0.2434,,0.0689,,0.2895,,80,,0.586
2024-07-30,745787,0.2917,0.3218,0.2474,0.2307,0.0818,0.1269,0.2785,0.2744,9,79,0.113,0.580
2024-07-30,745958,0.3425,0.3352,0.2008,0.2007,0.0805,0.0964,0.2747,0.2871,35,40,0.033,0.460
2024-07-30,746197,0.3028,0.3742,0.2329,0.1773,0.0820,0.0893,0.2879,0.2693,82,104,0.185,0.310
2024-07-30,746365,0.3422,0.3270,0.2336,0.2442,0.0876,0.0978,0.2775,0.2924,73,100,-0.165,0.675
2024-07-30,746441,0.3154,0.3095,0.2298,0.2172,0.1042,0.1033,0.2976,0.2906,23,14,0.796,-0.227
2024-07-30,746683,0.2839,,0.2816,,0.0962,,0.2996,,61,,0.232,
2024-07-30,746763,0.2731,0.3350,0.2387,0.1912,0.0686,0.0728,0.2661,0.2745,66,45,0.193,-0.047
2024-07-30,746926,0.3172,0.3238,0.2572,0.2033,0.0584,0.1444,0.2959,0.2541,88,83,0.031,-0.320
2024-07-30,747005,0.3195,0.3031,0.2227,0.2539,0.1023,0.0729,0.3035,0.2984,93,86,0.167,0.043
2024-07-30,747167,0.3380,0.2940,0.2005,0.2326,0.0843,0.0692,0.2640,0.2830,90,65,0.209,0.662
2024-07-31,745061,0.3836,0.3050,0.2079,0.3196,0.1411,0.0660,0.2729,0.2992,51,56,0.353,0.682
2024-07-31,745148,0.3418,,0.2138,,0.1244,,0.2916,,90,,0.211,
2024-07-31,745306,0.3282,0.3291,0.1746,0.2456,0.0666,0.0752,0.2629,0.2882,55,95,0.220,0.494
2024-07-31,745386,0.3302,0.3252,0.2319,0.3097,0.1025,0.0899,0.2873,0.3136,5,92,,-0.439
2024-07-31,745543,0.2978,0.3345,0.2602,0.2020,0.0692,0.0479,0.2892,0.2903,94,79,0.383,-0.114
2024-07-31,745789,0.2905,0.2938,0.2593,0.2417,0.0606,0.0898,0.3057,0.2727,83,81,0.329,-0.351
2024-07-31,745960,0.3168,0.3242,0.2593,0.2619,0.1025,0.1154,0.3121,0.2838,83,93,0.103,-0.262
2024-07-31,746198,0.3416,0.3259,0.1968,0.2202,0.0751,0.0775,0.2683,0.2914,42,13,0.345,0.013
2024-07-31,746363,0.3448,0.3075,0.2296,0.2195,0.0951,0.0924,0.2930,0.2921,10,77,0.203,0.206
2024-07-31,746678,0.3167,0.3089,0.2375,0.2975,0.0935,0.0833,0.3005,0.3351,54,68,0.097,0.384
2024-07-31,746764,0.3133,0.3955,0.2243,0.1624,0.1165,0.1178,0.2797,0.2664,83,39,0.512,0.179
2024-07-31,746925,0.3172,0.3247,0.2619,0.2471,0.0827,0.1004,0.3112,0.3058,93,86,0.552,0.034
2024-07-31,747003,,0.3284,,0.1867,,0.1011,,0.2781,,85,,0.442
2024-07-31,747170,0.3006,0.3017,0.3005,0.2564,0.1244,0.0981,0.2836,0.3125,90,69,0.025,0.776
2024-08-01,746196,0.3757,0.2999,0.1952,0.2402,0.1081,0.0936,0.2761,0.2872,94,11,0.018,-0.042
2024-08-01,746442,0.3139,0.3459,0.2113,0.2030,0.0928,0.0791,0.2944,0.2825,87,24,0.345,0.103
2024-08-01,746607,0.3017,0.2800,0.2018,0.2524,0.0809,0.0996,0.2935,0.2832,84,67,0.529,-0.123
2024-08-01,746849,0.3062,0.3004,0.2830,0.3058,0.0844,0.0965,0.3008,0.3034,78,71,0.390,0.283
2024-08-01,747092,0.3044,0.3187,0.2610,0.2573,0.0910,0.1364,0.3004,0.2917,13,84,0.115,0.632
2024-08-02,744825,0.3264,0.3087,0.2075,0.2311,0.1474,0.0810,0.2608,0.2953,80,96,0.185,0.893
2024-08-02,744986,0.3475,0.2940,0.2487,0.2332,0.0647,0.0888,0.2961,0.2980,89,26,-0.001,0.096
2024-08-02,745224,0.3119,0.2918,0.2037,0.2217,0.0817,0.0734,0.2770,0.2865,9,44,0.072,0.223
2024-08-02,745387,0.3623,0.3544,0.1991,0.1808,0.0971,0.0800,0.2616,0.2646,101,73,0.078,0.478
2024-08-02,745471,0.3242,0.2838,0.2539,0.2375,0.0749,0.0873,0.3144,0.2751,82,16,0.419,0.055
2024-08-02,745631,0.2869,0.3366,0.2300,0.2236,0.0936,0.0879,0.2699,0.2654,75,61,0.468,0.378
2024-08-02,745719,0.3550,0.3449,0.2174,0.1950,0.1029,0.0915,0.2789,0.2809,92,89,-0.107,0.235
2024-08-02,745875,,0.2758,,0.3017,,0.0523,,0.3046,,86,,0.760
2024-08-02,746193,0.3375,0.3364,0.2148,0.2197,0.0779,0.1073,0.2677,0.3074,38,95,0.348,-0.048
2024-08-02,746354,0.3344,0.3142,0.2257,0.2798,0.1079,0.0909,0.2751,0.3110,20,101,0.457,0.229
2024-08-02,746443,0.2891,0.2824,0.2880,0.2257,0.0797,0.0749,0.3134,0.2951,86,82,0.674,-0.047
2024-08-02,746605,0.3087,0.2990,0.2058,0.2323,0.0860,0.0988,0.2921,0.2808,52,78,-0.038,0.357
2024-08-02,746679,0.3170,0.3064,0.2480,0.2291,0.0756,0.0891,0.3031,0.2927,41,93,-0.005,0.549
2024-08-02,746845,0.3012,0.3316,0.2470,0.2187,0.0976,0.0890,0.2736,0.2704,90,82,0.049,0.337
2024-08-02,747089,0.3195,0.2932,0.2261,0.2505,0.0935,0.0900,0.2821,0.2908,11,36,0.151,0.459
2024-08-03,744823,0.3080,0.2857,0.2883,0.2483,0.0865,0.0712,0.3104,0.3056,86,33,0.539,-0.097
2024-08-03,744987,0.2809,0.3134,0.2401,0.2204,0.0678,0.0771,0.3057,0.2859,82,13,-0.122,0.179
2024-08-03,745225,0.3243,0.3003,0.2236,0.2627,0.0893,0.0940,0.2908,0.2863,3,85,,0.323
2024-08-03,745388,0.3191,0.3358,0.2651,0.2052,0.0920,0.1184,0.2967,0.2741,12,72,0.091,0.060
2024-08-03,745474,0.3208,0.3019,0.1804,0.2298,0.0830,0.1224,0.2691,0.3017,68,84,0.159,0.265
2024-08-03,745636,0.2844,0.3265,0.2663,0.2572,0.0596,0.0823,0.3210,0.2984,68,57,0.243,0.066
2024-08-03,745714,0.3411,0.3426,0.2324,0.2617,0.0902,0.0740,0.2986,0.2947,91,97,0.183,-0.178
2024-08-03,745876,0.2459,0.3541,0.3386,0.1951,0.0537,0.0807,0.3176,0.2723,82,84,0.165,0.391
2024-08-03,746194,0.3289,0.2992,0.2231,0.2388,0.1174,0.0843,0.2855,0.3013,39,66,0.383,0.386
2024-08-03,746358,0.3197,0.3477,0.2703,0.2061,0.0831,0.1207,0.2962,0.2902,92,86,0.548,-0.117
2024-08-03,746440,0.3498,0.3061,0.2325,0.2219,0.1277,0.0990,0.2718,0.2932,78,17,0.253,-0.351
2024-08-03,746608,0.3188,0.3352,0.2154,0.2321,0.0445,0.0865,0.3032,0.2877,89,5,0.108,
2024-08-03,746681,0.3290,0.2649,0.2108,0.2803,0.1060,0.1093,0.2723,0.3049,78,83,0.113,-0.487
2024-08-03,746846,0.3417,0.3005,0.2213,0.2468,0.1078,0.0664,0.2936,0.2936,85,70,0.412,0.032
2024-08-03,747087,0.3277,0.3040,0.2206,0.2712,0.0930,0.0893,0.2832,0.2996,22,3,0.045,
2024-08-04,744826,0.3441,0.3166,0.2302,0.2489,0.1035,0.0967,0.2751,0.2766,62,81,-0.177,0.209
2024-08-04,744979,0.2891,0.3360,0.2875,0.2180,0.0592,0.0843,0.2965,0.3071,69,78,0.328,0.301
2024-08-04,745222,0.2937,0.2821,0.2792,0.2594,0.0616,0.0813,0.3001,0.2924,80,83,0.934,1.062
2024-08-04,745384,0.3128,0.3146,0.2273,0.2705,0.0909,0.0898,0.2871,0.3062,90,103,0.207,0.496
2024-08-04,745468,0.2965,0.2769,0.2333,0.3310,0.0747,0.0626,0.2788,0.3273,69,46,0.686,0.465
2024-08-04,745627,0.3361,0.2895,0.2072,0.2407,0.1269,0.0793,0.2800,0.2861,8,11,0.005,0.108
2024-08-04,745718,0.2939,0.3292,0.2251,0.1899,0.1367,0.1070,0.2866,0.2702,47,30,-0.055,0.183
2024-08-04,745879,0.3202,0.2833,0.2034,0.2622,0.0534,0.0972,0.2609,0.2729,83,70,0.658,-0.004
2024-08-04,746191,0.3642,0.3737,0.1818,0.1818,0.1116,0.0914,0.2574,0.2720,89,111,0.561,0.337
2024-08-04,746356,,0.3108,,0.2795,,0.1131,,0.2961,,87,,0.699
2024-08-04,746439,0.2749,0.3115,0.2468,0.2660,0.0741,0.0975,0.2706,0.3077,70,8,0.245,-0.009
2024-08-04,746606,0.3004,0.3154,0.2606,0.2452,0.0709,0.1004,0.2999,0.2992,90,26,0.045,0.769
2024-08-04,746680,0.3467,0.2969,0.2266,0.2481,0.1497,0.0898,0.2733,0.2903,11,25,0.201,0.256
2024-08-04,746844,0.3204,0.2913,0.1812,0.2741,0.0944,0.1065,0.2744,0.2910,95,68,0.030,0.216
2024-08-04,747088,0.3295,0.3573,0.2587,0.2049,0.1302,0.1030,0.2919,0.2854,37,82,-0.026,0.270
2024-08-05,744821,0.3268,0.3379,0.2509,0.2009,0.0728,0.0816,0.2904,0.2621,100,95,0.503,0.198
2024-08-05,744982,0.3271,0.3376,0.2494,0.2101,0.1009,0.1219,0.2991,0.2904,105,93,0.730,0.203
2024-08-05,745628,,0.3303,,0.1896,,0.1299,,0.2782,,99,,0.331
2024-08-05,746038,0.3131,0.3886,0.1969,0.2100,0.0811,0.1361,0.2702,0.2663,22,55,0.008,0.292
2024-08-05,746116,0.2787,0.2666,0.2476,0.2836,0.0729,0.0737,0.2900,0.3024,86,71,0.610,-0.093
2024-08-05,746276,0.3275,0.3091,0.2051,0.2270,0.1405,0.1140,0.2546,0.2798,87,86,-0.327,0.504
2024-08-05,746600,0.2988,0.3392,0.2567,0.1912,0.0951,0.0891,0.3139,0.2678,73,82,0.782,0.188
2024-08-05,746847,0.2944,0.3169,0.2381,0.2320,0.0785,0.0910,0.2852,0.2979,12,57,0.076,0.113
2024-08-06,744817,0.2881,0.3004,0.2459,0.2933,0.1055,0.1211,0.2829,0.2831,22,94,0.330,0.061
2024-08-06,744901,0.3173,0.3229,0.2245,0.2225,0.0963,0.1054,0.2686,0.2963,61,98,0.426,0.187
2024-08-06,744983,0.3029,,0.2297,,0.0904,,0.2960,,80,,0.206,
2024-08-06,745141,0.3308,0.3046,0.2449,0.2848,0.1008,0.0826,0.2922,0.3057,6,81,,0.409
2024-08-06,745221,0.3487,0.3127,0.1907,0.2560,0.0850,0.0565,0.2767,0.2961,30,93,0.135,0.049
2024-08-06,745467,0.3207,0.3457,0.3107,0.2291,0.0881,0.0857,0.3107,0.2768,95,76,-0.414,-0.179
2024-08-06,745629,0.3301,0.3310,0.1867,0.1709,0.0708,0.0648,0.2725,0.2565,48,58,-0.106,0.159
2024-08-06,745713,0.2898,0.3203,0.2454,0.2333,0.0899,0.1023,0.2916,0.2912,14,5,-0.082,
2024-08-06,746033,0.3036,0.3088,0.2989,0.2679,0.0813,0.0842,0.3340,0.3024,71,19,0.375,0.108
2024-08-06,746120,0.3354,0.3177,0.2124,0.2197,0.0468,0.0964,0.2933,0.2894,82,9,-0.094,
2024-08-06,746273,0.3260,0.3111,0.2427,0.2064,0.1050,0.0970,0.3027,0.2939,89,91,0.024,0.309
2024-08-06,746519,0.2896,0.3379,0.2442,0.2015,0.0879,0.0729,0.2734,0.2695,84,45,-0.329,0.264
2024-08-06,746602,,0.2964,,0.2352,,0.0968,,0.2833,,81,,0.364
2024-08-06,746840,0.2916,0.3018,0.2596,0.3049,0.0657,0.0937,0.3023,0.3089,87,75,0.310,0.284
2024-08-06,747086,0.3367,0.3320,0.1926,0.2159,0.0897,0.0781,0.2912,0.2764,81,38,0.435,-0.054
2024-08-07,744822,0.3077,0.3058,0.2708,0.2322,0.0735,0.0790,0.3147,0.2974,44,100,-0.054,0.889
2024-08-07,744903,0.3156,0.3439,0.2011,0.2878,0.0776,0.0863,0.2976,0.2966,90,17,0.626,0.235
2024-08-07,744981,0.3142,0.2909,0.2824,0.2265,0.0937,0.0859,0.3086,0.2959,107,29,0.238,0.078
2024-08-07,745142,0.2976,0.3011,0.3207,0.2413,0.0642,0.0951,0.2951,0.2718,59,94,0.543,0.036
2024-08-07,745223,0.2765,0.3269,0.2356,0.2605,0.0734,0.0863,0.2979,0.3078,85,98,-0.048,0.559
2024-08-07,745469,0.2674,0.3304,0.3271,0.2404,0.0714,0.0755,0.3413,0.2924,75,28,0.511,0.059
2024-08-07,745630,0.3234,0.3403,0.2640,0.2314,0.1022,0.0845,0.2921,0.2676,5,66,,0.407
2024-08-07,745709,0.3281,0.2956,0.2045,0.2425,0.0841,0.1355,0.2819,0.2803,19,85,0.048,0.033
2024-08-07,746031,0.3038,0.3173,0.2289,0.2184,0.0927,0.0898,0.2904,0.2859,98,14,0.544,0.015
2024-08-07,746115,0.3302,0.2854,0.1940,0.2369,0.0773,0.0903,0.2739,0.2764,13,80,0.041,0.469
2024-08-07,746272,0.3456,0.2957,0.2478,0.2839,0.0691,0.0898,0.2912,0.3058,94,92,-0.046,0.655
2024-08-07,746521,0.3427,0.3715,0.2172,0.1985,0.0847,0.1060,0.2662,0.2759,42,97,0.321,0.013
2024-08-07,746604,0.3166,0.2829,0.2545,0.2436,0.0729,0.0958,0.3163,0.2796,86,72,0.410,-0.113
2024-08-07,746842,0.2701,0.3264,0.3165,0.2218,0.0513,0.0872,0.3121,0.2702,89,85,0.798,0.363
2024-08-07,747085,0.3180,0.3178,0.2638,0.2544,0.1131,0.1043,0.2838,0.3085,96,90,-0.278,0.161
2024-08-08,744819,0.3301,0.2845,0.2052,0.2385,0.1101,0.0787,0.2710,0.2989,82,37,0.090,-0.141
2024-08-08,744899,0.3050,0.3678,0.2012,0.2174,0.0838,0.0996,0.2955,0.2800,55,97,-0.024,-0.055
2024-08-08,745143,0.3383,0.3481,0.2305,0.2209,0.1040,0.1109,0.2740,0.2917,23,90,0.375,0.411
2024-08-08,745226,,0.2933,,0.2235,,0.0707,,0.2861,,48,,0.250
2024-08-08,745466,0.3519,0.3488,0.1762,0.2251,0.0849,0.0898,0.2622,0.2686,77,25,0.432,0.001
2024-08-08,745710,0.3316,0.2955,0.2321,0.2684,0.1102,0.0677,0.3140,0.2899,100,97,-0.065,0.348
2024-08-08,746030,0.2593,0.3333,0.2954,0.2174,0.1071,0.1209,0.3092,0.2845,86,28,-0.485,0.009
2024-08-08,746522,0.3307,0.3560,0.2299,0.2081,0.1203,0.0953,0.2926,0.2650,45,104,0.411,0.051
2024-08-08,747081,0.3212,0.3197,0.2162,0.2694,0.1433,0.1318,0.2641,0.3002,84,89,0.144,0.636
2024-08-08,747169,0.3207,0.3182,0.2209,0.1842,0.0880,0.0812,0.2786,0.2689,4,71,0.032,0.171
2024-08-09,744818,0.3020,0.3163,0.2376,0.2439,0.0888,0.0946,0.3019,0.2748,71,84,0.378,0.155
2024-08-09,744900,0.3285,0.3481,0.2572,0.2223,0.0878,0.0926,0.2990,0.2939,61,98,0.095,0.244
2024-08-09,745062,0.3123,0.3229,0.2100,0.2636,0.0433,0.0874,0.2995,0.2990,93,96,0.110,0.544
2024-08-09,745220,0.3592,0.3031,0.1969,0.2608,0.1152,0.0909,0.2634,0.2839,93,90,0.573,0.332
2024-08-09,745308,0.3327,0.3336,0.2044,0.2449,0.0761,0.1436,0.2650,0.2875,14,14,0.291,0.191
2024-08-09,745708,0.3160,0.3327,0.2354,0.2035,0.0731,0.1024,0.2970,0.2734,17,34,0.193,0.182
2024-08-09,745871,,0.3346,,0.2277,,0.1265,,0.2608,,24,,0.038
2024-08-09,745957,0.2909,0.3138,0.2628,0.2865,0.0867,0.0885,0.2967,0.3063,28,94,0.259,0.579
2024-08-09,746032,0.3297,0.3209,0.2157,0.2686,0.1158,0.1250,0.2788,0.3003,75,41,0.091,-0.075
2024-08-09,746113,0.2968,0.2855,0.2321,0.2716,0.1199,0.0574,0.3030,0.3247,87,73,0.274,0.256
2024-08-09,746275,0.3206,0.3428,0.1769,0.2262,0.0920,0.1242,0.2736,0.2709,99,82,0.039,0.258
2024-08-09,746523,0.2944,0.3077,0.2746,0.2817,0.0853,0.0884,0.3037,0.3042,6,15,0.056,0.051
2024-08-09,746760,0.3068,0.2536,0.2472,0.3388,0.0644,0.0526,0.2952,0.3174,74,85,0.037,0.139
2024-08-09,746927,0.3463,0.2755,0.2075,0.2406,0.1175,0.0660,0.2881,0.3095,90,86,-0.120,-0.132
2024-08-09,747168,0.2970,0.2951,0.2717,0.2397,0.0599,0.0719,0.2990,0.2804,84,74,0.945,0.704
2024-08-10,744820,0.3711,0.3384,0.1893,0.2084,0.0950,0.0794,0.2751,0.2658,115,99,0.321,0.207
2024-08-10,744897,0.3007,0.3007,0.2452,0.2224,0.0978,0.1383,0.2836,0.2881,18,53,0.224,-0.041
2024-08-10,745056,0.2989,,0.2606,,0.0755,,0.2970,,94,,0.041,
2024-08-10,745219,0.3141,0.2878,0.2475,0.2730,0.1276,0.0791,0.2849,0.2967,86,87,0.586,1.088
2024-08-10,745304,0.3161,0.3263,0.2620,0.2462,0.1045,0.0714,0.3025,0.2874,13,103,0.025,0.495
2024-08-10,745712,0.3320,0.3495,0.2192,0.2555,0.0890,0.0722,0.3038,0.2936,82,101,0.327,-0.246
2024-08-10,745873,0.3139,0.2881,0.2542,0.2657,0.0949,0.1076,0.3012,0.2748,31,76,0.823,0.019
2024-08-10,745955,0.3058,0.3488,0.2015,0.2312,0.0780,0.1003,0.2724,0.2785,25,66,0.050,-0.166
2024-08-10,746026,0.3094,0.3913,0.2779,0.2094,0.0881,0.1303,0.3061,0.2710,106,60,0.526,0.308
2024-08-10,746112,0.2728,0.3626,0.3223,0.2044,0.0608,0.1302,0.3266,0.2733,49,14,0.513,0.130
2024-08-10,746269,0.2889,0.2711,0.1894,0.2416,0.1053,0.0724,0.2599,0.2721,41,73,-0.045,0.197
2024-08-10,746520,0.3544,0.3641,0.2064,0.1807,0.1071,0.1299,0.2851,0.2781,86,68,0.275,0.119
2024-08-10,746761,0.2855,0.3199,0.2834,0.2075,0.1041,0.0642,0.2994,0.2578,71,90,0.256,0.619
2024-08-10,746922,0.3104,0.3494,0.2837,0.2016,0.1160,0.0954,0.2959,0.2693,92,20,0.676,0.403
2024-08-10,747164,0.2758,0.2996,0.2492,0.2473,0.0714,0.0988,0.2903,0.3069,89,78,0.619,0.742
2024-08-11,744816,0.3482,0.3255,0.2180,0.2830,0.0895,0.1265,0.2876,0.2779,14,103,0.253,0.048
2024-08-11,744895,0.3281,0.3182,0.1860,0.2244,0.1273,0.1033,0.2770,0.2974,102,101,0.356,0.185
2024-08-11,745057,0.3098,0.3395,0.2350,0.2272,0.0938,0.1215,0.2689,0.2814,64,11,0.443,0.250
2024-08-11,745216,0.2845,0.3117,0.2526,0.2573,0.0859,0.0553,0.2773,0.2966,87,96,-0.317,0.049
2024-08-11,745303,0.3483,0.2886,0.1950,0.2341,0.0820,0.1003,0.2735,0.2793,33,26,0.086,0.372
2024-08-11,745711,0.3408,0.3501,0.2110,0.1932,0.1250,0.0873,0.2909,0.2777,97,96,0.207,0.198
2024-08-11,745872,0.3001,0.2835,0.2706,0.2551,0.0831,0.0750,0.2875,0.2921,92,15,0.894,0.013
2024-08-11,745956,0.2984,0.3552,0.3047,0.2333,0.0787,0.1296,0.3337,0.3026,75,22,0.358,0.155
2024-08-11,746025,0.3195,0.3021,0.3153,0.2667,0.0857,0.0798,0.3130,0.3016,99,23,-0.384,0.122
2024-08-11,746114,0.3456,0.2606,0.2312,0.2995,0.0836,0.0718,0.2794,0.3084,79,74,-0.175,-0.063
2024-08-11,746517,0.2911,0.3307,0.2562,0.2049,0.0846,0.0706,0.2965,0.2708,42,48,0.444,0.215
2024-08-11,746923,0.3229,0.3250,0.2493,0.2076,0.0984,0.1375,0.2979,0.2583,109,90,0.708,-0.346
2024-08-11,747166,0.3333,0.3193,0.2064,0.2649,0.0454,0.0872,0.2896,0.3066,86,16,-0.111,0.448
2024-08-12,745058,0.2977,0.3076,0.2315,0.3129,0.0882,0.0609,0.2959,0.2940,83,65,0.178,0.561
2024-08-12,745300,0.3106,0.3016,0.2652,0.2695,0.1008,0.0705,0.3170,0.3143,95,48,0.138,-0.059
2024-08-12,745383,0.3599,0.3861,0.2177,0.2133,0.0894,0.1294,0.2871,0.3050,14,53,0.248,0.267
2024-08-12,745874,0.3061,0.2975,0.2391,0.2491,0.1100,0.0629,0.2866,0.2952,91,93,0.529,0.316
2024-08-12,745953,0.3090,0.3202,0.2237,0.2599,0.0919,0.1087,0.2905,0.2857,12,102,0.004,-0.311
2024-08-12,746192,0.3459,0.3337,0.2696,0.1989,0.0929,0.0886,0.2906,0.2843,22,26,0.363,0.051
2024-08-12,746603,0.2953,0.2862,0.3124,0.2344,0.0914,0.0921,0.3123,0.2810,78,77,0.265,-0.084
2024-08-12,746682,0.3098,0.3169,0.2728,0.2235,0.0858,0.1001,0.3034,0.2894,87,106,0.343,0.489
2024-08-12,746762,0.2983,0.3284,0.2407,0.2137,0.1441,0.1306,0.2764,0.2812,90,6,0.026,
2024-08-12,746921,0.3084,0.3237,0.2170,0.2474,0.0864,0.1014,0.2844,0.3024,5,94,,0.031
2024-08-12,747165,,0.3114,,0.2625,,0.0713,,0.3161,,89,,0.394
2024-08-13,745055,0.3125,0.3412,0.2772,0.2125,0.0919,0.1180,0.3079,0.2660,110,30,0.254,0.363
2024-08-13,745302,0.3337,0.3289,0.2700,0.2049,0.1258,0.1063,0.3011,0.2759,96,87,0.673,0.107
2024-08-13,745382,0.3636,0.2689,0.2125,0.3248,0.0958,0.0748,0.2640,0.3373,30,82,0.024,0.522
2024-08-13,745548,0.3060,0.3294,0.2195,0.2412,0.0849,0.0662,0.2867,0.2936,18,40,-0.034,0.283
2024-08-13,745788,0.3394,0.3448,0.2329,0.2182,0.1434,0.0813,0.2759,0.2713,35,46,0.213,0.311
2024-08-13,745867,0.3087,,0.2073,,0.1008,,0.2938,,95,,0.338,
2024-08-13,745954,0.2902,0.3315,0.2300,0.1884,0.0876,0.0876,0.2746,0.2891,84,84,0.493,0.424
2024-08-13,746187,0.3663,0.2907,0.2133,0.2452,0.0976,0.0849,0.2771,0.2834,100,18,-0.071,-0.110
2024-08-13,746435,0.3247,0.2708,0.2584,0.2373,0.0836,0.0718,0.3084,0.3000,103,88,0.592,-0.062
2024-08-13,746601,0.3305,,0.2142,,0.0908,,0.2700,,90,,0.381,
2024-08-13,746673,0.3071,0.2594,0.2428,0.2942,0.0931,0.1041,0.2761,0.3065,97,90,0.033,-0.512
2024-08-13,746757,0.3009,0.3327,0.2679,0.1765,0.0660,0.0844,0.2853,0.2663,101,54,0.369,-0.107
2024-08-13,746924,0.2999,0.3375,0.2096,0.2524,0.1002,0.0668,0.2838,0.2876,36,99,0.127,-0.024
2024-08-13,747004,0.3067,0.3126,0.2339,0.1995,0.0836,0.0745,0.2925,0.2955,103,96,0.893,0.732
2024-08-13,747160,0.3739,0.3086,0.1984,0.2242,0.0908,0.0892,0.2600,0.2833,112,3,-0.019,
2024-08-14,745053,0.3435,0.3302,0.2150,0.2600,0.1145,0.0841,0.2886,0.2943,94,102,-0.139,0.542
2024-08-14,745301,0.2815,0.3272,0.2915,0.2579,0.0815,0.1362,0.3101,0.2921,9,18,-0.049,0.314
2024-08-14,745381,0.3014,0.3275,0.2392,0.2239,0.1167,0.1196,0.3076,0.2844,91,79,0.275,0.062
2024-08-14,745544,0.3251,0.3536,0.2607,0.1765,0.1214,0.0828,0.2945,0.2728,44,20,-0.071,-0.001
2024-08-14,745790,0.3321,0.3268,0.2412,0.2396,0.0824,0.1158,0.2686,0.3006,69,49,0.392,0.431
2024-08-14,745869,0.2918,0.3297,0.2846,0.2286,0.0879,0.1208,0.3067,0.2626,95,28,0.673,0.011
2024-08-14,745951,0.3310,0.3157,0.1992,0.2290,0.0953,0.1451,0.2577,0.2657,41,89,0.432,0.163
2024-08-14,746188,0.3421,0.3285,0.2291,0.2324,0.0903,0.1075,0.2951,0.3095,102,104,0.256,-0.052
2024-08-14,746436,0.2875,0.3242,0.2353,0.2194,0.0687,0.0850,0.2906,0.2624,51,18,0.280,0.301
2024-08-14,746598,0.3059,0.3236,0.2400,0.2172,0.0625,0.1020,0.2995,0.2753,78,5,0.081,
2024-08-14,746677,0.3508,0.3233,0.2237,0.2314,0.1059,0.0922,0.2942,0.2887,97,1,0.416,
2024-08-14,746759,0.3189,0.3110,0.2370,0.2517,0.0975,0.0975,0.2944,0.2927,8,8,0.258,0.021
2024-08-14,746919,0.3134,0.2779,0.2160,0.2341,0.0993,0.0708,0.2611,0.3034,47,90,0.444,-0.128
2024-08-14,747000,0.2935,0.3132,0.2415,0.2059,0.1022,0.0871,0.2857,0.2926,44,62,-0.158,-0.012
2024-08-14,747163,0.3163,0.3135,0.2800,0.1860,0.0839,0.0787,0.2992,0.2704,19,75,0.004,0.180
2024-08-15,744980,0.3456,0.3039,0.2060,0.2388,0.0837,0.0706,0.2750,0.3018,91,20,0.382,0.131
2024-08-15,745298,0.3473,0.3207,0.2112,0.2476,0.1095,0.0701,0.2849,0.2889,92,106,0.334,0.474
2024-08-15,745545,0.3139,0.2900,0.2456,0.2674,0.0928,0.0576,0.2766,0.2968,87,90,0.169,0.960
2024-08-15,745783,0.3405,0.3573,0.2468,0.2032,0.0845,0.1243,0.2964,0.2668,66,98,0.052,0.574
2024-08-15,745950,0.2858,0.3401,0.2781,0.2489,0.0558,0.0980,0.3220,0.2865,77,69,0.269,-0.137
2024-08-15,746437,0.2993,0.3210,0.2604,0.2545,0.0951,0.1347,0.2835,0.2951,94,19,0.325,-0.037
2024-08-15,747002,0.2856,0.3084,0.2940,0.2108,0.0575,0.0487,0.2967,0.3006,73,97,0.313,0.133
2024-08-16,744974,0.2859,0.3454,0.2721,0.2043,0.1047,0.1213,0.2778,0.2915,80,102,-0.015,0.227
2024-08-16,745054,0.2899,0.3285,0.2343,0.2230,0.0704,0.0863,0.2830,0.2875,77,75,0.653,-0.056
2024-08-16,745144,0.2942,0.3205,0.2280,0.1785,0.1020,0.0899,0.2936,0.2735,15,103,-0.033,0.021
2024-08-16,745462,0.2883,0.2718,0.2740,0.3167,0.0777,0.0583,0.2996,0.3268,90,54,1.059,0.508
2024-08-16,745542,0.3346,0.2863,0.2105,0.2394,0.0781,0.0752,0.2694,0.2881,102,95,0.201,0.616
2024-08-16,745784,0.3878,0.3130,0.2008,0.2490,0.1252,0.1219,0.2672,0.2922,65,93,0.329,0.594
2024-08-16,745949,0.3039,0.3081,0.2537,0.2809,0.0911,0.0869,0.3005,0.3050,35,97,0.850,0.550
2024-08-16,746189,0.2864,0.3037,0.2486,0.2343,0.0824,0.0923,0.2901,0.2996,45,77,0.338,0.377
2024-08-16,746357,0.2700,0.3045,0.3362,0.2781,0.0503,0.1139,0.3144,0.2919,92,95,0.078,0.640
2024-08-16,746438,0.3258,0.3175,0.1969,0.2329,0.0995,0.0933,0.2680,0.2584,37,22,0.157,0.106
2024-08-16,746518,0.3114,0.3111,0.2813,0.2279,0.0974,0.0886,0.3075,0.2856,111,94,0.530,0.156
2024-08-16,746674,0.3490,0.2968,0.2222,0.2171,0.1252,0.0756,0.2723,0.2821,89,28,0.253,0.072
2024-08-16,746843,0.2953,0.3100,0.2250,0.2488,0.1349,0.0880,0.2874,0.3045,56,61,-0.025,0.125
2024-08-16,747001,0.3056,0.2967,0.2368,0.2618,0.0978,0.0742,0.2872,0.2953,8,97,-0.317,0.036
2024-08-17,744977,0.2774,0.3270,0.2545,0.2237,0.0842,0.0855,0.2920,0.3023,19,88,-0.082,0.363
2024-08-17,745049,0.2965,0.3311,0.2507,0.2414,0.1018,0.1154,0.3069,0.2878,84,15,0.766,0.252
2024-08-17,745140,0.3279,0.2856,0.2649,0.1933,0.0951,0.1025,0.2886,0.2582,31,44,0.164,-0.075
2024-08-17,745463,0.3057,0.3455,0.2585,0.2214,0.0544,0.0804,0.2994,0.2719,99,85,0.027,-0.127
2024-08-17,745537,0.3272,0.3341,0.2787,0.1980,0.1341,0.0438,0.2748,0.2873,109,92,0.009,-0.118
2024-08-17,745626,0.2889,0.2984,0.2345,0.2330,0.0962,0.0934,0.2755,0.2757,30,22,0.390,0.255
2024-08-17,745785,0.2979,0.2820,0.2686,0.2590,0.0774,0.0838,0.2999,0.2832,26,91,0.197,-0.318
2024-08-17,745952,0.2945,0.3178,0.2652,0.2612,0.0816,0.1070,0.2871,0.2868,95,105,0.956,-0.316
2024-08-17,746190,0.3079,0.3686,0.2694,0.1860,0.0978,0.0936,0.3169,0.2754,100,118,0.123,0.334
2024-08-17,746355,0.3183,0.3173,0.2007,0.2564,0.0752,0.0968,0.2539,0.2997,95,112,0.608,0.716
2024-08-17,746434,0.3428,0.3573,0.2567,0.1810,0.0711,0.0965,0.2954,0.2708,104,40,-0.272,-0.012
2024-08-17,746515,0.3184,0.3308,0.3139,0.2063,0.0823,0.0683,0.3139,0.2700,106,52,-0.361,0.174
2024-08-17,746675,0.2753,0.3006,0.2360,0.3029,0.0710,0.0767,0.2718,0.3342,76,79,0.159,0.354
2024-08-17,746841,0.3303,0.2818,0.2215,0.2949,0.1085,0.1078,0.2956,0.3015,112,76,0.141,0.251
2024-08-17,746997,0.3279,0.3386,0.2396,0.2188,0.1047,0.1352,0.2984,0.2752,99,41,0.047,0.356
2024-08-18,744975,0.2936,0.3011,0.2554,0.2189,0.0614,0.0963,0.2979,0.2933,97,9,0.302,0.249
2024-08-18,745051,0.3232,0.3324,0.2451,0.2105,0.0932,0.0843,0.3049,0.2847,22,7,0.480,-0.236
2024-08-18,745139,0.3133,0.3056,0.2147,0.2807,0.0886,0.0843,0.2900,0.3051,15,90,-0.037,0.344
2024-08-18,745464,0.3222,0.3574,0.2610,0.2064,0.0807,0.0852,0.3073,0.2862,109,18,0.577,0.240
2024-08-18,745539,0.3054,0.3317,0.2355,0.2346,0.0822,0.0808,0.2928,0.2857,106,47,0.927,0.407
2024-08-18,745621,0.2966,0.3265,0.2866,0.1885,0.0772,0.1251,0.3181,0.2808,52,105,-0.045,0.360
2024-08-18,745786,0.3047,0.3566,0.2085,0.2044,0.0810,0.0942,0.2876,0.2660,22,53,-0.087,0.272
2024-08-18,745948,0.2857,0.3262,0.2364,0.1844,0.0903,0.0860,0.2830,0.2857,80,87,-0.082,0.459
2024-08-18,746186,0.3337,0.3393,0.2756,0.2221,0.1228,0.0863,0.3017,0.2897,100,17,0.673,0.322
2024-08-18,746359,0.3303,0.2940,0.1958,0.2388,0.1479,0.0860,0.2801,0.2975,12,87,0.424,0.166
2024-08-18,746431,0.3534,0.2657,0.1881,0.2391,0.0915,0.0705,0.2752,0.3015,100,91,0.202,-0.080
2024-08-18,746516,0.3829,0.3077,0.2060,0.2397,0.1337,0.0896,0.3021,0.2863,57,3,0.274,
2024-08-18,746676,0.2995,0.3147,0.2523,0.2254,0.1074,0.0985,0.2878,0.2898,95,109,0.556,0.476
2024-08-18,746838,0.3384,0.2902,0.2718,0.3128,0.0899,0.0897,0.2915,0.3138,25,81,0.351,0.257
2024-08-18,746999,0.3349,0.3069,0.2475,0.2273,0.0657,0.0910,0.2848,0.2703,102,68,-0.005,0.488
2024-08-19,744898,,0.3628,,0.2141,,0.0953,,0.2798,,104,,-0.088
2024-08-19,744976,0.3665,0.3141,0.2011,0.2172,0.1120,0.0958,0.2615,0.2622,35,51,0.028,0.453
2024-08-19,745294,0.3290,0.3365,0.1789,0.2112,0.0901,0.1095,0.2653,0.2775,58,92,-0.116,0.118
2024-08-19,745380,0.3127,0.2644,0.2398,0.3295,0.0895,0.0729,0.2906,0.3358,3,86,,0.547
2024-08-19,745620,0.3015,0.3299,0.3187,0.2460,0.0592,0.1392,0.2955,0.2799,69,38,0.559,0.057
2024-08-19,745780,0.3123,0.3190,0.1932,0.2510,0.0785,0.1128,0.2936,0.3022,101,52,0.677,0.426
2024-08-19,746027,0.3073,,0.2639,,0.0700,,0.3162,,92,,0.413,
2024-08-19,746109,0.2872,0.2883,0.2378,0.2305,0.0670,0.0854,0.2932,0.2764,54,88,0.266,0.510
2024-08-19,746270,0.3000,0.3045,0.2366,0.2044,0.1016,0.0965,0.2793,0.2890,25,102,-0.055,0.355
2024-08-19,746351,0.2736,0.3104,0.2265,0.2781,0.0686,0.0904,0.2999,0.3078,95,113,-0.166,0.242
2024-08-20,744814,0.3683,0.3066,0.2051,0.2282,0.0889,0.1058,0.2610,0.2821,116,50,-0.039,-0.141
2024-08-20,744896,0.3064,0.3388,0.2564,0.2309,0.1026,0.0887,0.2922,0.2988,34,105,0.379,0.241
2024-08-20,744978,0.3097,0.3225,0.2299,0.2274,0.1124,0.0671,0.3032,0.2935,97,24,0.276,0.138
2024-08-20,745136,0.3228,0.3127,0.2236,0.2399,0.1442,0.0960,0.2702,0.2733,97,103,0.196,0.056
2024-08-20,745295,0.3100,0.3574,0.2653,0.2570,0.0922,0.1819,0.2951,0.2936,12,26,-0.038,0.146
2024-08-20,745374,0.3460,0.3266,0.1968,0.2368,0.0927,0.1225,0.2705,0.2901,98,84,0.371,0.039
2024-08-20,745624,0.3365,0.3272,0.2139,0.2356,0.1132,0.0806,0.2685,0.2664,34,72,0.329,0.397
2024-08-20,745707,0.3114,0.3019,0.2360,0.2299,0.0881,0.1506,0.2945,0.2757,4,97,,-0.024
2024-08-20,745782,0.3107,0.3564,0.2088,0.2018,0.0851,0.1259,0.2898,0.2638,65,104,-0.002,0.572
2024-08-20,746029,0.3049,0.3275,0.2137,0.2602,0.0855,0.1170,0.2829,0.2969,6,48,0.193,-0.138
2024-08-20,746107,0.2968,0.3369,0.2554,0.1991,0.0932,0.1192,0.2806,0.2565,97,46,0.314,0.467
2024-08-20,746266,0.3252,0.2866,0.2282,0.2855,0.1056,0.0863,0.3080,0.3044,107,98,-0.053,0.641
2024-08-20,746349,0.2812,0.3378,0.2949,0.2172,0.0562,0.1124,0.2932,0.2895,76,97,0.307,-0.130
2024-08-20,746839,0.3315,0.3323,0.2454,0.2071,0.1702,0.0945,0.2870,0.2661,26,95,-0.129,0.396
2024-08-20,747083,0.2846,0.2842,0.2752,0.2843,0.0565,0.0680,0.2994,0.3032,93,67,0.963,-0.341
2024-08-21,744812,0.3258,0.3233,0.2514,0.2444,0.1096,0.0939,0.2871,0.2749,28,96,-0.127,0.181
2024-08-21,744893,0.2980,0.2992,0.2211,0.2242,0.0730,0.1293,0.2863,0.2877,31,61,0.033,0.001
2024-08-21,744973,,0.3485,,0.2007,,0.1191,,0.2852,,105,,0.213
2024-08-21,745138,0.3390,0.3469,0.2434,0.2258,0.0958,0.1040,0.2876,0.2962,72,100,-0.160,0.417
2024-08-21,745297,0.2653,0.3156,0.3363,0.2492,0.0493,0.0689,0.3168,0.2912,95,109,0.055,0.484
2024-08-21,745375,0.2826,0.3255,0.2666,0.2704,0.1024,0.0991,0.2723,0.3038,83,118,-0.026,0.504
2024-08-21,745622,0.3284,0.3370,0.2136,0.2471,0.0826,0.0819,0.2903,0.2978,81,70,-0.074,0.043
2024-08-21,745704,0.3357,0.2989,0.2209,0.2751,0.0773,0.0649,0.2844,0.2839,13,104,0.136,0.316
2024-08-21,745781,0.3052,0.3103,0.2233,0.2556,0.0653,0.1251,0.2829,0.2946,57,97,0.229,0.590
2024-08-21,746028,0.3104,0.3850,0.1893,0.2086,0.0771,0.1203,0.2723,0.2750,78,70,0.182,0.398
2024-08-21,746110,0.2826,0.3055,0.2884,0.2806,0.0761,0.0535,0.3030,0.3230,93,83,1.099,0.240
2024-08-21,746267,,0.3488,,0.2230,,0.1219,,0.2726,,93,,0.251
2024-08-21,746350,0.3024,0.2978,0.1993,0.2342,0.0689,0.1033,0.2952,0.2823,51,43,0.149,-0.298
2024-08-21,746837,0.3251,0.3001,0.2287,0.2349,0.1096,0.0613,0.2591,0.2973,28,81,0.035,0.117
2024-08-21,747084,0.2863,0.3433,0.2335,0.2187,0.0795,0.1067,0.2892,0.2842,99,96,0.639,0.388
2024-08-22,744815,0.3180,0.3360,0.2272,0.2044,0.0984,0.0757,0.2800,0.2669,99,107,0.133,0.210
2024-08-22,744894,,,,,,,,,,,,
2024-08-22,745137,0.3133,0.3158,0.2567,0.1864,0.1050,0.0877,0.2846,0.2758,108,107,-0.314,0.023
2024-08-22,745379,0.2776,0.3152,0.2606,0.3184,0.0821,0.0861,0.2859,0.3155,94,110,-0.297,-0.340
2024-08-22,745465,0.3005,0.2708,0.2995,0.3120,0.0739,0.0642,0.3300,0.3234,84,59,0.365,0.517
2024-08-22,745623,0.3236,0.2941,0.2452,0.2368,0.1108,0.0899,0.2955,0.2772,18,25,0.286,0.348
2024-08-22,745705,0.3196,0.3208,0.2488,0.1913,0.0954,0.0964,0.2867,0.2670,41,40,0.848,0.135
2024-08-22,746836,0.2992,0.2790,0.2141,0.2988,0.0955,0.1109,0.2903,0.3042,20,81,-0.225,0.277
2024-08-22,746998,0.3039,0.2925,0.2793,0.2630,0.1116,0.0771,0.2947,0.2889,98,104,0.667,0.060
2024-08-22,747082,0.3297,0.2844,0.1944,0.2512,0.0428,0.0800,0.2864,0.2938,95,48,-0.110,0.284
2024-08-23,744889,0.3432,0.3413,0.2088,0.2154,0.1054,0.1166,0.2874,0.2923,22,117,0.457,0.159
2024-08-23,745217,0.2805,0.3123,0.2486,0.2523,0.0929,0.0530,0.2833,0.2971,33,103,0.399,0.014
2024-08-23,745378,0.3528,0.3828,0.2062,0.2094,0.0909,0.1387,0.2672,0.3073,57,60,0.319,0.225
2024-08-23,745460,,0.3445,,0.2208,,0.0776,,0.2695,,90,,-0.090
2024-08-23,745625,0.3048,0.3249,0.2758,0.1853,0.0853,0.1229,0.3023,0.2808,100,108,0.556,0.387
2024-08-23,745702,0.3227,0.3471,0.2098,0.2552,0.0664,0.0689,0.2696,0.2945,55,109,0.191,-0.295
2024-08-23,745870,0.2823,0.2785,0.1938,0.2666,0.1068,0.0800,0.2597,0.2928,49,23,-0.124,-0.111
2024-08-23,746024,0.3084,0.3097,0.2429,0.2680,0.0858,0.0738,0.3017,0.2946,64,30,0.118,0.209
2024-08-23,746111,0.3252,0.3309,0.2485,0.2513,0.0899,0.0900,0.3113,0.2807,25,36,-0.298,0.276
2024-08-23,746268,0.3265,0.2793,0.2444,0.2383,0.0869,0.0694,0.2795,0.2750,51,79,0.426,0.124
2024-08-23,746597,0.3308,0.2929,0.2179,0.2633,0.0832,0.0853,0.2978,0.2863,92,100,0.364,0.961
2024-08-23,746758,0.3542,0.3129,0.1857,0.1970,0.0936,0.0737,0.2651,0.2547,43,98,0.006,0.627
2024-08-23,746920,0.2836,0.3255,0.2437,0.2415,0.0689,0.1027,0.2856,0.3002,80,102,0.624,0.046
2024-08-23,746995,0.3137,0.3288,0.2591,0.2223,0.0991,0.1312,0.2997,0.2797,118,44,0.700,0.335
2024-08-23,747080,0.3290,0.3061,0.2740,0.2751,0.1316,0.0954,0.2739,0.3195,112,104,0.034,0.089
2024-08-24,744890,0.3090,0.3268,0.2319,0.2966,0.1169,0.0868,0.2761,0.2963,31,28,-0.026,0.346
2024-08-24,745218,0.3069,0.3170,0.2879,0.2681,0.0751,0.0793,0.3191,0.3075,55,112,-0.048,0.571
2024-08-24,745377,0.3185,0.2645,0.2531,0.3318,0.1186,0.0771,0.2981,0.3395,55,91,0.465,0.531
2024-08-24,745457,0.3515,0.3600,0.2204,0.2012,0.0881,0.0781,0.2792,0.2809,4,25,,0.308
2024-08-24,745617,0.3204,0.3301,0.1807,0.2437,0.0842,0.1518,0.2848,0.2810,90,43,0.442,0.056
2024-08-24,745703,0.3069,0.3157,0.2404,0.2376,0.0841,0.0922,0.2914,0.2924,7,12,0.126,0.308
2024-08-24,745868,0.3116,0.2961,0.2799,0.2522,0.0821,0.0653,0.3065,0.2945,94,103,0.321,0.303
2024-08-24,746022,0.2963,0.3281,0.3089,0.1989,0.0934,0.0888,0.3108,0.2867,86,26,0.237,-0.186
2024-08-24,746108,0.3105,0.3108,0.3142,0.2193,0.0570,0.0979,0.2950,0.2949,74,18,0.508,0.006
2024-08-24,746271,0.3062,0.2992,0.2577,0.2459,0.0878,0.1046,0.2974,0.2855,84,99,0.105,0.554
2024-08-24,746599,0.3430,0.2910,0.2304,0.2283,0.0936,0.0871,0.3039,0.2841,75,85,0.248,-0.067
2024-08-24,746756,0.2605,0.3344,0.2409,0.1856,0.0691,0.1399,0.3012,0.2746,94,16,-0.086,0.385
2024-08-24,746917,0.3001,0.3300,0.2474,0.2552,0.1109,0.0645,0.3036,0.2855,90,105,0.783,0.012
2024-08-24,746996,0.2881,0.3017,0.2523,0.2222,0.0837,0.0888,0.3063,0.2655,91,71,0.167,0.430
2024-08-24,747077,0.3068,0.3275,0.2390,0.2890,0.0793,0.1205,0.2922,0.3065,112,103,0.897,0.658
2024-08-25,744892,0.3296,0.3666,0.2228,0.2090,0.1090,0.0931,0.3057,0.2798,111,108,-0.097,-0.079
2024-08-25,745212,0.3463,0.2793,0.2708,0.2466,0.1758,0.0648,0.2948,0.2958,29,58,0.179,0.233
2024-08-25,745376,0.3595,0.3207,0.1959,0.2388,0.1281,0.1200,0.2602,0.2916,109,87,0.571,0.055
2024-08-25,745459,0.3049,0.3790,0.2176,0.2132,0.0788,0.1075,0.2882,0.2652,37,39,0.070,0.047
2024-08-25,745618,0.3192,0.3228,0.2257,0.2361,0.1415,0.0856,0.2695,0.2656,100,76,0.196,0.424
2024-08-25,745706,0.3625,0.3468,0.2073,0.1847,0.0874,0.0898,0.2637,0.2745,119,103,-0.059,0.197
2024-08-25,745863,0.3074,0.3277,0.2476,0.2189,0.0942,0.0963,0.2772,0.2876,106,9,0.086,-0.084
2024-08-25,746023,0.3309,0.3112,0.2082,0.2204,0.0984,0.1038,0.2683,0.2713,99,4,0.389,
2024-08-25,746106,,0.2833,,0.2391,,0.0837,,0.2823,,91,,0.521
2024-08-25,746263,0.3146,0.3022,0.2074,0.2042,0.0830,0.0997,0.2743,0.2883,8,107,0.081,0.385
2024-08-25,746595,0.3279,0.3169,0.2311,0.2189,0.0648,0.0818,0.3009,0.2928,27,9,0.135,0.310
2024-08-25,746754,0.3437,0.3252,0.2294,0.1827,0.1048,0.0879,0.2594,0.2654,32,61,-0.001,-0.095
2024-08-25,746918,0.3262,0.2762,0.2426,0.2222,0.0993,0.0674,0.2990,0.2991,27,98,0.474,-0.209
2024-08-25,746994,0.3159,0.3034,0.2784,0.2196,0.0869,0.0831,0.3060,0.2936,120,68,0.239,0.006
2024-08-25,747078,0.3129,0.2810,0.2231,0.2931,0.1080,0.0665,0.2780,0.3033,57,70,-0.102,-0.371
2024-08-26,744813,0.2938,0.3189,0.2759,0.2442,0.0639,0.0917,0.2844,0.2763,107,100,0.326,0.215
2024-08-26,745133,0.3570,0.3458,0.1707,0.2261,0.0827,0.1077,0.2593,0.2965,81,104,0.402,0.408
2024-08-26,745215,0.3233,0.2911,0.2143,0.2675,0.0805,0.0911,0.2908,0.2842,85,101,-0.042,0.352
2024-08-26,745458,0.3016,0.3049,0.2334,0.2380,0.0662,0.1104,0.2959,0.3046,86,100,0.048,0.282
2024-08-26,745538,0.3434,0.2816,0.2139,0.2871,0.1138,0.0552,0.2900,0.3038,104,97,-0.128,0.962
2024-08-26,745865,0.3387,0.3406,0.2206,0.1992,0.1048,0.0911,0.2853,0.2724,99,101,0.425,0.369
2024-08-26,746513,0.3314,0.3677,0.2463,0.1980,0.1199,0.1029,0.2951,0.2762,54,102,-0.263,-0.009
2024-08-26,746596,0.3513,0.3563,0.2329,0.1805,0.0822,0.0978,0.2886,0.2674,82,90,0.198,0.235
2024-08-26,746753,,0.2976,,0.2943,,0.0889,,0.3095,,15,,-0.033
2024-08-26,746915,0.3404,0.3079,0.2266,0.2364,0.0873,0.0833,0.2981,0.2998,108,8,0.230,-0.332
2024-08-27,744811,0.3241,0.3307,0.1834,0.2122,0.0931,0.0746,0.2654,0.2711,44,110,0.114,0.191
2024-08-27,745132,0.3225,0.3179,0.3090,0.1865,0.0839,0.0853,0.3074,0.2767,115,112,-0.343,0.019
2024-08-27,745213,0.3300,0.2774,0.2539,0.2953,0.1166,0.0749,0.2953,0.3064,23,96,0.243,1.115
2024-08-27,745461,0.2778,0.3031,0.2971,0.2525,0.1081,0.1077,0.3055,0.3023,85,67,0.271,1.009
2024-08-27,745540,0.2962,0.2875,0.2414,0.2274,0.0989,0.0778,0.2860,0.2899,48,103,-0.199,0.628
2024-08-27,745864,0.2895,0.2878,0.2396,0.2622,0.0857,0.1119,0.2889,0.2723,53,89,0.254,-0.022
2024-08-27,745946,0.3154,0.3402,0.2490,0.2432,0.0675,0.0932,0.2916,0.2868,113,76,0.481,-0.133
2024-08-27,746105,0.2971,0.3031,0.2320,0.2882,0.0635,0.0526,0.2856,0.3226,61,86,0.223,0.294
2024-08-27,746429,0.3311,,0.2234,,0.0901,,0.2849,,3,,,
2024-08-27,746510,0.3881,0.3173,0.1991,0.2213,0.1226,0.1023,0.2747,0.2772,76,103,0.404,0.134
2024-08-27,746594,0.3487,0.3120,0.2170,0.2578,0.1253,0.0922,0.2691,0.2839,97,45,0.259,0.834
2024-08-27,746671,0.3334,0.3176,0.2487,0.2234,0.0803,0.0901,0.2977,0.2898,73,3,0.071,
2024-08-27,746755,0.3425,0.3152,0.2088,0.2017,0.1171,0.0773,0.2898,0.2558,108,104,0.218,0.609
2024-08-27,746916,0.2921,0.3033,0.2345,0.1903,0.1264,0.0662,0.2908,0.2924,64,56,0.095,0.100
2024-08-27,747162,0.3082,0.3102,0.2505,0.2616,0.1230,0.0680,0.2928,0.3177,100,97,0.548,0.425
2024-08-28,744809,0.3439,0.3302,0.2502,0.2730,0.0679,0.1288,0.2933,0.2754,112,116,-0.308,0.045
2024-08-28,745134,0.3740,0.2819,0.2198,0.1951,0.1356,0.1122,0.3096,0.2612,63,53,0.211,-0.148
2024-08-28,745211,0.3260,0.3126,0.2149,0.2577,0.0811,0.0520,0.2870,0.2983,10,107,-0.237,0.037
2024-08-28,745452,0.3126,0.2784,0.2347,0.3093,0.0834,0.0705,0.3005,0.3205,68,63,0.122,0.506
2024-08-28,745541,0.3039,0.3228,0.2780,0.2331,0.1091,0.0834,0.2946,0.2725,102,56,0.655,0.418
2024-08-28,745866,0.3034,0.2765,0.2697,0.2795,0.0939,0.0776,0.3179,0.3031,107,26,0.091,-0.046
2024-08-28,745943,0.3397,0.3133,0.2067,0.2502,0.1076,0.1028,0.2775,0.2829,95,112,0.122,-0.331
2024-08-28,746103,0.2945,0.3466,0.2577,0.1862,0.0759,0.1299,0.2869,0.2535,107,53,0.042,0.511
2024-08-28,746430,0.3758,,0.1850,,0.0906,,0.2746,,124,,0.320,
2024-08-28,746512,0.3138,0.3344,0.2558,0.2020,0.0710,0.0729,0.2892,0.2671,34,59,0.221,0.183
2024-08-28,746589,0.2787,0.2925,0.2397,0.2624,0.0681,0.0834,0.2774,0.2869,82,104,0.179,1.019
2024-08-28,746672,0.2939,,0.2449,,0.1075,,0.2781,,30,,0.345,
2024-08-28,746752,0.3059,,0.2197,,0.1189,,0.2742,,13,,0.247,
2024-08-28,746913,0.3369,0.3297,0.2169,0.2310,0.1149,0.1105,0.2918,0.2947,120,109,0.175,0.050
2024-08-28,747161,0.2760,0.2989,0.2614,0.2149,0.0807,0.0811,0.2865,0.2795,97,10,-0.285,0.264
2024-08-29,745135,0.2686,0.3059,0.3295,0.2934,0.0928,0.0807,0.3385,0.3147,98,97,0.572,0.302
2024-08-29,745531,0.3246,0.3309,0.2955,0.1953,0.1185,0.0482,0.3094,0.2892,106,99,0.679,-0.090
2024-08-29,745945,0.2836,0.3134,0.2480,0.2698,0.0997,0.0938,0.2785,0.2945,37,107,0.382,0.512
2024-08-29,746102,0.3286,0.3431,0.2155,0.2481,0.1371,0.0858,0.2783,0.2791,47,41,0.301,0.313
2024-08-29,746352,0.3019,0.3134,0.2458,0.2545,0.1022,0.0976,0.2862,0.2964,103,121,0.561,0.661
2024-08-29,746432,0.3353,0.3512,0.2007,0.1798,0.1020,0.0912,0.2813,0.2594,25,46,0.443,0.024
2024-08-29,746514,0.3318,0.3012,0.2006,0.2369,0.0852,0.0787,0.2863,0.2880,30,12,-0.069,0.274
2024-08-29,746670,,0.3418,,0.2247,,0.0846,,0.2842,,7,,0.135
2024-08-29,746748,0.3309,0.3178,0.2183,0.2388,0.0876,0.1270,0.2954,0.2786,96,24,0.351,0.384
2024-08-29,746914,0.3164,0.3255,0.3193,0.2503,0.0842,0.0635,0.3038,0.2834,31,108,0.367,0.066
2024-08-29,747159,0.3118,0.2921,0.2547,0.2349,0.1158,0.0667,0.2972,0.2811,58,85,0.480,0.612
2024-08-30,744810,0.2921,0.3101,0.3024,0.2376,0.0917,0.0885,0.3088,0.2924,89,117,0.267,0.869
2024-08-30,744969,0.3221,0.3419,0.1875,0.2218,0.1208,0.0904,0.2800,0.3015,111,80,0.403,0.234
2024-08-30,745052,0.3237,0.3113,0.2321,0.3143,0.1169,0.0559,0.2892,0.2986,91,77,0.044,0.547
2024-08-30,745299,0.3120,0.3062,0.2182,0.2862,0.1110,0.0812,0.2626,0.3146,9,59,0.209,-0.062
2024-08-30,745533,0.2807,0.3038,0.2915,0.2504,0.0721,0.0855,0.3022,0.2959,74,88,-0.360,0.099
2024-08-30,745700,0.3064,0.3456,0.2474,0.1838,0.0921,0.0927,0.2755,0.2705,110,109,0.090,0.176
2024-08-30,745862,0.3616,0.2980,0.2108,0.2473,0.0916,0.0642,0.2774,0.2946,111,106,-0.070,0.260
2024-08-30,746184,0.3227,,0.2644,,0.0880,,0.3034,,118,,0.569,
2024-08-30,746353,0.3029,0.2893,0.1991,0.2520,0.1033,0.0817,0.2865,0.3103,111,95,0.385,0.123
2024-08-30,746433,0.2817,0.3681,0.2164,0.1777,0.0720,0.0898,0.3005,0.2730,102,81,-0.222,-0.208
2024-08-30,746511,0.3091,0.3746,0.2152,0.2014,0.0864,0.0905,0.2634,0.2601,75,124,0.367,-0.053
2024-08-30,746593,0.3488,0.2901,0.2276,0.2240,0.0757,0.0899,0.2733,0.2784,94,92,-0.075,-0.058
2024-08-30,746665,0.3453,,0.2420,,0.1225,,0.3051,,27,,0.116,
2024-08-30,746749,0.3196,0.3295,0.2577,0.1750,0.1110,0.1005,0.2772,0.2612,45,66,-0.102,-0.153
2024-08-30,747156,0.3284,0.3058,0.1983,0.2455,0.1007,0.1204,0.2836,0.2996,26,95,0.065,0.738
2024-08-31,744808,0.3385,0.3212,0.2123,0.2116,0.0950,0.1274,0.2720,0.2766,105,63,0.380,-0.109
2024-08-31,744971,0.3191,0.3227,0.2359,0.2285,0.0905,0.0726,0.2639,0.3014,80,32,0.393,0.029
2024-08-31,745050,0.3544,0.3263,0.1657,0.2168,0.0805,0.1101,0.2606,0.2716,85,37,0.347,0.303
2024-08-31,745296,0.3248,0.3167,0.2481,0.2469,0.1169,0.0777,0.2945,0.2673,57,13,-0.327,0.103
2024-08-31,745532,0.3342,0.2872,0.2210,0.2859,0.1023,0.0539,0.2862,0.3013,103,101,0.456,0.960
2024-08-31,745699,0.3518,0.3239,0.2191,0.2471,0.1105,0.0867,0.2951,0.2909,109,17,0.382,0.473
2024-08-31,745859,0.3424,0.3178,0.2314,0.2365,0.0848,0.0927,0.2958,0.2894,113,12,0.221,-0.068
2024-08-31,746182,0.2830,0.3279,0.2604,0.2173,0.0624,0.1124,0.3069,0.3014,63,115,0.225,-0.112
2024-08-31,746348,0.2836,0.3174,0.2859,0.2734,0.0933,0.0857,0.3068,0.3046,108,123,0.622,0.221
2024-08-31,746424,0.2936,0.2633,0.2819,0.2407,0.0611,0.0676,0.2897,0.3010,82,98,0.327,-0.098
2024-08-31,746507,0.2996,0.3701,0.2216,0.1989,0.0815,0.1005,0.2928,0.2738,71,106,-0.009,-0.011
2024-08-31,746590,0.3757,0.3159,0.2118,0.2226,0.1219,0.0788,0.2660,0.2939,44,12,0.047,0.254
2024-08-31,746667,0.3190,0.3207,0.2272,0.2348,0.1391,0.0887,0.2714,0.2852,103,4,0.154,
2024-08-31,746751,0.3572,0.2942,0.1920,0.2788,0.1260,0.0972,0.2573,0.3016,112,19,0.544,-0.126
2024-08-31,747158,0.2799,0.3458,0.2404,0.2420,0.0823,0.0953,0.2840,0.2918,94,31,0.518,0.409
2024-09-01,744806,0.3178,0.3233,0.2592,0.2380,0.1020,0.0956,0.2766,0.2730,25,104,0.108,0.230
2024-09-01,744970,0.3292,,0.2502,,0.0785,,0.2983,,76,,0.092,
2024-09-01,745048,0.3263,0.3168,0.2985,0.2232,0.0811,0.0789,0.3033,0.2932,121,88,-0.352,-0.031
2024-09-01,745292,,0.3181,,0.2417,,0.0712,,0.2835,,118,,0.498
2024-09-01,745536,0.2857,0.2858,0.2567,0.2337,0.0912,0.0759,0.2913,0.2904,57,107,0.317,0.624
2024-09-01,745701,0.3151,0.2900,0.1945,0.2767,0.0838,0.0628,0.2765,0.2845,115,110,0.021,0.303
2024-09-01,745861,0.2979,0.3458,0.2292,0.2026,0.1273,0.0933,0.2898,0.2714,71,108,0.038,0.364
2024-09-01,746183,0.2859,,0.2807,,0.0895,,0.2901,,104,,0.345,
2024-09-01,746347,0.3534,0.3464,0.2299,0.2085,0.0856,0.1171,0.2884,0.2833,88,108,0.232,-0.091
2024-09-01,746426,0.3179,0.3485,0.1821,0.2146,0.0799,0.1089,0.2905,0.2602,61,38,0.068,-0.051
2024-09-01,746505,0.3021,0.3655,0.2176,0.1757,0.0477,0.0936,0.3005,0.2823,101,54,0.164,0.488
2024-09-01,746592,0.3026,0.3182,0.2380,0.2210,0.1078,0.0981,0.3018,0.2785,104,8,0.267,0.055
2024-09-01,746669,0.3400,,0.2376,,0.0912,,0.2830,,79,,-0.158,
2024-09-01,746750,0.3057,0.2666,0.2579,0.3293,0.1207,0.0549,0.2979,0.3126,103,98,0.547,0.053
2024-09-01,747157,0.2977,0.3079,0.2312,0.2627,0.1112,0.0667,0.2925,0.3178,18,100,-0.079,0.436
2024-09-02,744972,0.3200,0.3043,0.1854,0.2281,0.0896,0.1225,0.2653,0.2702,48,19,0.083,0.425
2024-09-02,745046,0.2868,0.3325,0.2567,0.2547,0.1097,0.0829,0.2724,0.2926,92,105,-0.003,0.554
2024-09-02,745373,0.3017,0.3764,0.2051,0.2145,0.0925,0.1323,0.2875,0.3068,23,66,-0.294,0.180
2024-09-02,745619,0.2727,0.2874,0.3020,0.2475,0.0734,0.1040,0.3062,0.2782,99,33,1.101,0.247
2024-09-02,745779,0.3245,0.2721,0.2385,0.2689,0.1086,0.0792,0.2980,0.2871,112,100,0.050,-0.261
2024-09-02,745947,0.2808,0.3133,0.1935,0.2515,0.1065,0.1067,0.2590,0.2853,59,115,-0.162,-0.331
2024-09-02,746265,0.3042,0.2810,0.2595,0.2299,0.0896,0.0721,0.2870,0.2764,48,88,0.857,0.132
2024-09-02,746668,0.3039,0.3482,0.2323,0.2058,0.1042,0.0777,0.2779,0.2862,52,13,-0.209,0.231
2024-09-02,746833,0.3173,0.2984,0.2444,0.2350,0.1120,0.0649,0.3020,0.2943,71,89,1.021,0.077
2024-09-02,746992,0.3176,0.2955,0.1954,0.2516,0.0809,0.0741,0.2541,0.2868,109,111,0.626,0.046
2024-09-02,747155,0.3037,0.3014,0.2887,0.2195,0.0515,0.0777,0.3242,0.2801,89,13,0.300,0.286
2024-09-03,744891,0.3651,0.3374,0.1705,0.2139,0.0874,0.1160,0.2738,0.2892,28,127,0.040,0.172
2024-09-03,744968,0.3460,0.3495,0.2528,0.2035,0.0713,0.1145,0.2891,0.2871,118,112,-0.313,0.209
2024-09-03,745047,0.2923,0.3189,0.2778,0.2559,0.0743,0.1127,0.3033,0.2986,30,26,-0.057,0.325
2024-09-03,745293,0.2916,0.3374,0.2365,0.2076,0.0655,0.1050,0.2791,0.2814,88,99,0.619,0.107
2024-09-03,745615,0.3114,0.3094,0.2573,0.2382,0.0508,0.0903,0.2965,0.2932,111,3,0.026,
2024-09-03,745778,0.3257,0.3119,0.2428,0.2480,0.0676,0.1131,0.2812,0.2977,113,61,0.039,0.433
2024-09-03,745944,0.3133,0.3142,0.2382,0.2675,0.0915,0.0970,0.2762,0.2941,24,112,-0.062,0.502
2024-09-03,746020,0.3320,0.3103,0.2127,0.2578,0.0729,0.0689,0.2738,0.2908,114,37,0.168,0.202
2024-09-03,746185,0.3422,0.2741,0.1983,0.2642,0.1266,0.0914,0.2570,0.2891,56,46,0.547,0.519
2024-09-03,746264,0.2914,0.3024,0.2722,0.2396,0.0810,0.0999,0.2908,0.2867,109,107,1.011,0.550
2024-09-03,746834,0.2809,0.3185,0.3047,0.2314,0.0679,0.0872,0.3195,0.2990,68,74,0.519,0.114
2024-09-03,746991,0.3071,0.3372,0.2414,0.2054,0.1229,0.1311,0.2769,0.2727,27,52,0.363,0.307
2024-09-03,747079,0.3285,0.2982,0.2050,0.2765,0.0712,0.0923,0.2681,0.3206,62,110,0.171,0.034
2024-09-04,744887,0.3306,0.3136,0.1964,0.3087,0.0471,0.0817,0.2894,0.3022,103,34,-0.067,0.352
2024-09-04,744964,0.3431,0.3288,0.1862,0.2265,0.0912,0.0860,0.2719,0.2975,112,99,0.182,0.345
2024-09-04,745045,,,,,,,,,,,,
2024-09-04,745290,0.3194,0.2828,0.2424,0.2576,0.1160,0.0958,0.2938,0.2805,101,41,0.728,0.316
2024-09-04,745370,0.3424,0.2776,0.1820,0.2355,0.0880,0.0753,0.2606,0.2894,50,42,0.028,0.305
2024-09-04,745614,0.3238,0.3194,0.2569,0.1830,0.0911,0.1239,0.3005,0.2779,123,115,0.580,0.393
2024-09-04,745776,0.2796,0.3153,0.2230,0.2456,0.0764,0.1153,0.3046,0.2748,106,50,-0.221,-0.135
2024-09-04,745938,0.3034,0.3255,0.2876,0.1762,0.0792,0.0797,0.3117,0.2819,100,99,0.328,0.381
2024-09-04,746019,0.3249,0.3219,0.2723,0.2153,0.1260,0.0826,0.2762,0.2914,120,33,0.061,0.007
2024-09-04,746178,0.3353,0.3767,0.2598,0.1819,0.0835,0.0892,0.2822,0.2741,44,127,0.323,0.335
2024-09-04,746262,0.2869,0.2998,0.2181,0.2070,0.0877,0.1016,0.2785,0.2887,96,114,-0.059,0.385
2024-09-04,746666,0.3003,0.3169,0.2850,0.2097,0.1071,0.0731,0.2991,0.2893,105,45,0.639,0.197
2024-09-04,746835,0.3191,0.2946,0.2464,0.2969,0.1181,0.0947,0.2914,0.3059,5,95,,0.266
2024-09-04,746990,0.3214,0.3070,0.1771,0.2175,0.0975,0.0846,0.2612,0.2625,70,78,-0.159,0.335
2024-09-04,747075,0.3105,0.3247,0.2371,0.2867,0.0879,0.1268,0.2818,0.3017,16,111,0.152,0.738
2024-09-05,744966,0.3283,0.3222,0.2043,0.2313,0.0988,0.0705,0.2793,0.3031,28,35,0.450,0.068
2024-09-05,745042,0.2987,0.3271,0.2425,0.3054,0.0633,0.0534,0.2945,0.2980,109,84,0.238,0.534
2024-09-05,745289,0.3833,0.3047,0.2266,0.2925,0.0897,0.0788,0.2886,0.3191,37,63,0.434,-0.053
2024-09-05,745369,0.3737,0.3240,0.1723,0.2306,0.0876,0.1263,0.2736,0.2870,85,96,-0.209,0.042
2024-09-05,745451,0.3099,0.3496,0.2374,0.2186,0.0867,0.0794,0.2948,0.2713,121,100,0.854,-0.094
2024-09-05,745612,0.2832,0.3152,0.2538,0.2376,0.0611,0.0888,0.3045,0.2602,66,83,0.203,0.393
2024-09-05,746021,0.2982,0.3197,0.2647,0.2080,0.0841,0.1208,0.2972,0.2572,91,12,0.113,0.155
2024-09-05,746664,0.3116,0.3203,0.2539,0.2150,0.0957,0.1184,0.2951,0.2814,125,5,0.627,
2024-09-05,747073,0.3796,0.2849,0.1967,0.2876,0.0888,0.0770,0.2605,0.3006,128,79,-0.081,-0.350
2024-09-06,744967,0.3498,0.3173,0.2107,0.2375,0.1365,0.1063,0.2680,0.2848,11,3,,
2024-09-06,745131,0.2919,0.3048,0.2720,0.2526,0.0929,0.0902,0.2895,0.2782,109,114,0.327,0.087
2024-09-06,745371,0.3055,0.2704,0.2626,0.3310,0.0749,0.0963,0.2741,0.3421,16,103,0.178,0.578
2024-09-06,745455,0.3231,0.3789,0.2140,0.2052,0.1246,0.1280,0.2803,0.2630,66,47,-0.114,0.107
2024-09-06,745611,0.2702,0.3283,0.2405,0.2479,0.0660,0.0758,0.3015,0.2949,102,81,-0.113,0.090
2024-09-06,745777,0.3096,0.3027,0.2494,0.2588,0.0837,0.1186,0.2794,0.2987,8,106,0.202,0.502
2024-09-06,745941,0.3680,0.3189,0.2009,0.2273,0.0988,0.1359,0.2745,0.2722,109,107,-0.015,0.162
2024-09-06,746016,0.2854,,0.2863,,0.0530,,0.2991,,104,,0.946,
2024-09-06,746104,0.3083,0.3267,0.2363,0.2522,0.0749,0.0810,0.2966,0.2738,16,35,0.337,-0.137
2024-09-06,746257,0.3351,0.2820,0.2405,0.2922,0.0927,0.0918,0.2868,0.3096,23,111,-0.014,0.645
2024-09-06,746343,0.3122,0.2852,0.2680,0.2529,0.0652,0.0803,0.3218,0.3104,104,98,0.417,0.127
2024-09-06,746832,0.2996,0.3153,0.2296,0.2495,0.1534,0.0988,0.2753,0.2715,101,28,-0.044,0.135
2024-09-06,746912,0.3158,0.2882,0.2936,0.2894,0.0905,0.0600,0.3034,0.2924,25,85,-0.100,0.313
2024-09-06,746993,0.3401,0.2956,0.2229,0.2161,0.1232,0.0798,0.2669,0.2907,43,74,0.218,-0.032
2024-09-06,747074,0.3636,0.3312,0.2067,0.2166,0.0902,0.1006,0.2771,0.2867,114,106,-0.090,0.421
2024-09-07,744963,0.3274,0.3251,0.2176,0.2190,0.1101,0.1184,0.3015,0.2656,119,22,-0.145,0.274
2024-09-07,745125,0.2767,0.3546,0.3004,0.2207,0.0718,0.1088,0.3038,0.2939,103,112,1.090,0.391
2024-09-07,745372,0.3147,0.3218,0.2429,0.2987,0.0702,0.0799,0.2852,0.3020,121,124,0.489,-0.359
2024-09-07,745456,0.3214,0.3055,0.2498,0.2351,0.0935,0.1042,0.2777,0.3014,108,110,0.202,0.237
2024-09-07,745613,0.3157,,0.2374,,0.0906,,0.2907,,3,,,
2024-09-07,745775,0.3077,0.3565,0.2115,0.1919,0.0865,0.1283,0.2882,0.2576,6,117,-0.126,0.564
2024-09-07,745942,0.3691,0.3428,0.1677,0.2358,0.0984,0.0882,0.2800,0.2831,59,84,0.428,-0.179
2024-09-07,746018,0.2842,0.3487,0.2337,0.2301,0.0743,0.1186,0.2908,0.2788,111,5,0.591,
2024-09-07,746099,0.3005,0.3114,0.2586,0.2337,0.0956,0.1048,0.2820,0.2924,52,4,0.815,
2024-09-07,746259,0.3500,0.3494,0.1974,0.2315,0.0913,0.0842,0.2713,0.2899,112,91,0.384,0.217
2024-09-07,746344,0.3052,0.3142,0.2174,0.2740,0.0860,0.0844,0.2716,0.3088,18,126,0.421,0.217
2024-09-07,746829,0.3267,0.3369,0.2472,0.2140,0.1020,0.0935,0.3168,0.2729,45,108,0.399,0.357
2024-09-07,746911,0.2621,0.3155,0.3414,0.1851,0.0541,0.0783,0.3129,0.2867,101,64,0.077,0.078
2024-09-07,746986,0.3177,0.3008,0.2220,0.2193,0.0896,0.0470,0.2934,0.2969,93,104,-0.031,0.159
2024-09-07,747076,0.3429,0.2949,0.2314,0.2476,0.0887,0.0885,0.2948,0.2834,117,61,0.212,0.317
2024-09-08,744965,0.3061,0.3481,0.2372,0.2054,0.0906,0.1126,0.2881,0.2871,3,115,,0.202
2024-09-08,745128,0.3190,0.3167,0.2554,0.1963,0.0495,0.0826,0.2945,0.2757,116,118,-0.007,0.017
2024-09-08,745368,0.3171,0.3692,0.2372,0.2244,0.0906,0.1295,0.2900,0.3091,3,69,,0.250
2024-09-08,745453,0.3310,0.3117,0.2144,0.2459,0.0718,0.1098,0.2753,0.3025,117,74,0.150,1.031
2024-09-08,745616,0.3460,0.3143,0.2173,0.2601,0.1060,0.0827,0.2646,0.2942,41,9,-0.049,-0.073
2024-09-08,745774,0.3338,0.2720,0.2071,0.2696,0.0741,0.0780,0.2857,0.2914,17,103,0.300,-0.267
2024-09-08,745940,0.3244,0.3090,0.2076,0.2469,0.0697,0.1051,0.2718,0.2845,65,118,0.173,-0.324
2024-09-08,746017,,0.3258,,0.2373,,0.1287,,0.2857,,62,,-0.311
2024-09-08,746098,0.2966,0.3096,0.2640,0.2825,0.0845,0.0507,0.2892,0.3242,114,92,0.941,0.283
2024-09-08,746258,0.2889,0.2788,0.2528,0.2233,0.1121,0.0704,0.2738,0.2751,98,92,-0.050,0.125
2024-09-08,746345,0.2984,0.3146,0.2349,0.2180,0.0700,0.1236,0.2764,0.2694,93,59,0.591,-0.254
2024-09-08,746827,0.3213,0.2952,0.1942,0.2299,0.0948,0.0639,0.2643,0.2924,53,92,0.144,0.068
2024-09-08,746910,0.3277,,0.1997,,0.0840,,0.2573,,115,,0.624,
2024-09-08,746989,0.3326,0.2961,0.2511,0.2483,0.0860,0.0718,0.2918,0.2881,111,117,0.561,0.006
2024-09-08,747072,0.2980,0.2958,0.2259,0.2755,0.1365,0.0903,0.2927,0.3197,77,114,0.033,0.046
2024-09-09,744888,0.3151,0.3187,0.2471,0.2449,0.1124,0.1030,0.2773,0.2862,53,5,-0.114,-0.014
2024-09-09,745454,0.3198,0.2874,0.2053,0.2979,0.0896,0.0798,0.2856,0.3122,37,74,0.066,0.563
2024-09-09,745534,0.3156,0.3343,0.2331,0.1889,0.0890,0.0455,0.2862,0.2873,4,109,0.256,-0.102
2024-09-09,745698,0.3041,0.3456,0.2393,0.2537,0.1035,0.0701,0.2863,0.2898,111,121,0.560,-0.307
2024-09-09,745860,0.2780,0.2857,0.2629,0.2757,0.0972,0.0712,0.2866,0.2998,50,34,0.492,-0.054
2024-09-09,746101,0.3185,0.3388,0.2257,0.2059,0.0854,0.1297,0.3000,0.2585,77,61,0.119,0.530
2024-09-09,746746,0.3591,0.3321,0.2141,0.1960,0.0721,0.0802,0.2851,0.2710,19,11,0.151,0.128
2024-09-09,746909,0.3402,0.3258,0.2062,0.2382,0.1267,0.1119,0.2760,0.3003,56,116,0.300,0.011
2024-09-10,744807,0.2856,0.3256,0.2881,0.2727,0.0754,0.1241,0.3022,0.2748,82,123,-0.382,0.061
2024-09-10,744886,0.3035,0.3420,0.2633,0.2235,0.1096,0.1130,0.3056,0.2928,65,132,0.439,0.174
2024-09-10,745126,0.3322,0.2979,0.2016,0.1833,0.1262,0.1176,0.2724,0.2532,9,65,0.247,-0.205
2024-09-10,745210,0.2762,0.3226,0.2421,0.2601,0.0720,0.0889,0.2902,0.3015,47,128,0.337,0.567
2024-09-10,745291,0.3214,,0.2579,,0.0938,,0.2922,,118,,0.509,
2024-09-10,745446,0.3292,0.3099,0.2168,0.2209,0.1372,0.0792,0.2612,0.2783,18,12,0.260,0.265
2024-09-10,745535,0.3212,0.2971,0.3123,0.2591,0.0524,0.0825,0.2985,0.2972,87,94,0.596,0.106
2024-09-10,745694,0.3006,0.3460,0.2029,0.1793,0.1057,0.0938,0.2888,0.2696,117,118,0.398,0.178
2024-09-10,745856,0.3714,0.2972,0.1837,0.2436,0.0879,0.0622,0.2742,0.2934,130,112,0.342,0.210
2024-09-10,746097,0.2919,0.3053,0.2906,0.3001,0.0931,0.0952,0.3053,0.3080,98,63,0.294,0.231
2024-09-10,746346,0.3149,0.3204,0.1849,0.2665,0.1219,0.1176,0.2758,0.2955,118,116,0.413,0.645
2024-09-10,746428,0.3543,0.3419,0.2132,0.1746,0.1036,0.0939,0.2739,0.2593,24,54,0.230,0.022
2024-09-10,746747,0.2881,0.3299,0.2182,0.1709,0.0857,0.0948,0.2779,0.2565,100,74,-0.082,-0.220
2024-09-10,746907,0.3123,0.3239,0.2106,0.2495,0.0824,0.0665,0.2595,0.2856,82,116,0.292,0.030
2024-09-10,747152,0.3290,0.3169,0.2203,0.2433,0.0841,0.1141,0.2985,0.2943,103,104,0.321,0.709
2024-09-11,744804,0.3298,0.3109,0.2230,0.2373,0.1041,0.0848,0.2880,0.2953,110,125,0.361,0.852
2024-09-11,744881,0.2986,0.3332,0.2598,0.2990,0.1165,0.0869,0.2964,0.2948,109,40,0.487,0.294
2024-09-11,745127,0.3146,0.3439,0.2207,0.2428,0.0904,0.0901,0.2827,0.2697,3,92,,0.315
2024-09-11,745214,0.2668,0.2873,0.3307,0.2551,0.0945,0.0596,0.3414,0.3070,106,69,0.583,0.188
2024-09-11,745285,0.3340,0.3087,0.1671,0.2893,0.0940,0.0893,0.2762,0.3200,107,71,0.387,-0.023
2024-09-11,745450,,0.3600,,0.2163,,0.0765,,0.2722,,106,,-0.089
2024-09-11,745525,0.3336,0.2827,0.2255,0.2868,0.1198,0.0521,0.2666,0.3005,46,107,0.230,0.948
2024-09-11,745697,0.2880,0.2988,0.2835,0.2237,0.0892,0.1557,0.3064,0.2734,116,105,0.605,-0.096
2024-09-11,745857,0.3537,0.3354,0.1884,0.2431,0.0915,0.0895,0.2791,0.2922,35,26,0.546,-0.024
2024-09-11,746100,0.3210,0.3526,0.2543,0.2670,0.1138,0.0955,0.2750,0.2837,34,52,0.238,0.359
2024-09-11,746342,0.3280,0.3088,0.2275,0.2535,0.0919,0.0936,0.2519,0.2976,89,129,0.402,0.618
2024-09-11,746425,0.3187,0.3803,0.2381,0.1671,0.1054,0.0852,0.2864,0.2745,32,89,-0.116,-0.194
2024-09-11,746745,0.3210,0.3299,0.2334,0.2878,0.0827,0.0966,0.2966,0.3036,21,30,0.473,-0.105
2024-09-11,746908,0.2960,0.2903,0.2183,0.2927,0.0854,0.0713,0.2959,0.2887,77,90,-0.047,0.326
2024-09-11,747154,0.3208,0.3882,0.2313,0.2190,0.0676,0.0869,0.3025,0.2857,39,40,0.095,0.369
2024-09-12,744805,0.3515,0.3260,0.2239,0.2523,0.1083,0.0959,0.2732,0.2761,11,114,0.266,0.195
2024-09-12,745129,0.3194,0.3001,0.2159,0.2877,0.0824,0.0778,0.2928,0.3135,9,103,-0.222,0.331
2024-09-12,745208,,0.2939,,0.2695,,0.0959,,0.2916,,114,,0.352
2024-09-12,745288,0.3203,0.2916,0.2275,0.2607,0.1385,0.1092,0.2710,0.2808,111,47,0.157,0.279
2024-09-12,745695,0.3272,0.2953,0.1775,0.2680,0.0751,0.0668,0.2832,0.2853,69,115,0.079,0.291
2024-09-12,746337,0.3261,0.2869,0.2562,0.2463,0.0742,0.0845,0.2992,0.3055,84,102,0.086,0.147
2024-09-12,746427,0.3682,0.2696,0.2017,0.2357,0.1022,0.0648,0.2757,0.2976,113,105,-0.018,-0.110
2024-09-12,746591,0.3143,0.3087,0.2237,0.2428,0.0877,0.1150,0.2946,0.2728,96,59,-0.031,0.835
2024-09-13,744800,0.3222,0.3227,0.2312,0.2069,0.1254,0.1283,0.2849,0.2781,65,70,-0.336,-0.113
2024-09-13,744882,0.3075,0.3629,0.2466,0.2017,0.0881,0.0881,0.2773,0.2753,118,118,0.076,-0.092
2024-09-13,745207,,0.3194,,0.2464,,0.0997,,0.2786,,37,,0.434
2024-09-13,745286,0.3297,0.3248,0.2920,0.2348,0.0781,0.0731,0.2986,0.2841,128,127,-0.335,0.490
2024-09-13,745447,0.3484,0.3784,0.2365,0.1973,0.0877,0.1322,0.2932,0.2626,96,51,0.227,0.128
2024-09-13,745529,0.3516,0.2947,0.1883,0.2267,0.1260,0.0720,0.2551,0.2916,120,116,0.558,0.593
2024-09-13,745696,0.3164,0.3247,0.2206,0.2468,0.0901,0.1071,0.2779,0.3146,3,49,,0.444
2024-09-13,745855,0.3289,0.3517,0.1987,0.1983,0.0709,0.0947,0.2833,0.2737,20,116,0.321,0.388
2024-09-13,746181,0.3104,0.3368,0.2784,0.2284,0.0825,0.1308,0.3140,0.2742,130,14,0.216,0.334
2024-09-13,746423,0.3146,0.3440,0.2196,0.2255,0.0457,0.1196,0.2968,0.2641,108,46,0.177,-0.066
2024-09-13,746509,0.3357,0.3815,0.2133,0.1902,0.0964,0.0860,0.2722,0.2594,113,134,0.352,-0.086
2024-09-13,746586,0.3269,0.2978,0.2551,0.2593,0.0834,0.0829,0.2936,0.2887,116,117,0.555,0.970
2024-09-13,746744,0.3203,0.2845,0.2328,0.3367,0.0887,0.0513,0.2781,0.3095,4,109,0.015,0.055
2024-09-13,747069,0.3311,0.2936,0.2439,0.2411,0.0783,0.0861,0.2699,0.2827,38,64,-0.057,0.340
2024-09-13,747153,0.3053,0.3025,0.2412,0.2183,0.1026,0.0814,0.2820,0.2720,122,22,-0.299,0.343
2024-09-14,744803,0.3302,0.3410,0.1933,0.2103,0.0940,0.0686,0.2813,0.2761,43,125,0.242,0.148
2024-09-14,744884,0.3537,0.3422,0.2298,0.2357,0.1106,0.0917,0.2959,0.2949,118,122,0.373,0.211
2024-09-14,745209,0.2954,0.2727,0.2237,0.3067,0.0864,0.0704,0.2948,0.3071,29,106,0.043,1.099
2024-09-14,745284,0.3628,0.3151,0.2266,0.2398,0.1264,0.0805,0.3131,0.2605,72,23,0.277,0.329
2024-09-14,745448,0.2915,0.2996,0.2223,0.2466,0.0744,0.1016,0.2728,0.3069,97,114,0.184,0.252
2024-09-14,745528,0.2693,0.3115,0.2705,0.2042,0.0764,0.0779,0.2933,0.2716,106,13,-0.262,0.050
2024-09-14,745689,0.3382,0.3253,0.2399,0.1909,0.1130,0.0974,0.3002,0.2639,123,60,0.034,0.112
2024-09-14,745858,0.3095,0.2897,0.2204,0.2463,0.0769,0.1153,0.2927,0.2687,53,102,0.276,-0.049
2024-09-14,746177,0.3126,0.3246,0.2106,0.2138,0.1275,0.1082,0.2682,0.2997,63,122,-0.256,-0.163
2024-09-14,746422,0.2995,0.3394,0.2439,0.2285,0.0705,0.1164,0.2876,0.2660,120,49,0.005,-0.020
2024-09-14,746508,0.2967,0.3281,0.2302,0.1978,0.0621,0.0663,0.2947,0.2642,96,71,0.076,0.190
2024-09-14,746584,0.3309,0.3475,0.2179,0.2184,0.0779,0.0693,0.2883,0.2885,13,22,-0.401,0.081
2024-09-14,746740,0.3101,0.3322,0.2727,0.1961,0.0779,0.0825,0.2953,0.2537,13,118,-0.071,0.606
2024-09-14,747070,0.3054,0.2938,0.2768,0.2691,0.0496,0.0937,0.3200,0.3171,95,118,0.292,0.036
2024-09-14,747148,0.3392,0.3133,0.2358,0.2716,0.0857,0.0691,0.2823,0.3179,88,109,-0.169,0.412
2024-09-15,744801,0.3371,0.3250,0.2013,0.2737,0.1393,0.1221,0.2646,0.2742,24,126,0.278,0.099
2024-09-15,744883,0.3237,0.2938,0.1974,0.2351,0.0786,0.1336,0.2774,0.2941,127,80,0.025,0.037
2024-09-15,745206,0.3443,0.3213,0.2074,0.2599,0.1107,0.0870,0.2894,0.3035,118,132,0.180,0.566
2024-09-15,745287,0.3245,0.3352,0.2292,0.2107,0.1286,0.0864,0.2858,0.2877,101,6,0.056,
2024-09-15,745449,0.3077,0.3167,0.2381,0.2457,0.1063,0.1066,0.2830,0.3066,116,78,0.561,1.034
2024-09-15,745530,0.3060,0.3295,0.2551,0.1902,0.1140,0.0445,0.3054,0.2865,69,113,0.411,-0.097
2024-09-15,745693,0.3204,0.3429,0.2439,0.2615,0.0650,0.0733,0.2843,0.2928,120,127,0.074,-0.295
2024-09-15,745852,0.3388,0.3000,0.2042,0.2617,0.1192,0.0778,0.2757,0.2942,13,39,0.214,-0.025
2024-09-15,746180,0.3493,0.3356,0.2018,0.2306,0.1255,0.0827,0.2776,0.2881,113,9,-0.132,0.303
2024-09-15,746419,0.3420,0.3410,0.2059,0.1787,0.1215,0.0915,0.2756,0.2625,61,57,0.296,0.061
2024-09-15,746506,0.3166,0.3184,0.2192,0.2163,0.0830,0.1067,0.2976,0.2772,81,106,0.121,0.188
2024-09-15,746585,0.3293,0.2839,0.3107,0.2142,0.0510,0.0841,0.2984,0.2773,91,103,0.583,-0.092
2024-09-15,746741,0.3132,,0.1808,,0.1193,,0.2743,,122,,0.392,
2024-09-15,747071,0.3541,0.3243,0.2024,0.2844,0.1227,0.1213,0.2567,0.3013,68,119,0.515,0.788
2024-09-15,747151,0.3362,0.3174,0.2434,0.2480,0.1189,0.1166,0.3074,0.2969,30,109,-0.046,0.725
2024-09-16,745130,0.2852,0.2941,0.2986,0.1854,0.0782,0.1218,0.3146,0.2557,77,69,0.560,-0.190
2024-09-16,745367,0.3173,0.2785,0.2592,0.2334,0.1144,0.0695,0.2950,0.2898,121,51,0.724,0.331
2024-09-16,745773,0.3098,0.2976,0.2389,0.2596,0.0836,0.1197,0.2961,0.2922,128,113,0.852,0.442
2024-09-16,745939,0.2979,0.3214,0.2589,0.2563,0.0804,0.0968,0.2949,0.2955,98,123,0.118,0.494
2024-09-16,746179,0.3351,0.2777,0.1733,0.2559,0.0921,0.0948,0.2588,0.2880,78,53,-0.252,0.464
2024-09-16,746260,0.2959,0.2970,0.2762,0.2095,0.0978,0.1034,0.3102,0.2892,70,121,0.310,0.397
2024-09-16,746502,0.3798,,0.2224,,0.0846,,0.2910,,43,,0.356,
2024-09-16,746588,0.3010,0.3118,0.2381,0.2578,0.0665,0.0789,0.2904,0.3116,116,25,0.205,0.494
2024-09-16,746828,0.3215,0.2871,0.2297,0.2852,0.0902,0.0914,0.2540,0.3051,92,101,0.381,0.284
2024-09-16,747067,0.2981,0.3308,0.3168,0.2191,0.0929,0.1024,0.3129,0.2872,66,113,0.250,0.354
2024-09-17,744961,0.3480,0.3417,0.2218,0.2257,0.1096,0.0816,0.2916,0.2986,138,108,0.221,0.324
2024-09-17,745044,0.2909,0.3264,0.2982,0.2335,0.0760,0.1145,0.2911,0.2670,94,51,0.309,0.206
2024-09-17,745122,0.3536,0.3450,0.2303,0.2446,0.0752,0.0884,0.2773,0.2675,109,95,-0.079,0.284
2024-09-17,745205,0.3023,0.2868,0.2217,0.2494,0.1620,0.0584,0.2717,0.3081,111,72,-0.091,0.163
2024-09-17,745366,0.3101,0.2620,0.2548,0.3368,0.0922,0.0930,0.2994,0.3451,132,109,0.611,0.588
2024-09-17,745772,0.3203,0.3176,0.2580,0.2430,0.0939,0.1236,0.2773,0.2724,118,59,0.203,-0.094
2024-09-17,745935,0.2785,0.3188,0.2861,0.2237,0.0509,0.1363,0.2997,0.2714,111,114,0.951,0.148
2024-09-17,746015,0.3662,0.3641,0.2514,0.2041,0.1068,0.1117,0.2772,0.2598,59,18,0.414,0.253
2024-09-17,746176,0.3324,0.3687,0.2804,0.1861,0.0907,0.0866,0.2998,0.2754,36,133,-0.156,0.347
2024-09-17,746261,0.3764,0.2832,0.1705,0.2900,0.0836,0.0878,0.2733,0.3066,92,119,-0.177,0.599
2024-09-17,746503,0.3114,0.3675,0.1952,0.2041,0.0749,0.1006,0.2721,0.2751,83,116,0.079,-0.015
2024-09-17,746587,0.3414,0.3175,0.2357,0.2413,0.0936,0.1106,0.2889,0.2778,33,64,0.012,0.793
2024-09-17,746659,0.2889,0.3210,0.2827,0.2077,0.0772,0.1001,0.3048,0.2868,14,7,-0.048,-0.196
2024-09-17,746830,0.3253,0.3508,0.2562,0.2419,0.0724,0.1040,0.3004,0.2706,88,43,0.062,0.251
2024-09-17,746987,0.3044,0.3087,0.2904,0.2186,0.0874,0.0870,0.3210,0.2629,74,86,-0.015,0.251
2024-09-18,744959,0.3233,0.3332,0.3001,0.2277,0.0846,0.0640,0.2983,0.3044,43,45,0.361,0.095
2024-09-18,745040,0.2892,0.3167,0.2191,0.2216,0.0793,0.0847,0.3000,0.2937,113,102,-0.196,-0.062
2024-09-18,745121,0.3707,0.2995,0.1946,0.2946,0.0947,0.0766,0.2731,0.3145,32,106,0.456,0.361
2024-09-18,745199,0.2913,0.2934,0.2748,0.2650,0.0658,0.0944,0.2879,0.2921,118,117,0.273,0.351
2024-09-18,745365,0.2855,0.3274,0.2450,0.2897,0.0881,0.0814,0.3061,0.3016,107,133,0.169,-0.343
2024-09-18,745771,0.3227,0.3550,0.2173,0.1843,0.1257,0.1235,0.2805,0.2528,73,124,-0.091,0.546
2024-09-18,745933,0.2953,0.3081,0.2260,0.2389,0.0813,0.1102,0.2893,0.2777,121,128,0.587,-0.259
2024-09-18,746014,0.3432,0.2851,0.2395,0.2515,0.0742,0.0815,0.2713,0.2970,44,47,-0.042,-0.027
2024-09-18,746172,0.3330,0.3664,0.2066,0.1791,0.0742,0.0872,0.2805,0.2758,17,40,0.196,0.531
2024-09-18,746254,0.2689,0.3467,0.2316,0.2494,0.0638,0.0857,0.2922,0.2986,108,100,-0.115,0.226
2024-09-18,746500,0.3034,0.3825,0.2288,0.1936,0.0887,0.0881,0.2731,0.2634,27,141,0.306,-0.132
2024-09-18,746582,0.3511,0.2973,0.2006,0.2550,0.0934,0.0818,0.2759,0.2881,119,120,0.395,0.992
2024-09-18,746662,0.2904,0.3172,0.2415,0.2070,0.0915,0.0794,0.2843,0.2904,68,12,0.359,-0.283
2024-09-18,746831,0.3087,0.2913,0.2305,0.2823,0.0828,0.1100,0.2813,0.2983,9,92,0.019,0.243
2024-09-18,746988,0.2905,0.2900,0.2628,0.2208,0.1065,0.0837,0.2815,0.2987,50,80,0.277,-0.015
2024-09-19,744962,0.3648,0.3111,0.1996,0.2451,0.0849,0.0879,0.2743,0.2915,125,5,-0.065,
2024-09-19,745041,0.3342,0.3235,0.2416,0.2552,0.1114,0.0817,0.3024,0.2964,126,120,-0.008,0.563
2024-09-19,745120,0.3754,0.3064,0.1994,0.2483,0.1366,0.0868,0.2633,0.2794,55,121,0.152,0.092
2024-09-19,745204,0.3229,0.2684,0.2472,0.2996,0.1037,0.0689,0.3188,0.3043,53,110,0.478,1.088
2024-09-19,745769,0.3192,0.2642,0.2226,0.2836,0.0885,0.0752,0.2701,0.2983,61,109,0.345,-0.268
2024-09-19,745937,0.3218,0.3411,0.2625,0.2314,0.0726,0.0842,0.3169,0.2821,115,91,0.452,-0.199
2024-09-19,746011,0.3056,0.3184,0.2791,0.2438,0.0541,0.1276,0.3252,0.2831,101,71,0.293,-0.361
2024-09-19,746341,0.3274,0.3044,0.2334,0.2832,0.1049,0.0810,0.2880,0.3144,4,134,-0.161,0.218
2024-09-19,746579,0.2909,0.3372,0.2466,0.2228,0.1188,0.0672,0.2700,0.2914,106,25,-0.066,0.045
2024-09-19,746663,0.2984,0.3233,0.2648,0.2040,0.0979,0.0688,0.3154,0.2807,121,23,0.070,0.306
2024-09-19,746823,0.3381,0.3335,0.2124,0.2155,0.0676,0.0950,0.2752,0.2723,128,116,0.138,0.383
2024-09-19,746985,0.3334,0.3225,0.2316,0.2147,0.0707,0.0448,0.2819,0.2952,134,112,0.501,0.175
2024-09-20,744960,0.3169,0.3064,0.2561,0.2491,0.0857,0.0893,0.3024,0.2980,135,4,0.568,
2024-09-20,745043,0.3412,0.3255,0.2375,0.2494,0.0904,0.0877,0.2975,0.3062,125,28,0.223,-0.327
2024-09-20,745123,0.2830,0.3483,0.2080,0.2262,0.0816,0.1089,0.2788,0.2956,108,121,-0.094,0.396
2024-09-20,745364,0.2879,0.3608,0.3369,0.2292,0.0507,0.1312,0.3103,0.3128,112,75,0.083,0.280
2024-09-20,745606,0.3266,0.3152,0.1865,0.2685,0.1034,0.0733,0.2641,0.2952,63,18,0.063,0.010
2024-09-20,745770,0.3240,0.3089,0.2031,0.2496,0.0436,0.1115,0.2889,0.2996,117,72,-0.092,0.412
2024-09-20,745934,0.3164,0.3357,0.2525,0.1606,0.1248,0.0961,0.2978,0.2744,114,114,0.734,0.380
2024-09-20,746013,0.3247,0.3254,0.2838,0.1939,0.1241,0.0992,0.3024,0.2807,123,48,0.792,0.123
2024-09-20,746094,0.3217,0.3175,0.1981,0.2198,0.0641,0.0988,0.2613,0.2856,76,8,0.170,-0.402
2024-09-20,746256,0.3222,0.2884,0.2266,0.2232,0.0763,0.0790,0.2532,0.2718,28,101,0.330,0.159
2024-09-20,746340,0.3256,0.3105,0.2166,0.2089,0.1149,0.1373,0.2983,0.2657,129,69,-0.154,-0.247
2024-09-20,746661,0.3058,0.3038,0.2469,0.2180,0.0995,0.0816,0.3082,0.2951,118,59,0.259,0.228
2024-09-20,746824,0.2931,0.2950,0.2317,0.2323,0.0779,0.0611,0.2875,0.2920,39,99,0.384,0.073
2024-09-20,746905,0.3033,0.3340,0.2591,0.2021,0.0934,0.1263,0.2925,0.2663,44,9,-0.006,0.167
2024-09-20,746984,0.2967,0.2981,0.1970,0.2456,0.0897,0.0695,0.2887,0.2884,26,123,-0.172,0.024
2024-09-21,744958,0.3206,0.3110,0.2400,0.2190,0.1029,0.0939,0.2791,0.2661,44,54,0.474,0.470
2024-09-21,745038,0.2925,0.3253,0.2305,0.3182,0.1308,0.0618,0.2940,0.2943,83,97,0.034,0.542
2024-09-21,745124,0.3120,0.3188,0.2662,0.1998,0.0856,0.0774,0.3072,0.2791,30,130,0.458,0.032
2024-09-21,745360,0.3286,0.3212,0.2086,0.2254,0.0808,0.1263,0.2594,0.2816,122,104,0.595,0.037
2024-09-21,745610,0.3431,0.3145,0.2577,0.1806,0.0721,0.1208,0.2917,0.2680,130,128,-0.306,0.372
2024-09-21,745768,0.2953,0.2939,0.2652,0.2611,0.0846,0.1176,0.2976,0.2951,102,116,0.111,0.449
2024-09-21,745936,0.3767,0.3164,0.2239,0.2672,0.0814,0.0947,0.2890,0.2969,47,127,0.342,0.480
2024-09-21,746012,0.3281,0.3359,0.2270,0.1927,0.1006,0.1444,0.2914,0.2571,116,28,0.363,0.266
2024-09-21,746096,0.3180,0.3491,0.2149,0.2058,0.1088,0.1199,0.2745,0.2584,112,71,0.211,0.531
2024-09-21,746255,0.3303,0.3038,0.2023,0.2429,0.0827,0.1033,0.2835,0.2881,9,121,0.116,0.562
2024-09-21,746338,0.2989,0.3479,0.2497,0.2043,0.0975,0.1233,0.2845,0.2786,60,116,0.474,-0.124
2024-09-21,746660,0.3108,0.3363,0.2550,0.2073,0.1043,0.1131,0.3040,0.2689,81,17,1.044,0.176
2024-09-21,746826,0.3240,0.3107,0.2773,0.2150,0.1293,0.0813,0.2722,0.2979,131,84,0.123,0.113
2024-09-21,746906,0.3406,0.3151,0.2288,0.2457,0.0907,0.0640,0.2857,0.2823,36,123,0.008,0.084
2024-09-21,746983,0.2921,0.3331,0.2779,0.2255,0.0955,0.1186,0.3103,0.2819,73,64,0.301,0.305
2024-09-22,744955,0.2882,0.3563,0.2462,0.2010,0.0557,0.1124,0.3083,0.2884,78,124,0.152,0.177
2024-09-22,745036,0.3163,0.3195,0.2460,0.2366,0.1114,0.1113,0.2974,0.2635,9,54,-0.006,0.212
2024-09-22,745118,0.3114,0.2878,0.2439,0.1953,0.1078,0.1180,0.2818,0.2578,67,73,0.844,-0.170
2024-09-22,745358,0.3102,0.2762,0.2496,0.2279,0.0889,0.0674,0.2920,0.2804,4,54,,0.361
2024-09-22,745608,0.3055,0.3179,0.2158,0.2277,0.1744,0.0866,0.2696,0.2518,116,98,-0.092,0.370
2024-09-22,745767,0.2760,0.3131,0.2872,0.2437,0.0499,0.1194,0.3016,0.2733,114,63,0.936,-0.152
2024-09-22,745929,0.3091,0.3151,0.1971,0.2315,0.0795,0.1338,0.2718,0.2709,87,117,0.089,0.157
2024-09-22,746010,0.2919,0.3561,0.2590,0.2096,0.0826,0.1073,0.2980,0.2595,21,21,-0.030,0.279
2024-09-22,746092,0.3489,0.3018,0.2150,0.3128,0.0875,0.1045,0.2736,0.3073,5,71,,0.276
2024-09-22,746253,0.2977,0.2965,0.2991,0.2095,0.0853,0.1059,0.3253,0.2879,77,126,-0.032,0.354
2024-09-22,746339,0.3643,0.3189,0.1887,0.2526,0.0851,0.1112,0.2767,0.2931,136,126,0.363,0.761
2024-09-22,746657,0.2797,0.2554,0.2998,0.2921,0.0763,0.1019,0.3112,0.3052,80,94,0.558,-0.561
2024-09-22,746825,0.3062,0.2897,0.2355,0.2830,0.0821,0.0945,0.2967,0.3030,131,106,0.848,0.302
2024-09-22,746903,0.2960,0.2861,0.2374,0.2992,0.0646,0.0745,0.2921,0.2881,121,97,0.185,0.299
2024-09-22,746982,0.3073,0.3164,0.1975,0.2198,0.0845,0.0846,0.2910,0.2656,31,90,-0.267,0.176
2024-09-23,744885,0.2841,0.3516,0.2272,0.2216,0.0778,0.1118,0.2991,0.2932,116,143,-0.182,0.230
2024-09-23,745527,,0.2968,,0.2270,,0.0848,,0.2875,,125,,0.596
2024-09-23,746334,0.2954,0.3100,0.2707,0.2487,0.0977,0.0898,0.2917,0.2985,121,137,0.357,0.610
2024-09-23,747150,0.2863,0.2935,0.2565,0.2443,0.1035,0.0854,0.2744,0.2718,53,30,0.296,0.230
2024-09-24,744802,0.2835,0.3215,0.2825,0.2527,0.0907,0.0917,0.3071,0.2729,124,122,0.585,0.195
2024-09-24,744876,0.3325,0.3242,0.2420,0.3082,0.1089,0.0813,0.3002,0.2998,130,47,-0.011,0.359
2024-09-24,745441,0.3375,0.3498,0.2321,0.2253,0.0819,0.0792,0.2817,0.2774,95,113,-0.188,-0.097
2024-09-24,745526,0.2901,0.3008,0.2819,0.2654,0.1134,0.0890,0.3004,0.2960,96,4,0.260,
2024-09-24,745605,0.3443,0.3238,0.2272,0.2613,0.0835,0.0764,0.2996,0.2970,116,93,0.307,0.071
2024-09-24,745688,0.2897,0.3295,0.2206,0.2294,0.0806,0.1122,0.3002,0.3122,85,62,-0.010,0.492
2024-09-24,745851,0.2850,0.3464,0.2431,0.2032,0.0783,0.0917,0.2957,0.2774,51,122,-0.019,0.404
2024-09-24,746093,0.2608,0.3377,0.3390,0.2406,0.0959,0.0712,0.3429,0.2742,114,48,0.607,0.020
2024-09-24,746336,0.2664,0.2827,0.3028,0.2528,0.0725,0.0864,0.3062,0.3092,115,110,1.082,0.165
2024-09-24,746421,0.3108,0.2686,0.2302,0.2298,0.0830,0.0615,0.2921,0.2924,105,114,-0.034,-0.140
2024-09-24,746504,0.3345,0.3632,0.2185,0.2055,0.0890,0.1039,0.2803,0.2790,4,120,0.103,-0.003
2024-09-24,746581,0.3108,0.2943,0.2524,0.2472,0.0979,0.0790,0.2896,0.2870,39,126,0.137,0.979
2024-09-24,746743,0.3561,0.3329,0.1940,0.1772,0.0844,0.0971,0.2830,0.2621,43,81,0.545,-0.280
2024-09-24,747068,0.2620,0.2897,0.2947,0.2423,0.0792,0.0962,0.3005,0.2827,113,72,-0.219,0.370
2024-09-24,747149,0.3294,0.3189,0.2423,0.2639,0.0692,0.0713,0.2816,0.3172,138,118,0.479,0.447
2024-09-25,744795,0.3440,0.3238,0.2122,0.2114,0.1230,0.1291,0.2676,0.2767,100,77,0.240,-0.107
2024-09-25,744877,0.3376,0.3596,0.2049,0.2019,0.1190,0.0834,0.2628,0.2764,13,128,0.267,-0.050
2024-09-25,745442,0.3040,0.3776,0.2459,0.1946,0.1083,0.1329,0.2794,0.2652,131,58,-0.253,0.140
2024-09-25,745521,0.3313,0.3251,0.2250,0.2020,0.0972,0.0475,0.2764,0.2886,122,123,0.394,-0.071
2024-09-25,745607,0.3236,0.3065,0.2403,0.2323,0.0619,0.0916,0.3101,0.2809,48,13,0.103,0.074
2024-09-25,745690,0.3168,0.3414,0.2226,0.1856,0.0439,0.0912,0.2962,0.2722,115,123,0.180,0.174
2024-09-25,745854,0.3247,0.2911,0.2423,0.2409,0.1300,0.1158,0.2782,0.2690,76,110,-0.325,-0.035
2024-09-25,746095,0.3233,0.3003,0.2855,0.2802,0.0800,0.0530,0.2986,0.3253,136,104,-0.340,0.317
2024-09-25,746331,0.3158,0.3082,0.2574,0.2898,0.0843,0.0834,0.3017,0.3150,138,140,0.545,0.209
2024-09-25,746420,0.3183,0.3384,0.2566,0.1732,0.0803,0.0883,0.2968,0.2604,123,61,0.583,0.060
2024-09-25,746501,0.3046,0.3966,0.2430,0.1912,0.0848,0.0894,0.2777,0.2642,125,149,0.097,-0.149
2024-09-25,746583,0.3097,,0.2261,,0.0758,,0.3000,,15,,-0.352,
2024-09-25,746742,0.3401,0.3260,0.2200,0.2723,0.1130,0.0877,0.2710,0.2955,8,39,0.038,-0.178
2024-09-25,747064,0.3264,0.2869,0.2301,0.2614,0.1029,0.0796,0.2757,0.3023,5,24,,-0.002
2024-09-25,747144,0.3190,0.3177,0.2278,0.2553,0.0727,0.1260,0.2530,0.2977,32,120,0.290,0.738
2024-09-26,744796,0.2856,0.3372,0.2213,0.2059,0.0820,0.0655,0.2681,0.2696,107,134,0.163,0.126
2024-09-26,745443,0.3163,0.3148,0.2654,0.2415,0.0922,0.0972,0.2966,0.3077,132,122,0.465,0.269
2024-09-26,745609,0.3125,0.3152,0.2422,0.2587,0.0957,0.0703,0.2951,0.2909,10,21,-0.027,0.061
2024-09-26,745691,0.2954,0.3216,0.2457,0.1901,0.0733,0.1008,0.2885,0.2670,127,66,0.025,0.068
2024-09-26,745853,0.3182,0.2983,0.2049,0.2681,0.0955,0.0898,0.2842,0.2971,52,48,0.388,0.026
2024-09-26,746088,0.3622,0.3450,0.2282,0.2186,0.1264,0.1219,0.3123,0.2601,80,77,0.334,0.573
2024-09-26,746415,0.3241,0.2923,0.2495,0.2717,0.0837,0.0934,0.3075,0.3064,32,76,-0.213,0.297
2024-09-26,746495,0.3450,0.3295,0.2214,0.2011,0.1119,0.0626,0.2924,0.2649,125,79,0.402,0.164
2024-09-26,746738,0.3244,0.3225,0.2226,0.2148,0.1124,0.0790,0.2983,0.2633,133,126,-0.144,0.596
2024-09-27,744797,0.2981,0.2983,0.2632,0.2422,0.0880,0.0747,0.2938,0.2877,107,43,0.078,0.307
2024-09-27,744879,0.3291,0.3384,0.1951,0.2431,0.1380,0.0883,0.2658,0.2993,32,129,0.280,0.204
2024-09-27,745202,0.3204,0.2880,0.1801,0.2408,0.1221,0.0546,0.2645,0.3084,134,81,0.389,0.181
2024-09-27,745280,0.3175,0.3311,0.2018,0.2048,0.0761,0.0780,0.2817,0.2850,133,13,0.033,0.154
2024-09-27,745692,0.3050,0.3424,0.2635,0.2575,0.1020,0.0757,0.3060,0.2888,84,134,1.100,-0.296
2024-09-27,745847,0.3254,0.3007,0.2358,0.2404,0.1157,0.0625,0.2910,0.2894,67,127,0.305,0.177
2024-09-27,745930,0.2962,0.3187,0.2664,0.2318,0.1150,0.1309,0.2955,0.2725,120,121,0.438,0.147
2024-09-27,746173,0.3010,0.3071,0.2601,0.2615,0.0970,0.1007,0.3034,0.2784,9,66,0.095,0.443
2024-09-27,746417,0.2850,0.3102,0.3368,0.2416,0.0497,0.0862,0.3126,0.2866,115,6,0.054,-0.130
2024-09-27,746494,0.3124,0.3173,0.2246,0.2156,0.0943,0.1062,0.2876,0.2773,11,116,-0.302,0.169
2024-09-27,746580,0.3501,0.3378,0.2097,0.2241,0.1198,0.0752,0.2796,0.2935,121,29,-0.112,0.069
2024-09-27,746822,0.2965,0.2958,0.2291,0.2328,0.0794,0.0656,0.2989,0.2925,62,103,0.224,0.065
2024-09-27,746904,0.3256,0.2913,0.3083,0.2942,0.0598,0.0840,0.2888,0.2850,102,103,0.568,0.299
2024-09-27,747065,0.3147,0.3340,0.2430,0.2207,0.1010,0.0977,0.2879,0.2902,125,121,0.570,0.363
2024-09-27,747145,0.2740,0.3711,0.2389,0.2268,0.0657,0.0790,0.2846,0.2856,57,50,0.346,0.423
2024-09-28,744799,0.2743,0.3192,0.2862,0.2832,0.0489,0.1273,0.2984,0.2725,118,134,0.898,0.137
2024-09-28,744878,0.3108,0.2884,0.2126,0.2309,0.0760,0.1272,0.2874,0.2929,15,87,0.020,0.020
2024-09-28,745203,0.3132,0.3326,0.2219,0.2310,0.0846,0.0991,0.2482,0.2798,102,48,0.354,0.397
2024-09-28,745281,0.2884,,0.1908,,0.1228,,0.2557,,76,,-0.117,
2024-09-28,745685,0.2738,0.3110,0.3121,0.2140,0.0743,0.1797,0.3167,0.2670,84,122,0.548,-0.133
2024-09-28,745849,,0.3403,,0.2217,,0.0879,,0.2788,,39,,-0.075
2024-09-28,745931,0.3535,0.3123,0.1849,0.2461,0.1254,0.0870,0.2523,0.3038,129,17,0.548,0.390
2024-09-28,746171,0.3568,0.3627,0.1965,0.1947,0.1154,0.0835,0.2869,0.2829,128,140,0.182,0.375
2024-09-28,746414,0.3182,0.3436,0.2601,0.2296,0.0971,0.1301,0.2977,0.2655,9,53,0.053,-0.061
2024-09-28,746499,0.3117,0.3453,0.2946,0.2166,0.1130,0.0826,0.2999,0.2768,79,9,0.234,0.201
2024-09-28,746578,0.3069,0.2836,0.2041,0.2102,0.1341,0.0801,0.2672,0.2772,72,111,-0.226,-0.105
2024-09-28,746819,0.3441,0.3079,0.1969,0.2159,0.1074,0.0791,0.2574,0.2994,21,88,0.122,0.115
2024-09-28,746902,0.3121,0.3111,0.2389,0.2470,0.1086,0.0629,0.2626,0.2814,57,126,0.220,0.083
2024-09-28,747066,0.2966,0.2883,0.2102,0.2854,0.1037,0.0796,0.2903,0.3012,130,87,0.347,-0.523
2024-09-28,747146,0.3599,0.2915,0.1586,0.2467,0.0841,0.0828,0.2603,0.2734,91,33,0.325,0.182
2024-09-29,744798,0.2967,0.3149,0.2273,0.2345,0.0884,0.0853,0.2894,0.2947,129,136,0.592,0.875
2024-09-29,744880,0.2947,0.3100,0.2324,0.2734,0.0837,0.1056,0.2906,0.2988,56,13,-0.021,-0.047
2024-09-29,745201,0.3252,0.2698,0.2529,0.3014,0.0741,0.0710,0.2957,0.3087,98,119,0.073,1.082
2024-09-29,745282,0.3273,0.2951,0.2199,0.2539,0.0987,0.0993,0.2793,0.2751,8,58,0.209,0.290
2024-09-29,745686,0.3446,0.3218,0.2213,0.2396,0.0779,0.1097,0.2770,0.3147,116,65,-0.126,0.514
2024-09-29,745846,0.3144,0.3408,0.2154,0.2052,0.0831,0.0903,0.2652,0.2772,93,125,0.099,0.432
2024-09-29,745932,0.3022,0.3335,0.2589,0.1627,0.1090,0.0939,0.3072,0.2739,75,118,0.442,0.370
2024-09-29,746174,0.3463,0.3477,0.2305,0.2052,0.0863,0.0814,0.2969,0.2873,122,47,0.290,0.550
2024-09-29,746416,0.3334,0.3479,0.1733,0.1541,0.0952,0.0871,0.2622,0.2486,84,63,-0.282,-0.188
2024-09-29,746496,0.3179,0.3582,0.2417,0.2074,0.0865,0.1023,0.2877,0.2823,6,123,-0.000,0.001
2024-09-29,746820,0.2659,,0.2890,,0.0988,,0.3090,,99,,-0.566,
2024-09-29,746901,0.3079,0.3156,0.2364,0.2190,0.0871,0.0697,0.2908,0.2846,109,22,-0.036,0.413
2024-09-29,747061,0.3516,0.3337,0.2527,0.2734,0.0946,0.1248,0.2980,0.3021,106,130,0.257,0.828
2024-09-29,747147,0.3167,0.3130,0.2273,0.2690,0.1240,0.0698,0.2811,0.3174,107,122,0.051,0.452
2025-04-01,778485,0.3511,0.2902,0.1860,0.2969,0.1053,0.1038,0.2671,0.3236,57,78,0.211,0.557
2025-04-01,778486,0.3618,0.2702,0.1902,0.2949,0.0894,0.0728,0.2759,0.3019,58,76,-0.139,1.012
2025-04-01,778487,0.3018,,0.2491,,0.0991,,0.3000,,80,,0.127,
2025-04-01,778488,0.3368,,0.2181,,0.1159,,0.2702,,62,,0.219,
2025-04-01,778489,0.3266,0.3125,0.2471,0.2049,0.0868,0.1053,0.2890,0.2848,91,23,0.442,0.691
2025-04-01,778490,0.2980,,0.2398,,0.1125,,0.2682,,71,,-0.112,
2025-04-01,778491,0.3041,0.3506,0.2348,0.2398,0.0858,0.0850,0.2831,0.2952,28,85,0.300,0.197
2025-04-01,778492,0.2962,0.3240,0.2534,0.2337,0.0762,0.0953,0.2901,0.2907,78,13,0.013,0.347
2025-04-01,778493,,0.3167,,0.2378,,0.1089,,0.2668,,37,,0.171
2025-04-01,778494,0.3036,0.2789,0.2622,0.2802,0.1009,0.0855,0.2950,0.2982,68,75,0.244,-0.206
2025-04-01,778495,0.3103,0.3694,0.2202,0.2262,0.0809,0.1002,0.2990,0.2729,55,15,0.091,-0.200
2025-04-01,778497,0.3162,0.3146,0.2431,0.2376,0.1013,0.0908,0.2798,0.2935,2,3,,-0.241
2025-04-01,778498,0.3411,0.3261,0.2315,0.2364,0.0881,0.0933,0.2961,0.2821,80,27,0.321,0.187
2025-04-02,778469,0.2773,0.3268,0.2256,0.2389,0.0696,0.0698,0.2825,0.2864,74,76,-0.149,-0.008
2025-04-02,778471,0.3026,0.3069,0.2271,0.2627,0.0683,0.1120,0.2900,0.3094,68,21,0.122,0.356
2025-04-02,778472,0.3352,0.2990,0.2243,0.2809,0.0800,0.0839,0.2767,0.3154,26,51,-0.053,-0.012
2025-04-02,778473,0.3040,0.2940,0.2869,0.2849,0.0822,0.0772,0.3138,0.3098,90,68,0.209,0.322
2025-04-02,778474,0.3078,0.3428,0.2405,0.2607,0.0686,0.1170,0.2908,0.2926,85,13,0.196,-0.087
2025-04-02,778475,0.3282,0.2963,0.2042,0.2342,0.0885,0.0949,0.2840,0.3037,11,74,0.116,0.183
2025-04-02,778476,0.2920,0.3223,0.2106,0.2800,0.0831,0.0866,0.2814,0.2982,74,89,-0.081,-0.260
2025-04-02,778477,0.2907,0.3060,0.2635,0.2409,0.1012,0.1019,0.2991,0.2794,83,84,0.515,-0.278
2025-04-02,778478,0.3141,,0.2824,,0.1215,,0.2751,,86,,0.137,
2025-04-02,778479,0.2742,0.3006,0.3106,0.2525,0.0757,0.0841,0.3103,0.2936,55,72,0.490,-0.015
2025-04-02,778480,0.3171,0.2676,0.2396,0.2833,0.1100,0.0943,0.2714,0.3046,19,64,0.207,-0.455
2025-04-02,778481,0.3232,0.3137,0.2341,0.2219,0.1049,0.0907,0.2858,0.2786,4,3,-0.585,
2025-04-02,778482,0.3402,0.2815,0.2145,0.2891,0.0708,0.0552,0.2730,0.2992,55,76,0.117,0.830
2025-04-02,778483,0.2862,0.3155,0.3189,0.2231,0.0629,0.0604,0.3100,0.2951,75,74,0.046,0.173
2025-04-02,778484,0.3164,0.3317,0.2538,0.2622,0.1257,0.0759,0.2983,0.2936,79,86,0.685,-0.223
2025-04-03,778462,0.3159,0.2848,0.2558,0.2847,0.0878,0.0572,0.3040,0.3084,87,61,0.581,0.669
2025-04-03,778466,0.3582,0.3031,0.2233,0.2355,0.0977,0.0952,0.2798,0.2807,39,50,0.449,0.319
2025-04-03,778467,0.3500,0.3350,0.2117,0.2175,0.0795,0.0929,0.2769,0.2671,12,40,0.204,0.258
2025-04-03,778468,0.3011,0.3304,0.2778,0.2698,0.0756,0.0798,0.3156,0.2877,55,82,0.308,0.140
2025-04-03,778470,0.2856,0.3360,0.2202,0.2687,0.0782,0.1167,0.2945,0.2958,74,87,-0.188,0.810
2025-04-04,778444,,0.3024,,0.2235,,0.1182,,0.2733,,49,,-0.240
2025-04-04,778447,0.3098,0.3085,0.2458,0.2322,0.1000,0.0974,0.2827,0.2956,45,52,0.758,0.355
2025-04-04,778453,0.2899,0.3176,0.2393,0.2470,0.0794,0.0852,0.2965,0.3030,42,21,0.156,-0.196
2025-04-04,778454,0.3314,0.3227,0.2522,0.2325,0.0791,0.0987,0.2971,0.2908,80,14,0.532,0.195
2025-04-04,778455,0.2988,0.3037,0.2161,0.2152,0.0779,0.1083,0.2967,0.2873,59,85,0.115,0.310
2025-04-04,778456,0.3182,0.3600,0.2461,0.2062,0.1219,0.1017,0.2854,0.2825,28,83,0.114,-0.001
2025-04-04,778457,0.3209,0.3286,0.2658,0.2226,0.0779,0.0972,0.3053,0.2894,80,89,0.432,0.796
2025-04-04,778458,0.3250,0.3079,0.1980,0.2611,0.0982,0.0716,0.2682,0.3121,57,67,-0.201,0.304
2025-04-04,778459,0.3217,0.3108,0.2711,0.2550,0.1069,0.0825,0.2948,0.2974,59,31,0.300,0.457
2025-04-04,778460,0.3504,0.2887,0.1786,0.2695,0.1033,0.0891,0.2619,0.2935,61,71,0.310,0.274
2025-04-04,778461,0.3297,0.3186,0.2298,0.2363,0.1005,0.0935,0.2925,0.3013,78,78,0.330,0.214
2025-04-04,778463,0.3036,0.3343,0.2447,0.2118,0.0837,0.1145,0.2799,0.2615,80,56,0.115,0.540
2025-04-04,778464,0.3040,0.2925,0.2535,0.2369,0.0720,0.0902,0.2894,0.2801,28,50,0.156,0.340
2025-04-04,778465,0.3517,0.3191,0.2048,0.2515,0.0827,0.1146,0.2745,0.2752,82,47,-0.056,-0.070
2025-04-05,778436,0.2977,0.3433,0.2547,0.2589,0.0939,0.1547,0.2878,0.2948,77,23,0.350,0.158
2025-04-05,778437,0.3027,0.3614,0.2460,0.2049,0.0856,0.0776,0.2885,0.2842,81,37,0.872,0.438
2025-04-05,778438,0.3196,0.2971,0.3054,0.2315,0.0638,0.0890,0.2924,0.2989,67,11,0.508,0.119
2025-04-05,778439,0.3136,0.3268,0.2538,0.2387,0.1043,0.0851,0.2915,0.2955,81,7,0.559,0.305
2025-04-05,778440,0.3161,0.3428,0.2485,0.2073,0.1103,0.1009,0.2927,0.2801,82,82,0.721,0.356
2025-04-05,778441,0.3437,0.2919,0.2271,0.2134,0.1015,0.0807,0.2825,0.2711,6,70,,0.134
2025-04-05,778442,0.3161,0.3157,0.1928,0.2344,0.1129,0.0880,0.2700,0.2758,86,5,0.364,-0.137
2025-04-05,778443,0.2993,0.3214,0.1908,0.2499,0.1165,0.0838,0.2592,0.2948,54,8,-0.124,-0.546
2025-04-05,778445,0.3357,0.3116,0.2408,0.2674,0.1000,0.0889,0.2868,0.3084,33,51,0.021,0.221
2025-04-05,778446,0.3449,0.3495,0.2232,0.2088,0.1116,0.0823,0.2848,0.2852,93,89,0.223,0.374
2025-04-05,778448,0.3132,0.2974,0.2252,0.2352,0.1085,0.0861,0.2609,0.2867,11,83,-0.064,0.561
2025-04-05,778449,0.3510,0.3415,0.1867,0.2196,0.0920,0.0813,0.2788,0.2781,85,77,0.150,-0.105
2025-04-05,778450,0.2965,0.3017,0.2924,0.2677,0.0826,0.0818,0.2882,0.3047,67,24,0.283,0.347
2025-04-05,778451,0.3221,0.3321,0.2152,0.2402,0.0988,0.0846,0.2758,0.2933,77,7,0.141,0.178
2025-04-05,778452,0.2912,0.3295,0.2482,0.2492,0.0801,0.0871,0.2776,0.2761,26,81,0.145,0.205
2025-04-06,778419,0.3416,0.3299,0.2129,0.2292,0.1196,0.0869,0.2785,0.2994,78,52,-0.076,0.177
2025-04-06,778420,0.3084,0.3535,0.2335,0.2226,0.0774,0.0835,0.2823,0.2900,14,15,-0.278,-0.012
2025-04-06,778421,0.3363,0.3222,0.2237,0.2341,0.0880,0.1047,0.2819,0.2812,32,4,0.262,0.181
2025-04-06,778422,0.3307,0.3062,0.2378,0.2696,0.1124,0.0905,0.2849,0.2960,48,3,0.259,
2025-04-06,778423,0.3279,,0.2194,,0.0922,,0.2553,,71,,0.334,
2025-04-06,778425,0.3559,0.3350,0.2054,0.2123,0.1227,0.1076,0.2686,0.2942,40,88,0.198,-0.108
2025-04-06,778427,0.2881,0.3415,0.2376,0.2217,0.0603,0.0959,0.3029,0.2671,54,54,0.130,-0.488
2025-04-06,778428,0.3181,0.3484,0.2511,0.1932,0.0913,0.1064,0.2972,0.2831,16,84,0.463,0.183
2025-04-06,778429,0.2901,0.3089,0.2623,0.2272,0.0745,0.0828,0.2932,0.2836,81,31,0.018,0.308
2025-04-06,778430,0.3150,0.3032,0.2497,0.2413,0.0890,0.0768,0.2865,0.2897,4,22,,-0.030
2025-04-06,778431,,0.3251,,0.2119,,0.1136,,0.2829,,6,,
2025-04-06,778432,0.3145,,0.2051,,0.0759,,0.2828,,86,,0.041,
2025-04-06,778433,0.3236,0.3137,0.2236,0.2378,0.1134,0.0905,0.2840,0.2889,70,3,0.092,
2025-04-06,778434,0.2663,0.3273,0.2892,0.2024,0.0742,0.0606,0.3117,0.2834,49,80,0.013,-0.090
2025-04-06,778435,0.3133,0.3057,0.2934,0.2695,0.0904,0.1045,0.3033,0.3054,34,52,0.331,0.364
2025-04-07,778405,0.3121,0.2765,0.2094,0.2966,0.1016,0.0697,0.2848,0.3038,26,82,0.763,1.003
2025-04-07,778410,0.2655,0.3220,0.2821,0.2488,0.0992,0.0851,0.3029,0.2889,68,94,-0.404,0.462
2025-04-07,778411,0.3377,0.3114,0.2267,0.2487,0.0863,0.0957,0.2932,0.2879,83,75,0.328,0.221
2025-04-07,778412,0.2967,0.3332,0.2494,0.2192,0.1175,0.1122,0.2730,0.2712,74,66,-0.105,0.207
2025-04-07,778413,0.3100,0.3208,0.2254,0.2554,0.0591,0.1230,0.2972,0.2969,77,82,0.228,0.676
2025-04-07,778414,0.2881,0.2915,0.3026,0.2683,0.1079,0.0889,0.3246,0.2885,82,81,0.557,-0.214
2025-04-07,778415,0.3592,0.3002,0.2432,0.2468,0.0964,0.0794,0.2768,0.2867,18,12,0.016,0.303
2025-04-07,778416,0.3224,0.3279,0.2140,0.2251,0.0992,0.0937,0.2893,0.2740,38,7,0.185,0.177
2025-04-07,778418,0.3064,0.3204,0.2694,0.2796,0.0908,0.1175,0.3005,0.2730,3,91,,0.132
2025-04-07,778424,0.3391,0.3601,0.2600,0.1988,0.0800,0.0939,0.2984,0.2796,91,63,-0.191,-0.077
2025-04-07,778426,0.3447,0.3221,0.2484,0.1964,0.0832,0.1013,0.2921,0.2673,88,14,0.235,0.036
2025-04-08,778394,0.3043,0.3404,0.2357,0.2087,0.0999,0.0691,0.2781,0.2743,87,58,-0.279,0.077
2025-04-08,778395,0.3202,0.3077,0.2772,0.2702,0.0838,0.1172,0.2966,0.3102,94,26,-0.266,0.457
2025-04-08,778396,0.3386,0.3940,0.2793,0.2062,0.1196,0.0999,0.2977,0.2742,92,47,0.883,0.478
2025-04-08,778397,0.2986,0.3156,0.2703,0.2359,0.0738,0.0851,0.3127,0.2891,58,14,0.314,0.160
2025-04-08,778398,0.2996,0.3311,0.2399,0.2318,0.0988,0.0679,0.3029,0.2845,79,80,0.172,0.014
2025-04-08,778400,0.3019,0.2926,0.2490,0.2678,0.0673,0.0979,0.2952,0.3024,88,88,0.196,0.447
2025-04-08,778401,0.3308,0.2987,0.2120,0.2370,0.0698,0.0668,0.2718,0.2981,82,71,0.100,0.144
2025-04-08,778402,0.3213,0.2936,0.2454,0.2058,0.1035,0.0813,0.2985,0.2798,5,77,,-0.093
2025-04-08,778403,0.2957,0.2806,0.2465,0.2244,0.0928,0.0672,0.2804,0.2880,53,79,0.336,-0.152
2025-04-08,778404,0.3140,0.2807,0.2179,0.3262,0.0895,0.0616,0.2817,0.3152,4,78,,0.112
2025-04-08,778406,0.2762,0.2993,0.2970,0.2507,0.0541,0.0971,0.3044,0.3019,79,83,0.857,0.126
2025-04-08,778407,0.3107,0.3271,0.2198,0.2311,0.0842,0.1120,0.2796,0.2830,8,9,-0.321,-0.591
2025-04-08,778408,0.3038,0.2700,0.2912,0.2999,0.0750,0.0732,0.3119,0.3087,72,59,0.317,0.528
2025-04-08,778409,0.3063,,0.2233,,0.1110,,0.2853,,13,,-0.119,
2025-04-08,778417,0.3141,0.3102,0.2127,0.2505,0.0783,0.1057,0.2939,0.2726,59,40,0.116,0.088
2025-04-09,778376,0.2865,0.3141,0.2319,0.2219,0.0774,0.1132,0.2984,0.2746,45,54,0.134,-0.175
2025-04-09,778379,0.3161,0.3448,0.2613,0.2130,0.0825,0.0756,0.3069,0.2793,24,16,-0.195,0.190
2025-04-09,778380,0.2957,0.3366,0.2053,0.2544,0.0744,0.0749,0.2843,0.3054,65,86,0.056,0.424
2025-04-09,778381,0.3546,0.3088,0.1683,0.2456,0.1213,0.1169,0.2521,0.2833,68,32,0.057,0.209
2025-04-09,778383,0.3215,0.3255,0.2470,0.2265,0.0851,0.1020,0.3030,0.2761,92,6,0.553,
2025-04-09,778385,0.3171,0.2855,0.2455,0.2704,0.1068,0.0873,0.2970,0.2901,18,74,0.300,0.303
2025-04-09,778386,0.3595,0.2934,0.1975,0.2207,0.0868,0.0761,0.2735,0.2974,87,78,-0.016,-0.154
2025-04-09,778387,0.3301,0.3046,0.2245,0.2603,0.0985,0.0696,0.2894,0.3089,81,71,0.319,0.296
2025-04-09,778388,0.2784,0.3106,0.3017,0.2090,0.0560,0.1056,0.3161,0.2874,64,89,0.746,0.325
2025-04-09,778389,0.3201,0.3193,0.2362,0.2416,0.0923,0.0974,0.2756,0.3032,89,83,0.131,0.251
2025-04-09,778390,0.3020,0.3141,0.2636,0.2531,0.0691,0.1117,0.2975,0.2773,32,50,0.126,-0.072
2025-04-09,778391,0.3742,0.3497,0.2467,0.1812,0.1111,0.1111,0.2885,0.2612,17,60,-0.001,0.192
2025-04-09,778392,0.3313,0.3367,0.2334,0.2229,0.0765,0.0948,0.2752,0.2921,31,93,-0.004,0.812
2025-04-09,778393,0.3362,0.3151,0.2204,0.2548,0.0904,0.1013,0.2676,0.2920,43,22,0.223,0.226
2025-04-09,778399,0.2985,0.2972,0.2942,0.2503,0.0807,0.0884,0.3174,0.2928,93,77,0.219,-0.058
2025-04-10,778371,0.3187,0.3559,0.2162,0.2110,0.0839,0.0979,0.2831,0.2858,16,89,0.296,-0.009
2025-04-10,778373,0.3356,0.2906,0.2081,0.2158,0.0984,0.0791,0.2804,0.2688,86,73,0.380,0.171
2025-04-10,778377,0.3483,0.3290,0.2236,0.2143,0.1091,0.1119,0.2806,0.2625,97,59,0.250,0.590
2025-04-10,778378,0.3304,0.3116,0.1960,0.2320,0.1018,0.1040,0.2676,0.2739,63,51,-0.260,0.760
2025-04-10,778382,0.3163,0.3303,0.2303,0.2465,0.0935,0.0777,0.2954,0.2973,57,83,0.351,0.539
2025-04-10,778384,0.3051,0.2913,0.2569,0.2389,0.0802,0.0881,0.2955,0.2801,34,53,0.532,0.367
2025-04-11,778356,0.3022,0.3143,0.2634,0.2700,0.0888,0.1037,0.2992,0.2946,29,63,0.446,0.373
2025-04-11,778358,0.3481,0.3143,0.2147,0.1874,0.0864,0.1101,0.2900,0.2707,94,90,0.395,0.355
2025-04-11,778360,0.2854,0.2989,0.2186,0.2489,0.0847,0.0993,0.2966,0.2827,15,80,0.210,0.345
2025-04-11,778361,0.3125,0.3044,0.2530,0.2908,0.0846,0.0803,0.2783,0.2899,8,71,-0.026,0.348
2025-04-11,778363,0.3187,0.3098,0.2704,0.2614,0.0931,0.0945,0.3089,0.2936,57,32,0.210,-0.019
2025-04-11,778364,0.3483,0.3117,0.1985,0.2533,0.1183,0.0861,0.2607,0.2768,80,32,0.525,0.149
2025-04-11,778365,0.2936,0.3028,0.2354,0.1925,0.0840,0.1213,0.2884,0.2608,87,58,0.587,-0.137
2025-04-11,778366,0.3213,0.3427,0.2528,0.2235,0.0949,0.0933,0.2941,0.2787,11,40,-0.162,0.095
2025-04-11,778367,0.3302,0.3374,0.2276,0.2966,0.0776,0.0756,0.2808,0.2893,29,74,-0.038,0.462
2025-04-11,778368,0.3644,0.3560,0.1963,0.2093,0.0749,0.1209,0.2767,0.2801,41,85,0.503,-0.082
2025-04-11,778369,0.3346,0.3206,0.2438,0.2472,0.0855,0.1204,0.2763,0.2826,84,47,0.250,-0.298
2025-04-11,778370,0.3394,0.3455,0.2695,0.1814,0.1480,0.0897,0.2983,0.2760,27,89,0.146,0.172
2025-04-11,778372,0.3004,0.3440,0.2381,0.2704,0.0856,0.1350,0.2840,0.2932,7,97,-0.023,0.945
2025-04-11,778374,0.3347,0.3103,0.2217,0.2672,0.0798,0.1016,0.2784,0.2976,80,85,-0.108,0.546
2025-04-11,778375,0.3010,0.3216,0.2828,0.2409,0.0856,0.0885,0.3020,0.2892,7,88,0.016,0.894
2025-04-12,778341,0.3462,0.2814,0.2139,0.2463,0.0811,0.0588,0.2825,0.3054,18,58,0.023,0.167
2025-04-12,778345,0.3080,0.3098,0.2392,0.2232,0.1139,0.1021,0.2892,0.2584,31,16,-0.099,-0.071
2025-04-12,778346,0.3025,0.3184,0.2623,0.2422,0.1023,0.0848,0.3067,0.2900,55,15,0.370,0.007
2025-04-12,778347,0.3290,0.3166,0.2077,0.2035,0.0586,0.0733,0.2888,0.2795,86,92,-0.046,0.052
2025-04-12,778348,0.3182,0.3286,0.2169,0.2174,0.0980,0.0830,0.2797,0.2966,9,58,-0.007,0.216
2025-04-12,778349,0.3302,0.3256,0.1941,0.2185,0.1192,0.1113,0.2710,0.2851,20,73,0.210,0.171
2025-04-12,778350,0.3079,0.2940,0.2201,0.2633,0.0994,0.0849,0.2745,0.2928,8,88,0.242,0.001
2025-04-12,778351,0.3363,,0.2118,,0.1175,,0.2934,,93,,-0.193,
2025-04-12,778352,0.3294,0.3386,0.2303,0.2218,0.0886,0.1356,0.2810,0.2753,5,12,,
2025-04-12,778353,0.3653,0.2980,0.2339,0.2241,0.1057,0.0752,0.2947,0.2843,13,17,0.230,-0.367
2025-04-12,778354,0.3073,0.3074,0.2361,0.2268,0.0896,0.0873,0.2860,0.2869,36,6,0.298,-0.222
2025-04-12,778355,0.3557,0.3081,0.2188,0.2668,0.1000,0.0886,0.2706,0.2998,60,19,-0.422,0.488
2025-04-12,778357,0.3444,0.3148,0.2000,0.2230,0.1032,0.0972,0.2844,0.2880,89,67,0.214,0.423
2025-04-12,778359,0.3297,0.3508,0.2218,0.2070,0.1099,0.1186,0.2732,0.2680,69,44,0.272,0.216
2025-04-12,778362,0.3174,0.3372,0.2813,0.2314,0.0976,0.0980,0.2964,0.2885,38,9,0.351,0.166
2025-04-13,778329,0.3153,0.3157,0.2157,0.2000,0.0766,0.0975,0.2957,0.2777,62,30,0.112,0.878
2025-04-13,778330,0.3369,0.2914,0.2120,0.2943,0.0676,0.1189,0.2774,0.3224,61,86,0.080,0.570
2025-04-13,778331,0.3407,0.2681,0.1709,0.2877,0.1009,0.0809,0.2748,0.3072,74,53,0.317,0.006
2025-04-13,778332,0.3083,0.3244,0.2296,0.2552,0.0975,0.1199,0.2749,0.2983,91,86,-0.271,0.677
2025-04-13,778333,0.3306,0.2977,0.2095,0.2573,0.1154,0.0855,0.2695,0.2878,12,87,0.212,-0.187
2025-04-13,778334,0.3392,0.2749,0.2220,0.2952,0.0848,0.0749,0.2940,0.3011,86,86,0.361,0.987
2025-04-13,778335,0.3533,0.2964,0.1909,0.2458,0.0984,0.1199,0.2763,0.2672,68,80,-0.037,-0.109
2025-04-13,778336,0.2785,0.3648,0.2909,0.2435,0.0531,0.0922,0.3068,0.2833,82,22,0.886,0.088
2025-04-13,778337,0.3190,0.3258,0.2807,0.2089,0.1155,0.0964,0.2758,0.2705,94,81,0.155,0.161
2025-04-13,778338,0.2889,0.3143,0.3266,0.2495,0.0662,0.0994,0.3188,0.2949,84,8,0.141,0.379
2025-04-13,778339,0.3229,0.3332,0.2488,0.2614,0.0832,0.0787,0.2888,0.3010,98,94,0.468,-0.144
2025-04-13,778340,0.3021,0.3233,0.2608,0.2416,0.0934,0.1342,0.3096,0.2816,89,28,0.140,-0.235
2025-04-13,778342,0.2884,0.3063,0.2759,0.2000,0.0962,0.0934,0.3057,0.2779,91,81,0.443,-0.085
2025-04-13,778343,0.3035,0.2741,0.2469,0.2756,0.0758,0.0972,0.2943,0.3028,16,71,0.377,-0.392
2025-04-13,778344,0.3429,0.3346,0.2419,0.2318,0.0813,0.1061,0.2881,0.2864,92,55,0.241,0.263
2025-04-14,778315,0.2925,0.3370,0.2393,0.2666,0.0655,0.0850,0.2987,0.2940,74,104,0.135,-0.268
2025-04-14,778320,0.3118,0.3293,0.2400,0.2333,0.0820,0.0880,0.2928,0.2682,17,46,0.261,0.189
2025-04-14,778321,0.3106,0.2683,0.2340,0.3009,0.0898,0.0716,0.2863,0.3072,4,62,-0.107,0.590
2025-04-14,778322,0.3085,0.3003,0.2781,0.2384,0.1085,0.0858,0.2958,0.2841,26,7,0.243,-0.019
2025-04-14,778323,0.2793,0.3295,0.2307,0.2469,0.0650,0.0893,0.2919,0.3033,84,29,-0.137,-0.062
2025-04-14,778324,0.3368,0.2752,0.2234,0.3105,0.1283,0.0548,0.2802,0.3199,16,67,-1.221,0.760
2025-04-14,778325,0.3050,0.2985,0.2421,0.2997,0.0968,0.0735,0.3023,0.3125,82,75,0.156,0.340
2025-04-14,778326,0.3364,0.3119,0.2180,0.2496,0.0730,0.1140,0.2780,0.2966,19,8,0.273,0.314
2025-04-14,778327,0.3096,0.2886,0.2117,0.2575,0.1102,0.0906,0.2903,0.2812,92,56,0.368,0.369
2025-04-14,778328,0.2992,0.3064,0.2117,0.2434,0.0731,0.1028,0.2964,0.2726,84,43,-0.135,0.058
2025-04-15,778302,0.3544,0.3593,0.2069,0.2147,0.0960,0.1009,0.2843,0.2669,92,39,-0.003,0.030
2025-04-15,778305,0.2964,0.3591,0.2628,0.1647,0.0849,0.1187,0.2892,0.2511,78,71,0.292,0.078
2025-04-15,778306,0.3010,0.3212,0.2877,0.2460,0.0836,0.1141,0.3128,0.2903,100,22,0.199,0.234
2025-04-15,778307,0.3129,0.3337,0.2661,0.2067,0.1233,0.0946,0.2842,0.2833,56,92,-0.068,0.373
2025-04-15,778308,0.3179,0.3261,0.2488,0.2302,0.0836,0.0965,0.2984,0.2740,95,93,0.565,0.117
2025-04-15,778309,0.3317,0.3784,0.2476,0.2412,0.1181,0.1274,0.3041,0.2849,34,23,0.544,-0.025
2025-04-15,778310,0.2980,0.3169,0.2770,0.2155,0.0682,0.0788,0.3115,0.2856,74,21,0.349,0.350
2025-04-15,778311,0.2847,0.3586,0.2415,0.1990,0.0859,0.0847,0.2834,0.2753,56,91,0.364,0.004
2025-04-15,778312,0.2882,0.3274,0.2170,0.2254,0.0769,0.0960,0.2707,0.2862,77,85,0.174,0.291
2025-04-15,778313,0.3070,0.3031,0.2250,0.2643,0.1105,0.0864,0.2800,0.2927,57,39,-0.215,0.593
2025-04-15,778314,0.3419,0.3294,0.2258,0.2352,0.0971,0.0949,0.2861,0.3007,100,87,0.807,0.250
2025-04-15,778316,0.3251,0.2983,0.2325,0.2616,0.0662,0.0798,0.2811,0.3083,84,62,0.017,0.278
2025-04-15,778317,0.3525,0.3440,0.1728,0.2706,0.1139,0.1351,0.2559,0.2932,66,97,0.253,0.946
2025-04-15,778318,0.4012,0.3261,0.1955,0.2218,0.1125,0.0799,0.2672,0.2805,53,12,0.476,-0.379
2025-04-15,778319,0.3332,0.2981,0.2157,0.2540,0.1084,0.0988,0.2607,0.2931,63,83,0.595,-0.033
2025-04-16,778287,0.3037,0.3532,0.2422,0.2410,0.0812,0.0993,0.2791,0.2793,11,40,-0.046,0.371
2025-04-16,778288,0.3005,0.2969,0.2628,0.2970,0.0958,0.0780,0.2962,0.2939,33,75,0.459,0.330
2025-04-16,778289,0.3242,0.3380,0.2227,0.2062,0.0905,0.0680,0.2910,0.2663,61,86,0.358,0.117
2025-04-16,778290,0.3501,0.3139,0.2186,0.2363,0.1186,0.0983,0.2819,0.2821,88,17,-0.045,-0.047
2025-04-16,778293,0.3302,0.3445,0.2456,0.2194,0.0839,0.0972,0.2806,0.2774,87,86,0.254,-0.128
2025-04-16,778294,0.3088,0.3329,0.2433,0.2040,0.1110,0.0979,0.2788,0.2711,37,68,0.126,-0.261
2025-04-16,778295,0.3366,0.3500,0.1882,0.1943,0.0939,0.1159,0.2637,0.2615,40,83,0.064,0.526
2025-04-16,778296,0.3321,0.2928,0.2905,0.2424,0.1526,0.0885,0.2995,0.2875,31,91,0.121,0.537
2025-04-16,778297,0.3300,0.3451,0.2295,0.2304,0.0871,0.1064,0.2793,0.2841,6,101,0.247,0.197
2025-04-16,778298,0.3166,0.3277,0.2660,0.2466,0.1033,0.0756,0.2891,0.2963,15,87,-0.172,0.540
2025-04-16,778299,,0.3039,,0.2531,,0.0917,,0.2906,,35,,-0.018
2025-04-16,778300,0.3050,0.3217,0.2707,0.2441,0.0821,0.1099,0.2981,0.3084,10,41,-0.008,0.470
2025-04-16,778301,0.3137,0.2965,0.2326,0.2128,0.1091,0.0717,0.2748,0.2887,55,70,0.758,0.073
2025-04-16,778303,0.3375,0.2998,0.2560,0.2553,0.0735,0.0671,0.3052,0.2951,89,35,0.449,0.126
2025-04-16,778304,0.2996,0.2880,0.2387,0.2347,0.1089,0.0754,0.2784,0.2989,86,48,0.389,0.167
2025-04-17,778278,0.3079,0.3417,0.1848,0.2234,0.1247,0.0849,0.2598,0.2922,63,97,-0.127,0.428
2025-04-17,778279,0.3537,0.3300,0.2100,0.2036,0.0960,0.0641,0.2699,0.2870,65,89,-0.404,-0.146
2025-04-17,778280,0.3075,0.3379,0.2390,0.2093,0.0869,0.1012,0.2879,0.2851,39,92,0.331,0.259
2025-04-17,778281,0.3554,0.3371,0.2005,0.2183,0.0730,0.0782,0.2771,0.2886,44,21,0.493,0.082
2025-04-17,778282,0.3136,0.3347,0.2660,0.3033,0.0964,0.0863,0.3034,0.2871,23,81,0.554,0.436
2025-04-17,778283,0.3132,0.3387,0.1957,0.2247,0.1074,0.0997,0.2731,0.2855,94,44,0.364,0.143
2025-04-17,778285,0.3613,0.3089,0.2053,0.2687,0.1034,0.1065,0.2746,0.3005,40,88,0.583,0.546
2025-04-17,778286,0.3267,0.3161,0.2227,0.2699,0.1067,0.0985,0.2750,0.3057,73,61,0.272,0.256
2025-04-17,778291,0.3052,0.3274,0.2455,0.2542,0.0837,0.1242,0.2741,0.2828,35,52,0.153,-0.239
2025-04-17,778292,0.3222,0.3469,0.2397,0.2129,0.0989,0.0902,0.2889,0.2807,93,15,0.955,0.246
2025-04-18,778260,0.3315,0.3342,0.2412,0.2142,0.0807,0.1153,0.2881,0.2933,103,96,0.468,-0.176
2025-04-18,778261,0.3073,0.3044,0.2426,0.2302,0.0805,0.0950,0.2879,0.2789,19,95,0.195,-0.289
2025-04-18,778263,0.3069,0.2927,0.2795,0.2204,0.1015,0.0807,0.2952,0.3009,66,19,0.409,0.210
2025-04-18,778266,0.3372,0.3539,0.2169,0.2048,0.0980,0.0688,0.2781,0.2781,9,24,0.042,0.295
2025-04-18,778268,0.2896,0.3340,0.2647,0.1817,0.0832,0.0987,0.2921,0.2774,91,77,0.034,0.402
2025-04-18,778269,0.3349,0.3242,0.2129,0.2268,0.1302,0.0873,0.2749,0.2864,15,6,0.074,0.236
2025-04-18,778270,0.3242,0.2969,0.1957,0.2726,0.0769,0.0997,0.2737,0.3117,98,58,0.030,0.344
2025-04-18,778271,0.3443,0.2985,0.2178,0.2502,0.1235,0.0730,0.2725,0.2993,48,19,0.181,0.356
2025-04-18,778272,0.3283,0.2850,0.2628,0.2502,0.0773,0.0715,0.3012,0.2849,97,21,-0.139,-0.198
2025-04-18,778273,0.2889,0.3183,0.2485,0.2729,0.0635,0.0947,0.3028,0.2939,65,41,0.187,0.381
2025-04-18,778274,0.3140,0.2761,0.2169,0.2849,0.0980,0.0521,0.2789,0.3048,9,85,0.111,0.875
2025-04-18,778275,0.3239,0.3246,0.2210,0.2302,0.1162,0.1040,0.2881,0.2869,76,5,0.204,
2025-04-18,778276,0.3085,0.3309,0.2255,0.2429,0.0950,0.1034,0.2888,0.2846,70,58,0.412,0.283
2025-04-18,778277,0.2961,0.3127,0.2705,0.2158,0.0943,0.1049,0.3044,0.2747,94,14,0.406,0.170
2025-04-18,778284,0.3290,0.3343,0.2167,0.2204,0.0878,0.0754,0.2934,0.2817,63,32,0.304,-0.045
2025-04-19,778243,0.3169,0.3148,0.2409,0.2169,0.0980,0.0821,0.3004,0.2969,25,66,0.008,0.127
2025-04-19,778247,0.3179,0.3470,0.2881,0.2460,0.1133,0.0836,0.2783,0.2853,97,9,0.140,-0.014
2025-04-19,778251,0.3076,0.3483,0.2148,0.2213,0.0983,0.0820,0.2533,0.2938,19,91,0.019,0.342
2025-04-19,778252,0.3350,0.3265,0.2017,0.2360,0.1069,0.0858,0.2667,0.2697,86,49,0.123,0.196
2025-04-19,778253,0.2975,0.3133,0.2505,0.2079,0.0900,0.1079,0.2843,0.2697,91,12,-0.092,0.267
2025-04-19,778254,0.3127,0.2700,0.1946,0.2993,0.0978,0.0774,0.2747,0.3043,85,66,-0.106,0.603
2025-04-19,778255,0.2885,0.2985,0.2551,0.2459,0.1035,0.1001,0.2786,0.2713,61,46,0.322,0.023
2025-04-19,778256,0.3806,0.3219,0.2439,0.2117,0.0996,0.1095,0.2865,0.2672,26,16,0.132,0.444
2025-04-19,778257,0.3269,0.3053,0.2452,0.2372,0.1153,0.1080,0.2966,0.2859,92,36,0.692,-0.022
2025-04-19,778258,0.2745,0.3402,0.2988,0.2533,0.0791,0.0788,0.3032,0.2932,91,97,0.981,0.230
2025-04-19,778259,0.2929,0.3354,0.2951,0.2107,0.1165,0.0925,0.3232,0.2845,89,35,0.576,0.863
2025-04-19,778262,0.2842,,0.2729,,0.1011,,0.3039,,76,,-0.364,
2025-04-19,778264,0.3239,0.2832,0.2496,0.3336,0.0940,0.0649,0.2957,0.3231,12,87,0.571,0.177
2025-04-19,778265,0.3105,0.3566,0.2140,0.1928,0.1082,0.0955,0.2885,0.2750,95,72,0.358,-0.028
2025-04-19,778267,,0.3072,,0.2572,,0.0899,,0.3096,,95,,0.174
2025-04-20,778232,0.3112,0.3004,0.2158,0.2885,0.1143,0.0821,0.2792,0.3151,62,103,-0.238,0.225
2025-04-20,778234,0.2669,0.3141,0.2889,0.2491,0.0789,0.1102,0.3063,0.2927,56,25,0.064,0.233
2025-04-20,778235,0.3437,0.3377,0.2278,0.2144,0.0954,0.0713,0.2863,0.2765,103,69,0.821,0.169
2025-04-20,778236,0.4009,0.2980,0.2042,0.2324,0.1163,0.0637,0.2652,0.3004,58,78,0.494,0.145
2025-04-20,778237,0.3315,0.3064,0.2678,0.2371,0.0835,0.0949,0.2949,0.3010,107,85,-0.228,0.141
2025-04-20,778239,0.3375,,0.2527,,0.1212,,0.3011,,40,,0.566,
2025-04-20,778240,0.3239,0.2980,0.2209,0.2438,0.0941,0.0950,0.2860,0.2904,88,89,0.281,0.002
2025-04-20,778241,0.3214,0.3245,0.2278,0.2219,0.0649,0.0940,0.2830,0.2827,87,12,0.043,0.133
2025-04-20,778242,0.3445,0.3374,0.1766,0.2341,0.1114,0.0985,0.2578,0.3020,69,92,0.300,0.248
2025-04-20,778244,0.2928,0.3241,0.3004,0.2529,0.0720,0.1236,0.3074,0.2858,78,19,0.361,-1.168
2025-04-20,778245,0.3829,0.3129,0.2250,0.2060,0.1190,0.0712,0.2850,0.2971,29,88,0.034,-0.162
2025-04-20,778246,0.2852,0.2737,0.2094,0.2328,0.0743,0.0638,0.2693,0.2959,82,87,0.141,-0.146
2025-04-20,778248,0.3202,0.3030,0.2205,0.2566,0.0879,0.0840,0.2766,0.2915,17,42,-0.466,0.645
2025-04-20,778249,0.2788,0.3163,0.3139,0.2688,0.0604,0.1050,0.3207,0.2977,72,29,0.796,0.264
2025-04-20,778250,0.3264,0.3388,0.2169,0.2655,0.1037,0.1326,0.2737,0.2918,7,100,-0.175,0.993
2025-04-21,778225,0.2959,0.3043,0.2413,0.2738,0.0962,0.1194,0.2875,0.2822,100,60,0.491,-0.074
2025-04-21,778226,0.3129,0.3346,0.2197,0.2874,0.0763,0.1809,0.2848,0.2979,24,39,0.414,0.115
2025-04-21,778227,0.3278,0.3195,0.2399,0.2268,0.1134,0.1066,0.3050,0.2751,47,58,0.490,0.724
2025-04-21,778228,0.3554,0.3293,0.1609,0.2081,0.1162,0.0896,0.2502,0.2676,74,45,0.131,0.051
2025-04-21,778230,0.3174,0.2907,0.2592,0.2783,0.0847,0.0653,0.3129,0.3016,67,38,0.304,0.132
2025-04-21,778231,0.3617,0.3202,0.2003,0.2410,0.0826,0.0874,0.2752,0.2968,95,100,0.041,0.597
2025-04-21,778233,0.3232,0.2822,0.2321,0.2398,0.0948,0.0909,0.2744,0.2854,96,61,0.108,0.365
2025-04-21,778238,0.3389,0.3314,0.1964,0.2184,0.1019,0.1060,0.2665,0.2616,73,66,-0.278,0.612
2025-04-22,778210,0.3540,0.3597,0.1879,0.2034,0.1326,0.0973,0.2602,0.2683,88,74,0.508,-0.274
2025-04-22,778211,0.3444,0.3313,0.2219,0.2157,0.0955,0.0879,0.2800,0.2901,89,65,-0.114,0.365
2025-04-22,778212,0.3240,0.3361,0.2534,0.2625,0.0805,0.0784,0.2975,0.3006,91,93,0.531,0.455
2025-04-22,778213,0.3316,0.3067,0.2156,0.2362,0.0670,0.1081,0.2655,0.2817,89,40,0.125,0.095
2025-04-22,778215,0.3529,0.3120,0.2080,0.2627,0.0938,0.0894,0.2911,0.3057,96,16,0.028,-0.059
2025-04-22,778216,0.3359,0.3413,0.2124,0.2013,0.1036,0.0924,0.2860,0.2824,50,96,0.174,0.380
2025-04-22,778217,0.3389,0.3503,0.2446,0.2129,0.1047,0.1223,0.2861,0.2842,104,92,0.215,-0.046
2025-04-22,778218,0.3240,0.3215,0.2537,0.2463,0.0923,0.0965,0.2991,0.2920,27,97,0.503,0.983
2025-04-22,778219,0.2842,0.3229,0.2333,0.2604,0.0725,0.1192,0.3000,0.2827,53,57,0.152,-0.211
2025-04-22,778220,0.2996,0.2928,0.2496,0.2572,0.1082,0.0834,0.2926,0.2855,12,81,0.394,0.285
2025-04-22,778221,0.2909,0.2972,0.2957,0.2762,0.0761,0.0738,0.2966,0.3082,79,78,0.360,0.326
2025-04-22,778222,0.2903,0.3236,0.2082,0.2608,0.0704,0.0825,0.2879,0.2886,73,90,0.107,0.249
2025-04-22,778223,0.3286,0.3449,0.2164,0.2166,0.0622,0.0948,0.2927,0.2896,94,102,-0.113,0.460
2025-04-22,778224,0.2936,0.3318,0.2541,0.2373,0.1070,0.1058,0.2806,0.2967,89,80,0.418,-0.009
2025-04-22,778229,0.3092,,0.1804,,0.1220,,0.2592,,66,,-0.113,
2025-04-23,778195,0.3344,0.3272,0.2630,0.2144,0.0804,0.1102,0.2821,0.2741,12,78,0.044,0.270
2025-04-23,778197,0.3350,0.3100,0.2285,0.1905,0.0740,0.1112,0.2939,0.2695,26,98,0.105,0.349
2025-04-23,778198,0.3012,0.3267,0.2305,0.2487,0.0928,0.0794,0.2759,0.2909,99,106,-0.276,0.482
2025-04-23,778199,0.3291,0.3010,0.2975,0.2603,0.0829,0.0790,0.2883,0.2844,87,41,0.427,0.228
2025-04-23,778200,0.3171,0.3352,0.2744,0.2165,0.0922,0.0839,0.2904,0.2864,44,9,0.363,0.189
2025-04-23,778201,0.3341,0.2953,0.2361,0.2555,0.1355,0.0893,0.2896,0.2836,27,38,0.422,-0.032
2025-04-23,778202,0.3401,0.3613,0.2179,0.1910,0.0994,0.0699,0.2898,0.2696,95,49,0.290,0.542
2025-04-23,778203,0.2723,0.2930,0.2857,0.2739,0.0512,0.0974,0.3064,0.3123,88,61,0.875,0.361
2025-04-23,778204,0.3356,0.3279,0.2172,0.2369,0.0871,0.0926,0.2873,0.2878,18,44,0.185,0.350
2025-04-23,778205,,0.2935,,0.2545,,0.0933,,0.2953,,36,,0.441
2025-04-23,778206,0.3277,0.3416,0.2730,0.2324,0.0812,0.1260,0.3005,0.2739,102,54,-0.135,0.273
2025-04-23,778207,0.3658,0.3131,0.1952,0.2617,0.0988,0.1099,0.2695,0.2844,45,20,0.530,-0.190
2025-04-23,778208,0.3133,0.3266,0.2746,0.2154,0.1105,0.1053,0.3030,0.2743,92,14,0.560,0.227
2025-04-23,778209,0.3229,0.3154,0.2017,0.2669,0.1239,0.1028,0.2757,0.3053,19,66,0.117,0.246
2025-04-23,778214,0.3312,0.3353,0.1907,0.2214,0.0752,0.0829,0.2748,0.2793,102,36,0.041,0.016
2025-04-24,778188,0.2852,0.2886,0.2529,0.2577,0.0812,0.0812,0.2854,0.2874,24,95,-0.100,0.046
2025-04-24,778189,0.3286,0.3310,0.2460,0.2113,0.1141,0.0859,0.2991,0.2927,17,66,0.613,0.299
2025-04-24,778190,0.3622,0.2940,0.2245,0.2761,0.0963,0.0984,0.2649,0.3048,21,98,-0.064,0.397
2025-04-24,778191,0.3021,0.3312,0.2407,0.2136,0.0705,0.1181,0.3003,0.2940,22,101,0.368,-0.157
2025-04-24,778192,0.2956,0.3093,0.2336,0.2427,0.0771,0.0890,0.3109,0.2816,23,23,0.268,0.227
2025-04-24,778193,0.3259,0.3125,0.2429,0.2950,0.1002,0.1113,0.2850,0.2801,62,100,0.295,0.171
2025-04-24,778194,0.3311,0.3095,0.2273,0.2633,0.0836,0.0938,0.2816,0.3097,59,29,-0.197,0.088
2025-04-24,778196,0.2952,0.2822,0.2407,0.3267,0.0617,0.0637,0.3016,0.3221,69,90,0.166,0.200
2025-04-25,778171,0.3421,0.3054,0.2297,0.2183,0.0806,0.1118,0.2969,0.2795,94,65,0.358,-0.254
2025-04-25,778172,0.3130,0.2954,0.2324,0.2918,0.1039,0.1130,0.2647,0.3250,52,94,0.084,0.565
2025-04-25,778175,0.3352,0.2755,0.1961,0.2998,0.1109,0.0763,0.2650,0.3064,90,97,0.137,0.977
2025-04-25,778176,0.2683,0.3001,0.2898,0.2883,0.0752,0.0993,0.3007,0.2989,70,69,0.613,0.422
2025-04-25,778177,0.3072,0.3300,0.2614,0.2530,0.0872,0.1167,0.3140,0.2925,100,99,0.218,0.665
2025-04-25,778178,,0.2978,,0.2518,,0.0884,,0.2855,,94,,-0.123
2025-04-25,778179,0.3135,0.3150,0.2107,0.1891,0.0751,0.0954,0.3002,0.2756,94,89,-0.125,-0.105
2025-04-25,778180,,0.3339,,0.1965,,0.0940,,0.2625,,51,,0.073
2025-04-25,778181,0.3056,0.3339,0.2335,0.2168,0.0998,0.0699,0.2916,0.2799,74,72,0.404,0.135
2025-04-25,778182,0.3274,0.3294,0.2362,0.1834,0.0918,0.0961,0.2673,0.2799,53,81,0.194,0.406
2025-04-25,778183,0.3153,0.3425,0.2032,0.2294,0.1057,0.0938,0.2675,0.2900,19,106,0.455,0.842
2025-04-25,778184,0.3177,0.3688,0.2125,0.2464,0.1039,0.0966,0.2705,0.2931,15,29,0.339,0.219
2025-04-25,778185,0.3431,0.2874,0.2530,0.2487,0.0832,0.1012,0.2918,0.2755,101,64,0.186,0.270
2025-04-25,778186,0.3165,0.2974,0.2083,0.2506,0.0868,0.0664,0.2981,0.2978,71,91,0.108,0.189
2025-04-25,778187,0.3319,0.3109,0.2098,0.2084,0.0981,0.1119,0.2845,0.2868,40,99,0.837,0.368
2025-04-26,778154,0.3324,0.3195,0.2017,0.2332,0.0810,0.0696,0.2696,0.2850,24,92,-0.330,0.053
2025-04-26,778159,0.3181,0.3335,0.2375,0.2829,0.1169,0.1821,0.2872,0.2952,29,44,0.146,0.179
2025-04-26,778160,0.2995,0.3322,0.2503,0.2629,0.0927,0.0823,0.2916,0.2930,93,110,0.001,-0.226
2025-04-26,778161,0.2978,0.3512,0.2733,0.1909,0.1104,0.0758,0.3007,0.2745,83,30,-0.326,0.369
2025-04-26,778162,0.3082,0.4027,0.2813,0.2021,0.1020,0.1190,0.3002,0.2653,32,64,0.282,0.522
2025-04-26,778163,0.3365,0.3139,0.2342,0.2188,0.1026,0.0952,0.3036,0.2524,96,22,0.235,0.038
2025-04-26,778164,0.3154,0.2940,0.2233,0.2987,0.0855,0.0703,0.2848,0.3070,27,82,0.429,0.359
2025-04-26,778165,0.3173,0.3423,0.2491,0.2452,0.0907,0.1416,0.2946,0.2982,4,47,,0.528
2025-04-26,778166,0.2966,0.2912,0.2874,0.2458,0.0804,0.1169,0.3130,0.2676,107,84,0.208,-0.159
2025-04-26,778167,0.3088,0.2838,0.2274,0.2088,0.1047,0.0721,0.2965,0.2678,91,87,0.143,0.135
2025-04-26,778168,0.3329,0.3500,0.2112,0.2016,0.0880,0.0930,0.2776,0.2815,6,76,,-0.022
2025-04-26,778169,0.3254,,0.2175,,0.1022,,0.2657,,71,,0.622,
2025-04-26,778170,0.3370,0.3257,0.2345,0.2379,0.1005,0.1264,0.2833,0.3048,111,52,0.230,0.532
2025-04-26,778173,0.3297,0.3381,0.2493,0.2154,0.1286,0.1190,0.2894,0.2702,24,14,-1.147,0.130
2025-04-26,778174,0.3031,0.3181,0.2466,0.2425,0.0812,0.1118,0.2874,0.2909,46,42,0.652,-0.063
2025-04-27,778136,0.2890,,0.2964,,0.0631,,0.3170,,42,,0.120,
2025-04-27,778144,0.3306,0.2898,0.2086,0.3070,0.0931,0.0654,0.2875,0.3135,69,78,0.389,0.749
2025-04-27,778145,0.3390,0.2705,0.2303,0.2788,0.0938,0.0766,0.2812,0.3023,92,60,-0.117,0.083
2025-04-27,778146,0.3236,0.3560,0.2465,0.1608,0.0786,0.1115,0.2973,0.2474,95,80,0.525,0.026
2025-04-27,778147,0.2856,0.3359,0.2477,0.2635,0.0882,0.0770,0.2853,0.3005,65,96,0.390,0.475
2025-04-27,778148,0.3104,0.3508,0.2681,0.2245,0.0830,0.1053,0.3155,0.2780,70,18,0.307,0.045
2025-04-27,778149,0.3206,0.3107,0.2295,0.2317,0.0959,0.1116,0.2862,0.2849,1,46,,0.121
2025-04-27,778150,0.3476,0.3253,0.1904,0.2246,0.1301,0.1046,0.2619,0.2708,91,101,0.527,0.137
2025-04-27,778151,0.3139,0.3558,0.2544,0.2043,0.1072,0.0946,0.2747,0.2691,22,78,0.182,-0.224
2025-04-27,778152,0.3148,0.3035,0.2424,0.2647,0.0860,0.0862,0.2994,0.3077,103,19,0.576,-0.077
2025-04-27,778153,0.3004,0.3227,0.2726,0.2536,0.1239,0.0870,0.2864,0.2842,64,94,-0.046,0.215
2025-04-27,778155,0.2997,0.2739,0.1988,0.2277,0.0675,0.0628,0.2811,0.2957,79,90,0.133,-0.134
2025-04-27,778156,0.3630,0.3262,0.1961,0.2146,0.0876,0.0985,0.2790,0.2845,98,92,0.051,0.245
2025-04-27,778157,0.3461,0.3488,0.2271,0.1872,0.1222,0.1092,0.2950,0.2610,86,72,0.045,0.298
2025-04-27,778158,0.3002,0.2937,0.2412,0.2412,0.0941,0.0627,0.2920,0.3051,104,81,0.489,0.200
2025-04-28,778132,0.3166,0.3182,0.2698,0.2332,0.1165,0.0966,0.2832,0.2819,60,21,-0.220,0.461
2025-04-28,778137,0.3411,0.3473,0.2079,0.2099,0.0979,0.0922,0.2727,0.2916,42,99,0.015,0.042
2025-04-28,778138,0.3530,0.3337,0.2096,0.2276,0.0922,0.0895,0.2888,0.2817,107,48,0.495,0.406
2025-04-28,778139,0.3462,0.3211,0.1958,0.2251,0.0903,0.1189,0.2824,0.2767,100,63,0.408,0.808
2025-04-28,778140,0.3206,0.3682,0.2526,0.2011,0.0886,0.0813,0.2994,0.2761,31,24,0.519,0.188
2025-04-28,778141,0.3142,0.2895,0.1743,0.2209,0.1262,0.0859,0.2583,0.2967,70,59,-0.111,0.228
2025-04-28,778142,0.2928,0.3456,0.2839,0.2083,0.0724,0.1202,0.3115,0.2851,81,95,0.354,-0.064
2025-04-28,778143,0.3047,0.3289,0.1929,0.2095,0.1094,0.0720,0.2707,0.2642,101,93,0.359,0.158
2025-04-29,778120,0.3939,0.3695,0.2178,0.2036,0.0998,0.1106,0.2822,0.2530,18,29,0.323,-0.077
2025-04-29,778121,0.3649,0.2984,0.1908,0.2469,0.0759,0.1044,0.2760,0.2799,54,93,0.592,0.454
2025-04-29,778122,0.3296,0.2880,0.2246,0.2364,0.0942,0.0748,0.2865,0.3123,2,26,,0.295
2025-04-29,778124,0.3073,0.3290,0.2736,0.2205,0.0999,0.0809,0.3123,0.2878,70,12,0.231,0.268
2025-04-29,778125,0.3005,0.3418,0.2306,0.2335,0.0907,0.1285,0.2754,0.2897,103,32,-0.266,0.328
2025-04-29,778126,0.3283,0.2895,0.2470,0.2938,0.0831,0.0812,0.2943,0.2932,111,83,0.480,0.399
2025-04-29,778127,0.2851,0.3173,0.3266,0.2730,0.0679,0.0891,0.3135,0.2939,96,48,0.154,0.344
2025-04-29,778128,0.3242,0.3357,0.2149,0.3005,0.1144,0.0870,0.2754,0.2849,82,92,0.294,0.426
2025-04-29,778129,0.3259,0.3260,0.2104,0.2458,0.0905,0.0943,0.2900,0.2922,71,101,0.264,0.895
2025-04-29,778130,0.2945,0.2942,0.2714,0.2646,0.0770,0.0946,0.2922,0.3074,44,65,0.257,0.350
2025-04-29,778131,0.3088,0.2709,0.2953,0.2778,0.1095,0.0501,0.2797,0.2965,103,92,0.196,0.895
2025-04-29,778133,0.3286,0.3455,0.2645,0.2247,0.0790,0.1108,0.3006,0.2901,107,79,-0.155,0.296
2025-04-29,778134,0.3317,0.3162,0.1907,0.2718,0.0731,0.1071,0.2735,0.3069,107,97,0.032,0.563
2025-04-29,778135,0.2987,0.3339,0.2529,0.2324,0.0802,0.0977,0.2854,0.2976,87,98,0.280,0.279
2025-04-30,778102,0.3057,0.3231,0.2575,0.2647,0.0902,0.0775,0.3137,0.2775,106,15,0.206,0.030
2025-04-30,778104,0.3388,0.3644,0.2054,0.2056,0.1140,0.0954,0.2933,0.2777,107,49,-0.209,0.530
2025-04-30,778105,0.3213,0.2934,0.2458,0.2921,0.0987,0.1109,0.3053,0.3261,35,97,0.056,0.545
2025-04-30,778106,0.2923,0.3510,0.2656,0.2234,0.0868,0.0787,0.2915,0.2954,97,98,-0.126,0.383
2025-04-30,778109,0.3307,,0.1982,,0.1089,,0.2642,,93,,0.153,
2025-04-30,778110,0.3242,,0.2107,,0.1102,,0.2684,,20,,0.245,
2025-04-30,778111,0.3265,0.3280,0.2255,0.2574,0.0805,0.1212,0.2768,0.2946,64,21,-0.108,0.712
2025-04-30,778112,0.2911,0.3099,0.2460,0.2285,0.0907,0.0676,0.2934,0.2929,39,26,0.408,0.335
2025-04-30,778113,,0.3028,,0.2489,,0.0882,,0.2798,,29,,-0.160
2025-04-30,778114,,0.2963,,0.2324,,0.1273,,0.2914,,56,,-0.295
2025-04-30,778115,0.2886,0.3226,0.2500,0.2345,0.0990,0.1052,0.2781,0.2842,67,66,0.271,0.284
2025-04-30,778116,0.2962,0.3607,0.2500,0.2430,0.0648,0.1354,0.2966,0.2751,95,61,0.188,0.258
2025-04-30,778117,0.2871,0.3094,0.2586,0.2358,0.0798,0.0923,0.2867,0.2884,98,3,0.045,
2025-04-30,778118,0.3425,0.3306,0.2223,0.2138,0.0970,0.0663,0.2895,0.2907,111,100,0.838,-0.099
2025-04-30,778119,0.3112,,0.2329,,0.0931,,0.2767,,22,,-0.056,
2025-05-01,778094,0.3228,0.3886,0.2008,0.2201,0.1115,0.1119,0.2626,0.2916,19,35,0.394,0.147
2025-05-01,778095,0.3234,0.3371,0.2061,0.2601,0.0715,0.0818,0.3006,0.2952,102,104,-0.129,0.209
2025-05-01,778096,0.3442,0.3288,0.2362,0.2265,0.1405,0.1119,0.3066,0.2893,55,33,0.562,0.106
2025-05-01,778097,0.3060,0.3111,0.2103,0.2257,0.1099,0.1013,0.2876,0.2637,102,55,0.357,0.041
2025-05-01,778098,0.3376,0.3018,0.2069,0.2188,0.0742,0.1162,0.2759,0.2765,78,69,0.111,-0.249
2025-05-01,778099,0.3343,0.3290,0.2320,0.2321,0.1144,0.0957,0.2750,0.2633,17,59,0.183,0.042
2025-05-01,778100,0.3284,0.2661,0.1903,0.2903,0.1066,0.0736,0.2819,0.3024,86,73,0.466,0.636
2025-05-01,778101,0.3472,0.3109,0.1953,0.2723,0.0903,0.0820,0.2786,0.3072,80,116,0.004,0.138
2025-05-01,778103,0.3290,0.3215,0.2571,0.1926,0.1254,0.1008,0.2972,0.2649,104,23,0.698,0.372
2025-05-01,778107,0.3572,0.2997,0.2458,0.2352,0.0926,0.0977,0.2910,0.2890,33,77,0.348,0.421
2025-05-01,778108,0.2899,0.3214,0.2386,0.1801,0.1137,0.0976,0.2645,0.2714,88,96,-0.119,-0.097
2025-05-02,778079,0.3112,0.3430,0.2196,0.1958,0.1078,0.1129,0.2965,0.2643,96,78,0.093,-0.250
2025-05-02,778080,0.3181,0.3352,0.2515,0.2406,0.1171,0.0948,0.2980,0.3007,46,35,-0.047,-0.107
2025-05-02,778081,0.3515,0.3388,0.1813,0.2387,0.1060,0.0977,0.2596,0.2837,76,116,0.305,0.209
2025-05-02,778082,0.3431,0.3346,0.2032,0.2693,0.0726,0.1738,0.2759,0.2919,34,49,0.334,0.139
2025-05-02,778083,0.2966,0.3348,0.2553,0.2451,0.0600,0.1324,0.3062,0.2632,73,29,0.165,0.224
2025-05-02,778084,0.3186,0.2887,0.2370,0.2969,0.1228,0.0684,0.2863,0.3110,28,86,-1.173,0.339
2025-05-02,778085,0.2729,0.3334,0.2345,0.2079,0.0612,0.0971,0.3011,0.2855,94,74,-0.140,0.334
2025-05-02,778086,0.4103,0.3020,0.2030,0.2460,0.1153,0.0874,0.2668,0.2844,68,50,0.529,0.647
2025-05-02,778087,0.3293,0.2919,0.2379,0.2809,0.1060,0.1081,0.2729,0.3041,104,86,0.211,-0.332
2025-05-02,778088,0.3007,0.3282,0.2434,0.2049,0.0904,0.1067,0.2907,0.2817,97,99,-0.014,0.214
2025-05-02,778089,0.2839,0.3471,0.3001,0.2259,0.0640,0.1247,0.3149,0.2930,81,91,0.731,0.074
2025-05-02,778090,0.3267,0.3350,0.2636,0.2312,0.0809,0.0988,0.2956,0.3037,113,102,-0.203,0.245
2025-05-02,778091,,0.3305,,0.2102,,0.1039,,0.2845,,44,,0.087
2025-05-02,778092,0.3023,0.3110,0.2898,0.2716,0.1099,0.1093,0.2996,0.2973,75,35,0.476,0.256
2025-05-02,778093,0.2809,0.3089,0.2174,0.1999,0.0706,0.0726,0.2751,0.2794,90,83,0.095,0.114
2025-05-03,778064,0.3313,0.3566,0.2221,0.2045,0.1132,0.0860,0.2757,0.2861,69,101,0.778,0.024
2025-05-03,778065,0.3505,0.3458,0.1570,0.2197,0.1091,0.0959,0.2472,0.2780,83,99,0.052,-0.098
2025-05-03,778066,0.3147,0.3356,0.2497,0.2058,0.0844,0.1009,0.2991,0.2832,106,53,0.577,0.160
2025-05-03,778067,0.2896,0.3214,0.2777,0.2059,0.0708,0.1050,0.3062,0.2957,84,77,0.338,0.032
2025-05-03,778068,0.2992,0.3359,0.2736,0.2136,0.1209,0.1114,0.2912,0.2686,67,109,-0.068,0.188
2025-05-03,778069,0.3573,0.3561,0.2029,0.2009,0.1070,0.0899,0.2634,0.2743,26,85,0.165,-0.192
2025-05-03,778070,0.3228,0.3272,0.2316,0.2166,0.0801,0.0700,0.2834,0.2648,97,97,0.049,0.159
2025-05-03,778071,0.2922,0.3449,0.2410,0.1915,0.0609,0.1331,0.3029,0.2638,85,95,0.272,0.526
2025-05-03,778072,0.3044,0.3714,0.2633,0.1983,0.0820,0.0978,0.2994,0.2724,23,30,-0.086,0.159
2025-05-03,778073,0.3413,0.3071,0.1920,0.2297,0.0885,0.0986,0.2841,0.2907,103,9,0.444,0.098
2025-05-03,778074,0.3302,0.3179,0.2478,0.2435,0.0770,0.0951,0.2956,0.2884,98,1,0.557,
2025-05-03,778075,0.3219,0.2914,0.2207,0.2940,0.1156,0.0606,0.2850,0.3187,51,46,0.185,0.138
2025-05-03,778076,0.3211,0.2842,0.2076,0.2551,0.0907,0.0854,0.2505,0.2883,26,69,0.083,0.381
2025-05-03,778077,0.3295,0.3035,0.2301,0.2767,0.0868,0.0811,0.2884,0.3177,51,73,0.426,0.298
2025-05-03,778078,0.3309,0.2998,0.2628,0.2425,0.0750,0.0923,0.3004,0.2930,100,107,0.476,0.489
2025-05-04,778048,0.3664,0.3306,0.1968,0.2470,0.1069,0.0849,0.2533,0.2959,32,119,-0.061,0.452
2025-05-04,778050,0.3018,0.3634,0.2749,0.1812,0.0975,0.0887,0.3147,0.2685,73,60,0.228,0.598
2025-05-04,778051,,0.3309,,0.2280,,0.0958,,0.2975,,101,,0.303
2025-05-04,778052,0.3171,0.2889,0.2167,0.2282,0.0908,0.0722,0.2788,0.3054,4,29,,0.284
2025-05-04,778053,,0.3359,,0.2137,,0.1114,,0.2686,,109,,0.188
2025-05-04,778054,0.3034,0.3120,0.2478,0.2342,0.0785,0.0874,0.2811,0.2746,90,109,0.276,-0.244
2025-05-04,778055,,0.3419,,0.2333,,0.1284,,0.2895,,32,,0.345
2025-05-04,778056,0.3211,0.3271,0.2534,0.2608,0.0925,0.0851,0.2924,0.2884,104,53,0.892,0.390
2025-05-04,778057,0.3400,0.3202,0.2909,0.2601,0.0841,0.0838,0.2819,0.3053,97,36,0.392,0.543
2025-05-04,778058,0.3179,0.2886,0.2924,0.2280,0.1061,0.0823,0.2816,0.3001,108,64,0.191,0.257
2025-05-04,778059,0.2871,0.3158,0.2705,0.2505,0.0740,0.0911,0.2912,0.2878,48,70,0.220,0.084
2025-05-04,778060,0.3078,0.3500,0.2365,0.1962,0.0930,0.1016,0.2813,0.2752,24,48,0.510,0.018
2025-05-04,778061,0.2994,0.3216,0.1953,0.2610,0.1073,0.1126,0.2725,0.2801,104,64,0.361,-0.219
2025-05-04,778062,0.3275,0.3666,0.2075,0.2096,0.1104,0.1033,0.2706,0.2872,87,89,0.309,0.287
2025-05-04,778063,0.3188,0.2876,0.2131,0.3184,0.0884,0.0724,0.2900,0.3081,74,100,0.263,0.156
2025-05-05,778036,0.3041,0.3303,0.2323,0.1920,0.0652,0.0713,0.2998,0.2720,29,111,0.332,0.023
2025-05-05,778038,0.2953,0.2911,0.2470,0.2608,0.1017,0.0851,0.2808,0.2899,97,100,0.470,-0.130
2025-05-05,778039,0.3525,0.2984,0.2046,0.2392,0.0957,0.0745,0.2881,0.2782,111,58,0.505,0.528
2025-05-05,778042,0.3410,0.3247,0.2043,0.2342,0.1178,0.0857,0.2813,0.2810,98,68,-0.066,-0.125
2025-05-05,778043,0.3257,0.2971,0.2458,0.2734,0.1214,0.1016,0.2854,0.3050,29,103,0.627,0.350
2025-05-05,778044,0.3135,0.2920,0.2487,0.2607,0.0956,0.0949,0.3061,0.2945,38,45,0.124,0.499
2025-05-05,778045,0.2858,0.3300,0.2878,0.2657,0.0794,0.0775,0.2915,0.3026,86,110,0.411,-0.188
2025-05-05,778046,0.3172,0.3214,0.1757,0.2454,0.0952,0.1087,0.2675,0.2886,100,21,-0.033,0.190
2025-05-05,778047,0.3259,0.3730,0.2289,0.1940,0.0893,0.1012,0.2946,0.2619,5,27,,0.272
2025-05-05,778049,0.3241,0.3940,0.2651,0.2098,0.1044,0.0959,0.3050,0.2805,101,21,0.595,0.347
2025-05-06,778024,0.3633,0.3386,0.2124,0.2303,0.0904,0.1369,0.2840,0.3057,55,58,0.508,0.549
2025-05-06,778025,0.3094,0.3358,0.2136,0.2077,0.1042,0.1120,0.2862,0.2949,25,110,0.095,-0.161
2025-05-06,778026,0.3553,0.3468,0.2534,0.2205,0.1321,0.0994,0.2768,0.2914,64,117,0.293,0.802
2025-05-06,778027,0.2959,0.3299,0.2214,0.1920,0.1136,0.1038,0.2796,0.2811,72,90,-0.239,0.447
2025-05-06,778028,0.3369,0.2982,0.2333,0.2438,0.1012,0.0631,0.2851,0.2930,71,99,0.340,0.180
2025-05-06,778029,0.3267,0.3462,0.1908,0.2207,0.0917,0.0971,0.2614,0.2813,54,25,0.107,-0.127
2025-05-06,778030,0.2660,0.3469,0.2819,0.2461,0.0715,0.0888,0.3024,0.2941,77,37,0.635,0.308
2025-05-06,778031,0.3255,0.3173,0.2011,0.2009,0.0945,0.1049,0.2811,0.2520,44,24,0.817,0.413
2025-05-06,778032,0.2911,0.3251,0.2641,0.2570,0.0916,0.1224,0.3045,0.2949,69,108,0.362,0.714
2025-05-06,778033,0.4055,0.3088,0.2071,0.2113,0.1350,0.1073,0.2854,0.2900,41,106,0.094,0.339
2025-05-06,778034,0.2960,0.3002,0.2356,0.2649,0.1021,0.0886,0.2873,0.3180,81,109,0.396,0.197
2025-05-06,778035,0.3121,0.3249,0.2361,0.1946,0.0922,0.1068,0.2877,0.2640,3,96,,0.166
2025-05-06,778037,0.3450,0.3112,0.2256,0.2442,0.0772,0.1048,0.2964,0.2864,101,5,0.403,-0.112
2025-05-06,778040,0.2659,0.3162,0.2788,0.2358,0.0490,0.0835,0.2948,0.2774,95,34,0.891,-0.040
2025-05-06,778041,0.2921,0.3246,0.2930,0.2442,0.1151,0.1381,0.3246,0.3074,100,57,0.544,0.600
2025-05-07,778009,0.3398,0.3079,0.2660,0.2719,0.0798,0.0857,0.2944,0.3061,108,120,0.229,0.167
2025-05-07,778010,0.2941,0.3169,0.2499,0.2363,0.0587,0.0922,0.3061,0.2908,76,3,0.161,
2025-05-07,778011,0.3393,0.2888,0.2569,0.2440,0.1410,0.1166,0.2898,0.2662,105,93,0.937,-0.104
2025-05-07,778012,0.3405,0.2828,0.1918,0.2134,0.1106,0.0693,0.2676,0.2752,81,93,-0.267,0.103
2025-05-07,778013,0.3195,0.3134,0.2130,0.2550,0.1049,0.0745,0.2598,0.2715,24,18,0.318,-0.017
2025-05-07,778014,0.3125,0.4091,0.2094,0.1956,0.0974,0.1110,0.2720,0.2611,26,73,0.222,0.529
2025-05-07,778015,0.3158,0.3146,0.2130,0.2083,0.1106,0.0908,0.2903,0.2794,101,33,0.113,0.351
2025-05-07,778016,0.3314,0.2893,0.2379,0.2978,0.1025,0.0670,0.3019,0.3113,106,89,0.281,0.352
2025-05-07,778017,0.3581,0.3245,0.2055,0.2046,0.1073,0.1010,0.2620,0.2873,43,47,0.037,0.020
2025-05-07,778018,0.3340,0.3180,0.2231,0.2085,0.1153,0.0702,0.2766,0.2977,39,105,0.224,-0.101
2025-05-07,778019,0.3328,0.3260,0.2635,0.2062,0.0791,0.1102,0.2887,0.2804,117,103,-0.166,0.193
2025-05-07,778020,0.3319,0.3137,0.2712,0.2448,0.1780,0.1139,0.2889,0.3011,52,49,0.095,-0.007
2025-05-07,778021,0.3285,0.3072,0.2088,0.2183,0.0646,0.1063,0.2892,0.2611,104,59,-0.103,-0.000
2025-05-07,778022,0.3502,0.3196,0.1776,0.1955,0.1037,0.1089,0.2603,0.2671,79,26,0.351,-0.295
2025-05-07,778023,0.2891,0.3013,0.2736,0.2942,0.1119,0.1060,0.2994,0.3044,90,38,-0.335,0.254
2025-05-08,777999,0.3031,0.3271,0.2888,0.2749,0.1139,0.0732,0.3001,0.3041,79,104,0.497,0.477
2025-05-08,778000,0.3383,0.3325,0.2391,0.2108,0.0955,0.0949,0.2849,0.2852,120,77,0.212,0.322
2025-05-08,778003,0.3136,0.2850,0.2631,0.2552,0.0842,0.0829,0.3070,0.2904,80,73,0.290,0.433
2025-05-08,778004,0.3423,0.3486,0.1983,0.2068,0.0884,0.0716,0.2839,0.2765,83,83,0.025,0.074
2025-05-08,778005,0.2964,0.3006,0.2616,0.2375,0.0835,0.0881,0.2968,0.2833,55,101,0.674,-0.019
2025-05-08,778006,0.3295,0.3447,0.2429,0.2281,0.1253,0.1223,0.2668,0.2956,34,94,0.289,0.099
2025-05-08,778007,0.3035,0.3393,0.2028,0.1876,0.0711,0.0864,0.2833,0.2804,86,107,0.085,0.460
2025-05-08,778008,0.3323,0.3034,0.2076,0.2601,0.0975,0.0887,0.2844,0.3063,57,28,0.149,-0.056
2025-05-09,777984,0.3521,0.3247,0.2119,0.2336,0.0899,0.0786,0.2896,0.2831,105,100,0.024,0.024
2025-05-09,777986,0.3612,0.3146,0.2029,0.2088,0.0947,0.1027,0.2741,0.2971,33,80,0.124,0.032
2025-05-09,777988,0.3138,0.2881,0.2184,0.2762,0.0968,0.0795,0.2563,0.2884,31,53,0.164,0.251
2025-05-09,777989,0.2882,0.3219,0.2226,0.2513,0.0804,0.0810,0.3001,0.2982,67,113,0.238,0.608
2025-05-09,777990,0.2954,0.3236,0.2343,0.2153,0.0945,0.1075,0.2906,0.2704,12,91,0.199,0.315
2025-05-09,777991,0.3056,0.3318,0.2835,0.2471,0.0584,0.1243,0.3153,0.2960,50,35,0.192,0.303
2025-05-09,777992,0.3512,0.3250,0.2091,0.2142,0.0942,0.0931,0.2794,0.2893,89,78,-0.227,0.300
2025-05-09,777993,0.3502,0.3381,0.1518,0.2052,0.1190,0.0696,0.2487,0.2779,88,38,0.022,0.277
2025-05-09,777994,0.3212,0.3239,0.2671,0.2132,0.0895,0.1203,0.3066,0.2792,41,55,0.611,0.161
2025-05-09,777995,0.3537,0.3301,0.2121,0.2296,0.1133,0.1140,0.2723,0.2717,115,110,0.176,0.228
2025-05-09,777996,0.3310,0.2794,0.2088,0.2349,0.0736,0.0596,0.2639,0.2997,103,98,0.177,-0.095
2025-05-09,777997,0.2985,0.3363,0.2487,0.2346,0.0960,0.1082,0.2928,0.2742,111,75,0.521,0.746
2025-05-09,777998,0.3404,0.3416,0.2179,0.2268,0.0988,0.0997,0.2836,0.2794,51,103,-0.007,-0.110
2025-05-09,778001,0.2890,0.3154,0.2481,0.2269,0.0660,0.1174,0.3039,0.2851,89,32,0.283,-1.141
2025-05-09,778002,0.3459,0.3397,0.1907,0.2480,0.1344,0.0752,0.2615,0.2917,101,102,0.544,0.544
2025-05-10,777970,0.3186,0.3150,0.2627,0.2040,0.0827,0.0853,0.2932,0.2792,56,8,0.376,0.365
2025-05-10,777972,0.3274,0.2947,0.2726,0.2026,0.0761,0.1046,0.3023,0.2737,113,108,-0.182,0.367
2025-05-10,777973,0.3615,0.3652,0.2172,0.1754,0.1005,0.0938,0.2872,0.2664,93,64,0.298,0.602
2025-05-10,777974,0.3281,0.2908,0.2417,0.2968,0.0830,0.0686,0.2959,0.3086,123,86,0.442,0.742
2025-05-10,777975,0.3226,0.2963,0.2345,0.2553,0.0989,0.0890,0.2803,0.2819,29,104,0.557,0.048
2025-05-10,777976,0.3119,0.3458,0.2361,0.2188,0.0920,0.1034,0.2866,0.2688,3,29,,0.177
2025-05-10,777977,0.2859,0.2941,0.3209,0.2848,0.0701,0.0992,0.3081,0.3078,105,107,0.197,0.356
2025-05-10,777978,0.3146,0.3312,0.2627,0.2460,0.1099,0.1269,0.2799,0.2851,67,33,-0.190,0.566
2025-05-10,777979,0.3266,0.3254,0.2586,0.2288,0.1079,0.0892,0.3059,0.2837,105,5,0.630,
2025-05-10,777980,0.3182,0.3360,0.1653,0.2270,0.1195,0.0909,0.2513,0.2851,77,57,-0.123,0.436
2025-05-10,777981,0.3230,0.3407,0.2347,0.2837,0.0831,0.0882,0.2817,0.2774,72,101,-0.142,0.415
2025-05-10,777982,0.3518,0.2996,0.2065,0.2674,0.0952,0.1181,0.2831,0.2923,7,70,,-0.103
2025-05-10,777983,0.3111,0.3189,0.2600,0.2534,0.0890,0.0903,0.2850,0.2898,73,108,0.102,0.913
2025-05-10,777985,0.3916,0.3349,0.2092,0.2245,0.1134,0.1037,0.2827,0.2923,26,108,0.317,0.300
2025-05-10,777987,0.2816,0.2884,0.2292,0.2839,0.0690,0.0688,0.3078,0.3103,33,88,0.263,0.311
2025-05-11,777954,0.3016,0.3244,0.2558,0.2583,0.0880,0.1202,0.2895,0.2943,6,111,-0.186,0.711
2025-05-11,777955,0.2877,0.3691,0.2868,0.1992,0.0839,0.1024,0.2893,0.2485,90,36,0.437,-0.130
2025-05-11,777956,0.3059,0.2928,0.2488,0.2579,0.0918,0.0619,0.3070,0.2958,42,102,0.156,0.182
2025-05-11,777957,0.3109,0.2951,0.2443,0.2529,0.1047,0.0886,0.2849,0.2875,5,105,-0.095,-0.165
2025-05-11,777958,0.3206,0.2948,0.2129,0.2394,0.0983,0.1047,0.2819,0.2780,30,102,0.087,0.478
2025-05-11,777961,0.3054,0.3451,0.2271,0.2121,0.0584,0.1081,0.2973,0.2982,80,116,0.195,-0.141
2025-05-11,777962,0.3360,0.3125,0.1856,0.2898,0.0745,0.1030,0.2739,0.2802,117,113,0.026,0.173
2025-05-11,777963,0.3478,0.3385,0.2255,0.2067,0.1031,0.1156,0.2958,0.2808,6,101,,-0.073
2025-05-11,777964,0.3169,0.3134,0.2032,0.2286,0.1114,0.0808,0.2528,0.2762,28,37,0.282,0.022
2025-05-11,777965,0.3098,0.3058,0.2411,0.2076,0.0972,0.1054,0.2855,0.2878,10,109,0.056,0.357
2025-05-11,777966,0.3660,0.4024,0.2052,0.2012,0.0957,0.1311,0.2669,0.2810,32,44,0.161,0.119
2025-05-11,777967,0.3008,0.2986,0.2688,0.2248,0.0918,0.0631,0.3228,0.3003,114,32,0.220,0.299
2025-05-11,777968,0.2875,0.3501,0.2627,0.2057,0.0923,0.0935,0.2917,0.2859,48,115,0.546,0.508
2025-05-11,777969,0.3430,0.3048,0.2323,0.2775,0.0753,0.1076,0.2982,0.3157,105,79,0.403,0.238
2025-05-11,777971,0.2674,0.3550,0.2736,0.2495,0.0481,0.1337,0.2943,0.2778,98,70,0.906,0.280
2025-05-12,777939,0.4090,0.2961,0.1986,0.2240,0.1085,0.1183,0.2620,0.2805,76,75,0.560,-0.251
2025-05-12,777941,0.3286,0.3597,0.2426,0.2138,0.1323,0.0956,0.3068,0.2874,62,59,0.636,0.498
2025-05-12,777947,0.3122,0.2977,0.2714,0.2920,0.0838,0.1122,0.3059,0.3239,124,104,0.170,0.534
2025-05-12,777948,0.2818,0.3545,0.2157,0.2165,0.0678,0.0871,0.2762,0.2880,96,18,0.122,0.214
2025-05-12,777949,0.3075,0.3370,0.2456,0.2166,0.0715,0.1215,0.2689,0.2737,21,42,0.044,0.081
2025-05-12,777950,0.2597,0.2914,0.2811,0.2658,0.0694,0.0894,0.3023,0.3063,81,72,0.623,0.347
2025-05-12,777951,0.3165,0.3252,0.2108,0.2099,0.0689,0.0977,0.2998,0.2608,108,30,-0.140,0.372
2025-05-12,777952,0.3239,0.3237,0.2011,0.2014,0.1033,0.1017,0.2657,0.2792,101,93,0.135,0.440
2025-05-12,777953,0.3412,0.3305,0.2636,0.2027,0.0941,0.0685,0.3088,0.2821,42,109,0.385,-0.118
2025-05-12,777959,0.3487,0.3064,0.2134,0.2896,0.1124,0.1007,0.2868,0.3044,123,43,0.793,0.250
2025-05-12,777960,0.3069,0.3196,0.2418,0.1776,0.0858,0.0989,0.2741,0.2664,112,104,-0.242,-0.015
2025-05-13,777926,0.3280,0.2973,0.2073,0.2448,0.1075,0.0558,0.2789,0.3100,107,83,0.196,0.151
2025-05-13,777930,0.3310,0.3295,0.2669,0.2643,0.0769,0.1733,0.2977,0.2853,109,55,0.483,0.080
2025-05-13,777931,0.2989,0.3113,0.2627,0.2153,0.0857,0.1085,0.3043,0.2891,31,104,-0.105,0.131
2025-05-13,777932,0.3316,0.3320,0.2231,0.2647,0.0909,0.0777,0.2900,0.2891,83,120,0.305,-0.171
2025-05-13,777933,0.2876,0.2951,0.2986,0.2561,0.0656,0.0943,0.3129,0.2944,92,114,0.351,0.516
2025-05-13,777934,0.3458,0.3280,0.2053,0.2309,0.0686,0.1391,0.2798,0.2631,89,39,0.032,0.253
2025-05-13,777935,0.3050,0.3374,0.2257,0.2700,0.1100,0.0832,0.2667,0.2996,64,113,0.026,0.216
2025-05-13,777936,0.3243,0.3139,0.2153,0.2409,0.1063,0.1165,0.2923,0.2981,51,55,0.006,0.013
2025-05-13,777937,0.3483,0.3519,0.2212,0.2093,0.1394,0.1041,0.3034,0.2623,63,46,0.552,0.046
2025-05-13,777938,0.2838,0.3223,0.2394,0.2250,0.1142,0.0938,0.2672,0.2820,96,2,-0.095,
2025-05-13,777940,0.3443,0.3076,0.2273,0.2177,0.1247,0.0870,0.2958,0.2947,99,20,0.100,-0.119
2025-05-13,777942,0.3173,0.2887,0.2114,0.2570,0.1051,0.0883,0.2786,0.2922,29,76,-0.205,0.425
2025-05-13,777943,0.3382,0.3164,0.2337,0.2002,0.1006,0.1150,0.3050,0.2643,109,30,0.274,0.154
2025-05-13,777944,0.3084,0.3504,0.2124,0.1727,0.0878,0.1007,0.2828,0.2575,36,83,0.381,0.362
2025-05-13,777945,0.3471,0.2910,0.1867,0.2379,0.1074,0.0998,0.2678,0.2904,85,84,-0.235,0.388
2025-05-14,777914,0.3133,0.3441,0.2102,0.1557,0.0998,0.1165,0.2959,0.2518,84,91,-0.002,0.054
2025-05-14,777915,0.3160,0.3254,0.2694,0.2300,0.0867,0.0871,0.3089,0.2822,44,107,0.588,-0.016
2025-05-14,777916,0.3083,0.3594,0.2733,0.2038,0.0760,0.0917,0.2873,0.2786,58,93,0.220,-0.286
2025-05-14,777917,0.3042,0.3002,0.2225,0.2828,0.0864,0.1113,0.2823,0.3014,7,82,-0.002,0.501
2025-05-14,777918,0.3471,0.3309,0.2033,0.2052,0.0654,0.0781,0.2738,0.2619,44,106,0.290,0.180
2025-05-14,777919,0.3399,0.3071,0.2262,0.2306,0.1025,0.1135,0.2762,0.2805,108,35,-0.111,-1.055
2025-05-14,777920,0.3188,,0.2179,,0.1052,,0.2736,,94,,0.304,
2025-05-14,777921,0.3046,0.2899,0.2295,0.2533,0.0966,0.0637,0.2833,0.3013,37,94,0.001,0.296
2025-05-14,777922,0.3505,0.3055,0.2075,0.2509,0.1107,0.0799,0.2716,0.2927,119,60,0.156,0.639
2025-05-14,777923,0.3059,0.3369,0.2319,0.2476,0.0859,0.0923,0.2810,0.2928,105,126,-0.049,0.229
2025-05-14,777924,0.3383,0.3067,0.1833,0.2028,0.0842,0.0752,0.2781,0.2817,111,91,0.469,0.054
2025-05-14,777925,0.3116,0.3319,0.2525,0.2408,0.0918,0.1113,0.2828,0.2762,3,80,,0.736
2025-05-14,777927,0.2866,0.2743,0.2521,0.2432,0.0905,0.0584,0.2965,0.3051,15,101,0.239,-0.090
2025-05-14,777928,0.3411,0.3193,0.1992,0.2542,0.0933,0.0812,0.2805,0.3044,62,85,0.112,0.285
2025-05-14,777929,0.3328,0.3442,0.2320,0.2125,0.1207,0.0960,0.2692,0.2819,117,54,0.234,-0.044
2025-05-15,777909,0.3396,0.3849,0.2217,0.2250,0.0884,0.1093,0.2821,0.2897,60,29,0.495,0.306
2025-05-15,777910,0.3188,0.2793,0.2529,0.2512,0.0794,0.0659,0.2993,0.3131,116,37,0.620,0.268
2025-05-15,777911,0.3183,0.3510,0.2242,0.2075,0.0909,0.0914,0.2910,0.2775,81,36,0.265,0.047
2025-05-15,777912,0.3349,0.2885,0.2352,0.2255,0.1278,0.0783,0.2887,0.2984,40,70,0.254,0.214
2025-05-15,777913,0.3402,0.3494,0.2483,0.2083,0.0732,0.0882,0.2919,0.2873,106,108,0.552,0.004
2025-05-15,777946,0.3297,,0.2130,,0.1233,,0.2806,,60,,0.120,
2025-05-16,777891,0.2902,0.3236,0.2109,0.2527,0.1027,0.0811,0.2790,0.2989,111,127,0.369,0.431
2025-05-16,777895,0.3675,0.3368,0.2043,0.2402,0.1339,0.0738,0.2867,0.3005,13,108,,0.400
2025-05-16,777896,0.3124,0.3097,0.1959,0.2375,0.0814,0.1012,0.2814,0.2891,11,7,0.537,0.164
2025-05-16,777897,,0.2969,,0.2510,,0.0873,,0.2823,,107,,0.035
2025-05-16,777898,0.2918,0.3198,0.2978,0.2141,0.0671,0.1051,0.3064,0.2548,89,33,0.775,0.290
2025-05-16,777899,0.3604,0.3172,0.1794,0.2225,0.0915,0.0934,0.2718,0.2762,67,34,0.612,0.547
2025-05-16,777900,0.3240,,0.2568,,0.1214,,0.2900,,37,,0.637,
2025-05-16,777901,0.3247,0.2927,0.1609,0.2959,0.1160,0.0967,0.2524,0.3103,81,111,-0.139,0.405
2025-05-16,777902,0.3174,0.3286,0.2492,0.2556,0.0886,0.1098,0.2894,0.3040,111,111,0.981,0.602
2025-05-16,777903,0.3355,0.2996,0.2848,0.2763,0.0865,0.0566,0.2791,0.3118,104,53,0.422,0.189
2025-05-16,777904,0.3072,0.3250,0.2667,0.2723,0.1256,0.0743,0.2915,0.3037,78,117,-0.117,-0.180
2025-05-16,777905,0.3342,0.3147,0.2253,0.2527,0.1012,0.0935,0.2927,0.2832,112,77,0.302,0.085
2025-05-16,777906,0.3075,0.3130,0.2796,0.2648,0.0725,0.0805,0.3083,0.2935,94,59,0.331,0.402
2025-05-16,777907,0.3220,0.3350,0.2834,0.2359,0.1062,0.0986,0.2764,0.2872,117,74,0.181,0.329
2025-05-16,777908,0.2985,0.2885,0.2726,0.3234,0.0891,0.0679,0.3226,0.3123,119,110,0.195,0.173
2025-05-17,777875,0.3594,0.3067,0.2251,0.2870,0.0931,0.0863,0.2902,0.2924,62,97,0.474,0.406
2025-05-17,777879,0.2938,0.3069,0.2545,0.2515,0.0869,0.0889,0.2866,0.3078,108,45,-0.148,0.158
2025-05-17,777881,0.3983,0.2796,0.2052,0.2829,0.1365,0.0895,0.2814,0.3043,47,51,0.123,0.594
2025-05-17,777882,0.3322,0.3274,0.2214,0.2106,0.1133,0.1178,0.2863,0.2691,104,45,-0.065,0.131
2025-05-17,777883,0.2974,0.3254,0.2489,0.2281,0.0655,0.0878,0.2938,0.2786,108,76,0.188,-0.148
2025-05-17,777884,0.3384,0.3394,0.2174,0.1984,0.1049,0.1108,0.2989,0.2832,121,19,-0.118,0.031
2025-05-17,777885,0.3370,0.3196,0.1882,0.2208,0.0731,0.0916,0.2768,0.2790,120,3,0.016,
2025-05-17,777886,0.3021,,0.2789,,0.1052,,0.3174,,82,,0.236,
2025-05-17,777887,0.3672,0.3277,0.1896,0.2512,0.0970,0.1166,0.2414,0.2928,41,116,-0.120,0.736
2025-05-17,777888,0.3441,0.3339,0.2192,0.2509,0.0918,0.1280,0.2890,0.3110,118,66,0.506,0.636
2025-05-17,777889,0.3073,0.3554,0.2220,0.2178,0.0781,0.0914,0.2774,0.2690,40,36,0.029,-0.110
2025-05-17,777890,0.3537,0.3572,0.2078,0.2204,0.1146,0.1022,0.2832,0.2839,128,100,0.786,0.323
2025-05-17,777892,0.2922,0.3184,0.2496,0.2038,0.0802,0.0979,0.2896,0.2732,27,11,-0.010,0.027
2025-05-17,777893,0.3061,0.3027,0.3005,0.2591,0.0977,0.0928,0.3078,0.2838,46,13,0.248,0.069
2025-05-17,777894,0.2912,0.2689,0.2180,0.2670,0.0608,0.0467,0.2980,0.2926,35,102,0.329,0.895
2025-05-18,777864,0.3319,0.2806,0.2754,0.2167,0.0911,0.0722,0.3139,0.2742,45,100,0.342,0.082
2025-05-18,777865,0.3338,0.3074,0.2235,0.2378,0.0945,0.0842,0.2805,0.2734,26,115,-0.020,-0.239
2025-05-18,777866,0.3180,0.2988,0.2697,0.2523,0.0867,0.0953,0.3054,0.2879,129,11,0.186,-0.190
2025-05-18,777867,0.3437,0.2949,0.2222,0.2305,0.1426,0.1210,0.3065,0.2872,67,80,0.585,-0.242
2025-05-18,777868,0.3020,0.2996,0.2382,0.2989,0.0541,0.1100,0.3046,0.3277,87,107,0.131,0.534
2025-05-18,777869,0.3081,0.3274,0.2174,0.2391,0.1064,0.1321,0.2929,0.2706,107,44,0.132,0.237
2025-05-18,777870,0.3078,0.3994,0.2578,0.2074,0.0796,0.1052,0.2674,0.2652,25,80,-0.063,0.519
2025-05-18,777871,0.3170,0.3358,0.2225,0.2681,0.0933,0.0920,0.2640,0.2982,34,118,0.399,0.226
2025-05-18,777872,0.3471,0.3261,0.1867,0.1977,0.1072,0.0995,0.2679,0.2771,85,96,-0.209,0.439
2025-05-18,777873,0.3118,0.3055,0.2132,0.2248,0.1003,0.0558,0.2840,0.2934,33,86,0.019,0.203
2025-05-18,777874,0.3569,0.2877,0.2516,0.2331,0.1304,0.0976,0.2811,0.2858,73,87,0.274,0.375
2025-05-18,777876,0.2978,0.3452,0.2497,0.2205,0.0856,0.1268,0.2922,0.2904,80,104,0.438,0.160
2025-05-18,777877,0.3020,0.3213,0.2284,0.2036,0.1072,0.1013,0.2675,0.2668,67,104,0.009,0.085
2025-05-18,777878,0.2933,0.3254,0.2636,0.2037,0.1005,0.1054,0.3043,0.2784,77,110,0.301,0.143
2025-05-18,777880,0.2651,,0.2804,,0.0742,,0.3034,,85,,0.613,
2025-05-19,777852,0.3332,0.3561,0.2039,0.2089,0.0726,0.0718,0.2816,0.2797,113,96,-0.111,0.054
2025-05-19,777853,0.3361,0.3158,0.2171,0.2372,0.0882,0.1053,0.2875,0.2814,87,29,0.308,0.205
2025-05-19,777854,0.3291,0.3190,0.2608,0.2193,0.0808,0.0849,0.2984,0.2988,113,8,0.472,
2025-05-19,777855,0.2980,0.3306,0.2595,0.2635,0.0809,0.1618,0.3062,0.2965,36,63,-0.105,0.044
2025-05-19,777856,0.3065,0.2762,0.2153,0.2553,0.1110,0.0868,0.2726,0.2881,33,18,0.294,0.310
2025-05-19,777857,0.3318,0.3413,0.2350,0.1945,0.0845,0.0910,0.2864,0.2788,112,65,-0.026,0.013
2025-05-19,777858,0.3187,0.3091,0.2486,0.2264,0.0902,0.0838,0.2834,0.2775,4,109,,-0.065
2025-05-19,777859,0.3192,0.3381,0.2558,0.2386,0.0794,0.0975,0.3057,0.3059,88,114,0.283,0.276
2025-05-19,777860,0.3033,0.3172,0.2054,0.2179,0.0736,0.0866,0.2843,0.2838,94,7,0.063,-0.089
2025-05-19,777862,,0.2966,,0.2962,,0.0684,,0.3086,,100,,0.330
2025-05-19,777863,0.3070,0.3223,0.2433,0.2626,0.1133,0.1063,0.2993,0.2811,58,71,0.010,-0.261
2025-05-20,777836,0.3155,0.3002,0.2201,0.2542,0.1031,0.1025,0.2760,0.2787,97,37,0.296,0.111
2025-05-20,777838,0.3008,0.2957,0.2336,0.2908,0.0806,0.1089,0.2763,0.3050,61,85,0.542,0.571
2025-05-20,777839,0.2832,0.2931,0.2523,0.2946,0.0774,0.0713,0.2941,0.2997,30,94,0.009,0.862
2025-05-20,777840,0.2767,0.3505,0.2419,0.2096,0.0565,0.1087,0.3037,0.2718,106,122,-0.097,0.163
2025-05-20,777841,0.3172,0.3334,0.2444,0.2337,0.0824,0.1186,0.2868,0.2686,10,120,0.481,0.219
2025-05-20,777842,0.2993,0.3663,0.2529,0.1888,0.0778,0.0695,0.2920,0.2643,63,52,0.618,0.294
2025-05-20,777843,0.3274,0.3257,0.2018,0.2210,0.0957,0.0940,0.2948,0.2916,90,12,-0.024,0.033
2025-05-20,777844,0.3405,0.2977,0.2174,0.2714,0.1057,0.0874,0.2732,0.2881,4,6,,0.238
2025-05-20,777845,0.3284,0.3340,0.2699,0.2464,0.0758,0.0898,0.2910,0.2898,124,131,-0.167,0.251
2025-05-20,777846,,0.3412,,0.2245,,0.0970,,0.2822,,18,,-0.162
2025-05-20,777847,0.2840,0.3404,0.2354,0.2241,0.0764,0.1104,0.3039,0.2692,73,114,0.197,-0.095
2025-05-20,777848,,0.3398,,0.2424,,0.0773,,0.2902,,110,,0.554
2025-05-20,777849,0.3256,0.3113,0.2075,0.2806,0.0766,0.0841,0.2629,0.3108,109,47,0.145,0.574
2025-05-20,777850,0.2851,0.3029,0.2612,0.2303,0.0624,0.1024,0.2995,0.2889,97,41,0.305,0.034
2025-05-20,777851,0.2988,0.3225,0.2338,0.2124,0.1099,0.0996,0.2874,0.2675,38,74,-0.955,0.672
2025-05-21,777819,0.3545,0.3207,0.2049,0.2540,0.1186,0.0797,0.2619,0.2994,14,130,-0.124,0.435
2025-05-21,777823,0.3305,0.3170,0.2232,0.2175,0.0995,0.0899,0.2566,0.2771,64,4,0.075,
2025-05-21,777824,0.2993,0.3332,0.2510,0.2214,0.0851,0.1086,0.2866,0.2781,111,39,0.035,0.540
2025-05-21,777825,0.3333,0.3564,0.2250,0.2087,0.1035,0.1122,0.2735,0.2842,7,132,-0.080,0.771
2025-05-21,777826,0.3408,0.3275,0.2012,0.2092,0.0884,0.1076,0.2736,0.2546,39,40,0.094,0.238
2025-05-21,777827,0.3302,0.3295,0.2262,0.1565,0.0990,0.1126,0.2787,0.2511,4,85,0.133,-0.145
2025-05-21,777828,0.3554,0.2860,0.1753,0.2073,0.0892,0.1008,0.2715,0.2779,70,114,0.604,0.360
2025-05-21,777829,0.3283,0.3143,0.2428,0.2195,0.1088,0.0888,0.2756,0.2926,83,84,0.740,0.236
2025-05-21,777830,0.3088,0.3219,0.1856,0.2492,0.0768,0.1176,0.2729,0.2927,15,40,0.691,0.656
2025-05-21,777831,0.3103,0.2836,0.2714,0.3352,0.1280,0.0666,0.2939,0.3191,83,113,-0.094,0.195
2025-05-21,777832,0.3144,0.3404,0.2543,0.2807,0.0780,0.0892,0.3008,0.2805,119,110,0.600,0.434
2025-05-21,777833,0.3291,0.2933,0.2261,0.2865,0.0872,0.0550,0.2865,0.3156,6,56,0.071,0.196
2025-05-21,777834,0.3302,0.3331,0.2570,0.2259,0.1078,0.0987,0.3075,0.2924,114,116,0.616,0.309
2025-05-21,777835,0.2729,0.3028,0.2537,0.2341,0.0637,0.0994,0.3147,0.2881,40,8,0.239,-0.129
2025-05-21,777837,0.3394,0.3538,0.1527,0.2139,0.1140,0.0855,0.2518,0.2890,94,113,0.137,-0.035
2025-05-22,777812,0.3433,0.2903,0.2148,0.2561,0.1010,0.0853,0.2989,0.2899,128,111,-0.082,-0.151
2025-05-22,777814,0.3275,,0.2584,,0.0888,,0.2945,,86,,0.395,
2025-05-22,777815,0.3314,0.3470,0.2455,0.2174,0.0964,0.1274,0.2885,0.2870,77,111,0.321,0.190
2025-05-22,777816,0.3197,0.3074,0.2213,0.2749,0.0940,0.0784,0.2805,0.2970,12,62,0.187,0.461
2025-05-22,777817,0.3108,0.3681,0.2545,0.1759,0.0914,0.1081,0.2823,0.2342,80,49,0.102,-0.116
2025-05-22,777818,0.3351,0.3255,0.2392,0.2664,0.0774,0.0781,0.2986,0.3063,113,121,0.382,-0.178
2025-05-22,777820,0.3809,0.3376,0.2370,0.2164,0.1153,0.0862,0.2991,0.2854,33,63,0.239,0.482
2025-05-22,777821,0.3167,0.3051,0.2493,0.2853,0.0865,0.0706,0.2884,0.3091,115,98,0.966,0.321
2025-05-22,777822,0.3183,0.3739,0.2561,0.1939,0.0930,0.1398,0.2983,0.2803,86,17,0.496,0.040
2025-05-23,777797,0.3428,0.3348,0.2540,0.1896,0.1128,0.0715,0.2946,0.2769,122,124,0.760,0.002
2025-05-23,777798,0.3602,0.3194,0.2270,0.2693,0.0967,0.0901,0.2706,0.3052,41,133,-0.118,0.176
2025-05-23,777799,0.3120,0.2974,0.2262,0.2418,0.0874,0.0693,0.2877,0.2928,6,113,0.418,0.201
2025-05-23,777800,0.3593,0.3516,0.2199,0.2160,0.0908,0.0815,0.2907,0.2855,65,23,0.407,0.138
2025-05-23,777801,0.3201,0.3241,0.2425,0.2852,0.0856,0.1027,0.2989,0.2783,49,123,0.219,0.156
2025-05-23,777802,0.3298,0.3359,0.2529,0.2138,0.1249,0.0932,0.3134,0.2786,69,28,0.634,-0.021
2025-05-23,777804,0.2669,0.3341,0.2727,0.2350,0.0515,0.1293,0.2936,0.2736,106,8,0.945,0.196
2025-05-23,777805,0.3316,0.3902,0.2012,0.2250,0.1124,0.1405,0.2694,0.2852,50,51,0.118,0.204
2025-05-23,777806,0.3071,0.2626,0.2424,0.2816,0.0874,0.0727,0.2748,0.3057,120,88,-0.208,0.621
2025-05-23,777807,0.2831,0.3328,0.2526,0.2136,0.0774,0.0895,0.2941,0.2583,30,38,0.010,0.394
2025-05-23,777808,0.3543,0.3460,0.2033,0.2212,0.1235,0.0902,0.2871,0.2920,27,121,0.077,0.511
2025-05-23,777810,0.3044,0.3061,0.2489,0.2211,0.0901,0.0743,0.3007,0.2820,4,45,,-0.033
2025-05-23,777811,0.2784,0.2845,0.2906,0.2750,0.0864,0.1094,0.3006,0.3011,55,93,0.591,-0.272
2025-05-23,777813,0.3093,0.2982,0.2844,0.2722,0.0898,0.0925,0.2929,0.3238,102,123,0.424,0.174
2025-05-24,777781,0.3200,0.3352,0.1989,0.2088,0.0989,0.0978,0.2645,0.2840,108,93,0.059,0.278
2025-05-24,777782,0.3230,0.3533,0.2004,0.2039,0.1036,0.0763,0.2746,0.2792,113,100,0.195,0.027
2025-05-24,777784,0.3353,0.3489,0.2164,0.2157,0.0709,0.1383,0.2869,0.3042,117,71,-0.107,0.559
2025-05-24,777786,0.3954,0.3353,0.2102,0.2813,0.1030,0.0870,0.2635,0.3172,83,50,0.505,0.284
2025-05-24,777787,0.3053,0.3026,0.2387,0.2256,0.0526,0.1045,0.3024,0.2927,91,110,0.115,0.121
2025-05-24,777788,0.2819,0.3226,0.2224,0.2499,0.0700,0.0914,0.2741,0.2919,105,29,0.061,-0.067
2025-05-24,777789,0.3301,0.2866,0.2429,0.2528,0.1124,0.0963,0.2803,0.2997,18,83,-0.244,0.310
2025-05-24,777790,0.3177,0.3368,0.1992,0.2525,0.0803,0.0984,0.2913,0.2735,64,19,0.656,0.138
2025-05-24,777791,0.3317,0.2935,0.1941,0.2307,0.0977,0.1134,0.2772,0.2858,99,93,0.444,0.393
2025-05-24,777792,0.3317,0.3478,0.2305,0.2200,0.1365,0.1287,0.2640,0.2808,48,47,0.208,0.175
2025-05-24,777793,0.3388,0.3564,0.2109,0.2089,0.1006,0.1122,0.2809,0.2842,63,132,-0.103,0.771
2025-05-24,777794,0.3088,0.3373,0.2143,0.2377,0.0840,0.1004,0.2832,0.3045,40,119,0.332,0.280
2025-05-24,777795,0.3391,0.3013,0.2649,0.2293,0.0890,0.1039,0.2961,0.2651,124,71,0.220,0.022
2025-05-24,777796,0.3591,0.3395,0.2445,0.2070,0.1339,0.0857,0.2792,0.2917,77,87,0.322,0.034
2025-05-24,777803,,0.2985,,0.3108,,0.0950,,0.3149,,49,,0.310
2025-05-24,777809,0.3064,0.2911,0.2323,0.2462,0.0543,0.0836,0.2953,0.2854,90,21,0.179,0.339
2025-05-25,777765,0.2985,0.3205,0.2550,0.2359,0.0759,0.0890,0.2922,0.3019,66,16,0.585,0.114
2025-05-25,777766,0.3294,0.2921,0.2564,0.2909,0.0793,0.0671,0.2980,0.3059,116,103,0.471,0.340
2025-05-25,777767,0.3148,0.3253,0.2772,0.1980,0.1031,0.0937,0.2898,0.2920,75,93,-0.220,-0.016
2025-05-25,777768,0.3061,0.3563,0.2913,0.1863,0.0818,0.0653,0.3124,0.2636,50,59,0.557,0.333
2025-05-25,777772,0.2929,0.3376,0.2518,0.1854,0.0784,0.0799,0.3022,0.2847,39,120,-0.105,0.469
2025-05-25,777773,0.3405,0.3099,0.2293,0.2025,0.1000,0.1143,0.2631,0.2655,50,39,0.080,0.243
2025-05-25,777774,0.3373,0.3095,0.2298,0.2637,0.0825,0.0847,0.2852,0.2945,116,8,-0.039,-0.074
2025-05-25,777775,0.3298,0.3114,0.2517,0.2226,0.0879,0.0822,0.2903,0.2742,135,112,0.234,-0.069
2025-05-25,777776,0.2893,0.3346,0.2888,0.2248,0.0835,0.1079,0.3005,0.2728,9,118,0.483,-0.086
2025-05-25,777777,0.3211,0.3342,0.2040,0.1979,0.0753,0.0888,0.2601,0.2805,112,68,0.169,0.056
2025-05-25,777778,0.3239,0.3072,0.2632,0.2149,0.1567,0.0961,0.2935,0.2891,67,37,0.026,0.004
2025-05-25,777779,0.3311,0.3206,0.2336,0.2672,0.1086,0.0768,0.2948,0.3107,63,93,0.024,0.279
2025-05-25,777780,0.3506,0.2783,0.1758,0.2377,0.1011,0.0555,0.2580,0.3017,92,109,0.365,-0.086
2025-05-25,777783,0.3251,0.2953,0.2802,0.2429,0.0742,0.0832,0.2943,0.2918,128,84,-0.155,0.455
2025-05-25,777785,0.3018,0.3161,0.2129,0.2225,0.0717,0.0974,0.2932,0.2732,98,77,0.057,0.676
2025-05-26,777756,0.3123,0.3346,0.2290,0.1562,0.0975,0.1118,0.2881,0.2530,46,97,0.133,0.150
2025-05-26,777757,0.3158,0.2800,0.2163,0.2627,0.0834,0.0611,0.2864,0.3005,9,100,0.172,0.287
2025-05-26,777758,0.3458,0.3031,0.2137,0.2420,0.1043,0.1238,0.2763,0.2927,22,43,0.043,-0.902
2025-05-26,777759,0.3493,0.2735,0.2204,0.2607,0.0836,0.0702,0.2915,0.3158,117,45,-0.028,0.228
2025-05-26,777760,0.2890,0.3145,0.2286,0.2134,0.0814,0.0998,0.3011,0.2737,77,102,0.216,0.323
2025-05-26,777761,0.3306,0.3058,0.2278,0.2280,0.0971,0.0785,0.2946,0.2734,119,64,0.308,0.583
2025-05-26,777762,0.3115,0.3368,0.2203,0.2427,0.0864,0.0754,0.2908,0.2882,88,114,0.309,0.555
2025-05-26,777763,0.2918,0.3563,0.2383,0.1749,0.0951,0.1073,0.2976,0.2658,11,76,-0.360,0.596
2025-05-26,777764,0.2809,0.3239,0.3389,0.2108,0.0651,0.1130,0.3190,0.2538,117,44,0.158,0.207
2025-05-26,777769,0.2900,0.3308,0.2850,0.2378,0.1066,0.1065,0.3003,0.2752,88,86,0.534,0.810
2025-05-26,777770,0.2956,0.3233,0.2542,0.1900,0.0984,0.1033,0.2873,0.2685,41,60,0.174,0.095
2025-05-26,777771,0.3602,0.3322,0.2083,0.2688,0.1052,0.1373,0.2722,0.2947,128,109,0.165,0.937
2025-05-27,777741,0.3040,0.3407,0.2761,0.2380,0.0764,0.0807,0.2985,0.2986,65,118,0.478,0.366
2025-05-27,777742,0.2938,0.3106,0.2936,0.2389,0.0531,0.0900,0.3207,0.2837,60,15,0.211,0.187
2025-05-27,777743,0.3315,0.3068,0.2353,0.2014,0.1165,0.0728,0.2697,0.2819,123,19,0.229,0.602
2025-05-27,777744,0.3187,0.2969,0.2260,0.2524,0.1022,0.0836,0.2819,0.2868,6,114,-0.013,0.049
2025-05-27,777745,0.3241,0.3514,0.2660,0.2091,0.0763,0.0983,0.3070,0.2960,125,133,-0.187,-0.090
2025-05-27,777746,0.2932,0.3466,0.2946,0.2784,0.0712,0.0980,0.2997,0.2810,94,115,0.862,0.378
2025-05-27,777747,0.3215,0.3289,0.1985,0.2564,0.1148,0.0990,0.2711,0.2918,23,91,0.189,0.423
2025-05-27,777748,0.3301,0.3053,0.2383,0.2561,0.0756,0.0894,0.2847,0.2834,16,83,0.529,0.091
2025-05-27,777749,0.3484,0.3093,0.1805,0.2795,0.1035,0.1253,0.2653,0.2975,90,86,-0.173,-0.097
2025-05-27,777750,0.3384,0.3506,0.2498,0.2172,0.1103,0.1237,0.3029,0.2724,119,19,0.608,-0.061
2025-05-27,777751,0.3617,0.3400,0.1710,0.2043,0.1051,0.0924,0.2374,0.2787,52,13,-0.114,0.123
2025-05-27,777752,0.2842,0.3188,0.2094,0.2487,0.0990,0.0853,0.2755,0.2958,117,127,0.364,0.594
2025-05-27,777753,0.3359,0.3135,0.2246,0.2506,0.1152,0.0849,0.2757,0.2883,42,118,0.552,0.954
2025-05-27,777754,0.3234,0.3407,0.1668,0.1952,0.1103,0.0858,0.2541,0.2723,88,42,-0.138,0.001
2025-05-27,777755,0.3189,0.2997,0.2615,0.2923,0.0772,0.0692,0.3017,0.3139,136,101,0.438,0.341
2025-05-28,777724,,0.3306,,0.2045,,0.1092,,0.2660,,53,,0.044
2025-05-28,777726,0.3518,0.3403,0.2299,0.2083,0.0937,0.1249,0.2702,0.2812,44,26,-0.132,0.143
2025-05-28,777728,0.3266,0.3170,0.2583,0.2689,0.1275,0.0932,0.3130,0.3076,74,137,0.659,0.185
2025-05-28,777729,0.2645,0.3429,0.2853,0.2485,0.0701,0.1156,0.3105,0.2935,93,126,0.620,0.768
2025-05-28,777730,0.3423,0.3218,0.2156,0.2508,0.0826,0.0977,0.2780,0.2988,68,89,0.519,0.510
2025-05-28,777731,0.3354,0.2887,0.2237,0.2716,0.0879,0.0887,0.2785,0.2899,33,63,0.046,0.612
2025-05-28,777732,0.3033,0.3043,0.2392,0.2241,0.0725,0.0719,0.2905,0.2831,119,48,0.192,0.002
2025-05-28,777733,0.2837,0.2991,0.2760,0.2306,0.1072,0.0832,0.3041,0.2919,96,9,-0.263,0.374
2025-05-28,777734,0.2981,0.3798,0.2515,0.2038,0.0837,0.1535,0.2892,0.2841,114,23,-0.161,0.123
2025-05-28,777735,0.3798,0.3327,0.2225,0.2225,0.1081,0.0692,0.2966,0.2858,39,121,0.230,-0.111
2025-05-28,777736,0.3439,0.3126,0.2295,0.2371,0.1244,0.0908,0.2904,0.2700,115,124,0.171,-0.202
2025-05-28,777737,0.3301,0.3438,0.2539,0.2218,0.1296,0.0935,0.2904,0.2939,46,125,0.547,0.503
2025-05-28,777738,0.3214,0.3337,0.2359,0.2107,0.0831,0.0840,0.2951,0.2615,52,44,0.253,0.405
2025-05-28,777739,0.3531,0.3222,0.1964,0.2182,0.1302,0.1047,0.2783,0.2773,30,12,0.062,0.081
2025-05-28,777740,0.3379,0.3292,0.1865,0.2579,0.0702,0.0999,0.2742,0.2918,127,82,0.024,0.329
2025-05-29,777722,0.3209,0.3573,0.2913,0.2207,0.1009,0.0878,0.2797,0.2893,126,69,0.178,0.404
2025-05-29,777723,0.2981,0.2645,0.2717,0.2796,0.0904,0.0505,0.3218,0.2920,127,109,0.233,0.933
2025-05-29,777725,0.2962,0.3398,0.2239,0.2316,0.1013,0.0784,0.2660,0.2871,74,26,0.036,0.212
2025-05-29,777727,0.3441,0.3448,0.2323,0.2564,0.1338,0.0913,0.2752,0.2916,13,130,0.228,0.176
2025-05-30,777707,0.3383,0.3224,0.2336,0.2801,0.0986,0.0924,0.3026,0.2920,122,108,0.292,0.417
2025-05-30,777708,0.3270,0.3450,0.2025,0.2428,0.1017,0.1188,0.2772,0.2849,116,22,0.177,-0.301
2025-05-30,777709,0.3336,0.3270,0.2688,0.2220,0.0830,0.1314,0.3160,0.2634,55,52,0.343,0.156
2025-05-30,777710,0.3538,0.3987,0.2055,0.2083,0.1103,0.0987,0.2842,0.2641,135,89,0.802,0.513
2025-05-30,777711,0.3337,0.3061,0.2160,0.2100,0.0838,0.1031,0.2945,0.2887,90,112,0.032,0.353
2025-05-30,777712,0.2933,0.3423,0.2325,0.1978,0.1110,0.1054,0.2841,0.2792,96,106,0.408,0.490
2025-05-30,777713,0.3246,0.3122,0.2631,0.2343,0.0881,0.0501,0.2970,0.2989,32,98,-0.162,0.050
2025-05-30,777714,0.3160,0.3039,0.2231,0.2272,0.0802,0.1025,0.2691,0.2908,116,113,-0.032,0.141
2025-05-30,777715,0.3416,0.3339,0.2293,0.2129,0.1071,0.1025,0.2953,0.2549,22,70,-0.078,0.046
2025-05-30,777716,0.3449,0.3376,0.2206,0.2441,0.1393,0.0852,0.3069,0.2889,77,141,0.594,0.260
2025-05-30,777717,0.3515,0.3146,0.2164,0.2011,0.0957,0.0969,0.2820,0.2649,69,111,0.005,0.050
2025-05-30,777718,0.3593,0.2824,0.1975,0.2611,0.0738,0.0941,0.2817,0.3005,105,86,0.023,0.345
2025-05-30,777719,0.3375,0.2974,0.2550,0.2970,0.1066,0.0905,0.2709,0.3113,22,54,0.124,0.295
2025-05-30,777720,0.3252,0.3200,0.2099,0.2232,0.0797,0.0520,0.2813,0.2924,12,96,0.170,0.152
2025-05-30,777721,0.3333,0.3680,0.2020,0.2324,0.1009,0.1411,0.2785,0.2743,98,84,0.252,0.351
2025-05-31,777691,0.3415,0.3246,0.2161,0.2794,0.1145,0.0777,0.2705,0.2935,125,132,-0.070,-0.142
2025-05-31,777693,0.3370,0.3181,0.2441,0.2419,0.0740,0.0775,0.2883,0.2993,117,14,0.542,-0.045
2025-05-31,777694,0.2736,0.2811,0.2450,0.2169,0.0543,0.0682,0.3064,0.2716,112,109,-0.093,0.057
2025-05-31,777695,0.3374,0.2930,0.1866,0.2352,0.0780,0.1024,0.2861,0.2772,124,105,0.487,0.491
2025-05-31,777696,0.3078,0.3282,0.2082,0.2602,0.0930,0.0770,0.2908,0.2992,40,121,-0.004,0.475
2025-05-31,777697,0.2944,0.3221,0.2863,0.2060,0.0646,0.0738,0.3083,0.2613,109,115,0.334,0.192
2025-05-31,777698,0.3121,0.3420,0.2846,0.2365,0.0859,0.0954,0.3083,0.2689,56,55,0.546,0.097
2025-05-31,777699,0.3339,0.3055,0.1931,0.2062,0.0865,0.0755,0.2796,0.2921,71,103,0.054,0.012
2025-05-31,777700,0.3558,0.3212,0.1866,0.2021,0.0625,0.1086,0.2598,0.2677,64,44,0.322,0.356
2025-05-31,777701,0.3176,,0.2266,,0.0853,,0.3024,,19,,0.101,
2025-05-31,777702,0.3202,0.3085,0.2140,0.2489,0.1097,0.0717,0.2512,0.2882,47,73,0.172,0.591
2025-05-31,777703,0.3211,0.3036,0.2004,0.2415,0.0918,0.0738,0.2926,0.2894,96,34,-0.015,-0.047
2025-05-31,777704,0.3233,,0.2695,,0.0800,,0.3076,,99,,0.290,
2025-05-31,777705,0.3170,0.3080,0.2646,0.2833,0.1529,0.1000,0.2927,0.2939,70,79,0.013,-0.240
2025-05-31,777706,0.3159,0.2962,0.2215,0.2413,0.1008,0.0802,0.2675,0.2911,82,89,0.637,0.396
2025-06-01,777677,0.3248,0.2949,0.1902,0.2561,0.1071,0.0833,0.2706,0.3078,65,45,0.126,-0.127
2025-06-01,777678,0.3546,0.2866,0.2028,0.2509,0.1024,0.0675,0.2721,0.3171,133,49,0.162,0.273
2025-06-01,777679,0.3460,0.2984,0.2318,0.2508,0.1122,0.0868,0.2675,0.2867,130,119,0.226,0.063
2025-06-01,777680,0.3091,0.3343,0.2143,0.2287,0.0841,0.0802,0.2916,0.2837,92,121,0.330,-0.043
2025-06-01,777681,0.3302,0.3321,0.2323,0.1554,0.0944,0.1070,0.2961,0.2462,124,104,0.294,0.145
2025-06-01,777682,0.3091,0.2867,0.2386,0.2924,0.0899,0.1044,0.2985,0.3030,15,91,-0.168,0.483
2025-06-01,777683,0.3514,0.3421,0.1782,0.2313,0.1049,0.1036,0.2664,0.2763,79,90,0.589,0.792
2025-06-01,777684,0.3432,0.3313,0.2034,0.2682,0.0993,0.1399,0.2705,0.2957,26,113,0.039,0.942
2025-06-01,777685,0.2834,0.3486,0.2047,0.2166,0.0968,0.0821,0.2754,0.2918,121,120,0.350,-0.044
2025-06-01,777686,0.3183,0.3034,0.2148,0.2326,0.0911,0.1284,0.2759,0.2891,14,47,-0.131,-0.790
2025-06-01,777687,0.2930,0.2762,0.2235,0.2699,0.0796,0.0599,0.2983,0.3028,80,103,0.226,0.257
2025-06-01,777688,0.3437,0.3043,0.1935,0.2626,0.1315,0.0869,0.2663,0.2811,104,87,0.548,0.107
2025-06-01,777689,0.3016,0.3174,0.2537,0.2275,0.0945,0.1020,0.2854,0.2845,45,51,0.186,0.121
2025-06-01,777690,0.3429,0.3184,0.2761,0.2500,0.0952,0.0839,0.2828,0.2947,120,130,0.339,0.577
2025-06-01,777692,0.2876,0.3512,0.3404,0.2035,0.0633,0.1000,0.3193,0.2813,122,59,0.159,-0.045
2025-06-02,777669,0.2903,0.2976,0.2934,0.2528,0.0694,0.0823,0.2973,0.2863,98,117,0.826,-0.177
2025-06-02,777670,0.3513,0.3241,0.2047,0.2029,0.0963,0.1224,0.2959,0.2781,137,26,-0.075,0.207
2025-06-02,777671,0.3231,0.3364,0.2642,0.2442,0.0971,0.1134,0.2920,0.3026,94,123,0.430,0.602
2025-06-02,777673,0.3655,0.2913,0.1821,0.2816,0.1015,0.0510,0.2429,0.3180,56,65,-0.144,0.188
2025-06-02,777674,0.3028,0.3721,0.2954,0.1754,0.0731,0.1033,0.3121,0.2642,106,100,0.330,-0.195
2025-06-02,777675,0.3519,0.3351,0.2034,0.2275,0.0895,0.1119,0.2664,0.2693,38,45,0.253,0.574
2025-06-02,777676,0.3118,0.3180,0.2105,0.2649,0.0912,0.0753,0.2715,0.3056,25,141,-0.029,0.454
2025-06-03,777655,0.3510,0.3161,0.1916,0.2588,0.0802,0.0958,0.2632,0.2962,49,92,-0.081,0.497
2025-06-03,777656,,0.3156,,0.2447,,0.0803,,0.2988,,56,,0.260
2025-06-03,777657,0.3106,0.3715,0.2701,0.1839,0.1278,0.1429,0.2936,0.2695,91,36,-0.061,0.102
2025-06-03,777658,0.3042,,0.2351,,0.0713,,0.2910,,122,,0.221,
2025-06-03,777659,0.3500,0.3449,0.2091,0.2105,0.0888,0.0808,0.2792,0.2766,16,71,0.162,0.484
2025-06-03,777660,0.3124,0.3194,0.2128,0.1633,0.1028,0.1081,0.2750,0.2526,107,91,0.353,-0.138
2025-06-03,777661,0.3336,0.3305,0.2317,0.2603,0.1191,0.1328,0.2697,0.2914,34,51,-0.022,0.504
2025-06-03,777662,0.3323,0.3024,0.1990,0.2248,0.1151,0.0694,0.2655,0.2853,56,52,0.055,0.030
2025-06-03,777663,0.3728,0.2646,0.2171,0.2843,0.1465,0.0684,0.2894,0.3123,27,97,0.103,0.623
2025-06-03,777664,0.3119,0.3237,0.2615,0.2655,0.0830,0.0747,0.2924,0.3105,122,129,0.989,-0.199
2025-06-03,777665,0.3364,0.3004,0.2229,0.2751,0.0677,0.0740,0.2842,0.2984,125,69,-0.095,0.439
2025-06-03,777666,0.3124,0.3490,0.2735,0.2233,0.0961,0.0911,0.2721,0.2678,31,47,0.057,-0.133
2025-06-03,777667,0.3198,0.3395,0.2644,0.2311,0.0998,0.1223,0.3020,0.2893,144,118,0.176,0.192
2025-06-03,777668,0.3116,0.2863,0.2400,0.2735,0.0985,0.1101,0.2696,0.3031,130,101,-0.157,-0.238
2025-06-03,777672,0.3424,0.3261,0.2444,0.2386,0.1138,0.0843,0.2929,0.2874,129,20,0.768,0.551
2025-06-04,777638,0.3525,0.3620,0.2199,0.2260,0.0958,0.1221,0.2896,0.2795,131,28,0.498,-0.213
2025-06-04,777639,,0.3274,,0.1985,,0.0888,,0.2749,,16,,0.142
2025-06-04,777641,0.3180,0.3563,0.2850,0.2112,0.0903,0.1011,0.2903,0.2800,112,72,0.402,-0.030
2025-06-04,777642,0.2898,0.3388,0.2206,0.1877,0.0798,0.0688,0.2958,0.2745,12,131,0.372,0.038
2025-06-04,777645,0.3328,0.3526,0.2643,0.2214,0.0972,0.0927,0.2947,0.2858,86,73,0.327,0.426
2025-06-04,777646,0.3588,0.2993,0.2063,0.2188,0.0665,0.0992,0.2841,0.2639,35,77,0.075,-0.032
2025-06-04,777647,0.3304,0.2907,0.2327,0.2390,0.1034,0.1145,0.2982,0.2888,25,100,-0.083,0.396
2025-06-04,777648,0.3432,0.3413,0.2161,0.2176,0.0951,0.1198,0.2816,0.2871,32,13,0.375,0.052
2025-06-04,777649,0.3308,0.3407,0.1980,0.2601,0.0990,0.1107,0.2765,0.2747,101,28,0.241,0.160
2025-06-04,777650,0.2826,0.3216,0.2807,0.2902,0.0866,0.0988,0.2905,0.2794,66,130,0.661,0.181
2025-06-04,777651,0.3233,0.3399,0.2444,0.2626,0.0884,0.0899,0.2921,0.2973,5,133,,0.195
2025-06-04,777652,0.3612,0.3120,0.1974,0.1998,0.0716,0.0994,0.2848,0.2600,110,117,0.018,0.096
2025-06-04,777653,0.3684,0.3287,0.2275,0.2578,0.1382,0.1239,0.2759,0.3124,87,78,0.363,0.651
2025-06-04,777654,0.3989,0.2955,0.2051,0.2711,0.1007,0.0885,0.2657,0.3202,96,131,0.584,0.217
2025-06-05,777628,0.3162,0.3099,0.2251,0.2406,0.0511,0.0490,0.2936,0.3013,99,102,0.147,0.051
2025-06-05,777629,0.3236,0.3122,0.2247,0.2192,0.1280,0.0790,0.2640,0.2698,55,119,0.164,-0.039
2025-06-05,777630,0.3085,0.3382,0.2276,0.2296,0.1003,0.0970,0.2918,0.3024,117,125,0.152,0.284
2025-06-05,777631,0.2886,0.3416,0.2623,0.2303,0.0923,0.1016,0.2976,0.2647,89,58,0.339,0.093
2025-06-05,777632,0.3182,0.3600,0.2362,0.1973,0.0913,0.1110,0.2910,0.2836,3,143,,0.759
2025-06-05,777633,0.3257,0.3173,0.2809,0.2660,0.0805,0.1496,0.2925,0.2954,138,73,-0.118,0.017
2025-06-05,777634,0.3480,0.3861,0.2075,0.2408,0.0807,0.1516,0.2888,0.2872,96,56,0.024,0.160
2025-06-05,777635,0.2896,0.3346,0.2906,0.2657,0.0949,0.0796,0.3096,0.3122,114,60,0.409,0.304
2025-06-05,777636,0.2992,0.3246,0.2572,0.2445,0.0962,0.0775,0.2835,0.2929,41,61,-0.032,-0.123
2025-06-05,777637,0.3229,0.3351,0.2434,0.2453,0.0754,0.0840,0.2822,0.2899,80,144,0.601,0.288
2025-06-05,777640,0.3423,0.2954,0.2491,0.3010,0.0844,0.0952,0.2960,0.3143,129,59,0.497,0.289
2025-06-05,777644,0.3072,0.3325,0.2416,0.2033,0.0811,0.0995,0.2891,0.2743,38,120,0.010,0.230
2025-06-06,777613,0.3102,0.2799,0.2073,0.2057,0.0797,0.0947,0.2894,0.2763,107,125,0.012,0.352
2025-06-06,777614,0.2918,0.3180,0.2428,0.2065,0.1006,0.0952,0.2788,0.2931,108,101,0.508,-0.031
2025-06-06,777615,0.3106,0.3342,0.2484,0.1933,0.0898,0.0817,0.2920,0.2902,4,128,-0.036,0.486
2025-06-06,777616,0.3215,,0.2223,,0.1047,,0.2679,,48,,0.376,
2025-06-06,777617,0.3320,0.3193,0.1568,0.2134,0.1157,0.1049,0.2490,0.2551,109,52,0.127,0.197
2025-06-06,777618,0.3155,0.3447,0.2096,0.1874,0.1003,0.0840,0.2876,0.2778,117,75,0.364,0.052
2025-06-06,777619,0.2930,0.2951,0.2431,0.2536,0.0787,0.0911,0.2944,0.2790,92,49,0.380,0.132
2025-06-06,777620,0.3224,0.2907,0.2212,0.2912,0.1042,0.0631,0.2877,0.3074,18,113,-0.098,0.317
2025-06-06,777621,0.3379,0.3409,0.2094,0.2115,0.0943,0.1121,0.2861,0.2708,26,129,0.445,-0.074
2025-06-06,777622,0.3106,0.3523,0.2324,0.1775,0.0746,0.1048,0.2921,0.2585,17,96,-0.014,0.377
2025-06-06,777623,0.3026,0.3246,0.2725,0.2628,0.0732,0.0842,0.2866,0.3060,62,103,0.180,0.291
2025-06-06,777624,0.3191,0.3059,0.2026,0.2118,0.0726,0.0904,0.2607,0.2998,118,43,0.194,0.047
2025-06-06,777625,0.3136,0.3393,0.2854,0.2428,0.1028,0.0721,0.2942,0.2880,85,122,-0.163,0.538
2025-06-06,777626,0.3418,0.2705,0.2267,0.2465,0.1171,0.0535,0.2939,0.3080,71,115,0.044,-0.096
2025-06-06,777627,0.3216,0.3257,0.2208,0.2778,0.0975,0.0951,0.2629,0.2976,87,66,0.624,0.609
2025-06-07,777597,0.3009,0.3453,0.2099,0.2043,0.0860,0.1386,0.2716,0.2671,30,110,0.017,0.540
2025-06-07,777598,0.3663,0.3147,0.2001,0.2610,0.1024,0.0742,0.2760,0.3072,66,144,-0.005,0.462
2025-06-07,777599,0.3265,0.2973,0.2636,0.2486,0.1375,0.0809,0.2956,0.2847,116,120,0.918,-0.197
2025-06-07,777600,0.3444,0.3036,0.2215,0.2231,0.0853,0.0824,0.2906,0.2957,125,95,-0.040,0.333
2025-06-07,777601,0.2961,0.3541,0.2794,0.2077,0.1124,0.1049,0.2963,0.2748,98,138,0.485,0.159
2025-06-07,777603,0.3342,0.3516,0.2292,0.1732,0.0838,0.1020,0.2844,0.2675,125,83,-0.059,0.579
2025-06-07,777604,0.3053,0.3697,0.2263,0.1799,0.1249,0.1038,0.2871,0.2400,50,63,-0.798,-0.163
2025-06-07,777605,0.2904,0.3048,0.3438,0.2422,0.0619,0.0864,0.3201,0.2980,126,18,0.154,-0.233
2025-06-07,777606,0.2776,0.3546,0.2131,0.2032,0.0670,0.0939,0.2714,0.2675,112,31,0.021,0.050
2025-06-07,777607,0.3027,0.3395,0.2539,0.2261,0.0906,0.0919,0.2769,0.2953,92,129,0.075,0.309
2025-06-07,777608,0.3139,0.3413,0.2564,0.2267,0.0826,0.1081,0.2975,0.2731,133,93,0.569,0.821
2025-06-07,777609,0.2754,0.2983,0.2695,0.2337,0.0585,0.0832,0.3060,0.3019,107,23,0.270,-0.033
2025-06-07,777610,0.2917,0.3585,0.2377,0.2287,0.0727,0.1133,0.3115,0.2677,55,137,0.248,0.207
2025-06-07,777611,0.3182,0.3450,0.2349,0.2686,0.1062,0.0927,0.2884,0.2809,56,125,0.140,0.284
2025-06-07,777612,0.2996,0.2967,0.2207,0.2158,0.0760,0.0906,0.2717,0.2942,68,85,0.587,0.257
2025-06-08,777582,0.3654,0.3245,0.1845,0.2174,0.1358,0.0953,0.2722,0.2802,41,7,0.115,0.071
2025-06-08,777583,0.3228,0.3127,0.2644,0.2619,0.1284,0.1026,0.2914,0.2616,98,35,-0.009,0.102
2025-06-08,777585,0.3210,0.2974,0.2677,0.2860,0.0825,0.0676,0.2972,0.2938,80,102,0.507,0.788
2025-06-08,777586,0.3106,0.3077,0.2361,0.2465,0.0912,0.0969,0.2850,0.2733,3,133,,-0.185
2025-06-08,777587,0.3349,0.3261,0.2390,0.2365,0.0803,0.0859,0.2882,0.2969,24,60,0.568,0.267
2025-06-08,777588,0.3548,0.3346,0.1864,0.2226,0.0781,0.1286,0.2663,0.2768,52,16,-0.109,0.387
2025-06-08,777589,0.3143,0.3470,0.2489,0.2066,0.0922,0.0948,0.2915,0.2972,98,140,0.491,-0.075
2025-06-08,777590,0.3130,,0.2136,,0.1004,,0.2741,,111,,0.381,
2025-06-08,777591,0.3095,0.3070,0.2520,0.2733,0.0912,0.0817,0.2850,0.2952,3,125,,0.964
2025-06-08,777592,,0.3015,,0.2363,,0.0676,,0.2875,,55,,0.131
2025-06-08,777593,0.2925,0.3241,0.2400,0.2689,0.0890,0.0728,0.2911,0.3116,27,134,0.325,-0.197
2025-06-08,777594,0.3508,0.3050,0.2083,0.2942,0.0833,0.0714,0.2828,0.3122,21,110,0.181,0.349
2025-06-08,777595,0.3369,0.2628,0.2234,0.2789,0.0716,0.0671,0.2859,0.3132,129,100,-0.117,0.622
2025-06-08,777596,,0.3399,,0.2264,,0.0858,,0.2825,,75,,0.497
2025-06-08,777602,0.3397,0.3340,0.2405,0.2496,0.1120,0.1109,0.2936,0.3066,132,127,0.750,0.559
2025-06-09,777574,,0.3345,,0.2354,,0.1151,,0.2950,,16,,0.125
2025-06-09,777575,0.2965,0.3196,0.2744,0.2652,0.0965,0.0928,0.3186,0.2942,136,101,0.215,0.424
2025-06-09,777576,0.3194,0.3227,0.2205,0.2606,0.0912,0.0984,0.2774,0.3012,3,147,,0.172
2025-06-09,777577,0.3482,0.3935,0.2239,0.2139,0.0906,0.0988,0.2837,0.2709,76,99,0.429,0.538
2025-06-09,777578,0.2784,0.2640,0.2820,0.2846,0.0846,0.0551,0.2889,0.2929,69,113,0.668,0.924
2025-06-09,777579,0.3551,0.3163,0.2192,0.2843,0.1169,0.0882,0.2664,0.2921,49,116,0.583,0.406
2025-06-09,777580,0.3307,0.3668,0.2245,0.2281,0.0944,0.1346,0.2842,0.2767,7,91,-0.032,0.374
2025-06-09,777581,0.3367,0.3280,0.2637,0.1581,0.0885,0.1046,0.2982,0.2530,136,96,0.184,-0.151
2025-06-09,777584,0.2931,0.3438,0.2197,0.2260,0.0963,0.1251,0.2608,0.2895,81,122,-0.087,0.186
2025-06-10,777557,0.3355,0.2842,0.1991,0.2505,0.1102,0.1103,0.2655,0.2739,61,101,0.034,-0.113
2025-06-10,777558,0.3311,0.3485,0.2514,0.1820,0.0827,0.0666,0.2926,0.2747,147,137,0.293,0.038
2025-06-10,777559,0.2964,0.3418,0.2181,0.2505,0.0700,0.0830,0.2890,0.2980,22,132,0.674,0.489
2025-06-10,777560,,0.3281,,0.2839,,0.0833,,0.2948,,143,,-0.113
2025-06-10,777563,0.3526,0.3084,0.2093,0.2323,0.1039,0.0875,0.2798,0.2886,78,17,0.027,-0.067
2025-06-10,777564,0.3240,0.3359,0.2447,0.1923,0.0749,0.1049,0.2982,0.2757,65,111,-0.124,0.241
2025-06-10,777565,0.3099,0.3548,0.2266,0.2488,0.0776,0.1014,0.2709,0.2713,122,36,-0.039,0.175
2025-06-10,777566,0.3420,0.3344,0.2353,0.2301,0.0885,0.0949,0.2715,0.3038,50,129,-0.191,0.296
2025-06-10,777567,0.3360,0.3709,0.2534,0.2075,0.1380,0.1509,0.2893,0.2925,54,31,0.495,0.133
2025-06-10,777568,0.2936,0.3094,0.3019,0.2131,0.0928,0.0797,0.3157,0.2821,62,45,0.300,0.224
2025-06-10,777569,0.2894,0.3077,0.2346,0.2420,0.1124,0.0876,0.2890,0.2916,103,42,0.410,0.023
2025-06-10,777570,0.3244,0.3508,0.2916,0.2216,0.0957,0.0943,0.2773,0.2911,136,134,0.190,0.507
2025-06-10,777571,0.3532,0.3212,0.1908,0.2483,0.1075,0.0844,0.2768,0.2946,112,8,0.489,0.310
2025-06-10,777572,0.3277,0.2856,0.2087,0.2252,0.1021,0.0765,0.2775,0.2975,125,15,0.243,0.330
2025-06-10,777573,0.3224,0.3256,0.2305,0.2639,0.0943,0.0945,0.2756,0.2961,7,90,0.196,0.324
2025-06-11,777542,0.2777,0.3157,0.2119,0.2088,0.0979,0.0934,0.2786,0.2943,129,104,0.362,-0.015
2025-06-11,777543,0.3244,0.3328,0.2521,0.1531,0.0909,0.1187,0.2869,0.2512,3,113,0.195,0.134
2025-06-11,777545,0.3029,0.3355,0.2483,0.2551,0.0842,0.0762,0.2912,0.3087,8,65,-0.161,0.406
2025-06-11,777547,0.3146,0.3590,0.2748,0.1986,0.1461,0.0699,0.3029,0.2828,76,114,0.004,-0.024
2025-06-11,777548,0.3072,0.2970,0.2395,0.2659,0.0474,0.0713,0.3044,0.2863,107,65,0.054,0.170
2025-06-11,777549,0.3193,0.3444,0.2641,0.1855,0.0826,0.1021,0.3059,0.2608,106,100,0.286,0.360
2025-06-11,777550,0.3822,0.3446,0.2411,0.2131,0.1463,0.1197,0.2878,0.2812,60,38,0.181,0.402
2025-06-11,777551,0.3347,0.2924,0.2523,0.2558,0.1247,0.0893,0.3088,0.3098,85,49,0.637,-0.101
2025-06-11,777552,0.3150,0.3402,0.1943,0.2060,0.1020,0.1143,0.2587,0.2714,122,134,0.092,-0.072
2025-06-11,777553,0.3494,0.3206,0.2290,0.2436,0.1144,0.0731,0.2946,0.2880,74,84,0.002,0.595
2025-06-11,777554,0.2962,0.3196,0.2308,0.2077,0.0809,0.1107,0.2926,0.2511,100,55,0.365,0.218
2025-06-11,777555,0.3613,0.2878,0.2002,0.2620,0.1072,0.0963,0.2785,0.2952,150,93,0.745,0.318
2025-06-11,777556,0.3227,0.3084,0.2275,0.2683,0.1246,0.0990,0.2649,0.2828,58,48,0.162,0.015
2025-06-11,777561,0.3357,0.3428,0.2443,0.2144,0.0708,0.0981,0.2894,0.2635,125,96,0.540,0.646
2025-06-11,777562,0.3484,0.3159,0.1998,0.2257,0.0899,0.0497,0.2802,0.2932,102,103,-0.012,0.139
2025-06-12,777532,0.2926,,0.2902,,0.0616,,0.3083,,117,,0.289,
2025-06-12,777533,0.3177,0.3361,0.2046,0.1954,0.0713,0.0803,0.2616,0.2897,121,131,0.207,0.529
2025-06-12,777534,0.2983,0.3688,0.2534,0.1827,0.0965,0.0662,0.2823,0.2597,53,72,0.168,0.366
2025-06-12,777536,0.3182,0.3180,0.2868,0.2060,0.0927,0.0985,0.3004,0.2871,69,120,0.632,0.356
2025-06-12,777540,0.2664,0.3369,0.2479,0.2336,0.0525,0.1136,0.3085,0.2808,118,8,-0.104,-0.079
2025-06-12,777541,0.3431,0.2744,0.2214,0.2689,0.0899,0.0570,0.2947,0.3045,133,111,0.316,0.241
2025-06-12,777544,0.2989,0.3173,0.2057,0.2251,0.0876,0.1017,0.2947,0.2686,46,51,0.027,0.393
2025-06-12,777546,0.3432,0.3032,0.1949,0.2405,0.0880,0.0985,0.2809,0.2974,80,120,0.110,0.162
2025-06-13,777520,0.3371,0.3325,0.2287,0.2349,0.1060,0.0820,0.2738,0.2861,96,129,0.805,-0.055
2025-06-13,777521,0.2994,0.3132,0.2115,0.2061,0.0929,0.0928,0.2693,0.2632,34,77,0.024,0.528
2025-06-13,777522,0.3114,0.2957,0.2620,0.2786,0.0730,0.1158,0.3072,0.2983,147,102,0.475,0.483
2025-06-13,777524,0.3486,0.3135,0.2072,0.2434,0.0908,0.0951,0.2689,0.3008,34,19,0.091,-0.156
2025-06-13,777525,0.3504,0.3090,0.2046,0.2415,0.1032,0.1050,0.2732,0.2703,141,137,0.160,-0.175
2025-06-13,777526,0.2578,0.3607,0.2799,0.2055,0.0658,0.0889,0.3130,0.2852,103,27,0.632,0.243
2025-06-13,777527,0.3076,0.3209,0.2147,0.2360,0.0855,0.0716,0.2870,0.2889,101,20,0.361,-0.017
2025-06-13,777528,0.3468,0.3042,0.2643,0.2251,0.0964,0.1194,0.2786,0.2867,128,55,0.277,-0.782
2025-06-13,777529,0.2998,0.2835,0.2418,0.2070,0.0895,0.0707,0.2826,0.2688,125,117,-0.206,0.038
2025-06-13,777530,0.3161,0.3568,0.2872,0.2219,0.1052,0.1099,0.2930,0.2665,91,143,-0.149,0.185
2025-06-13,777531,0.3470,0.3038,0.2179,0.2457,0.0892,0.0877,0.2879,0.2759,128,97,-0.074,0.052
2025-06-13,777535,0.3691,0.3612,0.1820,0.1954,0.1004,0.0999,0.2408,0.2753,67,69,-0.184,-0.051
2025-06-13,777537,0.3029,0.2858,0.2425,0.3489,0.0821,0.0609,0.2990,0.3221,22,129,-0.368,0.176
2025-06-13,777538,0.2951,0.3121,0.2167,0.2455,0.0881,0.0889,0.2937,0.2855,89,11,0.226,0.243
2025-06-13,777539,0.3595,0.3256,0.1717,0.2655,0.0971,0.1408,0.2686,0.2985,90,126,0.589,0.938
2025-06-14,777506,0.3273,0.3538,0.2272,0.1871,0.0903,0.1305,0.2966,0.2720,65,45,0.241,0.115
2025-06-14,777507,0.3023,0.3131,0.2797,0.2568,0.0803,0.0903,0.2979,0.2949,128,101,0.996,0.479
2025-06-14,777508,0.3160,0.2852,0.2170,0.2401,0.0895,0.0707,0.2809,0.3100,4,58,,0.261
2025-06-14,777509,0.3195,0.3382,0.2723,0.2229,0.0933,0.0697,0.3004,0.2869,85,134,0.522,-0.123
2025-06-14,777510,0.2942,0.3125,0.2973,0.2600,0.0719,0.0855,0.2980,0.2988,106,138,0.762,0.571
2025-06-14,777511,0.3262,0.3149,0.2241,0.2132,0.1344,0.1031,0.2823,0.2734,20,116,0.333,0.386
2025-06-14,777512,0.3261,0.3381,0.1522,0.2053,0.1007,0.1354,0.2517,0.2678,102,114,-0.138,0.556
2025-06-14,777513,0.3330,0.2805,0.2391,0.2735,0.1105,0.0819,0.2931,0.2866,19,73,0.221,0.653
2025-06-14,777514,,0.3346,,0.2361,,0.0838,,0.2867,,78,,0.485
2025-06-14,777515,0.2978,0.3402,0.2407,0.2369,0.0868,0.1102,0.2891,0.2953,6,135,0.248,0.740
2025-06-14,777516,0.3196,0.3186,0.2699,0.2270,0.0716,0.0840,0.3116,0.2905,137,32,-0.215,0.367
2025-06-14,777517,0.3346,0.3006,0.2510,0.3007,0.1144,0.0700,0.3084,0.3113,130,113,0.542,0.372
2025-06-14,777518,0.3003,0.3166,0.2348,0.2781,0.0646,0.1259,0.2854,0.2953,60,101,0.203,-0.009
2025-06-14,777519,0.3463,0.3559,0.2065,0.1871,0.0973,0.0746,0.2964,0.2699,145,57,-0.102,-0.125
2025-06-14,777523,0.3089,0.3229,0.2716,0.2539,0.0983,0.0773,0.2630,0.3000,39,27,0.130,0.590
2025-06-15,777491,0.3191,0.3934,0.2734,0.2099,0.0902,0.1030,0.2876,0.2716,123,102,0.373,0.535
2025-06-15,777492,0.3506,0.3098,0.1766,0.2144,0.0646,0.0767,0.2757,0.2820,143,49,0.032,0.267
2025-06-15,777493,0.3170,0.3843,0.2708,0.1961,0.0905,0.0730,0.2931,0.2816,105,40,0.407,0.186
2025-06-15,777494,0.2912,0.3139,0.2430,0.2371,0.1130,0.0855,0.2685,0.2806,106,7,-0.099,-0.228
2025-06-15,777495,0.3600,0.3477,0.2301,0.2159,0.1318,0.0873,0.2782,0.2784,94,81,0.350,0.376
2025-06-15,777496,0.3444,0.3082,0.2197,0.2085,0.1414,0.0831,0.3083,0.2905,82,21,0.549,0.473
2025-06-15,777497,0.3296,0.3545,0.2317,0.1910,0.0934,0.1044,0.3049,0.2752,132,117,0.295,0.498
2025-06-15,777498,0.3209,0.3586,0.2291,0.2077,0.0945,0.1107,0.2854,0.2654,1,55,,0.611
2025-06-15,777499,0.3321,0.2670,0.2597,0.2951,0.0871,0.0538,0.2978,0.2979,139,117,0.187,0.943
2025-06-15,777500,0.3252,0.3394,0.2106,0.2277,0.1005,0.1230,0.2786,0.2903,128,125,0.223,0.196
2025-06-15,777501,0.3224,0.3138,0.2616,0.2326,0.0969,0.0895,0.2999,0.2839,150,4,0.185,
2025-06-15,777502,0.2867,0.3542,0.2360,0.2211,0.0942,0.0919,0.2661,0.2918,84,139,-0.086,0.518
2025-06-15,777503,0.3115,0.3196,0.2363,0.2907,0.0909,0.0937,0.2821,0.2791,3,140,,0.184
2025-06-15,777504,0.3818,0.2883,0.1990,0.3057,0.0895,0.0969,0.2669,0.3185,91,67,-0.152,0.299
2025-06-15,777505,0.3242,0.3038,0.2259,0.2344,0.0889,0.0793,0.2794,0.3015,11,27,-0.102,0.010
2025-06-16,777483,0.3191,0.3382,0.2344,0.2358,0.0934,0.0853,0.2945,0.2676,12,54,0.412,-0.205
2025-06-16,777484,0.3108,0.3099,0.2276,0.2299,0.0488,0.0751,0.2945,0.2724,106,128,0.146,0.001
2025-06-16,777485,0.3381,0.3196,0.2265,0.2448,0.1161,0.0725,0.2853,0.2986,41,69,0.422,-0.127
2025-06-16,777486,0.3559,0.2710,0.2388,0.3063,0.1073,0.0745,0.2681,0.3070,40,100,0.161,0.927
2025-06-16,777487,0.3318,0.3314,0.1947,0.2522,0.1030,0.1280,0.2780,0.3067,114,89,0.226,0.654
2025-06-16,777488,0.3049,0.3610,0.2302,0.2002,0.0820,0.1093,0.2829,0.2787,22,155,0.139,0.766
2025-06-16,777490,0.3302,,0.2846,,0.0821,,0.2960,,146,,-0.100,
2025-06-17,777467,0.3311,0.3307,0.2549,0.2532,0.0738,0.1332,0.3066,0.2885,69,58,0.443,0.515
2025-06-17,777468,0.3211,0.3183,0.2081,0.2281,0.0968,0.1286,0.2891,0.2653,123,62,0.368,0.191
2025-06-17,777469,,0.2800,,0.2126,,0.0959,,0.2797,,133,,0.354
2025-06-17,777471,0.3280,0.3144,0.1561,0.2146,0.1166,0.0908,0.2536,0.2955,116,14,0.144,-0.006
2025-06-17,777472,0.3053,0.3140,0.2445,0.2669,0.0850,0.1419,0.2935,0.2984,45,80,0.025,-0.042
2025-06-17,777473,0.3399,0.3026,0.2077,0.2352,0.1012,0.0465,0.2590,0.3027,101,110,0.599,0.031
2025-06-17,777475,0.3363,0.3455,0.2069,0.2010,0.1119,0.0937,0.2721,0.2821,138,106,-0.087,-0.005
2025-06-17,777476,0.3162,0.3166,0.2073,0.2878,0.0959,0.0906,0.2918,0.3049,110,72,-0.010,0.649
2025-06-17,777477,0.3061,0.3396,0.2094,0.2418,0.0782,0.0738,0.2905,0.2865,110,131,-0.022,0.551
2025-06-17,777478,0.3023,0.2857,0.2610,0.2363,0.0962,0.1102,0.2825,0.2906,51,106,0.027,0.416
2025-06-17,777479,0.3419,0.3271,0.2491,0.2513,0.0808,0.0811,0.2975,0.2949,137,151,0.510,0.304
2025-06-17,777480,0.3640,0.3140,0.1847,0.1946,0.0716,0.1007,0.2629,0.2951,76,52,0.335,0.097
2025-06-17,777481,0.3127,0.3143,0.2505,0.1955,0.0711,0.0998,0.2889,0.2558,88,126,0.603,0.065
2025-06-17,777482,0.3177,0.3526,0.2007,0.2318,0.1069,0.1157,0.2456,0.2944,59,81,0.195,0.031
2025-06-17,777489,0.2845,0.2915,0.2633,0.2251,0.0944,0.0789,0.2979,0.2874,96,104,0.319,0.310
2025-06-18,777453,0.2830,0.3278,0.3486,0.2416,0.0599,0.0807,0.3226,0.2872,132,132,0.164,-0.049
2025-06-18,777454,0.3424,0.3015,0.1810,0.2208,0.0995,0.1294,0.2576,0.2870,104,86,0.359,-0.298
2025-06-18,777456,0.3018,0.3096,0.2488,0.2342,0.1060,0.0918,0.2978,0.2784,126,131,0.167,-0.243
2025-06-18,777457,0.2913,,0.2152,,0.0899,,0.2679,,37,,0.025,
2025-06-18,777458,0.3374,0.3153,0.2051,0.2041,0.0895,0.0988,0.2784,0.2878,11,8,0.100,0.575
2025-06-18,777459,0.3073,0.3543,0.2429,0.1964,0.1034,0.0848,0.2709,0.2827,140,31,-0.182,0.284
2025-06-18,777460,0.2864,0.3197,0.2668,0.2087,0.0868,0.0797,0.3166,0.2645,52,127,-0.022,0.227
2025-06-18,777461,0.3674,0.3571,0.1903,0.2272,0.0965,0.1077,0.2401,0.2658,72,147,-0.176,0.221
2025-06-18,777462,0.2992,0.3031,0.2613,0.2449,0.0756,0.0784,0.2899,0.3024,71,13,0.189,0.078
2025-06-18,777463,0.3112,0.3406,0.2019,0.2744,0.0780,0.0944,0.2889,0.2805,67,132,0.700,0.283
2025-06-18,777464,0.2551,0.2990,0.2851,0.2376,0.0641,0.0765,0.3151,0.3005,107,30,0.613,0.053
2025-06-18,777465,0.2983,0.3360,0.2458,0.2053,0.0854,0.1353,0.2762,0.2783,101,22,0.079,0.124
2025-06-18,777466,0.3598,0.3254,0.1683,0.2285,0.0952,0.1002,0.2678,0.2933,93,27,0.593,-0.230
2025-06-18,777470,0.3399,0.2936,0.2051,0.2738,0.0857,0.0944,0.2669,0.3172,42,140,0.319,0.222
2025-06-18,777474,0.3416,0.3166,0.1965,0.2621,0.0786,0.0860,0.2908,0.3043,135,111,0.555,0.310
2025-06-19,777440,0.3366,0.3069,0.2264,0.2678,0.1143,0.0719,0.2750,0.3101,102,150,0.720,0.504
2025-06-19,777441,0.3219,0.3164,0.2275,0.2253,0.0689,0.1279,0.2906,0.2875,23,24,-0.004,0.252
2025-06-19,777442,0.2894,0.2992,0.2447,0.2719,0.0828,0.1129,0.2933,0.2968,9,106,0.229,0.524
2025-06-19,777443,0.2830,0.3071,0.2080,0.2468,0.0691,0.0914,0.2675,0.3030,121,22,0.049,-0.138
2025-06-19,777444,0.3352,0.3098,0.2246,0.3011,0.0685,0.1031,0.2842,0.3005,137,94,-0.122,-0.160
2025-06-19,777445,0.3150,0.3362,0.2656,0.2348,0.1116,0.0878,0.2635,0.2864,45,83,0.189,0.480
2025-06-19,777446,0.3236,0.2958,0.2743,0.2372,0.1423,0.0629,0.3009,0.2848,131,63,0.975,0.249
2025-06-19,777447,0.3463,0.3885,0.2065,0.2375,0.1016,0.1392,0.2751,0.2816,144,66,0.171,0.169
2025-06-19,777448,0.3151,0.3477,0.2074,0.2175,0.0901,0.0920,0.2620,0.2859,81,133,0.538,-0.040
2025-06-19,777449,0.3477,0.3171,0.2015,0.2682,0.0997,0.0697,0.2948,0.3091,150,142,-0.082,-0.226
2025-06-19,777450,0.3073,0.2734,0.2429,0.2742,0.1034,0.0556,0.2709,0.3057,140,115,-0.182,0.260
2025-06-19,777451,0.3431,0.2665,0.2180,0.2425,0.0884,0.0512,0.2940,0.3049,136,122,0.317,-0.131
2025-06-19,777452,0.3124,0.3019,0.2105,0.2110,0.0873,0.0857,0.2874,0.2911,109,93,0.409,0.222
2025-06-19,777455,0.3001,0.3141,0.2157,0.2565,0.1226,0.0746,0.2798,0.3017,60,30,-0.811,0.574
2025-06-20,777425,0.3106,0.2927,0.2304,0.2469,0.0812,0.0939,0.2892,0.2858,35,56,0.413,0.196
2025-06-20,777426,0.3106,0.3152,0.2097,0.2797,0.1013,0.0887,0.2728,0.2889,119,126,0.397,0.356
2025-06-20,777427,0.3243,0.3535,0.2836,0.1820,0.0914,0.1360,0.2784,0.2701,145,48,0.187,0.181
2025-06-20,777428,0.3077,0.3311,0.2711,0.2602,0.0842,0.0946,0.3030,0.2992,141,155,0.559,0.178
2025-06-20,777429,0.3063,0.3422,0.2748,0.2137,0.0825,0.1374,0.2976,0.3049,135,86,0.961,0.526
2025-06-20,777430,0.3365,0.3746,0.2383,0.2081,0.1084,0.0877,0.2954,0.2691,138,94,0.743,-0.136
2025-06-20,777431,0.2975,0.2897,0.2956,0.2364,0.0688,0.0916,0.3134,0.2666,116,88,0.389,-0.039
2025-06-20,777432,0.2858,0.3246,0.2342,0.2517,0.0688,0.1050,0.3088,0.2981,61,23,0.264,0.262
2025-06-20,777433,0.3328,0.3235,0.2523,0.1606,0.1125,0.1042,0.3113,0.2540,133,106,0.561,-0.113
2025-06-20,777434,0.3171,0.2892,0.2204,0.3038,0.0907,0.0706,0.2892,0.2988,3,109,,0.746
2025-06-20,777435,,0.3184,,0.2393,,0.0994,,0.2747,,16,,-0.072
2025-06-20,777436,0.3099,0.2826,0.2566,0.2728,0.0881,0.0794,0.2920,0.2811,105,77,0.503,0.653
2025-06-20,777437,0.3218,0.2646,0.2170,0.2902,0.0893,0.0528,0.2839,0.2971,4,120,,0.934
2025-06-20,777438,0.3609,0.3243,0.1846,0.2104,0.0784,0.0978,0.2683,0.2775,64,133,-0.149,0.225
2025-06-20,777439,,,,,,,,,,,,
2025-06-21,777410,0.3865,0.3127,0.2181,0.2312,0.1011,0.0781,0.2751,0.2848,105,26,0.558,0.169
2025-06-21,777411,0.3591,0.3287,0.2243,0.2374,0.1284,0.0702,0.2761,0.2953,98,73,0.336,-0.085
2025-06-21,777412,0.3409,0.2867,0.2051,0.2386,0.1371,0.1109,0.2704,0.2672,119,109,0.556,-0.094
2025-06-21,777413,0.3037,0.3255,0.2104,0.2948,0.0908,0.0809,0.2945,0.2956,25,149,0.345,-0.089
2025-06-21,777414,0.3134,0.3339,0.2378,0.1893,0.0805,0.1001,0.2710,0.2781,11,119,-0.371,0.199
2025-06-21,777415,0.3128,0.2917,0.1926,0.2909,0.0920,0.0605,0.2667,0.3082,15,120,0.003,0.282
2025-06-21,777416,0.3630,0.3604,0.2002,0.2024,0.1068,0.1078,0.2753,0.2634,160,58,0.770,0.632
2025-06-21,777417,0.3406,0.3394,0.2270,0.2201,0.1249,0.0952,0.2881,0.2937,130,69,0.246,0.216
2025-06-21,777418,0.3203,0.3323,0.2628,0.2595,0.1054,0.0853,0.2885,0.2994,110,143,0.401,0.190
2025-06-21,777419,0.3418,0.3543,0.2183,0.1965,0.0854,0.0848,0.2739,0.2828,84,31,0.392,0.283
2025-06-21,777420,0.3220,0.3127,0.2521,0.2316,0.0907,0.0791,0.2979,0.2747,3,131,,-0.002
2025-06-21,777421,0.3767,0.3318,0.1981,0.2246,0.0701,0.0955,0.2843,0.3044,44,138,0.194,0.286
2025-06-21,777422,0.3118,0.3248,0.2268,0.2570,0.0473,0.1238,0.2916,0.3101,111,94,0.153,0.662
2025-06-21,777423,0.3513,0.3111,0.2227,0.2384,0.0905,0.0895,0.2909,0.2920,142,15,0.532,0.469
2025-06-21,777424,0.2845,0.3210,0.3140,0.2188,0.0946,0.0987,0.3234,0.2748,70,8,0.290,-0.102
2025-06-22,777395,0.3602,0.3076,0.2318,0.2613,0.1139,0.1390,0.2700,0.2967,43,83,0.125,-0.038
2025-06-22,777396,0.3185,0.3235,0.2155,0.1591,0.0953,0.1147,0.2898,0.2564,126,119,0.366,0.148
2025-06-22,777397,0.3307,0.3147,0.2296,0.2140,0.1128,0.0938,0.2857,0.2952,44,114,0.368,-0.020
2025-06-22,777398,0.3096,0.3301,0.2069,0.2134,0.0982,0.0882,0.2975,0.2772,55,5,0.134,
2025-06-22,777399,0.3457,0.3669,0.2429,0.1794,0.0789,0.0696,0.2914,0.2635,142,80,0.507,0.347
2025-06-22,777400,0.3073,0.2825,0.2493,0.2052,0.0985,0.1076,0.2971,0.2746,51,140,0.015,0.379
2025-06-22,777401,0.3108,,0.2175,,0.0836,,0.2781,,52,,0.265,
2025-06-22,777402,0.3757,0.3462,0.1955,0.2342,0.0962,0.0818,0.2809,0.2756,74,59,-0.060,-0.193
2025-06-22,777403,0.2731,0.3590,0.3110,0.1847,0.0727,0.1010,0.3062,0.2719,104,123,0.933,0.514
2025-06-22,777404,0.3317,0.3339,0.2174,0.2087,0.1227,0.1103,0.2637,0.2725,68,141,0.181,-0.092
2025-06-22,777405,0.2863,0.3072,0.2583,0.2588,0.0989,0.0697,0.2963,0.2924,99,91,0.343,0.604
2025-06-22,777406,0.3087,0.3108,0.2057,0.2962,0.0827,0.0886,0.2891,0.3089,113,75,-0.032,0.716
2025-06-22,777407,0.2796,0.3467,0.2308,0.1867,0.1077,0.0679,0.2882,0.2802,110,148,0.411,0.016
2025-06-22,777408,0.3466,0.3234,0.1967,0.2524,0.0862,0.0800,0.2635,0.2939,39,154,0.103,0.308
2025-06-22,777409,0.3395,0.3357,0.2092,0.2380,0.0921,0.0727,0.2838,0.2848,109,134,0.012,0.560
2025-06-23,777381,0.3406,0.3537,0.2014,0.1778,0.1042,0.0933,0.2567,0.2686,106,96,0.591,0.604
2025-06-23,777382,0.3612,0.2954,0.2276,0.2187,0.1057,0.0872,0.2643,0.2700,151,40,0.245,0.039
2025-06-23,777388,0.3078,0.3430,0.2355,0.2016,0.0511,0.0767,0.3034,0.2914,114,140,0.041,0.558
2025-06-23,777389,0.2957,0.3481,0.2257,0.1936,0.0770,0.0902,0.2910,0.2652,108,48,0.318,0.396
2025-06-23,777390,0.3285,0.3245,0.2223,0.2645,0.1020,0.0943,0.2930,0.3067,8,117,,0.322
2025-06-23,777391,,0.3221,,0.2087,,0.1106,,0.2531,,64,,0.119
2025-06-23,777392,0.3492,0.3338,0.2391,0.2528,0.1125,0.0710,0.2962,0.3023,85,74,0.035,0.457
2025-06-23,777393,0.3078,0.3266,0.2609,0.2510,0.0808,0.1278,0.2847,0.2887,75,63,0.178,0.508
2025-06-23,777394,0.3203,0.3079,0.2159,0.2109,0.0784,0.0756,0.2676,0.2900,130,71,0.231,0.686
2025-06-24,777364,0.3147,0.3019,0.1923,0.2148,0.0982,0.1260,0.2551,0.2889,129,90,0.050,-0.281
2025-06-24,777372,0.3294,0.2855,0.2436,0.2343,0.0860,0.0794,0.2863,0.2947,86,12,0.492,0.190
2025-06-24,777373,0.2769,0.3373,0.2680,0.2046,0.0544,0.0968,0.3028,0.2780,119,16,0.262,0.097
2025-06-24,777374,0.3384,0.3121,0.2175,0.2369,0.0863,0.1057,0.2943,0.2692,141,145,0.331,-0.172
2025-06-24,777375,0.3262,0.3107,0.2417,0.2089,0.0841,0.0843,0.2867,0.2803,136,115,-0.057,0.311
2025-06-24,777376,0.2812,0.3446,0.3517,0.2061,0.0587,0.0974,0.3250,0.2961,136,155,0.193,-0.051
2025-06-24,777377,0.2957,0.3013,0.2519,0.2435,0.0894,0.1038,0.2794,0.2980,105,130,0.068,0.164
2025-06-24,777378,0.3451,0.2917,0.2738,0.2531,0.0924,0.0824,0.2802,0.3134,136,58,0.279,-0.003
2025-06-24,777379,0.3133,0.3618,0.2135,0.1920,0.0851,0.1010,0.2958,0.2409,19,76,0.142,-0.182
2025-06-24,777380,0.3208,0.3268,0.2360,0.2700,0.1067,0.1401,0.2797,0.3026,3,134,-0.028,0.960
2025-06-24,777383,0.3112,,0.2099,,0.0882,,0.2641,,84,,0.564,
2025-06-24,777384,0.2914,0.3369,0.2483,0.1836,0.0753,0.0977,0.3023,0.2563,16,107,-0.037,0.343
2025-06-24,777385,0.3252,,0.2678,,0.0684,,0.3115,,146,,-0.247,
2025-06-24,777386,0.3100,0.2702,0.2344,0.2453,0.0899,0.0603,0.2781,0.3030,135,128,-0.269,-0.129
2025-06-24,777387,0.3180,0.3216,0.2533,0.2316,0.0707,0.1268,0.3061,0.2739,35,75,0.627,0.143
2025-06-25,777355,0.3084,0.3075,0.3016,0.2708,0.1011,0.0702,0.3005,0.3122,97,155,-0.172,0.513
2025-06-25,777357,0.2831,0.3457,0.2721,0.2063,0.0772,0.1040,0.2827,0.2779,81,149,0.653,0.179
2025-06-25,777358,0.3005,0.3151,0.2670,0.2581,0.1109,0.1085,0.2929,0.2591,109,48,0.564,0.165
2025-06-25,777359,0.2999,0.2817,0.2297,0.2100,0.0688,0.0679,0.2802,0.2725,67,124,0.270,0.028
2025-06-25,777360,0.3247,0.3180,0.2829,0.2791,0.0944,0.0868,0.2771,0.2913,149,130,0.187,0.364
2025-06-25,777361,0.2518,0.3070,0.2860,0.2405,0.0629,0.0866,0.3148,0.2884,110,6,0.600,0.279
2025-06-25,777362,0.3626,0.3344,0.1836,0.2633,0.1209,0.0924,0.2701,0.3017,35,160,0.281,0.180
2025-06-25,777363,0.3138,0.2879,0.2519,0.3083,0.0845,0.0747,0.2894,0.2995,112,113,0.513,0.747
2025-06-25,777365,0.2794,0.3357,0.2365,0.1954,0.0671,0.0945,0.3121,0.2716,64,11,0.236,0.146
2025-06-25,777366,0.2696,0.3145,0.2823,0.2233,0.0622,0.0754,0.2949,0.2835,125,29,0.962,0.061
2025-06-25,777367,0.3314,0.3310,0.2030,0.2522,0.1044,0.1102,0.2736,0.3094,140,137,0.200,0.560
2025-06-25,777368,0.3413,0.3339,0.2202,0.2330,0.0815,0.1175,0.2965,0.2749,25,106,-0.048,0.657
2025-06-25,777369,0.3227,0.2959,0.2168,0.2104,0.0893,0.1196,0.2779,0.2820,4,63,,-0.778
2025-06-25,777370,0.3371,0.3944,0.2347,0.2343,0.1068,0.1480,0.2956,0.2799,141,72,0.729,0.188
2025-06-25,777371,0.3210,0.3066,0.2238,0.2936,0.1319,0.0712,0.2895,0.3133,29,124,0.286,0.360
2025-06-26,777344,0.3611,0.3777,0.1755,0.2016,0.1311,0.0849,0.2684,0.2682,52,99,0.185,-0.091
2025-06-26,777347,0.3093,0.2953,0.2523,0.2491,0.0907,0.0915,0.2846,0.2882,3,59,,0.240
2025-06-26,777348,0.3048,0.3195,0.2400,0.1637,0.0754,0.1023,0.2769,0.2571,95,109,0.245,-0.107
2025-06-26,777350,0.3305,0.3061,0.2312,0.2707,0.0675,0.0874,0.2880,0.3040,140,145,-0.141,0.564
2025-06-26,777351,0.3360,,0.2162,,0.1346,,0.3031,,89,,0.529,
2025-06-26,777352,0.2982,0.3531,0.3099,0.2164,0.0985,0.0879,0.3264,0.2892,75,148,0.317,0.518
2025-06-26,777353,0.2952,0.3078,0.2352,0.2117,0.0951,0.0996,0.2676,0.2732,93,122,-0.005,0.395
2025-06-26,777354,0.3426,0.3065,0.2193,0.2779,0.0906,0.0804,0.2883,0.3000,136,140,-0.037,0.926
2025-06-26,777356,0.3418,0.2912,0.2245,0.2305,0.0825,0.1128,0.2750,0.2645,89,115,0.382,-0.080
2025-06-27,777331,0.3623,0.3320,0.2021,0.1951,0.1053,0.1028,0.2769,0.2790,163,124,0.767,0.218
2025-06-27,777332,0.3173,0.3855,0.2178,0.2236,0.1056,0.1039,0.2734,0.2746,13,110,-0.129,0.546
2025-06-27,777334,0.3008,0.3167,0.2544,0.2484,0.0936,0.0892,0.2845,0.2944,54,4,0.089,0.117
2025-06-27,777335,0.3557,0.2933,0.2058,0.2148,0.1050,0.0876,0.2668,0.2981,61,28,0.685,0.353
2025-06-27,777336,0.3527,0.3160,0.2011,0.2520,0.0926,0.0761,0.2813,0.2724,34,15,0.298,-0.240
2025-06-27,777337,0.3253,0.3196,0.2306,0.2818,0.0681,0.0982,0.2932,0.3020,77,82,-0.094,0.678
2025-06-27,777338,0.3402,0.3312,0.2211,0.2569,0.0997,0.1029,0.2920,0.2888,73,114,0.283,0.388
2025-06-27,777339,0.3656,0.3409,0.2032,0.1997,0.0730,0.1442,0.2794,0.2704,120,124,-0.009,0.559
2025-06-27,777340,0.2746,0.3463,0.3098,0.2382,0.0708,0.0787,0.3058,0.2979,108,122,0.941,0.337
2025-06-27,777341,0.2833,0.3293,0.2599,0.2264,0.0970,0.0941,0.2980,0.3015,102,141,0.367,0.272
2025-06-27,777342,0.3305,0.3704,0.2210,0.1973,0.0828,0.0933,0.2848,0.2814,21,78,0.427,-0.042
2025-06-27,777343,0.3129,0.3699,0.2309,0.1824,0.0872,0.0894,0.2756,0.2593,136,71,0.001,-0.081
2025-06-27,777345,0.3356,0.3416,0.2534,0.2224,0.0880,0.1223,0.2980,0.2875,148,134,0.192,0.234
2025-06-27,777346,0.3213,0.3099,0.2908,0.2171,0.0797,0.0893,0.2945,0.2969,152,98,-0.104,0.161
2025-06-27,777349,0.2908,0.3543,0.2956,0.2374,0.0646,0.1314,0.3112,0.2821,124,102,0.277,0.358
2025-06-28,777315,0.3031,0.3083,0.2188,0.2082,0.0955,0.0910,0.2981,0.2968,58,119,0.139,-0.022
2025-06-28,777318,0.3539,0.3412,0.2251,0.2481,0.0783,0.0772,0.2741,0.2932,64,146,-0.255,0.500
2025-06-28,777319,0.3116,0.3230,0.2306,0.2216,0.0828,0.0932,0.2775,0.2900,9,130,,0.359
2025-06-28,777320,0.3738,0.3675,0.1800,0.2118,0.0983,0.1459,0.2705,0.2926,128,34,0.517,0.172
2025-06-28,777321,0.3595,0.3287,0.1828,0.2033,0.0680,0.0778,0.2671,0.2752,83,60,0.308,0.312
2025-06-28,777322,0.3074,0.3774,0.2347,0.1984,0.0552,0.0668,0.3023,0.2929,119,49,0.029,0.287
2025-06-28,777323,0.3224,0.3500,0.2491,0.2350,0.0788,0.1105,0.2929,0.2669,157,46,0.324,0.167
2025-06-28,777324,0.3378,0.3368,0.2086,0.2116,0.0755,0.0904,0.2901,0.2833,143,112,0.587,0.011
2025-06-28,777325,0.3482,0.3312,0.1870,0.2058,0.0869,0.1086,0.2637,0.2704,52,144,0.361,-0.104
2025-06-28,777326,0.2836,0.3254,0.2062,0.2554,0.1053,0.1324,0.2764,0.3065,144,99,0.390,0.655
2025-06-28,777327,0.3059,0.3469,0.2645,0.1894,0.1400,0.0923,0.2966,0.2633,89,43,-0.027,0.146
2025-06-28,777328,0.3198,0.2835,0.1558,0.2257,0.1121,0.1051,0.2561,0.2860,123,114,0.138,0.408
2025-06-28,777329,0.3474,0.2998,0.1872,0.2497,0.0709,0.0949,0.2798,0.3030,153,55,0.008,0.004
2025-06-28,777330,0.3304,0.3102,0.2498,0.2306,0.0715,0.0514,0.2910,0.2874,137,117,0.551,0.169
2025-06-28,777333,0.3049,0.2922,0.2652,0.2220,0.0678,0.0756,0.2961,0.2914,95,111,0.633,0.318
2025-06-29,777301,0.3625,0.3197,0.1953,0.2163,0.0988,0.1063,0.2456,0.2555,79,69,-0.193,0.114
2025-06-29,777302,0.3273,0.3288,0.2382,0.2111,0.0828,0.1188,0.2847,0.2615,139,72,-0.063,0.193
2025-06-29,777303,0.3089,0.3044,0.1937,0.2699,0.0961,0.0790,0.2537,0.2887,133,78,0.069,0.167
2025-06-29,777304,0.3270,0.2922,0.2207,0.2472,0.1065,0.0803,0.2765,0.3103,3,61,-0.015,-0.025
2025-06-29,777305,0.3589,0.3580,0.2225,0.1704,0.1032,0.0892,0.2650,0.2706,156,103,0.230,0.620
2025-06-29,777307,0.3197,0.3559,0.2276,0.1771,0.0872,0.1035,0.2751,0.2733,141,98,-0.275,0.122
2025-06-29,777308,0.2794,0.3041,0.2693,0.2426,0.0535,0.1062,0.3033,0.2970,122,135,0.244,0.148
2025-06-29,777309,0.3344,0.3338,0.2475,0.1833,0.0694,0.0943,0.3014,0.2561,77,113,0.461,0.368
2025-06-29,777310,0.2932,0.3559,0.2488,0.1891,0.0714,0.1316,0.2994,0.2508,20,117,0.118,0.587
2025-06-29,777311,0.3055,0.3779,0.2109,0.1872,0.1234,0.0993,0.2880,0.2632,93,106,-0.265,-0.233
2025-06-29,777312,0.2867,0.3282,0.2321,0.2629,0.0846,0.0917,0.2718,0.3057,43,122,0.029,0.339
2025-06-29,777313,0.3256,0.3466,0.2324,0.2323,0.1303,0.0968,0.2728,0.2940,79,30,0.165,0.228
2025-06-29,777314,0.3098,0.2771,0.2100,0.2443,0.0824,0.0639,0.2811,0.3033,119,133,0.377,-0.141
2025-06-29,777316,0.2912,0.3221,0.2536,0.2536,0.0878,0.0779,0.2782,0.3049,108,39,0.086,0.659
2025-06-29,777317,0.3407,0.3037,0.2749,0.2081,0.0910,0.0811,0.2820,0.2893,139,116,0.279,-0.033
2025-06-30,777291,0.3039,0.3071,0.2764,0.2247,0.0692,0.0925,0.3133,0.2648,158,88,0.519,0.579
2025-06-30,777292,0.3031,0.3164,0.2213,0.2231,0.0738,0.0772,0.2917,0.2704,74,133,0.778,0.207
2025-06-30,777295,0.3191,0.3394,0.2724,0.2417,0.0671,0.0881,0.3131,0.3070,150,30,-0.260,0.049
2025-06-30,777296,0.3109,0.2994,0.2253,0.2305,0.1262,0.0667,0.2897,0.2790,33,71,0.271,0.305
2025-06-30,777297,0.2792,0.3102,0.2121,0.2477,0.0668,0.0830,0.2729,0.2875,127,115,0.053,0.512
2025-06-30,777299,0.3426,0.3349,0.2073,0.2145,0.1020,0.0849,0.2794,0.2940,153,144,0.184,0.326
2025-06-30,777300,0.3078,0.2771,0.2683,0.3566,0.0906,0.0577,0.2974,0.3238,3,139,,0.164
2025-06-30,777306,0.3234,0.2673,0.2620,0.2855,0.0969,0.0605,0.3015,0.2927,73,130,0.432,0.987
2025-07-01,777278,0.3094,0.3422,0.2373,0.2329,0.0951,0.1085,0.2821,0.2977,65,147,0.271,0.712
2025-07-01,777280,0.3276,0.2951,0.2377,0.2684,0.1285,0.1089,0.2787,0.2944,70,112,0.532,0.558
2025-07-01,777281,0.3026,0.3385,0.2246,0.2252,0.0980,0.0869,0.2730,0.2740,125,93,0.401,0.385
2025-07-01,777282,0.3241,0.2733,0.1879,0.2469,0.0907,0.0655,0.2726,0.3134,14,67,0.197,0.238
2025-07-01,777283,0.3314,0.3420,0.2040,0.2200,0.1023,0.0887,0.2753,0.2865,144,140,0.172,-0.022
2025-07-01,777284,0.2923,0.3302,0.2410,0.2358,0.0740,0.0831,0.3013,0.2816,33,91,0.083,0.501
2025-07-01,777285,0.3029,0.3103,0.2248,0.2514,0.0721,0.1055,0.2853,0.2628,33,51,0.072,0.160
2025-07-01,777286,0.3313,0.2918,0.2185,0.2357,0.1319,0.0927,0.3032,0.2700,92,97,0.532,0.067
2025-07-01,777287,0.3283,0.2771,0.2349,0.2717,0.1154,0.0750,0.2757,0.2855,109,85,0.671,0.635
2025-07-01,777288,0.3217,0.2514,0.1667,0.2911,0.1005,0.0672,0.2596,0.3171,112,114,-0.101,0.591
2025-07-01,777289,0.3090,0.3028,0.2469,0.2197,0.1037,0.1237,0.2726,0.2865,149,67,-0.173,-0.693
2025-07-01,777290,0.3201,0.3267,0.2933,0.2328,0.0825,0.0665,0.2944,0.2894,157,143,-0.091,-0.139
2025-07-01,777293,0.2976,0.3074,0.3072,0.2943,0.0787,0.0986,0.2986,0.2996,117,101,0.755,-0.126
2025-07-01,777294,0.3262,0.3656,0.2609,0.1847,0.1124,0.1348,0.3142,0.2668,142,40,0.556,0.275
2025-07-01,777298,0.3418,0.2966,0.2116,0.3032,0.1001,0.0963,0.2979,0.3297,159,78,-0.040,0.310
2025-07-02,777262,0.3076,0.2779,0.2164,0.3201,0.0838,0.0692,0.3035,0.3079,32,112,0.381,0.952
2025-07-02,777265,0.3074,0.3213,0.2944,0.2812,0.0700,0.0969,0.3161,0.2777,127,154,0.356,0.172
2025-07-02,777266,0.3040,0.3056,0.2788,0.2404,0.0792,0.0734,0.3003,0.2711,143,99,0.975,0.236
2025-07-02,777267,0.3012,0.3529,0.2174,0.1798,0.0832,0.1277,0.2890,0.2646,9,55,,0.158
2025-07-02,777268,0.3615,0.3461,0.1934,0.2319,0.0874,0.0819,0.2624,0.2933,74,127,-0.104,0.312
2025-07-02,777269,0.3021,0.3765,0.2717,0.1980,0.0861,0.0833,0.3056,0.2698,148,102,0.552,-0.090
2025-07-02,777270,0.3446,0.3793,0.2117,0.2256,0.0955,0.1021,0.2934,0.2744,79,113,0.316,0.555
2025-07-02,777271,0.3245,0.3140,0.2329,0.2263,0.0667,0.0855,0.2959,0.2734,80,140,-0.049,-0.008
2025-07-02,777272,0.2884,0.3274,0.2962,0.2318,0.0635,0.0922,0.3133,0.2967,127,145,0.267,0.292
2025-07-02,777273,0.3153,0.3302,0.2853,0.2211,0.0854,0.0828,0.2945,0.2848,133,21,0.358,0.426
2025-07-02,777274,0.3205,0.3346,0.2907,0.2534,0.1146,0.0864,0.3005,0.2996,88,152,0.685,0.177
2025-07-02,777275,0.2938,0.3025,0.2311,0.2375,0.1158,0.0852,0.2599,0.2846,119,7,-0.052,-0.129
2025-07-02,777276,0.3077,0.3080,0.2559,0.2563,0.0958,0.0865,0.2810,0.2987,10,6,0.427,0.055
2025-07-02,777277,0.3078,0.3124,0.2118,0.2449,0.0933,0.1037,0.2968,0.2858,102,7,0.186,-0.134
2025-07-02,777279,0.3338,0.3250,0.2598,0.2077,0.0939,0.0852,0.3014,0.2723,167,7,0.182,-0.017
2025-07-03,777251,0.3216,0.2991,0.2262,0.2198,0.0960,0.0664,0.2902,0.2870,135,26,0.352,0.639
2025-07-03,777253,0.3286,0.3629,0.2624,0.2040,0.1006,0.1080,0.2926,0.2688,118,67,0.398,0.732
2025-07-03,777256,0.3005,0.3422,0.2723,0.2528,0.1372,0.0790,0.2953,0.2944,92,154,-0.039,0.467
2025-07-03,777257,0.3391,0.2803,0.1997,0.2552,0.1457,0.0952,0.2738,0.2969,129,105,0.572,0.370
2025-07-03,777258,0.3090,0.3643,0.2366,0.2073,0.0907,0.1079,0.2923,0.2782,3,167,,0.785
2025-07-03,777259,0.3279,0.3691,0.2309,0.1910,0.0779,0.0981,0.2885,0.2807,21,39,0.230,0.319
2025-07-03,777260,0.3202,0.3271,0.2507,0.2436,0.1300,0.0845,0.3047,0.2880,102,166,0.669,0.309
2025-07-03,777261,0.3278,0.3744,0.1974,0.2016,0.1011,0.1094,0.2807,0.2819,127,85,0.232,0.013
2025-07-03,777263,0.2931,0.3067,0.2564,0.2224,0.0912,0.1015,0.2872,0.2798,57,16,0.119,-0.150
2025-07-03,777264,0.3058,0.3599,0.2552,0.2109,0.0732,0.0718,0.2739,0.2847,18,123,-0.156,-0.004
2025-07-04,777235,0.3701,0.3143,0.1971,0.2562,0.1655,0.0867,0.2853,0.2834,41,6,0.193,0.157
2025-07-04,777236,0.3305,0.3077,0.2047,0.2364,0.1055,0.0544,0.2700,0.3030,150,122,-0.100,0.013
2025-07-04,777239,0.3714,0.3197,0.2021,0.1561,0.0651,0.1139,0.2937,0.2562,52,129,0.422,0.144
2025-07-04,777242,0.3042,0.2866,0.2026,0.2399,0.0886,0.0689,0.2957,0.2952,124,23,-0.038,0.116
2025-07-04,777243,0.3449,0.3641,0.1823,0.1743,0.0983,0.0716,0.2589,0.2630,47,90,0.127,0.323
2025-07-04,777244,0.3065,0.2830,0.2055,0.2032,0.1204,0.1039,0.2877,0.2760,97,147,-0.260,0.392
2025-07-04,777245,0.3418,0.3038,0.2377,0.2217,0.1075,0.0932,0.2686,0.2977,49,61,0.187,0.124
2025-07-04,777246,0.3440,0.3715,0.1930,0.1805,0.0696,0.1009,0.2809,0.2700,157,133,-0.008,0.509
2025-07-04,777247,0.3310,0.3125,0.2486,0.2109,0.0747,0.0806,0.2943,0.2788,142,123,0.567,0.460
2025-07-04,777248,0.2892,0.3067,0.2553,0.2675,0.0858,0.0763,0.3078,0.2830,65,83,0.002,0.163
2025-07-04,777249,0.2961,0.3016,0.2781,0.2538,0.1019,0.0985,0.3172,0.3049,86,61,0.238,0.009
2025-07-04,777250,0.3515,,0.1738,,0.1016,,0.2722,,101,,0.142,
2025-07-04,777252,0.3237,0.3206,0.2698,0.2487,0.1423,0.0830,0.2982,0.2987,138,45,0.964,0.645
2025-07-04,777254,0.3253,0.3615,0.2065,0.2164,0.0760,0.0753,0.2792,0.2692,63,69,0.332,-0.202
2025-07-04,777255,0.2812,0.3065,0.2262,0.2632,0.1028,0.0658,0.2857,0.2925,118,100,0.424,0.629
2025-07-05,777221,0.3066,0.3110,0.2427,0.2178,0.1041,0.0919,0.2968,0.2778,139,13,0.148,
2025-07-05,777223,0.3117,0.2851,0.2236,0.2349,0.0756,0.0822,0.2718,0.2729,137,46,0.217,-0.031
2025-07-05,777225,0.3356,0.3250,0.2462,0.2335,0.0937,0.0812,0.3019,0.2804,33,143,0.302,-0.052
2025-07-05,777227,0.3039,0.3148,0.2726,0.2329,0.0683,0.0855,0.3115,0.2753,161,145,0.523,-0.257
2025-07-05,777228,0.3642,0.3607,0.1893,0.2210,0.1279,0.1094,0.2504,0.2655,122,162,0.545,0.212
2025-07-05,777229,0.3367,0.3345,0.2440,0.2257,0.0805,0.0865,0.3017,0.2828,83,6,0.476,-0.229
2025-07-05,777230,0.3374,,0.2744,,0.0941,,0.2810,,143,,0.293,
2025-07-05,777231,0.3572,0.3292,0.1722,0.2553,0.0871,0.0853,0.2717,0.3183,107,33,0.614,0.046
2025-07-05,777232,0.3759,0.3612,0.1886,0.1911,0.0970,0.0967,0.2655,0.2447,110,82,-0.225,-0.236
2025-07-05,777233,0.3276,0.2849,0.2572,0.2593,0.0951,0.0857,0.3054,0.2782,126,112,0.350,0.042
2025-07-05,777234,0.2786,0.3012,0.2087,0.2334,0.0658,0.0907,0.2717,0.2696,130,91,0.062,0.581
2025-07-05,777237,0.2954,,0.2078,,0.0789,,0.2875,,121,,-0.032,
2025-07-05,777238,0.3181,0.3130,0.2231,0.1907,0.1098,0.0946,0.2570,0.2536,74,136,0.162,0.050
2025-07-05,777240,0.3324,0.3447,0.2181,0.1827,0.0883,0.0967,0.2811,0.2541,116,119,0.068,0.350
2025-07-05,777241,0.3173,0.3438,0.2672,0.2265,0.0658,0.1300,0.3111,0.2689,154,87,-0.265,0.152
2025-07-06,777205,0.2516,0.3069,0.2900,0.2490,0.0658,0.0817,0.3160,0.2907,118,118,0.578,0.529
2025-07-06,777206,0.3233,0.3219,0.2325,0.2168,0.1095,0.0894,0.2880,0.2744,47,4,0.261,
2025-07-06,777207,0.3222,,0.2177,,0.1146,,0.2650,,77,,0.189,
2025-07-06,777210,0.3024,0.3031,0.2471,0.2179,0.0930,0.1223,0.2860,0.2861,68,36,0.274,0.301
2025-07-06,777213,0.2740,,0.3610,,0.0569,,0.3260,,142,,0.166,
2025-07-06,777214,0.3448,0.3439,0.2202,0.2124,0.0979,0.0954,0.3016,0.2850,164,147,-0.021,-0.023
2025-07-06,777215,0.3381,0.3062,0.2237,0.2533,0.1356,0.1028,0.2712,0.2595,78,54,0.628,0.164
2025-07-06,777216,0.3296,,0.2000,,0.1052,,0.2723,,148,,0.176,
2025-07-06,777217,0.3450,0.2658,0.2344,0.2898,0.1072,0.0593,0.2834,0.2925,12,134,0.301,0.993
2025-07-06,777218,0.2985,,0.2262,,0.0965,,0.2712,,128,,0.381,
2025-07-06,777219,0.3497,0.2779,0.2024,0.2758,0.0997,0.0726,0.2781,0.2867,158,90,0.180,0.616
2025-07-06,777220,0.3080,0.2978,0.2275,0.3002,0.0711,0.0770,0.2768,0.2981,77,121,0.359,0.745
2025-07-06,777222,0.3051,0.2950,0.2275,0.3036,0.0784,0.0943,0.2896,0.3322,79,81,0.841,0.301
2025-07-06,777224,,0.3079,,0.2949,,0.0968,,0.2991,,104,,-0.116
2025-07-06,777226,0.2734,0.3297,0.2506,0.2365,0.0629,0.1135,0.3052,0.2757,136,112,-0.146,0.672
2025-07-07,777199,0.3281,0.3399,0.2294,0.2071,0.0656,0.0935,0.2888,0.2921,146,82,-0.142,0.330
2025-07-07,777200,0.2725,0.3331,0.2488,0.2616,0.0641,0.0959,0.3140,0.2985,70,173,0.246,0.191
2025-07-07,777201,0.2905,0.3076,0.2694,0.2481,0.1071,0.1023,0.2936,0.2693,115,152,0.562,-0.178
2025-07-07,777202,0.3046,0.3076,0.2782,0.2234,0.0826,0.0686,0.3013,0.2909,147,38,0.950,-0.007
2025-07-07,777203,0.3383,0.2983,0.2379,0.2280,0.1065,0.0830,0.2981,0.2840,151,38,0.705,0.276
2025-07-07,777204,0.3356,0.3009,0.2161,0.2176,0.0886,0.0804,0.2931,0.3050,147,36,0.304,0.400
2025-07-07,777208,0.3006,0.3268,0.2485,0.2617,0.0795,0.1135,0.2871,0.3132,12,149,-0.161,0.527
2025-07-07,777209,0.3749,0.3615,0.1908,0.1871,0.0804,0.1394,0.2653,0.2674,108,44,-0.082,0.278
2025-07-07,777211,0.2863,0.3236,0.2484,0.1876,0.0904,0.1012,0.2769,0.2726,101,72,0.072,0.067
2025-07-07,777212,0.3302,0.3887,0.2532,0.2478,0.0848,0.1427,0.2996,0.2811,156,77,0.172,0.128
2025-07-08,777180,0.3430,0.3221,0.2374,0.2089,0.0803,0.0991,0.2946,0.2856,131,131,0.316,0.233
2025-07-08,777185,0.3788,0.3193,0.2291,0.2845,0.1043,0.0838,0.2777,0.2948,119,137,0.558,0.340
2025-07-08,777186,0.3337,0.3004,0.2180,0.2670,0.0978,0.1346,0.2564,0.2952,76,95,0.044,-0.065
2025-07-08,777187,0.2832,0.3343,0.3092,0.2768,0.0725,0.1193,0.3083,0.2976,118,99,0.932,0.698
2025-07-08,777188,0.3275,0.3281,0.2469,0.2606,0.0870,0.1034,0.2892,0.2925,171,123,0.299,0.387
2025-07-08,777189,0.3254,0.3277,0.2177,0.2193,0.0920,0.1350,0.2791,0.3017,13,96,0.134,0.529
2025-07-08,777190,0.3004,0.2897,0.2420,0.2326,0.0722,0.1140,0.2750,0.2604,102,122,0.230,-0.062
2025-07-08,777191,0.3713,0.2896,0.2096,0.2952,0.1090,0.0623,0.2773,0.3136,174,131,0.759,0.253
2025-07-08,777192,0.3245,0.2990,0.2199,0.2677,0.0743,0.0849,0.2861,0.3060,25,151,0.217,0.531
2025-07-08,777193,0.3610,0.3064,0.1707,0.2688,0.1214,0.1043,0.2673,0.2880,61,14,0.196,0.554
2025-07-08,777194,0.3301,0.3214,0.2298,0.2266,0.0991,0.0991,0.2932,0.2886,151,139,0.271,0.347
2025-07-08,777195,0.3183,0.3145,0.2294,0.2837,0.0927,0.0727,0.2756,0.3124,146,134,-0.000,0.365
2025-07-08,777196,0.3563,0.3404,0.2041,0.2207,0.0696,0.1237,0.2809,0.2853,129,140,0.028,0.190
2025-07-08,777197,0.3003,0.3072,0.2362,0.2113,0.1090,0.0905,0.2860,0.2960,20,107,-0.154,0.177
2025-07-08,777198,0.3081,0.3285,0.2189,0.1909,0.1191,0.0861,0.2907,0.2723,72,18,-0.634,0.274
2025-07-09,777162,0.3442,0.3182,0.2505,0.2893,0.0860,0.0814,0.2862,0.2948,160,160,0.468,-0.080
2025-07-09,777163,0.3018,0.3032,0.2705,0.2053,0.0645,0.1166,0.2970,0.2878,103,102,0.612,-0.250
2025-07-09,777171,0.3672,0.3017,0.2054,0.1992,0.0634,0.0872,0.2952,0.2947,55,127,0.473,-0.023
2025-07-09,777172,0.2818,0.3417,0.2402,0.1773,0.0772,0.0956,0.2967,0.2581,27,50,0.264,0.142
2025-07-09,777173,0.3705,0.3069,0.1853,0.2520,0.1050,0.0868,0.2790,0.2871,42,63,0.349,0.025
2025-07-09,777174,0.3032,0.2947,0.2575,0.2759,0.1017,0.0689,0.3042,0.2861,67,23,0.020,-0.238
2025-07-09,777175,0.2885,0.3351,0.2676,0.2070,0.0808,0.1435,0.2999,0.2759,65,132,0.035,0.571
2025-07-09,777176,0.3733,0.3199,0.1988,0.2419,0.1176,0.0653,0.2809,0.2941,92,83,0.038,-0.086
2025-07-09,777177,0.3384,0.2896,0.1999,0.2511,0.1031,0.0894,0.2683,0.3061,155,71,-0.112,0.008
2025-07-09,777178,0.3200,0.3204,0.2759,0.1629,0.0997,0.1039,0.2736,0.2586,158,116,0.183,-0.089
2025-07-09,777179,0.3650,0.3415,0.1708,0.2312,0.0701,0.1135,0.2615,0.2675,93,52,0.309,0.132
2025-07-09,777181,,0.3661,,0.1949,,0.0849,,0.2631,,78,,-0.093
2025-07-09,777182,0.3328,0.3026,0.2485,0.2671,0.0732,0.0979,0.2964,0.3155,146,92,0.565,0.252
2025-07-09,777183,0.3677,0.2874,0.2114,0.2230,0.0736,0.0989,0.2685,0.2832,72,125,-0.152,0.456
2025-07-09,777184,0.2905,,0.2348,,0.0642,,0.2975,,29,,0.622,
2025-07-10,777156,0.3180,0.2817,0.2464,0.2051,0.0791,0.1023,0.2972,0.2767,50,150,0.609,0.395
2025-07-10,777158,0.3156,0.3250,0.2617,0.1537,0.0793,0.1120,0.2831,0.2531,90,132,0.198,0.138
2025-07-10,777159,0.3185,0.3593,0.2231,0.1663,0.0737,0.0840,0.2726,0.2708,142,113,0.205,0.598
2025-07-10,777164,0.3461,0.3362,0.1787,0.2176,0.1000,0.1317,0.2547,0.2682,123,82,0.371,0.626
2025-07-10,777165,0.2798,0.3247,0.2550,0.2743,0.0989,0.1394,0.2967,0.3008,109,142,0.398,0.994
2025-07-10,777166,0.3696,0.3089,0.1828,0.2128,0.0993,0.0792,0.2708,0.2781,136,126,0.487,0.409
2025-07-10,777167,0.3044,0.3542,0.2208,0.1886,0.0894,0.0680,0.2970,0.2808,66,162,0.113,0.013
2025-07-10,777168,0.3098,0.3276,0.1979,0.2558,0.0932,0.0978,0.2542,0.3039,139,131,0.052,0.363
2025-07-10,777169,0.3071,0.3591,0.2407,0.1665,0.0582,0.1033,0.2998,0.2760,127,108,0.015,0.145
2025-07-10,777170,0.3378,0.3614,0.2753,0.1863,0.0927,0.1258,0.2807,0.2522,146,125,0.290,0.542
2025-07-11,777139,0.2890,0.2852,0.2534,0.2454,0.0894,0.0871,0.2762,0.3010,116,17,-0.016,0.265
2025-07-11,777143,0.3556,0.3019,0.2146,0.2689,0.1054,0.0674,0.2745,0.3110,70,164,0.696,0.513
2025-07-11,777146,0.3264,0.3784,0.2369,0.1832,0.1165,0.0942,0.2761,0.2638,116,115,0.613,-0.222
2025-07-11,777147,0.2908,0.3382,0.3044,0.2476,0.0923,0.0906,0.3280,0.2987,84,89,0.280,0.439
2025-07-11,777148,0.2566,0.2928,0.2876,0.3117,0.0693,0.0756,0.3156,0.3015,123,124,0.569,0.722
2025-07-11,777149,0.3688,0.3242,0.2142,0.2363,0.1104,0.0994,0.2611,0.2977,169,28,0.209,-0.094
2025-07-11,777150,0.2977,0.3421,0.2354,0.2164,0.0889,0.0962,0.2721,0.3027,94,168,0.564,-0.023
2025-07-11,777151,0.3153,0.2744,0.2175,0.2106,0.0980,0.0647,0.2646,0.2733,55,133,0.298,0.048
2025-07-11,777152,0.3363,0.3191,0.2398,0.2252,0.1002,0.0968,0.3102,0.2743,39,152,0.095,-0.228
2025-07-11,777153,0.3205,0.3215,0.2144,0.2588,0.0791,0.0727,0.2606,0.3098,80,161,0.346,-0.256
2025-07-11,777154,0.3305,0.3665,0.2227,0.2009,0.1167,0.1702,0.2634,0.2867,83,44,0.184,0.153
2025-07-11,777155,0.3089,0.3080,0.2267,0.2190,0.0685,0.0870,0.2746,0.2912,82,40,0.367,0.403
2025-07-11,777157,0.3083,0.3014,0.2880,0.2001,0.1004,0.0759,0.3017,0.2828,108,128,-0.095,-0.037
2025-07-11,777160,0.3686,0.3377,0.1833,0.2584,0.0927,0.1130,0.2444,0.2818,88,17,-0.256,0.425
2025-07-11,777161,0.3262,0.2692,0.2350,0.2570,0.0800,0.0619,0.2780,0.3060,146,139,-0.066,-0.138
2025-07-12,777126,0.2629,0.2917,0.2854,0.2409,0.0584,0.0805,0.2928,0.2898,137,41,0.961,0.321
2025-07-12,777127,0.3120,0.3370,0.2090,0.2082,0.0883,0.0909,0.2751,0.2978,16,86,-0.149,0.375
2025-07-12,777131,0.3400,0.3390,0.2370,0.2560,0.1087,0.0938,0.2952,0.2942,156,178,0.679,0.194
2025-07-12,777132,0.3425,0.3098,0.2216,0.2226,0.0932,0.1334,0.2899,0.2869,152,43,-0.016,0.265
2025-07-12,777134,0.3294,0.3091,0.2462,0.2521,0.1001,0.0907,0.2962,0.2833,37,3,0.338,-0.283
2025-07-12,777135,0.3481,0.3217,0.2222,0.2521,0.0853,0.0907,0.2919,0.2940,7,3,,
2025-07-12,777136,0.3394,,0.2219,,0.1274,,0.2714,,90,,0.166,
2025-07-12,777137,0.2744,0.3094,0.2413,0.2416,0.0621,0.1015,0.3151,0.2965,74,144,0.229,0.172
2025-07-12,777138,0.3023,0.3920,0.2789,0.2478,0.0813,0.1457,0.3033,0.2805,150,81,0.930,0.131
2025-07-12,777140,0.3637,0.3250,0.2009,0.2579,0.1146,0.1119,0.2607,0.3120,37,152,0.277,0.542
2025-07-12,777141,0.2963,0.2980,0.2385,0.2352,0.0762,0.0762,0.2798,0.2946,15,83,-0.224,0.836
2025-07-12,777142,0.2744,0.3259,0.2798,0.2010,0.0767,0.1032,0.2881,0.2691,95,152,0.650,0.202
2025-07-12,777144,0.2826,0.2748,0.2469,0.3620,0.0937,0.0603,0.2787,0.3234,106,147,-0.023,0.174
2025-07-12,777145,0.3040,0.3276,0.2546,0.2144,0.0798,0.0869,0.2916,0.2790,122,119,0.522,0.065
2025-07-13,777113,0.3291,0.2874,0.2291,0.2383,0.0969,0.1169,0.2935,0.2637,156,126,0.273,-0.051
2025-07-13,777115,0.3747,0.3211,0.2362,0.2107,0.1026,0.1027,0.2815,0.2870,122,134,0.549,0.225
2025-07-13,777116,0.3257,0.3223,0.2542,0.2213,0.0837,0.1325,0.2999,0.3019,159,99,0.177,0.541
2025-07-13,777117,0.3237,0.3229,0.2356,0.2801,0.0646,0.0825,0.2889,0.2924,149,140,-0.151,0.335
2025-07-13,777118,0.3295,0.2865,0.2071,0.3008,0.0957,0.0613,0.2836,0.3172,19,134,0.021,0.262
2025-07-13,777119,0.3026,0.3016,0.2561,0.2619,0.1127,0.1321,0.2923,0.2915,124,98,0.495,-0.073
2025-07-13,777120,0.3277,0.3304,0.2076,0.2536,0.0813,0.1060,0.2861,0.2897,30,128,0.232,0.382
2025-07-13,777121,0.2861,0.3092,0.3095,0.2880,0.0713,0.0712,0.3089,0.3148,121,138,0.936,0.362
2025-07-13,777122,0.3007,0.3284,0.2392,0.2760,0.0696,0.1164,0.2808,0.2972,108,103,0.229,0.737
2025-07-13,777123,0.3712,0.3050,0.2069,0.2446,0.1118,0.1008,0.2745,0.2692,177,155,0.778,-0.201
2025-07-13,777124,0.3057,0.2956,0.2213,0.2311,0.1164,0.0780,0.2917,0.3061,75,39,-0.580,0.383
2025-07-13,777125,0.3434,0.3005,0.2324,0.2661,0.0786,0.0830,0.2943,0.3049,135,156,0.336,0.553
2025-07-13,777128,0.3686,0.3042,0.1991,0.2134,0.0790,0.0889,0.2676,0.2951,111,110,-0.068,0.219
2025-07-13,777129,0.2932,0.3164,0.2486,0.2084,0.1038,0.0830,0.2873,0.2804,24,21,-0.094,0.297
2025-07-13,777130,0.3142,0.3363,0.2356,0.2272,0.0914,0.1219,0.2782,0.2879,149,143,0.028,0.199
2025-07-18,777098,0.3075,0.3231,0.2631,0.2186,0.0942,0.0724,0.3109,0.2705,98,146,0.249,0.206
2025-07-18,777099,0.3058,0.3259,0.2713,0.2363,0.0651,0.0837,0.2884,0.2779,28,149,-0.240,-0.069
2025-07-18,777100,0.3258,0.3410,0.1629,0.2503,0.1061,0.0845,0.2623,0.2854,122,164,-0.097,0.509
2025-07-18,777101,0.3365,0.3667,0.2317,0.1849,0.1097,0.0979,0.2739,0.2725,56,139,0.086,0.465
2025-07-18,777102,0.3112,0.3557,0.2082,0.1998,0.0777,0.0682,0.2747,0.2773,130,133,0.396,0.033
2025-07-18,777103,0.3199,0.2880,0.2059,0.2689,0.0731,0.0790,0.2798,0.2984,68,68,0.322,0.088
2025-07-18,777105,0.2780,0.3021,0.2114,0.2590,0.1010,0.0995,0.2793,0.3082,153,70,0.383,0.022
2025-07-18,777106,,0.2996,,0.2715,,0.0634,,0.2984,,106,,0.611
2025-07-18,777107,0.3803,0.3394,0.1790,0.2007,0.0978,0.1012,0.2608,0.2710,119,159,-0.205,-0.112
2025-07-18,777108,0.2995,0.3289,0.2135,0.2427,0.1146,0.0898,0.2918,0.2876,105,175,-0.210,0.300
2025-07-18,777109,0.3235,0.3676,0.2221,0.2063,0.0972,0.0766,0.2861,0.2640,143,80,0.341,-0.087
2025-07-18,777110,0.3209,0.3330,0.2772,0.2807,0.1410,0.0915,0.3008,0.2819,147,149,1.004,0.331
2025-07-18,777111,0.3233,0.3059,0.2517,0.2561,0.0964,0.1170,0.3022,0.2918,134,76,0.356,0.412
2025-07-18,777112,0.3139,0.3016,0.2898,0.2198,0.0803,0.0862,0.2969,0.2910,163,71,-0.071,0.110
2025-07-18,777114,,0.3329,,0.2420,,0.0839,,0.2969,,56,,0.611
2025-07-19,777080,0.3408,0.3644,0.2325,0.1727,0.0970,0.0748,0.2843,0.2628,44,97,-0.145,0.287
2025-07-19,777081,0.2869,0.3185,0.3013,0.2223,0.0604,0.0902,0.3161,0.2650,137,103,0.246,0.549
2025-07-19,777085,0.3014,0.3344,0.2504,0.2156,0.0995,0.0830,0.2702,0.2662,158,9,-0.205,-0.279
2025-07-19,777086,0.3764,0.2950,0.1971,0.2175,0.1687,0.0701,0.2837,0.2987,51,36,0.251,0.510
2025-07-19,777088,0.3173,0.3642,0.1908,0.2084,0.0990,0.0619,0.2735,0.2939,75,58,0.058,0.436
2025-07-19,777089,0.3386,0.3302,0.2528,0.2117,0.0927,0.1022,0.2919,0.2561,181,80,0.200,0.088
2025-07-19,777090,0.3482,0.3314,0.1709,0.2439,0.0923,0.1052,0.2537,0.2926,54,42,0.139,0.311
2025-07-19,777091,0.2973,0.3714,0.2339,0.2105,0.0879,0.1086,0.2899,0.2627,44,173,0.345,0.221
2025-07-19,777092,0.3015,0.3047,0.2097,0.2165,0.0874,0.1140,0.2966,0.2923,113,78,0.221,-0.571
2025-07-19,777093,0.2782,0.3121,0.2063,0.2037,0.0686,0.0914,0.2723,0.2574,137,143,0.062,0.054
2025-07-19,777094,0.3026,0.2764,0.2641,0.2542,0.0707,0.0747,0.3103,0.2964,168,30,0.514,0.184
2025-07-19,777095,0.3012,0.3310,0.1958,0.2449,0.0745,0.0722,0.2798,0.2948,132,149,-0.041,0.548
2025-07-19,777096,0.3340,0.2959,0.2288,0.2467,0.1201,0.0684,0.2866,0.2832,146,111,0.221,0.232
2025-07-19,777097,0.3384,0.3312,0.2678,0.2276,0.1189,0.1183,0.2926,0.2804,108,4,0.715,0.118
2025-07-19,777104,0.3204,0.3458,0.2256,0.1757,0.0998,0.1039,0.2734,0.2573,156,126,-0.245,0.386
2025-07-20,777067,0.2983,0.3085,0.2658,0.2408,0.0860,0.0675,0.3052,0.2953,160,131,0.566,0.064
2025-07-20,777070,0.3377,0.3516,0.2088,0.1652,0.1413,0.1176,0.2753,0.2697,135,65,0.563,0.195
2025-07-20,777071,0.3499,0.3757,0.1896,0.2365,0.0668,0.1112,0.2821,0.2816,166,126,0.004,0.559
2025-07-20,777072,0.2932,0.3694,0.3071,0.1784,0.0786,0.0970,0.2946,0.2445,130,92,0.731,-0.258
2025-07-20,777073,0.2719,0.3183,0.2531,0.2255,0.0660,0.1018,0.3057,0.2787,142,6,-0.132,0.029
2025-07-20,777074,0.3257,0.3336,0.2549,0.2204,0.1043,0.0912,0.2916,0.2934,131,152,0.390,0.298
2025-07-20,777075,0.2720,0.3681,0.3664,0.1841,0.0595,0.1085,0.3235,0.2859,150,48,0.158,0.380
2025-07-20,777076,0.2955,0.3150,0.2408,0.2322,0.0804,0.0901,0.2957,0.2781,88,152,0.892,0.024
2025-07-20,777077,0.3177,0.3183,0.2851,0.2741,0.0846,0.0975,0.2936,0.2724,147,163,0.352,0.174
2025-07-20,777078,0.3198,0.2872,0.2115,0.2532,0.1057,0.0931,0.2862,0.2780,138,120,0.227,-0.018
2025-07-20,777079,0.3064,0.3259,0.2570,0.2486,0.1296,0.0907,0.2909,0.2947,101,164,-0.082,0.149
2025-07-20,777082,0.2950,0.3029,0.2436,0.2263,0.0868,0.0724,0.3043,0.2767,75,19,0.000,-0.278
2025-07-20,777083,0.3558,0.2928,0.1683,0.2988,0.1068,0.0887,0.2768,0.3236,112,90,0.127,0.249
2025-07-20,777084,0.3195,0.3317,0.2172,0.2358,0.1300,0.1189,0.2997,0.2730,102,121,0.551,0.569
2025-07-20,777087,0.2875,0.2786,0.2288,0.2490,0.0968,0.0966,0.2858,0.2954,129,113,0.471,0.395
2025-07-21,777050,0.3173,0.3090,0.2668,0.2504,0.0854,0.0928,0.2967,0.2884,7,129,-0.125,0.518
2025-07-21,777051,0.3004,0.3002,0.2617,0.2389,0.0848,0.0850,0.2882,0.2869,66,19,0.022,-0.021
2025-07-21,777053,0.3491,0.3663,0.1969,0.2059,0.0931,0.0772,0.2749,0.2676,19,115,0.195,-0.076
2025-07-21,777055,0.3036,0.3420,0.2166,0.2351,0.0665,0.1147,0.2885,0.2937,41,162,0.009,0.697
2025-07-21,777057,0.3070,0.3357,0.2236,0.2136,0.1378,0.1255,0.2888,0.2551,47,89,0.270,0.141
2025-07-21,777059,0.3914,0.2856,0.2512,0.2410,0.1534,0.0974,0.2849,0.2782,87,110,0.102,-0.027
2025-07-21,777060,0.3144,0.2525,0.2858,0.2990,0.0793,0.0683,0.3126,0.3213,143,126,0.351,0.573
2025-07-21,777061,0.3381,0.3120,0.2135,0.2249,0.0950,0.0940,0.3018,0.2701,171,60,-0.009,0.372
2025-07-21,777062,0.3236,0.2874,0.1563,0.2486,0.1104,0.0991,0.2549,0.2880,135,28,0.158,-0.159
2025-07-21,777063,0.3641,0.2602,0.1832,0.2811,0.1239,0.0575,0.2496,0.2911,128,140,0.534,0.932
2025-07-21,777064,0.3242,0.3685,0.2543,0.2085,0.1103,0.1104,0.3106,0.2728,155,180,0.529,0.783
2025-07-21,777065,0.2895,0.3142,0.2296,0.2339,0.0838,0.0994,0.3051,0.2804,44,10,0.331,-0.156
2025-07-21,777066,0.3215,0.3389,0.2585,0.2257,0.0715,0.0957,0.3097,0.2922,165,157,-0.241,-0.030
2025-07-21,777068,0.3699,0.2979,0.1879,0.2783,0.0819,0.0798,0.2621,0.3034,83,154,-0.054,0.976
2025-07-21,777069,0.3086,0.3692,0.2453,0.2077,0.1045,0.1153,0.2820,0.2869,73,95,0.240,0.043
2025-07-22,777035,0.3162,0.2853,0.2931,0.3048,0.0990,0.0744,0.2987,0.3039,18,127,0.569,0.915
2025-07-22,777039,0.2848,0.2991,0.2332,0.2573,0.1144,0.1109,0.2615,0.2928,130,127,-0.046,0.479
2025-07-22,777040,0.3099,0.3199,0.2441,0.2530,0.1034,0.0768,0.2974,0.2795,150,95,0.150,0.194
2025-07-22,777042,0.3256,0.3199,0.2733,0.2484,0.1090,0.1038,0.2919,0.2903,20,24,0.542,0.174
2025-07-22,777043,0.3244,0.2800,0.2372,0.2414,0.1110,0.0604,0.2853,0.3148,33,78,0.008,0.244
2025-07-22,777044,0.3285,0.3282,0.2162,0.2304,0.0910,0.0955,0.2816,0.2935,122,159,0.061,0.265
2025-07-22,777045,0.3607,0.3265,0.1909,0.2336,0.1354,0.0721,0.2655,0.2895,47,155,0.237,-0.147
2025-07-22,777046,0.3142,0.3320,0.2479,0.2399,0.1050,0.0965,0.2894,0.3091,4,43,0.304,0.026
2025-07-22,777047,,0.2813,,0.2744,,0.0752,,0.2857,,98,,0.648
2025-07-22,777048,0.3413,0.3107,0.1949,0.2202,0.0919,0.0667,0.2757,0.2728,85,86,0.105,0.366
2025-07-22,777049,0.3594,0.3680,0.1934,0.1908,0.1041,0.1090,0.2735,0.2542,168,42,0.185,0.377
2025-07-22,777052,0.3000,0.3177,0.2351,0.2836,0.0793,0.0970,0.2712,0.2989,50,114,0.005,-0.071
2025-07-22,777054,0.2973,0.3336,0.1991,0.2225,0.0849,0.1241,0.2957,0.2702,132,94,-0.026,0.153
2025-07-22,777056,0.3105,0.3260,0.2007,0.2114,0.0800,0.0787,0.2786,0.2867,24,33,0.294,0.199
2025-07-22,777058,0.3346,0.3286,0.2092,0.2065,0.0886,0.1019,0.2993,0.2709,90,24,0.396,0.065
2025-07-23,777022,0.3234,0.2834,0.2088,0.2780,0.0791,0.0770,0.2717,0.3018,139,71,0.418,0.092
2025-07-23,777024,0.3124,0.3234,0.2242,0.2365,0.0713,0.0867,0.2898,0.2787,71,153,0.341,-0.050
2025-07-23,777026,0.3262,0.3030,0.2466,0.2148,0.0944,0.0841,0.3022,0.2890,138,74,0.362,0.136
2025-07-23,777027,0.3278,0.3299,0.2009,0.2386,0.1054,0.0882,0.2651,0.2885,157,179,0.221,0.316
2025-07-23,777028,0.3246,0.3378,0.1594,0.2118,0.1037,0.0831,0.2628,0.2724,126,38,-0.082,0.085
2025-07-23,777029,,0.3469,,0.1945,,0.1024,,0.2693,,166,,-0.063
2025-07-23,777030,0.3747,0.3340,0.1760,0.2815,0.0961,0.0901,0.2585,0.2803,122,152,-0.215,0.348
2025-07-23,777031,0.3391,0.3613,0.2157,0.1921,0.0943,0.0964,0.2847,0.2738,149,142,0.330,0.444
2025-07-23,777032,0.2960,0.3398,0.2843,0.2459,0.0627,0.0829,0.2937,0.2851,31,168,-0.173,0.518
2025-07-23,777033,0.2760,0.3185,0.2167,0.2250,0.1036,0.0713,0.2798,0.2714,157,149,0.369,0.228
2025-07-23,777034,0.3170,0.2992,0.2342,0.2721,0.0924,0.1143,0.2860,0.2972,2,79,,0.432
2025-07-23,777036,0.3217,0.3085,0.2205,0.2532,0.0491,0.0970,0.2843,0.3099,125,73,0.232,0.023
2025-07-23,777037,0.3097,0.3752,0.2992,0.1991,0.0792,0.0807,0.2987,0.2636,166,85,-0.056,-0.136
2025-07-23,777038,0.3537,0.2976,0.2266,0.2726,0.1196,0.0622,0.2715,0.3015,63,109,0.075,0.592
2025-07-23,777041,0.2978,0.3245,0.2085,0.2506,0.1177,0.0809,0.2890,0.2968,109,60,-0.185,0.629
2025-07-24,777018,0.2993,0.3387,0.2144,0.2476,0.0756,0.0948,0.3020,0.2892,42,186,0.660,0.194
2025-07-24,777019,0.3325,0.3444,0.2741,0.1781,0.1416,0.1022,0.3015,0.2589,153,129,1.005,0.326
2025-07-24,777021,0.2696,0.3034,0.2674,0.2582,0.0722,0.0924,0.2956,0.3087,33,101,0.285,0.269
2025-07-24,777023,0.2912,0.2944,0.2366,0.2958,0.0853,0.0583,0.2870,0.3175,47,144,0.322,0.252
2025-07-24,777025,0.3201,0.3175,0.2214,0.2323,0.1024,0.1049,0.2703,0.2843,160,4,-0.228,
2025-07-25,777004,0.3024,0.3039,0.2189,0.2595,0.1114,0.0737,0.2930,0.3076,81,172,-0.541,0.524
2025-07-25,777005,0.3161,0.3525,0.2891,0.1924,0.0829,0.0691,0.2943,0.2818,151,173,0.371,0.005
2025-07-25,777006,0.3075,0.3195,0.2409,0.2122,0.0661,0.1035,0.2976,0.2883,135,142,0.089,0.202
2025-07-25,777007,0.3229,0.3169,0.2213,0.2330,0.1253,0.1055,0.3002,0.2873,108,51,0.527,0.292
2025-07-25,777008,0.3092,0.2962,0.2007,0.2548,0.0900,0.0976,0.2564,0.2749,146,162,0.088,-0.192
2025-07-25,777009,0.3177,0.3421,0.2473,0.2277,0.1127,0.0820,0.2945,0.2927,7,139,0.414,0.349
2025-07-25,777010,0.3274,0.2774,0.2428,0.2021,0.1169,0.0671,0.2757,0.2732,124,141,0.585,0.096
2025-07-25,777011,0.3237,0.3363,0.2678,0.2401,0.1023,0.1015,0.2734,0.2889,172,49,0.164,-0.084
2025-07-25,777012,0.3256,0.3406,0.2204,0.2280,0.0793,0.1172,0.2685,0.2857,12,151,-0.179,0.243
2025-07-25,777013,0.3346,0.3050,0.2427,0.2126,0.0701,0.0895,0.2925,0.2931,155,120,0.562,0.237
2025-07-25,777014,0.3131,0.3263,0.2242,0.2464,0.0885,0.1020,0.2656,0.2975,106,45,0.550,0.298
2025-07-25,777015,0.3359,0.3328,0.2127,0.2747,0.0992,0.1167,0.2577,0.2950,84,111,0.082,0.705
2025-07-25,777016,0.3283,0.3119,0.2442,0.1938,0.0891,0.0967,0.2946,0.2764,168,78,0.155,0.066
2025-07-25,777017,0.2951,0.3506,0.2524,0.1650,0.0668,0.0891,0.2850,0.2519,115,58,0.246,0.144
2025-07-25,777020,0.3566,0.2967,0.1947,0.2030,0.0714,0.0732,0.2736,0.2823,138,135,0.041,-0.061
2025-07-26,776985,0.2778,0.3094,0.2419,0.2567,0.0939,0.1264,0.2958,0.2882,118,105,0.392,-0.074
2025-07-26,776990,0.2977,0.2961,0.2695,0.2347,0.0773,0.0908,0.3020,0.3001,161,80,1.019,-0.008
2025-07-26,776991,0.3043,0.2949,0.2334,0.2744,0.1418,0.0844,0.2883,0.3082,51,164,0.308,0.577
2025-07-26,776992,0.3243,0.3528,0.1531,0.2363,0.1081,0.0866,0.2513,0.2952,139,96,0.174,0.432
2025-07-26,776993,0.3080,0.3599,0.2854,0.2096,0.0846,0.0679,0.3207,0.2932,97,62,0.228,0.397
2025-07-26,776994,0.3705,0.3235,0.1773,0.2560,0.1045,0.1026,0.2852,0.2895,52,134,0.425,0.394
2025-07-26,776995,0.3061,0.3389,0.2464,0.2150,0.0913,0.0937,0.2891,0.3021,132,174,0.536,-0.027
2025-07-26,776996,0.3034,0.3335,0.2178,0.2157,0.0818,0.1391,0.2737,0.2784,22,138,-0.330,0.568
2025-07-26,776997,0.3714,0.2897,0.2077,0.3058,0.1071,0.0769,0.2607,0.2956,176,134,0.245,0.715
2025-07-26,776998,0.3501,0.2744,0.1664,0.3641,0.1130,0.0583,0.2724,0.3237,70,154,0.191,0.135
2025-07-26,776999,0.3622,0.3010,0.1693,0.2313,0.0733,0.0902,0.2630,0.2904,100,94,0.280,0.838
2025-07-26,777000,0.3117,0.2842,0.2325,0.2303,0.0884,0.0952,0.2802,0.2873,156,132,0.024,0.489
2025-07-26,777001,0.2944,0.3545,0.2571,0.1644,0.1013,0.1043,0.2757,0.2745,125,116,-0.033,0.139
2025-07-26,777002,0.3793,0.3470,0.2302,0.2133,0.1134,0.0928,0.2802,0.2911,131,159,0.560,0.258
2025-07-26,777003,0.3351,0.2710,0.2316,0.2578,0.0943,0.0647,0.2934,0.3059,160,146,-0.019,-0.131
2025-07-27,776974,0.3119,0.3057,0.2255,0.2478,0.0990,0.0894,0.2723,0.2866,64,4,0.323,
2025-07-27,776975,0.3203,0.2812,0.2130,0.2417,0.0858,0.0815,0.2920,0.3060,37,47,0.217,0.352
2025-07-27,776976,0.3248,0.3025,0.2298,0.2043,0.1179,0.0628,0.2854,0.2866,36,47,0.049,0.017
2025-07-27,776977,0.2807,0.2928,0.3158,0.2011,0.0732,0.0836,0.3077,0.2993,130,135,0.924,-0.046
2025-07-27,776978,0.2887,0.3039,0.2376,0.2551,0.0948,0.0817,0.2794,0.2920,32,10,-0.074,-0.261
2025-07-27,776979,0.3663,0.2977,0.2050,0.2403,0.1086,0.0867,0.2737,0.2793,184,6,0.764,-0.431
2025-07-27,776980,0.2954,0.3416,0.2402,0.1871,0.0752,0.0886,0.2800,0.2692,56,23,-0.020,0.160
2025-07-27,776981,0.3676,0.3317,0.1999,0.2145,0.1172,0.1287,0.2802,0.2569,101,93,0.101,0.169
2025-07-27,776982,0.2847,0.3269,0.2411,0.2496,0.0952,0.1153,0.2758,0.3075,114,163,0.048,0.506
2025-07-27,776983,0.3477,0.3607,0.2170,0.1793,0.1032,0.1213,0.2753,0.2503,73,132,0.675,0.533
2025-07-27,776984,0.3405,0.2525,0.2363,0.2995,0.1132,0.0672,0.2926,0.3236,165,129,0.695,0.577
2025-07-27,776986,0.3615,0.3866,0.2001,0.1857,0.0750,0.0848,0.2658,0.2637,120,90,-0.064,-0.003
2025-07-27,776987,0.3462,0.3097,0.2358,0.2933,0.0912,0.0774,0.3065,0.3138,49,148,0.165,0.327
2025-07-27,776988,0.2598,0.3185,0.2804,0.2551,0.0564,0.0706,0.2890,0.3095,144,168,0.939,-0.230
2025-07-27,776989,0.3425,0.3122,0.2409,0.2358,0.1103,0.0908,0.2988,0.2819,88,3,0.015,-0.048
2025-07-28,776957,0.3228,0.2744,0.2413,0.2172,0.0852,0.1018,0.2803,0.2823,157,161,-0.041,0.380
2025-07-28,776958,0.2842,0.3577,0.2486,0.1595,0.0587,0.0864,0.3206,0.2646,82,120,0.257,0.579
2025-07-28,776959,0.3347,0.3115,0.2231,0.3000,0.1210,0.0858,0.2716,0.3004,98,172,0.173,-0.054
2025-07-28,776960,0.3177,0.3243,0.2788,0.1559,0.0954,0.1016,0.2970,0.2629,117,130,-0.071,-0.077
2025-07-28,776961,0.3534,0.2806,0.1966,0.2347,0.1272,0.1127,0.2704,0.2632,54,133,0.187,0.016
2025-07-28,776964,0.3271,,0.2307,,0.0938,,0.2942,,163,,0.255,
2025-07-28,776965,0.2786,0.3065,0.2692,0.3068,0.0739,0.0954,0.2859,0.2989,101,21,0.652,0.679
2025-07-28,776966,0.3278,0.3210,0.2356,0.2168,0.0872,0.0484,0.2888,0.2827,182,128,0.297,0.228
2025-07-28,776967,0.2946,0.3149,0.2637,0.2753,0.1092,0.1051,0.2917,0.2967,130,23,0.499,0.545
2025-07-28,776968,0.3635,0.3099,0.1835,0.2475,0.1144,0.1024,0.2536,0.3105,46,76,0.341,0.025
2025-07-28,776969,0.3200,0.3089,0.2397,0.2395,0.1003,0.1015,0.2842,0.2969,27,154,0.197,0.144
2025-07-28,776970,0.3050,0.3188,0.2292,0.2551,0.0654,0.1104,0.2792,0.3032,89,10,0.386,0.494
2025-07-28,776971,0.3282,0.3210,0.2465,0.2285,0.0931,0.1035,0.2923,0.2791,66,5,0.599,0.305
2025-07-28,776972,0.3234,0.3360,0.2349,0.1977,0.0711,0.0900,0.2905,0.2738,158,88,-0.144,0.154
2025-07-28,776973,0.3131,0.3390,0.2528,0.2165,0.0749,0.0895,0.2788,0.2771,99,4,0.223,
2025-07-29,776943,0.3430,0.3017,0.1963,0.2070,0.1012,0.1309,0.2693,0.2868,169,115,-0.089,-0.154
2025-07-29,776944,0.2991,0.3165,0.2043,0.2264,0.0722,0.1007,0.2973,0.2719,47,164,0.682,-0.242
2025-07-29,776945,0.3168,0.3385,0.2218,0.2467,0.0704,0.0970,0.2706,0.2897,152,191,0.231,0.218
2025-07-29,776946,0.3689,0.2970,0.2018,0.2969,0.0792,0.0567,0.2640,0.3178,88,150,-0.107,0.206
2025-07-29,776947,0.2929,0.2779,0.2874,0.2608,0.1120,0.0841,0.3042,0.3065,82,20,0.433,0.332
2025-07-29,776949,0.3134,0.3285,0.2546,0.2027,0.1295,0.1040,0.2876,0.2657,31,160,-0.310,0.234
2025-07-29,776950,0.3028,0.3175,0.2101,0.2333,0.0824,0.0989,0.2889,0.2899,77,8,0.176,0.049
2025-07-29,776951,0.3411,0.3543,0.2112,0.1760,0.0987,0.1032,0.2704,0.2597,43,137,0.095,0.316
2025-07-29,776952,0.2959,0.3833,0.2736,0.1844,0.0612,0.0922,0.3052,0.2609,112,130,0.595,-0.194
2025-07-29,776953,0.3383,0.3285,0.2460,0.2211,0.0859,0.0886,0.2817,0.2852,172,127,0.533,0.056
2025-07-29,776954,0.3740,,0.2220,,0.1210,,0.2691,,70,,0.074,
2025-07-29,776955,0.3633,0.3372,0.1944,0.2163,0.1024,0.0926,0.2735,0.2856,172,153,0.196,0.302
2025-07-29,776956,0.3617,0.3084,0.1865,0.2265,0.0937,0.0698,0.2715,0.2930,148,74,0.444,0.325
2025-07-29,776962,0.2686,0.3188,0.2563,0.1916,0.0694,0.0765,0.2963,0.2754,37,28,0.238,0.317
2025-07-29,776963,0.2821,0.3259,0.2771,0.2478,0.0823,0.0931,0.2991,0.3027,75,141,0.146,0.364
2025-07-30,776929,0.3044,0.2994,0.2523,0.2580,0.0640,0.1000,0.2822,0.2769,123,167,0.243,-0.168
2025-07-30,776930,0.3112,0.3256,0.2436,0.2174,0.0692,0.1233,0.2999,0.2984,141,111,0.121,0.508
2025-07-30,776931,0.3035,0.2961,0.2100,0.2349,0.1139,0.0818,0.2866,0.2910,87,52,-0.500,0.303
2025-07-30,776932,0.3448,0.3234,0.2270,0.2129,0.0851,0.1017,0.2921,0.2897,144,146,0.373,0.207
2025-07-30,776933,0.3226,0.3053,0.2488,0.2541,0.0995,0.0723,0.3033,0.3055,48,177,0.305,0.530
2025-07-30,776934,0.3073,0.3525,0.1978,0.1891,0.0889,0.0680,0.2548,0.2801,149,177,0.105,-0.009
2025-07-30,776935,0.3373,0.3316,0.2295,0.2515,0.1157,0.0991,0.2846,0.2920,154,52,0.307,-0.114
2025-07-30,776936,0.3094,0.3147,0.2474,0.2360,0.1068,0.0911,0.2954,0.2795,11,3,0.592,0.236
2025-07-30,776937,0.3235,0.3192,0.2705,0.2446,0.1045,0.0995,0.2752,0.2896,177,58,0.163,0.434
2025-07-30,776938,0.3358,0.3312,0.2371,0.2741,0.0687,0.1199,0.2906,0.2950,160,115,0.562,0.709
2025-07-30,776939,0.3333,0.3433,0.2137,0.2387,0.0968,0.0894,0.2579,0.2964,88,40,0.101,-0.426
2025-07-30,776940,0.3129,0.3269,0.2202,0.2037,0.0871,0.0773,0.2646,0.2712,109,144,0.542,0.373
2025-07-30,776941,0.3129,0.3019,0.2484,0.2134,0.0803,0.0877,0.2885,0.2917,24,124,-0.074,0.241
2025-07-30,776942,0.3640,0.3089,0.1889,0.2222,0.0744,0.1006,0.2685,0.2829,144,15,0.071,0.223
2025-07-30,776948,0.3276,0.2973,0.2399,0.1979,0.0920,0.0716,0.2927,0.2833,172,140,0.144,-0.077
2025-07-31,776923,0.3653,0.3031,0.2077,0.2529,0.0805,0.0900,0.2880,0.2911,68,135,0.438,0.521
2025-07-31,776927,0.3064,0.3531,0.2283,0.1589,0.0869,0.1009,0.2801,0.2720,160,122,0.026,0.138
2025-07-31,776928,0.2861,0.2847,0.2558,0.2319,0.0946,0.0939,0.2811,0.2887,72,135,0.293,0.497
2025-08-01,776906,0.3490,0.3124,0.2366,0.2897,0.0908,0.0819,0.2966,0.2938,100,154,0.428,0.354
2025-08-01,776908,0.3282,0.2789,0.2104,0.3160,0.1263,0.0721,0.2583,0.3064,96,133,0.151,0.915
2025-08-01,776913,0.3069,0.2949,0.2958,0.2609,0.0757,0.1041,0.3117,0.2754,153,130,0.318,-0.044
2025-08-01,776914,0.3113,0.3063,0.2517,0.2320,0.0910,0.1531,0.2971,0.2847,3,56,,0.232
2025-08-01,776915,0.2952,0.3697,0.2396,0.1798,0.0886,0.1098,0.2960,0.2820,97,56,0.837,0.424
2025-08-01,776916,0.3325,0.3380,0.2266,0.2105,0.1292,0.0919,0.2739,0.3006,85,179,0.601,0.007
2025-08-01,776917,0.3321,0.3738,0.2114,0.2051,0.1414,0.1059,0.2753,0.2600,142,179,0.561,0.234
2025-08-01,776918,0.3463,0.2875,0.1614,0.2442,0.1172,0.0921,0.2678,0.2821,74,120,0.140,0.035
2025-08-01,776919,0.3428,0.3635,0.2139,0.1642,0.0913,0.0833,0.2901,0.2604,163,105,0.245,0.300
2025-08-01,776920,0.2745,0.3313,0.2089,0.2330,0.0663,0.0931,0.2751,0.2925,144,163,0.106,-0.023
2025-08-01,776921,0.3731,0.3273,0.1975,0.2496,0.1302,0.1178,0.2803,0.3092,108,167,0.068,0.511
2025-08-01,776922,0.2946,0.3316,0.2716,0.1913,0.0910,0.0784,0.3065,0.2816,170,44,0.584,0.068
2025-08-01,776924,0.2919,0.3226,0.3097,0.2442,0.0806,0.1152,0.2935,0.2763,138,127,0.719,0.602
2025-08-01,776925,0.3152,0.2901,0.2604,0.2309,0.0697,0.0783,0.3114,0.2777,171,26,-0.247,-0.287
2025-08-01,776926,0.3123,0.2819,0.2492,0.2366,0.1287,0.0974,0.2875,0.2943,110,122,-0.061,0.384
2025-08-02,776896,0.3431,0.3225,0.1744,0.1557,0.0940,0.1066,0.2626,0.2550,29,142,0.302,0.175
2025-08-02,776897,0.3776,0.3222,0.2318,0.2425,0.1118,0.0841,0.2788,0.2803,134,160,0.565,-0.044
2025-08-02,776898,0.3218,0.2921,0.2622,0.2031,0.1012,0.0824,0.2930,0.2985,137,138,0.395,-0.051
2025-08-02,776899,0.3417,0.3161,0.2332,0.2329,0.1118,0.1144,0.2909,0.2891,168,39,0.679,0.029
2025-08-02,776900,0.2836,0.3396,0.2377,0.2474,0.0861,0.0888,0.3039,0.3096,53,52,0.254,0.124
2025-08-02,776901,0.3063,0.3106,0.2654,0.2302,0.0968,0.0749,0.3085,0.2821,57,97,-0.032,0.390
2025-08-02,776902,0.3829,0.2813,0.1862,0.2627,0.0886,0.0842,0.2629,0.2824,95,105,-0.052,0.647
2025-08-02,776903,0.3133,0.3659,0.2481,0.2025,0.0885,0.1073,0.2917,0.2736,16,187,-0.212,0.763
2025-08-02,776904,0.2514,0.3579,0.3036,0.1957,0.0711,0.0789,0.3256,0.2630,133,124,0.558,-0.072
2025-08-02,776905,0.3323,0.2947,0.2140,0.2703,0.0741,0.0763,0.2921,0.3017,147,164,0.570,0.999
2025-08-02,776907,,0.3134,,0.2824,,0.0992,,0.2948,,28,,0.502
2025-08-02,776909,0.3085,0.3617,0.2130,0.1807,0.0601,0.1240,0.2909,0.2520,52,136,0.040,0.506
2025-08-02,776910,0.3477,0.2956,0.2449,0.2277,0.1393,0.0909,0.2984,0.2781,17,36,0.368,-0.138
2025-08-02,776911,,0.3164,,0.2185,,0.1038,,0.2706,,68,,0.358
2025-08-02,776912,0.2676,0.2583,0.2589,0.2812,0.0638,0.0556,0.3093,0.2896,149,147,-0.130,0.939
2025-08-03,776881,0.3109,,0.2452,,0.0787,,0.2752,,104,,0.210,
2025-08-03,776883,0.2782,0.2997,0.2643,0.2060,0.0575,0.0786,0.3191,0.2996,85,51,0.256,0.655
2025-08-03,776884,0.3235,0.3075,0.1587,0.3089,0.1000,0.0847,0.2659,0.3030,133,175,-0.078,-0.037
2025-08-03,776885,0.3868,0.3572,0.2494,0.1616,0.1484,0.0900,0.2818,0.2660,92,124,0.094,0.598
2025-08-03,776886,0.3285,0.3546,0.2291,0.1877,0.0958,0.1113,0.2930,0.2547,169,49,0.270,0.324
2025-08-03,776887,0.3331,0.3355,0.2322,0.2190,0.0895,0.1188,0.2848,0.2699,4,101,,0.180
2025-08-03,776888,0.3177,0.3574,0.2007,0.1830,0.0928,0.0919,0.2793,0.2717,34,152,0.216,0.451
2025-08-03,776889,0.2982,0.3150,0.2557,0.2438,0.1110,0.1345,0.2927,0.2832,136,35,0.501,-0.254
2025-08-03,776890,0.3302,0.3272,0.2674,0.2318,0.1450,0.0702,0.3015,0.2901,162,161,0.941,-0.141
2025-08-03,776891,0.3119,0.3181,0.2217,0.2727,0.1617,0.0988,0.2704,0.2935,76,121,-0.122,-0.047
2025-08-03,776892,0.3218,0.3191,0.2015,0.2026,0.1028,0.0914,0.2789,0.2934,35,42,0.050,0.119
2025-08-03,776893,0.3465,0.3248,0.2123,0.2399,0.0955,0.0858,0.2835,0.2881,157,186,0.297,0.289
2025-08-03,776894,0.2817,0.3114,0.3037,0.2318,0.0795,0.0970,0.3077,0.2838,12,30,0.526,0.222
2025-08-03,776895,0.3065,0.3746,0.2455,0.2212,0.1001,0.1239,0.2967,0.2711,157,75,0.144,0.096
2025-08-04,776867,0.3505,0.3384,0.1608,0.2428,0.0952,0.0955,0.2490,0.2880,61,195,0.134,0.222
2025-08-04,776870,0.2989,0.2785,0.2946,0.2783,0.0600,0.0805,0.3162,0.2981,155,78,0.219,0.178
2025-08-04,776871,0.3255,0.3154,0.2061,0.2294,0.1013,0.0776,0.2668,0.2704,166,158,0.241,0.235
2025-08-04,776872,0.2708,0.3402,0.2586,0.2086,0.0672,0.1024,0.2988,0.2687,40,49,0.237,0.041
2025-08-04,776873,0.2707,0.3370,0.2233,0.2460,0.1005,0.0844,0.2855,0.2783,164,176,0.376,0.521
2025-08-04,776874,,0.3298,,0.2234,,0.0957,,0.2837,,134,,0.088
2025-08-04,776875,0.3141,0.3642,0.2480,0.2030,0.0934,0.0837,0.2920,0.2628,12,92,0.193,-0.136
2025-08-04,776876,0.3113,0.3012,0.2421,0.2776,0.1002,0.1082,0.3083,0.2997,79,87,0.067,0.428
2025-08-04,776877,0.3240,0.3033,0.2699,0.2644,0.0985,0.0647,0.2968,0.3014,94,118,0.316,0.628
2025-08-04,776878,0.3211,0.3021,0.2588,0.2026,0.0917,0.0865,0.3088,0.2776,144,82,0.374,0.126
2025-08-04,776879,0.2997,,0.2091,,0.1286,,0.2853,,118,,-0.167,
2025-08-04,776880,0.3431,0.3382,0.1971,0.2252,0.1080,0.1181,0.2689,0.2843,173,158,-0.090,0.308
2025-08-04,776882,0.3041,0.3649,0.2215,0.1945,0.0683,0.1002,0.2896,0.2743,77,177,0.338,0.213
2025-08-05,776848,0.3102,0.3207,0.2266,0.2184,0.0845,0.1044,0.2833,0.2928,166,150,0.034,0.208
2025-08-05,776852,0.2902,0.3174,0.2354,0.2196,0.0788,0.0845,0.2957,0.2621,56,114,0.307,0.531
2025-08-05,776854,0.3358,0.3255,0.2381,0.2221,0.0896,0.0917,0.2923,0.2772,178,2,0.133,
2025-08-05,776855,0.3314,0.3401,0.2680,0.2285,0.1171,0.0838,0.2928,0.2907,119,147,0.721,0.386
2025-08-05,776857,0.3294,0.3098,0.2136,0.2462,0.0882,0.0671,0.2805,0.3003,91,147,0.202,0.113
2025-08-05,776858,0.3542,0.3231,0.1893,0.2319,0.0666,0.1003,0.2789,0.2631,182,17,0.003,-0.178
2025-08-05,776860,0.3366,0.3045,0.2339,0.2629,0.0677,0.0626,0.2882,0.2825,163,127,0.552,0.228
2025-08-05,776861,0.3278,0.3275,0.2535,0.2007,0.0964,0.0761,0.2929,0.2689,55,147,-0.121,0.364
2025-08-05,776862,0.3238,0.3079,0.2243,0.1950,0.1023,0.0875,0.2797,0.2568,2,152,,0.083
2025-08-05,776863,0.3528,0.3067,0.1733,0.2082,0.1016,0.1158,0.2605,0.2873,140,93,0.284,-0.431
2025-08-05,776864,0.2702,0.2846,0.2754,0.3587,0.0810,0.0568,0.3007,0.3250,23,160,0.402,0.130
2025-08-05,776865,0.3164,0.3212,0.2345,0.2691,0.1028,0.1022,0.2755,0.2769,169,182,-0.255,0.175
2025-08-05,776866,0.3040,0.3151,0.2581,0.2600,0.0751,0.0966,0.3058,0.3028,181,51,0.529,0.299
2025-08-05,776868,0.2967,0.3309,0.1940,0.2080,0.0701,0.0941,0.2830,0.2565,144,92,-0.078,0.089
2025-08-05,776869,0.3063,0.3066,0.2599,0.2474,0.1016,0.1008,0.2772,0.2890,173,15,-0.166,0.686
2025-08-06,776836,0.3305,0.3639,0.2388,0.1836,0.0918,0.0721,0.2956,0.2687,166,150,-0.011,-0.011
2025-08-06,776838,0.3315,0.3231,0.2753,0.2205,0.0846,0.0932,0.2922,0.2903,86,12,0.117,-0.148
2025-08-06,776839,0.3445,0.3163,0.2310,0.2570,0.0885,0.0754,0.2931,0.2935,104,29,0.407,-0.012
2025-08-06,776841,0.3811,0.3027,0.1858,0.2491,0.0953,0.0936,0.2618,0.2868,134,138,-0.183,0.518
2025-08-06,776843,0.2909,0.3392,0.2364,0.2121,0.0944,0.0906,0.2786,0.3034,126,182,0.036,-0.006
2025-08-06,776844,0.3083,0.3427,0.2507,0.2127,0.1264,0.0888,0.2877,0.2881,113,169,-0.059,0.232
2025-08-06,776845,0.3140,0.3252,0.2614,0.2128,0.0687,0.1238,0.3121,0.2582,174,99,-0.250,0.112
2025-08-06,776846,0.3179,0.2776,0.2509,0.2437,0.1132,0.0957,0.2802,0.2952,130,125,0.574,0.403
2025-08-06,776847,0.2871,0.3738,0.2262,0.1808,0.0965,0.1216,0.2876,0.2844,140,61,0.513,0.467
2025-08-06,776849,0.3148,0.2829,0.2495,0.2233,0.1081,0.0754,0.2955,0.2731,85,29,0.718,-0.272
2025-08-06,776850,0.3270,,0.2170,,0.1197,,0.2985,,116,,0.508,
2025-08-06,776851,0.2921,0.2959,0.2352,0.2569,0.0868,0.1024,0.2971,0.2756,100,133,0.803,-0.036
2025-08-06,776853,0.3304,0.3341,0.2112,0.2354,0.1379,0.0887,0.2739,0.2817,147,72,0.567,0.553
2025-08-06,776856,0.2797,0.3504,0.2088,0.2077,0.0646,0.1059,0.2767,0.2726,149,79,0.137,0.654
2025-08-06,776859,0.3140,0.3041,0.2637,0.2964,0.0893,0.0745,0.2901,0.3124,4,156,0.115,0.306
2025-08-07,776830,0.3354,0.2763,0.2244,0.3164,0.1438,0.0709,0.2747,0.3076,91,136,0.595,0.913
2025-08-07,776837,0.3014,0.3741,0.2308,0.2092,0.1466,0.1077,0.2843,0.2638,61,184,0.219,0.241
2025-08-07,776840,0.3231,0.2548,0.2595,0.3026,0.1161,0.0746,0.3147,0.3233,170,137,0.505,0.530
2025-08-07,776842,0.2983,0.2816,0.2388,0.2502,0.0971,0.0924,0.2780,0.2815,40,75,-0.161,0.284
2025-08-08,776820,0.3731,0.3115,0.1746,0.2904,0.1246,0.0806,0.2559,0.2926,143,157,0.514,0.348
2025-08-08,776821,0.3230,0.3721,0.2376,0.2385,0.0692,0.1100,0.2962,0.2797,164,137,-0.134,0.571
2025-08-08,776822,0.3698,0.2978,0.2001,0.2519,0.1078,0.0852,0.2754,0.2872,195,7,0.732,0.011
2025-08-08,776823,0.3435,0.3427,0.2390,0.1569,0.0856,0.1137,0.3080,0.2675,56,78,0.117,0.138
2025-08-08,776824,0.3052,0.3184,0.2386,0.2439,0.0734,0.0829,0.2861,0.2773,100,163,0.424,-0.051
2025-08-08,776825,0.3597,0.3421,0.2013,0.2283,0.0767,0.1093,0.2647,0.2920,129,173,-0.081,0.678
2025-08-08,776826,0.2827,0.3492,0.2567,0.1671,0.0821,0.0897,0.2827,0.2594,109,33,0.610,0.380
2025-08-08,776827,0.3450,0.2925,0.2140,0.3071,0.0941,0.0784,0.2865,0.2961,160,143,0.315,0.718
2025-08-08,776828,0.3215,0.3021,0.2180,0.2390,0.1073,0.0849,0.2695,0.2836,73,19,0.319,-0.426
2025-08-08,776829,0.3087,0.3258,0.2954,0.2305,0.0957,0.0944,0.2940,0.2944,31,172,0.517,0.275
2025-08-08,776831,0.3191,0.3854,0.2315,0.1891,0.1184,0.0868,0.2916,0.2610,44,98,0.037,-0.128
2025-08-08,776832,0.2890,0.2643,0.2002,0.2682,0.0811,0.0625,0.2978,0.3128,141,153,-0.050,-0.130
2025-08-08,776833,0.2918,0.3170,0.2756,0.2684,0.0752,0.0995,0.3023,0.2942,167,140,1.015,0.391
2025-08-08,776834,0.3202,0.3751,0.2723,0.1941,0.0966,0.1278,0.2980,0.2779,125,111,-0.044,0.057
2025-08-08,776835,0.2938,0.3505,0.2713,0.2701,0.0894,0.1322,0.3073,0.3046,174,21,0.596,0.502
2025-08-09,776802,0.3110,0.3406,0.2384,0.2336,0.0907,0.0840,0.2794,0.2817,36,8,0.258,0.204
2025-08-09,776805,0.3262,0.2924,0.2341,0.2008,0.1391,0.0764,0.2878,0.2928,39,54,-0.192,0.649
2025-08-09,776807,0.3741,0.2943,0.2150,0.3052,0.1202,0.1077,0.2674,0.3302,79,110,0.091,0.525
2025-08-09,776808,0.3237,0.2988,0.2362,0.2734,0.0884,0.0935,0.2874,0.3122,190,61,0.274,-0.034
2025-08-09,776809,0.3685,0.3106,0.1781,0.2499,0.1053,0.0822,0.2506,0.2767,55,109,0.448,0.196
2025-08-09,776810,0.2996,0.2760,0.2657,0.2707,0.0636,0.0626,0.3015,0.3178,121,89,0.634,0.272
2025-08-09,776811,0.3216,0.3270,0.2482,0.1889,0.0892,0.0971,0.2862,0.2736,4,40,-0.247,0.251
2025-08-09,776812,0.2981,0.3220,0.2208,0.2170,0.0862,0.0892,0.2952,0.2880,127,4,0.252,
2025-08-09,776813,0.3387,0.3291,0.2421,0.2628,0.0936,0.1423,0.2871,0.2975,200,166,0.234,0.927
2025-08-09,776814,0.3251,0.3804,0.2153,0.2512,0.0847,0.1454,0.3039,0.2834,50,95,0.092,0.064
2025-08-09,776815,0.3055,0.3142,0.2456,0.2140,0.0982,0.1630,0.2993,0.2646,161,81,0.148,-0.094
2025-08-09,776816,0.2888,0.3342,0.2318,0.2091,0.0837,0.0770,0.3002,0.2919,56,152,0.282,0.571
2025-08-09,776817,,0.3252,,0.2340,,0.0842,,0.2796,,81,,-0.249
2025-08-09,776818,0.3569,0.3242,0.1843,0.1607,0.0902,0.1030,0.2729,0.2655,156,137,0.451,-0.078
2025-08-09,776819,0.3671,0.3617,0.1993,0.1922,0.0820,0.0989,0.2627,0.2742,95,180,-0.152,0.205
2025-08-10,776788,0.2677,0.2789,0.2586,0.2707,0.0645,0.0781,0.2973,0.2957,44,82,0.212,0.190
2025-08-10,776789,0.3337,0.3080,0.2269,0.3068,0.1164,0.0870,0.2840,0.3016,161,180,0.334,-0.040
2025-08-10,776791,0.3423,0.3107,0.1733,0.2512,0.0928,0.0658,0.2535,0.3039,64,151,0.175,0.112
2025-08-10,776793,0.3342,0.3012,0.2595,0.2102,0.0985,0.1257,0.2753,0.2867,191,122,0.181,-0.178
2025-08-10,776794,0.3420,0.3372,0.2068,0.2452,0.0969,0.0909,0.2677,0.2791,55,181,0.044,0.508
2025-08-10,776795,0.3000,0.2952,0.2642,0.2999,0.0615,0.0591,0.2858,0.3185,130,158,0.238,0.211
2025-08-10,776796,0.2659,0.3357,0.2778,0.1898,0.0780,0.0965,0.3072,0.2750,26,41,0.435,0.123
2025-08-10,776797,0.3089,0.3228,0.2355,0.2079,0.0883,0.0999,0.2895,0.2672,16,169,0.213,0.227
2025-08-10,776798,0.3168,0.3247,0.2373,0.2134,0.0979,0.0853,0.3113,0.2783,82,96,0.079,0.266
2025-08-10,776799,0.2971,0.3051,0.2723,0.2210,0.1059,0.0728,0.2972,0.2896,90,82,0.410,0.360
2025-08-10,776800,0.2556,0.3285,0.2902,0.2269,0.0545,0.0840,0.2931,0.2690,151,165,0.935,0.235
2025-08-10,776801,0.3358,0.3163,0.2421,0.2622,0.0705,0.0939,0.2874,0.3073,168,54,0.562,0.308
2025-08-10,776803,0.3126,0.2955,0.1999,0.2512,0.0854,0.0967,0.2593,0.2885,157,18,0.067,0.814
2025-08-10,776804,,0.3294,,0.2760,,0.0959,,0.3002,,98,,0.320
2025-08-10,776806,0.3631,0.3383,0.1610,0.2242,0.0919,0.0937,0.2619,0.2842,131,138,0.607,0.093
2025-08-11,776779,0.2960,0.3181,0.2557,0.2237,0.1087,0.1071,0.2963,0.2932,140,154,0.506,0.209
2025-08-11,776780,0.2998,0.3041,0.2341,0.2581,0.0838,0.0739,0.2938,0.3063,61,185,0.315,0.522
2025-08-11,776781,0.3329,,0.1951,,0.0740,,0.2650,,153,,0.370,
2025-08-11,776782,0.2814,0.3065,0.3585,0.2510,0.0561,0.0980,0.3271,0.3024,163,17,0.189,-0.047
2025-08-11,776783,0.2995,0.3589,0.2554,0.1889,0.1002,0.0650,0.2567,0.2791,57,188,0.141,0.010
2025-08-11,776784,0.3089,0.3508,0.2520,0.1907,0.0908,0.1086,0.2987,0.2633,3,181,,-0.072
2025-08-11,776785,0.3155,0.3360,0.2204,0.2301,0.0882,0.0826,0.2636,0.2921,118,150,0.551,0.356
2025-08-11,776786,0.3469,0.3338,0.2082,0.2100,0.0912,0.1340,0.2851,0.2737,174,153,0.217,0.553
2025-08-11,776787,0.3066,0.3252,0.2281,0.2134,0.0834,0.1177,0.2818,0.2958,169,119,0.030,0.502
2025-08-11,776790,0.3251,0.3311,0.2620,0.2732,0.0932,0.1146,0.2967,0.2938,59,123,-0.146,0.725
2025-08-11,776792,0.3318,0.2875,0.2092,0.2255,0.0917,0.0990,0.2593,0.2873,96,145,0.096,0.513
2025-08-12,776762,0.2864,0.2985,0.2486,0.2252,0.0929,0.1431,0.2798,0.2858,129,64,0.012,0.196
2025-08-12,776763,0.3113,,0.2485,,0.0965,,0.2681,,20,,-0.099,
2025-08-12,776764,0.3130,0.3206,0.2250,0.2137,0.0896,0.1208,0.2877,0.2573,15,103,-0.073,0.095
2025-08-12,776767,0.3419,0.3144,0.2679,0.2479,0.0824,0.1333,0.2914,0.2857,90,119,0.183,-0.072
2025-08-12,776768,0.3383,0.3323,0.2276,0.2415,0.0984,0.0877,0.2790,0.2938,77,183,0.366,0.137
2025-08-12,776769,0.3521,0.3172,0.2075,0.2479,0.1092,0.1018,0.2781,0.2968,84,94,0.651,0.680
2025-08-12,776770,0.3735,0.2821,0.2058,0.2030,0.1101,0.0628,0.2621,0.2780,188,155,0.235,0.116
2025-08-12,776771,0.2551,0.3015,0.3016,0.2671,0.0732,0.0995,0.3214,0.2803,141,178,0.530,-0.155
2025-08-12,776772,0.3298,0.3013,0.2359,0.2172,0.0935,0.1136,0.2827,0.2923,76,96,0.538,-0.397
2025-08-12,776773,0.3018,,0.2974,,0.0725,,0.3108,,162,,0.323,
2025-08-12,776774,0.3083,0.3098,0.2520,0.2654,0.0908,0.0676,0.3024,0.3132,3,178,,-0.251
2025-08-12,776775,0.3632,0.3392,0.1848,0.2328,0.0708,0.0869,0.2716,0.2956,154,107,-0.018,0.432
2025-08-12,776776,0.2984,0.2943,0.2454,0.2010,0.0922,0.0690,0.2861,0.2857,141,147,0.504,-0.047
2025-08-12,776777,0.2932,0.3303,0.2530,0.2549,0.1008,0.1249,0.2752,0.3091,136,178,-0.010,0.513
2025-08-12,776778,0.3016,0.3554,0.2327,0.1740,0.0715,0.1089,0.2782,0.2583,34,145,-0.286,0.316
2025-08-13,776746,0.3412,0.3873,0.2277,0.2326,0.1112,0.1172,0.2898,0.2786,178,142,0.690,0.584
2025-08-13,776749,0.3117,0.3494,0.2942,0.2221,0.0837,0.1152,0.2939,0.2878,161,7,0.364,
2025-08-13,776751,0.3073,0.3345,0.2342,0.2462,0.0721,0.1211,0.2843,0.2983,103,50,0.415,0.053
2025-08-13,776752,0.3148,0.2849,0.2596,0.2120,0.0730,0.0799,0.2985,0.3019,32,144,-0.112,-0.035
2025-08-13,776753,0.3725,0.2941,0.1712,0.2667,0.1222,0.0879,0.2565,0.3034,147,178,0.504,0.596
2025-08-13,776754,0.3336,0.3309,0.2188,0.2265,0.0841,0.1410,0.2788,0.2794,8,94,0.113,0.586
2025-08-13,776755,0.3227,0.2928,0.2351,0.2516,0.0929,0.0809,0.2944,0.2885,176,23,0.279,-0.532
2025-08-13,776756,0.2772,0.2758,0.2448,0.2451,0.0904,0.0942,0.2801,0.2975,78,128,0.329,0.396
2025-08-13,776757,0.3621,0.3311,0.1910,0.2370,0.1177,0.0938,0.2904,0.2921,65,172,0.502,-0.016
2025-08-13,776758,0.3625,0.3447,0.2043,0.1706,0.0842,0.0861,0.2665,0.2591,136,37,-0.068,0.463
2025-08-13,776759,0.3769,0.3513,0.1948,0.2065,0.1049,0.0952,0.2754,0.2830,202,168,0.735,0.273
2025-08-13,776760,0.2989,0.3620,0.3045,0.2745,0.0766,0.1232,0.2964,0.3062,148,27,0.712,0.485
2025-08-13,776761,0.2726,0.2914,0.3217,0.2356,0.0699,0.0908,0.3110,0.2932,139,104,0.918,0.873
2025-08-13,776765,0.3249,0.2893,0.2401,0.2773,0.0674,0.1066,0.2934,0.3047,170,106,-0.140,-0.255
2025-08-13,776766,0.3047,0.3191,0.2370,0.2471,0.0925,0.1115,0.2767,0.2781,45,133,-0.166,0.559
2025-08-14,776742,0.3053,0.3589,0.2570,0.1774,0.0808,0.1002,0.2794,0.2500,112,61,0.201,0.437
2025-08-14,776743,0.2991,0.3147,0.2570,0.2309,0.0616,0.0982,0.2988,0.2765,127,39,0.617,0.255
2025-08-14,776744,0.2658,0.3309,0.2691,0.2061,0.0617,0.0760,0.3143,0.2906,156,155,-0.109,0.586
2025-08-14,776745,0.3156,0.2934,0.2785,0.2708,0.0951,0.0783,0.2991,0.3015,128,171,-0.045,0.972
2025-08-14,776747,0.2808,0.3468,0.2637,0.2435,0.0807,0.0897,0.2857,0.3078,112,62,0.617,0.196
2025-08-14,776748,0.3720,0.3194,0.1896,0.2115,0.1250,0.1115,0.2770,0.2695,115,77,0.047,0.360
2025-08-14,776750,0.2939,0.3787,0.2022,0.1917,0.0739,0.0852,0.2932,0.2612,58,101,0.702,-0.127
2025-08-15,776727,,0.3382,,0.1676,,0.1113,,0.2694,,81,,0.141
2025-08-15,776728,0.3232,0.2880,0.2663,0.2405,0.1097,0.0810,0.2921,0.2997,149,60,0.385,0.249
2025-08-15,776729,0.3375,0.3253,0.2419,0.2218,0.1421,0.0857,0.2849,0.3079,44,95,0.006,0.412
2025-08-15,776730,0.3400,0.3543,0.2401,0.2045,0.0891,0.1005,0.2784,0.2743,186,61,0.522,0.051
2025-08-15,776731,0.3247,0.3276,0.2079,0.1558,0.1585,0.1000,0.2642,0.2650,85,143,-0.073,-0.069
2025-08-15,776732,0.3265,0.3114,0.2657,0.2666,0.1393,0.0854,0.2972,0.2998,171,7,0.943,0.081
2025-08-15,776733,0.3478,0.3108,0.1892,0.2390,0.1021,0.1045,0.2744,0.2977,45,167,0.188,0.142
2025-08-15,776734,0.3373,0.3195,0.2421,0.2695,0.0922,0.0817,0.2889,0.2944,204,10,0.227,-0.183
2025-08-15,776735,0.2748,0.3213,0.2718,0.2372,0.0614,0.0874,0.3199,0.2856,92,193,0.274,0.283
2025-08-15,776736,0.3235,0.2950,0.2395,0.2715,0.0814,0.1032,0.2759,0.2971,167,94,-0.055,0.385
2025-08-15,776737,0.3266,0.3530,0.2333,0.1908,0.0988,0.0890,0.2923,0.2762,8,159,-0.030,0.439
2025-08-15,776738,0.3152,0.3297,0.2234,0.2094,0.1059,0.0825,0.2822,0.2999,11,53,0.238,0.117
2025-08-15,776739,0.2529,0.3358,0.2867,0.2632,0.0576,0.0970,0.2912,0.2782,157,195,0.892,0.172
2025-08-15,776740,0.3039,0.3015,0.3131,0.2213,0.1092,0.0896,0.2991,0.2936,29,131,0.669,0.258
2025-08-15,776741,0.3624,0.3761,0.2004,0.2088,0.0863,0.1169,0.2594,0.2688,99,83,-0.139,0.082
2025-08-16,776711,0.3676,0.3009,0.1676,0.2204,0.1158,0.1224,0.2526,0.2920,74,127,0.253,-0.192
2025-08-16,776712,0.3775,0.2938,0.2541,0.2382,0.1401,0.0950,0.2874,0.2750,101,131,0.098,0.389
2025-08-16,776713,0.3341,0.2962,0.2067,0.2930,0.1016,0.0623,0.2679,0.3147,175,163,0.211,0.195
2025-08-16,776715,0.3142,0.2973,0.2210,0.2550,0.0863,0.0969,0.2621,0.2614,122,61,0.576,0.112
2025-08-16,776716,0.3371,0.3271,0.2283,0.2652,0.0964,0.0887,0.2859,0.2999,143,65,0.111,-0.103
2025-08-16,776717,0.3067,0.2926,0.3070,0.2827,0.0860,0.0913,0.3019,0.3184,183,64,-0.044,-0.024
2025-08-16,776718,0.3442,0.3338,0.2149,0.2251,0.0885,0.1321,0.3048,0.2804,188,6,-0.008,0.115
2025-08-16,776719,0.3183,0.2971,0.2723,0.2599,0.0916,0.0606,0.3099,0.2830,57,133,0.298,0.226
2025-08-16,776720,0.3050,0.3357,0.2385,0.2409,0.0922,0.0941,0.2843,0.3174,22,88,0.855,0.041
2025-08-16,776721,0.3131,0.3325,0.2103,0.2388,0.0829,0.0697,0.2858,0.2862,89,171,0.337,0.568
2025-08-16,776722,,0.3083,,0.2357,,0.0965,,0.2886,,20,,0.191
2025-08-16,776723,0.3285,0.2956,0.2237,0.2510,0.0873,0.0786,0.2692,0.2974,168,51,0.230,0.211
2025-08-16,776724,0.3144,0.3328,0.1970,0.2281,0.0843,0.1194,0.2606,0.2833,160,164,0.071,0.371
2025-08-16,776725,0.3292,0.3047,0.2075,0.2403,0.0883,0.0867,0.2546,0.2950,102,6,0.074,0.298
2025-08-16,776726,0.3078,,0.2510,,0.0646,,0.3023,,155,,0.107,
2025-08-17,776697,0.2943,0.2789,0.2283,0.2681,0.0817,0.0823,0.2908,0.2967,64,87,0.319,0.179
2025-08-17,776698,0.3260,0.3551,0.2794,0.1905,0.1127,0.0642,0.2985,0.2783,126,191,0.733,0.004
2025-08-17,776699,0.3211,0.3217,0.2195,0.2098,0.1051,0.1158,0.2900,0.2931,158,122,0.206,0.544
2025-08-17,776700,0.3374,,0.1923,,0.0729,,0.2639,,156,,0.349,
2025-08-17,776701,,0.3850,,0.1548,,0.0899,,0.2557,,115,,0.187
2025-08-17,776702,0.3209,0.2580,0.2141,0.2681,0.0833,0.0755,0.2766,0.3060,100,29,0.225,0.448
2025-08-17,776703,0.3082,0.3019,0.2251,0.2589,0.0867,0.0730,0.2807,0.3062,172,188,0.029,0.530
2025-08-17,776704,0.2994,0.3336,0.2046,0.2250,0.0566,0.0943,0.2943,0.2804,41,83,0.031,0.415
2025-08-17,776705,0.2944,0.3026,0.2009,0.2447,0.0674,0.1029,0.2831,0.2962,152,23,-0.069,0.149
2025-08-17,776706,0.3615,0.3516,0.1889,0.1811,0.1014,0.1073,0.2725,0.2610,184,148,0.240,0.324
2025-08-17,776707,0.2974,0.3054,0.2417,0.2227,0.0909,0.1163,0.2854,0.2915,144,101,0.490,-0.324
2025-08-17,776708,0.2986,0.3716,0.2543,0.2064,0.0913,0.1123,0.2945,0.2630,119,192,0.503,0.233
2025-08-17,776709,0.3321,0.2843,0.2116,0.2222,0.1322,0.0976,0.2749,0.2877,156,148,0.554,0.496
2025-08-17,776710,0.3317,0.3332,0.2268,0.2385,0.0814,0.0867,0.2934,0.2914,153,186,0.375,0.144
2025-08-17,776714,0.3149,0.2778,0.2208,0.3609,0.0679,0.0551,0.2749,0.3305,39,167,-0.354,0.205
2025-08-18,776681,0.3282,0.3394,0.2600,0.2133,0.1233,0.1187,0.3108,0.2832,181,5,0.528,-0.169
2025-08-18,776682,0.3337,0.3494,0.2483,0.2261,0.1126,0.1126,0.2742,0.2888,140,184,0.610,0.668
2025-08-18,776683,0.3081,0.3465,0.2520,0.2703,0.1297,0.0791,0.2845,0.2907,124,96,-0.092,0.173
2025-08-18,776688,0.3332,0.2979,0.2463,0.2464,0.0854,0.0891,0.2951,0.2802,110,49,0.450,-0.181
2025-08-18,776689,0.2717,0.2900,0.3218,0.2491,0.0688,0.0993,0.3129,0.2747,142,139,0.922,-0.001
2025-08-18,776690,0.3149,0.2830,0.2158,0.2001,0.1186,0.0619,0.2612,0.2761,106,158,0.117,0.141
2025-08-18,776692,0.3221,0.3078,0.2400,0.2978,0.1111,0.0716,0.2949,0.3114,99,165,0.662,0.322
2025-08-18,776693,0.3054,0.3631,0.2518,0.1814,0.1147,0.0695,0.2968,0.2696,147,158,0.485,-0.036
2025-08-18,776694,0.3309,0.2601,0.2339,0.2990,0.0926,0.0714,0.2921,0.3201,175,146,-0.011,0.492
2025-08-18,776695,0.2882,0.3481,0.2312,0.2153,0.0892,0.1062,0.2920,0.2776,107,88,0.866,0.651
2025-08-18,776696,0.3119,0.3285,0.2359,0.2307,0.0907,0.0915,0.2850,0.2791,3,79,,0.560
2025-08-19,776667,0.3461,0.3100,0.2124,0.2889,0.1244,0.0822,0.2914,0.2935,10,165,0.080,0.365
2025-08-19,776668,0.2846,0.2960,0.2841,0.2086,0.1047,0.0816,0.3068,0.3030,109,152,-0.248,-0.086
2025-08-19,776671,0.3221,0.3623,0.2398,0.2051,0.1001,0.0825,0.2643,0.2672,27,140,-0.098,-0.058
2025-08-19,776672,0.2918,0.3003,0.2724,0.2611,0.0805,0.0785,0.3002,0.2812,177,117,0.972,0.184
2025-08-19,776674,0.2923,0.3046,0.2276,0.3034,0.1397,0.0751,0.2855,0.2979,67,152,0.226,0.725
2025-08-19,776675,0.3854,0.3603,0.2280,0.1986,0.1149,0.1000,0.2759,0.2770,146,177,0.599,0.239
2025-08-19,776676,0.2944,0.2782,0.2371,0.2672,0.0876,0.0520,0.2803,0.2972,28,127,-0.545,0.221
2025-08-19,776677,0.3125,0.2823,0.2670,0.2498,0.0741,0.0914,0.3125,0.2824,184,132,-0.268,0.048
2025-08-19,776678,0.2743,0.3754,0.2399,0.1934,0.0922,0.1096,0.2963,0.2733,132,209,0.395,0.723
2025-08-19,776679,0.3499,0.3209,0.2377,0.2363,0.0874,0.0917,0.3056,0.2952,65,179,0.162,0.276
2025-08-19,776680,0.2903,0.3216,0.2384,0.2370,0.0987,0.0665,0.2776,0.2943,111,173,0.527,-0.145
2025-08-19,776684,0.3808,0.3821,0.1871,0.1656,0.0892,0.1275,0.2606,0.2541,105,154,-0.127,0.515
2025-08-19,776685,0.2914,0.2692,0.2633,0.2642,0.0868,0.0651,0.3024,0.3125,181,160,0.587,-0.114
2025-08-19,776686,0.3398,0.3174,0.1754,0.2802,0.0834,0.0921,0.2555,0.3029,40,134,0.471,-0.016
2025-08-19,776687,0.3320,0.3691,0.2207,0.1854,0.1374,0.1221,0.2803,0.2745,98,119,0.615,0.004
2025-08-19,776691,0.3124,0.2782,0.2237,0.2706,0.1066,0.0793,0.2522,0.2866,78,115,0.145,0.619
2025-08-20,776652,0.3037,0.3425,0.2179,0.2404,0.0882,0.0901,0.2943,0.2889,134,210,0.270,0.234
2025-08-20,776656,0.3198,0.2742,0.2239,0.2262,0.0840,0.0978,0.3085,0.2867,98,170,0.449,0.389
2025-08-20,776658,,0.3445,,0.2363,,0.0877,,0.2777,,190,,0.551
2025-08-20,776659,0.3155,0.3092,0.2127,0.2317,0.1083,0.0943,0.2699,0.2766,81,43,0.368,0.269
2025-08-20,776660,0.3071,0.3513,0.2723,0.1996,0.0707,0.0980,0.3045,0.2753,35,64,-0.131,0.071
2025-08-20,776661,0.3206,0.3272,0.2374,0.2481,0.0899,0.1281,0.2866,0.2977,197,8,0.287,
2025-08-20,776662,0.3221,0.2955,0.2440,0.2621,0.0800,0.0603,0.2784,0.3011,171,131,-0.062,0.616
2025-08-20,776663,0.3106,0.3493,0.3144,0.1883,0.1022,0.0877,0.2939,0.2760,35,162,0.671,0.425
2025-08-20,776664,0.3556,0.3065,0.2652,0.2299,0.1190,0.0707,0.3079,0.2844,30,106,0.367,0.435
2025-08-20,776665,0.3514,0.3269,0.2359,0.2078,0.1287,0.0749,0.2941,0.2916,59,158,-0.056,0.605
2025-08-20,776666,,0.2877,,0.2328,,0.0783,,0.2968,,64,,0.236
2025-08-20,776669,0.3515,0.3107,0.2080,0.2144,0.1234,0.1015,0.2849,0.2825,84,14,0.091,0.228
2025-08-20,776670,0.3357,0.3590,0.1514,0.2029,0.1019,0.0846,0.2614,0.2605,149,102,-0.046,-0.209
2025-08-20,776673,0.3097,0.3257,0.2349,0.2643,0.1027,0.1448,0.2979,0.2982,171,176,0.138,0.963
2025-08-21,776631,0.2963,0.3309,0.2972,0.2493,0.0648,0.1448,0.3160,0.2935,170,49,0.211,0.077
2025-08-21,776642,0.3003,0.3125,0.2251,0.2973,0.1193,0.0992,0.2948,0.2999,132,191,-0.175,-0.032
2025-08-21,776644,0.3329,0.3030,0.1780,0.2530,0.1090,0.0930,0.2681,0.2582,84,66,0.131,0.126
2025-08-21,776650,0.3016,0.3400,0.2693,0.2628,0.1000,0.1055,0.2967,0.2760,99,203,0.371,0.171
2025-08-21,776651,0.3077,0.2949,0.2129,0.2611,0.0813,0.0597,0.2889,0.2838,92,136,0.325,0.235
2025-08-21,776653,0.3215,0.3505,0.2821,0.1789,0.0908,0.1099,0.2969,0.2709,14,47,-0.083,0.177
2025-08-21,776654,0.3746,0.3264,0.2100,0.2037,0.1137,0.1621,0.2662,0.2624,87,88,0.081,-0.090
2025-08-21,776655,0.3101,0.3394,0.2394,0.1840,0.0930,0.0993,0.2912,0.2731,23,48,0.218,0.122
2025-08-21,776657,0.3281,0.2970,0.2252,0.2386,0.0862,0.0982,0.2709,0.2740,171,135,0.233,0.396
2025-08-22,776633,0.3617,0.3618,0.1876,0.1713,0.0671,0.1133,0.2773,0.2550,195,77,0.008,0.275
2025-08-22,776634,0.3486,0.3345,0.2279,0.2114,0.0908,0.1337,0.2836,0.2745,14,161,0.311,0.558
2025-08-22,776635,0.3284,0.3137,0.2443,0.2163,0.0688,0.0844,0.2883,0.2623,174,126,0.576,0.576
2025-08-22,776636,0.2886,0.3108,0.2718,0.2237,0.0878,0.0850,0.3135,0.2929,69,71,0.007,0.324
2025-08-22,776637,0.3842,0.3150,0.1505,0.2516,0.0874,0.0946,0.2556,0.3018,120,11,0.238,0.057
2025-08-22,776638,0.3401,0.3107,0.2065,0.2498,0.1350,0.0632,0.2700,0.3012,12,160,0.201,0.102
2025-08-22,776639,0.3273,0.3288,0.2760,0.2589,0.0998,0.1066,0.3046,0.2880,71,155,-0.032,0.380
2025-08-22,776640,0.3333,0.3467,0.2257,0.2138,0.0917,0.0903,0.2842,0.3046,87,194,0.398,0.045
2025-08-22,776641,0.3292,0.3305,0.2428,0.2226,0.0922,0.0799,0.3173,0.2944,91,157,0.064,0.391
2025-08-22,776643,0.3706,0.3288,0.1918,0.2690,0.1642,0.0998,0.2807,0.2976,54,102,0.238,0.292
2025-08-22,776645,0.3186,0.3042,0.2479,0.2301,0.1050,0.0889,0.2909,0.2771,4,25,,0.900
2025-08-22,776646,0.3234,0.3137,0.2395,0.2489,0.0875,0.1026,0.2813,0.2857,5,64,0.158,0.432
2025-08-22,776647,0.3329,0.3337,0.2252,0.2066,0.1178,0.0995,0.2813,0.2668,167,180,0.386,0.220
2025-08-22,776648,0.3026,0.3248,0.2589,0.2098,0.0829,0.0867,0.3036,0.2594,9,105,0.368,0.074
2025-08-22,776649,0.2666,0.3368,0.2889,0.2299,0.0723,0.0949,0.3102,0.2856,33,146,0.516,0.103
2025-08-23,776617,0.2734,0.3505,0.2809,0.2587,0.0802,0.0758,0.3033,0.2882,91,103,0.187,0.183
2025-08-23,776618,0.3543,0.3381,0.1975,0.2065,0.1124,0.1073,0.2941,0.2908,71,12,0.493,-0.165
2025-08-23,776619,0.3236,0.3228,0.2338,0.2102,0.0909,0.0817,0.2882,0.2717,25,103,0.361,0.200
2025-08-23,776620,0.3281,0.2997,0.2084,0.2383,0.1121,0.0896,0.2928,0.2847,128,147,0.494,0.489
2025-08-23,776621,0.2989,0.2963,0.2598,0.2676,0.0721,0.0967,0.3090,0.2821,191,185,0.523,-0.173
2025-08-23,776622,0.2830,,0.2191,,0.0962,,0.2848,,151,,0.488,
2025-08-23,776623,0.3498,0.3195,0.1833,0.2270,0.1058,0.1210,0.2612,0.2654,151,111,0.300,0.093
2025-08-23,776625,0.2805,0.3362,0.2001,0.1934,0.0606,0.0716,0.2774,0.2664,163,160,0.149,0.391
2025-08-23,776626,0.3058,0.3139,0.2248,0.1962,0.1203,0.0821,0.2912,0.2618,104,166,-0.327,0.073
2025-08-23,776627,0.2754,0.3241,0.3605,0.2789,0.0544,0.1104,0.3299,0.2978,170,130,0.187,0.738
2025-08-23,776628,0.3735,0.2979,0.2017,0.2542,0.1174,0.0893,0.2625,0.2938,198,123,0.245,0.481
2025-08-23,776629,0.3043,0.2910,0.2362,0.2018,0.0993,0.0662,0.2964,0.2828,26,156,0.180,-0.103
2025-08-23,776630,0.3328,0.3074,0.2396,0.2242,0.0897,0.0659,0.2921,0.2763,189,42,0.148,-0.355
2025-08-23,776632,0.3613,0.3230,0.1863,0.2656,0.0679,0.0894,0.2707,0.3090,163,60,-0.041,0.294
2025-08-24,776602,0.2901,0.2731,0.2267,0.3189,0.1420,0.0672,0.2883,0.3101,72,147,0.244,0.925
2025-08-24,776603,0.3019,0.3129,0.2530,0.2858,0.1131,0.0888,0.2959,0.2921,150,171,0.462,0.376
2025-08-24,776605,0.2839,0.2954,0.2694,0.2104,0.0557,0.0805,0.2960,0.3038,133,155,0.293,-0.086
2025-08-24,776606,0.3386,0.3049,0.2436,0.2298,0.0882,0.0852,0.2942,0.2854,116,176,0.415,0.038
2025-08-24,776607,0.3300,0.3072,0.2776,0.2370,0.0889,0.1003,0.2758,0.2890,155,7,0.361,0.364
2025-08-24,776608,0.3053,0.3244,0.2520,0.2129,0.1270,0.1084,0.2857,0.2470,128,85,-0.090,0.202
2025-08-24,776609,0.3322,0.3491,0.2548,0.2257,0.1249,0.1103,0.3099,0.2877,186,189,0.545,0.667
2025-08-24,776610,,0.2574,,0.2996,,0.0704,,0.3203,,149,,0.510
2025-08-24,776611,0.3344,0.3831,0.2472,0.2238,0.1196,0.1127,0.2745,0.2751,145,150,0.587,0.615
2025-08-24,776612,0.3210,0.2870,0.2465,0.2331,0.1084,0.0877,0.2984,0.2941,103,110,0.680,0.874
2025-08-24,776613,0.3735,0.2871,0.1943,0.2491,0.1081,0.0973,0.2735,0.2736,213,143,0.740,-0.007
2025-08-24,776614,0.3308,0.2967,0.2352,0.2445,0.0914,0.0940,0.2947,0.2793,178,54,-0.019,-0.151
2025-08-24,776615,0.3615,0.3058,0.1995,0.2988,0.0984,0.0740,0.2760,0.3116,181,171,0.227,0.347
2025-08-24,776616,0.3463,0.3117,0.2214,0.2617,0.1093,0.0767,0.2797,0.3112,93,189,0.594,-0.296
2025-08-24,776624,0.2709,0.3684,0.2466,0.1879,0.0909,0.1202,0.3023,0.2753,135,122,0.410,0.003
2025-08-25,776589,0.3177,0.3309,0.2623,0.1899,0.1211,0.0811,0.3027,0.2631,12,43,0.031,0.520
2025-08-25,776590,0.2691,0.3531,0.2607,0.2365,0.0688,0.1246,0.3112,0.2960,163,63,-0.119,-0.039
2025-08-25,776592,0.3219,0.2750,0.2237,0.2732,0.1028,0.0602,0.2909,0.3180,163,95,0.198,0.276
2025-08-25,776593,0.2969,0.2904,0.2624,0.2461,0.0773,0.0938,0.2811,0.2832,120,33,0.202,-0.386
2025-08-25,776594,0.2836,0.3155,0.2802,0.2432,0.1011,0.0969,0.3016,0.2661,115,30,-0.239,-0.053
2025-08-25,776595,0.2726,0.2946,0.2276,0.2375,0.0966,0.0959,0.2872,0.2747,173,116,0.396,0.544
2025-08-25,776596,0.3006,0.3472,0.3072,0.2383,0.0738,0.0848,0.2997,0.3079,156,69,0.728,0.147
2025-08-25,776597,0.3055,0.3474,0.2348,0.2676,0.0917,0.1153,0.2776,0.3068,46,33,0.248,0.340
2025-08-25,776598,0.3177,0.3108,0.2425,0.2222,0.0657,0.1061,0.2963,0.2773,176,84,-0.138,0.382
2025-08-25,776599,0.2973,0.3415,0.2394,0.2188,0.0831,0.1385,0.2920,0.2814,69,104,0.167,0.642
2025-08-25,776600,0.3282,0.3171,0.2314,0.2819,0.0890,0.0894,0.2798,0.3032,83,140,0.562,0.011
2025-08-25,776601,,0.2933,,0.2732,,0.0837,,0.3009,,180,,0.959
2025-08-25,776604,0.3075,0.3787,0.2590,0.1876,0.1122,0.0866,0.2981,0.2637,11,110,-0.105,-0.128
2025-08-26,776573,0.3264,0.3427,0.2641,0.2106,0.1466,0.1249,0.2973,0.2735,180,66,0.955,-0.168
2025-08-26,776574,0.3025,0.3281,0.2186,0.1733,0.0864,0.1060,0.2905,0.2655,138,88,0.296,0.144
2025-08-26,776575,0.3391,0.3290,0.2415,0.2248,0.0891,0.0885,0.2893,0.2688,213,176,0.233,0.244
2025-08-26,776576,0.2762,0.2976,0.2662,0.2218,0.0780,0.1174,0.2837,0.2932,118,135,0.621,-0.177
2025-08-26,776577,0.3129,0.3281,0.2938,0.2464,0.0980,0.0822,0.2992,0.2781,194,177,-0.046,-0.084
2025-08-26,776578,0.3241,0.3353,0.2327,0.1486,0.1009,0.1047,0.2934,0.2622,187,153,0.291,-0.030
2025-08-26,776581,0.3144,0.3609,0.2037,0.1993,0.1092,0.0831,0.2778,0.2619,18,105,0.252,-0.202
2025-08-26,776582,0.3225,0.3205,0.2142,0.2397,0.0739,0.0916,0.2942,0.2856,161,203,0.606,0.286
2025-08-26,776583,0.3002,0.3472,0.2439,0.2093,0.0961,0.1200,0.2743,0.2859,139,88,0.424,0.068
2025-08-26,776584,0.2937,0.3255,0.2575,0.2291,0.0886,0.1033,0.2881,0.2851,138,5,0.077,
2025-08-26,776585,0.2940,0.2982,0.2723,0.2767,0.0590,0.0981,0.3022,0.3014,135,102,0.617,0.369
2025-08-26,776586,0.3439,0.3159,0.2347,0.3152,0.0895,0.0991,0.2749,0.2947,196,38,0.536,0.708
2025-08-26,776587,0.3535,0.2926,0.1935,0.2621,0.1028,0.0891,0.2704,0.3008,68,186,0.059,0.573
2025-08-26,776588,0.3420,0.3295,0.2702,0.2037,0.1039,0.1698,0.2794,0.2584,207,93,0.169,-0.129
2025-08-26,776591,0.3714,0.3075,0.2112,0.2548,0.1107,0.1009,0.2688,0.3026,91,20,0.100,0.662
2025-08-27,776557,0.3450,0.3493,0.1947,0.2323,0.0866,0.0872,0.2786,0.2871,165,17,0.428,0.407
2025-08-27,776559,0.3420,0.3437,0.2245,0.2119,0.0927,0.1296,0.2861,0.2749,151,15,0.123,0.289
2025-08-27,776561,0.3075,0.3111,0.2264,0.2544,0.0831,0.0620,0.2927,0.2999,74,164,0.365,0.103
2025-08-27,776562,0.3186,0.2993,0.2553,0.2744,0.0903,0.0685,0.3064,0.3044,147,38,0.365,-0.058
2025-08-27,776563,0.3617,0.3089,0.1553,0.2270,0.0887,0.0960,0.2604,0.2703,138,10,0.622,0.076
2025-08-27,776565,0.2999,0.3165,0.2313,0.2376,0.0848,0.1055,0.2796,0.2812,29,70,0.956,0.462
2025-08-27,776566,0.3356,0.3111,0.2085,0.2631,0.0953,0.1135,0.2582,0.2968,111,8,0.034,0.163
2025-08-27,776567,0.2772,0.2946,0.2391,0.2490,0.1098,0.0838,0.2660,0.2987,138,56,0.025,0.183
2025-08-27,776568,0.3024,0.2954,0.1989,0.2897,0.0550,0.0673,0.2918,0.3139,44,176,0.036,0.175
2025-08-27,776569,0.2722,0.3250,0.3009,0.2634,0.0700,0.1046,0.3093,0.2901,36,159,0.558,0.396
2025-08-27,776570,0.3127,0.3344,0.2385,0.2074,0.1029,0.0979,0.2975,0.2701,15,184,0.307,0.232
2025-08-27,776571,0.3147,0.3186,0.2511,0.2262,0.0971,0.1113,0.2583,0.2992,71,180,0.145,0.105
2025-08-27,776572,0.3097,0.3143,0.2223,0.2215,0.0826,0.0966,0.2630,0.2761,130,5,0.562,
2025-08-27,776579,0.3304,0.3456,0.2300,0.2068,0.1158,0.1072,0.2848,0.2878,171,12,0.360,-0.008
2025-08-27,776580,0.3104,0.3250,0.2220,0.2447,0.0799,0.0904,0.2789,0.3159,112,94,0.437,0.092
2025-08-28,776550,0.2982,0.2959,0.2572,0.2647,0.0587,0.0713,0.2824,0.3090,139,194,0.233,0.521
2025-08-28,776553,0.3117,0.3395,0.2205,0.2077,0.0907,0.1313,0.2882,0.2748,3,165,,0.558
2025-08-28,776554,0.3055,0.3662,0.2688,0.1833,0.0907,0.0655,0.3080,0.2734,14,201,0.063,0.017
2025-08-28,776555,0.3587,0.3151,0.1883,0.2374,0.0670,0.0877,0.2711,0.2975,166,28,-0.041,0.178
2025-08-28,776556,0.3263,0.3265,0.2784,0.2053,0.1132,0.0857,0.2976,0.2685,134,107,0.739,0.236
2025-08-28,776558,0.3368,0.3018,0.2075,0.2269,0.1289,0.1180,0.2765,0.2912,26,107,0.165,-0.316
2025-08-28,776560,0.3161,0.2932,0.1964,0.2610,0.0846,0.0878,0.2631,0.2965,171,126,0.072,0.508
2025-08-28,776564,0.2712,0.3248,0.3673,0.2642,0.0534,0.0979,0.3318,0.2983,174,105,0.230,0.292
2025-08-29,776533,0.3134,0.3049,0.1991,0.2480,0.0682,0.1302,0.2838,0.2839,164,131,-0.154,-0.100
2025-08-29,776534,0.3474,0.2881,0.2269,0.2657,0.1090,0.0857,0.2887,0.3121,192,72,0.668,0.018
2025-08-29,776538,0.3161,0.3258,0.2232,0.2104,0.1189,0.1103,0.2671,0.2929,114,131,0.097,0.502
2025-08-29,776540,0.3361,0.3572,0.1908,0.2052,0.0706,0.0972,0.2666,0.2780,163,184,0.393,0.221
2025-08-29,776541,0.3468,0.3268,0.2601,0.2713,0.0743,0.1100,0.2893,0.3035,106,77,0.178,-0.014
2025-08-29,776542,0.3469,0.3695,0.2006,0.1843,0.1098,0.1059,0.2992,0.2474,74,98,0.499,-0.306
2025-08-29,776543,0.3493,0.3046,0.2144,0.2400,0.0889,0.1133,0.3045,0.2971,198,33,0.035,0.218
2025-08-29,776544,0.3121,0.3076,0.2605,0.2377,0.0791,0.0945,0.3133,0.2806,194,11,-0.308,0.530
2025-08-29,776545,0.3564,0.3734,0.1677,0.2032,0.1108,0.1160,0.2555,0.2626,80,201,0.249,0.224
2025-08-29,776546,0.2959,0.3177,0.2673,0.2547,0.0991,0.0967,0.2815,0.2919,189,9,-0.163,0.211
2025-08-29,776547,0.2965,0.3485,0.2396,0.1845,0.0882,0.1084,0.2844,0.2615,150,155,0.498,0.306
2025-08-29,776548,0.2951,,0.2447,,0.0908,,0.2778,,58,,-0.070,
2025-08-29,776549,0.2562,,0.3001,,0.0693,,0.3193,,152,,0.497,
2025-08-29,776551,0.3373,0.3293,0.2395,0.2434,0.0867,0.0715,0.2961,0.2862,119,179,0.422,0.551
2025-08-29,776552,0.3628,0.2830,0.1903,0.2552,0.1182,0.0959,0.2753,0.2737,125,146,-0.018,-0.009
2025-08-30,776516,0.2837,,0.2392,,0.0856,,0.2919,,114,,0.906,
2025-08-30,776523,0.2948,0.2695,0.2635,0.2819,0.0760,0.0786,0.2783,0.3011,123,94,0.196,0.202
2025-08-30,776524,0.3799,,0.2299,,0.1112,,0.2734,,153,,0.620,
2025-08-30,776525,0.3019,0.3747,0.2269,0.1951,0.0841,0.1065,0.2846,0.2732,179,217,0.034,0.723
2025-08-30,776526,0.3286,0.3104,0.2279,0.2360,0.0899,0.0908,0.2861,0.2899,90,3,0.418,
2025-08-30,776527,0.3076,0.3298,0.2152,0.2364,0.0862,0.0903,0.2881,0.2953,95,181,0.327,-0.013
2025-08-30,776528,0.3028,0.2968,0.2949,0.2342,0.0731,0.0733,0.3109,0.2788,174,59,0.342,0.017
2025-08-30,776529,0.3460,0.3361,0.2667,0.2148,0.1105,0.1360,0.3052,0.2815,37,107,0.436,0.617
2025-08-30,776530,0.3202,0.3294,0.2870,0.2721,0.0949,0.0857,0.2944,0.2740,177,163,0.383,0.364
2025-08-30,776531,0.2922,0.3329,0.2121,0.2377,0.0794,0.1046,0.3038,0.2953,158,109,-0.090,0.674
2025-08-30,776532,0.2899,0.3129,0.2733,0.2468,0.0926,0.0646,0.3172,0.2971,144,180,0.230,-0.145
2025-08-30,776535,0.3168,0.2712,0.2825,0.2504,0.0881,0.0936,0.3020,0.3056,143,140,0.007,0.402
2025-08-30,776536,0.3292,0.2915,0.1902,0.2166,0.0773,0.0931,0.2618,0.2842,48,158,0.554,0.505
2025-08-30,776537,0.2696,0.3375,0.3238,0.2472,0.0662,0.1221,0.3116,0.2727,150,149,0.913,0.582
2025-08-30,776539,0.3093,0.3497,0.2746,0.2157,0.1147,0.1192,0.3105,0.2793,16,97,-0.069,0.585
2025-08-31,776507,0.3848,0.3011,0.1888,0.2261,0.0846,0.1145,0.2641,0.2946,114,140,-0.137,-0.183
2025-08-31,776508,0.2718,0.3539,0.2724,0.2427,0.0587,0.1275,0.3173,0.2956,99,68,0.298,-0.042
2025-08-31,776509,0.3421,0.3018,0.2369,0.2540,0.0875,0.1162,0.2768,0.2948,202,153,0.549,0.450
2025-08-31,776510,0.3210,0.2918,0.2250,0.2669,0.1014,0.0880,0.2901,0.3021,166,189,0.197,0.566
2025-08-31,776511,0.2787,0.3527,0.2671,0.1860,0.0823,0.1065,0.2846,0.2630,121,73,0.629,0.097
2025-08-31,776512,0.2657,0.2777,0.2660,0.2019,0.0679,0.0598,0.3143,0.2789,166,166,-0.127,0.162
2025-08-31,776513,0.3329,0.3088,0.2218,0.3005,0.1004,0.0756,0.2730,0.2973,7,164,-0.148,0.732
2025-08-31,776514,0.3351,0.3412,0.2047,0.2049,0.1655,0.1177,0.2612,0.2861,97,91,-0.115,0.061
2025-08-31,776515,0.2831,0.3396,0.2435,0.2326,0.0992,0.0829,0.2829,0.3057,38,72,-0.463,0.170
2025-08-31,776517,0.3253,0.3661,0.2289,0.2199,0.0993,0.1086,0.2930,0.2705,191,94,0.267,0.090
2025-08-31,776518,0.3372,0.3337,0.1425,0.2576,0.1050,0.1264,0.2599,0.3107,162,191,0.005,0.552
2025-08-31,776519,0.3597,0.3109,0.1980,0.2160,0.0920,0.1033,0.2619,0.2692,111,88,-0.176,0.388
2025-08-31,776520,0.3091,0.3142,0.2517,0.2330,0.0909,0.1056,0.2921,0.2763,3,51,,0.227
2025-08-31,776521,0.2898,0.2940,0.2376,0.2687,0.0938,0.0864,0.2773,0.2998,120,184,0.551,0.929
2025-08-31,776522,0.3393,0.2971,0.1888,0.2690,0.1015,0.0673,0.2748,0.2993,24,141,0.285,0.651
2025-09-01,776492,0.3371,0.3087,0.2249,0.2637,0.1163,0.1009,0.2887,0.2642,15,76,0.140,0.142
2025-09-01,776494,0.2968,0.3117,0.2694,0.2942,0.0974,0.0969,0.3060,0.2987,23,197,0.814,-0.054
2025-09-01,776495,0.3310,0.3083,0.2209,0.2228,0.0871,0.0810,0.2677,0.2611,180,134,0.243,0.563
2025-09-01,776497,0.3415,0.2943,0.2162,0.2860,0.1246,0.0665,0.2857,0.3137,18,179,0.226,0.194
2025-09-01,776498,,,,,,,,,,,,
2025-09-01,776499,0.3388,,0.2390,,0.0941,,0.2870,,220,,0.209,
2025-09-01,776500,0.3309,0.3110,0.2105,0.3254,0.0937,0.0962,0.2588,0.2974,114,41,0.026,0.701
2025-09-01,776501,0.3012,0.3271,0.2820,0.2687,0.0958,0.1465,0.3032,0.2991,106,187,0.364,0.945
2025-09-01,776502,,0.3267,,0.2075,,0.0716,,0.2909,,168,,0.569
2025-09-01,776503,0.3195,0.2832,0.2463,0.2738,0.0937,0.0989,0.2878,0.3011,208,119,0.282,-0.222
2025-09-01,776504,0.3338,0.2968,0.2423,0.2523,0.0877,0.0949,0.2786,0.2851,185,146,-0.084,0.035
2025-09-01,776505,0.3289,0.3338,0.2186,0.2303,0.0988,0.1138,0.2808,0.2856,8,175,0.049,0.329
2025-09-01,776506,0.3276,0.3490,0.2249,0.1912,0.0865,0.0851,0.2766,0.2787,87,169,0.556,0.439
2025-09-02,776480,0.3260,0.3045,0.2241,0.2212,0.0851,0.0813,0.2770,0.2933,7,77,0.117,0.330
2025-09-02,776481,0.3116,0.3350,0.2515,0.2185,0.0896,0.0841,0.2813,0.3024,15,8,0.083,
2025-09-02,776482,0.3377,0.3227,0.1937,0.2422,0.1206,0.1064,0.2708,0.3070,32,22,0.189,0.259
2025-09-02,776483,0.3169,0.3733,0.2315,0.1791,0.1015,0.0678,0.2746,0.2734,172,207,-0.264,0.017
2025-09-02,776484,0.3335,0.2767,0.2108,0.2354,0.0891,0.1082,0.2682,0.2662,112,141,0.245,0.020
2025-09-02,776485,0.3087,0.3053,0.2553,0.2237,0.0612,0.0786,0.3020,0.2757,167,115,0.094,0.424
2025-09-02,776486,0.2934,0.3558,0.2595,0.1885,0.0699,0.0656,0.3084,0.2715,199,171,0.504,-0.053
2025-09-02,776487,0.2928,0.3055,0.2210,0.2508,0.0812,0.0622,0.2759,0.2821,33,144,0.939,0.226
2025-09-02,776488,,0.2959,,0.2501,,0.0948,,0.2743,,142,,0.408
2025-09-02,776489,0.3315,0.3172,0.2088,0.2233,0.0967,0.1100,0.2719,0.2978,187,183,0.232,0.100
2025-09-02,776490,0.3123,0.3041,0.2656,0.2516,0.1087,0.0854,0.3056,0.3011,11,7,0.208,0.147
2025-09-02,776491,0.3291,,0.2407,,0.0886,,0.2933,,192,,0.157,
2025-09-02,776493,0.3212,0.2721,0.2510,0.3637,0.0881,0.0565,0.3148,0.3307,98,179,0.117,0.256
2025-09-02,776496,0.3308,0.3093,0.1740,0.1931,0.1026,0.0628,0.2663,0.2902,93,47,0.156,0.059
2025-09-03,776465,0.3338,0.3461,0.2577,0.2553,0.0957,0.0731,0.2975,0.2892,109,109,0.298,0.166
2025-09-03,776466,0.3291,0.2661,0.2329,0.3015,0.0852,0.0680,0.2891,0.3072,7,39,0.086,0.597
2025-09-03,776467,0.3067,0.3658,0.2518,0.1795,0.1320,0.1096,0.2850,0.2440,136,102,-0.088,-0.344
2025-09-03,776468,0.3127,0.3464,0.2249,0.2281,0.1170,0.1117,0.2679,0.2874,117,195,0.089,0.649
2025-09-03,776469,0.3271,0.3281,0.2217,0.2705,0.1280,0.1070,0.2765,0.3030,16,81,0.671,-0.040
2025-09-03,776470,0.3210,0.3452,0.2122,0.2316,0.1087,0.0839,0.2925,0.2949,134,125,0.521,0.424
2025-09-03,776471,0.2988,0.3374,0.2552,0.2092,0.0946,0.1296,0.2952,0.2752,134,168,0.560,0.547
2025-09-03,776472,0.3255,0.3051,0.2711,0.2511,0.1104,0.0849,0.2955,0.3021,139,31,0.728,0.207
2025-09-03,776473,0.3593,0.3427,0.1871,0.2018,0.1164,0.1067,0.2739,0.2997,128,78,-0.047,0.508
2025-09-03,776474,0.3245,0.2943,0.2192,0.2715,0.0883,0.1063,0.3035,0.3044,57,15,0.135,-0.021
2025-09-03,776475,0.3049,0.3296,0.2852,0.2434,0.0929,0.0704,0.3082,0.2859,12,183,0.197,0.558
2025-09-03,776476,0.2969,0.3531,0.2479,0.1617,0.0863,0.1140,0.2859,0.2547,155,85,0.494,0.280
2025-09-03,776477,0.3179,0.3760,0.2308,0.2060,0.1018,0.1135,0.2761,0.2648,65,207,-0.035,0.239
2025-09-03,776478,0.2994,0.3420,0.2201,0.2274,0.1147,0.0948,0.2904,0.2884,112,157,-0.314,0.130
2025-09-03,776479,0.3118,0.3054,0.2565,0.2673,0.0938,0.0991,0.2729,0.3113,33,18,-0.061,0.067
2025-09-04,776458,0.3609,0.3048,0.1823,0.2272,0.1091,0.0869,0.2643,0.2845,163,183,0.341,0.045
2025-09-04,776459,0.2845,0.2959,0.2479,0.2681,0.0980,0.0980,0.2713,0.2808,152,192,0.007,-0.161
2025-09-04,776461,0.2856,0.2537,0.2725,0.3005,0.0907,0.0685,0.3169,0.3202,76,155,0.022,0.497
2025-09-04,776462,0.3268,0.3312,0.2322,0.2661,0.1052,0.0927,0.2850,0.2733,4,168,,0.353
2025-09-04,776463,0.2921,0.3037,0.2117,0.2269,0.0821,0.0789,0.3023,0.2848,163,76,-0.062,0.165
2025-09-04,776464,0.3120,0.2995,0.2603,0.2403,0.0818,0.1191,0.3139,0.2985,198,37,-0.292,0.155
2025-09-05,776442,0.3200,0.3581,0.2863,0.1869,0.0934,0.0651,0.2925,0.2713,181,173,0.363,-0.048
2025-09-05,776444,0.3121,0.3204,0.2201,0.2289,0.0910,0.1036,0.2875,0.2925,3,171,,0.192
2025-09-05,776445,0.3168,0.3300,0.2166,0.1801,0.1052,0.0734,0.2851,0.2611,4,54,-0.098,0.624
2025-09-05,776446,0.3071,0.2761,0.2328,0.2036,0.0743,0.0590,0.2920,0.2798,128,169,0.233,0.157
2025-09-05,776448,0.3084,0.2980,0.2518,0.2578,0.0910,0.0798,0.2904,0.2757,3,127,0.592,0.186
2025-09-05,776449,0.3188,0.3789,0.2192,0.2257,0.0740,0.1092,0.2835,0.2718,58,157,0.053,0.605
2025-09-05,776450,0.2806,0.3012,0.2443,0.2118,0.0944,0.0956,0.2962,0.2842,149,163,0.398,0.494
2025-09-05,776451,0.3349,,0.2473,,0.1199,,0.2721,,153,,0.584,
2025-09-05,776452,0.3307,0.3035,0.2169,0.2899,0.1337,0.0761,0.2824,0.3108,110,178,0.626,0.349
2025-09-05,776453,0.3073,0.3002,0.2174,0.2894,0.0846,0.1106,0.2913,0.3197,98,19,0.325,-0.132
2025-09-05,776454,0.2946,0.3174,0.2830,0.1914,0.0660,0.0743,0.3032,0.2799,42,173,-0.002,-0.169
2025-09-05,776455,0.3786,0.3287,0.1902,0.2205,0.1074,0.0935,0.2720,0.2856,224,95,0.737,0.437
2025-09-05,776456,0.3107,0.3279,0.2519,0.2075,0.0639,0.1020,0.3002,0.2889,183,55,-0.150,-0.192
2025-09-05,776457,0.3332,0.3425,0.2375,0.2634,0.0892,0.1052,0.2948,0.3039,184,42,-0.008,0.372
2025-09-05,776460,0.2686,0.2877,0.3193,0.2825,0.0654,0.0957,0.3114,0.3207,153,148,0.906,0.248
2025-09-06,776424,0.3597,0.3456,0.2220,0.2315,0.1066,0.0856,0.2727,0.2738,97,208,0.098,0.542
2025-09-06,776430,0.3651,0.3396,0.2485,0.2418,0.1304,0.0995,0.2967,0.2890,73,225,-0.036,0.225
2025-09-06,776431,0.3225,0.3182,0.1527,0.2298,0.1046,0.0977,0.2534,0.2802,146,9,0.171,0.119
2025-09-06,776432,0.2896,0.2679,0.2656,0.2657,0.0903,0.0574,0.3018,0.3119,194,103,0.568,0.278
2025-09-06,776433,0.2936,0.3553,0.2699,0.1946,0.0664,0.0905,0.3006,0.2620,144,114,0.638,-0.172
2025-09-06,776434,0.3098,0.2976,0.2996,0.2365,0.0744,0.0716,0.2982,0.2786,168,62,0.712,0.018
2025-09-06,776435,0.3464,0.2681,0.2047,0.2613,0.1204,0.0668,0.2921,0.3107,96,170,0.048,-0.116
2025-09-06,776436,0.3180,0.3308,0.2500,0.2058,0.0960,0.1615,0.2881,0.2611,212,101,0.294,-0.068
2025-09-06,776437,0.3006,0.3365,0.2303,0.1406,0.1215,0.1036,0.2961,0.2616,145,165,-0.168,-0.009
2025-09-06,776438,0.2936,0.2941,0.2683,0.2534,0.0891,0.0937,0.2993,0.2850,188,149,0.911,0.041
2025-09-06,776439,0.3217,0.3290,0.2199,0.2594,0.0911,0.1235,0.2820,0.3117,3,197,,0.544
2025-09-06,776440,0.3179,0.2765,0.2268,0.2682,0.1030,0.0810,0.2727,0.2856,54,124,0.244,0.615
2025-09-06,776441,0.2795,0.3233,0.2462,0.2292,0.1023,0.0978,0.2776,0.2905,45,195,-0.404,0.245
2025-09-06,776443,0.2996,0.2851,0.2505,0.2394,0.1146,0.0838,0.2936,0.2940,156,118,0.436,0.934
2025-09-06,776447,0.2881,0.3297,0.2378,0.2052,0.0973,0.0982,0.2767,0.2744,124,27,0.541,0.300
2025-09-07,776414,0.3189,0.3221,0.2285,0.2319,0.1003,0.1054,0.2728,0.2759,175,4,-0.266,
2025-09-07,776415,0.3357,0.3067,0.2305,0.2294,0.1120,0.0798,0.2868,0.2638,179,137,0.288,0.567
2025-09-07,776416,0.3382,0.3016,0.2159,0.2830,0.1121,0.0731,0.2885,0.3134,18,185,0.154,0.154
2025-09-07,776417,0.3091,0.3503,0.2945,0.1950,0.0959,0.1035,0.2991,0.2656,200,77,-0.065,0.104
2025-09-07,776418,0.3153,0.3441,0.2236,0.2204,0.1083,0.0854,0.2993,0.2671,187,185,0.101,0.267
2025-09-07,776419,0.3059,,0.3223,,0.0928,,0.3004,,45,,0.738,
2025-09-07,776420,0.3160,0.3481,0.2197,0.2263,0.0912,0.1106,0.2862,0.2717,3,10,,-0.259
2025-09-07,776421,0.3267,0.3005,0.2112,0.2255,0.0899,0.0774,0.2724,0.2765,15,118,0.156,0.442
2025-09-07,776422,0.3241,0.2941,0.2081,0.2439,0.0705,0.0974,0.2921,0.2729,172,147,0.585,0.401
2025-09-07,776423,0.3413,0.3304,0.2296,0.2094,0.0794,0.0992,0.3074,0.2723,78,191,0.150,0.239
2025-09-07,776425,0.3353,0.3282,0.2104,0.2643,0.0867,0.1522,0.2700,0.2991,117,191,0.236,0.920
2025-09-07,776426,0.3465,0.3663,0.2022,0.1816,0.0957,0.0839,0.2584,0.2807,121,23,-0.043,-0.548
2025-09-07,776427,0.3407,0.3841,0.1653,0.1957,0.1101,0.0828,0.2548,0.2709,101,118,0.166,-0.143
2025-09-07,776428,0.3332,0.2895,0.2433,0.2219,0.0867,0.0781,0.2787,0.2754,188,37,-0.079,0.996
2025-09-07,776429,,0.2890,,0.2692,,0.0974,,0.2981,,122,,-0.237
2025-09-08,776399,0.3314,0.2917,0.2061,0.2602,0.0798,0.0692,0.3015,0.3094,12,202,-0.049,0.496
2025-09-08,776400,0.3710,0.3103,0.1770,0.2487,0.0672,0.0640,0.2726,0.2973,210,173,0.033,0.085
2025-09-08,776405,0.3245,0.3033,0.2576,0.2549,0.1266,0.1008,0.3010,0.2984,17,142,0.227,0.573
2025-09-08,776406,0.3377,0.3188,0.2098,0.2384,0.1318,0.0854,0.2755,0.2724,172,19,0.559,0.205
2025-09-08,776407,0.3176,0.3092,0.2561,0.2311,0.0892,0.0984,0.3075,0.3027,150,84,0.359,0.339
2025-09-08,776408,0.3141,0.2674,0.2560,0.2827,0.0982,0.0773,0.2638,0.3022,80,97,0.144,0.204
2025-09-08,776409,0.3145,0.3053,0.2451,0.2175,0.1029,0.0643,0.3088,0.2769,25,45,0.314,-0.351
2025-09-08,776410,0.2730,0.3307,0.3617,0.2175,0.0557,0.1189,0.3280,0.2816,183,22,0.239,0.180
2025-09-08,776411,0.2757,0.3254,0.2367,0.2512,0.1067,0.0961,0.2652,0.2853,144,10,0.029,0.236
2025-09-08,776412,0.3055,0.3595,0.2555,0.1893,0.0660,0.1147,0.2827,0.2753,148,131,0.227,-0.057
2025-09-08,776413,0.2628,0.3201,0.3091,0.2524,0.0752,0.0866,0.3027,0.3162,43,101,0.624,0.127
2025-09-09,776388,0.3543,0.3298,0.1584,0.2203,0.1117,0.1202,0.2534,0.2795,88,21,0.237,0.600
2025-09-09,776389,0.3607,0.3129,0.1763,0.2562,0.1076,0.0901,0.2429,0.2734,105,37,-0.343,0.055
2025-09-09,776390,0.3222,0.2945,0.2718,0.2080,0.1048,0.0851,0.3048,0.3014,84,167,-0.020,-0.071
2025-09-09,776391,0.3410,0.3034,0.2332,0.2390,0.0826,0.0832,0.2917,0.2840,128,163,0.383,0.500
2025-09-09,776392,0.3270,0.2969,0.2516,0.2980,0.0733,0.1054,0.2882,0.3303,187,114,0.577,0.541
2025-09-09,776393,0.3116,0.2941,0.2357,0.2871,0.0911,0.0893,0.2870,0.3150,3,15,,0.199
2025-09-09,776394,0.3446,0.3057,0.2314,0.2530,0.1096,0.1351,0.2878,0.2866,200,139,0.641,-0.109
2025-09-09,776395,0.3204,0.3179,0.2272,0.2297,0.1123,0.1193,0.2554,0.2707,89,122,0.171,0.065
2025-09-09,776396,,0.3189,,0.2140,,0.1071,,0.2958,,137,,0.506
2025-09-09,776397,0.3733,0.3361,0.2074,0.1959,0.1123,0.1158,0.2656,0.2681,210,36,0.239,0.165
2025-09-09,776398,0.3397,0.3255,0.2232,0.2707,0.0931,0.1083,0.2886,0.2961,161,143,0.119,0.733
2025-09-09,776401,0.3154,0.3008,0.2752,0.2683,0.0873,0.0931,0.3132,0.3047,63,27,0.291,0.873
2025-09-09,776402,0.3410,0.3271,0.2031,0.2255,0.1108,0.0843,0.2973,0.2742,82,91,0.506,0.537
2025-09-09,776403,0.3170,0.3193,0.2297,0.2221,0.0891,0.0861,0.2873,0.3050,83,60,0.265,0.156
2025-09-09,776404,0.3057,0.2842,0.2870,0.2525,0.0936,0.0962,0.3027,0.2753,110,156,0.363,0.012
2025-09-10,776373,0.3475,0.2696,0.1793,0.3195,0.0696,0.0681,0.2651,0.3116,60,159,0.614,0.906
2025-09-10,776374,0.2981,0.3262,0.2536,0.2066,0.0785,0.1004,0.2753,0.2791,130,7,0.201,-0.020
2025-09-10,776375,0.2953,0.3750,0.2716,0.2316,0.1003,0.1077,0.2824,0.2751,196,160,-0.162,0.595
2025-09-10,776376,0.3317,0.3526,0.2668,0.1796,0.0915,0.1051,0.2745,0.2725,171,52,0.405,0.150
2025-09-10,776377,0.3060,0.3235,0.2096,0.2804,0.0970,0.0956,0.2857,0.2896,170,186,0.498,0.348
2025-09-10,776378,0.3222,0.3784,0.2283,0.2584,0.0881,0.1359,0.2846,0.2877,5,106,,0.106
2025-09-10,776379,0.3231,0.3313,0.2296,0.1949,0.0975,0.1370,0.2787,0.2691,9,11,0.398,0.440
2025-09-10,776380,0.3540,0.2828,0.1886,0.2769,0.0642,0.0945,0.2731,0.3192,176,81,-0.078,0.031
2025-09-10,776381,0.2828,0.2866,0.2637,0.2864,0.0546,0.0938,0.2949,0.3229,137,152,0.249,0.244
2025-09-10,776382,0.3244,0.3596,0.2343,0.1775,0.1079,0.1062,0.2845,0.2647,4,169,-0.088,0.326
2025-09-10,776383,0.3028,0.3098,0.2839,0.2611,0.0745,0.0808,0.3096,0.3141,183,201,0.347,-0.311
2025-09-10,776384,0.2987,0.3089,0.2264,0.2528,0.1121,0.0631,0.2949,0.3019,116,186,-0.309,-0.154
2025-09-10,776385,0.3009,0.3306,0.2615,0.2389,0.0919,0.0904,0.3035,0.2937,35,198,0.270,0.143
2025-09-10,776386,0.3808,0.3243,0.1884,0.2261,0.1113,0.1040,0.2737,0.2713,232,72,0.706,-0.040
2025-09-10,776387,0.2513,0.3188,0.3008,0.2285,0.0675,0.0816,0.3193,0.2798,158,10,0.487,0.220
2025-09-11,776362,0.3244,0.2899,0.2272,0.2381,0.1136,0.0951,0.2890,0.2777,177,128,0.229,0.537
2025-09-11,776364,0.2994,0.3263,0.2706,0.2246,0.0868,0.1314,0.3045,0.2822,6,113,-0.000,0.623
2025-09-11,776365,0.3116,0.3232,0.2202,0.1505,0.0934,0.1030,0.2775,0.2529,12,149,0.143,0.186
2025-09-11,776367,0.3391,0.3143,0.2661,0.2287,0.1024,0.1034,0.2797,0.2878,211,59,0.158,0.163
2025-09-11,776368,0.2866,0.3531,0.2330,0.2623,0.0718,0.1066,0.3034,0.3013,36,50,0.001,0.479
2025-09-11,776369,0.2983,0.3323,0.2407,0.2346,0.1243,0.0881,0.3010,0.2942,41,187,0.177,-0.017
2025-09-11,776370,0.2989,0.3353,0.2309,0.2427,0.0698,0.1176,0.2744,0.2718,65,157,0.026,0.592
2025-09-11,776371,0.2795,0.2940,0.2397,0.2660,0.0926,0.0702,0.2955,0.2992,153,147,0.392,0.643
2025-09-11,776372,0.2975,0.3283,0.2924,0.2649,0.1144,0.0940,0.3220,0.2997,25,112,-0.108,0.296
2025-09-12,776345,0.3426,0.3311,0.2394,0.2445,0.1039,0.0856,0.2875,0.2783,232,191,0.244,-0.080
2025-09-12,776350,0.3001,0.2985,0.2516,0.2307,0.1130,0.1191,0.2940,0.2961,159,149,0.410,-0.163
2025-09-12,776351,0.3206,0.3182,0.2257,0.2296,0.0962,0.1087,0.2898,0.2723,199,57,0.250,0.215
2025-09-12,776352,0.2925,0.2809,0.2486,0.2636,0.0918,0.0779,0.2840,0.2853,153,131,0.035,0.614
2025-09-12,776353,0.2852,0.3201,0.2409,0.2509,0.0823,0.0949,0.2948,0.2901,121,215,0.947,0.292
2025-09-12,776354,0.2978,0.3796,0.2441,0.1671,0.0954,0.1252,0.2757,0.2553,151,158,0.396,0.522
2025-09-12,776355,0.3443,0.3059,0.2290,0.2279,0.0846,0.0726,0.2765,0.2895,211,132,0.542,0.226
2025-09-12,776356,0.3372,0.3057,0.1381,0.2168,0.1061,0.0881,0.2624,0.2911,169,103,-0.007,0.332
2025-09-12,776357,0.3592,0.2766,0.2024,0.2279,0.1068,0.0949,0.2668,0.2857,82,177,0.118,0.420
2025-09-12,776358,0.3300,0.3640,0.2592,0.2431,0.1254,0.1273,0.3141,0.2966,201,76,0.569,0.007
2025-09-12,776359,0.2631,0.3082,0.2790,0.2251,0.0562,0.0866,0.3167,0.2842,106,6,0.293,0.090
2025-09-12,776360,,0.3524,,0.2028,,0.1131,,0.2750,,33,,0.359
2025-09-12,776361,0.3597,0.2936,0.1971,0.2641,0.1158,0.0876,0.2881,0.2985,102,192,0.034,0.870
2025-09-12,776363,0.3278,0.3563,0.2008,0.2227,0.1575,0.1100,0.2618,0.2748,105,101,-0.057,0.122
2025-09-12,776366,0.2733,0.3622,0.2580,0.1947,0.0701,0.0934,0.3092,0.2625,173,119,-0.127,-0.169
2025-09-13,776328,0.3351,0.2908,0.1684,0.2612,0.1079,0.0683,0.2579,0.3107,104,205,0.152,0.497
2025-09-13,776333,0.3173,0.3087,0.2218,0.2456,0.1003,0.0631,0.2730,0.2958,7,176,0.114,0.097
2025-09-13,776336,0.3548,0.3144,0.2068,0.2100,0.1003,0.0866,0.2748,0.2882,7,6,-0.010,
2025-09-13,776337,0.3069,0.3247,0.2261,0.2925,0.0785,0.0841,0.2633,0.2964,140,177,0.536,0.652
2025-09-13,776338,0.2985,0.3525,0.2273,0.1863,0.0760,0.0872,0.2798,0.2779,121,175,0.432,0.474
2025-09-13,776339,0.2998,0.3110,0.2836,0.3106,0.0721,0.1075,0.3147,0.2948,188,49,0.146,0.720
2025-09-13,776340,0.2843,0.3230,0.2811,0.2321,0.0957,0.1022,0.3037,0.2744,125,180,-0.241,-0.297
2025-09-13,776341,0.3606,0.3057,0.1690,0.2951,0.1112,0.0947,0.2457,0.2988,67,203,0.497,-0.074
2025-09-13,776342,0.2641,0.3603,0.3042,0.1970,0.0715,0.1010,0.3033,0.2550,48,131,0.609,-0.059
2025-09-13,776343,0.3894,0.3466,0.1949,0.2202,0.0800,0.0829,0.2709,0.3026,124,84,-0.053,0.206
2025-09-13,776344,0.3279,0.3322,0.2109,0.2318,0.0979,0.1105,0.2732,0.2855,194,182,0.233,0.303
2025-09-13,776346,0.2882,0.3544,0.2692,0.1968,0.0927,0.1127,0.3052,0.2788,198,134,0.569,-0.070
2025-09-13,776347,0.3325,0.3084,0.2621,0.2189,0.1524,0.0616,0.2974,0.2699,197,49,0.936,-0.343
2025-09-13,776348,0.3375,0.3208,0.2036,0.1982,0.0946,0.0840,0.2701,0.2757,123,20,0.226,0.127
2025-09-13,776349,0.3454,0.3250,0.2209,0.2358,0.0880,0.1066,0.2697,0.2837,189,3,0.262,
2025-09-14,776317,0.2915,0.3025,0.2087,0.2359,0.0836,0.0820,0.3044,0.2826,171,166,-0.066,0.496
2025-09-14,776320,0.3196,0.3079,0.2801,0.2370,0.0838,0.0991,0.3148,0.3065,68,28,0.311,0.347
2025-09-14,776321,0.3566,0.3152,0.1598,0.2519,0.1080,0.0637,0.2517,0.2841,93,155,0.263,0.221
2025-09-14,776322,0.3149,0.3196,0.2187,0.2818,0.0840,0.0836,0.2683,0.3120,58,20,0.224,0.290
2025-09-14,776323,0.3606,0.3086,0.1732,0.2302,0.1056,0.0949,0.2440,0.3012,108,89,-0.357,0.295
2025-09-14,776324,0.3228,0.3230,0.2218,0.2055,0.0753,0.0695,0.3046,0.2901,16,175,0.035,0.589
2025-09-14,776325,0.2624,0.3049,0.2962,0.2542,0.0757,0.1380,0.3049,0.2863,100,142,0.202,-0.109
2025-09-14,776326,0.3691,0.3377,0.1788,0.2072,0.0663,0.1300,0.2725,0.2755,213,175,0.049,0.564
2025-09-14,776327,0.3139,0.3430,0.2526,0.2193,0.0878,0.1131,0.3084,0.2830,153,26,0.361,0.207
2025-09-14,776329,0.3134,0.2839,0.2250,0.2154,0.1069,0.0755,0.3016,0.2785,190,40,0.104,0.982
2025-09-14,776330,0.3245,0.2698,0.2752,0.3655,0.1061,0.0549,0.2988,0.3292,147,186,0.737,0.229
2025-09-14,776331,0.3190,0.3172,0.2245,0.2540,0.1157,0.0849,0.2825,0.3187,24,104,0.532,0.127
2025-09-14,776332,0.3088,0.3454,0.1953,0.1845,0.0941,0.1088,0.2795,0.2651,82,42,0.087,0.208
2025-09-14,776334,0.3190,0.3072,0.2371,0.2597,0.0866,0.1036,0.2910,0.3007,87,146,0.304,0.573
2025-09-14,776335,0.3135,0.3215,0.2421,0.2607,0.0820,0.1215,0.2741,0.3115,22,20,0.195,0.334
2025-09-15,776309,0.3257,0.3521,0.2329,0.2262,0.1076,0.1146,0.2947,0.2871,21,206,0.206,0.654
2025-09-15,776311,0.2803,0.3182,0.2583,0.2304,0.0948,0.0874,0.2767,0.2820,159,5,0.030,-0.005
2025-09-15,776312,0.3256,0.3376,0.2477,0.2297,0.0721,0.0812,0.2860,0.2935,191,131,0.576,0.395
2025-09-15,776313,0.3075,0.2741,0.2620,0.2371,0.0799,0.1045,0.3138,0.2659,204,148,-0.312,0.023
2025-09-15,776314,0.2984,0.3221,0.2620,0.2516,0.0976,0.0946,0.3033,0.2886,33,11,0.915,-0.459
2025-09-15,776315,0.3346,0.3747,0.2234,0.2045,0.0874,0.1106,0.2757,0.2641,97,214,0.521,0.253
2025-09-15,776316,,0.3316,,0.2383,,0.1472,,0.2871,,54,,0.092
2025-09-15,776318,0.2823,0.3022,0.2649,0.2700,0.0587,0.0953,0.2929,0.3169,140,21,0.291,0.105
2025-09-15,776319,0.3199,0.3067,0.2236,0.2639,0.1214,0.0890,0.2680,0.3061,127,38,0.081,0.262
2025-09-16,776293,0.3170,0.3535,0.2361,0.1898,0.1016,0.0631,0.2729,0.2739,75,180,-0.029,-0.100
2025-09-16,776294,0.3249,0.2984,0.2371,0.2537,0.0994,0.0820,0.2795,0.2736,4,134,,0.179
2025-09-16,776295,0.3155,0.2918,0.2688,0.2763,0.0918,0.0992,0.2923,0.2833,13,199,0.305,-0.157
2025-09-16,776297,0.3097,0.2918,0.2569,0.2750,0.0620,0.0640,0.3039,0.3007,190,45,-0.151,-0.059
2025-09-16,776298,0.3519,0.3261,0.2733,0.2660,0.1037,0.1065,0.3060,0.3014,53,91,0.458,-0.031
2025-09-16,776300,0.3017,0.3393,0.2104,0.1833,0.0953,0.0679,0.2874,0.2670,174,63,0.494,0.625
2025-09-16,776301,0.3885,0.3217,0.2310,0.2520,0.1052,0.0908,0.2762,0.2867,165,3,0.590,-0.137
2025-09-16,776302,0.2722,0.2759,0.3184,0.1993,0.0669,0.0620,0.3098,0.2782,163,174,0.913,0.128
2025-09-16,776303,0.3216,0.3431,0.2151,0.2239,0.0832,0.0914,0.3050,0.2888,64,165,0.142,0.120
2025-09-16,776304,0.3030,0.3053,0.2954,0.2276,0.1024,0.1235,0.3263,0.2984,119,124,0.548,-0.319
2025-09-16,776305,0.3274,0.3046,0.2430,0.2286,0.0890,0.0858,0.2960,0.2839,202,186,0.136,0.046
2025-09-16,776306,0.3189,0.3220,0.1932,0.2196,0.0733,0.1284,0.2814,0.2798,176,117,-0.164,0.628
2025-09-16,776307,0.2875,0.3377,0.2938,0.2604,0.0962,0.1001,0.3235,0.2794,157,217,0.244,0.136
2025-09-16,776308,0.3401,0.2481,0.1992,0.3060,0.1084,0.0666,0.3005,0.3223,85,161,0.503,0.484
2025-09-16,776310,0.3341,0.3202,0.2117,0.2362,0.1033,0.0908,0.2976,0.2926,144,3,0.522,
2025-09-17,776277,0.3089,0.3024,0.2376,0.2250,0.1000,0.0896,0.2927,0.2800,63,15,0.149,0.234
2025-09-17,776279,0.2974,0.3454,0.2311,0.2257,0.1216,0.0870,0.2980,0.2757,153,215,-0.153,0.534
2025-09-17,776280,0.2990,0.2824,0.2620,0.2764,0.0679,0.0988,0.2969,0.3203,154,85,0.653,0.020
2025-09-17,776283,0.3311,0.3362,0.2592,0.1364,0.1235,0.1047,0.3137,0.2617,205,172,0.576,-0.007
2025-09-17,776284,0.3244,0.3274,0.1974,0.2721,0.1547,0.0903,0.2613,0.2775,108,174,-0.074,0.408
2025-09-17,776285,0.3062,0.3597,0.2333,0.1925,0.0781,0.1251,0.2808,0.2836,13,106,0.225,0.047
2025-09-17,776286,0.3462,0.3154,0.2071,0.2240,0.1096,0.1060,0.2812,0.2745,36,60,0.391,0.221
2025-09-17,776287,0.2896,0.3037,0.2544,0.2764,0.0802,0.1080,0.2857,0.3160,138,30,0.571,-0.154
2025-09-17,776288,0.3235,0.2821,0.2772,0.2400,0.0944,0.0909,0.2904,0.2965,189,157,0.355,0.371
2025-09-17,776289,0.2854,0.2939,0.2449,0.2865,0.0936,0.0971,0.2825,0.3096,131,120,0.553,0.411
2025-09-17,776290,0.3283,0.3100,0.2399,0.2483,0.0870,0.0795,0.2987,0.2860,190,12,-0.021,-0.033
2025-09-17,776291,0.3224,0.2776,0.2309,0.2466,0.1112,0.0984,0.2904,0.2723,182,49,0.211,-0.279
2025-09-17,776292,0.2646,0.3003,0.2742,0.2273,0.0552,0.1172,0.3169,0.2960,109,47,0.279,0.162
2025-09-17,776296,0.3394,0.3022,0.2362,0.2875,0.1234,0.0733,0.2725,0.3118,163,187,0.619,0.332
2025-09-17,776299,0.3270,0.3598,0.1984,0.2282,0.1296,0.1067,0.2693,0.2808,15,106,0.498,0.114
2025-09-18,776269,0.3180,0.2916,0.2483,0.2533,0.0939,0.0901,0.2906,0.2870,218,157,0.299,0.075
2025-09-18,776270,0.3567,0.3650,0.1960,0.2107,0.0914,0.1039,0.2655,0.2679,123,86,-0.146,0.150
2025-09-18,776271,0.2903,0.2996,0.2573,0.2550,0.0673,0.1149,0.3094,0.2947,209,164,0.484,0.412
2025-09-18,776272,0.3289,0.2922,0.2416,0.2412,0.0846,0.0681,0.2779,0.2800,194,68,-0.089,0.057
2025-09-18,776274,0.3402,0.3059,0.2370,0.2117,0.1029,0.0860,0.2876,0.2894,235,107,0.250,0.342
2025-09-18,776275,0.2929,0.2771,0.2650,0.2621,0.0866,0.0689,0.2982,0.3123,195,177,0.888,-0.124
2025-09-18,776276,0.3205,0.3374,0.1518,0.2117,0.1006,0.1163,0.2546,0.2900,154,15,0.204,-0.144
2025-09-18,776278,0.3281,0.3304,0.2108,0.2647,0.0999,0.0918,0.2740,0.2995,199,116,0.252,0.313
2025-09-18,776281,0.3626,0.3366,0.2488,0.2325,0.1370,0.1190,0.2982,0.2830,81,190,-0.042,0.256
2025-09-18,776282,0.3492,0.2834,0.1875,0.2873,0.0857,0.0995,0.2789,0.3035,179,128,0.481,-0.226
2025-09-19,776251,0.3051,0.3404,0.2202,0.1926,0.0595,0.1066,0.2688,0.2654,53,65,-0.322,0.135
2025-09-19,776253,0.3144,0.3621,0.2175,0.1615,0.1058,0.1212,0.2717,0.2426,13,73,0.049,0.442
2025-09-19,776255,0.3662,0.3081,0.1942,0.2228,0.0970,0.0774,0.2588,0.2626,139,143,-0.007,0.523
2025-09-19,776256,0.3038,0.3404,0.2555,0.1656,0.1359,0.1139,0.2885,0.2575,145,113,-0.108,0.175
2025-09-19,776259,0.3174,0.3310,0.2011,0.2254,0.0829,0.1018,0.2881,0.2814,9,6,-0.059,
2025-09-19,776260,0.3505,0.2978,0.2181,0.2490,0.0863,0.0937,0.3002,0.2741,90,155,0.198,0.409
2025-09-19,776261,0.2685,0.2962,0.3692,0.2334,0.0542,0.0797,0.3316,0.2788,189,125,0.224,0.461
2025-09-19,776262,0.3059,0.2855,0.2510,0.2662,0.0623,0.0917,0.2971,0.3030,179,201,0.106,0.564
2025-09-19,776263,0.3309,0.3054,0.1868,0.2273,0.0791,0.0759,0.2749,0.2887,25,137,0.151,0.223
2025-09-19,776264,0.3064,0.3350,0.2934,0.2078,0.0929,0.0969,0.3003,0.2676,208,129,-0.099,0.295
2025-09-19,776265,0.3169,0.2962,0.3120,0.2923,0.1106,0.0713,0.3010,0.3168,55,191,0.761,0.148
2025-09-19,776266,0.3212,0.3171,0.2366,0.2270,0.1006,0.0951,0.2747,0.2909,184,202,-0.284,0.252
2025-09-19,776267,0.3278,0.3106,0.2587,0.2538,0.0620,0.0866,0.2866,0.3048,161,156,0.221,0.361
2025-09-19,776268,0.3528,0.3329,0.1980,0.2610,0.1155,0.1495,0.2804,0.2961,138,202,-0.047,0.946
2025-09-19,776273,0.3302,0.2814,0.2638,0.2466,0.1017,0.0806,0.2980,0.2975,156,125,0.736,0.963
2025-09-20,776233,0.3232,0.2648,0.2545,0.2953,0.1247,0.0860,0.2972,0.3046,26,104,0.205,0.183
2025-09-20,776241,0.2949,0.3566,0.2036,0.1654,0.0815,0.1065,0.3030,0.2379,177,116,-0.076,-0.338
2025-09-20,776242,0.3360,0.3238,0.1985,0.2208,0.1057,0.1273,0.2659,0.2643,45,134,0.232,0.072
2025-09-20,776243,0.3533,0.3219,0.1816,0.2073,0.1035,0.0686,0.2684,0.2894,175,178,0.347,0.578
2025-09-20,776244,0.3142,0.3688,0.2427,0.1757,0.1100,0.0651,0.2623,0.2703,92,218,0.082,0.048
2025-09-20,776245,0.3154,0.3302,0.2806,0.2427,0.0796,0.0837,0.3213,0.2926,24,92,0.426,0.297
2025-09-20,776246,0.3039,0.3482,0.2609,0.2312,0.1021,0.1133,0.3024,0.2881,149,209,0.569,0.654
2025-09-20,776247,0.3506,0.3553,0.2175,0.1560,0.1079,0.1052,0.2794,0.2517,82,97,0.130,0.258
2025-09-20,776248,0.2990,0.3114,0.2416,0.2255,0.0809,0.1052,0.2827,0.3011,169,194,0.499,0.104
2025-09-20,776250,0.3048,0.3131,0.2309,0.2401,0.0924,0.1117,0.3027,0.2778,93,27,0.333,0.595
2025-09-20,776252,0.3148,0.3219,0.2280,0.2724,0.1117,0.1276,0.3086,0.3118,36,24,0.379,0.208
2025-09-20,776254,0.3229,0.3221,0.2291,0.2488,0.0917,0.0712,0.2896,0.2861,98,194,0.389,0.586
2025-09-20,776257,0.3055,0.3857,0.2591,0.1919,0.0790,0.0787,0.3137,0.2707,207,127,-0.311,-0.081
2025-09-20,776258,0.2824,0.3065,0.2341,0.1915,0.0719,0.0921,0.2821,0.2770,45,85,1.075,0.062
2025-09-21,776225,0.3220,0.2723,0.2163,0.2422,0.0885,0.1073,0.3067,0.2684,68,152,0.157,0.012
2025-09-21,776226,0.3108,0.3852,0.2456,0.2304,0.0994,0.1030,0.2780,0.2766,78,170,-0.042,0.594
2025-09-21,776227,,0.3115,,0.2636,,0.0855,,0.2732,,42,,0.026
2025-09-21,776228,0.2692,0.2985,0.3173,0.2662,0.0657,0.0864,0.3088,0.3104,167,41,0.876,0.289
2025-09-21,776229,0.3299,0.2794,0.2256,0.1944,0.1019,0.0646,0.2872,0.2751,6,180,,0.130
2025-09-21,776230,0.2777,0.3096,0.2594,0.2438,0.0935,0.0787,0.2778,0.2722,162,142,0.031,0.196
2025-09-21,776231,0.2975,0.3337,0.2254,0.2314,0.0822,0.0800,0.2914,0.2931,10,134,0.072,0.388
2025-09-21,776232,0.3213,0.3510,0.2612,0.1875,0.1101,0.0623,0.2879,0.2740,19,183,0.557,-0.095
2025-09-21,776234,0.3449,0.3139,0.2356,0.2892,0.0685,0.0819,0.2936,0.3180,91,71,-0.035,0.305
2025-09-21,776235,0.3191,0.3786,0.2882,0.2628,0.0980,0.1319,0.3221,0.2923,127,111,0.531,0.127
2025-09-21,776236,0.3251,0.3318,0.2371,0.2409,0.0854,0.1434,0.2961,0.2930,7,57,-0.114,0.090
2025-09-21,776237,0.3785,0.3115,0.1941,0.2831,0.1087,0.0960,0.2761,0.2988,239,116,0.719,0.381
2025-09-21,776238,0.3299,0.3403,0.2255,0.2287,0.0858,0.0898,0.2763,0.2927,100,169,0.519,0.141
2025-09-21,776239,0.2798,0.3023,0.2598,0.2094,0.0576,0.0929,0.2939,0.2860,144,180,0.301,0.501
2025-09-21,776240,0.3505,0.3031,0.2680,0.2765,0.1153,0.1018,0.3059,0.3079,59,39,0.499,0.906
2025-09-22,776220,0.3410,0.2939,0.1870,0.2280,0.0663,0.1199,0.2688,0.2958,66,156,0.608,-0.156
2025-09-22,776221,0.3430,0.2878,0.2549,0.2931,0.1051,0.0945,0.2771,0.3196,223,161,0.139,0.227
2025-09-22,776222,0.2900,0.3272,0.2836,0.2729,0.1015,0.0929,0.2855,0.2903,203,193,-0.158,0.360
2025-09-23,776207,0.2891,0.3327,0.2982,0.2197,0.0956,0.1306,0.3174,0.2762,123,11,0.461,0.427
2025-09-23,776208,0.2984,0.3398,0.2282,0.2115,0.1221,0.1057,0.2942,0.2967,51,149,0.125,0.516
2025-09-23,776209,0.2869,0.3410,0.2346,0.1992,0.0934,0.1048,0.2938,0.2935,162,90,0.368,0.522
2025-09-23,776210,0.3310,0.3480,0.2623,0.2198,0.1025,0.0898,0.3038,0.2710,97,195,-0.014,0.269
2025-09-23,776211,0.3344,0.2887,0.1384,0.2609,0.1030,0.0700,0.2589,0.3096,176,213,-0.001,0.495
2025-09-23,776212,0.3054,0.2909,0.2137,0.2426,0.0978,0.0908,0.2772,0.2833,19,137,0.294,0.556
2025-09-23,776213,0.2905,0.3430,0.2742,0.2297,0.0709,0.0893,0.2965,0.2781,49,219,-0.083,0.522
2025-09-23,776214,,0.3251,,0.1536,,0.0987,,0.2542,,158,,0.209
2025-09-23,776215,0.3180,0.3065,0.2854,0.2568,0.0908,0.0611,0.3071,0.3046,148,194,-0.011,-0.165
2025-09-23,776216,0.3176,0.3219,0.2271,0.1939,0.1263,0.1520,0.2828,0.2587,120,111,0.656,-0.112
2025-09-23,776217,0.3592,0.3269,0.2287,0.2431,0.1102,0.0853,0.2843,0.3016,110,195,0.122,-0.005
2025-09-23,776218,0.2765,0.3388,0.2609,0.2442,0.0717,0.1251,0.3094,0.2726,182,168,-0.120,0.634
2025-09-23,776219,0.3154,0.3381,0.2168,0.2211,0.1026,0.1063,0.2666,0.2848,64,39,0.210,0.326
2025-09-23,776223,0.3032,0.3222,0.2280,0.1934,0.0841,0.0718,0.2848,0.2812,191,181,0.057,-0.113
2025-09-23,776224,0.3603,0.3321,0.2539,0.2591,0.1197,0.1217,0.3103,0.3156,38,209,-0.189,0.583
2025-09-24,776192,0.3291,0.2706,0.2706,0.2747,0.0884,0.0587,0.2773,0.3074,179,116,0.457,0.319
2025-09-24,776193,0.2767,0.3067,0.2844,0.2196,0.0968,0.0763,0.3226,0.2612,88,146,0.021,0.522
2025-09-24,776194,0.3625,0.3270,0.2132,0.2389,0.1018,0.0836,0.2674,0.2750,89,197,0.147,-0.091
2025-09-24,776195,0.2835,0.3269,0.2698,0.2300,0.0903,0.0978,0.3043,0.2740,205,191,0.565,-0.286
2025-09-24,776196,0.2945,,0.2944,,0.0699,,0.3168,,196,,0.143,
2025-09-24,776197,0.2925,0.3412,0.2434,0.2372,0.0666,0.1048,0.2842,0.2865,71,239,0.058,0.251
2025-09-24,776198,0.3084,0.3091,0.2380,0.2880,0.1079,0.0949,0.2609,0.2964,95,213,0.062,-0.095
2025-09-24,776199,0.3294,0.3245,0.2302,0.2122,0.1120,0.0988,0.2817,0.2759,9,202,0.494,0.253
2025-09-24,776200,0.3190,0.3550,0.2039,0.2040,0.0785,0.1133,0.2880,0.2804,13,142,-0.014,-0.041
2025-09-24,776201,0.3086,0.2961,0.2302,0.2585,0.0969,0.0669,0.2921,0.2953,67,157,0.163,0.648
2025-09-24,776202,0.2574,0.2836,0.2997,0.2881,0.0730,0.0979,0.3172,0.3061,169,131,0.464,-0.233
2025-09-24,776203,0.2933,0.2945,0.2545,0.2504,0.0889,0.0752,0.2853,0.2882,160,16,0.058,0.220
2025-09-24,776204,0.2990,0.2911,0.2881,0.2648,0.0725,0.0892,0.3111,0.2967,190,199,0.343,0.897
2025-09-24,776205,0.3364,0.3014,0.2137,0.2494,0.1105,0.0820,0.2893,0.2868,19,146,0.074,0.572
2025-09-24,776206,0.2693,0.3700,0.3684,0.2170,0.0569,0.0872,0.3320,0.2911,195,100,0.223,0.196
2025-09-25,776178,0.3051,0.3146,0.2445,0.2295,0.0920,0.0990,0.2729,0.2869,159,18,0.445,0.107
2025-09-25,776179,0.3628,0.3397,0.1581,0.2244,0.1185,0.0842,0.2408,0.2776,76,98,0.492,0.238
2025-09-25,776182,0.3135,0.3541,0.2251,0.2388,0.1070,0.1314,0.2992,0.2930,199,87,0.099,-0.008
2025-09-25,776183,0.3180,0.3335,0.2089,0.2039,0.0678,0.1041,0.2894,0.2684,181,68,0.587,0.116
2025-09-25,776184,0.3308,0.3029,0.2099,0.2590,0.0954,0.0778,0.2684,0.3144,132,211,0.318,-0.346
2025-09-25,776185,0.3009,0.3217,0.2539,0.2365,0.1212,0.0908,0.2922,0.2831,169,3,0.431,0.065
2025-09-25,776186,0.3433,0.3282,0.2271,0.2268,0.1162,0.1168,0.2813,0.2646,196,20,0.218,-0.898
2025-09-25,776187,0.3217,0.3300,0.2798,0.2587,0.1317,0.0609,0.3190,0.2853,29,165,0.203,0.223
2025-09-25,776188,0.2989,0.3768,0.2233,0.1680,0.0579,0.1224,0.2727,0.2556,56,163,-0.307,0.527
2025-09-25,776189,0.3200,0.3214,0.2239,0.2034,0.0806,0.0764,0.2772,0.2792,11,28,0.159,0.105
2025-09-25,776190,0.2960,0.3121,0.2929,0.2539,0.1026,0.0896,0.3242,0.3067,25,160,0.182,0.362
2025-09-25,776191,0.2934,0.3352,0.2326,0.2616,0.0829,0.0943,0.2802,0.2951,130,122,0.441,0.276
2025-09-26,776165,0.3134,0.3113,0.2435,0.2191,0.1080,0.1072,0.2828,0.3137,30,40,0.639,0.343
2025-09-26,776166,0.3509,0.3202,0.1684,0.2330,0.1047,0.0894,0.2376,0.2954,119,4,-0.317,
2025-09-26,776167,0.3656,0.3513,0.1733,0.1879,0.0642,0.0840,0.2705,0.2819,222,184,0.037,0.505
2025-09-26,776168,0.3125,0.3001,0.2633,0.2408,0.0823,0.0792,0.2723,0.2823,46,174,-0.008,0.502
2025-09-26,776169,0.2917,0.2947,0.2684,0.2044,0.0838,0.0801,0.3118,0.3053,44,181,0.302,-0.060
2025-09-26,776170,0.3501,0.3019,0.2307,0.2301,0.1149,0.0895,0.2880,0.3031,214,98,0.653,0.344
2025-09-26,776171,0.3215,0.3004,0.2518,0.2259,0.0737,0.0844,0.2866,0.2966,199,110,0.568,0.357
2025-09-26,776172,0.3282,0.3293,0.2381,0.1864,0.0821,0.1215,0.2890,0.2606,95,20,0.294,0.406
2025-09-26,776173,0.3182,0.3564,0.2451,0.2027,0.0974,0.0894,0.2812,0.2648,9,127,0.306,-0.095
2025-09-26,776174,0.2769,0.3271,0.2535,0.2695,0.0793,0.1003,0.3000,0.2994,128,159,0.935,0.741
2025-09-26,776175,0.3218,0.3168,0.2215,0.2571,0.1247,0.0819,0.2625,0.3152,138,110,0.062,0.129
2025-09-26,776176,0.3207,0.3027,0.2925,0.2562,0.0817,0.1002,0.2965,0.3019,184,153,0.657,0.541
2025-09-26,776177,0.3513,0.3183,0.1594,0.2682,0.1032,0.0873,0.2529,0.3121,100,28,0.261,0.348
2025-09-26,776180,0.3171,0.2795,0.2283,0.2510,0.0940,0.0686,0.2915,0.2913,205,50,0.254,1.127
2025-09-26,776181,0.3384,0.3488,0.2249,0.2186,0.0925,0.1118,0.2920,0.2806,173,86,0.162,0.172
2025-09-27,776146,0.3486,0.2925,0.1912,0.2285,0.0608,0.1177,0.2725,0.2962,189,160,-0.076,-0.169
2025-09-27,776150,0.2806,0.2698,0.2900,0.3120,0.0982,0.0645,0.3103,0.3083,114,171,0.146,0.874
2025-09-27,776152,0.3083,0.3203,0.2392,0.2876,0.0820,0.1064,0.2688,0.3222,146,131,0.193,0.519
2025-09-27,776153,0.3020,0.2973,0.2110,0.2108,0.0918,0.1034,0.2878,0.2885,183,15,0.495,0.041
2025-09-27,776154,0.2806,0.3333,0.1954,0.2097,0.0635,0.1233,0.2747,0.2725,184,35,0.125,0.275
2025-09-27,776155,0.3071,0.3163,0.2867,0.2643,0.0866,0.1060,0.3004,0.2856,6,22,-0.127,0.577
2025-09-27,776156,0.3363,0.3306,0.2318,0.2250,0.0920,0.0831,0.2795,0.2710,13,105,0.188,0.514
2025-09-27,776157,0.3029,0.3211,0.2000,0.2390,0.0963,0.1028,0.2801,0.2989,89,15,0.067,-0.138
2025-09-27,776158,0.3114,0.3194,0.2520,0.2193,0.1002,0.0864,0.2763,0.3085,27,71,0.395,0.129
2025-09-27,776159,0.3373,0.3387,0.2457,0.2132,0.1526,0.1102,0.2914,0.2850,63,10,0.094,0.177
2025-09-27,776160,0.3253,0.3766,0.2557,0.1983,0.0907,0.1105,0.2926,0.2759,14,243,-0.394,0.715
2025-09-27,776161,0.3010,0.3120,0.2295,0.2512,0.1215,0.1029,0.3012,0.2835,127,83,-0.326,-0.039
2025-09-27,776162,0.3876,0.3418,0.1913,0.2863,0.0762,0.1124,0.2715,0.3131,133,62,-0.039,0.487
2025-09-27,776163,0.3165,0.2754,0.2239,0.2571,0.0867,0.0910,0.2852,0.2750,29,168,0.282,0.020
2025-09-27,776164,0.3443,0.2765,0.1801,0.2549,0.0637,0.0564,0.2682,0.2934,71,148,0.599,0.329
2025-09-28,776135,0.3704,0.3435,0.1994,0.2261,0.1726,0.1315,0.2841,0.2716,60,18,0.263,0.528
2025-09-28,776136,0.3426,0.2731,0.2266,0.2337,0.0880,0.0937,0.2761,0.2847,223,180,0.527,0.435
2025-09-28,776137,0.3100,0.2930,0.2160,0.2546,0.1170,0.0682,0.2733,0.3089,23,220,0.256,0.484
2025-09-28,776138,0.2874,0.3282,0.3081,0.2167,0.0934,0.0952,0.3204,0.2730,127,13,0.446,-0.085
2025-09-28,776139,0.3466,0.2874,0.1715,0.2392,0.1156,0.0894,0.2633,0.2818,119,140,0.172,0.572
2025-09-28,776140,0.3009,0.3187,0.2786,0.2012,0.0987,0.1541,0.3120,0.2600,42,115,0.914,-0.130
2025-09-28,776141,0.2767,0.3056,0.2449,0.2569,0.1089,0.0639,0.2670,0.3050,158,198,0.007,-0.162
2025-09-28,776142,,0.3182,,0.2251,,0.0899,,0.2873,,101,,0.352
2025-09-28,776143,0.3178,0.3140,0.2375,0.2182,0.1282,0.0993,0.2849,0.2606,125,68,0.707,0.201
2025-09-28,776144,0.3299,0.2979,0.2591,0.2774,0.1235,0.1029,0.3153,0.2830,213,209,0.591,-0.139
2025-09-28,776145,0.3137,0.3267,0.2359,0.2443,0.0751,0.0843,0.2826,0.3019,16,198,-0.000,-0.012
2025-09-28,776147,0.3480,0.3519,0.2174,0.1837,0.0887,0.1021,0.2714,0.2657,198,178,0.269,0.356
2025-09-28,776148,0.3133,0.3216,0.2842,0.2790,0.0944,0.0886,0.3011,0.3033,119,153,0.392,0.021
2025-09-28,776149,0.3507,0.3354,0.2666,0.2609,0.1159,0.1562,0.3152,0.2960,41,210,-0.225,0.932
2025-09-28,776151,0.3432,,0.1852,,0.0684,,0.2650,,170,,0.335,
2025-09-30,813066,0.3254,0.2973,0.2698,0.2509,0.0918,0.0808,0.2904,0.2868,196,149,0.354,0.595
2025-09-30,813069,0.2796,0.2820,0.2942,0.2819,0.0964,0.1001,0.3070,0.3140,134,93,-0.228,0.013
2025-09-30,813072,0.2769,0.3345,0.2568,0.2499,0.0745,0.1234,0.3077,0.2749,186,171,-0.129,0.643
2025-09-30,813074,0.2666,0.3217,0.3667,0.2175,0.0559,0.0976,0.3317,0.2763,199,205,0.213,0.231
2026-04-01,822835,0.3526,0.3222,0.1930,0.2521,0.0743,0.0833,0.2745,0.3001,120,124,-0.039,-0.004
2026-04-01,823078,0.2957,0.3286,0.2831,0.2362,0.0981,0.0856,0.2884,0.2931,133,87,-0.145,0.357
2026-04-01,823157,0.3239,0.2994,0.2844,0.2482,0.1085,0.0788,0.3099,0.2895,43,110,0.466,0.507
2026-04-01,823321,0.3479,0.3310,0.1710,0.2683,0.0997,0.1039,0.2582,0.2904,62,127,0.233,0.339
2026-04-01,823483,0.3052,0.3055,0.2368,0.2531,0.0940,0.0657,0.3199,0.3027,33,126,0.288,-0.146
2026-04-01,823806,0.2900,0.3298,0.2380,0.3017,0.0805,0.1113,0.2785,0.2960,86,40,0.431,0.676
2026-04-01,823889,0.3170,0.3490,0.2314,0.2057,0.1174,0.0863,0.2839,0.2710,81,83,0.623,-0.092
2026-04-01,823970,0.3340,0.3019,0.2476,0.2571,0.1285,0.1140,0.2727,0.2920,107,106,0.638,0.485
2026-04-01,824136,0.3118,0.3300,0.2871,0.2415,0.0808,0.0827,0.2969,0.2897,116,60,0.626,0.228
2026-04-01,824211,0.2701,0.3087,0.3433,0.2735,0.0603,0.0796,0.3253,0.3108,123,50,0.207,0.280
2026-04-01,824536,0.2704,0.3020,0.2812,0.2054,0.0889,0.0941,0.3098,0.2838,112,117,0.374,0.451
2026-04-01,824698,0.3392,0.3071,0.2405,0.2564,0.1046,0.0815,0.2855,0.2930,151,93,0.245,0.565
2026-04-01,824860,0.3305,0.2852,0.2229,0.2551,0.0781,0.0829,0.2922,0.2956,102,83,0.368,0.864
2026-04-01,824940,0.3313,0.2942,0.2314,0.2799,0.1029,0.0949,0.2734,0.3149,121,103,-0.289,0.209
2026-04-01,825106,0.2874,0.3511,0.2521,0.2349,0.0753,0.1087,0.3031,0.2875,116,135,-0.131,0.606
2026-04-02,823242,0.2898,0.3027,0.2350,0.2442,0.0936,0.1253,0.2956,0.2891,104,92,0.366,-0.079
2026-04-02,824133,0.3256,0.2942,0.2777,0.2862,0.0968,0.0995,0.2831,0.3096,115,85,0.427,0.450
2026-04-02,824621,0.3095,0.3118,0.2854,0.2412,0.0918,0.0967,0.2968,0.2888,134,5,-0.115,-0.023
2026-04-02,825105,0.3074,0.3085,0.2619,0.2313,0.0801,0.0766,0.2969,0.2669,38,93,-0.380,0.504
2026-04-03,822758,0.3021,0.3581,0.2903,0.1790,0.0804,0.0662,0.2851,0.2708,34,139,0.105,0.034
2026-04-03,822919,0.3310,0.3406,0.2567,0.2567,0.1314,0.1011,0.3094,0.2778,136,139,0.536,0.154
2026-04-03,823240,0.3220,0.3426,0.2584,0.2042,0.1320,0.1015,0.3083,0.2733,26,47,0.411,0.045
2026-04-03,823406,0.3068,0.3183,0.2679,0.2303,0.0921,0.0912,0.3064,0.2878,31,129,0.760,0.260
2026-04-03,823568,0.3068,0.3264,0.2558,0.2666,0.1007,0.0954,0.2854,0.2976,56,102,-0.036,0.737
2026-04-03,823732,0.3370,0.3145,0.2496,0.2181,0.1341,0.0751,0.2933,0.2899,45,114,0.060,0.543
2026-04-03,824056,0.3018,0.3103,0.2545,0.2617,0.0652,0.1028,0.3018,0.2819,112,30,0.124,-0.340
2026-04-03,824134,0.3063,0.3489,0.2760,0.2141,0.0901,0.1001,0.2934,0.2774,10,117,0.255,0.221
2026-04-03,824299,0.3482,0.3103,0.1980,0.2295,0.0676,0.1024,0.2718,0.2996,48,125,0.510,0.052
2026-04-03,824377,0.3030,0.3052,0.2599,0.2532,0.0958,0.0897,0.3047,0.2738,97,100,0.491,0.431
2026-04-03,824458,0.3370,0.3118,0.2098,0.2344,0.0977,0.0836,0.2977,0.3070,60,49,0.495,0.188
2026-04-03,824786,0.3178,0.2933,0.2759,0.2847,0.1105,0.0752,0.3194,0.3083,86,127,0.489,0.190
2026-04-03,825026,0.3026,0.3314,0.2371,0.2137,0.1133,0.1066,0.2932,0.2938,37,95,0.110,0.505
2026-04-03,825103,0.3057,0.3237,0.2646,0.2386,0.0835,0.0871,0.3079,0.2696,63,94,0.181,0.173
2026-04-04,822757,0.2865,0.3619,0.2676,0.2092,0.0965,0.1058,0.3035,0.2787,77,152,0.132,0.686
2026-04-04,822920,0.3268,0.3529,0.2134,0.2151,0.1034,0.0879,0.2736,0.2853,19,43,0.099,0.360
2026-04-04,823239,0.3041,0.3199,0.2334,0.2362,0.1184,0.0823,0.3008,0.3083,83,65,-0.169,0.496
2026-04-04,823404,0.2887,0.3013,0.2530,0.2264,0.0869,0.0680,0.2846,0.2929,101,33,0.071,-0.105
2026-04-04,823569,0.3029,0.3094,0.2656,0.2461,0.0744,0.0996,0.3030,0.2904,49,47,0.186,0.187
2026-04-04,823730,0.3105,0.3110,0.2331,0.2446,0.0867,0.0875,0.2827,0.2888,18,19,-0.277,0.281
2026-04-04,824054,0.3294,0.3592,0.2356,0.1649,0.0901,0.0988,0.2757,0.2645,65,92,0.259,0.516
2026-04-04,824132,0.3133,,0.2398,,0.1114,,0.2704,,65,,0.144,
2026-04-04,824295,0.3471,0.2970,0.2144,0.2902,0.1123,0.0733,0.2768,0.3140,66,120,0.634,0.342
2026-04-04,824378,0.2927,0.3055,0.2647,0.2503,0.0692,0.1075,0.2962,0.2915,99,11,0.611,0.042
2026-04-04,824460,0.3360,0.3414,0.2592,0.2216,0.0661,0.0755,0.2864,0.2853,108,24,0.242,0.164
2026-04-04,824622,,0.2995,,0.2452,,0.0925,,0.3020,,8,,0.058
2026-04-04,824782,0.3237,0.3158,0.1747,0.2562,0.1036,0.1038,0.2614,0.2956,102,16,0.287,0.063
2026-04-04,825027,0.3242,0.3207,0.2457,0.2247,0.1189,0.1060,0.2970,0.2731,5,28,,0.299
2026-04-04,825104,0.3453,0.3062,0.2074,0.2291,0.1060,0.0966,0.2812,0.2873,91,57,-0.028,0.064
2026-04-05,822756,0.3383,0.3151,0.2155,0.2378,0.0874,0.0910,0.2660,0.2875,26,3,0.099,
2026-04-05,822917,0.3046,0.3349,0.2892,0.2198,0.1075,0.1135,0.2961,0.2648,25,91,0.229,0.063
2026-04-05,823238,0.3187,0.2934,0.2189,0.2586,0.1082,0.0732,0.2714,0.3050,61,142,0.258,0.461
2026-04-05,823405,0.3167,0.2963,0.2431,0.2570,0.0977,0.1036,0.2903,0.3058,140,22,0.313,0.176
2026-04-05,823566,,0.3181,,0.2250,,0.1033,,0.2753,,132,,0.227
2026-04-05,823729,0.3007,0.2847,0.2232,0.2330,0.0885,0.1086,0.2891,0.2666,89,101,0.250,0.003
2026-04-05,824053,0.3221,,0.2354,,0.0830,,0.2744,,123,,-0.087,
2026-04-05,824131,0.3425,0.3211,0.2391,0.2224,0.1180,0.1142,0.2850,0.2926,61,57,0.244,-0.060
2026-04-05,824296,0.3278,0.3049,0.2124,0.2186,0.0872,0.0943,0.2625,0.2847,6,56,0.056,0.060
2026-04-05,824379,0.3618,0.3725,0.1900,0.1941,0.0948,0.0762,0.2652,0.2718,97,86,0.037,-0.070
2026-04-05,824459,0.3140,0.3339,0.2776,0.2475,0.0871,0.0980,0.3016,0.3117,97,75,0.054,0.081
2026-04-05,824620,0.2972,0.3319,0.2669,0.2208,0.0817,0.0947,0.3027,0.2691,40,87,0.120,0.315
2026-04-05,824781,0.3661,0.2887,0.1821,0.2515,0.1218,0.0871,0.2606,0.2764,103,109,0.490,0.010
2026-04-05,825025,0.3553,0.3195,0.2227,0.2090,0.1453,0.1481,0.2933,0.2817,41,56,0.182,0.095
2026-04-05,825102,0.3537,0.3378,0.1990,0.2187,0.1249,0.0856,0.2791,0.2765,68,142,0.036,0.479
2026-04-06,822755,0.3316,0.3215,0.1557,0.2495,0.1037,0.0790,0.2658,0.2862,113,122,0.006,0.538
2026-04-06,822832,0.3187,0.3588,0.2185,0.2198,0.1061,0.0835,0.2850,0.2916,13,68,-0.166,0.185
2026-04-06,822918,0.2717,0.2904,0.3021,0.2665,0.0643,0.0625,0.3075,0.3055,115,76,0.832,0.311
2026-04-06,823002,0.2818,0.3156,0.2506,0.2377,0.0703,0.0911,0.2922,0.2964,96,3,0.303,
2026-04-06,823237,0.3104,0.3461,0.2377,0.1722,0.0911,0.0959,0.2892,0.2604,3,67,,0.260
2026-04-06,823401,0.3500,0.3289,0.1720,0.2449,0.1071,0.0873,0.2470,0.2807,81,13,-0.246,0.151
2026-04-06,823728,0.3378,0.3100,0.2234,0.2919,0.0904,0.0791,0.2918,0.2990,108,120,0.130,0.644
2026-04-06,823886,0.3408,0.3028,0.2240,0.2247,0.1154,0.0636,0.2863,0.2781,14,40,0.245,-0.209
2026-04-06,824052,0.2895,0.3152,0.2748,0.2370,0.0932,0.1127,0.3112,0.2956,106,118,0.162,0.184
2026-04-06,824376,,0.3353,,0.2228,,0.0889,,0.2903,,64,,0.082
2026-04-06,824456,0.2803,0.2968,0.2129,0.2558,0.0660,0.0907,0.2818,0.2906,116,129,0.111,0.774
2026-04-06,824619,0.3375,0.2993,0.1902,0.2490,0.0946,0.0888,0.2716,0.2993,32,11,0.113,0.200
2026-04-06,824783,0.2855,0.3436,0.2624,0.2277,0.0918,0.1089,0.2786,0.2820,35,125,-0.292,0.250
2026-04-07,822754,0.3246,0.3114,0.2315,0.2270,0.0840,0.1006,0.2872,0.3159,90,37,0.391,0.317
2026-04-07,822831,0.3000,0.3187,0.2525,0.2534,0.1120,0.0820,0.2923,0.3001,109,127,0.508,-0.016
2026-04-07,822916,0.2970,0.3308,0.2525,0.2222,0.0824,0.0758,0.2879,0.2983,115,107,0.526,0.386
2026-04-07,822999,0.3202,0.3268,0.2284,0.2333,0.0898,0.0993,0.2872,0.2834,63,1,0.332,
2026-04-07,823235,0.3027,0.3068,0.2478,0.2365,0.0644,0.1277,0.2998,0.2907,130,97,-0.124,-0.075
2026-04-07,823402,0.3269,0.2685,0.2693,0.2861,0.1024,0.0927,0.2894,0.3113,130,116,0.341,0.374
2026-04-07,823567,0.3309,0.3168,0.2519,0.2924,0.0990,0.1045,0.2896,0.3177,102,47,0.362,0.501
2026-04-07,823648,0.3506,0.2945,0.2302,0.2875,0.1066,0.0961,0.2834,0.2887,139,137,0.619,-0.145
2026-04-07,823727,0.2955,0.3252,0.2465,0.2786,0.0737,0.0953,0.2998,0.2819,120,118,-0.136,0.439
2026-04-07,823887,0.3125,0.3482,0.2019,0.2083,0.0955,0.0846,0.2796,0.2714,125,86,0.432,-0.072
2026-04-07,824051,0.2988,0.3366,0.2615,0.2407,0.0771,0.1074,0.2963,0.2861,42,155,-0.442,0.253
2026-04-07,824375,0.3111,0.3487,0.2593,0.2008,0.0842,0.0731,0.3035,0.2779,56,123,0.281,-0.018
2026-04-07,824457,0.3233,0.3361,0.2417,0.2432,0.0801,0.1322,0.2892,0.2710,64,110,0.322,0.600
2026-04-07,824618,0.2799,0.3253,0.2567,0.2174,0.0813,0.1171,0.2974,0.2808,86,90,0.841,0.636
2026-04-07,824780,0.3232,0.2722,0.3124,0.3411,0.1081,0.0581,0.2993,0.3219,43,130,0.749,0.173
2026-04-08,822753,0.3680,0.3531,0.1910,0.1814,0.0653,0.0653,0.2688,0.2712,52,142,0.506,0.053
2026-04-08,822833,0.2973,0.3088,0.2568,0.2869,0.0736,0.0941,0.2913,0.2988,34,140,0.020,-0.116
2026-04-08,822915,0.3003,0.3384,0.2489,0.2628,0.0694,0.0996,0.2988,0.2773,116,142,0.130,0.142
2026-04-08,823000,0.3445,0.3320,0.1960,0.2589,0.0847,0.1384,0.2830,0.2952,112,49,0.445,0.069
2026-04-08,823234,0.2975,0.3508,0.2614,0.1989,0.0940,0.1119,0.3032,0.2799,100,55,0.514,0.087
2026-04-08,823403,0.3134,0.3190,0.2705,0.2308,0.1083,0.0946,0.3174,0.2897,89,133,0.489,0.255
2026-04-08,823564,0.3335,0.3267,0.2360,0.2723,0.1163,0.0931,0.2704,0.2999,126,106,-0.295,0.760
2026-04-08,823646,0.3168,0.2913,0.2382,0.2313,0.0747,0.0898,0.2693,0.2949,97,111,0.541,0.347
2026-04-08,823726,0.3090,0.3169,0.2313,0.2165,0.1008,0.0782,0.2987,0.2858,128,120,0.071,0.478
2026-04-08,823885,0.3327,0.3094,0.2566,0.2536,0.1338,0.1049,0.3094,0.2803,140,61,0.538,-0.038
2026-04-08,824050,0.3003,0.3015,0.2663,0.2535,0.0816,0.0996,0.3098,0.2836,66,33,0.176,-0.257
2026-04-08,824374,0.3126,0.3260,0.2279,0.2429,0.1188,0.0957,0.2912,0.2737,41,111,0.087,0.412
2026-04-08,824455,0.2879,0.3065,0.2853,0.2462,0.0968,0.0815,0.3089,0.3061,89,52,0.474,0.220
2026-04-08,824617,0.2983,0.3614,0.2884,0.2483,0.0883,0.1169,0.3105,0.2830,35,75,0.819,-0.038
2026-04-08,824779,,0.2900,,0.2803,,0.0741,,0.3049,,130,,0.194
2026-04-09,823319,0.3176,0.3203,0.2458,0.1777,0.0940,0.1018,0.2869,0.2624,1,105,,0.281
2026-04-09,823565,0.3312,0.3077,0.2147,0.2509,0.1102,0.1032,0.2945,0.2971,99,53,0.565,0.299
2026-04-09,823645,0.3260,0.3123,0.2312,0.2612,0.0844,0.1276,0.2693,0.3027,99,29,0.178,0.557
2026-04-09,823724,0.2968,0.3098,0.2933,0.2422,0.0822,0.0942,0.3142,0.2864,125,24,0.359,0.076
2026-04-09,823884,0.3310,0.3013,0.2128,0.2653,0.0973,0.0806,0.2781,0.2996,24,53,0.152,0.162
2026-04-09,824130,0.3463,0.3461,0.2153,0.2106,0.0882,0.0985,0.2766,0.2754,5,120,0.380,0.244
2026-04-10,822829,0.2853,0.3466,0.2274,0.2186,0.1060,0.0945,0.2638,0.2727,105,123,0.015,0.258
2026-04-10,822997,0.3172,0.3009,0.2045,0.2492,0.1413,0.0836,0.2638,0.2910,71,21,-0.110,-0.281
2026-04-10,823076,0.3136,0.3442,0.2652,0.2183,0.1220,0.1140,0.2965,0.2779,21,73,0.171,0.730
2026-04-10,823156,0.3218,0.3383,0.2645,0.2326,0.1137,0.0860,0.3053,0.2780,8,71,-0.086,0.318
2026-04-10,823318,0.3711,0.3596,0.1890,0.1909,0.0808,0.1196,0.2690,0.2659,90,106,-0.031,0.492
2026-04-10,823482,0.3027,0.2910,0.2299,0.2645,0.1017,0.0676,0.2854,0.2981,61,103,0.081,0.602
2026-04-10,823643,0.3471,0.3046,0.2410,0.2339,0.1303,0.1220,0.2886,0.2985,56,87,-0.102,-0.187
2026-04-10,823808,0.3700,0.3092,0.2117,0.2298,0.1070,0.0937,0.2812,0.2779,159,5,0.683,-0.392
2026-04-10,823968,0.3575,0.2860,0.2016,0.2672,0.0823,0.0937,0.2769,0.3096,50,81,0.354,0.144
2026-04-10,824128,0.3292,0.3295,0.2217,0.2198,0.0921,0.1167,0.2675,0.2900,91,63,0.309,-0.029
2026-04-10,824297,0.3336,0.2979,0.1988,0.2215,0.0699,0.0919,0.2733,0.2825,108,59,0.402,0.108
2026-04-10,824534,0.3649,0.2992,0.1724,0.2907,0.0956,0.1038,0.2671,0.2978,97,28,0.519,0.202
2026-04-10,824695,0.3000,0.3306,0.2299,0.2548,0.0764,0.0650,0.2942,0.2817,36,111,-0.079,0.261
2026-04-10,824858,0.3124,0.2889,0.2542,0.2575,0.0804,0.0904,0.3099,0.2871,68,106,0.544,0.109
2026-04-10,824941,0.3281,0.3397,0.2494,0.2100,0.0959,0.1039,0.3055,0.2815,78,94,0.053,-0.005
2026-04-11,822830,0.3060,0.3026,0.2926,0.2517,0.0778,0.0866,0.2986,0.2969,123,46,0.664,-0.064
2026-04-11,822996,0.3167,0.2985,0.2295,0.2189,0.1007,0.0868,0.2773,0.2858,137,92,0.240,0.241
2026-04-11,823074,0.2898,0.3187,0.2471,0.2433,0.0914,0.0966,0.2751,0.2705,112,10,0.019,-0.123
2026-04-11,823155,0.3552,0.3222,0.2123,0.2292,0.1574,0.0809,0.2817,0.2747,46,128,0.197,-0.089
2026-04-11,823316,0.3347,0.3456,0.2203,0.1754,0.0848,0.1050,0.2851,0.2490,70,84,0.108,-0.219
2026-04-11,823480,0.3396,0.3769,0.2135,0.1942,0.0836,0.0969,0.2758,0.2693,147,104,0.476,-0.015
2026-04-11,823644,0.3145,0.3164,0.2271,0.2280,0.1516,0.1128,0.2830,0.2752,60,65,0.163,0.318
2026-04-11,823805,0.3006,0.3521,0.2725,0.2414,0.0870,0.1152,0.2928,0.2902,6,64,-0.009,0.216
2026-04-11,823967,0.3320,0.3256,0.2271,0.2729,0.1171,0.0858,0.2681,0.2808,95,40,0.022,0.136
2026-04-11,824129,0.3470,0.2815,0.1971,0.2082,0.0979,0.0646,0.2746,0.2833,115,120,0.186,0.097
2026-04-11,824294,0.3034,0.3333,0.2161,0.2196,0.0709,0.0888,0.2708,0.2919,44,111,-0.145,0.150
2026-04-11,824535,0.3286,0.3430,0.2341,0.2254,0.0897,0.1224,0.2808,0.2890,4,18,,0.281
2026-04-11,824697,0.2922,0.3092,0.2598,0.2787,0.1000,0.0855,0.2992,0.3031,25,100,0.158,0.057
2026-04-11,824857,0.2908,0.3253,0.2549,0.2361,0.0721,0.1046,0.3024,0.2876,145,146,0.451,0.301
2026-04-11,824939,0.3314,0.3607,0.2256,0.1929,0.0731,0.1212,0.2866,0.2761,27,72,0.148,0.048
2026-04-12,822828,0.3270,0.3636,0.2836,0.2266,0.0932,0.0879,0.2868,0.2939,122,73,0.417,0.141
2026-04-12,822998,0.3090,0.2891,0.3028,0.2400,0.1017,0.0790,0.3238,0.2777,50,89,0.527,0.408
2026-04-12,823075,0.3411,0.3367,0.2323,0.1497,0.1061,0.1109,0.2872,0.2589,130,120,0.217,0.013
2026-04-12,823154,0.3273,0.2762,0.2220,0.2954,0.0912,0.0629,0.2778,0.3052,3,119,,0.843
2026-04-12,823317,0.3469,0.3218,0.2030,0.2808,0.0774,0.1008,0.2799,0.2928,126,133,-0.009,0.340
2026-04-12,823479,0.3458,,0.2284,,0.1035,,0.2847,,145,,0.628,
2026-04-12,823642,0.3258,0.2983,0.2564,0.2854,0.1021,0.0987,0.2914,0.2918,107,142,0.347,-0.126
2026-04-12,823804,0.3192,0.2902,0.2549,0.2568,0.0827,0.0963,0.2868,0.2789,126,41,0.542,-0.301
2026-04-12,823966,0.2966,0.3328,0.2733,0.2061,0.0608,0.0837,0.3049,0.2648,80,30,0.327,0.103
2026-04-12,824126,0.2949,0.3268,0.2492,0.2361,0.0842,0.0783,0.3000,0.2858,15,67,0.231,0.308
2026-04-12,824293,0.3444,0.2937,0.2042,0.2535,0.0830,0.0725,0.2739,0.3025,89,123,-0.063,-0.127
2026-04-12,824533,0.3172,0.3095,0.2318,0.2041,0.1103,0.0940,0.2960,0.2805,122,128,0.177,0.434
2026-04-12,824696,0.3353,0.2796,0.2485,0.2506,0.0840,0.0686,0.2848,0.2911,16,100,0.216,0.295
2026-04-12,824859,0.3419,0.3315,0.1746,0.2523,0.0931,0.0930,0.2611,0.2886,71,75,0.269,0.268
2026-04-12,824938,0.2974,0.2947,0.2506,0.2802,0.0888,0.0911,0.2903,0.3133,133,110,0.780,0.173
2026-04-13,823073,0.3318,0.3339,0.2449,0.2306,0.1299,0.0813,0.2735,0.2877,113,95,0.626,0.394
2026-04-13,823153,0.3044,0.2958,0.2613,0.2540,0.0822,0.0810,0.3004,0.2893,59,118,0.299,0.515
2026-04-13,823400,0.3144,0.2644,0.2379,0.2926,0.0912,0.0911,0.2917,0.3114,3,119,,0.376
2026-04-13,823481,0.3218,0.3037,0.2231,0.2467,0.0877,0.0628,0.2815,0.2989,66,135,0.329,-0.127
2026-04-13,823563,0.3347,0.3236,0.2467,0.2777,0.1059,0.0910,0.2862,0.3019,158,110,0.312,0.778
2026-04-13,823725,0.2723,0.3158,0.3411,0.2130,0.0572,0.0770,0.3185,0.2842,133,123,0.198,0.503
2026-04-13,823964,0.2974,0.3414,0.2304,0.1996,0.0873,0.1218,0.2917,0.2776,116,20,0.334,-0.117
2026-04-13,824856,0.3124,0.3191,0.2400,0.1973,0.0733,0.0745,0.2730,0.2823,100,111,0.554,-0.108
2026-04-13,824937,0.3080,0.2955,0.2495,0.2679,0.1079,0.0798,0.2825,0.3069,67,69,0.060,0.177
2026-04-13,825024,0.3243,0.3343,0.2229,0.2417,0.0741,0.1218,0.3010,0.2708,111,134,0.400,-0.268
2026-04-14,823072,0.2985,0.3689,0.2572,0.1829,0.0795,0.0626,0.3084,0.2622,55,57,0.227,0.450
2026-04-14,823315,0.2981,0.3123,0.2434,0.2634,0.0680,0.1121,0.2974,0.3134,120,93,0.101,0.481
2026-04-14,823398,0.3145,0.3153,0.2380,0.2324,0.0912,0.0932,0.2918,0.2902,3,136,,0.255
2026-04-14,823478,,0.2944,,0.2672,,0.0918,,0.3053,,104,,0.500
2026-04-14,823562,0.2921,0.3068,0.2533,0.2509,0.0956,0.0998,0.2793,0.2968,37,57,-0.170,0.319
2026-04-14,823723,0.2879,0.3249,0.2797,0.2511,0.0726,0.1003,0.3053,0.3005,134,29,0.220,0.084
2026-04-14,823802,0.3166,0.3140,0.2482,0.3320,0.0856,0.1051,0.2967,0.3095,131,46,-0.020,0.810
2026-04-14,823965,0.3089,0.2947,0.2527,0.2657,0.1236,0.1101,0.2953,0.2948,32,112,0.593,0.509
2026-04-14,824210,0.3229,0.3310,0.2445,0.2388,0.0941,0.1016,0.2750,0.2929,114,67,0.464,0.662
2026-04-14,824292,0.2925,0.3171,0.2891,0.2196,0.1003,0.1059,0.3080,0.2964,94,138,0.467,0.043
2026-04-14,824531,0.3065,0.3370,0.2369,0.2491,0.1246,0.1300,0.2909,0.3037,101,146,-0.066,0.498
2026-04-14,824616,0.3081,,0.2536,,0.1007,,0.2979,,7,,-0.026,
2026-04-14,824853,0.3747,0.2753,0.2323,0.2584,0.1009,0.0797,0.2782,0.2962,104,89,0.564,0.880
2026-04-14,824935,0.3074,0.3043,0.2603,0.2681,0.0851,0.0736,0.2972,0.2977,59,47,0.151,-0.473
2026-04-14,825022,0.3369,0.3269,0.2710,0.2108,0.1069,0.1083,0.2819,0.2929,147,102,0.171,0.538
2026-04-15,823071,0.3273,0.3404,0.2512,0.2192,0.0940,0.1180,0.3031,0.2830,81,77,0.124,0.734
2026-04-15,823314,0.3365,0.3200,0.2274,0.1864,0.0842,0.1000,0.2777,0.2621,74,108,0.371,0.301
2026-04-15,823399,0.3764,,0.2140,,0.1171,,0.2779,,166,,0.652,
2026-04-15,823477,0.3286,0.2887,0.2504,0.2701,0.0640,0.0720,0.2831,0.3002,114,107,0.258,0.621
2026-04-15,823561,0.3632,0.3302,0.1682,0.2029,0.0996,0.1499,0.2660,0.2648,101,77,0.528,-0.084
2026-04-15,823722,0.3080,0.2836,0.2645,0.2279,0.1165,0.1035,0.2894,0.2634,25,109,0.223,0.018
2026-04-15,823803,0.3135,0.3152,0.2862,0.2343,0.1021,0.1168,0.2966,0.2703,144,68,-0.111,0.090
2026-04-15,823963,0.3033,0.2937,0.2277,0.2539,0.1255,0.0700,0.2981,0.2877,91,39,-0.153,-0.078
2026-04-15,824209,0.3361,0.3310,0.2112,0.2388,0.1310,0.1016,0.2744,0.2929,113,67,0.532,0.662
2026-04-15,824291,0.3449,0.3011,0.2060,0.2870,0.1019,0.0859,0.2744,0.3119,124,129,0.270,0.355
2026-04-15,824532,0.3515,0.3402,0.2072,0.2007,0.1074,0.0920,0.2847,0.2706,60,29,0.095,0.046
2026-04-15,824615,,0.3581,,0.2483,,0.1136,,0.2839,,79,,-0.056
2026-04-15,824855,0.3377,0.2958,0.2255,0.2897,0.0825,0.0857,0.2653,0.3104,103,38,0.163,0.774
2026-04-15,824936,0.3315,0.3371,0.1941,0.2110,0.0684,0.1077,0.2693,0.2781,112,98,0.402,-0.000
2026-04-15,825021,0.3503,0.3402,0.2051,0.2517,0.0803,0.1272,0.2773,0.2949,53,59,0.377,-0.132
2026-04-16,823313,0.3184,0.3568,0.2308,0.1934,0.0797,0.1176,0.2746,0.2677,131,109,-0.082,0.476
2026-04-16,823396,0.3072,0.2851,0.2607,0.2736,0.0834,0.0967,0.2947,0.3048,9,28,0.019,0.205
2026-04-16,823560,0.3186,0.3125,0.2086,0.2311,0.1030,0.0992,0.2773,0.2753,15,140,-0.045,0.221
2026-04-16,823801,0.3531,0.3442,0.2158,0.2215,0.0964,0.1313,0.2714,0.2690,130,16,0.202,0.453
2026-04-16,824208,,,,,,,,,,,,
2026-04-16,824289,0.3282,0.2906,0.2286,0.2225,0.1211,0.0890,0.2867,0.2824,67,63,0.004,0.109
2026-04-16,824453,0.2893,0.3281,0.2529,0.2134,0.0948,0.0801,0.2849,0.2825,109,32,0.094,0.177
2026-04-16,824530,0.3067,0.2935,0.2541,0.2922,0.0781,0.1006,0.3121,0.3002,72,31,0.571,0.305
2026-04-16,824614,0.3082,0.3295,0.2436,0.2338,0.0895,0.0922,0.2954,0.2840,27,2,-0.273,
2026-04-16,825023,0.3432,0.3132,0.2358,0.2261,0.1183,0.1456,0.2697,0.2820,102,65,0.013,0.178
2026-04-17,822752,0.2909,0.3175,0.2596,0.2601,0.0756,0.0810,0.3060,0.2890,149,130,0.470,0.535
2026-04-17,823152,0.2980,0.2780,0.2727,0.2960,0.0592,0.0619,0.3044,0.3063,84,122,0.303,0.812
2026-04-17,823397,0.3015,0.3312,0.2247,0.2518,0.0905,0.0809,0.2852,0.2953,97,19,0.243,0.223
2026-04-17,823476,0.3616,0.3848,0.1873,0.1991,0.1177,0.0994,0.2781,0.2698,76,110,0.062,0.014
2026-04-17,823559,0.2854,0.3059,0.2092,0.3071,0.0633,0.0973,0.2892,0.3280,124,55,0.106,0.534
2026-04-17,823720,0.3384,0.3082,0.2240,0.2902,0.1272,0.0811,0.2859,0.2983,23,128,0.089,0.635
2026-04-17,823883,,0.3112,,0.2043,,0.0671,,0.2658,,50,,-0.151
2026-04-17,824048,0.3208,0.3169,0.2599,0.2281,0.0998,0.1085,0.2966,0.2958,47,125,0.393,0.186
2026-04-17,824207,0.3110,0.3108,0.2472,0.2241,0.0928,0.0937,0.2793,0.2858,13,8,-0.081,-0.028
2026-04-17,824373,0.2824,0.3639,0.2686,0.1906,0.0919,0.0788,0.3096,0.2698,84,94,0.152,-0.045
2026-04-17,824454,0.3267,0.2949,0.2327,0.2506,0.1079,0.0871,0.2854,0.2896,149,137,0.282,0.749
2026-04-17,824693,0.3145,0.3059,0.2287,0.2780,0.1094,0.0835,0.2745,0.3056,69,104,0.351,0.087
2026-04-17,824778,0.3317,0.2957,0.2203,0.2458,0.0869,0.1002,0.2951,0.2731,115,117,0.171,0.012
2026-04-17,825019,0.3268,0.3254,0.2174,0.2621,0.0905,0.0997,0.2656,0.2955,94,111,0.302,0.338
2026-04-17,825101,0.3275,0.3128,0.2273,0.2330,0.0896,0.1042,0.2813,0.2875,4,68,,0.081
2026-04-18,822751,0.3498,0.3168,0.1756,0.2226,0.0970,0.1090,0.2621,0.3139,76,48,0.341,0.341
2026-04-18,823151,0.3213,0.2966,0.2306,0.2484,0.0729,0.0793,0.3042,0.2879,114,122,0.393,0.536
2026-04-18,823394,0.2877,0.2667,0.2419,0.3026,0.0775,0.0892,0.2793,0.3125,92,123,0.393,0.390
2026-04-18,823474,0.2958,0.3010,0.2837,0.2480,0.0885,0.0619,0.3158,0.3004,115,138,0.167,-0.116
2026-04-18,823558,0.3300,0.3216,0.2307,0.2787,0.0766,0.0895,0.2839,0.3009,70,113,0.355,0.777
2026-04-18,823721,0.3147,0.3280,0.1958,0.2799,0.0902,0.1009,0.2794,0.2833,136,128,0.432,0.357
2026-04-18,823882,0.2820,0.3398,0.2687,0.2093,0.0936,0.0798,0.2877,0.2778,44,95,-0.254,-0.008
2026-04-18,824049,0.3536,0.3427,0.1830,0.2445,0.1015,0.1032,0.2464,0.2868,89,164,-0.192,0.353
2026-04-18,824206,0.3422,0.3694,0.1565,0.2028,0.1133,0.1594,0.2643,0.2794,125,51,0.019,0.122
2026-04-18,824372,0.3289,0.3424,0.2818,0.2196,0.0826,0.0892,0.2849,0.2829,44,75,0.163,0.145
2026-04-18,824451,0.3315,0.3318,0.1928,0.2465,0.0728,0.1305,0.2811,0.2737,115,120,-0.108,0.631
2026-04-18,824694,0.2974,0.2862,0.2896,0.2430,0.0968,0.0726,0.2938,0.2883,146,105,-0.126,0.287
2026-04-18,824775,0.2923,0.3429,0.2548,0.2287,0.0714,0.1045,0.3045,0.2861,126,133,-0.126,0.213
2026-04-18,825020,0.3447,0.3473,0.2039,0.2421,0.0958,0.1270,0.2745,0.2756,119,142,0.195,-0.254
2026-04-18,825098,0.3562,0.3453,0.2290,0.2251,0.0860,0.1021,0.2949,0.2853,76,148,0.151,0.621
2026-04-19,822750,0.3104,0.3113,0.2372,0.2386,0.1277,0.0860,0.2901,0.2907,105,7,-0.055,-0.287
2026-04-19,823150,0.3329,0.2976,0.2718,0.2435,0.1055,0.0666,0.2811,0.2987,150,124,0.165,0.121
2026-04-19,823393,0.3120,0.3236,0.2498,0.2304,0.1217,0.1004,0.3077,0.2884,12,142,-0.096,0.251
2026-04-19,823475,0.2906,0.3119,0.2694,0.2351,0.0781,0.0847,0.3068,0.2857,72,8,0.173,0.405
2026-04-19,823556,0.2993,0.3390,0.2817,0.2447,0.1042,0.1023,0.3070,0.2959,98,64,0.414,0.278
2026-04-19,823718,0.3316,0.3156,0.2444,0.2149,0.1275,0.0758,0.3025,0.2848,150,126,0.498,0.529
2026-04-19,823881,0.3064,0.3076,0.3320,0.2591,0.1024,0.1055,0.3103,0.2867,49,70,0.817,0.078
2026-04-19,824047,0.3092,,0.2711,,0.1100,,0.3139,,96,,0.475,
2026-04-19,824205,0.3370,0.3075,0.2248,0.2567,0.0794,0.0783,0.2927,0.3004,99,65,0.411,0.308
2026-04-19,824371,0.3324,0.3199,0.2268,0.2459,0.0899,0.0926,0.2764,0.2801,35,117,0.112,0.450
2026-04-19,824452,0.2720,0.3028,0.2515,0.2569,0.0777,0.0769,0.2948,0.3053,93,59,0.950,0.250
2026-04-19,824691,0.3229,0.3260,0.2414,0.2239,0.0857,0.0852,0.2866,0.2864,51,70,-0.260,0.309
2026-04-19,824777,0.3141,0.2762,0.2163,0.3259,0.1044,0.0647,0.2945,0.3110,141,142,0.050,0.110
2026-04-19,825018,0.3322,0.3331,0.2237,0.2032,0.1158,0.1104,0.2841,0.2873,7,108,0.087,0.546
2026-04-19,825100,0.3145,0.3125,0.2482,0.2402,0.0890,0.0777,0.2936,0.2710,135,104,-0.023,0.566
2026-04-20,822749,0.3355,0.3783,0.2167,0.2152,0.1168,0.1217,0.2813,0.2821,103,174,0.039,0.624
2026-04-20,822994,0.3341,,0.2050,,0.0891,,0.2719,,32,,0.025,
2026-04-20,823149,0.3353,0.3312,0.2537,0.2224,0.1242,0.0825,0.2978,0.2797,62,77,-0.136,0.349
2026-04-20,823879,0.3745,0.3073,0.1767,0.2620,0.0606,0.0831,0.2610,0.2965,61,62,0.525,0.159
2026-04-20,824046,0.3138,0.2923,0.2806,0.2456,0.1002,0.0929,0.2971,0.2805,148,40,-0.129,-0.138
2026-04-20,824125,0.2851,0.3432,0.2979,0.2080,0.0825,0.1003,0.3132,0.2746,42,127,0.865,0.254
2026-04-20,824370,0.3329,0.3372,0.2043,0.2041,0.1177,0.1435,0.2731,0.2711,23,119,-0.100,0.521
2026-04-20,824450,0.3288,0.3246,0.2373,0.2426,0.1054,0.0977,0.2962,0.2985,72,86,0.645,0.138
2026-04-20,824692,0.2910,0.3384,0.2743,0.1971,0.0903,0.0830,0.3072,0.2826,107,116,0.486,0.398
2026-04-20,824776,0.2967,0.2876,0.2877,0.2776,0.0846,0.0709,0.3109,0.3046,132,139,0.351,0.186
2026-04-21,822747,0.3091,0.3033,0.2583,0.2599,0.0801,0.0790,0.2915,0.2960,51,13,-0.479,0.098
2026-04-21,822914,0.2976,0.3509,0.2329,0.2048,0.0744,0.0855,0.2954,0.2760,39,58,-0.133,0.354
2026-04-21,822995,0.2944,0.3286,0.2933,0.2328,0.0975,0.0858,0.2946,0.2980,34,31,0.327,-0.298
2026-04-21,823148,0.3081,0.3204,0.2207,0.2312,0.1423,0.0832,0.2803,0.2708,68,135,0.225,-0.085
2026-04-21,823236,0.3008,0.3072,0.2595,0.2557,0.1077,0.0765,0.2942,0.3108,116,75,0.526,0.587
2026-04-21,823640,0.2820,0.3096,0.2328,0.2497,0.1064,0.1277,0.2651,0.2992,114,37,0.028,0.527
2026-04-21,823880,0.3392,0.3271,0.2184,0.2022,0.1140,0.0673,0.2823,0.2699,82,115,0.712,0.416
2026-04-21,824045,0.3507,0.3689,0.2176,0.1690,0.0950,0.1027,0.2710,0.2642,133,106,0.238,0.526
2026-04-21,824127,0.2995,0.3311,0.2499,0.2232,0.1030,0.1261,0.2853,0.2813,115,70,0.115,0.001
2026-04-21,824290,0.3431,0.2847,0.2338,0.2330,0.1117,0.0870,0.2867,0.2833,68,66,0.249,0.118
2026-04-21,824369,0.3202,0.3416,0.1889,0.2139,0.0984,0.1109,0.2633,0.2878,111,10,0.317,-0.263
2026-04-21,824448,0.3092,0.3218,0.2377,0.2252,0.0915,0.0873,0.2880,0.2862,3,36,,0.190
2026-04-21,824690,0.2898,0.3315,0.2711,0.2545,0.0709,0.0623,0.3016,0.2841,110,119,0.598,0.267
2026-04-21,824773,0.3296,0.3096,0.1970,0.2637,0.1457,0.1115,0.2649,0.2907,81,29,-0.069,0.297
2026-04-21,825099,0.3535,0.3720,0.2500,0.2280,0.1114,0.0992,0.2849,0.2785,82,107,-0.011,0.580
2026-04-22,822748,0.3329,0.3180,0.2254,0.2598,0.1043,0.0794,0.2877,0.2877,13,134,0.165,0.535
2026-04-22,822913,0.2760,0.3477,0.2863,0.2361,0.0938,0.1216,0.3086,0.2724,31,106,0.225,0.016
2026-04-22,822993,0.3416,0.3060,0.2159,0.2314,0.1229,0.0884,0.2798,0.2891,26,101,0.006,0.217
2026-04-22,823147,0.3221,0.2822,0.2659,0.3024,0.0970,0.0653,0.2959,0.3087,116,128,0.368,0.826
2026-04-22,823231,0.2918,0.3537,0.2560,0.2097,0.0682,0.1087,0.2890,0.2870,42,68,-0.098,0.144
2026-04-22,823641,,0.3016,,0.2217,,0.1224,,0.2929,,95,,-0.155
2026-04-22,823878,0.3002,0.3137,0.2600,0.1986,0.0882,0.0655,0.2847,0.2588,17,53,-0.078,-0.088
2026-04-22,824044,0.2954,0.3119,0.2538,0.2349,0.0845,0.1069,0.2970,0.2978,49,128,-0.066,0.206
2026-04-22,824123,0.3310,0.2810,0.2261,0.2099,0.1143,0.0620,0.2824,0.2889,155,128,0.282,0.127
2026-04-22,824286,0.3249,0.3265,0.2419,0.2221,0.1027,0.0855,0.3001,0.2960,20,118,-0.170,0.181
2026-04-22,824367,0.3548,0.3717,0.2015,0.1907,0.1215,0.0765,0.2694,0.2682,112,99,0.477,-0.027
2026-04-22,824449,0.3206,0.3001,0.2191,0.2492,0.0863,0.0900,0.2897,0.2891,14,142,0.281,0.742
2026-04-22,824688,,0.3043,,0.2578,,0.0803,,0.2926,,96,,0.600
2026-04-22,824774,0.3131,0.2957,0.2302,0.2458,0.1018,0.0981,0.2766,0.2738,145,121,0.206,0.003
2026-04-22,825097,0.3456,0.3378,0.2138,0.2260,0.0967,0.0866,0.2715,0.2656,10,107,0.271,0.152
2026-04-23,822745,,0.3148,,0.2323,,0.1053,,0.3171,,52,,0.340
2026-04-23,822912,0.3255,0.2990,0.2667,0.2749,0.0780,0.0702,0.3072,0.2980,22,90,0.261,0.283
2026-04-23,823233,0.2831,0.2951,0.2747,0.2605,0.0963,0.0746,0.3099,0.3063,88,152,0.170,0.479
2026-04-23,823639,0.3043,0.3139,0.2907,0.2445,0.0799,0.0804,0.3005,0.2871,131,19,0.635,0.111
2026-04-23,824288,0.3316,0.2903,0.2381,0.2559,0.1265,0.0703,0.2792,0.3064,19,129,0.580,-0.126
2026-04-23,824368,0.3202,0.3541,0.2503,0.2115,0.0964,0.0861,0.2945,0.2793,51,80,0.400,0.165
2026-04-23,824689,0.3072,0.3078,0.2429,0.2772,0.0607,0.0816,0.2979,0.3072,142,108,-0.120,0.120
2026-04-23,824770,0.3048,0.3225,0.3075,0.2217,0.0950,0.0931,0.3258,0.2740,58,8,0.583,-0.130
2026-04-23,825096,0.3248,0.3077,0.2130,0.2351,0.0888,0.1019,0.2646,0.2849,97,71,0.347,0.145
2026-04-24,822827,0.3284,0.3576,0.2574,0.2208,0.1277,0.0902,0.2802,0.2855,124,81,0.623,0.156
2026-04-24,822909,0.3470,0.3193,0.2385,0.2296,0.1301,0.0709,0.2745,0.3004,145,119,-0.242,0.382
2026-04-24,822992,0.3249,0.2937,0.2754,0.2341,0.0994,0.0815,0.2826,0.2776,131,97,0.381,0.373
2026-04-24,823069,0.2941,0.3469,0.2537,0.1531,0.0777,0.1110,0.2918,0.2616,126,129,0.550,0.019
2026-04-24,823232,0.3381,0.3626,0.2052,0.1693,0.0784,0.1008,0.2753,0.2566,98,81,-0.024,0.322
2026-04-24,823638,0.3154,0.2941,0.2473,0.2854,0.0911,0.0955,0.2820,0.2930,120,149,0.460,-0.127
2026-04-24,823800,0.2699,0.2785,0.2961,0.2610,0.0874,0.0911,0.3105,0.2862,127,47,0.394,-0.280
2026-04-24,823962,0.2868,0.3322,0.2417,0.2779,0.0706,0.0789,0.2899,0.2819,110,49,0.367,0.161
2026-04-24,824124,0.3418,0.3283,0.2456,0.2237,0.1063,0.0819,0.2862,0.2799,167,74,0.349,0.317
2026-04-24,824204,0.3252,0.3690,0.2836,0.1991,0.0875,0.1754,0.3016,0.2840,117,58,0.766,0.139
2026-04-24,824529,0.3224,0.3136,0.2148,0.1998,0.1062,0.0926,0.2950,0.2800,147,142,0.064,0.400
2026-04-24,824611,0.3259,,0.2250,,0.0813,,0.2811,,11,,-0.358,
2026-04-24,824854,0.3451,0.3337,0.2306,0.1927,0.1109,0.1013,0.2874,0.2735,140,36,0.129,0.150
2026-04-24,824932,0.2993,0.3006,0.2391,0.2721,0.0813,0.0820,0.2801,0.3063,11,78,0.514,0.233
2026-04-25,822826,0.3042,0.3140,0.2484,0.2431,0.0826,0.0873,0.3012,0.2933,63,139,0.265,-0.038
2026-04-25,822910,0.3377,0.3404,0.2019,0.2714,0.1124,0.1035,0.2892,0.2824,114,154,0.550,0.186
2026-04-25,822989,0.3157,0.3105,0.2156,0.2594,0.0742,0.1139,0.2850,0.3052,130,17,0.561,0.011
2026-04-25,823070,0.2987,0.3360,0.2395,0.2206,0.0656,0.0780,0.2978,0.2931,127,102,0.119,0.398
2026-04-25,823229,0.3058,0.3095,0.2607,0.2374,0.1032,0.1247,0.2893,0.2892,73,109,0.075,-0.060
2026-04-25,823637,,,,,,,,,,,,
2026-04-25,823799,0.3224,0.3185,0.2270,0.3205,0.0990,0.1135,0.2862,0.3056,145,56,0.243,0.876
2026-04-25,823960,0.3400,0.3293,0.1938,0.2197,0.0816,0.0872,0.2822,0.2705,119,38,0.401,0.082
2026-04-25,824121,0.3139,0.3147,0.2377,0.2741,0.0915,0.1233,0.2852,0.3033,3,106,,0.439
2026-04-25,824203,0.3375,0.3010,0.2370,0.2663,0.0992,0.0765,0.2978,0.3014,68,68,0.277,0.306
2026-04-25,824527,0.2956,0.3322,0.2855,0.2433,0.0876,0.1293,0.3118,0.3009,137,155,0.339,0.494
2026-04-25,824613,0.3742,0.3275,0.2167,0.2109,0.1202,0.1235,0.2836,0.2848,177,11,0.630,0.330
2026-04-25,824851,0.2788,0.2707,0.3276,0.2531,0.0631,0.0762,0.3075,0.2966,147,96,0.097,0.961
2026-04-25,824933,0.2652,0.3399,0.2734,0.2137,0.0664,0.1237,0.2885,0.2798,97,110,0.840,0.005
2026-04-25,825093,0.3551,0.3436,0.1781,0.2281,0.1120,0.0993,0.2461,0.2895,93,154,-0.184,0.625
2026-04-26,822824,0.3453,0.3513,0.2315,0.2143,0.0998,0.0935,0.2965,0.2709,93,136,0.067,0.220
2026-04-26,822911,0.3433,0.3502,0.2497,0.2128,0.1184,0.0820,0.2932,0.2728,68,63,-0.086,0.327
2026-04-26,822991,0.2788,0.3197,0.2289,0.2322,0.1046,0.0974,0.2646,0.2845,117,5,0.029,
2026-04-26,823068,0.3349,0.3675,0.2232,0.1725,0.0802,0.0592,0.2786,0.2572,81,64,0.368,0.565
2026-04-26,823230,0.3085,0.3040,0.2596,0.2557,0.0957,0.0815,0.3000,0.3129,67,79,0.176,0.626
2026-04-26,823635,0.3340,0.3007,0.1996,0.2624,0.1404,0.1239,0.2683,0.2999,123,40,0.526,0.576
2026-04-26,823797,0.3003,0.3410,0.2239,0.2268,0.0812,0.1159,0.2876,0.2813,43,72,-0.124,0.226
2026-04-26,823959,0.3293,0.3399,0.2490,0.1928,0.0664,0.1110,0.2821,0.2716,123,28,0.283,-0.123
2026-04-26,824122,0.2878,0.3500,0.2506,0.2089,0.0877,0.1035,0.2900,0.2757,46,131,-0.129,0.274
2026-04-26,824202,0.3288,0.3341,0.1986,0.2270,0.1417,0.1081,0.2658,0.2897,85,78,-0.033,0.710
2026-04-26,824528,0.2860,0.3350,0.2259,0.2108,0.0843,0.1031,0.2858,0.2714,70,39,0.132,0.029
2026-04-26,824612,0.2986,0.3195,0.2630,0.2342,0.0759,0.1057,0.2986,0.2906,16,4,0.095,0.102
2026-04-26,824852,0.3039,0.2842,0.2661,0.2934,0.1079,0.0880,0.2941,0.3137,32,47,0.358,0.865
2026-04-26,824934,0.2861,0.2971,0.2754,0.2813,0.0887,0.0917,0.3075,0.3140,110,120,0.494,0.203
2026-04-26,825094,0.3110,0.3251,0.2706,0.2322,0.1198,0.0791,0.3131,0.2694,100,114,0.483,0.590
2026-04-27,822825,0.3048,0.3121,0.2421,0.2835,0.0997,0.0979,0.2753,0.2993,128,153,0.081,-0.120
2026-04-27,822906,0.3112,0.3485,0.2355,0.2352,0.1046,0.1180,0.2795,0.2743,149,111,0.206,0.010
2026-04-27,823311,0.3024,0.3192,0.2595,0.1847,0.0787,0.0962,0.2970,0.2610,99,115,0.623,0.311
2026-04-27,823395,0.3473,0.3220,0.2112,0.2344,0.1101,0.0901,0.2771,0.2895,87,4,0.700,
2026-04-27,823719,0.3205,0.3283,0.2405,0.2308,0.0861,0.0887,0.2731,0.2836,140,5,-0.069,
2026-04-27,823961,0.3266,0.3080,0.2078,0.2484,0.0655,0.1085,0.2741,0.2895,120,124,0.406,0.491
2026-04-27,824446,0.3393,0.3127,0.2392,0.2389,0.1010,0.0847,0.2961,0.2870,37,39,-0.340,0.234
2026-04-27,824609,0.3716,0.3390,0.1662,0.2027,0.1009,0.0915,0.2620,0.2689,109,14,0.534,0.296
2026-04-28,822823,0.3089,0.3252,0.2548,0.2289,0.0892,0.1010,0.2895,0.2901,11,9,0.210,0.085
2026-04-28,822908,0.3006,0.2994,0.3001,0.2763,0.0926,0.0689,0.3218,0.3026,61,93,0.661,0.287
2026-04-28,823310,0.3032,0.3556,0.2784,0.2028,0.0801,0.1187,0.3101,0.2682,111,116,0.128,0.478
2026-04-28,823390,0.2931,0.2737,0.2506,0.2881,0.0848,0.0908,0.2813,0.3151,20,34,-0.104,0.275
2026-04-28,823473,0.3472,0.2898,0.2096,0.2650,0.1121,0.0692,0.2901,0.3020,73,114,0.097,0.618
2026-04-28,823636,0.3183,0.2992,0.2597,0.2177,0.0778,0.1201,0.2872,0.2915,138,98,0.549,-0.119
2026-04-28,823716,0.2872,0.3111,0.2917,0.2871,0.0681,0.0826,0.3073,0.3009,135,137,0.830,0.634
2026-04-28,823798,0.3717,0.3113,0.2292,0.2330,0.1004,0.1201,0.2809,0.2715,115,73,0.629,0.173
2026-04-28,823956,0.3109,0.2901,0.1937,0.2723,0.0637,0.0650,0.2599,0.2983,56,47,-0.096,-0.130
2026-04-28,824447,0.3034,0.3071,0.2320,0.2481,0.0862,0.0878,0.2873,0.2926,105,147,0.228,0.724
2026-04-28,824526,0.3471,0.2903,0.2030,0.2918,0.0775,0.1038,0.2800,0.2975,126,38,-0.008,0.308
2026-04-28,824610,0.3100,0.3258,0.2354,0.2128,0.1046,0.0861,0.2951,0.2634,132,102,0.194,0.302
2026-04-28,824849,0.3338,0.2992,0.2525,0.2458,0.1259,0.1013,0.2967,0.2850,19,118,-0.059,0.026
2026-04-28,824931,0.3211,0.3604,0.2296,0.1865,0.0841,0.1269,0.2977,0.2743,121,82,0.179,0.195
2026-04-28,825017,0.3345,0.3295,0.2167,0.2668,0.1223,0.0987,0.2790,0.2959,74,123,-0.001,0.358
2026-04-29,822821,0.3554,0.2936,0.2267,0.2451,0.1066,0.0814,0.2902,0.2963,148,53,0.072,-0.080
2026-04-29,822907,,0.3352,,0.2265,,0.0683,,0.2988,,126,,0.409
2026-04-29,823312,0.2832,0.3199,0.2434,0.2549,0.0694,0.1000,0.2909,0.2958,113,57,0.353,0.382
2026-04-29,823392,0.3475,0.3330,0.1604,0.2717,0.1139,0.0841,0.2647,0.3100,133,28,0.015,0.268
2026-04-29,823471,0.2930,0.3028,0.2617,0.2432,0.0736,0.0595,0.3068,0.2977,155,146,0.479,-0.115
2026-04-29,823633,0.3061,0.2999,0.2418,0.2381,0.1016,0.1005,0.3163,0.2960,56,123,0.348,0.313
2026-04-29,823717,0.2936,0.3287,0.2498,0.2750,0.0817,0.0974,0.2912,0.2797,129,135,0.538,0.386
2026-04-29,823796,0.3398,0.3454,0.2285,0.2335,0.0946,0.1176,0.2687,0.2771,114,25,0.187,0.605
2026-04-29,823958,0.3386,0.2800,0.2064,0.2875,0.0765,0.1004,0.2791,0.3148,102,92,-0.063,0.147
2026-04-29,824445,0.2888,0.3334,0.2361,0.2560,0.0799,0.1243,0.2798,0.2820,100,129,0.404,0.653
2026-04-29,824525,0.3698,0.3301,0.1912,0.2315,0.0802,0.1188,0.2666,0.2851,104,29,-0.001,0.089
2026-04-29,824608,0.3396,0.3414,0.2469,0.2061,0.1049,0.0943,0.2874,0.2757,170,122,0.348,0.177
2026-04-29,824850,0.3213,0.3391,0.2056,0.2221,0.0935,0.1122,0.2877,0.2817,19,159,0.278,0.277
2026-04-29,824930,0.2859,0.3233,0.2625,0.2344,0.0693,0.0902,0.3087,0.2882,132,4,-0.109,
2026-04-29,825015,0.2951,0.3475,0.2150,0.2351,0.0604,0.1282,0.2924,0.2734,133,148,0.100,-0.264
2026-04-30,823391,0.3097,0.2656,0.2284,0.3021,0.0933,0.0860,0.2894,0.3119,28,130,0.321,0.384
2026-04-30,823472,0.2930,0.3028,0.2617,0.2433,0.0736,0.0596,0.3068,0.2977,155,146,0.479,-0.115
2026-04-30,823634,0.3521,0.2937,0.1802,0.2849,0.0681,0.0984,0.2723,0.2915,149,153,0.024,-0.141
2026-04-30,823714,0.3167,0.3155,0.2397,0.2124,0.0860,0.0783,0.2959,0.2849,142,133,-0.044,0.562
2026-04-30,823795,0.3011,0.2708,0.2377,0.2723,0.0996,0.0887,0.2847,0.2915,74,50,0.129,-0.342
2026-04-30,824524,0.3181,0.3130,0.2489,0.2057,0.0896,0.0956,0.2846,0.2790,123,146,0.488,0.413
2026-04-30,824848,0.3212,0.3391,0.2057,0.2222,0.0936,0.1122,0.2878,0.2817,19,159,0.278,0.278
2026-04-30,824929,0.3220,0.3424,0.2119,0.2078,0.1047,0.1259,0.2951,0.2779,150,115,0.068,0.054
2026-04-30,825016,0.3293,0.3345,0.2191,0.1987,0.0874,0.1105,0.2804,0.2890,77,117,0.322,0.534
2026-05-01,822744,0.3136,0.3732,0.3351,0.2165,0.1181,0.1219,0.3157,0.2845,60,182,0.970,0.605
2026-05-01,822990,0.3084,0.3076,0.2423,0.2594,0.1269,0.1083,0.2893,0.3095,114,21,-0.031,0.017
2026-05-01,823066,0.3236,0.3458,0.2886,0.2248,0.0768,0.0752,0.2856,0.2936,52,108,0.218,0.397
2026-05-01,823146,0.3091,0.3131,0.2872,0.2387,0.1211,0.0639,0.3075,0.2986,109,132,0.455,0.116
2026-05-01,823309,0.3172,0.3497,0.2164,0.1877,0.1186,0.1099,0.2829,0.2509,14,96,0.636,-0.181
2026-05-01,823389,0.3336,0.3177,0.2368,0.2335,0.1258,0.0976,0.3004,0.2903,161,148,0.479,0.237
2026-05-01,823557,0.3275,0.3227,0.2542,0.2846,0.0912,0.0861,0.2890,0.3021,78,120,0.280,0.759
2026-05-01,823713,0.3497,0.2777,0.2152,0.2308,0.0917,0.1029,0.2718,0.2643,140,120,0.220,0.030
2026-05-01,823877,0.2630,0.3009,0.2793,0.2752,0.0710,0.1003,0.2921,0.2924,101,77,0.852,0.090
2026-05-01,824041,0.3214,0.3035,0.2368,0.2275,0.1204,0.0875,0.2739,0.2742,26,6,0.071,0.134
2026-05-01,824287,0.3357,0.2984,0.2816,0.2891,0.1021,0.0988,0.2871,0.3104,157,145,0.190,0.314
2026-05-01,824366,0.3003,0.3312,0.2736,0.2093,0.0803,0.1466,0.3093,0.2679,81,129,0.267,0.508
2026-05-01,824686,0.3411,0.3385,0.2251,0.1942,0.0979,0.0849,0.2872,0.2795,157,124,0.632,0.452
2026-05-01,824772,0.3045,,0.2640,,0.0813,,0.2993,,73,,0.304,
2026-05-01,825012,0.3060,0.3440,0.2488,0.2441,0.0801,0.1157,0.3050,0.2917,67,71,0.264,-0.109
2026-05-02,822746,0.3335,0.2951,0.2442,0.2876,0.1135,0.0722,0.2823,0.3030,75,20,0.209,0.100
2026-05-02,822988,0.2997,0.3060,0.2575,0.2370,0.0798,0.0933,0.3162,0.2879,82,8,0.673,-0.058
2026-05-02,823067,0.3284,0.3593,0.2135,0.1765,0.0848,0.0579,0.2732,0.2642,41,67,0.064,0.576
2026-05-02,823144,0.3540,0.3393,0.2078,0.2226,0.1004,0.0843,0.2733,0.2739,137,86,0.263,0.305
2026-05-02,823308,0.3524,0.3060,0.2503,0.2780,0.1152,0.1177,0.2874,0.3151,86,103,-0.003,0.482
2026-05-02,823388,0.3438,0.2942,0.2065,0.2273,0.1059,0.0790,0.2687,0.2869,46,46,0.042,-0.135
2026-05-02,823554,0.2994,0.3417,0.2830,0.2284,0.0940,0.0955,0.3039,0.2958,51,73,0.902,0.249
2026-05-02,823715,0.3133,0.3176,0.2843,0.2354,0.0966,0.0850,0.2975,0.2810,156,8,-0.088,0.065
2026-05-02,823876,0.3017,0.3055,0.2370,0.2671,0.0760,0.0928,0.2727,0.3003,16,71,0.451,0.150
2026-05-02,824042,0.2972,0.2818,0.2744,0.2623,0.1204,0.0854,0.3050,0.2974,43,49,0.564,-0.085
2026-05-02,824284,0.3521,0.2801,0.2108,0.2285,0.0938,0.0825,0.2743,0.2824,69,73,0.378,0.083
2026-05-02,824365,0.2925,0.3143,0.2877,0.2344,0.0902,0.1273,0.3167,0.2878,123,16,0.204,-0.056
2026-05-02,824685,0.3213,0.3342,0.2340,0.2505,0.0778,0.0745,0.2676,0.2820,117,130,0.586,0.318
2026-05-02,824771,0.3327,0.2999,0.2224,0.2553,0.1059,0.1035,0.2878,0.2894,81,36,0.703,0.307
2026-05-02,825014,0.3442,0.3076,0.2355,0.2126,0.1024,0.1521,0.2953,0.2787,99,73,-0.012,0.263
2026-05-03,822742,0.3019,0.3170,0.2925,0.2268,0.0871,0.0770,0.2973,0.2801,13,15,0.296,-0.321
2026-05-03,822987,0.3442,0.3339,0.2051,0.2322,0.1097,0.0981,0.2879,0.2958,76,40,0.079,-0.278
2026-05-03,823065,0.3436,0.3472,0.2041,0.2043,0.1159,0.1131,0.2773,0.2770,33,92,-0.174,0.706
2026-05-03,823145,0.3321,0.3179,0.2290,0.2370,0.1314,0.0849,0.2812,0.2709,80,143,0.040,-0.042
2026-05-03,823307,0.3491,0.3448,0.1900,0.2249,0.0858,0.0884,0.2653,0.2915,19,91,0.339,0.475
2026-05-03,823387,0.2858,0.2698,0.3099,0.2969,0.1096,0.0973,0.3055,0.3196,42,38,0.332,0.291
2026-05-03,823555,,0.3099,,0.2370,,0.1032,,0.2771,,152,,0.229
2026-05-03,823711,0.3233,0.3103,0.2166,0.2879,0.0956,0.0814,0.2843,0.3026,13,140,0.167,0.638
2026-05-03,823875,0.2871,0.3247,0.2663,0.2012,0.0681,0.0634,0.3038,0.2739,117,126,0.598,0.404
2026-05-03,824043,0.2983,0.3715,0.2199,0.1672,0.1179,0.0980,0.2903,0.2634,101,114,-0.099,0.529
2026-05-03,824285,0.3471,0.3032,0.2299,0.2418,0.1211,0.0771,0.2722,0.2997,115,24,0.046,0.119
2026-05-03,824364,0.3257,0.3493,0.2334,0.1968,0.0847,0.0803,0.2778,0.2763,65,132,0.473,0.039
2026-05-03,824687,0.3772,0.3121,0.2272,0.2471,0.1137,0.0870,0.2775,0.2945,121,107,0.639,0.599
2026-05-03,824769,0.3413,0.3001,0.2176,0.2489,0.1127,0.0982,0.2738,0.2752,9,131,0.167,0.059
2026-05-03,825013,0.3035,0.3277,0.2614,0.2612,0.0823,0.0967,0.2940,0.2915,42,127,0.245,0.375
2026-05-04,822984,0.3045,0.3023,0.2434,0.2267,0.0780,0.0842,0.2922,0.2869,58,109,-0.055,0.255
2026-05-04,823064,0.3097,0.2863,0.2410,0.2747,0.1239,0.0809,0.2727,0.2936,77,24,0.181,-0.043
2026-05-04,823143,0.3219,0.2870,0.2467,0.2860,0.0982,0.0668,0.2924,0.3060,9,139,0.470,0.854
2026-05-04,823228,0.3255,0.3175,0.1863,0.2442,0.0997,0.0892,0.2618,0.2929,119,5,0.344,
2026-05-04,823552,0.3015,0.3042,0.2447,0.2987,0.1041,0.0897,0.2842,0.3223,123,65,-0.014,0.654
2026-05-04,823874,0.2929,0.3086,0.2719,0.1844,0.0858,0.0689,0.3045,0.2569,116,62,0.555,-0.112
2026-05-04,824039,0.3236,0.3053,0.2259,0.2473,0.0841,0.1031,0.2657,0.2968,106,135,0.326,0.194
2026-05-04,824120,0.3038,0.2928,0.2483,0.2158,0.0862,0.0643,0.2947,0.2937,151,137,0.743,0.112
2026-05-04,824201,0.3098,0.3135,0.2498,0.2408,0.1121,0.0946,0.2894,0.2893,127,5,0.501,
2026-05-04,824283,0.3042,0.2986,0.2417,0.2451,0.0979,0.0745,0.2864,0.3053,15,27,0.322,0.071
2026-05-04,824363,0.3096,0.3634,0.2466,0.1928,0.0958,0.0784,0.2964,0.2707,7,108,0.005,0.039
2026-05-04,824684,0.3478,0.2983,0.2215,0.2852,0.1057,0.0788,0.2930,0.3125,6,114,,0.128
2026-05-05,822743,0.3279,0.3125,0.2746,0.2465,0.1005,0.1131,0.2797,0.3091,139,62,0.395,0.316
2026-05-05,822986,0.3196,0.2918,0.2351,0.2366,0.0844,0.0780,0.2954,0.2807,146,104,-0.043,0.394
2026-05-05,823062,0.3337,0.3442,0.2599,0.1572,0.1136,0.1116,0.2866,0.2660,28,137,0.705,0.033
2026-05-05,823142,0.3421,0.2917,0.2021,0.2499,0.1280,0.0800,0.2754,0.2905,120,133,0.034,0.543
2026-05-05,823227,0.3522,0.2964,0.2051,0.2649,0.1167,0.0719,0.2701,0.3094,119,160,0.506,0.457
2026-05-05,823469,0.3429,0.3083,0.2344,0.2353,0.1252,0.0623,0.2734,0.2967,153,153,-0.251,-0.100
2026-05-05,823553,0.3107,0.3398,0.2740,0.2347,0.0667,0.1215,0.3015,0.2853,98,4,0.281,0.128
2026-05-05,823873,0.3369,0.3322,0.2282,0.2076,0.1107,0.0746,0.2842,0.2809,162,106,0.281,-0.088
2026-05-05,824040,0.3374,0.3381,0.2136,0.2326,0.0928,0.1294,0.2783,0.2825,125,15,0.188,0.430
2026-05-05,824119,0.3302,0.2976,0.2521,0.2435,0.1224,0.0726,0.2842,0.2863,132,44,0.658,0.060
2026-05-05,824200,0.2819,0.3143,0.2807,0.2105,0.0627,0.0902,0.2947,0.2877,51,22,-0.079,0.294
2026-05-05,824281,,0.3224,,0.2116,,0.1023,,0.2960,,155,,0.054
2026-05-05,824362,0.2948,0.3146,0.2889,0.2543,0.1012,0.0877,0.2944,0.2856,157,127,-0.155,0.509
2026-05-05,824682,0.3133,0.2790,0.2057,0.2450,0.0981,0.0682,0.2777,0.2915,151,116,0.402,0.363
2026-05-05,825092,0.3227,0.3428,0.2850,0.2321,0.0814,0.0970,0.3130,0.2677,31,120,0.246,0.170
2026-05-06,822740,0.3174,0.3547,0.2121,0.1768,0.0814,0.0668,0.2861,0.2707,138,153,0.545,0.005
2026-05-06,822985,0.3493,0.2985,0.2159,0.2740,0.0899,0.1045,0.2701,0.3156,144,24,0.247,0.019
2026-05-06,823063,0.3338,0.3443,0.2598,0.1572,0.1137,0.1116,0.2866,0.2660,28,137,0.706,0.033
2026-05-06,823141,0.3575,0.3161,0.1827,0.2292,0.1244,0.0614,0.2727,0.3006,85,140,0.212,0.126
2026-05-06,823226,,0.3813,,0.1770,,0.0936,,0.2591,,92,,0.422
2026-05-06,823470,0.3370,0.2673,0.2020,0.2769,0.1172,0.0689,0.2909,0.2903,124,106,0.544,0.826
2026-05-06,823550,0.3343,0.3209,0.2323,0.2909,0.0669,0.0847,0.3027,0.3041,130,123,0.429,0.771
2026-05-06,823872,0.3480,0.3011,0.1809,0.2745,0.0902,0.0974,0.2724,0.2927,48,81,0.231,0.104
2026-05-06,824036,0.3267,0.2963,0.2002,0.2321,0.1472,0.0837,0.2759,0.2704,20,9,0.639,0.138
2026-05-06,824118,0.3184,0.3141,0.2393,0.2905,0.0770,0.1234,0.3006,0.3072,72,114,0.249,0.412
2026-05-06,824198,0.2784,0.3696,0.2866,0.1917,0.1043,0.1774,0.3149,0.2839,96,68,0.141,0.152
2026-05-06,824282,0.2920,0.2996,0.2736,0.2822,0.0699,0.0965,0.3045,0.3093,142,150,0.167,0.323
2026-05-06,824361,0.2948,0.3147,0.2889,0.2543,0.1013,0.0878,0.2944,0.2856,157,127,-0.155,0.509
2026-05-06,824683,0.3417,0.3411,0.2371,0.1996,0.1236,0.0827,0.3006,0.2853,165,129,0.482,0.468
2026-05-06,825091,0.2742,0.3038,0.3081,0.2259,0.0834,0.1089,0.3093,0.2777,136,81,0.352,0.078
2026-05-07,822741,0.2786,0.3754,0.2270,0.2171,0.1013,0.1199,0.2628,0.2851,123,186,0.040,0.645
2026-05-07,823306,0.3412,0.3008,0.2267,0.2851,0.0740,0.1156,0.2948,0.3179,111,106,0.418,0.507
2026-05-07,823467,0.3455,0.2964,0.2481,0.2407,0.1180,0.0732,0.2919,0.2710,77,19,-0.114,0.512
2026-05-07,823551,0.3354,0.3357,0.2810,0.2077,0.1049,0.0875,0.2829,0.2671,161,33,0.175,-0.206
2026-05-07,823870,0.3332,0.3007,0.2523,0.2761,0.0950,0.0908,0.2934,0.3026,83,74,0.314,0.147
2026-05-07,824117,0.3491,0.3551,0.2344,0.2037,0.0993,0.0984,0.2935,0.2729,104,141,0.001,0.251
2026-05-07,824681,0.3597,0.3315,0.1903,0.2505,0.1063,0.0730,0.2680,0.2817,55,134,0.010,0.321
2026-05-07,824767,0.3135,0.3329,0.2378,0.2310,0.0882,0.1197,0.2873,0.2792,12,5,-0.177,0.378
2026-05-07,825090,0.3149,0.3421,0.2349,0.2215,0.0962,0.1034,0.2911,0.2849,151,165,0.254,0.646
2026-05-08,822822,0.2745,0.3131,0.2731,0.2882,0.0832,0.0949,0.3002,0.3006,52,160,-0.058,-0.094
2026-05-08,822904,0.3383,0.3606,0.2404,0.2015,0.1054,0.0897,0.2979,0.2703,55,75,-0.099,0.294
2026-05-08,823225,0.3037,,0.2240,,0.0838,,0.2910,,52,,-0.130,
2026-05-08,823303,0.3564,0.3431,0.1724,0.2241,0.0566,0.0985,0.2629,0.2929,70,96,0.593,0.500
2026-05-08,823466,0.3114,0.2854,0.2530,0.2714,0.1069,0.0667,0.2650,0.3072,58,121,-0.103,0.575
2026-05-08,823794,0.3076,0.3138,0.2372,0.3323,0.1059,0.1225,0.2740,0.3120,156,64,0.247,0.994
2026-05-08,823871,0.3070,,0.2615,,0.0885,,0.3019,,28,,0.140,
2026-05-08,823957,0.2895,0.3390,0.2885,0.2884,0.0888,0.0724,0.3152,0.2907,126,59,0.184,0.194
2026-05-08,824116,0.2916,0.3268,0.2234,0.2312,0.0808,0.1288,0.2852,0.2802,76,83,0.080,0.086
2026-05-08,824443,0.3156,0.2960,0.2255,0.2730,0.0815,0.0800,0.2770,0.2976,11,45,0.053,0.161
2026-05-08,824522,0.3034,0.3128,0.2563,0.2511,0.0863,0.0895,0.2968,0.3040,77,99,0.313,0.332
2026-05-08,824607,0.3352,0.3491,0.2248,0.2503,0.0827,0.1122,0.2738,0.2888,89,90,0.323,-0.014
2026-05-08,824768,0.3387,0.3078,0.2309,0.2526,0.0890,0.1182,0.2836,0.2818,5,41,-0.142,0.371
2026-05-08,824846,0.3039,0.3006,0.2079,0.2843,0.1488,0.1004,0.2761,0.3044,76,54,0.256,0.947
2026-05-08,825088,0.3004,0.3163,0.2802,0.2412,0.1149,0.0765,0.3043,0.2730,48,120,0.635,0.593
2026-05-09,822820,0.3669,0.3180,0.1700,0.2001,0.0964,0.1011,0.2656,0.2834,117,19,0.546,0.242
2026-05-09,822905,0.3013,0.3413,0.2828,0.2372,0.0766,0.1191,0.3105,0.2758,119,118,0.137,0.046
2026-05-09,823224,0.2687,0.2980,0.2950,0.2573,0.1034,0.0777,0.3167,0.3185,42,86,0.320,0.658
2026-05-09,823304,0.3417,0.3252,0.2132,0.1846,0.1110,0.0960,0.2798,0.2617,95,126,0.688,0.377
2026-05-09,823468,0.3444,0.2930,0.1937,0.2713,0.0791,0.0839,0.2760,0.3029,135,120,0.034,0.566
2026-05-09,823792,0.3067,0.3312,0.2971,0.2389,0.0870,0.1111,0.3239,0.2839,69,78,0.678,0.188
2026-05-09,823869,,0.3040,,0.1943,,0.0668,,0.2561,,66,,-0.118
2026-05-09,823955,0.3280,0.2906,0.2380,0.2723,0.0962,0.0997,0.2748,0.3086,71,56,0.439,0.011
2026-05-09,824115,,0.2903,,0.2125,,0.0634,,0.2940,,140,,0.121
2026-05-09,824444,0.3107,0.3000,0.2899,0.2494,0.0856,0.0850,0.3029,0.2956,142,154,0.617,0.724
2026-05-09,824523,0.3375,0.2772,0.2247,0.3265,0.1038,0.1055,0.2899,0.3114,84,46,0.700,0.252
2026-05-09,824606,0.3151,0.3395,0.2433,0.2074,0.0837,0.0828,0.2714,0.2685,146,22,-0.032,0.411
2026-05-09,824766,0.3054,0.3002,0.2258,0.2450,0.0876,0.0942,0.2820,0.2898,114,18,0.216,0.483
2026-05-09,824847,0.3259,0.3130,0.2596,0.2381,0.0942,0.1013,0.2910,0.2819,132,128,0.388,-0.019
2026-05-09,825089,0.3000,0.3779,0.2193,0.2235,0.1264,0.1119,0.2874,0.2785,106,124,-0.049,0.625
2026-05-10,822819,0.3159,,0.2486,,0.1094,,0.2974,,142,,0.211,
2026-05-10,822902,0.2782,0.3103,0.2493,0.2717,0.0664,0.0647,0.2932,0.2993,121,103,0.336,0.274
2026-05-10,823221,0.3334,0.3399,0.2720,0.2120,0.1053,0.1058,0.3079,0.2880,39,81,0.307,0.111
2026-05-10,823305,0.2979,0.3522,0.2736,0.2050,0.0773,0.1136,0.2983,0.2660,28,124,-0.024,0.476
2026-05-10,823463,0.3576,0.3054,0.1952,0.2367,0.0770,0.0615,0.2685,0.3010,111,156,0.047,-0.112
2026-05-10,823793,0.3052,0.2904,0.2561,0.2942,0.0794,0.0838,0.3113,0.2941,129,16,-0.334,0.245
2026-05-10,823868,0.3098,0.3362,0.2405,0.2050,0.1105,0.0775,0.3088,0.2754,65,113,0.321,0.014
2026-05-10,823954,0.3371,0.3584,0.2096,0.1979,0.1260,0.1124,0.2811,0.2768,123,36,0.052,-0.214
2026-05-10,824113,0.3160,0.3294,0.2399,0.2223,0.0882,0.0902,0.2834,0.2817,6,84,-0.164,0.284
2026-05-10,824440,0.3120,0.3295,0.2225,0.2545,0.0918,0.1238,0.2766,0.2878,3,138,,0.657
2026-05-10,824520,0.3458,0.3114,0.2350,0.2074,0.1172,0.0968,0.2909,0.2768,25,154,-0.147,0.396
2026-05-10,824605,0.2931,0.3194,0.2902,0.2338,0.0655,0.0826,0.3066,0.2674,143,109,0.874,0.324
2026-05-10,824765,0.3054,0.3002,0.2259,0.2451,0.0876,0.0942,0.2820,0.2899,114,18,0.216,0.484
2026-05-10,824845,0.3482,0.3266,0.2280,0.2422,0.1264,0.1119,0.2726,0.2818,159,8,-0.230,0.026
2026-05-10,825085,0.3049,0.3404,0.2325,0.2338,0.1046,0.0955,0.2954,0.2678,11,123,0.056,0.170
2026-05-11,822818,0.2961,0.3194,0.2429,0.2306,0.0762,0.0828,0.2798,0.2951,108,150,0.412,-0.060
2026-05-11,822901,0.3181,0.3197,0.2167,0.2313,0.1113,0.0866,0.2745,0.2917,87,7,0.061,-0.114
2026-05-11,823953,0.3369,0.3339,0.2445,0.2130,0.0841,0.0903,0.2994,0.2782,9,46,-0.142,0.108
2026-05-11,824199,0.2891,0.3124,0.2512,0.2099,0.0789,0.0966,0.2901,0.2773,136,27,0.569,0.181
2026-05-11,824441,0.3303,0.3157,0.1985,0.2340,0.0981,0.0754,0.2812,0.2999,19,75,-0.105,0.238
2026-05-11,824844,0.3368,0.3550,0.2437,0.1686,0.1001,0.1013,0.3028,0.2687,77,56,0.254,0.234
2026-05-12,822817,0.2964,0.3523,0.2729,0.2107,0.0998,0.0974,0.3172,0.2660,28,149,0.014,0.239
2026-05-12,822903,0.3458,0.3385,0.2220,0.2837,0.1016,0.1025,0.2850,0.2836,169,166,0.638,0.179
2026-05-12,823385,0.3209,0.2706,0.2529,0.3085,0.0855,0.0822,0.2867,0.3073,132,139,0.528,0.372
2026-05-12,823632,0.2954,0.2937,0.2924,0.2849,0.0952,0.0999,0.3146,0.2938,153,160,0.342,-0.142
2026-05-12,823712,0.3109,0.3147,0.2701,0.2139,0.1071,0.0802,0.2946,0.2842,87,141,0.104,0.588
2026-05-12,823790,0.3194,0.3318,0.2225,0.2566,0.0918,0.1184,0.2817,0.2904,3,33,,0.746
2026-05-12,823951,0.3798,0.3117,0.1725,0.2472,0.0976,0.1139,0.2576,0.2893,96,133,0.426,0.514
2026-05-12,824197,0.3154,0.3442,0.2296,0.2402,0.0651,0.1704,0.2977,0.2850,144,15,0.113,-0.133
2026-05-12,824442,0.2999,0.3520,0.2363,0.2262,0.0803,0.1075,0.2767,0.2895,12,110,0.151,-0.031
2026-05-12,824521,0.3517,0.3478,0.1837,0.2319,0.0659,0.1209,0.2713,0.2991,156,170,0.003,0.422
2026-05-12,824604,0.3061,0.3505,0.2367,0.2080,0.0706,0.0904,0.2849,0.2773,47,130,0.085,0.175
2026-05-12,824764,0.2653,0.3287,0.2720,0.2502,0.0677,0.1145,0.2877,0.2752,109,8,0.829,0.292
2026-05-12,824843,0.3178,0.2685,0.2953,0.2485,0.0829,0.0749,0.3043,0.2975,127,99,0.790,0.930
2026-05-12,824927,0.3426,0.3118,0.1955,0.2622,0.0861,0.0883,0.2820,0.3027,133,91,0.491,0.256
2026-05-12,825011,0.3511,0.3364,0.1518,0.2083,0.1127,0.1147,0.2648,0.2918,144,128,0.019,0.553
2026-05-13,822815,0.3049,0.3088,0.2417,0.2933,0.0846,0.0936,0.2878,0.3025,15,163,-0.167,-0.103
2026-05-13,822900,0.3112,0.3554,0.2483,0.2001,0.0752,0.0929,0.2733,0.2712,123,81,0.611,0.284
2026-05-13,823386,0.3322,0.3145,0.2019,0.2342,0.1465,0.0986,0.2654,0.2903,136,156,0.547,0.255
2026-05-13,823631,0.3206,0.3228,0.2059,0.2671,0.0995,0.1090,0.2976,0.2770,161,35,0.063,0.185
2026-05-13,823710,0.2983,0.2809,0.2775,0.2234,0.0888,0.1050,0.3027,0.2600,77,126,0.160,0.032
2026-05-13,823791,0.3002,0.3094,0.2844,0.3404,0.1187,0.1195,0.3184,0.3174,110,67,0.511,1.047
2026-05-13,823952,0.3053,0.2757,0.2399,0.2910,0.1283,0.0611,0.2888,0.2994,120,54,0.008,-0.056
2026-05-13,824195,0.2945,0.3627,0.2348,0.2026,0.0893,0.1734,0.2826,0.2890,87,71,0.540,0.163
2026-05-13,824438,0.2795,0.3045,0.2616,0.2815,0.0966,0.0770,0.2944,0.2992,57,49,-0.010,0.140
2026-05-13,824519,0.3750,0.3137,0.2145,0.2466,0.1184,0.0878,0.2837,0.3019,189,102,0.675,0.334
2026-05-13,824603,0.3572,0.3231,0.2055,0.2051,0.0946,0.1540,0.2743,0.2833,149,23,0.237,0.669
2026-05-13,824763,0.3352,0.2890,0.2212,0.2697,0.0904,0.0689,0.2623,0.3033,26,145,0.439,0.180
2026-05-13,824841,0.3033,0.2944,0.2386,0.2857,0.1044,0.0977,0.2769,0.3018,159,57,0.264,0.970
2026-05-13,824928,0.3286,0.3214,0.2556,0.2365,0.0715,0.1080,0.2838,0.2860,138,12,0.334,0.373
2026-05-13,825010,0.3442,0.3455,0.2260,0.2500,0.0775,0.1154,0.2937,0.2914,116,80,0.438,-0.136
2026-05-14,823383,0.3089,0.3102,0.2613,0.2392,0.1115,0.0863,0.2645,0.2936,62,7,-0.063,-0.112
2026-05-14,823630,0.2957,0.2962,0.2187,0.2703,0.0790,0.1107,0.2847,0.3016,79,52,0.071,0.649
2026-05-14,823709,0.3437,0.3337,0.2241,0.2571,0.1045,0.0995,0.2947,0.2985,24,61,0.242,-0.003
2026-05-14,823789,0.3404,0.3343,0.2311,0.2463,0.0960,0.1079,0.2968,0.2898,100,82,0.509,0.179
2026-05-14,823950,0.2975,0.3324,0.2621,0.2897,0.0883,0.0706,0.3207,0.2886,91,62,0.690,0.278
2026-05-14,824196,0.3108,0.3044,0.2423,0.2491,0.0817,0.0838,0.2735,0.2992,151,81,-0.028,0.326
2026-05-14,824517,0.3179,0.2847,0.2556,0.3177,0.0828,0.1117,0.3006,0.3069,34,49,0.234,0.261
2026-05-14,824602,0.3255,0.3294,0.2250,0.2212,0.1320,0.0788,0.2789,0.2761,87,26,0.097,0.419
2026-05-14,824762,0.2838,0.2988,0.2711,0.2541,0.0706,0.0962,0.3055,0.2768,125,135,0.576,0.090
2026-05-14,824926,0.3332,0.2851,0.2344,0.2946,0.1027,0.0874,0.2981,0.3195,58,129,-0.101,0.182
2026-05-14,825008,0.3491,0.3050,0.1837,0.2077,0.0553,0.1506,0.2631,0.2724,73,81,0.621,0.263
2026-05-15,822739,0.3159,0.3210,0.2373,0.2548,0.0987,0.0763,0.2801,0.2830,133,142,-0.066,0.562
2026-05-15,822983,0.3177,0.3261,0.1933,0.2451,0.0637,0.0939,0.2580,0.2930,72,14,-0.093,-0.123
2026-05-15,823061,0.2872,0.3453,0.2144,0.2157,0.0624,0.1089,0.2949,0.2825,143,98,0.114,0.711
2026-05-15,823140,0.3217,0.3429,0.1913,0.2256,0.0939,0.0805,0.2639,0.2769,130,93,0.353,0.331
2026-05-15,823384,0.2901,0.2771,0.2710,0.2842,0.0821,0.0995,0.3005,0.3165,124,46,0.559,0.328
2026-05-15,823629,0.3027,0.3018,0.3034,0.2156,0.0843,0.1242,0.3282,0.2888,73,109,0.716,-0.061
2026-05-15,823707,0.3247,0.3106,0.2228,0.2893,0.0918,0.0887,0.2783,0.3024,3,146,,0.621
2026-05-15,824037,,0.3674,,0.1673,,0.0948,,0.2642,,120,,0.548
2026-05-15,824194,0.3413,0.3327,0.2364,0.2270,0.1213,0.1016,0.2735,0.2896,123,87,0.072,0.675
2026-05-15,824280,0.3063,0.3034,0.2297,0.2263,0.0973,0.0831,0.2944,0.2803,22,10,0.241,-0.202
2026-05-15,824360,0.3800,0.3391,0.2200,0.2000,0.1154,0.0775,0.2785,0.2782,127,139,0.616,0.042
2026-05-15,824439,0.3101,0.3014,0.2083,0.2484,0.0950,0.0876,0.2775,0.2962,158,159,0.386,0.717
2026-05-15,824601,0.2998,0.3465,0.2892,0.2520,0.0754,0.1100,0.3118,0.2921,122,93,0.155,-0.028
2026-05-15,824925,0.3067,0.3217,0.2551,0.2459,0.1148,0.0933,0.2814,0.2766,44,75,0.386,0.429
2026-05-15,825009,0.3357,0.3244,0.2186,0.2595,0.1090,0.0923,0.2897,0.2908,86,136,0.121,0.386
2026-05-16,822737,0.3337,0.3054,0.2277,0.2350,0.1083,0.1078,0.2855,0.3082,167,68,0.264,0.341
2026-05-16,822981,0.3358,0.3049,0.2061,0.2209,0.0757,0.0912,0.2746,0.2827,117,118,0.077,0.207
2026-05-16,823060,0.3307,0.3050,0.2232,0.2698,0.0945,0.0946,0.2797,0.2993,88,33,0.336,0.011
2026-05-16,823139,0.3485,0.2943,0.2124,0.2991,0.1118,0.0642,0.2682,0.3089,127,147,0.472,0.845
2026-05-16,823382,0.3025,0.3291,0.2325,0.2641,0.0604,0.1022,0.2975,0.3025,160,42,-0.107,0.288
2026-05-16,823627,0.3025,0.3014,0.2612,0.2203,0.0829,0.1123,0.3140,0.2898,133,15,-0.320,0.220
2026-05-16,823706,0.3101,0.3238,0.3009,0.2056,0.0909,0.0869,0.2949,0.2750,21,18,0.270,-0.067
2026-05-16,824038,0.3496,0.3191,0.2021,0.2463,0.1089,0.1111,0.2805,0.2994,39,148,-0.154,0.183
2026-05-16,824193,0.3080,0.3373,0.2790,0.2358,0.0635,0.1119,0.3032,0.2932,106,29,0.286,-0.119
2026-05-16,824278,0.3343,0.3232,0.2126,0.2290,0.1027,0.0873,0.2708,0.2958,6,126,0.003,0.176
2026-05-16,824359,0.3379,0.3714,0.2301,0.1943,0.0939,0.0744,0.2655,0.2699,126,117,0.172,0.055
2026-05-16,824435,0.3327,0.3095,0.1971,0.2290,0.0759,0.0737,0.2653,0.3010,135,78,0.346,0.238
2026-05-16,824600,0.2802,0.3196,0.2440,0.2373,0.0703,0.0855,0.2891,0.2689,125,115,0.358,0.330
2026-05-16,824924,0.3100,0.3368,0.2334,0.2148,0.0896,0.1279,0.2893,0.2806,22,128,0.466,0.076
2026-05-16,825007,0.3358,0.3493,0.2312,0.2295,0.0794,0.1292,0.2973,0.2751,13,162,-0.068,-0.230
2026-05-17,822738,0.3500,0.3347,0.1700,0.2350,0.1052,0.1058,0.2627,0.2837,61,4,0.265,-0.071
2026-05-17,822982,0.3101,0.2927,0.2763,0.2504,0.1042,0.0748,0.2976,0.2799,91,111,0.097,0.386
2026-05-17,823058,0.3037,0.3527,0.2373,0.1531,0.0680,0.1196,0.2887,0.2629,51,149,0.160,0.027
2026-05-17,823138,0.3465,0.2922,0.2261,0.2513,0.1057,0.0772,0.2830,0.2867,68,140,0.106,0.562
2026-05-17,823381,0.2625,0.2666,0.2674,0.3189,0.0665,0.0809,0.2881,0.3102,112,142,0.835,0.364
2026-05-17,823628,0.3744,0.2901,0.2088,0.2889,0.1496,0.0981,0.2800,0.2959,12,164,0.347,-0.145
2026-05-17,823708,0.3036,0.3107,0.2274,0.2158,0.1055,0.0790,0.2908,0.2865,12,144,0.069,0.603
2026-05-17,824034,0.3333,0.3252,0.2073,0.1979,0.0877,0.0985,0.2808,0.2807,49,53,0.108,0.337
2026-05-17,824192,0.3352,0.3168,0.2380,0.2031,0.0655,0.0932,0.3072,0.2772,134,30,0.451,0.198
2026-05-17,824279,0.3189,0.2941,0.2279,0.2917,0.0801,0.0980,0.2936,0.3165,157,157,-0.036,0.348
2026-05-17,824358,0.3170,0.3224,0.2163,0.2504,0.1076,0.0879,0.2707,0.2858,92,138,0.117,0.552
2026-05-17,824436,0.3441,0.3248,0.2376,0.2608,0.1193,0.1219,0.3005,0.2910,173,141,0.428,0.662
2026-05-17,824599,0.3390,0.3549,0.1926,0.2017,0.0848,0.0876,0.2798,0.2763,136,136,0.506,0.218
2026-05-17,824923,0.3515,0.3101,0.2273,0.2637,0.1046,0.0865,0.2905,0.3022,152,94,0.123,0.269
2026-05-17,825006,0.3848,0.3364,0.1662,0.2050,0.1001,0.1151,0.2594,0.2887,102,136,0.471,0.576
2026-05-18,822734,0.3241,0.3888,0.2612,0.2070,0.1124,0.1259,0.2735,0.2790,41,198,0.259,0.671
2026-05-18,822980,0.2794,0.2888,0.2410,0.2750,0.0725,0.0964,0.2966,0.3197,104,31,0.971,0.031
2026-05-18,823137,0.3172,0.3099,0.2096,0.2396,0.1485,0.0638,0.2839,0.3032,26,148,0.735,0.118
2026-05-18,823301,0.3099,0.2991,0.2486,0.2794,0.1121,0.1166,0.2880,0.3219,136,113,0.500,0.510
2026-05-18,823465,0.3080,0.3369,0.2603,0.2114,0.0861,0.0863,0.3073,0.2597,105,30,0.339,0.415
2026-05-18,823549,0.3546,0.3397,0.2086,0.2368,0.0988,0.1042,0.2638,0.3019,156,81,0.214,0.231
2026-05-18,823705,0.3397,,0.2440,,0.1637,,0.2811,,18,,-0.144,
2026-05-18,823867,0.3142,0.3031,0.2404,0.2728,0.1036,0.0850,0.2894,0.3034,15,83,0.420,0.175
2026-05-18,824035,0.3478,0.3002,0.2500,0.2404,0.1122,0.0769,0.2895,0.2772,84,15,-0.147,0.067
2026-05-18,824114,0.2858,0.3582,0.2754,0.2054,0.0679,0.0924,0.3064,0.2726,148,154,0.190,0.252
2026-05-18,824277,0.3475,0.3190,0.2312,0.2032,0.1044,0.0982,0.2887,0.2964,115,164,0.035,0.074
2026-05-18,824357,0.3381,0.3343,0.2844,0.1989,0.1011,0.1492,0.2833,0.2671,169,139,0.197,0.555
2026-05-18,824680,0.3286,0.3244,0.2696,0.2617,0.1250,0.0704,0.2932,0.2842,36,141,0.828,0.342
2026-05-18,825087,0.3036,0.3493,0.2401,0.2302,0.1255,0.0993,0.2889,0.2852,124,174,-0.004,0.631
2026-05-19,822736,0.3157,0.3080,0.2651,0.2786,0.1135,0.0802,0.2974,0.3043,58,37,0.701,0.211
2026-05-19,822979,0.2937,0.3077,0.2869,0.2324,0.1036,0.0813,0.3042,0.2862,60,18,0.945,-0.134
2026-05-19,823059,0.3131,0.3426,0.2355,0.2278,0.0972,0.0762,0.2913,0.2951,159,119,0.275,0.428
2026-05-19,823136,0.3269,0.2906,0.2285,0.2285,0.0845,0.0869,0.2774,0.2793,32,91,0.450,0.565
2026-05-19,823302,0.3256,0.3436,0.2907,0.2320,0.0688,0.1152,0.2896,0.2927,65,108,0.320,0.535
2026-05-19,823464,0.2775,0.2844,0.3270,0.2720,0.1087,0.0694,0.3107,0.3055,52,128,0.317,0.563
2026-05-19,823548,0.3073,0.3128,0.2938,0.2960,0.0923,0.0816,0.3036,0.3048,166,130,-0.116,0.784
2026-05-19,823704,0.2948,0.3339,0.2610,0.2469,0.0859,0.0955,0.3046,0.2951,28,66,0.363,0.043
2026-05-19,823865,0.3511,0.3474,0.1858,0.2425,0.1218,0.1197,0.2764,0.2946,88,30,0.225,0.325
2026-05-19,824033,0.3028,0.2913,0.2104,0.2569,0.1474,0.1000,0.2715,0.2911,84,63,0.274,-0.044
2026-05-19,824112,0.2991,0.3486,0.2553,0.2009,0.0948,0.1086,0.2787,0.2674,138,111,0.138,-0.100
2026-05-19,824276,0.3074,0.2923,0.2804,0.2196,0.0831,0.0767,0.2957,0.2871,53,83,0.126,0.068
2026-05-19,824356,0.3361,,0.2334,,0.0897,,0.2882,,26,,-0.627,
2026-05-19,824677,0.3022,0.3296,0.3452,0.2451,0.1158,0.1001,0.3216,0.3026,71,61,1.082,-0.119
2026-05-19,825086,0.2979,0.3100,0.2618,0.2550,0.0860,0.0740,0.3194,0.2753,95,126,0.740,0.608
2026-05-20,822735,,0.3225,,0.2510,,0.0752,,0.2835,,145,,0.571
2026-05-20,822977,0.3208,0.3394,0.2375,0.2235,0.0967,0.0944,0.2812,0.3014,137,44,-0.093,-0.284
2026-05-20,823057,0.3055,0.3657,0.2183,0.1843,0.0816,0.0533,0.2917,0.2660,55,78,-0.107,0.596
2026-05-20,823134,0.3508,0.3387,0.2504,0.2277,0.1065,0.0790,0.2912,0.2765,98,96,-0.057,0.380
2026-05-20,823299,0.2762,0.3213,0.2871,0.1935,0.0670,0.0925,0.3002,0.2663,59,133,-0.005,0.368
2026-05-20,823462,0.3091,0.2893,0.2090,0.2720,0.0978,0.0861,0.2786,0.3027,162,127,0.386,0.549
2026-05-20,823547,0.2983,0.3046,0.2394,0.3114,0.1032,0.0825,0.2964,0.3283,27,76,0.255,0.736
2026-05-20,823703,0.3110,0.3131,0.2458,0.2858,0.0872,0.0862,0.2962,0.3002,87,152,0.328,0.627
2026-05-20,823866,0.2853,0.3200,0.2973,0.1861,0.0851,0.0687,0.3228,0.2572,134,77,0.194,-0.080
2026-05-20,824032,0.3242,0.3672,0.2606,0.1755,0.0909,0.0933,0.2929,0.2639,139,123,0.392,0.548
2026-05-20,824111,0.3177,0.2832,0.2502,0.2210,0.1176,0.0615,0.2785,0.2969,50,146,0.308,0.112
2026-05-20,824273,0.2982,,0.2450,,0.0864,,0.2961,,162,,0.736,
2026-05-20,824355,0.3408,0.3455,0.2300,0.1952,0.1234,0.0834,0.2716,0.2747,128,149,0.068,0.117
2026-05-20,824678,0.3336,0.2957,0.2448,0.2899,0.1042,0.0741,0.2862,0.3112,87,125,0.246,0.154
2026-05-20,825084,0.3276,0.3830,0.2260,0.2154,0.1061,0.1130,0.2937,0.2782,90,131,0.121,0.626
2026-05-21,822733,0.3011,0.3025,0.2412,0.2411,0.0974,0.1038,0.2959,0.3148,129,73,0.279,0.302
2026-05-21,823056,0.2847,0.3407,0.2737,0.2178,0.0959,0.1069,0.3185,0.2830,50,101,0.337,0.733
2026-05-21,823545,0.3363,0.3008,0.2144,0.2609,0.0848,0.0812,0.2849,0.3106,8,137,-0.062,-0.296
2026-05-21,823864,0.3197,0.3352,0.2405,0.2026,0.0986,0.0744,0.2781,0.2741,78,120,0.421,0.054
2026-05-21,824031,0.3536,0.3265,0.2298,0.2452,0.1269,0.1132,0.2743,0.2988,166,153,-0.219,0.188
2026-05-21,824274,0.3067,0.3202,0.2225,0.2253,0.0787,0.0859,0.3011,0.2948,82,129,0.244,0.188
2026-05-21,825083,,0.3377,,0.2372,,0.0905,,0.2625,,133,,0.195
2026-05-22,822816,0.3448,0.3161,0.2680,0.2237,0.1058,0.0787,0.2981,0.2922,48,161,0.211,-0.034
2026-05-22,823223,0.3143,0.3388,0.2389,0.2192,0.0841,0.0753,0.2717,0.2920,118,17,0.312,0.026
2026-05-22,823298,0.3376,0.3464,0.1999,0.2091,0.1173,0.1101,0.2862,0.2654,141,130,0.584,0.482
2026-05-22,823461,0.3205,0.2995,0.2668,0.2383,0.1202,0.0596,0.2941,0.3020,144,163,0.665,-0.115
2026-05-22,823546,0.2994,0.3258,0.2215,0.1976,0.0892,0.0985,0.2827,0.2693,122,41,0.190,0.049
2026-05-22,823788,0.3381,0.3070,0.2136,0.2985,0.1048,0.0867,0.2821,0.2962,43,25,-0.159,0.115
2026-05-22,823863,0.3242,0.3108,0.2442,0.2756,0.0924,0.1016,0.2846,0.2982,54,95,-0.338,0.104
2026-05-22,824029,0.3094,0.3268,0.2825,0.1927,0.0617,0.0961,0.3008,0.2788,111,56,0.296,0.301
2026-05-22,824110,0.2910,0.3282,0.2996,0.2159,0.0633,0.0914,0.3092,0.2783,150,93,0.834,0.351
2026-05-22,824518,0.3018,0.3308,0.2586,0.1941,0.1011,0.0748,0.2992,0.2647,37,138,0.003,0.325
2026-05-22,824679,0.3287,0.2896,0.2342,0.2363,0.1056,0.0734,0.2951,0.2873,91,131,0.673,0.370
2026-05-22,824761,0.3157,0.3210,0.2226,0.2342,0.0838,0.0855,0.2804,0.2927,21,26,-0.033,0.569
2026-05-22,824842,0.2973,0.3156,0.2838,0.2604,0.0954,0.1071,0.3104,0.2865,163,11,0.336,0.057
2026-05-22,824922,0.3521,0.3323,0.2358,0.2207,0.0998,0.1253,0.2875,0.2834,8,132,-0.074,0.143
2026-05-22,825082,0.3753,0.3175,0.1900,0.2107,0.0728,0.1113,0.2680,0.2717,121,96,0.061,0.098
2026-05-23,822814,0.2626,0.3577,0.3288,0.2039,0.0798,0.0966,0.3119,0.2629,145,161,0.378,0.240
2026-05-23,823222,0.3098,0.3833,0.2394,0.1683,0.1013,0.1038,0.2973,0.2611,7,106,-0.166,0.457
2026-05-23,823300,0.3418,0.3407,0.2518,0.2210,0.1100,0.1034,0.2877,0.2807,87,71,-0.164,0.099
2026-05-23,823458,0.3496,0.2599,0.2249,0.2685,0.1016,0.0654,0.2866,0.2870,120,115,0.107,0.836
2026-05-23,823543,0.2927,0.3359,0.2447,0.2373,0.0789,0.1015,0.2788,0.3044,115,85,0.357,0.249
2026-05-23,823787,0.3367,0.3123,0.2088,0.2199,0.0847,0.1344,0.2807,0.2854,53,19,0.077,-0.076
2026-05-23,823862,0.2920,0.3038,0.2869,0.2673,0.1047,0.0902,0.2950,0.2950,169,86,-0.129,0.230
2026-05-23,824030,0.3305,0.2939,0.2445,0.2537,0.0645,0.0859,0.3096,0.2818,137,19,0.430,0.050
2026-05-23,824109,0.2977,0.3059,0.2513,0.2291,0.0758,0.0657,0.2828,0.2889,144,55,0.608,0.177
2026-05-23,824516,0.3019,0.3535,0.2587,0.2091,0.1011,0.0998,0.2992,0.2971,37,10,0.003,0.136
2026-05-23,824674,0.3262,0.3357,0.2499,0.1897,0.1083,0.0836,0.3018,0.2772,32,139,-0.103,0.500
2026-05-23,824760,0.3246,0.3336,0.2764,0.2644,0.1025,0.1081,0.2827,0.2830,145,12,0.403,0.359
2026-05-23,824840,0.3148,0.3444,0.2049,0.1805,0.0969,0.1020,0.2931,0.2664,167,65,0.084,0.239
2026-05-23,824920,0.3859,0.3075,0.2107,0.2633,0.1236,0.0844,0.2820,0.3034,203,98,0.670,0.271
2026-05-23,825080,0.3204,0.3463,0.2504,0.2315,0.0862,0.0982,0.2865,0.2854,142,177,0.567,0.619
2026-05-24,822813,0.3105,0.3083,0.2369,0.2962,0.0960,0.0947,0.2887,0.3033,162,171,0.292,-0.111
2026-05-24,823220,0.3264,0.3131,0.2092,0.2314,0.1405,0.1209,0.2820,0.2867,31,131,0.801,0.003
2026-05-24,823297,0.3399,0.2955,0.2100,0.2804,0.1260,0.1147,0.2659,0.3231,24,116,-0.175,0.508
2026-05-24,823459,0.2994,0.3391,0.2905,0.2132,0.0810,0.0934,0.3026,0.2539,56,34,0.143,0.433
2026-05-24,823544,0.2926,0.3358,0.2447,0.2373,0.0789,0.1015,0.2788,0.3044,115,85,0.357,0.249
2026-05-24,823786,0.3111,0.3304,0.2475,0.2663,0.1143,0.1387,0.2871,0.2967,141,41,0.519,0.755
2026-05-24,823861,0.3213,0.3447,0.2537,0.2035,0.1092,0.0862,0.2697,0.2843,44,15,0.280,-0.574
2026-05-24,824028,0.3351,0.2844,0.2833,0.2668,0.1062,0.0977,0.2802,0.2927,177,66,0.162,0.023
2026-05-24,824108,0.3135,0.3547,0.2388,0.2118,0.0717,0.0912,0.3025,0.2727,153,157,0.105,0.254
2026-05-24,824514,,0.3472,,0.2400,,0.1205,,0.3019,,179,,0.415
2026-05-24,824676,0.3072,0.3208,0.2073,0.2628,0.0903,0.0694,0.2807,0.2864,33,144,0.185,0.340
2026-05-24,824759,0.3060,0.2837,0.2116,0.2763,0.0775,0.0670,0.2843,0.3096,148,151,0.609,0.191
2026-05-24,824839,0.3148,0.3443,0.2049,0.1805,0.0969,0.1019,0.2931,0.2664,167,65,0.084,0.239
2026-05-24,824921,0.3127,0.3540,0.2696,0.1905,0.0748,0.1228,0.3022,0.2759,44,95,0.285,0.173
2026-05-24,825081,0.3301,0.3071,0.1960,0.2511,0.1471,0.0729,0.2653,0.2738,142,129,0.565,0.603
2026-05-25,822812,0.3191,0.2902,0.1822,0.2427,0.0672,0.0998,0.2590,0.2920,80,30,-0.064,0.231
2026-05-25,822899,0.3294,0.3534,0.2474,0.2070,0.1578,0.0966,0.2830,0.2725,21,86,-0.173,0.343
2026-05-25,823219,0.3866,0.3011,0.2110,0.2537,0.1106,0.0834,0.2772,0.3151,135,100,0.591,0.769
2026-05-25,823296,0.2800,0.3503,0.2783,0.2254,0.0684,0.1119,0.3060,0.2909,131,113,0.566,0.581
2026-05-25,823380,0.3316,0.3095,0.2494,0.2093,0.1033,0.0865,0.3061,0.2892,67,60,-0.086,-0.066
2026-05-25,823625,0.3124,0.3164,0.2512,0.2647,0.0949,0.1098,0.3001,0.2938,111,62,0.372,0.723
2026-05-25,823784,0.3382,0.2995,0.2351,0.3473,0.0750,0.1190,0.2952,0.3244,122,76,0.422,0.985
2026-05-25,823948,0.3690,0.3333,0.2150,0.2873,0.0970,0.0739,0.2668,0.2895,58,70,0.012,0.344
2026-05-25,824107,0.3095,0.2807,0.2936,0.2275,0.0795,0.0606,0.3018,0.3006,135,149,0.821,0.112
2026-05-25,824437,0.3056,0.2997,0.2184,0.2418,0.0741,0.0853,0.2732,0.2925,18,165,-0.318,0.730
2026-05-25,824598,0.3350,0.3354,0.2452,0.2226,0.0919,0.1089,0.2982,0.2705,71,39,0.011,0.521
2026-05-25,824838,0.2799,0.2978,0.2876,0.2972,0.0934,0.1146,0.3266,0.3024,34,66,0.018,0.972
2026-05-25,825005,0.3185,0.3295,0.2368,0.2592,0.0891,0.0935,0.2729,0.2948,156,144,-0.029,0.366
2026-05-26,822811,0.3375,0.3271,0.2026,0.2443,0.0724,0.0939,0.2709,0.2933,125,12,0.031,-0.043
2026-05-26,822898,0.2880,0.3405,0.2607,0.2241,0.0822,0.1202,0.3067,0.2717,32,133,0.381,0.092
2026-05-26,823216,0.3328,0.3220,0.2439,0.2267,0.0891,0.1034,0.2665,0.2979,136,94,0.182,0.093
2026-05-26,823294,0.2874,0.3267,0.2783,0.1887,0.0847,0.0952,0.3063,0.2625,130,138,0.534,0.367
2026-05-26,823379,0.3417,0.2771,0.2376,0.2931,0.0981,0.0933,0.2808,0.3285,17,53,-0.054,0.325
2026-05-26,823624,0.2785,0.3034,0.3331,0.2390,0.1050,0.1098,0.3142,0.2928,56,135,0.281,0.317
2026-05-26,823785,0.3623,0.3328,0.1805,0.2466,0.0521,0.1021,0.2629,0.2879,81,90,0.634,0.203
2026-05-26,823949,0.3414,0.3203,0.1972,0.2299,0.0822,0.0817,0.2759,0.2882,152,65,0.145,-0.091
2026-05-26,824106,0.3008,0.3481,0.3120,0.2010,0.0807,0.1113,0.3260,0.2683,79,116,0.698,-0.101
2026-05-26,824275,0.3656,0.2873,0.1753,0.2152,0.1009,0.0752,0.2615,0.2864,129,86,0.553,0.052
2026-05-26,824434,0.2976,0.3064,0.2433,0.2271,0.1015,0.0822,0.3126,0.2948,76,88,0.303,0.248
2026-05-26,824597,0.3137,0.3486,0.2852,0.2520,0.0846,0.1107,0.3020,0.2900,156,101,0.606,-0.060
2026-05-26,824758,0.3183,0.3002,0.2355,0.2479,0.0964,0.0969,0.2731,0.2765,81,144,0.403,0.144
2026-05-26,824837,0.3100,0.3206,0.2335,0.2416,0.0774,0.1042,0.2882,0.2833,22,142,-0.119,-0.138
2026-05-26,825004,0.3354,,0.2297,,0.0775,,0.2811,,99,,0.369,
2026-05-27,822809,0.3230,0.3190,0.2687,0.2232,0.0990,0.0769,0.2956,0.2933,99,166,0.112,-0.040
2026-05-27,822897,0.3092,0.3345,0.2393,0.2811,0.0915,0.0701,0.2930,0.2950,91,119,0.297,0.302
2026-05-27,823217,0.3172,0.3292,0.2067,0.2361,0.1092,0.0724,0.2686,0.2962,99,20,0.126,0.063
2026-05-27,823295,0.2975,0.3499,0.2440,0.2038,0.0587,0.1123,0.3061,0.2648,166,135,-0.110,0.453
2026-05-27,823376,0.2897,0.3386,0.2418,0.2853,0.0718,0.1109,0.2912,0.3009,135,52,0.358,0.243
2026-05-27,823626,0.3096,0.2895,0.2045,0.2247,0.1044,0.1080,0.2751,0.2925,167,18,0.374,0.314
2026-05-27,823783,0.3335,0.3105,0.2247,0.2397,0.1042,0.1196,0.2854,0.2760,105,82,0.722,0.102
2026-05-27,823947,0.3729,0.2714,0.1924,0.2965,0.0715,0.0653,0.2663,0.3011,124,62,0.058,0.041
2026-05-27,824104,0.3251,0.3253,0.1996,0.2218,0.1042,0.0948,0.2760,0.2798,45,98,0.082,0.395
2026-05-27,824270,0.3219,0.3172,0.2557,0.2271,0.1116,0.0845,0.3009,0.2975,156,132,0.194,0.211
2026-05-27,824432,0.3092,0.3177,0.2103,0.2713,0.0713,0.1178,0.2738,0.2963,21,148,-0.326,0.652
2026-05-27,824596,0.3358,,0.2027,,0.0874,,0.2778,,29,,-0.054,
2026-05-27,824756,0.3294,0.3264,0.2213,0.2416,0.1227,0.1134,0.2858,0.2782,136,54,0.145,0.309
2026-05-27,824836,0.3402,0.3327,0.2134,0.2160,0.0992,0.0889,0.2981,0.2808,49,5,-0.274,
2026-05-27,825003,0.2880,0.3398,0.3034,0.2000,0.0621,0.1193,0.3090,0.2881,154,146,0.857,0.576
2026-05-28,822896,0.3320,0.3434,0.2332,0.2434,0.1021,0.0679,0.2990,0.3114,96,142,0.656,0.437
2026-05-28,823378,0.3368,0.2725,0.1851,0.3211,0.0864,0.0826,0.2764,0.3090,144,150,0.508,0.378
2026-05-28,824272,0.3258,0.2980,0.1880,0.2877,0.1020,0.0937,0.2766,0.3103,59,167,0.272,0.342
2026-05-28,824595,0.3333,0.3094,0.2161,0.2447,0.1197,0.0822,0.2809,0.2732,5,122,0.134,0.306
2026-05-28,824757,0.2913,0.3115,0.2950,0.2489,0.0830,0.0825,0.3206,0.2983,139,29,0.220,0.648
2026-05-28,824834,0.3551,0.3331,0.2047,0.2248,0.0949,0.1069,0.2659,0.2838,165,170,0.235,0.264
2026-05-29,822732,0.3388,0.3241,0.2203,0.2354,0.0996,0.0892,0.2793,0.2859,76,5,0.107,0.083
2026-05-29,822894,0.2989,0.3325,0.2234,0.2840,0.0640,0.1049,0.2906,0.2789,58,180,0.187,0.167
2026-05-29,822978,0.2981,0.3036,0.2567,0.2157,0.0827,0.0922,0.2913,0.2823,22,127,0.079,0.200
2026-05-29,823055,0.3181,0.3465,0.2687,0.1521,0.0684,0.1152,0.2899,0.2607,147,157,0.330,0.024
2026-05-29,823135,0.3443,0.2972,0.2277,0.2477,0.0965,0.0732,0.2848,0.2852,181,151,0.617,0.609
2026-05-29,823377,0.3199,0.3103,0.2821,0.2615,0.1010,0.1039,0.2852,0.2994,148,53,0.406,0.995
2026-05-29,823623,0.3005,0.2892,0.2736,0.2833,0.0944,0.1033,0.3010,0.2932,90,172,0.244,-0.132
2026-05-29,823946,0.2574,0.3625,0.2697,0.2038,0.0643,0.1043,0.2865,0.2806,118,53,0.842,-0.231
2026-05-29,824191,0.3201,0.3159,0.2129,0.2632,0.0876,0.1048,0.2786,0.3067,6,35,0.035,-0.098
2026-05-29,824353,0.2953,0.3214,0.2693,0.2444,0.0706,0.0841,0.3111,0.2859,164,147,0.463,0.554
2026-05-29,824433,,0.3445,,0.2267,,0.0999,,0.2862,,123,,0.133
2026-05-29,824515,0.3017,0.3302,0.2771,0.1953,0.0828,0.0732,0.3097,0.2632,101,142,0.274,0.341
2026-05-29,824594,0.3066,0.3600,0.2220,0.1998,0.0809,0.0846,0.2763,0.2784,11,143,0.360,0.212
2026-05-29,824835,,0.2849,,0.2331,,0.0684,,0.2931,,114,,0.881
2026-05-29,825002,0.2979,0.3553,0.2645,0.2336,0.0842,0.1241,0.3118,0.2733,142,171,-0.301,-0.216
2026-05-30,822731,0.2949,0.3128,0.2798,0.2757,0.1121,0.0805,0.3244,0.3060,120,49,0.506,0.294
2026-05-30,822893,0.3591,0.3524,0.2080,0.2069,0.0895,0.1066,0.2729,0.2692,161,91,0.237,0.360
2026-05-30,822975,0.2855,0.2960,0.2685,0.2462,0.0954,0.0775,0.2918,0.2789,69,118,0.072,0.342
2026-05-30,823054,0.3376,0.2936,0.2418,0.2584,0.1001,0.0970,0.3030,0.2952,71,41,-0.063,0.088
2026-05-30,823132,0.3056,0.3101,0.2472,0.2401,0.0717,0.0707,0.2730,0.3023,132,156,0.576,0.103
2026-05-30,823375,0.3007,0.3133,0.2124,0.2328,0.0760,0.0987,0.2865,0.2900,152,166,0.593,0.300
2026-05-30,823622,0.3360,0.3161,0.2185,0.2537,0.0818,0.1052,0.2996,0.2708,19,48,-0.456,0.348
2026-05-30,823945,0.2767,0.3449,0.2800,0.2051,0.0663,0.0880,0.3083,0.2703,137,60,0.573,0.066
2026-05-30,824190,0.3342,0.3071,0.2632,0.1968,0.1416,0.0857,0.2958,0.2757,46,38,0.710,0.211
2026-05-30,824352,0.3779,0.3501,0.1712,0.2217,0.1019,0.0843,0.2621,0.2816,109,83,0.470,0.154
2026-05-30,824431,0.2876,0.3003,0.2733,0.2892,0.0743,0.0783,0.3048,0.2987,157,60,0.196,0.126
2026-05-30,824513,0.3544,0.3473,0.1933,0.2401,0.1268,0.1205,0.2774,0.3020,98,179,0.165,0.415
2026-05-30,824593,0.3136,0.3416,0.2101,0.2141,0.0996,0.1046,0.2960,0.2683,171,43,0.099,0.471
2026-05-30,824833,0.2910,0.3393,0.2431,0.1842,0.0955,0.0995,0.2935,0.2698,34,68,0.228,0.232
2026-05-30,825000,0.3288,0.3403,0.2444,0.2567,0.0987,0.1195,0.3030,0.2908,89,92,0.293,-0.157
2026-05-31,822729,0.3510,0.3203,0.2317,0.2523,0.1094,0.0741,0.2912,0.2838,117,148,0.574,0.559
2026-05-31,822895,0.2792,0.3413,0.2290,0.2247,0.0597,0.1228,0.3001,0.2720,152,137,0.124,0.109
2026-05-31,822976,0.3645,0.2803,0.1778,0.2789,0.0993,0.0905,0.2651,0.3295,132,37,0.555,-0.023
2026-05-31,823053,0.3605,0.3413,0.2155,0.2371,0.1006,0.0775,0.2796,0.2983,25,129,-0.041,0.397
2026-05-31,823133,0.3829,0.2886,0.2079,0.2373,0.1090,0.0853,0.2741,0.2795,138,94,0.588,0.607
2026-05-31,823373,0.3436,0.2703,0.2418,0.2943,0.0952,0.0909,0.2939,0.3333,77,56,0.039,0.346
2026-05-31,823621,,0.3089,,0.2825,,0.1072,,0.2971,,65,,0.729
2026-05-31,823944,0.3475,0.3107,0.2067,0.2439,0.0905,0.1126,0.2566,0.2877,37,144,0.428,0.507
2026-05-31,824187,0.2980,0.3398,0.3518,0.2332,0.1227,0.1835,0.3291,0.2836,80,26,0.983,-0.144
2026-05-31,824354,0.3153,0.3644,0.2318,0.2163,0.1184,0.0938,0.2810,0.2675,135,62,0.010,0.013
2026-05-31,824430,0.3000,0.3099,0.2443,0.2400,0.0955,0.0831,0.2750,0.2911,147,171,0.155,0.672
2026-05-31,824512,0.3227,0.3095,0.2344,0.2570,0.0932,0.0985,0.2772,0.3033,86,115,0.410,0.368
2026-05-31,824592,0.2833,0.3440,0.2109,0.2536,0.0737,0.1087,0.2856,0.2896,89,104,0.046,-0.071
2026-05-31,824832,0.3188,0.2990,0.2509,0.2882,0.0903,0.1111,0.2821,0.3006,4,70,0.079,0.991
2026-05-31,825001,0.3068,0.3025,0.2943,0.2035,0.0783,0.1492,0.2989,0.2679,138,89,0.819,0.323
2026-06-01,822730,0.3401,0.2917,0.2079,0.2436,0.0705,0.0985,0.2746,0.3156,130,80,0.026,0.303
2026-06-01,822974,0.3196,0.3023,0.2232,0.2489,0.1012,0.0747,0.2769,0.2964,3,25,,-0.120
2026-06-01,823050,0.3307,0.3560,0.2821,0.1894,0.0689,0.0507,0.2974,0.2633,122,85,0.311,0.631
2026-06-01,823131,,0.3306,,0.2318,,0.0760,,0.2805,,102,,0.370
2026-06-01,823702,0.3253,0.3114,0.2509,0.2892,0.0903,0.0876,0.2915,0.3045,4,160,,0.617
2026-06-01,823781,0.2957,0.3345,0.2553,0.2197,0.0818,0.1059,0.3166,0.2768,103,4,0.767,-0.323
2026-06-01,824027,0.3470,0.3230,0.1974,0.2546,0.0803,0.1090,0.2752,0.2999,157,161,0.160,0.182
2026-06-01,824510,0.3385,,0.2215,,0.0997,,0.2796,,8,,-0.182,
2026-06-01,825078,0.3293,0.3428,0.2939,0.2379,0.0792,0.0919,0.2951,0.2676,74,141,0.400,0.163
2026-06-02,822728,0.3207,0.3402,0.2275,0.2231,0.0935,0.0942,0.2837,0.2825,2,12,,-0.047
2026-06-02,822971,0.2948,0.3578,0.2871,0.2124,0.0920,0.1076,0.3110,0.2921,171,59,0.333,-0.286
2026-06-02,823052,0.3518,0.3276,0.2461,0.2387,0.0707,0.1024,0.3093,0.2879,148,108,0.372,0.738
2026-06-02,823129,0.2834,0.2893,0.2356,0.3071,0.1135,0.0610,0.2908,0.3114,23,158,0.372,0.844
2026-06-02,823460,0.3332,0.2848,0.1842,0.2740,0.0928,0.0834,0.2616,0.3067,143,133,0.345,0.538
2026-06-02,823541,0.3075,0.3044,0.2264,0.3034,0.0927,0.0784,0.2940,0.3232,93,83,0.285,0.668
2026-06-02,823700,0.3053,0.3289,0.2462,0.2265,0.0808,0.0944,0.2752,0.2877,125,33,0.309,-0.045
2026-06-02,823782,0.3182,0.3328,0.2399,0.2403,0.0698,0.0995,0.2997,0.2860,23,94,0.097,0.209
2026-06-02,824026,0.3810,0.3242,0.1927,0.1886,0.0697,0.1059,0.2642,0.2789,129,64,0.053,0.243
2026-06-02,824189,0.3470,0.3195,0.2794,0.2367,0.1223,0.0880,0.2931,0.2904,58,97,0.197,0.292
2026-06-02,824511,0.3223,0.3125,0.2240,0.2054,0.0930,0.1026,0.2816,0.2758,101,171,0.357,0.369
2026-06-02,824675,0.3101,0.2854,0.2550,0.2421,0.0917,0.0704,0.2952,0.2915,3,139,,0.347
2026-06-02,824754,0.3231,0.3272,0.2359,0.2336,0.1017,0.1181,0.2832,0.2701,147,58,-0.143,0.295
2026-06-02,824918,0.3172,0.3320,0.2271,0.2170,0.0752,0.1202,0.2908,0.2837,171,140,-0.006,0.146
2026-06-02,825079,0.3129,0.3149,0.2403,0.2018,0.0798,0.1065,0.2882,0.2687,68,103,-0.052,0.134
2026-06-03,822727,0.3116,0.3176,0.2598,0.2279,0.1023,0.0830,0.2977,0.2886,98,10,0.214,-0.205
2026-06-03,822973,0.3021,0.2989,0.2236,0.2229,0.0766,0.0907,0.2747,0.2852,15,130,0.350,0.217
2026-06-03,823051,0.3384,0.3506,0.2823,0.1518,0.1027,0.1116,0.2797,0.2623,185,164,0.173,0.050
2026-06-03,823130,0.2870,0.2997,0.2840,0.2443,0.1020,0.0722,0.2917,0.2836,175,154,-0.129,0.607
2026-06-03,823456,0.3454,0.2931,0.2109,0.2442,0.1106,0.0577,0.2708,0.3080,138,170,0.455,-0.117
2026-06-03,823540,0.3169,0.3246,0.2744,0.2127,0.1244,0.1013,0.2993,0.2780,153,48,0.637,0.093
2026-06-03,823701,0.3601,0.3227,0.1998,0.2776,0.0846,0.1070,0.2783,0.2857,143,155,0.199,0.450
2026-06-03,823780,0.2936,0.3056,0.2733,0.2216,0.0738,0.1399,0.3115,0.2847,168,23,0.455,0.010
2026-06-03,824024,0.3201,0.3015,0.2446,0.2565,0.0825,0.0904,0.2865,0.2876,151,26,0.546,0.104
2026-06-03,824188,0.2693,0.3301,0.3260,0.2289,0.0815,0.1002,0.3105,0.2973,153,99,0.388,0.644
2026-06-03,824509,0.3030,0.2716,0.2252,0.3501,0.0679,0.1023,0.2986,0.3221,66,59,0.178,0.283
2026-06-03,824671,0.3467,0.3338,0.1991,0.1903,0.1159,0.0891,0.2885,0.2778,152,149,0.567,0.519
2026-06-03,824755,0.3342,0.3033,0.2210,0.2517,0.1051,0.0798,0.2840,0.2998,174,32,0.259,0.674
2026-06-03,824917,0.3543,0.3022,0.2090,0.2765,0.0928,0.0868,0.2669,0.3043,170,105,0.241,0.280
2026-06-03,825077,0.2688,0.3460,0.2953,0.2240,0.0711,0.0949,0.3009,0.2819,66,185,0.070,0.614
2026-06-04,823457,0.3507,0.2544,0.2111,0.2748,0.1094,0.0629,0.2779,0.2886,82,122,-0.005,0.844
2026-06-04,823542,0.3426,0.3031,0.2284,0.2594,0.0983,0.0825,0.2847,0.3098,126,146,0.170,-0.300
2026-06-04,823698,0.3614,0.3115,0.2132,0.2130,0.0879,0.0876,0.2753,0.2741,165,6,0.222,-0.180
2026-06-04,823779,0.3786,0.3326,0.1748,0.2037,0.1142,0.0838,0.2610,0.2772,117,9,0.490,-0.044
2026-06-04,824185,0.3119,0.3067,0.2611,0.2755,0.1003,0.1016,0.3003,0.3091,57,38,1.060,-0.098
2026-06-04,824672,0.3410,0.3252,0.2518,0.2659,0.1172,0.0759,0.2905,0.2879,95,153,-0.154,0.341
2026-06-04,824753,0.2818,0.3622,0.2348,0.2211,0.0673,0.1064,0.2921,0.2862,117,158,0.877,0.083
2026-06-04,824919,0.3198,0.2929,0.2327,0.2927,0.0983,0.0859,0.2726,0.3173,9,144,-0.163,0.262
2026-06-04,825076,0.3532,0.3060,0.2243,0.2434,0.1016,0.0706,0.2920,0.2700,56,135,-0.132,0.564
2026-06-05,822810,0.3312,0.2894,0.1938,0.2435,0.0966,0.1019,0.2727,0.2946,72,38,0.227,0.230
2026-06-05,822892,0.3001,0.3539,0.2937,0.2029,0.0832,0.1045,0.3028,0.2709,65,94,0.229,0.403
2026-06-05,823049,0.3434,0.2905,0.2413,0.2607,0.1190,0.0943,0.3010,0.2974,182,44,0.439,0.126
2026-06-05,823293,0.3076,0.2958,0.2649,0.2752,0.1024,0.1103,0.2737,0.3231,51,123,0.343,0.499
2026-06-05,823455,0.3413,0.2784,0.2175,0.2781,0.1017,0.0647,0.2698,0.3087,46,142,0.566,0.570
2026-06-05,823538,0.2877,0.3453,0.2762,0.2414,0.0727,0.0949,0.3061,0.3024,162,95,0.188,0.312
2026-06-05,823699,0.2809,0.3364,0.2298,0.2510,0.0621,0.0931,0.2957,0.2921,160,80,0.112,0.046
2026-06-05,823860,0.3077,0.3201,0.2478,0.2368,0.0854,0.1065,0.2775,0.2822,125,45,0.331,0.420
2026-06-05,823943,0.2978,0.3452,0.2694,0.2066,0.1052,0.0933,0.2858,0.2648,76,64,0.067,0.104
2026-06-05,824186,0.3218,0.3036,0.2601,0.1971,0.0910,0.0816,0.2921,0.2805,10,43,-0.203,0.160
2026-06-05,824271,0.3087,0.3178,0.2460,0.2090,0.0697,0.1055,0.3023,0.2940,159,177,0.109,0.096
2026-06-05,824350,0.3488,0.3512,0.2514,0.2172,0.1443,0.0827,0.2869,0.2816,51,86,0.757,0.173
2026-06-05,824673,0.3110,0.2969,0.2360,0.2824,0.1155,0.0722,0.2790,0.3112,140,130,0.025,0.172
2026-06-05,824914,0.3093,0.3546,0.2385,0.1959,0.0974,0.1307,0.2920,0.2771,169,101,0.301,0.152
2026-06-05,825073,0.3152,0.3765,0.2749,0.2077,0.0866,0.1063,0.3039,0.2708,53,143,0.379,0.597
2026-06-06,822808,0.2969,0.3134,0.2870,0.2447,0.1078,0.0890,0.3023,0.3019,74,16,1.011,-0.071
2026-06-06,822891,0.3176,0.3383,0.2433,0.2263,0.0813,0.1210,0.2929,0.2716,176,140,0.700,0.132
2026-06-06,823048,0.3163,0.3378,0.2554,0.2412,0.1013,0.0755,0.3039,0.2965,120,134,0.369,0.374
2026-06-06,823292,0.3105,0.3513,0.2716,0.2278,0.1185,0.1131,0.2933,0.2899,70,120,0.790,0.590
2026-06-06,823454,0.3104,0.3586,0.2218,0.2064,0.0820,0.0959,0.2887,0.2543,11,42,0.132,0.424
2026-06-06,823539,0.2994,0.3101,0.2503,0.2940,0.0941,0.0805,0.2785,0.2981,150,145,0.170,0.806
2026-06-06,823697,0.3269,0.3116,0.2090,0.2916,0.0942,0.0857,0.2768,0.3069,12,165,-0.067,0.605
2026-06-06,823859,0.2781,0.3062,0.2876,0.2477,0.0870,0.0893,0.3288,0.2809,41,5,0.006,0.049
2026-06-06,823942,0.3687,0.3064,0.1733,0.2500,0.0968,0.1110,0.2633,0.2906,137,147,0.565,0.499
2026-06-06,824184,,0.3344,,0.2253,,0.1774,,0.2863,,29,,-0.174
2026-06-06,824269,0.2837,0.2798,0.2391,0.2067,0.0837,0.0722,0.2796,0.2861,97,92,0.607,0.046
2026-06-06,824351,0.2926,0.3100,0.3584,0.2389,0.1202,0.0918,0.3297,0.2909,83,3,1.016,
2026-06-06,824669,0.2933,0.3304,0.2611,0.2439,0.0799,0.0980,0.3190,0.3066,107,74,0.805,-0.050
2026-06-06,824915,0.2635,0.3223,0.3036,0.2465,0.0887,0.0901,0.3385,0.2849,59,91,0.345,0.397
2026-06-06,825075,0.3189,0.3417,0.2487,0.2344,0.0731,0.0906,0.2829,0.2674,151,144,0.551,0.153
2026-06-07,822807,0.3212,0.3160,0.2349,0.2265,0.1040,0.0779,0.2820,0.2930,152,176,-0.146,0.005
2026-06-07,822890,0.3011,0.3244,0.2204,0.2851,0.0903,0.0671,0.2932,0.2977,97,127,0.291,0.336
2026-06-07,823047,0.3591,0.3584,0.1857,0.1854,0.1036,0.0565,0.2654,0.2612,58,88,0.029,0.660
2026-06-07,823291,0.2844,0.3284,0.2245,0.1911,0.1199,0.0915,0.2824,0.2644,27,146,0.429,0.343
2026-06-07,823453,0.3243,0.2860,0.2427,0.2684,0.0909,0.0818,0.2898,0.3067,10,137,-0.210,0.531
2026-06-07,823537,0.2994,0.3065,0.2503,0.2970,0.0941,0.0768,0.2785,0.3215,150,86,0.171,0.657
2026-06-07,823696,0.3180,0.3175,0.2259,0.2272,0.0914,0.0906,0.2777,0.2883,104,37,0.336,-0.009
2026-06-07,823857,0.3080,0.3400,0.2652,0.2098,0.0699,0.0694,0.3021,0.2739,31,133,-0.100,-0.021
2026-06-07,823941,0.3220,0.3279,0.2566,0.2924,0.1150,0.0769,0.3020,0.2931,167,78,0.164,0.376
2026-06-07,824183,0.3040,0.3195,0.2543,0.2306,0.0863,0.0921,0.2950,0.2907,7,101,0.185,0.328
2026-06-07,824268,0.3163,0.2932,0.2370,0.2876,0.0920,0.0909,0.2741,0.3119,160,174,-0.060,0.326
2026-06-07,824349,0.3312,0.3507,0.2245,0.1973,0.1162,0.0785,0.2739,0.2759,7,162,0.095,0.163
2026-06-07,824670,0.3392,0.2858,0.2347,0.2433,0.0877,0.0694,0.2911,0.2906,29,142,0.207,0.353
2026-06-07,824916,0.3007,0.3281,0.2682,0.2137,0.0815,0.1185,0.3124,0.2828,11,143,-0.195,0.132
2026-06-07,825074,0.2942,0.3206,0.2387,0.2064,0.1143,0.1087,0.3127,0.2714,87,109,0.338,0.130
2026-06-08,822806,0.2909,0.3554,0.2453,0.2097,0.0570,0.0912,0.3092,0.2687,173,174,-0.125,0.217
2026-06-08,822972,0.3244,0.3144,0.2321,0.2486,0.1214,0.0902,0.2657,0.2985,63,17,0.276,-0.149
2026-06-08,823218,0.3294,0.2929,0.2139,0.2741,0.0905,0.0729,0.2779,0.3118,15,171,-0.031,0.456
2026-06-08,823289,0.3172,0.3461,0.2018,0.2105,0.1051,0.1128,0.2719,0.2689,175,143,0.362,0.446
2026-06-08,824025,0.3290,0.3194,0.2293,0.1919,0.0978,0.1035,0.2998,0.2813,103,67,0.643,0.183
2026-06-08,824427,0.3101,0.3155,0.2939,0.2785,0.0805,0.1268,0.2981,0.3000,145,157,0.806,0.627
2026-06-08,824829,0.3301,0.3491,0.2275,0.2006,0.0747,0.0969,0.2785,0.2756,105,10,0.303,0.323
2026-06-08,824998,0.3322,0.3429,0.2453,0.2009,0.1027,0.1143,0.2833,0.2884,99,155,0.261,0.566
2026-06-09,822805,0.2516,0.3107,0.2811,0.2997,0.0619,0.0931,0.2920,0.3047,125,175,0.841,-0.112
2026-06-09,822969,0.3032,0.3025,0.2516,0.2211,0.0870,0.0880,0.2957,0.2850,36,136,0.482,0.208
2026-06-09,823214,0.3143,0.3798,0.2183,0.1745,0.0796,0.1214,0.2849,0.2623,13,123,-0.171,0.484
2026-06-09,823290,0.2818,0.3487,0.3440,0.2067,0.1063,0.1072,0.3193,0.2788,64,85,0.289,-0.000
2026-06-09,823374,0.3122,0.2710,0.2347,0.3199,0.0780,0.0800,0.2878,0.3099,71,157,-0.048,0.400
2026-06-09,823620,0.3217,0.2891,0.2506,0.2863,0.1000,0.1041,0.2901,0.2937,112,180,0.716,-0.140
2026-06-09,823858,0.3460,0.3058,0.2213,0.2673,0.0938,0.1004,0.2823,0.3016,188,101,0.618,0.239
2026-06-09,824023,0.3126,0.2929,0.2718,0.2590,0.0967,0.0874,0.3098,0.2883,43,29,-0.085,0.135
2026-06-09,824105,0.3479,0.3014,0.2461,0.2335,0.0694,0.0658,0.3086,0.2997,152,70,0.375,0.184
2026-06-09,824267,0.3256,0.3151,0.2721,0.2070,0.1121,0.0833,0.2834,0.2707,163,21,0.470,0.352
2026-06-09,824347,0.3328,0.3804,0.1858,0.1990,0.0917,0.0682,0.2754,0.2628,154,133,0.524,0.085
2026-06-09,824429,0.3259,0.3408,0.2069,0.2289,0.0986,0.0962,0.2751,0.2838,51,130,-0.001,0.193
2026-06-09,824591,0.3074,0.3023,0.2742,0.2367,0.0902,0.0776,0.3046,0.2950,110,15,0.296,0.112
2026-06-09,824830,0.2907,0.2823,0.3074,0.2364,0.0602,0.0662,0.3083,0.2919,161,120,0.845,0.840
2026-06-09,824999,0.2965,0.3391,0.2254,0.2626,0.1351,0.1260,0.2933,0.2972,26,100,0.188,-0.174
2026-06-10,822804,0.2778,0.3628,0.2727,0.2094,0.0683,0.0922,0.3067,0.2819,146,89,0.573,0.176
2026-06-10,822970,0.3345,0.3048,0.2213,0.2491,0.1145,0.0841,0.2667,0.2806,8,128,0.768,0.346
2026-06-10,823215,0.3140,0.3113,0.2763,0.2302,0.0844,0.1224,0.3023,0.2755,56,145,0.347,0.032
2026-06-10,823287,0.3395,0.2911,0.2425,0.2761,0.1197,0.1085,0.3007,0.3218,189,126,0.442,0.504
2026-06-10,823372,0.2672,0.3071,0.2883,0.2749,0.0696,0.1045,0.3012,0.2991,69,62,0.084,1.084
2026-06-10,823618,0.3497,0.3221,0.1535,0.2230,0.1140,0.0918,0.2652,0.2837,168,3,0.048,
2026-06-10,823856,0.3039,0.3328,0.2447,0.2218,0.0696,0.1088,0.2690,0.2770,138,52,0.576,0.356
2026-06-10,824022,0.3061,0.3016,0.1914,0.2688,0.0793,0.1094,0.2782,0.2842,46,80,0.198,0.082
2026-06-10,824103,0.3423,0.3672,0.2744,0.2138,0.1118,0.0864,0.2800,0.2771,192,169,0.170,0.221
2026-06-10,824266,,0.3213,,0.2121,,0.1029,,0.2953,,183,,0.111
2026-06-10,824348,0.3213,0.3207,0.2668,0.2435,0.0749,0.0853,0.2872,0.2853,156,156,0.326,0.523
2026-06-10,824428,0.2989,0.2963,0.2652,0.2867,0.0814,0.0813,0.3114,0.2993,149,68,-0.301,0.242
2026-06-10,824590,0.2884,0.3043,0.2952,0.2422,0.0838,0.0796,0.3196,0.2764,149,128,0.266,0.292
2026-06-10,824831,0.3026,0.3312,0.2467,0.1880,0.0703,0.0937,0.2811,0.2686,160,76,0.613,0.201
2026-06-10,824996,0.3516,0.3301,0.2491,0.2657,0.1467,0.0969,0.2883,0.2906,56,16,0.738,-0.334
2026-06-11,823371,0.3498,0.3083,0.2169,0.2377,0.0983,0.0996,0.2871,0.2879,60,174,-0.125,0.276
2026-06-11,823619,0.3117,0.3084,0.2434,0.2579,0.0904,0.0997,0.2929,0.2775,31,54,0.283,0.356
2026-06-11,823855,0.3740,0.3335,0.2075,0.2106,0.1086,0.0789,0.2722,0.2973,148,22,0.601,-0.428
2026-06-11,824101,0.3511,0.2847,0.2104,0.2257,0.1019,0.0610,0.2708,0.2952,98,164,0.409,0.100
2026-06-11,824265,0.3403,0.2782,0.2475,0.2027,0.0962,0.0708,0.2877,0.2825,86,95,0.054,0.046
2026-06-11,824346,0.3048,0.3477,0.2803,0.2113,0.0703,0.0871,0.3086,0.2835,135,90,0.214,0.186
2026-06-11,824589,0.3497,0.3398,0.1984,0.2167,0.1283,0.0972,0.2772,0.2637,104,51,0.180,0.546
2026-06-11,824827,0.3083,0.2970,0.2460,0.2807,0.0685,0.1127,0.3019,0.3001,163,77,0.103,1.020
2026-06-12,822726,0.2800,0.3181,0.2408,0.2499,0.0821,0.0721,0.2769,0.2850,100,154,0.598,0.551
2026-06-12,822803,0.3467,0.2957,0.2368,0.2436,0.0931,0.0979,0.3043,0.2917,98,42,0.292,0.232
2026-06-12,823211,0.3218,0.2931,0.2344,0.2593,0.0834,0.0892,0.2878,0.3147,73,112,0.186,0.794
2026-06-12,823370,0.3382,0.2715,0.2168,0.3026,0.0684,0.0838,0.2776,0.3325,136,66,-0.034,0.388
2026-06-12,823617,0.3178,0.3037,0.2466,0.2805,0.0878,0.1159,0.2791,0.2952,95,73,0.397,0.757
2026-06-12,823695,0.3091,0.3157,0.2441,0.2896,0.0973,0.0838,0.3012,0.3042,51,170,0.188,0.595
2026-06-12,823778,0.3150,0.2874,0.2409,0.3510,0.0886,0.1177,0.2932,0.3286,5,86,,1.006
2026-06-12,824020,0.2755,0.3481,0.2793,0.2131,0.0845,0.1428,0.3247,0.2793,44,22,-0.007,0.589
2026-06-12,824102,0.3271,0.3262,0.2371,0.2006,0.1697,0.0905,0.2918,0.2710,33,15,-0.198,-0.105
2026-06-12,824425,0.2894,0.3178,0.2924,0.2403,0.0897,0.0803,0.3129,0.2932,177,179,0.322,0.711
2026-06-12,824507,0.3492,0.3131,0.2288,0.2553,0.0932,0.0991,0.2681,0.3057,149,124,0.147,0.374
2026-06-12,824588,0.3385,0.3398,0.2174,0.2166,0.0911,0.0972,0.2693,0.2637,67,51,0.116,0.547
2026-06-12,824752,0.3334,0.2874,0.2328,0.2713,0.1192,0.0714,0.2718,0.3064,143,166,0.143,0.176
2026-06-12,824826,0.3479,0.3267,0.2241,0.2306,0.1113,0.1021,0.2892,0.2812,123,156,0.593,-0.133
2026-06-12,824997,,0.3012,,0.2401,,0.0815,,0.2919,,11,,0.204
2026-06-13,822725,0.3121,0.3020,0.2428,0.2390,0.0908,0.1113,0.2731,0.3137,163,91,-0.050,0.351
2026-06-13,822802,0.3025,0.3152,0.2958,0.2279,0.0748,0.0770,0.3218,0.2907,90,179,0.658,0.002
2026-06-13,823213,0.3315,0.3307,0.2368,0.2380,0.0952,0.0849,0.3043,0.2961,78,32,-0.038,0.196
2026-06-13,823369,0.2987,0.3420,0.2514,0.2761,0.0854,0.1174,0.2775,0.2896,8,63,0.046,0.258
2026-06-13,823616,0.3497,0.3111,0.1984,0.2809,0.1283,0.0938,0.2772,0.2996,104,73,0.181,0.970
2026-06-13,823694,0.3353,0.3118,0.2376,0.2282,0.0744,0.0969,0.2953,0.2893,137,41,0.382,-0.043
2026-06-13,823776,0.2862,0.3237,0.2717,0.2090,0.0798,0.1082,0.3091,0.2636,142,12,0.520,0.196
2026-06-13,824019,0.3062,0.3187,0.2542,0.2522,0.0775,0.1130,0.2978,0.3019,35,171,-0.200,0.175
2026-06-13,824100,0.3175,0.3139,0.2326,0.2278,0.0904,0.0898,0.2906,0.2808,104,107,0.339,0.308
2026-06-13,824426,0.2899,0.3038,0.2662,0.2260,0.0676,0.0876,0.3100,0.2963,137,102,-0.105,0.256
2026-06-13,824508,0.3197,0.3628,0.2086,0.1849,0.1126,0.1148,0.2717,0.2675,112,64,0.114,0.075
2026-06-13,824587,0.3073,0.3387,0.2441,0.2519,0.1084,0.1056,0.2891,0.2888,152,109,0.518,-0.108
2026-06-13,824749,0.3197,0.2953,0.2859,0.2515,0.0661,0.0928,0.2985,0.2794,130,153,0.347,0.157
2026-06-13,824828,0.3292,0.3598,0.1913,0.1924,0.0894,0.0930,0.2668,0.2829,151,13,0.335,0.335
2026-06-13,824995,0.3497,0.3357,0.1992,0.2269,0.0775,0.0906,0.2760,0.2618,165,46,0.171,0.255
2026-06-14,822722,0.3349,0.3169,0.2221,0.2147,0.0729,0.0808,0.2768,0.2779,109,24,0.287,-0.317
2026-06-14,822801,0.3056,0.3509,0.3041,0.2145,0.0794,0.0897,0.2993,0.2703,148,178,0.817,0.218
2026-06-14,823212,0.3222,0.2919,0.2346,0.2791,0.0928,0.0719,0.2879,0.3136,2,174,,0.449
2026-06-14,823368,0.3104,0.2705,0.2592,0.3155,0.1035,0.0789,0.2972,0.3102,106,160,0.241,0.414
2026-06-14,823615,0.3280,0.2879,0.2144,0.2857,0.1162,0.1065,0.2832,0.2946,147,184,0.126,-0.123
2026-06-14,823693,0.3551,0.3230,0.1817,0.2716,0.0554,0.1102,0.2598,0.2820,91,167,0.655,0.482
2026-06-14,823777,0.2908,0.3384,0.2464,0.2499,0.0563,0.1057,0.3091,0.2847,176,104,-0.130,0.248
2026-06-14,824021,0.3202,0.3123,0.2324,0.2027,0.1014,0.1011,0.2835,0.2803,3,70,-0.234,0.207
2026-06-14,824099,0.3303,0.2974,0.2252,0.2339,0.0961,0.0639,0.2969,0.2970,106,74,0.643,0.184
2026-06-14,824424,0.3171,0.3209,0.2287,0.2812,0.0884,0.1285,0.2989,0.3040,135,162,0.215,0.603
2026-06-14,824506,0.3479,0.3171,0.2169,0.1984,0.0920,0.1076,0.2844,0.2711,193,179,0.619,0.372
2026-06-14,824586,0.3227,0.3034,0.2912,0.2291,0.0748,0.0970,0.2947,0.2963,82,10,0.380,-0.161
2026-06-14,824751,0.3463,0.3196,0.2519,0.2386,0.0731,0.1167,0.3074,0.2722,155,68,0.384,0.308
2026-06-14,824823,0.3440,0.2842,0.2102,0.2324,0.1150,0.0651,0.2666,0.2933,148,123,0.406,0.837
2026-06-14,824994,0.3804,0.3424,0.2010,0.1954,0.0672,0.1157,0.2632,0.2850,136,161,0.088,0.620
2026-06-15,822724,0.3499,0.3053,0.2277,0.2459,0.0771,0.0755,0.2901,0.2931,59,17,-0.026,-0.030
2026-06-15,822887,0.3082,0.3400,0.2546,0.2729,0.0918,0.1135,0.2914,0.2818,3,197,,0.166
2026-06-15,823046,0.3290,0.3185,0.2368,0.2462,0.0936,0.0983,0.2878,0.2879,2,115,,0.679
2026-06-15,823452,0.3266,0.2500,0.2379,0.2804,0.1042,0.0606,0.2797,0.2900,57,129,0.369,0.820
2026-06-15,823938,0.2986,0.3190,0.2177,0.2333,0.0866,0.0751,0.2836,0.2872,139,76,0.198,-0.040
2026-06-15,824181,0.3114,0.3160,0.2350,0.2726,0.0904,0.1178,0.2891,0.3098,4,50,,-0.058
2026-06-15,824505,0.3275,0.2755,0.2360,0.3436,0.0978,0.1038,0.2780,0.3194,58,67,-0.298,0.327
2026-06-15,824666,0.3166,0.3196,0.2492,0.2652,0.0841,0.0777,0.2881,0.2879,159,161,0.538,0.336
2026-06-15,824993,0.3030,0.3402,0.2762,0.2515,0.1020,0.1268,0.2996,0.2939,65,107,1.101,-0.106
2026-06-15,825071,0.2921,0.3066,0.2770,0.2410,0.1041,0.0685,0.2915,0.2678,34,141,0.236,0.575
2026-06-16,822723,0.2888,0.3167,0.2261,0.2671,0.0600,0.0816,0.2944,0.2959,168,60,0.109,0.343
2026-06-16,822888,0.3450,0.3517,0.2392,0.2052,0.0930,0.1056,0.2852,0.2692,91,102,0.087,0.439
2026-06-16,823045,0.2892,0.3483,0.2717,0.1515,0.1068,0.1126,0.3215,0.2661,129,171,0.492,0.042
2026-06-16,823128,0.3299,0.2955,0.1840,0.3037,0.0917,0.0630,0.2689,0.3077,79,167,0.226,0.902
2026-06-16,823451,0.3246,0.2777,0.2149,0.2675,0.0761,0.0670,0.3039,0.3062,25,150,-0.329,0.541
2026-06-16,823535,0.2997,0.3180,0.2489,0.2189,0.0783,0.0961,0.2770,0.2708,131,54,0.283,-0.003
2026-06-16,823775,0.3388,0.2902,0.2293,0.2240,0.0943,0.1387,0.2852,0.2875,134,31,0.206,0.153
2026-06-16,823939,0.3001,0.3512,0.2609,0.2098,0.0828,0.1032,0.2870,0.2831,131,64,0.361,-0.042
2026-06-16,824182,0.3216,0.2831,0.2135,0.2772,0.1057,0.0967,0.2950,0.3051,186,133,0.113,0.553
2026-06-16,824504,0.3082,0.3400,0.2270,0.2416,0.1089,0.1174,0.2758,0.3017,79,194,0.360,0.426
2026-06-16,824667,0.3428,0.3045,0.2137,0.2733,0.0854,0.0736,0.2833,0.3032,93,140,0.194,0.213
2026-06-16,824750,0.3108,0.3122,0.3018,0.2391,0.0912,0.0827,0.3060,0.2889,180,41,-0.110,0.515
2026-06-16,824912,0.3888,0.3057,0.1743,0.2695,0.1229,0.0887,0.2647,0.3035,129,113,0.484,0.296
2026-06-16,824991,0.3129,0.3297,0.2327,0.2617,0.1059,0.1033,0.2849,0.2880,179,21,0.262,-0.337
2026-06-16,825070,0.2979,0.3754,0.2771,0.2026,0.1071,0.1107,0.2852,0.2714,83,153,0.097,0.588
2026-06-17,822721,0.3519,0.3210,0.1770,0.2464,0.1152,0.0711,0.2702,0.2830,25,157,-0.061,0.558
2026-06-17,823044,0.3080,0.3111,0.2280,0.2530,0.0877,0.0940,0.2895,0.3023,6,55,-0.070,0.210
2026-06-17,823127,0.3035,0.3008,0.2798,0.2467,0.1096,0.0735,0.3001,0.2816,81,164,1.042,0.631
2026-06-17,823450,0.3346,0.3647,0.2185,0.1913,0.0674,0.1163,0.2806,0.2505,139,50,-0.024,0.421
2026-06-17,823536,0.3336,0.3102,0.2265,0.2578,0.0938,0.0838,0.2704,0.3103,55,155,0.456,-0.313
2026-06-17,823774,0.3209,0.3489,0.2813,0.2428,0.1285,0.1430,0.3040,0.2888,162,59,0.603,0.793
2026-06-17,823940,0.2840,0.2636,0.2822,0.2924,0.0799,0.0744,0.3283,0.3022,50,74,0.034,0.063
2026-06-17,824178,0.3171,0.3102,0.2287,0.2026,0.0884,0.0764,0.2989,0.2782,135,50,0.215,0.231
2026-06-17,824503,0.2984,0.3104,0.2890,0.2605,0.1133,0.0970,0.2991,0.3089,76,128,0.752,0.386
2026-06-17,824668,0.3090,0.3162,0.2388,0.2348,0.0919,0.0810,0.2747,0.2901,3,77,,0.177
2026-06-17,824746,0.3584,0.3206,0.2156,0.2401,0.0957,0.1097,0.2818,0.2814,94,11,0.199,0.765
2026-06-17,824913,0.3439,0.3115,0.2329,0.2411,0.1037,0.1113,0.2917,0.2912,13,19,0.333,0.371
2026-06-17,824992,0.2678,0.3257,0.3010,0.2626,0.0812,0.0914,0.3312,0.2975,70,149,0.432,0.355
2026-06-17,825072,0.3588,0.3496,0.1986,0.2224,0.1558,0.1045,0.2701,0.2627,28,155,0.694,0.205
2026-06-18,822889,0.3205,0.3354,0.2889,0.2261,0.0824,0.1206,0.3044,0.2684,174,149,0.606,0.148
2026-06-18,823125,0.3267,0.3043,0.2243,0.2515,0.0993,0.0676,0.2802,0.3035,162,166,-0.108,0.099
2026-06-18,823448,0.3076,0.2839,0.2820,0.2651,0.0918,0.0778,0.2947,0.3053,76,147,1.003,0.522
2026-06-18,823533,0.3191,0.3505,0.2168,0.2281,0.0918,0.0898,0.2902,0.3033,14,104,-0.161,0.280
2026-06-18,823772,0.2980,0.3123,0.2780,0.2139,0.0864,0.1039,0.2958,0.2639,72,15,0.176,0.296
2026-06-18,824098,0.3319,0.3134,0.2390,0.2238,0.0733,0.0882,0.2966,0.2809,140,110,0.359,0.320
2026-06-18,824748,0.2939,0.2862,0.2343,0.2772,0.1037,0.0695,0.2894,0.3066,46,172,0.249,0.201
2026-06-18,824911,0.2881,0.3486,0.2719,0.1936,0.0877,0.1253,0.3189,0.2757,115,108,0.779,0.178
2026-06-18,824989,0.3218,0.3046,0.2096,0.2374,0.1312,0.0762,0.2739,0.2920,7,16,-0.034,0.157
2026-06-19,822886,0.3326,0.3216,0.1906,0.2814,0.0915,0.0651,0.2671,0.2995,157,133,0.309,0.345
2026-06-19,822966,0.3192,0.3097,0.2027,0.2539,0.0763,0.0743,0.2775,0.2990,29,39,-0.347,-0.202
2026-06-19,823124,0.2913,0.2773,0.2572,0.2364,0.0916,0.0806,0.2828,0.2757,156,103,0.157,0.584
2026-06-19,823534,0.3799,0.2972,0.1776,0.3030,0.1181,0.0733,0.2624,0.3243,69,93,0.127,0.628
2026-06-19,823853,0.2881,0.3001,0.2720,0.2445,0.0877,0.1056,0.3189,0.2767,115,14,0.779,-0.136
2026-06-19,823936,0.3647,0.3368,0.1857,0.2107,0.1085,0.0883,0.2888,0.2638,21,71,0.286,0.142
2026-06-19,824097,0.3569,0.3665,0.1759,0.2154,0.0600,0.0853,0.2574,0.2780,96,172,0.655,0.226
2026-06-19,824179,0.3170,0.3331,0.2476,0.2304,0.0869,0.1679,0.2951,0.2893,184,40,0.737,-0.080
2026-06-19,824264,0.3115,0.2890,0.2314,0.2658,0.0843,0.0663,0.2977,0.3074,21,141,0.180,-0.094
2026-06-19,824345,0.3381,0.3483,0.2694,0.1975,0.1146,0.0751,0.2898,0.2749,66,172,0.216,0.177
2026-06-19,824663,0.3125,0.3379,0.2282,0.2317,0.0757,0.0931,0.2935,0.2997,183,81,0.003,-0.059
2026-06-19,824910,0.2817,0.3486,0.3640,0.1936,0.1154,0.1253,0.3335,0.2757,89,108,0.999,0.178
2026-06-19,824990,0.3208,0.3447,0.2521,0.2000,0.1154,0.1132,0.3014,0.2881,175,166,0.155,0.637
2026-06-19,825069,0.3220,0.3191,0.2268,0.2107,0.1018,0.1164,0.2866,0.2720,46,115,-0.017,0.097
2026-06-20,822885,0.3395,0.3387,0.2167,0.2743,0.1134,0.1148,0.2694,0.2835,151,203,0.385,0.182
2026-06-20,822967,0.2964,0.3037,0.2408,0.2642,0.1092,0.0870,0.3145,0.3086,94,20,0.330,-0.104
2026-06-20,823126,0.3243,0.3394,0.2447,0.2169,0.1124,0.0713,0.2739,0.2767,73,113,0.335,0.238
2026-06-20,823447,0.2916,0.2992,0.2828,0.2413,0.1040,0.0551,0.2924,0.3070,190,181,-0.111,-0.125
2026-06-20,823532,0.3147,0.3091,0.1992,0.2984,0.1100,0.0826,0.2717,0.2942,183,152,0.382,0.820
2026-06-20,823854,0.3477,0.3093,0.2256,0.2649,0.0909,0.1069,0.2900,0.3007,37,110,0.161,0.227
2026-06-20,823937,0.2894,0.3082,0.2316,0.2453,0.0687,0.1069,0.2926,0.2901,128,155,0.821,0.491
2026-06-20,824180,0.3088,0.3268,0.2179,0.2361,0.0845,0.0933,0.2956,0.3001,108,111,0.320,0.638
2026-06-20,824263,0.3187,0.3268,0.2572,0.1972,0.1084,0.0796,0.2861,0.2634,16,25,-0.676,0.500
2026-06-20,824342,0.2691,0.3791,0.3188,0.1980,0.0820,0.0695,0.3111,0.2600,164,144,0.408,0.099
2026-06-20,824665,0.3493,0.3411,0.2143,0.1816,0.0879,0.0988,0.2699,0.2718,183,159,0.222,0.512
2026-06-20,824909,0.3389,0.2902,0.2455,0.2929,0.1038,0.0819,0.2828,0.3200,107,154,0.242,0.315
2026-06-20,824988,0.2870,0.3438,0.2630,0.2515,0.1090,0.1239,0.2899,0.2918,39,111,0.229,-0.085
2026-06-20,825068,0.3189,0.3479,0.2768,0.2204,0.1088,0.0941,0.2829,0.2852,170,198,0.483,0.612
2026-06-21,822883,,0.3421,,0.2576,,0.0721,,0.3102,,158,,0.380
2026-06-21,822968,0.3042,0.2974,0.2586,0.2145,0.0719,0.0854,0.3026,0.2800,21,142,0.054,0.191
2026-06-21,823123,0.3091,0.3022,0.2395,0.3044,0.0891,0.0657,0.2856,0.3073,45,173,0.539,0.918
2026-06-21,823449,0.3112,0.2483,0.2369,0.2835,0.1165,0.0642,0.2877,0.2914,141,134,0.285,0.838
2026-06-21,823531,0.2713,0.3675,0.3561,0.1979,0.1007,0.1420,0.3249,0.2754,71,16,0.334,0.473
2026-06-21,823852,0.2922,0.3296,0.2786,0.2364,0.0708,0.1082,0.3150,0.2830,178,62,0.440,0.323
2026-06-21,823934,0.3242,0.3161,0.1801,0.2921,0.0899,0.0733,0.2670,0.2951,82,85,0.219,0.367
2026-06-21,824095,0.3152,0.2995,0.2477,0.2288,0.0967,0.0626,0.2890,0.2963,118,77,0.718,0.178
2026-06-21,824177,0.3388,0.3212,0.2246,0.2819,0.0924,0.1450,0.2835,0.3164,138,57,0.232,-0.084
2026-06-21,824260,0.2950,0.2731,0.2553,0.2051,0.0772,0.0695,0.2800,0.2837,134,98,0.289,0.039
2026-06-21,824343,0.3029,0.3210,0.2865,0.2526,0.0974,0.0823,0.2985,0.2893,71,164,1.118,0.527
2026-06-21,824664,0.3112,0.3183,0.2985,0.2650,0.0930,0.0763,0.3044,0.2905,186,165,-0.093,0.328
2026-06-21,824908,0.2879,0.3331,0.2274,0.2111,0.1343,0.1166,0.2859,0.2835,34,155,0.167,0.108
2026-06-21,824987,0.2946,0.3162,0.2714,0.2728,0.1050,0.0985,0.2836,0.2966,86,25,0.103,-0.236
2026-06-21,825067,0.3073,,0.2544,,0.1014,,0.2958,,7,,0.091,
2026-06-22,822720,0.3240,0.3190,0.2350,0.2643,0.1062,0.0864,0.2820,0.2936,4,65,0.007,0.372
2026-06-22,822800,0.2862,0.3112,0.2715,0.2985,0.0948,0.0930,0.3051,0.3044,137,186,0.559,-0.093
2026-06-22,822964,0.2856,0.2981,0.2265,0.2606,0.0590,0.0811,0.2951,0.2857,172,135,0.116,0.364
2026-06-22,823040,0.3725,0.3483,0.2090,0.1495,0.1092,0.1112,0.2720,0.2684,156,174,0.602,0.040
2026-06-22,823288,0.3032,0.2869,0.2660,0.2660,0.0913,0.1047,0.3028,0.3189,119,133,0.227,0.517
2026-06-22,823613,0.3183,0.3283,0.2650,0.2298,0.0764,0.1175,0.2905,0.2742,165,86,0.328,0.428
2026-06-22,823692,0.3292,0.3454,0.2322,0.2345,0.0725,0.0913,0.2864,0.2835,81,94,-0.033,0.092
2026-06-22,823851,0.3362,0.3348,0.2343,0.2310,0.0971,0.0921,0.2894,0.3025,30,32,-0.591,-0.222
2026-06-22,824016,0.3030,0.3555,0.2878,0.1986,0.1073,0.1583,0.3046,0.2706,84,33,1.045,0.662
2026-06-22,824261,0.3136,0.3190,0.2115,0.2132,0.0929,0.1037,0.2681,0.2945,58,191,-0.015,0.109
2026-06-22,824344,0.3084,0.3454,0.2438,0.2119,0.1054,0.0886,0.2816,0.2851,14,99,0.814,0.209
2026-06-22,824502,0.2676,0.3384,0.2806,0.2427,0.0946,0.1160,0.2954,0.3012,54,197,-0.545,0.427
2026-06-22,824585,0.3274,0.3306,0.2726,0.2170,0.1333,0.0900,0.3013,0.2706,169,60,0.633,0.465
2026-06-23,822718,0.2766,0.3111,0.2671,0.2070,0.0705,0.0739,0.3029,0.2804,154,32,0.538,-0.344
2026-06-23,822799,0.3063,0.3127,0.1972,0.2603,0.0745,0.0888,0.2771,0.3039,53,19,0.273,0.323
2026-06-23,822963,0.3446,0.2805,0.1937,0.2836,0.1114,0.0779,0.2761,0.3215,28,53,-0.048,0.057
2026-06-23,823043,0.3547,0.3114,0.2183,0.2508,0.1027,0.0985,0.2600,0.3028,159,60,0.206,0.292
2026-06-23,823210,0.3308,0.3074,0.2540,0.2317,0.0931,0.1207,0.3007,0.2739,156,148,0.346,0.087
2026-06-23,823286,0.3140,0.3315,0.2505,0.2274,0.1167,0.0843,0.2946,0.2828,24,9,0.317,0.321
2026-06-23,823365,0.2988,0.3161,0.2435,0.2332,0.0726,0.1147,0.2831,0.2830,167,187,0.648,0.230
2026-06-23,823614,0.3059,0.3282,0.2692,0.2298,0.0726,0.1175,0.3029,0.2742,143,86,0.208,0.428
2026-06-23,823690,0.3460,0.3333,0.2206,0.2160,0.1008,0.1200,0.2885,0.2808,67,5,0.034,0.143
2026-06-23,823849,0.3274,0.3361,0.1967,0.2160,0.0842,0.0651,0.2646,0.2817,107,146,0.172,-0.058
2026-06-23,824017,0.3296,0.3704,0.2262,0.1800,0.1007,0.1256,0.2773,0.2652,169,18,-0.140,0.268
2026-06-23,824262,0.3110,0.3186,0.2576,0.2303,0.0823,0.0871,0.3072,0.2978,159,138,-0.293,0.214
2026-06-23,824340,0.2868,0.3123,0.2755,0.2245,0.0723,0.1015,0.3034,0.2698,177,7,0.241,0.321
2026-06-23,824501,0.3408,0.3124,0.2532,0.2564,0.1396,0.0955,0.2911,0.3078,62,131,0.822,0.400
2026-06-23,824584,0.3021,0.3448,0.2718,0.2490,0.0846,0.1020,0.2965,0.2885,75,115,0.074,-0.115
2026-06-24,822719,0.2811,0.3203,0.2671,0.2237,0.0757,0.0858,0.3078,0.2825,153,22,0.519,0.107
2026-06-24,822798,0.3143,0.2859,0.2344,0.2372,0.0888,0.1009,0.2948,0.2907,107,49,0.337,0.233
2026-06-24,822965,0.3183,0.3027,0.2150,0.2661,0.0960,0.0722,0.2801,0.3048,117,42,0.318,-0.203
2026-06-24,823041,,0.3357,,0.2441,,0.0719,,0.2988,,144,,0.380
2026-06-24,823208,0.2993,0.3179,0.2285,0.2288,0.0734,0.1015,0.2933,0.2980,19,97,0.188,0.070
2026-06-24,823284,0.3470,0.2818,0.1961,0.2344,0.1231,0.0931,0.2783,0.2858,111,111,0.204,0.437
2026-06-24,823367,0.3025,0.2678,0.2527,0.3017,0.0668,0.0794,0.3060,0.3287,169,73,0.084,0.457
2026-06-24,823611,0.3182,0.3109,0.2650,0.2792,0.0764,0.0957,0.2905,0.2952,165,81,0.328,0.973
2026-06-24,823691,0.2615,0.3167,0.2934,0.2937,0.0729,0.0814,0.3024,0.3064,77,177,0.040,0.609
2026-06-24,823850,0.3301,0.3205,0.2788,0.2806,0.0721,0.0967,0.3029,0.2968,142,103,0.400,0.140
2026-06-24,824018,0.3608,0.3211,0.1710,0.2510,0.1113,0.1172,0.2887,0.3018,28,180,0.423,0.149
2026-06-24,824259,0.3441,0.2893,0.2420,0.2753,0.0882,0.0650,0.3051,0.3149,107,145,0.310,-0.071
2026-06-24,824341,0.2879,0.3449,0.2629,0.1950,0.0903,0.0742,0.2851,0.2747,159,175,0.163,0.173
2026-06-24,824500,0.3161,0.3711,0.2032,0.1799,0.1114,0.1146,0.2624,0.2636,19,73,0.327,0.132
2026-06-24,824583,0.3153,0.3566,0.2467,0.2056,0.0892,0.0831,0.2947,0.2811,189,147,0.737,0.135
2026-06-25,822717,0.2965,0.2999,0.2425,0.2334,0.0545,0.1058,0.3070,0.3112,184,99,-0.118,0.319
2026-06-25,822797,0.3357,0.3219,0.2750,0.2214,0.1135,0.0878,0.2826,0.2926,206,195,0.197,-0.024
2026-06-25,822961,0.3659,0.3128,0.2109,0.2372,0.0878,0.0969,0.2780,0.2787,177,6,0.224,-0.207
2026-06-25,823042,0.3527,0.3572,0.2184,0.1790,0.0954,0.0589,0.2860,0.2610,205,99,0.616,0.668
2026-06-25,823209,0.3438,0.2906,0.2018,0.2660,0.1161,0.0858,0.2889,0.3183,169,119,0.630,0.774
2026-06-25,823366,0.2740,0.3310,0.2322,0.2633,0.0792,0.1120,0.2750,0.2897,106,69,0.597,0.176
2026-06-25,823612,0.3064,0.2888,0.2548,0.2824,0.0856,0.1023,0.2936,0.2910,110,194,0.604,-0.108
2026-06-25,824258,0.3280,0.3248,0.2482,0.1886,0.1600,0.0760,0.2859,0.2561,45,29,-0.107,0.583
2026-06-25,824747,0.2959,0.3262,0.3101,0.2360,0.0784,0.1156,0.3285,0.2695,96,78,0.603,0.368
2026-06-26,822796,0.3387,0.3472,0.2576,0.2149,0.0708,0.0865,0.3114,0.2716,162,187,0.383,0.193
2026-06-26,822962,0.3527,0.2968,0.2185,0.2163,0.0954,0.0890,0.2860,0.2808,205,145,0.616,0.171
2026-06-26,823039,0.3074,0.3572,0.2704,0.1790,0.1102,0.0589,0.2997,0.2609,114,99,0.238,0.668
2026-06-26,823206,0.3235,0.3475,0.2480,0.2202,0.0993,0.1136,0.2826,0.2871,60,44,-0.447,0.081
2026-06-26,823285,0.3365,0.3352,0.2136,0.2174,0.0864,0.1113,0.2645,0.2704,74,155,0.099,0.385
2026-06-26,823363,0.3166,0.2694,0.2001,0.3163,0.1082,0.0846,0.2736,0.3107,187,169,0.381,0.383
2026-06-26,823610,0.2462,0.3405,0.2894,0.2282,0.0632,0.1030,0.2922,0.2805,137,6,0.849,
2026-06-26,823688,0.3833,0.3175,0.2030,0.2722,0.0679,0.1112,0.2576,0.2810,149,174,0.101,0.492
2026-06-26,823773,0.3428,0.2768,0.1792,0.3636,0.0974,0.1131,0.2734,0.3366,162,92,0.513,1.010
2026-06-26,824014,0.3402,0.2950,0.2588,0.2577,0.1217,0.1123,0.2949,0.2887,114,45,-0.066,0.247
2026-06-26,824255,0.3287,0.2695,0.2366,0.2014,0.0912,0.0682,0.3013,0.2837,115,101,0.690,0.024
2026-06-26,824423,0.3113,0.3043,0.2355,0.2201,0.0881,0.0830,0.2708,0.2970,170,111,-0.079,0.325
2026-06-26,824582,,0.3257,,0.2647,,0.0944,,0.2824,,12,,0.260
2026-06-26,824743,0.3047,0.3159,0.3082,0.2330,0.0815,0.0867,0.2984,0.2839,155,48,0.824,0.609
2026-06-26,824824,0.2961,0.2883,0.2615,0.2333,0.0693,0.0729,0.3006,0.2936,24,131,0.110,0.792
2026-06-27,822794,0.3205,0.3143,0.1969,0.2954,0.0817,0.0987,0.2649,0.3006,112,192,0.136,-0.093
2026-06-27,822960,0.3192,0.3266,0.2232,0.2294,0.0919,0.1117,0.2826,0.2713,3,7,,0.271
2026-06-27,823038,0.3282,0.3482,0.2309,0.1471,0.1055,0.1093,0.2833,0.2704,65,178,0.327,0.033
2026-06-27,823207,0.3309,0.2885,0.2175,0.2794,0.1149,0.0699,0.2858,0.3152,158,181,0.135,0.448
2026-06-27,823283,0.3078,0.3279,0.2409,0.2111,0.1095,0.1127,0.2903,0.2796,159,18,0.497,-0.637
2026-06-27,823364,0.2728,0.3015,0.3505,0.2877,0.1043,0.0952,0.3200,0.3022,76,74,0.322,1.107
2026-06-27,823609,0.3208,0.3182,0.2438,0.2577,0.0970,0.0964,0.2716,0.2763,10,58,0.111,0.411
2026-06-27,823689,0.3181,0.3066,0.2538,0.2370,0.0812,0.1082,0.2890,0.2856,167,12,0.511,-0.101
2026-06-27,823770,0.3095,0.3354,0.2386,0.2471,0.1222,0.1019,0.2860,0.2821,148,110,0.320,0.216
2026-06-27,824015,0.3097,0.3031,0.2751,0.2622,0.0951,0.1182,0.2996,0.2814,28,95,-0.231,0.058
2026-06-27,824257,0.3154,0.3192,0.2869,0.2131,0.1390,0.1055,0.3171,0.2923,62,196,-0.055,0.114
2026-06-27,824421,0.2973,0.3416,0.3078,0.2203,0.0646,0.0906,0.3098,0.2811,177,142,0.916,0.217
2026-06-27,824581,0.2878,0.2929,0.2227,0.2604,0.0622,0.0806,0.2916,0.2814,176,138,0.091,0.273
2026-06-27,824745,0.3082,0.2962,0.2048,0.2476,0.0898,0.1012,0.2685,0.2865,62,17,-0.044,0.715
2026-06-27,824825,0.3100,0.3260,0.2718,0.1864,0.0836,0.0929,0.2992,0.2663,69,88,0.344,0.229
2026-06-28,822795,0.3584,0.3175,0.2038,0.2569,0.1018,0.0834,0.2632,0.3046,108,24,0.409,0.256
2026-06-28,822959,0.3736,0.2954,0.2044,0.2555,0.1112,0.0794,0.2698,0.2811,161,139,0.594,0.350
2026-06-28,823037,0.3287,0.3151,0.2239,0.2509,0.0891,0.0952,0.3005,0.3003,35,64,-0.195,0.334
2026-06-28,823204,0.2883,0.3049,0.2982,0.2368,0.0807,0.1231,0.3229,0.2735,157,152,0.324,0.103
2026-06-28,823281,0.3161,0.2855,0.2900,0.2658,0.0759,0.1025,0.2914,0.3182,93,137,0.354,0.516
2026-06-28,823362,0.3344,0.3160,0.2476,0.2295,0.1147,0.1128,0.3046,0.2822,200,191,0.449,0.240
2026-06-28,823608,0.2743,,0.2727,,0.0694,,0.3053,,157,,0.516,
2026-06-28,823686,0.3464,0.3167,0.2068,0.2257,0.0986,0.1062,0.2854,0.2870,103,51,0.183,0.047
2026-06-28,823769,0.3142,0.2651,0.2241,0.2821,0.0885,0.0921,0.2826,0.2944,5,57,-0.046,-0.639
2026-06-28,824011,0.3263,0.3619,0.2552,0.2009,0.0917,0.1517,0.3023,0.2691,159,37,0.347,0.689
2026-06-28,824256,0.2809,0.2879,0.2748,0.2918,0.0924,0.0924,0.3069,0.3120,142,181,0.538,0.334
2026-06-28,824422,0.3354,0.3232,0.2190,0.2778,0.0700,0.1316,0.2793,0.3009,116,172,0.227,0.644
2026-06-28,824580,0.3386,0.3324,0.1921,0.2227,0.1148,0.1015,0.2767,0.2750,34,66,-0.053,0.464
2026-06-28,824744,0.3120,0.2853,0.2542,0.2793,0.0811,0.0753,0.3043,0.3039,162,181,-0.298,0.210
2026-06-28,824821,0.3237,0.3018,0.2409,0.2917,0.0695,0.1037,0.2800,0.3061,162,89,0.550,1.047
2026-06-29,822792,0.3069,0.2845,0.2765,0.2268,0.0992,0.1052,0.2888,0.2849,86,54,0.949,0.239
2026-06-29,823121,0.3635,0.3006,0.1859,0.2393,0.1209,0.0713,0.2694,0.2782,21,171,0.363,0.645
2026-06-29,823444,0.2679,0.2892,0.3031,0.2610,0.0760,0.0785,0.3314,0.3056,79,158,0.497,0.532
2026-06-29,823529,0.3198,0.3452,0.2296,0.2436,0.0898,0.0866,0.2978,0.3031,143,110,0.219,0.282
2026-06-29,823771,0.3076,0.2845,0.2628,0.2262,0.0940,0.1376,0.3092,0.2824,134,39,0.410,0.239
2026-06-29,824176,0.3515,0.3074,0.2350,0.2042,0.0889,0.0874,0.2830,0.2749,98,59,0.091,0.264
2026-06-29,824339,0.3399,0.3151,0.2109,0.2230,0.0683,0.1082,0.2791,0.2701,151,12,-0.097,0.448
2026-06-29,824420,0.3278,0.3110,0.2377,0.2660,0.0938,0.0826,0.2858,0.2942,33,78,-0.584,0.038
2026-06-29,824662,0.3533,0.3142,0.2170,0.2659,0.1183,0.0753,0.2879,0.2916,129,168,0.659,0.324
2026-06-29,824741,0.3499,0.2860,0.1813,0.2671,0.0651,0.0887,0.2718,0.2853,159,163,-0.099,0.150
2026-06-29,824822,0.3412,0.3305,0.2505,0.2248,0.1002,0.0981,0.2913,0.2754,118,175,-0.128,-0.176
2026-06-29,824986,0.3291,0.2881,0.2323,0.2568,0.0725,0.0706,0.2864,0.2947,81,22,-0.029,0.191
2026-06-29,825065,0.3175,0.3537,0.2308,0.2244,0.0996,0.1012,0.2984,0.2621,100,162,0.086,0.208
2026-06-30,822793,0.2933,0.3257,0.3030,0.2219,0.1147,0.0864,0.3073,0.2924,83,199,0.747,-0.011
2026-06-30,823122,0.3174,0.3008,0.2480,0.2570,0.1157,0.0698,0.3003,0.3107,183,173,0.143,0.104
2026-06-30,823445,0.3244,0.3053,0.2705,0.2348,0.1085,0.0567,0.2883,0.3045,73,192,0.147,-0.115
2026-06-30,823528,0.2869,0.2918,0.2749,0.3067,0.0637,0.0821,0.3153,0.3286,149,101,-0.094,0.560
2026-06-30,823768,0.3720,0.3343,0.1880,0.2553,0.1176,0.1361,0.2655,0.2958,78,65,0.126,0.844
2026-06-30,824096,0.3011,0.3150,0.2656,0.2170,0.0788,0.0944,0.3004,0.2790,46,120,-0.193,0.330
2026-06-30,824175,0.3181,0.3085,0.2984,0.2290,0.0803,0.0867,0.3060,0.2933,180,111,0.611,0.320
2026-06-30,824338,0.3163,0.3619,0.2756,0.2062,0.0948,0.0972,0.2966,0.2649,106,68,0.135,0.002
2026-06-30,824418,0.3290,0.3180,0.2783,0.2438,0.0706,0.0920,0.3056,0.2943,146,192,0.402,0.732
2026-06-30,824661,0.2823,0.3036,0.2304,0.2604,0.0914,0.0893,0.2823,0.2939,114,114,0.448,0.629
2026-06-30,824742,0.3002,0.3259,0.2385,0.2400,0.1086,0.1107,0.3100,0.2700,104,84,0.348,0.345
2026-06-30,824819,0.3565,0.3530,0.2056,0.1709,0.0830,0.1041,0.2812,0.2886,147,34,0.113,0.361
2026-06-30,824907,0.3341,0.3434,0.2431,0.1928,0.0701,0.1209,0.2977,0.2797,149,114,0.412,0.202
2026-06-30,824984,0.3413,0.3460,0.2156,0.1984,0.0984,0.1140,0.2873,0.2865,70,173,0.026,0.616
2026-06-30,825066,0.2874,0.3354,0.2671,0.2203,0.0843,0.0826,0.3177,0.2775,122,150,0.799,0.510
2026-07-01,822791,0.2873,0.3152,0.2819,0.2397,0.1007,0.1135,0.2918,0.3045,198,26,-0.107,-0.067
2026-07-01,823446,0.2692,0.2533,0.3152,0.2886,0.0831,0.0619,0.3112,0.2912,173,141,0.378,0.821
2026-07-01,823530,0.3142,0.3111,0.2041,0.3012,0.0735,0.0796,0.2704,0.2977,32,160,0.680,0.823
2026-07-01,823767,0.3204,0.3090,0.2001,0.2176,0.1060,0.1179,0.2751,0.2670,192,23,0.386,0.390
2026-07-01,824094,0.3034,0.3666,0.2802,0.2107,0.0745,0.0859,0.3203,0.2769,58,182,0.055,0.217
2026-07-01,824174,0.3136,0.3233,0.2687,0.2574,0.1097,0.1632,0.2793,0.2844,177,49,0.469,-0.044
2026-07-01,824337,0.3027,0.3433,0.2714,0.1909,0.1083,0.0726,0.3021,0.2749,117,180,0.228,0.183
2026-07-01,824419,0.3347,0.2990,0.2757,0.2278,0.1122,0.0815,0.2829,0.3016,209,114,0.192,0.395
2026-07-01,824660,0.3324,0.3395,0.2190,0.1789,0.1097,0.0992,0.2711,0.2723,158,168,0.386,0.537
2026-07-01,824740,0.3176,0.3121,0.2222,0.2357,0.1020,0.0843,0.2652,0.2826,44,51,0.218,0.662
2026-07-01,824818,0.3337,0.3301,0.1965,0.1945,0.1421,0.0770,0.2778,0.2794,37,119,0.683,-0.096
2026-07-01,824905,0.3589,0.3379,0.1735,0.2381,0.0632,0.0953,0.2601,0.2768,104,65,0.725,-0.474
2026-07-01,824985,,0.3373,,0.2586,,0.1246,,0.2947,,118,,-0.071
2026-07-01,825064,0.3476,0.3577,0.2213,0.2136,0.1094,0.1006,0.2896,0.2842,48,211,0.136,0.596
2026-07-02,822884,0.3161,0.3372,0.2106,0.2541,0.1043,0.0699,0.2905,0.3116,199,165,0.122,0.397
2026-07-02,823119,0.2890,0.2834,0.2691,0.2385,0.1092,0.0773,0.2943,0.2737,48,110,0.268,0.602
2026-07-02,823442,0.3112,,0.2794,,0.0924,,0.3003,,78,,1.103,
2026-07-02,823765,0.2728,0.2730,0.3451,0.3694,0.1007,0.1109,0.3180,0.3391,81,95,0.334,1.095
2026-07-02,823935,0.3381,0.3361,0.1815,0.2162,0.0959,0.0918,0.2651,0.2655,168,77,0.313,0.103
2026-07-02,824093,0.2977,0.3080,0.2669,0.2164,0.0839,0.0729,0.3136,0.2896,23,85,-0.141,0.111
2026-07-02,824335,0.3215,0.3192,0.2255,0.2472,0.1031,0.0834,0.2789,0.2888,68,173,0.283,0.516
2026-07-02,824416,0.2895,0.3400,0.2615,0.2160,0.0795,0.0888,0.2811,0.2823,141,146,0.287,0.214
2026-07-02,824906,0.3212,0.3315,0.2397,0.2268,0.0990,0.1011,0.2875,0.2904,124,26,0.698,0.296
2026-07-03,822714,0.3161,0.3088,0.2269,0.2841,0.1115,0.0955,0.2799,0.2990,194,74,0.218,0.353
2026-07-03,823120,0.3176,0.3142,0.2952,0.2348,0.1077,0.0862,0.2997,0.2717,199,175,-0.107,-0.073
2026-07-03,823527,0.3160,0.3143,0.2216,0.1967,0.1012,0.0942,0.2831,0.2639,17,67,0.007,-0.060
2026-07-03,823933,0.2835,0.2623,0.2655,0.2851,0.1055,0.0779,0.3198,0.3013,141,81,0.525,0.017
2026-07-03,824013,0.2887,0.2986,0.2383,0.2699,0.0975,0.1160,0.2856,0.2882,20,98,0.733,0.083
2026-07-03,824173,0.3014,0.3233,0.2112,0.2438,0.0869,0.0896,0.2796,0.3040,150,118,0.157,0.715
2026-07-03,824336,0.2894,0.3414,0.2789,0.2031,0.0728,0.0969,0.3142,0.2847,185,106,0.432,0.167
2026-07-03,824417,0.3367,0.3231,0.2202,0.2816,0.0969,0.1294,0.2810,0.3017,72,176,0.445,0.632
2026-07-03,824498,0.2876,0.3326,0.2349,0.2448,0.0718,0.1134,0.2951,0.3030,134,203,0.790,0.471
2026-07-03,824659,0.3482,0.3104,0.1488,0.2388,0.1075,0.1199,0.2727,0.2822,182,152,0.026,0.319
2026-07-03,824904,0.3175,0.3016,0.2635,0.2712,0.1006,0.0893,0.2817,0.3023,63,123,0.364,0.244
2026-07-03,824982,0.3319,0.3111,0.2149,0.2740,0.0856,0.0911,0.3010,0.3041,39,32,-0.198,-0.191
2026-07-03,825062,0.3340,0.3263,0.2486,0.2068,0.1002,0.0852,0.2846,0.2801,113,8,0.218,0.188
2026-07-04,822716,0.2835,0.3164,0.2996,0.2278,0.0734,0.0827,0.3265,0.2840,84,25,0.514,0.317
2026-07-04,822882,0.2863,0.3183,0.2952,0.2038,0.0950,0.0856,0.3108,0.2678,185,116,0.313,0.099
2026-07-04,823118,0.3385,0.2964,0.2482,0.3040,0.0990,0.0638,0.3011,0.3080,31,180,0.251,0.895
2026-07-04,823526,0.3458,,0.2369,,0.0873,,0.2845,,101,,0.101,
2026-07-04,823932,0.3195,0.3056,0.2461,0.2422,0.0807,0.1081,0.2877,0.2903,12,162,0.477,0.493
2026-07-04,824012,0.2846,0.3640,0.2800,0.2030,0.0744,0.1458,0.3028,0.2672,184,41,0.202,0.731
2026-07-04,824092,0.2723,0.2879,0.2736,0.2199,0.0685,0.0614,0.3058,0.2912,160,179,0.506,0.072
2026-07-04,824171,0.2918,0.2799,0.2517,0.2792,0.0783,0.0907,0.2808,0.3097,142,146,0.343,0.527
2026-07-04,824334,0.3047,0.3055,0.2382,0.2276,0.1215,0.1040,0.2727,0.2775,155,15,0.119,0.555
2026-07-04,824415,0.3380,0.3083,0.2505,0.2604,0.0981,0.0809,0.2902,0.2961,122,81,-0.163,0.024
2026-07-04,824499,0.3225,0.2869,0.1881,0.2846,0.0971,0.0968,0.2688,0.3038,92,81,0.249,-0.210
2026-07-04,824658,0.3164,0.3106,0.2412,0.2712,0.1071,0.0744,0.2982,0.2957,69,171,0.344,0.323
2026-07-04,824903,0.3119,0.2855,0.2657,0.2974,0.1019,0.0793,0.2861,0.3219,92,161,0.924,0.294
2026-07-04,824983,0.3352,0.3227,0.2173,0.2518,0.0673,0.0905,0.2826,0.3022,154,162,-0.096,0.334
2026-07-04,825063,0.2587,0.3769,0.2834,0.2043,0.0898,0.1132,0.2933,0.2702,60,166,-0.623,0.592
2026-07-05,822715,0.3201,0.2962,0.2646,0.2374,0.1062,0.1054,0.2847,0.3085,76,109,0.131,0.350
2026-07-05,822879,0.3153,0.3617,0.2361,0.2039,0.0886,0.0989,0.2999,0.2644,146,113,0.235,0.382
2026-07-05,823117,0.2904,0.3322,0.2278,0.2254,0.1017,0.0741,0.2859,0.2805,58,120,0.260,0.242
2026-07-05,823525,0.3193,0.3443,0.3005,0.2468,0.0828,0.0837,0.3043,0.3072,185,116,0.613,0.269
2026-07-05,823931,0.2870,0.3117,0.2228,0.2974,0.0996,0.0745,0.2784,0.2949,120,96,0.457,0.370
2026-07-05,824010,0.2909,0.3595,0.2713,0.1795,0.0872,0.1166,0.2879,0.2767,167,24,0.161,0.317
2026-07-05,824091,0.2858,0.3572,0.2620,0.1988,0.0775,0.1267,0.3063,0.2710,161,41,0.535,-0.042
2026-07-05,824172,0.3208,0.3042,0.2206,0.2157,0.0941,0.0854,0.2779,0.2760,5,62,-0.266,0.297
2026-07-05,824333,0.3127,0.3627,0.2375,0.1985,0.0972,0.0937,0.2991,0.2591,104,73,0.132,0.015
2026-07-05,824413,0.3094,0.3164,0.2552,0.2400,0.0920,0.0906,0.2926,0.2931,3,196,,0.707
2026-07-05,824497,0.3009,0.3112,0.2861,0.2664,0.1017,0.1017,0.3034,0.3077,92,139,1.043,0.420
2026-07-05,824656,0.3297,0.3136,0.2445,0.2375,0.0692,0.0771,0.2999,0.2867,152,84,0.416,0.144
2026-07-05,824902,0.2950,0.3461,0.3016,0.1875,0.1117,0.1232,0.3112,0.2782,87,119,0.759,0.202
2026-07-05,824980,0.3149,0.2828,0.2751,0.2451,0.0927,0.0674,0.2964,0.2874,110,26,0.135,0.153
2026-07-05,825061,0.3350,0.3492,0.2533,0.2215,0.1387,0.0999,0.2911,0.2611,70,165,0.966,0.201
2026-07-06,822712,0.3200,0.3521,0.2188,0.1838,0.0996,0.0628,0.2877,0.2690,119,167,0.338,-0.061
2026-07-06,822958,0.3154,0.3134,0.3000,0.2652,0.0787,0.0760,0.3197,0.3009,108,50,0.528,-0.211
2026-07-06,823036,0.3079,0.3280,0.2193,0.2338,0.1126,0.1047,0.2725,0.2878,27,133,0.426,0.723
2026-07-06,823205,0.3248,0.2931,0.2194,0.2679,0.0855,0.0918,0.2918,0.3157,202,129,-0.015,0.812
2026-07-06,823282,0.3303,0.3360,0.2163,0.2212,0.0811,0.1152,0.2761,0.2705,154,165,0.501,0.387
2026-07-06,823930,0.3406,0.3255,0.1920,0.2260,0.0715,0.0705,0.2765,0.2874,184,85,0.168,-0.027
2026-07-06,824089,0.3030,0.3174,0.2399,0.2124,0.0560,0.0978,0.3055,0.2762,195,124,-0.121,0.321
2026-07-06,824900,0.2870,0.3439,0.2783,0.2368,0.1019,0.0917,0.2881,0.2782,205,70,-0.063,-0.458
2026-07-07,822713,0.3467,0.2860,0.2571,0.2757,0.1692,0.0670,0.2811,0.3091,57,27,-0.028,0.045
2026-07-07,822881,0.3174,0.3341,0.2511,0.2813,0.1174,0.0690,0.2990,0.3046,188,151,0.132,0.397
2026-07-07,822956,0.3103,0.3057,0.3004,0.2860,0.0782,0.0792,0.2997,0.3245,164,28,0.814,0.023
2026-07-07,823035,0.2817,0.3339,0.2421,0.2365,0.1394,0.0840,0.2873,0.2953,45,38,0.344,0.278
2026-07-07,823203,0.3263,0.3384,0.2400,0.2336,0.0865,0.1065,0.2806,0.2905,7,51,-0.079,0.165
2026-07-07,823280,0.3569,0.3453,0.2114,0.1959,0.0995,0.1135,0.2849,0.2482,214,100,0.585,-0.145
2026-07-07,823361,0.3392,0.2721,0.2099,0.3142,0.1043,0.0860,0.2853,0.3099,33,177,0.279,0.397
2026-07-07,823607,0.3705,0.3233,0.2137,0.2552,0.0839,0.0920,0.2776,0.3049,188,3,0.207,
2026-07-07,823687,0.3003,0.3126,0.2271,0.2685,0.0849,0.1121,0.3017,0.2791,119,181,0.439,0.444
2026-07-07,823847,0.2972,0.3054,0.2611,0.2711,0.0687,0.1060,0.3131,0.3055,177,121,0.116,0.223
2026-07-07,823929,0.3195,0.3387,0.2401,0.2226,0.0893,0.0949,0.2865,0.2906,180,75,0.507,0.027
2026-07-07,824254,0.3403,0.2905,0.2503,0.2698,0.1314,0.0626,0.2912,0.3155,124,153,-0.103,-0.118
2026-07-07,824495,0.2531,0.3228,0.2879,0.1948,0.0656,0.1109,0.2908,0.2712,145,199,0.818,0.384
2026-07-07,824579,0.3278,0.3279,0.2304,0.2087,0.0878,0.1465,0.2809,0.2867,58,41,0.547,0.567
2026-07-07,824820,0.3075,0.3286,0.2547,0.2253,0.0874,0.0965,0.2945,0.2766,118,179,0.617,-0.153
2026-07-08,822710,0.3251,0.3065,0.2399,0.2760,0.0882,0.0928,0.3009,0.2958,121,78,0.745,0.305
2026-07-08,822880,0.2946,0.3325,0.2574,0.2791,0.1221,0.1106,0.2892,0.2823,53,213,0.278,0.197
2026-07-08,822957,0.3141,0.3039,0.2061,0.2794,0.0913,0.0721,0.2657,0.3222,71,62,-0.015,0.100
2026-07-08,823032,0.3307,0.3663,0.2502,0.1696,0.0985,0.0618,0.2842,0.2627,116,108,0.212,0.720
2026-07-08,823202,0.3140,0.3032,0.3033,0.2712,0.1064,0.0748,0.3009,0.3105,202,192,-0.122,0.415
2026-07-08,823279,0.3220,0.2811,0.2095,0.2666,0.0945,0.1039,0.2794,0.3196,12,144,0.251,0.535
2026-07-08,823360,0.3025,0.3047,0.2694,0.2948,0.0923,0.0905,0.3003,0.3032,128,81,0.256,1.090
2026-07-08,823605,0.3098,0.3106,0.2553,0.2733,0.0921,0.0983,0.2898,0.2863,3,66,0.114,0.418
2026-07-08,823684,0.3401,0.3123,0.2178,0.2230,0.0876,0.1094,0.2825,0.2824,149,57,0.246,0.064
2026-07-08,823848,0.2991,0.3334,0.2354,0.2145,0.0701,0.0816,0.2781,0.3049,175,44,0.648,-0.194
2026-07-08,823928,,0.3411,,0.2158,,0.0886,,0.2614,,82,,0.121
2026-07-08,824253,0.3442,0.3052,0.1977,0.2063,0.1154,0.0706,0.2833,0.2734,179,36,0.644,0.691
2026-07-08,824496,0.3266,0.2701,0.2395,0.3496,0.0921,0.1048,0.2892,0.3202,3,85,,0.312
2026-07-08,824578,0.2822,0.2922,0.2420,0.2565,0.0940,0.0828,0.2875,0.2795,23,145,0.745,0.277
2026-07-08,824815,0.3385,0.3267,0.1845,0.2013,0.1019,0.0753,0.2724,0.2845,172,123,0.515,-0.076
2026-07-09,822877,0.2998,0.3334,0.2679,0.2597,0.1186,0.0690,0.2917,0.3127,103,168,0.121,0.403
2026-07-09,822954,0.3510,0.3012,0.1979,0.2494,0.1138,0.0761,0.2559,0.2846,38,148,-0.389,0.343
2026-07-09,823034,0.3009,0.3461,0.3082,0.1500,0.0942,0.1094,0.3030,0.2707,29,187,0.165,0.035
2026-07-09,823201,0.3389,0.3428,0.2044,0.2314,0.0946,0.1100,0.2888,0.2915,110,18,0.180,0.373
2026-07-09,823277,0.3722,0.3551,0.2096,0.2179,0.1113,0.1212,0.2704,0.2862,170,133,0.601,0.631
2026-07-09,823359,0.3265,0.3204,0.2192,0.2235,0.1135,0.1098,0.2860,0.2800,161,198,0.130,0.215
2026-07-09,823606,0.2886,0.3144,0.2187,0.2654,0.0640,0.0993,0.2896,0.2853,185,96,0.104,0.985
2026-07-09,823683,0.3240,0.3065,0.2812,0.2159,0.1272,0.0740,0.3008,0.2865,180,158,0.624,0.594
2026-07-09,823846,0.2808,0.3155,0.2403,0.1845,0.0760,0.0655,0.2742,0.2546,113,84,0.596,-0.071
2026-07-09,824251,0.3240,0.3150,0.2476,0.2105,0.0928,0.1024,0.2841,0.2872,10,204,0.163,0.117
2026-07-09,824494,0.2698,0.3341,0.2745,0.2469,0.0676,0.1183,0.3067,0.3058,163,209,0.504,0.471
2026-07-09,824577,0.3281,0.3298,0.2604,0.2155,0.1058,0.0948,0.3003,0.2803,40,75,-0.012,0.433
2026-07-09,824816,0.3137,0.2866,0.2392,0.2442,0.1177,0.0750,0.2825,0.2947,156,139,0.319,0.845
2026-07-10,822709,0.3408,0.3087,0.2457,0.2489,0.0814,0.0781,0.3014,0.2866,121,30,0.299,0.353
2026-07-10,822878,0.2869,0.3270,0.2788,0.2039,0.0890,0.0832,0.3109,0.2677,150,121,0.523,0.092
2026-07-10,822955,0.3094,0.3023,0.2352,0.2121,0.0848,0.0900,0.2698,0.2789,179,154,-0.065,0.156
2026-07-10,823033,0.2870,0.3144,0.2935,0.2512,0.0783,0.1123,0.3213,0.3019,164,72,0.292,0.337
2026-07-10,823200,0.3623,0.3116,0.2002,0.2319,0.0983,0.1227,0.2598,0.2681,77,161,0.025,0.107
2026-07-10,823278,0.3299,0.2878,0.2487,0.2248,0.0949,0.0980,0.3017,0.2777,35,123,0.332,0.434
2026-07-10,823357,0.3405,0.2894,0.2423,0.3120,0.1399,0.0714,0.2872,0.3274,76,88,0.991,0.515
2026-07-10,823604,0.2853,0.2988,0.2808,0.2900,0.0735,0.1139,0.3051,0.3054,187,93,0.195,0.752
2026-07-10,823685,0.3208,0.3434,0.1972,0.2328,0.0982,0.0857,0.2774,0.2837,74,104,0.188,0.114
2026-07-10,823845,0.3086,0.3336,0.2586,0.2263,0.0850,0.0704,0.2939,0.2868,86,159,0.036,-0.095
2026-07-10,823927,0.3448,0.3292,0.2222,0.2239,0.0982,0.0921,0.2599,0.2773,169,3,0.207,
2026-07-10,824252,0.2863,0.2886,0.2597,0.2946,0.0754,0.0935,0.3051,0.3106,167,189,0.543,0.301
2026-07-10,824493,0.3105,0.2958,0.2783,0.2868,0.0770,0.0996,0.2992,0.3034,176,87,0.327,-0.116
2026-07-10,824575,0.2967,0.3376,0.2064,0.2507,0.1464,0.0960,0.2692,0.2917,92,126,0.339,-0.146
2026-07-10,824817,0.3476,0.3223,0.2126,0.1951,0.1231,0.0940,0.2778,0.2701,44,97,-0.029,0.244
2026-07-11,822711,0.3109,0.3063,0.3007,0.2116,0.0774,0.0715,0.3209,0.2826,111,35,0.519,-0.318
2026-07-11,822875,0.2969,0.3604,0.2268,0.2062,0.0833,0.0972,0.2822,0.2633,65,116,0.303,0.385
2026-07-11,822953,0.2928,0.3085,0.3086,0.2672,0.0630,0.0740,0.3115,0.2992,183,53,0.886,-0.195
2026-07-11,823030,0.3415,0.3321,0.2448,0.2403,0.0964,0.0803,0.2830,0.3002,74,160,-0.429,0.397
2026-07-11,823198,0.3412,0.3117,0.1890,0.2410,0.0703,0.0938,0.2759,0.2957,188,110,0.172,0.136
2026-07-11,823276,0.2925,0.3388,0.2287,0.2189,0.1065,0.1203,0.2844,0.2723,62,172,0.221,0.393
2026-07-11,823356,0.3054,0.3166,0.2209,0.2572,0.1186,0.1103,0.2725,0.2845,31,80,0.447,0.069
2026-07-11,823603,,0.2870,,0.2817,,0.1003,,0.2878,,209,,-0.068
2026-07-11,823682,0.3469,0.3155,0.2081,0.3051,0.1126,0.0818,0.2857,0.3073,27,188,0.458,0.604
2026-07-11,823844,0.3277,0.3100,0.2347,0.2705,0.0924,0.0911,0.2913,0.2955,202,113,0.671,0.110
2026-07-11,823926,0.3285,0.3038,0.2170,0.2458,0.0796,0.1057,0.2778,0.2913,158,167,0.479,0.479
2026-07-11,824249,0.3103,0.3126,0.2356,0.2412,0.0579,0.0869,0.3051,0.3024,204,150,-0.110,0.222
2026-07-11,824492,0.3119,0.3123,0.2397,0.2612,0.0755,0.0997,0.2867,0.3064,87,143,0.121,0.423
2026-07-11,824576,0.3021,0.3069,0.2294,0.2351,0.0630,0.0883,0.2857,0.3031,32,17,0.114,-0.071
2026-07-11,824813,0.3236,0.2970,0.2152,0.2872,0.1047,0.0997,0.2741,0.3053,131,95,0.346,1.050
2026-07-12,822708,0.3088,0.2911,0.3040,0.2437,0.0812,0.1030,0.3007,0.3107,168,113,0.800,0.386
2026-07-12,822876,0.3199,0.3299,0.2255,0.2813,0.1128,0.1086,0.2846,0.2840,47,218,0.009,0.189
2026-07-12,822951,0.3306,0.3072,0.2260,0.2955,0.0725,0.0758,0.2827,0.3259,124,32,0.239,0.089
2026-07-12,823029,,0.3253,,0.2355,,0.1032,,0.2853,,136,,0.713
2026-07-12,823199,0.3199,0.3364,0.2394,0.2256,0.0875,0.1115,0.2841,0.2897,185,55,0.506,0.183
2026-07-12,823274,0.3276,0.3486,0.2191,0.1890,0.0839,0.1215,0.2918,0.2389,207,106,-0.013,-0.074
2026-07-12,823358,0.2796,0.2747,0.2334,0.3106,0.1343,0.0880,0.2863,0.3068,49,183,0.340,0.376
2026-07-12,823602,0.3264,0.3412,0.2312,0.2375,0.0931,0.0945,0.2747,0.2757,62,12,0.509,0.069
2026-07-12,823681,0.3168,0.3087,0.2472,0.2735,0.1195,0.1107,0.2994,0.2801,192,184,0.144,0.469
2026-07-12,823842,0.2981,0.3307,0.2374,0.2048,0.0880,0.0778,0.3064,0.3037,124,49,0.486,-0.116
2026-07-12,823925,0.3174,0.3056,0.2360,0.3046,0.1063,0.0731,0.2805,0.2984,4,99,,0.372
2026-07-12,824250,0.2518,0.2864,0.2969,0.2800,0.0644,0.0617,0.2956,0.3196,149,156,0.820,-0.108
2026-07-12,824491,0.3032,0.3190,0.2547,0.2003,0.0854,0.1096,0.2950,0.2719,122,202,0.627,0.397
2026-07-12,824574,0.3436,0.3328,0.2438,0.2066,0.1333,0.1477,0.2889,0.2880,129,47,-0.121,0.553
2026-07-12,824814,0.3635,0.3264,0.2166,0.2267,0.0819,0.0953,0.2820,0.2774,194,182,0.195,-0.094
2026-07-16,823440,0.3048,0.2860,0.2804,0.2552,0.0952,0.0785,0.2888,0.3033,70,171,0.438,0.571
2026-07-17,822789,0.3264,0.3137,0.2238,0.2301,0.0921,0.0829,0.2836,0.2814,79,10,0.444,-0.031
2026-07-17,823115,0.2900,0.2784,0.2625,0.2337,0.0899,0.0795,0.3142,0.2733,133,118,0.825,0.601
2026-07-17,823524,0.3341,0.3113,0.2184,0.2150,0.0868,0.0886,0.2657,0.2680,85,75,0.105,0.007
2026-07-17,823766,0.3326,0.2982,0.2222,0.3166,0.0691,0.0901,0.2847,0.3067,163,33,-0.076,0.316
2026-07-17,824009,0.3068,0.3028,0.2003,0.2644,0.0684,0.1144,0.2701,0.2913,39,109,0.703,0.125
2026-07-17,824090,0.2809,0.3640,0.2651,0.2163,0.1062,0.0842,0.3169,0.2834,149,199,0.541,0.185
2026-07-17,824170,0.3285,0.2962,0.2025,0.2276,0.0737,0.0885,0.2866,0.2786,127,69,-0.040,0.263
2026-07-17,824332,0.3321,0.3314,0.2516,0.2369,0.1170,0.1147,0.3079,0.2782,212,8,0.477,0.102
2026-07-17,824414,0.2992,0.3223,0.3027,0.2819,0.0886,0.1256,0.3087,0.2996,84,183,1.094,0.598
2026-07-17,824655,0.3034,0.3401,0.2176,0.1815,0.0730,0.1044,0.2839,0.2724,161,176,0.582,0.530
2026-07-17,824737,0.3044,0.3147,0.2372,0.2240,0.0887,0.0921,0.2806,0.2792,9,3,-0.207,
2026-07-17,824901,0.3264,0.2869,0.1996,0.2897,0.0868,0.0772,0.2661,0.3192,125,167,0.048,0.288
2026-07-17,824981,0.2908,0.2976,0.2395,0.2222,0.1013,0.0611,0.3101,0.2802,116,35,0.419,0.123
2026-07-17,825060,0.3656,0.3689,0.1696,0.2112,0.0654,0.1099,0.2616,0.2709,114,173,0.722,0.593
2026-07-18,822790,0.2940,0.3411,0.2577,0.2415,0.0816,0.1080,0.2809,0.2966,148,42,0.292,0.375
2026-07-18,823116,0.3101,0.2963,0.2668,0.2682,0.0763,0.0673,0.3106,0.3178,200,182,0.410,0.119
2026-07-18,823441,0.3177,0.2667,0.2573,0.2754,0.0962,0.0667,0.2824,0.3072,101,166,1.005,0.501
2026-07-18,823523,0.2999,0.3349,0.3175,0.2458,0.0718,0.0797,0.2990,0.3041,102,125,0.398,0.287
2026-07-18,823763,0.3008,0.2999,0.2777,0.2246,0.1043,0.1149,0.3099,0.2801,124,34,0.242,0.435
2026-07-18,824008,0.2853,0.3267,0.2808,0.1902,0.0609,0.0947,0.3191,0.2709,159,79,-0.097,0.168
2026-07-18,824088,0.3492,,0.2226,,0.1181,,0.2869,,138,,0.615,
2026-07-18,824169,0.2863,0.3315,0.2481,0.2390,0.0781,0.0966,0.2934,0.2964,144,126,0.910,0.709
2026-07-18,824331,0.3641,0.3845,0.2056,0.2031,0.1152,0.0663,0.2717,0.2578,81,154,0.085,0.086
2026-07-18,824412,0.3074,0.3437,0.2742,0.1926,0.1013,0.1003,0.3063,0.2700,17,109,-0.315,0.356
2026-07-18,824657,0.3052,0.3058,0.2742,0.2533,0.1094,0.0885,0.2793,0.2892,187,127,0.451,0.638
2026-07-18,824738,0.3072,0.3185,0.2968,0.2627,0.0839,0.1027,0.3229,0.2993,35,43,0.140,-0.029
2026-07-18,824899,0.3286,,0.2799,,0.1102,,0.2815,,223,,0.181,
2026-07-18,824979,0.3316,0.3507,0.2359,0.2428,0.0680,0.1373,0.2790,0.2882,167,138,0.540,-0.130
2026-07-18,825059,0.3218,0.3265,0.2296,0.2141,0.1056,0.0785,0.2826,0.2774,141,161,0.711,0.488
2026-07-19,822786,0.3323,0.3004,0.2574,0.2164,0.0945,0.1318,0.2926,0.2763,129,69,-0.124,0.192
2026-07-19,823113,0.3086,0.2972,0.2378,0.3077,0.1211,0.0620,0.2686,0.3111,164,187,0.123,0.905
2026-07-19,823439,0.2954,0.3245,0.2854,0.2518,0.1159,0.1148,0.3005,0.2918,99,8,0.758,-0.010
2026-07-19,823521,0.3484,0.3248,0.2336,0.2331,0.0986,0.0967,0.2775,0.2932,9,19,0.053,-0.222
2026-07-19,823764,0.3153,0.2726,0.2686,0.2452,0.0942,0.1307,0.2955,0.2836,118,52,0.114,0.345
2026-07-19,824007,0.3111,0.3444,0.2357,0.2013,0.0895,0.1089,0.2989,0.2829,155,30,0.220,0.495
2026-07-19,824086,0.3501,0.3189,0.1952,0.2223,0.1180,0.1031,0.2408,0.2764,111,134,-0.093,0.358
2026-07-19,824168,0.3182,0.2904,0.2027,0.2712,0.0917,0.0911,0.2740,0.3052,101,156,0.268,0.511
2026-07-19,824330,0.2924,0.3418,0.2945,0.2101,0.0977,0.0976,0.3107,0.2898,90,115,-0.100,0.175
2026-07-19,824411,0.2736,0.2966,0.3110,0.2444,0.0869,0.0866,0.3088,0.3064,186,127,0.389,0.458
2026-07-19,824653,0.3401,0.3103,0.2333,0.2809,0.0837,0.0755,0.2856,0.3004,108,181,0.117,0.323
2026-07-19,824739,0.2973,0.2820,0.2810,0.2815,0.0704,0.0726,0.3197,0.3052,65,190,0.090,0.196
2026-07-19,824897,0.3365,0.3012,0.2639,0.2744,0.0678,0.0904,0.3138,0.3007,172,132,0.399,0.257
2026-07-19,824978,0.3006,0.2912,0.2845,0.2089,0.0908,0.1435,0.3005,0.2740,81,95,0.298,0.359
2026-07-19,825057,0.3460,0.3515,0.1483,0.2251,0.1081,0.0957,0.2704,0.2589,190,175,0.042,0.230
2026-07-20,822788,0.3023,0.3135,0.2093,0.3038,0.0888,0.1052,0.2776,0.3013,157,205,0.165,-0.138
2026-07-20,822874,0.3568,0.3358,0.2029,0.2830,0.0846,0.0718,0.2870,0.3063,155,157,0.045,0.412
2026-07-20,823112,0.3168,0.2993,0.1996,0.2368,0.1109,0.0692,0.2678,0.2772,208,178,0.370,0.657
2026-07-20,823436,0.2999,0.3102,0.3176,0.2368,0.0718,0.0573,0.2991,0.3059,102,207,0.398,-0.106
2026-07-20,823522,0.2846,0.3349,0.3126,0.2459,0.0700,0.0797,0.3236,0.3042,91,125,0.522,0.287
2026-07-20,823762,0.2838,0.2829,0.2897,0.3717,0.0993,0.1103,0.2908,0.3452,212,105,-0.075,1.031
2026-07-20,824006,0.3086,0.3158,0.2532,0.2444,0.1098,0.1181,0.2995,0.2988,75,195,0.341,0.136
2026-07-20,824087,0.3384,0.2862,0.2248,0.2203,0.1069,0.0633,0.2920,0.2864,60,188,0.190,0.134
2026-07-20,824167,0.3167,0.3256,0.1865,0.2268,0.0773,0.1086,0.2564,0.2884,88,64,-0.035,-0.050
2026-07-20,824328,0.2830,0.3380,0.2670,0.1908,0.0648,0.0695,0.3072,0.2776,30,191,0.031,0.166
2026-07-20,824410,0.3144,0.3254,0.2991,0.2341,0.0842,0.0944,0.3052,0.2915,193,207,0.609,0.672
2026-07-20,824654,0.2869,0.2886,0.2940,0.2463,0.0960,0.0723,0.3116,0.2902,193,148,0.318,0.373
2026-07-20,824736,0.3251,0.3230,0.2303,0.2459,0.0934,0.0895,0.2771,0.2867,187,67,-0.116,0.553
2026-07-20,824898,0.2858,0.3275,0.2266,0.2189,0.0964,0.1154,0.2772,0.2837,126,166,0.427,0.145
2026-07-20,825058,0.3440,0.3338,0.2003,0.2225,0.1203,0.1000,0.2807,0.2705,186,8,0.650,-0.022
2026-07-21,822787,0.3023,0.3240,0.2508,0.2242,0.0750,0.0830,0.2867,0.2958,151,210,0.314,-0.026
2026-07-21,822871,0.3425,0.3687,0.1994,0.2105,0.1424,0.0941,0.2868,0.2659,51,122,0.465,0.384
2026-07-21,823114,0.2715,0.3063,0.3472,0.2336,0.1088,0.0868,0.3218,0.2685,89,185,0.345,-0.073
2026-07-21,823437,0.3341,0.2508,0.2237,0.2975,0.0994,0.0635,0.2889,0.2971,79,152,0.090,0.834
2026-07-21,823519,0.3151,0.3162,0.2623,0.2989,0.1135,0.0842,0.2869,0.2991,85,172,0.032,0.792
2026-07-21,823760,0.3341,0.3386,0.2417,0.2376,0.0907,0.1471,0.2813,0.2821,15,83,0.151,1.057
2026-07-21,824005,0.3322,0.2920,0.2450,0.2490,0.0833,0.1265,0.3001,0.2885,164,57,0.407,0.228
2026-07-21,824085,0.3145,0.3470,0.2400,0.2142,0.0968,0.1278,0.2934,0.2833,115,48,0.129,-0.023
2026-07-21,824165,0.3340,0.3607,0.2031,0.2531,0.0825,0.1692,0.2994,0.2798,55,63,-0.116,-0.080
2026-07-21,824329,0.3116,0.3193,0.2545,0.2387,0.0733,0.0858,0.2949,0.2833,36,190,0.315,0.494
2026-07-21,824409,0.3324,0.3043,0.2413,0.2536,0.1381,0.0834,0.2790,0.2940,11,89,0.215,0.022
2026-07-21,824652,0.3114,0.3161,0.2195,0.2395,0.1012,0.1156,0.2916,0.2826,207,160,0.112,0.328
2026-07-21,824735,0.2927,0.3206,0.2945,0.2018,0.0979,0.1115,0.3050,0.2719,98,10,1.080,0.000
2026-07-21,824895,0.3347,0.3515,0.2153,0.2345,0.1183,0.0923,0.2693,0.2812,176,80,0.378,-0.406
2026-07-21,825056,0.3334,,0.2799,,0.0929,,0.3075,,41,,-0.145,
2026-07-22,822784,0.3007,0.3196,0.2804,0.2408,0.0850,0.1198,0.3081,0.3039,62,30,-0.113,-0.019
2026-07-22,822873,0.3306,0.3192,0.2246,0.2492,0.0966,0.0902,0.2817,0.2897,83,37,0.437,-0.420
2026-07-22,823110,0.3291,0.3289,0.2525,0.2278,0.1158,0.0714,0.3100,0.2846,215,127,0.480,0.229
2026-07-22,823438,0.3213,0.2836,0.2336,0.2562,0.0754,0.0775,0.2872,0.3061,89,174,0.033,0.575
2026-07-22,823518,0.3237,0.3076,0.2240,0.2248,0.1081,0.0868,0.2801,0.2730,202,78,0.193,-0.007
2026-07-22,823761,0.2999,0.2996,0.2817,0.3172,0.0932,0.0874,0.2930,0.3068,73,36,0.419,0.289
2026-07-22,824004,0.3336,0.3004,0.2374,0.2642,0.0808,0.1118,0.2952,0.2919,42,113,0.259,0.143
2026-07-22,824083,0.2914,0.3663,0.2572,0.2139,0.0932,0.0832,0.3105,0.2838,137,202,0.820,0.185
2026-07-22,824166,0.3301,0.2973,0.2237,0.2283,0.0682,0.0934,0.2844,0.2819,166,73,-0.106,0.248
2026-07-22,824327,0.2908,0.3255,0.2412,0.2482,0.0996,0.1070,0.3085,0.2858,119,13,0.412,0.252
2026-07-22,824408,0.3074,0.3388,0.2172,0.2186,0.0803,0.0860,0.2839,0.2821,166,153,0.537,0.267
2026-07-22,824650,0.2650,0.3388,0.2042,0.1827,0.0671,0.1068,0.2860,0.2737,104,180,-0.028,0.532
2026-07-22,824732,0.2927,0.3206,0.2945,0.2017,0.0979,0.1116,0.3049,0.2719,98,10,1.080,0.002
2026-07-22,824896,0.2790,0.3525,0.2614,0.1816,0.1048,0.1247,0.3133,0.2775,152,125,0.557,0.218
2026-07-22,825055,0.2918,0.3726,0.2359,0.2093,0.0593,0.1109,0.2795,0.2714,38,180,0.180,0.611
2026-07-23,822785,0.3046,0.3399,0.2279,0.2514,0.0929,0.1040,0.2771,0.2989,9,46,-0.227,0.427
2026-07-23,824247,0.3197,0.3167,0.2481,0.1890,0.1201,0.0836,0.2933,0.2721,5,45,-0.125,0.738
2026-07-23,824406,0.3070,0.3209,0.2739,0.2815,0.1077,0.1236,0.2798,0.3007,191,187,0.421,0.570
2026-07-23,824893,0.3248,0.2843,0.2164,0.2860,0.1087,0.0763,0.2855,0.3183,21,170,-0.785,0.307
2026-07-24,822707,0.3478,0.3074,0.2265,0.2543,0.0945,0.0704,0.2601,0.2942,178,40,0.203,0.315
2026-07-24,822872,0.2738,0.3284,0.2410,0.2795,0.0782,0.1087,0.2732,0.2824,121,227,0.603,0.178
2026-07-24,822952,0.2994,0.2949,0.2485,0.2723,0.0948,0.0683,0.3082,0.3154,132,69,0.460,0.119
2026-07-24,823031,0.3608,0.3227,0.1973,0.2312,0.1106,0.1090,0.2666,0.2845,87,144,0.076,0.693
2026-07-24,823196,0.3417,0.3081,0.1868,0.2638,0.1032,0.0755,0.2671,0.3090,87,203,0.167,0.417
2026-07-24,823352,0.3039,0.2931,0.2494,0.3170,0.0872,0.0869,0.2888,0.3094,130,87,0.641,1.115
2026-07-24,823434,0.3081,0.2676,0.3098,0.2738,0.0740,0.0740,0.3197,0.3071,119,171,0.542,0.486
2026-07-24,823601,0.3276,0.3193,0.2208,0.2601,0.0851,0.0988,0.2684,0.2852,88,107,0.068,0.973
2026-07-24,823680,0.2909,0.3419,0.2150,0.2324,0.1516,0.0813,0.2806,0.2867,100,113,0.356,0.111
2026-07-24,823759,0.3836,0.2882,0.2050,0.2462,0.0654,0.1103,0.2593,0.2870,157,38,0.083,0.514
2026-07-24,823843,0.3568,0.3319,0.1954,0.2233,0.1203,0.1060,0.2396,0.2779,116,74,-0.094,0.138
2026-07-24,824248,,0.2831,,0.2816,,0.0601,,0.3193,,162,,-0.099
2026-07-24,824573,0.3262,0.2945,0.2511,0.2576,0.0951,0.0801,0.3017,0.2805,129,152,0.714,0.328
2026-07-24,824733,0.2944,0.3190,0.2267,0.2649,0.1289,0.1093,0.2821,0.3011,72,46,0.211,-0.047
2026-07-24,824812,0.3000,0.2887,0.2740,0.2470,0.0886,0.0762,0.3011,0.2980,136,149,0.261,0.902
2026-07-25,822704,0.3282,0.3037,0.2101,0.2787,0.1085,0.0890,0.2602,0.3007,12,84,-0.031,0.278
2026-07-25,822869,0.2948,0.3335,0.2680,0.2584,0.0663,0.0706,0.3180,0.3112,186,177,0.114,0.383
2026-07-25,822948,0.3213,0.3034,0.2380,0.2045,0.0930,0.0913,0.2930,0.2749,211,162,0.667,0.155
2026-07-25,823027,0.2987,0.3442,0.2999,0.1505,0.0952,0.1068,0.3129,0.2699,94,193,-0.097,0.036
2026-07-25,823197,0.3496,0.3054,0.2119,0.2381,0.1138,0.1190,0.2878,0.2685,35,168,0.433,0.129
2026-07-25,823355,0.3067,0.2719,0.2816,0.3153,0.0746,0.0859,0.2994,0.3101,184,189,0.331,0.397
2026-07-25,823435,0.3322,0.3345,0.2460,0.2314,0.0780,0.0921,0.3043,0.2739,129,14,0.287,0.105
2026-07-25,823600,0.2973,0.2939,0.2482,0.2925,0.1030,0.1138,0.2942,0.3031,173,102,0.470,0.740
2026-07-25,823679,0.3316,0.3184,0.2155,0.2114,0.1011,0.0965,0.2736,0.2682,11,21,-0.211,0.341
2026-07-25,823758,0.3577,0.2672,0.2010,0.2562,0.0989,0.1273,0.2877,0.2819,123,55,0.201,0.350
2026-07-25,823841,0.3367,0.3134,0.1779,0.2697,0.0939,0.0927,0.2657,0.2988,173,121,0.273,0.099
2026-07-25,824244,0.2879,0.3105,0.2159,0.2405,0.0700,0.0880,0.2855,0.2997,193,159,0.116,0.216
2026-07-25,824571,0.2886,0.3287,0.2753,0.2534,0.0941,0.0931,0.3086,0.2906,160,132,0.507,-0.145
2026-07-25,824734,0.3114,0.2805,0.3067,0.2799,0.1037,0.0751,0.3012,0.3067,209,195,-0.128,0.178
2026-07-25,824811,0.3270,0.3169,0.2194,0.2051,0.1177,0.0901,0.2844,0.2756,170,104,0.151,0.256
2026-07-26,822706,0.3135,0.3535,0.2363,0.1844,0.1064,0.0658,0.2939,0.2658,4,172,,-0.046
2026-07-26,822870,0.2993,0.3360,0.3083,0.2811,0.0606,0.0747,0.3106,0.3005,193,162,0.934,0.428
2026-07-26,822950,0.3112,0.3009,0.2534,0.2530,0.0812,0.0729,0.2926,0.2863,93,157,-0.002,0.308
2026-07-26,823028,0.3146,0.3030,0.2011,0.2549,0.1097,0.1075,0.2682,0.3004,211,78,0.372,0.369
2026-07-26,823194,0.3146,0.3374,0.2454,0.2478,0.1168,0.1061,0.3002,0.2923,198,21,0.153,0.412
2026-07-26,823354,0.2983,0.3011,0.2383,0.3051,0.0700,0.0733,0.2838,0.3173,155,98,0.380,0.533
2026-07-26,823433,0.3162,0.3105,0.2989,0.2389,0.0842,0.0597,0.2990,0.3067,172,213,0.783,-0.091
2026-07-26,823599,0.3026,0.2865,0.3099,0.2870,0.0762,0.1007,0.2981,0.2891,106,218,0.413,-0.057
2026-07-26,823678,0.3481,0.3083,0.1979,0.2260,0.1189,0.1068,0.2805,0.2822,189,60,0.661,0.054
2026-07-26,823755,0.3451,0.2774,0.1888,0.3784,0.0751,0.1071,0.2774,0.3510,199,110,0.159,1.088
2026-07-26,823840,0.3344,0.3169,0.2117,0.1881,0.1206,0.0753,0.2671,0.2562,180,92,0.374,-0.007
2026-07-26,824246,0.3477,0.3166,0.2065,0.2152,0.1322,0.1084,0.2769,0.2904,52,217,0.002,0.095
2026-07-26,824572,0.3243,0.3606,0.2371,0.2083,0.1061,0.0831,0.2892,0.2871,67,159,-0.016,0.070
2026-07-26,824730,0.3286,0.2908,0.2213,0.2762,0.0842,0.0846,0.2937,0.2875,218,174,-0.027,0.136
2026-07-26,824810,0.3548,0.3224,0.2249,0.2355,0.0886,0.0923,0.2793,0.2781,86,190,-0.365,-0.125
2026-07-27,822705,0.3580,,0.2161,,0.0958,,0.2820,,94,,0.200,
2026-07-27,822868,0.2979,0.3671,0.2370,0.2060,0.0722,0.0974,0.2774,0.2641,182,126,0.664,0.387
2026-07-27,823025,0.3140,,0.2408,,0.1140,,0.2809,,163,,0.344,
2026-07-27,823195,0.3408,0.3130,0.2431,0.2360,0.1557,0.0952,0.2855,0.2887,88,118,1.091,0.145
2026-07-27,823353,0.3717,0.3203,0.2100,0.2252,0.1090,0.1069,0.2709,0.2813,184,205,0.621,0.201
2026-07-27,823597,0.3514,0.3313,0.1831,0.2295,0.1273,0.0988,0.2777,0.2777,129,19,0.209,0.161
2026-07-27,823839,0.2486,0.3372,0.2980,0.1962,0.0626,0.0797,0.2965,0.3025,155,59,0.825,-0.091
2026-07-27,824001,0.3533,0.2897,0.2451,0.2469,0.1638,0.1214,0.2796,0.2843,67,62,-0.073,0.408
2026-07-27,824245,0.2922,0.2743,0.2952,0.2101,0.0960,0.0651,0.3069,0.2884,101,109,1.075,-0.018
2026-07-27,824490,0.3403,0.2702,0.2192,0.3381,0.0844,0.1125,0.2813,0.3174,157,93,0.323,0.345
2026-07-27,824570,0.3027,0.3431,0.2371,0.1994,0.1018,0.1363,0.2748,0.2861,165,56,0.257,0.446
2026-07-27,824977,0.3154,0.3472,0.2517,0.2642,0.0862,0.0971,0.2860,0.3107,72,47,0.609,-0.104
2026-07-28,822703,0.3490,0.2886,0.2445,0.2414,0.1011,0.1029,0.2962,0.3061,49,123,0.430,0.400
2026-07-28,822949,0.3256,0.3011,0.1997,0.2852,0.0846,0.0895,0.2643,0.3032,130,67,0.073,-0.131
2026-07-28,823026,0.3353,0.3619,0.1846,0.1632,0.1055,0.0684,0.2747,0.2641,183,121,0.529,0.714
2026-07-28,823193,0.2880,0.2887,0.3347,0.2584,0.0839,0.0918,0.3138,0.3096,40,140,0.322,0.821
2026-07-28,823275,0.3172,0.2813,0.2419,0.2635,0.0841,0.1157,0.2831,0.3144,195,158,0.478,0.554
2026-07-28,823350,0.3275,0.3157,0.2084,0.2570,0.0791,0.1179,0.2767,0.2839,172,88,0.524,-0.019
2026-07-28,823598,0.2812,0.2961,0.2939,0.2809,0.0749,0.0977,0.3215,0.2927,174,77,0.315,0.489
2026-07-28,823676,0.3658,0.3064,0.2115,0.2736,0.0823,0.1099,0.2841,0.2797,205,195,0.170,0.433
2026-07-28,823838,0.2833,0.3282,0.2573,0.2199,0.0765,0.0670,0.3074,0.2839,177,170,0.576,-0.134
2026-07-28,823923,0.3074,0.3332,0.2339,0.2229,0.0854,0.0959,0.2697,0.2875,189,84,-0.058,0.130
2026-07-28,824003,0.3019,0.2983,0.2330,0.2654,0.0966,0.1099,0.2818,0.2901,79,116,0.250,0.159
2026-07-28,824243,0.3380,0.3191,0.2044,0.1969,0.0740,0.0970,0.2901,0.2730,140,51,-0.103,0.667
2026-07-28,824489,0.3166,,0.2890,,0.1217,,0.3032,,191,,0.556,
2026-07-28,824569,0.3070,0.3309,0.2273,0.2269,0.0849,0.0946,0.2747,0.2848,81,86,-0.030,0.446
2026-07-28,824976,0.2772,0.2951,0.2461,0.2366,0.0937,0.0667,0.2934,0.2822,34,42,0.725,0.167
2026-07-29,822702,0.2948,0.3377,0.2314,0.2312,0.1305,0.0697,0.2860,0.2782,78,176,0.235,0.550
2026-07-29,822947,0.3259,0.2972,0.2801,0.2365,0.1076,0.0988,0.2811,0.2710,230,15,0.178,-0.274
2026-07-29,823022,0.3010,0.3225,0.2455,0.2328,0.0858,0.1074,0.2886,0.2875,133,147,0.659,0.681
2026-07-29,823192,,0.3107,,0.2627,,0.0741,,0.3075,,208,,0.417
2026-07-29,823273,0.3152,0.3173,0.2649,0.2207,0.1027,0.1048,0.2858,0.2845,16,24,0.252,-0.672
2026-07-29,823351,0.3478,0.2906,0.2259,0.3174,0.0926,0.0852,0.2583,0.3077,183,90,0.215,1.126
2026-07-29,823596,0.3671,0.3155,0.2230,0.2658,0.1031,0.0965,0.2955,0.2881,25,111,0.207,0.931
2026-07-29,823677,0.3282,0.3208,0.2305,0.2961,0.1115,0.0823,0.2917,0.3055,10,199,-0.353,0.621
2026-07-29,823837,0.2663,0.3294,0.2746,0.2242,0.0730,0.1102,0.3085,0.2797,174,78,0.505,0.171
2026-07-29,823924,0.3284,0.3241,0.2284,0.2327,0.0751,0.0730,0.2842,0.2888,131,94,0.280,0.034
2026-07-29,824002,0.3331,0.3493,0.2159,0.1807,0.0973,0.1063,0.2827,0.2643,30,92,0.575,0.145
2026-07-29,824242,0.2877,0.2794,0.2483,0.2867,0.0752,0.0593,0.2992,0.3222,152,165,0.914,-0.091
2026-07-29,824487,0.2963,0.3256,0.2498,0.2571,0.0934,0.1145,0.3089,0.3123,135,218,0.483,0.485
2026-07-29,824567,0.3029,0.2932,0.3157,0.2541,0.0727,0.0790,0.3222,0.2787,122,155,0.548,0.322
2026-07-29,824973,0.3147,0.2956,0.2686,0.2098,0.1213,0.1540,0.2992,0.2796,52,104,0.013,0.340
2026-07-30,822946,,0.2922,,0.2717,,0.0737,,0.3181,,73,,0.174
2026-07-30,823023,0.3056,0.3435,0.2402,0.1560,0.0736,0.1090,0.2863,0.2701,91,197,0.058,0.049
2026-07-30,823271,0.3045,0.2825,0.2426,0.2231,0.1169,0.0949,0.2714,0.2752,172,129,0.138,0.399
2026-07-30,823595,0.3117,0.2916,0.2654,0.2873,0.0911,0.1117,0.2969,0.3026,124,105,0.087,0.745
2026-07-30,823674,0.3193,0.3112,0.2168,0.2126,0.1056,0.0785,0.2757,0.2833,139,171,0.309,0.528
2026-07-30,823921,0.2978,0.3270,0.2607,0.2217,0.0684,0.0894,0.3149,0.2693,193,92,0.130,0.060
2026-07-30,824488,0.3177,0.3571,0.2318,0.2068,0.0952,0.1083,0.2858,0.2711,1,90,,0.074
2026-07-30,824568,0.3300,0.3277,0.2449,0.2534,0.0811,0.0911,0.3038,0.2911,134,136,0.276,-0.152
2026-07-30,824894,0.3837,0.2985,0.2154,0.2799,0.1255,0.0872,0.2826,0.3044,207,139,0.682,0.235
2026-07-30,824974,0.2783,0.3243,0.2806,0.1981,0.0742,0.1184,0.3083,0.2679,198,14,0.189,0.154
2026-07-31,822782,0.3046,0.3096,0.2619,0.3034,0.1115,0.1026,0.2971,0.2989,82,212,0.382,-0.160
2026-07-31,822945,0.3566,0.3038,0.2092,0.2019,0.0816,0.0901,0.2877,0.2730,163,165,0.081,0.139
2026-07-31,823111,0.3397,0.2760,0.2342,0.2345,0.0799,0.0761,0.2860,0.2688,116,126,0.092,0.633
2026-07-31,823272,0.3393,0.2994,0.2452,0.2306,0.1115,0.0830,0.2931,0.2788,26,10,0.408,-0.272
2026-07-31,823593,0.3114,0.3213,0.1975,0.2393,0.0738,0.1152,0.2625,0.2776,95,89,0.019,0.372
2026-07-31,823922,0.2901,,0.2812,,0.0835,,0.2881,,177,,0.123,
2026-07-31,823999,0.2874,0.3497,0.2417,0.2135,0.1039,0.1193,0.2861,0.2888,44,39,0.485,0.404
2026-07-31,824164,0.3301,0.2852,0.2594,0.2762,0.0697,0.0928,0.3118,0.3092,180,163,0.402,0.495
2026-07-31,824325,0.2845,0.3904,0.2165,0.2004,0.0689,0.0639,0.2849,0.2567,197,162,0.122,0.063
2026-07-31,824407,0.3230,0.3212,0.2124,0.2382,0.1159,0.0917,0.2657,0.2934,16,215,-0.087,0.653
2026-07-31,824486,0.2707,0.2960,0.3183,0.2969,0.0845,0.0922,0.3110,0.3092,193,99,0.396,-0.118
2026-07-31,824651,0.3155,0.3048,0.2981,0.2782,0.0828,0.0736,0.2968,0.2979,176,187,0.772,0.340
2026-07-31,824809,0.3722,0.3160,0.2012,0.2016,0.1201,0.0885,0.2512,0.2749,55,107,0.372,0.242
2026-07-31,824892,0.2992,0.3297,0.2799,0.2233,0.0871,0.1195,0.2981,0.2828,87,175,0.296,0.192
2026-07-31,824975,0.3009,0.3492,0.2388,0.1933,0.0693,0.1161,0.3042,0.2805,34,195,0.183,0.647
2026-08-01,822781,,0.3280,,0.2226,,0.0833,,0.2942,,221,,-0.029
2026-08-01,822944,0.3516,0.2984,0.2113,0.2576,0.0905,0.0716,0.2834,0.2891,59,161,-1.257,0.294
2026-08-01,823109,0.3028,0.2994,0.2288,0.3063,0.1042,0.0594,0.2789,0.3097,63,198,0.126,0.928
2026-08-01,823269,0.3094,0.3363,0.2321,0.2165,0.0937,0.1186,0.2866,0.2694,121,184,0.152,0.382
2026-08-01,823594,0.3425,0.3387,0.2045,0.2278,0.0846,0.0930,0.3059,0.2782,64,24,-0.064,0.165
2026-08-01,823920,0.3153,0.2943,0.2499,0.2472,0.0831,0.1009,0.2844,0.2949,77,178,0.627,0.450
2026-08-01,824000,0.2698,0.3433,0.2498,0.1836,0.1241,0.0904,0.2796,0.2850,58,26,0.348,-0.235
2026-08-01,824162,0.3391,0.3334,0.2774,0.2434,0.0737,0.1096,0.2996,0.2963,165,72,0.433,-0.045
2026-08-01,824326,0.3436,0.3584,0.2012,0.1967,0.1288,0.0968,0.2741,0.2866,55,127,-0.037,0.237
2026-08-01,824405,0.3221,0.3052,0.2373,0.2551,0.1002,0.0797,0.2969,0.2884,8,96,0.192,-0.017
2026-08-01,824485,0.2992,0.3118,0.3038,0.2062,0.0777,0.1085,0.3141,0.2718,102,214,0.535,0.382
2026-08-01,824649,0.3021,0.3130,0.2386,0.2410,0.0987,0.1121,0.2739,0.2848,172,167,0.235,0.358
2026-08-01,824808,0.3096,0.3215,0.2392,0.2368,0.0589,0.0912,0.3080,0.2799,217,193,-0.080,-0.092
2026-08-01,824890,0.3532,0.3493,0.1848,0.2242,0.0687,0.0857,0.2678,0.2769,177,91,-0.031,-0.360
2026-08-01,824972,0.3180,0.3426,0.2127,0.2638,0.1124,0.1026,0.2875,0.3153,225,51,0.101,-0.070
2026-08-02,822783,0.3390,0.3567,0.2485,0.2206,0.0872,0.0985,0.3031,0.2784,177,100,0.411,0.233
2026-08-02,822943,0.3243,0.2957,0.2425,0.2940,0.0927,0.0875,0.2911,0.3025,89,70,0.436,-0.102
2026-08-02,823107,0.3055,0.3049,0.2782,0.2363,0.1086,0.0708,0.2822,0.2794,198,187,0.419,0.673
2026-08-02,823270,0.2882,0.3206,0.2534,0.2195,0.0900,0.1102,0.3095,0.2892,144,29,0.822,-0.446
2026-08-02,823592,0.3240,,0.2257,,0.0662,,0.2862,,173,,-0.114,
2026-08-02,823919,0.2739,0.3005,0.2385,0.2992,0.0908,0.0735,0.2897,0.2950,37,112,0.816,0.376
2026-08-02,823996,0.2725,0.2863,0.3892,0.2571,0.1053,0.1185,0.3529,0.2810,113,65,1.090,0.450
2026-08-02,824163,0.3631,0.2958,0.2081,0.2457,0.0959,0.0933,0.2640,0.2811,129,84,0.371,0.254
2026-08-02,824323,0.3670,0.3471,0.2084,0.1846,0.0848,0.0734,0.2848,0.2755,209,205,0.170,0.149
2026-08-02,824404,0.3686,0.3195,0.2115,0.2923,0.1077,0.1198,0.2723,0.3027,187,195,0.620,0.538
2026-08-02,824483,0.3186,0.2745,0.2256,0.3296,0.1090,0.1138,0.2810,0.3137,209,100,0.191,0.352
2026-08-02,824648,0.3044,0.3397,0.2295,0.1824,0.0832,0.1042,0.2775,0.2750,84,186,-0.033,0.519
2026-08-02,824807,0.2479,0.2893,0.3049,0.2985,0.0612,0.0932,0.2997,0.3092,160,106,0.799,1.031
2026-08-02,824891,0.2895,0.3050,0.2376,0.2712,0.1012,0.1215,0.3035,0.3055,126,29,0.390,0.583
2026-08-02,824971,0.2767,0.3014,0.2041,0.2277,0.0632,0.0737,0.2914,0.2820,114,46,-0.007,0.162
2026-08-03,822867,0.3115,0.3212,0.2589,0.2019,0.0730,0.0833,0.3069,0.2634,212,133,0.411,0.065
2026-08-03,823431,0.2894,0.2842,0.2610,0.2572,0.0817,0.0752,0.2973,0.3088,36,181,-0.023,0.576
2026-08-03,823520,0.3597,0.2993,0.1687,0.3215,0.0662,0.0715,0.2635,0.3248,127,125,0.741,0.536
2026-08-03,823757,0.3207,0.3349,0.2503,0.2500,0.1148,0.1516,0.2822,0.2876,92,92,-0.053,1.105
2026-08-03,824160,0.3613,0.3205,0.2260,0.2268,0.1443,0.1088,0.2867,0.2847,58,51,0.264,0.031
2026-08-03,824324,0.3036,0.3163,0.2953,0.2382,0.0906,0.0828,0.3235,0.2802,39,199,0.235,0.468
2026-08-03,824647,0.3345,0.3027,0.2185,0.2457,0.1008,0.0840,0.2857,0.2884,87,137,0.111,0.665
2026-08-03,825095,0.2774,0.3259,0.2736,0.2091,0.1141,0.0778,0.3161,0.2741,161,176,0.569,0.523
2026-08-04,822865,0.3160,0.3322,0.2297,0.2812,0.0905,0.1054,0.2921,0.2793,4,236,,0.165
2026-08-04,823108,0.3207,0.3259,0.1989,0.2379,0.1023,0.0732,0.2709,0.2889,55,136,0.652,0.322
2026-08-04,823432,0.3125,0.2647,0.2519,0.2712,0.0861,0.0721,0.2956,0.3058,45,177,0.289,0.490
2026-08-04,823517,0.3246,0.3271,0.2404,0.2438,0.0785,0.0791,0.2987,0.3023,45,139,0.375,0.265
2026-08-04,823756,0.2851,0.2858,0.3243,0.3379,0.0835,0.0799,0.3109,0.3083,93,45,1.139,0.459
2026-08-04,824084,0.3174,0.3149,0.3004,0.2212,0.0813,0.1070,0.3048,0.2808,202,13,0.628,-0.366
2026-08-04,824161,0.2957,0.3440,0.2320,0.2006,0.1268,0.1006,0.2881,0.2738,82,37,0.263,0.513
2026-08-04,824321,0.2875,0.3143,0.2820,0.2644,0.1025,0.0976,0.2864,0.2918,223,20,-0.050,0.263
2026-08-04,824403,0.3142,0.2950,0.2670,0.2587,0.1005,0.0910,0.2895,0.3128,114,140,0.934,0.522
2026-08-04,824484,0.3453,0.3234,0.2543,0.2535,0.1353,0.1129,0.2925,0.3109,141,222,-0.135,0.486
2026-08-04,824645,0.2800,0.3014,0.2862,0.2421,0.0583,0.0722,0.3220,0.2847,169,94,-0.097,0.040
2026-08-04,824731,0.2970,0.3118,0.2506,0.2681,0.0810,0.1257,0.2752,0.3028,162,56,0.302,-0.023
2026-08-04,824805,0.3546,0.3328,0.1814,0.2515,0.1093,0.0987,0.2658,0.2940,97,88,0.165,0.328
2026-08-04,824888,0.3285,0.2993,0.2195,0.2745,0.1079,0.0855,0.2783,0.3039,81,143,0.152,0.227
2026-08-04,825054,0.3386,0.3475,0.1750,0.2232,0.1007,0.0915,0.2624,0.2575,177,186,0.272,0.206
2026-08-05,822866,0.3557,0.3252,0.2376,0.2456,0.1138,0.0698,0.2880,0.3067,33,32,0.395,0.084
2026-08-05,823106,0.3066,0.2998,0.2630,0.2624,0.0986,0.0706,0.2975,0.3154,9,199,0.065,0.129
2026-08-05,823429,0.3864,0.3862,0.2131,0.2012,0.1242,0.1151,0.2812,0.2543,210,60,0.694,0.369
2026-08-05,823516,0.3418,0.3151,0.1613,0.2944,0.1073,0.0817,0.2708,0.2954,201,179,0.041,0.771
2026-08-05,823753,0.2774,0.3350,0.3148,0.2478,0.0903,0.0953,0.3090,0.2819,199,122,0.349,0.214
2026-08-05,824082,0.3380,0.3183,0.2034,0.2186,0.0767,0.1089,0.2864,0.2769,146,142,-0.095,0.302
2026-08-05,824158,0.3014,0.2867,0.2397,0.2714,0.0690,0.0955,0.2831,0.3062,158,167,0.396,0.498
2026-08-05,824322,0.3094,0.3852,0.2027,0.2023,0.0885,0.0631,0.2745,0.2579,169,165,0.139,0.071
2026-08-05,824402,0.2974,0.3181,0.2801,0.2357,0.0949,0.0907,0.2979,0.2936,81,218,0.526,0.698
2026-08-05,824482,0.2950,0.3529,0.2096,0.2028,0.1613,0.1062,0.2789,0.2712,109,93,0.290,0.074
2026-08-05,824646,0.3200,0.3029,0.2380,0.2829,0.0770,0.0728,0.2874,0.2983,99,190,0.108,0.338
2026-08-05,824728,0.3230,0.2811,0.2571,0.2764,0.0938,0.0731,0.2935,0.3090,141,202,-0.157,0.188
2026-08-05,824806,0.3028,0.2872,0.2763,0.2495,0.1074,0.0741,0.2920,0.3013,120,155,0.167,0.913
2026-08-05,824889,0.3067,0.3332,0.2719,0.2187,0.0897,0.1211,0.2996,0.2825,127,180,0.080,0.182
2026-08-05,825052,0.3107,0.3411,0.2363,0.1994,0.0863,0.1211,0.2953,0.2648,163,21,0.209,-0.100
2026-08-06,823105,0.3176,0.2733,0.2125,0.2362,0.1105,0.0749,0.2889,0.2685,230,129,0.105,0.644
2026-08-06,823430,0.3610,0.3092,0.1844,0.2429,0.0669,0.0580,0.2685,0.3087,183,221,-0.028,-0.086
2026-08-06,823754,0.2951,0.3215,0.3044,0.2332,0.0762,0.1101,0.3114,0.2856,105,151,0.539,0.683
2026-08-06,824080,0.3108,0.2832,0.2091,0.2154,0.0815,0.0673,0.2819,0.2821,175,203,0.540,0.117
2026-08-06,824401,0.2911,0.3072,0.2848,0.2708,0.1202,0.0843,0.3002,0.2967,110,92,0.757,0.268
2026-08-06,824481,0.3136,0.3136,0.2165,0.2033,0.1138,0.1070,0.2806,0.2699,17,218,0.257,0.381
2026-08-06,824729,0.3146,0.2902,0.2294,0.2820,0.0837,0.0866,0.2662,0.2871,194,180,-0.061,0.126
2026-08-06,824804,0.3429,0.3177,0.2151,0.2004,0.1244,0.0912,0.2894,0.2740,43,113,0.335,0.255
2026-08-06,824885,0.3118,0.3476,0.2002,0.1809,0.0724,0.1221,0.2601,0.2800,98,137,0.025,0.193
2026-08-06,825053,0.3328,0.3399,0.2180,0.2350,0.1171,0.0933,0.2689,0.2931,187,13,0.377,0.276
2026-08-07,822699,0.3426,0.2861,0.2021,0.2392,0.0960,0.0996,0.3010,0.3041,13,129,0.230,0.396
2026-08-07,822863,0.3232,0.3326,0.2340,0.2593,0.0901,0.0727,0.2792,0.3128,196,184,-0.106,0.422
2026-08-07,823024,0.3604,0.3045,0.1927,0.2635,0.1000,0.1092,0.2844,0.2977,131,85,0.239,0.376
2026-08-07,823103,0.2974,0.2966,0.2631,0.3067,0.0751,0.0587,0.2924,0.3107,164,201,0.275,0.922
2026-08-07,823191,0.2813,0.3218,0.1996,0.2387,0.0674,0.0940,0.2898,0.2894,118,2,-0.020,
2026-08-07,823266,0.3242,0.3026,0.2419,0.2438,0.1056,0.1154,0.2940,0.2714,77,175,-0.013,0.122
2026-08-07,823349,0.3325,0.3018,0.2152,0.2051,0.0878,0.0846,0.2734,0.2873,29,63,0.150,0.030
2026-08-07,823428,0.3141,0.2456,0.2466,0.3085,0.1154,0.0601,0.3009,0.3031,201,164,0.149,0.783
2026-08-07,823515,0.3098,0.3005,0.2342,0.2389,0.1008,0.1013,0.2847,0.2736,128,176,0.201,0.265
2026-08-07,823750,0.3420,0.2872,0.2417,0.2444,0.0878,0.1010,0.2848,0.2900,123,47,0.135,0.463
2026-08-07,823836,0.3295,0.3450,0.2213,0.1967,0.1207,0.0813,0.2684,0.3039,13,69,-0.075,-0.068
2026-08-07,824081,0.3245,0.3350,0.2230,0.2364,0.0822,0.1124,0.2957,0.2807,225,13,-0.029,-0.333
2026-08-07,824566,0.3034,0.3359,0.2597,0.2179,0.0834,0.1318,0.2911,0.2911,101,60,0.009,0.430
2026-08-07,824727,0.3418,0.3150,0.2653,0.2518,0.0965,0.0813,0.3192,0.2858,58,80,-0.096,0.647
2026-08-07,825051,0.3234,0.3681,0.2225,0.2091,0.0935,0.1064,0.2719,0.2717,96,190,0.078,0.619
2026-08-08,822701,0.2767,0.2893,0.3236,0.2610,0.1179,0.0817,0.3108,0.2973,103,36,0.346,-0.024
2026-08-08,822864,0.2850,0.3385,0.3051,0.2770,0.0915,0.0724,0.3136,0.3001,109,169,1.037,0.440
2026-08-08,823021,0.3458,0.3347,0.1856,0.2579,0.0760,0.0861,0.2763,0.3066,209,180,0.149,0.420
2026-08-08,823102,0.2905,0.3030,0.2276,0.2365,0.0950,0.0697,0.2754,0.2792,18,191,-0.315,0.684
2026-08-08,823188,0.3272,0.2869,0.2202,0.2534,0.0857,0.0883,0.2675,0.3120,29,148,0.406,0.822
2026-08-08,823267,0.2929,0.2774,0.2476,0.2736,0.0914,0.1141,0.2806,0.3162,87,161,0.272,0.569
2026-08-08,823348,0.3108,0.3206,0.2405,0.2503,0.0923,0.1149,0.2878,0.2823,3,92,0.323,-0.053
2026-08-08,823426,0.3505,0.2842,0.2289,0.2572,0.0967,0.0753,0.2805,0.3088,103,181,0.242,0.576
2026-08-08,823514,0.2776,0.3028,0.3030,0.2369,0.0740,0.0877,0.3235,0.2778,177,88,0.313,-0.020
2026-08-08,823752,0.3062,0.2695,0.2757,0.2560,0.1100,0.1190,0.2799,0.2814,204,63,0.450,0.410
2026-08-08,823834,0.2795,0.3202,0.2746,0.2271,0.1157,0.0654,0.2911,0.2850,68,176,0.454,-0.128
2026-08-08,824079,0.2944,0.3677,0.2228,0.2039,0.1215,0.0902,0.2891,0.2838,113,215,-0.021,0.176
2026-08-08,824565,0.3161,0.3201,0.2928,0.2378,0.1184,0.0909,0.3025,0.2887,198,92,0.543,0.424
2026-08-08,824726,0.3112,0.2697,0.2335,0.2490,0.0787,0.0873,0.2836,0.2874,52,41,0.129,0.700
2026-08-08,825049,0.2934,0.3258,0.2432,0.2091,0.0992,0.0778,0.2963,0.2742,182,176,0.441,0.523
2026-08-09,822700,0.3214,0.3125,0.2569,0.2220,0.1148,0.1067,0.3131,0.2615,226,49,0.485,0.114
2026-08-09,822862,0.3291,0.3640,0.2580,0.2069,0.0962,0.0981,0.2937,0.2666,92,135,0.334,0.367
2026-08-09,823020,0.3163,0.3596,0.2382,0.1687,0.0828,0.0663,0.2802,0.2636,199,127,0.468,0.741
2026-08-09,823104,0.3036,0.3227,0.2953,0.2394,0.0907,0.0721,0.3235,0.2920,39,139,0.235,0.349
2026-08-09,823190,0.3237,0.3115,0.1922,0.2589,0.1073,0.0730,0.2708,0.3069,59,212,0.621,0.411
2026-08-09,823268,0.3204,0.3369,0.2268,0.1721,0.1089,0.0991,0.2848,0.2627,51,181,0.031,0.268
2026-08-09,823345,0.3163,0.2855,0.2692,0.3224,0.1083,0.0814,0.2912,0.3137,120,97,0.972,1.123
2026-08-09,823425,0.3613,0.2617,0.2260,0.2761,0.1444,0.0712,0.2868,0.3098,58,180,0.264,0.490
2026-08-09,823513,0.2965,0.2993,0.2837,0.3215,0.0839,0.0716,0.3108,0.3248,147,125,0.231,0.536
2026-08-09,823751,0.3103,0.2678,0.2378,0.3997,0.1207,0.1035,0.2795,0.3604,71,116,0.204,1.105
2026-08-09,823835,0.3507,0.3279,0.1905,0.2203,0.1073,0.1049,0.2712,0.2730,100,85,0.161,0.155
2026-08-09,824078,0.3027,0.3189,0.2457,0.2125,0.0841,0.1028,0.2884,0.2820,137,16,0.665,-0.319
2026-08-09,824564,0.2962,0.3117,0.2634,0.2409,0.0893,0.0822,0.3120,0.2739,144,171,0.559,0.286
2026-08-09,824724,0.3436,0.3067,0.2494,0.2409,0.1327,0.1082,0.2900,0.2834,145,14,-0.134,-0.018
2026-08-09,825050,0.3344,0.3515,0.2185,0.2171,0.1008,0.0890,0.2858,0.2540,87,193,0.111,0.213
2026-08-10,822780,0.2798,0.3042,0.2760,0.2378,0.0758,0.0761,0.3090,0.2840,206,164,0.172,0.404
2026-08-10,823018,0.3877,0.3184,0.1997,0.2338,0.1175,0.0763,0.2522,0.2931,66,48,0.358,0.424
2026-08-10,823189,0.3435,0.3234,0.2026,0.2073,0.1065,0.0956,0.2752,0.2873,41,11,0.553,-0.204
2026-08-10,823265,0.2828,0.3108,0.3439,0.2356,0.0862,0.0888,0.3138,0.2925,49,168,0.446,0.202
2026-08-10,823675,0.2834,0.3340,0.2553,0.2005,0.0731,0.0756,0.3022,0.2858,158,149,0.906,-0.100
2026-08-10,823918,0.3166,0.2787,0.2144,0.2868,0.1068,0.0575,0.2774,0.3211,146,172,0.298,-0.083
2026-08-10,823998,0.3352,0.2991,0.2775,0.2758,0.1040,0.1051,0.2776,0.2923,240,124,0.165,0.161
2026-08-10,824887,0.2986,0.3301,0.2743,0.2202,0.0930,0.1197,0.2974,0.2833,84,183,0.505,0.194
2026-08-10,824969,0.2889,0.2898,0.2816,0.2234,0.1011,0.1585,0.2877,0.2826,227,112,-0.048,0.307
2026-08-10,825048,0.3108,0.3228,0.2549,0.2067,0.0941,0.1139,0.2918,0.2701,23,119,0.328,0.093
2026-08-11,822697,0.3043,0.3848,0.2824,0.2144,0.0716,0.1265,0.2983,0.2799,194,213,0.343,0.704
2026-08-11,822778,0.3072,0.3056,0.2758,0.3030,0.1299,0.1036,0.3074,0.3000,60,219,-0.004,-0.173
2026-08-11,823019,0.3079,0.3384,0.2439,0.1595,0.0574,0.1062,0.3071,0.2721,224,204,-0.091,0.058
2026-08-11,823186,0.2849,0.3555,0.2754,0.2460,0.0982,0.1285,0.3078,0.2931,171,38,0.488,0.409
2026-08-11,823264,0.3318,0.3348,0.2492,0.2176,0.0938,0.1188,0.2852,0.2676,125,192,0.213,0.365
2026-08-11,823512,0.2966,0.3247,0.2670,0.2451,0.0699,0.0780,0.3180,0.3046,202,142,0.139,0.267
2026-08-11,823673,0.3144,0.3089,0.2027,0.2056,0.0896,0.0801,0.2743,0.2815,116,179,0.265,0.562
2026-08-11,823832,0.2801,0.3063,0.3138,0.2767,0.0927,0.0878,0.3083,0.3023,203,131,0.348,0.076
2026-08-11,823917,0.2835,0.2868,0.2167,0.2765,0.0665,0.1032,0.2822,0.3116,206,62,0.116,0.046
2026-08-11,823997,0.3207,0.3556,0.2537,0.2071,0.0766,0.1384,0.3111,0.2845,37,47,0.102,0.286
2026-08-11,824240,0.3155,0.2964,0.2403,0.2522,0.0897,0.0946,0.2940,0.2961,221,12,0.682,0.111
2026-08-11,824563,0.3100,0.3229,0.2625,0.2558,0.0984,0.0916,0.3056,0.2928,146,146,0.432,-0.164
2026-08-11,824886,0.2967,0.3441,0.2776,0.1832,0.1261,0.1203,0.2962,0.2788,118,140,0.795,0.194
2026-08-11,824970,0.3075,0.3184,0.2002,0.2181,0.0874,0.1083,0.2715,0.2669,172,21,0.129,0.275
2026-08-11,825046,0.3832,0.3288,0.2005,0.2161,0.0655,0.1168,0.2568,0.2705,172,24,0.080,-0.071
2026-08-12,822698,0.3101,,0.2456,,0.1125,,0.2848,,175,,0.380,
2026-08-12,822779,0.2901,0.3123,0.2867,0.2476,0.0856,0.1141,0.2858,0.3029,183,204,0.128,0.160
2026-08-12,823017,0.2450,0.2998,0.3118,0.2766,0.0635,0.1063,0.3036,0.3004,168,89,0.804,0.384
2026-08-12,823187,,0.3956,,0.1788,,0.1237,,0.2652,,136,,0.280
2026-08-12,823263,0.3188,0.3077,0.2428,0.2378,0.1127,0.1209,0.2897,0.2683,155,181,0.690,0.123
2026-08-12,823511,0.2808,0.3130,0.2317,0.2978,0.0820,0.0845,0.2650,0.2993,137,183,0.635,0.783
2026-08-12,823672,0.3210,0.3458,0.2352,0.2472,0.0891,0.0859,0.2817,0.2871,199,127,-0.094,0.141
2026-08-12,823833,0.3010,0.3140,0.2034,0.1953,0.0807,0.0706,0.2836,0.2567,69,102,0.045,0.027
2026-08-12,823916,0.3298,0.3232,0.2371,0.2308,0.1195,0.0746,0.2892,0.2828,17,104,-0.256,0.077
2026-08-12,823994,0.3211,0.3273,0.2019,0.2228,0.0833,0.1144,0.2635,0.2699,133,17,0.065,-0.031
2026-08-12,824241,0.3008,0.3203,0.2830,0.2096,0.0821,0.1124,0.2993,0.2875,96,234,0.276,0.103
2026-08-12,824562,0.3638,0.3129,0.2091,0.2267,0.1092,0.0828,0.2731,0.2659,98,197,0.088,-0.062
2026-08-12,824883,0.3243,0.3071,0.2191,0.2345,0.0849,0.1039,0.2750,0.2863,32,132,0.239,0.202
2026-08-12,824967,0.2971,0.3397,0.2596,0.2648,0.0741,0.1016,0.2923,0.3168,167,62,0.255,-0.090
2026-08-12,825047,0.3606,0.3657,0.1887,0.2105,0.1031,0.1052,0.2830,0.2716,135,193,0.243,0.606
2026-08-13,822696,0.3266,0.2834,0.2184,0.2354,0.0839,0.0981,0.2949,0.3049,231,132,-0.029,0.405
2026-08-13,822776,0.3090,0.3481,0.2605,0.2294,0.0796,0.0944,0.2911,0.2814,83,107,0.687,0.245
2026-08-13,823508,0.2972,0.3034,0.3058,0.2339,0.0616,0.1034,0.3105,0.2718,205,181,0.938,0.290
2026-08-13,823669,0.2860,0.3091,0.2571,0.2723,0.0740,0.1145,0.3076,0.2790,185,211,0.587,0.419
2026-08-13,823829,0.2937,0.3543,0.3091,0.1909,0.0745,0.0789,0.3137,0.3067,109,73,0.540,-0.055
2026-08-13,823915,0.2878,0.3211,0.2514,0.2183,0.1055,0.0918,0.2938,0.2707,52,99,0.516,0.078
2026-08-13,823995,0.3443,0.2798,0.2796,0.2684,0.0751,0.1131,0.3013,0.2875,174,71,0.433,0.463
2026-08-13,824238,0.3012,0.2827,0.2594,0.2051,0.0814,0.0711,0.2899,0.2938,105,123,-0.016,-0.027
2026-08-13,824561,0.3156,0.3142,0.2012,0.2390,0.1058,0.0843,0.2693,0.2758,221,177,0.378,0.288
2026-08-14,822777,0.3015,0.3522,0.2388,0.2369,0.0860,0.1408,0.2757,0.2912,91,61,-0.042,0.282
2026-08-14,822942,0.3352,0.3718,0.2167,0.2127,0.1030,0.1036,0.2826,0.2863,179,64,0.267,-0.343
2026-08-14,823185,0.3443,0.2853,0.1888,0.2498,0.0744,0.0871,0.2783,0.3114,215,151,0.158,0.831
2026-08-14,823346,0.2666,0.3211,0.2515,0.2455,0.0848,0.1126,0.2891,0.2830,44,95,0.775,-0.055
2026-08-14,823591,0.2941,0.3193,0.2505,0.2275,0.0785,0.1101,0.2977,0.2843,40,11,-0.010,0.682
2026-08-14,823913,0.2765,0.2937,0.2538,0.2383,0.1144,0.1012,0.2836,0.2953,68,187,0.457,0.449
2026-08-14,823993,0.3640,0.3543,0.2017,0.1933,0.0893,0.1141,0.2814,0.2705,218,108,0.173,0.098
2026-08-14,824159,0.2999,0.2941,0.2377,0.2510,0.0689,0.1009,0.2799,0.2801,194,93,0.682,0.267
2026-08-14,824237,0.3195,0.3226,0.2615,0.2239,0.1045,0.0830,0.2864,0.2639,19,32,-0.605,0.438
2026-08-14,824399,0.2739,0.3133,0.2764,0.2971,0.1116,0.1170,0.3163,0.3033,166,201,0.600,0.532
2026-08-14,824479,0.3161,0.2716,0.2326,0.3298,0.0646,0.1158,0.2866,0.3104,179,106,-0.104,0.368
2026-08-14,824643,0.3411,0.3037,0.2537,0.2178,0.0888,0.1187,0.3045,0.2859,184,117,0.447,0.010
2026-08-14,824882,0.3261,0.2773,0.2065,0.2992,0.0810,0.0731,0.2725,0.3213,179,180,0.527,0.321
2026-08-14,824968,0.3632,0.3223,0.2096,0.2386,0.0947,0.0832,0.2680,0.2789,142,58,0.367,0.193
2026-08-15,822775,0.2957,0.3141,0.3270,0.2441,0.0705,0.1161,0.3276,0.3007,128,33,0.530,-0.023
2026-08-15,822941,0.2878,0.3100,0.3056,0.2907,0.0958,0.0864,0.3173,0.3208,112,44,1.030,0.203
2026-08-15,823184,0.3159,0.3101,0.2328,0.2560,0.0847,0.0722,0.2785,0.3071,205,215,0.477,0.425
2026-08-15,823347,0.2767,0.2878,0.2766,0.3087,0.0750,0.0901,0.3079,0.3073,209,104,0.172,1.117
2026-08-15,823588,0.3040,0.3104,0.2428,0.2742,0.1039,0.1060,0.2627,0.2938,52,124,0.099,0.980
2026-08-15,823671,0.2593,0.3123,0.2809,0.2455,0.0704,0.1172,0.3122,0.2855,183,75,0.490,0.229
2026-08-15,823914,0.2632,0.3468,0.4042,0.2151,0.1018,0.1092,0.3650,0.2862,119,94,1.126,0.159
2026-08-15,823990,0.3043,0.2979,0.2091,0.2766,0.0953,0.1034,0.2773,0.2946,22,127,-0.356,0.192
2026-08-15,824157,0.3211,0.3376,0.2421,0.2043,0.0700,0.1120,0.2891,0.2787,145,45,0.376,0.581
2026-08-15,824239,0.3161,0.3200,0.2381,0.1956,0.0886,0.1047,0.2913,0.2718,96,62,0.414,0.549
2026-08-15,824400,0.3251,0.2977,0.2341,0.2702,0.0899,0.0867,0.2799,0.3112,16,150,0.571,0.586
2026-08-15,824480,0.3255,0.3211,0.2263,0.2534,0.1081,0.1167,0.2795,0.3125,90,230,0.160,0.464
2026-08-15,824644,0.3603,0.2981,0.1695,0.2520,0.0645,0.0828,0.2629,0.2929,132,140,0.742,0.684
2026-08-15,824884,0.3475,0.2934,0.2223,0.2843,0.0879,0.0827,0.2549,0.3123,196,150,0.201,0.233
2026-08-15,824966,0.3349,0.3430,0.2771,0.2458,0.1027,0.1308,0.2799,0.2907,244,148,0.162,-0.117
2026-08-16,822774,0.3241,0.3031,0.2452,0.3069,0.0813,0.1025,0.3033,0.3017,146,222,0.282,-0.163
2026-08-16,822940,0.2844,0.2935,0.2552,0.2793,0.0763,0.1024,0.3009,0.2866,162,233,0.925,-0.055
2026-08-16,823182,0.3382,0.3201,0.2462,0.2068,0.1091,0.0895,0.2944,0.2881,30,16,0.308,-0.066
2026-08-16,823344,0.3076,0.3036,0.2772,0.2431,0.1268,0.1246,0.3086,0.2800,63,19,-0.033,-0.070
2026-08-16,823590,0.3807,0.2981,0.2157,0.2814,0.1251,0.0954,0.2775,0.3004,216,91,0.708,0.483
2026-08-16,823670,0.3821,0.3387,0.2089,0.1977,0.1217,0.0746,0.2559,0.2853,70,152,0.372,-0.081
2026-08-16,823912,0.2801,0.2798,0.3347,0.2819,0.0840,0.0566,0.3133,0.3202,52,176,0.459,-0.075
2026-08-16,823991,0.3142,0.3629,0.2103,0.1961,0.1096,0.1400,0.2762,0.2776,150,53,0.306,0.298
2026-08-16,824156,0.3002,0.2836,0.2658,0.2718,0.0723,0.0970,0.3129,0.3068,207,174,0.177,0.483
2026-08-16,824236,0.3203,0.3015,0.2569,0.2520,0.0903,0.0897,0.2940,0.2987,149,16,-0.167,0.108
2026-08-16,824397,0.3094,0.3121,0.2401,0.2413,0.0874,0.0888,0.2960,0.2943,172,224,0.207,0.682
2026-08-16,824477,0.3014,0.3139,0.2878,0.2575,0.0865,0.0965,0.3062,0.3044,134,150,0.068,0.418
2026-08-16,824642,0.3244,0.3011,0.2344,0.2707,0.0916,0.0716,0.2892,0.3039,52,146,0.394,0.197
2026-08-16,824880,0.3211,0.3346,0.2087,0.2154,0.1121,0.1189,0.2695,0.2805,122,193,0.117,0.156
2026-08-16,824965,0.3289,0.2976,0.2436,0.2240,0.0835,0.1549,0.3083,0.2844,41,116,0.067,0.358
2026-08-17,822939,0.3126,0.2935,0.2037,0.2711,0.0932,0.0790,0.2739,0.3194,120,77,0.285,0.154
2026-08-17,823343,0.3226,0.3032,0.2088,0.2047,0.1168,0.0858,0.2870,0.2814,240,73,0.108,0.007
2026-08-17,823427,0.3133,0.3062,0.1905,0.2448,0.0750,0.0568,0.2537,0.3067,106,227,0.014,-0.104
2026-08-17,823589,0.3386,0.2958,0.2142,0.2729,0.1169,0.1240,0.2661,0.2938,196,121,0.360,0.785
2026-08-17,823668,0.3443,0.3165,0.1804,0.2038,0.1186,0.0819,0.2789,0.2795,143,186,0.214,0.568
2026-08-17,824077,0.3249,0.2831,0.2030,0.2172,0.1009,0.0656,0.2652,0.2819,27,210,0.300,0.098
2026-08-17,824320,0.2797,0.3884,0.2938,0.1996,0.1008,0.0639,0.3174,0.2569,65,178,0.060,0.074
2026-08-17,824478,0.3371,0.3594,0.1602,0.2051,0.1079,0.1072,0.2707,0.2710,209,101,0.069,0.072
2026-08-17,824641,0.3086,0.3031,0.2308,0.2846,0.0815,0.0703,0.2677,0.2968,201,199,-0.049,0.356
2026-08-17,824725,0.3207,,0.2200,,0.1128,,0.2756,,27,,-0.026,
2026-08-18,822859,0.3183,0.3209,0.2636,0.2027,0.1203,0.0817,0.2882,0.2643,5,137,,0.079
2026-08-18,822938,0.3098,0.3046,0.2484,0.2018,0.1129,0.0863,0.3042,0.2720,207,175,0.167,0.132
2026-08-18,823341,0.2819,0.2929,0.2005,0.3094,0.0696,0.0790,0.2920,0.3135,127,112,-0.032,0.543
2026-08-18,823423,0.3208,0.2417,0.2287,0.3207,0.0942,0.0627,0.2843,0.3058,2,171,,0.790
2026-08-18,823586,0.3077,0.3162,0.2348,0.2097,0.1194,0.0814,0.2672,0.2677,184,36,0.118,0.262
2026-08-18,823667,0.3081,0.3429,0.2296,0.2511,0.1018,0.0889,0.2824,0.2880,136,132,0.213,0.137
2026-08-18,823749,0.2794,0.3315,0.2381,0.2438,0.0808,0.0919,0.2657,0.2840,140,129,0.639,0.218
2026-08-18,824075,0.3253,0.3172,0.2175,0.2654,0.1092,0.1151,0.2661,0.2957,15,20,-0.205,-0.158
2026-08-18,824154,0.3234,0.3167,0.2239,0.2187,0.1089,0.1051,0.2691,0.2874,21,55,-0.005,0.097
2026-08-18,824319,0.3235,0.3563,0.2297,0.1839,0.0784,0.1005,0.2839,0.2818,109,140,0.123,0.257
2026-08-18,824398,0.3581,0.3021,0.2412,0.2786,0.1403,0.0791,0.2921,0.2981,44,102,0.463,0.267
2026-08-18,824475,0.2938,0.3171,0.2841,0.2011,0.1042,0.1040,0.3013,0.2691,92,226,0.406,0.382
2026-08-18,824639,0.2989,0.3258,0.2267,0.2195,0.0852,0.0831,0.2994,0.2966,20,234,-0.138,-0.029
2026-08-18,824723,0.3622,0.2891,0.2080,0.2872,0.1040,0.0846,0.2701,0.2875,196,186,0.608,0.121
2026-08-18,824803,0.3096,0.3195,0.2545,0.2298,0.0842,0.0909,0.3036,0.2797,166,205,-0.325,-0.117
2026-08-19,822860,0.2798,0.3616,0.2368,0.2120,0.0966,0.1011,0.3047,0.2665,135,149,0.397,0.350
2026-08-19,822937,0.3452,0.2958,0.2284,0.2594,0.0975,0.0729,0.2824,0.2930,112,171,0.268,0.247
2026-08-19,823342,0.3273,0.2838,0.2304,0.3128,0.0983,0.0913,0.2701,0.3059,38,207,0.524,0.335
2026-08-19,823424,0.3182,0.2867,0.2287,0.2559,0.0676,0.0726,0.2832,0.3067,183,190,-0.134,0.585
2026-08-19,823587,0.2758,0.3277,0.2727,0.2254,0.1145,0.1029,0.3164,0.2813,169,16,0.585,0.730
2026-08-19,823664,0.3781,0.3126,0.2130,0.2644,0.0986,0.1184,0.2913,0.2764,29,219,0.324,0.406
2026-08-19,823748,0.2986,0.3189,0.3060,0.2439,0.0609,0.1112,0.3095,0.2910,208,158,0.932,0.698
2026-08-19,824076,0.3472,0.3613,0.1903,0.2030,0.1182,0.0883,0.2777,0.2823,199,221,0.652,0.171
2026-08-19,824155,0.2757,,0.2657,,0.1163,,0.2827,,76,,0.524,
2026-08-19,824318,0.3213,0.3451,0.2128,0.1903,0.0957,0.0736,0.2708,0.2800,103,218,0.109,0.157
2026-08-19,824394,,0.2968,,0.2606,,0.0800,,0.2896,,108,,-0.063
2026-08-19,824476,0.3389,0.2715,0.2505,0.3238,0.0878,0.1137,0.3032,0.3097,187,109,0.446,0.359
2026-08-19,824640,0.3128,0.3006,0.2727,0.2140,0.1116,0.1168,0.2903,0.2865,23,120,-0.435,0.042
2026-08-19,824722,0.3210,0.3068,0.2112,0.2515,0.0797,0.0837,0.2749,0.2899,183,88,0.531,0.654
2026-08-19,824801,0.3136,0.3357,0.2905,0.2213,0.0825,0.1013,0.2979,0.2814,189,183,0.789,0.275
2026-08-20,822861,0.2971,0.3428,0.2429,0.2820,0.0762,0.0778,0.2966,0.3020,43,179,-0.046,0.435
2026-08-20,822934,0.3452,0.3037,0.2471,0.2917,0.1374,0.0840,0.2941,0.3219,64,47,0.297,0.172
2026-08-20,823747,0.2988,0.2814,0.2339,0.2423,0.0678,0.1093,0.2792,0.2818,198,74,0.693,0.438
2026-08-20,824074,0.3235,0.3009,0.2268,0.2108,0.0953,0.0909,0.2760,0.2802,64,26,0.167,-0.332
2026-08-20,824153,0.3497,0.2923,0.1898,0.2413,0.1121,0.0971,0.2688,0.2779,111,99,0.105,0.259
2026-08-20,824395,0.2855,0.3126,0.2508,0.2914,0.0859,0.1186,0.3105,0.3027,154,206,0.847,0.558
2026-08-20,824474,0.3571,0.3200,0.1719,0.2490,0.0635,0.1181,0.2657,0.3114,135,235,0.743,0.455
2026-08-20,824802,0.3017,0.2888,0.2340,0.3042,0.0908,0.0936,0.2748,0.3147,94,116,-0.068,1.032
2026-08-21,822857,0.3002,0.3343,0.2774,0.2790,0.1018,0.1042,0.2937,0.2823,130,249,0.198,0.163
2026-08-21,823101,0.3096,0.3206,0.2494,0.2434,0.0901,0.0724,0.2903,0.2908,146,152,0.695,0.368
2026-08-21,823262,0.3071,0.3369,0.2545,0.1699,0.1146,0.0979,0.2890,0.2625,78,184,0.240,0.236
2026-08-21,823420,0.3165,0.2552,0.2454,0.2884,0.0892,0.0692,0.2921,0.3154,55,187,0.403,0.489
2026-08-21,823510,0.3190,0.2940,0.2346,0.3236,0.1071,0.0738,0.2722,0.3287,13,133,-0.223,0.553
2026-08-21,823746,0.2791,0.2612,0.2970,0.3974,0.0716,0.1001,0.3178,0.3612,185,122,0.339,1.146
2026-08-21,823830,0.3114,0.3190,0.2367,0.2413,0.1315,0.1060,0.2555,0.2889,59,93,0.173,0.131
2026-08-21,823911,0.3166,0.2923,0.2454,0.2423,0.1098,0.1036,0.2845,0.2955,99,191,-0.111,0.453
2026-08-21,824072,0.3154,0.3099,0.2019,0.2072,0.1076,0.1081,0.2737,0.2773,68,153,0.559,0.286
2026-08-21,824152,0.3428,0.3298,0.2446,0.2076,0.1277,0.1089,0.2895,0.2791,153,48,-0.109,0.538
2026-08-21,824317,0.2960,0.3574,0.2697,0.2032,0.0898,0.0963,0.3132,0.2620,154,80,0.595,-0.003
2026-08-21,824559,0.3055,0.3206,0.2804,0.2531,0.1043,0.0890,0.2950,0.2957,127,152,0.982,-0.180
2026-08-21,824721,0.3078,0.2757,0.2568,0.2798,0.0715,0.0739,0.3059,0.3087,218,213,0.415,0.180
2026-08-21,824800,0.2948,0.2850,0.2763,0.2538,0.1048,0.0746,0.2862,0.3036,236,167,-0.061,0.890
2026-08-21,825045,0.3198,0.3528,0.2514,0.2172,0.0989,0.0859,0.3008,0.2529,155,202,0.426,0.205
2026-08-22,822858,0.3551,0.3314,0.1907,0.2458,0.1364,0.0811,0.2728,0.3073,56,44,0.325,0.094
2026-08-22,823100,0.3103,,0.2455,,0.1106,,0.2835,,179,,0.369,
2026-08-22,823261,0.3390,0.3081,0.1938,0.2359,0.0732,0.0859,0.2831,0.2931,156,176,-0.034,0.198
2026-08-22,823422,,0.3926,,0.1965,,0.1364,,0.2501,,78,,0.324
2026-08-22,823509,0.3005,0.3199,0.3059,0.2415,0.1011,0.0802,0.3028,0.3036,226,149,-0.175,0.289
2026-08-22,823743,0.3470,0.2767,0.1773,0.3401,0.1230,0.0811,0.2795,0.3140,152,56,0.177,0.445
2026-08-22,823831,0.3797,0.3005,0.2153,0.2833,0.1265,0.0903,0.2784,0.3026,221,137,0.711,0.053
2026-08-22,823910,0.2829,0.2776,0.3149,0.2801,0.0885,0.0554,0.3119,0.3182,107,181,1.092,-0.088
2026-08-22,824073,0.2942,0.2880,0.2514,0.2131,0.0853,0.0644,0.3000,0.2806,20,215,0.121,0.097
2026-08-22,824151,0.2939,0.2852,0.2312,0.2660,0.1524,0.0950,0.2880,0.3028,119,179,0.398,0.469
2026-08-22,824316,0.3113,0.3307,0.2386,0.2433,0.0879,0.1034,0.2944,0.2951,227,35,0.708,0.356
2026-08-22,824560,0.3000,0.3181,0.2822,0.2247,0.0935,0.0794,0.3025,0.2690,94,208,0.533,-0.048
2026-08-22,824718,0.3276,0.3168,0.1984,0.2718,0.0988,0.1209,0.2917,0.3095,19,69,-0.071,-0.080
2026-08-22,824798,0.2917,0.3135,0.2651,0.1991,0.0773,0.0967,0.3182,0.2741,80,124,0.145,0.284
2026-08-22,825044,0.3562,0.3165,0.2000,0.2105,0.1107,0.1103,0.2697,0.2680,105,125,0.042,0.126
