date,game_pk,away_value,home_value
2024-04-01,744875,923.8,403.0
2024-04-01,745109,926.4,0.0
2024-04-01,745277,679.9,0.0
2024-04-01,745437,113.2,0.0
2024-04-01,745600,500.9,0.0
2024-04-01,745675,679.9,0.0
2024-04-01,745842,718.8,0.0
2024-04-01,746085,956.2,0.0
2024-04-01,746170,113.2,0.0
2024-04-01,746409,781.1,0.0
2024-04-01,746817,664.2,0.0
2024-04-01,746899,1451.5,818.9
2024-04-01,747058,955.2,0.0
2024-04-01,747218,1014.6,0.0
2024-04-02,745111,0.0,0.0
2024-04-02,745273,0.0,0.0
2024-04-02,745439,0.0,0.0
2024-04-02,745598,0.0,0.0
2024-04-02,745680,0.0,0.0
2024-04-02,745844,0.0,0.0
2024-04-02,746009,436.3,742.3
2024-04-02,746086,0.0,0.0
2024-04-02,746169,0.0,0.0
2024-04-02,746411,0.0,0.0
2024-04-02,746814,0.0,0.0
2024-04-02,746898,0.0,0.0
2024-04-02,747057,0.0,0.0
2024-04-02,747220,0.0,0.0
2024-04-03,744869,0.0,0.0
2024-04-03,745114,0.0,0.0
2024-04-03,745275,0.0,0.0
2024-04-03,745440,0.0,0.0
2024-04-03,745603,0.0,0.0
2024-04-03,745678,0.0,0.0
2024-04-03,745843,0.0,0.0
2024-04-03,746008,0.0,0.0
2024-04-03,746083,0.0,0.0
2024-04-03,746163,0.0,0.0
2024-04-03,746407,0.0,0.0
2024-04-03,746816,0.0,0.0
2024-04-03,746900,0.0,0.0
2024-04-03,747059,0.0,0.0
2024-04-03,747219,0.0,0.0
2024-04-04,744870,0.0,0.0
2024-04-04,745200,1060.3,1561.5
2024-04-04,745843,0.0,0.0
2024-04-04,745844,0.0,0.0
2024-04-04,745928,1390.7,296.2
2024-04-04,746327,407.8,955.2
2024-04-05,744874,121.5,0.0
2024-04-05,745033,230.5,926.4
2024-04-05,745361,458.0,345.5
2024-04-05,745524,196.6,193.0
2024-04-05,745764,1424.3,2143.9
2024-04-05,746007,1684.8,0.0
2024-04-05,746249,364.8,2311.8
2024-04-05,746328,0.0,0.0
2024-04-05,746497,2076.4,488.0
2024-04-05,746576,1520.6,917.1
2024-04-05,746733,576.0,500.9
2024-04-05,746897,1740.8,0.0
2024-04-05,747143,1582.6,575.0
2024-04-06,744873,0.0,0.0
2024-04-06,745031,0.0,0.0
2024-04-06,745197,0.0,0.0
2024-04-06,745359,0.0,0.0
2024-04-06,745522,0.0,0.0
2024-04-06,745766,0.0,0.0
2024-04-06,745926,0.0,0.0
2024-04-06,746006,0.0,0.0
2024-04-06,746248,0.0,0.0
2024-04-06,746329,0.0,0.0
2024-04-06,746498,0.0,0.0
2024-04-06,746575,0.0,0.0
2024-04-06,746731,0.0,0.0
2024-04-06,746896,0.0,0.0
2024-04-06,747140,0.0,0.0
2024-04-07,744871,0.0,0.0
2024-04-07,745032,0.0,0.0
2024-04-07,745198,0.0,0.0
2024-04-07,745362,0.0,0.0
2024-04-07,745523,0.0,0.0
2024-04-07,745765,0.0,0.0
2024-04-07,745927,0.0,0.0
2024-04-07,746003,0.0,0.0
2024-04-07,746251,0.0,0.0
2024-04-07,746330,0.0,0.0
2024-04-07,746493,0.0,0.0
2024-04-07,746574,0.0,0.0
2024-04-07,746734,0.0,0.0
2024-04-07,746895,0.0,0.0
2024-04-07,747141,0.0,0.0
2024-04-08,744956,433.2,340.2
2024-04-08,745034,0.0,0.0
2024-04-08,745194,710.1,0.0
2024-04-08,745363,2435.3,0.0
2024-04-08,745432,1731.3,458.0
2024-04-08,745520,204.8,0.0
2024-04-08,745761,876.4,0.0
2024-04-08,745925,351.2,0.0
2024-04-08,746252,822.2,0.0
2024-04-08,746569,1202.1,0.0
2024-04-08,746654,694.6,630.5
2024-04-08,746735,326.0,0.0
2024-04-08,747142,359.8,0.0
2024-04-09,744957,0.0,0.0
2024-04-09,745030,1012.7,0.0
2024-04-09,745195,0.0,0.0
2024-04-09,745357,0.0,0.0
2024-04-09,745433,0.0,0.0
2024-04-09,745517,0.0,0.0
2024-04-09,745762,0.0,0.0
2024-04-09,745924,0.0,0.0
2024-04-09,746250,0.0,0.0
2024-04-09,746326,459.3,0.0
2024-04-09,746571,0.0,0.0
2024-04-09,746653,0.0,0.0
2024-04-09,746732,0.0,0.0
2024-04-09,746981,479.8,2578.5
2024-04-09,747138,0.0,0.0
2024-04-10,744950,0.0,0.0
2024-04-10,745024,0.0,0.0
2024-04-10,745196,0.0,0.0
2024-04-10,745355,0.0,0.0
2024-04-10,745429,0.0,0.0
2024-04-10,745763,0.0,0.0
2024-04-10,745923,0.0,0.0
2024-04-10,746247,0.0,0.0
2024-04-10,746323,0.0,0.0
2024-04-10,746573,0.0,0.0
2024-04-10,746655,0.0,0.0
2024-04-10,746728,0.0,0.0
2024-04-10,746980,0.0,0.0
2024-04-10,747139,0.0,0.0
2024-04-11,745029,0.0,0.0
2024-04-11,745601,258.2,807.7
2024-04-11,746322,0.0,0.0
2024-04-11,746490,542.5,204.8
2024-04-11,746730,0.0,0.0
2024-04-11,746977,0.0,0.0
2024-04-11,747137,0.0,0.0
2024-04-12,744954,1342.3,0.0
2024-04-12,745112,2390.0,2121.6
2024-04-12,745274,1063.5,2066.3
2024-04-12,745596,0.0,0.0
2024-04-12,745679,10.5,1453.9
2024-04-12,745838,1097.5,751.1
2024-04-12,746084,615.5,1100.8
2024-04-12,746162,113.2,1519.9
2024-04-12,746408,230.5,644.1
2024-04-12,746491,542.5,204.8
2024-04-12,746656,406.1,0.0
2024-04-12,746812,250.3,307.9
2024-04-12,746978,2578.5,0.0
2024-04-12,747055,422.3,358.0
2024-04-12,747217,1269.9,586.1
2024-04-13,744953,0.0,0.0
2024-04-13,745110,0.0,0.0
2024-04-13,745272,0.0,0.0
2024-04-13,745594,0.0,0.0
2024-04-13,745676,0.0,0.0
2024-04-13,745839,0.0,0.0
2024-04-13,746082,0.0,0.0
2024-04-13,746161,0.0,0.0
2024-04-13,746405,0.0,0.0
2024-04-13,746489,0.0,0.0
2024-04-13,746490,0.0,0.0
2024-04-13,746656,406.1,0.0
2024-04-13,746658,406.1,0.0
2024-04-13,746811,0.0,0.0
2024-04-13,746979,0.0,0.0
2024-04-13,747054,0.0,0.0
2024-04-13,747215,0.0,0.0
2024-04-14,744952,0.0,0.0
2024-04-14,745113,0.0,0.0
2024-04-14,745271,0.0,0.0
2024-04-14,745595,0.0,0.0
2024-04-14,745681,0.0,0.0
2024-04-14,745841,0.0,0.0
2024-04-14,746079,0.0,0.0
2024-04-14,746164,0.0,0.0
2024-04-14,746404,0.0,0.0
2024-04-14,746492,0.0,0.0
2024-04-14,746648,0.0,0.0
2024-04-14,746810,0.0,0.0
2024-04-14,746975,0.0,0.0
2024-04-14,747056,0.0,0.0
2024-04-14,747216,0.0,0.0
2024-04-15,744951,188.7,0.0
2024-04-15,745106,1198.2,0.0
2024-04-15,745268,1734.2,0.0
2024-04-15,745597,337.5,0.0
2024-04-15,745677,641.9,0.0
2024-04-15,745840,91.1,0.0
2024-04-15,746002,1737.1,643.9
2024-04-15,746080,203.6,0.0
2024-04-15,746158,337.1,0.0
2024-04-15,746406,964.4,0.0
2024-04-15,746488,1105.8,0.0
2024-04-15,746813,718.8,0.0
2024-04-15,746974,547.1,0.0
2024-04-15,747053,396.7,0.0
2024-04-15,747213,1114.0,0.0
2024-04-16,744944,0.0,0.0
2024-04-16,745108,0.0,0.0
2024-04-16,745270,0.0,0.0
2024-04-16,745593,0.0,0.0
2024-04-16,745674,0.0,0.0
2024-04-16,745837,0.0,0.0
2024-04-16,746004,0.0,0.0
2024-04-16,746081,0.0,0.0
2024-04-16,746157,0.0,0.0
2024-04-16,746400,0.0,0.0
2024-04-16,746486,0.0,0.0
2024-04-16,746809,0.0,0.0
2024-04-16,746976,0.0,0.0
2024-04-16,747051,0.0,0.0
2024-04-16,747214,0.0,0.0
2024-04-17,744948,0.0,0.0
2024-04-17,745105,0.0,0.0
2024-04-17,745267,0.0,0.0
2024-04-17,745591,0.0,0.0
2024-04-17,745671,0.0,0.0
2024-04-17,745836,0.0,0.0
2024-04-17,746005,0.0,0.0
2024-04-17,746076,0.0,0.0
2024-04-17,746159,0.0,0.0
2024-04-17,746401,0.0,0.0
2024-04-17,746487,0.0,0.0
2024-04-17,746807,0.0,0.0
2024-04-17,746809,0.0,0.0
2024-04-17,746973,0.0,0.0
2024-04-17,747049,0.0,0.0
2024-04-17,747212,0.0,0.0
2024-04-18,745104,0.0,0.0
2024-04-18,745356,652.0,2587.3
2024-04-18,746485,0.0,0.0
2024-04-18,746891,1194.7,1451.5
2024-04-18,746970,0.0,0.0
2024-04-19,744872,1218.4,2295.2
2024-04-19,745189,325.8,1730.5
2024-04-19,745352,0.0,0.0
2024-04-19,745430,2164.0,1732.7
2024-04-19,745518,479.8,323.8
2024-04-19,745592,664.2,0.0
2024-04-19,745758,1029.5,340.2
2024-04-19,745922,542.5,937.5
2024-04-19,746160,2452.9,0.0
2024-04-19,746325,955.2,407.8
2024-04-19,746572,1018.2,1575.2
2024-04-19,746650,2151.8,547.1
2024-04-19,746729,790.0,1967.2
2024-04-19,746892,1194.7,1451.5
2024-04-19,747136,588.8,699.6
2024-04-20,744865,0.0,0.0
2024-04-20,745190,0.0,0.0
2024-04-20,745354,0.0,0.0
2024-04-20,745431,0.0,0.0
2024-04-20,745515,0.0,0.0
2024-04-20,745590,0.0,0.0
2024-04-20,745760,0.0,0.0
2024-04-20,745921,0.0,0.0
2024-04-20,746156,0.0,0.0
2024-04-20,746324,0.0,0.0
2024-04-20,746570,1018.2,1575.2
2024-04-20,746651,0.0,0.0
2024-04-20,746726,0.0,0.0
2024-04-20,746891,0.0,0.0
2024-04-20,746893,0.0,0.0
2024-04-20,747135,0.0,0.0
2024-04-21,744866,0.0,0.0
2024-04-21,745192,0.0,0.0
2024-04-21,745353,0.0,0.0
2024-04-21,745434,0.0,0.0
2024-04-21,745514,0.0,0.0
2024-04-21,745588,0.0,0.0
2024-04-21,745759,0.0,0.0
2024-04-21,745920,0.0,0.0
2024-04-21,746154,0.0,0.0
2024-04-21,746316,0.0,0.0
2024-04-21,746568,0.0,0.0
2024-04-21,746572,0.0,0.0
2024-04-21,746652,0.0,0.0
2024-04-21,746727,0.0,0.0
2024-04-21,746894,0.0,0.0
2024-04-21,747133,0.0,0.0
2024-04-22,745107,1325.3,1029.5
2024-04-22,745191,1740.2,0.0
2024-04-22,745351,345.5,0.0
2024-04-22,745519,556.9,0.0
2024-04-22,745757,406.1,0.0
2024-04-22,745916,985.1,0.0
2024-04-22,746242,1346.4,1879.7
2024-04-22,746319,1338.7,0.0
2024-04-22,746565,833.4,0.0
2024-04-22,746723,500.9,0.0
2024-04-22,747134,583.1,0.0
2024-04-23,744863,2295.2,0.0
2024-04-23,745026,654.2,732.3
2024-04-23,745102,0.0,0.0
2024-04-23,745193,0.0,0.0
2024-04-23,745348,0.0,0.0
2024-04-23,745516,0.0,0.0
2024-04-23,745754,0.0,0.0
2024-04-23,745917,0.0,0.0
2024-04-23,746246,0.0,0.0
2024-04-23,746321,0.0,0.0
2024-04-23,746566,0.0,0.0
2024-04-23,746647,113.7,0.0
2024-04-23,746722,0.0,0.0
2024-04-23,746888,598.6,0.0
2024-04-23,747130,0.0,0.0
2024-04-24,744864,0.0,0.0
2024-04-24,745028,0.0,0.0
2024-04-24,745099,0.0,0.0
2024-04-24,745188,0.0,0.0
2024-04-24,745346,0.0,0.0
2024-04-24,745513,0.0,0.0
2024-04-24,745753,0.0,0.0
2024-04-24,745919,0.0,0.0
2024-04-24,746244,0.0,0.0
2024-04-24,746317,0.0,0.0
2024-04-24,746567,0.0,0.0
2024-04-24,746649,0.0,0.0
2024-04-24,746725,0.0,0.0
2024-04-24,746889,0.0,0.0
2024-04-24,747132,0.0,0.0
2024-04-25,744867,0.0,0.0
2024-04-25,745027,0.0,0.0
2024-04-25,745512,0.0,0.0
2024-04-25,745755,0.0,0.0
2024-04-25,745918,0.0,0.0
2024-04-25,746320,0.0,0.0
2024-04-25,746564,0.0,0.0
2024-04-25,746646,0.0,0.0
2024-04-25,746724,0.0,0.0
2024-04-25,746887,0.0,0.0
2024-04-26,744949,351.9,843.0
2024-04-26,745025,828.1,0.0
2024-04-26,745269,1720.6,1669.0
2024-04-26,745347,2257.9,0.0
2024-04-26,745424,1869.1,833.4
2024-04-26,745835,880.2,2571.7
2024-04-26,746000,736.8,447.5
2024-04-26,746078,923.8,615.5
2024-04-26,746243,1515.2,0.0
2024-04-26,746482,639.8,1007.0
2024-04-26,746808,1011.3,357.2
2024-04-26,746972,847.3,547.1
2024-04-26,747050,178.1,2301.4
2024-04-26,747129,547.0,0.0
2024-04-27,744946,0.0,0.0
2024-04-27,745020,0.0,0.0
2024-04-27,745266,0.0,0.0
2024-04-27,745350,0.0,0.0
2024-04-27,745425,0.0,0.0
2024-04-27,745833,0.0,0.0
2024-04-27,745998,0.0,0.0
2024-04-27,746075,0.0,0.0
2024-04-27,746245,0.0,0.0
2024-04-27,746484,0.0,0.0
2024-04-27,746560,917.1,0.0
2024-04-27,746803,0.0,0.0
2024-04-27,746971,0.0,0.0
2024-04-27,747052,0.0,0.0
2024-04-27,747131,0.0,0.0
2024-04-28,744947,0.0,0.0
2024-04-28,745022,0.0,0.0
2024-04-28,745265,0.0,0.0
2024-04-28,745349,0.0,0.0
2024-04-28,745428,0.0,0.0
2024-04-28,745834,0.0,0.0
2024-04-28,746001,0.0,0.0
2024-04-28,746077,0.0,0.0
2024-04-28,746237,0.0,0.0
2024-04-28,746483,0.0,0.0
2024-04-28,746561,0.0,0.0
2024-04-28,746805,0.0,0.0
2024-04-28,746967,0.0,0.0
2024-04-28,747045,0.0,0.0
2024-04-28,747125,0.0,0.0
2024-04-29,744945,205.6,0.0
2024-04-29,745263,2168.6,0.0
2024-04-29,745427,1164.9,0.0
2024-04-29,745672,10.5,2439.9
2024-04-29,745832,179.6,0.0
2024-04-29,745999,84.6,0.0
2024-04-29,746074,0.0,0.0
2024-04-29,746236,86.4,0.0
2024-04-29,746481,488.0,0.0
2024-04-29,746804,1731.2,0.0
2024-04-29,747046,643.9,0.0
2024-04-29,747211,1886.1,1114.0
2024-04-30,744942,0.0,0.0
2024-04-30,745018,1122.9,0.0
2024-04-30,745260,0.0,0.0
2024-04-30,745426,0.0,0.0
2024-04-30,745673,0.0,0.0
2024-04-30,745831,0.0,0.0
2024-04-30,745997,0.0,0.0
2024-04-30,746073,1723.9,0.0
2024-04-30,746239,0.0,0.0
2024-04-30,746398,699.6,880.1
2024-04-30,746477,488.0,0.0
2024-04-30,746481,488.0,0.0
2024-04-30,746806,0.0,0.0
2024-04-30,746968,2689.5,0.0
2024-04-30,747047,0.0,0.0
2024-04-30,747210,0.0,0.0
2024-05-01,744939,0.0,0.0
2024-05-01,745023,0.0,0.0
2024-05-01,745261,0.0,0.0
2024-05-01,745423,0.0,0.0
2024-05-01,745670,0.0,0.0
2024-05-01,745829,0.0,0.0
2024-05-01,745996,0.0,0.0
2024-05-01,746072,0.0,0.0
2024-05-01,746238,0.0,0.0
2024-05-01,746399,0.0,0.0
2024-05-01,746478,0.0,0.0
2024-05-01,746800,0.0,0.0
2024-05-01,746966,0.0,0.0
2024-05-01,747048,0.0,0.0
2024-05-01,747207,0.0,0.0
2024-05-02,745021,0.0,0.0
2024-05-02,745830,0.0,0.0
2024-05-02,746070,0.0,0.0
2024-05-02,746403,0.0,0.0
2024-05-02,746969,0.0,0.0
2024-05-02,747044,0.0,0.0
2024-05-03,744868,351.9,1198.8
2024-05-03,745101,1027.4,1095.4
2024-05-03,745187,259.5,454.6
2024-05-03,745510,1013.6,2248.6
2024-05-03,745589,270.7,2376.0
2024-05-03,745665,2576.8,0.0
2024-05-03,745756,482.6,178.1
2024-05-03,745914,1119.8,357.2
2024-05-03,746152,957.8,357.2
2024-05-03,746318,459.3,843.0
2024-05-03,746402,1889.5,0.0
2024-05-03,746645,2034.2,1114.0
2024-05-03,746721,422.3,1869.1
2024-05-03,746890,76.3,720.2
2024-05-03,747208,299.0,0.0
2024-05-04,744862,0.0,0.0
2024-05-04,745100,0.0,0.0
2024-05-04,745183,0.0,0.0
2024-05-04,745511,0.0,0.0
2024-05-04,745583,0.0,0.0
2024-05-04,745666,0.0,0.0
2024-05-04,745750,0.0,0.0
2024-05-04,745911,0.0,0.0
2024-05-04,746155,0.0,0.0
2024-05-04,746311,0.0,0.0
2024-05-04,746394,0.0,0.0
2024-05-04,746644,0.0,0.0
2024-05-04,746720,0.0,0.0
2024-05-04,746884,0.0,0.0
2024-05-04,747209,0.0,0.0
2024-05-05,744861,0.0,0.0
2024-05-05,745103,0.0,0.0
2024-05-05,745185,0.0,0.0
2024-05-05,745504,0.0,0.0
2024-05-05,745587,0.0,0.0
2024-05-05,745667,0.0,0.0
2024-05-05,745751,0.0,0.0
2024-05-05,745913,0.0,0.0
2024-05-05,746153,0.0,0.0
2024-05-05,746314,0.0,0.0
2024-05-05,746395,0.0,0.0
2024-05-05,746643,0.0,0.0
2024-05-05,746719,0.0,0.0
2024-05-05,746883,0.0,0.0
2024-05-05,747206,0.0,0.0
2024-05-06,745098,866.6,0.0
2024-05-06,745182,866.6,0.0
2024-05-06,745509,113.7,0.0
2024-05-06,745585,0.0,0.0
2024-05-06,745669,1497.8,0.0
2024-05-06,745912,1058.0,0.0
2024-05-06,746149,337.1,0.0
2024-05-06,746313,410.5,0.0
2024-05-06,746639,406.1,0.0
2024-05-06,746886,1451.5,0.0
2024-05-07,744859,403.0,0.0
2024-05-07,745095,0.0,0.0
2024-05-07,745186,0.0,0.0
2024-05-07,745508,0.0,0.0
2024-05-07,745586,121.5,0.0
2024-05-07,745668,0.0,0.0
2024-05-07,745752,1424.3,0.0
2024-05-07,745915,0.0,0.0
2024-05-07,746147,0.0,0.0
2024-05-07,746315,0.0,0.0
2024-05-07,746559,1575.2,1317.1
2024-05-07,746638,0.0,0.0
2024-05-07,746718,1577.4,0.0
2024-05-07,746885,0.0,0.0
2024-05-07,747126,897.8,1926.0
2024-05-08,744858,0.0,0.0
2024-05-08,745097,0.0,0.0
2024-05-08,745184,0.0,0.0
2024-05-08,745507,0.0,0.0
2024-05-08,745584,0.0,0.0
2024-05-08,745659,0.0,0.0
2024-05-08,745664,0.0,0.0
2024-05-08,745749,0.0,0.0
2024-05-08,745906,0.0,0.0
2024-05-08,746151,0.0,0.0
2024-05-08,746312,0.0,0.0
2024-05-08,746562,0.0,0.0
2024-05-08,746640,0.0,0.0
2024-05-08,746717,0.0,0.0
2024-05-08,746879,0.0,0.0
2024-05-08,747127,0.0,0.0
2024-05-09,745748,0.0,0.0
2024-05-09,745910,0.0,0.0
2024-05-09,745995,325.8,436.3
2024-05-09,746241,1346.4,2119.6
2024-05-09,746563,0.0,0.0
2024-05-09,746715,0.0,0.0
2024-05-09,746802,307.9,1011.3
2024-05-10,744940,692.0,337.5
2024-05-10,745094,1029.5,0.0
2024-05-10,745264,679.9,1390.7
2024-05-10,745340,2037.3,945.5
2024-05-10,745421,113.2,1731.3
2024-05-10,745506,410.8,0.0
2024-05-10,745827,751.1,880.2
2024-05-10,745993,0.0,0.0
2024-05-10,746071,1018.8,2333.4
2024-05-10,746240,0.0,0.0
2024-05-10,746479,482.6,91.1
2024-05-10,746553,935.9,0.0
2024-05-10,746801,0.0,0.0
2024-05-10,746964,391.9,930.6
2024-05-10,747043,422.3,35.1
2024-05-11,744943,0.0,0.0
2024-05-11,745096,0.0,0.0
2024-05-11,745262,0.0,0.0
2024-05-11,745344,0.0,0.0
2024-05-11,745422,0.0,0.0
2024-05-11,745505,0.0,0.0
2024-05-11,745828,0.0,0.0
2024-05-11,745994,0.0,0.0
2024-05-11,746069,0.0,0.0
2024-05-11,746232,0.0,0.0
2024-05-11,746480,0.0,0.0
2024-05-11,746554,0.0,0.0
2024-05-11,746797,0.0,0.0
2024-05-11,746963,0.0,0.0
2024-05-11,747041,0.0,0.0
2024-05-12,744941,0.0,0.0
2024-05-12,745092,0.0,0.0
2024-05-12,745255,0.0,0.0
2024-05-12,745345,0.0,0.0
2024-05-12,745419,0.0,0.0
2024-05-12,745499,0.0,0.0
2024-05-12,745825,0.0,0.0
2024-05-12,745990,0.0,0.0
2024-05-12,746068,0.0,0.0
2024-05-12,746234,0.0,0.0
2024-05-12,746476,0.0,0.0
2024-05-12,746555,0.0,0.0
2024-05-12,746798,0.0,0.0
2024-05-12,746965,0.0,0.0
2024-05-12,747042,0.0,0.0
2024-05-13,745019,813.6,654.2
2024-05-13,745256,980.5,0.0
2024-05-13,745343,458.0,0.0
2024-05-13,745420,833.4,0.0
2024-05-13,745826,1097.7,0.0
2024-05-13,745991,447.5,0.0
2024-05-13,746233,1728.9,0.0
2024-05-13,746393,1889.5,1105.8
2024-05-13,746471,1155.5,0.0
2024-05-13,746799,847.3,0.0
2024-05-13,746961,1198.2,0.0
2024-05-13,747040,333.4,0.0
2024-05-13,747128,515.1,751.1
2024-05-13,747204,652.0,1999.6
2024-05-14,745014,0.0,0.0
2024-05-14,745257,0.0,0.0
2024-05-14,745342,0.0,0.0
2024-05-14,745418,0.0,0.0
2024-05-14,745821,0.0,0.0
2024-05-14,745909,1325.3,692.0
2024-05-14,745989,0.0,0.0
2024-05-14,746235,0.0,0.0
2024-05-14,746396,0.0,0.0
2024-05-14,746473,0.0,0.0
2024-05-14,746796,847.3,0.0
2024-05-14,746799,847.3,0.0
2024-05-14,746962,0.0,0.0
2024-05-14,747039,0.0,0.0
2024-05-14,747124,0.0,0.0
2024-05-14,747205,0.0,0.0
2024-05-15,745015,0.0,0.0
2024-05-15,745259,0.0,0.0
2024-05-15,745341,0.0,0.0
2024-05-15,745417,0.0,0.0
2024-05-15,745582,91.1,91.1
2024-05-15,745908,0.0,0.0
2024-05-15,745992,0.0,0.0
2024-05-15,746231,0.0,0.0
2024-05-15,746397,0.0,0.0
2024-05-15,746472,0.0,0.0
2024-05-15,746795,0.0,0.0
2024-05-15,746960,0.0,0.0
2024-05-15,747038,0.0,0.0
2024-05-15,747123,0.0,0.0
2024-05-15,747203,0.0,0.0
2024-05-16,745580,0.0,0.0
2024-05-16,745907,0.0,0.0
2024-05-16,746150,357.2,345.5
2024-05-16,746391,0.0,0.0
2024-05-16,746881,76.3,583.1
2024-05-16,746959,0.0,0.0
2024-05-17,744934,428.3,333.4
2024-05-17,745016,1201.6,0.0
2024-05-17,745178,1033.5,1572.8
2024-05-17,745335,458.0,0.0
2024-05-17,745579,664.2,0.0
2024-05-17,745747,713.8,1017.7
2024-05-17,746065,1018.8,1155.5
2024-05-17,746148,0.0,0.0
2024-05-17,746310,644.1,1508.8
2024-05-17,746388,1003.7,0.0
2024-05-17,746641,630.5,1039.1
2024-05-17,746878,0.0,0.0
2024-05-17,747037,2328.1,0.0
2024-05-17,747122,1881.6,0.0
2024-05-17,747201,1687.1,0.0
2024-05-18,744938,0.0,0.0
2024-05-18,745013,0.0,0.0
2024-05-18,745177,0.0,0.0
2024-05-18,745339,0.0,0.0
2024-05-18,745581,0.0,0.0
2024-05-18,745744,0.0,0.0
2024-05-18,746067,0.0,0.0
2024-05-18,746142,0.0,0.0
2024-05-18,746308,0.0,0.0
2024-05-18,746389,0.0,0.0
2024-05-18,746642,0.0,0.0
2024-05-18,746882,0.0,0.0
2024-05-18,747036,0.0,0.0
2024-05-18,747121,0.0,0.0
2024-05-18,747202,0.0,0.0
2024-05-19,744937,0.0,0.0
2024-05-19,745012,0.0,0.0
2024-05-19,745179,0.0,0.0
2024-05-19,745336,0.0,0.0
2024-05-19,745577,0.0,0.0
2024-05-19,745745,0.0,0.0
2024-05-19,746064,0.0,0.0
2024-05-19,746144,0.0,0.0
2024-05-19,746306,0.0,0.0
2024-05-19,746392,0.0,0.0
2024-05-19,746636,0.0,0.0
2024-05-19,746880,0.0,0.0
2024-05-19,747035,0.0,0.0
2024-05-19,747120,0.0,0.0
2024-05-19,747198,0.0,0.0
2024-05-20,744857,306.2,121.5
2024-05-20,744935,340.2,0.0
2024-05-20,745093,866.6,1111.7
2024-05-20,745181,729.9,0.0
2024-05-20,745746,178.1,0.0
2024-05-20,746066,964.4,0.0
2024-05-20,746146,357.2,0.0
2024-05-20,746307,1051.5,0.0
2024-05-20,746390,230.5,0.0
2024-05-20,746637,1089.2,0.0
2024-05-20,747119,0.0,0.0
2024-05-20,747121,0.0,0.0
2024-05-21,744860,0.0,0.0
2024-05-21,744936,0.0,0.0
2024-05-21,745090,0.0,0.0
2024-05-21,745180,0.0,0.0
2024-05-21,745503,2257.9,410.8
2024-05-21,745578,1312.2,0.0
2024-05-21,745662,10.5,1497.8
2024-05-21,745742,0.0,0.0
2024-05-21,746058,0.0,0.0
2024-05-21,746145,0.0,0.0
2024-05-21,746309,0.0,0.0
2024-05-21,746385,0.0,0.0
2024-05-21,746633,0.0,0.0
2024-05-21,746716,359.8,1892.2
2024-05-21,746875,583.1,0.0
2024-05-22,744856,0.0,0.0
2024-05-22,744933,0.0,0.0
2024-05-22,745089,0.0,0.0
2024-05-22,745173,0.0,0.0
2024-05-22,745180,0.0,0.0
2024-05-22,745502,0.0,0.0
2024-05-22,745576,0.0,0.0
2024-05-22,745661,0.0,0.0
2024-05-22,745743,0.0,0.0
2024-05-22,746063,0.0,0.0
2024-05-22,746143,0.0,0.0
2024-05-22,746304,0.0,0.0
2024-05-22,746386,0.0,0.0
2024-05-22,746634,0.0,0.0
2024-05-22,746712,0.0,0.0
2024-05-22,746876,0.0,0.0
2024-05-23,745500,0.0,0.0
2024-05-23,745573,0.0,0.0
2024-05-23,745660,0.0,0.0
2024-05-23,745741,0.0,0.0
2024-05-23,746474,205.6,639.8
2024-05-23,746714,0.0,0.0
2024-05-23,746792,259.5,436.5
2024-05-23,746874,0.0,0.0
2024-05-24,744853,212.1,0.0
2024-05-24,745087,1034.0,0.0
2024-05-24,745175,265.8,0.0
2024-05-24,745415,2431.9,1869.1
2024-05-24,745501,410.8,0.0
2024-05-24,745663,1631.1,0.0
2024-05-24,745822,323.8,411.0
2024-05-24,745905,985.1,934.5
2024-05-24,746227,2034.2,1349.4
2024-05-24,746475,0.0,0.0
2024-05-24,746558,1575.2,935.9
2024-05-24,746713,1892.2,0.0
2024-05-24,746793,0.0,0.0
2024-05-24,746956,1256.4,1198.2
2024-05-24,747200,1976.4,357.2
2024-05-25,744851,0.0,0.0
2024-05-25,745086,0.0,0.0
2024-05-25,745176,265.8,0.0
2024-05-25,745411,0.0,0.0
2024-05-25,745493,0.0,0.0
2024-05-25,745658,0.0,0.0
2024-05-25,745823,0.0,0.0
2024-05-25,745901,0.0,0.0
2024-05-25,746226,0.0,0.0
2024-05-25,746470,0.0,0.0
2024-05-25,746556,0.0,0.0
2024-05-25,746710,0.0,0.0
2024-05-25,746794,0.0,0.0
2024-05-25,746958,0.0,0.0
2024-05-25,747199,0.0,0.0
2024-05-26,744855,0.0,0.0
2024-05-26,745088,0.0,0.0
2024-05-26,745172,0.0,0.0
2024-05-26,745413,0.0,0.0
2024-05-26,745498,0.0,0.0
2024-05-26,745653,0.0,0.0
2024-05-26,745824,0.0,0.0
2024-05-26,745902,0.0,0.0
2024-05-26,746230,0.0,0.0
2024-05-26,746469,0.0,0.0
2024-05-26,746557,0.0,0.0
2024-05-26,746711,0.0,0.0
2024-05-26,746789,0.0,0.0
2024-05-26,746957,0.0,0.0
2024-05-26,747197,0.0,0.0
2024-05-27,745254,679.9,2324.2
2024-05-27,745338,945.5,2571.7
2024-05-27,745416,299.0,0.0
2024-05-27,745816,576.0,0.0
2024-05-27,745904,1325.3,0.0
2024-05-27,745986,325.8,856.8
2024-05-27,746549,822.2,0.0
2024-05-27,746708,307.6,0.0
2024-05-27,746788,237.7,0.0
2024-05-27,747034,358.0,603.7
2024-05-27,747118,538.8,515.1
2024-05-28,745017,867.8,869.5
2024-05-28,745091,2379.6,0.0
2024-05-28,745258,0.0,0.0
2024-05-28,745337,0.0,0.0
2024-05-28,745412,0.0,0.0
2024-05-28,745816,576.0,0.0
2024-05-28,745818,576.0,0.0
2024-05-28,745903,0.0,0.0
2024-05-28,745987,0.0,0.0
2024-05-28,746229,86.4,0.0
2024-05-28,746468,204.8,0.0
2024-05-28,746552,0.0,0.0
2024-05-28,746709,0.0,0.0
2024-05-28,746791,0.0,0.0
2024-05-28,747033,0.0,0.0
2024-05-28,747115,0.0,0.0
2024-05-29,745011,0.0,0.0
2024-05-29,745084,0.0,0.0
2024-05-29,745250,0.0,0.0
2024-05-29,745333,0.0,0.0
2024-05-29,745414,0.0,0.0
2024-05-29,745817,0.0,0.0
2024-05-29,745900,0.0,0.0
2024-05-29,745988,0.0,0.0
2024-05-29,746228,0.0,0.0
2024-05-29,746467,204.8,0.0
2024-05-29,746468,204.8,0.0
2024-05-29,746551,0.0,0.0
2024-05-29,746706,0.0,0.0
2024-05-29,746790,0.0,0.0
2024-05-29,747031,0.0,0.0
2024-05-29,747117,0.0,0.0
2024-05-30,745081,0.0,0.0
2024-05-30,745249,0.0,0.0
2024-05-30,745819,1395.0,0.0
2024-05-30,745898,0.0,0.0
2024-05-30,745985,0.0,0.0
2024-05-30,746225,0.0,0.0
2024-05-30,746954,609.8,358.0
2024-05-30,747114,0.0,0.0
2024-05-31,744928,205.6,436.5
2024-05-31,745253,980.5,0.0
2024-05-31,745331,373.2,0.0
2024-05-31,745574,500.9,2515.8
2024-05-31,745820,0.0,0.0
2024-05-31,745983,84.6,0.0
2024-05-31,746059,1122.9,2265.9
2024-05-31,746140,829.2,2452.9
2024-05-31,746303,1338.7,414.3
2024-05-31,746387,1058.0,1889.5
2024-05-31,746635,547.0,1224.5
2024-05-31,746877,257.1,76.3
2024-05-31,746955,0.0,0.0
2024-05-31,747032,867.6,0.0
2024-05-31,747116,436.5,0.0
2024-06-01,744932,0.0,0.0
2024-06-01,745251,0.0,0.0
2024-06-01,745332,0.0,0.0
2024-06-01,745575,0.0,0.0
2024-06-01,745812,0.0,0.0
2024-06-01,745980,0.0,0.0
2024-06-01,746062,0.0,0.0
2024-06-01,746138,0.0,0.0
2024-06-01,746305,0.0,0.0
2024-06-01,746384,0.0,0.0
2024-06-01,746629,0.0,0.0
2024-06-01,746870,0.0,0.0
2024-06-01,746952,0.0,0.0
2024-06-01,747029,0.0,0.0
2024-06-01,747111,0.0,0.0
2024-06-02,744929,0.0,0.0
2024-06-02,745252,0.0,0.0
2024-06-02,745330,0.0,0.0
2024-06-02,745572,0.0,0.0
2024-06-02,745813,0.0,0.0
2024-06-02,745984,0.0,0.0
2024-06-02,746061,0.0,0.0
2024-06-02,746141,0.0,0.0
2024-06-02,746301,0.0,0.0
2024-06-02,746383,0.0,0.0
2024-06-02,746632,0.0,0.0
2024-06-02,746871,0.0,0.0
2024-06-02,746953,0.0,0.0
2024-06-02,747030,0.0,0.0
2024-06-02,747110,0.0,0.0
2024-06-03,744854,212.3,306.2
2024-06-03,744930,333.4,0.0
2024-06-03,745009,1562.2,1122.9
2024-06-03,745569,696.3,0.0
2024-06-03,746224,1346.4,980.5
2024-06-03,746382,1337.9,0.0
2024-06-03,746548,917.1,829.2
2024-06-03,747194,652.0,2148.0
2024-06-04,744850,0.0,0.0
2024-06-04,744931,0.0,0.0
2024-06-04,745010,0.0,0.0
2024-06-04,745497,2130.9,223.0
2024-06-04,745568,0.0,0.0
2024-06-04,745656,679.9,2116.4
2024-06-04,745739,1424.3,2566.5
2024-06-04,746060,956.2,0.0
2024-06-04,746222,0.0,0.0
2024-06-04,746380,0.0,0.0
2024-06-04,746550,0.0,0.0
2024-06-04,746630,694.6,0.0
2024-06-04,746872,76.3,0.0
2024-06-04,746949,930.6,0.0
2024-06-04,747196,0.0,0.0
2024-06-05,744852,0.0,0.0
2024-06-05,744927,0.0,0.0
2024-06-05,745007,0.0,0.0
2024-06-05,745494,0.0,0.0
2024-06-05,745570,0.0,0.0
2024-06-05,745654,0.0,0.0
2024-06-05,745740,0.0,0.0
2024-06-05,746056,0.0,0.0
2024-06-05,746221,0.0,0.0
2024-06-05,746379,0.0,0.0
2024-06-05,746544,0.0,0.0
2024-06-05,746628,0.0,0.0
2024-06-05,746873,0.0,0.0
2024-06-05,746950,0.0,0.0
2024-06-05,747195,0.0,0.0
2024-06-06,744844,391.9,0.0
2024-06-06,744923,0.0,0.0
2024-06-06,745174,795.6,679.6
2024-06-06,745408,299.0,86.4
2024-06-06,745495,0.0,0.0
2024-06-06,745657,0.0,0.0
2024-06-06,745738,0.0,0.0
2024-06-06,746631,0.0,0.0
2024-06-06,746707,257.1,1092.0
2024-06-06,746784,847.3,8.3
2024-06-07,744845,0.0,0.0
2024-06-07,745008,867.8,0.0
2024-06-07,745083,1111.7,203.6
2024-06-07,745169,0.0,0.0
2024-06-07,745406,0.0,0.0
2024-06-07,745496,319.8,0.0
2024-06-07,745655,2253.6,0.0
2024-06-07,745737,319.8,0.0
2024-06-07,746053,1089.2,0.0
2024-06-07,746220,1349.4,0.0
2024-06-07,746302,1497.8,694.6
2024-06-07,746466,443.1,1012.7
2024-06-07,746704,0.0,0.0
2024-06-07,746785,0.0,0.0
2024-06-08,744848,0.0,0.0
2024-06-08,745001,0.0,0.0
2024-06-08,745082,0.0,0.0
2024-06-08,745166,0.0,0.0
2024-06-08,745410,0.0,0.0
2024-06-08,745492,0.0,0.0
2024-06-08,745652,0.0,0.0
2024-06-08,745735,0.0,0.0
2024-06-08,745814,91.1,212.3
2024-06-08,746057,0.0,0.0
2024-06-08,746223,0.0,0.0
2024-06-08,746300,0.0,0.0
2024-06-08,746461,0.0,0.0
2024-06-08,746703,0.0,0.0
2024-06-08,746786,0.0,0.0
2024-06-09,744849,0.0,0.0
2024-06-09,745003,0.0,0.0
2024-06-09,745085,0.0,0.0
2024-06-09,745167,0.0,0.0
2024-06-09,745407,0.0,0.0
2024-06-09,745491,0.0,0.0
2024-06-09,745571,91.1,91.1
2024-06-09,745651,0.0,0.0
2024-06-09,745736,0.0,0.0
2024-06-09,746054,0.0,0.0
2024-06-09,746216,0.0,0.0
2024-06-09,746297,0.0,0.0
2024-06-09,746463,0.0,0.0
2024-06-09,746705,0.0,0.0
2024-06-09,746787,0.0,0.0
2024-06-10,745080,0.0,0.0
2024-06-10,745248,1734.2,1508.8
2024-06-10,745334,373.2,1464.4
2024-06-10,745409,449.8,0.0
2024-06-10,745897,467.1,741.9
2024-06-10,745982,1824.6,254.5
2024-06-10,746295,1093.2,0.0
2024-06-11,745077,790.0,0.0
2024-06-11,745170,556.9,0.0
2024-06-11,745244,0.0,0.0
2024-06-11,745327,0.0,0.0
2024-06-11,745404,0.0,0.0
2024-06-11,745815,1097.7,91.1
2024-06-11,745899,0.0,0.0
2024-06-11,745981,0.0,0.0
2024-06-11,746139,1221.4,2448.4
2024-06-11,746296,0.0,0.0
2024-06-11,746464,397.0,0.0
2024-06-11,746702,953.3,0.0
2024-06-11,746951,270.7,847.3
2024-06-11,747027,35.1,867.6
2024-06-11,747190,335.5,299.0
2024-06-12,745079,0.0,0.0
2024-06-12,745171,0.0,0.0
2024-06-12,745246,0.0,0.0
2024-06-12,745328,0.0,0.0
2024-06-12,745405,0.0,0.0
2024-06-12,745811,0.0,0.0
2024-06-12,745896,0.0,0.0
2024-06-12,745978,0.0,0.0
2024-06-12,746137,0.0,0.0
2024-06-12,746294,0.0,0.0
2024-06-12,746462,0.0,0.0
2024-06-12,746701,0.0,0.0
2024-06-12,746948,0.0,0.0
2024-06-12,747028,0.0,0.0
2024-06-12,747193,0.0,0.0
2024-06-13,745075,0.0,0.0
2024-06-13,745168,0.0,0.0
2024-06-13,745245,0.0,0.0
2024-06-13,745809,0.0,0.0
2024-06-13,745894,1530.5,0.0
2024-06-13,746136,0.0,0.0
2024-06-13,746299,0.0,0.0
2024-06-13,746465,0.0,0.0
2024-06-13,746944,0.0,0.0
2024-06-13,747026,0.0,0.0
2024-06-13,747192,0.0,0.0
2024-06-14,744847,212.3,397.0
2024-06-14,744924,410.9,433.2
2024-06-14,745247,957.8,0.0
2024-06-14,745326,652.0,0.0
2024-06-14,745810,2436.2,0.0
2024-06-14,745892,0.0,0.0
2024-06-14,745979,326.0,0.0
2024-06-14,746134,1358.3,0.0
2024-06-14,746378,1105.8,1641.6
2024-06-14,746545,795.6,697.6
2024-06-14,746869,265.8,1019.5
2024-06-14,746947,1241.7,0.0
2024-06-14,747025,358.0,0.0
2024-06-14,747112,436.5,572.6
2024-06-14,747191,1114.0,0.0
2024-06-15,744846,0.0,0.0
2024-06-15,744925,0.0,0.0
2024-06-15,745241,0.0,0.0
2024-06-15,745329,0.0,0.0
2024-06-15,745805,0.0,0.0
2024-06-15,745891,0.0,0.0
2024-06-15,745976,0.0,0.0
2024-06-15,746135,0.0,0.0
2024-06-15,746381,0.0,0.0
2024-06-15,746547,0.0,0.0
2024-06-15,746865,0.0,0.0
2024-06-15,746946,0.0,0.0
2024-06-15,747024,0.0,0.0
2024-06-15,747113,0.0,0.0
2024-06-15,747187,0.0,0.0
2024-06-16,744839,0.0,0.0
2024-06-16,744926,0.0,0.0
2024-06-16,745242,0.0,0.0
2024-06-16,745321,0.0,0.0
2024-06-16,745807,0.0,0.0
2024-06-16,745891,0.0,0.0
2024-06-16,745895,0.0,0.0
2024-06-16,745977,0.0,0.0
2024-06-16,746130,0.0,0.0
2024-06-16,746377,0.0,0.0
2024-06-16,746546,0.0,0.0
2024-06-16,746866,0.0,0.0
2024-06-16,746945,0.0,0.0
2024-06-16,747023,0.0,0.0
2024-06-16,747109,0.0,0.0
2024-06-16,747189,0.0,0.0
2024-06-17,744918,428.3,0.0
2024-06-17,745005,1395.0,1669.0
2024-06-17,745490,447.5,1317.1
2024-06-17,745567,91.1,88.6
2024-06-17,746055,1194.7,923.8
2024-06-17,746215,1728.9,373.2
2024-06-17,746543,829.2,0.0
2024-06-17,746868,1851.6,0.0
2024-06-17,747108,699.6,0.0
2024-06-18,744843,1978.8,0.0
2024-06-18,744917,0.0,0.0
2024-06-18,745004,0.0,0.0
2024-06-18,745488,0.0,0.0
2024-06-18,745563,0.0,0.0
2024-06-18,745650,337.1,1570.9
2024-06-18,745733,178.1,179.9
2024-06-18,745893,897.8,0.0
2024-06-18,746049,0.0,0.0
2024-06-18,746217,0.0,0.0
2024-06-18,746542,0.0,0.0
2024-06-18,746627,2021.2,188.7
2024-06-18,746783,938.7,1450.4
2024-06-18,746867,0.0,0.0
2024-06-18,747107,0.0,0.0
2024-06-19,744842,0.0,0.0
2024-06-19,744920,0.0,0.0
2024-06-19,745002,0.0,0.0
2024-06-19,745489,0.0,0.0
2024-06-19,745561,0.0,0.0
2024-06-19,745646,0.0,0.0
2024-06-19,745732,0.0,0.0
2024-06-19,745887,0.0,0.0
2024-06-19,746050,0.0,0.0
2024-06-19,746219,0.0,0.0
2024-06-19,746538,0.0,0.0
2024-06-19,746625,0.0,0.0
2024-06-19,746781,0.0,0.0
2024-06-19,746864,0.0,0.0
2024-06-19,747106,0.0,0.0
2024-06-20,744841,0.0,0.0
2024-06-20,745164,265.8,1060.3
2024-06-20,745401,86.4,2367.8
2024-06-20,745645,0.0,0.0
2024-06-20,745734,0.0,0.0
2024-06-20,745889,0.0,0.0
2024-06-20,746539,0.0,0.0
2024-06-20,746626,0.0,0.0
2024-06-20,746782,0.0,0.0
2024-06-21,745006,1453.9,0.0
2024-06-21,745403,0.0,0.0
2024-06-21,745483,741.9,0.0
2024-06-21,745562,121.5,0.0
2024-06-21,745649,1570.9,0.0
2024-06-21,745729,750.7,0.0
2024-06-21,746052,1089.2,0.0
2024-06-21,746131,27.9,829.2
2024-06-21,746375,1424.3,938.7
2024-06-21,746460,237.7,588.8
2024-06-21,746540,1491.2,0.0
2024-06-21,746624,188.7,0.0
2024-06-21,746698,410.9,256.5
2024-06-21,746861,818.9,0.0
2024-06-22,744997,0.0,0.0
2024-06-22,745163,0.0,0.0
2024-06-22,745402,0.0,0.0
2024-06-22,745486,0.0,0.0
2024-06-22,745564,0.0,0.0
2024-06-22,745644,0.0,0.0
2024-06-22,745731,0.0,0.0
2024-06-22,746048,0.0,0.0
2024-06-22,746132,0.0,0.0
2024-06-22,746376,0.0,0.0
2024-06-22,746459,0.0,0.0
2024-06-22,746541,0.0,0.0
2024-06-22,746622,0.0,0.0
2024-06-22,746700,0.0,0.0
2024-06-22,746863,0.0,0.0
2024-06-23,745000,0.0,0.0
2024-06-23,745165,0.0,0.0
2024-06-23,745396,0.0,0.0
2024-06-23,745485,0.0,0.0
2024-06-23,745566,0.0,0.0
2024-06-23,745648,0.0,0.0
2024-06-23,745727,0.0,0.0
2024-06-23,746051,0.0,0.0
2024-06-23,746373,0.0,0.0
2024-06-23,746457,0.0,0.0
2024-06-23,746536,0.0,0.0
2024-06-23,746621,0.0,0.0
2024-06-23,746699,0.0,0.0
2024-06-23,746862,0.0,0.0
2024-06-24,745078,203.6,888.9
2024-06-24,745160,876.4,0.0
2024-06-24,745323,1851.6,1740.2
2024-06-24,745397,833.4,0.0
2024-06-24,745974,865.7,1732.7
2024-06-24,746218,364.8,27.9
2024-06-24,746298,1234.9,459.3
2024-06-24,746458,443.1,0.0
2024-06-24,746696,256.5,0.0
2024-06-24,746780,1740.8,237.7
2024-06-24,746941,547.1,736.3
2024-06-24,747021,307.1,1249.4
2024-06-25,745076,0.0,0.0
2024-06-25,745157,0.0,0.0
2024-06-25,745322,0.0,0.0
2024-06-25,745399,0.0,0.0
2024-06-25,745806,6.5,720.2
2024-06-25,745973,0.0,0.0
2024-06-25,746213,0.0,0.0
2024-06-25,746293,0.0,0.0
2024-06-25,746372,880.1,0.0
2024-06-25,746454,0.0,0.0
2024-06-25,746697,0.0,0.0
2024-06-25,746775,0.0,0.0
2024-06-25,746943,0.0,0.0
2024-06-25,747022,0.0,0.0
2024-06-25,747188,641.9,2077.5
2024-06-26,745073,0.0,0.0
2024-06-26,745157,0.0,0.0
2024-06-26,745158,0.0,0.0
2024-06-26,745325,0.0,0.0
2024-06-26,745400,0.0,0.0
2024-06-26,745808,0.0,0.0
2024-06-26,745975,0.0,0.0
2024-06-26,746212,0.0,0.0
2024-06-26,746291,0.0,0.0
2024-06-26,746374,0.0,0.0
2024-06-26,746456,0.0,0.0
2024-06-26,746695,0.0,0.0
2024-06-26,746777,0.0,0.0
2024-06-26,746942,0.0,0.0
2024-06-26,747019,0.0,0.0
2024-06-26,747184,0.0,0.0
2024-06-27,744919,346.6,428.3
2024-06-27,745162,307.6,0.0
2024-06-27,745324,0.0,0.0
2024-06-27,745565,1029.7,443.1
2024-06-27,746210,1968.9,0.0
2024-06-27,746288,955.2,0.0
2024-06-27,746816,259.5,0.0
2024-06-27,747020,643.9,0.0
2024-06-27,747185,0.0,0.0
2024-06-28,744922,0.0,0.0
2024-06-28,745070,2078.4,0.0
2024-06-28,745161,0.0,0.0
2024-06-28,745238,1114.0,2525.8
2024-06-28,745319,1853.1,0.0
2024-06-28,745560,0.0,0.0
2024-06-28,745804,1425.9,0.0
2024-06-28,745970,1833.4,0.0
2024-06-28,746214,0.0,0.0
2024-06-28,746292,0.0,0.0
2024-06-28,746776,938.7,0.0
2024-06-28,746939,2576.8,0.0
2024-06-28,747017,0.0,0.0
2024-06-28,747105,359.8,575.0
2024-06-28,747183,335.5,0.0
2024-06-29,744921,0.0,0.0
2024-06-29,745071,0.0,0.0
2024-06-29,745159,0.0,0.0
2024-06-29,745239,0.0,0.0
2024-06-29,745317,0.0,0.0
2024-06-29,745559,0.0,0.0
2024-06-29,745801,0.0,0.0
2024-06-29,745972,0.0,0.0
2024-06-29,746211,0.0,0.0
2024-06-29,746289,0.0,0.0
2024-06-29,746778,0.0,0.0
2024-06-29,746940,0.0,0.0
2024-06-29,747018,0.0,0.0
2024-06-29,747104,0.0,0.0
2024-06-29,747186,0.0,0.0
2024-06-30,744916,0.0,0.0
2024-06-30,745072,0.0,0.0
2024-06-30,745154,0.0,0.0
2024-06-30,745243,0.0,0.0
2024-06-30,745320,0.0,0.0
2024-06-30,745555,0.0,0.0
2024-06-30,745802,0.0,0.0
2024-06-30,745971,0.0,0.0
2024-06-30,746209,0.0,0.0
2024-06-30,746290,0.0,0.0
2024-06-30,746779,0.0,0.0
2024-06-30,746938,0.0,0.0
2024-06-30,747016,0.0,0.0
2024-06-30,747101,0.0,0.0
2024-06-30,747182,0.0,0.0
2024-07-01,744840,212.3,833.2
2024-07-01,744914,346.6,0.0
2024-07-01,746535,909.1,917.7
2024-07-02,744838,0.0,0.0
2024-07-02,744913,0.0,0.0
2024-07-02,744999,1562.2,1226.1
2024-07-02,745240,2328.1,0.0
2024-07-02,745482,556.9,515.1
2024-07-02,745647,364.8,641.9
2024-07-02,745730,876.4,340.2
2024-07-02,745886,1515.2,1390.7
2024-07-02,746047,1256.4,1018.8
2024-07-02,746133,357.2,345.5
2024-07-02,746282,1034.0,0.0
2024-07-02,746537,0.0,0.0
2024-07-02,746623,307.9,694.6
2024-07-02,746860,666.4,76.3
2024-07-02,747102,2126.5,0.0
2024-07-03,744837,0.0,0.0
2024-07-03,744915,0.0,0.0
2024-07-03,744998,0.0,0.0
2024-07-03,745234,0.0,0.0
2024-07-03,745487,0.0,0.0
2024-07-03,745643,0.0,0.0
2024-07-03,745728,0.0,0.0
2024-07-03,745888,0.0,0.0
2024-07-03,746045,0.0,0.0
2024-07-03,746128,0.0,0.0
2024-07-03,746283,0.0,0.0
2024-07-03,746534,0.0,0.0
2024-07-03,746617,0.0,0.0
2024-07-03,746858,0.0,0.0
2024-07-03,747100,0.0,0.0
2024-07-04,744834,0.0,0.0
2024-07-04,744912,0.0,0.0
2024-07-04,744996,0.0,0.0
2024-07-04,745236,0.0,0.0
2024-07-04,745484,0.0,0.0
2024-07-04,745641,0.0,0.0
2024-07-04,745726,0.0,0.0
2024-07-04,745890,0.0,0.0
2024-07-04,746043,0.0,0.0
2024-07-04,746126,0.0,0.0
2024-07-04,746285,0.0,0.0
2024-07-04,746532,0.0,0.0
2024-07-04,746619,0.0,0.0
2024-07-04,746857,0.0,0.0
2024-07-04,747103,0.0,0.0
2024-07-05,744836,193.0,0.0
2024-07-05,744992,459.3,0.0
2024-07-05,745237,2066.3,0.0
2024-07-05,745398,113.2,1164.9
2024-07-05,745479,193.0,0.0
2024-07-05,745639,679.9,0.0
2024-07-05,745725,1100.8,0.0
2024-07-05,745884,692.0,0.0
2024-07-05,746046,1089.2,0.0
2024-07-05,746127,829.2,0.0
2024-07-05,746533,563.1,0.0
2024-07-05,746620,547.0,0.0
2024-07-05,746693,605.9,572.6
2024-07-05,746859,1842.5,0.0
2024-07-05,747097,583.1,0.0
2024-07-06,744835,0.0,0.0
2024-07-06,744995,0.0,0.0
2024-07-06,745235,0.0,0.0
2024-07-06,745395,0.0,0.0
2024-07-06,745476,0.0,0.0
2024-07-06,745642,0.0,0.0
2024-07-06,745724,0.0,0.0
2024-07-06,745885,0.0,0.0
2024-07-06,746044,0.0,0.0
2024-07-06,746129,0.0,0.0
2024-07-06,746529,0.0,0.0
2024-07-06,746615,0.0,0.0
2024-07-06,746694,0.0,0.0
2024-07-06,746856,0.0,0.0
2024-07-06,747099,0.0,0.0
2024-07-07,744832,0.0,0.0
2024-07-07,744993,0.0,0.0
2024-07-07,745233,0.0,0.0
2024-07-07,745391,0.0,0.0
2024-07-07,745477,0.0,0.0
2024-07-07,745637,0.0,0.0
2024-07-07,745723,0.0,0.0
2024-07-07,745883,0.0,0.0
2024-07-07,746039,0.0,0.0
2024-07-07,746122,0.0,0.0
2024-07-07,746530,0.0,0.0
2024-07-07,746616,0.0,0.0
2024-07-07,746691,0.0,0.0
2024-07-07,746855,0.0,0.0
2024-07-07,747098,0.0,0.0
2024-07-08,744833,0.0,0.0
2024-07-08,745480,0.0,0.0
2024-07-08,746208,1201.6,1731.4
2024-07-08,746455,91.1,236.6
2024-07-08,746692,1092.0,0.0
2024-07-08,746771,357.2,1186.7
2024-07-08,747181,1582.6,299.0
2024-07-09,745074,1029.5,926.4
2024-07-09,745155,795.6,710.1
2024-07-09,745316,678.0,2160.9
2024-07-09,745393,1063.5,0.0
2024-07-09,745557,2387.6,660.3
2024-07-09,745803,212.3,323.8
2024-07-09,745968,447.5,1737.1
2024-07-09,746206,0.0,0.0
2024-07-09,746368,964.4,1058.0
2024-07-09,746451,0.0,0.0
2024-07-09,746690,0.0,0.0
2024-07-09,746773,0.0,0.0
2024-07-09,746937,2680.7,179.9
2024-07-09,747014,606.7,2439.9
2024-07-09,747180,0.0,0.0
2024-07-10,745069,0.0,0.0
2024-07-10,745155,795.6,710.1
2024-07-10,745156,795.6,710.1
2024-07-10,745318,0.0,0.0
2024-07-10,745394,0.0,0.0
2024-07-10,745556,0.0,0.0
2024-07-10,745796,0.0,0.0
2024-07-10,745969,0.0,0.0
2024-07-10,746205,0.0,0.0
2024-07-10,746366,0.0,0.0
2024-07-10,746453,0.0,0.0
2024-07-10,746689,0.0,0.0
2024-07-10,746772,0.0,0.0
2024-07-10,746773,0.0,0.0
2024-07-10,746934,0.0,0.0
2024-07-10,747015,0.0,0.0
2024-07-10,747179,0.0,0.0
2024-07-11,745065,0.0,0.0
2024-07-11,745313,0.0,0.0
2024-07-11,745558,0.0,0.0
2024-07-11,745799,0.0,0.0
2024-07-11,745967,0.0,0.0
2024-07-11,746204,86.4,0.0
2024-07-11,746452,0.0,0.0
2024-07-11,746688,0.0,0.0
2024-07-11,746935,0.0,0.0
2024-07-11,747011,0.0,0.0
2024-07-11,747178,0.0,0.0
2024-07-12,745064,1007.0,0.0
2024-07-12,745153,729.9,0.0
2024-07-12,745312,1853.1,0.0
2024-07-12,745390,299.0,0.0
2024-07-12,745552,270.7,0.0
2024-07-12,745800,576.0,0.0
2024-07-12,745965,742.3,0.0
2024-07-12,746207,0.0,0.0
2024-07-12,746371,1349.4,0.0
2024-07-12,746450,443.1,0.0
2024-07-12,746685,892.4,0.0
2024-07-12,746774,84.6,0.0
2024-07-12,746936,1033.5,0.0
2024-07-12,747012,867.6,0.0
2024-07-12,747175,652.0,0.0
2024-07-13,745067,0.0,0.0
2024-07-13,745152,0.0,0.0
2024-07-13,745175,0.0,0.0
2024-07-13,745311,0.0,0.0
2024-07-13,745392,0.0,0.0
2024-07-13,745549,0.0,0.0
2024-07-13,745798,0.0,0.0
2024-07-13,745963,0.0,0.0
2024-07-13,746202,0.0,0.0
2024-07-13,746369,0.0,0.0
2024-07-13,746447,0.0,0.0
2024-07-13,746687,0.0,0.0
2024-07-13,746766,0.0,0.0
2024-07-13,746930,0.0,0.0
2024-07-13,747013,0.0,0.0
2024-07-13,747177,0.0,0.0
2024-07-14,745066,0.0,0.0
2024-07-14,745151,0.0,0.0
2024-07-14,745314,0.0,0.0
2024-07-14,745385,0.0,0.0
2024-07-14,745551,0.0,0.0
2024-07-14,745797,0.0,0.0
2024-07-14,745962,0.0,0.0
2024-07-14,746201,0.0,0.0
2024-07-14,746370,0.0,0.0
2024-07-14,746449,0.0,0.0
2024-07-14,746686,0.0,0.0
2024-07-14,746769,0.0,0.0
2024-07-14,746932,0.0,0.0
2024-07-14,747009,0.0,0.0
2024-07-14,747176,0.0,0.0
2024-07-19,744829,403.0,639.4
2024-07-19,744911,205.6,1886.1
2024-07-19,744990,1226.1,230.5
2024-07-19,745228,1889.5,980.5
2024-07-19,745481,258.2,408.1
2024-07-19,745640,364.8,2506.6
2024-07-19,745721,1029.5,178.1
2024-07-19,746040,1097.7,953.3
2024-07-19,746123,2588.1,1978.3
2024-07-19,746284,407.8,1241.7
2024-07-19,746531,945.5,1635.3
2024-07-19,746618,2030.7,950.1
2024-07-19,746854,1451.5,265.8
2024-07-19,747093,456.6,1881.6
2024-07-20,744830,0.0,0.0
2024-07-20,744910,0.0,0.0
2024-07-20,744994,0.0,0.0
2024-07-20,745229,0.0,0.0
2024-07-20,745478,0.0,0.0
2024-07-20,745638,0.0,0.0
2024-07-20,745720,0.0,0.0
2024-07-20,745880,296.2,1579.2
2024-07-20,746041,0.0,0.0
2024-07-20,746121,0.0,0.0
2024-07-20,746286,0.0,0.0
2024-07-20,746527,0.0,0.0
2024-07-20,746613,0.0,0.0
2024-07-20,746852,0.0,0.0
2024-07-20,747093,456.6,1881.6
2024-07-20,747096,456.6,1881.6
2024-07-21,744831,0.0,0.0
2024-07-21,744909,0.0,0.0
2024-07-21,744991,0.0,0.0
2024-07-21,745230,0.0,0.0
2024-07-21,745470,0.0,0.0
2024-07-21,745633,0.0,0.0
2024-07-21,745722,0.0,0.0
2024-07-21,745882,0.0,0.0
2024-07-21,746042,0.0,0.0
2024-07-21,746125,0.0,0.0
2024-07-21,746287,0.0,0.0
2024-07-21,746528,0.0,0.0
2024-07-21,746610,0.0,0.0
2024-07-21,746853,0.0,0.0
2024-07-21,747094,0.0,0.0
2024-07-22,744988,459.3,0.0
2024-07-22,745232,679.9,0.0
2024-07-22,745473,515.1,0.0
2024-07-22,745635,679.9,0.0
2024-07-22,745717,0.0,0.0
2024-07-22,745881,741.9,0.0
2024-07-22,746034,0.0,0.0
2024-07-22,746124,829.2,0.0
2024-07-22,746280,410.5,0.0
2024-07-22,746526,829.2,0.0
2024-07-22,746612,188.7,0.0
2024-07-22,746850,351.2,0.0
2024-07-22,747095,538.8,0.0
2024-07-23,744828,306.2,0.0
2024-07-23,744904,340.2,0.0
2024-07-23,744985,0.0,0.0
2024-07-23,745227,0.0,0.0
2024-07-23,745475,0.0,0.0
2024-07-23,745632,0.0,0.0
2024-07-23,745715,1100.8,0.0
2024-07-23,745878,0.0,0.0
2024-07-23,746036,1122.9,0.0
2024-07-23,746118,0.0,0.0
2024-07-23,746281,0.0,0.0
2024-07-23,746524,0.0,0.0
2024-07-23,746614,0.0,0.0
2024-07-23,746848,0.0,0.0
2024-07-23,747090,0.0,0.0
2024-07-24,744824,0.0,0.0
2024-07-24,744905,0.0,0.0
2024-07-24,744989,0.0,0.0
2024-07-24,745231,0.0,0.0
2024-07-24,745472,0.0,0.0
2024-07-24,745634,0.0,0.0
2024-07-24,745716,0.0,0.0
2024-07-24,745877,0.0,0.0
2024-07-24,746035,0.0,0.0
2024-07-24,746119,0.0,0.0
2024-07-24,746279,0.0,0.0
2024-07-24,746525,0.0,0.0
2024-07-24,746611,0.0,0.0
2024-07-24,746851,0.0,0.0
2024-07-24,747090,0.0,0.0
2024-07-24,747091,0.0,0.0
2024-07-25,744827,0.0,0.0
2024-07-25,744907,0.0,0.0
2024-07-25,744984,0.0,0.0
2024-07-25,745794,751.1,6.5
2024-07-25,746037,0.0,0.0
2024-07-25,746117,0.0,0.0
2024-07-25,746199,364.8,980.5
2024-07-25,746609,0.0,0.0
2024-07-26,744906,1216.2,0.0
2024-07-26,745068,436.5,1111.7
2024-07-26,745146,710.1,556.9
2024-07-26,745315,945.5,345.5
2024-07-26,745554,358.6,985.1
2024-07-26,745792,0.0,0.0
2024-07-26,745964,1269.7,76.3
2024-07-26,746200,0.0,0.0
2024-07-26,746277,410.5,0.0
2024-07-26,746361,1371.7,1631.1
2024-07-26,746448,542.5,91.1
2024-07-26,746767,1734.2,813.6
2024-07-26,746933,179.9,1763.5
2024-07-26,747010,35.1,956.2
2024-07-26,747174,1824.2,1051.5
2024-07-27,744908,0.0,0.0
2024-07-27,745059,0.0,0.0
2024-07-27,745150,0.0,0.0
2024-07-27,745307,0.0,0.0
2024-07-27,745310,0.0,0.0
2024-07-27,745553,0.0,0.0
2024-07-27,745793,0.0,0.0
2024-07-27,745966,0.0,0.0
2024-07-27,746203,0.0,0.0
2024-07-27,746278,0.0,0.0
2024-07-27,746362,0.0,0.0
2024-07-27,746446,0.0,0.0
2024-07-27,746768,0.0,0.0
2024-07-27,746931,0.0,0.0
2024-07-27,747006,0.0,0.0
2024-07-27,747171,0.0,0.0
2024-07-28,744902,0.0,0.0
2024-07-28,745145,0.0,0.0
2024-07-28,745305,0.0,0.0
2024-07-28,745550,0.0,0.0
2024-07-28,745795,0.0,0.0
2024-07-28,745961,0.0,0.0
2024-07-28,746195,0.0,0.0
2024-07-28,746274,0.0,0.0
2024-07-28,746364,0.0,0.0
2024-07-28,746445,0.0,0.0
2024-07-28,746770,0.0,0.0
2024-07-28,746929,0.0,0.0
2024-07-28,747008,0.0,0.0
2024-07-28,747173,0.0,0.0
2024-07-29,745147,659.7,0.0
2024-07-29,745547,270.7,0.0
2024-07-29,745791,488.0,0.0
2024-07-29,745959,742.3,0.0
2024-07-29,746360,1014.6,0.0
2024-07-29,746444,443.1,0.0
2024-07-29,746684,534.7,790.0
2024-07-29,746765,407.8,0.0
2024-07-29,746928,847.3,0.0
2024-07-29,747007,333.4,0.0
2024-07-29,747039,333.4,0.0
2024-07-29,747172,1269.9,0.0
2024-07-30,745060,1095.4,0.0
2024-07-30,745149,0.0,0.0
2024-07-30,745309,373.2,0.0
2024-07-30,745389,1301.7,2291.4
2024-07-30,745546,0.0,0.0
2024-07-30,745787,0.0,0.0
2024-07-30,745958,0.0,0.0
2024-07-30,746197,373.2,0.0
2024-07-30,746365,0.0,0.0
2024-07-30,746441,0.0,0.0
2024-07-30,746683,0.0,0.0
2024-07-30,746763,0.0,0.0
2024-07-30,746926,0.0,0.0
2024-07-30,747005,0.0,0.0
2024-07-30,747167,0.0,0.0
2024-07-31,745061,0.0,0.0
2024-07-31,745148,0.0,0.0
2024-07-31,745306,0.0,0.0
2024-07-31,745386,0.0,0.0
2024-07-31,745543,0.0,0.0
2024-07-31,745789,0.0,0.0
2024-07-31,745960,0.0,0.0
2024-07-31,746198,0.0,0.0
2024-07-31,746363,0.0,0.0
2024-07-31,746678,0.0,0.0
2024-07-31,746764,0.0,0.0
2024-07-31,746925,0.0,0.0
2024-07-31,747003,0.0,0.0
2024-07-31,747170,0.0,0.0
2024-08-01,746196,0.0,0.0
2024-08-01,746442,237.7,0.0
2024-08-01,746607,307.1,91.1
2024-08-01,746849,265.8,257.1
2024-08-01,747092,436.5,659.0
2024-08-02,744825,639.4,1978.8
2024-08-02,744986,1562.2,560.3
2024-08-02,745224,2374.8,2484.4
2024-08-02,745387,86.4,0.0
2024-08-02,745471,1824.2,1136.4
2024-08-02,745631,449.8,10.5
2024-08-02,745719,178.1,91.3
2024-08-02,745875,357.2,1023.5
2024-08-02,746193,2442.0,0.0
2024-08-02,746354,781.1,0.0
2024-08-02,746443,0.0,0.0
2024-08-02,746605,0.0,0.0
2024-08-02,746679,2037.3,0.0
2024-08-02,746845,0.0,0.0
2024-08-02,747089,0.0,0.0
2024-08-03,744823,0.0,0.0
2024-08-03,744987,0.0,0.0
2024-08-03,745225,0.0,0.0
2024-08-03,745388,0.0,0.0
2024-08-03,745474,0.0,0.0
2024-08-03,745636,0.0,0.0
2024-08-03,745714,0.0,0.0
2024-08-03,745876,0.0,0.0
2024-08-03,746194,0.0,0.0
2024-08-03,746358,0.0,0.0
2024-08-03,746440,0.0,0.0
2024-08-03,746608,0.0,0.0
2024-08-03,746681,0.0,0.0
2024-08-03,746846,0.0,0.0
2024-08-03,747087,0.0,0.0
2024-08-04,744826,0.0,0.0
2024-08-04,744979,0.0,0.0
2024-08-04,745222,0.0,0.0
2024-08-04,745384,0.0,0.0
2024-08-04,745468,0.0,0.0
2024-08-04,745627,0.0,0.0
2024-08-04,745718,0.0,0.0
2024-08-04,745879,0.0,0.0
2024-08-04,746191,0.0,0.0
2024-08-04,746356,0.0,0.0
2024-08-04,746439,0.0,0.0
2024-08-04,746606,0.0,0.0
2024-08-04,746680,0.0,0.0
2024-08-04,746844,0.0,0.0
2024-08-04,747088,0.0,0.0
2024-08-05,744821,403.0,0.0
2024-08-05,744982,230.5,0.0
2024-08-05,745184,1572.8,265.8
2024-08-05,745628,1570.9,0.0
2024-08-05,746038,953.3,615.5
2024-08-05,746116,957.8,337.1
2024-08-05,746276,459.3,639.8
2024-08-05,746600,113.7,0.0
2024-08-05,746847,351.2,0.0
2024-08-06,744817,0.0,0.0
2024-08-06,744901,188.7,340.2
2024-08-06,744983,0.0,0.0
2024-08-06,745141,679.6,0.0
2024-08-06,745221,1932.9,0.0
2024-08-06,745467,2112.8,0.0
2024-08-06,745629,0.0,0.0
2024-08-06,745713,2437.6,0.0
2024-08-06,746033,0.0,0.0
2024-08-06,746120,0.0,0.0
2024-08-06,746273,0.0,0.0
2024-08-06,746519,795.6,833.4
2024-08-06,746602,0.0,0.0
2024-08-06,746840,0.0,0.0
2024-08-06,747086,538.8,0.0
2024-08-07,744822,0.0,0.0
2024-08-07,744903,0.0,0.0
2024-08-07,744981,0.0,0.0
2024-08-07,745142,0.0,0.0
2024-08-07,745223,0.0,0.0
2024-08-07,745469,0.0,0.0
2024-08-07,745630,0.0,0.0
2024-08-07,745709,2437.6,0.0
2024-08-07,745713,2437.6,0.0
2024-08-07,746031,0.0,0.0
2024-08-07,746115,0.0,0.0
2024-08-07,746272,0.0,0.0
2024-08-07,746521,0.0,0.0
2024-08-07,746602,0.0,0.0
2024-08-07,746604,0.0,0.0
2024-08-07,746842,0.0,0.0
2024-08-07,747085,0.0,0.0
2024-08-08,744819,0.0,0.0
2024-08-08,744899,0.0,0.0
2024-08-08,745143,0.0,0.0
2024-08-08,745226,0.0,0.0
2024-08-08,745466,0.0,0.0
2024-08-08,745710,0.0,0.0
2024-08-08,746030,0.0,0.0
2024-08-08,746522,0.0,0.0
2024-08-08,747081,0.0,0.0
2024-08-08,747169,357.2,1745.9
2024-08-09,744818,212.1,0.0
2024-08-09,744900,2253.6,0.0
2024-08-09,745062,1111.7,866.6
2024-08-09,745220,1018.2,0.0
2024-08-09,745308,678.0,2435.3
2024-08-09,745708,1392.3,0.0
2024-08-09,745871,630.5,351.2
2024-08-09,745927,630.5,351.2
2024-08-09,745957,1269.7,659.0
2024-08-09,746032,1013.6,0.0
2024-08-09,746113,2130.9,0.0
2024-08-09,746275,232.6,0.0
2024-08-09,746523,1202.1,0.0
2024-08-09,746760,8.3,1844.0
2024-08-09,746927,1562.2,1241.7
2024-08-09,747168,0.0,0.0
2024-08-10,744820,0.0,0.0
2024-08-10,744897,0.0,0.0
2024-08-10,745056,0.0,0.0
2024-08-10,745219,0.0,0.0
2024-08-10,745304,0.0,0.0
2024-08-10,745708,1392.3,0.0
2024-08-10,745712,1392.3,0.0
2024-08-10,745873,0.0,0.0
2024-08-10,745955,0.0,0.0
2024-08-10,746026,0.0,0.0
2024-08-10,746112,0.0,0.0
2024-08-10,746269,0.0,0.0
2024-08-10,746520,0.0,0.0
2024-08-10,746761,0.0,0.0
2024-08-10,746922,0.0,0.0
2024-08-10,747164,0.0,0.0
2024-08-11,744816,0.0,0.0
2024-08-11,744895,0.0,0.0
2024-08-11,745057,0.0,0.0
2024-08-11,745216,0.0,0.0
2024-08-11,745303,0.0,0.0
2024-08-11,745711,0.0,0.0
2024-08-11,745872,0.0,0.0
2024-08-11,745956,0.0,0.0
2024-08-11,746025,0.0,0.0
2024-08-11,746114,0.0,0.0
2024-08-11,746517,0.0,0.0
2024-08-11,746923,0.0,0.0
2024-08-11,747166,0.0,0.0
2024-08-12,745058,1198.2,0.0
2024-08-12,745300,945.5,0.0
2024-08-12,745383,113.2,2265.9
2024-08-12,745874,414.3,0.0
2024-08-12,745953,1737.1,0.0
2024-08-12,746192,2161.6,2282.7
2024-08-12,746603,307.9,630.5
2024-08-12,746682,534.7,326.0
2024-08-12,746762,713.8,0.0
2024-08-12,746921,179.9,0.0
2024-08-12,747165,586.1,0.0
2024-08-13,745055,0.0,0.0
2024-08-13,745302,0.0,0.0
2024-08-13,745382,0.0,0.0
2024-08-13,745548,1018.8,2077.5
2024-08-13,745788,346.6,2408.0
2024-08-13,745867,0.0,0.0
2024-08-13,745954,0.0,0.0
2024-08-13,746187,0.0,0.0
2024-08-13,746435,1932.9,2085.3
2024-08-13,746601,0.0,0.0
2024-08-13,746673,0.0,0.0
2024-08-13,746757,0.0,0.0
2024-08-13,746924,0.0,0.0
2024-08-13,747004,35.1,867.6
2024-08-13,747160,0.0,0.0
2024-08-14,745053,0.0,0.0
2024-08-14,745301,0.0,0.0
2024-08-14,745381,0.0,0.0
2024-08-14,745544,0.0,0.0
2024-08-14,745790,0.0,0.0
2024-08-14,745869,0.0,0.0
2024-08-14,745951,0.0,0.0
2024-08-14,746188,0.0,0.0
2024-08-14,746436,0.0,0.0
2024-08-14,746598,0.0,0.0
2024-08-14,746677,0.0,0.0
2024-08-14,746759,0.0,0.0
2024-08-14,746919,0.0,0.0
2024-08-14,747000,0.0,0.0
2024-08-14,747163,0.0,0.0
2024-08-15,744980,869.5,1562.2
2024-08-15,745298,0.0,0.0
2024-08-15,745545,88.6,0.0
2024-08-15,745783,0.0,0.0
2024-08-15,745950,0.0,0.0
2024-08-15,746437,0.0,0.0
2024-08-15,747002,358.0,0.0
2024-08-16,744974,0.0,0.0
2024-08-16,745054,1786.2,0.0
2024-08-16,745144,325.8,307.6
2024-08-16,745462,204.8,2112.8
2024-08-16,745542,0.0,0.0
2024-08-16,745784,91.1,0.0
2024-08-16,745949,338.3,0.0
2024-08-16,746189,373.2,0.0
2024-08-16,746357,938.7,781.1
2024-08-16,746438,237.7,0.0
2024-08-16,746518,833.4,586.1
2024-08-16,746674,605.9,0.0
2024-08-16,746843,1731.4,309.4
2024-08-16,747001,0.0,0.0
2024-08-17,744977,0.0,0.0
2024-08-17,745049,0.0,0.0
2024-08-17,745140,0.0,0.0
2024-08-17,745463,0.0,0.0
2024-08-17,745537,0.0,0.0
2024-08-17,745626,10.5,2562.6
2024-08-17,745785,0.0,0.0
2024-08-17,745952,0.0,0.0
2024-08-17,746190,0.0,0.0
2024-08-17,746355,0.0,0.0
2024-08-17,746434,0.0,0.0
2024-08-17,746515,0.0,0.0
2024-08-17,746675,0.0,0.0
2024-08-17,746841,0.0,0.0
2024-08-17,746997,0.0,0.0
2024-08-18,744975,0.0,0.0
2024-08-18,745051,0.0,0.0
2024-08-18,745139,0.0,0.0
2024-08-18,745464,0.0,0.0
2024-08-18,745539,0.0,0.0
2024-08-18,745621,0.0,0.0
2024-08-18,745786,0.0,0.0
2024-08-18,745948,0.0,0.0
2024-08-18,746186,0.0,0.0
2024-08-18,746359,0.0,0.0
2024-08-18,746431,0.0,0.0
2024-08-18,746516,0.0,0.0
2024-08-18,746676,0.0,0.0
2024-08-18,746838,0.0,0.0
2024-08-18,746999,0.0,0.0
2024-08-19,744898,410.9,434.9
2024-08-19,744976,1083.8,0.0
2024-08-19,745294,1641.6,10.5
2024-08-19,745380,1164.9,833.4
2024-08-19,745620,2379.6,0.0
2024-08-19,745780,178.7,0.0
2024-08-19,746027,203.6,1097.7
2024-08-19,746109,2130.9,1585.6
2024-08-19,746270,1346.4,534.7
2024-08-19,746351,1249.4,0.0
2024-08-20,744814,1491.2,121.5
2024-08-20,744896,0.0,0.0
2024-08-20,744978,0.0,0.0
2024-08-20,745136,325.8,0.0
2024-08-20,745295,0.0,0.0
2024-08-20,745374,0.0,0.0
2024-08-20,745624,0.0,0.0
2024-08-20,745707,736.8,482.6
2024-08-20,745782,0.0,0.0
2024-08-20,746029,0.0,0.0
2024-08-20,746107,0.0,0.0
2024-08-20,746266,0.0,0.0
2024-08-20,746349,0.0,0.0
2024-08-20,746839,237.5,0.0
2024-08-20,747083,660.3,1908.9
2024-08-21,744812,0.0,0.0
2024-08-21,744893,0.0,0.0
2024-08-21,744973,0.0,0.0
2024-08-21,745138,0.0,0.0
2024-08-21,745297,0.0,0.0
2024-08-21,745375,0.0,0.0
2024-08-21,745622,0.0,0.0
2024-08-21,745704,0.0,0.0
2024-08-21,745781,0.0,0.0
2024-08-21,746028,0.0,0.0
2024-08-21,746110,0.0,0.0
2024-08-21,746267,0.0,0.0
2024-08-21,746350,0.0,0.0
2024-08-21,746837,0.0,0.0
2024-08-21,747084,0.0,0.0
2024-08-22,744815,0.0,0.0
2024-08-22,744894,843.0,0.0
2024-08-22,745137,0.0,0.0
2024-08-22,745379,2436.2,0.0
2024-08-22,745465,223.0,1083.8
2024-08-22,745623,0.0,0.0
2024-08-22,745705,0.0,0.0
2024-08-22,746836,0.0,0.0
2024-08-22,746998,1249.4,178.7
2024-08-22,747082,0.0,0.0
2024-08-23,744889,0.0,0.0
2024-08-23,745217,678.0,957.8
2024-08-23,745378,0.0,0.0
2024-08-23,745460,0.0,0.0
2024-08-23,745625,1730.5,0.0
2024-08-23,745702,212.1,0.0
2024-08-23,745870,467.1,1530.5
2024-08-23,746024,1194.7,0.0
2024-08-23,746111,337.1,0.0
2024-08-23,746268,660.2,0.0
2024-08-23,746597,1039.1,406.1
2024-08-23,746758,8.3,1853.1
2024-08-23,746920,1256.4,1601.3
2024-08-23,746995,0.0,0.0
2024-08-23,747080,538.8,0.0
2024-08-24,744890,0.0,0.0
2024-08-24,745218,0.0,0.0
2024-08-24,745377,0.0,0.0
2024-08-24,745457,0.0,0.0
2024-08-24,745617,0.0,0.0
2024-08-24,745703,0.0,0.0
2024-08-24,745868,0.0,0.0
2024-08-24,746022,0.0,0.0
2024-08-24,746108,0.0,0.0
2024-08-24,746271,0.0,0.0
2024-08-24,746599,0.0,0.0
2024-08-24,746756,0.0,0.0
2024-08-24,746917,0.0,0.0
2024-08-24,746996,0.0,0.0
2024-08-24,747077,0.0,0.0
2024-08-25,744892,0.0,0.0
2024-08-25,745212,0.0,0.0
2024-08-25,745376,0.0,0.0
2024-08-25,745459,0.0,0.0
2024-08-25,745618,0.0,0.0
2024-08-25,745706,0.0,0.0
2024-08-25,745863,0.0,0.0
2024-08-25,746023,0.0,0.0
2024-08-25,746106,0.0,0.0
2024-08-25,746263,0.0,0.0
2024-08-25,746595,0.0,0.0
2024-08-25,746754,0.0,0.0
2024-08-25,746918,0.0,0.0
2024-08-25,746994,0.0,0.0
2024-08-25,747078,0.0,0.0
2024-08-26,744813,212.1,538.8
2024-08-26,745133,1561.5,467.1
2024-08-26,745215,957.8,0.0
2024-08-26,745458,1013.6,0.0
2024-08-26,745538,88.6,1029.7
2024-08-26,745865,897.8,0.0
2024-08-26,746513,1723.9,1630.4
2024-08-26,746596,694.6,0.0
2024-08-26,746628,694.6,0.0
2024-08-26,746753,0.0,0.0
2024-08-26,746915,428.3,0.0
2024-08-26,746942,428.3,0.0
2024-08-27,744811,0.0,0.0
2024-08-27,745132,0.0,0.0
2024-08-27,745213,0.0,0.0
2024-08-27,745461,0.0,0.0
2024-08-27,745540,0.0,0.0
2024-08-27,745864,0.0,0.0
2024-08-27,745946,1684.8,1824.6
2024-08-27,746105,2313.5,0.0
2024-08-27,746429,205.6,237.7
2024-08-27,746510,0.0,0.0
2024-08-27,746594,0.0,0.0
2024-08-27,746671,2027.8,256.5
2024-08-27,746755,307.9,0.0
2024-08-27,746916,0.0,0.0
2024-08-27,747162,299.0,2292.9
2024-08-28,744809,0.0,0.0
2024-08-28,745134,0.0,0.0
2024-08-28,745211,0.0,0.0
2024-08-28,745452,0.0,0.0
2024-08-28,745541,0.0,0.0
2024-08-28,745866,0.0,0.0
2024-08-28,745943,0.0,0.0
2024-08-28,746103,0.0,0.0
2024-08-28,746430,0.0,0.0
2024-08-28,746512,0.0,0.0
2024-08-28,746589,0.0,0.0
2024-08-28,746672,0.0,0.0
2024-08-28,746752,0.0,0.0
2024-08-28,746755,307.9,0.0
2024-08-28,746913,0.0,0.0
2024-08-28,747161,0.0,0.0
2024-08-29,745135,0.0,0.0
2024-08-29,745531,985.1,0.0
2024-08-29,745945,0.0,0.0
2024-08-29,746102,0.0,0.0
2024-08-29,746352,1114.0,1337.9
2024-08-29,746432,0.0,0.0
2024-08-29,746514,0.0,0.0
2024-08-29,746670,0.0,0.0
2024-08-29,746748,0.0,0.0
2024-08-29,746914,0.0,0.0
2024-08-29,747159,0.0,0.0
2024-08-30,744810,193.0,0.0
2024-08-30,744969,828.1,813.6
2024-08-30,745052,866.6,2525.8
2024-08-30,745299,945.5,1833.4
2024-08-30,745533,0.0,0.0
2024-08-30,745700,876.4,212.1
2024-08-30,745862,1119.8,0.0
2024-08-30,746184,980.5,1968.9
2024-08-30,746353,0.0,0.0
2024-08-30,746433,609.8,0.0
2024-08-30,746511,829.2,0.0
2024-08-30,746593,113.7,0.0
2024-08-30,746665,326.0,0.0
2024-08-30,746730,326.0,0.0
2024-08-30,746749,1450.4,0.0
2024-08-30,747156,357.2,0.0
2024-08-31,744808,0.0,0.0
2024-08-31,744971,0.0,0.0
2024-08-31,745050,0.0,0.0
2024-08-31,745296,0.0,0.0
2024-08-31,745532,0.0,0.0
2024-08-31,745699,0.0,0.0
2024-08-31,745859,0.0,0.0
2024-08-31,746182,0.0,0.0
2024-08-31,746348,0.0,0.0
2024-08-31,746424,0.0,0.0
2024-08-31,746507,0.0,0.0
2024-08-31,746590,0.0,0.0
2024-08-31,746667,0.0,0.0
2024-08-31,746751,0.0,0.0
2024-08-31,747158,0.0,0.0
2024-09-01,744806,0.0,0.0
2024-09-01,744970,0.0,0.0
2024-09-01,745048,0.0,0.0
2024-09-01,745292,0.0,0.0
2024-09-01,745536,0.0,0.0
2024-09-01,745701,0.0,0.0
2024-09-01,745861,0.0,0.0
2024-09-01,746183,0.0,0.0
2024-09-01,746347,0.0,0.0
2024-09-01,746426,0.0,0.0
2024-09-01,746505,0.0,0.0
2024-09-01,746592,0.0,0.0
2024-09-01,746669,0.0,0.0
2024-09-01,746750,0.0,0.0
2024-09-01,747157,0.0,0.0
2024-09-02,744972,1392.3,0.0
2024-09-02,745046,1325.3,0.0
2024-09-02,745373,1968.4,2078.4
2024-09-02,745619,364.8,1453.9
2024-09-02,745779,488.0,718.8
2024-09-02,745947,736.8,326.0
2024-09-02,746265,694.6,644.1
2024-09-02,746668,892.4,0.0
2024-09-02,746833,309.4,598.6
2024-09-02,746992,603.7,1506.2
2024-09-02,747155,0.0,0.0
2024-09-03,744891,337.5,692.0
2024-09-03,744968,0.0,0.0
2024-09-03,745047,0.0,0.0
2024-09-03,745293,652.0,0.0
2024-09-03,745615,0.0,0.0
2024-09-03,745778,0.0,0.0
2024-09-03,745944,0.0,0.0
2024-09-03,746020,923.8,2587.3
2024-09-03,746185,335.5,0.0
2024-09-03,746264,0.0,0.0
2024-09-03,746834,0.0,0.0
2024-09-03,746991,0.0,0.0
2024-09-03,747079,1202.1,660.3
2024-09-04,744887,0.0,0.0
2024-09-04,744964,0.0,0.0
2024-09-04,745045,0.0,0.0
2024-09-04,745290,0.0,0.0
2024-09-04,745370,0.0,0.0
2024-09-04,745614,0.0,0.0
2024-09-04,745776,0.0,0.0
2024-09-04,745938,0.0,0.0
2024-09-04,746019,0.0,0.0
2024-09-04,746178,0.0,0.0
2024-09-04,746262,0.0,0.0
2024-09-04,746666,0.0,0.0
2024-09-04,746835,0.0,0.0
2024-09-04,746990,0.0,0.0
2024-09-04,747075,0.0,0.0
2024-09-05,744966,1201.6,0.0
2024-09-05,745042,0.0,0.0
2024-09-05,745289,0.0,0.0
2024-09-05,745369,0.0,0.0
2024-09-05,745451,1013.6,410.8
2024-09-05,745612,0.0,0.0
2024-09-05,746021,1235.1,0.0
2024-09-05,746664,0.0,0.0
2024-09-05,747073,0.0,0.0
2024-09-06,744967,0.0,0.0
2024-09-06,745131,1730.5,325.8
2024-09-06,745371,458.0,0.0
2024-09-06,745455,0.0,0.0
2024-09-06,745611,449.8,0.0
2024-09-06,745777,576.0,0.0
2024-09-06,745941,659.0,0.0
2024-09-06,746016,0.0,0.0
2024-09-06,746104,1358.3,27.9
2024-09-06,746257,1034.0,0.0
2024-09-06,746343,1641.6,892.4
2024-09-06,746832,818.9,0.0
2024-09-06,746912,358.0,179.6
2024-09-06,746993,867.6,0.0
2024-09-06,747074,726.8,0.0
2024-09-07,744963,0.0,0.0
2024-09-07,745125,0.0,0.0
2024-09-07,745372,0.0,0.0
2024-09-07,745455,0.0,0.0
2024-09-07,745456,0.0,0.0
2024-09-07,745613,0.0,0.0
2024-09-07,745775,0.0,0.0
2024-09-07,745942,0.0,0.0
2024-09-07,746018,0.0,0.0
2024-09-07,746099,0.0,0.0
2024-09-07,746259,0.0,0.0
2024-09-07,746344,0.0,0.0
2024-09-07,746829,0.0,0.0
2024-09-07,746911,0.0,0.0
2024-09-07,746986,0.0,0.0
2024-09-07,747076,0.0,0.0
2024-09-08,744965,0.0,0.0
2024-09-08,745128,0.0,0.0
2024-09-08,745368,0.0,0.0
2024-09-08,745453,0.0,0.0
2024-09-08,745616,0.0,0.0
2024-09-08,745774,0.0,0.0
2024-09-08,745940,0.0,0.0
2024-09-08,746017,0.0,0.0
2024-09-08,746098,0.0,0.0
2024-09-08,746258,0.0,0.0
2024-09-08,746345,0.0,0.0
2024-09-08,746827,0.0,0.0
2024-09-08,746910,0.0,0.0
2024-09-08,746989,0.0,0.0
2024-09-08,747072,0.0,0.0
2024-09-09,744888,346.6,726.8
2024-09-09,745454,1013.6,0.0
2024-09-09,745534,88.6,1018.8
2024-09-09,745698,1093.2,715.1
2024-09-09,745860,869.5,414.3
2024-09-09,746101,1740.8,0.0
2024-09-09,746746,1740.8,847.3
2024-09-09,746909,358.0,0.0
2024-09-09,747090,751.1,0.0
2024-09-10,744807,538.8,193.0
2024-09-10,744886,0.0,0.0
2024-09-10,745126,456.6,0.0
2024-09-10,745210,1063.5,1720.6
2024-09-10,745291,1833.4,458.0
2024-09-10,745446,0.0,0.0
2024-09-10,745535,0.0,0.0
2024-09-10,745694,0.0,0.0
2024-09-10,745856,0.0,0.0
2024-09-10,746097,0.0,0.0
2024-09-10,746346,1631.1,0.0
2024-09-10,746428,254.5,2076.4
2024-09-10,746747,0.0,0.0
2024-09-10,746907,0.0,0.0
2024-09-10,747152,867.8,1014.6
2024-09-11,744804,0.0,0.0
2024-09-11,744881,0.0,0.0
2024-09-11,745127,0.0,0.0
2024-09-11,745214,0.0,0.0
2024-09-11,745285,0.0,0.0
2024-09-11,745450,0.0,0.0
2024-09-11,745525,0.0,0.0
2024-09-11,745697,0.0,0.0
2024-09-11,745857,0.0,0.0
2024-09-11,746100,0.0,0.0
2024-09-11,746342,0.0,0.0
2024-09-11,746425,0.0,0.0
2024-09-11,746745,0.0,0.0
2024-09-11,746908,0.0,0.0
2024-09-11,747154,0.0,0.0
2024-09-12,744805,193.0,0.0
2024-09-12,745129,0.0,0.0
2024-09-12,745208,1114.0,0.0
2024-09-12,745288,0.0,0.0
2024-09-12,745695,179.9,0.0
2024-09-12,746337,0.0,0.0
2024-09-12,746427,0.0,0.0
2024-09-12,746591,358.6,307.9
2024-09-13,744800,0.0,0.0
2024-09-13,744882,659.7,0.0
2024-09-13,745207,0.0,0.0
2024-09-13,745286,678.0,0.0
2024-09-13,745447,319.8,0.0
2024-09-13,745529,337.5,0.0
2024-09-13,745696,0.0,0.0
2024-09-13,745855,467.1,0.0
2024-09-13,746181,1349.4,1515.2
2024-09-13,746423,609.8,0.0
2024-09-13,746509,829.2,1154.1
2024-09-13,746586,0.0,0.0
2024-09-13,746744,938.7,0.0
2024-09-13,747069,1926.0,538.8
2024-09-13,747153,652.0,0.0
2024-09-14,744803,0.0,0.0
2024-09-14,744884,0.0,0.0
2024-09-14,745209,0.0,0.0
2024-09-14,745284,0.0,0.0
2024-09-14,745448,0.0,0.0
2024-09-14,745528,0.0,0.0
2024-09-14,745689,0.0,0.0
2024-09-14,745858,0.0,0.0
2024-09-14,746177,0.0,0.0
2024-09-14,746422,0.0,0.0
2024-09-14,746508,0.0,0.0
2024-09-14,746584,0.0,0.0
2024-09-14,746740,0.0,0.0
2024-09-14,747070,0.0,0.0
2024-09-14,747148,0.0,0.0
2024-09-15,744801,0.0,0.0
2024-09-15,744883,0.0,0.0
2024-09-15,745206,0.0,0.0
2024-09-15,745287,0.0,0.0
2024-09-15,745449,0.0,0.0
2024-09-15,745530,0.0,0.0
2024-09-15,745693,0.0,0.0
2024-09-15,745852,0.0,0.0
2024-09-15,746180,0.0,0.0
2024-09-15,746419,0.0,0.0
2024-09-15,746506,0.0,0.0
2024-09-15,746585,0.0,0.0
2024-09-15,746741,0.0,0.0
2024-09-15,747071,0.0,0.0
2024-09-15,747151,0.0,0.0
2024-09-16,745130,556.9,659.7
2024-09-16,745367,86.4,458.0
2024-09-16,745773,212.3,91.1
2024-09-16,745939,696.3,1458.5
2024-09-16,746179,1731.2,0.0
2024-09-16,746260,639.8,774.1
2024-09-16,746502,586.1,0.0
2024-09-16,746588,630.5,0.0
2024-09-16,746828,8.3,917.1
2024-09-16,747067,0.0,0.0
2024-09-17,744961,1216.2,1669.0
2024-09-17,745044,1029.5,950.1
2024-09-17,745122,0.0,0.0
2024-09-17,745205,2402.0,0.0
2024-09-17,745366,0.0,0.0
2024-09-17,745772,0.0,0.0
2024-09-17,745935,0.0,0.0
2024-09-17,746015,615.5,923.8
2024-09-17,746176,0.0,0.0
2024-09-17,746261,0.0,0.0
2024-09-17,746503,0.0,0.0
2024-09-17,746587,0.0,0.0
2024-09-17,746659,359.8,605.9
2024-09-17,746830,0.0,0.0
2024-09-17,746987,2449.3,396.7
2024-09-18,744959,0.0,0.0
2024-09-18,745040,0.0,0.0
2024-09-18,745121,0.0,0.0
2024-09-18,745199,0.0,0.0
2024-09-18,745365,0.0,0.0
2024-09-18,745771,0.0,0.0
2024-09-18,745933,0.0,0.0
2024-09-18,746014,0.0,0.0
2024-09-18,746172,0.0,0.0
2024-09-18,746254,0.0,0.0
2024-09-18,746500,0.0,0.0
2024-09-18,746582,0.0,0.0
2024-09-18,746662,0.0,0.0
2024-09-18,746831,0.0,0.0
2024-09-18,746988,0.0,0.0
2024-09-19,744962,0.0,0.0
2024-09-19,745041,0.0,0.0
2024-09-19,745120,0.0,0.0
2024-09-19,745204,0.0,0.0
2024-09-19,745769,742.3,0.0
2024-09-19,745937,909.1,0.0
2024-09-19,746011,0.0,0.0
2024-09-19,746341,1349.4,1301.7
2024-09-19,746579,0.0,0.0
2024-09-19,746663,0.0,0.0
2024-09-19,746823,720.2,0.0
2024-09-19,746985,0.0,0.0
2024-09-20,744960,1669.0,0.0
2024-09-20,745043,926.4,0.0
2024-09-20,745123,491.5,0.0
2024-09-20,745364,86.4,0.0
2024-09-20,745606,679.9,1842.5
2024-09-20,745770,0.0,0.0
2024-09-20,745934,0.0,0.0
2024-09-20,746013,953.3,0.0
2024-09-20,746094,829.2,2333.4
2024-09-20,746256,955.2,0.0
2024-09-20,746340,0.0,0.0
2024-09-20,746661,307.6,0.0
2024-09-20,746824,0.0,0.0
2024-09-20,746905,547.1,1198.2
2024-09-20,746984,955.2,0.0
2024-09-21,744958,0.0,0.0
2024-09-21,745038,0.0,0.0
2024-09-21,745124,0.0,0.0
2024-09-21,745360,0.0,0.0
2024-09-21,745610,0.0,0.0
2024-09-21,745768,0.0,0.0
2024-09-21,745936,0.0,0.0
2024-09-21,746012,0.0,0.0
2024-09-21,746096,0.0,0.0
2024-09-21,746255,0.0,0.0
2024-09-21,746338,0.0,0.0
2024-09-21,746660,0.0,0.0
2024-09-21,746826,0.0,0.0
2024-09-21,746906,0.0,0.0
2024-09-21,746983,0.0,0.0
2024-09-22,744955,0.0,0.0
2024-09-22,745036,0.0,0.0
2024-09-22,745118,0.0,0.0
2024-09-22,745358,0.0,0.0
2024-09-22,745608,0.0,0.0
2024-09-22,745767,0.0,0.0
2024-09-22,745929,0.0,0.0
2024-09-22,746010,0.0,0.0
2024-09-22,746092,0.0,0.0
2024-09-22,746253,0.0,0.0
2024-09-22,746339,0.0,0.0
2024-09-22,746657,0.0,0.0
2024-09-22,746825,0.0,0.0
2024-09-22,746903,0.0,0.0
2024-09-22,746906,0.0,0.0
2024-09-22,746982,0.0,0.0
2024-09-23,744885,428.3,1111.7
2024-09-23,745527,666.4,91.1
2024-09-23,746334,230.5,0.0
2024-09-23,747150,1051.5,1458.5
2024-09-24,744802,937.4,598.6
2024-09-24,744876,0.0,0.0
2024-09-24,745441,447.5,256.5
2024-09-24,745526,0.0,0.0
2024-09-24,745605,1453.9,0.0
2024-09-24,745688,178.1,2557.5
2024-09-24,745851,1512.6,1119.8
2024-09-24,746093,113.2,0.0
2024-09-24,746336,0.0,0.0
2024-09-24,746421,1007.0,396.7
2024-09-24,746504,795.6,829.2
2024-09-24,746581,222.6,491.5
2024-09-24,746743,938.7,1730.7
2024-09-24,747068,751.1,615.5
2024-09-24,747149,0.0,0.0
2024-09-25,744795,0.0,0.0
2024-09-25,744877,0.0,0.0
2024-09-25,745442,0.0,0.0
2024-09-25,745521,0.0,0.0
2024-09-25,745607,0.0,0.0
2024-09-25,745690,0.0,0.0
2024-09-25,745854,0.0,0.0
2024-09-25,746095,0.0,0.0
2024-09-25,746331,0.0,0.0
2024-09-25,746420,0.0,0.0
2024-09-25,746501,0.0,0.0
2024-09-25,746583,0.0,0.0
2024-09-25,746742,0.0,0.0
2024-09-25,747064,0.0,0.0
2024-09-25,747144,0.0,0.0
2024-09-26,744796,0.0,0.0
2024-09-26,745443,0.0,0.0
2024-09-26,745609,0.0,0.0
2024-09-26,745691,0.0,0.0
2024-09-26,745853,0.0,0.0
2024-09-26,746088,0.0,0.0
2024-09-26,746415,0.0,0.0
2024-09-26,746495,0.0,0.0
2024-09-26,746738,0.0,0.0
2024-09-26,747139,0.0,0.0
2024-09-27,744797,121.5,0.0
2024-09-27,744879,692.0,0.0
2024-09-27,745202,679.9,1889.5
2024-09-27,745280,945.5,652.0
2024-09-27,745692,319.8,0.0
2024-09-27,745847,1017.7,0.0
2024-09-27,745930,659.0,447.5
2024-09-27,746173,364.8,1731.2
2024-09-27,746417,237.7,0.0
2024-09-27,746494,829.2,0.0
2024-09-27,746580,1114.0,0.0
2024-09-27,746822,309.4,666.4
2024-09-27,746904,609.8,428.3
2024-09-27,747065,538.8,0.0
2024-09-27,747145,357.2,0.0
2024-09-28,744799,0.0,0.0
2024-09-28,744878,0.0,0.0
2024-09-28,745203,0.0,0.0
2024-09-28,745281,0.0,0.0
2024-09-28,745685,0.0,0.0
2024-09-28,745849,0.0,0.0
2024-09-28,745931,0.0,0.0
2024-09-28,746171,0.0,0.0
2024-09-28,746414,0.0,0.0
2024-09-28,746499,0.0,0.0
2024-09-28,746578,0.0,0.0
2024-09-28,746819,0.0,0.0
2024-09-28,746902,0.0,0.0
2024-09-28,747066,0.0,0.0
2024-09-28,747146,0.0,0.0
2024-09-29,744798,0.0,0.0
2024-09-29,744880,0.0,0.0
2024-09-29,745201,0.0,0.0
2024-09-29,745282,0.0,0.0
2024-09-29,745686,0.0,0.0
2024-09-29,745846,0.0,0.0
2024-09-29,745932,0.0,0.0
2024-09-29,746174,0.0,0.0
2024-09-29,746416,0.0,0.0
2024-09-29,746496,0.0,0.0
2024-09-29,746820,0.0,0.0
2024-09-29,746901,0.0,0.0
2024-09-29,747061,0.0,0.0
2024-09-29,747147,0.0,0.0
2024-09-30,747064,659.0,0.0
2024-09-30,747139,659.0,0.0
2025-04-01,778485,0.0,0.0
2025-04-01,778486,0.0,0.0
2025-04-01,778487,0.0,0.0
2025-04-01,778488,0.0,0.0
2025-04-01,778489,0.0,0.0
2025-04-01,778490,0.0,0.0
2025-04-01,778491,0.0,0.0
2025-04-01,778492,2143.9,0.0
2025-04-01,778493,0.0,0.0
2025-04-01,778494,0.0,0.0
2025-04-01,778495,0.0,0.0
2025-04-01,778497,0.0,0.0
2025-04-01,778498,0.0,0.0
2025-04-02,778469,0.0,0.0
2025-04-02,778471,0.0,0.0
2025-04-02,778472,0.0,0.0
2025-04-02,778473,0.0,0.0
2025-04-02,778474,0.0,0.0
2025-04-02,778475,0.0,0.0
2025-04-02,778476,0.0,0.0
2025-04-02,778477,0.0,0.0
2025-04-02,778478,0.0,0.0
2025-04-02,778479,0.0,0.0
2025-04-02,778480,0.0,0.0
2025-04-02,778481,0.0,0.0
2025-04-02,778482,0.0,0.0
2025-04-02,778483,0.0,0.0
2025-04-02,778484,0.0,0.0
2025-04-03,778462,1058.0,357.2
2025-04-03,778466,0.0,0.0
2025-04-03,778467,0.0,0.0
2025-04-03,778468,326.0,0.0
2025-04-03,778470,0.0,0.0
2025-04-04,778444,678.0,1641.6
2025-04-04,778447,86.4,1572.8
2025-04-04,778453,0.0,0.0
2025-04-04,778454,926.4,828.1
2025-04-04,778455,955.2,436.3
2025-04-04,778456,935.9,1575.2
2025-04-04,778457,212.1,351.9
2025-04-04,778458,237.7,1932.9
2025-04-04,778459,2387.6,0.0
2025-04-04,778460,1731.3,1842.5
2025-04-04,778461,319.8,888.9
2025-04-04,778463,1033.5,358.0
2025-04-04,778464,615.5,1926.0
2025-04-04,778465,346.6,1097.7
2025-04-05,778436,0.0,0.0
2025-04-05,778437,0.0,0.0
2025-04-05,778438,0.0,0.0
2025-04-05,778439,0.0,0.0
2025-04-05,778440,0.0,0.0
2025-04-05,778441,0.0,0.0
2025-04-05,778442,0.0,0.0
2025-04-05,778443,0.0,0.0
2025-04-05,778445,0.0,0.0
2025-04-05,778446,0.0,0.0
2025-04-05,778448,0.0,0.0
2025-04-05,778449,0.0,0.0
2025-04-05,778450,0.0,0.0
2025-04-05,778451,0.0,0.0
2025-04-05,778452,0.0,0.0
2025-04-06,778419,0.0,0.0
2025-04-06,778420,0.0,0.0
2025-04-06,778421,0.0,0.0
2025-04-06,778422,0.0,0.0
2025-04-06,778423,0.0,0.0
2025-04-06,778425,0.0,0.0
2025-04-06,778427,0.0,0.0
2025-04-06,778428,0.0,0.0
2025-04-06,778429,0.0,0.0
2025-04-06,778430,0.0,0.0
2025-04-06,778431,0.0,0.0
2025-04-06,778432,0.0,0.0
2025-04-06,778433,0.0,0.0
2025-04-06,778434,0.0,0.0
2025-04-06,778435,0.0,0.0
2025-04-06,778443,0.0,0.0
2025-04-07,778405,1390.7,678.0
2025-04-07,778410,1833.4,0.0
2025-04-07,778411,818.9,0.0
2025-04-07,778412,414.3,0.0
2025-04-07,778413,1051.5,1978.8
2025-04-07,778414,1842.5,935.9
2025-04-07,778415,479.8,0.0
2025-04-07,778416,751.1,0.0
2025-04-07,778418,121.5,0.0
2025-04-07,778424,204.8,0.0
2025-04-07,778426,179.6,0.0
2025-04-08,778394,909.1,0.0
2025-04-08,778395,0.0,0.0
2025-04-08,778396,0.0,0.0
2025-04-08,778397,0.0,0.0
2025-04-08,778398,0.0,0.0
2025-04-08,778400,0.0,0.0
2025-04-08,778401,0.0,0.0
2025-04-08,778402,91.1,2034.2
2025-04-08,778403,0.0,0.0
2025-04-08,778404,0.0,0.0
2025-04-08,778406,660.3,0.0
2025-04-08,778407,0.0,0.0
2025-04-08,778408,0.0,0.0
2025-04-08,778409,0.0,0.0
2025-04-08,778417,2121.6,926.4
2025-04-09,778376,0.0,0.0
2025-04-09,778379,0.0,0.0
2025-04-09,778380,0.0,0.0
2025-04-09,778381,0.0,0.0
2025-04-09,778383,0.0,0.0
2025-04-09,778385,0.0,0.0
2025-04-09,778386,0.0,0.0
2025-04-09,778387,0.0,0.0
2025-04-09,778388,0.0,0.0
2025-04-09,778389,0.0,0.0
2025-04-09,778390,0.0,0.0
2025-04-09,778391,0.0,0.0
2025-04-09,778392,0.0,0.0
2025-04-09,778393,0.0,0.0
2025-04-09,778399,0.0,0.0
2025-04-10,778371,0.0,0.0
2025-04-10,778373,0.0,0.0
2025-04-10,778377,0.0,0.0
2025-04-10,778378,0.0,0.0
2025-04-10,778382,0.0,0.0
2025-04-10,778384,0.0,0.0
2025-04-11,778356,1740.8,2295.2
2025-04-11,778358,2562.6,0.0
2025-04-11,778360,1729.7,0.0
2025-04-11,778361,833.4,449.8
2025-04-11,778363,542.5,414.3
2025-04-11,778364,586.1,0.0
2025-04-11,778365,456.6,556.9
2025-04-11,778366,847.3,307.9
2025-04-11,778367,436.5,0.0
2025-04-11,778368,781.1,1889.5
2025-04-11,778369,923.8,1097.7
2025-04-11,778370,2566.5,482.6
2025-04-11,778372,358.0,1999.6
2025-04-11,778374,256.5,2037.3
2025-04-11,778375,694.6,0.0
2025-04-12,778341,0.0,0.0
2025-04-12,778345,0.0,0.0
2025-04-12,778346,0.0,0.0
2025-04-12,778347,0.0,0.0
2025-04-12,778348,0.0,0.0
2025-04-12,778349,0.0,0.0
2025-04-12,778350,0.0,0.0
2025-04-12,778351,0.0,0.0
2025-04-12,778352,0.0,0.0
2025-04-12,778353,0.0,0.0
2025-04-12,778354,0.0,0.0
2025-04-12,778355,0.0,0.0
2025-04-12,778357,0.0,0.0
2025-04-12,778359,0.0,0.0
2025-04-12,778362,358.0,1999.6
2025-04-13,778329,0.0,0.0
2025-04-13,778330,0.0,0.0
2025-04-13,778331,0.0,0.0
2025-04-13,778332,0.0,0.0
2025-04-13,778333,0.0,0.0
2025-04-13,778334,0.0,0.0
2025-04-13,778335,0.0,0.0
2025-04-13,778336,0.0,0.0
2025-04-13,778337,0.0,0.0
2025-04-13,778338,0.0,0.0
2025-04-13,778339,0.0,0.0
2025-04-13,778340,0.0,0.0
2025-04-13,778342,0.0,0.0
2025-04-13,778343,0.0,0.0
2025-04-13,778344,0.0,0.0
2025-04-14,778315,113.2,0.0
2025-04-14,778320,91.3,807.7
2025-04-14,778321,1013.6,256.5
2025-04-14,778322,1111.7,333.4
2025-04-14,778323,296.2,1458.5
2025-04-14,778324,1570.9,0.0
2025-04-14,778325,679.6,0.0
2025-04-14,778326,113.2,0.0
2025-04-14,778327,406.1,0.0
2025-04-14,778328,1011.3,0.0
2025-04-15,778302,0.0,0.0
2025-04-15,778305,0.0,0.0
2025-04-15,778306,230.5,1669.0
2025-04-15,778307,0.0,0.0
2025-04-15,778308,0.0,0.0
2025-04-15,778309,1844.0,0.0
2025-04-15,778310,0.0,0.0
2025-04-15,778311,0.0,0.0
2025-04-15,778312,0.0,0.0
2025-04-15,778313,0.0,0.0
2025-04-15,778314,0.0,0.0
2025-04-15,778316,1967.2,0.0
2025-04-15,778317,307.1,0.0
2025-04-15,778318,1976.4,0.0
2025-04-15,778319,0.0,0.0
2025-04-16,778287,0.0,0.0
2025-04-16,778288,0.0,0.0
2025-04-16,778289,0.0,0.0
2025-04-16,778290,0.0,0.0
2025-04-16,778293,0.0,0.0
2025-04-16,778294,0.0,0.0
2025-04-16,778295,0.0,0.0
2025-04-16,778296,0.0,0.0
2025-04-16,778297,0.0,0.0
2025-04-16,778298,0.0,0.0
2025-04-16,778299,0.0,0.0
2025-04-16,778300,0.0,0.0
2025-04-16,778301,0.0,0.0
2025-04-16,778303,0.0,0.0
2025-04-16,778304,0.0,0.0
2025-04-17,778278,880.2,1023.5
2025-04-17,778279,0.0,0.0
2025-04-17,778280,0.0,0.0
2025-04-17,778281,0.0,0.0
2025-04-17,778282,1029.5,0.0
2025-04-17,778283,0.0,0.0
2025-04-17,778285,0.0,0.0
2025-04-17,778286,482.6,254.5
2025-04-17,778291,0.0,0.0
2025-04-17,778292,0.0,0.0
2025-04-18,778260,2376.0,1201.6
2025-04-18,778261,84.6,0.0
2025-04-18,778263,1221.4,0.0
2025-04-18,778266,1317.1,829.2
2025-04-18,778268,1194.7,1731.3
2025-04-18,778269,1301.7,679.6
2025-04-18,778270,0.0,0.0
2025-04-18,778271,196.6,0.0
2025-04-18,778272,0.0,0.0
2025-04-18,778273,410.9,0.0
2025-04-18,778274,1018.8,0.0
2025-04-18,778275,847.3,1198.2
2025-04-18,778276,422.3,0.0
2025-04-18,778277,0.0,0.0
2025-04-18,778284,897.8,726.8
2025-04-19,778243,0.0,0.0
2025-04-19,778247,1317.1,829.2
2025-04-19,778251,0.0,0.0
2025-04-19,778252,0.0,0.0
2025-04-19,778253,0.0,0.0
2025-04-19,778254,0.0,0.0
2025-04-19,778255,0.0,0.0
2025-04-19,778256,0.0,0.0
2025-04-19,778257,0.0,0.0
2025-04-19,778258,0.0,0.0
2025-04-19,778259,0.0,0.0
2025-04-19,778262,0.0,0.0
2025-04-19,778264,0.0,0.0
2025-04-19,778265,0.0,0.0
2025-04-19,778267,0.0,0.0
2025-04-20,778232,0.0,0.0
2025-04-20,778234,0.0,0.0
2025-04-20,778235,0.0,0.0
2025-04-20,778236,0.0,0.0
2025-04-20,778237,0.0,0.0
2025-04-20,778239,0.0,0.0
2025-04-20,778240,0.0,0.0
2025-04-20,778241,0.0,0.0
2025-04-20,778242,0.0,0.0
2025-04-20,778244,0.0,0.0
2025-04-20,778245,0.0,0.0
2025-04-20,778246,0.0,0.0
2025-04-20,778248,0.0,0.0
2025-04-20,778249,0.0,0.0
2025-04-20,778250,0.0,0.0
2025-04-20,778266,0.0,0.0
2025-04-21,778225,91.1,0.0
2025-04-21,778226,1833.4,373.2
2025-04-21,778227,950.1,113.7
2025-04-21,778228,1105.8,0.0
2025-04-21,778230,956.2,1018.8
2025-04-21,778231,1300.2,0.0
2025-04-21,778233,751.1,0.0
2025-04-21,778238,0.0,0.0
2025-04-22,778210,0.0,0.0
2025-04-22,778211,2119.6,0.0
2025-04-22,778212,1786.2,1451.5
2025-04-22,778213,1453.9,1824.6
2025-04-22,778215,563.1,639.8
2025-04-22,778216,1119.8,897.8
2025-04-22,778217,0.0,0.0
2025-04-22,778218,0.0,0.0
2025-04-22,778219,0.0,0.0
2025-04-22,778220,818.9,0.0
2025-04-22,778221,0.0,0.0
2025-04-22,778222,35.1,1491.2
2025-04-22,778223,0.0,0.0
2025-04-22,778224,428.3,0.0
2025-04-22,778229,0.0,0.0
2025-04-23,778195,0.0,0.0
2025-04-23,778197,0.0,0.0
2025-04-23,778198,0.0,0.0
2025-04-23,778199,0.0,0.0
2025-04-23,778200,0.0,0.0
2025-04-23,778201,0.0,0.0
2025-04-23,778202,0.0,0.0
2025-04-23,778203,0.0,0.0
2025-04-23,778204,0.0,0.0
2025-04-23,778205,0.0,0.0
2025-04-23,778206,0.0,0.0
2025-04-23,778207,0.0,0.0
2025-04-23,778208,0.0,0.0
2025-04-23,778209,0.0,0.0
2025-04-23,778214,0.0,0.0
2025-04-24,778188,0.0,0.0
2025-04-24,778189,0.0,0.0
2025-04-24,778190,0.0,0.0
2025-04-24,778191,0.0,0.0
2025-04-24,778192,0.0,0.0
2025-04-24,778193,0.0,0.0
2025-04-24,778194,0.0,0.0
2025-04-24,778195,0.0,0.0
2025-04-24,778196,0.0,0.0
2025-04-25,778171,10.5,0.0
2025-04-25,778172,299.0,1968.4
2025-04-25,778175,2729.3,2484.4
2025-04-25,778176,27.9,1740.8
2025-04-25,778177,1582.6,0.0
2025-04-25,778178,1570.9,0.0
2025-04-25,778179,547.1,0.0
2025-04-25,778180,397.0,0.0
2025-04-25,778181,1723.9,563.1
2025-04-25,778182,720.2,0.0
2025-04-25,778183,212.3,0.0
2025-04-25,778184,1740.2,456.6
2025-04-25,778185,1424.3,406.1
2025-04-25,778186,1515.2,0.0
2025-04-25,778187,644.1,0.0
2025-04-26,778154,0.0,0.0
2025-04-26,778159,0.0,0.0
2025-04-26,778160,0.0,0.0
2025-04-26,778161,0.0,0.0
2025-04-26,778162,0.0,0.0
2025-04-26,778163,0.0,0.0
2025-04-26,778164,0.0,0.0
2025-04-26,778165,0.0,0.0
2025-04-26,778166,0.0,0.0
2025-04-26,778167,0.0,0.0
2025-04-26,778168,397.0,0.0
2025-04-26,778169,547.1,0.0
2025-04-26,778170,0.0,0.0
2025-04-26,778173,0.0,0.0
2025-04-26,778174,0.0,0.0
2025-04-26,778179,547.1,0.0
2025-04-26,778180,397.0,0.0
2025-04-27,778136,0.0,0.0
2025-04-27,778144,0.0,0.0
2025-04-27,778145,0.0,0.0
2025-04-27,778146,0.0,0.0
2025-04-27,778147,0.0,0.0
2025-04-27,778148,0.0,0.0
2025-04-27,778149,0.0,0.0
2025-04-27,778150,0.0,0.0
2025-04-27,778151,0.0,0.0
2025-04-27,778152,0.0,0.0
2025-04-27,778153,0.0,0.0
2025-04-27,778155,0.0,0.0
2025-04-27,778156,0.0,0.0
2025-04-27,778157,0.0,0.0
2025-04-27,778158,0.0,0.0
2025-04-27,778170,0.0,0.0
2025-04-28,778132,957.8,0.0
2025-04-28,778137,586.1,0.0
2025-04-28,778138,0.0,0.0
2025-04-28,778139,630.5,0.0
2025-04-28,778140,178.1,396.7
2025-04-28,778141,307.6,1092.0
2025-04-28,778142,1105.8,644.1
2025-04-28,778143,1453.9,1464.4
2025-04-29,778120,0.0,0.0
2025-04-29,778121,1390.7,0.0
2025-04-29,778122,0.0,0.0
2025-04-29,778124,0.0,0.0
2025-04-29,778125,259.5,1844.0
2025-04-29,778126,458.0,0.0
2025-04-29,778127,188.7,340.2
2025-04-29,778128,1034.0,2078.4
2025-04-29,778129,0.0,0.0
2025-04-29,778130,2148.0,212.3
2025-04-29,778131,121.5,666.4
2025-04-29,778133,0.0,0.0
2025-04-29,778134,0.0,0.0
2025-04-29,778135,410.8,2130.9
2025-04-30,778102,0.0,0.0
2025-04-30,778104,0.0,0.0
2025-04-30,778105,0.0,0.0
2025-04-30,778106,0.0,0.0
2025-04-30,778109,0.0,0.0
2025-04-30,778110,0.0,0.0
2025-04-30,778111,0.0,0.0
2025-04-30,778112,0.0,0.0
2025-04-30,778113,0.0,0.0
2025-04-30,778114,0.0,0.0
2025-04-30,778115,0.0,0.0
2025-04-30,778116,0.0,0.0
2025-04-30,778117,0.0,0.0
2025-04-30,778118,0.0,0.0
2025-04-30,778119,0.0,0.0
2025-04-30,778134,0.0,0.0
2025-05-01,778094,0.0,0.0
2025-05-01,778095,0.0,0.0
2025-05-01,778096,0.0,0.0
2025-05-01,778097,0.0,0.0
2025-05-01,778098,945.5,458.0
2025-05-01,778099,0.0,0.0
2025-05-01,778100,0.0,0.0
2025-05-01,778101,1349.4,980.5
2025-05-01,778103,0.0,0.0
2025-05-01,778107,0.0,0.0
2025-05-01,778108,0.0,0.0
2025-05-02,778079,938.7,0.0
2025-05-02,778080,447.5,84.6
2025-05-02,778081,188.7,0.0
2025-05-02,778082,0.0,0.0
2025-05-02,778083,1669.0,0.0
2025-05-02,778084,880.2,307.6
2025-05-02,778085,0.0,0.0
2025-05-02,778086,91.1,0.0
2025-05-02,778087,500.9,0.0
2025-05-02,778088,1029.5,178.1
2025-05-02,778089,547.1,428.3
2025-05-02,778090,2112.8,0.0
2025-05-02,778091,1122.9,2333.4
2025-05-02,778092,1926.0,1202.1
2025-05-02,778093,867.6,0.0
2025-05-03,778064,0.0,0.0
2025-05-03,778065,0.0,0.0
2025-05-03,778066,0.0,0.0
2025-05-03,778067,0.0,0.0
2025-05-03,778068,0.0,0.0
2025-05-03,778069,0.0,0.0
2025-05-03,778070,0.0,0.0
2025-05-03,778071,0.0,0.0
2025-05-03,778072,0.0,0.0
2025-05-03,778073,0.0,0.0
2025-05-03,778074,0.0,0.0
2025-05-03,778075,0.0,0.0
2025-05-03,778076,0.0,0.0
2025-05-03,778077,0.0,0.0
2025-05-03,778078,0.0,0.0
2025-05-04,778048,0.0,0.0
2025-05-04,778050,0.0,0.0
2025-05-04,778051,0.0,0.0
2025-05-04,778052,0.0,0.0
2025-05-04,778053,0.0,0.0
2025-05-04,778054,0.0,0.0
2025-05-04,778055,0.0,0.0
2025-05-04,778056,0.0,0.0
2025-05-04,778057,0.0,0.0
2025-05-04,778058,0.0,0.0
2025-05-04,778059,0.0,0.0
2025-05-04,778060,0.0,0.0
2025-05-04,778061,0.0,0.0
2025-05-04,778062,0.0,0.0
2025-05-04,778063,0.0,0.0
2025-05-04,778068,0.0,0.0
2025-05-05,778036,556.9,0.0
2025-05-05,778038,1453.9,2576.8
2025-05-05,778039,1269.9,2077.5
2025-05-05,778042,84.6,0.0
2025-05-05,778043,407.8,955.2
2025-05-05,778044,1851.6,76.3
2025-05-05,778045,319.8,0.0
2025-05-05,778046,351.9,403.0
2025-05-05,778047,615.5,0.0
2025-05-05,778049,359.8,0.0
2025-05-06,778024,0.0,0.0
2025-05-06,778025,2161.6,0.0
2025-05-06,778026,351.9,403.0
2025-05-06,778027,0.0,0.0
2025-05-06,778028,937.5,1119.8
2025-05-06,778029,822.2,945.5
2025-05-06,778030,0.0,0.0
2025-05-06,778031,0.0,0.0
2025-05-06,778032,0.0,0.0
2025-05-06,778033,0.0,0.0
2025-05-06,778034,0.0,0.0
2025-05-06,778035,0.0,0.0
2025-05-06,778037,1562.2,0.0
2025-05-06,778040,941.4,1029.5
2025-05-06,778041,0.0,0.0
2025-05-06,778046,351.9,403.0
2025-05-07,778009,0.0,0.0
2025-05-07,778010,0.0,0.0
2025-05-07,778011,0.0,0.0
2025-05-07,778012,0.0,0.0
2025-05-07,778013,822.2,945.5
2025-05-07,778014,0.0,0.0
2025-05-07,778015,0.0,0.0
2025-05-07,778016,0.0,0.0
2025-05-07,778017,0.0,0.0
2025-05-07,778018,0.0,0.0
2025-05-07,778019,0.0,0.0
2025-05-07,778020,0.0,0.0
2025-05-07,778021,0.0,0.0
2025-05-07,778022,0.0,0.0
2025-05-07,778023,0.0,0.0
2025-05-08,777999,1976.4,0.0
2025-05-08,778000,0.0,0.0
2025-05-08,778003,0.0,0.0
2025-05-08,778004,0.0,0.0
2025-05-08,778005,0.0,0.0
2025-05-08,778006,0.0,0.0
2025-05-08,778007,0.0,0.0
2025-05-08,778008,0.0,0.0
2025-05-08,778029,0.0,0.0
2025-05-09,777984,980.5,679.9
2025-05-09,777986,1515.2,0.0
2025-05-09,777988,0.0,0.0
2025-05-09,777989,699.6,1003.7
2025-05-09,777990,1241.7,0.0
2025-05-09,777991,1186.7,407.8
2025-05-09,777992,351.2,0.0
2025-05-09,777993,1630.4,0.0
2025-05-09,777994,2557.5,0.0
2025-05-09,777995,710.1,0.0
2025-05-09,777996,609.8,1154.1
2025-05-09,777997,950.1,306.2
2025-05-09,777998,515.1,556.9
2025-05-09,778001,720.2,2148.0
2025-05-09,778002,1095.4,0.0
2025-05-10,777970,0.0,0.0
2025-05-10,777972,0.0,0.0
2025-05-10,777973,0.0,0.0
2025-05-10,777974,0.0,0.0
2025-05-10,777975,0.0,0.0
2025-05-10,777976,0.0,0.0
2025-05-10,777977,0.0,0.0
2025-05-10,777978,0.0,0.0
2025-05-10,777979,0.0,0.0
2025-05-10,777980,0.0,0.0
2025-05-10,777981,0.0,0.0
2025-05-10,777982,0.0,0.0
2025-05-10,777983,0.0,0.0
2025-05-10,777985,0.0,0.0
2025-05-10,777987,0.0,0.0
2025-05-11,777954,0.0,0.0
2025-05-11,777955,0.0,0.0
2025-05-11,777956,0.0,0.0
2025-05-11,777957,0.0,0.0
2025-05-11,777958,0.0,0.0
2025-05-11,777961,0.0,0.0
2025-05-11,777962,0.0,0.0
2025-05-11,777963,0.0,0.0
2025-05-11,777964,0.0,0.0
2025-05-11,777965,0.0,0.0
2025-05-11,777966,0.0,0.0
2025-05-11,777967,0.0,0.0
2025-05-11,777968,0.0,0.0
2025-05-11,777969,0.0,0.0
2025-05-11,777971,0.0,0.0
2025-05-12,777939,652.0,1579.2
2025-05-12,777941,679.9,0.0
2025-05-12,777947,86.4,833.4
2025-05-12,777948,644.1,0.0
2025-05-12,777949,654.2,1012.7
2025-05-12,777950,323.8,0.0
2025-05-12,777951,639.8,0.0
2025-05-12,777952,8.3,720.2
2025-05-12,777953,121.5,358.6
2025-05-12,777959,538.8,515.1
2025-05-12,777960,950.1,0.0
2025-05-13,777926,0.0,0.0
2025-05-13,777930,0.0,0.0
2025-05-13,777931,0.0,0.0
2025-05-13,777932,0.0,0.0
2025-05-13,777933,0.0,0.0
2025-05-13,777934,0.0,0.0
2025-05-13,777935,1111.7,2066.3
2025-05-13,777936,0.0,0.0
2025-05-13,777937,337.1,357.2
2025-05-13,777938,937.5,2301.4
2025-05-13,777940,0.0,0.0
2025-05-13,777942,0.0,0.0
2025-05-13,777943,0.0,0.0
2025-05-13,777944,0.0,0.0
2025-05-13,777945,250.3,892.4
2025-05-14,777914,0.0,0.0
2025-05-14,777915,0.0,0.0
2025-05-14,777916,0.0,0.0
2025-05-14,777917,0.0,0.0
2025-05-14,777918,0.0,0.0
2025-05-14,777919,0.0,0.0
2025-05-14,777920,0.0,0.0
2025-05-14,777921,0.0,0.0
2025-05-14,777922,0.0,0.0
2025-05-14,777923,0.0,0.0
2025-05-14,777924,937.5,2301.4
2025-05-14,777925,0.0,0.0
2025-05-14,777927,0.0,0.0
2025-05-14,777928,0.0,0.0
2025-05-14,777929,0.0,0.0
2025-05-14,777933,0.0,0.0
2025-05-14,777938,937.5,2301.4
2025-05-15,777909,0.0,0.0
2025-05-15,777910,230.5,0.0
2025-05-15,777911,0.0,0.0
2025-05-15,777912,0.0,0.0
2025-05-15,777913,0.0,0.0
2025-05-15,777946,0.0,0.0
2025-05-16,777891,345.5,0.0
2025-05-16,777895,0.0,0.0
2025-05-16,777896,1063.5,0.0
2025-05-16,777897,867.8,652.0
2025-05-16,777898,643.9,338.3
2025-05-16,777899,113.2,0.0
2025-05-16,777900,257.1,0.0
2025-05-16,777901,1029.7,644.1
2025-05-16,777902,222.6,0.0
2025-05-16,777903,1235.1,1194.7
2025-05-16,777904,6.5,2402.0
2025-05-16,777905,91.1,0.0
2025-05-16,777906,205.6,0.0
2025-05-16,777907,572.6,0.0
2025-05-16,777908,930.6,609.8
2025-05-17,777875,0.0,0.0
2025-05-17,777879,0.0,0.0
2025-05-17,777881,0.0,0.0
2025-05-17,777882,0.0,0.0
2025-05-17,777883,0.0,0.0
2025-05-17,777884,0.0,0.0
2025-05-17,777885,0.0,0.0
2025-05-17,777886,0.0,0.0
2025-05-17,777887,0.0,0.0
2025-05-17,777888,0.0,0.0
2025-05-17,777889,0.0,0.0
2025-05-17,777890,0.0,0.0
2025-05-17,777892,0.0,0.0
2025-05-17,777893,0.0,0.0
2025-05-17,777894,0.0,0.0
2025-05-18,777864,0.0,0.0
2025-05-18,777865,0.0,0.0
2025-05-18,777866,0.0,0.0
2025-05-18,777867,0.0,0.0
2025-05-18,777868,0.0,0.0
2025-05-18,777869,0.0,0.0
2025-05-18,777870,0.0,0.0
2025-05-18,777871,0.0,0.0
2025-05-18,777872,0.0,0.0
2025-05-18,777873,0.0,0.0
2025-05-18,777874,0.0,0.0
2025-05-18,777876,0.0,0.0
2025-05-18,777877,0.0,0.0
2025-05-18,777878,0.0,0.0
2025-05-18,777880,0.0,0.0
2025-05-19,777852,1575.2,586.1
2025-05-19,777853,337.1,10.5
2025-05-19,777854,357.2,0.0
2025-05-19,777855,1507.5,0.0
2025-05-19,777856,179.9,0.0
2025-05-19,777857,1730.7,8.3
2025-05-19,777858,926.4,203.6
2025-05-19,777859,256.5,258.2
2025-05-19,777860,643.9,0.0
2025-05-19,777862,659.7,232.6
2025-05-19,777863,1194.7,0.0
2025-05-20,777836,0.0,0.0
2025-05-20,777838,0.0,0.0
2025-05-20,777839,0.0,0.0
2025-05-20,777840,0.0,0.0
2025-05-20,777841,391.9,35.1
2025-05-20,777842,0.0,0.0
2025-05-20,777843,0.0,0.0
2025-05-20,777844,0.0,0.0
2025-05-20,777845,2164.0,0.0
2025-05-20,777846,0.0,0.0
2025-05-20,777847,0.0,0.0
2025-05-20,777848,0.0,0.0
2025-05-20,777849,1392.3,0.0
2025-05-20,777850,0.0,0.0
2025-05-20,777851,0.0,0.0
2025-05-21,777819,0.0,0.0
2025-05-21,777823,0.0,0.0
2025-05-21,777824,0.0,0.0
2025-05-21,777825,0.0,0.0
2025-05-21,777826,0.0,0.0
2025-05-21,777827,0.0,0.0
2025-05-21,777828,0.0,0.0
2025-05-21,777829,0.0,0.0
2025-05-21,777830,0.0,0.0
2025-05-21,777831,0.0,0.0
2025-05-21,777832,0.0,0.0
2025-05-21,777833,0.0,0.0
2025-05-21,777834,0.0,0.0
2025-05-21,777835,0.0,0.0
2025-05-21,777837,0.0,0.0
2025-05-22,777812,0.0,0.0
2025-05-22,777814,447.5,0.0
2025-05-22,777815,856.8,0.0
2025-05-22,777816,0.0,0.0
2025-05-22,777817,0.0,0.0
2025-05-22,777818,0.0,0.0
2025-05-22,777820,0.0,0.0
2025-05-22,777821,542.5,454.6
2025-05-22,777822,938.7,781.1
2025-05-23,777797,1585.6,0.0
2025-05-23,777798,2311.8,364.8
2025-05-23,777799,1579.2,0.0
2025-05-23,777800,0.0,0.0
2025-05-23,777801,2435.3,0.0
2025-05-23,777802,1630.4,0.0
2025-05-23,777804,935.9,0.0
2025-05-23,777805,713.8,0.0
2025-05-23,777806,0.0,0.0
2025-05-23,777807,0.0,0.0
2025-05-23,777808,2452.9,179.6
2025-05-23,777810,1111.7,0.0
2025-05-23,777811,953.3,256.5
2025-05-23,777813,726.8,538.8
2025-05-23,777815,856.8,0.0
2025-05-24,777781,0.0,0.0
2025-05-24,777782,0.0,0.0
2025-05-24,777784,0.0,0.0
2025-05-24,777786,0.0,0.0
2025-05-24,777787,0.0,0.0
2025-05-24,777788,0.0,0.0
2025-05-24,777789,0.0,0.0
2025-05-24,777790,0.0,0.0
2025-05-24,777791,0.0,0.0
2025-05-24,777792,0.0,0.0
2025-05-24,777793,0.0,0.0
2025-05-24,777794,0.0,0.0
2025-05-24,777795,0.0,0.0
2025-05-24,777796,0.0,0.0
2025-05-24,777803,0.0,0.0
2025-05-24,777809,0.0,0.0
2025-05-25,777765,0.0,0.0
2025-05-25,777766,0.0,0.0
2025-05-25,777767,0.0,0.0
2025-05-25,777768,0.0,0.0
2025-05-25,777772,0.0,0.0
2025-05-25,777773,0.0,0.0
2025-05-25,777774,0.0,0.0
2025-05-25,777775,0.0,0.0
2025-05-25,777776,0.0,0.0
2025-05-25,777777,0.0,0.0
2025-05-25,777778,0.0,0.0
2025-05-25,777779,0.0,0.0
2025-05-25,777780,0.0,0.0
2025-05-25,777783,0.0,0.0
2025-05-25,777785,0.0,0.0
2025-05-26,777756,86.4,1881.6
2025-05-26,777757,917.1,257.1
2025-05-26,777758,718.8,0.0
2025-05-26,777759,926.4,813.6
2025-05-26,777760,534.7,414.3
2025-05-26,777761,1824.2,1269.9
2025-05-26,777762,1325.3,0.0
2025-05-26,777763,822.2,0.0
2025-05-26,777764,856.8,447.5
2025-05-26,777769,411.0,91.1
2025-05-26,777770,397.0,0.0
2025-05-26,777771,729.9,358.0
2025-05-27,777741,0.0,0.0
2025-05-27,777742,0.0,0.0
2025-05-27,777743,2324.2,1889.5
2025-05-27,777744,0.0,0.0
2025-05-27,777745,0.0,0.0
2025-05-27,777746,0.0,0.0
2025-05-27,777747,0.0,0.0
2025-05-27,777748,660.3,2506.6
2025-05-27,777749,0.0,0.0
2025-05-27,777750,0.0,0.0
2025-05-27,777751,0.0,0.0
2025-05-27,777752,1631.1,0.0
2025-05-27,777753,0.0,0.0
2025-05-27,777754,0.0,0.0
2025-05-27,777755,0.0,0.0
2025-05-28,777724,0.0,0.0
2025-05-28,777726,0.0,0.0
2025-05-28,777728,0.0,0.0
2025-05-28,777729,0.0,0.0
2025-05-28,777730,0.0,0.0
2025-05-28,777731,0.0,0.0
2025-05-28,777732,0.0,0.0
2025-05-28,777733,0.0,0.0
2025-05-28,777734,0.0,0.0
2025-05-28,777735,0.0,0.0
2025-05-28,777736,0.0,0.0
2025-05-28,777737,0.0,0.0
2025-05-28,777738,0.0,0.0
2025-05-28,777739,0.0,0.0
2025-05-28,777740,0.0,0.0
2025-05-29,777722,0.0,0.0
2025-05-29,777723,0.0,0.0
2025-05-29,777725,781.1,0.0
2025-05-29,777727,1300.2,1216.2
2025-05-29,777735,0.0,0.0
2025-05-30,777707,299.0,0.0
2025-05-30,777708,27.9,2044.5
2025-05-30,777709,1226.1,0.0
2025-05-30,777710,1114.0,0.0
2025-05-30,777711,639.8,0.0
2025-05-30,777712,410.5,0.0
2025-05-30,777713,2525.8,0.0
2025-05-30,777714,0.0,0.0
2025-05-30,777715,696.3,0.0
2025-05-30,777716,0.0,0.0
2025-05-30,777717,1155.5,2265.9
2025-05-30,777718,720.2,0.0
2025-05-30,777719,659.0,660.3
2025-05-30,777720,178.7,0.0
2025-05-30,777721,2034.2,0.0
2025-05-31,777691,0.0,0.0
2025-05-31,777693,0.0,0.0
2025-05-31,777694,0.0,0.0
2025-05-31,777695,0.0,0.0
2025-05-31,777696,0.0,0.0
2025-05-31,777697,0.0,0.0
2025-05-31,777698,0.0,0.0
2025-05-31,777699,0.0,0.0
2025-05-31,777700,0.0,0.0
2025-05-31,777701,0.0,0.0
2025-05-31,777702,0.0,0.0
2025-05-31,777703,0.0,0.0
2025-05-31,777704,0.0,0.0
2025-05-31,777705,0.0,0.0
2025-05-31,777706,0.0,0.0
2025-06-01,777677,0.0,0.0
2025-06-01,777678,0.0,0.0
2025-06-01,777679,0.0,0.0
2025-06-01,777680,0.0,0.0
2025-06-01,777681,0.0,0.0
2025-06-01,777682,0.0,0.0
2025-06-01,777683,0.0,0.0
2025-06-01,777684,0.0,0.0
2025-06-01,777685,0.0,0.0
2025-06-01,777686,0.0,0.0
2025-06-01,777687,0.0,0.0
2025-06-01,777688,0.0,0.0
2025-06-01,777689,0.0,0.0
2025-06-01,777690,0.0,0.0
2025-06-01,777692,0.0,0.0
2025-06-02,777669,679.9,2253.6
2025-06-02,777670,547.1,930.6
2025-06-02,777671,500.9,257.1
2025-06-02,777673,1097.7,0.0
2025-06-02,777674,407.8,603.7
2025-06-02,777675,2452.9,0.0
2025-06-02,777676,458.0,2587.3
2025-06-03,777655,2328.1,0.0
2025-06-03,777656,0.0,0.0
2025-06-03,777657,0.0,0.0
2025-06-03,777658,0.0,0.0
2025-06-03,777659,598.6,1978.8
2025-06-03,777660,232.6,560.3
2025-06-03,777661,0.0,0.0
2025-06-03,777662,926.4,781.1
2025-06-03,777663,1136.4,2112.8
2025-06-03,777664,406.1,2448.4
2025-06-03,777665,337.5,0.0
2025-06-03,777666,0.0,0.0
2025-06-03,777667,0.0,0.0
2025-06-03,777668,0.0,0.0
2025-06-03,777672,1582.6,0.0
2025-06-04,777638,0.0,0.0
2025-06-04,777639,0.0,0.0
2025-06-04,777641,0.0,0.0
2025-06-04,777642,0.0,0.0
2025-06-04,777645,0.0,0.0
2025-06-04,777646,0.0,0.0
2025-06-04,777647,0.0,0.0
2025-06-04,777648,0.0,0.0
2025-06-04,777649,0.0,0.0
2025-06-04,777650,0.0,0.0
2025-06-04,777651,0.0,0.0
2025-06-04,777652,0.0,0.0
2025-06-04,777653,0.0,0.0
2025-06-04,777654,0.0,0.0
2025-06-05,777628,0.0,0.0
2025-06-05,777629,0.0,0.0
2025-06-05,777630,0.0,0.0
2025-06-05,777631,0.0,0.0
2025-06-05,777632,0.0,0.0
2025-06-05,777633,0.0,0.0
2025-06-05,777634,0.0,0.0
2025-06-05,777635,0.0,0.0
2025-06-05,777636,0.0,0.0
2025-06-05,777637,0.0,0.0
2025-06-05,777640,0.0,0.0
2025-06-05,777642,0.0,0.0
2025-06-05,777644,0.0,0.0
2025-06-06,777613,679.9,0.0
2025-06-06,777614,980.5,2578.5
2025-06-06,777615,692.0,1570.9
2025-06-06,777616,829.2,1723.9
2025-06-06,777617,1833.4,326.0
2025-06-06,777618,259.5,0.0
2025-06-06,777619,2126.5,0.0
2025-06-06,777620,1585.6,0.0
2025-06-06,777621,223.0,0.0
2025-06-06,777622,113.7,406.1
2025-06-06,777623,359.8,0.0
2025-06-06,777624,833.2,0.0
2025-06-06,777625,203.6,0.0
2025-06-06,777626,397.0,237.7
2025-06-06,777627,179.9,0.0
2025-06-07,777597,0.0,0.0
2025-06-07,777598,0.0,0.0
2025-06-07,777599,0.0,0.0
2025-06-07,777600,0.0,0.0
2025-06-07,777601,0.0,0.0
2025-06-07,777603,0.0,0.0
2025-06-07,777604,0.0,0.0
2025-06-07,777605,0.0,0.0
2025-06-07,777606,0.0,0.0
2025-06-07,777607,0.0,0.0
2025-06-07,777608,0.0,0.0
2025-06-07,777609,0.0,0.0
2025-06-07,777610,0.0,0.0
2025-06-07,777611,0.0,0.0
2025-06-07,777612,0.0,0.0
2025-06-07,777623,359.8,0.0
2025-06-08,777582,0.0,0.0
2025-06-08,777583,0.0,0.0
2025-06-08,777585,0.0,0.0
2025-06-08,777586,0.0,0.0
2025-06-08,777587,0.0,0.0
2025-06-08,777588,0.0,0.0
2025-06-08,777589,0.0,0.0
2025-06-08,777590,0.0,0.0
2025-06-08,777591,0.0,0.0
2025-06-08,777592,0.0,0.0
2025-06-08,777593,0.0,0.0
2025-06-08,777594,0.0,0.0
2025-06-08,777595,0.0,0.0
2025-06-08,777596,0.0,0.0
2025-06-08,777602,0.0,0.0
2025-06-09,777574,888.9,0.0
2025-06-09,777575,1833.4,0.0
2025-06-09,777576,364.8,0.0
2025-06-09,777577,335.5,1577.4
2025-06-09,777578,443.1,258.2
2025-06-09,777579,1561.5,1732.7
2025-06-09,777580,222.6,0.0
2025-06-09,777581,467.1,0.0
2025-06-09,777584,1198.2,179.9
2025-06-10,777557,934.5,0.0
2025-06-10,777558,0.0,0.0
2025-06-10,777559,0.0,0.0
2025-06-10,777560,0.0,0.0
2025-06-10,777563,945.5,0.0
2025-06-10,777564,0.0,0.0
2025-06-10,777565,0.0,0.0
2025-06-10,777566,0.0,0.0
2025-06-10,777567,938.7,1114.0
2025-06-10,777568,0.0,0.0
2025-06-10,777569,0.0,0.0
2025-06-10,777570,212.3,1635.3
2025-06-10,777571,0.0,0.0
2025-06-10,777572,1093.2,407.8
2025-06-10,777573,396.7,2439.9
2025-06-11,777542,0.0,0.0
2025-06-11,777543,0.0,0.0
2025-06-11,777545,0.0,0.0
2025-06-11,777547,0.0,0.0
2025-06-11,777548,0.0,0.0
2025-06-11,777549,0.0,0.0
2025-06-11,777550,0.0,0.0
2025-06-11,777551,0.0,0.0
2025-06-11,777552,0.0,0.0
2025-06-11,777553,0.0,0.0
2025-06-11,777554,0.0,0.0
2025-06-11,777555,0.0,0.0
2025-06-11,777556,0.0,0.0
2025-06-11,777561,0.0,0.0
2025-06-11,777562,0.0,0.0
2025-06-12,777532,325.8,0.0
2025-06-12,777533,0.0,0.0
2025-06-12,777534,0.0,0.0
2025-06-12,777536,0.0,0.0
2025-06-12,777540,0.0,0.0
2025-06-12,777541,410.8,666.4
2025-06-12,777544,0.0,0.0
2025-06-12,777546,0.0,0.0
2025-06-13,777520,2021.2,1114.0
2025-06-13,777521,299.0,0.0
2025-06-13,777522,829.2,113.2
2025-06-13,777524,230.5,869.5
2025-06-13,777525,0.0,0.0
2025-06-13,777526,0.0,0.0
2025-06-13,777527,1058.0,0.0
2025-06-13,777528,179.6,0.0
2025-06-13,777529,1346.4,0.0
2025-06-13,777530,193.0,212.3
2025-06-13,777531,807.7,0.0
2025-06-13,777535,1202.1,659.0
2025-06-13,777537,1241.7,0.0
2025-06-13,777538,91.1,396.7
2025-06-13,777539,2301.4,0.0
2025-06-14,777506,0.0,0.0
2025-06-14,777507,0.0,0.0
2025-06-14,777508,0.0,0.0
2025-06-14,777509,0.0,0.0
2025-06-14,777510,0.0,0.0
2025-06-14,777511,0.0,0.0
2025-06-14,777512,0.0,0.0
2025-06-14,777513,0.0,0.0
2025-06-14,777514,0.0,0.0
2025-06-14,777515,0.0,0.0
2025-06-14,777516,0.0,0.0
2025-06-14,777517,0.0,0.0
2025-06-14,777518,0.0,0.0
2025-06-14,777519,0.0,0.0
2025-06-14,777523,0.0,0.0
2025-06-15,777491,0.0,0.0
2025-06-15,777492,0.0,0.0
2025-06-15,777493,0.0,0.0
2025-06-15,777494,0.0,0.0
2025-06-15,777495,0.0,0.0
2025-06-15,777496,0.0,0.0
2025-06-15,777497,0.0,0.0
2025-06-15,777498,0.0,0.0
2025-06-15,777499,0.0,0.0
2025-06-15,777500,0.0,0.0
2025-06-15,777501,0.0,0.0
2025-06-15,777502,0.0,0.0
2025-06-15,777503,0.0,0.0
2025-06-15,777504,0.0,0.0
2025-06-15,777505,0.0,0.0
2025-06-16,777483,1018.8,923.8
2025-06-16,777484,867.6,1027.4
2025-06-16,777485,1631.1,1497.8
2025-06-16,777486,2484.4,0.0
2025-06-16,777487,178.1,179.9
2025-06-16,777488,538.8,0.0
2025-06-16,777490,357.2,0.0
2025-06-17,777467,84.6,813.6
2025-06-17,777468,459.3,0.0
2025-06-17,777469,0.0,0.0
2025-06-17,777471,0.0,0.0
2025-06-17,777472,678.0,345.5
2025-06-17,777473,0.0,0.0
2025-06-17,777475,237.5,0.0
2025-06-17,777476,0.0,0.0
2025-06-17,777477,0.0,0.0
2025-06-17,777478,892.4,236.6
2025-06-17,777479,1886.1,337.5
2025-06-17,777480,0.0,0.0
2025-06-17,777481,0.0,0.0
2025-06-17,777482,76.3,0.0
2025-06-17,777489,751.1,0.0
2025-06-18,777453,0.0,0.0
2025-06-18,777454,0.0,0.0
2025-06-18,777456,0.0,0.0
2025-06-18,777457,0.0,0.0
2025-06-18,777458,0.0,0.0
2025-06-18,777459,0.0,0.0
2025-06-18,777460,0.0,0.0
2025-06-18,777461,0.0,0.0
2025-06-18,777462,0.0,0.0
2025-06-18,777463,0.0,0.0
2025-06-18,777464,0.0,0.0
2025-06-18,777465,0.0,0.0
2025-06-18,777466,0.0,0.0
2025-06-18,777470,0.0,0.0
2025-06-18,777474,0.0,0.0
2025-06-19,777440,0.0,0.0
2025-06-19,777441,0.0,0.0
2025-06-19,777442,0.0,0.0
2025-06-19,777443,0.0,0.0
2025-06-19,777444,0.0,0.0
2025-06-19,777445,0.0,0.0
2025-06-19,777446,0.0,0.0
2025-06-19,777447,0.0,0.0
2025-06-19,777448,0.0,0.0
2025-06-19,777449,0.0,0.0
2025-06-19,777450,0.0,0.0
2025-06-19,777451,0.0,0.0
2025-06-19,777452,0.0,0.0
2025-06-19,777455,0.0,0.0
2025-06-19,777458,0.0,0.0
2025-06-19,777464,0.0,0.0
2025-06-20,777425,678.0,0.0
2025-06-20,777426,1164.9,113.2
2025-06-20,777427,2295.2,0.0
2025-06-20,777428,364.8,2437.6
2025-06-20,777429,10.5,0.0
2025-06-20,777430,1342.3,1491.2
2025-06-20,777431,1007.0,0.0
2025-06-20,777432,1083.8,204.8
2025-06-20,777433,307.6,259.5
2025-06-20,777434,351.2,605.9
2025-06-20,777435,436.5,0.0
2025-06-20,777436,1729.7,0.0
2025-06-20,777437,660.3,1018.8
2025-06-20,777438,1029.5,0.0
2025-06-20,777439,615.5,0.0
2025-06-21,777410,0.0,0.0
2025-06-21,777411,0.0,0.0
2025-06-21,777412,0.0,0.0
2025-06-21,777413,0.0,0.0
2025-06-21,777414,0.0,0.0
2025-06-21,777415,0.0,0.0
2025-06-21,777416,0.0,0.0
2025-06-21,777417,0.0,0.0
2025-06-21,777418,0.0,0.0
2025-06-21,777419,0.0,0.0
2025-06-21,777420,0.0,0.0
2025-06-21,777421,0.0,0.0
2025-06-21,777422,0.0,0.0
2025-06-21,777423,0.0,0.0
2025-06-21,777424,0.0,0.0
2025-06-22,777395,0.0,0.0
2025-06-22,777396,0.0,0.0
2025-06-22,777397,0.0,0.0
2025-06-22,777398,0.0,0.0
2025-06-22,777399,0.0,0.0
2025-06-22,777400,0.0,0.0
2025-06-22,777401,0.0,0.0
2025-06-22,777402,0.0,0.0
2025-06-22,777403,0.0,0.0
2025-06-22,777404,0.0,0.0
2025-06-22,777405,0.0,0.0
2025-06-22,777406,0.0,0.0
2025-06-22,777407,0.0,0.0
2025-06-22,777408,0.0,0.0
2025-06-22,777409,0.0,0.0
2025-06-23,777381,373.2,0.0
2025-06-23,777382,113.2,0.0
2025-06-23,777388,351.2,0.0
2025-06-23,777389,1097.7,91.1
2025-06-23,777390,572.6,307.6
2025-06-23,777391,447.5,296.2
2025-06-23,777392,265.8,0.0
2025-06-23,777393,917.7,436.5
2025-06-23,777394,196.6,178.1
2025-06-24,777364,2587.3,0.0
2025-06-24,777372,0.0,0.0
2025-06-24,777373,0.0,0.0
2025-06-24,777374,0.0,0.0
2025-06-24,777375,0.0,0.0
2025-06-24,777376,0.0,0.0
2025-06-24,777377,1337.9,1349.4
2025-06-24,777378,1034.0,1338.7
2025-06-24,777379,829.2,0.0
2025-06-24,777380,0.0,0.0
2025-06-24,777383,0.0,0.0
2025-06-24,777384,188.7,2151.8
2025-06-24,777385,0.0,0.0
2025-06-24,777386,2076.4,1007.0
2025-06-24,777387,0.0,0.0
2025-06-25,777355,0.0,0.0
2025-06-25,777357,0.0,0.0
2025-06-25,777358,0.0,0.0
2025-06-25,777359,0.0,0.0
2025-06-25,777360,0.0,0.0
2025-06-25,777361,0.0,0.0
2025-06-25,777362,0.0,0.0
2025-06-25,777363,0.0,0.0
2025-06-25,777365,0.0,0.0
2025-06-25,777366,0.0,0.0
2025-06-25,777367,0.0,0.0
2025-06-25,777368,0.0,0.0
2025-06-25,777369,0.0,0.0
2025-06-25,777370,0.0,0.0
2025-06-25,777371,0.0,0.0
2025-06-26,777344,0.0,0.0
2025-06-26,777347,0.0,0.0
2025-06-26,777348,0.0,0.0
2025-06-26,777350,0.0,0.0
2025-06-26,777351,0.0,0.0
2025-06-26,777352,0.0,0.0
2025-06-26,777353,0.0,0.0
2025-06-26,777354,0.0,0.0
2025-06-26,777356,0.0,0.0
2025-06-27,777331,86.4,0.0
2025-06-27,777332,652.0,1450.4
2025-06-27,777334,542.5,0.0
2025-06-27,777335,563.1,0.0
2025-06-27,777336,679.6,0.0
2025-06-27,777337,482.6,572.6
2025-06-27,777338,1853.1,0.0
2025-06-27,777339,909.1,0.0
2025-06-27,777340,869.5,1226.1
2025-06-27,777341,323.8,447.5
2025-06-27,777342,699.6,751.1
2025-06-27,777343,955.2,0.0
2025-06-27,777345,547.1,2578.5
2025-06-27,777346,1869.1,0.0
2025-06-27,777349,491.5,0.0
2025-06-28,777315,0.0,0.0
2025-06-28,777318,0.0,0.0
2025-06-28,777319,0.0,0.0
2025-06-28,777320,0.0,0.0
2025-06-28,777321,0.0,0.0
2025-06-28,777322,0.0,0.0
2025-06-28,777323,0.0,0.0
2025-06-28,777324,0.0,0.0
2025-06-28,777325,0.0,0.0
2025-06-28,777326,0.0,0.0
2025-06-28,777327,0.0,0.0
2025-06-28,777328,0.0,0.0
2025-06-28,777329,0.0,0.0
2025-06-28,777330,0.0,0.0
2025-06-28,777333,0.0,0.0
2025-06-29,777301,0.0,0.0
2025-06-29,777302,0.0,0.0
2025-06-29,777303,0.0,0.0
2025-06-29,777304,0.0,0.0
2025-06-29,777305,0.0,0.0
2025-06-29,777307,0.0,0.0
2025-06-29,777308,0.0,0.0
2025-06-29,777309,0.0,0.0
2025-06-29,777310,0.0,0.0
2025-06-29,777311,0.0,0.0
2025-06-29,777312,0.0,0.0
2025-06-29,777313,0.0,0.0
2025-06-29,777314,0.0,0.0
2025-06-29,777316,0.0,0.0
2025-06-29,777317,0.0,0.0
2025-06-30,777291,1450.4,0.0
2025-06-30,777292,1226.1,0.0
2025-06-30,777295,340.2,428.3
2025-06-30,777296,1029.5,867.6
2025-06-30,777297,1508.8,1669.0
2025-06-30,777299,113.7,0.0
2025-06-30,777300,736.3,0.0
2025-06-30,777306,500.9,660.3
2025-07-01,777278,0.0,0.0
2025-07-01,777280,1740.8,1358.3
2025-07-01,777281,0.0,0.0
2025-07-01,777282,0.0,0.0
2025-07-01,777283,0.0,0.0
2025-07-01,777284,397.0,2282.7
2025-07-01,777285,880.1,909.1
2025-07-01,777286,0.0,0.0
2025-07-01,777287,309.4,945.3
2025-07-01,777288,0.0,0.0
2025-07-01,777289,742.3,323.8
2025-07-01,777290,0.0,0.0
2025-07-01,777293,1155.5,1976.4
2025-07-01,777294,0.0,0.0
2025-07-01,777298,1908.9,0.0
2025-07-02,777262,0.0,0.0
2025-07-02,777265,397.0,2282.7
2025-07-02,777266,0.0,0.0
2025-07-02,777267,0.0,0.0
2025-07-02,777268,0.0,0.0
2025-07-02,777269,0.0,0.0
2025-07-02,777270,0.0,0.0
2025-07-02,777271,0.0,0.0
2025-07-02,777272,0.0,0.0
2025-07-02,777273,0.0,0.0
2025-07-02,777274,0.0,0.0
2025-07-02,777275,0.0,0.0
2025-07-02,777276,742.3,323.8
2025-07-02,777277,0.0,0.0
2025-07-02,777279,0.0,0.0
2025-07-02,777284,397.0,2282.7
2025-07-02,777289,742.3,323.8
2025-07-02,777290,0.0,0.0
2025-07-02,777294,0.0,0.0
2025-07-03,777251,0.0,0.0
2025-07-03,777253,0.0,0.0
2025-07-03,777256,0.0,0.0
2025-07-03,777257,0.0,0.0
2025-07-03,777258,0.0,0.0
2025-07-03,777259,0.0,0.0
2025-07-03,777260,0.0,0.0
2025-07-03,777261,0.0,0.0
2025-07-03,777263,0.0,0.0
2025-07-03,777264,0.0,0.0
2025-07-04,777235,829.2,0.0
2025-07-04,777236,2132.1,0.0
2025-07-04,777239,1164.9,2367.8
2025-07-04,777242,726.8,0.0
2025-07-04,777243,829.2,0.0
2025-07-04,777244,641.9,2379.6
2025-07-04,777245,391.9,0.0
2025-07-04,777246,410.8,0.0
2025-07-04,777247,1325.3,1512.6
2025-07-04,777248,1114.0,0.0
2025-07-04,777249,306.2,309.4
2025-07-04,777250,346.6,0.0
2025-07-04,777252,732.3,0.0
2025-07-04,777254,1097.7,0.0
2025-07-04,777255,270.7,0.0
2025-07-05,777221,0.0,0.0
2025-07-05,777223,0.0,0.0
2025-07-05,777225,0.0,0.0
2025-07-05,777227,0.0,0.0
2025-07-05,777228,0.0,0.0
2025-07-05,777229,0.0,0.0
2025-07-05,777230,0.0,0.0
2025-07-05,777231,0.0,0.0
2025-07-05,777232,0.0,0.0
2025-07-05,777233,0.0,0.0
2025-07-05,777234,0.0,0.0
2025-07-05,777237,0.0,0.0
2025-07-05,777238,0.0,0.0
2025-07-05,777240,0.0,0.0
2025-07-05,777241,0.0,0.0
2025-07-06,777205,0.0,0.0
2025-07-06,777206,0.0,0.0
2025-07-06,777207,0.0,0.0
2025-07-06,777210,0.0,0.0
2025-07-06,777213,0.0,0.0
2025-07-06,777214,0.0,0.0
2025-07-06,777215,0.0,0.0
2025-07-06,777216,0.0,0.0
2025-07-06,777217,0.0,0.0
2025-07-06,777218,0.0,0.0
2025-07-06,777219,0.0,0.0
2025-07-06,777220,0.0,0.0
2025-07-06,777222,0.0,0.0
2025-07-06,777224,0.0,0.0
2025-07-06,777226,0.0,0.0
2025-07-07,777199,2515.8,10.5
2025-07-07,777200,86.4,2161.6
2025-07-07,777201,1737.1,1269.7
2025-07-07,777202,1114.0,1371.7
2025-07-07,777203,299.0,0.0
2025-07-07,777204,1508.8,1051.5
2025-07-07,777208,953.3,500.9
2025-07-07,777209,1763.5,391.9
2025-07-07,777211,542.5,91.1
2025-07-07,777212,436.5,917.7
2025-07-08,777180,0.0,0.0
2025-07-08,777185,0.0,0.0
2025-07-08,777186,0.0,0.0
2025-07-08,777187,2402.0,6.5
2025-07-08,777188,0.0,0.0
2025-07-08,777189,2116.4,0.0
2025-07-08,777190,351.2,0.0
2025-07-08,777191,710.1,265.8
2025-07-08,777192,0.0,0.0
2025-07-08,777193,0.0,0.0
2025-07-08,777194,0.0,0.0
2025-07-08,777195,0.0,0.0
2025-07-08,777196,0.0,0.0
2025-07-08,777197,0.0,0.0
2025-07-08,777198,178.7,572.6
2025-07-09,777162,0.0,0.0
2025-07-09,777163,0.0,0.0
2025-07-09,777171,0.0,0.0
2025-07-09,777172,0.0,0.0
2025-07-09,777173,0.0,0.0
2025-07-09,777174,0.0,0.0
2025-07-09,777175,0.0,0.0
2025-07-09,777176,0.0,0.0
2025-07-09,777177,0.0,0.0
2025-07-09,777178,0.0,0.0
2025-07-09,777179,0.0,0.0
2025-07-09,777181,0.0,0.0
2025-07-09,777182,0.0,0.0
2025-07-09,777183,0.0,0.0
2025-07-09,777184,0.0,0.0
2025-07-10,777156,0.0,0.0
2025-07-10,777158,0.0,0.0
2025-07-10,777159,0.0,0.0
2025-07-10,777164,938.7,0.0
2025-07-10,777165,0.0,0.0
2025-07-10,777166,0.0,0.0
2025-07-10,777167,0.0,0.0
2025-07-10,777168,0.0,0.0
2025-07-10,777169,0.0,0.0
2025-07-10,777170,609.8,0.0
2025-07-10,777181,0.0,0.0
2025-07-11,777139,458.0,0.0
2025-07-11,777143,1833.4,0.0
2025-07-11,777146,938.7,0.0
2025-07-11,777147,1730.5,0.0
2025-07-11,777148,414.3,0.0
2025-07-11,777149,325.8,0.0
2025-07-11,777150,86.4,0.0
2025-07-11,777151,955.2,0.0
2025-07-11,777152,1844.0,0.0
2025-07-11,777153,1017.7,0.0
2025-07-11,777154,1349.4,0.0
2025-07-11,777155,0.0,0.0
2025-07-11,777157,422.3,0.0
2025-07-11,777160,736.3,0.0
2025-07-11,777161,482.6,0.0
2025-07-11,777164,938.7,0.0
2025-07-12,777126,0.0,0.0
2025-07-12,777127,0.0,0.0
2025-07-12,777131,0.0,0.0
2025-07-12,777132,0.0,0.0
2025-07-12,777134,0.0,0.0
2025-07-12,777135,0.0,0.0
2025-07-12,777136,0.0,0.0
2025-07-12,777137,0.0,0.0
2025-07-12,777138,0.0,0.0
2025-07-12,777140,0.0,0.0
2025-07-12,777141,0.0,0.0
2025-07-12,777142,0.0,0.0
2025-07-12,777144,0.0,0.0
2025-07-12,777145,0.0,0.0
2025-07-13,777113,0.0,0.0
2025-07-13,777115,0.0,0.0
2025-07-13,777116,0.0,0.0
2025-07-13,777117,0.0,0.0
2025-07-13,777118,0.0,0.0
2025-07-13,777119,0.0,0.0
2025-07-13,777120,0.0,0.0
2025-07-13,777121,0.0,0.0
2025-07-13,777122,0.0,0.0
2025-07-13,777123,0.0,0.0
2025-07-13,777124,0.0,0.0
2025-07-13,777125,0.0,0.0
2025-07-13,777128,0.0,0.0
2025-07-13,777129,0.0,0.0
2025-07-13,777130,0.0,0.0
2025-07-18,777098,1012.7,230.5
2025-07-18,777099,1889.5,1932.9
2025-07-18,777100,1269.9,335.5
2025-07-18,777101,847.3,715.1
2025-07-18,777102,697.6,1092.0
2025-07-18,777103,1737.1,345.5
2025-07-18,777105,2151.8,307.9
2025-07-18,777106,2376.0,2367.8
2025-07-18,777107,408.1,741.9
2025-07-18,777108,2262.3,2253.6
2025-07-18,777109,1234.9,956.2
2025-07-18,777110,867.6,1198.2
2025-07-18,777111,576.0,1097.5
2025-07-18,777112,2271.5,639.4
2025-07-18,777114,750.7,456.6
2025-07-19,777080,0.0,0.0
2025-07-19,777081,0.0,0.0
2025-07-19,777085,0.0,0.0
2025-07-19,777086,0.0,0.0
2025-07-19,777088,0.0,0.0
2025-07-19,777089,0.0,0.0
2025-07-19,777090,0.0,0.0
2025-07-19,777091,0.0,0.0
2025-07-19,777092,0.0,0.0
2025-07-19,777093,0.0,0.0
2025-07-19,777094,0.0,0.0
2025-07-19,777095,0.0,0.0
2025-07-19,777096,0.0,0.0
2025-07-19,777097,0.0,0.0
2025-07-19,777104,0.0,0.0
2025-07-20,777067,0.0,0.0
2025-07-20,777070,0.0,0.0
2025-07-20,777071,0.0,0.0
2025-07-20,777072,0.0,0.0
2025-07-20,777073,0.0,0.0
2025-07-20,777074,0.0,0.0
2025-07-20,777075,0.0,0.0
2025-07-20,777076,0.0,0.0
2025-07-20,777077,0.0,0.0
2025-07-20,777078,0.0,0.0
2025-07-20,777079,0.0,0.0
2025-07-20,777082,0.0,0.0
2025-07-20,777083,0.0,0.0
2025-07-20,777084,0.0,0.0
2025-07-20,777087,0.0,0.0
2025-07-21,777050,957.8,0.0
2025-07-21,777051,829.2,0.0
2025-07-21,777053,586.1,0.0
2025-07-21,777055,1114.0,0.0
2025-07-21,777057,1039.1,0.0
2025-07-21,777059,888.9,0.0
2025-07-21,777060,1083.8,0.0
2025-07-21,777061,91.1,0.0
2025-07-21,777062,923.8,0.0
2025-07-21,777063,666.4,0.0
2025-07-21,777064,212.3,0.0
2025-07-21,777065,1194.7,0.0
2025-07-21,777066,726.8,0.0
2025-07-21,777068,950.1,0.0
2025-07-21,777069,726.8,0.0
2025-07-22,777035,0.0,0.0
2025-07-22,777039,0.0,0.0
2025-07-22,777040,0.0,0.0
2025-07-22,777042,0.0,0.0
2025-07-22,777043,0.0,0.0
2025-07-22,777044,0.0,0.0
2025-07-22,777045,0.0,0.0
2025-07-22,777046,0.0,0.0
2025-07-22,777047,0.0,0.0
2025-07-22,777048,0.0,0.0
2025-07-22,777049,0.0,0.0
2025-07-22,777052,0.0,0.0
2025-07-22,777054,0.0,0.0
2025-07-22,777056,0.0,0.0
2025-07-22,777058,0.0,0.0
2025-07-23,777022,0.0,0.0
2025-07-23,777024,0.0,0.0
2025-07-23,777026,0.0,0.0
2025-07-23,777027,0.0,0.0
2025-07-23,777028,0.0,0.0
2025-07-23,777029,0.0,0.0
2025-07-23,777030,0.0,0.0
2025-07-23,777031,0.0,0.0
2025-07-23,777032,0.0,0.0
2025-07-23,777033,0.0,0.0
2025-07-23,777034,0.0,0.0
2025-07-23,777036,0.0,0.0
2025-07-23,777037,0.0,0.0
2025-07-23,777038,0.0,0.0
2025-07-23,777041,0.0,0.0
2025-07-24,777018,980.5,2442.0
2025-07-24,777019,0.0,0.0
2025-07-24,777021,205.6,204.8
2025-07-24,777023,1060.3,795.6
2025-07-24,777025,230.5,1014.6
2025-07-25,777004,2571.7,2126.5
2025-07-25,777005,0.0,0.0
2025-07-25,777006,0.0,0.0
2025-07-25,777007,0.0,0.0
2025-07-25,777008,1269.7,1684.8
2025-07-25,777009,732.3,0.0
2025-07-25,777010,694.6,410.5
2025-07-25,777011,934.5,1519.9
2025-07-25,777012,2588.1,270.7
2025-07-25,777013,790.0,403.0
2025-07-25,777014,1824.2,0.0
2025-07-25,777015,91.3,340.2
2025-07-25,777016,0.0,0.0
2025-07-25,777017,8.3,1011.3
2025-07-25,777020,1506.2,307.1
2025-07-26,776985,0.0,0.0
2025-07-26,776990,694.6,410.5
2025-07-26,776991,0.0,0.0
2025-07-26,776992,0.0,0.0
2025-07-26,776993,0.0,0.0
2025-07-26,776994,0.0,0.0
2025-07-26,776995,0.0,0.0
2025-07-26,776996,0.0,0.0
2025-07-26,776997,0.0,0.0
2025-07-26,776998,0.0,0.0
2025-07-26,776999,0.0,0.0
2025-07-26,777000,0.0,0.0
2025-07-26,777001,0.0,0.0
2025-07-26,777002,0.0,0.0
2025-07-26,777003,0.0,0.0
2025-07-26,777010,694.6,410.5
2025-07-27,776974,0.0,0.0
2025-07-27,776975,0.0,0.0
2025-07-27,776976,0.0,0.0
2025-07-27,776977,0.0,0.0
2025-07-27,776978,0.0,0.0
2025-07-27,776979,0.0,0.0
2025-07-27,776980,0.0,0.0
2025-07-27,776981,0.0,0.0
2025-07-27,776982,0.0,0.0
2025-07-27,776983,0.0,0.0
2025-07-27,776984,0.0,0.0
2025-07-27,776986,0.0,0.0
2025-07-27,776987,0.0,0.0
2025-07-27,776988,0.0,0.0
2025-07-27,776989,0.0,0.0
2025-07-28,776957,364.8,1631.1
2025-07-28,776958,1201.6,0.0
2025-07-28,776959,458.0,1561.5
2025-07-28,776960,325.8,0.0
2025-07-28,776961,1119.8,0.0
2025-07-28,776964,2257.9,0.0
2025-07-28,776965,84.6,0.0
2025-07-28,776966,396.7,0.0
2025-07-28,776967,736.3,0.0
2025-07-28,776968,307.1,694.6
2025-07-28,776969,1058.0,0.0
2025-07-28,776970,572.6,0.0
2025-07-28,776971,459.3,0.0
2025-07-28,776972,713.8,0.0
2025-07-28,776973,204.8,0.0
2025-07-29,776943,0.0,0.0
2025-07-29,776944,0.0,0.0
2025-07-29,776945,0.0,0.0
2025-07-29,776946,0.0,0.0
2025-07-29,776947,0.0,0.0
2025-07-29,776949,0.0,0.0
2025-07-29,776950,0.0,0.0
2025-07-29,776951,0.0,0.0
2025-07-29,776952,0.0,0.0
2025-07-29,776953,0.0,0.0
2025-07-29,776954,0.0,0.0
2025-07-29,776955,0.0,0.0
2025-07-29,776956,0.0,0.0
2025-07-29,776962,0.0,0.0
2025-07-29,776963,0.0,0.0
2025-07-29,778372,0.0,0.0
2025-07-30,776929,0.0,0.0
2025-07-30,776930,0.0,0.0
2025-07-30,776931,0.0,0.0
2025-07-30,776932,0.0,0.0
2025-07-30,776933,0.0,0.0
2025-07-30,776934,0.0,0.0
2025-07-30,776935,0.0,0.0
2025-07-30,776936,0.0,0.0
2025-07-30,776937,0.0,0.0
2025-07-30,776938,0.0,0.0
2025-07-30,776939,0.0,0.0
2025-07-30,776940,0.0,0.0
2025-07-30,776941,0.0,0.0
2025-07-30,776942,0.0,0.0
2025-07-30,776948,0.0,0.0
2025-07-31,776923,980.5,679.9
2025-07-31,776927,0.0,0.0
2025-07-31,776928,534.7,0.0
2025-08-01,776906,1561.5,0.0
2025-08-01,776908,0.0,0.0
2025-08-01,776913,443.1,664.2
2025-08-01,776914,2076.4,0.0
2025-08-01,776915,606.7,76.3
2025-08-01,776916,1731.2,0.0
2025-08-01,776917,639.4,1218.4
2025-08-01,776918,790.0,1029.5
2025-08-01,776919,945.5,1224.5
2025-08-01,776920,843.0,333.4
2025-08-01,776921,0.0,0.0
2025-08-01,776922,1601.3,1119.8
2025-08-01,776924,630.5,0.0
2025-08-01,776925,1100.8,1060.3
2025-08-01,776926,2571.7,2436.2
2025-08-02,776896,0.0,0.0
2025-08-02,776897,0.0,0.0
2025-08-02,776898,0.0,0.0
2025-08-02,776899,0.0,0.0
2025-08-02,776900,0.0,0.0
2025-08-02,776901,0.0,0.0
2025-08-02,776902,0.0,0.0
2025-08-02,776903,0.0,0.0
2025-08-02,776904,0.0,0.0
2025-08-02,776905,0.0,0.0
2025-08-02,776907,0.0,0.0
2025-08-02,776909,0.0,0.0
2025-08-02,776910,0.0,0.0
2025-08-02,776911,0.0,0.0
2025-08-02,776912,0.0,0.0
2025-08-03,776881,0.0,0.0
2025-08-03,776883,0.0,0.0
2025-08-03,776884,0.0,0.0
2025-08-03,776885,0.0,0.0
2025-08-03,776886,0.0,0.0
2025-08-03,776887,0.0,0.0
2025-08-03,776888,0.0,0.0
2025-08-03,776889,0.0,0.0
2025-08-03,776890,0.0,0.0
2025-08-03,776891,0.0,0.0
2025-08-03,776892,0.0,0.0
2025-08-03,776893,0.0,0.0
2025-08-03,776894,0.0,0.0
2025-08-03,776895,0.0,0.0
2025-08-03,776907,0.0,0.0
2025-08-04,776867,2121.6,0.0
2025-08-04,776870,113.2,2142.7
2025-08-04,776871,1122.9,1669.0
2025-08-04,776872,1342.3,0.0
2025-08-04,776873,299.0,641.9
2025-08-04,776874,91.1,443.1
2025-08-04,776875,1256.4,0.0
2025-08-04,776876,411.0,0.0
2025-08-04,776877,666.4,0.0
2025-08-04,776878,257.1,0.0
2025-08-04,776879,323.8,1317.1
2025-08-04,776880,428.3,0.0
2025-08-04,776882,538.8,359.8
2025-08-05,776848,0.0,0.0
2025-08-05,776852,0.0,0.0
2025-08-05,776854,0.0,0.0
2025-08-05,776855,0.0,0.0
2025-08-05,776857,980.5,0.0
2025-08-05,776858,0.0,0.0
2025-08-05,776860,0.0,0.0
2025-08-05,776861,0.0,0.0
2025-08-05,776862,0.0,0.0
2025-08-05,776863,0.0,0.0
2025-08-05,776864,0.0,0.0
2025-08-05,776865,2425.9,0.0
2025-08-05,776866,0.0,0.0
2025-08-05,776868,0.0,0.0
2025-08-05,776869,0.0,0.0
2025-08-06,776836,0.0,0.0
2025-08-06,776838,0.0,0.0
2025-08-06,776839,0.0,0.0
2025-08-06,776841,0.0,0.0
2025-08-06,776843,0.0,0.0
2025-08-06,776844,0.0,0.0
2025-08-06,776845,0.0,0.0
2025-08-06,776846,0.0,0.0
2025-08-06,776847,0.0,0.0
2025-08-06,776849,0.0,0.0
2025-08-06,776850,0.0,0.0
2025-08-06,776851,0.0,0.0
2025-08-06,776853,0.0,0.0
2025-08-06,776856,0.0,0.0
2025-08-06,776859,0.0,0.0
2025-08-07,776830,0.0,0.0
2025-08-07,776837,0.0,0.0
2025-08-07,776840,410.8,0.0
2025-08-07,776842,615.5,0.0
2025-08-08,776820,2576.8,299.0
2025-08-08,776821,1312.2,0.0
2025-08-08,776822,2435.3,2257.9
2025-08-08,776823,829.2,0.0
2025-08-08,776824,980.5,0.0
2025-08-08,776825,586.1,0.0
2025-08-08,776826,265.8,1585.6
2025-08-08,776827,1119.8,542.5
2025-08-08,776828,742.3,659.0
2025-08-08,776829,0.0,0.0
2025-08-08,776831,35.1,88.6
2025-08-08,776832,1968.9,0.0
2025-08-08,776833,718.8,1734.2
2025-08-08,776834,0.0,0.0
2025-08-08,776835,1100.8,1392.3
2025-08-09,776802,0.0,0.0
2025-08-09,776805,0.0,0.0
2025-08-09,776807,0.0,0.0
2025-08-09,776808,0.0,0.0
2025-08-09,776809,0.0,0.0
2025-08-09,776810,0.0,0.0
2025-08-09,776811,0.0,0.0
2025-08-09,776812,0.0,0.0
2025-08-09,776813,0.0,0.0
2025-08-09,776814,0.0,0.0
2025-08-09,776815,0.0,0.0
2025-08-09,776816,0.0,0.0
2025-08-09,776817,0.0,0.0
2025-08-09,776818,0.0,0.0
2025-08-09,776819,0.0,0.0
2025-08-09,778431,0.0,0.0
2025-08-10,776788,0.0,0.0
2025-08-10,776789,0.0,0.0
2025-08-10,776791,0.0,0.0
2025-08-10,776793,0.0,0.0
2025-08-10,776794,0.0,0.0
2025-08-10,776795,0.0,0.0
2025-08-10,776796,0.0,0.0
2025-08-10,776797,0.0,0.0
2025-08-10,776798,0.0,0.0
2025-08-10,776799,0.0,0.0
2025-08-10,776800,0.0,0.0
2025-08-10,776801,0.0,0.0
2025-08-10,776803,0.0,0.0
2025-08-10,776804,0.0,0.0
2025-08-10,776806,0.0,0.0
2025-08-11,776779,27.9,1968.9
2025-08-11,776780,458.0,0.0
2025-08-11,776781,237.7,0.0
2025-08-11,776782,1301.7,1424.3
2025-08-11,776783,1269.9,0.0
2025-08-11,776784,1507.5,414.3
2025-08-11,776785,867.8,0.0
2025-08-11,776786,447.5,0.0
2025-08-11,776787,679.9,2439.9
2025-08-11,776790,1017.7,0.0
2025-08-11,776792,828.1,256.5
2025-08-12,776762,0.0,0.0
2025-08-12,776763,0.0,0.0
2025-08-12,776764,0.0,0.0
2025-08-12,776767,0.0,0.0
2025-08-12,776768,659.7,2170.0
2025-08-12,776769,0.0,0.0
2025-08-12,776770,0.0,0.0
2025-08-12,776771,0.0,0.0
2025-08-12,776772,751.1,742.3
2025-08-12,776773,0.0,0.0
2025-08-12,776774,0.0,0.0
2025-08-12,776775,0.0,0.0
2025-08-12,776776,2328.1,0.0
2025-08-12,776777,0.0,0.0
2025-08-12,776778,547.0,307.9
2025-08-13,776746,0.0,0.0
2025-08-13,776749,0.0,0.0
2025-08-13,776751,0.0,0.0
2025-08-13,776752,0.0,0.0
2025-08-13,776753,0.0,0.0
2025-08-13,776754,0.0,0.0
2025-08-13,776755,0.0,0.0
2025-08-13,776756,0.0,0.0
2025-08-13,776757,0.0,0.0
2025-08-13,776758,0.0,0.0
2025-08-13,776759,0.0,0.0
2025-08-13,776760,0.0,0.0
2025-08-13,776761,0.0,0.0
2025-08-13,776765,0.0,0.0
2025-08-13,776766,0.0,0.0
2025-08-14,776742,654.2,795.6
2025-08-14,776743,403.0,937.4
2025-08-14,776744,357.2,1017.7
2025-08-14,776745,0.0,0.0
2025-08-14,776747,0.0,0.0
2025-08-14,776748,0.0,0.0
2025-08-14,776750,0.0,0.0
2025-08-15,776727,345.5,27.9
2025-08-15,776728,407.8,0.0
2025-08-15,776729,10.5,0.0
2025-08-15,776730,0.0,0.0
2025-08-15,776731,876.4,0.0
2025-08-15,776732,0.0,0.0
2025-08-15,776733,1249.4,0.0
2025-08-15,776734,364.8,0.0
2025-08-15,776735,1216.2,0.0
2025-08-15,776736,178.7,0.0
2025-08-15,776737,76.3,434.9
2025-08-15,776738,411.0,0.0
2025-08-15,776739,0.0,0.0
2025-08-15,776740,326.0,0.0
2025-08-15,776741,547.1,1601.3
2025-08-16,776711,0.0,0.0
2025-08-16,776712,0.0,0.0
2025-08-16,776713,0.0,0.0
2025-08-16,776715,0.0,0.0
2025-08-16,776716,0.0,0.0
2025-08-16,776717,0.0,0.0
2025-08-16,776718,0.0,0.0
2025-08-16,776719,0.0,0.0
2025-08-16,776720,0.0,0.0
2025-08-16,776721,0.0,0.0
2025-08-16,776722,0.0,0.0
2025-08-16,776723,0.0,0.0
2025-08-16,776724,0.0,0.0
2025-08-16,776725,0.0,0.0
2025-08-16,776726,0.0,0.0
2025-08-17,776697,0.0,0.0
2025-08-17,776698,0.0,0.0
2025-08-17,776699,0.0,0.0
2025-08-17,776700,0.0,0.0
2025-08-17,776701,0.0,0.0
2025-08-17,776702,0.0,0.0
2025-08-17,776703,0.0,0.0
2025-08-17,776704,0.0,0.0
2025-08-17,776705,0.0,0.0
2025-08-17,776706,0.0,0.0
2025-08-17,776707,0.0,0.0
2025-08-17,776708,0.0,0.0
2025-08-17,776709,0.0,0.0
2025-08-17,776710,0.0,0.0
2025-08-17,776714,0.0,0.0
2025-08-18,776681,1879.7,364.8
2025-08-18,776682,1745.9,586.1
2025-08-18,776683,458.0,113.2
2025-08-18,776688,1060.3,1256.4
2025-08-18,776689,91.1,121.5
2025-08-18,776690,843.0,0.0
2025-08-18,776692,1105.8,542.5
2025-08-18,776693,829.2,0.0
2025-08-18,776694,223.0,410.8
2025-08-18,776695,1601.3,0.0
2025-08-18,776696,660.2,547.0
2025-08-18,777459,257.1,0.0
2025-08-19,776667,0.0,0.0
2025-08-19,776668,0.0,0.0
2025-08-19,776671,0.0,0.0
2025-08-19,776672,0.0,0.0
2025-08-19,776674,1570.9,0.0
2025-08-19,776675,0.0,0.0
2025-08-19,776676,0.0,0.0
2025-08-19,776677,866.6,2390.0
2025-08-19,776678,212.3,0.0
2025-08-19,776679,0.0,0.0
2025-08-19,776680,0.0,0.0
2025-08-19,776684,0.0,0.0
2025-08-19,776685,0.0,0.0
2025-08-19,776686,0.0,0.0
2025-08-19,776687,0.0,0.0
2025-08-19,776691,0.0,0.0
2025-08-20,776652,0.0,0.0
2025-08-20,776656,0.0,0.0
2025-08-20,776658,0.0,0.0
2025-08-20,776659,0.0,0.0
2025-08-20,776660,0.0,0.0
2025-08-20,776661,0.0,0.0
2025-08-20,776662,0.0,0.0
2025-08-20,776663,0.0,0.0
2025-08-20,776664,0.0,0.0
2025-08-20,776665,0.0,0.0
2025-08-20,776666,0.0,0.0
2025-08-20,776669,0.0,0.0
2025-08-20,776670,0.0,0.0
2025-08-20,776673,0.0,0.0
2025-08-21,776631,203.6,0.0
2025-08-21,776642,0.0,0.0
2025-08-21,776644,0.0,0.0
2025-08-21,776650,0.0,0.0
2025-08-21,776651,0.0,0.0
2025-08-21,776653,0.0,0.0
2025-08-21,776654,179.9,1029.5
2025-08-21,776655,396.7,358.0
2025-08-21,776657,0.0,0.0
2025-08-22,776633,0.0,0.0
2025-08-22,776634,1732.7,76.3
2025-08-22,776635,335.5,0.0
2025-08-22,776636,833.4,0.0
2025-08-22,776637,1317.1,0.0
2025-08-22,776638,1390.7,2374.8
2025-08-22,776639,357.2,575.0
2025-08-22,776640,1731.4,0.0
2025-08-22,776641,867.8,459.3
2025-08-22,776643,0.0,0.0
2025-08-22,776645,538.8,0.0
2025-08-22,776646,1013.6,0.0
2025-08-22,776647,0.0,0.0
2025-08-22,776648,121.5,0.0
2025-08-22,776649,639.8,0.0
2025-08-23,776617,0.0,0.0
2025-08-23,776618,0.0,0.0
2025-08-23,776619,0.0,0.0
2025-08-23,776620,0.0,0.0
2025-08-23,776621,0.0,0.0
2025-08-23,776622,0.0,0.0
2025-08-23,776623,0.0,0.0
2025-08-23,776625,0.0,0.0
2025-08-23,776626,0.0,0.0
2025-08-23,776627,0.0,0.0
2025-08-23,776628,0.0,0.0
2025-08-23,776629,0.0,0.0
2025-08-23,776630,0.0,0.0
2025-08-23,776632,0.0,0.0
2025-08-24,776602,0.0,0.0
2025-08-24,776603,0.0,0.0
2025-08-24,776605,0.0,0.0
2025-08-24,776606,0.0,0.0
2025-08-24,776607,0.0,0.0
2025-08-24,776608,0.0,0.0
2025-08-24,776609,0.0,0.0
2025-08-24,776610,0.0,0.0
2025-08-24,776611,0.0,0.0
2025-08-24,776612,0.0,0.0
2025-08-24,776613,0.0,0.0
2025-08-24,776614,0.0,0.0
2025-08-24,776615,0.0,0.0
2025-08-24,776616,0.0,0.0
2025-08-24,776624,0.0,0.0
2025-08-25,776589,556.9,866.6
2025-08-25,776590,2076.4,679.9
2025-08-25,776592,1201.6,0.0
2025-08-25,776593,1458.5,0.0
2025-08-25,776594,357.2,113.2
2025-08-25,776595,1063.5,0.0
2025-08-25,776596,436.5,1235.1
2025-08-25,776597,91.3,0.0
2025-08-25,776598,91.1,751.1
2025-08-25,776599,237.7,0.0
2025-08-25,776600,615.5,0.0
2025-08-25,776601,950.1,1039.1
2025-08-25,776604,178.1,0.0
2025-08-26,776573,0.0,0.0
2025-08-26,776574,0.0,0.0
2025-08-26,776575,0.0,0.0
2025-08-26,776576,373.2,1833.4
2025-08-26,776577,0.0,0.0
2025-08-26,776578,0.0,0.0
2025-08-26,776581,0.0,0.0
2025-08-26,776582,0.0,0.0
2025-08-26,776583,0.0,0.0
2025-08-26,776584,0.0,0.0
2025-08-26,776585,0.0,0.0
2025-08-26,776586,0.0,0.0
2025-08-26,776587,1136.4,1249.4
2025-08-26,776588,0.0,0.0
2025-08-26,776591,0.0,0.0
2025-08-27,776557,0.0,0.0
2025-08-27,776559,0.0,0.0
2025-08-27,776561,0.0,0.0
2025-08-27,776562,0.0,0.0
2025-08-27,776563,0.0,0.0
2025-08-27,776565,0.0,0.0
2025-08-27,776566,0.0,0.0
2025-08-27,776567,0.0,0.0
2025-08-27,776568,0.0,0.0
2025-08-27,776569,0.0,0.0
2025-08-27,776570,0.0,0.0
2025-08-27,776571,0.0,0.0
2025-08-27,776572,0.0,0.0
2025-08-27,776579,0.0,0.0
2025-08-27,776580,0.0,0.0
2025-08-28,776550,0.0,0.0
2025-08-28,776553,0.0,0.0
2025-08-28,776554,0.0,0.0
2025-08-28,776555,0.0,0.0
2025-08-28,776556,713.8,0.0
2025-08-28,776558,1097.7,0.0
2025-08-28,776560,1018.8,91.1
2025-08-28,776564,0.0,0.0
2025-08-29,776533,2449.3,0.0
2025-08-29,776534,1737.1,0.0
2025-08-29,776538,1453.9,0.0
2025-08-29,776540,1497.8,407.8
2025-08-29,776541,1390.7,692.0
2025-08-29,776542,945.5,880.1
2025-08-29,776543,230.5,0.0
2025-08-29,776544,0.0,0.0
2025-08-29,776545,306.2,212.1
2025-08-29,776546,433.2,0.0
2025-08-29,776547,2021.2,0.0
2025-08-29,776548,0.0,0.0
2025-08-29,776549,1033.5,358.0
2025-08-29,776551,307.6,1892.2
2025-08-29,776552,0.0,0.0
2025-08-30,776516,0.0,0.0
2025-08-30,776523,0.0,0.0
2025-08-30,776524,0.0,0.0
2025-08-30,776525,0.0,0.0
2025-08-30,776526,0.0,0.0
2025-08-30,776527,0.0,0.0
2025-08-30,776528,0.0,0.0
2025-08-30,776529,0.0,0.0
2025-08-30,776530,0.0,0.0
2025-08-30,776531,0.0,0.0
2025-08-30,776532,0.0,0.0
2025-08-30,776535,0.0,0.0
2025-08-30,776536,0.0,0.0
2025-08-30,776537,0.0,0.0
2025-08-30,776539,0.0,0.0
2025-08-31,776507,0.0,0.0
2025-08-31,776508,0.0,0.0
2025-08-31,776509,0.0,0.0
2025-08-31,776510,0.0,0.0
2025-08-31,776511,0.0,0.0
2025-08-31,776512,0.0,0.0
2025-08-31,776513,0.0,0.0
2025-08-31,776514,0.0,0.0
2025-08-31,776515,0.0,0.0
2025-08-31,776517,0.0,0.0
2025-08-31,776518,0.0,0.0
2025-08-31,776519,0.0,0.0
2025-08-31,776520,0.0,0.0
2025-08-31,776521,0.0,0.0
2025-08-31,776522,0.0,0.0
2025-09-01,776492,945.5,0.0
2025-09-01,776494,458.0,1530.5
2025-09-01,776495,641.9,357.2
2025-09-01,776497,1730.5,307.6
2025-09-01,776498,212.3,0.0
2025-09-01,776499,0.0,0.0
2025-09-01,776500,696.3,433.2
2025-09-01,776501,488.0,639.8
2025-09-01,776502,357.2,0.0
2025-09-01,776503,410.9,0.0
2025-09-01,776504,950.1,833.2
2025-09-01,776505,547.1,0.0
2025-09-01,776506,666.4,917.1
2025-09-02,776480,0.0,0.0
2025-09-02,776481,0.0,0.0
2025-09-02,776482,0.0,0.0
2025-09-02,776483,0.0,0.0
2025-09-02,776484,0.0,0.0
2025-09-02,776485,0.0,0.0
2025-09-02,776486,0.0,0.0
2025-09-02,776487,0.0,0.0
2025-09-02,776488,644.1,0.0
2025-09-02,776489,938.7,0.0
2025-09-02,776490,0.0,0.0
2025-09-02,776491,0.0,0.0
2025-09-02,776493,0.0,0.0
2025-09-02,776496,2130.9,479.8
2025-09-03,776465,0.0,0.0
2025-09-03,776466,0.0,0.0
2025-09-03,776467,0.0,0.0
2025-09-03,776468,0.0,0.0
2025-09-03,776469,0.0,0.0
2025-09-03,776470,0.0,0.0
2025-09-03,776471,0.0,0.0
2025-09-03,776472,0.0,0.0
2025-09-03,776473,0.0,0.0
2025-09-03,776474,0.0,0.0
2025-09-03,776475,0.0,0.0
2025-09-03,776476,0.0,0.0
2025-09-03,776477,0.0,0.0
2025-09-03,776478,0.0,0.0
2025-09-03,776479,0.0,0.0
2025-09-04,776458,1198.2,0.0
2025-09-04,776459,0.0,0.0
2025-09-04,776461,0.0,0.0
2025-09-04,776462,0.0,0.0
2025-09-04,776463,0.0,0.0
2025-09-04,776464,0.0,0.0
2025-09-05,776442,833.4,0.0
2025-09-05,776444,1572.8,1346.4
2025-09-05,776445,795.6,0.0
2025-09-05,776446,414.3,0.0
2025-09-05,776448,2292.9,0.0
2025-09-05,776449,230.5,867.8
2025-09-05,776450,236.6,0.0
2025-09-05,776451,0.0,0.0
2025-09-05,776452,542.5,0.0
2025-09-05,776453,447.5,0.0
2025-09-05,776454,196.6,2291.4
2025-09-05,776455,598.6,0.0
2025-09-05,776456,1269.7,923.8
2025-09-05,776457,572.6,1424.3
2025-09-05,776460,436.5,583.1
2025-09-06,776424,0.0,0.0
2025-09-06,776430,0.0,0.0
2025-09-06,776431,0.0,0.0
2025-09-06,776432,0.0,0.0
2025-09-06,776433,0.0,0.0
2025-09-06,776434,0.0,0.0
2025-09-06,776435,0.0,0.0
2025-09-06,776436,0.0,0.0
2025-09-06,776437,0.0,0.0
2025-09-06,776438,0.0,0.0
2025-09-06,776439,0.0,0.0
2025-09-06,776440,0.0,0.0
2025-09-06,776441,0.0,0.0
2025-09-06,776443,0.0,0.0
2025-09-06,776447,0.0,0.0
2025-09-07,776414,0.0,0.0
2025-09-07,776415,0.0,0.0
2025-09-07,776416,0.0,0.0
2025-09-07,776417,0.0,0.0
2025-09-07,776418,0.0,0.0
2025-09-07,776419,0.0,0.0
2025-09-07,776420,0.0,0.0
2025-09-07,776421,0.0,0.0
2025-09-07,776422,0.0,0.0
2025-09-07,776423,0.0,0.0
2025-09-07,776425,0.0,0.0
2025-09-07,776426,0.0,0.0
2025-09-07,776427,0.0,0.0
2025-09-07,776428,0.0,0.0
2025-09-07,776429,0.0,0.0
2025-09-08,776399,652.0,1740.2
2025-09-08,776400,1720.6,2168.6
2025-09-08,776405,500.9,1018.8
2025-09-08,776406,1083.8,0.0
2025-09-08,776407,1869.1,833.4
2025-09-08,776408,829.2,2313.5
2025-09-08,776409,1194.7,0.0
2025-09-08,776410,641.9,364.8
2025-09-08,776411,1346.4,0.0
2025-09-08,776412,583.1,0.0
2025-09-08,776413,694.6,950.1
2025-09-09,776388,1011.3,237.7
2025-09-09,776389,0.0,0.0
2025-09-09,776390,0.0,0.0
2025-09-09,776391,0.0,0.0
2025-09-09,776392,0.0,0.0
2025-09-09,776393,1216.2,340.2
2025-09-09,776394,0.0,0.0
2025-09-09,776395,0.0,0.0
2025-09-09,776396,0.0,0.0
2025-09-09,776397,0.0,0.0
2025-09-09,776398,482.6,0.0
2025-09-09,776401,196.6,0.0
2025-09-09,776402,0.0,0.0
2025-09-09,776403,0.0,0.0
2025-09-09,776404,0.0,0.0
2025-09-10,776373,0.0,0.0
2025-09-10,776374,0.0,0.0
2025-09-10,776375,0.0,0.0
2025-09-10,776376,0.0,0.0
2025-09-10,776377,0.0,0.0
2025-09-10,776378,0.0,0.0
2025-09-10,776379,0.0,0.0
2025-09-10,776380,0.0,0.0
2025-09-10,776381,0.0,0.0
2025-09-10,776382,0.0,0.0
2025-09-10,776383,0.0,0.0
2025-09-10,776384,0.0,0.0
2025-09-10,776385,0.0,0.0
2025-09-10,776386,0.0,0.0
2025-09-10,776387,0.0,0.0
2025-09-11,776362,980.5,0.0
2025-09-11,776364,0.0,0.0
2025-09-11,776365,113.2,0.0
2025-09-11,776367,0.0,0.0
2025-09-11,776368,0.0,0.0
2025-09-11,776369,0.0,0.0
2025-09-11,776370,0.0,0.0
2025-09-11,776371,0.0,0.0
2025-09-11,776372,0.0,0.0
2025-09-12,776345,0.0,0.0
2025-09-12,776350,345.5,0.0
2025-09-12,776351,35.1,923.8
2025-09-12,776352,8.3,583.1
2025-09-12,776353,333.4,0.0
2025-09-12,776354,358.6,0.0
2025-09-12,776355,1579.2,1515.2
2025-09-12,776356,1684.8,865.7
2025-09-12,776357,0.0,0.0
2025-09-12,776358,449.8,0.0
2025-09-12,776359,1395.0,91.1
2025-09-12,776360,726.8,0.0
2025-09-12,776361,307.9,0.0
2025-09-12,776363,179.9,2680.7
2025-09-12,776366,1100.8,0.0
2025-09-13,776328,0.0,0.0
2025-09-13,776333,0.0,0.0
2025-09-13,776336,0.0,0.0
2025-09-13,776337,0.0,0.0
2025-09-13,776338,0.0,0.0
2025-09-13,776339,0.0,0.0
2025-09-13,776340,0.0,0.0
2025-09-13,776341,0.0,0.0
2025-09-13,776342,0.0,0.0
2025-09-13,776343,0.0,0.0
2025-09-13,776344,0.0,0.0
2025-09-13,776346,0.0,0.0
2025-09-13,776347,0.0,0.0
2025-09-13,776348,0.0,0.0
2025-09-13,776349,0.0,0.0
2025-09-14,776317,0.0,0.0
2025-09-14,776320,0.0,0.0
2025-09-14,776321,0.0,0.0
2025-09-14,776322,0.0,0.0
2025-09-14,776323,0.0,0.0
2025-09-14,776324,0.0,0.0
2025-09-14,776325,0.0,0.0
2025-09-14,776326,0.0,0.0
2025-09-14,776327,0.0,0.0
2025-09-14,776329,0.0,0.0
2025-09-14,776330,0.0,0.0
2025-09-14,776331,0.0,0.0
2025-09-14,776332,0.0,0.0
2025-09-14,776334,0.0,0.0
2025-09-14,776335,0.0,0.0
2025-09-15,776309,652.0,1277.9
2025-09-15,776311,2387.6,345.5
2025-09-15,776312,1730.5,325.8
2025-09-15,776313,1119.8,0.0
2025-09-15,776314,436.5,307.9
2025-09-15,776315,538.8,0.0
2025-09-15,776316,1111.7,1019.5
2025-09-15,776318,410.8,193.0
2025-09-15,776319,1425.9,699.6
2025-09-16,776293,1723.9,833.4
2025-09-16,776294,0.0,0.0
2025-09-16,776295,1684.8,0.0
2025-09-16,776297,0.0,0.0
2025-09-16,776298,0.0,0.0
2025-09-16,776300,0.0,0.0
2025-09-16,776301,0.0,0.0
2025-09-16,776302,1508.8,1029.7
2025-09-16,776303,91.1,1155.5
2025-09-16,776304,2436.2,0.0
2025-09-16,776305,0.0,0.0
2025-09-16,776306,0.0,0.0
2025-09-16,776307,0.0,0.0
2025-09-16,776308,0.0,0.0
2025-09-16,776310,2680.7,0.0
2025-09-16,777825,0.0,0.0
2025-09-17,776277,0.0,0.0
2025-09-17,776279,0.0,0.0
2025-09-17,776280,0.0,0.0
2025-09-17,776283,0.0,0.0
2025-09-17,776284,0.0,0.0
2025-09-17,776285,0.0,0.0
2025-09-17,776286,0.0,0.0
2025-09-17,776287,0.0,0.0
2025-09-17,776288,0.0,0.0
2025-09-17,776289,0.0,0.0
2025-09-17,776290,0.0,0.0
2025-09-17,776291,0.0,0.0
2025-09-17,776292,0.0,0.0
2025-09-17,776296,0.0,0.0
2025-09-17,776299,0.0,0.0
2025-09-18,776269,0.0,0.0
2025-09-18,776270,0.0,0.0
2025-09-18,776271,357.2,0.0
2025-09-18,776272,0.0,0.0
2025-09-18,776274,0.0,0.0
2025-09-18,776275,0.0,0.0
2025-09-18,776276,0.0,0.0
2025-09-18,776278,937.5,603.7
2025-09-18,776281,0.0,0.0
2025-09-18,776282,256.5,307.6
2025-09-19,776251,654.2,230.5
2025-09-19,776253,909.1,0.0
2025-09-19,776255,357.2,0.0
2025-09-19,776256,0.0,0.0
2025-09-19,776259,212.3,0.0
2025-09-19,776260,1034.0,0.0
2025-09-19,776261,1198.2,0.0
2025-09-19,776262,644.1,0.0
2025-09-19,776263,542.5,0.0
2025-09-19,776264,718.8,0.0
2025-09-19,776265,325.8,0.0
2025-09-19,776266,479.8,0.0
2025-09-19,776267,0.0,0.0
2025-09-19,776268,397.0,0.0
2025-09-19,776273,0.0,0.0
2025-09-20,776233,0.0,0.0
2025-09-20,776241,0.0,0.0
2025-09-20,776242,0.0,0.0
2025-09-20,776243,0.0,0.0
2025-09-20,776244,0.0,0.0
2025-09-20,776245,0.0,0.0
2025-09-20,776246,0.0,0.0
2025-09-20,776247,0.0,0.0
2025-09-20,776248,0.0,0.0
2025-09-20,776250,0.0,0.0
2025-09-20,776252,0.0,0.0
2025-09-20,776254,0.0,0.0
2025-09-20,776257,0.0,0.0
2025-09-20,776258,0.0,0.0
2025-09-20,777839,0.0,0.0
2025-09-21,776225,0.0,0.0
2025-09-21,776226,0.0,0.0
2025-09-21,776227,0.0,0.0
2025-09-21,776228,0.0,0.0
2025-09-21,776229,0.0,0.0
2025-09-21,776230,0.0,0.0
2025-09-21,776231,0.0,0.0
2025-09-21,776232,0.0,0.0
2025-09-21,776234,0.0,0.0
2025-09-21,776235,0.0,0.0
2025-09-21,776236,0.0,0.0
2025-09-21,776237,0.0,0.0
2025-09-21,776238,0.0,0.0
2025-09-21,776239,0.0,0.0
2025-09-21,776240,0.0,0.0
2025-09-22,776220,1740.2,345.5
2025-09-22,776221,751.1,588.8
2025-09-22,776222,1561.5,1730.7
2025-09-23,776207,1346.4,822.2
2025-09-23,776208,1631.1,2248.6
2025-09-23,776209,720.2,257.1
2025-09-23,776210,869.5,0.0
2025-09-23,776211,0.0,0.0
2025-09-23,776212,1018.2,1889.5
2025-09-23,776213,357.2,0.0
2025-09-23,776214,0.0,0.0
2025-09-23,776215,1312.2,2077.5
2025-09-23,776216,713.8,178.1
2025-09-23,776217,1111.7,843.0
2025-09-23,776218,91.1,630.5
2025-09-23,776219,0.0,0.0
2025-09-23,776223,867.6,0.0
2025-09-23,776224,256.5,0.0
2025-09-24,776192,0.0,0.0
2025-09-24,776193,0.0,0.0
2025-09-24,776194,0.0,0.0
2025-09-24,776195,0.0,0.0
2025-09-24,776196,0.0,0.0
2025-09-24,776197,0.0,0.0
2025-09-24,776198,0.0,0.0
2025-09-24,776199,0.0,0.0
2025-09-24,776200,0.0,0.0
2025-09-24,776201,0.0,0.0
2025-09-24,776202,0.0,0.0
2025-09-24,776203,0.0,0.0
2025-09-24,776204,0.0,0.0
2025-09-24,776205,0.0,0.0
2025-09-24,776206,0.0,0.0
2025-09-25,776178,0.0,0.0
2025-09-25,776179,0.0,0.0
2025-09-25,776182,0.0,0.0
2025-09-25,776183,0.0,0.0
2025-09-25,776184,0.0,0.0
2025-09-25,776185,0.0,0.0
2025-09-25,776186,0.0,0.0
2025-09-25,776187,0.0,0.0
2025-09-25,776188,0.0,0.0
2025-09-25,776189,0.0,0.0
2025-09-25,776190,0.0,0.0
2025-09-25,776191,0.0,0.0
2025-09-26,776165,212.1,538.8
2025-09-26,776166,678.0,0.0
2025-09-26,776167,1851.6,0.0
2025-09-26,776168,1114.0,0.0
2025-09-26,776169,364.8,0.0
2025-09-26,776170,299.0,0.0
2025-09-26,776171,326.0,1732.7
2025-09-26,776172,364.8,0.0
2025-09-26,776173,1194.7,1018.8
2025-09-26,776174,178.1,0.0
2025-09-26,776175,1039.1,0.0
2025-09-26,776176,1312.2,0.0
2025-09-26,776177,333.4,0.0
2025-09-26,776180,359.8,0.0
2025-09-26,776181,547.1,428.3
2025-09-27,776146,0.0,0.0
2025-09-27,776150,0.0,0.0
2025-09-27,776152,0.0,0.0
2025-09-27,776153,0.0,0.0
2025-09-27,776154,0.0,0.0
2025-09-27,776155,0.0,0.0
2025-09-27,776156,0.0,0.0
2025-09-27,776157,0.0,0.0
2025-09-27,776158,0.0,0.0
2025-09-27,776159,0.0,0.0
2025-09-27,776160,0.0,0.0
2025-09-27,776161,0.0,0.0
2025-09-27,776162,0.0,0.0
2025-09-27,776163,0.0,0.0
2025-09-27,776164,0.0,0.0
2025-09-28,776135,0.0,0.0
2025-09-28,776136,0.0,0.0
2025-09-28,776137,0.0,0.0
2025-09-28,776138,0.0,0.0
2025-09-28,776139,0.0,0.0
2025-09-28,776140,0.0,0.0
2025-09-28,776141,0.0,0.0
2025-09-28,776142,0.0,0.0
2025-09-28,776143,0.0,0.0
2025-09-28,776144,0.0,0.0
2025-09-28,776145,0.0,0.0
2025-09-28,776147,0.0,0.0
2025-09-28,776148,0.0,0.0
2025-09-28,776149,0.0,0.0
2025-09-28,776151,0.0,0.0
2025-09-30,813066,1731.3,0.0
2025-09-30,813069,1737.1,957.8
2025-09-30,813072,547.1,0.0
2025-09-30,813074,179.9,0.0
2026-04-01,822835,0.0,0.0
2026-04-01,823078,0.0,0.0
2026-04-01,823157,0.0,0.0
2026-04-01,823321,0.0,0.0
2026-04-01,823483,0.0,0.0
2026-04-01,823806,0.0,0.0
2026-04-01,823889,0.0,0.0
2026-04-01,823970,0.0,0.0
2026-04-01,824136,0.0,0.0
2026-04-01,824211,0.0,0.0
2026-04-01,824536,0.0,0.0
2026-04-01,824698,0.0,0.0
2026-04-01,824860,0.0,0.0
2026-04-01,824940,0.0,0.0
2026-04-01,825106,0.0,0.0
2026-04-02,823242,1740.2,458.0
2026-04-02,824133,0.0,0.0
2026-04-02,824621,436.5,1186.7
2026-04-02,825105,1582.6,0.0
2026-04-03,822758,2295.2,121.5
2026-04-03,822919,828.1,1226.1
2026-04-03,823240,0.0,0.0
2026-04-03,823406,196.6,256.5
2026-04-03,823568,1100.8,2402.0
2026-04-03,823732,296.2,414.3
2026-04-03,824056,980.5,1731.4
2026-04-03,824134,436.3,0.0
2026-04-03,824299,454.6,1687.1
2026-04-03,824377,1575.2,1342.3
2026-04-03,824458,309.4,2044.5
2026-04-03,824621,436.5,1186.7
2026-04-03,824786,2576.8,1601.3
2026-04-03,825026,1631.1,2116.4
2026-04-03,825103,0.0,0.0
2026-04-04,822757,0.0,0.0
2026-04-04,822920,0.0,0.0
2026-04-04,823239,0.0,0.0
2026-04-04,823404,0.0,0.0
2026-04-04,823569,0.0,0.0
2026-04-04,823730,0.0,0.0
2026-04-04,824054,0.0,0.0
2026-04-04,824132,436.3,0.0
2026-04-04,824134,436.3,0.0
2026-04-04,824295,0.0,0.0
2026-04-04,824378,0.0,0.0
2026-04-04,824460,0.0,0.0
2026-04-04,824622,0.0,0.0
2026-04-04,824782,0.0,0.0
2026-04-04,825027,0.0,0.0
2026-04-04,825104,0.0,0.0
2026-04-05,822756,0.0,0.0
2026-04-05,822917,0.0,0.0
2026-04-05,823238,0.0,0.0
2026-04-05,823405,0.0,0.0
2026-04-05,823566,0.0,0.0
2026-04-05,823729,0.0,0.0
2026-04-05,824053,0.0,0.0
2026-04-05,824131,0.0,0.0
2026-04-05,824296,0.0,0.0
2026-04-05,824379,0.0,0.0
2026-04-05,824459,0.0,0.0
2026-04-05,824460,0.0,0.0
2026-04-05,824620,0.0,0.0
2026-04-05,824781,0.0,0.0
2026-04-05,825025,0.0,0.0
2026-04-05,825102,0.0,0.0
2026-04-06,822755,397.0,0.0
2026-04-06,822832,351.9,436.5
2026-04-06,822918,1201.6,0.0
2026-04-06,823002,950.1,1325.3
2026-04-06,823237,945.5,0.0
2026-04-06,823401,479.8,0.0
2026-04-06,823728,542.5,0.0
2026-04-06,823886,1122.9,1100.8
2026-04-06,824052,335.5,0.0
2026-04-06,824376,935.9,0.0
2026-04-06,824456,694.6,0.0
2026-04-06,824619,408.1,0.0
2026-04-06,824783,1241.7,0.0
2026-04-07,822754,0.0,0.0
2026-04-07,822831,0.0,0.0
2026-04-07,822916,0.0,0.0
2026-04-07,822999,0.0,0.0
2026-04-07,823235,0.0,0.0
2026-04-07,823402,0.0,0.0
2026-04-07,823567,2557.5,0.0
2026-04-07,823648,2148.0,2571.7
2026-04-07,823727,0.0,0.0
2026-04-07,823887,0.0,0.0
2026-04-07,824051,0.0,0.0
2026-04-07,824375,0.0,0.0
2026-04-07,824457,0.0,0.0
2026-04-07,824618,0.0,0.0
2026-04-07,824780,0.0,0.0
2026-04-08,822753,0.0,0.0
2026-04-08,822833,0.0,0.0
2026-04-08,822915,0.0,0.0
2026-04-08,823000,0.0,0.0
2026-04-08,823234,0.0,0.0
2026-04-08,823403,0.0,0.0
2026-04-08,823564,0.0,0.0
2026-04-08,823646,0.0,0.0
2026-04-08,823726,0.0,0.0
2026-04-08,823885,0.0,0.0
2026-04-08,824050,0.0,0.0
2026-04-08,824374,0.0,0.0
2026-04-08,824455,0.0,0.0
2026-04-08,824617,0.0,0.0
2026-04-08,824779,0.0,0.0
2026-04-09,823319,833.4,2112.8
2026-04-09,823565,0.0,0.0
2026-04-09,823645,0.0,0.0
2026-04-09,823724,0.0,0.0
2026-04-09,823884,0.0,0.0
2026-04-09,824130,407.8,694.6
2026-04-10,822829,692.0,0.0
2026-04-10,822997,1029.5,0.0
2026-04-10,823076,1033.5,710.1
2026-04-10,823156,1018.2,1669.0
2026-04-10,823318,0.0,0.0
2026-04-10,823482,91.1,2515.8
2026-04-10,823643,6.5,0.0
2026-04-10,823808,639.4,856.8
2026-04-10,823968,1221.4,2170.0
2026-04-10,824128,0.0,0.0
2026-04-10,824297,1155.5,542.5
2026-04-10,824534,1879.7,953.3
2026-04-10,824695,410.8,1019.5
2026-04-10,824858,2449.3,603.7
2026-04-10,824941,547.0,1908.9
2026-04-11,822830,0.0,0.0
2026-04-11,822996,0.0,0.0
2026-04-11,823074,0.0,0.0
2026-04-11,823155,0.0,0.0
2026-04-11,823316,0.0,0.0
2026-04-11,823480,0.0,0.0
2026-04-11,823644,0.0,0.0
2026-04-11,823805,0.0,0.0
2026-04-11,823967,0.0,0.0
2026-04-11,824129,0.0,0.0
2026-04-11,824294,0.0,0.0
2026-04-11,824535,0.0,0.0
2026-04-11,824697,0.0,0.0
2026-04-11,824857,0.0,0.0
2026-04-11,824939,0.0,0.0
2026-04-12,822828,0.0,0.0
2026-04-12,822998,0.0,0.0
2026-04-12,823075,0.0,0.0
2026-04-12,823154,0.0,0.0
2026-04-12,823317,0.0,0.0
2026-04-12,823479,0.0,0.0
2026-04-12,823642,0.0,0.0
2026-04-12,823804,0.0,0.0
2026-04-12,823966,0.0,0.0
2026-04-12,824126,0.0,0.0
2026-04-12,824293,0.0,0.0
2026-04-12,824533,0.0,0.0
2026-04-12,824696,0.0,0.0
2026-04-12,824859,0.0,0.0
2026-04-12,824938,0.0,0.0
2026-04-13,823073,456.6,0.0
2026-04-13,823153,0.0,0.0
2026-04-13,823400,447.5,410.8
2026-04-13,823481,666.4,0.0
2026-04-13,823563,572.6,1029.5
2026-04-13,823725,467.1,692.0
2026-04-13,823964,2452.9,0.0
2026-04-13,824856,88.6,0.0
2026-04-13,824937,588.8,0.0
2026-04-13,825024,337.1,2562.6
2026-04-14,823072,0.0,0.0
2026-04-14,823315,1063.5,0.0
2026-04-14,823398,0.0,0.0
2026-04-14,823478,0.0,0.0
2026-04-14,823562,0.0,0.0
2026-04-14,823723,0.0,0.0
2026-04-14,823802,433.2,0.0
2026-04-14,823965,0.0,0.0
2026-04-14,824210,1301.7,1889.5
2026-04-14,824292,639.8,0.0
2026-04-14,824531,422.3,0.0
2026-04-14,824616,1011.3,407.8
2026-04-14,824853,0.0,0.0
2026-04-14,824935,0.0,0.0
2026-04-14,825022,0.0,0.0
2026-04-15,823071,0.0,0.0
2026-04-15,823314,0.0,0.0
2026-04-15,823399,0.0,0.0
2026-04-15,823477,0.0,0.0
2026-04-15,823561,0.0,0.0
2026-04-15,823722,0.0,0.0
2026-04-15,823803,0.0,0.0
2026-04-15,823963,0.0,0.0
2026-04-15,824209,0.0,0.0
2026-04-15,824291,0.0,0.0
2026-04-15,824532,0.0,0.0
2026-04-15,824615,0.0,0.0
2026-04-15,824855,0.0,0.0
2026-04-15,824936,0.0,0.0
2026-04-15,825021,0.0,0.0
2026-04-16,823313,0.0,0.0
2026-04-16,823396,0.0,0.0
2026-04-16,823560,0.0,0.0
2026-04-16,823801,0.0,0.0
2026-04-16,824208,0.0,0.0
2026-04-16,824289,0.0,0.0
2026-04-16,824453,307.1,491.5
2026-04-16,824530,0.0,0.0
2026-04-16,824614,0.0,0.0
2026-04-16,825023,0.0,0.0
2026-04-17,822752,403.0,193.0
2026-04-17,823152,679.9,1063.5
2026-04-17,823397,408.1,0.0
2026-04-17,823476,660.3,0.0
2026-04-17,823559,482.6,0.0
2026-04-17,823720,605.9,0.0
2026-04-17,823883,1269.7,615.5
2026-04-17,824048,86.4,2437.6
2026-04-17,824207,679.6,0.0
2026-04-17,824373,829.2,880.1
2026-04-17,824454,0.0,0.0
2026-04-17,824693,1740.8,666.4
2026-04-17,824778,609.8,1119.8
2026-04-17,825019,1844.0,0.0
2026-04-17,825101,1458.5,1999.6
2026-04-18,822751,0.0,0.0
2026-04-18,823151,0.0,0.0
2026-04-18,823394,0.0,0.0
2026-04-18,823474,0.0,0.0
2026-04-18,823558,0.0,0.0
2026-04-18,823721,0.0,0.0
2026-04-18,823882,0.0,0.0
2026-04-18,824049,0.0,0.0
2026-04-18,824206,0.0,0.0
2026-04-18,824372,0.0,0.0
2026-04-18,824451,0.0,0.0
2026-04-18,824694,0.0,0.0
2026-04-18,824775,0.0,0.0
2026-04-18,825020,0.0,0.0
2026-04-18,825098,0.0,0.0
2026-04-19,822750,0.0,0.0
2026-04-19,823150,0.0,0.0
2026-04-19,823393,0.0,0.0
2026-04-19,823475,0.0,0.0
2026-04-19,823556,0.0,0.0
2026-04-19,823718,0.0,0.0
2026-04-19,823881,0.0,0.0
2026-04-19,824047,0.0,0.0
2026-04-19,824205,0.0,0.0
2026-04-19,824371,0.0,0.0
2026-04-19,824452,0.0,0.0
2026-04-19,824691,0.0,0.0
2026-04-19,824777,0.0,0.0
2026-04-19,825018,0.0,0.0
2026-04-19,825100,0.0,0.0
2026-04-20,822749,121.5,0.0
2026-04-20,822994,1325.3,888.9
2026-04-20,823149,679.9,0.0
2026-04-20,823879,964.4,0.0
2026-04-20,824046,335.5,0.0
2026-04-20,824125,694.6,1093.2
2026-04-20,824370,0.0,0.0
2026-04-20,824450,1114.0,0.0
2026-04-20,824692,666.4,0.0
2026-04-20,824776,0.0,0.0
2026-04-21,822747,0.0,0.0
2026-04-21,822914,1083.8,1669.0
2026-04-21,822995,0.0,0.0
2026-04-21,823148,0.0,0.0
2026-04-21,823236,945.5,2435.3
2026-04-21,823640,1023.5,720.2
2026-04-21,823880,0.0,0.0
2026-04-21,824045,0.0,0.0
2026-04-21,824127,0.0,0.0
2026-04-21,824290,1155.5,609.8
2026-04-21,824369,822.2,0.0
2026-04-21,824448,0.0,0.0
2026-04-21,824690,0.0,0.0
2026-04-21,824773,179.9,0.0
2026-04-21,825099,641.9,0.0
2026-04-22,822748,0.0,0.0
2026-04-22,822913,0.0,0.0
2026-04-22,822993,0.0,0.0
2026-04-22,823147,0.0,0.0
2026-04-22,823231,0.0,0.0
2026-04-22,823641,0.0,0.0
2026-04-22,823878,0.0,0.0
2026-04-22,824044,0.0,0.0
2026-04-22,824123,0.0,0.0
2026-04-22,824286,0.0,0.0
2026-04-22,824367,0.0,0.0
2026-04-22,824449,0.0,0.0
2026-04-22,824688,0.0,0.0
2026-04-22,824774,0.0,0.0
2026-04-22,825097,0.0,0.0
2026-04-23,822745,0.0,0.0
2026-04-23,822912,0.0,0.0
2026-04-23,823233,0.0,0.0
2026-04-23,823639,0.0,0.0
2026-04-23,824288,0.0,0.0
2026-04-23,824368,0.0,0.0
2026-04-23,824689,0.0,0.0
2026-04-23,824770,0.0,0.0
2026-04-23,825096,0.0,0.0
2026-04-24,822827,188.7,2161.6
2026-04-24,822909,1669.0,0.0
2026-04-24,822992,1027.4,0.0
2026-04-24,823069,1720.6,1060.3
2026-04-24,823232,2587.3,0.0
2026-04-24,823638,1635.3,0.0
2026-04-24,823800,865.7,254.5
2026-04-24,823962,1740.8,345.5
2026-04-24,824124,1346.4,0.0
2026-04-24,824204,1601.3,1114.0
2026-04-24,824529,236.6,790.0
2026-04-24,824611,595.2,1450.4
2026-04-24,824854,358.0,955.2
2026-04-24,824932,583.1,538.8
2026-04-25,822826,0.0,0.0
2026-04-25,822910,0.0,0.0
2026-04-25,822989,0.0,0.0
2026-04-25,823070,0.0,0.0
2026-04-25,823229,0.0,0.0
2026-04-25,823637,0.0,0.0
2026-04-25,823799,0.0,0.0
2026-04-25,823960,0.0,0.0
2026-04-25,824121,0.0,0.0
2026-04-25,824203,0.0,0.0
2026-04-25,824527,0.0,0.0
2026-04-25,824613,0.0,0.0
2026-04-25,824851,0.0,0.0
2026-04-25,824933,0.0,0.0
2026-04-25,825093,586.1,0.0
2026-04-26,822824,0.0,0.0
2026-04-26,822911,0.0,0.0
2026-04-26,822991,0.0,0.0
2026-04-26,823068,0.0,0.0
2026-04-26,823230,0.0,0.0
2026-04-26,823635,0.0,0.0
2026-04-26,823637,0.0,0.0
2026-04-26,823797,0.0,0.0
2026-04-26,823959,0.0,0.0
2026-04-26,824122,0.0,0.0
2026-04-26,824202,0.0,0.0
2026-04-26,824528,0.0,0.0
2026-04-26,824612,0.0,0.0
2026-04-26,824852,0.0,0.0
2026-04-26,824934,0.0,0.0
2026-04-26,825094,0.0,0.0
2026-04-27,822825,333.4,0.0
2026-04-27,822906,230.5,0.0
2026-04-27,823311,113.2,299.0
2026-04-27,823395,556.9,447.5
2026-04-27,823719,467.1,1325.3
2026-04-27,823961,345.5,0.0
2026-04-27,824446,950.1,188.7
2026-04-27,824609,407.8,0.0
2026-04-28,822823,0.0,0.0
2026-04-28,822908,0.0,0.0
2026-04-28,823310,0.0,0.0
2026-04-28,823390,0.0,0.0
2026-04-28,823473,2515.8,660.3
2026-04-28,823636,718.8,0.0
2026-04-28,823716,0.0,0.0
2026-04-28,823798,1458.5,0.0
2026-04-28,823956,0.0,0.0
2026-04-28,824447,0.0,0.0
2026-04-28,824526,576.0,0.0
2026-04-28,824610,0.0,0.0
2026-04-28,824849,1249.4,0.0
2026-04-28,824931,359.8,0.0
2026-04-28,825017,1497.8,1453.9
2026-04-29,822821,0.0,0.0
2026-04-29,822907,0.0,0.0
2026-04-29,823312,0.0,0.0
2026-04-29,823392,0.0,0.0
2026-04-29,823471,0.0,0.0
2026-04-29,823633,0.0,0.0
2026-04-29,823717,0.0,0.0
2026-04-29,823796,0.0,0.0
2026-04-29,823958,0.0,0.0
2026-04-29,824445,0.0,0.0
2026-04-29,824525,0.0,0.0
2026-04-29,824608,0.0,0.0
2026-04-29,824850,0.0,0.0
2026-04-29,824930,0.0,0.0
2026-04-29,825015,0.0,0.0
2026-04-30,823391,0.0,0.0
2026-04-30,823471,0.0,0.0
2026-04-30,823472,0.0,0.0
2026-04-30,823634,0.0,0.0
2026-04-30,823714,692.0,0.0
2026-04-30,823795,0.0,0.0
2026-04-30,824524,0.0,0.0
2026-04-30,824848,0.0,0.0
2026-04-30,824850,0.0,0.0
2026-04-30,824929,0.0,0.0
2026-04-30,825016,0.0,0.0
2026-05-01,822744,639.4,212.3
2026-05-01,822990,941.4,950.1
2026-05-01,823066,1585.6,556.9
2026-05-01,823146,679.9,1390.7
2026-05-01,823309,1730.7,0.0
2026-05-01,823389,256.5,0.0
2026-05-01,823557,178.1,1392.3
2026-05-01,823713,0.0,0.0
2026-05-01,823877,1018.8,2333.4
2026-05-01,824041,2442.0,1731.2
2026-05-01,824287,1012.7,588.8
2026-05-01,824366,1202.1,1092.0
2026-05-01,824686,76.3,1731.3
2026-05-01,824772,358.0,428.3
2026-05-01,825012,2151.8,0.0
2026-05-02,822746,0.0,0.0
2026-05-02,822988,0.0,0.0
2026-05-02,823067,0.0,0.0
2026-05-02,823144,0.0,0.0
2026-05-02,823308,0.0,0.0
2026-05-02,823388,0.0,0.0
2026-05-02,823554,0.0,0.0
2026-05-02,823715,0.0,0.0
2026-05-02,823876,0.0,0.0
2026-05-02,824042,0.0,0.0
2026-05-02,824284,0.0,0.0
2026-05-02,824365,0.0,0.0
2026-05-02,824685,0.0,0.0
2026-05-02,824771,0.0,0.0
2026-05-02,825014,0.0,0.0
2026-05-03,822742,0.0,0.0
2026-05-03,822987,0.0,0.0
2026-05-03,823065,0.0,0.0
2026-05-03,823145,0.0,0.0
2026-05-03,823307,0.0,0.0
2026-05-03,823387,0.0,0.0
2026-05-03,823555,0.0,0.0
2026-05-03,823711,0.0,0.0
2026-05-03,823875,0.0,0.0
2026-05-03,824043,0.0,0.0
2026-05-03,824285,0.0,0.0
2026-05-03,824364,0.0,0.0
2026-05-03,824687,0.0,0.0
2026-05-03,824769,0.0,0.0
2026-05-03,825013,0.0,0.0
2026-05-04,822984,1325.3,0.0
2026-05-04,823064,710.1,0.0
2026-05-04,823143,1018.2,0.0
2026-05-04,823228,458.0,2390.0
2026-05-04,823552,0.0,0.0
2026-05-04,823874,0.0,0.0
2026-05-04,824039,86.4,0.0
2026-05-04,824120,1497.8,1508.8
2026-05-04,824201,679.6,1601.3
2026-05-04,824283,609.8,0.0
2026-05-04,824363,822.2,0.0
2026-05-04,824684,410.8,0.0
2026-05-05,822743,934.5,0.0
2026-05-05,822986,0.0,0.0
2026-05-05,823062,0.0,0.0
2026-05-05,823142,0.0,0.0
2026-05-05,823227,0.0,0.0
2026-05-05,823469,2506.6,1018.8
2026-05-05,823553,482.6,0.0
2026-05-05,823873,1100.8,0.0
2026-05-05,824040,0.0,0.0
2026-05-05,824119,0.0,0.0
2026-05-05,824200,0.0,0.0
2026-05-05,824281,0.0,0.0
2026-05-05,824362,0.0,0.0
2026-05-05,824682,0.0,0.0
2026-05-05,825092,1824.2,1451.5
2026-05-06,822740,0.0,0.0
2026-05-06,822985,0.0,0.0
2026-05-06,823063,0.0,0.0
2026-05-06,823141,0.0,0.0
2026-05-06,823226,0.0,0.0
2026-05-06,823470,0.0,0.0
2026-05-06,823550,0.0,0.0
2026-05-06,823872,0.0,0.0
2026-05-06,824036,0.0,0.0
2026-05-06,824118,0.0,0.0
2026-05-06,824198,0.0,0.0
2026-05-06,824282,0.0,0.0
2026-05-06,824361,0.0,0.0
2026-05-06,824683,0.0,0.0
2026-05-06,825091,0.0,0.0
2026-05-07,822741,0.0,0.0
2026-05-07,823306,1561.5,458.0
2026-05-07,823467,0.0,0.0
2026-05-07,823551,0.0,0.0
2026-05-07,823870,0.0,0.0
2026-05-07,824117,0.0,0.0
2026-05-07,824362,0.0,0.0
2026-05-07,824681,0.0,0.0
2026-05-07,824767,1198.2,609.8
2026-05-07,825090,0.0,0.0
2026-05-08,822822,2161.6,1111.7
2026-05-08,822904,818.9,1392.3
2026-05-08,823225,652.0,0.0
2026-05-08,823303,0.0,0.0
2026-05-08,823466,1575.2,0.0
2026-05-08,823794,736.8,325.8
2026-05-08,823871,923.8,0.0
2026-05-08,823957,957.8,1371.7
2026-05-08,824116,639.8,0.0
2026-05-08,824443,306.2,694.6
2026-05-08,824522,892.4,257.1
2026-05-08,824607,1734.2,1731.2
2026-05-08,824768,0.0,0.0
2026-05-08,824846,88.6,956.2
2026-05-08,825088,586.1,0.0
2026-05-09,822820,0.0,0.0
2026-05-09,822905,0.0,0.0
2026-05-09,823224,0.0,0.0
2026-05-09,823304,0.0,0.0
2026-05-09,823468,0.0,0.0
2026-05-09,823792,0.0,0.0
2026-05-09,823869,0.0,0.0
2026-05-09,823955,0.0,0.0
2026-05-09,824115,0.0,0.0
2026-05-09,824444,0.0,0.0
2026-05-09,824523,0.0,0.0
2026-05-09,824606,0.0,0.0
2026-05-09,824766,0.0,0.0
2026-05-09,824847,0.0,0.0
2026-05-09,825089,0.0,0.0
2026-05-10,822819,0.0,0.0
2026-05-10,822902,0.0,0.0
2026-05-10,823221,0.0,0.0
2026-05-10,823305,0.0,0.0
2026-05-10,823463,0.0,0.0
2026-05-10,823793,0.0,0.0
2026-05-10,823868,0.0,0.0
2026-05-10,823954,0.0,0.0
2026-05-10,824113,0.0,0.0
2026-05-10,824440,0.0,0.0
2026-05-10,824520,0.0,0.0
2026-05-10,824605,0.0,0.0
2026-05-10,824765,0.0,0.0
2026-05-10,824845,0.0,0.0
2026-05-10,825085,0.0,0.0
2026-05-11,822818,428.3,0.0
2026-05-11,822901,867.8,0.0
2026-05-11,823953,345.5,0.0
2026-05-11,824199,938.7,892.4
2026-05-11,824441,188.7,0.0
2026-05-11,824844,643.9,0.0
2026-05-12,822817,0.0,0.0
2026-05-12,822903,0.0,0.0
2026-05-12,823385,258.2,2257.9
2026-05-12,823632,1097.5,2148.0
2026-05-12,823712,1512.6,630.5
2026-05-12,823790,1732.7,0.0
2026-05-12,823951,0.0,0.0
2026-05-12,824197,0.0,0.0
2026-05-12,824442,0.0,0.0
2026-05-12,824521,953.3,0.0
2026-05-12,824604,407.8,0.0
2026-05-12,824764,270.7,0.0
2026-05-12,824843,0.0,0.0
2026-05-12,824927,732.3,1926.0
2026-05-12,825011,449.8,2439.9
2026-05-13,822815,0.0,0.0
2026-05-13,822900,0.0,0.0
2026-05-13,823386,0.0,0.0
2026-05-13,823631,0.0,0.0
2026-05-13,823710,0.0,0.0
2026-05-13,823791,0.0,0.0
2026-05-13,823952,0.0,0.0
2026-05-13,824195,0.0,0.0
2026-05-13,824438,0.0,0.0
2026-05-13,824519,0.0,0.0
2026-05-13,824603,0.0,0.0
2026-05-13,824763,0.0,0.0
2026-05-13,824841,0.0,0.0
2026-05-13,824928,0.0,0.0
2026-05-13,825010,0.0,0.0
2026-05-14,823383,0.0,0.0
2026-05-14,823630,0.0,0.0
2026-05-14,823709,0.0,0.0
2026-05-14,823789,0.0,0.0
2026-05-14,823950,0.0,0.0
2026-05-14,824196,0.0,0.0
2026-05-14,824517,0.0,0.0
2026-05-14,824602,0.0,0.0
2026-05-14,824762,0.0,0.0
2026-05-14,824926,0.0,0.0
2026-05-14,825008,0.0,0.0
2026-05-15,822739,35.1,403.0
2026-05-15,822983,1325.3,1111.7
2026-05-15,823061,259.5,1730.5
2026-05-15,823140,1684.8,1889.5
2026-05-15,823384,479.8,0.0
2026-05-15,823629,178.7,0.0
2026-05-15,823707,296.2,0.0
2026-05-15,824037,27.9,2034.2
2026-05-15,824194,230.5,0.0
2026-05-15,824280,205.6,488.0
2026-05-15,824360,654.2,1317.1
2026-05-15,824439,222.6,0.0
2026-05-15,824601,575.0,0.0
2026-05-15,824925,930.6,0.0
2026-05-15,825009,337.1,0.0
2026-05-16,822737,0.0,0.0
2026-05-16,822981,0.0,0.0
2026-05-16,823060,0.0,0.0
2026-05-16,823139,0.0,0.0
2026-05-16,823382,0.0,0.0
2026-05-16,823627,0.0,0.0
2026-05-16,823706,0.0,0.0
2026-05-16,824038,0.0,0.0
2026-05-16,824193,0.0,0.0
2026-05-16,824278,0.0,0.0
2026-05-16,824359,0.0,0.0
2026-05-16,824435,0.0,0.0
2026-05-16,824600,0.0,0.0
2026-05-16,824924,0.0,0.0
2026-05-16,825007,0.0,0.0
2026-05-17,822738,0.0,0.0
2026-05-17,822982,0.0,0.0
2026-05-17,823058,0.0,0.0
2026-05-17,823138,0.0,0.0
2026-05-17,823381,0.0,0.0
2026-05-17,823628,0.0,0.0
2026-05-17,823708,0.0,0.0
2026-05-17,824034,0.0,0.0
2026-05-17,824192,0.0,0.0
2026-05-17,824279,0.0,0.0
2026-05-17,824358,0.0,0.0
2026-05-17,824436,0.0,0.0
2026-05-17,824599,0.0,0.0
2026-05-17,824923,0.0,0.0
2026-05-17,825006,0.0,0.0
2026-05-18,822734,212.3,0.0
2026-05-18,822980,833.2,0.0
2026-05-18,823137,1734.2,0.0
2026-05-18,823301,86.4,1063.5
2026-05-18,823465,358.6,258.2
2026-05-18,823549,482.6,6.5
2026-05-18,823705,1058.0,0.0
2026-05-18,823867,615.5,203.6
2026-05-18,824035,364.8,0.0
2026-05-18,824114,660.2,232.6
2026-05-18,824277,91.1,0.0
2026-05-18,824357,880.1,0.0
2026-05-18,824680,351.2,8.3
2026-05-18,825087,641.9,586.1
2026-05-19,822736,0.0,0.0
2026-05-19,822979,0.0,0.0
2026-05-19,823059,556.9,0.0
2026-05-19,823136,0.0,0.0
2026-05-19,823302,0.0,0.0
2026-05-19,823464,0.0,0.0
2026-05-19,823548,0.0,0.0
2026-05-19,823704,0.0,0.0
2026-05-19,823865,0.0,0.0
2026-05-19,824033,0.0,0.0
2026-05-19,824112,0.0,0.0
2026-05-19,824276,0.0,0.0
2026-05-19,824356,0.0,0.0
2026-05-19,824677,0.0,0.0
2026-05-19,825086,0.0,0.0
2026-05-20,822735,0.0,0.0
2026-05-20,822977,0.0,0.0
2026-05-20,823057,0.0,0.0
2026-05-20,823134,0.0,0.0
2026-05-20,823299,0.0,0.0
2026-05-20,823462,0.0,0.0
2026-05-20,823547,0.0,0.0
2026-05-20,823703,0.0,0.0
2026-05-20,823866,0.0,0.0
2026-05-20,824032,0.0,0.0
2026-05-20,824111,0.0,0.0
2026-05-20,824273,0.0,0.0
2026-05-20,824355,0.0,0.0
2026-05-20,824678,0.0,0.0
2026-05-20,825084,0.0,0.0
2026-05-21,822733,0.0,0.0
2026-05-21,823056,0.0,0.0
2026-05-21,823545,0.0,0.0
2026-05-21,823864,0.0,0.0
2026-05-21,824031,0.0,0.0
2026-05-21,824274,0.0,0.0
2026-05-21,825083,586.1,0.0
2026-05-22,822816,659.7,340.2
2026-05-22,823223,678.0,652.0
2026-05-22,823298,86.4,0.0
2026-05-22,823461,443.1,0.0
2026-05-22,823546,1029.5,0.0
2026-05-22,823788,1732.7,76.3
2026-05-22,823863,923.8,0.0
2026-05-22,824029,822.2,0.0
2026-05-22,824110,1508.8,0.0
2026-05-22,824518,307.6,500.9
2026-05-22,824679,351.2,0.0
2026-05-22,824761,1119.8,1241.7
2026-05-22,824842,396.7,867.6
2026-05-22,824922,538.8,615.5
2026-05-22,825082,0.0,0.0
2026-05-23,822814,0.0,0.0
2026-05-23,823222,0.0,0.0
2026-05-23,823300,0.0,0.0
2026-05-23,823458,0.0,0.0
2026-05-23,823543,0.0,0.0
2026-05-23,823787,0.0,0.0
2026-05-23,823862,0.0,0.0
2026-05-23,824030,0.0,0.0
2026-05-23,824109,0.0,0.0
2026-05-23,824516,307.6,500.9
2026-05-23,824518,307.6,500.9
2026-05-23,824674,0.0,0.0
2026-05-23,824760,0.0,0.0
2026-05-23,824840,0.0,0.0
2026-05-23,824920,0.0,0.0
2026-05-23,825080,0.0,0.0
2026-05-24,822813,0.0,0.0
2026-05-24,823220,0.0,0.0
2026-05-24,823297,0.0,0.0
2026-05-24,823459,0.0,0.0
2026-05-24,823544,0.0,0.0
2026-05-24,823786,0.0,0.0
2026-05-24,823861,0.0,0.0
2026-05-24,824028,0.0,0.0
2026-05-24,824108,0.0,0.0
2026-05-24,824514,0.0,0.0
2026-05-24,824676,0.0,0.0
2026-05-24,824759,0.0,0.0
2026-05-24,824839,0.0,0.0
2026-05-24,824840,0.0,0.0
2026-05-24,824921,0.0,0.0
2026-05-24,825081,0.0,0.0
2026-05-25,822812,1235.1,0.0
2026-05-25,822899,818.9,1201.6
2026-05-25,823219,652.0,0.0
2026-05-25,823296,2367.8,0.0
2026-05-25,823380,410.8,223.0
2026-05-25,823625,576.0,1097.7
2026-05-25,823784,326.0,0.0
2026-05-25,823948,357.2,1737.1
2026-05-25,824107,1093.2,0.0
2026-05-25,824437,547.0,358.6
2026-05-25,824598,847.3,1853.1
2026-05-25,824838,178.1,0.0
2026-05-25,825005,1497.8,449.8
2026-05-26,822811,0.0,0.0
2026-05-26,822898,0.0,0.0
2026-05-26,823216,0.0,0.0
2026-05-26,823294,0.0,0.0
2026-05-26,823379,0.0,0.0
2026-05-26,823624,0.0,0.0
2026-05-26,823785,0.0,0.0
2026-05-26,823949,0.0,0.0
2026-05-26,824106,0.0,0.0
2026-05-26,824275,1968.9,396.7
2026-05-26,824434,0.0,0.0
2026-05-26,824597,0.0,0.0
2026-05-26,824758,930.6,0.0
2026-05-26,824837,0.0,0.0
2026-05-26,825004,0.0,0.0
2026-05-27,822809,0.0,0.0
2026-05-27,822897,0.0,0.0
2026-05-27,823217,0.0,0.0
2026-05-27,823295,0.0,0.0
2026-05-27,823376,0.0,0.0
2026-05-27,823626,0.0,0.0
2026-05-27,823783,0.0,0.0
2026-05-27,823947,0.0,0.0
2026-05-27,824104,0.0,0.0
2026-05-27,824270,0.0,0.0
2026-05-27,824432,0.0,0.0
2026-05-27,824596,0.0,0.0
2026-05-27,824756,0.0,0.0
2026-05-27,824836,0.0,0.0
2026-05-27,825003,0.0,0.0
2026-05-28,822896,0.0,0.0
2026-05-28,823378,0.0,0.0
2026-05-28,824272,0.0,0.0
2026-05-28,824595,0.0,0.0
2026-05-28,824757,0.0,0.0
2026-05-28,824834,333.4,0.0
2026-05-29,822732,2271.5,306.2
2026-05-29,822894,459.3,0.0
2026-05-29,822978,1007.0,867.6
2026-05-29,823055,556.9,325.8
2026-05-29,823135,678.0,679.9
2026-05-29,823377,408.1,0.0
2026-05-29,823623,346.6,0.0
2026-05-29,823946,113.2,0.0
2026-05-29,824191,1003.7,230.5
2026-05-29,824353,945.5,829.2
2026-05-29,824433,547.1,0.0
2026-05-29,824515,736.3,576.0
2026-05-29,824594,237.7,0.0
2026-05-29,824835,0.0,0.0
2026-05-29,825002,1497.8,0.0
2026-05-30,822731,0.0,0.0
2026-05-30,822893,0.0,0.0
2026-05-30,822975,0.0,0.0
2026-05-30,823054,0.0,0.0
2026-05-30,823132,0.0,0.0
2026-05-30,823375,0.0,0.0
2026-05-30,823622,0.0,0.0
2026-05-30,823945,0.0,0.0
2026-05-30,824190,0.0,0.0
2026-05-30,824352,0.0,0.0
2026-05-30,824431,0.0,0.0
2026-05-30,824513,0.0,0.0
2026-05-30,824593,0.0,0.0
2026-05-30,824833,0.0,0.0
2026-05-30,825000,0.0,0.0
2026-05-31,822729,0.0,0.0
2026-05-31,822895,0.0,0.0
2026-05-31,822976,0.0,0.0
2026-05-31,823053,0.0,0.0
2026-05-31,823133,0.0,0.0
2026-05-31,823373,0.0,0.0
2026-05-31,823621,0.0,0.0
2026-05-31,823944,0.0,0.0
2026-05-31,824187,0.0,0.0
2026-05-31,824354,0.0,0.0
2026-05-31,824430,0.0,0.0
2026-05-31,824512,0.0,0.0
2026-05-31,824592,0.0,0.0
2026-05-31,824832,0.0,0.0
2026-05-31,825001,0.0,0.0
2026-06-01,822730,212.3,0.0
2026-06-01,822974,1011.3,0.0
2026-06-01,823050,560.3,0.0
2026-06-01,823131,2408.0,0.0
2026-06-01,823702,357.2,741.9
2026-06-01,823781,909.1,1003.7
2026-06-01,824027,822.2,2121.6
2026-06-01,824510,828.1,0.0
2026-06-01,825078,357.2,1114.0
2026-06-02,822728,0.0,0.0
2026-06-02,822971,0.0,0.0
2026-06-02,823052,0.0,0.0
2026-06-02,823129,0.0,0.0
2026-06-02,823460,121.5,2387.6
2026-06-02,823541,406.1,2557.5
2026-06-02,823700,0.0,0.0
2026-06-02,823782,0.0,0.0
2026-06-02,824026,0.0,0.0
2026-06-02,824189,1136.4,0.0
2026-06-02,824511,0.0,0.0
2026-06-02,824675,1842.5,265.8
2026-06-02,824754,358.0,547.1
2026-06-02,824918,572.6,359.8
2026-06-02,825079,0.0,0.0
2026-06-03,822727,0.0,0.0
2026-06-03,822973,0.0,0.0
2026-06-03,823051,0.0,0.0
2026-06-03,823130,0.0,0.0
2026-06-03,823456,0.0,0.0
2026-06-03,823540,0.0,0.0
2026-06-03,823701,0.0,0.0
2026-06-03,823780,0.0,0.0
2026-06-03,824024,0.0,0.0
2026-06-03,824188,0.0,0.0
2026-06-03,824509,0.0,0.0
2026-06-03,824671,0.0,0.0
2026-06-03,824755,0.0,0.0
2026-06-03,824917,0.0,0.0
2026-06-03,825077,0.0,0.0
2026-06-04,823457,0.0,0.0
2026-06-04,823542,0.0,0.0
2026-06-04,823698,605.9,0.0
2026-06-04,823779,0.0,0.0
2026-06-04,824185,0.0,0.0
2026-06-04,824672,0.0,0.0
2026-06-04,824753,0.0,0.0
2026-06-04,824919,0.0,0.0
2026-06-04,825076,0.0,0.0
2026-06-05,822810,428.3,726.8
2026-06-05,822892,1392.3,560.3
2026-06-05,823049,307.6,0.0
2026-06-05,823293,1063.5,2367.8
2026-06-05,823455,985.1,0.0
2026-06-05,823538,179.9,0.0
2026-06-05,823699,0.0,0.0
2026-06-05,823860,203.6,923.8
2026-06-05,823943,27.9,357.2
2026-06-05,824186,945.3,0.0
2026-06-05,824271,1932.9,1007.0
2026-06-05,824350,909.1,822.2
2026-06-05,824673,76.3,0.0
2026-06-05,824914,699.6,0.0
2026-06-05,825073,1978.8,0.0
2026-06-06,822808,0.0,0.0
2026-06-06,822891,0.0,0.0
2026-06-06,823048,0.0,0.0
2026-06-06,823292,0.0,0.0
2026-06-06,823454,0.0,0.0
2026-06-06,823539,0.0,0.0
2026-06-06,823697,0.0,0.0
2026-06-06,823859,0.0,0.0
2026-06-06,823942,0.0,0.0
2026-06-06,824184,0.0,0.0
2026-06-06,824269,0.0,0.0
2026-06-06,824351,0.0,0.0
2026-06-06,824669,0.0,0.0
2026-06-06,824915,0.0,0.0
2026-06-06,825075,0.0,0.0
2026-06-07,822807,0.0,0.0
2026-06-07,822890,0.0,0.0
2026-06-07,823047,0.0,0.0
2026-06-07,823291,0.0,0.0
2026-06-07,823453,0.0,0.0
2026-06-07,823537,0.0,0.0
2026-06-07,823696,0.0,0.0
2026-06-07,823857,0.0,0.0
2026-06-07,823941,0.0,0.0
2026-06-07,824183,0.0,0.0
2026-06-07,824268,0.0,0.0
2026-06-07,824349,0.0,0.0
2026-06-07,824670,0.0,0.0
2026-06-07,824916,0.0,0.0
2026-06-07,825074,0.0,0.0
2026-06-08,822806,337.5,0.0
2026-06-08,822972,1029.5,203.6
2026-06-08,823218,652.0,1851.6
2026-06-08,823289,1561.5,0.0
2026-06-08,824025,1349.4,27.9
2026-06-08,824427,406.1,1039.1
2026-06-08,824829,396.7,333.4
2026-06-08,824998,935.9,1631.1
2026-06-09,822805,0.0,0.0
2026-06-09,822969,0.0,0.0
2026-06-09,823214,0.0,0.0
2026-06-09,823290,0.0,0.0
2026-06-09,823374,2130.9,515.1
2026-06-09,823620,880.2,2436.2
2026-06-09,823858,1976.4,0.0
2026-06-09,824023,0.0,0.0
2026-06-09,824105,459.3,414.3
2026-06-09,824267,542.5,0.0
2026-06-09,824347,917.1,0.0
2026-06-09,824429,0.0,0.0
2026-06-09,824591,575.0,664.2
2026-06-09,824830,0.0,0.0
2026-06-09,824999,0.0,0.0
2026-06-10,822804,0.0,0.0
2026-06-10,822970,0.0,0.0
2026-06-10,823215,0.0,0.0
2026-06-10,823287,0.0,0.0
2026-06-10,823372,0.0,0.0
2026-06-10,823618,0.0,0.0
2026-06-10,823856,0.0,0.0
2026-06-10,824022,0.0,0.0
2026-06-10,824103,0.0,0.0
2026-06-10,824266,0.0,0.0
2026-06-10,824348,0.0,0.0
2026-06-10,824428,0.0,0.0
2026-06-10,824590,0.0,0.0
2026-06-10,824831,0.0,0.0
2026-06-10,824996,0.0,0.0
2026-06-11,823371,0.0,0.0
2026-06-11,823619,0.0,0.0
2026-06-11,823855,0.0,0.0
2026-06-11,824101,0.0,0.0
2026-06-11,824265,0.0,0.0
2026-06-11,824346,0.0,0.0
2026-06-11,824589,0.0,0.0
2026-06-11,824827,0.0,0.0
2026-06-12,822726,35.1,2435.3
2026-06-12,822803,188.7,0.0
2026-06-12,823211,945.5,0.0
2026-06-12,823370,1013.6,0.0
2026-06-12,823617,718.8,0.0
2026-06-12,823695,1023.5,542.5
2026-06-12,823778,433.2,1824.6
2026-06-12,824020,2121.6,0.0
2026-06-12,824102,1346.4,0.0
2026-06-12,824425,91.1,0.0
2026-06-12,824507,953.3,1869.1
2026-06-12,824588,408.1,0.0
2026-06-12,824752,1241.7,1198.2
2026-06-12,824826,2291.4,0.0
2026-06-12,824997,935.9,0.0
2026-06-13,822725,0.0,0.0
2026-06-13,822802,0.0,0.0
2026-06-13,823213,0.0,0.0
2026-06-13,823369,0.0,0.0
2026-06-13,823616,0.0,0.0
2026-06-13,823694,0.0,0.0
2026-06-13,823776,0.0,0.0
2026-06-13,824019,0.0,0.0
2026-06-13,824100,0.0,0.0
2026-06-13,824426,0.0,0.0
2026-06-13,824508,0.0,0.0
2026-06-13,824587,0.0,0.0
2026-06-13,824749,0.0,0.0
2026-06-13,824828,0.0,0.0
2026-06-13,824995,0.0,0.0
2026-06-14,822722,0.0,0.0
2026-06-14,822801,0.0,0.0
2026-06-14,823212,0.0,0.0
2026-06-14,823368,0.0,0.0
2026-06-14,823615,0.0,0.0
2026-06-14,823693,0.0,0.0
2026-06-14,823777,0.0,0.0
2026-06-14,824021,0.0,0.0
2026-06-14,824099,0.0,0.0
2026-06-14,824424,0.0,0.0
2026-06-14,824506,0.0,0.0
2026-06-14,824586,0.0,0.0
2026-06-14,824751,0.0,0.0
2026-06-14,824823,0.0,0.0
2026-06-14,824994,0.0,0.0
2026-06-15,822724,937.4,0.0
2026-06-15,822887,869.5,1562.2
2026-06-15,823046,729.9,467.1
2026-06-15,823452,258.2,696.3
2026-06-15,823938,27.9,1740.8
2026-06-15,824181,1114.0,644.1
2026-06-15,824505,576.0,0.0
2026-06-15,824666,1842.5,1851.6
2026-06-15,824993,2248.6,0.0
2026-06-15,825071,335.5,1577.4
2026-06-16,822723,0.0,0.0
2026-06-16,822888,0.0,0.0
2026-06-16,823045,0.0,0.0
2026-06-16,823128,2328.1,2324.2
2026-06-16,823451,0.0,0.0
2026-06-16,823535,713.8,340.2
2026-06-16,823775,338.3,0.0
2026-06-16,823939,0.0,0.0
2026-06-16,824182,0.0,0.0
2026-06-16,824504,0.0,0.0
2026-06-16,824667,0.0,0.0
2026-06-16,824750,428.3,0.0
2026-06-16,824912,2126.5,751.1
2026-06-16,824991,0.0,0.0
2026-06-16,825070,0.0,0.0
2026-06-17,822721,0.0,0.0
2026-06-17,823044,0.0,0.0
2026-06-17,823127,0.0,0.0
2026-06-17,823450,0.0,0.0
2026-06-17,823536,0.0,0.0
2026-06-17,823774,0.0,0.0
2026-06-17,823940,0.0,0.0
2026-06-17,824178,0.0,0.0
2026-06-17,824503,0.0,0.0
2026-06-17,824668,0.0,0.0
2026-06-17,824746,0.0,0.0
2026-06-17,824912,2126.5,751.1
2026-06-17,824913,0.0,0.0
2026-06-17,824992,0.0,0.0
2026-06-17,825072,0.0,0.0
2026-06-18,822889,0.0,0.0
2026-06-18,823125,0.0,0.0
2026-06-18,823448,500.9,0.0
2026-06-18,823533,0.0,0.0
2026-06-18,823772,0.0,0.0
2026-06-18,824098,232.6,937.4
2026-06-18,824748,0.0,0.0
2026-06-18,824911,0.0,0.0
2026-06-18,824989,641.9,0.0
2026-06-19,822886,560.3,0.0
2026-06-19,822966,833.2,2142.7
2026-06-19,823124,2484.4,0.0
2026-06-19,823534,572.6,0.0
2026-06-19,823853,615.5,1018.8
2026-06-19,823936,957.8,0.0
2026-06-19,824097,0.0,0.0
2026-06-19,824179,1003.7,0.0
2026-06-19,824264,482.6,1105.8
2026-06-19,824345,935.9,917.1
2026-06-19,824663,847.3,0.0
2026-06-19,824910,659.0,0.0
2026-06-19,824990,0.0,0.0
2026-06-19,825069,867.8,0.0
2026-06-20,822885,0.0,0.0
2026-06-20,822967,0.0,0.0
2026-06-20,823126,0.0,0.0
2026-06-20,823447,0.0,0.0
2026-06-20,823532,0.0,0.0
2026-06-20,823854,0.0,0.0
2026-06-20,823937,0.0,0.0
2026-06-20,824180,0.0,0.0
2026-06-20,824263,0.0,0.0
2026-06-20,824342,0.0,0.0
2026-06-20,824665,0.0,0.0
2026-06-20,824909,0.0,0.0
2026-06-20,824988,0.0,0.0
2026-06-20,825068,0.0,0.0
2026-06-21,822883,0.0,0.0
2026-06-21,822968,0.0,0.0
2026-06-21,823123,0.0,0.0
2026-06-21,823449,0.0,0.0
2026-06-21,823531,0.0,0.0
2026-06-21,823852,0.0,0.0
2026-06-21,823934,0.0,0.0
2026-06-21,824095,0.0,0.0
2026-06-21,824177,0.0,0.0
2026-06-21,824260,0.0,0.0
2026-06-21,824343,0.0,0.0
2026-06-21,824664,0.0,0.0
2026-06-21,824908,0.0,0.0
2026-06-21,824987,0.0,0.0
2026-06-21,825067,0.0,0.0
2026-06-22,822720,121.5,833.2
2026-06-22,822800,1300.2,434.9
2026-06-22,822964,1034.0,0.0
2026-06-22,823040,1269.9,232.6
2026-06-22,823288,1881.6,1164.9
2026-06-22,823613,720.2,91.1
2026-06-22,823692,1519.9,1277.9
2026-06-22,823851,1122.9,0.0
2026-06-22,824016,27.9,364.8
2026-06-22,824261,482.6,0.0
2026-06-22,824344,1018.2,0.0
2026-06-22,824502,359.8,572.6
2026-06-22,824585,938.7,237.7
2026-06-23,822718,0.0,0.0
2026-06-23,822799,0.0,0.0
2026-06-23,822963,0.0,0.0
2026-06-23,823043,0.0,0.0
2026-06-23,823210,10.5,2587.3
2026-06-23,823286,0.0,0.0
2026-06-23,823365,2132.1,1317.1
2026-06-23,823614,0.0,0.0
2026-06-23,823690,0.0,0.0
2026-06-23,823849,0.0,0.0
2026-06-23,824017,0.0,0.0
2026-06-23,824262,0.0,0.0
2026-06-23,824340,0.0,0.0
2026-06-23,824501,0.0,0.0
2026-06-23,824584,0.0,0.0
2026-06-24,822719,0.0,0.0
2026-06-24,822798,0.0,0.0
2026-06-24,822965,0.0,0.0
2026-06-24,823041,0.0,0.0
2026-06-24,823208,0.0,0.0
2026-06-24,823284,0.0,0.0
2026-06-24,823367,0.0,0.0
2026-06-24,823611,0.0,0.0
2026-06-24,823613,0.0,0.0
2026-06-24,823691,0.0,0.0
2026-06-24,823850,0.0,0.0
2026-06-24,824018,0.0,0.0
2026-06-24,824259,0.0,0.0
2026-06-24,824341,0.0,0.0
2026-06-24,824500,0.0,0.0
2026-06-24,824583,0.0,0.0
2026-06-25,822717,0.0,0.0
2026-06-25,822797,1235.1,0.0
2026-06-25,822961,0.0,0.0
2026-06-25,823042,0.0,0.0
2026-06-25,823209,0.0,0.0
2026-06-25,823366,0.0,0.0
2026-06-25,823612,0.0,0.0
2026-06-25,824258,205.6,0.0
2026-06-25,824747,609.8,1763.5
2026-06-26,822796,0.0,0.0
2026-06-26,822962,866.6,0.0
2026-06-26,823039,1060.3,0.0
2026-06-26,823206,458.0,0.0
2026-06-26,823285,1530.5,0.0
2026-06-26,823363,256.5,0.0
2026-06-26,823610,212.3,0.0
2026-06-26,823688,697.6,0.0
2026-06-26,823773,742.3,326.0
2026-06-26,824014,373.2,0.0
2026-06-26,824255,0.0,0.0
2026-06-26,824423,113.7,307.9
2026-06-26,824582,1011.3,0.0
2026-06-26,824743,0.0,0.0
2026-06-26,824824,35.1,2301.4
2026-06-27,822794,0.0,0.0
2026-06-27,822960,0.0,0.0
2026-06-27,823038,0.0,0.0
2026-06-27,823207,0.0,0.0
2026-06-27,823283,0.0,0.0
2026-06-27,823364,0.0,0.0
2026-06-27,823609,0.0,0.0
2026-06-27,823689,0.0,0.0
2026-06-27,823770,0.0,0.0
2026-06-27,824015,0.0,0.0
2026-06-27,824257,0.0,0.0
2026-06-27,824421,0.0,0.0
2026-06-27,824581,0.0,0.0
2026-06-27,824745,0.0,0.0
2026-06-27,824825,0.0,0.0
2026-06-28,822795,0.0,0.0
2026-06-28,822959,0.0,0.0
2026-06-28,823037,0.0,0.0
2026-06-28,823204,0.0,0.0
2026-06-28,823281,0.0,0.0
2026-06-28,823362,0.0,0.0
2026-06-28,823608,0.0,0.0
2026-06-28,823686,0.0,0.0
2026-06-28,823769,0.0,0.0
2026-06-28,824011,0.0,0.0
2026-06-28,824256,0.0,0.0
2026-06-28,824422,0.0,0.0
2026-06-28,824580,0.0,0.0
2026-06-28,824744,0.0,0.0
2026-06-28,824821,0.0,0.0
2026-06-29,822792,346.6,0.0
2026-06-29,823121,980.5,2021.2
2026-06-29,823444,258.2,91.1
2026-06-29,823529,482.6,179.9
2026-06-29,823771,447.5,0.0
2026-06-29,824176,1058.0,1105.8
2026-06-29,824339,795.6,697.6
2026-06-29,824420,188.7,0.0
2026-06-29,824662,1731.3,76.3
2026-06-29,824741,358.0,0.0
2026-06-29,824822,603.7,0.0
2026-06-29,824986,449.8,364.8
2026-06-29,825065,652.0,1786.2
2026-06-30,822793,0.0,0.0
2026-06-30,823122,0.0,0.0
2026-06-30,823445,0.0,0.0
2026-06-30,823528,0.0,0.0
2026-06-30,823768,0.0,0.0
2026-06-30,824096,1034.0,407.8
2026-06-30,824175,0.0,0.0
2026-06-30,824338,0.0,0.0
2026-06-30,824418,0.0,0.0
2026-06-30,824661,0.0,0.0
2026-06-30,824742,0.0,0.0
2026-06-30,824819,0.0,0.0
2026-06-30,824907,456.6,2126.5
2026-06-30,824984,0.0,0.0
2026-06-30,825066,0.0,0.0
2026-07-01,822791,0.0,0.0
2026-07-01,823446,0.0,0.0
2026-07-01,823530,0.0,0.0
2026-07-01,823767,0.0,0.0
2026-07-01,824094,0.0,0.0
2026-07-01,824174,0.0,0.0
2026-07-01,824337,0.0,0.0
2026-07-01,824419,0.0,0.0
2026-07-01,824660,0.0,0.0
2026-07-01,824740,0.0,0.0
2026-07-01,824818,0.0,0.0
2026-07-01,824905,0.0,0.0
2026-07-01,824985,0.0,0.0
2026-07-01,825064,0.0,0.0
2026-07-02,822884,1392.3,1039.1
2026-07-02,823119,0.0,0.0
2026-07-02,823442,0.0,0.0
2026-07-02,823765,0.0,0.0
2026-07-02,823935,1740.8,337.1
2026-07-02,824093,0.0,0.0
2026-07-02,824335,0.0,0.0
2026-07-02,824416,307.1,0.0
2026-07-02,824906,0.0,0.0
2026-07-03,822714,121.5,391.9
2026-07-03,823120,2066.3,0.0
2026-07-03,823527,1424.3,0.0
2026-07-03,823933,0.0,0.0
2026-07-03,824013,2578.5,980.5
2026-07-03,824173,644.1,0.0
2026-07-03,824336,586.1,0.0
2026-07-03,824417,0.0,0.0
2026-07-03,824498,422.3,326.0
2026-07-03,824659,583.1,0.0
2026-07-03,824904,726.8,0.0
2026-07-03,824982,935.9,0.0
2026-07-03,825062,1458.5,0.0
2026-07-04,822716,0.0,0.0
2026-07-04,822882,0.0,0.0
2026-07-04,823118,0.0,0.0
2026-07-04,823526,0.0,0.0
2026-07-04,823932,0.0,0.0
2026-07-04,824012,0.0,0.0
2026-07-04,824092,1029.7,0.0
2026-07-04,824171,0.0,0.0
2026-07-04,824334,0.0,0.0
2026-07-04,824415,0.0,0.0
2026-07-04,824499,0.0,0.0
2026-07-04,824658,0.0,0.0
2026-07-04,824903,0.0,0.0
2026-07-04,824983,0.0,0.0
2026-07-04,825063,0.0,0.0
2026-07-05,822715,0.0,0.0
2026-07-05,822879,0.0,0.0
2026-07-05,823117,0.0,0.0
2026-07-05,823525,0.0,0.0
2026-07-05,823931,0.0,0.0
2026-07-05,824010,0.0,0.0
2026-07-05,824091,0.0,0.0
2026-07-05,824172,0.0,0.0
2026-07-05,824333,0.0,0.0
2026-07-05,824413,0.0,0.0
2026-07-05,824497,0.0,0.0
2026-07-05,824656,0.0,0.0
2026-07-05,824902,0.0,0.0
2026-07-05,824980,0.0,0.0
2026-07-05,825061,0.0,0.0
2026-07-06,822712,1218.4,0.0
2026-07-06,822958,1029.5,781.1
2026-07-06,823036,1269.9,265.8
2026-07-06,823205,678.0,945.5
2026-07-06,823282,299.0,113.2
2026-07-06,823930,829.2,0.0
2026-07-06,824089,0.0,0.0
2026-07-06,824900,0.0,0.0
2026-07-07,822713,0.0,0.0
2026-07-07,822881,1201.6,0.0
2026-07-07,822956,0.0,0.0
2026-07-07,823035,0.0,0.0
2026-07-07,823062,0.0,0.0
2026-07-07,823203,0.0,0.0
2026-07-07,823280,0.0,0.0
2026-07-07,823361,515.1,193.0
2026-07-07,823607,1097.5,751.1
2026-07-07,823687,630.5,1017.7
2026-07-07,823847,2729.3,2576.8
2026-07-07,823929,0.0,0.0
2026-07-07,824254,2076.4,1012.7
2026-07-07,824495,534.7,0.0
2026-07-07,824579,1731.2,307.9
2026-07-07,824820,606.7,422.3
2026-07-08,822710,0.0,0.0
2026-07-08,822880,0.0,0.0
2026-07-08,822957,0.0,0.0
2026-07-08,823032,0.0,0.0
2026-07-08,823202,0.0,0.0
2026-07-08,823279,0.0,0.0
2026-07-08,823360,0.0,0.0
2026-07-08,823605,0.0,0.0
2026-07-08,823684,0.0,0.0
2026-07-08,823848,0.0,0.0
2026-07-08,823928,0.0,0.0
2026-07-08,824253,0.0,0.0
2026-07-08,824496,0.0,0.0
2026-07-08,824578,0.0,0.0
2026-07-08,824815,0.0,0.0
2026-07-09,822877,0.0,0.0
2026-07-09,822954,0.0,0.0
2026-07-09,823034,0.0,0.0
2026-07-09,823201,345.5,0.0
2026-07-09,823277,0.0,0.0
2026-07-09,823359,0.0,0.0
2026-07-09,823606,0.0,0.0
2026-07-09,823683,0.0,0.0
2026-07-09,823846,0.0,0.0
2026-07-09,824251,0.0,0.0
2026-07-09,824494,0.0,0.0
2026-07-09,824577,0.0,0.0
2026-07-09,824816,0.0,0.0
2026-07-10,822709,833.2,0.0
2026-07-10,822878,1198.8,0.0
2026-07-10,822955,203.6,0.0
2026-07-10,823033,556.9,0.0
2026-07-10,823200,0.0,0.0
2026-07-10,823278,458.0,0.0
2026-07-10,823357,556.9,0.0
2026-07-10,823604,718.8,0.0
2026-07-10,823685,869.5,0.0
2026-07-10,823845,1512.6,0.0
2026-07-10,823927,113.2,0.0
2026-07-10,824252,236.6,0.0
2026-07-10,824493,422.3,0.0
2026-07-10,824575,237.7,0.0
2026-07-10,824817,178.7,0.0
2026-07-11,822711,0.0,0.0
2026-07-11,822875,0.0,0.0
2026-07-11,822953,0.0,0.0
2026-07-11,823030,0.0,0.0
2026-07-11,823198,0.0,0.0
2026-07-11,823276,0.0,0.0
2026-07-11,823356,0.0,0.0
2026-07-11,823357,556.9,0.0
2026-07-11,823603,0.0,0.0
2026-07-11,823682,0.0,0.0
2026-07-11,823844,0.0,0.0
2026-07-11,823926,0.0,0.0
2026-07-11,824249,0.0,0.0
2026-07-11,824492,0.0,0.0
2026-07-11,824576,0.0,0.0
2026-07-11,824813,0.0,0.0
2026-07-12,822708,0.0,0.0
2026-07-12,822876,0.0,0.0
2026-07-12,822951,0.0,0.0
2026-07-12,823029,0.0,0.0
2026-07-12,823199,0.0,0.0
2026-07-12,823274,0.0,0.0
2026-07-12,823358,0.0,0.0
2026-07-12,823602,0.0,0.0
2026-07-12,823681,0.0,0.0
2026-07-12,823842,0.0,0.0
2026-07-12,823925,0.0,0.0
2026-07-12,824250,0.0,0.0
2026-07-12,824491,0.0,0.0
2026-07-12,824574,0.0,0.0
2026-07-12,824814,0.0,0.0
2026-07-16,823440,91.1,443.1
2026-07-17,822789,436.5,2164.0
2026-07-17,823115,678.0,2525.8
2026-07-17,823524,2448.4,212.1
2026-07-17,823766,1269.7,447.5
2026-07-17,824009,1968.9,1515.2
2026-07-17,824090,1338.7,955.2
2026-07-17,824170,1249.4,230.5
2026-07-17,824332,1092.0,945.5
2026-07-17,824414,113.7,1089.2
2026-07-17,824655,351.2,257.1
2026-07-17,824737,1198.2,179.6
2026-07-17,824766,1198.2,179.6
2026-07-17,824901,732.3,456.6
2026-07-17,824981,2425.9,1844.0
2026-07-17,825060,1269.9,357.2
2026-07-18,822790,0.0,0.0
2026-07-18,823116,0.0,0.0
2026-07-18,823441,0.0,0.0
2026-07-18,823523,0.0,0.0
2026-07-18,823763,0.0,0.0
2026-07-18,824008,0.0,0.0
2026-07-18,824088,0.0,0.0
2026-07-18,824169,0.0,0.0
2026-07-18,824331,0.0,0.0
2026-07-18,824412,0.0,0.0
2026-07-18,824414,113.7,1089.2
2026-07-18,824657,0.0,0.0
2026-07-18,824738,0.0,0.0
2026-07-18,824899,0.0,0.0
2026-07-18,824979,0.0,0.0
2026-07-18,825059,0.0,0.0
2026-07-19,822786,0.0,0.0
2026-07-19,823113,0.0,0.0
2026-07-19,823439,0.0,0.0
2026-07-19,823521,0.0,0.0
2026-07-19,823523,0.0,0.0
2026-07-19,823764,0.0,0.0
2026-07-19,824007,0.0,0.0
2026-07-19,824086,0.0,0.0
2026-07-19,824168,0.0,0.0
2026-07-19,824330,0.0,0.0
2026-07-19,824411,0.0,0.0
2026-07-19,824653,0.0,0.0
2026-07-19,824739,0.0,0.0
2026-07-19,824897,0.0,0.0
2026-07-19,824978,0.0,0.0
2026-07-19,825057,0.0,0.0
2026-07-20,822788,428.3,0.0
2026-07-20,822874,1216.2,732.3
2026-07-20,823112,1018.2,0.0
2026-07-20,823436,91.3,0.0
2026-07-20,823522,406.1,0.0
2026-07-20,823762,696.3,0.0
2026-07-20,824006,335.5,0.0
2026-07-20,824087,1508.8,0.0
2026-07-20,824167,1003.7,0.0
2026-07-20,824328,935.9,0.0
2026-07-20,824410,309.4,0.0
2026-07-20,824654,1731.4,0.0
2026-07-20,824736,1601.3,0.0
2026-07-20,824898,660.2,0.0
2026-07-20,825058,641.9,0.0
2026-07-21,822787,0.0,0.0
2026-07-21,822871,0.0,0.0
2026-07-21,823114,0.0,0.0
2026-07-21,823437,0.0,0.0
2026-07-21,823519,0.0,0.0
2026-07-21,823760,0.0,0.0
2026-07-21,824005,0.0,0.0
2026-07-21,824085,0.0,0.0
2026-07-21,824165,0.0,0.0
2026-07-21,824329,0.0,0.0
2026-07-21,824409,0.0,0.0
2026-07-21,824652,0.0,0.0
2026-07-21,824735,0.0,0.0
2026-07-21,824895,0.0,0.0
2026-07-21,825056,0.0,0.0
2026-07-22,822784,0.0,0.0
2026-07-22,822873,0.0,0.0
2026-07-22,823110,0.0,0.0
2026-07-22,823438,0.0,0.0
2026-07-22,823518,0.0,0.0
2026-07-22,823519,0.0,0.0
2026-07-22,823761,0.0,0.0
2026-07-22,824004,0.0,0.0
2026-07-22,824083,0.0,0.0
2026-07-22,824166,0.0,0.0
2026-07-22,824327,0.0,0.0
2026-07-22,824408,0.0,0.0
2026-07-22,824650,0.0,0.0
2026-07-22,824732,0.0,0.0
2026-07-22,824735,0.0,0.0
2026-07-22,824896,0.0,0.0
2026-07-22,825055,0.0,0.0
2026-07-23,822785,0.0,0.0
2026-07-23,823042,1269.9,1572.8
2026-07-23,824247,639.8,237.5
2026-07-23,824406,0.0,0.0
2026-07-23,824893,0.0,0.0
2026-07-24,822707,1978.8,1491.2
2026-07-24,822872,1669.0,0.0
2026-07-24,822952,950.1,1111.7
2026-07-24,823031,1720.6,1572.8
2026-07-24,823196,373.2,1507.5
2026-07-24,823352,410.8,319.8
2026-07-24,823434,91.3,0.0
2026-07-24,823601,91.1,742.3
2026-07-24,823680,1277.9,630.5
2026-07-24,823759,909.1,0.0
2026-07-24,823843,615.5,964.4
2026-07-24,824248,0.0,0.0
2026-07-24,824573,938.7,813.6
2026-07-24,824733,428.3,0.0
2026-07-24,824812,572.6,358.0
2026-07-25,822704,0.0,0.0
2026-07-25,822869,0.0,0.0
2026-07-25,822948,0.0,0.0
2026-07-25,823027,0.0,0.0
2026-07-25,823197,0.0,0.0
2026-07-25,823355,0.0,0.0
2026-07-25,823435,0.0,0.0
2026-07-25,823600,0.0,0.0
2026-07-25,823679,0.0,0.0
2026-07-25,823758,0.0,0.0
2026-07-25,823841,0.0,0.0
2026-07-25,824244,0.0,0.0
2026-07-25,824571,0.0,0.0
2026-07-25,824734,0.0,0.0
2026-07-25,824811,0.0,0.0
2026-07-26,822706,0.0,0.0
2026-07-26,822870,0.0,0.0
2026-07-26,822950,0.0,0.0
2026-07-26,823028,0.0,0.0
2026-07-26,823194,0.0,0.0
2026-07-26,823354,0.0,0.0
2026-07-26,823433,0.0,0.0
2026-07-26,823599,0.0,0.0
2026-07-26,823678,0.0,0.0
2026-07-26,823755,0.0,0.0
2026-07-26,823840,0.0,0.0
2026-07-26,824246,0.0,0.0
2026-07-26,824572,0.0,0.0
2026-07-26,824730,0.0,0.0
2026-07-26,824810,0.0,0.0
2026-07-27,822705,391.9,0.0
2026-07-27,822868,0.0,0.0
2026-07-27,823025,556.9,0.0
2026-07-27,823195,1833.4,0.0
2026-07-27,823353,193.0,0.0
2026-07-27,823597,178.7,0.0
2026-07-27,823839,1018.8,0.0
2026-07-27,824001,1731.2,373.2
2026-07-27,824245,396.7,0.0
2026-07-27,824490,790.0,307.6
2026-07-27,824570,664.2,0.0
2026-07-27,824977,2680.7,1570.9
2026-07-28,822703,0.0,0.0
2026-07-28,822949,926.4,0.0
2026-07-28,823026,0.0,0.0
2026-07-28,823193,0.0,0.0
2026-07-28,823275,1732.7,2265.9
2026-07-28,823350,0.0,0.0
2026-07-28,823598,0.0,0.0
2026-07-28,823676,542.5,0.0
2026-07-28,823838,0.0,0.0
2026-07-28,823923,1221.4,2452.9
2026-07-28,824003,0.0,0.0
2026-07-28,824243,0.0,0.0
2026-07-28,824489,0.0,0.0
2026-07-28,824490,790.0,307.6
2026-07-28,824569,0.0,0.0
2026-07-28,824976,0.0,0.0
2026-07-29,822702,0.0,0.0
2026-07-29,822947,0.0,0.0
2026-07-29,823022,0.0,0.0
2026-07-29,823192,0.0,0.0
2026-07-29,823273,0.0,0.0
2026-07-29,823351,0.0,0.0
2026-07-29,823596,0.0,0.0
2026-07-29,823598,0.0,0.0
2026-07-29,823677,0.0,0.0
2026-07-29,823837,0.0,0.0
2026-07-29,823924,0.0,0.0
2026-07-29,824002,0.0,0.0
2026-07-29,824242,0.0,0.0
2026-07-29,824487,0.0,0.0
2026-07-29,824567,0.0,0.0
2026-07-29,824973,0.0,0.0
2026-07-30,822946,0.0,0.0
2026-07-30,823023,0.0,0.0
2026-07-30,823271,458.0,0.0
2026-07-30,823595,1097.7,0.0
2026-07-30,823674,0.0,0.0
2026-07-30,823921,0.0,0.0
2026-07-30,824488,256.5,0.0
2026-07-30,824568,0.0,0.0
2026-07-30,824894,538.8,751.1
2026-07-30,824974,0.0,0.0
2026-07-31,822782,659.7,351.9
2026-07-31,822945,1011.3,0.0
2026-07-31,823111,1390.7,957.8
2026-07-31,823272,0.0,0.0
2026-07-31,823593,0.0,0.0
2026-07-31,823922,337.1,0.0
2026-07-31,823999,373.2,0.0
2026-07-31,824164,781.1,1349.4
2026-07-31,824325,697.6,833.4
2026-07-31,824407,113.7,222.6
2026-07-31,824486,0.0,0.0
2026-07-31,824651,8.3,265.8
2026-07-31,824809,956.2,396.7
2026-07-31,824892,0.0,0.0
2026-07-31,824975,2076.4,0.0
2026-08-01,822781,0.0,0.0
2026-08-01,822944,0.0,0.0
2026-08-01,823109,0.0,0.0
2026-08-01,823269,0.0,0.0
2026-08-01,823594,0.0,0.0
2026-08-01,823920,0.0,0.0
2026-08-01,824000,0.0,0.0
2026-08-01,824162,0.0,0.0
2026-08-01,824326,0.0,0.0
2026-08-01,824405,0.0,0.0
2026-08-01,824485,0.0,0.0
2026-08-01,824649,0.0,0.0
2026-08-01,824808,0.0,0.0
2026-08-01,824890,0.0,0.0
2026-08-01,824972,0.0,0.0
2026-08-02,822783,0.0,0.0
2026-08-02,822943,0.0,0.0
2026-08-02,823107,0.0,0.0
2026-08-02,823270,0.0,0.0
2026-08-02,823592,0.0,0.0
2026-08-02,823919,0.0,0.0
2026-08-02,823996,0.0,0.0
2026-08-02,824163,0.0,0.0
2026-08-02,824323,0.0,0.0
2026-08-02,824404,0.0,0.0
2026-08-02,824483,0.0,0.0
2026-08-02,824648,0.0,0.0
2026-08-02,824807,0.0,0.0
2026-08-02,824891,0.0,0.0
2026-08-02,824971,0.0,0.0
2026-08-03,822867,1164.9,230.5
2026-08-03,823431,660.3,88.6
2026-08-03,823520,340.2,715.1
2026-08-03,823757,326.0,1728.9
2026-08-03,824160,1300.2,0.0
2026-08-03,824324,1520.6,0.0
2026-08-03,824647,1740.8,0.0
2026-08-03,825095,299.0,1745.9
