date,game_pk,park,hour_et,gh_temp_c,gh_wind_kmh,gh_wind_deg,gh_humidity
2024-04-01,746817,CWS,14:00,7.2,23.3,38,87
2024-04-01,746899,CHC,14:00,6.4,23.8,39,88
2024-04-01,744875,WSH,16:00,15.1,10.1,27,76
2024-04-01,747058,BAL,19:00,13.2,7.0,125,76
2024-04-01,745600,PHI,19:00,12.6,4.8,77,73
2024-04-01,745842,NYM,19:00,10.3,4.7,238,84
2024-04-01,745675,OAK,22:00,15.2,5.0,291,61
2024-04-01,745437,SD,22:00,14.3,8.7,308,83
2024-04-01,746170,LAD,22:00,14.2,8.6,255,72
2024-04-02,747057,BAL,19:00,9.7,18.2,56,93
2024-04-02,745598,PHI,19:00,8.0,18.5,66,92
2024-04-02,746898,CHC,20:00,4.2,33.1,282,83
2024-04-02,746814,CWS,20:00,4.4,32.6,281,83
2024-04-02,745680,OAK,22:00,13.9,8.0,275,86
2024-04-02,745439,SD,22:00,16.0,5.3,298,86
2024-04-02,746169,LAD,22:00,17.0,7.0,249,76
2024-04-02,745844,NYM,12:00,6.1,17.6,329,70
2024-04-03,747059,BAL,13:00,10.6,24.3,82,95
2024-04-03,745678,OAK,16:00,14.7,20.5,232,77
2024-04-03,745603,PHI,16:00,8.8,27.8,73,93
2024-04-03,745440,SD,16:00,19.0,16.7,284,74
2024-04-03,744869,WSH,19:00,13.7,12.4,296,87
2024-04-03,746900,CHC,20:00,2.4,27.4,350,93
2024-04-03,746163,LAD,22:00,15.5,7.9,210,77
2024-04-03,746816,CWS,16:00,19.1,17.3,42,61
2024-04-03,745843,NYM,12:00,6.1,17.6,329,70
2024-04-04,744870,WSH,16:00,13.4,13.8,264,46
2024-04-04,745928,MIN,16:00,9.4,18.9,14,41
2024-04-04,745200,STL,16:00,9.8,27.0,314,43
2024-04-04,746327,KC,20:00,11.8,10.5,344,38
2024-04-05,745764,NYY,13:00,9.1,28.2,295,44
2024-04-05,746497,DET,13:00,6.4,29.3,339,43
2024-04-05,746897,CHC,14:00,5.6,25.4,7,70
2024-04-05,746576,COL,16:00,21.9,30.7,196,13
2024-04-05,745524,PIT,16:00,6.6,27.1,310,42
2024-04-05,745361,SF,17:00,12.9,18.6,292,54
2024-04-05,746733,CIN,19:00,7.7,16.4,334,54
2024-04-05,744874,WSH,19:00,8.9,24.4,316,45
2024-04-05,747143,ATL,19:00,13.3,15.3,304,49
2024-04-05,746328,KC,20:00,13.2,13.0,92,51
2024-04-05,746249,LAA,22:00,11.4,16.0,278,59
2024-04-06,746498,DET,13:00,11.6,21.1,8,44
2024-04-06,745926,MIN,14:00,12.0,22.7,131,37
2024-04-06,745197,STL,14:00,12.5,12.0,123,43
2024-04-06,746896,CHC,16:00,6.5,12.1,37,75
2024-04-06,745522,PIT,16:00,10.7,17.5,328,45
2024-04-06,744873,WSH,16:00,12.1,24.9,323,43
2024-04-06,746731,CIN,16:00,13.3,10.4,358,39
2024-04-06,745766,NYY,19:00,8.5,16.1,344,51
2024-04-06,746329,KC,19:00,19.2,30.8,119,46
2024-04-06,747140,ATL,19:00,14.6,10.3,306,46
2024-04-06,746575,COL,20:00,5.7,53.0,284,27
2024-04-06,745359,SF,21:00,11.9,21.3,274,62
2024-04-06,746248,LAA,22:00,13.7,6.5,251,61
2024-04-07,745523,PIT,14:00,13.2,2.9,83,42
2024-04-07,744871,WSH,14:00,15.1,15.1,335,39
2024-04-07,747141,ATL,14:00,17.8,9.0,157,48
2024-04-07,745765,NYY,14:00,11.7,21.8,351,42
2024-04-07,746734,CIN,14:00,15.0,18.4,132,42
2024-04-07,746493,DET,14:00,11.5,13.0,90,49
2024-04-07,746330,KC,14:00,18.6,23.7,227,30
2024-04-07,745198,STL,14:00,19.0,20.4,166,63
2024-04-07,746895,CHC,14:00,9.1,31.2,117,73
2024-04-07,746574,COL,15:00,9.7,6.3,13,27
2024-04-07,745362,SF,16:00,14.4,7.9,286,55
2024-04-07,746251,LAA,16:00,18.6,11.0,238,41
2024-04-07,745927,MIN,14:00,19.1,18.6,314,52
2024-04-08,746654,CLE,17:00,11.2,8.2,52,72
2024-04-08,745761,NYY,18:00,12.9,13.4,185,61
2024-04-08,745520,PIT,19:00,19.4,4.9,253,61
2024-04-08,746735,CIN,19:00,22.2,10.4,200,49
2024-04-08,747142,ATL,19:00,22.0,9.0,164,54
2024-04-08,745925,MIN,20:00,10.9,5.8,240,63
2024-04-08,745194,STL,20:00,19.8,11.0,161,40
2024-04-08,746569,COL,21:00,9.9,5.4,48,39
2024-04-08,746252,LAA,22:00,17.8,8.7,263,42
2024-04-08,745432,SD,22:00,14.9,8.5,306,75
2024-04-08,745363,SF,22:00,15.5,16.9,286,65
2024-04-09,745517,PIT,13:00,21.0,13.5,196,62
2024-04-09,746981,BOS,14:00,12.2,19.8,100,53
2024-04-09,746653,CLE,18:00,14.6,17.9,236,60
2024-04-09,746732,CIN,19:00,18.3,15.6,220,77
2024-04-09,745762,NYY,19:00,14.6,17.7,174,64
2024-04-09,747138,ATL,19:00,16.2,17.5,127,93
2024-04-09,746326,KC,20:00,16.4,6.3,24,47
2024-04-09,745924,MIN,20:00,13.2,8.6,255,54
2024-04-09,745195,STL,20:00,18.2,5.7,35,56
2024-04-09,746571,COL,21:00,12.7,7.7,11,26
2024-04-09,746250,LAA,22:00,21.8,4.6,231,29
2024-04-09,745357,SF,22:00,13.8,17.3,249,81
2024-04-09,745433,SD,22:00,18.5,10.2,337,62
2024-04-10,745923,MIN,13:00,17.9,10.4,224,39
2024-04-10,745196,STL,13:00,15.8,12.2,28,83
2024-04-10,746573,COL,15:00,13.1,9.1,9,28
2024-04-10,745355,SF,16:00,21.5,5.4,8,63
2024-04-10,746247,LAA,16:00,26.4,10.7,225,30
2024-04-10,746655,CLE,18:00,9.7,8.9,43,82
2024-04-10,745429,SD,19:00,22.0,12.8,286,45
2024-04-10,746728,CIN,19:00,16.6,11.5,141,94
2024-04-10,745763,NYY,19:00,14.2,7.1,114,84
2024-04-10,746980,BOS,19:00,12.3,9.9,134,75
2024-04-10,746323,KC,20:00,16.7,10.1,6,47
2024-04-10,747139,ATL,13:00,23.4,9.8,250,77
2024-04-11,747137,ATL,12:00,19.2,19.4,190,90
2024-04-11,746322,KC,14:00,15.7,32.7,320,36
2024-04-11,745601,PHI,19:00,17.8,27.2,160,84
2024-04-11,746977,BOS,19:00,12.0,10.0,111,98
2024-04-11,746490,DET,13:00,12.9,24.8,289,43
2024-04-11,746730,CIN,13:00,35.2,11.3,202,34
2024-04-12,746491,DET,19:00,7.7,40.7,298,87
2024-04-12,745596,PHI,19:00,14.9,23.9,239,56
2024-04-12,747055,BAL,19:00,15.5,25.9,245,48
2024-04-12,746978,BOS,19:00,13.8,25.6,194,78
2024-04-12,745838,NYM,19:00,15.6,23.8,241,51
2024-04-12,746812,CWS,20:00,12.0,23.0,319,65
2024-04-12,745679,OAK,22:00,12.8,18.5,209,76
2024-04-12,746162,LAD,22:00,14.7,14.9,160,63
2024-04-12,746656,CLE,12:00,7.1,33.9,279,69
2024-04-13,746658,CLE,18:00,10.4,21.6,268,59
2024-04-13,746489,DET,13:00,12.9,24.8,289,43
2024-04-13,745839,NYM,14:00,8.6,34.6,282,69
2024-04-13,746811,CWS,14:00,15.8,4.3,222,42
2024-04-13,745594,PHI,16:00,14.6,33.8,289,41
2024-04-13,747054,BAL,16:00,16.3,35.3,300,35
2024-04-13,745676,OAK,16:00,10.9,20.8,162,72
2024-04-13,746979,BOS,16:00,11.4,28.6,265,47
2024-04-13,746161,LAD,21:00,13.1,26.9,219,78
2024-04-14,746975,BOS,14:00,12.7,23.8,243,51
2024-04-14,745595,PHI,14:00,22.1,26.7,209,34
2024-04-14,747056,BAL,14:00,23.2,24.5,204,37
2024-04-14,745841,NYM,14:00,16.1,15.9,186,60
2024-04-14,746492,DET,14:00,24.3,23.9,277,45
2024-04-14,746648,CLE,14:00,17.0,30.6,252,60
2024-04-14,746810,CWS,14:00,23.7,10.6,350,48
2024-04-14,745681,OAK,16:00,13.8,9.1,353,65
2024-04-14,746164,LAD,19:00,13.4,17.8,249,75
2024-04-15,746974,BOS,11:00,16.1,5.1,231,64
2024-04-15,747053,BAL,19:00,23.6,11.6,277,51
2024-04-15,746488,DET,19:00,14.4,15.9,185,58
2024-04-15,745597,PHI,19:00,20.4,5.9,259,80
2024-04-15,745840,NYM,19:00,18.3,9.5,205,74
2024-04-15,746813,CWS,20:00,13.1,10.2,72,72
2024-04-15,745677,OAK,22:00,13.5,7.7,281,82
2024-04-15,746158,LAD,22:00,14.2,11.0,238,71
2024-04-16,746486,DET,13:00,14.5,18.1,69,52
2024-04-16,747051,BAL,19:00,18.0,12.4,158,47
2024-04-16,745593,PHI,19:00,18.9,6.5,360,63
2024-04-16,746976,BOS,19:00,13.5,7.5,305,62
2024-04-16,745837,NYM,19:00,16.8,8.0,306,57
2024-04-16,745674,OAK,22:00,16.3,4.8,283,79
2024-04-16,746157,LAD,22:00,18.4,8.4,227,63
2024-04-16,746809,CWS,14:00,17.4,36.0,248,62
2024-04-17,747049,BAL,13:00,16.7,5.0,111,78
2024-04-17,745836,NYM,13:00,15.0,17.6,121,55
2024-04-17,746487,DET,13:00,21.0,29.5,181,72
2024-04-17,746807,CWS,14:00,17.4,36.0,248,62
2024-04-17,746159,LAD,15:00,22.8,7.0,168,40
2024-04-17,745671,OAK,16:00,23.3,1.8,307,59
2024-04-17,745591,PHI,18:00,16.4,12.2,135,82
2024-04-17,746973,BOS,19:00,8.2,14.1,96,73
2024-04-18,746485,DET,13:00,15.8,8.6,292,58
2024-04-18,746970,BOS,14:00,8.0,14.0,78,76
2024-04-18,745356,SF,22:00,12.9,16.3,242,88
2024-04-18,746891,CHC,20:00,6.3,19.2,293,46
2024-04-19,746892,CHC,14:00,11.7,28.6,276,37
2024-04-19,746729,CIN,19:00,14.4,17.2,327,45
2024-04-19,745518,PIT,19:00,16.8,12.4,296,59
2024-04-19,745592,PHI,19:00,14.5,6.5,183,76
2024-04-19,744872,WSH,19:00,15.5,7.1,139,80
2024-04-19,745758,NYY,19:00,9.5,13.2,154,78
2024-04-19,746650,CLE,19:00,10.4,18.6,280,61
2024-04-19,747136,ATL,19:00,25.0,11.2,320,66
2024-04-19,746325,KC,20:00,13.4,8.3,360,42
2024-04-19,745922,MIN,20:00,2.6,23.2,294,42
2024-04-19,745189,STL,20:00,13.6,5.0,339,51
2024-04-19,745430,SD,22:00,15.5,11.0,289,74
2024-04-19,746160,LAD,22:00,15.5,12.1,233,70
2024-04-19,745352,SF,22:00,12.7,19.9,248,85
2024-04-19,746572,COL,20:00,17.5,6.8,302,29
2024-04-20,745760,NYY,13:00,17.6,11.8,250,53
2024-04-20,745921,MIN,14:00,4.2,17.3,306,49
2024-04-20,745190,STL,14:00,12.9,14.8,311,39
2024-04-20,746893,CHC,14:00,6.8,20.3,283,46
2024-04-20,744865,WSH,16:00,21.3,17.1,292,27
2024-04-20,746156,LAD,16:00,21.0,4.3,180,48
2024-04-20,745515,PIT,16:00,12.7,24.3,299,36
2024-04-20,745354,SF,16:00,16.2,23.2,246,71
2024-04-20,745590,PHI,18:00,18.8,18.1,287,32
2024-04-20,746651,CLE,18:00,6.6,27.6,287,51
2024-04-20,746726,CIN,19:00,10.6,15.2,301,43
2024-04-20,746324,KC,19:00,10.9,15.7,340,38
2024-04-20,747135,ATL,19:00,21.1,15.6,331,59
2024-04-20,746570,COL,20:00,5.0,14.2,344,64
2024-04-20,745431,SD,21:00,16.8,15.2,275,70
2024-04-21,744866,WSH,14:00,10.1,1.1,252,46
2024-04-21,745514,PIT,14:00,8.5,15.6,285,44
2024-04-21,745588,PHI,14:00,11.9,15.8,270,40
2024-04-21,745759,NYY,14:00,11.4,22.4,266,38
2024-04-21,746727,CIN,14:00,8.9,13.0,326,48
2024-04-21,746652,CLE,14:00,5.5,22.9,286,57
2024-04-21,746316,KC,14:00,12.7,12.7,317,31
2024-04-21,745920,MIN,14:00,13.6,14.1,289,27
2024-04-21,745192,STL,14:00,12.7,17.1,319,37
2024-04-21,746894,CHC,14:00,11.4,17.1,292,39
2024-04-21,746568,COL,15:00,13.3,7.9,43,47
2024-04-21,745353,SF,16:00,18.0,7.6,245,81
2024-04-21,746154,LAD,16:00,24.9,14.0,226,42
2024-04-21,745434,SD,16:00,19.0,14.7,259,68
2024-04-21,747133,ATL,19:00,12.2,20.2,325,51
2024-04-22,745757,NYY,13:00,13.1,10.1,325,39
2024-04-22,746723,CIN,19:00,15.0,9.1,214,40
2024-04-22,745519,PIT,19:00,13.3,6.3,301,42
2024-04-22,747134,ATL,19:00,16.2,10.2,293,43
2024-04-22,746319,KC,20:00,18.4,21.1,203,40
2024-04-22,745916,MIN,20:00,15.8,14.8,209,59
2024-04-22,745191,STL,20:00,16.6,17.3,181,38
2024-04-22,746565,COL,21:00,19.7,7.9,286,26
2024-04-22,746242,LAA,22:00,15.3,12.6,183,79
2024-04-22,745351,SF,22:00,12.8,28.2,232,81
2024-04-23,746647,CLE,18:00,11.8,19.9,264,73
2024-04-23,746722,CIN,19:00,15.4,14.5,240,65
2024-04-23,745516,PIT,19:00,15.6,9.7,225,50
2024-04-23,744863,WSH,19:00,18.8,15.5,181,36
2024-04-23,745754,NYY,19:00,9.5,21.7,153,65
2024-04-23,747130,ATL,19:00,19.5,13.0,204,44
2024-04-23,746888,CHC,20:00,15.2,23.5,310,48
2024-04-23,746321,KC,20:00,19.8,12.8,320,32
2024-04-23,745917,MIN,20:00,12.1,17.1,25,54
2024-04-23,745193,STL,20:00,15.6,8.3,236,86
2024-04-23,746566,COL,21:00,15.3,18.9,342,37
2024-04-23,746246,LAA,22:00,16.1,12.6,211,65
2024-04-23,745348,SF,22:00,13.8,21.7,212,70
2024-04-24,745188,STL,13:00,17.9,10.8,2,48
2024-04-24,745346,SF,16:00,16.2,13.5,245,66
2024-04-24,746244,LAA,16:00,19.8,18.3,227,48
2024-04-24,746649,CLE,18:00,5.6,21.5,339,67
2024-04-24,746725,CIN,19:00,13.8,14.9,345,52
2024-04-24,745513,PIT,19:00,10.1,19.6,317,59
2024-04-24,744864,WSH,19:00,19.3,11.6,334,39
2024-04-24,745753,NYY,19:00,15.3,14.8,317,57
2024-04-24,747132,ATL,19:00,20.8,9.7,312,61
2024-04-24,746889,CHC,20:00,3.6,15.2,14,72
2024-04-24,746317,KC,20:00,20.0,5.4,138,44
2024-04-24,745919,MIN,20:00,12.9,7.5,125,43
2024-04-24,746567,COL,21:00,20.2,10.1,266,40
2024-04-25,745512,PIT,13:00,10.0,6.4,74,60
2024-04-25,746646,CLE,13:00,6.6,21.6,360,72
2024-04-25,746724,CIN,13:00,11.6,7.9,74,55
2024-04-25,745918,MIN,13:00,17.0,19.5,146,35
2024-04-25,746320,KC,14:00,15.2,21.2,122,70
2024-04-25,746887,CHC,14:00,8.8,13.6,79,73
2024-04-25,746564,COL,15:00,21.7,6.8,65,22
2024-04-25,744867,WSH,16:00,15.2,8.3,56,53
2024-04-25,745755,NYY,19:00,8.2,17.2,170,55
2024-04-26,746482,DET,13:00,12.7,20.6,85,55
2024-04-26,747050,BAL,19:00,14.4,14.6,123,36
2024-04-26,746972,BOS,19:00,8.7,11.2,123,58
2024-04-26,745835,NYM,19:00,8.9,15.6,157,57
2024-04-26,747129,ATL,19:00,24.7,14.3,131,46
2024-04-26,746808,CWS,20:00,14.0,30.8,133,76
2024-04-26,746243,LAA,22:00,16.4,16.0,211,71
2024-04-26,745424,SD,22:00,15.6,15.5,265,68
2024-04-26,745347,SF,22:00,13.3,32.4,282,77
2024-04-27,747052,BAL,16:00,14.7,17.7,147,71
2024-04-27,745833,NYM,16:00,12.1,23.4,176,42
2024-04-27,746971,BOS,16:00,15.7,11.3,99,52
2024-04-27,746560,COL,18:00,5.3,13.7,357,87
2024-04-27,746484,DET,18:00,23.4,25.8,216,67
2024-04-27,746803,CWS,19:00,23.0,23.4,236,72
2024-04-27,747131,ATL,19:00,23.0,14.5,125,52
2024-04-27,745425,SD,21:00,17.2,14.4,271,66
2024-04-27,745350,SF,21:00,15.1,25.2,279,64
2024-04-27,746245,LAA,22:00,17.5,10.6,215,57
2024-04-28,747045,BAL,14:00,24.9,8.9,153,61
2024-04-28,747125,ATL,14:00,24.7,18.9,145,46
2024-04-28,746483,DET,14:00,23.5,22.3,236,67
2024-04-28,745834,NYM,14:00,19.6,11.2,176,66
2024-04-28,746805,CWS,14:00,24.0,28.1,196,62
2024-04-28,746561,COL,16:00,13.5,8.9,27,45
2024-04-28,745349,SF,16:00,19.1,25.0,277,56
2024-04-28,746237,LAA,16:00,22.6,12.3,232,46
2024-04-28,745428,SD,16:00,19.3,17.7,243,59
2024-04-28,746967,BOS,19:00,16.5,13.6,202,74
2024-04-29,747046,BAL,19:00,26.9,4.6,162,60
2024-04-29,745832,NYM,19:00,19.6,8.4,137,81
2024-04-29,746804,CWS,20:00,19.9,18.3,223,68
2024-04-29,746236,LAA,22:00,20.1,10.4,226,55
2024-04-29,745672,OAK,22:00,16.8,8.0,262,61
2024-04-29,745427,SD,22:00,17.0,7.6,251,79
2024-04-29,746481,DET,16:00,21.4,22.2,262,44
2024-04-30,746477,DET,16:00,21.4,22.2,262,44
2024-04-30,747047,BAL,19:00,26.5,17.0,287,45
2024-04-30,745831,NYM,19:00,16.2,11.9,61,77
2024-04-30,746968,BOS,19:00,10.0,14.4,87,74
2024-04-30,746806,CWS,20:00,19.5,11.9,155,76
2024-04-30,746239,LAA,22:00,17.9,12.4,206,73
2024-04-30,745673,OAK,22:00,16.2,6.6,225,66
2024-04-30,745426,SD,22:00,16.1,12.6,217,79
2024-05-01,746478,DET,13:00,22.9,25.2,202,57
2024-05-01,746800,CWS,14:00,22.1,24.1,269,37
2024-05-01,745670,OAK,16:00,23.2,11.8,308,26
2024-05-01,746238,LAA,16:00,22.8,14.5,235,47
2024-05-01,745423,SD,16:00,19.8,19.2,240,58
2024-05-01,747048,BAL,19:00,26.4,1.4,90,36
2024-05-01,745829,NYM,19:00,13.0,15.0,150,85
2024-05-01,746966,BOS,19:00,8.7,11.9,90,81
2024-05-02,747044,BAL,13:00,30.2,10.4,272,37
2024-05-02,745830,NYM,13:00,20.2,13.4,172,73
2024-05-02,746969,BOS,14:00,22.2,10.0,240,52
2024-05-03,746890,CHC,14:00,13.5,18.4,28,87
2024-05-03,746721,CIN,18:00,23.4,6.3,246,64
2024-05-03,745510,PIT,19:00,19.7,8.8,251,88
2024-05-03,745589,PHI,19:00,14.2,15.5,102,65
2024-05-03,744868,WSH,19:00,18.2,19.5,102,60
2024-05-03,745756,NYY,19:00,13.3,13.5,155,63
2024-05-03,746645,CLE,19:00,15.1,12.2,358,79
2024-05-03,746318,KC,20:00,23.3,10.4,160,59
2024-05-03,745914,MIN,20:00,18.7,6.8,252,48
2024-05-03,745187,STL,20:00,23.0,7.2,360,66
2024-05-03,745665,OAK,22:00,14.4,15.1,237,83
2024-05-03,746152,LAD,22:00,17.3,11.2,225,69
2024-05-04,745750,NYY,13:00,17.6,20.4,144,50
2024-05-04,745911,MIN,14:00,11.4,14.1,347,71
2024-05-04,745183,STL,14:00,26.9,12.9,203,58
2024-05-04,746884,CHC,14:00,19.1,18.7,106,100
2024-05-04,745511,PIT,16:00,21.3,14.1,109,66
2024-05-04,744862,WSH,16:00,13.5,14.0,102,88
2024-05-04,745666,OAK,16:00,10.3,19.2,265,88
2024-05-04,745583,PHI,18:00,11.9,14.9,98,81
2024-05-04,746644,CLE,18:00,17.6,20.6,133,82
2024-05-04,746720,CIN,19:00,21.0,9.5,217,82
2024-05-04,746311,KC,19:00,19.9,11.6,324,50
2024-05-04,746155,LAD,21:00,15.4,15.5,239,75
2024-05-05,745504,PIT,14:00,23.6,12.5,229,68
2024-05-05,744861,WSH,14:00,19.0,8.4,170,86
2024-05-05,745751,NYY,14:00,11.0,17.6,139,89
2024-05-05,746643,CLE,14:00,14.3,7.8,292,92
2024-05-05,746314,KC,14:00,16.9,12.1,78,59
2024-05-05,745913,MIN,14:00,18.8,4.0,260,37
2024-05-05,745185,STL,14:00,20.8,3.1,54,61
2024-05-05,746883,CHC,14:00,11.4,16.2,17,79
2024-05-05,745667,OAK,16:00,15.2,17.6,269,50
2024-05-05,746719,CIN,16:00,24.4,10.7,258,58
2024-05-05,746153,LAD,16:00,19.1,15.5,267,27
2024-05-05,745587,PHI,19:00,16.4,5.6,105,88
2024-05-06,745585,PHI,16:00,23.9,2.3,252,68
2024-05-06,746639,CLE,18:00,13.2,20.7,40,61
2024-05-06,745509,PIT,19:00,20.0,4.7,4,83
2024-05-06,746313,KC,19:00,24.2,20.9,148,66
2024-05-06,746886,CHC,20:00,14.5,24.6,69,74
2024-05-06,745912,MIN,20:00,19.8,19.1,122,44
2024-05-06,745182,STL,20:00,24.1,7.9,164,66
2024-05-06,745669,OAK,22:00,13.0,14.7,259,87
2024-05-06,746149,LAD,22:00,17.3,10.0,229,47
2024-05-07,745668,OAK,16:00,19.1,8.2,293,57
2024-05-07,746638,CLE,18:00,19.5,8.0,72,76
2024-05-07,746718,CIN,19:00,24.5,17.7,197,75
2024-05-07,745508,PIT,19:00,23.4,10.0,206,66
2024-05-07,745586,PHI,19:00,22.6,16.4,199,64
2024-05-07,744859,WSH,19:00,24.3,5.5,169,69
2024-05-07,745752,NYY,19:00,22.6,8.4,160,55
2024-05-07,747126,ATL,19:00,27.3,13.6,202,57
2024-05-07,746885,CHC,20:00,20.0,14.7,245,80
2024-05-07,745915,MIN,20:00,19.4,11.1,216,43
2024-05-07,746315,KC,20:00,23.1,16.0,234,40
2024-05-07,745186,STL,20:00,25.5,9.4,238,46
2024-05-07,746559,COL,21:00,10.5,22.1,304,30
2024-05-07,746147,LAD,22:00,18.0,10.9,226,56
2024-05-08,745507,PIT,13:00,25.2,20.2,274,42
2024-05-08,745584,PHI,13:00,29.5,18.0,271,47
2024-05-08,746640,CLE,13:00,16.7,22.0,291,79
2024-05-08,746312,KC,14:00,22.4,9.3,144,70
2024-05-08,746879,CHC,14:00,19.9,13.9,65,80
2024-05-08,746151,LAD,15:00,21.5,5.4,200,49
2024-05-08,745664,OAK,16:00,24.3,22.3,350,22
2024-05-08,745659,OAK,16:00,24.3,22.3,350,22
2024-05-08,746717,CIN,19:00,27.6,0.5,135,46
2024-05-08,744858,WSH,19:00,27.5,11.1,234,53
2024-05-08,745749,NYY,19:00,27.7,24.3,258,34
2024-05-08,747127,ATL,19:00,28.7,12.6,200,55
2024-05-08,745906,MIN,20:00,20.6,8.5,54,47
2024-05-08,746562,COL,21:00,11.6,16.4,296,22
2024-05-08,745184,STL,17:00,34.2,7.6,185,42
2024-05-09,746715,CIN,13:00,22.2,14.8,244,74
2024-05-09,745910,MIN,13:00,16.4,15.7,32,52
2024-05-09,746563,COL,15:00,10.5,6.8,3,46
2024-05-09,745748,NYY,17:00,20.1,5.4,110,43
2024-05-09,746802,CWS,20:00,10.6,21.8,9,91
2024-05-09,746241,LAA,22:00,17.3,11.6,216,73
2024-05-10,746479,DET,19:00,16.6,13.8,309,36
2024-05-10,745506,PIT,19:00,14.0,9.7,321,67
2024-05-10,747043,BAL,19:00,12.1,16.7,57,78
2024-05-10,746964,BOS,19:00,9.1,11.2,84,68
2024-05-10,745827,NYM,19:00,10.2,6.3,66,76
2024-05-10,746801,CWS,20:00,17.6,18.9,239,59
2024-05-10,746553,COL,21:00,13.2,6.8,180,44
2024-05-10,746240,LAA,22:00,16.6,12.3,218,71
2024-05-10,745421,SD,22:00,16.5,16.6,292,74
2024-05-10,745340,SF,22:00,14.6,19.1,248,76
2024-05-11,747041,BAL,16:00,16.7,6.8,177,52
2024-05-11,745505,PIT,16:00,13.6,15.6,220,84
2024-05-11,746963,BOS,16:00,9.9,17.4,96,74
2024-05-11,745828,NYM,16:00,13.2,17.3,168,63
2024-05-11,746480,DET,18:00,16.1,29.0,323,44
2024-05-11,746797,CWS,19:00,13.6,10.3,78,68
2024-05-11,745344,SF,19:00,17.0,24.1,253,70
2024-05-11,746554,COL,20:00,16.3,6.2,324,45
2024-05-11,745422,SD,21:00,16.6,14.2,254,76
2024-05-11,746232,LAA,22:00,17.1,11.8,203,70
2024-05-12,747042,BAL,14:00,16.6,9.6,347,62
2024-05-12,746965,BOS,14:00,13.9,7.0,78,49
2024-05-12,745499,PIT,14:00,16.2,18.2,308,50
2024-05-12,746476,DET,14:00,18.3,7.4,219,48
2024-05-12,746798,CWS,14:00,23.9,22.1,196,41
2024-05-12,746555,COL,15:00,11.6,9.7,274,76
2024-05-12,745345,SF,16:00,16.1,23.2,246,74
2024-05-12,746234,LAA,16:00,23.6,14.7,234,50
2024-05-12,745419,SD,16:00,20.7,19.0,255,58
2024-05-12,745825,NYM,19:00,10.5,11.5,184,78
2024-05-13,747040,BAL,19:00,19.5,16.8,157,68
2024-05-13,746471,DET,19:00,23.4,18.2,218,50
2024-05-13,746961,BOS,19:00,16.1,12.9,144,66
2024-05-13,745826,NYM,19:00,13.6,18.5,159,79
2024-05-13,747128,ATL,19:00,19.8,19.2,140,71
2024-05-13,746233,LAA,22:00,15.8,12.5,221,75
2024-05-13,745420,SD,22:00,16.4,12.6,297,75
2024-05-13,745343,SF,22:00,13.6,21.6,237,80
2024-05-13,746799,CWS,17:00,12.6,30.1,7,85
2024-05-14,745821,NYM,13:00,18.6,15.8,168,72
2024-05-14,746796,CWS,17:00,12.6,30.1,7,85
2024-05-14,746473,DET,19:00,17.0,23.0,41,52
2024-05-14,746962,BOS,19:00,18.2,21.4,193,69
2024-05-14,747124,ATL,19:00,21.9,13.7,247,79
2024-05-14,745909,MIN,20:00,20.0,10.4,76,42
2024-05-14,746235,LAA,22:00,17.4,13.1,212,69
2024-05-14,745418,SD,22:00,16.1,11.5,229,73
2024-05-14,745342,SF,22:00,13.1,23.4,241,87
2024-05-14,747039,BAL,15:00,31.0,12.8,130,57
2024-05-15,747038,BAL,13:00,18.9,18.8,61,78
2024-05-15,746472,DET,13:00,17.3,16.2,37,69
2024-05-15,746795,CWS,14:00,13.5,24.1,20,71
2024-05-15,745417,SD,16:00,18.9,13.7,256,61
2024-05-15,745582,PHI,19:00,17.9,20.0,38,73
2024-05-15,746960,BOS,19:00,17.5,9.7,68,84
2024-05-15,747123,ATL,19:00,23.9,15.2,292,60
2024-05-15,745908,MIN,20:00,22.0,16.3,149,37
2024-05-15,746231,LAA,21:00,17.2,9.5,217,66
2024-05-15,745341,SF,22:00,13.7,27.1,247,87
2024-05-16,745907,MIN,13:00,18.5,17.6,271,55
2024-05-16,745580,PHI,19:00,18.8,16.3,22,76
2024-05-16,746959,BOS,19:00,13.7,15.6,56,85
2024-05-16,746881,CHC,20:00,19.8,14.2,216,83
2024-05-16,746150,LAD,22:00,15.2,11.1,234,75
2024-05-17,746878,CHC,14:00,19.1,13.8,70,99
2024-05-17,745579,PHI,19:00,20.3,6.5,124,68
2024-05-17,747037,BAL,19:00,19.4,6.7,106,72
2024-05-17,745747,NYY,19:00,20.1,4.0,10,74
2024-05-17,746641,CLE,19:00,17.7,1.1,342,86
2024-05-17,747122,ATL,19:00,20.7,9.4,157,90
2024-05-17,746310,KC,20:00,24.3,9.6,193,60
2024-05-17,745178,STL,20:00,23.7,6.2,190,68
2024-05-17,746148,LAD,22:00,15.9,14.7,239,75
2024-05-17,745335,SF,22:00,13.2,22.7,241,83
2024-05-18,745744,NYY,13:00,22.0,7.0,55,57
2024-05-18,746882,CHC,14:00,24.8,10.2,162,69
2024-05-18,747036,BAL,16:00,17.7,5.4,98,84
2024-05-18,745339,SF,16:00,16.7,26.2,227,65
2024-05-18,745581,PHI,18:00,19.0,3.3,84,84
2024-05-18,746642,CLE,18:00,16.1,11.3,17,92
2024-05-18,746308,KC,19:00,27.9,6.5,267,50
2024-05-18,745177,STL,19:00,27.7,3.7,209,52
2024-05-18,746142,LAD,21:00,18.1,16.1,230,61
2024-05-18,747121,ATL,18:00,26.5,1.3,56,50
2024-05-19,745179,STL,13:00,29.3,6.1,183,51
2024-05-19,747035,BAL,14:00,21.7,3.7,79,72
2024-05-19,745577,PHI,14:00,22.6,11.7,47,58
2024-05-19,745745,NYY,14:00,22.8,12.1,37,56
2024-05-19,746636,CLE,14:00,18.7,6.1,357,73
2024-05-19,746306,KC,14:00,29.4,12.7,188,50
2024-05-19,746880,CHC,14:00,17.2,16.8,28,68
2024-05-19,745336,SF,16:00,15.7,19.6,244,59
2024-05-19,746144,LAD,16:00,20.5,11.5,224,47
2024-05-19,747120,ATL,19:00,23.9,3.7,331,72
2024-05-20,747119,ATL,12:00,23.8,10.9,98,66
2024-05-20,746637,CLE,18:00,23.2,5.1,86,67
2024-05-20,744857,WSH,19:00,23.4,6.2,144,67
2024-05-20,745746,NYY,19:00,17.0,16.4,165,77
2024-05-20,746307,KC,20:00,27.8,12.6,149,53
2024-05-20,745181,STL,20:00,26.2,9.5,171,70
2024-05-20,746146,LAD,22:00,15.3,13.3,229,69
2024-05-21,746633,CLE,18:00,23.1,10.1,107,75
2024-05-21,746716,CIN,19:00,27.9,12.2,178,55
2024-05-21,745503,PIT,19:00,27.3,7.2,198,52
2024-05-21,745578,PHI,19:00,25.6,16.3,208,60
2024-05-21,744860,WSH,19:00,25.7,6.0,163,61
2024-05-21,745742,NYY,19:00,18.1,14.3,146,85
2024-05-21,746309,KC,20:00,22.7,29.7,289,57
2024-05-21,746875,CHC,20:00,26.9,37.0,169,57
2024-05-21,745180,STL,12:00,22.8,10.9,279,55
2024-05-21,745662,OAK,22:00,19.1,8.4,227,54
2024-05-21,746145,LAD,22:00,16.6,14.1,230,65
2024-05-22,744856,WSH,13:00,28.3,8.6,195,60
2024-05-22,746634,CLE,13:00,20.8,30.0,196,76
2024-05-22,745173,STL,14:00,26.0,8.0,278,43
2024-05-22,746304,KC,14:00,22.1,7.4,317,41
2024-05-22,746712,CIN,19:00,26.8,15.1,220,63
2024-05-22,745502,PIT,19:00,23.7,8.4,200,78
2024-05-22,745576,PHI,19:00,26.6,12.4,172,62
2024-05-22,745743,NYY,19:00,20.7,16.9,156,76
2024-05-22,746876,CHC,20:00,21.4,23.2,263,47
2024-05-22,745661,OAK,22:00,15.4,13.6,192,74
2024-05-22,746143,LAD,22:00,16.1,13.1,233,71
2024-05-23,745500,PIT,13:00,24.2,4.7,261,49
2024-05-23,745741,NYY,13:00,25.0,3.8,343,71
2024-05-23,745573,PHI,13:00,25.4,5.4,318,71
2024-05-23,746714,CIN,13:00,23.1,13.0,146,63
2024-05-23,746874,CHC,14:00,22.7,16.3,98,54
2024-05-23,745660,OAK,16:00,21.1,12.9,240,41
2024-05-23,746474,DET,19:00,25.4,21.3,236,27
2024-05-23,746792,CWS,20:00,22.4,14.4,93,55
2024-05-24,746475,DET,19:00,26.0,12.4,158,30
2024-05-24,745501,PIT,19:00,25.4,6.9,189,52
2024-05-24,744853,WSH,19:00,26.6,5.9,104,55
2024-05-24,746713,CIN,19:00,26.6,10.6,170,53
2024-05-24,745822,NYM,19:00,21.0,20.2,177,61
2024-05-24,745905,MIN,19:00,19.9,26.2,249,45
2024-05-24,746956,BOS,19:00,24.7,12.2,284,44
2024-05-24,746793,CWS,20:00,23.2,24.9,191,74
2024-05-24,746558,COL,21:00,19.6,10.5,176,22
2024-05-24,746227,LAA,22:00,17.1,13.2,215,66
2024-05-24,745663,OAK,22:00,12.2,25.9,245,85
2024-05-24,745415,SD,22:00,16.5,14.8,267,72
2024-05-24,745175,STL,20:00,30.1,11.2,201,63
2024-05-25,746470,DET,13:00,25.9,14.9,263,55
2024-05-25,745823,NYM,14:00,24.6,16.2,159,43
2024-05-25,745901,MIN,14:00,22.8,22.6,217,44
2024-05-25,746794,CWS,14:00,19.6,16.1,66,52
2024-05-25,744851,WSH,16:00,29.3,10.8,178,41
2024-05-25,745493,PIT,16:00,23.1,4.0,117,78
2024-05-25,745658,OAK,16:00,15.4,19.6,238,68
2024-05-25,746958,BOS,16:00,24.0,9.0,106,47
2024-05-25,746710,CIN,19:00,26.1,7.9,294,61
2024-05-25,745176,STL,19:00,26.7,5.6,135,47
2024-05-25,746556,COL,21:00,14.4,12.5,314,63
2024-05-25,746226,LAA,22:00,17.1,13.9,201,65
2024-05-25,745411,SD,22:00,15.6,9.9,260,73
2024-05-26,746469,DET,12:00,24.8,20.5,105,56
2024-05-26,746711,CIN,12:00,26.1,14.0,154,71
2024-05-26,744855,WSH,14:00,28.8,2.5,90,58
2024-05-26,745498,PIT,14:00,26.2,11.2,147,66
2024-05-26,746957,BOS,14:00,23.5,12.2,88,65
2024-05-26,745824,NYM,14:00,24.7,10.7,166,71
2024-05-26,745902,MIN,14:00,17.2,9.3,77,71
2024-05-26,746789,CWS,14:00,17.2,17.5,104,91
2024-05-26,746557,COL,15:00,21.5,25.3,300,19
2024-05-26,746230,LAA,16:00,22.4,13.8,213,48
2024-05-26,745653,OAK,16:00,20.2,12.1,258,56
2024-05-26,745413,SD,16:00,18.7,16.0,262,60
2024-05-26,745172,STL,19:00,21.9,11.3,239,85
2024-05-27,747034,BAL,13:00,24.4,21.3,186,81
2024-05-27,745904,MIN,14:00,17.1,1.8,101,77
2024-05-27,746788,CWS,14:00,20.0,25.3,303,61
2024-05-27,746549,COL,16:00,24.0,4.9,126,21
2024-05-27,746708,CIN,16:00,25.2,25.6,272,49
2024-05-27,747118,ATL,16:00,29.1,18.2,252,61
2024-05-27,745338,SF,17:00,15.4,22.9,237,67
2024-05-27,745416,SD,19:00,19.2,19.2,278,64
2024-05-27,745816,NYM,16:00,26.6,23.9,263,40
2024-05-28,745818,NYM,16:00,26.6,23.9,263,40
2024-05-28,747033,BAL,19:00,25.7,17.0,265,38
2024-05-28,746709,CIN,19:00,22.4,15.1,288,46
2024-05-28,747115,ATL,19:00,26.8,15.8,297,42
2024-05-28,745903,MIN,20:00,17.4,12.0,351,50
2024-05-28,746791,CWS,20:00,16.5,14.2,294,79
2024-05-28,746552,COL,21:00,23.9,6.8,335,24
2024-05-28,746229,LAA,22:00,16.8,12.0,213,73
2024-05-28,745412,SD,22:00,16.8,10.9,279,77
2024-05-28,745337,SF,22:00,16.5,25.7,255,60
2024-05-28,746468,DET,13:00,18.3,16.2,3,68
2024-05-29,746467,DET,13:00,18.3,16.2,3,68
2024-05-29,746706,CIN,13:00,18.2,19.4,313,58
2024-05-29,745333,SF,16:00,21.2,23.0,256,41
2024-05-29,745817,NYM,16:00,24.4,3.6,233,49
2024-05-29,745414,SD,16:00,19.6,16.6,228,60
2024-05-29,747031,BAL,19:00,21.0,9.8,264,59
2024-05-29,747117,ATL,19:00,26.2,14.5,337,39
2024-05-29,745900,MIN,20:00,19.4,6.9,84,53
2024-05-29,746790,CWS,20:00,12.7,18.8,357,68
2024-05-29,746551,COL,21:00,26.6,9.2,231,15
2024-05-29,746228,LAA,22:00,18.9,12.0,229,62
2024-05-30,745898,MIN,13:00,22.7,21.0,173,42
2024-05-30,746954,BOS,19:00,13.9,5.3,62,86
2024-05-30,745819,NYM,19:00,19.8,9.1,304,46
2024-05-30,747114,ATL,19:00,25.9,9.6,304,33
2024-05-30,746225,LAA,22:00,18.4,13.1,217,74
2024-05-31,746877,CHC,14:00,21.8,17.3,121,61
2024-05-31,745574,PHI,19:00,22.6,10.0,319,35
2024-05-31,747032,BAL,19:00,22.3,5.4,352,42
2024-05-31,746955,BOS,19:00,20.3,7.1,285,60
2024-05-31,746635,CLE,19:00,19.3,7.6,65,41
2024-05-31,745820,NYM,19:00,22.1,17.6,332,36
2024-05-31,747116,ATL,19:00,26.1,13.4,114,35
2024-05-31,746303,KC,20:00,21.7,10.9,99,72
2024-05-31,746140,LAD,22:00,17.3,14.0,224,71
2024-05-31,745331,SF,22:00,14.8,26.7,238,66
2024-06-01,747029,BAL,16:00,26.6,10.6,145,33
2024-06-01,746952,BOS,16:00,25.7,9.2,312,27
2024-06-01,746629,CLE,16:00,24.1,14.8,157,50
2024-06-01,745812,NYM,16:00,27.9,7.5,287,29
2024-06-01,746305,KC,16:00,25.5,15.6,296,56
2024-06-01,747111,ATL,16:00,24.2,20.1,137,45
2024-06-01,746870,CHC,19:00,19.8,21.9,163,89
2024-06-01,745575,PHI,19:00,26.4,10.9,224,28
2024-06-01,745332,SF,22:00,17.2,27.5,276,60
2024-06-01,746138,LAD,22:00,16.3,12.7,227,71
2024-06-02,746953,BOS,14:00,27.4,3.4,212,36
2024-06-02,747030,BAL,14:00,28.0,11.5,200,38
2024-06-02,747110,ATL,14:00,26.5,16.8,203,59
2024-06-02,746632,CLE,14:00,19.3,2.2,270,88
2024-06-02,745813,NYM,14:00,25.7,15.2,187,47
2024-06-02,746301,KC,14:00,27.6,17.5,171,59
2024-06-02,746871,CHC,14:00,18.9,13.4,63,79
2024-06-02,745330,SF,16:00,20.2,25.4,263,53
2024-06-02,746141,LAD,16:00,22.0,14.8,177,50
2024-06-02,745572,PHI,19:00,26.6,13.8,250,44
2024-06-03,745569,PHI,19:00,29.1,7.7,79,41
2024-06-03,744854,WSH,19:00,28.0,1.4,180,53
2024-06-03,746548,COL,21:00,27.4,12.5,316,17
2024-06-03,746224,LAA,22:00,17.9,11.0,229,73
2024-06-04,746630,CLE,19:00,24.6,14.2,69,76
2024-06-04,745497,PIT,19:00,27.3,6.6,151,54
2024-06-04,745568,PHI,19:00,27.2,18.1,159,40
2024-06-04,744850,WSH,19:00,26.2,12.0,123,62
2024-06-04,745739,NYY,19:00,20.8,17.4,153,69
2024-06-04,746949,BOS,19:00,20.2,13.0,114,70
2024-06-04,746872,CHC,20:00,25.1,24.6,148,69
2024-06-04,746550,COL,21:00,26.2,11.8,297,20
2024-06-04,746222,LAA,22:00,19.3,10.4,214,69
2024-06-04,745656,OAK,22:00,29.0,6.4,227,43
2024-06-05,746950,BOS,14:00,29.1,12.5,252,42
2024-06-05,746544,COL,15:00,30.9,24.2,300,14
2024-06-05,744852,WSH,16:00,23.7,14.8,203,85
2024-06-05,745570,PHI,16:00,28.4,19.8,168,52
2024-06-05,745494,PIT,19:00,24.0,9.1,173,80
2024-06-05,745740,NYY,19:00,22.3,18.1,159,82
2024-06-05,746873,CHC,20:00,24.4,13.0,275,52
2024-06-05,746221,LAA,22:00,19.4,13.0,214,76
2024-06-05,745654,OAK,22:00,23.4,5.8,248,54
2024-06-05,746628,CLE,13:00,24.8,10.6,350,82
2024-06-06,746631,CLE,13:00,20.2,22.3,273,77
2024-06-06,745657,OAK,16:00,22.0,13.5,236,53
2024-06-06,745495,PIT,19:00,22.5,9.5,233,67
2024-06-06,744844,WSH,19:00,24.6,9.0,217,86
2024-06-06,745738,NYY,19:00,25.3,12.2,223,82
2024-06-06,746707,CIN,19:00,25.6,17.9,292,41
2024-06-06,745174,STL,20:00,25.8,13.5,295,37
2024-06-06,746784,CWS,20:00,21.7,22.4,294,47
2024-06-06,745408,SD,22:00,18.5,9.4,277,78
2024-06-07,745169,STL,14:00,28.5,12.8,308,29
2024-06-07,745496,PIT,19:00,20.7,16.9,286,45
2024-06-07,746466,DET,19:00,20.5,24.1,292,44
2024-06-07,744845,WSH,19:00,26.4,22.7,314,34
2024-06-07,745737,NYY,19:00,25.1,8.8,251,64
2024-06-07,746704,CIN,19:00,25.2,16.9,281,33
2024-06-07,746302,KC,20:00,29.8,13.4,156,38
2024-06-07,746785,CWS,20:00,19.7,7.3,79,74
2024-06-07,746220,LAA,22:00,18.8,12.6,204,72
2024-06-07,745406,SD,22:00,17.6,11.3,243,79
2024-06-07,745655,OAK,22:00,15.1,17.0,253,79
2024-06-08,745814,NYM,13:00,23.9,26.6,283,44
2024-06-08,745492,PIT,16:00,24.8,12.6,272,40
2024-06-08,744848,WSH,16:00,29.2,13.0,273,30
2024-06-08,745652,OAK,16:00,18.9,17.6,224,60
2024-06-08,746703,CIN,16:00,24.1,14.6,232,57
2024-06-08,746300,KC,16:00,31.5,6.9,6,55
2024-06-08,746786,CWS,16:00,25.1,20.2,239,54
2024-06-08,746461,DET,16:00,23.9,23.1,231,39
2024-06-08,745166,STL,16:00,28.2,16.4,230,66
2024-06-08,745735,NYY,20:00,21.5,7.6,275,53
2024-06-08,745410,SD,21:00,18.5,14.2,240,74
2024-06-08,746223,LAA,22:00,18.8,14.2,210,72
2024-06-09,745571,PHI,10:00,25.5,20.1,234,51
2024-06-09,745491,PIT,14:00,22.0,15.9,303,42
2024-06-09,744849,WSH,14:00,27.8,21.3,307,45
2024-06-09,746705,CIN,14:00,24.2,13.5,318,37
2024-06-09,746463,DET,14:00,22.6,34.0,288,38
2024-06-09,746297,KC,14:00,24.6,8.3,56,50
2024-06-09,746787,CWS,14:00,24.7,27.8,289,30
2024-06-09,745167,STL,14:00,19.9,5.1,315,66
2024-06-09,746216,LAA,16:00,23.8,15.5,226,50
2024-06-09,745651,OAK,16:00,19.8,17.6,221,54
2024-06-09,745407,SD,16:00,20.7,18.6,234,58
2024-06-09,745736,NYY,19:00,23.7,13.9,307,41
2024-06-10,745897,MIN,20:00,21.0,8.7,120,44
2024-06-10,746295,KC,20:00,25.7,4.2,20,40
2024-06-10,745409,SD,22:00,18.3,13.0,268,76
2024-06-10,745334,SF,22:00,15.2,25.5,248,75
2024-06-11,747027,BAL,19:00,23.2,10.4,316,41
2024-06-11,746464,DET,19:00,20.4,13.7,162,46
2024-06-11,746702,CIN,19:00,23.6,5.2,214,34
2024-06-11,746951,BOS,19:00,19.5,7.6,87,71
2024-06-11,745815,NYM,19:00,20.2,10.9,189,68
2024-06-11,745899,MIN,20:00,25.3,15.9,274,44
2024-06-11,745170,STL,20:00,25.8,4.7,148,48
2024-06-11,746296,KC,20:00,27.8,10.7,312,47
2024-06-11,745404,SD,22:00,17.7,13.4,243,78
2024-06-11,745327,SF,22:00,20.0,17.4,230,53
2024-06-11,746139,LAD,22:00,18.0,14.5,228,71
2024-06-12,745896,MIN,13:00,21.3,14.8,181,81
2024-06-12,745328,SF,16:00,18.9,28.5,226,56
2024-06-12,745405,SD,16:00,22.0,17.3,253,59
2024-06-12,747028,BAL,19:00,27.2,8.4,130,32
2024-06-12,746462,DET,19:00,26.6,18.8,185,46
2024-06-12,746701,CIN,19:00,27.8,5.8,240,31
2024-06-12,746948,BOS,19:00,21.8,8.8,171,66
2024-06-12,745811,NYM,19:00,20.5,13.3,177,75
2024-06-12,745171,STL,20:00,29.3,10.1,174,45
2024-06-12,746294,KC,20:00,29.7,18.1,187,45
2024-06-12,746137,LAD,22:00,20.2,16.3,239,61
2024-06-13,747026,BAL,13:00,28.7,14.1,177,53
2024-06-13,746465,DET,13:00,29.0,27.3,216,49
2024-06-13,746299,KC,14:00,32.7,17.6,203,53
2024-06-13,745168,STL,14:00,32.5,15.7,196,42
2024-06-13,746944,BOS,19:00,24.6,19.5,203,63
2024-06-13,745809,NYM,19:00,22.0,26.1,168,69
2024-06-13,745894,MIN,20:00,25.4,10.7,312,39
2024-06-13,746136,LAD,22:00,19.5,16.9,236,60
2024-06-14,746869,CHC,14:00,20.4,17.6,43,80
2024-06-14,746947,BOS,19:00,23.5,12.5,226,84
2024-06-14,744847,WSH,19:00,29.1,6.9,28,49
2024-06-14,747025,BAL,19:00,27.9,17.2,10,52
2024-06-14,745810,NYM,19:00,21.2,8.3,180,88
2024-06-14,747112,ATL,19:00,34.6,3.7,151,28
2024-06-14,745892,MIN,20:00,24.9,7.0,102,47
2024-06-14,746545,COL,21:00,26.7,14.8,39,27
2024-06-14,746134,LAD,22:00,22.0,12.3,230,55
2024-06-14,745326,SF,22:00,18.2,23.8,267,49
2024-06-15,746865,CHC,14:00,25.4,19.6,126,61
2024-06-15,745329,SF,16:00,23.6,17.0,265,34
2024-06-15,747024,BAL,16:00,29.5,13.2,349,29
2024-06-15,744846,WSH,16:00,29.3,6.6,338,33
2024-06-15,745805,NYM,16:00,26.5,15.2,356,36
2024-06-15,747113,ATL,16:00,35.1,5.4,90,36
2024-06-15,746946,BOS,19:00,21.2,13.9,335,42
2024-06-15,746135,LAD,21:00,25.7,14.5,207,40
2024-06-15,746547,COL,21:00,29.1,8.0,188,21
2024-06-15,745891,MIN,20:00,30.0,14.1,255,62
2024-06-16,746866,CHC,13:00,28.1,32.1,189,53
2024-06-16,747023,BAL,14:00,28.5,12.7,135,33
2024-06-16,747109,ATL,14:00,34.4,12.2,137,37
2024-06-16,744839,WSH,14:00,30.0,5.4,160,35
2024-06-16,745807,NYM,14:00,23.4,14.8,157,46
2024-06-16,745895,MIN,14:00,31.0,21.9,197,58
2024-06-16,746546,COL,15:00,28.4,13.4,6,33
2024-06-16,745321,SF,16:00,23.0,23.4,274,35
2024-06-16,746130,LAD,16:00,28.1,17.4,214,37
2024-06-16,746945,BOS,19:00,19.2,14.5,120,57
2024-06-17,745490,PIT,19:00,31.6,6.9,261,43
2024-06-17,745567,PHI,19:00,28.8,20.3,167,51
2024-06-17,747108,ATL,19:00,32.6,16.3,131,38
2024-06-17,746868,CHC,20:00,31.5,22.4,208,50
2024-06-17,746543,COL,21:00,28.3,14.2,333,37
2024-06-17,746215,LAA,22:00,20.1,12.9,198,64
2024-06-18,745488,PIT,19:00,29.6,6.9,84,66
2024-06-18,746627,CLE,19:00,25.1,15.2,149,81
2024-06-18,745563,PHI,19:00,30.2,17.3,184,47
2024-06-18,744843,WSH,19:00,30.6,16.3,145,44
2024-06-18,745733,NYY,19:00,25.5,20.6,164,61
2024-06-18,747107,ATL,19:00,30.7,22.3,121,32
2024-06-18,745893,MIN,20:00,22.1,12.5,162,99
2024-06-18,746867,CHC,20:00,30.0,29.3,201,56
2024-06-18,746783,CWS,20:00,30.8,28.5,201,53
2024-06-18,746542,COL,21:00,21.7,7.6,115,20
2024-06-18,746217,LAA,22:00,20.9,13.0,199,66
2024-06-18,745650,OAK,22:00,16.7,10.0,229,61
2024-06-19,747106,ATL,12:00,27.5,21.0,95,46
2024-06-19,745489,PIT,13:00,30.7,4.9,126,54
2024-06-19,745561,PHI,13:00,32.0,8.2,209,40
2024-06-19,746864,CHC,14:00,32.4,23.7,208,41
2024-06-19,744842,WSH,16:00,32.4,11.5,134,38
2024-06-19,746625,CLE,19:00,24.9,9.4,178,88
2024-06-19,745732,NYY,19:00,25.1,20.3,168,57
2024-06-19,745887,MIN,20:00,22.3,7.4,47,55
2024-06-19,746781,CWS,20:00,32.1,13.5,214,40
2024-06-19,746538,COL,21:00,21.3,16.1,151,46
2024-06-19,746219,LAA,22:00,21.3,11.2,222,65
2024-06-19,745646,OAK,22:00,13.6,16.4,251,82
2024-06-20,744841,WSH,13:00,30.7,4.3,175,46
2024-06-20,746626,CLE,13:00,22.5,14.5,346,88
2024-06-20,745889,MIN,13:00,23.3,8.7,95,59
2024-06-20,746782,CWS,14:00,23.4,20.3,27,71
2024-06-20,746539,COL,15:00,32.3,17.8,173,19
2024-06-20,745645,OAK,16:00,17.7,13.7,240,63
2024-06-20,745734,NYY,16:00,31.6,21.1,171,48
2024-06-20,745164,STL,19:00,32.5,11.8,157,38
2024-06-20,745401,SD,22:00,19.4,14.7,298,73
2024-06-21,746861,CHC,14:00,26.1,17.4,84,79
2024-06-21,745483,PIT,19:00,31.6,9.7,312,46
2024-06-21,745562,PHI,19:00,33.6,15.0,215,35
2024-06-21,746460,DET,19:00,26.2,8.0,355,77
2024-06-21,745729,NYY,19:00,28.9,9.0,85,57
2024-06-21,746698,CIN,19:00,34.3,5.2,326,34
2024-06-21,746624,CLE,19:00,25.9,3.2,27,84
2024-06-21,746540,COL,21:00,30.0,9.0,157,20
2024-06-21,745649,OAK,22:00,16.4,9.4,238,74
2024-06-21,745403,SD,22:00,20.1,9.8,276,69
2024-06-21,746131,LAD,22:00,24.1,14.8,227,43
2024-06-22,746459,DET,13:00,31.9,23.2,229,43
2024-06-22,745163,STL,14:00,33.8,19.2,214,39
2024-06-22,746863,CHC,14:00,32.8,33.4,226,41
2024-06-22,745486,PIT,16:00,34.7,10.9,243,36
2024-06-22,745564,PHI,16:00,35.4,10.2,247,33
2024-06-22,745644,OAK,16:00,28.4,9.7,270,38
2024-06-22,746700,CIN,16:00,33.6,15.3,229,39
2024-06-22,746622,CLE,16:00,26.8,9.2,31,78
2024-06-22,745731,NYY,19:00,28.4,9.9,123,70
2024-06-22,745402,SD,19:00,24.0,15.1,270,58
2024-06-22,746541,COL,21:00,27.1,12.9,288,30
2024-06-22,746132,LAD,22:00,25.6,13.5,224,47
2024-06-23,745566,PHI,12:00,34.9,21.4,229,40
2024-06-23,745485,PIT,14:00,28.4,24.8,237,61
2024-06-23,745727,NYY,14:00,35.4,24.3,215,38
2024-06-23,746699,CIN,14:00,30.7,22.4,265,58
2024-06-23,746621,CLE,14:00,22.5,20.2,266,82
2024-06-23,746457,DET,14:00,27.6,28.6,289,57
2024-06-23,745165,STL,14:00,30.8,16.1,321,46
2024-06-23,746536,COL,15:00,33.8,9.8,84,12
2024-06-23,745648,OAK,16:00,22.9,11.4,257,50
2024-06-23,745396,SD,16:00,25.8,16.8,235,57
2024-06-23,746862,CHC,19:00,21.7,11.1,65,80
2024-06-24,747021,BAL,19:00,30.2,11.5,314,25
2024-06-24,746458,DET,19:00,26.7,7.3,191,44
2024-06-24,746696,CIN,19:00,29.3,14.8,304,32
2024-06-24,746941,BOS,19:00,23.2,15.8,291,58
2024-06-24,745160,STL,20:00,32.0,16.3,112,49
2024-06-24,746780,CWS,20:00,27.3,15.2,121,56
2024-06-24,746298,KC,20:00,35.2,16.2,217,30
2024-06-24,746218,LAA,22:00,24.1,12.6,204,44
2024-06-24,745397,SD,22:00,21.6,10.4,256,63
2024-06-24,745323,SF,22:00,13.8,19.9,253,78
2024-06-25,747022,BAL,19:00,32.0,12.1,210,29
2024-06-25,746454,DET,19:00,26.3,22.9,228,70
2024-06-25,746697,CIN,19:00,26.1,15.0,210,77
2024-06-25,746943,BOS,19:00,28.6,17.3,258,41
2024-06-25,745806,NYM,19:00,24.6,19.7,162,61
2024-06-25,746775,CWS,20:00,31.2,13.8,263,60
2024-06-25,746293,KC,20:00,32.6,14.3,214,53
2024-06-25,746213,LAA,22:00,23.6,16.1,222,49
2024-06-25,745399,SD,22:00,20.8,11.4,246,75
2024-06-25,745322,SF,22:00,13.9,23.5,238,79
2024-06-25,745157,STL,14:00,22.7,17.0,17,90
2024-06-26,746695,CIN,13:00,26.7,12.0,219,65
2024-06-26,746456,DET,13:00,22.4,18.8,287,84
2024-06-26,745158,STL,19:00,27.1,11.3,27,67
2024-06-26,746291,KC,14:00,28.0,17.6,359,57
2024-06-26,746212,LAA,16:00,27.0,14.7,216,43
2024-06-26,745400,SD,16:00,23.2,17.6,244,62
2024-06-26,747019,BAL,19:00,31.5,11.7,191,45
2024-06-26,746942,BOS,14:00,21.2,3.9,56,78
2024-06-26,745808,NYM,19:00,26.1,20.6,176,75
2024-06-26,746777,CWS,20:00,26.1,17.6,59,56
2024-06-26,745325,SF,22:00,15.1,29.5,252,72
2024-06-27,745324,SF,16:00,20.8,19.4,248,50
2024-06-27,745565,PHI,18:00,31.5,15.8,297,30
2024-06-27,747020,BAL,19:00,30.3,11.0,289,37
2024-06-27,745162,STL,20:00,29.3,6.0,25,49
2024-06-27,746288,KC,20:00,30.3,13.5,171,42
2024-06-27,746210,LAA,22:00,22.9,13.0,219,63
2024-06-28,745560,PHI,18:00,26.1,19.0,151,34
2024-06-28,747017,BAL,19:00,27.1,14.5,134,48
2024-06-28,745804,NYM,19:00,19.9,17.6,165,51
2024-06-28,746939,BOS,19:00,22.2,9.4,140,46
2024-06-28,746776,CWS,19:00,22.7,14.1,165,86
2024-06-28,747105,ATL,19:00,29.6,16.4,161,58
2024-06-28,746292,KC,20:00,32.0,13.7,210,63
2024-06-28,745161,STL,20:00,29.5,18.1,186,61
2024-06-28,746214,LAA,22:00,21.4,13.7,210,64
2024-06-28,745319,SF,22:00,15.0,23.6,231,74
2024-06-29,746778,CWS,14:00,30.1,18.4,259,62
2024-06-29,745159,STL,14:00,29.4,10.0,229,73
2024-06-29,745559,PHI,16:00,31.0,22.7,181,53
2024-06-29,746289,KC,16:00,32.0,12.6,360,57
2024-06-29,745801,NYM,16:00,25.4,31.5,175,74
2024-06-29,746940,BOS,16:00,24.3,24.9,191,49
2024-06-29,747104,ATL,16:00,30.5,11.9,270,56
2024-06-29,745317,SF,19:00,18.3,27.0,239,60
2024-06-29,747018,BAL,19:00,29.7,20.9,159,66
2024-06-29,746211,LAA,22:00,23.7,12.0,221,53
2024-06-30,747101,ATL,12:00,32.1,14.3,319,61
2024-06-30,746938,BOS,14:00,31.4,19.4,220,60
2024-06-30,745555,PHI,14:00,31.2,20.9,199,63
2024-06-30,745802,NYM,14:00,30.1,20.6,216,69
2024-06-30,746290,KC,14:00,24.8,11.4,72,54
2024-06-30,746779,CWS,14:00,16.7,24.5,17,63
2024-06-30,745154,STL,14:00,26.0,13.6,12,55
2024-06-30,745320,SF,16:00,25.0,25.7,264,45
2024-06-30,746209,LAA,16:00,29.9,13.8,231,37
2024-06-30,747016,BAL,19:00,27.5,9.4,223,80
2024-07-01,744840,WSH,19:00,25.0,13.6,11,37
2024-07-01,746535,COL,21:00,27.5,15.5,360,32
2024-07-02,745482,PIT,19:00,27.4,10.0,128,41
2024-07-02,746623,CLE,19:00,27.8,13.3,131,49
2024-07-02,744838,WSH,19:00,28.2,11.3,187,34
2024-07-02,745730,NYY,19:00,25.8,14.7,158,41
2024-07-02,747102,ATL,19:00,31.3,15.6,142,41
2024-07-02,745886,MIN,20:00,22.3,8.2,203,84
2024-07-02,746860,CHC,20:00,26.4,25.0,165,51
2024-07-02,746282,KC,20:00,26.3,18.8,216,83
2024-07-02,746537,COL,21:00,28.5,13.3,2,15
2024-07-02,745647,OAK,22:00,26.2,6.1,270,43
2024-07-02,746133,LAD,22:00,24.1,15.0,228,54
2024-07-03,745487,PIT,19:00,30.6,10.8,266,50
2024-07-03,746617,CLE,19:00,28.0,16.1,222,77
2024-07-03,744837,WSH,19:00,29.4,13.8,171,45
2024-07-03,745728,NYY,19:00,23.5,23.3,163,55
2024-07-03,747100,ATL,19:00,31.9,10.5,139,50
2024-07-03,746858,CHC,20:00,28.7,6.4,196,60
2024-07-03,746283,KC,20:00,27.5,8.3,162,73
2024-07-03,745888,MIN,20:00,25.7,12.8,260,54
2024-07-03,746534,COL,21:00,30.8,19.0,285,9
2024-07-03,745643,OAK,22:00,23.3,10.5,311,50
2024-07-03,746128,LAD,22:00,21.9,11.4,215,62
2024-07-04,744834,WSH,11:00,30.1,3.7,241,58
2024-07-04,745484,PIT,13:00,27.1,3.4,252,72
2024-07-04,745726,NYY,13:00,29.0,9.8,163,57
2024-07-04,745890,MIN,13:00,19.0,8.0,100,99
2024-07-04,746619,CLE,13:00,26.2,9.8,332,82
2024-07-04,746857,CHC,14:00,25.1,9.8,152,74
2024-07-04,745641,OAK,16:00,28.4,11.4,283,41
2024-07-04,747103,ATL,19:00,32.7,7.1,210,50
2024-07-04,746285,KC,20:00,28.4,14.3,321,59
2024-07-04,746532,COL,20:00,27.2,18.6,58,20
2024-07-04,746126,LAD,21:00,25.0,15.6,220,50
2024-07-05,746859,CHC,14:00,27.3,22.7,245,45
2024-07-05,745479,PIT,19:00,28.3,6.2,277,67
2024-07-05,744836,WSH,19:00,35.2,8.1,201,42
2024-07-05,745725,NYY,19:00,25.4,14.1,103,88
2024-07-05,746693,CIN,19:00,26.5,11.7,261,70
2024-07-05,746620,CLE,19:00,22.2,8.2,299,90
2024-07-05,747097,ATL,19:00,30.1,11.0,238,62
2024-07-05,746533,COL,20:00,26.9,9.9,71,18
2024-07-05,745884,MIN,20:00,23.2,9.7,356,54
2024-07-05,745639,OAK,22:00,21.3,7.9,246,59
2024-07-05,745398,SD,22:00,21.3,11.9,215,79
2024-07-05,746127,LAD,22:00,26.9,11.4,215,49
2024-07-06,745724,NYY,13:00,32.1,11.6,158,63
2024-07-06,745885,MIN,14:00,26.2,5.0,159,52
2024-07-06,746856,CHC,14:00,22.9,11.2,94,68
2024-07-06,745476,PIT,16:00,29.6,16.5,259,44
2024-07-06,744835,WSH,16:00,36.3,6.1,225,37
2024-07-06,745642,OAK,16:00,30.1,7.3,259,36
2024-07-06,746694,CIN,16:00,28.5,13.4,262,43
2024-07-06,746615,CLE,16:00,22.6,10.0,311,73
2024-07-06,747099,ATL,19:00,26.4,0.0,270,90
2024-07-06,746129,LAD,19:00,30.5,18.6,195,43
2024-07-06,746529,COL,21:00,31.1,12.3,353,9
2024-07-06,745395,SD,22:00,21.2,10.1,215,78
2024-07-07,745477,PIT,14:00,29.1,3.2,180,47
2024-07-07,744832,WSH,14:00,33.7,0.7,180,36
2024-07-07,747098,ATL,14:00,32.0,6.3,156,57
2024-07-07,746691,CIN,14:00,29.0,2.2,81,43
2024-07-07,746616,CLE,14:00,22.5,10.6,325,75
2024-07-07,745883,MIN,14:00,25.8,8.2,221,54
2024-07-07,746855,CHC,14:00,28.6,12.9,210,52
2024-07-07,746530,COL,15:00,24.2,8.0,18,31
2024-07-07,745637,OAK,16:00,25.7,11.8,258,46
2024-07-07,745391,SD,16:00,23.3,18.1,235,67
2024-07-07,746122,LAD,16:00,29.9,14.0,180,40
2024-07-07,745723,NYY,19:00,30.3,9.7,158,65
2024-07-08,745480,PIT,13:00,30.8,3.8,253,43
2024-07-08,744833,WSH,16:00,34.9,9.0,157,43
2024-07-08,746455,DET,19:00,29.8,15.9,198,41
2024-07-08,746692,CIN,19:00,31.5,5.4,222,42
2024-07-08,746771,CWS,20:00,27.7,12.0,226,55
2024-07-08,746208,LAA,22:00,22.5,12.1,217,70
2024-07-09,747014,BAL,19:00,32.1,14.6,164,60
2024-07-09,746451,DET,19:00,23.8,6.2,263,90
2024-07-09,745557,PHI,19:00,32.8,14.2,187,54
2024-07-09,746690,CIN,19:00,29.6,13.2,133,58
2024-07-09,745803,NYM,19:00,25.6,17.3,178,85
2024-07-09,746937,BOS,19:00,28.1,16.4,195,77
2024-07-09,746206,LAA,22:00,23.1,10.2,219,67
2024-07-09,745393,SD,22:00,20.8,10.1,274,77
2024-07-09,745316,SF,22:00,16.1,24.0,251,83
2024-07-09,745155,STL,14:00,28.2,9.8,324,52
2024-07-09,746773,CWS,14:00,23.8,15.9,18,75
2024-07-10,745156,STL,20:00,28.8,2.2,180,50
2024-07-10,746772,CWS,14:00,23.8,15.9,18,75
2024-07-10,747015,BAL,19:00,30.0,24.4,164,73
2024-07-10,746453,DET,19:00,20.5,30.0,321,78
2024-07-10,745394,SD,19:00,23.4,16.8,227,70
2024-07-10,745556,PHI,19:00,30.4,28.4,168,61
2024-07-10,746689,CIN,19:00,26.4,18.2,304,49
2024-07-10,745796,NYM,19:00,25.4,32.5,176,83
2024-07-10,746934,BOS,19:00,27.9,22.1,196,73
2024-07-10,746205,LAA,22:00,25.0,13.2,209,62
2024-07-10,745318,SF,22:00,17.3,19.4,239,75
2024-07-11,746688,CIN,13:00,28.3,1.1,360,49
2024-07-11,746452,DET,13:00,25.8,6.8,357,57
2024-07-11,745799,NYM,13:00,30.8,20.7,220,47
2024-07-11,745313,SF,16:00,21.8,16.4,255,56
2024-07-11,745558,PHI,18:00,32.6,18.5,204,36
2024-07-11,747011,BAL,19:00,31.0,6.5,96,43
2024-07-11,746935,BOS,19:00,29.2,21.7,199,58
2024-07-11,746204,LAA,22:00,22.4,13.1,201,70
2024-07-12,746450,DET,19:00,25.0,8.9,69,70
2024-07-12,745552,PHI,19:00,26.4,10.5,218,79
2024-07-12,747012,BAL,19:00,24.8,1.8,11,88
2024-07-12,746936,BOS,19:00,28.0,17.4,220,72
2024-07-12,745800,NYM,19:00,25.4,10.8,195,86
2024-07-12,746685,CIN,19:00,29.4,4.1,255,54
2024-07-12,746774,CWS,20:00,24.3,9.4,72,74
2024-07-12,745153,STL,20:00,27.3,10.0,210,73
2024-07-12,746207,LAA,22:00,24.3,10.3,234,59
2024-07-12,745390,SD,22:00,21.0,12.5,288,79
2024-07-12,745312,SF,22:00,15.4,23.0,241,79
2024-07-13,746447,DET,13:00,27.5,5.9,104,60
2024-07-13,746766,CWS,14:00,29.3,12.6,183,60
2024-07-13,745152,STL,14:00,30.2,13.8,195,62
2024-07-13,745549,PHI,16:00,31.8,0.8,117,51
2024-07-13,747013,BAL,16:00,30.5,8.5,126,64
2024-07-13,746930,BOS,16:00,26.7,17.4,210,78
2024-07-13,745798,NYM,16:00,28.4,7.6,177,72
2024-07-13,746687,CIN,16:00,31.5,8.2,293,45
2024-07-13,745311,SF,19:00,17.9,31.6,244,70
2024-07-13,745392,SD,19:00,23.5,15.0,246,65
2024-07-13,746202,LAA,22:00,22.3,12.5,213,70
2024-07-14,747009,BAL,12:00,32.5,6.8,180,56
2024-07-14,746932,BOS,14:00,31.6,6.9,231,41
2024-07-14,745551,PHI,14:00,32.6,13.2,223,54
2024-07-14,746449,DET,14:00,29.0,20.9,229,62
2024-07-14,745797,NYM,14:00,30.5,10.9,189,58
2024-07-14,746686,CIN,14:00,31.1,16.2,258,59
2024-07-14,746769,CWS,14:00,28.6,20.2,239,57
2024-07-14,745151,STL,14:00,33.6,14.9,212,54
2024-07-14,745314,SF,16:00,18.0,23.6,258,71
2024-07-14,746201,LAA,16:00,26.7,13.2,227,57
2024-07-14,745385,SD,16:00,23.9,17.0,257,65
2024-07-19,746854,CHC,14:00,23.6,11.0,101,54
2024-07-19,745481,PIT,19:00,26.9,3.8,73,38
2024-07-19,744829,WSH,19:00,28.5,2.5,172,52
2024-07-19,745721,NYY,19:00,29.0,8.6,272,32
2024-07-19,746618,CLE,19:00,22.3,14.7,25,50
2024-07-19,746284,KC,20:00,26.6,8.3,90,48
2024-07-19,746531,COL,21:00,25.6,12.0,279,49
2024-07-19,745640,OAK,22:00,27.0,9.0,209,40
2024-07-19,746123,LAD,22:00,25.1,11.8,218,53
2024-07-19,747093,ATL,13:00,24.7,5.8,202,86
2024-07-20,745720,NYY,13:00,25.7,15.8,210,66
2024-07-20,747096,ATL,19:00,25.0,7.4,299,87
2024-07-20,745638,OAK,16:00,25.3,11.9,209,49
2024-07-20,745478,PIT,19:00,28.9,3.4,302,39
2024-07-20,744830,WSH,19:00,24.6,6.8,177,80
2024-07-20,746613,CLE,19:00,24.3,6.3,347,51
2024-07-20,746286,KC,19:00,23.7,9.0,88,70
2024-07-20,745880,MIN,19:00,25.9,6.9,227,60
2024-07-20,746852,CHC,19:00,24.5,8.9,148,52
2024-07-20,746121,LAD,19:00,33.2,20.1,234,26
2024-07-20,746527,COL,20:00,24.8,11.0,32,37
2024-07-21,745882,MIN,13:00,24.4,1.0,45,71
2024-07-21,744831,WSH,14:00,30.2,1.8,259,51
2024-07-21,745470,PIT,14:00,27.8,1.8,169,40
2024-07-21,747094,ATL,14:00,28.3,6.9,223,68
2024-07-21,745722,NYY,14:00,31.5,3.9,292,35
2024-07-21,746610,CLE,14:00,24.2,16.5,328,66
2024-07-21,746287,KC,14:00,25.9,11.2,57,50
2024-07-21,746853,CHC,14:00,25.3,8.7,107,60
2024-07-21,746528,COL,15:00,19.8,18.5,331,65
2024-07-21,745633,OAK,16:00,20.3,19.0,205,66
2024-07-21,746125,LAD,19:00,30.6,17.9,220,36
2024-07-22,745717,NYY,13:00,26.9,16.8,171,65
2024-07-22,746612,CLE,19:00,23.3,9.3,16,73
2024-07-22,745473,PIT,19:00,22.7,5.4,8,72
2024-07-22,747095,ATL,19:00,26.2,1.6,297,80
2024-07-22,745881,MIN,20:00,21.1,8.8,199,96
2024-07-22,746850,CHC,20:00,22.0,10.7,76,77
2024-07-22,746280,KC,20:00,27.2,3.6,37,51
2024-07-22,746526,COL,21:00,24.7,20.1,9,36
2024-07-22,745635,OAK,22:00,21.7,7.3,279,62
2024-07-22,746124,LAD,22:00,24.2,13.3,213,54
2024-07-23,746614,CLE,19:00,26.2,3.9,292,63
2024-07-23,745475,PIT,19:00,26.5,5.2,254,56
2024-07-23,744828,WSH,19:00,28.8,11.5,180,58
2024-07-23,745715,NYY,19:00,26.9,7.6,172,71
2024-07-23,745878,MIN,20:00,25.2,9.8,54,56
2024-07-23,746848,CHC,20:00,25.6,12.1,243,72
2024-07-23,746281,KC,20:00,29.0,4.1,285,50
2024-07-23,746524,COL,21:00,30.4,5.8,30,17
2024-07-23,745632,OAK,22:00,24.0,10.7,303,48
2024-07-23,746118,LAD,22:00,24.4,13.8,208,57
2024-07-23,747090,ATL,19:00,26.0,3.5,66,52
2024-07-24,747091,ATL,12:00,25.2,3.5,204,81
2024-07-24,745472,PIT,13:00,27.8,14.2,240,56
2024-07-24,745877,MIN,13:00,23.5,10.2,72,57
2024-07-24,746851,CHC,14:00,21.8,12.0,57,79
2024-07-24,746525,COL,15:00,33.3,8.9,32,12
2024-07-24,745634,OAK,16:00,28.9,14.3,280,34
2024-07-24,746611,CLE,19:00,22.9,8.2,299,82
2024-07-24,744824,WSH,19:00,27.9,5.9,223,73
2024-07-24,745716,NYY,19:00,26.0,12.5,162,75
2024-07-24,746279,KC,20:00,31.5,4.0,270,46
2024-07-24,746119,LAD,22:00,25.4,12.0,221,48
2024-07-25,744827,WSH,12:00,25.8,7.6,239,83
2024-07-25,746609,CLE,13:00,21.2,23.3,22,77
2024-07-25,746117,LAD,16:00,34.8,13.5,214,31
2024-07-25,745794,NYM,19:00,28.1,9.0,307,41
2024-07-25,746199,LAA,22:00,26.8,11.5,212,53
2024-07-26,746448,DET,19:00,24.4,12.0,97,43
2024-07-26,745554,PHI,19:00,27.9,4.7,23,44
2024-07-26,747010,BAL,19:00,25.7,13.2,163,54
2024-07-26,745792,NYM,19:00,27.7,7.2,357,37
2024-07-26,746933,BOS,19:00,26.6,6.0,57,43
2024-07-26,746277,KC,20:00,30.6,11.6,150,46
2024-07-26,746767,CWS,20:00,24.1,14.5,84,58
2024-07-26,745146,STL,20:00,29.3,6.2,111,54
2024-07-26,746200,LAA,22:00,24.4,13.1,212,53
2024-07-26,745315,SF,22:00,14.9,28.7,248,79
2024-07-27,747006,BAL,16:00,28.9,12.9,144,39
2024-07-27,745793,NYM,16:00,27.6,15.9,175,45
2024-07-27,745553,PHI,18:00,30.2,9.2,334,30
2024-07-27,746446,DET,18:00,26.9,12.3,95,50
2024-07-27,745307,SF,19:00,16.3,27.9,255,73
2024-07-27,745310,SF,19:00,16.3,27.9,255,73
2024-07-27,746278,KC,19:00,28.1,9.2,138,62
2024-07-27,745150,STL,19:00,26.9,11.7,146,63
2024-07-27,746768,CWS,19:00,26.2,19.5,95,53
2024-07-27,746931,BOS,19:00,25.8,12.5,134,47
2024-07-27,746203,LAA,22:00,22.9,12.1,203,60
2024-07-28,747008,BAL,14:00,30.1,11.0,148,38
2024-07-28,745550,PHI,14:00,30.9,1.0,135,33
2024-07-28,746445,DET,14:00,29.3,11.9,178,44
2024-07-28,745795,NYM,14:00,30.5,12.3,75,35
2024-07-28,746274,KC,14:00,28.1,21.0,196,68
2024-07-28,746770,CWS,14:00,27.4,16.7,173,70
2024-07-28,745145,STL,14:00,24.1,19.2,206,82
2024-07-28,745305,SF,16:00,18.3,21.1,243,68
2024-07-28,746195,LAA,16:00,26.9,16.8,227,44
2024-07-28,746929,BOS,19:00,21.8,12.2,118,71
2024-07-29,747007,BAL,15:00,31.0,12.8,130,57
2024-07-29,746444,DET,19:00,25.4,10.2,170,78
2024-07-29,745547,PHI,19:00,28.9,12.4,190,61
2024-07-29,746684,CIN,19:00,29.0,13.2,206,60
2024-07-29,746928,BOS,19:00,23.3,11.1,205,70
2024-07-29,745791,NYM,19:00,24.8,15.9,167,80
2024-07-29,745147,STL,20:00,33.2,10.0,244,55
2024-07-29,746765,CWS,20:00,26.8,9.5,331,71
2024-07-30,746441,DET,13:00,27.0,13.7,265,70
2024-07-30,747005,BAL,19:00,24.3,4.4,171,89
2024-07-30,745546,PHI,19:00,28.2,19.2,175,65
2024-07-30,746683,CIN,19:00,30.7,11.8,282,53
2024-07-30,746926,BOS,19:00,27.2,18.3,200,70
2024-07-30,745787,NYM,19:00,25.4,29.6,175,76
2024-07-30,745149,STL,20:00,26.7,14.7,216,87
2024-07-30,746763,CWS,20:00,29.0,9.4,140,74
2024-07-30,746197,LAA,22:00,23.1,9.4,220,58
2024-07-30,745389,SD,22:00,21.1,7.9,286,71
2024-07-30,745309,SF,22:00,16.4,26.2,257,83
2024-07-31,747003,BAL,13:00,31.7,8.1,225,60
2024-07-31,745543,PHI,13:00,31.4,12.4,240,54
2024-07-31,745789,NYM,13:00,26.9,17.7,193,80
2024-07-31,746764,CWS,14:00,29.6,8.0,252,66
2024-07-31,745148,STL,14:00,25.3,15.5,149,87
2024-07-31,746925,BOS,16:00,27.8,26.2,196,70
2024-07-31,746678,CIN,19:00,29.7,10.8,233,71
2024-07-31,745386,SD,21:00,22.9,16.2,283,60
2024-07-31,746198,LAA,22:00,22.5,11.1,216,61
2024-07-31,745306,SF,22:00,15.6,22.2,245,86
2024-08-01,746607,CLE,19:00,27.1,14.6,20,80
2024-08-01,746442,DET,19:00,24.8,13.7,330,82
2024-08-01,747092,ATL,19:00,29.1,2.6,286,78
2024-08-01,746849,CHC,20:00,25.3,8.9,284,82
2024-08-01,746196,LAA,22:00,22.5,13.1,201,64
2024-08-02,746845,CHC,14:00,24.4,25.6,358,85
2024-08-02,746443,DET,19:00,26.6,12.6,77,69
2024-08-02,745471,PIT,19:00,24.8,11.6,265,78
2024-08-02,744825,WSH,19:00,32.8,12.0,219,48
2024-08-02,745719,NYY,19:00,25.6,6.1,135,86
2024-08-02,746605,CLE,19:00,24.7,4.7,279,83
2024-08-02,746679,CIN,19:00,25.1,11.1,306,76
2024-08-02,747089,ATL,19:00,30.6,9.5,233,62
2024-08-02,745875,MIN,20:00,29.7,9.4,313,54
2024-08-02,746193,LAA,22:00,27.6,10.4,224,41
2024-08-02,745631,OAK,22:00,19.3,5.5,191,74
2024-08-02,745387,SD,22:00,24.1,13.0,298,58
2024-08-03,745714,NYY,13:00,33.3,13.2,244,51
2024-08-03,746846,CHC,14:00,26.7,10.4,70,78
2024-08-03,744823,WSH,16:00,32.2,20.1,204,52
2024-08-03,746440,DET,18:00,30.5,17.4,330,33
2024-08-03,745474,PIT,19:00,23.0,3.4,252,87
2024-08-03,745876,MIN,19:00,27.5,15.0,35,54
2024-08-03,746608,CLE,19:00,24.1,6.1,315,81
2024-08-03,746681,CIN,19:00,28.7,9.1,342,59
2024-08-03,747087,ATL,19:00,28.5,7.1,300,66
2024-08-03,745388,SD,21:00,23.7,15.6,289,62
2024-08-03,745636,OAK,21:00,21.8,7.9,246,60
2024-08-03,746194,LAA,22:00,26.5,9.8,204,50
2024-08-04,746680,CIN,12:00,28.5,3.8,197,66
2024-08-04,745468,PIT,14:00,28.9,9.1,304,49
2024-08-04,747088,ATL,14:00,30.0,3.9,124,56
2024-08-04,745718,NYY,14:00,27.0,14.9,212,73
2024-08-04,744826,WSH,14:00,29.8,10.8,266,63
2024-08-04,746606,CLE,14:00,26.1,6.5,326,54
2024-08-04,746439,DET,14:00,29.8,9.8,186,49
2024-08-04,745879,MIN,14:00,28.0,11.1,36,59
2024-08-04,746191,LAA,16:00,31.3,14.6,230,36
2024-08-04,745627,OAK,16:00,20.6,13.0,246,65
2024-08-04,745384,SD,16:00,26.3,19.8,282,59
2024-08-04,746844,CHC,19:00,29.1,12.1,150,68
2024-08-05,746600,CLE,19:00,25.2,14.8,214,82
2024-08-05,744821,WSH,19:00,31.8,11.4,162,46
2024-08-05,746847,CHC,20:00,21.6,16.5,23,82
2024-08-05,746276,KC,20:00,34.2,8.4,223,41
2024-08-05,745628,OAK,22:00,16.2,12.1,243,83
2024-08-05,746116,LAD,22:00,26.4,9.3,216,45
2024-08-06,745467,PIT,19:00,23.1,5.2,214,94
2024-08-06,744817,WSH,19:00,30.4,14.5,166,56
2024-08-06,747086,ATL,19:00,30.5,11.2,320,56
2024-08-06,745141,STL,20:00,27.3,19.9,343,63
2024-08-06,746840,CHC,20:00,19.1,32.9,5,84
2024-08-06,746273,KC,20:00,27.2,12.4,10,52
2024-08-06,746519,COL,21:00,31.1,14.2,291,25
2024-08-06,745629,OAK,22:00,21.8,5.2,254,56
2024-08-06,746120,LAD,22:00,26.8,11.4,204,46
2024-08-06,746602,CLE,13:00,20.8,29.3,32,80
2024-08-06,745713,NYY,16:00,21.5,21.2,55,77
2024-08-07,746604,CLE,13:00,20.8,29.3,32,80
2024-08-07,746842,CHC,14:00,22.1,23.5,58,71
2024-08-07,745630,OAK,16:00,25.8,11.4,257,42
2024-08-07,745709,NYY,16:00,21.5,21.2,55,77
2024-08-07,745469,PIT,19:00,24.8,11.7,47,79
2024-08-07,744822,WSH,19:00,25.8,10.2,113,83
2024-08-07,747085,ATL,19:00,31.3,16.5,314,47
2024-08-07,745142,STL,20:00,25.5,11.5,20,60
2024-08-07,746272,KC,20:00,27.2,10.2,80,55
2024-08-07,746521,COL,21:00,25.6,7.6,90,52
2024-08-07,746115,LAD,22:00,24.4,11.1,193,57
2024-08-08,744819,WSH,12:00,24.9,18.8,102,91
2024-08-08,747081,ATL,12:00,31.1,15.3,294,59
2024-08-08,745466,PIT,13:00,26.7,11.9,115,77
2024-08-08,746522,COL,15:00,21.0,6.3,59,64
2024-08-08,745710,NYY,19:00,22.3,18.1,84,87
2024-08-08,745143,STL,19:00,27.4,14.5,341,54
2024-08-09,745871,MIN,20:00,18.3,14.4,302,52
2024-08-09,744818,WSH,19:00,25.7,7.1,165,88
2024-08-09,746927,BOS,19:00,26.2,31.9,186,82
2024-08-09,746275,KC,20:00,21.9,11.5,346,51
2024-08-09,746760,CWS,20:00,22.1,23.3,292,46
2024-08-09,746523,COL,21:00,20.7,12.0,16,57
2024-08-09,746113,LAD,22:00,23.2,13.6,220,61
2024-08-09,745308,SF,22:00,15.2,29.3,251,83
2024-08-09,745708,NYY,13:00,28.3,16.2,283,53
2024-08-10,745712,NYY,13:00,28.3,16.2,283,53
2024-08-10,745304,SF,16:00,18.2,21.2,238,68
2024-08-10,746922,BOS,16:00,29.2,18.8,265,48
2024-08-10,744820,WSH,19:00,28.7,3.2,297,73
2024-08-10,746269,KC,19:00,24.2,1.8,169,41
2024-08-10,745873,MIN,19:00,20.9,13.5,304,48
2024-08-10,746761,CWS,19:00,24.7,25.2,279,29
2024-08-10,746520,COL,20:00,27.9,0.8,27,30
2024-08-10,746112,LAD,21:00,27.2,13.7,215,44
2024-08-11,744816,WSH,12:00,26.0,6.6,299,51
2024-08-11,746923,BOS,14:00,28.2,19.7,249,38
2024-08-11,745711,NYY,14:00,26.6,7.0,215,51
2024-08-11,745872,MIN,14:00,23.8,5.2,286,42
2024-08-11,746517,COL,15:00,27.2,10.2,337,34
2024-08-11,745303,SF,16:00,16.2,25.6,242,78
2024-08-11,746114,LAD,16:00,32.8,12.6,185,38
2024-08-12,746603,CLE,19:00,23.1,10.2,309,60
2024-08-12,746682,CIN,19:00,26.5,2.3,51,40
2024-08-12,746921,BOS,19:00,21.1,10.1,243,80
2024-08-12,745874,MIN,20:00,24.3,6.0,107,59
2024-08-12,746762,CWS,20:00,25.1,13.0,134,44
2024-08-12,746192,LAA,22:00,25.1,12.2,208,57
2024-08-12,745383,SD,22:00,23.1,9.5,281,79
2024-08-12,745300,SF,22:00,15.5,27.3,249,75
2024-08-13,747004,BAL,19:00,24.3,5.1,86,66
2024-08-13,746601,CLE,19:00,23.8,11.4,35,60
2024-08-13,746435,DET,19:00,25.0,7.4,133,51
2024-08-13,746673,CIN,19:00,27.6,4.3,5,41
2024-08-13,745548,PHI,19:00,25.2,8.4,295,52
2024-08-13,745788,NYM,19:00,24.7,4.7,32,58
2024-08-13,746924,BOS,19:00,24.5,7.6,341,56
2024-08-13,745867,MIN,20:00,25.2,6.2,190,56
2024-08-13,746757,CWS,20:00,26.0,11.2,57,44
2024-08-13,746187,LAA,22:00,25.0,12.6,217,59
2024-08-13,745382,SD,22:00,22.2,9.7,248,80
2024-08-13,745302,SF,22:00,18.7,22.4,244,62
2024-08-14,745869,MIN,13:00,25.5,19.4,133,58
2024-08-14,745381,SD,16:00,25.7,18.1,226,61
2024-08-14,746919,BOS,18:00,24.8,9.4,86,57
2024-08-14,747000,BAL,19:00,26.2,4.7,32,60
2024-08-14,746598,CLE,19:00,25.1,16.8,28,54
2024-08-14,746436,DET,19:00,25.5,8.0,85,43
2024-08-14,746677,CIN,19:00,28.7,12.5,49,34
2024-08-14,745544,PHI,19:00,26.3,5.8,338,52
2024-08-14,745790,NYM,19:00,26.0,10.2,328,50
2024-08-14,746759,CWS,20:00,24.9,13.9,69,59
2024-08-14,746188,LAA,22:00,25.9,9.9,224,58
2024-08-14,745301,SF,22:00,18.2,23.9,249,69
2024-08-15,745783,NYM,13:00,29.1,9.6,326,42
2024-08-15,746437,DET,13:00,26.5,9.4,133,52
2024-08-15,745298,SF,16:00,24.3,20.1,260,45
2024-08-15,747002,BAL,19:00,26.9,6.4,137,57
2024-08-15,745545,PHI,19:00,29.8,3.4,302,35
2024-08-16,746843,CHC,14:00,28.7,15.9,237,64
2024-08-16,746674,CIN,19:00,24.9,8.2,221,85
2024-08-16,745462,PIT,19:00,24.6,12.3,175,78
2024-08-16,745542,PHI,19:00,28.4,5.6,207,49
2024-08-16,746438,DET,19:00,26.1,8.7,173,71
2024-08-16,747001,BAL,19:00,26.9,12.9,153,57
2024-08-16,745784,NYM,19:00,24.2,15.5,136,81
2024-08-16,745144,STL,20:00,29.0,11.5,224,57
2024-08-16,746518,COL,21:00,31.3,3.5,156,34
2024-08-16,746189,LAA,22:00,24.3,14.8,203,67
2024-08-17,745463,PIT,13:00,27.4,16.7,199,66
2024-08-17,746434,DET,13:00,26.2,21.1,243,64
2024-08-17,746841,CHC,14:00,26.0,13.7,337,64
2024-08-17,745785,NYM,16:00,25.1,20.8,146,72
2024-08-17,745537,PHI,18:00,26.0,17.0,175,60
2024-08-17,746675,CIN,19:00,27.7,13.6,282,53
2024-08-17,746997,BAL,19:00,24.4,7.9,156,87
2024-08-17,745626,OAK,19:00,22.1,20.2,248,77
2024-08-17,745140,STL,19:00,29.4,15.6,322,53
2024-08-17,746515,COL,20:00,35.1,15.1,359,9
2024-08-17,746190,LAA,22:00,22.7,12.2,214,65
2024-08-18,745786,NYM,12:00,22.4,21.1,143,88
2024-08-18,746999,BAL,14:00,27.2,9.0,180,76
2024-08-18,745464,PIT,14:00,24.7,12.4,262,64
2024-08-18,745539,PHI,14:00,28.1,11.0,169,69
2024-08-18,746676,CIN,14:00,23.3,14.3,315,75
2024-08-18,745139,STL,14:00,27.0,18.3,338,60
2024-08-18,746838,CHC,14:00,22.0,28.8,358,80
2024-08-18,746516,COL,15:00,32.9,19.2,30,19
2024-08-18,745621,OAK,16:00,21.5,14.5,256,65
2024-08-18,746186,LAA,16:00,29.0,14.5,235,48
2024-08-18,746431,DET,19:00,21.7,21.1,352,85
2024-08-19,745780,NYM,19:00,22.8,6.4,254,83
2024-08-19,746270,KC,20:00,26.5,9.7,51,57
2024-08-19,745620,OAK,22:00,18.3,8.3,236,64
2024-08-19,745380,SD,22:00,23.1,14.2,306,73
2024-08-19,745294,SF,22:00,17.7,24.4,262,62
2024-08-19,746109,LAD,22:00,26.1,10.5,232,42
2024-08-20,744814,WSH,19:00,21.5,8.4,335,50
2024-08-20,745707,NYY,19:00,20.3,18.9,318,48
2024-08-20,745782,NYM,19:00,20.2,19.9,316,48
2024-08-20,747083,ATL,19:00,27.1,13.3,322,43
2024-08-20,745136,STL,20:00,22.4,11.8,52,54
2024-08-20,746839,CHC,20:00,18.6,17.3,31,63
2024-08-20,746266,KC,20:00,23.6,12.6,92,57
2024-08-20,745624,OAK,22:00,21.0,11.8,247,55
2024-08-20,745374,SD,22:00,24.1,10.6,294,58
2024-08-20,745295,SF,22:00,19.1,24.0,261,58
2024-08-20,746107,LAD,22:00,27.9,10.4,224,35
2024-08-21,745781,NYM,13:00,21.7,14.3,295,44
2024-08-21,745297,SF,16:00,18.4,23.7,244,72
2024-08-21,745375,SD,19:00,25.3,18.2,210,63
2024-08-21,744812,WSH,19:00,23.5,3.0,284,38
2024-08-21,745704,NYY,19:00,21.3,13.7,300,45
2024-08-21,747084,ATL,19:00,27.3,3.8,139,45
2024-08-21,745138,STL,20:00,21.3,2.9,97,71
2024-08-21,746837,CHC,20:00,20.1,7.3,79,54
2024-08-21,746267,KC,20:00,23.5,14.4,90,56
2024-08-21,745622,OAK,22:00,17.1,13.2,235,84
2024-08-21,746110,LAD,22:00,25.3,11.0,212,47
2024-08-22,744815,WSH,13:00,23.3,8.5,324,45
2024-08-22,745705,NYY,13:00,24.5,18.2,300,40
2024-08-22,745137,STL,14:00,24.3,10.0,103,44
2024-08-22,746836,CHC,14:00,22.7,10.8,143,49
2024-08-22,745623,OAK,16:00,19.9,23.0,256,69
2024-08-22,745465,PIT,19:00,22.0,5.3,298,51
2024-08-22,746998,BAL,19:00,23.3,3.4,212,53
2024-08-22,747082,ATL,19:00,27.0,11.2,90,42
2024-08-22,745379,SD,22:00,21.5,12.6,294,78
2024-08-23,745460,PIT,19:00,23.7,4.0,63,51
2024-08-23,746995,BAL,19:00,22.1,6.5,146,61
2024-08-23,745702,NYY,19:00,24.4,11.2,195,50
2024-08-23,746920,BOS,19:00,22.5,11.2,225,60
2024-08-23,746597,CLE,19:00,23.6,10.4,2,59
2024-08-23,747080,ATL,19:00,26.8,8.6,90,39
2024-08-23,745870,MIN,20:00,25.1,5.1,188,69
2024-08-23,746268,KC,20:00,27.2,11.0,109,56
2024-08-23,746758,CWS,20:00,25.6,10.8,184,46
2024-08-23,745378,SD,22:00,20.8,10.8,244,76
2024-08-23,745625,OAK,22:00,17.8,12.4,278,73
2024-08-23,746111,LAD,22:00,22.0,13.5,226,51
2024-08-24,745703,NYY,14:00,29.1,6.9,317,33
2024-08-24,746996,BAL,16:00,27.0,8.2,139,50
2024-08-24,745617,OAK,16:00,22.3,14.7,248,59
2024-08-24,746917,BOS,16:00,27.4,9.4,268,40
2024-08-24,745457,PIT,19:00,26.8,5.4,42,48
2024-08-24,746599,CLE,19:00,25.2,8.0,54,63
2024-08-24,745868,MIN,19:00,29.4,13.3,128,56
2024-08-24,746271,KC,19:00,30.8,18.1,175,63
2024-08-24,746756,CWS,19:00,27.0,15.1,90,68
2024-08-24,747077,ATL,19:00,27.9,4.6,72,43
2024-08-24,745377,SD,21:00,21.2,11.3,253,72
2024-08-24,746108,LAD,21:00,23.8,16.9,232,46
2024-08-25,747078,ATL,12:00,26.9,10.7,76,46
2024-08-25,746918,BOS,14:00,27.7,5.2,102,42
2024-08-25,745459,PIT,14:00,29.7,7.9,286,45
2024-08-25,745706,NYY,14:00,30.0,6.1,273,39
2024-08-25,746595,CLE,14:00,24.8,6.8,342,76
2024-08-25,745863,MIN,14:00,29.0,10.7,147,71
2024-08-25,746263,KC,14:00,33.1,19.2,188,55
2024-08-25,746754,CWS,14:00,32.4,24.1,212,42
2024-08-25,745618,OAK,16:00,26.3,11.2,270,44
2024-08-25,745376,SD,16:00,25.3,19.8,260,47
2024-08-25,746106,LAD,16:00,29.3,9.4,220,33
2024-08-25,746994,BAL,19:00,24.7,11.6,164,61
2024-08-26,746596,CLE,19:00,27.9,6.2,83,63
2024-08-26,745458,PIT,19:00,27.6,3.4,342,66
2024-08-26,745538,PHI,19:00,27.2,3.7,79,63
2024-08-26,744813,WSH,19:00,27.4,8.7,294,69
2024-08-26,746915,BOS,19:00,21.9,1.5,194,86
2024-08-26,745865,MIN,20:00,27.0,5.6,63,83
2024-08-26,745133,STL,20:00,32.5,10.9,174,51
2024-08-26,746753,CWS,20:00,33.6,16.4,199,49
2024-08-26,746513,COL,21:00,28.0,4.1,45,34
2024-08-27,746429,DET,19:00,32.2,16.6,246,59
2024-08-27,746594,CLE,19:00,29.8,5.4,222,64
2024-08-27,746671,CIN,19:00,33.7,2.6,214,44
2024-08-27,745461,PIT,19:00,29.7,4.4,305,57
2024-08-27,745540,PHI,19:00,29.0,9.5,151,49
2024-08-27,744811,WSH,19:00,29.0,11.0,142,49
2024-08-27,746916,BOS,19:00,23.1,9.4,113,81
2024-08-27,745864,MIN,20:00,25.1,6.5,360,72
2024-08-27,745132,STL,20:00,32.6,11.6,202,55
2024-08-27,746755,CWS,17:00,25.4,15.9,62,75
2024-08-27,746510,COL,21:00,28.5,10.7,104,21
2024-08-27,746105,LAD,22:00,22.5,13.3,232,63
2024-08-28,745452,PIT,13:00,30.8,4.0,265,55
2024-08-28,746589,CLE,13:00,24.5,12.2,298,87
2024-08-28,745541,PHI,16:00,36.2,12.8,308,36
2024-08-28,746430,DET,19:00,25.0,3.7,11,81
2024-08-28,746672,CIN,19:00,26.3,6.9,6,81
2024-08-28,744809,WSH,19:00,31.9,8.6,178,57
2024-08-28,746913,BOS,19:00,25.8,14.3,348,59
2024-08-28,745866,MIN,20:00,22.9,8.0,63,71
2024-08-28,745134,STL,20:00,29.8,5.8,30,68
2024-08-28,746752,CWS,20:00,23.3,17.1,46,88
2024-08-28,746512,COL,21:00,30.0,6.1,152,19
2024-08-28,746103,LAD,22:00,20.6,15.1,232,66
2024-08-29,746432,DET,13:00,23.6,6.9,62,81
2024-08-29,746748,CWS,14:00,26.1,11.6,85,68
2024-08-29,745135,STL,14:00,30.3,8.4,250,58
2024-08-29,746514,COL,15:00,28.6,10.8,30,17
2024-08-29,746670,CIN,17:00,33.7,2.7,23,42
2024-08-29,745531,PHI,19:00,24.6,16.8,100,64
2024-08-29,746914,BOS,19:00,18.0,11.6,97,64
2024-08-29,746102,LAD,22:00,20.2,13.6,233,71
2024-08-30,746665,CIN,19:00,31.7,8.2,285,45
2024-08-30,746433,DET,19:00,29.1,16.3,185,64
2024-08-30,745533,PHI,19:00,23.4,13.0,95,71
2024-08-30,744810,WSH,19:00,25.0,9.7,86,77
2024-08-30,745700,NYY,19:00,21.2,14.2,144,71
2024-08-30,746593,CLE,19:00,29.1,15.6,157,70
2024-08-30,745862,MIN,20:00,23.1,11.7,259,59
2024-08-30,746749,CWS,20:00,26.4,9.0,203,79
2024-08-30,746511,COL,21:00,27.4,6.8,155,21
2024-08-30,746184,LAA,22:00,20.4,11.7,223,74
2024-08-30,745299,SF,22:00,16.9,20.9,251,77
2024-08-31,745699,NYY,13:00,25.5,13.8,165,68
2024-08-31,744808,WSH,16:00,28.7,11.3,207,61
2024-08-31,746424,DET,18:00,28.2,11.9,284,39
2024-08-31,746590,CLE,18:00,23.9,5.8,292,73
2024-08-31,745859,MIN,19:00,27.3,17.3,247,55
2024-08-31,746751,CWS,19:00,27.9,10.5,243,40
2024-08-31,745532,PHI,19:00,26.5,6.5,186,66
2024-08-31,746667,CIN,19:00,25.6,6.3,301,69
2024-08-31,746507,COL,20:00,30.2,13.9,59,12
2024-08-31,745296,SF,21:00,17.8,24.4,256,75
2024-08-31,746182,LAA,22:00,23.4,12.0,221,66
2024-09-01,746669,CIN,12:00,26.6,5.6,310,48
2024-09-01,744806,WSH,14:00,27.8,9.5,241,71
2024-09-01,745701,NYY,14:00,27.4,16.7,237,70
2024-09-01,746426,DET,14:00,25.6,18.7,349,46
2024-09-01,746592,CLE,14:00,21.5,20.9,299,78
2024-09-01,745861,MIN,14:00,21.1,11.6,353,43
2024-09-01,746750,CWS,14:00,21.4,32.2,10,56
2024-09-01,746505,COL,15:00,29.8,8.2,67,13
2024-09-01,745292,SF,16:00,19.2,26.4,259,67
2024-09-01,746183,LAA,16:00,29.0,15.8,221,51
2024-09-01,745536,PHI,19:00,27.6,10.0,240,68
2024-09-02,746992,BAL,15:00,25.9,15.5,338,36
2024-09-02,746668,CIN,16:00,24.8,16.6,24,35
2024-09-02,746265,KC,16:00,24.2,12.1,67,41
2024-09-02,745373,SD,19:00,23.8,16.1,231,69
2024-09-02,745619,OAK,19:00,22.1,16.0,256,60
2024-09-02,745779,NYM,19:00,22.6,16.6,336,44
2024-09-02,746833,CHC,20:00,20.0,8.6,57,50
2024-09-03,746991,BAL,19:00,20.6,5.5,148,56
2024-09-03,745778,NYM,19:00,20.2,3.6,354,52
2024-09-03,747079,ATL,19:00,27.5,14.1,86,39
2024-09-03,746264,KC,20:00,24.0,5.8,97,54
2024-09-03,746834,CHC,20:00,20.9,7.1,120,52
2024-09-03,746185,LAA,22:00,25.6,11.2,195,54
2024-09-03,745615,OAK,22:00,24.0,5.8,240,55
2024-09-03,745293,SF,22:00,23.1,20.3,247,51
2024-09-04,746990,BAL,19:00,22.0,9.7,141,49
2024-09-04,746666,CIN,19:00,28.0,8.2,119,43
2024-09-04,745776,NYM,19:00,20.0,7.4,157,54
2024-09-04,747075,ATL,19:00,26.3,12.4,80,39
2024-09-04,746262,KC,20:00,25.6,5.5,148,53
2024-09-04,746835,CHC,20:00,23.4,11.8,113,56
2024-09-04,746178,LAA,22:00,30.9,7.6,183,34
2024-09-04,745370,SD,22:00,24.0,9.1,263,73
2024-09-04,745614,OAK,22:00,19.2,8.5,298,80
2024-09-04,745290,SF,22:00,15.7,19.6,253,96
2024-09-05,746664,CIN,13:00,28.2,3.4,162,51
2024-09-05,745612,OAK,16:00,27.7,6.6,261,35
2024-09-05,745289,SF,16:00,19.1,16.4,251,66
2024-09-05,745451,PIT,19:00,23.8,6.4,128,49
2024-09-05,747073,ATL,19:00,27.3,7.7,37,45
2024-09-05,745369,SD,21:00,27.7,11.9,270,59
2024-09-06,746832,CHC,14:00,18.5,32.6,7,61
2024-09-06,746993,BAL,19:00,22.7,4.7,157,68
2024-09-06,745777,NYM,19:00,22.0,11.1,144,73
2024-09-06,746912,BOS,19:00,18.9,12.4,64,86
2024-09-06,747074,ATL,19:00,21.4,3.5,204,95
2024-09-06,746257,KC,20:00,22.3,12.6,2,40
2024-09-06,745131,STL,20:00,23.4,16.9,1,45
2024-09-06,745611,OAK,22:00,22.2,4.6,252,53
2024-09-06,745371,SD,22:00,23.5,6.2,216,77
2024-09-06,746104,LAD,22:00,32.1,9.5,241,31
2024-09-06,745455,PIT,14:00,19.1,18.4,293,49
2024-09-07,745456,PIT,19:00,15.6,19.0,323,57
2024-09-07,746829,CHC,14:00,15.5,27.7,1,53
2024-09-07,746986,BAL,16:00,19.1,8.9,320,65
2024-09-07,745613,OAK,16:00,24.0,9.1,263,49
2024-09-07,745775,NYM,16:00,23.0,24.1,181,76
2024-09-07,745125,STL,19:00,20.4,15.5,357,33
2024-09-07,746259,KC,19:00,21.6,9.8,82,40
2024-09-07,746911,BOS,19:00,21.0,17.7,197,68
2024-09-07,747076,ATL,19:00,26.0,12.9,342,48
2024-09-07,745372,SD,21:00,29.8,11.3,279,53
2024-09-07,746099,LAD,21:00,34.3,12.5,224,21
2024-09-08,746989,BAL,12:00,19.2,12.3,291,44
2024-09-08,745453,PIT,14:00,19.2,15.6,289,34
2024-09-08,747072,ATL,14:00,26.2,10.4,92,47
2024-09-08,746910,BOS,14:00,20.0,20.3,264,41
2024-09-08,745774,NYM,14:00,20.3,18.3,285,39
2024-09-08,746258,KC,14:00,22.4,6.4,142,35
2024-09-08,745128,STL,14:00,20.9,2.7,67,35
2024-09-08,746827,CHC,14:00,21.2,13.0,275,40
2024-09-08,745616,OAK,16:00,26.6,9.1,261,45
2024-09-08,746098,LAD,16:00,41.4,16.7,205,15
2024-09-08,745368,SD,16:00,32.7,19.4,270,44
2024-09-09,745534,PHI,19:00,21.9,13.8,208,39
2024-09-09,745454,PIT,19:00,20.9,12.2,225,42
2024-09-09,745698,NYY,19:00,21.8,15.4,291,39
2024-09-09,746909,BOS,19:00,19.3,10.7,258,59
2024-09-09,745860,MIN,20:00,23.9,10.5,158,58
2024-09-09,746746,CWS,20:00,24.7,11.8,258,42
2024-09-09,746101,LAD,22:00,35.8,17.4,263,17
2024-09-10,746428,DET,19:00,23.6,11.1,119,65
2024-09-10,745535,PHI,19:00,23.1,6.2,324,50
2024-09-10,745446,PIT,19:00,24.0,7.0,325,53
2024-09-10,744807,WSH,19:00,24.0,6.9,321,54
2024-09-10,745694,NYY,19:00,22.0,6.6,338,48
2024-09-10,746907,BOS,19:00,19.9,11.9,299,48
2024-09-10,745856,MIN,20:00,25.4,11.3,171,53
2024-09-10,746747,CWS,20:00,25.1,13.4,186,33
2024-09-10,745126,STL,20:00,23.9,7.3,110,46
2024-09-10,745291,SF,22:00,13.7,26.0,253,89
2024-09-10,746097,LAD,22:00,22.6,12.2,199,60
2024-09-11,745450,PIT,13:00,26.5,3.6,135,43
2024-09-11,746745,CWS,14:00,28.3,13.6,158,32
2024-09-11,746425,DET,19:00,26.0,9.7,165,47
2024-09-11,745525,PHI,19:00,24.3,5.6,140,54
2024-09-11,744804,WSH,19:00,23.7,6.0,107,55
2024-09-11,745697,NYY,19:00,20.7,10.0,154,64
2024-09-11,746908,BOS,19:00,18.6,11.8,130,58
2024-09-11,745857,MIN,19:00,28.0,8.0,175,47
2024-09-11,745127,STL,20:00,25.9,7.0,69,46
2024-09-11,745285,SF,22:00,18.2,26.7,275,85
2024-09-11,746100,LAD,22:00,22.2,10.9,172,56
2024-09-12,746427,DET,13:00,25.9,15.1,72,58
2024-09-12,745129,STL,13:00,27.0,8.3,85,49
2024-09-12,744805,WSH,19:00,22.6,6.6,99,61
2024-09-12,746591,CLE,19:00,22.8,18.6,41,80
2024-09-12,745695,NYY,19:00,21.0,11.7,169,67
2024-09-12,745288,SF,22:00,17.7,17.8,256,69
2024-09-13,746423,DET,19:00,24.3,17.6,91,53
2024-09-13,745447,PIT,19:00,24.4,7.9,114,52
2024-09-13,745529,PHI,19:00,25.6,5.9,14,47
2024-09-13,744800,WSH,19:00,23.5,7.0,69,64
2024-09-13,745696,NYY,19:00,22.2,12.8,170,62
2024-09-13,746586,CLE,19:00,22.0,21.0,51,76
2024-09-13,747069,ATL,19:00,24.2,18.4,94,76
2024-09-13,746744,CWS,20:00,24.4,15.2,94,62
2024-09-13,745855,MIN,20:00,24.8,12.0,123,55
2024-09-13,746509,COL,21:00,23.0,9.2,321,26
2024-09-13,746181,LAA,22:00,21.1,12.8,212,68
2024-09-13,745286,SF,22:00,15.6,18.5,237,83
2024-09-14,745448,PIT,13:00,26.4,12.0,106,46
2024-09-14,745689,NYY,13:00,28.1,11.9,61,48
2024-09-14,745528,PHI,16:00,29.9,13.8,105,38
2024-09-14,744803,WSH,16:00,28.0,14.2,66,43
2024-09-14,746422,DET,18:00,25.7,19.1,94,51
2024-09-14,746584,CLE,18:00,24.2,20.9,48,74
2024-09-14,745858,MIN,19:00,24.7,12.3,165,68
2024-09-14,746740,CWS,19:00,26.9,14.3,65,60
2024-09-14,747070,ATL,19:00,24.5,18.3,106,69
2024-09-14,746508,COL,20:00,30.8,8.9,111,11
2024-09-14,745284,SF,21:00,14.9,25.7,239,80
2024-09-14,746177,LAA,22:00,21.0,11.7,223,72
2024-09-15,746419,DET,12:00,25.7,11.2,132,54
2024-09-15,745852,MIN,13:00,28.2,17.5,199,57
2024-09-15,745449,PIT,14:00,27.5,14.2,111,36
2024-09-15,745530,PHI,14:00,28.2,16.0,82,43
2024-09-15,744801,WSH,14:00,26.4,14.4,90,53
2024-09-15,745693,NYY,14:00,27.8,15.8,60,42
2024-09-15,746585,CLE,14:00,26.2,7.6,98,59
2024-09-15,746741,CWS,14:00,28.1,14.6,100,48
2024-09-15,746506,COL,15:00,29.4,7.7,79,17
2024-09-15,745287,SF,16:00,18.3,37.1,269,65
2024-09-15,746180,LAA,16:00,25.7,13.8,221,48
2024-09-15,747071,ATL,19:00,25.2,18.2,81,60
2024-09-16,746588,CLE,19:00,23.0,19.9,44,76
2024-09-16,745773,NYM,19:00,19.8,11.0,131,82
2024-09-16,747067,ATL,19:00,25.2,6.6,81,48
2024-09-16,746260,KC,20:00,27.4,11.2,130,53
2024-09-16,746828,CHC,20:00,23.8,8.4,65,64
2024-09-16,745130,STL,20:00,25.6,5.9,11,63
2024-09-16,746502,COL,21:00,24.8,23.2,187,28
2024-09-16,746179,LAA,22:00,19.1,13.4,246,59
2024-09-16,745367,SD,22:00,19.4,18.2,284,63
2024-09-17,746987,BAL,19:00,22.3,8.6,90,80
2024-09-17,746587,CLE,19:00,20.6,18.6,43,83
2024-09-17,746659,CIN,19:00,25.8,4.6,72,40
2024-09-17,745772,NYM,19:00,21.1,10.6,118,76
2024-09-17,746261,KC,20:00,27.4,10.8,143,55
2024-09-17,746830,CHC,20:00,21.9,7.7,37,74
2024-09-17,745122,STL,20:00,25.8,8.0,108,50
2024-09-17,746503,COL,21:00,21.6,1.3,236,43
2024-09-17,746176,LAA,22:00,20.3,8.9,230,58
2024-09-17,745366,SD,22:00,19.3,7.7,242,66
2024-09-18,746831,CHC,14:00,24.8,16.2,86,59
2024-09-18,746500,COL,15:00,25.9,9.4,130,15
2024-09-18,746172,LAA,16:00,25.0,15.5,228,48
2024-09-18,746988,BAL,19:00,23.6,12.4,17,67
2024-09-18,745365,SD,19:00,21.8,17.4,246,58
2024-09-18,746582,CLE,19:00,21.0,16.8,47,80
2024-09-18,746662,CIN,19:00,28.0,6.4,16,50
2024-09-18,745771,NYM,19:00,21.8,12.0,51,69
2024-09-18,746254,KC,20:00,28.0,12.1,163,53
2024-09-18,745121,STL,20:00,25.7,7.7,131,50
2024-09-19,746985,BAL,13:00,27.0,11.7,351,55
2024-09-19,746579,CLE,13:00,21.3,14.8,357,86
2024-09-19,746663,CIN,13:00,30.1,5.4,4,39
2024-09-19,745120,STL,19:00,30.1,6.2,173,46
2024-09-19,745769,NYM,19:00,25.5,10.9,34,44
2024-09-19,746823,CHC,20:00,24.7,16.9,142,58
2024-09-20,746824,CHC,14:00,29.3,18.9,239,59
2024-09-20,746661,CIN,19:00,30.6,8.0,275,38
2024-09-20,746984,BAL,19:00,23.2,5.9,169,67
2024-09-20,746905,BOS,19:00,16.8,21.2,32,82
2024-09-20,745770,NYM,19:00,22.5,12.4,68,63
2024-09-20,746256,KC,20:00,29.0,8.3,92,57
2024-09-20,745123,STL,20:00,29.5,4.2,70,65
2024-09-20,745364,SD,22:00,19.5,11.6,300,71
2024-09-20,745606,OAK,22:00,15.3,8.3,272,87
2024-09-20,746094,LAD,22:00,19.1,12.4,234,66
2024-09-21,746660,CIN,13:00,28.9,1.0,315,58
2024-09-21,746826,CHC,14:00,27.4,12.4,120,44
2024-09-21,746983,BAL,16:00,24.3,12.0,111,75
2024-09-21,745768,NYM,16:00,23.4,16.3,59,49
2024-09-21,746255,KC,17:00,29.0,14.7,158,61
2024-09-21,745124,STL,19:00,29.7,0.7,270,59
2024-09-21,745360,SD,21:00,20.0,15.8,287,75
2024-09-21,745610,OAK,21:00,17.6,10.8,291,75
2024-09-21,746096,LAD,21:00,20.2,14.8,231,68
2024-09-21,746906,BOS,18:00,15.5,17.8,48,78
2024-09-22,746903,BOS,13:00,16.8,19.9,46,75
2024-09-22,746657,CIN,13:00,26.7,16.3,245,65
2024-09-22,746982,BAL,14:00,23.0,8.2,105,65
2024-09-22,746253,KC,14:00,20.8,13.3,2,82
2024-09-22,745118,STL,14:00,24.9,5.6,230,76
2024-09-22,746825,CHC,14:00,21.8,4.8,228,90
2024-09-22,745608,OAK,16:00,25.6,7.6,262,51
2024-09-22,746092,LAD,16:00,26.4,16.7,233,48
2024-09-22,745358,SD,16:00,23.2,21.9,287,66
2024-09-22,745767,NYM,19:00,19.9,8.2,75,58
2024-09-23,745527,PHI,19:00,19.2,8.5,118,58
2024-09-24,746421,DET,13:00,19.9,11.2,111,87
2024-09-24,746581,CLE,19:00,21.2,13.4,188,88
2024-09-24,745526,PHI,19:00,19.7,14.3,100,62
2024-09-24,745441,PIT,19:00,20.2,15.5,155,92
2024-09-24,744802,WSH,19:00,20.5,9.6,124,78
2024-09-24,745688,NYY,19:00,18.9,13.2,119,59
2024-09-24,747068,ATL,19:00,29.2,12.0,221,50
2024-09-24,746743,CWS,20:00,18.3,21.4,343,90
2024-09-24,745851,MIN,20:00,18.3,7.2,323,65
2024-09-24,746504,COL,21:00,19.0,8.0,252,35
2024-09-24,745605,OAK,22:00,17.1,9.9,312,78
2024-09-24,746093,LAD,22:00,17.8,10.1,213,84
2024-09-25,745521,PHI,18:00,20.2,13.2,107,86
2024-09-25,746583,CLE,19:00,21.2,3.2,124,80
2024-09-25,746420,DET,19:00,22.5,7.0,271,63
2024-09-25,745442,PIT,19:00,19.6,5.8,20,95
2024-09-25,744795,WSH,19:00,22.1,11.1,130,91
2024-09-25,745690,NYY,19:00,18.4,14.1,109,74
2024-09-25,746742,CWS,20:00,18.4,9.8,156,79
2024-09-25,745854,MIN,20:00,19.2,8.8,251,66
2024-09-25,746501,COL,21:00,21.8,10.9,63,36
2024-09-25,745607,OAK,22:00,15.5,12.5,263,87
2024-09-25,746095,LAD,22:00,18.1,10.2,211,78
2024-09-25,747064,ATL,13:00,23.4,9.8,250,77
2024-09-26,745443,PIT,13:00,22.1,8.2,119,85
2024-09-26,744796,WSH,13:00,25.3,6.2,197,81
2024-09-26,746415,DET,13:00,21.0,14.0,48,65
2024-09-26,746738,CWS,14:00,21.4,14.9,73,64
2024-09-26,746495,COL,15:00,31.6,13.5,37,15
2024-09-26,745609,OAK,16:00,22.8,9.0,254,60
2024-09-26,745691,NYY,19:00,21.4,10.9,193,95
2024-09-26,745853,MIN,20:00,22.1,8.3,153,57
2024-09-26,746088,LAD,22:00,18.8,9.4,220,72
2024-09-27,746822,CHC,14:00,19.6,35.9,41,72
2024-09-27,746417,DET,19:00,21.0,29.7,54,57
2024-09-27,744797,WSH,19:00,23.5,24.1,110,94
2024-09-27,745692,NYY,19:00,20.4,7.1,84,73
2024-09-27,746580,CLE,19:00,20.1,24.5,63,86
2024-09-27,746904,BOS,19:00,19.4,7.6,239,81
2024-09-27,747065,ATL,19:00,22.2,18.3,199,63
2024-09-27,746494,COL,20:00,26.6,8.9,54,26
2024-09-27,745847,MIN,20:00,22.1,7.2,342,60
2024-09-27,746173,LAA,22:00,19.0,8.1,233,75
2024-09-27,745280,SF,22:00,19.4,17.2,255,68
2024-09-28,745685,NYY,13:00,20.5,23.1,67,72
2024-09-28,746414,DET,13:00,19.7,18.8,56,93
2024-09-28,746819,CHC,14:00,18.7,30.0,9,83
2024-09-28,745281,SF,16:00,17.6,21.8,246,76
2024-09-28,744799,WSH,16:00,28.5,8.7,202,49
2024-09-28,746902,BOS,16:00,18.2,14.6,89,76
2024-09-28,746578,CLE,18:00,22.2,11.4,101,85
2024-09-28,745849,MIN,19:00,26.7,8.3,6,46
2024-09-28,747066,ATL,19:00,21.9,7.6,251,80
2024-09-28,746499,COL,20:00,29.0,12.7,135,16
2024-09-28,746171,LAA,22:00,19.3,11.5,219,68
2024-09-29,745282,SF,15:00,18.1,13.8,234,67
2024-09-29,746901,BOS,15:00,18.4,7.9,93,72
2024-09-29,744798,WSH,15:00,21.5,12.0,43,88
2024-09-29,745686,NYY,15:00,18.3,16.4,58,79
2024-09-29,746174,LAA,15:00,25.0,10.4,214,48
2024-09-29,746496,COL,15:00,31.2,6.6,47,15
2024-09-29,745846,MIN,15:00,26.8,10.3,131,42
2024-09-29,746416,DET,15:00,21.9,20.2,53,77
2024-09-29,746820,CHC,15:00,19.9,27.3,10,76
2024-09-29,747061,ATL,15:00,24.2,13.3,234,62
2025-04-01,778498,CIN,19:00,11.1,10.4,105,58
2025-04-01,778492,NYY,19:00,9.0,9.3,326,45
2025-04-01,778490,CWS,20:00,5.6,18.4,89,80
2025-04-01,778495,STL,20:00,13.2,18.8,122,60
2025-04-01,778485,SD,22:00,13.5,14.9,293,69
2025-04-01,778494,OAK,22:00,10.7,16.9,271,73
2025-04-01,778487,LAD,22:00,14.1,10.5,232,61
2025-04-02,778480,CIN,13:00,23.0,27.6,184,64
2025-04-02,778473,STL,13:00,23.2,26.8,194,75
2025-04-02,778474,CWS,14:00,11.1,19.0,145,91
2025-04-02,778471,OAK,16:00,14.4,10.1,269,55
2025-04-02,778476,SD,16:00,15.1,19.6,281,53
2025-04-02,778483,BAL,19:00,12.4,17.1,147,57
2025-04-02,778482,PHI,19:00,8.5,13.0,127,63
2025-04-02,778484,NYY,19:00,5.6,13.8,132,78
2025-04-02,778472,LAD,21:00,16.4,15.8,251,36
2025-04-03,778470,BAL,13:00,20.8,24.2,222,83
2025-04-03,778467,PHI,13:00,20.9,27.4,220,82
2025-04-03,778462,MIN,16:00,5.2,13.9,290,67
2025-04-03,778466,NYY,19:00,21.7,18.6,231,77
2025-04-04,778458,DET,13:00,8.6,11.3,70,59
2025-04-04,778463,BOS,14:00,18.7,13.9,314,36
2025-04-04,778460,CHC,14:00,5.9,11.6,35,83
2025-04-04,778465,NYM,15:00,19.2,12.9,313,40
2025-04-04,778456,COL,16:00,6.2,12.8,26,59
2025-04-04,778461,PIT,16:00,15.2,5.5,113,57
2025-04-04,778444,SF,17:00,17.7,10.8,275,54
2025-04-04,778457,WSH,19:00,19.9,6.2,10,69
2025-04-04,778459,PHI,19:00,18.1,6.0,16,59
2025-04-04,778464,ATL,19:00,28.9,15.6,163,41
2025-04-04,778455,KC,20:00,9.9,14.8,26,80
2025-04-04,778447,LAA,22:00,18.6,7.5,255,30
2025-04-05,778445,DET,13:00,8.3,10.5,305,88
2025-04-05,778440,MIN,14:00,3.8,16.9,314,40
2025-04-05,778450,CHC,14:00,10.3,12.8,360,66
2025-04-05,778452,WSH,16:00,25.6,12.0,202,67
2025-04-05,778448,PHI,16:00,13.9,5.4,94,77
2025-04-05,778449,PIT,16:00,18.9,11.5,253,86
2025-04-05,778441,KC,16:00,7.9,23.6,11,63
2025-04-05,778446,NYM,19:00,8.4,6.2,83,88
2025-04-05,778451,ATL,19:00,28.9,21.0,192,41
2025-04-05,778442,COL,20:00,4.3,4.2,280,46
2025-04-05,778436,SF,21:00,15.8,13.5,251,58
2025-04-05,778437,LAA,22:00,22.4,8.4,239,18
2025-04-05,778443,BOS,14:00,10.2,7.0,247,89
2025-04-06,778429,WSH,14:00,15.7,15.0,354,76
2025-04-06,778432,BOS,19:00,11.7,5.4,276,72
2025-04-06,778434,PHI,14:00,15.1,12.3,357,65
2025-04-06,778428,PIT,14:00,4.8,8.3,360,68
2025-04-06,778435,NYM,14:00,13.5,9.1,328,71
2025-04-06,778433,DET,14:00,5.3,5.1,32,45
2025-04-06,778422,KC,14:00,9.1,9.7,25,44
2025-04-06,778419,MIN,14:00,10.0,10.6,222,48
2025-04-06,778430,CHC,14:00,5.9,8.8,49,59
2025-04-06,778423,COL,15:00,10.9,5.2,56,27
2025-04-06,778427,SF,16:00,17.3,12.1,255,41
2025-04-06,778425,LAA,16:00,28.0,6.8,245,14
2025-04-06,778431,ATL,13:00,26.7,15.9,86,61
2025-04-07,778424,DET,15:00,4.7,21.9,306,72
2025-04-07,778415,PIT,19:00,11.0,13.2,255,45
2025-04-07,778418,WSH,19:00,9.4,6.0,7,80
2025-04-07,778426,BOS,19:00,2.0,13.3,72,95
2025-04-07,778416,NYM,19:00,6.2,5.8,54,87
2025-04-07,778411,CHC,20:00,0.1,25.6,21,70
2025-04-07,778412,KC,20:00,8.4,12.7,7,47
2025-04-07,778410,SF,22:00,12.7,15.1,255,87
2025-04-07,778414,OAK,22:00,13.3,6.3,267,83
2025-04-08,778403,DET,13:00,1.6,16.9,310,48
2025-04-08,778402,CLE,16:00,0.7,21.1,294,56
2025-04-08,778407,NYM,16:00,5.5,25.8,298,39
2025-04-08,778408,PIT,19:00,1.5,16.2,309,44
2025-04-08,778409,WSH,19:00,5.8,16.0,306,38
2025-04-08,778404,BOS,19:00,1.1,27.0,279,46
2025-04-08,778406,ATL,19:00,12.3,16.2,330,50
2025-04-08,778401,CHC,20:00,1.2,12.2,119,69
2025-04-08,778400,KC,20:00,12.0,15.9,155,52
2025-04-08,778394,COL,21:00,20.5,7.7,336,14
2025-04-08,778397,SF,22:00,14.3,14.6,256,67
2025-04-08,778395,OAK,22:00,14.9,7.0,244,68
2025-04-09,778389,PIT,13:00,6.1,6.8,233,44
2025-04-09,778390,NYM,13:00,5.6,8.1,301,43
2025-04-09,778387,DET,13:00,5.1,11.9,200,42
2025-04-09,778385,CHC,14:00,6.4,18.0,155,57
2025-04-09,778381,OAK,16:00,23.4,6.2,285,52
2025-04-09,778376,SF,16:00,21.7,8.4,277,44
2025-04-09,778392,WSH,16:00,10.2,5.5,191,40
2025-04-09,778391,CLE,18:00,4.7,12.8,56,66
2025-04-09,778386,BOS,19:00,5.3,10.2,260,46
2025-04-09,778393,ATL,19:00,16.8,6.7,110,54
2025-04-09,778388,KC,20:00,20.2,12.5,332,40
2025-04-09,778379,COL,21:00,20.2,16.9,353,11
2025-04-10,778378,CLE,13:00,6.4,5.1,18,88
2025-04-10,778373,KC,14:00,19.5,28.3,320,26
2025-04-10,778371,COL,15:00,18.3,4.6,26,16
2025-04-10,778377,BOS,16:00,5.7,16.5,72,53
2025-04-10,778384,ATL,19:00,14.4,17.5,325,85
2025-04-11,778375,CLE,18:00,4.3,6.8,305,70
2025-04-11,778374,CIN,19:00,8.6,16.3,8,51
2025-04-11,778370,NYY,19:00,6.4,15.3,49,86
2025-04-11,778366,CWS,20:00,6.2,1.6,84,60
2025-04-11,778363,MIN,20:00,10.6,3.0,147,59
2025-04-11,778365,STL,20:00,11.8,7.4,354,59
2025-04-11,778361,SD,22:00,17.3,5.9,225,78
2025-04-11,778358,OAK,22:00,13.7,11.6,227,79
2025-04-11,778356,LAD,22:00,21.2,9.2,220,49
2025-04-11,778372,BAL,13:00,34.9,4.2,173,39
2025-04-12,778348,MIN,14:00,17.1,20.1,163,47
2025-04-12,778347,STL,14:00,14.2,6.1,161,50
2025-04-12,778355,NYY,15:00,5.9,17.0,13,77
2025-04-12,778346,OAK,16:00,17.2,8.1,211,51
2025-04-12,778362,BAL,16:00,10.1,18.9,349,68
2025-04-12,778349,CWS,16:00,12.3,12.2,107,48
2025-04-12,778359,CLE,18:00,5.1,10.7,286,81
2025-04-12,778357,CIN,19:00,12.7,8.6,327,44
2025-04-12,778352,SD,21:00,15.9,8.1,217,81
2025-04-12,778345,LAD,21:00,20.3,10.5,219,55
2025-04-13,778344,BAL,14:00,14.5,20.0,325,47
2025-04-13,778339,NYY,14:00,12.6,19.3,329,53
2025-04-13,778342,CLE,14:00,8.7,8.7,4,61
2025-04-13,778343,CIN,14:00,14.7,13.4,172,47
2025-04-13,778335,MIN,14:00,16.7,6.8,169,61
2025-04-13,778338,CWS,14:00,16.6,20.8,165,39
2025-04-13,778336,STL,14:00,20.0,18.9,152,58
2025-04-13,778333,OAK,16:00,23.8,4.3,2,28
2025-04-13,778330,SD,16:00,18.7,11.3,248,63
2025-04-13,778331,LAD,19:00,22.9,11.6,215,44
2025-04-14,778321,PIT,19:00,20.0,14.0,242,64
2025-04-14,778320,PHI,19:00,16.7,8.4,173,64
2025-04-14,778327,NYY,19:00,12.0,7.6,155,70
2025-04-14,778324,MIN,20:00,7.6,26.5,318,59
2025-04-14,778325,STL,20:00,14.9,13.2,285,54
2025-04-14,778315,SD,22:00,14.7,7.3,279,75
2025-04-14,778326,LAD,22:00,15.4,8.3,229,61
2025-04-15,778314,PIT,19:00,6.7,24.5,290,65
2025-04-15,778316,CIN,19:00,10.3,19.0,292,54
2025-04-15,778313,PHI,19:00,13.3,25.6,274,41
2025-04-15,778317,BAL,19:00,13.1,28.8,288,43
2025-04-15,778312,NYY,19:00,14.0,19.1,266,42
2025-04-15,778307,MIN,20:00,9.4,11.2,327,44
2025-04-15,778309,CWS,20:00,10.1,16.2,319,42
2025-04-15,778308,STL,20:00,13.1,11.0,300,50
2025-04-15,778305,SD,22:00,14.4,7.4,288,66
2025-04-15,778302,LAD,22:00,14.8,10.2,236,53
2025-04-16,778299,MIN,13:00,10.0,16.1,122,45
2025-04-16,778290,STL,13:00,16.7,3.8,135,45
2025-04-16,778288,SD,16:00,17.6,11.4,247,56
2025-04-16,778301,BAL,19:00,12.0,18.6,301,39
2025-04-16,778293,PIT,19:00,7.1,17.0,319,55
2025-04-16,778304,CIN,19:00,12.6,8.0,324,45
2025-04-16,778296,PHI,19:00,10.0,17.3,299,48
2025-04-16,778300,NYY,19:00,8.4,16.2,301,52
2025-04-16,778294,CWS,20:00,4.5,9.2,96,61
2025-04-16,778287,LAD,22:00,15.4,10.8,246,55
2025-04-17,778280,PIT,13:00,11.8,5.7,224,45
2025-04-17,778285,CIN,13:00,15.7,12.6,149,43
2025-04-17,778283,CWS,14:00,19.0,20.7,165,29
2025-04-17,778279,PHI,16:00,15.3,13.2,287,36
2025-04-17,778292,BAL,19:00,14.3,2.7,302,54
2025-04-17,778286,DET,19:00,12.8,13.8,147,53
2025-04-17,778278,NYM,19:00,13.5,7.3,308,42
2025-04-18,778268,CHC,14:00,25.4,23.7,215,54
2025-04-18,778277,DET,19:00,23.1,20.2,214,62
2025-04-18,778271,PIT,19:00,22.9,17.4,214,46
2025-04-18,778274,PHI,19:00,17.1,21.4,178,64
2025-04-18,778276,BAL,19:00,19.9,12.3,162,61
2025-04-18,778270,NYM,19:00,12.0,20.0,178,67
2025-04-18,778275,BOS,19:00,12.7,21.6,203,48
2025-04-18,778284,ATL,19:00,28.3,18.5,181,27
2025-04-18,778260,LAA,22:00,15.2,5.3,215,61
2025-04-18,778266,COL,20:00,15.0,9.2,321,34
2025-04-19,778252,PHI,13:00,23.8,17.9,225,56
2025-04-19,778265,DET,13:00,16.2,15.7,279,83
2025-04-19,778257,CHC,14:00,10.4,7.5,150,79
2025-04-19,778262,BAL,16:00,28.5,15.2,227,46
2025-04-19,778254,PIT,16:00,25.5,26.3,253,52
2025-04-19,778256,NYM,16:00,27.5,18.6,227,41
2025-04-19,778247,COL,16:00,8.3,6.9,141,43
2025-04-19,778264,BOS,16:00,27.2,19.3,226,47
2025-04-19,778267,ATL,19:00,29.1,11.8,204,32
2025-04-19,778243,LAA,22:00,19.8,6.5,268,43
2025-04-20,778250,BAL,14:00,22.2,11.6,4,38
2025-04-20,778242,PIT,14:00,16.6,5.9,52,42
2025-04-20,778249,ATL,14:00,26.5,10.8,165,51
2025-04-20,778245,BOS,14:00,14.6,23.7,312,30
2025-04-20,778248,PHI,14:00,21.4,14.7,349,19
2025-04-20,778246,DET,14:00,10.8,12.8,71,46
2025-04-20,778244,NYM,14:00,18.0,17.6,336,28
2025-04-20,778236,CHC,14:00,10.1,17.8,66,73
2025-04-20,778235,COL,15:00,15.0,4.3,42,31
2025-04-20,778232,LAA,16:00,23.5,6.8,243,42
2025-04-21,778238,BOS,11:00,10.9,6.0,107,38
2025-04-21,778227,CLE,18:00,15.0,21.8,267,68
2025-04-21,778228,DET,19:00,16.7,24.0,267,58
2025-04-21,778225,NYM,19:00,11.1,11.3,158,63
2025-04-21,778233,ATL,19:00,28.3,12.7,218,35
2025-04-21,778226,SF,22:00,15.5,12.2,246,69
2025-04-22,778218,CLE,18:00,9.6,3.6,37,74
2025-04-22,778221,DET,19:00,15.3,10.2,189,47
2025-04-22,778222,WSH,19:00,24.4,11.5,340,31
2025-04-22,778224,BOS,19:00,18.3,11.9,322,81
2025-04-22,778223,NYM,19:00,22.4,2.9,259,46
2025-04-22,778229,ATL,19:00,22.4,1.9,343,69
2025-04-22,778215,KC,20:00,22.4,9.8,166,60
2025-04-22,778220,CHC,20:00,15.8,11.5,209,83
2025-04-22,778216,MIN,20:00,17.7,4.4,232,50
2025-04-22,778211,LAA,22:00,15.4,9.4,203,67
2025-04-22,778210,SF,22:00,12.9,20.8,236,71
2025-04-22,778213,OAK,22:00,13.8,12.1,228,72
2025-04-23,778214,ATL,12:00,23.3,5.1,132,68
2025-04-23,778209,DET,13:00,21.7,4.6,234,54
2025-04-23,778203,NYM,13:00,21.4,1.2,243,24
2025-04-23,778206,CLE,13:00,16.7,12.1,198,54
2025-04-23,778204,WSH,19:00,24.4,6.8,92,15
2025-04-23,778207,BOS,19:00,17.2,8.9,320,48
2025-04-23,778205,CHC,19:00,19.1,10.2,134,73
2025-04-23,778201,MIN,20:00,15.6,11.1,307,45
2025-04-23,778202,LAA,22:00,15.6,9.6,218,64
2025-04-23,778198,SF,22:00,12.0,20.0,257,72
2025-04-23,778197,OAK,22:00,12.0,16.2,241,75
2025-04-23,778195,KC,14:00,22.8,7.3,121,71
2025-04-24,778189,MIN,13:00,10.1,8.9,18,64
2025-04-24,778196,BOS,14:00,18.1,7.8,83,50
2025-04-24,778190,KC,14:00,22.8,7.3,121,71
2025-04-24,778194,SF,16:00,12.7,18.2,258,67
2025-04-24,778193,WSH,19:00,23.4,12.3,155,28
2025-04-24,778191,LAA,21:00,17.2,9.7,202,55
2025-04-24,778192,OAK,22:00,11.2,17.7,260,76
2025-04-25,778182,CHC,14:00,9.7,17.3,2,77
2025-04-25,778183,WSH,19:00,23.2,15.7,195,58
2025-04-25,778185,NYY,19:00,18.2,14.4,152,70
2025-04-25,778187,KC,20:00,18.2,15.2,353,71
2025-04-25,778186,MIN,20:00,12.4,9.6,33,54
2025-04-25,778184,STL,20:00,21.9,12.0,307,73
2025-04-25,778181,COL,21:00,7.5,15.8,345,85
2025-04-25,778172,SD,22:00,15.0,7.7,270,56
2025-04-25,778178,OAK,22:00,12.2,10.7,254,66
2025-04-25,778176,LAD,22:00,14.5,10.6,236,55
2025-04-25,778171,SF,22:00,12.0,9.9,261,66
2025-04-25,778180,DET,18:00,11.9,21.5,346,50
2025-04-25,778179,CLE,13:00,8.0,23.2,318,82
2025-04-26,778169,CLE,18:00,7.9,12.4,346,79
2025-04-26,778168,DET,13:00,10.9,25.0,334,57
2025-04-26,778166,MIN,14:00,13.5,8.4,99,45
2025-04-26,778164,STL,14:00,16.8,9.4,38,56
2025-04-26,778161,COL,15:00,17.1,10.8,15,50
2025-04-26,778173,WSH,16:00,22.7,10.1,299,76
2025-04-26,778159,SF,16:00,14.2,15.9,258,54
2025-04-26,778174,CHC,16:00,8.8,18.8,14,66
2025-04-26,778165,OAK,16:00,15.0,9.5,248,53
2025-04-26,778167,KC,19:00,16.1,13.1,115,70
2025-04-26,778160,SD,21:00,15.3,13.6,263,55
2025-04-26,778163,LAD,21:00,13.8,12.0,234,53
2025-04-26,778170,NYY,14:00,12.9,28.3,315,49
2025-04-27,778153,WSH,14:00,18.1,23.1,320,33
2025-04-27,778156,NYY,14:00,12.9,28.3,315,49
2025-04-27,778157,CLE,14:00,9.0,5.2,316,75
2025-04-27,778155,DET,14:00,16.1,4.5,106,39
2025-04-27,778144,MIN,14:00,17.2,22.7,168,48
2025-04-27,778152,KC,14:00,17.0,17.6,155,84
2025-04-27,778150,STL,14:00,13.7,12.9,98,84
2025-04-27,778148,COL,15:00,24.9,14.1,158,12
2025-04-27,778151,SF,16:00,14.9,11.2,255,64
2025-04-27,778149,OAK,16:00,14.4,6.9,223,69
2025-04-27,778145,LAD,16:00,16.4,9.5,243,50
2025-04-27,778146,SD,16:00,17.6,12.4,272,44
2025-04-27,778158,CHC,19:00,13.6,15.9,106,68
2025-04-28,778138,WSH,16:00,22.6,6.9,211,24
2025-04-28,778139,CLE,18:00,18.1,12.3,165,45
2025-04-28,778140,BAL,19:00,19.6,9.6,128,21
2025-04-28,778141,CIN,19:00,23.7,8.8,178,59
2025-04-28,778137,COL,21:00,12.8,6.7,44,37
2025-04-28,778132,LAD,22:00,16.6,9.3,251,58
2025-04-29,778129,CLE,18:00,15.9,28.3,262,84
2025-04-29,778133,BAL,19:00,27.2,16.2,199,42
2025-04-29,778135,PIT,19:00,20.5,19.8,237,79
2025-04-29,778131,PHI,19:00,25.0,22.1,201,44
2025-04-29,778130,NYM,19:00,17.0,13.7,162,62
2025-04-29,778125,CWS,20:00,15.3,12.3,40,57
2025-04-29,778120,COL,21:00,15.4,12.5,176,31
2025-04-29,778126,SD,22:00,15.3,7.1,261,82
2025-04-29,778134,CIN,13:00,21.5,5.6,180,65
2025-04-30,778119,CIN,19:00,23.1,5.6,105,69
2025-04-30,778102,COL,15:00,20.5,7.9,177,13
2025-04-30,778109,LAD,15:00,20.8,4.2,144,48
2025-04-30,778105,SD,16:00,19.0,10.9,264,63
2025-04-30,778116,CLE,18:00,8.4,11.1,30,73
2025-04-30,778115,BAL,19:00,26.7,8.3,346,22
2025-04-30,778112,PIT,19:00,19.1,3.7,14,47
2025-04-30,778118,PHI,19:00,25.2,10.1,349,16
2025-04-30,778117,NYM,19:00,21.0,11.3,333,23
2025-04-30,778111,CWS,20:00,13.9,10.0,126,66
2025-05-01,778100,PIT,13:00,27.5,11.6,184,50
2025-05-01,778107,CIN,13:00,19.4,22.9,222,90
2025-05-01,778103,NYM,13:00,20.2,11.8,146,24
2025-05-01,778108,CLE,13:00,17.4,21.2,174,79
2025-05-01,778094,CWS,14:00,21.4,22.4,219,72
2025-05-01,778099,PHI,19:00,21.5,14.6,142,56
2025-05-01,778101,LAA,22:00,17.5,8.9,212,62
2025-05-01,778098,SF,22:00,12.4,17.5,241,78
2025-05-02,778087,CIN,18:00,20.7,8.0,211,76
2025-05-02,778090,PIT,19:00,17.9,8.0,239,90
2025-05-02,778086,PHI,19:00,28.5,17.5,217,32
2025-05-02,778093,BAL,19:00,29.8,8.1,197,25
2025-05-02,778088,NYY,19:00,25.8,15.4,187,52
2025-05-02,778089,BOS,19:00,22.6,10.8,213,69
2025-05-02,778092,ATL,19:00,24.5,5.0,71,62
2025-05-02,778079,CWS,20:00,7.9,8.4,62,87
2025-05-02,778084,STL,20:00,16.9,2.4,234,71
2025-05-02,778085,LAA,22:00,16.9,7.9,200,68
2025-05-02,778082,SF,22:00,12.7,20.9,257,81
2025-05-03,778074,NYY,13:00,27.4,14.2,171,48
2025-05-03,778066,CWS,14:00,8.7,22.1,10,79
2025-05-03,778065,PIT,16:00,18.4,9.3,216,86
2025-05-03,778069,SF,16:00,16.3,19.0,265,60
2025-05-03,778073,BOS,16:00,25.9,18.4,192,56
2025-05-03,778078,PHI,18:00,22.8,13.0,248,73
2025-05-03,778077,CIN,19:00,13.2,15.4,35,89
2025-05-03,778072,BAL,19:00,20.5,9.6,293,84
2025-05-03,778076,ATL,19:00,18.0,10.9,213,82
2025-05-03,778067,LAA,22:00,16.2,7.8,176,71
2025-05-03,778068,STL,18:00,14.9,10.5,335,56
2025-05-04,778053,STL,13:00,14.9,15.8,353,59
2025-05-04,778062,BAL,14:00,20.7,13.8,156,86
2025-05-04,778051,PIT,14:00,19.6,5.4,244,67
2025-05-04,778063,BOS,14:00,22.1,22.5,211,63
2025-05-04,778057,NYY,14:00,19.6,9.6,157,84
2025-05-04,778059,PHI,14:00,20.1,17.4,166,82
2025-05-04,778055,CWS,14:00,9.5,17.1,359,71
2025-05-04,778048,SF,16:00,18.1,16.3,250,49
2025-05-04,778050,LAA,16:00,18.7,5.8,176,57
2025-05-04,778058,CIN,16:00,15.7,13.3,183,62
2025-05-04,778060,ATL,19:00,17.5,13.5,293,52
2025-05-05,778045,NYY,19:00,15.2,9.1,83,98
2025-05-05,778049,ATL,19:00,18.8,8.8,265,47
2025-05-05,778044,CHC,20:00,11.6,9.2,360,88
2025-05-05,778043,KC,20:00,19.9,11.4,66,54
2025-05-05,778036,STL,20:00,14.9,4.7,263,71
2025-05-05,778038,OAK,22:00,24.2,9.2,263,38
2025-05-05,778046,WSH,16:00,21.4,17.5,255,49
2025-05-06,778026,WSH,16:00,21.4,17.5,255,49
2025-05-06,778037,BOS,19:00,18.4,11.4,143,89
2025-05-06,778041,NYY,19:00,16.7,7.4,176,84
2025-05-06,778034,ATL,19:00,23.1,10.6,336,45
2025-05-06,778027,CHC,20:00,19.8,5.6,21,62
2025-05-06,778028,MIN,20:00,27.5,2.1,160,17
2025-05-06,778033,KC,20:00,20.9,7.4,103,59
2025-05-06,778030,STL,20:00,19.2,0.8,63,66
2025-05-06,778025,LAA,22:00,16.6,6.7,196,70
2025-05-06,778024,OAK,22:00,14.3,11.0,267,82
2025-05-06,778029,COL,15:00,16.9,2.7,86,45
2025-05-07,778022,WSH,12:00,20.1,12.7,300,60
2025-05-07,778016,STL,13:00,20.7,15.2,85,53
2025-05-07,778020,CHC,14:00,11.6,15.9,10,76
2025-05-07,778010,OAK,16:00,18.7,11.3,241,57
2025-05-07,778018,BOS,19:00,19.7,10.6,227,61
2025-05-07,778019,NYY,19:00,19.5,7.0,206,72
2025-05-07,778023,ATL,19:00,22.2,9.4,116,68
2025-05-07,778011,MIN,20:00,19.0,17.1,58,36
2025-05-07,778012,KC,20:00,18.4,7.7,74,71
2025-05-07,778013,COL,21:00,10.4,3.1,234,76
2025-05-07,778009,LAA,22:00,19.3,5.6,209,61
2025-05-08,778007,MIN,13:00,17.3,9.7,86,32
2025-05-08,778006,BOS,14:00,20.5,9.2,92,68
2025-05-08,778008,KC,14:00,21.7,10.1,39,59
2025-05-08,778004,COL,15:00,16.9,2.7,86,45
2025-05-08,778003,ATL,19:00,24.2,11.6,213,65
2025-05-08,778000,LAA,22:00,22.9,4.2,200,52
2025-05-09,777996,DET,19:00,15.9,8.1,17,41
2025-05-09,777998,PIT,19:00,12.6,16.4,336,47
2025-05-09,777995,WSH,19:00,14.6,13.6,338,69
2025-05-09,778001,NYM,19:00,15.5,9.5,321,92
2025-05-09,777997,CLE,19:00,12.1,10.8,300,63
2025-05-09,777990,KC,20:00,20.4,9.8,31,41
2025-05-09,777991,CWS,20:00,14.1,3.7,67,24
2025-05-09,777992,MIN,20:00,27.2,4.5,286,30
2025-05-09,777993,COL,21:00,20.0,1.6,270,50
2025-05-09,777986,LAA,22:00,30.3,5.0,199,29
2025-05-09,777994,OAK,22:00,23.9,6.5,247,45
2025-05-10,777980,WSH,16:00,21.0,11.0,308,40
2025-05-10,777985,PIT,16:00,21.6,9.4,272,34
2025-05-10,777972,OAK,16:00,25.1,9.6,240,36
2025-05-10,777987,DET,18:00,21.8,16.4,31,48
2025-05-10,777983,CLE,18:00,19.2,8.3,266,54
2025-05-10,777977,KC,19:00,25.6,6.1,56,29
2025-05-10,777978,CWS,19:00,10.8,16.0,7,59
2025-05-10,777982,NYM,19:00,18.8,11.4,291,47
2025-05-10,777974,MIN,19:00,23.5,11.2,111,21
2025-05-10,777976,COL,20:00,24.3,0.7,256,19
2025-05-10,777973,LAA,22:00,32.3,5.9,192,24
2025-05-11,777968,NYM,12:00,22.2,11.3,333,42
2025-05-11,777962,WSH,14:00,26.1,1.7,283,35
2025-05-11,777967,PIT,14:00,23.1,7.0,35,44
2025-05-11,777969,DET,14:00,16.7,12.1,80,43
2025-05-11,777965,KC,14:00,26.8,11.4,74,29
2025-05-11,777956,MIN,14:00,30.2,20.1,190,21
2025-05-11,777966,CWS,14:00,17.4,9.9,38,43
2025-05-11,777955,COL,15:00,27.7,1.6,84,14
2025-05-11,777957,OAK,16:00,15.9,19.3,259,61
2025-05-11,777961,LAA,16:00,32.4,10.8,222,25
2025-05-11,777971,CLE,19:00,12.5,18.1,46,74
2025-05-12,777960,CLE,18:00,21.1,9.2,149,72
2025-05-12,777951,DET,19:00,22.6,13.9,123,48
2025-05-12,777953,PHI,19:00,24.5,16.4,185,48
2025-05-12,777950,NYM,19:00,16.3,5.8,166,70
2025-05-12,777959,ATL,19:00,22.8,12.0,171,67
2025-05-12,777952,CHC,20:00,16.4,3.8,5,57
2025-05-12,777947,SD,22:00,16.7,9.9,286,69
2025-05-12,777939,SF,22:00,13.5,20.7,257,73
2025-05-13,777944,CLE,18:00,18.3,12.6,119,90
2025-05-13,777940,DET,19:00,19.3,13.7,89,79
2025-05-13,777945,CIN,19:00,20.0,4.8,193,82
2025-05-13,777943,NYM,19:00,16.6,7.8,109,88
2025-05-13,777942,ATL,19:00,20.5,6.9,290,78
2025-05-13,777936,CHC,20:00,13.0,7.7,37,94
2025-05-13,777932,SD,22:00,16.3,9.4,272,60
2025-05-13,777930,SF,22:00,15.7,14.7,258,67
2025-05-13,777937,LAD,22:00,17.8,10.5,233,48
2025-05-13,777938,BAL,12:00,19.8,14.2,102,84
2025-05-13,777933,PHI,18:00,19.7,10.9,114,89
2025-05-14,777924,BAL,12:00,19.8,14.2,102,84
2025-05-14,777922,PHI,13:00,19.2,20.7,93,82
2025-05-14,777925,CLE,13:00,20.2,9.0,174,76
2025-05-14,777916,SF,16:00,17.6,14.1,255,54
2025-05-14,777927,DET,19:00,23.0,12.5,152,63
2025-05-14,777919,NYM,19:00,16.2,14.9,120,90
2025-05-14,777928,CIN,19:00,22.1,11.3,182,75
2025-05-14,777929,ATL,19:00,26.0,10.3,218,58
2025-05-14,777921,CHC,20:00,13.5,6.2,80,93
2025-05-14,777914,SD,22:00,17.2,8.8,255,76
2025-05-14,777917,LAD,22:00,20.1,7.2,235,35
2025-05-15,777909,ATL,12:00,25.6,16.7,237,62
2025-05-15,777911,BAL,13:00,22.9,3.6,177,75
2025-05-15,777912,CIN,13:00,26.6,14.1,194,68
2025-05-15,777946,LAD,22:00,18.8,9.2,222,56
2025-05-16,777900,CHC,14:00,28.1,22.2,183,28
2025-05-16,777902,CIN,17:00,24.5,18.6,210,78
2025-05-16,777905,PHI,19:00,24.5,7.0,190,86
2025-05-16,777907,BAL,19:00,26.4,4.0,201,78
2025-05-16,777904,NYY,19:00,18.0,9.4,144,95
2025-05-16,777908,BOS,19:00,22.3,11.6,187,79
2025-05-16,777901,KC,20:00,23.9,24.9,299,29
2025-05-16,777896,SD,22:00,16.0,5.4,236,71
2025-05-16,777899,LAD,22:00,16.8,9.5,224,68
2025-05-16,777891,SF,22:00,14.0,17.5,240,72
2025-05-17,777888,NYY,13:00,23.3,15.1,165,75
2025-05-17,777881,CHC,14:00,16.2,23.8,268,58
2025-05-17,777890,BAL,16:00,28.3,21.0,255,41
2025-05-17,777894,PHI,18:00,27.0,18.7,250,47
2025-05-17,777892,CIN,19:00,19.5,18.3,276,59
2025-05-17,777885,KC,19:00,25.6,7.7,342,25
2025-05-17,777893,BOS,19:00,20.6,18.4,197,83
2025-05-17,777875,SD,21:00,15.5,13.0,232,77
2025-05-17,777879,SF,21:00,15.7,20.7,269,63
2025-05-17,777884,LAD,21:00,15.3,7.5,226,73
2025-05-18,777873,BAL,14:00,23.4,24.8,276,43
2025-05-18,777880,PHI,14:00,23.9,25.5,283,39
2025-05-18,777876,BOS,14:00,19.4,24.3,272,57
2025-05-18,777874,CIN,14:00,21.1,8.1,301,53
2025-05-18,777864,KC,14:00,26.5,16.0,92,27
2025-05-18,777872,CHC,14:00,12.4,11.7,75,74
2025-05-18,777867,SF,16:00,20.1,16.4,261,46
2025-05-18,777866,LAD,16:00,24.4,10.3,209,34
2025-05-18,777868,SD,16:00,18.4,10.2,238,65
2025-05-18,777878,NYY,19:00,20.8,16.2,293,57
2025-05-19,777859,PIT,19:00,16.1,13.9,343,54
2025-05-19,777856,BOS,19:00,12.3,19.1,335,60
2025-05-19,777857,CWS,20:00,10.0,10.8,24,79
2025-05-19,777862,STL,20:00,22.9,17.1,125,80
2025-05-19,777852,COL,21:00,16.6,8.8,316,22
2025-05-19,777855,SF,22:00,17.5,21.3,282,60
2025-05-19,777853,OAK,22:00,19.3,9.6,229,59
2025-05-19,777854,LAD,22:00,22.9,3.6,221,41
2025-05-20,777847,PIT,19:00,16.4,9.8,58,58
2025-05-20,777851,BOS,19:00,10.7,8.5,86,81
2025-05-20,777841,WSH,19:00,20.1,1.4,67,45
2025-05-20,777849,NYY,19:00,16.3,11.2,33,51
2025-05-20,777846,CWS,20:00,12.8,20.4,96,90
2025-05-20,777840,STL,20:00,22.5,16.6,272,67
2025-05-20,777842,COL,21:00,20.3,12.0,277,12
2025-05-20,777836,SF,22:00,17.1,11.5,250,56
2025-05-20,777843,OAK,22:00,16.1,8.0,203,64
2025-05-20,777838,LAD,22:00,26.7,7.3,232,29
2025-05-20,777839,MIN,14:00,21.6,7.7,191,65
2025-05-21,777834,PIT,13:00,21.8,10.5,200,67
2025-05-21,777827,STL,13:00,18.6,26.6,292,51
2025-05-21,777830,CWS,14:00,11.3,12.7,329,85
2025-05-21,777819,SF,16:00,19.6,16.7,248,49
2025-05-21,777829,MIN,16:00,9.4,8.3,74,84
2025-05-21,777831,BOS,19:00,9.1,18.9,89,76
2025-05-21,777835,NYY,19:00,11.3,16.1,100,70
2025-05-21,777823,COL,21:00,24.0,11.8,348,10
2025-05-21,777828,OAK,22:00,16.8,9.4,220,63
2025-05-21,777824,LAD,22:00,25.8,7.5,207,32
2025-05-21,777825,WSH,13:00,22.6,18.8,43,56
2025-05-22,777818,NYY,13:00,11.8,17.9,54,79
2025-05-22,777817,COL,15:00,21.4,6.4,352,28
2025-05-22,777812,OAK,16:00,21.1,16.9,246,44
2025-05-22,777821,DET,19:00,11.4,15.2,318,78
2025-05-22,777814,PIT,19:00,10.7,17.7,282,91
2025-05-22,777820,WSH,19:00,15.6,8.1,301,75
2025-05-22,777815,BOS,14:00,13.6,9.6,287,63
2025-05-23,777811,CIN,19:00,16.8,12.6,283,51
2025-05-23,777806,PIT,19:00,11.8,18.1,295,59
2025-05-23,777801,WSH,19:00,16.5,16.6,294,51
2025-05-23,777807,DET,19:00,12.2,18.2,309,64
2025-05-23,777808,NYM,19:00,14.5,2.2,246,70
2025-05-23,777813,ATL,19:00,25.4,14.5,300,36
2025-05-23,777805,CWS,20:00,10.7,7.8,77,70
2025-05-23,777799,MIN,20:00,15.7,4.2,65,45
2025-05-23,777797,STL,20:00,19.3,4.0,170,52
2025-05-23,777802,COL,21:00,25.7,12.3,4,26
2025-05-23,777798,LAA,22:00,19.1,8.1,208,69
2025-05-23,777804,OAK,22:00,13.4,12.0,230,78
2025-05-24,777809,BOS,13:00,13.8,13.5,293,67
2025-05-24,777790,BOS,19:00,13.1,14.0,305,64
2025-05-24,777788,MIN,14:00,16.9,2.3,108,42
2025-05-24,777786,STL,14:00,20.5,11.5,131,55
2025-05-24,777793,WSH,16:00,19.1,19.9,305,41
2025-05-24,777794,PIT,16:00,16.1,18.0,297,48
2025-05-24,777791,CIN,16:00,19.5,9.2,318,41
2025-05-24,777803,ATL,16:00,27.5,4.7,353,41
2025-05-24,777792,CWS,16:00,13.8,10.7,63,60
2025-05-24,777782,COL,16:00,22.8,4.5,360,47
2025-05-24,777796,DET,19:00,15.4,16.5,316,49
2025-05-24,777789,NYM,19:00,15.5,14.4,296,63
2025-05-24,777784,OAK,22:00,13.3,18.6,232,77
2025-05-24,777781,LAA,22:00,18.5,6.8,209,64
2025-05-25,777780,DET,12:00,16.8,13.7,316,41
2025-05-25,777785,BOS,14:00,15.7,13.9,313,53
2025-05-25,777778,WSH,14:00,20.5,13.8,307,40
2025-05-25,777776,PIT,14:00,16.5,11.7,313,47
2025-05-25,777779,CIN,14:00,20.3,8.1,47,45
2025-05-25,777772,MIN,14:00,19.6,4.1,75,32
2025-05-25,777777,CWS,14:00,13.8,8.7,53,63
2025-05-25,777766,STL,14:00,16.9,12.5,72,77
2025-05-25,777768,COL,15:00,16.4,7.1,142,62
2025-05-25,777765,OAK,16:00,17.1,18.6,247,59
2025-05-25,777767,LAA,16:00,23.7,9.1,231,48
2025-05-25,777783,ATL,16:00,27.6,5.2,239,51
2025-05-25,777773,NYM,19:00,17.3,9.7,292,56
2025-05-26,777770,DET,13:00,20.1,10.7,63,36
2025-05-26,777757,CHC,14:00,12.7,12.9,16,71
2025-05-26,777771,BAL,15:00,23.2,8.3,49,29
2025-05-26,777760,KC,16:00,15.7,16.3,80,81
2025-05-26,777758,NYM,16:00,21.3,9.4,8,40
2025-05-26,777769,CLE,18:00,15.9,11.5,14,60
2025-05-26,777756,SD,21:00,18.3,7.8,236,69
2025-05-26,777763,LAA,22:00,18.9,7.6,199,68
2025-05-27,777753,CLE,18:00,16.9,20.3,125,69
2025-05-27,777754,BAL,19:00,16.5,6.8,145,77
2025-05-27,777755,DET,19:00,19.5,18.0,90,53
2025-05-27,777748,PHI,19:00,19.8,11.6,198,44
2025-05-27,777749,NYM,19:00,17.2,8.3,162,62
2025-05-27,777750,KC,20:00,16.3,6.7,344,87
2025-05-27,777751,CHC,20:00,12.1,17.3,355,75
2025-05-27,777745,LAA,22:00,18.7,9.3,212,70
2025-05-27,777742,SD,22:00,16.7,7.6,236,76
2025-05-28,777739,CLE,13:00,15.3,5.7,127,85
2025-05-28,777738,DET,13:00,14.1,17.0,77,76
2025-05-28,777737,NYM,13:00,16.9,11.9,181,45
2025-05-28,777726,SD,16:00,20.3,14.8,243,61
2025-05-28,777740,BAL,19:00,14.8,14.7,53,97
2025-05-28,777733,KC,20:00,20.4,3.9,16,55
2025-05-28,777731,CHC,20:00,12.2,10.3,4,83
2025-05-28,777728,LAA,22:00,17.8,7.2,212,70
2025-05-28,777735,PHI,13:00,20.1,7.1,286,74
2025-05-29,777723,PHI,19:00,21.7,6.8,273,69
2025-05-30,777712,CHC,14:00,23.1,5.7,316,39
2025-05-30,777720,BAL,17:00,22.4,10.0,129,72
2025-05-30,777715,PHI,19:00,22.4,5.8,182,75
2025-05-30,777721,CLE,19:00,18.5,13.4,252,67
2025-05-30,777718,NYM,19:00,18.0,6.2,150,92
2025-05-30,777719,ATL,19:00,22.0,18.0,299,62
2025-05-30,777711,KC,20:00,23.1,7.8,296,52
2025-05-30,777707,SD,22:00,18.4,6.2,232,80
2025-05-30,777708,LAD,22:00,26.2,10.6,195,43
2025-05-31,777704,CHC,14:00,11.4,16.7,11,57
2025-05-31,777699,BAL,16:00,18.0,20.5,269,66
2025-05-31,777702,PHI,16:00,20.3,21.2,277,52
2025-05-31,777703,CLE,16:00,11.6,19.4,310,65
2025-05-31,777694,KC,16:00,27.5,14.3,260,50
2025-05-31,777700,NYM,16:00,19.3,13.9,270,65
2025-05-31,777706,ATL,16:00,25.5,21.9,301,44
2025-05-31,777698,LAD,19:00,30.2,11.8,232,34
2025-05-31,777691,SD,22:00,22.8,2.7,274,63
2025-06-01,777692,ATL,14:00,25.6,10.8,288,47
2025-06-01,777684,BAL,14:00,19.9,18.2,272,39
2025-06-01,777688,PHI,14:00,19.5,20.4,273,36
2025-06-01,777683,CLE,14:00,12.7,16.0,287,68
2025-06-01,777686,NYM,14:00,18.3,19.3,278,39
2025-06-01,777677,KC,14:00,28.7,4.1,49,39
2025-06-01,777687,CHC,14:00,14.1,12.2,65,47
2025-06-01,777681,SD,17:00,23.6,11.8,279,68
2025-06-01,777682,LAD,19:00,25.4,14.8,226,44
2025-06-02,777670,BOS,19:00,18.3,12.4,234,54
2025-06-02,777671,CIN,19:00,23.7,6.2,224,40
2025-06-02,777674,CWS,20:00,27.8,16.9,181,30
2025-06-02,777676,SF,22:00,15.0,16.7,258,74
2025-06-02,777669,OAK,22:00,16.1,12.5,263,71
2025-06-02,777675,LAD,22:00,19.9,9.1,221,62
2025-06-03,777663,PIT,19:00,24.2,7.5,170,51
2025-06-03,777659,WSH,19:00,24.4,6.7,182,54
2025-06-03,777664,NYY,19:00,22.8,10.6,166,33
2025-06-03,777667,BOS,19:00,20.9,3.4,133,72
2025-06-03,777668,CIN,19:00,29.0,11.4,198,45
2025-06-03,777672,ATL,19:00,27.9,12.2,158,46
2025-06-03,777661,CWS,20:00,30.0,25.0,195,41
2025-06-03,777660,STL,20:00,29.3,24.3,174,46
2025-06-03,777656,SF,22:00,14.6,16.9,258,80
2025-06-03,777658,OAK,22:00,17.2,11.4,275,68
2025-06-03,777657,LAD,22:00,18.1,8.5,216,78
2025-06-04,777647,CIN,13:00,28.7,17.3,223,46
2025-06-04,777649,BOS,14:00,27.7,14.5,226,42
2025-06-04,777648,PIT,19:00,27.6,10.5,186,53
2025-06-04,777650,WSH,19:00,27.1,12.9,167,59
2025-06-04,777653,NYY,19:00,23.9,11.5,153,51
2025-06-04,777654,ATL,19:00,22.3,16.4,116,84
2025-06-04,777639,CWS,20:00,13.1,10.4,37,96
2025-06-04,777641,SF,22:00,14.6,17.9,246,79
2025-06-04,777638,LAD,22:00,17.8,8.3,229,76
2025-06-04,777642,STL,14:00,22.3,6.3,355,79
2025-06-05,777640,ATL,12:00,23.5,2.4,132,78
2025-06-05,777635,STL,20:00,22.9,6.6,21,78
2025-06-05,777634,CWS,14:00,16.7,11.4,16,85
2025-06-05,777636,OAK,16:00,20.6,14.6,256,55
2025-06-05,777633,SF,16:00,17.7,19.3,240,63
2025-06-05,777631,LAD,16:00,22.2,9.2,223,57
2025-06-05,777630,PIT,19:00,22.4,4.5,34,87
2025-06-05,777632,WSH,19:00,26.8,12.8,180,62
2025-06-05,777644,NYY,19:00,28.4,8.3,153,51
2025-06-06,777621,PIT,19:00,20.9,1.9,292,90
2025-06-06,777624,WSH,19:00,26.4,8.4,124,65
2025-06-06,777627,NYY,19:00,25.7,13.6,20,63
2025-06-06,777623,CIN,14:00,25.3,1.5,21,61
2025-06-06,777626,DET,19:00,21.0,12.9,57,69
2025-06-06,777622,CLE,19:00,15.4,6.5,357,94
2025-06-06,777618,CWS,20:00,16.2,8.7,7,69
2025-06-06,777615,MIN,20:00,21.4,4.6,45,54
2025-06-06,777620,STL,20:00,21.5,14.1,4,94
2025-06-06,777616,COL,21:00,16.0,5.6,97,72
2025-06-06,777614,LAA,22:00,19.2,8.4,214,69
2025-06-06,777613,OAK,22:00,17.1,12.5,274,74
2025-06-06,777619,SF,22:00,15.3,17.6,262,81
2025-06-07,777609,DET,13:00,22.7,13.7,50,53
2025-06-07,777600,MIN,14:00,24.8,13.4,154,50
2025-06-07,777601,STL,14:00,22.4,11.1,133,79
2025-06-07,777610,WSH,16:00,28.3,7.7,307,53
2025-06-07,777607,PIT,16:00,25.7,9.7,1,47
2025-06-07,777598,SF,16:00,16.1,18.0,262,74
2025-06-07,777612,CIN,16:00,26.3,2.1,250,59
2025-06-07,777608,CLE,16:00,18.4,12.3,4,75
2025-06-07,777606,CWS,16:00,20.5,9.5,32,65
2025-06-07,777605,NYY,20:00,21.1,8.3,340,84
2025-06-07,777603,LAA,22:00,19.5,8.2,209,67
2025-06-07,777604,COL,22:00,21.7,3.6,147,60
2025-06-07,777599,OAK,22:00,15.0,14.9,258,81
2025-06-08,777596,WSH,14:00,24.7,12.9,102,73
2025-06-08,777595,PIT,14:00,21.4,14.9,169,85
2025-06-08,777602,CIN,14:00,23.9,14.1,286,70
2025-06-08,777594,DET,14:00,20.1,9.4,87,66
2025-06-08,777591,CLE,14:00,18.2,5.0,69,89
2025-06-08,777585,MIN,14:00,20.4,25.1,265,41
2025-06-08,777590,CWS,14:00,23.7,9.2,169,59
2025-06-08,777582,STL,14:00,25.5,8.4,254,61
2025-06-08,777583,COL,15:00,19.5,1.7,18,57
2025-06-08,777588,OAK,16:00,18.5,15.4,252,64
2025-06-08,777587,SF,16:00,15.2,20.1,254,75
2025-06-08,777589,LAA,16:00,23.5,7.4,241,55
2025-06-08,777593,NYY,19:00,18.6,11.0,115,82
2025-06-09,777580,CLE,19:00,21.2,7.3,224,66
2025-06-09,777574,PIT,19:00,20.4,6.5,188,92
2025-06-09,777578,PHI,19:00,23.5,8.1,91,77
2025-06-09,777584,BOS,19:00,14.4,12.3,72,90
2025-06-09,777581,STL,20:00,23.7,12.6,295,53
2025-06-09,777576,LAA,22:00,19.9,6.9,210,67
2025-06-09,777579,SD,22:00,17.7,5.6,268,78
2025-06-10,777573,BAL,19:00,27.4,7.5,280,43
2025-06-10,777569,CLE,19:00,20.5,16.8,228,58
2025-06-10,777566,PIT,19:00,21.3,11.2,298,54
2025-06-10,777571,PHI,19:00,25.6,10.0,255,57
2025-06-10,777570,NYM,19:00,23.2,9.3,223,80
2025-06-10,777565,BOS,19:00,16.4,3.9,242,94
2025-06-10,777557,MIN,20:00,27.2,13.1,213,39
2025-06-10,777572,KC,20:00,26.5,3.4,198,51
2025-06-10,777558,STL,20:00,24.3,4.1,285,61
2025-06-10,777563,COL,21:00,28.2,13.0,182,19
2025-06-10,777564,LAA,22:00,20.3,9.0,200,69
2025-06-10,777560,SD,22:00,18.0,7.2,242,76
2025-06-11,777552,PIT,13:00,24.7,12.0,226,49
2025-06-11,777553,PHI,13:00,27.3,8.6,244,41
2025-06-11,777549,CLE,13:00,22.7,13.9,267,67
2025-06-11,777545,STL,14:00,28.1,9.4,167,51
2025-06-11,777542,LAA,16:00,25.5,7.9,240,51
2025-06-11,777543,SD,16:00,21.7,11.0,251,63
2025-06-11,777562,BAL,19:00,29.0,1.6,354,34
2025-06-11,777555,NYM,19:00,24.4,4.6,132,62
2025-06-11,777561,BOS,19:00,23.6,13.9,245,63
2025-06-11,777556,MIN,20:00,20.6,8.3,33,54
2025-06-11,777551,KC,20:00,27.8,10.2,189,63
2025-06-11,777547,COL,21:00,28.4,6.8,155,19
2025-06-12,777544,NYM,13:00,33.2,8.6,280,27
2025-06-12,777533,MIN,13:00,21.5,14.6,85,56
2025-06-12,777534,COL,15:00,30.7,7.6,205,14
2025-06-12,777540,BAL,19:00,34.0,7.0,269,24
2025-06-12,777536,KC,20:00,24.0,10.2,122,73
2025-06-12,777541,CHC,20:00,16.8,11.0,5,79
2025-06-13,777526,CHC,14:00,20.1,5.7,81,82
2025-06-13,777531,PHI,19:00,26.5,10.9,107,48
2025-06-13,777530,WSH,19:00,28.8,8.8,203,59
2025-06-13,777539,BAL,19:00,28.7,11.9,120,57
2025-06-13,777538,DET,19:00,18.2,11.5,29,76
2025-06-13,777528,NYM,19:00,24.0,10.4,146,42
2025-06-13,777537,BOS,19:00,18.1,10.0,96,62
2025-06-13,777535,ATL,19:00,27.5,7.6,126,72
2025-06-13,777529,KC,20:00,23.9,7.2,102,78
2025-06-13,777522,LAD,22:00,21.4,9.5,216,61
2025-06-14,777514,WSH,13:00,27.9,5.7,336,67
2025-06-14,777517,DET,13:00,20.3,15.1,58,62
2025-06-14,777513,CHC,14:00,18.0,10.4,23,74
2025-06-14,777519,BAL,16:00,27.4,10.3,96,64
2025-06-14,777509,PHI,16:00,21.7,10.4,54,75
2025-06-14,777511,KC,16:00,29.1,11.2,125,57
2025-06-14,777518,NYM,16:00,18.1,13.5,45,78
2025-06-14,777523,ATL,16:00,25.7,13.0,280,80
2025-06-14,777516,BOS,19:00,13.9,10.4,73,80
2025-06-14,777506,LAD,22:00,23.5,9.8,226,56
2025-06-15,777505,DET,12:00,22.9,13.4,50,53
2025-06-15,777501,BAL,14:00,20.9,10.1,87,77
2025-06-15,777499,PHI,14:00,19.6,11.4,72,77
2025-06-15,777504,ATL,14:00,28.6,10.2,262,65
2025-06-15,777503,WSH,14:00,22.0,9.8,77,80
2025-06-15,777500,BOS,14:00,16.2,8.8,89,64
2025-06-15,777502,NYM,14:00,18.3,6.0,100,77
2025-06-15,777496,KC,14:00,28.6,10.0,105,57
2025-06-15,777497,CHC,14:00,20.9,8.2,52,72
2025-06-15,777498,LAD,19:00,31.3,12.1,228,29
2025-06-16,777488,WSH,19:00,21.3,5.1,72,88
2025-06-16,777487,NYY,19:00,19.7,7.7,120,82
2025-06-16,777485,OAK,22:00,15.9,12.0,223,64
2025-06-16,777490,LAD,22:00,26.0,7.2,205,40
2025-06-17,777475,DET,19:00,28.8,15.5,184,57
2025-06-17,777480,WSH,19:00,26.7,5.4,178,78
2025-06-17,777476,NYY,19:00,20.0,6.5,146,90
2025-06-17,777478,CIN,19:00,24.6,7.6,218,84
2025-06-17,777489,ATL,19:00,27.2,15.1,215,70
2025-06-17,777467,CWS,20:00,29.6,11.1,224,51
2025-06-17,777482,CHC,20:00,29.0,12.9,228,54
2025-06-17,777472,SF,22:00,16.6,15.2,230,64
2025-06-17,777469,OAK,22:00,17.7,9.4,211,63
2025-06-17,777471,LAD,22:00,27.7,6.9,174,32
2025-06-18,777461,WSH,19:00,26.2,6.5,222,86
2025-06-18,777466,NYY,19:00,22.6,6.3,185,95
2025-06-18,777474,CIN,19:00,23.2,13.3,196,89
2025-06-18,777470,ATL,19:00,28.7,12.1,203,58
2025-06-18,777454,SF,22:00,20.6,12.8,232,48
2025-06-18,777456,OAK,22:00,19.7,9.9,207,59
2025-06-18,777457,LAD,22:00,25.6,9.1,210,44
2025-06-18,777464,DET,18:00,21.5,13.2,276,71
2025-06-18,777458,CWS,14:00,25.0,6.1,223,72
2025-06-18,777459,CHC,14:00,26.9,15.3,150,77
2025-06-19,777452,CIN,13:00,24.6,19.6,283,66
2025-06-19,777445,WSH,13:00,30.8,18.2,236,61
2025-06-19,777449,NYY,13:00,30.6,13.9,199,66
2025-06-19,777451,DET,13:00,18.6,19.5,328,77
2025-06-19,777447,CWS,14:00,25.0,6.1,223,72
2025-06-19,777450,CHC,14:00,24.9,6.0,190,70
2025-06-19,777440,SF,16:00,17.7,25.2,264,59
2025-06-19,777455,ATL,19:00,27.8,14.8,274,66
2025-06-19,777441,OAK,22:00,14.8,17.6,223,73
2025-06-19,777442,LAD,22:00,21.3,7.0,201,59
2025-06-20,777436,CHC,14:00,25.6,16.8,201,69
2025-06-20,777432,PIT,19:00,21.3,3.9,233,84
2025-06-20,777438,NYY,19:00,26.6,12.1,265,50
2025-06-20,777433,STL,19:00,31.4,14.5,175,52
2025-06-20,777437,PHI,19:00,26.3,9.9,261,60
2025-06-20,777434,MIN,20:00,27.2,15.7,160,75
2025-06-20,777430,COL,21:00,36.3,14.0,215,7
2025-06-20,777428,LAA,22:00,20.1,9.4,197,68
2025-06-20,777426,SD,22:00,19.0,5.8,244,71
2025-06-20,777429,OAK,22:00,17.4,14.5,259,57
2025-06-20,777427,LAD,22:00,21.0,8.6,206,61
2025-06-20,777425,SF,22:00,15.3,24.4,281,64
2025-06-21,777422,NYY,13:00,31.6,8.1,283,37
2025-06-21,777412,MIN,14:00,32.2,19.8,199,64
2025-06-21,777415,STL,14:00,34.3,17.7,209,49
2025-06-21,777419,CHC,14:00,32.0,26.7,219,60
2025-06-21,777417,SF,16:00,20.0,21.1,270,46
2025-06-21,777421,PIT,16:00,29.6,10.8,218,51
2025-06-21,777413,SD,19:00,20.4,12.8,214,60
2025-06-21,777423,PHI,19:00,29.0,9.0,211,55
2025-06-21,777410,COL,21:00,36.7,16.8,189,5
2025-06-21,777414,LAA,22:00,20.1,8.4,228,58
2025-06-21,777411,OAK,22:00,21.3,10.1,275,45
2025-06-21,777416,LAD,22:00,20.9,10.2,217,59
2025-06-22,777406,NYY,12:00,29.1,14.2,230,58
2025-06-22,777404,PIT,14:00,31.9,11.6,262,59
2025-06-22,777401,MIN,14:00,31.9,25.4,183,60
2025-06-22,777407,STL,14:00,34.8,15.0,204,43
2025-06-22,777403,CHC,14:00,32.9,20.1,205,54
2025-06-22,777399,COL,15:00,33.8,10.8,183,8
2025-06-22,777400,OAK,16:00,23.0,13.2,255,36
2025-06-22,777395,SF,16:00,20.4,17.3,259,42
2025-06-22,777397,LAA,16:00,25.8,8.3,246,45
2025-06-22,777398,LAD,16:00,27.4,10.9,220,40
2025-06-22,777396,SD,16:00,22.1,12.9,242,58
2025-06-22,777405,PHI,19:00,31.7,8.3,226,64
2025-06-23,777394,BAL,19:00,36.8,7.9,300,39
2025-06-23,777389,NYM,19:00,29.2,9.9,170,66
2025-06-23,777390,CIN,19:00,33.8,9.6,229,40
2025-06-23,777388,MIN,20:00,26.9,11.1,324,43
2025-06-23,777393,CWS,20:00,33.7,19.3,222,46
2025-06-23,777392,STL,20:00,34.5,15.0,198,37
2025-06-23,777381,LAA,22:00,19.4,7.3,213,65
2025-06-23,777382,SD,22:00,17.0,8.4,236,72
2025-06-24,777380,BAL,19:00,37.8,3.7,23,29
2025-06-24,777386,DET,19:00,27.9,8.5,65,72
2025-06-24,777384,CLE,19:00,28.3,5.5,189,68
2025-06-24,777387,NYM,19:00,37.7,11.5,309,25
2025-06-24,777385,CIN,19:00,33.9,10.6,272,41
2025-06-24,777378,KC,20:00,32.0,14.3,185,52
2025-06-24,777375,MIN,20:00,26.3,9.5,58,33
2025-06-24,777383,CWS,20:00,26.1,5.0,120,86
2025-06-24,777373,STL,20:00,33.8,10.0,214,43
2025-06-24,777379,COL,21:00,24.6,4.8,205,50
2025-06-24,777376,LAA,22:00,20.5,7.6,207,64
2025-06-24,777372,SD,22:00,18.8,9.4,281,73
2025-06-24,777364,SF,22:00,13.0,20.3,256,87
2025-06-25,777370,CWS,14:00,25.5,9.4,61,84
2025-06-25,777362,LAA,16:00,25.1,7.7,242,51
2025-06-25,777360,SD,16:00,21.6,12.7,262,62
2025-06-25,777365,BAL,19:00,33.5,15.4,315,45
2025-06-25,777371,DET,19:00,22.9,11.5,42,89
2025-06-25,777368,CLE,19:00,23.4,2.4,17,90
2025-06-25,777369,NYM,19:00,35.1,6.0,350,34
2025-06-25,777367,CIN,19:00,31.8,6.2,282,56
2025-06-25,777359,KC,20:00,31.6,17.1,192,53
2025-06-25,777363,MIN,20:00,22.7,19.8,231,96
2025-06-25,777357,STL,20:00,32.3,8.1,179,52
2025-06-25,777358,COL,21:00,21.7,2.0,153,61
2025-06-25,777355,SF,22:00,13.9,20.7,243,81
2025-06-26,777351,DET,13:00,30.5,4.0,300,59
2025-06-26,777354,CLE,13:00,22.9,8.9,48,93
2025-06-26,777356,MIN,13:00,18.0,14.9,79,86
2025-06-26,777353,KC,14:00,32.6,23.7,200,48
2025-06-26,777348,STL,14:00,34.7,11.7,225,40
2025-06-26,777344,COL,15:00,26.8,3.6,110,34
2025-06-26,777347,SF,16:00,18.8,12.2,208,60
2025-06-26,777352,NYM,19:00,24.4,10.3,84,54
2025-06-27,777341,PIT,19:00,24.5,11.3,155,88
2025-06-27,777343,BAL,19:00,24.6,15.0,106,78
2025-06-27,777337,NYY,19:00,21.1,10.2,118,52
2025-06-27,777346,CIN,19:00,31.2,13.5,245,51
2025-06-27,777349,CLE,19:00,27.0,13.9,184,80
2025-06-27,777345,BOS,19:00,20.4,13.7,107,61
2025-06-27,777334,DET,19:00,30.2,14.4,221,61
2025-06-27,777342,ATL,19:00,24.7,3.3,299,82
2025-06-27,777338,CWS,20:00,27.4,14.3,275,68
2025-06-27,777335,KC,20:00,30.7,8.6,182,57
2025-06-27,777331,LAA,22:00,22.8,7.8,209,60
2025-06-28,777326,NYY,13:00,26.9,12.2,236,68
2025-06-28,777324,DET,13:00,27.7,12.8,286,50
2025-06-28,777325,PIT,16:00,30.0,12.5,252,63
2025-06-28,777330,BAL,16:00,31.6,8.3,219,58
2025-06-28,777319,KC,16:00,29.4,14.7,169,63
2025-06-28,777328,CIN,16:00,32.0,11.0,240,53
2025-06-28,777329,CLE,16:00,23.8,12.3,307,79
2025-06-28,777323,BOS,16:00,23.6,5.0,88,81
2025-06-28,777327,CWS,16:00,25.5,8.1,90,70
2025-06-28,777333,ATL,19:00,25.8,5.1,278,76
2025-06-28,777315,LAA,22:00,25.8,7.1,196,50
2025-06-29,777309,CLE,12:00,25.7,11.7,3,72
2025-06-29,777313,PIT,14:00,29.5,6.5,283,55
2025-06-29,777317,BAL,14:00,32.6,2.5,201,56
2025-06-29,777310,BOS,14:00,28.9,9.2,270,48
2025-06-29,777316,ATL,14:00,30.5,5.5,279,57
2025-06-29,777307,NYY,14:00,30.9,12.0,303,45
2025-06-29,777312,CIN,14:00,29.8,7.8,212,61
2025-06-29,777304,KC,14:00,24.8,13.5,177,86
2025-06-29,777311,CWS,14:00,29.6,6.3,108,68
2025-06-29,777305,LAA,16:00,29.1,8.2,212,38
2025-06-29,777314,DET,19:00,30.6,11.9,151,47
2025-06-30,777306,PHI,19:00,27.6,10.0,206,85
2025-06-30,777299,PIT,19:00,26.2,8.7,173,78
2025-06-30,777300,BOS,19:00,27.9,6.9,194,57
2025-07-01,777288,PIT,19:00,23.9,4.4,263,82
2025-07-01,777294,BOS,15:00,31.0,15.0,256,39
2025-07-01,777298,ATL,19:00,26.1,6.9,298,81
2025-07-01,777287,CHC,20:00,24.4,7.8,138,66
2025-07-01,777285,COL,21:00,28.4,11.5,3,27
2025-07-01,777280,LAD,22:00,21.4,7.8,217,55
2025-07-01,777290,PHI,18:00,28.9,5.9,252,57
2025-07-01,777284,WSH,13:00,27.0,1.3,326,69
2025-07-01,777289,NYM,13:00,26.2,6.5,199,79
2025-07-02,777272,PIT,13:00,26.7,7.0,331,55
2025-07-02,777265,WSH,19:00,26.2,8.2,19,80
2025-07-02,777273,PHI,13:00,25.7,5.6,213,78
2025-07-02,777276,NYM,19:00,25.6,7.8,173,84
2025-07-02,777277,BOS,19:00,28.8,14.7,251,45
2025-07-02,777279,ATL,19:00,30.2,13.9,323,43
2025-07-02,777266,CHC,20:00,28.6,6.3,329,54
2025-07-02,777269,COL,21:00,32.7,15.9,106,11
2025-07-02,777267,LAD,22:00,20.9,8.4,220,58
2025-07-03,777264,COL,15:00,33.5,6.8,101,13
2025-07-03,777258,WSH,19:00,29.7,7.3,300,50
2025-07-03,777257,NYM,19:00,27.4,11.8,295,52
2025-07-03,777261,ATL,19:00,30.2,10.0,337,48
2025-07-03,777259,CHC,20:00,27.6,11.4,95,60
2025-07-03,777253,LAD,22:00,22.5,9.0,218,56
2025-07-04,777245,WSH,11:00,27.3,6.5,2,41
2025-07-04,777255,PHI,13:00,27.4,6.7,355,42
2025-07-04,777246,CHC,14:00,26.1,7.4,194,77
2025-07-04,777250,NYM,15:00,28.6,9.3,328,33
2025-07-04,777247,MIN,16:00,33.6,22.5,198,41
2025-07-04,777239,SD,19:00,22.8,11.4,263,58
2025-07-04,777249,CLE,19:00,26.4,6.2,12,67
2025-07-04,777252,ATL,19:00,32.2,10.4,70,40
2025-07-04,777243,COL,20:00,30.1,19.1,304,22
2025-07-04,777235,LAD,21:00,26.1,10.5,217,43
2025-07-04,777244,OAK,22:00,15.0,14.9,235,75
2025-07-05,777230,MIN,14:00,26.4,8.3,300,75
2025-07-05,777229,CHC,14:00,32.0,18.6,213,42
2025-07-05,777228,WSH,16:00,31.5,9.8,131,34
2025-07-05,777233,PHI,16:00,30.9,10.2,206,35
2025-07-05,777237,ATL,16:00,32.5,14.4,75,34
2025-07-05,777241,NYM,16:00,30.1,12.6,175,35
2025-07-05,777240,CLE,19:00,29.4,5.0,26,64
2025-07-05,777221,LAD,19:00,30.1,12.1,221,32
2025-07-05,777232,COL,21:00,29.2,8.6,352,20
2025-07-05,777223,SD,22:00,20.4,5.9,252,72
2025-07-05,777227,OAK,22:00,16.2,11.0,235,73
2025-07-06,777222,ATL,12:00,31.2,4.9,303,41
2025-07-06,777213,WSH,14:00,30.9,8.7,142,57
2025-07-06,777217,PHI,14:00,32.0,12.0,202,42
2025-07-06,777226,CLE,14:00,30.3,15.8,229,51
2025-07-06,777216,NYM,14:00,30.7,15.5,181,42
2025-07-06,777220,MIN,14:00,26.5,7.5,352,56
2025-07-06,777215,COL,15:00,32.6,2.1,329,13
2025-07-06,777206,LAD,16:00,30.1,9.5,205,30
2025-07-06,777219,CHC,18:00,23.0,18.3,5,87
2025-07-06,777207,SD,21:00,21.0,9.4,267,65
2025-07-06,777210,OAK,22:00,17.7,7.5,255,69
2025-07-07,777211,DET,19:00,23.3,10.1,354,71
2025-07-07,777209,BOS,19:00,28.5,17.6,207,71
2025-07-07,777208,CIN,19:00,26.2,9.2,273,75
2025-07-07,777204,KC,20:00,30.2,6.1,146,59
2025-07-07,777212,CWS,20:00,22.0,5.0,75,72
2025-07-07,777200,LAA,22:00,22.7,8.3,191,54
2025-07-07,777203,SD,22:00,19.9,9.2,272,72
2025-07-07,777199,SF,22:00,15.7,20.9,245,77
2025-07-08,777198,BAL,19:00,26.7,5.4,104,87
2025-07-08,777195,DET,19:00,26.3,9.9,115,59
2025-07-08,777187,NYY,19:00,27.1,3.2,214,80
2025-07-08,777196,BOS,19:00,28.9,8.5,268,67
2025-07-08,777197,CIN,19:00,28.9,6.5,328,52
2025-07-08,777194,KC,20:00,29.1,8.0,351,58
2025-07-08,777190,MIN,20:00,26.2,11.7,333,51
2025-07-08,777188,CWS,20:00,28.3,10.5,248,55
2025-07-08,777191,STL,20:00,22.2,3.7,51,92
2025-07-08,777180,LAA,22:00,25.9,7.3,208,49
2025-07-08,777185,SD,22:00,21.5,11.4,299,74
2025-07-08,777186,SF,22:00,15.7,17.0,261,80
2025-07-08,777189,OAK,22:00,17.7,13.6,262,72
2025-07-09,777172,CWS,14:00,25.4,11.0,18,76
2025-07-09,777163,SF,16:00,16.3,18.9,246,70
2025-07-09,777182,DET,17:00,21.6,6.0,280,88
2025-07-09,777184,NYY,19:00,28.6,9.6,131,72
2025-07-09,777179,BOS,19:00,20.2,9.0,91,94
2025-07-09,777183,CIN,19:00,27.7,7.2,269,64
2025-07-09,777177,KC,20:00,32.5,5.6,202,40
2025-07-09,777173,MIN,20:00,28.6,9.7,141,39
2025-07-09,777178,STL,20:00,28.9,6.2,353,60
2025-07-09,777171,LAA,22:00,24.4,7.4,177,48
2025-07-09,777162,SD,22:00,21.8,9.2,296,69
2025-07-09,777176,OAK,22:00,17.7,7.4,231,71
2025-07-09,777181,BAL,17:00,27.2,3.6,93,74
2025-07-10,777165,BAL,12:00,25.7,3.1,97,78
2025-07-10,777166,MIN,13:00,23.7,7.4,146,74
2025-07-10,777168,CIN,17:00,30.7,7.5,307,48
2025-07-10,777169,NYY,19:00,26.0,5.9,153,75
2025-07-10,777170,BOS,19:00,19.7,5.6,50,85
2025-07-10,777167,STL,20:00,31.0,7.9,177,47
2025-07-10,777156,OAK,21:00,25.5,7.4,256,45
2025-07-10,777159,LAA,22:00,25.2,6.1,220,54
2025-07-10,777158,SD,22:00,21.4,5.6,245,75
2025-07-10,777164,CWS,15:00,30.3,11.9,191,58
2025-07-11,777146,CWS,20:00,24.5,13.6,244,87
2025-07-11,777157,BAL,19:00,28.7,5.2,102,62
2025-07-11,777153,NYY,19:00,25.8,9.8,156,76
2025-07-11,777160,CIN,19:00,32.8,8.5,228,37
2025-07-11,777161,DET,19:00,30.6,21.4,236,48
2025-07-11,777155,BOS,19:00,22.6,7.9,87,86
2025-07-11,777151,KC,20:00,24.8,19.3,250,85
2025-07-11,777148,MIN,20:00,24.4,5.8,92,74
2025-07-11,777147,STL,20:00,32.0,15.0,196,49
2025-07-11,777150,LAA,22:00,21.2,7.6,208,70
2025-07-11,777139,SD,22:00,19.0,7.8,238,78
2025-07-11,777152,OAK,22:00,19.9,6.7,273,67
2025-07-11,777143,SF,22:00,15.2,15.6,246,84
2025-07-12,777142,NYY,13:00,30.9,7.1,137,48
2025-07-12,777145,DET,13:00,30.0,17.7,220,59
2025-07-12,777134,MIN,14:00,25.4,19.4,285,45
2025-07-12,777127,SF,16:00,17.7,18.8,249,70
2025-07-12,777141,BAL,16:00,29.8,9.5,126,69
2025-07-12,777140,CIN,16:00,32.1,9.5,234,49
2025-07-12,777136,KC,16:00,28.7,6.5,321,66
2025-07-12,777144,BOS,16:00,25.3,11.7,76,80
2025-07-12,777138,CWS,16:00,28.3,13.2,253,60
2025-07-12,777126,SD,20:00,21.7,9.3,245,65
2025-07-12,777131,LAA,22:00,21.6,8.0,203,66
2025-07-12,777132,OAK,22:00,17.3,12.3,273,75
2025-07-13,777130,BOS,14:00,24.0,12.6,70,82
2025-07-13,777129,BAL,14:00,28.0,9.3,134,77
2025-07-13,777122,NYY,14:00,28.6,8.8,149,60
2025-07-13,777128,CIN,14:00,29.2,5.2,243,60
2025-07-13,777121,DET,14:00,29.5,5.2,241,51
2025-07-13,777124,KC,14:00,26.6,3.9,133,74
2025-07-13,777113,MIN,14:00,29.9,11.7,209,35
2025-07-13,777120,CWS,14:00,26.2,2.0,175,54
2025-07-13,777118,STL,14:00,26.4,8.2,172,75
2025-07-13,777119,SF,16:00,16.8,17.9,258,72
2025-07-13,777116,OAK,16:00,21.7,12.6,253,56
2025-07-13,777115,LAA,16:00,25.9,8.2,248,54
2025-07-13,777117,SD,16:00,23.0,11.9,256,62
2025-07-18,777101,CHC,14:00,23.0,8.8,62,71
2025-07-18,777107,PIT,19:00,25.8,1.9,68,67
2025-07-18,777112,WSH,19:00,26.4,2.4,171,84
2025-07-18,777106,PHI,19:00,28.6,5.4,360,47
2025-07-18,777111,NYM,19:00,29.1,8.1,29,35
2025-07-18,777105,CLE,19:00,21.4,12.0,32,73
2025-07-18,777114,ATL,19:00,27.8,11.5,225,72
2025-07-18,777102,COL,21:00,27.1,5.7,208,36
2025-07-18,777103,LAD,22:00,23.1,9.4,211,58
2025-07-19,777092,NYM,16:00,28.3,13.3,180,50
2025-07-19,777089,PHI,18:00,27.4,5.8,164,73
2025-07-19,777090,PIT,19:00,29.0,4.0,252,54
2025-07-19,777091,WSH,19:00,27.3,1.3,262,81
2025-07-19,777104,CLE,19:00,25.6,9.4,64,68
2025-07-19,777096,CHC,19:00,28.6,6.6,213,64
2025-07-19,777097,ATL,19:00,28.3,8.8,253,71
2025-07-19,777080,COL,20:00,28.1,14.2,176,31
2025-07-19,777085,LAD,21:00,24.3,12.1,218,56
2025-07-20,777077,WSH,14:00,31.3,13.3,295,58
2025-07-20,777078,PHI,14:00,30.9,10.2,263,64
2025-07-20,777074,PIT,14:00,28.2,15.9,285,65
2025-07-20,777083,ATL,14:00,32.8,13.7,286,51
2025-07-20,777087,NYM,14:00,32.6,4.6,219,46
2025-07-20,777084,CLE,14:00,23.4,16.3,333,84
2025-07-20,777075,CHC,14:00,21.9,14.3,43,83
2025-07-20,777072,COL,15:00,32.9,3.3,36,14
2025-07-20,777070,LAD,16:00,27.4,8.5,193,46
2025-07-21,777068,CLE,19:00,22.0,15.3,22,58
2025-07-21,777060,PIT,19:00,25.6,9.6,355,47
2025-07-21,777064,WSH,19:00,28.5,6.3,127,57
2025-07-21,777063,PHI,19:00,28.8,8.1,357,41
2025-07-21,777061,NYM,19:00,28.2,9.5,328,35
2025-07-21,777069,ATL,19:00,31.1,16.7,310,55
2025-07-21,777065,CHC,20:00,22.6,11.7,46,82
2025-07-21,777053,COL,21:00,33.4,9.1,202,12
2025-07-21,777051,LAD,22:00,21.8,10.4,228,64
2025-07-22,777056,CLE,19:00,23.3,19.9,44,57
2025-07-22,777044,PIT,19:00,26.1,6.9,23,35
2025-07-22,777042,WSH,19:00,26.9,10.5,98,54
2025-07-22,777045,PHI,19:00,25.9,14.1,88,53
2025-07-22,777054,NYM,19:00,24.4,12.6,175,50
2025-07-22,777058,ATL,19:00,30.9,8.4,317,59
2025-07-22,777047,CHC,20:00,26.9,15.5,137,63
2025-07-22,777049,COL,21:00,21.8,7.2,184,62
2025-07-22,777039,LAD,22:00,21.4,9.8,227,65
2025-07-23,777026,WSH,12:00,28.0,7.9,141,53
2025-07-23,777041,ATL,12:00,26.5,15.1,107,74
2025-07-23,777029,PIT,13:00,29.7,5.9,157,43
2025-07-23,777034,NYM,13:00,27.4,11.2,183,42
2025-07-23,777031,CHC,14:00,31.5,14.8,170,60
2025-07-23,777028,COL,15:00,26.2,8.2,350,46
2025-07-23,777022,LAD,16:00,27.1,9.6,220,44
2025-07-23,777036,CLE,19:00,26.4,10.2,23,61
2025-07-23,777038,PHI,19:00,26.8,14.1,202,52
2025-07-24,777019,CLE,13:00,30.2,7.8,263,62
2025-07-24,777021,DET,19:00,33.0,18.0,219,47
2025-07-24,777023,STL,20:00,35.6,9.7,198,37
2025-07-24,777018,LAA,22:00,23.3,9.0,202,60
2025-07-25,777014,PIT,19:00,27.4,2.9,349,73
2025-07-25,777020,BAL,19:00,33.5,6.9,311,48
2025-07-25,777015,NYY,19:00,31.7,11.2,288,57
2025-07-25,777012,BOS,19:00,29.5,8.0,350,64
2025-07-25,777013,CIN,19:00,32.2,7.1,227,51
2025-07-25,777016,DET,19:00,27.1,6.1,78,71
2025-07-25,777005,STL,19:00,33.2,10.0,162,53
2025-07-25,777017,CWS,20:00,23.9,7.7,28,93
2025-07-25,777011,MIN,20:00,27.2,9.1,148,66
2025-07-25,777006,LAA,22:00,20.7,8.9,193,64
2025-07-25,777004,SF,22:00,14.7,19.0,257,86
2025-07-25,777010,KC,15:00,29.1,12.0,212,76
2025-07-26,777001,NYY,13:00,29.9,6.5,58,40
2025-07-26,776990,KC,19:00,29.1,10.9,225,78
2025-07-26,777003,DET,18:00,27.3,7.1,207,77
2025-07-26,777002,PIT,19:00,25.2,17.0,320,78
2025-07-26,777000,CIN,19:00,28.5,7.6,225,74
2025-07-26,776999,BAL,19:00,29.5,9.3,127,67
2025-07-26,776997,MIN,19:00,30.0,8.6,203,63
2025-07-26,776994,CWS,19:00,26.2,9.1,202,84
2025-07-26,776998,BOS,19:00,24.4,9.2,140,47
2025-07-26,776992,STL,19:00,29.6,7.6,242,67
2025-07-26,776985,SF,21:00,15.1,19.4,253,84
2025-07-26,776995,LAA,22:00,22.1,7.2,202,55
2025-07-27,776986,BAL,14:00,30.7,8.9,262,66
2025-07-27,776983,BOS,14:00,24.5,16.1,190,67
2025-07-27,776984,PIT,14:00,27.8,11.7,259,72
2025-07-27,776988,NYY,14:00,28.7,11.1,203,65
2025-07-27,776982,CIN,14:00,26.2,5.2,326,86
2025-07-27,776987,DET,14:00,30.2,3.3,45,56
2025-07-27,776975,KC,14:00,32.3,13.9,213,69
2025-07-27,776979,MIN,14:00,31.8,12.2,188,57
2025-07-27,776989,CWS,14:00,27.8,6.3,110,80
2025-07-27,776980,STL,14:00,30.4,3.8,229,70
2025-07-27,776977,LAA,16:00,25.7,8.6,237,51
2025-07-27,776974,SF,19:00,16.4,23.2,251,73
2025-07-28,776966,BAL,19:00,32.8,6.1,56,48
2025-07-28,776968,CLE,19:00,27.3,7.8,274,82
2025-07-28,776973,DET,19:00,27.3,4.1,236,79
2025-07-28,776970,NYY,19:00,34.0,10.9,352,38
2025-07-28,776967,CIN,19:00,30.2,7.8,299,64
2025-07-28,776961,MIN,20:00,30.7,3.7,145,47
2025-07-28,776971,KC,20:00,32.8,5.3,198,64
2025-07-28,776972,CWS,20:00,29.3,0.9,90,76
2025-07-28,776960,STL,20:00,34.7,10.2,339,47
2025-07-28,776958,LAA,22:00,22.0,6.7,196,63
2025-07-28,776959,SD,22:00,19.8,9.3,297,77
2025-07-28,776964,SF,22:00,15.1,20.0,242,83
2025-07-28,776957,OAK,22:00,17.1,11.1,241,76
2025-07-29,776962,BAL,19:00,33.3,10.2,152,38
2025-07-29,776951,CLE,19:00,25.1,8.9,317,90
2025-07-29,776953,DET,19:00,31.1,4.5,317,54
2025-07-29,776949,NYY,19:00,36.9,4.4,302,27
2025-07-29,776963,CIN,19:00,31.7,9.7,4,54
2025-07-29,776954,MIN,20:00,28.5,12.1,15,51
2025-07-29,776955,KC,20:00,33.2,7.4,241,51
2025-07-29,776952,CWS,20:00,30.5,8.7,202,59
2025-07-29,776946,STL,20:00,33.4,7.7,12,48
2025-07-29,776945,LAA,22:00,23.2,7.1,204,59
2025-07-29,776947,SD,22:00,20.2,7.3,287,76
2025-07-29,776943,SF,22:00,15.6,22.8,250,83
2025-07-29,776944,OAK,22:00,16.5,14.5,235,82
2025-07-30,776948,BAL,13:00,35.1,9.5,165,40
2025-07-30,776940,DET,13:00,28.7,10.6,67,60
2025-07-30,776935,MIN,13:00,27.0,15.3,60,39
2025-07-30,776936,KC,14:00,30.1,7.0,356,64
2025-07-30,776939,CWS,14:00,23.2,12.4,68,88
2025-07-30,776933,SF,16:00,16.9,20.6,246,77
2025-07-30,776931,SD,16:00,23.8,10.2,252,61
2025-07-30,776942,CLE,19:00,26.3,13.9,23,83
2025-07-30,776938,NYY,19:00,28.9,1.5,166,64
2025-07-30,776941,CIN,19:00,32.4,4.5,50,48
2025-07-30,776934,STL,20:00,30.6,7.3,312,69
2025-07-30,776932,LAA,22:00,22.9,7.4,187,63
2025-07-30,776930,OAK,22:00,16.4,16.1,235,83
2025-07-31,776927,NYY,13:00,31.2,10.4,60,54
2025-07-31,776928,CIN,19:00,24.1,17.7,15,75
2025-08-01,776921,CIN,13:00,24.6,17.9,51,37
2025-08-01,776915,CHC,14:00,21.8,15.4,52,64
2025-08-01,776913,PHI,19:00,22.9,10.0,64,70
2025-08-01,776917,WSH,19:00,23.5,10.1,29,71
2025-08-01,776922,BOS,19:00,20.1,4.9,80,59
2025-08-01,776926,NYM,19:00,22.1,8.3,16,69
2025-08-01,776924,CLE,19:00,20.5,17.1,40,65
2025-08-01,776919,COL,20:00,27.4,4.3,5,31
2025-08-01,776916,LAA,22:00,22.4,8.5,204,62
2025-08-01,776906,SD,22:00,19.8,6.3,250,72
2025-08-01,776914,OAK,22:00,16.6,14.0,225,80
2025-08-02,776902,CHC,14:00,23.4,9.3,47,56
2025-08-02,776904,COL,15:00,30.0,16.6,330,24
2025-08-02,776912,PHI,16:00,26.4,6.9,59,38
2025-08-02,776903,WSH,16:00,25.1,8.9,40,51
2025-08-02,776909,BOS,16:00,21.5,10.8,114,59
2025-08-02,776911,NYM,16:00,25.8,5.2,344,36
2025-08-02,776905,CLE,16:00,22.5,18.6,19,47
2025-08-02,776907,CIN,13:00,26.1,13.1,72,53
2025-08-02,776899,OAK,22:00,16.8,11.6,222,79
2025-08-02,776898,LAA,22:00,24.7,6.6,206,52
2025-08-02,776896,SD,22:00,20.4,6.7,267,73
2025-08-03,776895,BOS,12:00,26.0,1.6,297,41
2025-08-03,776894,WSH,14:00,26.2,7.2,55,44
2025-08-03,776887,NYM,14:00,28.5,4.9,62,28
2025-08-03,776892,CLE,14:00,25.0,5.0,44,41
2025-08-03,776888,CHC,14:00,23.5,11.4,69,59
2025-08-03,776886,COL,15:00,29.8,8.9,9,15
2025-08-03,776881,OAK,16:00,20.3,14.6,215,58
2025-08-03,776885,LAA,16:00,28.6,6.3,255,47
2025-08-03,776884,SD,16:00,24.3,10.3,255,57
2025-08-03,776890,PHI,19:00,26.4,5.0,15,46
2025-08-04,776879,PIT,19:00,27.3,9.0,106,35
2025-08-04,776874,DET,19:00,25.9,10.8,79,51
2025-08-04,776877,PHI,19:00,28.3,10.3,173,39
2025-08-04,776880,BOS,19:00,27.2,8.0,126,58
2025-08-04,776876,NYM,19:00,27.8,9.0,180,39
2025-08-04,776882,ATL,19:00,19.1,12.8,71,92
2025-08-04,776878,CHC,20:00,23.5,7.6,45,72
2025-08-04,776872,COL,21:00,34.7,6.1,120,7
2025-08-04,776867,LAA,22:00,24.1,6.5,214,55
2025-08-04,776870,LAD,22:00,25.2,7.3,220,51
2025-08-05,776866,PIT,19:00,27.0,11.8,64,45
2025-08-05,776861,DET,19:00,26.2,13.3,81,52
2025-08-05,776865,WSH,19:00,25.3,5.3,118,68
2025-08-05,776868,PHI,19:00,27.4,9.9,147,45
2025-08-05,776864,BOS,19:00,20.4,8.0,99,70
2025-08-05,776863,NYM,19:00,26.2,8.4,152,56
2025-08-05,776869,ATL,19:00,24.1,9.1,76,79
2025-08-05,776860,CHC,20:00,23.5,11.4,37,76
2025-08-05,776854,COL,21:00,35.9,11.6,319,3
2025-08-05,776848,LAA,22:00,24.6,6.8,198,56
2025-08-05,776858,LAD,22:00,26.1,7.6,214,45
2025-08-06,776844,PIT,13:00,26.9,11.9,122,40
2025-08-06,776851,PHI,13:00,27.2,9.7,92,55
2025-08-06,776846,NYM,13:00,28.4,9.2,118,42
2025-08-06,776859,DET,13:00,26.6,11.2,89,63
2025-08-06,776847,CHC,14:00,27.3,10.8,108,60
2025-08-06,776836,COL,15:00,35.6,4.6,309,8
2025-08-06,776843,LAA,16:00,31.8,6.7,243,38
2025-08-06,776839,LAD,16:00,33.5,8.9,208,29
2025-08-06,776850,WSH,19:00,23.4,9.1,83,74
2025-08-06,776856,BOS,19:00,19.8,7.4,89,84
2025-08-06,776853,ATL,19:00,26.8,7.1,80,63
2025-08-07,776837,WSH,12:00,25.9,13.1,75,56
2025-08-07,776840,PIT,19:00,27.2,13.4,134,41
2025-08-07,776842,ATL,19:00,26.5,7.4,87,63
2025-08-08,776829,PIT,19:00,28.0,10.6,122,44
2025-08-08,776831,BAL,19:00,25.1,9.9,135,55
2025-08-08,776835,NYY,19:00,24.5,11.9,170,41
2025-08-08,776832,DET,19:00,28.7,11.2,186,56
2025-08-08,776834,ATL,19:00,26.0,12.0,81,68
2025-08-08,776833,CWS,20:00,31.2,12.6,170,49
2025-08-08,776827,MIN,20:00,31.1,14.1,174,68
2025-08-08,776826,STL,20:00,31.2,13.5,155,55
2025-08-08,776820,SD,22:00,21.0,7.2,233,76
2025-08-08,776823,LAD,22:00,26.2,8.5,209,48
2025-08-08,776822,SF,22:00,15.8,15.7,273,85
2025-08-09,776819,ATL,19:00,26.3,15.8,78,64
2025-08-09,776815,NYY,14:00,30.2,6.6,68,25
2025-08-09,776802,SF,16:00,19.4,15.8,269,66
2025-08-09,776813,DET,18:00,30.4,14.3,190,50
2025-08-09,776812,PIT,19:00,29.4,8.9,114,35
2025-08-09,776811,BAL,19:00,25.5,5.5,128,37
2025-08-09,776816,MIN,19:00,27.5,4.4,232,70
2025-08-09,776814,CWS,19:00,32.6,17.1,183,45
2025-08-09,776818,STL,19:00,31.9,17.1,168,48
2025-08-09,776807,SD,21:00,21.7,10.1,271,74
2025-08-09,776808,LAD,21:00,25.4,9.4,225,46
2025-08-10,776796,MIN,13:00,25.1,7.2,295,73
2025-08-10,776804,BAL,14:00,28.2,9.9,125,35
2025-08-10,776801,PIT,14:00,31.4,5.0,165,38
2025-08-10,776803,ATL,14:00,26.3,15.8,71,70
2025-08-10,776797,NYY,14:00,33.8,1.1,81,23
2025-08-10,776806,DET,14:00,32.2,11.7,198,44
2025-08-10,776798,CWS,14:00,31.6,16.8,211,48
2025-08-10,776793,SF,16:00,18.5,15.7,264,69
2025-08-10,776789,SD,16:00,24.3,10.7,247,65
2025-08-10,776788,LAD,16:00,30.0,6.7,200,40
2025-08-10,776795,STL,19:00,32.1,16.2,167,44
2025-08-11,776792,CIN,18:00,32.9,3.7,231,36
2025-08-11,776790,NYY,19:00,27.6,13.5,172,41
2025-08-11,776784,KC,20:00,25.7,7.1,187,83
2025-08-11,776781,CWS,20:00,29.3,10.5,204,58
2025-08-11,776783,STL,20:00,31.3,11.6,165,45
2025-08-11,776779,LAA,22:00,23.2,6.7,232,60
2025-08-11,776780,SF,22:00,14.9,23.0,253,88
2025-08-11,776787,OAK,22:00,16.6,14.0,254,83
2025-08-12,776776,BAL,19:00,29.7,8.7,156,61
2025-08-12,776777,CIN,19:00,29.1,8.0,207,64
2025-08-12,776778,CLE,19:00,27.8,4.4,150,71
2025-08-12,776774,NYY,19:00,28.6,13.3,167,56
2025-08-12,776772,NYM,19:00,26.7,11.4,175,68
2025-08-12,776770,KC,20:00,27.1,6.4,322,67
2025-08-12,776773,CWS,20:00,25.0,8.5,243,86
2025-08-12,776775,STL,20:00,25.5,3.0,245,84
2025-08-12,776763,LAA,22:00,22.3,7.3,211,68
2025-08-12,776767,SF,22:00,16.1,20.5,255,82
2025-08-12,776762,OAK,22:00,17.3,13.4,256,79
2025-08-13,776759,KC,14:00,28.6,4.1,38,59
2025-08-13,776754,CWS,14:00,26.5,8.7,45,61
2025-08-13,776758,STL,14:00,29.2,5.9,340,62
2025-08-13,776749,SF,16:00,18.7,17.0,252,74
2025-08-13,776765,CIN,17:00,25.4,7.8,279,81
2025-08-13,776761,BAL,19:00,27.3,7.0,159,80
2025-08-13,776766,CLE,19:00,23.6,5.6,312,88
2025-08-13,776760,NYY,19:00,27.3,6.5,166,77
2025-08-13,776756,NYM,19:00,25.9,7.9,168,84
2025-08-13,776752,LAA,22:00,22.0,8.1,225,71
2025-08-13,776751,OAK,22:00,17.8,15.8,253,85
2025-08-14,776750,BAL,13:00,27.9,7.3,351,79
2025-08-14,776745,CLE,19:00,24.0,10.4,26,73
2025-08-14,776743,WSH,19:00,27.3,3.9,323,80
2025-08-14,776748,NYM,19:00,29.4,3.1,118,59
2025-08-14,776744,MIN,20:00,24.9,13.7,140,72
2025-08-14,776742,COL,21:00,31.7,12.1,170,17
2025-08-15,776737,CHC,14:00,29.0,13.9,110,66
2025-08-15,776740,CIN,19:00,30.7,0.4,243,54
2025-08-15,776739,WSH,19:00,28.5,8.4,99,68
2025-08-15,776736,NYM,19:00,27.2,10.6,152,63
2025-08-15,776738,CLE,19:00,26.2,10.7,35,64
2025-08-15,776741,BOS,19:00,21.7,12.7,98,66
2025-08-15,776732,MIN,20:00,24.3,11.3,272,89
2025-08-15,776728,KC,20:00,32.0,11.1,189,59
2025-08-15,776731,STL,20:00,33.1,10.1,161,44
2025-08-15,776730,COL,21:00,32.5,9.0,241,14
2025-08-15,776734,OAK,22:00,18.8,12.7,203,80
2025-08-15,776727,LAD,22:00,22.5,8.5,204,60
2025-08-15,776729,SF,22:00,19.1,18.8,261,74
2025-08-16,776719,CHC,14:00,30.8,7.9,79,69
2025-08-16,776725,WSH,16:00,31.9,6.4,133,50
2025-08-16,776726,NYM,16:00,28.6,11.5,166,53
2025-08-16,776724,BOS,16:00,28.1,9.0,90,47
2025-08-16,776721,CIN,19:00,30.0,9.1,308,56
2025-08-16,776720,CLE,19:00,28.6,5.4,346,60
2025-08-16,776712,KC,19:00,33.2,12.9,201,49
2025-08-16,776716,MIN,19:00,28.6,5.9,20,63
2025-08-16,776713,STL,19:00,35.3,4.7,118,37
2025-08-16,776715,COL,20:00,28.3,9.2,64,30
2025-08-16,776711,SF,21:00,17.6,21.1,239,88
2025-08-16,776717,LAD,21:00,23.8,9.4,225,56
2025-08-16,776718,OAK,22:00,18.1,15.5,232,90
2025-08-17,776708,WSH,12:00,32.5,4.7,266,49
2025-08-17,776714,BOS,14:00,31.8,16.1,250,45
2025-08-17,776706,CLE,14:00,23.4,22.2,312,87
2025-08-17,776709,CIN,14:00,30.1,8.2,337,56
2025-08-17,776700,MIN,14:00,23.3,19.2,117,80
2025-08-17,776702,KC,14:00,33.5,11.0,206,49
2025-08-17,776698,STL,14:00,31.5,9.6,159,62
2025-08-17,776704,CHC,14:00,25.0,14.0,41,83
2025-08-17,776701,COL,15:00,31.8,2.2,346,16
2025-08-17,776699,OAK,16:00,19.2,17.3,245,69
2025-08-17,776703,SF,16:00,16.9,21.3,257,79
2025-08-17,776697,LAD,16:00,29.0,8.9,212,42
2025-08-17,776707,NYM,19:00,26.1,4.2,290,80
2025-08-18,776692,DET,19:00,22.2,16.5,106,51
2025-08-18,776694,PIT,19:00,26.8,7.3,31,36
2025-08-18,776689,PHI,19:00,21.7,10.2,80,74
2025-08-18,776695,BOS,19:00,18.8,9.5,111,50
2025-08-18,776696,ATL,19:00,29.0,4.4,38,65
2025-08-18,776690,KC,20:00,32.9,8.1,211,55
2025-08-18,776693,COL,21:00,31.8,5.2,119,16
2025-08-18,776681,LAA,22:00,24.1,8.4,191,64
2025-08-18,776683,SD,22:00,20.1,5.4,236,80
2025-08-19,776691,CHC,14:00,22.6,13.5,19,87
2025-08-19,776676,CHC,20:00,22.4,7.0,40,84
2025-08-19,776685,DET,19:00,24.9,7.4,359,83
2025-08-19,776679,PIT,19:00,29.8,14.9,126,45
2025-08-19,776678,WSH,19:00,21.8,12.0,83,75
2025-08-19,776680,PHI,19:00,21.6,11.5,104,68
2025-08-19,776684,BOS,19:00,18.7,10.8,105,56
2025-08-19,776687,ATL,19:00,27.7,7.0,122,73
2025-08-19,776675,KC,20:00,31.1,6.4,349,63
2025-08-19,776674,MIN,20:00,26.8,11.0,318,71
2025-08-19,776671,COL,21:00,31.5,11.1,107,17
2025-08-19,776668,LAA,22:00,25.5,6.6,189,54
2025-08-19,776667,SD,22:00,21.4,8.6,296,72
2025-08-20,776661,PIT,13:00,26.4,9.4,317,68
2025-08-20,776662,PHI,13:00,24.3,9.7,94,78
2025-08-20,776673,DET,13:00,21.9,18.1,9,77
2025-08-20,776659,WSH,19:00,26.4,7.9,89,76
2025-08-20,776669,ATL,19:00,25.0,14.8,14,81
2025-08-20,776666,KC,20:00,29.6,9.4,17,52
2025-08-20,776665,MIN,20:00,25.5,5.4,70,64
2025-08-20,776663,CHC,20:00,20.9,17.3,14,77
2025-08-20,776660,COL,21:00,33.0,16.5,148,17
2025-08-20,776652,LAA,22:00,28.1,7.5,191,46
2025-08-20,776656,SD,22:00,22.2,5.6,245,70
2025-08-21,776653,MIN,13:00,25.8,6.5,167,65
2025-08-21,776657,KC,14:00,28.8,10.5,53,53
2025-08-21,776651,CHC,14:00,22.3,14.3,51,73
2025-08-21,776644,COL,15:00,33.8,10.1,12,19
2025-08-21,776650,WSH,16:00,22.5,16.2,21,72
2025-08-21,776642,SD,16:00,26.8,9.3,246,55
2025-08-21,776655,BAL,19:00,22.3,10.1,29,72
2025-08-21,776654,NYY,19:00,20.7,14.6,38,65
2025-08-22,776637,PIT,19:00,26.7,6.9,62,49
2025-08-22,776648,PHI,19:00,24.6,8.6,195,48
2025-08-22,776643,BAL,19:00,23.7,7.4,148,57
2025-08-22,776647,NYY,19:00,25.8,0.4,297,52
2025-08-22,776649,DET,19:00,24.0,4.1,105,56
2025-08-22,776645,ATL,19:00,25.4,10.3,89,79
2025-08-22,776639,CWS,20:00,24.6,6.9,173,65
2025-08-22,776640,LAA,22:00,27.1,9.3,216,54
2025-08-22,776636,SD,22:00,22.6,6.8,233,78
2025-08-23,776627,NYY,13:00,28.6,14.1,210,28
2025-08-23,776628,PHI,18:00,25.9,15.8,172,42
2025-08-23,776625,DET,18:00,24.2,13.6,239,69
2025-08-23,776632,PIT,19:00,28.5,11.6,233,44
2025-08-23,776629,BAL,19:00,24.0,13.7,155,61
2025-08-23,776619,CWS,19:00,25.0,15.8,311,50
2025-08-23,776626,ATL,19:00,24.9,9.4,92,78
2025-08-23,776617,SD,21:00,24.5,7.0,226,62
2025-08-23,776618,LAA,22:00,26.7,7.7,180,53
2025-08-24,776610,PIT,12:00,26.4,10.8,259,52
2025-08-24,776612,BAL,14:00,27.7,10.6,161,55
2025-08-24,776613,PHI,14:00,28.8,12.6,175,46
2025-08-24,776624,ATL,14:00,27.9,4.8,299,62
2025-08-24,776615,DET,14:00,23.6,15.9,265,45
2025-08-24,776607,CWS,14:00,22.3,16.2,287,47
2025-08-24,776605,LAA,16:00,31.5,8.4,223,38
2025-08-24,776603,SD,16:00,27.1,11.5,278,54
2025-08-24,776616,NYY,19:00,24.0,16.1,164,65
2025-08-25,776604,BAL,19:00,26.6,12.0,279,32
2025-08-25,776601,CLE,19:00,19.0,15.1,285,61
2025-08-25,776597,NYY,19:00,27.7,19.9,280,29
2025-08-25,776598,NYM,19:00,28.2,18.0,286,28
2025-08-25,776599,CWS,20:00,19.6,15.0,320,45
2025-08-25,776589,STL,20:00,21.8,9.7,309,41
2025-08-25,776590,OAK,22:00,18.4,9.6,256,80
2025-08-25,776594,LAD,22:00,26.0,9.2,180,50
2025-08-26,776591,BAL,19:00,24.4,12.5,263,36
2025-08-26,776584,CLE,19:00,18.7,14.9,300,51
2025-08-26,776588,NYY,19:00,25.1,8.9,263,31
2025-08-26,776585,NYM,19:00,23.3,10.4,203,58
2025-08-26,776583,CWS,20:00,20.4,2.3,328,52
2025-08-26,776578,STL,20:00,22.4,8.3,27,41
2025-08-26,776576,SF,22:00,16.3,17.2,259,86
2025-08-26,776573,OAK,22:00,18.8,11.9,268,75
2025-08-26,776574,LAD,22:00,23.5,7.6,227,59
2025-08-27,776570,NYY,13:00,24.1,12.5,309,35
2025-08-27,776580,CLE,13:00,18.1,18.0,311,60
2025-08-27,776579,BAL,19:00,23.4,10.3,299,34
2025-08-27,776566,NYM,19:00,23.4,14.1,312,35
2025-08-27,776569,CWS,20:00,22.0,11.6,228,48
2025-08-27,776568,STL,20:00,24.6,9.4,145,37
2025-08-27,776562,LAD,21:00,27.9,9.0,210,35
2025-08-27,776557,SF,22:00,17.6,11.7,266,80
2025-08-27,776559,OAK,22:00,19.3,9.4,270,71
2025-08-28,776564,BAL,13:00,24.4,6.3,167,40
2025-08-28,776554,STL,14:00,27.7,5.7,193,35
2025-08-28,776550,SF,16:00,19.9,14.0,254,60
2025-08-28,776560,PHI,19:00,23.4,11.8,191,39
2025-08-28,776558,NYM,19:00,22.1,16.7,181,58
2025-08-28,776556,CWS,20:00,19.3,14.7,25,82
2025-08-29,776551,CIN,19:00,23.6,9.7,356,37
2025-08-29,776545,WSH,19:00,24.6,12.7,297,37
2025-08-29,776552,PHI,19:00,24.8,15.1,292,35
2025-08-29,776549,BOS,19:00,17.1,6.3,267,87
2025-08-29,776547,CLE,19:00,17.0,14.5,354,66
2025-08-29,776548,NYM,19:00,23.9,10.6,312,43
2025-08-29,776544,CWS,20:00,17.5,9.4,101,68
2025-08-29,776540,KC,20:00,27.1,6.2,168,29
2025-08-29,776541,MIN,20:00,23.1,10.8,86,63
2025-08-29,776542,COL,21:00,20.4,7.7,249,73
2025-08-29,776538,OAK,22:00,17.8,7.8,248,77
2025-08-29,776534,LAD,22:00,26.2,8.3,214,33
2025-08-29,776533,SF,22:00,16.5,16.0,245,81
2025-08-30,776525,WSH,16:00,24.8,4.7,332,24
2025-08-30,776539,BOS,16:00,23.3,12.9,283,32
2025-08-30,776535,NYM,16:00,25.8,11.2,325,22
2025-08-30,776532,PHI,18:00,24.2,10.8,322,30
2025-08-30,776536,CIN,19:00,22.0,9.5,44,43
2025-08-30,776530,MIN,19:00,24.4,8.1,108,46
2025-08-30,776529,CWS,19:00,20.3,8.7,38,62
2025-08-30,776528,KC,19:00,26.6,11.8,331,44
2025-08-30,776537,CLE,19:00,18.8,8.0,31,51
2025-08-30,776516,SF,19:00,26.1,15.6,255,39
2025-08-30,776526,COL,20:00,21.2,2.7,332,50
2025-08-30,776523,LAD,21:00,30.0,9.3,226,30
2025-08-30,776524,OAK,22:00,27.8,6.5,242,34
2025-08-31,776518,CIN,12:00,22.0,9.5,68,43
2025-08-31,776513,MIN,13:00,23.2,9.3,134,51
2025-08-31,776517,BOS,14:00,23.8,7.5,73,38
2025-08-31,776520,WSH,14:00,25.6,8.7,42,28
2025-08-31,776521,CLE,14:00,19.6,10.6,1,59
2025-08-31,776519,NYM,14:00,26.6,11.6,13,27
2025-08-31,776512,KC,14:00,24.2,14.2,102,59
2025-08-31,776514,CWS,14:00,22.4,6.0,81,50
2025-08-31,776511,COL,15:00,23.8,2.9,30,38
2025-08-31,776507,SF,16:00,25.5,12.1,238,41
2025-08-31,776508,OAK,16:00,31.8,8.1,242,27
2025-08-31,776509,LAD,16:00,34.4,6.8,212,30
2025-08-31,776522,PHI,19:00,26.0,9.6,354,25
2025-09-01,776498,WSH,13:00,25.6,16.9,63,34
2025-09-01,776501,DET,13:00,22.0,10.3,67,59
2025-09-01,776503,CIN,13:00,25.8,6.9,62,38
2025-09-01,776505,BOS,14:00,22.8,10.8,94,55
2025-09-01,776502,MIN,14:00,24.9,6.9,171,52
2025-09-01,776497,STL,14:00,25.5,5.6,40,43
2025-09-01,776506,CHC,16:00,22.6,9.3,71,52
2025-09-01,776492,COL,16:00,26.7,5.4,2,24
2025-09-01,776494,SD,19:00,27.7,9.9,289,55
2025-09-02,776490,DET,19:00,23.5,6.7,121,46
2025-09-02,776496,PIT,19:00,24.0,4.9,184,31
2025-09-02,776491,CIN,19:00,26.2,7.3,118,36
2025-09-02,776493,BOS,19:00,21.1,9.2,125,52
2025-09-02,776482,WSH,19:00,22.8,6.2,111,44
2025-09-02,776488,KC,20:00,23.0,5.4,340,68
2025-09-02,776487,CHC,20:00,21.5,6.8,73,72
2025-09-02,776484,MIN,20:00,20.0,9.4,299,86
2025-09-02,776483,STL,20:00,25.7,6.7,360,39
2025-09-02,776486,COL,21:00,26.3,10.5,340,23
2025-09-02,776480,SD,22:00,23.1,5.6,249,83
2025-09-03,776477,WSH,13:00,26.7,2.6,168,36
2025-09-03,776478,DET,13:00,25.7,18.7,211,39
2025-09-03,776465,SD,16:00,27.4,10.8,267,62
2025-09-03,776479,PIT,19:00,22.0,8.4,211,60
2025-09-03,776475,CIN,19:00,25.8,14.1,227,42
2025-09-03,776474,BOS,19:00,22.6,11.0,191,51
2025-09-03,776466,KC,20:00,23.8,10.4,1,68
2025-09-03,776473,CHC,20:00,18.7,10.7,319,83
2025-09-03,776469,MIN,20:00,15.2,14.1,328,49
2025-09-03,776470,STL,20:00,27.3,10.7,286,43
2025-09-03,776467,COL,21:00,28.8,1.1,108,17
2025-09-04,776461,PIT,19:00,18.5,6.1,204,83
2025-09-04,776463,KC,20:00,22.4,8.6,217,49
2025-09-04,776462,MIN,20:00,12.6,12.1,147,88
2025-09-05,776455,CHC,14:00,17.4,22.4,276,53
2025-09-05,776450,CIN,19:00,24.8,10.0,264,46
2025-09-05,776452,DET,19:00,17.6,15.3,278,56
2025-09-05,776453,PIT,19:00,23.0,12.7,231,73
2025-09-05,776454,BAL,19:00,26.9,7.1,153,67
2025-09-05,776457,NYY,19:00,25.6,9.8,186,75
2025-09-05,776460,ATL,19:00,30.3,9.6,189,46
2025-09-05,776446,KC,20:00,17.2,6.2,244,64
2025-09-05,776445,STL,20:00,20.5,8.1,271,49
2025-09-05,776442,COL,21:00,18.3,6.9,47,43
2025-09-05,776444,LAA,22:00,23.9,8.1,181,61
2025-09-06,776436,NYY,13:00,29.0,15.9,171,63
2025-09-06,776440,CHC,14:00,17.9,19.6,280,42
2025-09-06,776435,DET,18:00,17.2,16.1,266,52
2025-09-06,776439,CIN,19:00,21.6,11.7,302,28
2025-09-06,776441,PIT,19:00,17.7,10.6,219,65
2025-09-06,776443,BAL,19:00,23.3,8.5,162,85
2025-09-06,776437,STL,19:00,22.4,11.0,293,37
2025-09-06,776434,KC,19:00,22.1,13.5,304,48
2025-09-06,776447,ATL,19:00,26.2,3.1,347,72
2025-09-06,776431,COL,20:00,28.3,6.1,40,18
2025-09-06,776430,LAA,22:00,25.6,7.7,189,55
2025-09-07,776428,ATL,12:00,24.4,12.3,331,59
2025-09-07,776427,BAL,14:00,22.5,2.3,360,58
2025-09-07,776423,NYY,14:00,19.1,5.6,291,79
2025-09-07,776419,PIT,14:00,19.3,11.6,302,41
2025-09-07,776429,CIN,14:00,21.3,11.1,340,38
2025-09-07,776425,DET,14:00,17.9,13.7,281,40
2025-09-07,776422,KC,14:00,23.5,5.0,145,34
2025-09-07,776416,STL,14:00,20.6,9.0,358,35
2025-09-07,776420,CHC,14:00,17.8,7.3,351,45
2025-09-07,776417,COL,15:00,27.0,5.7,316,25
2025-09-07,776414,LAA,16:00,32.2,8.0,242,34
2025-09-08,776413,CLE,19:00,18.6,11.9,41,63
2025-09-08,776405,PHI,19:00,19.3,4.5,50,63
2025-09-08,776412,ATL,19:00,23.7,15.2,73,46
2025-09-08,776411,LAA,22:00,22.9,8.6,182,68
2025-09-08,776407,SD,22:00,21.4,7.7,300,78
2025-09-08,776399,SF,22:00,20.1,11.3,236,78
2025-09-08,776410,OAK,22:00,21.1,11.6,249,74
2025-09-08,776408,LAD,22:00,23.2,6.8,215,55
2025-09-09,776401,BAL,19:00,21.5,6.6,26,59
2025-09-09,776403,CLE,19:00,23.3,11.1,187,41
2025-09-09,776404,PHI,19:00,19.7,11.2,64,61
2025-09-09,776398,NYY,19:00,19.3,11.9,63,59
2025-09-09,776402,ATL,19:00,24.0,8.2,98,43
2025-09-09,776388,CWS,20:00,20.6,4.4,187,56
2025-09-09,776390,LAA,22:00,22.0,6.8,177,73
2025-09-09,776392,SD,22:00,21.2,10.1,297,77
2025-09-09,776394,SF,22:00,18.3,11.6,246,89
2025-09-09,776396,OAK,22:00,19.0,13.8,249,87
2025-09-09,776389,LAD,22:00,22.5,7.5,213,61
2025-09-10,776379,OAK,16:00,20.5,15.8,251,73
2025-09-10,776374,SF,16:00,18.9,17.6,255,77
2025-09-10,776376,LAA,16:00,25.9,10.4,201,49
2025-09-10,776387,BAL,19:00,20.6,6.0,355,74
2025-09-10,776382,CLE,19:00,22.0,8.0,346,56
2025-09-10,776384,PHI,19:00,19.7,6.3,31,76
2025-09-10,776383,NYY,19:00,19.9,8.1,3,69
2025-09-10,776381,ATL,19:00,25.9,11.4,334,43
2025-09-10,776378,CWS,20:00,23.0,6.6,101,59
2025-09-10,776377,SD,21:00,21.5,9.5,271,69
2025-09-10,776380,LAD,22:00,21.8,6.6,221,62
2025-09-11,776372,BAL,13:00,23.3,4.2,348,72
2025-09-11,776364,CWS,14:00,23.2,10.0,52,60
2025-09-11,776368,NYY,19:00,24.2,8.0,31,37
2025-09-11,776370,CLE,19:00,20.9,10.3,12,65
2025-09-11,776371,PHI,19:00,24.5,9.0,47,41
2025-09-11,776365,SD,22:00,20.1,7.2,295,78
2025-09-12,776352,CHC,14:00,25.0,8.4,113,55
2025-09-12,776351,WSH,19:00,23.3,5.9,104,51
2025-09-12,776354,PHI,19:00,25.2,5.3,82,44
2025-09-12,776359,NYM,19:00,22.2,9.0,174,58
2025-09-12,776361,CLE,19:00,21.4,12.1,35,71
2025-09-12,776363,BOS,19:00,16.5,8.1,96,75
2025-09-12,776360,ATL,19:00,27.3,9.6,74,42
2025-09-12,776355,MIN,20:00,23.1,16.2,168,80
2025-09-12,776357,SD,22:00,19.8,6.5,256,79
2025-09-12,776358,OAK,22:00,17.2,10.3,223,87
2025-09-12,776350,SF,22:00,17.1,17.3,246,83
2025-09-13,776338,CHC,14:00,22.9,9.5,153,73
2025-09-13,776336,WSH,16:00,28.4,2.3,293,34
2025-09-13,776349,NYM,16:00,23.2,12.0,167,59
2025-09-13,776344,BOS,16:00,22.6,6.9,189,55
2025-09-13,776342,PHI,18:00,26.7,12.0,197,41
2025-09-13,776348,CLE,18:00,21.2,8.6,359,79
2025-09-13,776337,MIN,19:00,26.1,12.7,101,74
2025-09-13,776346,ATL,19:00,27.7,6.4,27,36
2025-09-13,776341,SD,21:00,20.6,7.9,249,76
2025-09-13,776328,SF,21:00,17.5,19.5,252,80
2025-09-13,776340,OAK,22:00,16.8,11.8,242,87
2025-09-14,776320,WSH,12:00,26.5,3.1,80,51
2025-09-14,776334,PHI,14:00,29.9,6.9,37,31
2025-09-14,776329,ATL,14:00,28.2,4.1,315,41
2025-09-14,776335,NYM,14:00,27.3,5.0,120,39
2025-09-14,776331,CLE,14:00,21.1,15.7,13,83
2025-09-14,776324,MIN,14:00,27.8,10.7,140,70
2025-09-14,776321,CHC,14:00,22.6,9.6,69,77
2025-09-14,776327,OAK,16:00,23.3,12.5,252,65
2025-09-14,776325,SF,16:00,21.1,19.6,248,71
2025-09-14,776323,SD,16:00,23.4,10.8,265,68
2025-09-14,776330,BOS,19:00,19.3,6.0,100,71
2025-09-15,776318,PIT,19:00,26.4,8.0,59,38
2025-09-15,776315,WSH,19:00,24.2,7.0,67,54
2025-09-15,776314,CWS,20:00,22.4,7.9,43,75
2025-09-15,776313,MIN,20:00,26.0,12.4,158,71
2025-09-15,776312,STL,20:00,29.9,7.4,84,45
2025-09-15,776311,LAD,22:00,25.9,6.1,223,53
2025-09-16,776307,WSH,19:00,21.0,16.5,33,61
2025-09-16,776303,DET,19:00,24.0,7.7,57,61
2025-09-16,776308,PIT,19:00,25.3,5.1,94,37
2025-09-16,776310,BOS,19:00,17.7,6.5,77,70
2025-09-16,776304,NYM,19:00,20.2,10.2,66,49
2025-09-16,776302,KC,20:00,26.9,5.1,117,58
2025-09-16,776306,CWS,20:00,22.4,7.7,72,63
2025-09-16,776298,MIN,20:00,27.3,7.5,172,65
2025-09-16,776300,STL,20:00,29.3,8.2,10,34
2025-09-16,776293,COL,21:00,18.8,9.0,348,51
2025-09-16,776297,LAD,22:00,26.9,6.5,231,45
2025-09-17,776287,PIT,13:00,26.0,4.4,38,40
2025-09-17,776283,STL,13:00,29.8,3.1,77,38
2025-09-17,776285,CWS,14:00,24.8,7.8,58,57
2025-09-17,776286,WSH,16:00,20.8,15.2,23,89
2025-09-17,776296,DET,19:00,24.4,6.1,104,49
2025-09-17,776299,BOS,19:00,16.8,10.8,80,93
2025-09-17,776288,NYM,19:00,19.5,12.4,64,80
2025-09-17,776289,KC,20:00,28.5,5.4,159,45
2025-09-17,776284,MIN,20:00,21.2,2.4,207,91
2025-09-17,776277,COL,21:00,16.9,3.5,24,55
2025-09-17,776280,LAD,22:00,22.5,10.2,149,67
2025-09-18,776275,DET,13:00,28.6,3.0,237,39
2025-09-18,776276,NYM,13:00,25.4,5.4,312,56
2025-09-18,776281,BOS,14:00,22.6,1.1,162,71
2025-09-18,776272,KC,14:00,22.8,4.4,27,84
2025-09-18,776270,COL,15:00,20.9,4.6,48,35
2025-09-18,776282,CIN,19:00,29.3,10.5,341,30
2025-09-18,776278,BAL,19:00,23.8,2.8,195,76
2025-09-18,776271,LAD,22:00,22.9,5.2,110,86
2025-09-19,776267,CIN,19:00,29.7,5.9,108,28
2025-09-19,776266,PIT,19:00,25.4,12.2,13,53
2025-09-19,776268,DET,19:00,20.1,13.4,39,63
2025-09-19,776273,BAL,19:00,25.9,1.0,112,70
2025-09-19,776259,NYM,19:00,26.2,7.0,302,44
2025-09-19,776260,KC,20:00,23.6,3.9,347,68
2025-09-19,776264,CWS,20:00,25.8,0.3,45,53
2025-09-19,776253,COL,20:00,25.0,10.9,61,19
2025-09-19,776263,MIN,20:00,18.4,5.0,145,94
2025-09-19,776265,STL,20:00,23.5,4.9,118,77
2025-09-19,776256,LAD,22:00,21.6,4.7,223,83
2025-09-20,776258,DET,13:00,21.4,14.9,71,61
2025-09-20,776243,MIN,19:00,21.1,7.6,176,71
2025-09-20,776252,NYM,16:00,23.9,6.7,46,35
2025-09-20,776254,CIN,19:00,29.5,5.3,162,29
2025-09-20,776257,BAL,19:00,21.8,4.1,119,79
2025-09-20,776245,KC,19:00,25.0,5.4,264,71
2025-09-20,776250,CWS,19:00,22.0,5.2,158,80
2025-09-20,776244,STL,19:00,26.2,7.1,170,64
2025-09-20,776241,COL,20:00,22.1,11.3,292,37
2025-09-20,776233,LAD,21:00,22.9,7.9,240,74
2025-09-21,776238,DET,13:00,23.3,4.5,29,65
2025-09-21,776234,PIT,14:00,26.4,11.6,159,57
2025-09-21,776240,BAL,14:00,22.4,10.0,111,66
2025-09-21,776239,CIN,14:00,27.1,9.4,220,57
2025-09-21,776237,NYM,14:00,22.3,6.8,115,40
2025-09-21,776229,KC,14:00,24.3,8.1,205,74
2025-09-21,776225,MIN,14:00,22.2,5.7,212,72
2025-09-21,776235,CWS,14:00,24.5,13.7,208,68
2025-09-21,776231,STL,14:00,29.1,7.6,218,51
2025-09-21,776232,COL,15:00,25.9,5.0,285,24
2025-09-21,776227,LAD,16:00,23.6,1.6,117,72
2025-09-22,776221,ATL,19:00,27.5,8.4,149,49
2025-09-22,776222,SD,22:00,21.7,8.4,326,86
2025-09-22,776220,SF,22:00,17.6,11.7,245,81
2025-09-23,776223,BAL,19:00,22.6,5.2,331,87
2025-09-23,776218,CLE,19:00,22.2,3.9,317,78
2025-09-23,776224,CIN,19:00,24.4,3.8,265,76
2025-09-23,776215,PHI,19:00,25.5,10.3,192,66
2025-09-23,776216,NYY,19:00,24.6,6.9,143,75
2025-09-23,776219,ATL,19:00,28.3,3.8,289,51
2025-09-23,776209,CHC,20:00,19.1,15.8,19,93
2025-09-23,776207,LAA,22:00,24.7,6.3,182,58
2025-09-23,776214,SD,22:00,21.4,5.3,258,92
2025-09-23,776211,SF,22:00,26.2,14.8,273,44
2025-09-23,776208,OAK,22:00,27.9,7.7,270,45
2025-09-24,776200,ATL,12:00,29.3,6.9,229,57
2025-09-24,776198,SD,16:00,25.5,12.5,282,70
2025-09-24,776203,BAL,19:00,21.5,4.9,129,96
2025-09-24,776204,CLE,19:00,20.3,7.6,91,89
2025-09-24,776202,CIN,19:00,23.1,2.5,8,80
2025-09-24,776201,PHI,19:00,22.1,6.2,158,94
2025-09-24,776199,NYY,19:00,21.8,5.7,125,89
2025-09-24,776205,CHC,20:00,16.6,14.3,4,92
2025-09-24,776197,LAA,22:00,24.2,6.9,194,68
2025-09-24,776196,SF,22:00,18.9,11.9,264,77
2025-09-24,776195,OAK,22:00,21.5,4.9,270,79
2025-09-25,776190,CIN,13:00,21.5,5.4,330,77
2025-09-25,776191,BAL,13:00,25.7,18.3,200,78
2025-09-25,776182,OAK,16:00,23.0,11.3,261,70
2025-09-25,776188,PHI,18:00,23.8,16.9,210,91
2025-09-25,776189,CLE,19:00,19.8,8.8,272,84
2025-09-25,776184,NYY,19:00,23.6,15.8,212,89
2025-09-25,776187,CHC,20:00,16.8,1.9,107,90
2025-09-25,776178,LAA,22:00,21.1,7.7,189,78
2025-09-26,776167,CHC,14:00,24.9,9.7,222,47
2025-09-26,776176,PHI,19:00,23.0,4.7,274,74
2025-09-26,776165,WSH,19:00,24.5,3.0,17,75
2025-09-26,776174,NYY,19:00,23.4,4.7,268,72
2025-09-26,776181,BOS,19:00,22.1,10.5,239,75
2025-09-26,776175,CLE,19:00,20.2,4.0,234,76
2025-09-26,776180,ATL,19:00,23.7,2.4,13,75
2025-09-26,776169,LAA,22:00,20.6,5.4,186,77
2025-09-26,776170,SD,22:00,19.2,5.8,206,83
2025-09-26,776172,OAK,22:00,19.3,2.8,198,80
2025-09-26,776166,SF,22:00,16.9,11.0,229,80
2025-09-27,776162,NYY,13:00,24.3,1.7,108,60
2025-09-27,776164,CHC,14:00,27.8,6.8,207,44
2025-09-27,776146,SF,16:00,19.0,22.7,229,71
2025-09-27,776160,WSH,16:00,23.4,7.5,60,72
2025-09-27,776157,BOS,16:00,22.1,8.1,95,74
2025-09-27,776163,PHI,18:00,24.1,6.0,106,71
2025-09-27,776158,CLE,19:00,22.9,2.3,113,60
2025-09-27,776156,ATL,19:00,25.0,1.8,204,72
2025-09-27,776152,SD,21:00,20.9,6.0,253,71
2025-09-27,776155,LAA,22:00,21.9,6.3,231,69
2025-09-27,776154,OAK,22:00,17.8,13.5,245,82
2025-09-28,776151,BOS,15:00,27.0,13.4,244,55
2025-09-28,776138,OAK,15:00,21.0,11.8,216,71
2025-09-28,776137,SF,15:00,19.8,13.8,235,70
2025-09-28,776141,PHI,15:00,27.2,5.6,297,58
2025-09-28,776143,WSH,15:00,25.8,4.8,304,59
2025-09-28,776140,NYY,15:00,27.0,6.1,267,59
2025-09-28,776135,LAA,15:00,26.6,4.3,246,49
2025-09-28,776136,SD,15:00,23.8,7.3,234,59
2025-09-28,776147,CLE,15:00,21.0,10.1,20,81
2025-09-28,776149,ATL,15:00,27.0,12.4,71,56
2025-09-28,776142,CHC,15:00,21.6,9.4,47,77
2025-09-30,813072,CLE,13:00,20.1,15.2,22,81
2025-09-30,813066,CHC,15:00,23.4,10.7,29,68
2025-09-30,813074,NYY,18:00,23.7,3.8,11,57
2025-09-30,813069,LAD,21:00,22.0,9.8,235,55
2026-04-05,824379,COL,15:00,16.7,4.5,47,17
2026-04-05,824460,CLE,13:00,5.0,26.5,277,71
2026-04-05,823566,NYY,14:00,14.7,7.0,220,88
2026-04-05,825025,OAK,16:00,27.1,2.0,260,31
2026-04-05,822756,WSH,14:00,15.7,7.5,323,93
2026-04-05,823238,SF,16:00,27.1,1.3,326,26
2026-04-05,824131,KC,14:00,12.7,10.7,324,46
2026-04-05,824296,DET,19:00,5.5,19.5,288,57
2026-04-05,823405,PIT,14:00,8.0,20.2,270,63
2026-04-05,823729,MIN,14:00,9.2,15.2,284,53
2026-04-05,824781,BOS,14:00,13.8,9.9,235,86
2026-04-05,824620,CWS,14:00,8.8,15.9,288,50
2026-04-05,824459,CLE,13:00,5.0,26.5,277,71
2026-04-05,824053,LAA,16:00,28.6,6.3,231,22
2026-04-25,824933,ATL,19:00,22.6,9.4,246,62
2026-04-25,824851,BAL,12:00,15.0,17.3,102,65
2026-04-25,823960,LAD,19:00,16.4,13.1,218,58
2026-04-25,824527,CIN,19:00,22.8,11.2,4,43
2026-04-25,823637,NYM,14:00,11.5,12.5,51,62
2026-04-25,823229,SF,16:00,13.2,13.9,250,74
2026-04-25,824613,CWS,16:00,9.1,14.2,18,79
2026-04-25,823070,STL,14:00,22.5,6.3,59,49
2026-04-25,824121,KC,19:00,22.4,12.1,117,56
2026-04-01,823321,SD,16:00,20.5,11.7,256,64
2026-04-01,824136,KC,20:00,12.5,13.2,84,92
2026-04-01,823483,PHI,13:00,27.1,17.1,271,40
2026-04-01,824536,CIN,13:00,22.9,19.4,230,64
2026-04-01,824860,BAL,13:00,29.2,15.8,271,35
2026-04-01,823970,LAD,20:00,18.7,11.4,249,62
2026-04-01,824698,CHC,14:00,3.0,25.7,31,84
2026-04-01,823078,STL,13:00,13.4,9.6,73,89
2026-04-01,824940,ATL,12:00,24.6,10.5,218,57
2026-04-02,823242,SF,22:00,14.3,16.4,296,59
2026-04-02,824621,CWS,14:00,10.0,10.5,65,87
2026-04-02,824133,KC,14:00,22.5,32.1,225,56
2026-04-03,824056,LAA,22:00,26.3,11.6,82,8
2026-04-03,823240,SF,22:00,17.1,12.8,261,45
2026-04-03,824377,COL,16:00,10.3,22.7,274,18
2026-04-03,822758,WSH,13:00,25.1,17.3,204,53
2026-04-03,823406,PIT,16:00,24.1,18.7,230,60
2026-04-03,824299,DET,13:00,20.2,22.2,259,64
2026-04-03,824458,CLE,16:00,14.7,15.2,240,77
2026-04-03,824786,BOS,14:00,16.3,18.5,235,66
2026-04-03,824134,KC,19:00,11.5,23.8,308,43
2026-04-03,823732,MIN,16:00,4.2,17.3,77,68
2026-04-03,825026,OAK,22:00,19.0,2.7,270,51
2026-04-03,823568,NYY,14:00,14.2,15.0,236,71
2026-04-04,823239,SF,21:00,27.2,9.0,280,17
2026-04-04,824622,CWS,14:00,9.9,21.6,263,83
2026-04-04,825027,OAK,16:00,25.2,7.8,75,29
2026-04-04,823404,PIT,16:00,27.0,17.5,200,42
2026-04-04,824295,DET,13:00,16.3,8.9,148,80
2026-04-04,824054,LAA,22:00,26.2,2.6,155,15
2026-04-04,824132,KC,14:00,8.5,23.1,293,53
2026-04-04,824782,BOS,16:00,5.1,24.2,86,75
2026-04-04,823730,MIN,19:00,3.3,20.1,303,66
2026-04-04,822757,WSH,16:00,29.5,15.2,187,39
2026-04-04,823569,NYY,19:00,10.4,14.6,110,68
2026-04-04,824378,COL,20:00,15.6,9.4,58,19
2026-04-06,824376,COL,21:00,18.1,8.9,43,22
2026-04-06,822755,WSH,19:00,14.4,8.5,318,44
2026-04-06,823728,MIN,20:00,1.1,12.6,347,37
2026-04-06,824052,LAA,22:00,20.2,8.1,185,59
2026-04-06,823237,SF,22:00,12.6,17.6,259,78
2026-04-06,824456,CLE,18:00,5.2,5.9,281,80
2026-04-06,823401,PIT,19:00,8.8,11.1,309,63
2026-04-06,824783,BOS,19:00,6.1,18.7,287,45
2026-04-06,824619,CWS,20:00,7.9,11.5,8,60
2026-04-07,823402,PIT,19:00,2.5,10.8,355,48
2026-04-07,823235,SF,22:00,13.3,18.2,250,78
2026-04-07,823727,MIN,20:00,4.6,14.6,145,45
2026-04-07,824375,COL,21:00,17.8,11.2,159,27
2026-04-07,823648,NYM,16:00,9.9,21.8,314,28
2026-04-07,823567,NYY,19:00,4.3,19.8,325,40
2026-04-07,824051,LAA,22:00,20.7,6.1,212,60
2026-04-07,824618,CWS,15:00,1.9,9.7,75,55
2026-04-07,822754,WSH,19:00,10.0,13.9,335,30
2026-04-07,824780,BOS,19:00,3.2,19.7,291,48
2026-04-07,824457,CLE,13:00,-2.6,14.7,353,67
2026-04-08,824374,COL,15:00,23.4,12.5,295,9
2026-04-08,823403,PIT,13:00,10.7,10.2,131,38
2026-04-08,823646,NYM,16:00,7.6,8.7,172,37
2026-04-08,822753,WSH,16:00,11.4,8.3,106,25
2026-04-08,823726,MIN,20:00,9.1,11.6,263,53
2026-04-08,823234,SF,16:00,17.6,12.6,257,57
2026-04-08,823564,NYY,19:00,4.9,11.5,166,50
2026-04-08,824050,LAA,16:00,25.1,6.6,254,48
2026-04-08,824779,BOS,14:00,4.7,8.1,107,47
2026-04-08,824455,CLE,13:00,6.6,8.4,137,51
2026-04-08,824617,CWS,14:00,14.6,16.6,162,47
2026-04-09,823319,SD,22:00,18.5,6.5,240,83
2026-04-09,823645,NYM,19:00,5.8,11.5,160,74
2026-04-09,823724,MIN,14:00,7.4,8.2,293,52
2026-04-09,824130,KC,20:00,22.1,16.6,184,53
2026-04-09,823565,NYY,14:00,9.7,12.6,161,42
2026-04-10,824128,KC,20:00,12.8,13.6,72,79
2026-04-10,823482,PHI,19:00,17.1,16.4,184,52
2026-04-10,824534,CIN,19:00,18.6,16.4,265,70
2026-04-10,824695,CHC,14:00,6.9,13.3,358,94
2026-04-10,823968,LAD,22:00,17.9,10.7,233,66
2026-04-10,823643,NYM,19:00,9.1,12.3,169,68
2026-04-10,824941,ATL,19:00,23.3,2.3,309,29
2026-04-10,823318,SD,22:00,17.8,7.6,248,80
2026-04-10,824858,BAL,19:00,17.9,10.9,151,49
2026-04-10,824297,DET,19:00,10.0,9.0,350,79
2026-04-10,823076,STL,20:00,15.6,11.7,15,77
2026-04-11,824294,DET,13:00,8.2,5.4,92,55
2026-04-11,824535,CIN,16:00,19.3,3.6,30,35
2026-04-11,823480,PHI,13:00,16.3,15.8,341,37
2026-04-11,824939,ATL,19:00,27.1,5.8,234,20
2026-04-11,824697,CHC,14:00,8.0,9.8,70,83
2026-04-11,823074,STL,19:00,21.7,11.2,156,64
2026-04-11,823316,SD,21:00,19.3,8.5,271,57
2026-04-11,823644,NYM,16:00,17.6,15.7,326,24
2026-04-11,824129,KC,16:00,23.5,17.2,155,70
2026-04-11,824857,BAL,19:00,19.1,9.8,352,29
2026-04-11,823967,LAD,21:00,18.9,12.4,236,50
2026-04-12,824293,DET,14:00,17.7,15.0,184,64
2026-04-12,823317,SD,16:00,19.7,18.0,219,56
2026-04-12,823075,STL,14:00,25.4,23.1,193,46
2026-04-12,824126,KC,14:00,18.0,17.7,177,93
2026-04-12,824696,CHC,14:00,23.8,23.2,198,55
2026-04-12,823642,NYM,14:00,11.7,14.3,163,33
2026-04-12,824938,ATL,19:00,26.8,17.3,185,23
2026-04-12,823479,PHI,14:00,17.9,12.1,175,30
2026-04-12,824859,BAL,14:00,18.6,17.2,143,39
2026-04-12,823966,LAD,16:00,19.1,9.1,248,55
2026-04-12,824533,CIN,14:00,27.5,20.1,220,30
2026-04-13,823964,LAD,22:00,16.2,5.6,263,51
2026-04-13,823400,PIT,19:00,22.8,15.5,232,63
2026-04-13,823725,MIN,20:00,16.2,12.4,43,76
2026-04-13,823481,PHI,19:00,24.3,17.9,225,51
2026-04-13,824937,ATL,19:00,25.4,10.9,207,32
2026-04-13,825024,OAK,22:00,14.1,11.5,272,69
2026-04-13,823073,STL,20:00,23.9,15.7,185,73
2026-04-13,823563,NYY,19:00,24.8,20.5,241,47
2026-04-13,824856,BAL,19:00,26.4,14.8,233,38
2026-04-14,823965,LAD,22:00,17.6,8.6,239,53
2026-04-14,823315,SD,22:00,17.4,10.4,288,65
2026-04-14,823723,MIN,20:00,16.2,6.0,316,65
2026-04-14,825022,OAK,22:00,12.4,12.9,257,74
2026-04-14,823072,STL,20:00,25.7,19.3,196,63
2026-04-14,823562,NYY,19:00,28.7,19.2,245,38
2026-04-14,824935,ATL,19:00,27.2,12.1,212,28
2026-04-14,823478,PHI,19:00,28.2,15.7,219,37
2026-04-14,824616,CWS,20:00,19.4,18.3,175,85
2026-04-14,824531,CIN,19:00,26.3,13.2,202,53
2026-04-14,824853,BAL,19:00,30.2,14.3,245,32
2026-04-14,823398,PIT,19:00,23.2,11.7,250,63
2026-04-14,824292,DET,19:00,21.9,8.1,181,79
2026-04-15,823561,NYY,19:00,30.8,11.8,246,37
2026-04-15,823963,LAD,22:00,19.7,7.6,232,49
2026-04-15,823314,SD,22:00,17.0,9.3,288,76
2026-04-15,824855,BAL,13:00,33.0,9.4,240,31
2026-04-15,823477,PHI,19:00,29.7,14.4,211,38
2026-04-15,823071,STL,13:00,23.0,7.3,208,77
2026-04-15,823399,PIT,19:00,21.3,19.8,238,74
2026-04-15,824936,ATL,19:00,27.4,14.9,207,30
2026-04-15,823722,MIN,14:00,15.9,3.0,17,64
2026-04-15,825021,OAK,22:00,14.3,13.5,266,75
2026-04-15,824615,CWS,20:00,19.2,14.5,172,87
2026-04-15,824532,CIN,19:00,27.6,17.1,253,43
2026-04-15,824291,DET,19:00,19.1,16.3,225,90
2026-04-16,824289,DET,13:00,18.6,12.3,252,91
2026-04-16,824453,CLE,18:00,14.3,2.6,51,86
2026-04-16,823560,NYY,14:00,32.1,13.6,197,31
2026-04-16,823396,PIT,13:00,26.2,20.0,231,37
2026-04-16,824530,CIN,13:00,24.8,23.3,246,50
2026-04-16,824614,CWS,14:00,18.0,5.5,257,82
2026-04-16,825023,OAK,15:00,17.1,13.1,358,38
2026-04-16,823313,SD,21:00,17.8,7.8,230,75
2026-04-17,823559,NYY,19:00,23.7,13.4,15,44
2026-04-17,823476,PHI,19:00,25.5,11.1,318,38
2026-04-17,824373,COL,21:00,1.9,8.9,130,55
2026-04-17,825019,OAK,22:00,15.5,5.5,281,52
2026-04-17,824778,BOS,19:00,10.3,4.9,54,89
2026-04-17,824693,CHC,14:00,21.2,17.1,140,82
2026-04-17,824048,LAA,22:00,21.6,4.8,195,49
2026-04-17,823720,MIN,20:00,6.9,16.2,317,59
2026-04-17,824454,CLE,18:00,10.8,12.5,45,89
2026-04-17,822752,WSH,19:00,25.8,10.4,2,37
2026-04-17,823397,PIT,19:00,22.5,0.9,127,60
2026-04-18,823394,PIT,16:00,26.3,23.3,217,42
2026-04-18,824372,COL,20:00,13.6,6.9,131,15
2026-04-18,823474,PHI,19:00,16.7,16.1,129,67
2026-04-18,824049,LAA,22:00,23.2,11.7,194,28
2026-04-18,822751,WSH,16:00,25.9,15.3,112,52
2026-04-18,825020,OAK,16:00,21.5,5.6,253,63
2026-04-18,824775,BOS,16:00,8.7,15.4,85,79
2026-04-18,823721,MIN,14:00,2.8,24.0,287,51
2026-04-18,823558,NYY,14:00,19.3,9.3,136,51
2026-04-18,824694,CHC,14:00,8.9,22.5,273,60
2026-04-18,824451,CLE,18:00,9.5,20.2,275,82
2026-04-19,824371,COL,15:00,20.2,1.3,304,5
2026-04-19,824452,CLE,14:00,6.9,22.5,289,50
2026-04-19,825018,OAK,16:00,19.3,8.5,242,49
2026-04-19,823393,PIT,14:00,9.4,25.7,294,34
2026-04-19,824777,BOS,17:00,7.2,18.4,323,78
2026-04-19,824691,CHC,14:00,8.0,26.9,287,53
2026-04-19,823475,PHI,19:00,10.5,9.0,325,61
2026-04-19,823556,NYY,14:00,8.0,17.3,316,79
2026-04-19,823718,MIN,14:00,5.7,16.4,317,39
2026-04-19,824047,LAA,16:00,26.1,8.4,230,39
2026-04-19,822750,WSH,14:00,10.8,17.1,318,72
2026-04-20,824370,COL,21:00,24.5,6.4,45,5
2026-04-20,824046,LAA,22:00,18.9,9.4,204,55
2026-04-20,824125,KC,20:00,21.0,16.3,196,40
2026-04-20,824450,CLE,18:00,2.8,4.4,300,47
2026-04-20,822749,WSH,19:00,10.5,16.9,330,30
2026-04-20,824776,BOS,11:00,8.4,15.1,278,48
2026-04-20,824692,CHC,20:00,8.4,16.9,129,74
2026-04-21,823236,SF,22:00,13.6,15.9,247,72
2026-04-21,824690,CHC,20:00,17.0,6.5,210,83
2026-04-21,824773,BOS,19:00,4.6,16.7,140,62
2026-04-21,824127,KC,20:00,23.1,24.1,206,57
2026-04-21,823640,NYM,19:00,6.8,13.8,171,38
2026-04-21,822747,WSH,19:00,14.8,11.2,183,36
2026-04-21,824045,LAA,22:00,18.4,8.7,225,65
2026-04-21,824290,DET,19:00,19.6,12.1,275,60
2026-04-21,824448,CLE,18:00,15.6,17.6,187,54
2026-04-21,824369,COL,21:00,26.6,19.0,160,8
2026-04-22,824367,COL,21:00,24.5,14.5,238,4
2026-04-22,824774,BOS,19:00,7.5,11.0,198,77
2026-04-22,822748,WSH,19:00,21.8,11.0,208,51
2026-04-22,823231,SF,22:00,15.3,6.4,306,66
2026-04-22,823641,NYM,19:00,11.3,3.3,84,69
2026-04-22,824688,CHC,20:00,9.8,8.1,43,76
2026-04-22,824123,KC,14:00,19.8,16.6,202,64
2026-04-22,824286,DET,19:00,19.0,8.7,72,59
2026-04-22,824449,CLE,13:00,12.0,4.4,341,79
2026-04-22,824044,LAA,15:00,21.1,6.9,223,36
2026-04-23,823233,SF,16:00,17.3,9.6,250,70
2026-04-23,824368,COL,15:00,16.8,12.0,13,10
2026-04-23,824689,CHC,14:00,20.7,13.1,120,86
2026-04-23,823639,NYM,19:00,21.3,9.1,326,25
2026-04-23,824288,DET,13:00,20.5,7.8,140,66
2026-04-23,824770,BOS,18:00,14.4,11.6,8,36
2026-04-23,822745,WSH,13:00,26.5,7.4,334,38
2026-04-24,824854,BAL,19:00,22.8,6.4,153,49
2026-04-24,823232,SF,22:00,13.3,18.3,264,77
2026-04-24,823638,NYM,19:00,12.9,10.7,168,50
2026-04-24,823962,LAD,22:00,18.8,9.2,206,61
2026-04-24,823069,STL,20:00,19.8,4.2,25,72
2026-04-24,824611,CWS,20:00,17.9,5.2,12,84
2026-04-24,824529,CIN,19:00,24.8,12.7,245,42
2026-04-24,824124,KC,20:00,19.5,8.2,54,56
2026-04-24,824932,ATL,19:00,25.7,15.3,204,32
2026-04-26,824122,KC,16:00,23.7,16.2,134,59
2026-04-26,823230,SF,16:00,14.6,17.0,257,55
2026-04-26,823959,LAD,16:00,17.9,16.9,230,44
2026-04-26,823068,STL,14:00,24.6,11.0,132,47
2026-04-26,823635,NYM,14:00,11.5,12.5,51,62
2026-04-26,824934,ATL,14:00,24.9,3.9,344,52
2026-04-26,824528,CIN,14:00,16.1,7.8,61,58
2026-04-26,824852,BAL,14:00,12.4,14.3,28,62
2026-04-26,824612,CWS,14:00,11.2,9.6,64,79
2026-04-27,823395,PIT,19:00,19.9,16.5,121,42
2026-04-27,824609,CWS,20:00,18.8,20.5,182,82
2026-04-27,823961,LAD,22:00,16.4,10.9,241,46
2026-04-27,823311,SD,22:00,16.7,12.1,305,54
2026-04-27,824446,CLE,18:00,17.9,18.7,137,59
2026-04-27,823719,MIN,20:00,9.9,19.8,309,90
2026-04-28,823956,LAD,22:00,18.5,7.4,236,41
2026-04-28,823636,NYM,19:00,12.6,6.2,190,55
2026-04-28,823716,MIN,20:00,11.1,14.0,306,46
2026-04-28,824447,CLE,18:00,11.8,15.9,299,83
2026-04-28,823473,PHI,19:00,15.3,7.8,173,45
2026-04-28,823310,SD,22:00,17.5,10.8,302,59
2026-04-28,824931,ATL,19:00,20.2,10.6,228,76
2026-04-28,824849,BAL,19:00,15.0,10.3,136,50
2026-04-28,824610,CWS,20:00,15.3,3.7,137,69
2026-04-28,825017,OAK,22:00,16.3,7.8,244,69
2026-04-28,823390,PIT,19:00,21.5,7.3,234,59
2026-04-28,824526,CIN,19:00,21.6,10.5,278,60
2026-04-29,823958,LAD,15:00,23.5,4.7,203,33
2026-04-29,824525,CIN,19:00,16.5,17.8,303,55
2026-04-29,825015,OAK,22:00,16.0,8.3,256,73
2026-04-29,824850,BAL,13:00,18.8,17.0,283,46
2026-04-29,823717,MIN,14:00,9.8,15.3,314,41
2026-04-29,824445,CLE,13:00,10.5,12.3,3,89
2026-04-29,823392,PIT,19:00,14.1,12.5,295,87
2026-04-29,824930,ATL,19:00,24.2,15.3,294,72
2026-04-29,824608,CWS,13:00,10.4,13.4,355,85
2026-04-29,823312,SD,16:00,20.7,13.6,262,48
2026-04-29,823633,NYM,19:00,10.8,8.3,166,75
2026-04-29,823471,PHI,18:00,17.5,13.7,297,47
2026-04-30,823714,MIN,20:00,9.2,9.0,334,43
2026-04-30,824848,BAL,13:00,18.8,17.0,283,46
2026-04-30,824524,CIN,13:00,12.8,13.2,340,46
2026-04-30,825016,OAK,15:00,17.7,11.1,219,67
2026-04-30,824929,ATL,12:00,19.3,14.4,332,66
2026-04-30,823472,PHI,13:00,17.7,12.0,319,57
2026-04-30,823634,NYM,13:00,14.4,7.8,318,69
2026-04-30,823391,PIT,13:00,10.4,17.0,309,64
2026-05-01,823066,STL,20:00,15.0,4.8,297,48
2026-05-01,824366,COL,21:00,14.7,0.8,243,46
2026-05-01,824041,LAA,22:00,19.6,9.8,203,65
2026-05-01,824287,DET,19:00,6.8,4.5,85,76
2026-05-01,822744,WSH,19:00,17.0,9.7,178,46
2026-05-01,823389,PIT,19:00,9.2,10.0,279,82
2026-05-01,823713,MIN,20:00,10.4,9.5,303,35
2026-05-01,824686,CHC,14:00,6.8,10.5,17,65
2026-05-01,825012,OAK,22:00,14.6,11.8,236,83
2026-05-01,823309,SD,22:00,17.4,8.0,265,78
2026-05-01,823557,NYY,19:00,11.8,11.5,182,64
2026-05-01,824772,BOS,19:00,14.3,5.7,281,47
2026-05-02,824284,DET,19:00,8.0,9.5,314,47
2026-05-02,824685,CHC,14:00,9.7,6.7,90,47
2026-05-02,823067,STL,19:00,14.3,10.7,316,36
2026-05-02,822746,WSH,16:00,15.4,11.4,319,35
2026-05-02,824042,LAA,22:00,18.6,8.9,198,64
2026-05-02,823554,NYY,14:00,14.8,7.5,291,50
2026-05-02,825014,OAK,16:00,15.8,17.9,236,68
2026-05-02,824771,BOS,16:00,12.1,14.9,180,67
2026-05-02,823715,MIN,14:00,15.0,10.9,243,29
2026-05-02,823388,PIT,16:00,6.8,15.3,340,66
2026-05-02,823308,SD,21:00,18.3,12.6,284,72
2026-05-02,824365,COL,20:00,21.0,2.8,145,14
2026-05-03,823711,MIN,13:00,19.9,16.6,331,27
2026-05-03,823387,PIT,14:00,13.3,15.6,263,35
2026-05-03,822742,WSH,14:00,14.2,18.5,305,31
2026-05-03,824687,CHC,14:00,11.4,23.7,193,63
2026-05-03,824285,DET,19:00,14.9,21.9,239,46
2026-05-03,823307,SD,16:00,19.6,13.5,268,58
2026-05-03,824364,COL,15:00,23.4,9.3,316,12
2026-05-03,824769,BOS,14:00,12.1,22.6,319,37
2026-05-03,825013,OAK,16:00,16.8,15.0,217,57
2026-05-03,823065,STL,14:00,20.4,20.0,204,33
2026-05-03,824043,LAA,16:00,19.2,8.3,214,57
2026-05-03,823555,NYY,14:00,13.0,23.2,301,30
2026-05-04,824283,DET,18:00,20.9,24.1,214,49
2026-05-04,823064,STL,20:00,23.7,16.8,205,46
2026-05-04,824120,KC,20:00,26.4,10.0,219,34
2026-05-04,824039,LAA,22:00,16.9,10.1,230,64
2026-05-04,823552,NYY,19:00,17.0,14.7,157,53
2026-05-04,824363,COL,18:00,20.3,10.8,308,22
2026-05-04,823228,SF,22:00,13.9,13.9,269,76
2026-05-04,824684,CHC,19:00,20.9,24.8,211,56
2026-05-05,824682,CHC,20:00,11.9,1.6,84,65
2026-05-05,824119,KC,20:00,12.3,9.3,24,63
2026-05-05,823469,PHI,19:00,26.6,24.7,205,30
2026-05-05,822743,WSH,19:00,26.9,23.1,203,24
2026-05-05,823553,NYY,19:00,22.7,15.8,166,51
2026-05-05,824281,DET,19:00,12.9,10.5,283,59
2026-05-05,824362,COL,15:00,17.5,6.5,134,38
2026-05-05,823062,STL,14:00,28.9,9.0,12,56
2026-05-05,824040,LAA,22:00,17.3,7.2,202,60
2026-05-05,823227,SF,22:00,13.9,13.6,265,79
2026-05-06,824118,KC,20:00,14.4,7.2,359,37
2026-05-06,823226,SF,16:00,17.5,11.8,259,71
2026-05-06,822740,WSH,19:00,22.0,11.9,214,68
2026-05-06,823550,NYY,19:00,19.4,10.9,234,77
2026-05-06,824683,CHC,20:00,11.6,19.5,284,41
2026-05-06,823063,STL,13:00,12.7,7.1,322,68
2026-05-06,824036,LAA,16:00,22.1,7.3,242,48
2026-05-06,824282,DET,19:00,10.8,10.4,296,46
2026-05-06,823470,PHI,19:00,20.9,16.6,221,70
2026-05-06,824361,COL,21:00,0.6,1.0,149,79
2026-05-07,823467,PHI,19:00,18.1,1.9,41,42
2026-05-07,824117,KC,14:00,17.3,22.4,237,43
2026-05-07,823551,NYY,13:00,16.1,9.7,333,35
2026-05-07,822741,WSH,13:00,14.3,4.2,59,50
2026-05-07,824767,BOS,19:00,15.0,14.8,286,33
2026-05-07,823306,SD,22:00,17.6,7.2,231,79
2026-05-07,824681,CHC,14:00,12.7,8.8,154,38
2026-05-08,824443,CLE,19:00,13.8,13.3,213,73
2026-05-08,824116,KC,20:00,18.3,3.2,207,62
2026-05-08,823957,LAD,22:00,18.3,7.8,226,70
2026-05-08,824607,CWS,20:00,16.2,10.4,135,57
2026-05-08,824768,BOS,19:00,13.7,13.0,269,33
2026-05-08,824522,CIN,18:00,20.6,17.7,246,36
2026-05-08,823466,PHI,19:00,19.7,13.0,244,25
2026-05-08,824846,BAL,19:00,19.7,6.4,227,37
2026-05-08,823303,SD,22:00,18.4,5.3,260,76
2026-05-08,823225,SF,22:00,14.3,16.9,240,78
2026-05-09,824606,CWS,19:00,21.5,19.9,311,27
2026-05-09,823304,SD,19:00,20.1,10.2,234,61
2026-05-09,824444,CLE,18:00,15.0,16.9,194,76
2026-05-09,823955,LAD,21:00,22.5,10.8,227,52
2026-05-09,824523,CIN,16:00,22.1,12.9,230,47
2026-05-09,823468,PHI,18:00,18.0,6.7,46,64
2026-05-09,823224,SF,21:00,15.1,20.5,248,75
2026-05-09,824847,BAL,16:00,19.1,3.9,114,68
2026-05-09,824766,BOS,14:00,28.1,13.3,305,29
2026-05-09,824115,KC,19:00,25.4,18.0,331,32
2026-05-10,823221,SF,16:00,16.7,14.4,227,68
2026-05-10,824605,CWS,14:00,14.5,13.4,76,25
2026-05-10,824520,CIN,14:00,20.1,7.4,354,43
2026-05-10,823305,SD,16:00,21.0,12.1,232,60
2026-05-10,823463,PHI,14:00,27.2,12.0,249,32
2026-05-10,823954,LAD,16:00,25.9,9.1,216,43
2026-05-10,824845,BAL,14:00,27.4,5.9,207,36
2026-05-10,824765,BOS,14:00,21.0,12.6,208,64
2026-05-10,824440,CLE,14:00,12.0,8.4,345,41
2026-05-10,824113,KC,19:00,21.0,11.5,17,17
2026-05-11,823953,LAD,22:00,24.2,8.3,221,41
2026-05-11,824844,BAL,19:00,16.8,8.0,54,31
2026-05-11,824441,CLE,18:00,11.0,12.3,40,56
2026-05-12,824604,CWS,20:00,18.6,19.1,215,66
2026-05-12,824442,CLE,18:00,16.4,4.3,95,69
2026-05-12,824521,CIN,19:00,22.9,10.9,230,38
2026-05-12,824927,ATL,19:00,20.7,12.4,118,49
2026-05-12,823712,MIN,20:00,18.8,24.7,325,35
2026-05-12,825011,OAK,22:00,14.2,16.8,233,78
2026-05-12,823951,LAD,22:00,18.6,8.8,215,60
2026-05-12,823632,NYM,19:00,13.8,12.8,184,46
2026-05-12,823385,PIT,19:00,19.0,6.9,293,37
2026-05-12,824764,BOS,19:00,15.2,4.7,67,29
2026-05-12,824843,BAL,19:00,16.6,8.7,148,53
2026-05-13,825010,OAK,22:00,15.8,10.2,210,70
2026-05-13,823710,MIN,20:00,21.6,11.5,4,17
2026-05-13,824519,CIN,19:00,15.8,23.7,333,49
2026-05-13,823631,NYM,19:00,15.7,18.9,178,67
2026-05-13,824928,ATL,19:00,24.3,14.3,295,45
2026-05-13,824603,CWS,20:00,10.5,10.8,37,55
2026-05-13,823386,PIT,19:00,13.3,16.2,321,75
2026-05-13,824841,BAL,13:00,22.9,18.8,201,41
2026-05-13,824438,CLE,13:00,11.2,26.4,281,75
2026-05-13,823952,LAD,22:00,18.5,9.0,233,56
2026-05-13,824763,BOS,19:00,15.7,17.8,191,62
2026-05-14,825008,OAK,15:00,19.8,8.5,228,60
2026-05-14,824762,BOS,19:00,12.0,9.3,50,97
2026-05-14,823383,PIT,13:00,9.4,19.5,308,71
2026-05-14,824602,CWS,20:00,15.0,10.9,112,35
2026-05-14,824926,ATL,19:00,21.5,15.3,339,29
2026-05-14,823950,LAD,22:00,18.9,9.4,238,61
2026-05-14,824517,CIN,13:00,14.6,16.6,358,42
2026-05-14,823630,NYM,13:00,16.9,6.9,293,59
2026-05-14,823709,MIN,14:00,26.1,23.4,163,16
2026-05-15,822739,WSH,19:00,20.8,7.6,269,39
2026-05-15,824360,COL,21:00,26.3,12.6,119,14
2026-05-15,825009,OAK,22:00,17.8,9.9,207,59
2026-05-15,824280,DET,19:00,20.1,14.2,192,35
2026-05-15,824925,ATL,19:00,24.1,8.0,243,30
2026-05-15,824601,CWS,20:00,22.4,15.7,175,46
2026-05-15,823061,STL,20:00,25.9,7.1,161,56
2026-05-15,824037,LAA,22:00,19.1,8.2,218,66
2026-05-15,824439,CLE,19:00,19.1,3.6,153,51
2026-05-15,823629,NYM,19:00,19.3,13.0,323,43
2026-05-15,823384,PIT,19:00,17.8,6.8,299,48
2026-05-15,823707,MIN,19:00,30.8,16.3,245,16
2026-05-16,824359,COL,15:00,24.2,13.7,355,20
2026-05-16,824278,DET,13:00,23.8,15.4,246,54
2026-05-16,825007,OAK,22:00,19.0,9.6,250,52
2026-05-16,822737,WSH,16:00,29.0,13.9,211,29
2026-05-16,824435,CLE,18:00,19.2,12.2,208,87
2026-05-16,823706,MIN,19:00,25.7,13.6,305,19
2026-05-16,824924,ATL,19:00,26.4,7.8,220,36
2026-05-16,823627,NYM,19:00,20.9,13.2,170,51
2026-05-16,824038,LAA,22:00,19.3,8.3,219,68
2026-05-16,823382,PIT,16:00,18.2,15.2,207,86
2026-05-16,823060,STL,14:00,22.5,8.4,99,80
2026-05-16,824600,CWS,19:00,27.3,9.2,242,46
2026-05-17,822738,WSH,14:00,30.1,13.0,265,38
2026-05-17,825006,OAK,16:00,21.2,9.7,266,41
2026-05-17,824599,CWS,14:00,29.0,21.2,180,45
2026-05-17,824923,ATL,14:00,31.0,11.6,162,40
2026-05-17,824358,COL,15:00,16.2,6.4,117,52
2026-05-17,824436,CLE,14:00,23.6,2.2,171,71
2026-05-17,823058,STL,14:00,27.8,21.7,189,56
2026-05-17,824279,DET,14:00,26.7,13.9,179,57
2026-05-17,823381,PIT,14:00,27.5,12.2,246,50
2026-05-17,823628,NYM,14:00,31.2,14.0,195,28
2026-05-17,824034,LAA,16:00,20.0,7.6,188,61
2026-05-17,823708,MIN,14:00,19.0,19.9,86,48
2026-05-18,822734,WSH,19:00,33.2,12.9,199,35
2026-05-18,824357,COL,21:00,6.5,10.4,360,76
2026-05-18,823465,PHI,19:00,31.0,13.7,169,47
2026-05-18,824035,LAA,22:00,19.6,9.0,211,65
2026-05-18,823549,NYY,19:00,25.9,11.8,157,51
2026-05-18,824680,CHC,20:00,23.2,21.3,202,71
2026-05-18,824277,DET,19:00,22.4,21.3,210,85
2026-05-18,823301,SD,22:00,17.4,7.7,219,67
2026-05-18,823705,MIN,20:00,15.9,3.6,9,89
2026-05-18,824114,KC,19:00,25.9,18.7,182,76
2026-05-19,822736,WSH,19:00,33.8,7.9,215,30
2026-05-19,823548,NYY,19:00,33.3,5.4,233,36
2026-05-19,823059,STL,20:00,22.0,14.2,333,84
2026-05-19,824033,LAA,22:00,26.3,6.0,263,18
2026-05-19,824276,DET,19:00,26.8,18.1,242,62
2026-05-19,823464,PHI,19:00,32.3,10.9,211,42
2026-05-19,824112,KC,20:00,14.0,14.2,15,74
2026-05-19,824677,CHC,20:00,20.4,18.0,294,71
2026-05-19,823302,SD,22:00,21.5,5.9,268,59
2026-05-19,823704,MIN,20:00,10.9,15.7,301,63
2026-05-19,824356,COL,21:00,9.7,2.7,307,66
2026-05-20,824032,LAA,22:00,28.0,5.6,264,21
2026-05-20,824355,COL,15:00,11.8,7.4,49,65
2026-05-20,823462,PHI,13:00,34.6,12.3,262,34
2026-05-20,823299,SD,21:00,23.1,7.9,253,51
2026-05-20,823547,NYY,19:00,26.4,11.3,287,69
2026-05-20,824678,CHC,20:00,11.6,17.9,15,65
2026-05-20,823057,STL,20:00,18.9,8.3,41,67
2026-05-20,824111,KC,20:00,17.2,11.0,67,60
2026-05-20,823703,MIN,14:00,13.0,2.9,30,45
2026-05-20,822735,WSH,19:00,29.9,8.2,81,52
2026-05-20,824273,DET,19:00,13.8,13.2,61,66
2026-05-21,824031,LAA,22:00,19.3,9.5,191,64
2026-05-21,822733,WSH,16:00,16.0,16.0,27,72
2026-05-21,824274,DET,13:00,14.6,18.0,61,53
2026-05-21,823056,STL,13:00,20.6,8.5,55,62
2026-05-21,823545,NYY,19:00,15.6,1.8,349,78
2026-05-22,824029,LAA,22:00,18.0,9.3,208,67
2026-05-22,823461,PHI,19:00,13.0,12.7,83,79
2026-05-22,824110,KC,20:00,20.8,7.9,102,76
2026-05-22,824518,CIN,13:00,22.9,15.1,242,72
2026-05-22,824761,BOS,19:00,16.9,7.6,165,27
2026-05-22,824842,BAL,19:00,13.1,14.6,93,84
2026-05-22,824679,CHC,14:00,15.0,15.5,39,64
2026-05-22,823298,SD,22:00,17.8,7.3,280,71
2026-05-22,823223,SF,22:00,13.8,20.6,244,79
2026-05-22,823546,NYY,19:00,16.0,13.5,134,41
2026-05-22,824922,ATL,19:00,23.3,8.4,157,87
2026-05-23,824760,BOS,16:00,14.2,11.7,88,57
2026-05-23,823222,SF,16:00,17.2,18.7,226,61
2026-05-23,824030,LAA,22:00,19.1,10.0,214,66
2026-05-23,823543,NYY,14:00,11.6,13.5,89,78
2026-05-23,823300,SD,22:00,18.1,8.3,271,66
2026-05-23,824516,CIN,19:00,22.0,7.4,256,75
2026-05-23,824920,ATL,16:00,27.1,8.5,168,65
2026-05-23,824840,BAL,18:00,18.3,6.2,112,80
2026-05-23,824674,CHC,14:00,15.0,13.8,36,82
2026-05-23,823458,PHI,16:00,10.8,17.4,68,89
2026-05-23,824109,KC,16:00,25.1,12.2,326,43
2026-05-24,824514,CIN,14:00,28.0,9.5,268,71
2026-05-24,824676,CHC,14:00,18.9,4.6,54,82
2026-05-24,823297,SD,16:00,19.3,13.9,293,66
2026-05-24,824108,KC,14:00,25.9,4.2,83,35
2026-05-24,824759,BOS,14:00,11.9,17.2,79,82
2026-05-24,824839,BAL,13:00,16.9,6.1,85,85
2026-05-24,823459,PHI,14:00,15.9,10.5,63,82
2026-05-24,823544,NYY,14:00,13.6,15.5,77,89
2026-05-24,823220,SF,16:00,16.3,17.2,247,63
2026-05-24,824921,ATL,16:00,24.0,1.5,210,87
2026-05-24,824028,LAA,19:00,22.0,11.0,222,50
2026-05-25,824598,CWS,14:00,25.6,7.4,108,43
2026-05-25,825005,OAK,22:00,14.1,21.9,252,71
2026-05-25,823380,PIT,14:00,23.8,9.0,1,62
2026-05-25,823625,NYM,16:00,21.5,5.9,308,72
2026-05-25,824838,BAL,14:00,23.2,3.5,285,80
2026-05-25,823219,SF,17:00,15.0,21.3,253,63
2026-05-25,823296,SD,19:00,20.0,12.9,286,57
2026-05-25,823948,LAD,21:00,19.6,10.8,227,52
2026-05-25,824437,CLE,18:00,16.7,8.5,29,85
2026-05-25,824107,KC,16:00,30.5,13.7,155,32
2026-05-26,825004,OAK,22:00,16.3,13.0,267,60
2026-05-26,823949,LAD,22:00,17.5,10.1,223,62
2026-05-26,824597,CWS,20:00,26.0,11.2,127,36
2026-05-26,824275,DET,19:00,23.9,8.0,208,46
2026-05-26,824434,CLE,18:00,20.4,5.0,19,70
2026-05-26,824758,BOS,19:00,24.1,15.4,215,58
2026-05-26,823216,SF,22:00,14.5,20.7,283,68
2026-05-26,824106,KC,20:00,27.5,10.1,139,45
2026-05-26,824837,BAL,19:00,23.0,7.1,186,75
2026-05-26,823294,SD,22:00,17.0,11.0,244,63
2026-05-26,823379,PIT,19:00,23.6,8.3,193,75
2026-05-26,823624,NYM,19:00,20.4,7.3,173,66
2026-05-27,823626,NYM,19:00,25.9,11.6,234,68
2026-05-27,825003,OAK,15:00,19.1,9.7,204,52
2026-05-27,823376,PIT,19:00,24.1,9.3,328,65
2026-05-27,824596,CWS,20:00,20.4,6.7,36,59
2026-05-27,823947,LAD,22:00,16.1,10.6,235,57
2026-05-27,824432,CLE,13:00,19.2,6.9,353,79
2026-05-27,824104,KC,20:00,28.5,15.4,80,40
2026-05-27,824756,BOS,19:00,28.1,13.0,309,30
2026-05-27,823217,SF,16:00,18.2,11.7,245,58
2026-05-27,824270,DET,19:00,23.8,18.2,45,46
2026-05-27,823295,SD,16:00,18.9,14.0,232,51
2026-05-27,824836,BAL,19:00,26.0,5.4,266,72
2026-05-28,824595,CWS,14:00,17.7,15.6,21,57
2026-05-28,824757,BOS,16:00,22.6,11.5,358,28
2026-05-28,824272,DET,13:00,20.4,17.2,38,43
2026-05-28,824834,BAL,19:00,22.6,15.8,359,47
2026-05-28,823378,PIT,19:00,19.0,16.4,357,55
2026-05-29,824353,COL,21:00,23.8,3.9,347,27
2026-05-29,824594,CWS,20:00,23.4,9.9,55,47
2026-05-29,822732,WSH,19:00,24.6,12.1,235,45
2026-05-29,824433,CLE,19:00,20.6,6.3,255,56
2026-05-29,825002,OAK,22:00,14.7,8.9,242,82
2026-05-29,824515,CIN,19:00,24.9,4.1,67,47
2026-05-29,823623,NYM,19:00,19.2,14.1,185,58
2026-05-29,823055,STL,19:00,24.8,10.0,108,62
2026-05-29,823946,LAD,22:00,18.1,10.6,240,61
2026-05-29,823377,PIT,19:00,22.2,11.9,284,48
2026-05-29,824835,BAL,19:00,23.8,7.6,273,45
2026-05-30,824352,COL,21:00,22.7,2.4,253,20
2026-05-30,824593,CWS,14:00,19.8,15.5,43,45
2026-05-30,822731,WSH,16:00,22.7,18.4,9,32
2026-05-30,824513,CIN,19:00,22.8,15.1,54,40
2026-05-30,825000,OAK,22:00,16.1,8.1,225,70
2026-05-30,823945,LAD,22:00,21.5,8.9,232,49
2026-05-30,823622,NYM,16:00,15.8,22.6,8,42
2026-05-30,823054,STL,19:00,24.4,8.4,83,87
2026-05-30,823375,PIT,16:00,20.4,12.4,19,44
2026-05-30,824833,BAL,16:00,21.6,18.7,1,36
2026-05-30,824431,CLE,16:00,14.0,27.0,34,68
2026-05-31,824354,COL,15:00,25.8,8.4,138,13
2026-05-31,822729,WSH,14:00,25.0,1.4,230,18
2026-05-31,824592,CWS,14:00,19.3,9.0,70,48
2026-05-31,823053,STL,19:00,27.2,4.6,144,61
2026-05-31,823373,PIT,14:00,22.0,3.4,96,28
2026-05-31,823621,NYM,14:00,21.6,10.2,188,35
2026-05-31,824832,BAL,12:00,21.5,2.2,336,32
2026-05-31,824430,CLE,14:00,18.7,15.8,2,60
2026-05-31,824512,CIN,14:00,25.2,6.9,30,29
2026-05-31,823944,LAD,16:00,28.2,10.0,214,37
2026-05-31,825001,OAK,16:00,23.0,9.8,247,50
2026-06-01,824027,LAA,22:00,20.1,8.5,207,63
2026-06-01,822730,WSH,19:00,24.9,14.7,68,27
2026-06-01,824510,CIN,19:00,23.0,12.5,50,31
2026-06-01,823050,STL,20:00,28.3,8.0,9,46
2026-06-01,823702,MIN,20:00,24.3,8.8,110,49
2026-06-02,824026,LAA,22:00,21.2,8.5,205,56
2026-06-02,823460,PHI,19:00,24.2,11.0,21,25
2026-06-02,822728,WSH,19:00,24.5,10.3,47,21
2026-06-02,823541,NYY,19:00,23.4,8.3,131,25
2026-06-02,823700,MIN,20:00,26.5,12.1,123,32
2026-06-02,824511,CIN,19:00,24.5,16.1,37,31
2026-06-02,824754,BOS,19:00,21.1,1.7,238,62
2026-06-02,823052,STL,20:00,26.5,14.1,88,32
2026-06-02,824675,CHC,20:00,17.5,14.9,8,64
2026-06-02,824918,ATL,19:00,21.3,17.5,73,70
2026-06-03,824024,LAA,22:00,21.6,8.9,194,59
2026-06-03,823701,MIN,14:00,28.8,18.1,193,24
2026-06-03,823540,NYY,19:00,24.9,15.0,174,27
2026-06-03,822727,WSH,13:00,27.8,11.3,17,20
2026-06-03,823456,PHI,19:00,27.7,5.5,197,21
2026-06-03,824755,BOS,19:00,24.3,12.9,187,41
2026-06-03,824917,ATL,19:00,22.7,10.7,123,48
2026-06-03,824671,CHC,20:00,21.3,13.6,101,55
2026-06-03,824509,CIN,19:00,26.9,5.2,164,30
2026-06-03,823051,STL,20:00,28.2,9.7,91,26
2026-06-04,823542,NYY,14:00,30.8,1.0,248,17
2026-06-04,823698,MIN,20:00,24.5,7.0,273,68
2026-06-04,824753,BOS,14:00,31.6,7.5,190,23
2026-06-04,823457,PHI,13:00,30.7,3.9,317,23
2026-06-04,824672,CHC,20:00,29.1,15.9,208,36
2026-06-04,824919,ATL,19:00,25.6,5.6,92,43
2026-06-05,824350,COL,21:00,25.2,4.8,70,43
2026-06-05,823049,STL,20:00,27.0,11.3,188,68
2026-06-05,823455,PHI,19:00,31.3,10.4,260,28
2026-06-05,823538,NYY,19:00,27.3,14.4,171,37
2026-06-05,824673,CHC,14:00,22.3,10.2,194,87
2026-06-05,824914,ATL,19:00,27.1,4.2,190,46
2026-06-05,823293,SD,22:00,18.5,7.3,228,75
2026-06-05,824271,DET,19:00,24.9,7.2,305,65
2026-06-05,823699,MIN,20:00,22.1,7.8,233,73
2026-06-05,823943,LAD,22:00,21.5,9.2,208,62
2026-06-06,823454,PHI,16:00,33.0,19.7,235,33
2026-06-06,823539,NYY,20:00,23.1,10.9,243,80
2026-06-06,823942,LAD,22:00,21.5,8.5,204,61
2026-06-06,824269,DET,13:00,28.2,11.9,290,52
2026-06-06,824669,CHC,14:00,25.0,7.8,261,70
2026-06-06,823048,STL,14:00,30.4,10.8,208,54
2026-06-06,823697,MIN,14:00,28.6,6.7,14,38
2026-06-06,824915,ATL,16:00,28.9,7.9,169,41
2026-06-06,823292,SD,22:00,18.1,8.2,237,71
2026-06-06,824351,COL,21:00,30.9,16.0,180,13
2026-06-07,824349,COL,15:00,33.4,10.3,202,9
2026-06-07,823453,PHI,14:00,30.2,17.2,308,35
2026-06-07,823537,NYY,14:00,27.7,16.5,303,34
2026-06-07,823047,STL,14:00,30.9,13.1,155,46
2026-06-07,823696,MIN,14:00,30.8,17.4,131,43
2026-06-07,824916,ATL,14:00,26.5,7.2,208,68
2026-06-07,824268,DET,14:00,25.1,13.3,58,52
2026-06-07,823941,LAD,16:00,25.4,10.2,203,43
2026-06-07,824670,CHC,21:00,19.0,6.7,3,87
2026-06-07,823291,SD,16:00,20.9,11.9,250,60
2026-06-08,824025,LAA,22:00,20.9,8.2,206,62
2026-06-08,824998,OAK,22:00,14.9,12.3,243,87
2026-06-08,823218,SF,22:00,14.4,17.7,257,85
2026-06-08,823289,SD,22:00,18.8,5.2,256,69
2026-06-08,824427,CLE,19:00,28.0,7.7,149,54
2026-06-08,824829,BAL,19:00,23.0,7.9,129,53
2026-06-09,824347,COL,21:00,31.5,4.3,33,8
2026-06-09,824999,OAK,22:00,18.5,7.9,229,65
2026-06-09,823374,PIT,19:00,23.8,19.1,196,78
2026-06-09,824591,CWS,20:00,26.9,4.7,261,82
2026-06-09,824023,LAA,22:00,23.2,7.2,231,58
2026-06-09,823620,NYM,19:00,20.6,12.1,173,56
2026-06-09,823290,SD,22:00,19.8,6.7,239,72
2026-06-09,824830,BAL,19:00,24.3,10.0,128,57
2026-06-09,824429,CLE,19:00,26.0,13.7,208,75
2026-06-09,824267,DET,19:00,26.6,4.9,188,76
2026-06-09,823214,SF,22:00,17.0,14.4,244,67
2026-06-09,824105,KC,20:00,30.4,22.0,183,68
2026-06-10,824348,COL,21:00,32.4,1.4,23,7
2026-06-10,824996,OAK,21:00,27.0,8.6,241,33
2026-06-10,823618,NYM,19:00,24.0,11.5,172,77
2026-06-10,824022,LAA,22:00,23.5,7.4,212,60
2026-06-10,823215,SF,16:00,22.2,15.7,242,44
2026-06-10,823287,SD,16:00,22.5,12.7,220,66
2026-06-10,824428,CLE,13:00,24.1,15.3,308,89
2026-06-10,824103,KC,20:00,23.5,2.9,353,96
2026-06-10,824831,BAL,19:00,25.1,9.6,171,88
2026-06-10,823372,PIT,19:00,28.2,14.5,245,71
2026-06-10,824266,DET,19:00,30.3,8.1,208,61
2026-06-10,824590,CWS,20:00,23.3,14.5,207,81
2026-06-11,824346,COL,15:00,24.6,13.5,82,9
2026-06-11,823619,NYM,13:00,32.9,9.3,238,52
2026-06-11,824265,DET,13:00,29.5,14.4,278,47
2026-06-11,824101,KC,14:00,28.5,24.0,239,75
2026-06-11,823371,PIT,19:00,27.7,12.3,292,59
2026-06-11,824827,BAL,19:00,31.7,6.6,237,61
2026-06-11,824589,CWS,14:00,23.8,13.4,14,66
2026-06-12,822726,WSH,19:00,33.4,8.5,235,40
2026-06-12,824507,CIN,19:00,25.8,11.7,308,51
2026-06-12,824588,CWS,20:00,24.9,12.5,250,54
2026-06-12,824020,LAA,22:00,26.2,7.0,198,57
2026-06-12,823211,SF,22:00,14.7,17.2,257,88
2026-06-12,823370,PIT,19:00,26.0,12.4,283,53
2026-06-12,824826,BAL,19:00,31.0,10.7,286,52
2026-06-12,824102,KC,20:00,27.6,11.0,155,41
2026-06-12,824752,BOS,19:00,26.6,9.0,53,78
2026-06-12,824425,CLE,19:00,22.9,18.5,285,66
2026-06-12,823617,NYM,19:00,26.5,8.9,232,77
2026-06-12,823695,MIN,20:00,24.0,12.7,252,52
2026-06-12,824997,OAK,22:00,18.9,9.1,278,69
2026-06-13,824828,BAL,16:00,31.9,3.8,270,29
2026-06-13,824508,CIN,16:00,28.5,9.7,246,39
2026-06-13,824019,LAA,22:00,24.0,9.5,191,57
2026-06-13,824587,CWS,16:00,27.4,20.5,234,52
2026-06-13,822725,WSH,16:00,31.2,7.3,300,33
2026-06-13,824426,CLE,16:00,24.9,10.3,355,61
2026-06-13,823694,MIN,14:00,22.3,17.3,290,42
2026-06-13,823369,PIT,16:00,28.1,5.8,254,38
2026-06-13,824749,BOS,16:00,31.9,10.6,294,26
2026-06-13,823213,SF,22:00,16.3,19.1,259,80
2026-06-13,824100,KC,19:00,28.0,14.2,180,66
2026-06-13,824995,OAK,22:00,18.7,12.9,277,71
2026-06-13,823616,NYM,16:00,31.2,5.9,220,31
2026-06-14,822722,WSH,14:00,33.0,14.6,184,44
2026-06-14,824994,OAK,15:00,21.6,11.9,259,58
2026-06-14,824021,LAA,16:00,26.9,9.1,218,45
2026-06-14,824506,CIN,14:00,26.7,16.5,231,62
2026-06-14,824586,CWS,14:00,20.8,15.9,314,58
2026-06-14,823615,NYM,14:00,29.7,12.6,170,44
2026-06-14,824751,BOS,19:00,26.4,18.5,191,54
2026-06-14,824099,KC,14:00,23.3,15.5,331,46
2026-06-14,824424,CLE,14:00,26.0,15.4,277,62
2026-06-14,823368,PIT,12:00,25.8,13.0,181,63
2026-06-14,824823,BAL,14:00,32.4,15.9,168,40
2026-06-14,823693,MIN,14:00,20.0,19.7,325,34
2026-06-14,823212,SF,15:00,18.3,15.9,256,67
2026-06-15,824993,OAK,22:00,17.3,12.8,259,75
2026-06-15,823938,LAD,22:00,21.9,8.0,218,59
2026-06-15,822724,WSH,19:00,25.2,13.4,296,37
2026-06-15,824505,CIN,19:00,20.8,6.3,325,48
2026-06-15,823452,PHI,19:00,23.7,13.6,306,40
2026-06-15,824666,CHC,20:00,22.5,12.1,247,47
2026-06-15,823046,STL,20:00,24.5,6.4,278,35
2026-06-16,822723,WSH,19:00,26.2,14.9,223,31
2026-06-16,823535,NYY,19:00,21.4,13.7,176,46
2026-06-16,824504,CIN,19:00,22.9,14.1,215,47
2026-06-16,824912,ATL,14:00,27.8,10.9,218,60
2026-06-16,824991,OAK,22:00,17.2,13.7,254,76
2026-06-16,823939,LAD,22:00,22.0,9.2,228,55
2026-06-16,823045,STL,20:00,24.7,8.1,266,55
2026-06-16,824667,CHC,20:00,20.5,20.2,275,53
2026-06-16,823451,PHI,19:00,24.8,13.6,202,31
2026-06-16,824750,BOS,19:00,25.2,4.2,227,23
2026-06-17,822721,WSH,13:00,30.8,10.6,227,27
2026-06-17,824746,BOS,19:00,23.5,18.4,188,51
2026-06-17,823450,PHI,13:00,28.1,11.6,202,39
2026-06-17,824503,CIN,13:00,25.9,17.6,228,56
2026-06-17,823536,NYY,19:00,22.0,13.3,162,65
2026-06-17,824992,OAK,22:00,17.5,17.7,255,77
2026-06-17,823940,LAD,15:00,23.7,6.4,191,49
2026-06-17,824668,CHC,20:00,20.0,15.7,204,86
2026-06-17,823044,STL,14:00,30.5,24.0,203,46
2026-06-17,824913,ATL,19:00,27.8,15.8,229,63
2026-06-18,823448,PHI,19:00,29.3,24.6,249,45
2026-06-18,823533,NYY,19:00,30.8,22.7,251,40
2026-06-18,824748,BOS,14:00,23.2,24.4,176,75
2026-06-18,824098,KC,20:00,22.6,3.6,243,58
2026-06-18,824911,ATL,19:00,21.9,12.9,162,97
2026-06-18,824989,OAK,22:00,17.5,19.2,242,75
2026-06-19,824345,COL,21:00,28.1,4.5,83,18
2026-06-19,823936,LAD,22:00,19.7,9.9,233,59
2026-06-19,824990,OAK,22:00,17.9,15.5,257,71
2026-06-19,823534,NYY,19:00,28.1,17.4,292,25
2026-06-19,824663,CHC,14:00,22.6,6.1,3,45
2026-06-19,824264,DET,19:00,22.0,16.5,293,46
2026-06-19,824910,ATL,19:00,28.3,11.2,334,62
2026-06-19,824097,KC,20:00,26.6,6.4,16,50
2026-06-20,824342,COL,21:00,30.9,5.8,346,24
2026-06-20,823532,NYY,14:00,28.6,17.6,297,28
2026-06-20,824909,ATL,16:00,29.2,2.9,259,49
2026-06-20,823937,LAD,22:00,20.3,8.3,222,55
2026-06-20,824665,CHC,14:00,22.6,7.9,27,50
2026-06-20,823447,PHI,19:00,28.1,17.4,300,24
2026-06-20,824988,OAK,22:00,17.7,15.0,264,65
2026-06-20,824263,DET,13:00,23.6,16.5,262,50
2026-06-21,824343,COL,15:00,32.1,13.2,326,8
2026-06-21,823934,LAD,16:00,24.0,11.0,205,47
2026-06-21,824987,OAK,16:00,20.6,11.6,249,60
2026-06-21,823531,NYY,14:00,28.5,7.7,323,29
2026-06-21,824095,KC,14:00,25.3,17.2,263,70
2026-06-21,824908,ATL,14:00,27.7,4.4,297,65
2026-06-21,823449,PHI,19:00,28.2,10.8,285,30
2026-06-21,824260,DET,14:00,22.7,7.9,86,51
2026-06-21,824664,CHC,14:00,23.9,9.1,98,80
2026-06-22,824344,COL,21:00,30.3,12.1,179,17
2026-06-22,824585,CWS,20:00,17.6,11.8,7,75
2026-06-22,823613,NYM,13:00,26.2,10.6,318,39
2026-06-22,824016,LAA,22:00,23.2,9.2,200,55
2026-06-22,824261,DET,18:00,22.6,17.1,29,50
2026-06-22,823692,MIN,20:00,24.5,7.6,36,26
2026-06-22,823040,STL,20:00,21.5,11.6,8,66
2026-06-22,823288,SD,22:00,19.5,7.6,263,72
2026-06-22,822720,WSH,19:00,24.5,8.1,108,96
2026-06-22,824502,CIN,19:00,20.8,12.9,352,79
2026-06-23,824340,COL,21:00,26.6,5.6,353,40
2026-06-23,824501,CIN,19:00,23.9,8.3,326,55
2026-06-23,824017,LAA,22:00,21.9,8.0,198,59
2026-06-23,823043,STL,20:00,26.5,4.7,178,38
2026-06-23,822718,WSH,19:00,22.4,12.0,352,70
2026-06-23,823210,SF,22:00,14.3,17.8,254,84
2026-06-23,824262,DET,19:00,21.0,11.5,45,62
2026-06-23,824584,CWS,20:00,19.0,5.1,86,60
2026-06-23,823365,PIT,19:00,22.2,14.7,343,48
2026-06-23,823614,NYM,19:00,19.4,10.9,348,90
2026-06-23,823690,MIN,20:00,18.2,12.0,112,91
2026-06-23,823286,SD,22:00,19.5,7.6,274,77
2026-06-24,824583,CWS,14:00,18.3,9.6,104,83
2026-06-24,824341,COL,15:00,27.2,10.5,13,44
2026-06-24,824259,DET,19:00,21.2,4.8,217,60
2026-06-24,824018,LAA,16:00,25.5,9.8,220,52
2026-06-24,822719,WSH,19:00,26.7,4.5,230,39
2026-06-24,823691,MIN,20:00,22.0,16.0,295,48
2026-06-24,824500,CIN,19:00,25.4,8.1,275,43
2026-06-24,823367,PIT,19:00,24.2,2.0,243,39
2026-06-24,823284,SD,21:00,19.9,9.9,279,74
2026-06-24,823208,SF,22:00,14.3,19.0,250,84
2026-06-24,823611,NYM,19:00,25.2,4.4,240,46
2026-06-24,823041,STL,20:00,23.8,3.0,256,85
2026-06-25,823042,STL,17:00,26.7,3.5,69,43
2026-06-25,824747,BOS,19:00,24.3,7.6,98,59
2026-06-25,823612,NYM,19:00,23.7,14.1,167,61
2026-06-25,823366,PIT,13:00,25.3,15.3,227,53
2026-06-25,823209,SF,16:00,16.9,15.5,244,69
2026-06-25,824258,DET,19:00,24.1,13.9,270,56
2026-06-25,822717,WSH,19:00,28.5,8.7,194,42
2026-06-26,824014,LAA,22:00,20.7,9.1,202,60
2026-06-26,824824,BAL,19:00,26.7,8.1,177,68
2026-06-26,823285,SD,22:00,19.1,8.4,247,71
2026-06-26,823039,STL,20:00,23.8,5.7,148,93
2026-06-26,823688,MIN,20:00,24.1,11.9,145,50
2026-06-26,824423,CLE,19:00,21.0,9.5,21,72
2026-06-26,823363,PIT,19:00,25.8,6.9,256,50
2026-06-26,824255,DET,19:00,21.6,8.0,65,66
2026-06-26,824743,BOS,19:00,21.3,7.6,332,87
2026-06-26,823206,SF,22:00,15.5,18.1,254,88
2026-06-26,823610,NYM,19:00,23.8,5.9,168,85
2026-06-26,824582,CWS,20:00,17.6,8.8,28,87
2026-06-27,824581,CWS,16:00,22.0,11.9,39,80
2026-06-27,824015,LAA,22:00,20.5,11.0,203,70
2026-06-27,823689,MIN,19:00,27.4,19.1,128,42
2026-06-27,823283,SD,21:00,19.7,9.3,261,74
2026-06-27,824825,BAL,19:00,23.5,5.9,110,88
2026-06-27,824421,CLE,19:00,21.0,16.2,29,80
2026-06-27,823038,STL,19:00,24.1,9.7,184,92
2026-06-27,823207,SF,21:00,16.3,20.4,249,67
2026-06-27,824745,BOS,13:00,21.8,9.9,99,83
2026-06-27,823364,PIT,16:00,23.8,5.9,301,78
2026-06-27,824257,DET,13:00,22.3,9.5,65,64
2026-06-27,823609,NYM,16:00,22.5,3.1,10,86
2026-06-28,824011,LAA,15:00,21.5,9.9,178,54
2026-06-28,824580,CWS,14:00,25.3,9.7,79,76
2026-06-28,823362,PIT,14:00,26.0,2.0,117,70
2026-06-28,823608,NYM,14:00,26.3,6.6,151,62
2026-06-28,824821,BAL,14:00,23.8,4.2,72,86
2026-06-28,823037,STL,14:00,32.3,12.5,174,63
2026-06-28,823281,SD,16:00,20.3,12.8,250,56
2026-06-28,824744,BOS,19:00,23.1,7.2,183,75
2026-06-28,823686,MIN,14:00,24.1,20.1,133,73
2026-06-28,824422,CLE,14:00,22.9,18.3,7,86
2026-06-28,823204,SF,16:00,19.8,17.9,253,51
2026-06-28,824256,DET,14:00,26.3,9.7,80,60
2026-06-29,824986,OAK,22:00,20.2,8.7,249,52
2026-06-29,823529,NYY,19:00,28.1,7.4,174,45
2026-06-29,823444,PHI,19:00,28.3,11.0,205,54
2026-06-29,824420,CLE,19:00,27.2,10.3,36,80
2026-06-29,824741,BOS,19:00,22.2,8.1,95,66
2026-06-29,824822,BAL,19:00,28.5,5.5,167,54
2026-06-29,824339,COL,21:00,29.7,17.7,61,13
2026-06-29,824662,CHC,20:00,30.7,19.3,196,64
2026-06-30,824338,COL,21:00,26.7,20.9,20,24
2026-06-30,824984,OAK,22:00,16.1,12.1,237,72
2026-06-30,824819,BAL,19:00,28.5,11.7,166,55
2026-06-30,824907,ATL,19:00,33.0,7.2,51,45
2026-06-30,824661,CHC,20:00,31.8,26.2,216,65
2026-06-30,823528,NYY,19:00,31.5,8.8,203,40
2026-06-30,824742,BOS,19:00,25.9,6.3,219,76
2026-06-30,824418,CLE,19:00,31.6,18.3,251,65
2026-06-30,823445,PHI,19:00,30.0,16.2,188,44
2026-06-30,824096,KC,20:00,32.3,22.0,181,57
2026-07-01,824337,COL,21:00,29.3,18.4,42,14
2026-07-01,823530,NYY,14:00,33.5,8.0,175,56
2026-07-01,824660,CHC,14:00,34.0,12.1,208,45
2026-07-01,824905,ATL,19:00,31.0,4.4,55,58
2026-07-01,824419,CLE,13:00,28.2,17.9,306,86
2026-07-01,824094,KC,20:00,31.1,14.9,187,59
2026-07-01,824740,BOS,14:00,32.4,4.0,252,56
2026-07-01,823446,PHI,19:00,34.2,14.1,195,49
2026-07-01,824985,OAK,22:00,16.4,15.1,237,70
2026-07-01,824818,BAL,13:00,34.2,4.9,172,52
2026-07-02,824335,COL,15:00,30.5,7.1,69,21
2026-07-02,823935,LAD,22:00,21.6,8.9,234,55
2026-07-02,823442,PHI,13:00,38.9,8.1,291,35
2026-07-02,824416,CLE,19:00,32.0,15.9,264,63
2026-07-02,824906,ATL,19:00,33.8,5.2,348,42
2026-07-02,824093,KC,20:00,32.1,14.7,188,51
2026-07-03,823527,NYY,19:00,35.1,8.3,266,43
2026-07-03,824982,OAK,22:00,18.1,9.7,270,66
2026-07-03,824659,CHC,16:00,25.6,10.1,207,83
2026-07-03,824498,CIN,19:00,33.5,7.6,258,47
2026-07-03,822714,WSH,19:00,37.2,7.1,279,37
2026-07-03,824013,LAA,22:00,24.0,8.5,198,53
2026-07-03,824904,ATL,19:00,30.8,7.6,352,56
2026-07-03,823933,LAD,22:00,23.1,9.7,222,49
2026-07-03,824417,CLE,19:00,30.3,13.2,287,73
2026-07-03,824336,COL,20:00,31.4,14.7,27,11
2026-07-04,824334,COL,20:00,28.0,14.1,273,23
2026-07-04,824983,OAK,22:00,16.6,10.0,250,75
2026-07-04,822716,WSH,11:00,37.1,4.7,302,34
2026-07-04,823526,NYY,14:00,35.7,9.3,289,39
2026-07-04,824499,CIN,19:00,25.5,16.0,321,79
2026-07-04,824012,LAA,22:00,26.0,6.8,205,46
2026-07-04,824092,KC,20:00,24.9,3.6,20,73
2026-07-04,823932,LAD,22:00,24.2,10.0,229,45
2026-07-04,824658,CHC,20:00,21.9,12.0,45,93
2026-07-04,824903,ATL,20:00,32.0,2.5,249,54
2026-07-04,824415,CLE,19:00,25.5,6.0,16,81
2026-07-05,824333,COL,16:00,35.1,2.4,189,7
2026-07-05,824010,LAA,22:00,24.5,8.0,196,52
2026-07-05,824980,OAK,17:00,20.5,13.6,247,59
2026-07-05,823931,LAD,19:00,26.9,13.7,226,39
2026-07-05,823525,NYY,14:00,28.0,4.3,147,71
2026-07-05,824656,CHC,15:00,21.4,15.1,360,91
2026-07-05,822715,WSH,13:00,33.1,5.8,97,53
2026-07-05,824497,CIN,13:00,28.4,6.3,268,69
2026-07-05,824413,CLE,14:00,24.3,12.8,61,85
2026-07-05,824902,ATL,13:00,32.5,7.1,277,52
2026-07-05,824091,KC,15:00,30.1,11.5,356,49
2026-07-06,823930,LAD,22:00,24.0,7.5,222,46
2026-07-06,822712,WSH,19:00,25.6,3.5,102,94
2026-07-06,824089,KC,14:00,29.8,7.1,111,48
2026-07-06,824900,ATL,19:00,26.4,11.4,281,75
2026-07-06,823205,SF,22:00,13.9,19.8,256,84
2026-07-06,823282,SD,22:00,20.7,10.2,300,71
2026-07-06,823036,STL,20:00,28.5,11.1,14,58
2026-07-07,823929,LAD,22:00,25.1,8.1,211,47
2026-07-07,824254,DET,19:00,28.3,7.1,63,54
2026-07-07,822713,WSH,19:00,26.6,5.8,88,80
2026-07-07,823361,PIT,19:00,26.6,6.5,39,70
2026-07-07,823687,MIN,20:00,27.5,7.4,157,70
2026-07-07,824579,CWS,20:00,26.2,5.3,66,55
2026-07-07,824820,BAL,19:00,25.8,3.9,106,79
2026-07-07,823607,NYM,19:00,21.6,11.0,18,80
2026-07-07,824495,CIN,19:00,29.2,7.7,12,56
2026-07-07,823203,SF,22:00,13.5,23.4,260,82
2026-07-07,823280,SD,22:00,20.5,8.7,287,73
2026-07-07,823035,STL,20:00,26.9,3.0,52,73
2026-07-08,823928,LAD,22:00,25.5,7.5,222,47
2026-07-08,823360,PIT,19:00,29.2,5.1,328,49
2026-07-08,824578,CWS,20:00,29.9,10.6,222,48
2026-07-08,823202,SF,16:00,15.2,15.0,236,74
2026-07-08,824253,DET,19:00,30.2,11.7,214,43
2026-07-08,823684,MIN,20:00,25.4,4.7,353,73
2026-07-08,822710,WSH,19:00,27.5,5.2,139,66
2026-07-08,824815,BAL,19:00,26.6,7.1,159,69
2026-07-08,823032,STL,20:00,26.3,5.4,42,81
2026-07-08,823279,SD,22:00,20.9,6.9,275,71
2026-07-08,823605,NYM,19:00,23.2,9.6,174,78
2026-07-08,824496,CIN,19:00,29.9,2.9,292,49
2026-07-09,823606,NYM,13:00,27.4,12.1,179,74
2026-07-09,823359,PIT,13:00,24.4,11.5,231,77
2026-07-09,824251,DET,19:00,28.9,12.9,298,52
2026-07-09,824816,BAL,14:00,29.0,8.0,152,77
2026-07-09,823683,MIN,14:00,27.2,6.3,51,48
2026-07-09,824494,CIN,19:00,29.5,10.0,237,52
2026-07-09,823277,SD,22:00,19.9,6.7,236,75
2026-07-09,823034,STL,20:00,27.4,1.7,103,68
2026-07-09,824577,CWS,14:00,26.0,9.8,224,79
2026-07-09,823201,SF,22:00,14.7,18.7,236,77
2026-07-10,823927,LAD,22:00,25.7,7.6,216,48
2026-07-10,824575,CWS,20:00,23.4,10.3,5,78
2026-07-10,823033,STL,20:00,27.1,7.8,224,84
2026-07-10,822709,WSH,19:00,25.9,3.7,194,85
2026-07-10,824817,BAL,19:00,26.2,6.6,217,82
2026-07-10,824493,CIN,19:00,28.9,7.8,278,61
2026-07-10,823278,SD,22:00,20.2,5.9,227,74
2026-07-10,823200,SF,22:00,14.5,20.0,236,78
2026-07-10,823604,NYM,19:00,28.0,5.5,259,68
2026-07-10,823357,PIT,12:00,26.1,2.8,320,72
2026-07-10,824252,DET,19:00,26.1,5.2,46,68
2026-07-10,823685,MIN,20:00,29.8,3.7,247,45
2026-07-11,824576,CWS,14:00,24.8,14.7,25,78
2026-07-11,822711,WSH,16:00,27.0,6.5,314,73
2026-07-11,824492,CIN,19:00,24.8,0.6,288,76
2026-07-11,823030,STL,19:00,25.3,13.0,14,81
2026-07-11,823198,SF,16:00,15.9,16.5,238,70
2026-07-11,823926,LAD,21:00,26.2,12.1,185,45
2026-07-11,824249,DET,18:00,27.9,13.0,70,47
2026-07-11,824813,BAL,19:00,26.6,2.3,61,78
2026-07-11,823276,SD,21:00,20.6,7.2,266,77
2026-07-11,823356,PIT,16:00,28.1,2.6,326,58
2026-07-11,823682,MIN,14:00,31.5,5.8,184,48
2026-07-11,823603,NYM,16:00,28.3,6.6,79,58
2026-07-12,824814,BAL,14:00,28.1,11.4,87,61
2026-07-12,824250,DET,14:00,28.9,12.4,73,39
2026-07-12,823925,LAD,16:00,27.4,9.6,174,45
2026-07-12,824574,CWS,14:00,27.6,10.0,54,61
2026-07-12,823274,SD,16:00,23.4,8.7,256,69
2026-07-12,823029,STL,14:00,29.1,9.7,22,58
2026-07-12,823602,NYM,14:00,30.1,6.0,183,29
2026-07-12,822708,WSH,14:00,26.1,10.3,95,71
2026-07-12,824491,CIN,14:00,28.3,9.7,80,66
2026-07-12,823199,SF,16:00,19.0,11.9,269,69
2026-07-12,823358,PIT,12:00,27.5,5.9,125,62
2026-07-12,823681,MIN,14:00,32.9,12.0,223,49
2026-07-16,823440,PHI,18:00,34.4,17.9,289,43
2026-07-17,824332,COL,21:00,33.0,6.9,123,18
2026-07-17,823524,NYY,19:00,30.1,6.1,310,25
2026-07-17,824009,LAA,22:00,24.7,7.2,235,61
2026-07-17,824981,OAK,22:00,16.1,12.5,237,74
2026-07-17,824090,KC,20:00,29.4,10.8,201,61
2026-07-17,824655,CHC,20:00,27.1,4.1,221,86
2026-07-17,824414,CLE,13:00,28.9,21.1,259,70
2026-07-17,824901,ATL,19:00,27.3,8.4,28,79
2026-07-17,824737,BOS,19:00,27.1,10.2,329,26
2026-07-18,824331,COL,15:00,32.7,3.6,9,22
2026-07-18,824979,OAK,22:00,16.3,9.8,246,76
2026-07-18,824008,LAA,22:00,25.6,8.8,192,59
2026-07-18,823441,PHI,15:00,26.1,5.0,316,88
2026-07-18,824738,BOS,16:00,21.4,21.7,193,88
2026-07-18,824088,KC,16:00,33.1,8.5,264,45
2026-07-18,823523,NYY,13:00,25.0,14.5,319,51
2026-07-18,824899,ATL,16:00,32.2,8.9,318,50
2026-07-18,824657,CHC,14:00,24.5,13.9,239,91
2026-07-18,824412,CLE,19:00,25.3,17.6,312,84
2026-07-19,824330,COL,15:00,36.4,5.9,72,12
2026-07-19,824978,OAK,16:00,20.0,8.8,244,61
2026-07-19,824007,LAA,16:00,29.9,8.0,234,48
2026-07-19,823439,PHI,14:00,27.5,11.0,320,43
2026-07-19,824411,CLE,14:00,21.9,11.6,5,59
2026-07-19,824897,ATL,14:00,29.0,12.2,214,71
2026-07-19,824086,KC,14:00,33.0,2.5,94,58
2026-07-19,824653,CHC,14:00,22.4,11.4,51,76
2026-07-19,824739,BOS,14:00,25.4,16.1,309,38
2026-07-19,823521,NYY,19:00,25.6,7.9,325,43
2026-07-20,824328,COL,21:00,36.6,8.3,70,15
2026-07-20,824006,LAA,22:00,26.9,5.9,211,50
2026-07-20,823522,NYY,19:00,25.2,14.1,167,40
2026-07-20,824898,ATL,19:00,31.4,13.2,169,51
2026-07-20,824654,CHC,20:00,26.5,22.2,222,69
2026-07-20,823436,PHI,19:00,29.1,5.8,244,33
2026-07-20,824410,CLE,19:00,25.3,9.1,34,60
2026-07-20,824087,KC,20:00,34.8,8.7,223,51
2026-07-20,824736,BOS,19:00,26.2,15.1,208,37
2026-07-21,824329,COL,21:00,34.6,15.6,143,19
2026-07-21,824005,LAA,22:00,27.8,8.9,187,35
2026-07-21,824895,ATL,19:00,31.6,15.7,199,50
2026-07-21,824085,KC,20:00,29.2,16.8,4,51
2026-07-21,823519,NYY,19:00,28.1,11.0,264,52
2026-07-21,824735,BOS,14:00,28.5,15.7,217,61
2026-07-21,824409,CLE,19:00,26.0,16.4,273,66
2026-07-21,823437,PHI,19:00,23.4,13.3,203,96
2026-07-21,824652,CHC,20:00,24.6,24.7,7,73
2026-07-22,824004,LAA,16:00,28.2,9.1,221,57
2026-07-22,823518,NYY,13:00,28.9,16.0,269,53
2026-07-22,823438,PHI,19:00,28.5,12.4,301,50
2026-07-22,824896,ATL,19:00,31.1,15.7,210,54
2026-07-22,824327,COL,15:00,31.1,3.5,291,37
2026-07-22,824083,KC,14:00,27.0,9.4,32,45
2026-07-22,824408,CLE,19:00,20.8,12.0,320,53
2026-07-22,824650,CHC,20:00,20.4,7.6,54,52
2026-07-22,824732,BOS,19:00,24.2,12.4,248,80
2026-07-23,824247,DET,19:00,23.5,9.0,133,39
2026-07-23,824406,CLE,13:00,21.6,7.6,8,46
2026-07-23,824893,ATL,12:00,28.8,10.7,235,67
2026-07-24,822707,WSH,19:00,25.8,10.1,89,43
2026-07-24,824733,BOS,19:00,24.7,12.6,142,48
2026-07-24,824573,CWS,20:00,24.4,9.3,171,47
2026-07-24,824248,DET,19:00,25.1,9.8,144,48
2026-07-24,823601,NYM,19:00,24.7,11.5,169,42
2026-07-24,823031,STL,20:00,22.6,9.8,163,75
2026-07-24,823352,PIT,19:00,24.2,6.1,71,63
2026-07-24,823434,PHI,19:00,26.0,14.2,126,41
2026-07-24,823196,SF,22:00,16.2,20.0,249,83
2026-07-24,823680,MIN,20:00,26.2,18.1,199,55
2026-07-24,824812,BAL,19:00,25.0,8.7,120,49
2026-07-25,822704,WSH,16:00,27.4,1.8,37,44
2026-07-25,823197,SF,16:00,19.3,21.5,249,66
2026-07-25,824571,CWS,19:00,25.7,11.9,229,69
2026-07-25,823600,NYM,19:00,25.1,10.5,131,34
2026-07-25,824734,BOS,16:00,24.5,13.6,96,40
2026-07-25,824811,BAL,19:00,25.3,6.0,136,44
2026-07-25,823027,STL,19:00,31.8,3.3,347,61
2026-07-25,823355,PIT,19:00,27.0,10.1,301,44
2026-07-25,824244,DET,13:00,26.8,6.4,216,37
2026-07-25,823435,PHI,18:00,27.1,11.2,101,37
2026-07-25,823679,MIN,19:00,31.2,6.1,177,57
2026-07-26,822706,WSH,14:00,29.2,2.2,279,45
2026-07-26,824572,CWS,14:00,30.8,4.4,128,57
2026-07-26,823028,STL,14:00,30.1,8.0,196,80
2026-07-26,824730,BOS,14:00,23.1,14.2,90,45
2026-07-26,824246,DET,14:00,29.2,6.5,278,50
2026-07-26,823599,NYM,14:00,30.0,3.6,70,29
2026-07-26,823354,PIT,14:00,27.5,6.7,290,44
2026-07-26,823194,SF,16:00,16.9,21.5,244,79
2026-07-26,824810,BAL,14:00,27.1,7.3,134,55
2026-07-26,823678,MIN,14:00,35.0,7.6,211,43
2026-07-26,823433,PHI,19:00,27.3,7.3,263,43
2026-07-27,822705,WSH,19:00,27.9,9.2,182,58
2026-07-27,824001,LAA,22:00,26.7,8.0,188,57
2026-07-27,824977,OAK,22:00,17.5,11.8,227,71
2026-07-27,823195,SF,22:00,16.2,19.7,241,76
2026-07-27,823353,PIT,19:00,28.3,7.0,244,54
2026-07-27,824490,CIN,14:00,29.5,15.2,343,61
2026-07-27,823597,NYM,19:00,26.6,7.4,193,61
2026-07-27,824245,DET,19:00,28.4,11.9,219,53
2026-07-27,824570,CWS,20:00,24.5,18.0,191,79
2026-07-27,823025,STL,20:00,33.5,10.9,246,56
2026-07-28,824569,CWS,20:00,21.6,15.1,357,67
2026-07-28,822703,WSH,19:00,23.5,5.9,113,89
2026-07-28,823598,NYM,19:00,22.2,9.1,291,85
2026-07-28,824003,LAA,22:00,26.0,7.8,189,53
2026-07-28,824976,OAK,22:00,18.8,11.1,209,69
2026-07-28,824243,DET,19:00,23.7,18.5,1,64
2026-07-28,823676,MIN,20:00,30.0,6.0,63,49
2026-07-28,823275,SD,22:00,21.8,7.5,237,76
2026-07-28,823350,PIT,19:00,25.4,15.7,341,62
2026-07-28,823193,SF,22:00,17.4,16.2,227,73
2026-07-28,823923,LAD,22:00,26.2,9.3,221,50
2026-07-28,823026,STL,20:00,30.2,6.1,23,73
2026-07-28,824489,CIN,19:00,28.3,13.4,342,61
2026-07-29,824973,OAK,22:00,18.4,11.5,207,69
2026-07-29,824002,LAA,22:00,25.3,9.4,187,58
2026-07-29,822702,WSH,13:00,29.7,16.8,321,41
2026-07-29,823924,LAD,22:00,25.5,9.3,214,55
2026-07-29,824242,DET,13:00,24.8,20.9,11,46
2026-07-29,824487,CIN,19:00,26.4,11.6,5,45
2026-07-29,823351,PIT,13:00,24.6,18.6,333,55
2026-07-29,824567,CWS,20:00,23.4,9.3,13,57
2026-07-29,823022,STL,20:00,28.2,9.3,53,53
2026-07-29,823596,NYM,13:00,25.2,10.6,332,74
2026-07-29,823677,MIN,20:00,31.3,7.3,224,49
2026-07-29,823192,SF,16:00,20.0,12.7,223,63
2026-07-29,823273,SD,16:00,24.8,12.0,246,62
2026-07-30,823921,LAD,22:00,25.4,10.0,219,57
2026-07-30,824894,ATL,19:00,30.6,14.7,323,38
2026-07-30,823023,STL,14:00,29.2,4.3,112,52
2026-07-30,824488,CIN,19:00,28.8,9.5,350,39
2026-07-30,823595,NYM,19:00,23.8,1.7,319,73
2026-07-30,824568,CWS,14:00,28.4,5.9,110,43
2026-07-30,823674,MIN,14:00,31.3,10.6,201,47
2026-07-30,824974,OAK,22:00,17.7,11.1,220,68
2026-07-30,823271,SD,22:00,22.0,7.3,240,77
2026-07-31,824325,COL,21:00,27.8,1.9,61,37
2026-07-31,823999,LAA,22:00,27.3,9.1,187,54
2026-07-31,824975,OAK,22:00,19.0,10.6,212,65
2026-07-31,823593,NYM,19:00,25.1,6.5,174,80
2026-07-31,824407,CLE,19:00,27.0,4.5,331,66
2026-07-31,824892,ATL,19:00,32.3,5.4,200,36
2026-07-31,824486,CIN,18:00,28.6,14.3,97,44
2026-07-31,824651,CHC,14:00,26.8,14.6,162,56
2026-07-31,823922,LAD,22:00,27.0,7.6,216,48
2026-07-31,824809,BAL,19:00,28.3,4.8,117,54
2026-07-31,823272,SD,22:00,22.8,7.2,245,79
2026-08-01,824326,COL,20:00,34.9,8.2,40,12
2026-08-01,824000,LAA,22:00,27.2,7.4,198,53
2026-08-01,824972,OAK,22:00,22.2,8.2,202,54
2026-08-01,823269,SD,21:00,24.2,7.9,253,69
2026-08-01,824808,BAL,19:00,27.6,12.7,167,63
2026-08-01,824485,CIN,19:00,22.7,5.3,125,96
2026-08-01,824890,ATL,19:00,28.9,15.8,191,68
2026-08-01,824405,CLE,19:00,26.8,10.4,129,60
2026-08-01,823920,LAD,21:00,29.9,9.4,230,38
2026-08-01,823594,NYM,16:00,28.6,11.9,178,56
2026-08-01,824649,CHC,19:00,20.4,29.9,33,93
2026-08-02,824323,COL,15:00,38.2,10.6,30,7
2026-08-02,824971,OAK,16:00,27.5,9.5,256,39
2026-08-02,823996,LAA,15:00,29.9,6.0,237,46
2026-08-02,823919,LAD,19:00,32.5,11.0,221,32
2026-08-02,823270,SD,16:00,25.9,12.2,246,66
2026-08-02,824404,CLE,14:00,23.0,18.2,346,86
2026-08-02,824648,CHC,14:00,20.9,26.3,359,88
2026-08-02,824483,CIN,14:00,23.3,4.8,290,77
2026-08-02,824807,BAL,14:00,24.6,11.3,153,93
2026-08-02,824891,ATL,14:00,30.4,13.5,227,58
2026-08-02,823592,NYM,14:00,27.8,19.6,162,67
2026-08-03,824324,COL,21:00,30.3,10.1,340,22
2026-08-03,823520,NYY,19:00,27.0,10.8,300,62
2026-08-03,823431,PHI,19:00,28.7,7.1,333,61
2026-08-03,824647,CHC,20:00,24.8,10.3,93,69
2026-08-04,824321,COL,21:00,23.1,2.3,23,35
2026-08-04,823432,PHI,19:00,27.9,4.2,355,54
2026-08-04,823517,NYY,19:00,25.2,7.2,179,59
2026-08-04,824084,KC,20:00,31.2,6.1,148,54
2026-08-04,824403,CLE,19:00,24.7,8.3,34,45
2026-08-04,824645,CHC,20:00,27.2,11.0,198,63
2026-08-04,824484,CIN,19:00,28.6,1.3,74,47
2026-08-04,824731,BOS,19:00,27.0,7.1,234,57
2026-08-04,824888,ATL,19:00,27.9,5.0,193,63
2026-08-04,824805,BAL,19:00,28.4,5.7,108,55
2026-08-05,824322,COL,15:00,24.2,7.5,20,39
2026-08-05,823429,PHI,19:00,24.5,3.1,187,96
2026-08-05,823516,NYY,19:00,25.8,9.1,146,81
2026-08-05,824482,CIN,19:00,29.5,5.4,310,51
2026-08-05,824646,CHC,14:00,27.9,8.6,206,68
2026-08-05,824402,CLE,19:00,26.1,8.4,28,64
2026-08-05,824806,BAL,19:00,28.4,1.9,202,76
2026-08-05,824728,BOS,19:00,28.2,11.1,238,52
2026-08-05,824082,KC,20:00,26.6,1.4,40,80
2026-08-05,824889,ATL,19:00,23.9,3.1,204,94
2026-08-06,823430,PHI,18:00,30.6,13.1,236,65
2026-08-06,824804,BAL,13:00,32.2,6.4,209,62
2026-08-06,824481,CIN,13:00,29.9,9.2,220,51
2026-08-06,824080,KC,20:00,26.1,10.5,63,78
2026-08-06,824885,ATL,19:00,28.4,11.0,128,63
2026-08-06,824729,BOS,19:00,29.4,7.9,221,73
2026-08-06,824401,CLE,13:00,26.2,2.4,333,77
2026-08-07,824566,CWS,20:00,27.1,7.0,224,73
2026-08-07,823515,NYY,19:00,27.0,3.2,313,78
2026-08-07,823349,PIT,19:00,25.5,9.7,225,75
2026-08-07,823024,STL,20:00,30.1,7.7,234,65
2026-08-07,823428,PHI,19:00,29.0,5.5,216,74
2026-08-07,823266,SD,22:00,23.6,8.5,272,73
2026-08-07,824727,BOS,19:00,32.6,11.9,273,42
2026-08-07,822699,WSH,19:00,28.2,7.1,195,75
2026-08-07,824081,KC,20:00,28.3,6.6,171,68
2026-08-07,823191,SF,22:00,15.5,19.1,248,82
2026-08-08,824565,CWS,19:00,24.8,9.8,96,73
2026-08-08,823426,PHI,18:00,29.7,15.7,228,63
2026-08-08,823021,STL,19:00,30.8,2.9,137,58
2026-08-08,824726,BOS,16:00,31.9,6.6,241,45
2026-08-08,823348,PIT,19:00,27.9,12.2,241,63
2026-08-08,824079,KC,19:00,30.5,7.9,89,61
2026-08-08,823514,NYY,15:00,28.3,10.9,237,67
2026-08-08,823267,SD,19:00,26.6,11.1,277,63
2026-08-08,823188,SF,19:00,16.1,19.9,245,78
2026-08-08,822701,WSH,19:00,29.6,3.8,275,67
2026-08-09,823020,STL,14:00,32.1,14.1,178,63
2026-08-09,823425,PHI,14:00,31.9,6.1,293,54
2026-08-09,822700,WSH,12:00,31.9,9.3,286,53
2026-08-09,823345,PIT,14:00,28.5,7.7,245,54
2026-08-09,824564,CWS,14:00,25.0,14.1,226,86
2026-08-09,823513,NYY,14:00,33.2,11.4,299,38
2026-08-09,824078,KC,14:00,32.6,22.3,202,53
2026-08-09,823190,SF,16:00,18.8,14.7,258,75
2026-08-09,824724,BOS,14:00,31.8,16.0,269,43
2026-08-09,823268,SD,20:00,25.8,9.0,247,62
2026-08-10,824969,OAK,22:00,18.1,10.3,247,71
2026-08-10,823998,LAA,22:00,25.3,9.3,205,63
2026-08-10,823018,STL,20:00,23.6,8.2,14,99
2026-08-10,823675,MIN,20:00,29.3,7.4,61,40
2026-08-10,823265,SD,22:00,23.5,7.0,266,72
2026-08-10,824887,ATL,19:00,30.7,2.3,247,56
2026-08-10,823189,SF,22:00,15.8,17.5,242,80
2026-08-10,823918,LAD,22:00,25.4,9.2,222,53
2026-08-11,824970,OAK,22:00,17.8,11.0,255,71
2026-08-11,823997,LAA,22:00,26.3,9.6,194,62
2026-08-11,823917,LAD,22:00,25.2,9.0,226,56
2026-08-11,823512,NYY,19:00,24.5,10.7,311,81
2026-08-11,824240,DET,19:00,23.3,3.1,239,85
2026-08-11,824563,CWS,20:00,26.0,6.7,186,79
2026-08-11,824886,ATL,19:00,27.6,3.9,254,76
2026-08-11,823264,SD,22:00,23.6,8.9,277,75
2026-08-11,823673,MIN,20:00,23.3,4.9,343,91
2026-08-11,823019,STL,20:00,32.0,12.6,207,60
2026-08-11,822697,WSH,19:00,29.1,9.8,283,59
2026-08-11,823186,SF,22:00,15.6,17.5,245,79
2026-08-12,823994,LAA,22:00,23.6,9.7,207,68
2026-08-12,823511,NYY,19:00,30.6,8.6,262,34
2026-08-12,823916,LAD,22:00,22.8,10.4,225,67
2026-08-12,824562,CWS,20:00,27.5,1.9,229,68
2026-08-12,823017,STL,14:00,27.6,16.5,353,77
2026-08-12,824883,ATL,19:00,30.9,8.7,297,55
2026-08-12,823263,SD,16:00,25.5,12.7,262,65
2026-08-12,823672,MIN,14:00,30.2,6.4,68,39
2026-08-12,824241,DET,19:00,23.6,14.1,266,82
2026-08-12,824967,OAK,15:00,21.8,9.4,247,56
2026-08-12,822698,WSH,19:00,29.5,6.5,262,53
2026-08-12,823187,SF,16:00,18.9,15.3,253,69
2026-08-13,823915,LAD,22:00,22.8,7.5,226,66
2026-08-13,823995,LAA,22:00,23.2,6.3,217,65
2026-08-13,824561,CWS,13:00,26.2,3.1,111,74
2026-08-13,822696,WSH,16:00,31.3,6.7,308,48
2026-08-13,824238,DET,13:00,26.4,3.7,157,73
2026-08-13,823508,NYY,14:00,28.1,7.6,324,56
2026-08-13,823669,MIN,20:00,25.3,9.4,59,57
2026-08-14,823993,LAA,22:00,23.8,7.6,211,65
2026-08-14,823913,LAD,22:00,23.1,10.2,231,63
2026-08-14,824643,CHC,14:00,24.2,12.4,92,88
2026-08-14,823185,SF,22:00,15.8,15.7,257,82
2026-08-14,823591,NYM,19:00,26.3,6.1,175,58
2026-08-14,824479,CIN,18:00,29.0,0.6,342,62
2026-08-14,824399,CLE,19:00,26.1,11.1,46,68
2026-08-14,824237,DET,19:00,26.5,8.9,71,64
2026-08-14,823346,PIT,19:00,25.8,5.0,69,68
2026-08-14,824968,OAK,22:00,16.5,14.5,250,81
2026-08-14,824882,ATL,19:00,31.7,5.0,255,55
2026-08-15,823671,MIN,19:00,26.3,9.0,200,75
2026-08-15,823990,LAA,22:00,23.9,9.4,198,62
2026-08-15,824966,OAK,22:00,16.7,9.8,253,83
2026-08-15,824884,ATL,19:00,32.8,6.5,341,47
2026-08-15,824480,CIN,19:00,26.0,8.8,281,93
2026-08-15,824239,DET,13:00,23.3,6.8,102,76
2026-08-15,823588,NYM,16:00,29.6,3.0,308,28
2026-08-15,823184,SF,16:00,17.7,13.9,251,73
2026-08-15,823914,LAD,19:00,27.2,13.1,234,49
2026-08-15,824644,CHC,14:00,25.0,8.9,172,85
2026-08-15,823347,PIT,19:00,26.9,4.5,127,63
2026-08-15,824400,CLE,19:00,26.5,9.9,134,69
2026-08-16,823991,LAA,16:00,29.4,6.8,243,47
2026-08-16,824965,OAK,16:00,22.0,9.1,238,62
2026-08-16,823590,NYM,14:00,26.4,15.6,173,53
2026-08-16,824642,CHC,15:00,28.6,8.1,294,72
2026-08-16,824477,CIN,14:00,32.4,14.3,252,58
2026-08-16,824236,DET,14:00,25.6,12.7,257,86
2026-08-16,824880,ATL,14:00,34.9,8.7,317,41
2026-08-16,823182,SF,16:00,18.2,13.7,251,73
2026-08-16,823344,PIT,14:00,27.8,14.3,239,74
2026-08-16,823670,MIN,14:00,25.3,14.0,330,56
2026-08-16,824397,CLE,14:00,25.4,12.9,223,85
2026-08-16,823912,LAD,16:00,30.3,8.5,226,40
2026-08-17,824320,COL,21:00,32.5,8.3,179,14
2026-08-17,824641,CHC,20:00,23.8,2.2,90,65
2026-08-17,823427,PHI,19:00,28.4,5.4,233,75
2026-08-17,823589,NYM,19:00,25.1,5.8,68,80
2026-08-17,823668,MIN,20:00,27.0,13.6,226,43
2026-08-17,824077,KC,20:00,27.7,3.6,99,54
2026-08-17,823343,PIT,19:00,25.4,7.9,340,74
2026-08-17,824478,CIN,19:00,25.8,7.4,313,82
2026-08-17,824725,BOS,19:00,23.2,4.2,144,81
2026-08-18,824319,COL,21:00,30.0,0.6,18,24
2026-08-18,824398,CLE,19:00,25.1,8.3,269,51
2026-08-18,824475,CIN,19:00,26.5,7.0,318,52
2026-08-18,824803,BAL,19:00,27.9,6.0,350,65
2026-08-18,823667,MIN,20:00,23.8,7.7,300,58
2026-08-18,823423,PHI,19:00,27.6,5.4,310,67
2026-08-18,823341,PIT,19:00,24.6,5.6,343,55
2026-08-18,824723,BOS,19:00,21.8,8.9,96,86
2026-08-18,823586,NYM,19:00,24.4,7.3,187,89
2026-08-18,824075,KC,20:00,27.4,9.8,76,67
2026-08-18,824639,CHC,20:00,20.7,12.2,196,97
2026-08-19,824318,COL,21:00,29.0,6.8,183,31
2026-08-19,824476,CIN,19:00,25.7,7.3,189,77
2026-08-19,823424,PHI,18:00,29.1,10.0,219,52
2026-08-19,823587,NYM,13:00,28.8,7.6,225,50
2026-08-19,824801,BAL,19:00,28.4,5.8,274,57
2026-08-19,823664,MIN,14:00,25.3,2.2,5,28
2026-08-19,824722,BOS,16:00,29.1,15.0,266,40
2026-08-19,823342,PIT,13:00,24.3,12.5,252,70
2026-08-19,824394,CLE,19:00,24.7,3.7,235,69
2026-08-19,824640,CHC,14:00,24.3,10.8,33,78
2026-08-19,824076,KC,20:00,26.8,5.1,10,71
2026-08-20,824474,CIN,13:00,24.8,3.8,311,68
2026-08-20,824074,KC,14:00,27.2,4.1,67,68
2026-08-20,824395,CLE,13:00,24.5,11.5,45,65
2026-08-20,824802,BAL,19:00,24.1,12.4,312,88
2026-08-21,824317,COL,21:00,31.3,11.8,310,23
2026-08-21,824559,CWS,20:00,23.7,4.4,173,81
2026-08-21,824072,KC,20:00,26.4,6.6,235,78
2026-08-21,824721,BOS,19:00,19.2,9.6,43,82
2026-08-21,823911,LAD,22:00,28.0,7.8,220,43
2026-08-21,824800,BAL,19:00,24.1,7.9,145,64
2026-08-21,823510,NYY,19:00,23.4,6.3,77,75
2026-08-21,823420,PHI,19:00,25.5,3.9,146,65
2026-08-21,823262,SD,22:00,23.6,6.6,233,80
