date,game_pk,away_value,home_value
2024-04-01,744875,0.304431,0.358377
2024-04-01,745109,,0.308798
2024-04-01,745277,0.318452,0.316803
2024-04-01,745437,0.310819,0.304372
2024-04-01,745600,,0.313570
2024-04-01,745675,,
2024-04-01,745842,,
2024-04-01,746085,0.330808,0.275401
2024-04-01,746170,0.238410,0.239577
2024-04-01,746409,,
2024-04-01,746817,0.362719,0.356286
2024-04-01,746899,0.367143,0.240372
2024-04-01,747058,,0.337691
2024-04-01,747218,0.227618,0.243550
2024-04-02,745111,0.286305,0.357576
2024-04-02,745273,0.313034,0.305008
2024-04-02,745439,0.298366,0.314591
2024-04-02,745598,0.347042,0.283453
2024-04-02,745680,0.275186,0.289683
2024-04-02,745844,,0.355367
2024-04-02,746009,,
2024-04-02,746086,0.243873,0.313257
2024-04-02,746169,,0.245406
2024-04-02,746411,0.282469,0.292800
2024-04-02,746814,0.317222,0.361023
2024-04-02,746898,0.376084,0.263164
2024-04-02,747057,0.314729,0.323108
2024-04-02,747220,0.219139,
2024-04-03,744869,0.297251,0.370338
2024-04-03,745114,,0.307605
2024-04-03,745275,0.250215,
2024-04-03,745440,,0.305050
2024-04-03,745603,0.331028,0.288895
2024-04-03,745678,0.333387,0.285123
2024-04-03,745843,0.326984,0.355367
2024-04-03,746008,,0.318755
2024-04-03,746083,0.254378,
2024-04-03,746163,0.245277,0.239057
2024-04-03,746407,0.338699,0.341843
2024-04-03,746816,0.332576,
2024-04-03,746900,0.389286,0.223729
2024-04-03,747059,0.327260,0.270951
2024-04-03,747219,0.207252,0.282775
2024-04-04,744870,0.304027,0.346905
2024-04-04,745200,0.353835,0.303261
2024-04-04,745843,0.326984,0.355367
2024-04-04,745844,,0.355367
2024-04-04,745928,0.318326,0.295263
2024-04-04,746327,0.358333,0.263913
2024-04-05,744874,0.319315,0.350347
2024-04-05,745033,,
2024-04-05,745361,0.298632,0.282120
2024-04-05,745524,0.316370,0.306253
2024-04-05,745764,0.311526,0.219349
2024-04-05,746007,0.323018,0.323205
2024-04-05,746249,0.348058,0.234848
2024-04-05,746328,0.297240,0.322925
2024-04-05,746497,0.388924,0.311418
2024-04-05,746576,0.370370,
2024-04-05,746733,0.356696,
2024-04-05,746897,0.245746,0.232643
2024-04-05,747143,0.299471,0.323476
2024-04-06,744873,0.345165,0.306295
2024-04-06,745031,0.296276,0.292825
2024-04-06,745197,0.340092,0.272946
2024-04-06,745359,0.317305,0.281920
2024-04-06,745522,,0.276000
2024-04-06,745766,0.314017,0.209643
2024-04-06,745926,0.320170,0.241758
2024-04-06,746006,0.301586,0.275307
2024-04-06,746248,0.317513,0.223194
2024-04-06,746329,0.297630,0.310599
2024-04-06,746498,0.290132,0.327974
2024-04-06,746575,0.342752,0.351184
2024-04-06,746731,0.308777,0.259366
2024-04-06,746896,0.244458,0.230472
2024-04-06,747140,0.303268,0.343494
2024-04-07,744871,0.354344,
2024-04-07,745032,0.301075,0.294404
2024-04-07,745198,,
2024-04-07,745362,0.322108,
2024-04-07,745523,0.280946,0.303951
2024-04-07,745765,0.300637,0.205014
2024-04-07,745927,,
2024-04-07,746003,,0.233333
2024-04-07,746251,0.272850,0.213758
2024-04-07,746330,,0.294043
2024-04-07,746493,,0.366841
2024-04-07,746574,0.356223,0.392943
2024-04-07,746734,0.293388,0.307585
2024-04-07,746895,,0.238088
2024-04-07,747141,0.311391,0.349415
2024-04-08,744956,0.299997,0.294993
2024-04-08,745034,0.334583,0.287880
2024-04-08,745194,,0.285541
2024-04-08,745363,0.312376,0.241500
2024-04-08,745432,0.237476,0.318435
2024-04-08,745520,0.321495,0.321231
2024-04-08,745761,0.407456,0.197259
2024-04-08,745925,0.256234,0.279276
2024-04-08,746252,0.341566,0.214340
2024-04-08,746569,0.318539,0.371201
2024-04-08,746654,,0.256140
2024-04-08,746735,0.249499,0.360923
2024-04-08,747142,0.296036,0.347569
2024-04-09,744957,0.302801,0.300370
2024-04-09,745030,0.316013,
2024-04-09,745195,0.350633,0.277471
2024-04-09,745357,0.303647,0.219832
2024-04-09,745433,0.230009,0.314366
2024-04-09,745517,0.263999,0.333284
2024-04-09,745762,0.381064,0.198481
2024-04-09,745924,0.256657,0.245869
2024-04-09,746250,0.357518,0.227009
2024-04-09,746326,0.302496,0.311858
2024-04-09,746571,0.323868,0.368609
2024-04-09,746653,,0.338448
2024-04-09,746732,0.235930,0.321979
2024-04-09,746981,0.275698,0.315916
2024-04-09,747138,0.261445,0.339607
2024-04-10,744950,0.266492,0.315441
2024-04-10,745024,0.355962,0.251951
2024-04-10,745196,0.344910,0.310288
2024-04-10,745355,0.331515,0.319308
2024-04-10,745429,0.243227,
2024-04-10,745763,,0.224311
2024-04-10,745923,0.262372,0.230510
2024-04-10,746247,0.248820,0.316011
2024-04-10,746323,0.317098,0.382400
2024-04-10,746573,0.340075,0.395081
2024-04-10,746655,0.268136,0.357161
2024-04-10,746728,0.313500,0.312853
2024-04-10,746980,0.334944,0.312980
2024-04-10,747139,,0.394443
2024-04-11,745029,0.338366,0.283359
2024-04-11,745601,0.287856,0.338267
2024-04-11,746322,0.329705,0.285375
2024-04-11,746490,,0.274487
2024-04-11,746730,0.310580,0.272377
2024-04-11,746977,0.285154,0.283022
2024-04-11,747137,,
2024-04-12,744954,0.387311,0.369633
2024-04-12,745112,0.245053,0.263930
2024-04-12,745274,0.245230,0.285144
2024-04-12,745596,0.290478,0.348736
2024-04-12,745679,0.347129,0.323554
2024-04-12,745838,0.316482,0.271202
2024-04-12,746084,0.331066,0.334303
2024-04-12,746162,0.321368,0.262852
2024-04-12,746408,,0.292015
2024-04-12,746491,0.296988,
2024-04-12,746656,0.221460,0.361486
2024-04-12,746812,0.309775,0.298598
2024-04-12,746978,0.203856,0.293201
2024-04-12,747055,0.338176,0.264275
2024-04-12,747217,0.286035,0.342712
2024-04-13,744953,0.349743,0.311691
2024-04-13,745110,0.226313,
2024-04-13,745272,0.240289,0.306959
2024-04-13,745594,0.334095,0.404591
2024-04-13,745676,0.340992,0.350648
2024-04-13,745839,0.298926,0.274147
2024-04-13,746082,0.342574,0.341712
2024-04-13,746161,0.361323,0.274107
2024-04-13,746405,0.268367,0.279996
2024-04-13,746489,0.308156,0.264108
2024-04-13,746490,0.311070,0.264108
2024-04-13,746656,0.221460,0.361486
2024-04-13,746658,,0.420947
2024-04-13,746811,0.292605,0.273182
2024-04-13,746979,0.236823,0.310343
2024-04-13,747054,0.226819,0.324620
2024-04-13,747215,0.300845,0.334154
2024-04-14,744952,0.342848,0.319029
2024-04-14,745113,0.276168,0.346953
2024-04-14,745271,0.248540,0.272249
2024-04-14,745595,0.322546,0.344553
2024-04-14,745681,0.368402,0.331358
2024-04-14,745841,0.306770,0.271917
2024-04-14,746079,0.334269,0.317011
2024-04-14,746164,0.320472,0.275548
2024-04-14,746404,0.268307,0.306762
2024-04-14,746492,0.301414,0.267625
2024-04-14,746648,0.215759,0.293091
2024-04-14,746810,0.298023,0.283965
2024-04-14,746975,0.299347,0.285335
2024-04-14,747056,0.242214,0.308799
2024-04-14,747216,0.303282,0.334602
2024-04-15,744951,0.211369,0.306660
2024-04-15,745106,0.241121,0.351010
2024-04-15,745268,0.297920,0.303825
2024-04-15,745597,0.343976,0.326628
2024-04-15,745677,0.229603,0.329099
2024-04-15,745840,0.320177,0.275952
2024-04-15,746002,,0.304949
2024-04-15,746080,0.314127,0.331805
2024-04-15,746158,0.325083,0.278686
2024-04-15,746406,0.338503,0.276994
2024-04-15,746488,0.225078,0.261475
2024-04-15,746813,0.308267,0.274160
2024-04-15,746974,0.365850,0.299611
2024-04-15,747053,0.360239,0.270851
2024-04-15,747213,0.259605,0.326672
2024-04-16,744944,0.213307,0.298411
2024-04-16,745108,0.248188,
2024-04-16,745270,0.307684,0.310004
2024-04-16,745593,0.355901,0.336414
2024-04-16,745674,0.309557,
2024-04-16,745837,0.306692,0.265434
2024-04-16,746004,0.305324,0.275797
2024-04-16,746081,0.344308,0.339349
2024-04-16,746157,0.321792,0.283946
2024-04-16,746400,0.375746,0.278834
2024-04-16,746486,0.281428,0.289384
2024-04-16,746809,0.329399,0.304353
2024-04-16,746976,0.377838,0.282641
2024-04-16,747051,0.289481,0.264125
2024-04-16,747214,0.266124,0.318598
2024-04-17,744948,0.220506,0.299933
2024-04-17,745105,0.250383,0.334327
2024-04-17,745267,0.247671,0.316126
2024-04-17,745591,0.342642,0.341013
2024-04-17,745671,0.225185,0.295373
2024-04-17,745836,0.306470,0.297542
2024-04-17,746005,0.301499,0.263402
2024-04-17,746076,0.277031,0.335330
2024-04-17,746159,0.322982,0.283411
2024-04-17,746401,0.376300,0.315871
2024-04-17,746487,0.299180,0.314685
2024-04-17,746807,0.304010,0.293980
2024-04-17,746809,0.329399,0.304353
2024-04-17,746973,0.377257,0.315975
2024-04-17,747049,0.312987,0.308480
2024-04-17,747212,0.272497,0.311334
2024-04-18,745104,0.256016,0.324164
2024-04-18,745356,0.297397,0.260917
2024-04-18,746485,0.286186,0.277461
2024-04-18,746891,0.339747,0.280645
2024-04-18,746970,0.343650,0.315791
2024-04-19,744872,0.280973,0.287755
2024-04-19,745189,,0.214817
2024-04-19,745352,,0.248238
2024-04-19,745430,0.316420,0.297849
2024-04-19,745518,,0.316010
2024-04-19,745592,0.309379,0.350795
2024-04-19,745758,0.281314,0.219919
2024-04-19,745922,0.291785,0.345157
2024-04-19,746160,0.281140,0.281032
2024-04-19,746325,0.269093,0.299464
2024-04-19,746572,0.317554,0.432433
2024-04-19,746650,0.324070,0.413796
2024-04-19,746729,0.253625,0.240893
2024-04-19,746892,0.340174,
2024-04-19,747136,0.311712,0.318522
2024-04-20,744865,0.280522,0.327482
2024-04-20,745190,0.268874,0.292634
2024-04-20,745354,0.315109,0.322006
2024-04-20,745431,0.308442,0.300346
2024-04-20,745515,,0.318588
2024-04-20,745590,0.292066,0.340042
2024-04-20,745760,0.342266,0.223378
2024-04-20,745921,0.294042,0.278932
2024-04-20,746156,0.274236,0.284210
2024-04-20,746324,0.331111,0.294044
2024-04-20,746570,0.311143,0.389446
2024-04-20,746651,0.313016,0.308270
2024-04-20,746726,0.311393,0.317747
2024-04-20,746891,0.341179,0.278505
2024-04-20,746893,0.337963,
2024-04-20,747135,0.349181,0.366062
2024-04-21,744866,0.287575,0.319229
2024-04-21,745192,,0.247722
2024-04-21,745353,0.319995,0.286620
2024-04-21,745434,0.305938,0.295210
2024-04-21,745514,,0.267424
2024-04-21,745588,0.258288,0.339113
2024-04-21,745759,0.339196,0.231311
2024-04-21,745920,0.262422,0.313562
2024-04-21,746154,0.300261,0.253367
2024-04-21,746316,0.318750,0.288446
2024-04-21,746568,0.298879,0.378418
2024-04-21,746572,0.287303,0.438370
2024-04-21,746652,0.334868,0.349070
2024-04-21,746727,0.286921,0.278065
2024-04-21,746894,0.333506,0.289537
2024-04-21,747133,0.301283,0.367549
2024-04-22,745107,0.273660,0.396122
2024-04-22,745191,0.321590,0.251001
2024-04-22,745351,0.270131,0.286798
2024-04-22,745519,0.261312,0.264153
2024-04-22,745757,0.351453,0.238389
2024-04-22,745916,0.266677,0.340664
2024-04-22,746242,0.312378,0.252926
2024-04-22,746319,0.307810,0.288891
2024-04-22,746565,0.289972,0.385410
2024-04-22,746723,0.307584,0.281257
2024-04-22,747134,0.335517,0.316581
2024-04-23,744863,0.279965,0.356656
2024-04-23,745026,0.317803,0.299039
2024-04-23,745102,0.273133,0.289610
2024-04-23,745193,0.306531,
2024-04-23,745348,0.277419,0.274116
2024-04-23,745516,0.275521,0.268352
2024-04-23,745754,0.312748,0.240986
2024-04-23,745917,,0.323171
2024-04-23,746246,0.333269,0.252629
2024-04-23,746321,0.311743,0.290566
2024-04-23,746566,0.283828,0.386085
2024-04-23,746647,0.341942,0.374019
2024-04-23,746722,0.307279,0.285270
2024-04-23,746888,0.292395,0.244802
2024-04-23,747130,0.346111,0.316010
2024-04-24,744864,0.277225,0.347499
2024-04-24,745028,0.291337,
2024-04-24,745099,0.268341,0.279161
2024-04-24,745188,0.300562,0.293224
2024-04-24,745346,0.282939,0.301856
2024-04-24,745513,0.275304,0.274197
2024-04-24,745753,0.290836,0.242374
2024-04-24,745919,0.360275,0.351375
2024-04-24,746244,0.336474,0.276242
2024-04-24,746317,0.308678,0.296524
2024-04-24,746567,0.287321,0.386267
2024-04-24,746649,0.309845,0.368254
2024-04-24,746725,0.293376,0.289734
2024-04-24,746889,0.284860,
2024-04-24,747132,0.342924,0.365478
2024-04-25,744867,0.286410,0.349900
2024-04-25,745027,0.329045,0.263721
2024-04-25,745512,0.318738,0.252642
2024-04-25,745755,0.313544,0.248264
2024-04-25,745918,0.344654,0.308874
2024-04-25,746320,0.309523,0.295087
2024-04-25,746564,0.282848,0.360301
2024-04-25,746646,0.294311,0.332144
2024-04-25,746724,0.327985,0.283517
2024-04-25,746887,0.294265,0.284120
2024-04-26,744949,0.277237,0.257945
2024-04-26,745025,0.278008,0.274480
2024-04-26,745269,0.321431,0.326349
2024-04-26,745347,0.273440,0.321184
2024-04-26,745424,0.327389,0.254737
2024-04-26,745835,0.252497,0.290731
2024-04-26,746000,0.248788,0.276265
2024-04-26,746078,0.352087,0.345010
2024-04-26,746243,0.365835,0.250089
2024-04-26,746482,0.298347,0.259610
2024-04-26,746808,0.292679,
2024-04-26,746972,0.277943,0.304174
2024-04-26,747050,0.299675,0.283590
2024-04-26,747129,0.330392,0.326755
2024-04-27,744946,0.284854,0.314913
2024-04-27,745020,0.274387,
2024-04-27,745266,0.353688,0.318865
2024-04-27,745350,0.271419,0.278434
2024-04-27,745425,0.326008,0.294426
2024-04-27,745833,0.244943,0.290067
2024-04-27,745998,,0.269602
2024-04-27,746075,,0.397725
2024-04-27,746245,0.287764,0.339053
2024-04-27,746484,0.295431,0.266475
2024-04-27,746560,0.297095,0.388235
2024-04-27,746803,0.308315,
2024-04-27,746971,0.302976,0.298938
2024-04-27,747052,0.347039,0.341832
2024-04-27,747131,0.377181,0.318345
2024-04-28,744947,0.285119,0.309448
2024-04-28,745022,0.281280,0.312780
2024-04-28,745265,0.353235,0.290381
2024-04-28,745349,0.327356,0.287304
2024-04-28,745428,0.326824,0.292725
2024-04-28,745834,0.290227,0.294939
2024-04-28,746001,,0.315589
2024-04-28,746077,0.341345,0.346488
2024-04-28,746237,0.346825,0.292916
2024-04-28,746483,0.368993,0.278929
2024-04-28,746561,0.319910,0.363572
2024-04-28,746805,0.343386,0.324183
2024-04-28,746967,0.280645,0.312955
2024-04-28,747045,0.317376,
2024-04-28,747125,0.379618,0.313638
2024-04-29,744945,0.296185,0.279203
2024-04-29,745263,0.314335,0.301156
2024-04-29,745427,0.285496,0.292021
2024-04-29,745672,0.330383,0.333021
2024-04-29,745832,0.282122,0.297943
2024-04-29,745999,0.278036,0.272047
2024-04-29,746074,0.382394,0.338769
2024-04-29,746236,0.327441,0.284202
2024-04-29,746481,0.251339,0.333230
2024-04-29,746804,0.264735,0.318517
2024-04-29,747046,0.248177,0.295332
2024-04-29,747211,0.290580,0.328628
2024-04-30,744942,0.298730,0.317292
2024-04-30,745018,0.348094,0.313421
2024-04-30,745260,0.311601,0.295722
2024-04-30,745426,0.285529,0.371091
2024-04-30,745673,0.282725,0.313570
2024-04-30,745831,0.302048,0.298053
2024-04-30,745997,0.270309,
2024-04-30,746073,0.364977,
2024-04-30,746239,0.326830,0.280928
2024-04-30,746398,0.376860,0.302718
2024-04-30,746477,0.251339,0.274836
2024-04-30,746481,0.251339,0.333230
2024-04-30,746806,0.312655,0.337989
2024-04-30,746968,0.331834,0.310252
2024-04-30,747047,0.248362,0.347689
2024-04-30,747210,0.288343,0.354955
2024-05-01,744939,0.296532,0.322761
2024-05-01,745023,0.337907,0.313289
2024-05-01,745261,0.315264,0.304971
2024-05-01,745423,0.287108,0.372228
2024-05-01,745670,0.280513,0.313357
2024-05-01,745829,0.287821,0.351164
2024-05-01,745996,0.272881,0.269332
2024-05-01,746072,0.365323,0.330402
2024-05-01,746238,0.324893,0.280481
2024-05-01,746399,0.369988,0.305268
2024-05-01,746478,0.263524,0.275059
2024-05-01,746800,0.329861,0.272391
2024-05-01,746966,0.285668,0.310185
2024-05-01,747048,0.246499,0.292904
2024-05-01,747207,0.286510,0.352071
2024-05-02,745021,0.374297,0.308048
2024-05-02,745830,0.290757,0.301814
2024-05-02,746070,0.366296,0.332212
2024-05-02,746403,0.366704,0.316278
2024-05-02,746969,0.327043,0.301972
2024-05-02,747044,0.251606,0.349233
2024-05-03,744868,0.323114,0.330208
2024-05-03,745101,0.302102,0.299201
2024-05-03,745187,0.313858,0.303486
2024-05-03,745510,0.368484,0.264766
2024-05-03,745589,0.322983,0.364062
2024-05-03,745665,0.412391,0.303482
2024-05-03,745756,0.258332,0.252215
2024-05-03,745914,0.300243,0.289767
2024-05-03,746152,0.314019,0.285806
2024-05-03,746318,0.306598,0.301177
2024-05-03,746402,0.293671,0.308199
2024-05-03,746645,0.288286,0.360659
2024-05-03,746721,0.293731,0.255867
2024-05-03,746890,0.323439,0.287422
2024-05-03,747208,0.369762,0.324387
2024-05-04,744862,0.275660,0.360407
2024-05-04,745100,0.306995,0.297274
2024-05-04,745183,0.301667,0.298994
2024-05-04,745511,0.364336,0.265887
2024-05-04,745583,0.318434,
2024-05-04,745666,,0.346015
2024-05-04,745750,0.270360,0.207174
2024-05-04,745911,0.282241,0.328867
2024-05-04,746155,0.313332,0.285891
2024-05-04,746311,0.351996,0.298630
2024-05-04,746394,0.299734,0.306549
2024-05-04,746644,,0.378164
2024-05-04,746720,0.351434,0.339429
2024-05-04,746884,0.265232,0.290614
2024-05-04,747209,0.298684,0.320283
2024-05-05,744861,0.288463,0.341354
2024-05-05,745103,0.307613,0.296773
2024-05-05,745185,0.261207,0.300095
2024-05-05,745504,0.337788,0.308929
2024-05-05,745587,0.278312,0.313856
2024-05-05,745667,0.316134,0.296253
2024-05-05,745751,0.273226,0.251447
2024-05-05,745913,0.299666,0.326939
2024-05-05,746153,0.312108,0.284997
2024-05-05,746314,0.305450,0.309340
2024-05-05,746395,0.292672,0.309943
2024-05-05,746643,0.288213,0.369138
2024-05-05,746719,0.349608,0.291116
2024-05-05,746883,0.287330,0.290158
2024-05-05,747206,0.316722,0.296937
2024-05-06,745098,0.270798,
2024-05-06,745182,0.301367,0.271304
2024-05-06,745509,0.285200,0.268738
2024-05-06,745585,0.311518,0.313512
2024-05-06,745669,0.311814,0.346639
2024-05-06,745912,0.294230,0.296400
2024-05-06,746149,0.356668,0.287212
2024-05-06,746313,0.276163,0.299037
2024-05-06,746639,0.237223,0.363462
2024-05-06,746886,0.321411,0.289933
2024-05-07,744859,0.294472,0.370161
2024-05-07,745095,0.327302,
2024-05-07,745186,0.302600,0.258200
2024-05-07,745508,0.323894,0.265119
2024-05-07,745586,0.359271,0.318448
2024-05-07,745668,,0.309433
2024-05-07,745752,,
2024-05-07,745915,0.296212,0.325723
2024-05-07,746147,0.360140,0.289323
2024-05-07,746315,0.280127,0.296451
2024-05-07,746559,0.299025,0.361890
2024-05-07,746638,0.332208,0.369627
2024-05-07,746718,0.334850,
2024-05-07,746885,0.334223,0.287695
2024-05-07,747126,0.301231,0.315507
2024-05-08,744858,0.351633,0.366698
2024-05-08,745097,0.290724,0.346386
2024-05-08,745184,0.295638,0.295349
2024-05-08,745507,0.222757,0.297577
2024-05-08,745584,0.271496,0.306804
2024-05-08,745659,0.275150,0.326736
2024-05-08,745664,0.310242,0.300151
2024-05-08,745749,0.307390,0.255068
2024-05-08,745906,0.292896,0.267462
2024-05-08,746151,0.365184,0.283359
2024-05-08,746312,0.274900,0.337189
2024-05-08,746562,0.300002,0.383220
2024-05-08,746640,0.328539,0.368797
2024-05-08,746717,0.311264,0.251463
2024-05-08,746879,0.324830,0.292079
2024-05-08,747127,0.321484,0.313344
2024-05-09,745748,0.311911,0.252209
2024-05-09,745910,0.340432,0.291054
2024-05-09,745995,0.245709,0.280475
2024-05-09,746241,0.295459,0.289862
2024-05-09,746563,0.309856,0.379427
2024-05-09,746715,0.317565,
2024-05-09,746802,0.384038,0.291271
2024-05-10,744940,0.323708,0.251512
2024-05-10,745094,0.255218,0.279258
2024-05-10,745264,0.312639,0.290294
2024-05-10,745340,,0.306741
2024-05-10,745421,0.282697,0.323585
2024-05-10,745506,0.293935,0.295690
2024-05-10,745827,0.312442,0.303155
2024-05-10,745993,0.239270,
2024-05-10,746071,0.391349,0.320878
2024-05-10,746240,0.297229,0.299998
2024-05-10,746479,0.314487,0.293789
2024-05-10,746553,0.305481,0.382811
2024-05-10,746801,0.325835,0.290336
2024-05-10,746964,0.364238,0.287333
2024-05-10,747043,0.338928,0.292974
2024-05-11,744943,0.290372,0.287082
2024-05-11,745096,0.254398,0.309456
2024-05-11,745262,0.321164,0.287793
2024-05-11,745344,,0.290051
2024-05-11,745422,0.285215,0.335565
2024-05-11,745505,0.268214,0.264634
2024-05-11,745828,0.310349,0.318981
2024-05-11,745994,0.258208,0.275199
2024-05-11,746069,0.312073,0.371148
2024-05-11,746232,0.295834,0.303856
2024-05-11,746480,0.359684,0.271974
2024-05-11,746554,0.301851,0.371896
2024-05-11,746797,0.359536,0.287522
2024-05-11,746963,0.368922,0.332306
2024-05-11,747041,0.339779,0.339241
2024-05-12,744941,0.277352,0.269162
2024-05-12,745092,0.254816,0.296823
2024-05-12,745255,0.298422,0.297782
2024-05-12,745345,0.285089,0.238109
2024-05-12,745419,0.287071,0.326150
2024-05-12,745499,0.298529,0.294072
2024-05-12,745825,0.267403,0.302524
2024-05-12,745990,0.274074,0.284637
2024-05-12,746068,0.322108,0.345808
2024-05-12,746234,0.364883,0.330648
2024-05-12,746476,0.331259,
2024-05-12,746555,0.299618,0.384383
2024-05-12,746798,0.324076,0.320716
2024-05-12,746965,0.383876,0.272746
2024-05-12,747042,0.336454,0.293972
2024-05-13,745019,0.374049,0.298996
2024-05-13,745256,0.297551,0.323188
2024-05-13,745343,0.282101,0.309532
2024-05-13,745420,0.385094,0.323460
2024-05-13,745826,0.325859,0.301514
2024-05-13,745991,0.292856,0.266237
2024-05-13,746233,0.271687,0.293397
2024-05-13,746393,0.309872,
2024-05-13,746471,0.334763,0.269171
2024-05-13,746799,0.355924,0.340801
2024-05-13,746961,0.259801,
2024-05-13,747040,0.246218,0.297036
2024-05-13,747128,0.264865,0.318456
2024-05-13,747204,0.253280,0.316779
2024-05-14,745014,0.369264,0.296977
2024-05-14,745257,0.299660,0.309227
2024-05-14,745342,0.293006,
2024-05-14,745418,0.385798,0.322427
2024-05-14,745821,0.334288,0.303620
2024-05-14,745909,0.254472,0.324716
2024-05-14,745989,0.292123,0.286586
2024-05-14,746235,0.285321,0.281471
2024-05-14,746396,0.341092,0.315629
2024-05-14,746473,0.324546,0.312460
2024-05-14,746796,0.357829,0.303339
2024-05-14,746799,0.355924,0.340801
2024-05-14,746962,0.259699,0.314626
2024-05-14,747039,0.272874,0.348923
2024-05-14,747124,0.255107,0.316720
2024-05-14,747205,0.323892,0.302670
2024-05-15,745015,0.369724,0.297957
2024-05-15,745259,0.301478,
2024-05-15,745341,0.281334,0.311254
2024-05-15,745417,0.442854,0.315642
2024-05-15,745582,0.295238,0.302747
2024-05-15,745908,0.257142,0.291860
2024-05-15,745992,0.253469,0.273043
2024-05-15,746231,0.267060,0.277883
2024-05-15,746397,0.339467,0.317264
2024-05-15,746472,0.324632,0.344915
2024-05-15,746795,0.305086,0.312630
2024-05-15,746960,0.262149,0.336354
2024-05-15,747038,0.272874,0.369501
2024-05-15,747123,0.270694,0.391574
2024-05-15,747203,0.337530,0.340018
2024-05-16,745580,0.323256,0.309906
2024-05-16,745907,0.259240,0.279710
2024-05-16,746150,0.305737,0.299476
2024-05-16,746391,0.293550,0.358329
2024-05-16,746881,0.310536,0.268443
2024-05-16,746959,0.274220,0.301891
2024-05-17,744934,0.270407,0.320538
2024-05-17,745016,0.305014,0.297133
2024-05-17,745178,0.317179,0.259275
2024-05-17,745335,0.392279,0.305155
2024-05-17,745579,0.364666,0.309639
2024-05-17,745747,0.316012,0.258232
2024-05-17,746065,0.325548,0.323596
2024-05-17,746148,0.258994,0.279073
2024-05-17,746310,0.313103,0.302697
2024-05-17,746388,0.315397,0.335491
2024-05-17,746641,0.336364,0.369202
2024-05-17,746878,0.300198,0.285184
2024-05-17,747037,0.295672,0.319817
2024-05-17,747122,0.402589,0.321844
2024-05-17,747201,0.360810,0.321504
2024-05-18,744938,0.234806,0.250971
2024-05-18,745013,0.303818,0.296094
2024-05-18,745177,0.314713,0.257211
2024-05-18,745339,0.367761,0.301446
2024-05-18,745581,0.350562,0.329706
2024-05-18,745744,0.292705,0.255975
2024-05-18,746067,,0.337973
2024-05-18,746142,0.307445,0.312453
2024-05-18,746308,0.319024,0.305018
2024-05-18,746389,0.292725,0.318914
2024-05-18,746642,0.306046,0.371616
2024-05-18,746882,0.254006,0.336516
2024-05-18,747036,0.325912,0.294028
2024-05-18,747121,0.325760,0.323382
2024-05-18,747202,0.274808,0.336973
2024-05-19,744937,0.274569,0.250778
2024-05-19,745012,0.326574,0.293097
2024-05-19,745179,0.286412,0.281925
2024-05-19,745336,0.390698,0.305366
2024-05-19,745577,0.354484,0.294739
2024-05-19,745745,0.315608,0.252669
2024-05-19,746064,0.296113,0.337314
2024-05-19,746144,,0.278694
2024-05-19,746306,0.321594,0.364586
2024-05-19,746392,0.293180,0.320205
2024-05-19,746636,0.277218,0.366523
2024-05-19,746880,0.343431,0.283680
2024-05-19,747035,0.331795,0.290805
2024-05-19,747120,0.363549,0.323382
2024-05-19,747198,0.281759,0.335948
2024-05-20,744857,0.315886,0.343855
2024-05-20,744935,0.330737,0.239394
2024-05-20,745093,0.300346,0.293386
2024-05-20,745181,0.294768,0.264582
2024-05-20,745746,0.332867,0.254082
2024-05-20,746066,0.280581,0.338750
2024-05-20,746146,0.333404,0.281389
2024-05-20,746307,0.283226,0.308380
2024-05-20,746390,0.301682,0.344360
2024-05-20,746637,0.296032,0.365139
2024-05-20,747119,0.402676,0.323094
2024-05-20,747121,0.327451,0.323094
2024-05-21,744860,0.294007,
2024-05-21,744936,0.298554,0.240753
2024-05-21,745090,0.301063,0.311805
2024-05-21,745180,0.291719,0.326334
2024-05-21,745503,0.374825,0.297326
2024-05-21,745578,0.294410,0.311945
2024-05-21,745662,0.388931,0.300170
2024-05-21,745742,0.337888,0.254336
2024-05-21,746058,0.287902,0.391284
2024-05-21,746145,0.323327,0.281977
2024-05-21,746309,0.282970,0.288791
2024-05-21,746385,0.300772,0.319124
2024-05-21,746633,0.291770,0.363652
2024-05-21,746716,0.330034,
2024-05-21,746875,0.322635,0.286142
2024-05-22,744856,0.322785,0.312196
2024-05-22,744933,0.292315,0.258311
2024-05-22,745089,0.333924,0.302599
2024-05-22,745173,0.291808,0.280642
2024-05-22,745180,0.291808,0.328422
2024-05-22,745502,0.324005,0.256710
2024-05-22,745576,0.298166,0.314989
2024-05-22,745661,0.381143,0.332308
2024-05-22,745743,0.294492,0.256856
2024-05-22,746063,0.263679,0.326010
2024-05-22,746143,0.324955,0.283381
2024-05-22,746304,0.308345,0.307968
2024-05-22,746386,0.301024,0.320446
2024-05-22,746634,0.291753,0.365516
2024-05-22,746712,0.329423,0.334540
2024-05-22,746876,0.319530,
2024-05-23,745500,0.332440,0.260098
2024-05-23,745573,0.268022,0.312529
2024-05-23,745660,0.380508,0.324496
2024-05-23,745741,0.281126,0.256844
2024-05-23,746474,0.241011,0.350409
2024-05-23,746714,0.327705,0.333232
2024-05-23,746792,0.316632,0.305819
2024-05-23,746874,0.322333,0.289107
2024-05-24,744853,0.238998,0.381491
2024-05-24,745087,0.309880,0.321246
2024-05-24,745175,0.303453,0.320663
2024-05-24,745415,0.224370,0.388340
2024-05-24,745501,0.319013,0.259843
2024-05-24,745663,0.321026,0.324348
2024-05-24,745822,0.333550,0.298427
2024-05-24,745905,0.309496,0.314087
2024-05-24,746227,0.366082,0.300823
2024-05-24,746475,0.244341,0.281922
2024-05-24,746558,0.320459,0.405790
2024-05-24,746713,0.283652,0.331934
2024-05-24,746793,0.289020,0.301723
2024-05-24,746956,0.288564,0.321543
2024-05-24,747200,0.327030,0.337573
2024-05-25,744851,0.282796,0.383449
2024-05-25,745086,0.310356,0.370449
2024-05-25,745176,0.288568,0.262748
2024-05-25,745411,0.258695,0.328632
2024-05-25,745493,0.318628,0.259451
2024-05-25,745658,0.322911,0.327758
2024-05-25,745823,0.363071,0.294843
2024-05-25,745901,0.309111,0.282258
2024-05-25,746226,0.363079,0.302084
2024-05-25,746470,0.274949,0.277858
2024-05-25,746556,0.296151,0.387486
2024-05-25,746710,0.285710,0.270244
2024-05-25,746794,0.308781,0.305250
2024-05-25,746958,0.289650,0.322578
2024-05-25,747199,0.373903,0.325759
2024-05-26,744855,0.285447,0.386039
2024-05-26,745088,0.311051,0.379987
2024-05-26,745172,0.289667,0.325816
2024-05-26,745413,0.259607,0.400661
2024-05-26,745498,0.351265,0.258082
2024-05-26,745653,0.322370,
2024-05-26,745824,0.359754,0.295524
2024-05-26,745902,0.306277,0.333225
2024-05-26,746230,0.366128,0.302336
2024-05-26,746469,0.240456,0.273156
2024-05-26,746557,0.314233,0.368045
2024-05-26,746711,0.287102,0.274344
2024-05-26,746789,0.366155,0.305639
2024-05-26,746957,0.287345,0.331283
2024-05-26,747197,0.414045,0.338443
2024-05-27,745254,0.321793,0.283947
2024-05-27,745338,0.316611,0.379847
2024-05-27,745416,0.337809,0.400257
2024-05-27,745816,0.285220,0.298542
2024-05-27,745904,0.312324,0.306989
2024-05-27,745986,0.311423,0.285537
2024-05-27,746549,0.365945,0.386452
2024-05-27,746708,0.340100,0.315790
2024-05-27,746788,0.280685,0.256401
2024-05-27,747034,0.322422,0.316194
2024-05-27,747118,0.368855,0.328123
2024-05-28,745017,0.325215,0.309893
2024-05-28,745091,0.325394,0.289553
2024-05-28,745258,0.319897,0.293969
2024-05-28,745337,0.314020,0.351375
2024-05-28,745412,0.338863,0.363783
2024-05-28,745816,0.285220,0.298542
2024-05-28,745818,0.289543,0.304688
2024-05-28,745903,0.372714,0.308173
2024-05-28,745987,0.290028,0.283945
2024-05-28,746229,0.260795,0.301965
2024-05-28,746468,0.259956,0.277351
2024-05-28,746552,0.368789,0.392267
2024-05-28,746709,0.282279,0.297420
2024-05-28,746791,0.241028,0.261089
2024-05-28,747033,0.324413,0.296378
2024-05-28,747115,0.359930,0.375895
2024-05-29,745011,0.337028,0.286505
2024-05-29,745084,0.328011,0.290626
2024-05-29,745250,0.319465,0.285651
2024-05-29,745333,0.340315,0.428106
2024-05-29,745414,0.310349,0.325728
2024-05-29,745817,0.290963,0.355247
2024-05-29,745900,0.372151,0.342566
2024-05-29,745988,0.293309,0.264519
2024-05-29,746228,0.260264,0.305709
2024-05-29,746467,0.262675,
2024-05-29,746468,0.259956,0.277351
2024-05-29,746551,0.367080,0.370537
2024-05-29,746706,0.324943,0.319585
2024-05-29,746790,0.259276,0.316765
2024-05-29,747031,0.340643,0.312344
2024-05-29,747117,0.317172,0.331406
2024-05-30,745081,0.329098,0.291176
2024-05-30,745249,0.311775,0.296957
2024-05-30,745819,0.335153,0.342511
2024-05-30,745898,0.311068,0.324810
2024-05-30,745985,0.302708,0.283234
2024-05-30,746225,0.258632,0.308285
2024-05-30,746954,0.246761,0.362398
2024-05-30,747114,0.317980,0.375589
2024-05-31,744928,0.259632,0.239813
2024-05-31,745253,0.345092,0.295585
2024-05-31,745331,0.257523,0.353669
2024-05-31,745574,0.326158,0.315045
2024-05-31,745820,0.324686,0.303561
2024-05-31,745983,0.301309,0.282163
2024-05-31,746059,0.314428,0.370247
2024-05-31,746140,0.392240,0.291129
2024-05-31,746303,0.401632,0.311129
2024-05-31,746387,0.295372,0.321497
2024-05-31,746635,0.316493,0.306986
2024-05-31,746877,0.302381,0.328965
2024-05-31,746955,0.281488,0.338056
2024-05-31,747032,0.290664,0.297323
2024-05-31,747116,0.329699,0.332869
2024-06-01,744932,0.261479,0.263085
2024-06-01,745251,0.351339,0.288249
2024-06-01,745332,0.258237,0.353638
2024-06-01,745575,0.301829,0.316558
2024-06-01,745812,0.334941,
2024-06-01,745980,0.307003,0.266603
2024-06-01,746062,0.272194,0.341049
2024-06-01,746138,0.388583,0.289845
2024-06-01,746305,0.401355,0.311348
2024-06-01,746384,0.311155,0.322880
2024-06-01,746629,0.294772,0.349851
2024-06-01,746870,0.312616,0.294660
2024-06-01,746952,0.284610,0.338036
2024-06-01,747029,0.287762,0.297923
2024-06-01,747111,0.360716,0.373220
2024-06-02,744929,0.260734,0.242088
2024-06-02,745252,0.347939,0.293563
2024-06-02,745330,0.258240,0.356142
2024-06-02,745572,0.345744,0.297046
2024-06-02,745813,0.339049,0.304272
2024-06-02,745984,0.301934,0.284190
2024-06-02,746061,0.291371,
2024-06-02,746141,0.387358,0.290899
2024-06-02,746301,0.340106,0.308560
2024-06-02,746383,0.334721,0.276243
2024-06-02,746632,0.302822,0.303049
2024-06-02,746871,0.295103,0.317826
2024-06-02,746953,0.282171,
2024-06-02,747030,0.277525,0.338725
2024-06-02,747110,0.331104,
2024-06-03,744854,0.306328,0.347422
2024-06-03,744930,0.341079,0.245433
2024-06-03,745009,0.276748,0.296633
2024-06-03,745569,0.282387,0.320017
2024-06-03,746224,0.308902,0.306649
2024-06-03,746382,0.347042,0.411643
2024-06-03,746548,0.302397,0.402489
2024-06-03,747194,0.339448,0.317447
2024-06-04,744850,0.305582,0.353356
2024-06-04,744931,0.340634,0.315716
2024-06-04,745010,0.283049,0.310558
2024-06-04,745497,0.288518,0.264268
2024-06-04,745568,0.268071,0.319418
2024-06-04,745656,0.294288,0.335060
2024-06-04,745739,0.327364,0.258317
2024-06-04,746060,0.342473,0.374400
2024-06-04,746222,0.329207,0.307282
2024-06-04,746380,0.324749,0.337667
2024-06-04,746550,0.341242,0.386516
2024-06-04,746630,0.307461,0.344116
2024-06-04,746872,0.358430,0.314895
2024-06-04,746949,0.374505,0.322128
2024-06-04,747196,0.335072,0.332544
2024-06-05,744852,0.306495,
2024-06-05,744927,0.339613,0.265648
2024-06-05,745007,0.321080,0.345284
2024-06-05,745494,0.289831,0.264008
2024-06-05,745570,0.265822,0.344306
2024-06-05,745654,0.292212,0.332621
2024-06-05,745740,0.319057,0.257322
2024-06-05,746056,0.274869,0.336873
2024-06-05,746221,0.311279,0.306997
2024-06-05,746379,0.316959,0.389239
2024-06-05,746544,0.315997,0.389075
2024-06-05,746628,0.355045,0.288791
2024-06-05,746873,0.364176,0.297013
2024-06-05,746950,,
2024-06-05,747195,0.350211,0.320528
2024-06-06,744844,0.333828,0.314098
2024-06-06,744923,0.370678,0.283374
2024-06-06,745174,0.389045,0.346235
2024-06-06,745408,0.324059,0.318897
2024-06-06,745495,0.279556,0.284248
2024-06-06,745657,0.285441,0.327736
2024-06-06,745738,0.321780,0.281995
2024-06-06,746631,0.305391,0.345167
2024-06-06,746707,0.301197,
2024-06-06,746784,0.331837,
2024-06-07,744845,0.374365,0.323418
2024-06-07,745008,0.299698,0.325242
2024-06-07,745083,0.340048,0.336514
2024-06-07,745169,0.385716,0.343823
2024-06-07,745406,0.335168,0.400655
2024-06-07,745496,0.306447,0.291938
2024-06-07,745655,0.283452,0.331023
2024-06-07,745737,0.292989,0.281304
2024-06-07,746053,0.348467,
2024-06-07,746220,0.338560,0.307621
2024-06-07,746302,0.285105,0.305658
2024-06-07,746466,0.291124,0.312152
2024-06-07,746704,0.303992,0.324349
2024-06-07,746785,0.318495,
2024-06-08,744848,0.333561,0.313202
2024-06-08,745001,0.283642,0.338775
2024-06-08,745082,0.341136,0.272164
2024-06-08,745166,0.394426,0.314134
2024-06-08,745410,0.280205,0.385348
2024-06-08,745492,0.304650,0.263703
2024-06-08,745652,0.335884,0.329135
2024-06-08,745735,0.291487,0.281329
2024-06-08,745814,0.318257,0.305328
2024-06-08,746057,0.352764,
2024-06-08,746223,0.345127,0.309045
2024-06-08,746300,0.290844,0.309258
2024-06-08,746461,0.294521,0.250967
2024-06-08,746703,0.313652,0.311323
2024-06-08,746786,0.274344,
2024-06-09,744849,0.333699,0.314179
2024-06-09,745003,0.304706,0.338564
2024-06-09,745085,0.340767,0.275626
2024-06-09,745167,0.383993,0.341389
2024-06-09,745407,0.319696,0.315013
2024-06-09,745491,0.284507,0.264371
2024-06-09,745571,0.304769,0.295415
2024-06-09,745651,,0.331349
2024-06-09,745736,0.291509,0.281686
2024-06-09,746054,0.300785,0.337334
2024-06-09,746216,0.363091,0.309581
2024-06-09,746297,0.279822,0.310472
2024-06-09,746463,0.268102,0.273692
2024-06-09,746705,0.302967,0.315156
2024-06-09,746787,0.266125,
2024-06-10,745080,0.288370,0.281503
2024-06-10,745248,0.359940,0.291613
2024-06-10,745334,0.346076,0.331279
2024-06-10,745409,0.332681,0.396240
2024-06-10,745897,0.379241,0.315359
2024-06-10,745982,,0.294422
2024-06-10,746295,0.277338,0.366904
2024-06-11,745077,0.304315,0.300431
2024-06-11,745170,0.266737,0.343151
2024-06-11,745244,0.385748,0.289826
2024-06-11,745327,0.345244,0.330578
2024-06-11,745404,0.335230,0.358790
2024-06-11,745815,0.336112,0.303960
2024-06-11,745899,0.394054,0.320672
2024-06-11,745981,,0.284809
2024-06-11,746139,0.254662,0.309712
2024-06-11,746296,0.295069,0.291535
2024-06-11,746464,0.312347,0.281574
2024-06-11,746702,0.299812,0.310241
2024-06-11,746951,0.342939,0.278678
2024-06-11,747027,0.383534,0.370737
2024-06-11,747190,,0.333491
2024-06-12,745079,0.413489,0.297621
2024-06-12,745171,0.265373,0.345824
2024-06-12,745246,0.350115,0.288987
2024-06-12,745328,0.345087,0.293037
2024-06-12,745405,0.346904,0.331620
2024-06-12,745811,0.377197,0.360032
2024-06-12,745896,,0.312281
2024-06-12,745978,0.283500,0.295600
2024-06-12,746137,0.334828,0.291041
2024-06-12,746294,0.253400,0.311328
2024-06-12,746462,0.311806,0.280387
2024-06-12,746701,0.313146,0.311252
2024-06-12,746948,0.343564,0.286875
2024-06-12,747028,0.385678,0.338092
2024-06-12,747193,0.319193,0.316708
2024-06-13,745075,0.317674,0.257547
2024-06-13,745168,0.337986,0.347166
2024-06-13,745245,0.363423,0.280391
2024-06-13,745809,0.340420,0.318402
2024-06-13,745894,0.336005,0.341619
2024-06-13,746136,0.332961,0.289599
2024-06-13,746299,0.252633,0.301056
2024-06-13,746465,0.314275,0.307429
2024-06-13,746944,0.341196,0.278669
2024-06-13,747026,0.383754,0.299086
2024-06-13,747192,0.331839,0.317807
2024-06-14,744847,0.446424,0.308343
2024-06-14,744924,0.342146,0.250317
2024-06-14,745247,0.313863,0.292043
2024-06-14,745326,0.307179,0.276015
2024-06-14,745810,0.396398,0.316255
2024-06-14,745892,0.295940,0.288599
2024-06-14,745979,0.310996,0.293376
2024-06-14,746134,0.308597,0.290072
2024-06-14,746378,0.287369,0.345305
2024-06-14,746545,0.324273,0.394012
2024-06-14,746869,0.334423,0.317782
2024-06-14,746947,0.255323,0.281328
2024-06-14,747025,0.370508,0.325771
2024-06-14,747112,0.317665,
2024-06-14,747191,0.312773,0.317428
2024-06-15,744846,0.376040,0.366150
2024-06-15,744925,0.320466,0.250531
2024-06-15,745241,0.334322,0.290587
2024-06-15,745329,0.306037,0.302653
2024-06-15,745805,0.317937,0.316381
2024-06-15,745891,0.346196,0.337457
2024-06-15,745976,0.310738,0.283666
2024-06-15,746135,0.308083,0.290503
2024-06-15,746381,0.290219,0.318178
2024-06-15,746547,,0.434946
2024-06-15,746865,0.350010,0.361942
2024-06-15,746946,0.255854,0.283413
2024-06-15,747024,0.341559,0.336938
2024-06-15,747113,0.300534,0.349547
2024-06-15,747187,0.330907,0.316178
2024-06-16,744839,0.379491,0.349353
2024-06-16,744926,0.326830,0.299353
2024-06-16,745242,0.334340,0.292006
2024-06-16,745321,0.266630,0.319920
2024-06-16,745807,0.316195,0.313085
2024-06-16,745891,0.346196,0.337457
2024-06-16,745895,0.334789,0.312580
2024-06-16,745977,0.277530,0.295665
2024-06-16,746130,0.307322,0.312183
2024-06-16,746377,0.289515,0.345209
2024-06-16,746546,0.312194,0.382671
2024-06-16,746866,0.328225,0.375995
2024-06-16,746945,0.257113,0.282722
2024-06-16,747023,0.342751,0.335959
2024-06-16,747109,0.299339,0.349189
2024-06-16,747189,0.331856,0.338510
2024-06-17,744918,0.288227,0.252237
2024-06-17,745005,0.408754,0.312122
2024-06-17,745490,0.309583,0.310364
2024-06-17,745567,0.438772,0.335142
2024-06-17,746055,0.337149,0.328226
2024-06-17,746215,0.278955,0.286482
2024-06-17,746543,0.320664,0.361200
2024-06-17,746868,0.321196,0.357736
2024-06-17,747108,0.313784,0.350166
2024-06-18,744843,0.311752,0.305467
2024-06-18,744917,0.313663,0.254288
2024-06-18,745004,0.310535,0.307903
2024-06-18,745488,0.286589,0.278218
2024-06-18,745563,0.382933,0.366153
2024-06-18,745650,0.308182,0.302146
2024-06-18,745733,0.363491,0.228288
2024-06-18,745893,0.302591,0.333825
2024-06-18,746049,0.326568,0.348450
2024-06-18,746217,0.295449,0.304920
2024-06-18,746542,0.320898,0.416651
2024-06-18,746627,0.291196,
2024-06-18,746783,0.365739,0.333897
2024-06-18,746867,0.321025,0.335926
2024-06-18,747107,0.290636,0.350284
2024-06-19,744842,0.324933,0.283720
2024-06-19,744920,0.284975,0.298864
2024-06-19,745002,0.308597,0.309194
2024-06-19,745489,0.255167,0.310699
2024-06-19,745561,0.397990,0.300706
2024-06-19,745646,0.307111,0.301846
2024-06-19,745732,0.336098,0.289249
2024-06-19,745887,0.378505,0.336062
2024-06-19,746050,0.353883,0.381850
2024-06-19,746219,0.287149,0.303872
2024-06-19,746538,0.303331,0.371308
2024-06-19,746625,0.275249,0.386680
2024-06-19,746781,0.390424,0.313875
2024-06-19,746864,0.316441,0.321358
2024-06-19,747106,0.305455,0.351402
2024-06-20,744841,0.328294,0.283256
2024-06-20,745164,0.312345,0.335521
2024-06-20,745401,0.296087,0.319004
2024-06-20,745645,0.309987,0.301745
2024-06-20,745734,0.369378,0.282728
2024-06-20,745889,0.298522,0.346177
2024-06-20,746539,0.320258,0.296688
2024-06-20,746626,0.280470,0.343184
2024-06-20,746782,0.342763,0.312562
2024-06-21,745006,0.307912,0.307732
2024-06-21,745403,0.296271,0.386698
2024-06-21,745483,0.303957,0.312902
2024-06-21,745562,0.291058,0.317029
2024-06-21,745649,0.320141,0.328064
2024-06-21,745729,0.352435,0.257132
2024-06-21,746052,0.279227,0.349900
2024-06-21,746131,0.304323,0.324097
2024-06-21,746375,0.290763,
2024-06-21,746460,0.323057,0.295368
2024-06-21,746540,0.304476,0.373538
2024-06-21,746624,0.278478,0.342851
2024-06-21,746698,0.286778,0.318391
2024-06-21,746861,0.261318,0.324160
2024-06-22,744997,0.319253,0.307167
2024-06-22,745163,0.310772,0.356666
2024-06-22,745402,0.296328,0.314927
2024-06-22,745486,0.280964,0.312314
2024-06-22,745564,,0.319372
2024-06-22,745644,0.286673,
2024-06-22,745731,0.350403,0.258910
2024-06-22,746048,0.295658,
2024-06-22,746132,0.304438,0.319056
2024-06-22,746376,0.292766,0.346412
2024-06-22,746459,0.313236,0.295140
2024-06-22,746541,0.325821,0.372534
2024-06-22,746622,0.305365,0.340422
2024-06-22,746700,0.306533,0.310292
2024-06-22,746863,0.306264,0.338150
2024-06-23,745000,0.313026,0.307098
2024-06-23,745165,0.313131,0.353256
2024-06-23,745396,0.323521,0.306909
2024-06-23,745485,0.333902,0.346187
2024-06-23,745566,0.335460,0.318923
2024-06-23,745648,0.317011,0.304715
2024-06-23,745727,0.349863,0.257939
2024-06-23,746051,0.278227,0.350662
2024-06-23,746373,0.383764,0.342208
2024-06-23,746457,0.335521,0.285746
2024-06-23,746536,0.326338,0.371193
2024-06-23,746621,0.303620,0.306256
2024-06-23,746699,0.284935,0.313022
2024-06-23,746862,0.306622,0.335197
2024-06-24,745078,0.296274,0.296416
2024-06-24,745160,0.350672,0.357754
2024-06-24,745323,0.324225,0.290156
2024-06-24,745397,0.303807,0.322638
2024-06-24,745974,0.306126,0.298084
2024-06-24,746218,0.346863,0.304373
2024-06-24,746298,0.382354,0.308980
2024-06-24,746458,0.320865,0.291130
2024-06-24,746696,0.310963,0.285135
2024-06-24,746780,0.318610,0.329568
2024-06-24,746941,0.303698,0.300394
2024-06-24,747021,0.341759,0.292109
2024-06-25,745076,0.326744,0.336562
2024-06-25,745157,0.349665,0.359199
2024-06-25,745322,0.336807,0.311213
2024-06-25,745399,0.303687,0.325398
2024-06-25,745806,0.256695,0.305939
2024-06-25,745973,0.305658,0.290229
2024-06-25,746213,0.392292,0.303418
2024-06-25,746293,0.351258,0.308702
2024-06-25,746372,0.372110,0.347834
2024-06-25,746454,0.322320,0.310237
2024-06-25,746697,0.310355,0.287816
2024-06-25,746775,0.317418,0.312182
2024-06-25,746943,0.400377,0.354030
2024-06-25,747022,0.339269,0.382815
2024-06-25,747188,0.333496,0.311877
2024-06-26,745073,0.288188,0.297964
2024-06-26,745157,0.349665,0.359199
2024-06-26,745158,0.349665,0.337990
2024-06-26,745325,0.335573,0.316584
2024-06-26,745400,,0.307776
2024-06-26,745808,0.262949,
2024-06-26,745975,0.306482,0.296918
2024-06-26,746212,0.334425,0.304252
2024-06-26,746291,0.351814,0.326556
2024-06-26,746374,0.372714,0.341464
2024-06-26,746456,0.322467,0.314616
2024-06-26,746695,0.309714,0.259410
2024-06-26,746777,0.323354,0.309693
2024-06-26,746942,0.327380,0.329930
2024-06-26,747019,0.336914,0.292954
2024-06-26,747184,0.335715,0.310931
2024-06-27,744919,0.257849,0.324167
2024-06-27,745162,,0.345687
2024-06-27,745324,0.335996,0.291456
2024-06-27,745565,0.351802,0.327227
2024-06-27,746210,0.293302,0.306125
2024-06-27,746288,,0.310101
2024-06-27,746816,0.348754,0.329397
2024-06-27,747020,0.326389,0.293181
2024-06-27,747185,0.295411,0.325043
2024-06-28,744922,0.228447,0.329583
2024-06-28,745070,0.327129,0.292846
2024-06-28,745161,0.261973,0.310625
2024-06-28,745238,0.288664,0.319930
2024-06-28,745319,0.315744,0.285535
2024-06-28,745560,0.390130,0.322338
2024-06-28,745804,0.347051,0.308820
2024-06-28,745970,0.389022,0.298335
2024-06-28,746214,0.290127,0.307058
2024-06-28,746292,,0.289397
2024-06-28,746776,0.373936,0.317498
2024-06-28,746939,0.308659,0.302026
2024-06-28,747017,0.309870,0.311325
2024-06-28,747105,0.310881,0.346156
2024-06-28,747183,0.341490,0.346007
2024-06-29,744921,0.269559,0.350852
2024-06-29,745071,0.235955,0.311310
2024-06-29,745159,0.324114,0.359301
2024-06-29,745239,0.319206,0.321996
2024-06-29,745317,0.314996,
2024-06-29,745559,0.352669,0.325082
2024-06-29,745801,,0.309194
2024-06-29,745972,0.331358,0.297935
2024-06-29,746211,0.289443,0.307066
2024-06-29,746289,0.304939,0.308480
2024-06-29,746778,0.396376,0.314993
2024-06-29,746940,0.309652,0.326793
2024-06-29,747018,0.326387,0.329321
2024-06-29,747104,0.312203,0.345785
2024-06-29,747186,0.339875,0.346374
2024-06-30,744916,0.260162,0.284305
2024-06-30,745072,0.301821,0.323455
2024-06-30,745154,0.288906,0.337420
2024-06-30,745243,0.348613,0.293290
2024-06-30,745320,0.241122,0.295878
2024-06-30,745555,0.379928,0.324864
2024-06-30,745802,0.321985,0.307417
2024-06-30,745971,0.331260,0.299507
2024-06-30,746209,0.311758,0.303393
2024-06-30,746290,0.287185,0.307431
2024-06-30,746779,0.403668,0.328442
2024-06-30,746938,0.306540,0.321370
2024-06-30,747016,,0.306080
2024-06-30,747101,0.321340,0.344805
2024-06-30,747182,0.339181,0.322945
2024-07-01,744840,0.344440,0.301503
2024-07-01,744914,0.317729,0.328272
2024-07-01,746535,0.290917,0.385949
2024-07-02,744838,,0.301352
2024-07-02,744913,0.345038,0.326513
2024-07-02,744999,0.346225,0.297070
2024-07-02,745240,0.293439,0.288348
2024-07-02,745482,0.336444,0.309794
2024-07-02,745647,0.305684,0.339719
2024-07-02,745730,0.289410,0.262162
2024-07-02,745886,0.284380,0.326399
2024-07-02,746047,0.300800,0.355549
2024-07-02,746133,0.310393,0.315749
2024-07-02,746282,0.311943,0.308274
2024-07-02,746537,0.298875,0.370788
2024-07-02,746623,0.353903,0.291735
2024-07-02,746860,0.324584,0.331327
2024-07-02,747102,0.285660,0.345340
2024-07-03,744837,0.306407,0.308206
2024-07-03,744915,0.345360,0.281986
2024-07-03,744998,0.310447,0.306660
2024-07-03,745234,0.293438,0.263001
2024-07-03,745487,0.356349,0.308849
2024-07-03,745643,0.258158,0.340194
2024-07-03,745728,0.290396,0.262907
2024-07-03,745888,0.264795,0.305189
2024-07-03,746045,0.282421,0.355106
2024-07-03,746128,0.312568,0.281111
2024-07-03,746283,0.290200,0.307732
2024-07-03,746534,0.299523,0.325418
2024-07-03,746617,0.313097,0.352553
2024-07-03,746858,0.325247,0.330680
2024-07-03,747100,0.329075,0.347560
2024-07-04,744834,0.308696,0.303255
2024-07-04,744912,0.345101,0.272124
2024-07-04,744996,0.346577,0.303202
2024-07-04,745236,0.308436,0.266216
2024-07-04,745484,0.352870,0.306836
2024-07-04,745641,0.288459,0.340018
2024-07-04,745726,0.290583,0.220503
2024-07-04,745890,0.316337,0.331112
2024-07-04,746043,0.289062,0.355074
2024-07-04,746126,0.311091,0.324872
2024-07-04,746285,0.358957,0.306412
2024-07-04,746532,0.299090,0.385499
2024-07-04,746619,0.312262,
2024-07-04,746857,0.326810,0.325405
2024-07-04,747103,0.288270,0.348937
2024-07-05,744836,0.354096,0.321835
2024-07-05,744992,0.306502,0.302939
2024-07-05,745237,0.327345,0.266700
2024-07-05,745398,,0.312154
2024-07-05,745479,0.309209,
2024-07-05,745639,0.330391,0.341549
2024-07-05,745725,0.302715,0.214176
2024-07-05,745884,0.370512,0.325655
2024-07-05,746046,0.311085,0.355294
2024-07-05,746127,0.296813,0.317562
2024-07-05,746533,0.321811,
2024-07-05,746620,0.286926,
2024-07-05,746693,0.297867,0.290537
2024-07-05,746859,0.287440,0.332962
2024-07-05,747097,0.329052,0.349564
2024-07-06,744835,0.353323,0.259094
2024-07-06,744995,0.281142,0.301810
2024-07-06,745235,0.283486,0.285858
2024-07-06,745395,0.306747,0.306170
2024-07-06,745476,0.309617,0.297062
2024-07-06,745642,0.369157,0.284007
2024-07-06,745724,0.316632,0.244303
2024-07-06,745885,0.346359,0.321689
2024-07-06,746044,0.310459,0.387627
2024-07-06,746129,0.326257,0.316880
2024-07-06,746529,0.310213,0.386322
2024-07-06,746615,0.296027,0.333538
2024-07-06,746694,0.353050,0.292233
2024-07-06,746856,,0.326212
2024-07-06,747099,0.327785,0.350413
2024-07-07,744832,0.340458,0.332194
2024-07-07,744993,0.308238,0.304880
2024-07-07,745233,0.292722,0.266625
2024-07-07,745391,0.302770,0.305342
2024-07-07,745477,0.308949,0.311865
2024-07-07,745637,0.328094,0.339296
2024-07-07,745723,0.288522,0.221816
2024-07-07,745883,0.360474,0.345025
2024-07-07,746039,0.326262,0.363676
2024-07-07,746122,0.314602,0.315747
2024-07-07,746530,0.298545,0.384755
2024-07-07,746616,0.289069,0.252586
2024-07-07,746691,0.293211,0.291396
2024-07-07,746855,,0.332625
2024-07-07,747098,0.327083,0.351051
2024-07-08,744833,0.353860,0.330970
2024-07-08,745480,0.307006,0.297920
2024-07-08,746208,0.303841,0.279317
2024-07-08,746455,0.261873,0.321562
2024-07-08,746692,0.384771,0.293083
2024-07-08,746771,0.321706,0.359758
2024-07-08,747181,0.349858,0.320125
2024-07-09,745074,0.223704,0.296903
2024-07-09,745155,0.312236,0.353609
2024-07-09,745316,0.333761,0.347732
2024-07-09,745393,0.269409,0.307287
2024-07-09,745557,0.289330,0.330442
2024-07-09,745803,0.321980,0.306361
2024-07-09,745968,0.276806,0.255180
2024-07-09,746206,0.303318,0.239561
2024-07-09,746368,0.352794,0.344014
2024-07-09,746451,0.267258,0.296483
2024-07-09,746690,0.373191,0.324752
2024-07-09,746773,0.302374,0.326425
2024-07-09,746937,0.339958,0.288724
2024-07-09,747014,0.331442,0.328362
2024-07-09,747180,0.350107,0.332541
2024-07-10,745069,0.243507,0.309040
2024-07-10,745155,0.312236,0.353609
2024-07-10,745156,0.312236,0.326385
2024-07-10,745318,0.294613,0.272071
2024-07-10,745394,0.270761,0.306740
2024-07-10,745556,0.323213,0.306494
2024-07-10,745796,0.304623,0.305879
2024-07-10,745969,0.270546,0.305537
2024-07-10,746205,0.304496,0.240898
2024-07-10,746366,0.386391,0.361928
2024-07-10,746453,0.280967,0.346867
2024-07-10,746689,0.373716,0.292918
2024-07-10,746772,0.321969,0.326425
2024-07-10,746773,0.302374,0.326425
2024-07-10,746934,0.340723,0.303106
2024-07-10,747015,0.297975,0.330869
2024-07-10,747179,0.351835,0.309180
2024-07-11,745065,0.243728,0.299880
2024-07-11,745313,0.298350,0.308484
2024-07-11,745558,0.316870,0.324067
2024-07-11,745799,0.315897,0.307540
2024-07-11,745967,0.306476,0.296573
2024-07-11,746204,0.281027,0.241434
2024-07-11,746452,0.374879,0.375331
2024-07-11,746688,0.432544,0.296316
2024-07-11,746935,0.338405,0.289889
2024-07-11,747011,0.290921,0.310614
2024-07-11,747178,0.349949,0.333884
2024-07-12,745064,0.284988,0.300453
2024-07-12,745153,0.291094,0.354859
2024-07-12,745312,0.306103,0.294676
2024-07-12,745390,0.350958,0.305967
2024-07-12,745552,0.337543,0.326233
2024-07-12,745800,0.439526,0.307641
2024-07-12,745965,0.316304,0.298131
2024-07-12,746207,0.271565,0.243618
2024-07-12,746371,0.302996,0.342727
2024-07-12,746450,0.316276,0.322655
2024-07-12,746685,0.309998,0.292831
2024-07-12,746774,0.268159,0.329070
2024-07-12,746936,0.324677,0.301509
2024-07-12,747012,0.261386,0.328198
2024-07-12,747175,0.297267,0.297729
2024-07-13,745067,0.290716,0.310197
2024-07-13,745152,0.339648,0.314010
2024-07-13,745175,0.292713,0.343016
2024-07-13,745311,0.339874,0.333353
2024-07-13,745392,0.350694,0.306532
2024-07-13,745549,0.330655,0.320864
2024-07-13,745798,0.385357,0.307676
2024-07-13,745963,0.362212,0.311497
2024-07-13,746202,0.328441,0.243402
2024-07-13,746369,0.302439,0.339487
2024-07-13,746447,0.326755,0.333911
2024-07-13,746687,0.387993,0.321908
2024-07-13,746766,0.320427,0.339804
2024-07-13,746930,0.324612,0.292258
2024-07-13,747013,0.245137,0.329047
2024-07-13,747177,,0.313786
2024-07-14,745066,0.291444,0.304120
2024-07-14,745151,0.295254,0.352528
2024-07-14,745314,0.324959,0.297113
2024-07-14,745385,0.349159,0.311418
2024-07-14,745551,0.328695,
2024-07-14,745797,0.384195,0.307167
2024-07-14,745962,0.322724,0.298901
2024-07-14,746201,0.271150,0.275723
2024-07-14,746370,0.301117,0.342994
2024-07-14,746449,0.317903,0.322841
2024-07-14,746686,0.354243,0.291912
2024-07-14,746769,0.307417,0.313315
2024-07-14,746932,0.314962,0.288634
2024-07-14,747009,0.263423,0.330462
2024-07-14,747176,0.299022,0.319242
2024-07-19,744829,0.292434,0.304174
2024-07-19,744911,0.323910,0.288288
2024-07-19,744990,0.336063,0.314796
2024-07-19,745228,0.344302,0.299480
2024-07-19,745481,0.319005,0.307721
2024-07-19,745640,0.243799,0.291121
2024-07-19,745721,0.316610,0.260105
2024-07-19,746040,0.306232,0.386803
2024-07-19,746123,0.328749,0.317317
2024-07-19,746284,0.310154,0.347143
2024-07-19,746531,0.297782,0.381262
2024-07-19,746618,0.309333,0.300532
2024-07-19,746854,0.316853,0.295188
2024-07-19,747093,0.354102,0.347623
2024-07-20,744830,0.290806,0.346694
2024-07-20,744910,0.344188,0.300310
2024-07-20,744994,0.328224,0.300143
2024-07-20,745229,0.343285,0.314891
2024-07-20,745478,0.318803,0.269075
2024-07-20,745638,0.260359,0.329742
2024-07-20,745720,0.388448,0.236565
2024-07-20,745880,0.300374,
2024-07-20,746041,0.305623,0.352258
2024-07-20,746121,0.292223,0.318356
2024-07-20,746286,0.306895,0.346405
2024-07-20,746527,0.326749,0.381695
2024-07-20,746613,0.310629,0.343801
2024-07-20,746852,0.305990,0.295036
2024-07-20,747093,0.354102,0.347623
2024-07-20,747096,0.354102,0.347623
2024-07-21,744831,0.290280,0.344626
2024-07-21,744909,0.334975,0.301068
2024-07-21,744991,0.328807,0.299322
2024-07-21,745230,0.343363,0.281107
2024-07-21,745470,0.318960,0.305350
2024-07-21,745633,0.271117,0.331569
2024-07-21,745722,0.318558,0.221579
2024-07-21,745882,0.301994,0.366750
2024-07-21,746042,0.305619,0.348140
2024-07-21,746125,0.301805,0.327787
2024-07-21,746287,0.313385,0.347716
2024-07-21,746528,0.299670,0.328542
2024-07-21,746610,0.310157,0.303371
2024-07-21,746853,0.358682,0.293849
2024-07-21,747094,0.354267,0.281737
2024-07-22,744988,0.305151,0.299023
2024-07-22,745232,0.240689,0.327160
2024-07-22,745473,0.354804,0.305125
2024-07-22,745635,0.343652,0.330110
2024-07-22,745717,0.390200,0.220119
2024-07-22,745881,0.318204,0.350517
2024-07-22,746034,0.286525,0.352790
2024-07-22,746124,0.301471,0.317462
2024-07-22,746280,0.317235,0.332582
2024-07-22,746526,0.322102,0.392610
2024-07-22,746612,0.288265,0.303156
2024-07-22,746850,0.301465,0.293221
2024-07-22,747095,0.290304,
2024-07-23,744828,0.315423,0.302214
2024-07-23,744904,0.322597,0.301627
2024-07-23,744985,0.347265,0.301647
2024-07-23,745227,0.284443,0.316229
2024-07-23,745475,0.337905,0.305430
2024-07-23,745632,0.361415,0.328005
2024-07-23,745715,0.304487,0.199638
2024-07-23,745878,0.316583,0.314501
2024-07-23,746036,0.327560,0.383581
2024-07-23,746118,0.299411,0.317337
2024-07-23,746281,0.307246,0.322299
2024-07-23,746524,0.303368,0.387250
2024-07-23,746614,0.286417,0.301791
2024-07-23,746848,0.297167,0.297876
2024-07-23,747090,0.283469,0.369994
2024-07-24,744824,0.326290,0.230109
2024-07-24,744905,0.321429,0.302983
2024-07-24,744989,0.310126,0.310209
2024-07-24,745231,0.303584,0.313138
2024-07-24,745472,0.354720,0.289872
2024-07-24,745634,0.343680,0.316753
2024-07-24,745716,0.307207,0.216381
2024-07-24,745877,0.316751,0.300372
2024-07-24,746035,0.327843,0.384364
2024-07-24,746119,0.298010,0.316241
2024-07-24,746279,0.306848,0.322652
2024-07-24,746525,0.308142,0.432140
2024-07-24,746611,0.321219,0.308551
2024-07-24,746851,0.282669,0.295754
2024-07-24,747090,0.283469,0.368785
2024-07-24,747091,0.291724,
2024-07-25,744827,0.299395,0.301112
2024-07-25,744907,0.319527,
2024-07-25,744984,0.325556,0.298302
2024-07-25,745794,0.324957,0.358179
2024-07-25,746037,0.319712,0.291399
2024-07-25,746117,0.302657,0.325254
2024-07-25,746199,0.343091,0.287266
2024-07-25,746609,0.356383,0.310535
2024-07-26,744906,0.308366,
2024-07-26,745068,0.262441,0.303249
2024-07-26,745146,0.300148,0.354505
2024-07-26,745315,0.375580,0.303446
2024-07-26,745554,0.309749,0.315868
2024-07-26,745792,0.320700,0.262161
2024-07-26,745964,0.301879,0.324241
2024-07-26,746200,0.331226,0.288224
2024-07-26,746277,0.297425,0.333858
2024-07-26,746361,0.324166,0.343097
2024-07-26,746448,0.362035,0.325499
2024-07-26,746767,,0.311054
2024-07-26,746933,0.242028,0.306091
2024-07-26,747010,0.336356,0.327021
2024-07-26,747174,0.325422,0.305934
2024-07-27,744908,0.299869,0.298550
2024-07-27,745059,0.263783,0.294419
2024-07-27,745150,0.320161,0.355116
2024-07-27,745307,0.383611,0.322693
2024-07-27,745310,0.391914,0.301564
2024-07-27,745553,0.334979,0.316913
2024-07-27,745793,0.325753,0.306552
2024-07-27,745966,0.306329,0.297993
2024-07-27,746203,0.310483,0.300850
2024-07-27,746278,0.296377,0.318199
2024-07-27,746362,0.298459,0.343700
2024-07-27,746446,0.355284,0.283428
2024-07-27,746768,0.318122,0.318851
2024-07-27,746931,0.241440,0.301432
2024-07-27,747006,0.336804,0.325595
2024-07-27,747171,0.299300,0.315305
2024-07-28,744902,0.300053,0.366771
2024-07-28,745145,0.316894,0.354647
2024-07-28,745305,0.421553,0.300270
2024-07-28,745550,0.313357,0.317405
2024-07-28,745795,0.332625,0.314242
2024-07-28,745961,0.312234,0.323143
2024-07-28,746195,0.332566,0.301671
2024-07-28,746274,0.295902,0.381529
2024-07-28,746364,0.307856,0.343335
2024-07-28,746445,0.310182,0.337733
2024-07-28,746770,0.320345,0.322251
2024-07-28,746929,0.240765,0.303765
2024-07-28,747008,0.308568,0.307104
2024-07-28,747173,0.331072,0.283471
2024-07-29,745147,0.300717,0.355409
2024-07-29,745547,0.220002,0.358396
2024-07-29,745791,0.327689,0.283073
2024-07-29,745959,0.325940,0.285160
2024-07-29,746360,0.345909,0.347603
2024-07-29,746444,0.315215,0.310660
2024-07-29,746684,0.295163,0.263661
2024-07-29,746765,0.381664,0.364983
2024-07-29,746928,,0.318840
2024-07-29,747007,0.307536,0.306755
2024-07-29,747039,0.300760,0.333606
2024-07-29,747172,0.412824,0.315575
2024-07-30,745060,0.328517,0.311796
2024-07-30,745149,0.337736,0.357127
2024-07-30,745309,0.347215,0.296976
2024-07-30,745389,0.296596,0.326169
2024-07-30,745546,0.239910,0.317610
2024-07-30,745787,0.345010,0.307603
2024-07-30,745958,0.325945,0.255146
2024-07-30,746197,0.378304,0.300005
2024-07-30,746365,0.304092,0.342229
2024-07-30,746441,0.284147,0.283812
2024-07-30,746683,0.268191,0.264149
2024-07-30,746763,0.351184,0.330204
2024-07-30,746926,0.334299,0.281592
2024-07-30,747005,0.299779,0.288738
2024-07-30,747167,,0.289430
2024-07-31,745061,0.354231,0.311606
2024-07-31,745148,0.340025,0.293441
2024-07-31,745306,0.287265,0.280872
2024-07-31,745386,0.295247,0.321058
2024-07-31,745543,0.238302,0.322469
2024-07-31,745789,0.325690,0.312217
2024-07-31,745960,0.324182,0.312658
2024-07-31,746198,0.385437,0.254144
2024-07-31,746363,0.280746,0.341300
2024-07-31,746678,0.290031,0.337583
2024-07-31,746764,,0.327909
2024-07-31,746925,0.302099,0.327997
2024-07-31,747003,,0.261301
2024-07-31,747170,0.295332,0.330678
2024-08-01,746196,0.393252,0.254191
2024-08-01,746442,0.320727,0.321324
2024-08-01,746607,0.274969,0.268861
2024-08-01,746849,0.335638,0.337465
2024-08-01,747092,0.350783,0.324438
2024-08-02,744825,0.322370,0.339551
2024-08-02,744986,0.285962,0.300028
2024-08-02,745224,0.341616,
2024-08-02,745387,0.417576,0.316693
2024-08-02,745471,0.304367,0.306733
2024-08-02,745631,0.294850,0.333963
2024-08-02,745719,0.311581,0.239646
2024-08-02,745875,0.352541,0.350304
2024-08-02,746193,0.307654,0.326487
2024-08-02,746354,,0.341239
2024-08-02,746443,0.320161,0.336167
2024-08-02,746605,0.303744,0.284642
2024-08-02,746679,0.285624,0.264608
2024-08-02,746845,0.358624,0.268707
2024-08-02,747089,,0.324527
2024-08-03,744823,0.289389,0.375212
2024-08-03,744987,0.305888,0.300624
2024-08-03,745225,0.318899,0.320555
2024-08-03,745388,0.387065,0.311725
2024-08-03,745474,0.318130,0.316681
2024-08-03,745636,0.342030,0.336056
2024-08-03,745714,0.325545,0.238690
2024-08-03,745876,0.360042,0.352850
2024-08-03,746194,0.309079,0.343797
2024-08-03,746358,0.311768,0.341184
2024-08-03,746440,0.358070,0.318836
2024-08-03,746608,0.330303,0.322684
2024-08-03,746681,,0.259585
2024-08-03,746846,0.357518,0.269273
2024-08-03,747087,0.351418,0.314525
2024-08-04,744826,0.331185,0.374133
2024-08-04,744979,0.281572,0.302354
2024-08-04,745222,0.319196,
2024-08-04,745384,0.402899,0.310837
2024-08-04,745468,0.305366,0.345741
2024-08-04,745627,0.302888,0.337064
2024-08-04,745718,0.386413,0.238672
2024-08-04,745879,0.372344,0.351634
2024-08-04,746191,0.310352,0.344946
2024-08-04,746356,0.385822,0.341194
2024-08-04,746439,,0.317452
2024-08-04,746606,0.303621,0.284607
2024-08-04,746680,0.260671,0.265373
2024-08-04,746844,0.336433,0.295766
2024-08-04,747088,0.342229,0.323683
2024-08-05,744821,0.270931,0.376121
2024-08-05,744982,0.341016,0.302223
2024-08-05,745184,0.318993,0.308062
2024-08-05,745628,0.350635,0.349559
2024-08-05,746038,0.275480,0.344863
2024-08-05,746116,0.319023,0.322052
2024-08-05,746276,0.302299,0.318395
2024-08-05,746600,0.302380,0.283049
2024-08-05,746847,0.322556,0.288127
2024-08-06,744817,0.284601,0.379772
2024-08-06,744901,0.342167,0.330083
2024-08-06,744983,0.384427,0.302710
2024-08-06,745141,0.311197,0.308184
2024-08-06,745221,0.318054,0.323385
2024-08-06,745467,0.299881,0.270724
2024-08-06,745629,0.354114,0.335385
2024-08-06,745713,0.344073,0.238794
2024-08-06,746033,0.263762,0.341517
2024-08-06,746120,0.320149,0.321586
2024-08-06,746273,0.280252,0.375774
2024-08-06,746519,0.311733,0.393932
2024-08-06,746602,0.304388,0.309155
2024-08-06,746840,0.312411,0.267979
2024-08-06,747086,0.291885,0.325658
2024-08-07,744822,0.290720,0.324786
2024-08-07,744903,0.303633,0.359560
2024-08-07,744981,0.349034,0.302241
2024-08-07,745142,0.310629,0.354672
2024-08-07,745223,0.320337,0.320396
2024-08-07,745469,0.298529,0.299038
2024-08-07,745630,0.350553,0.291000
2024-08-07,745709,0.344073,0.238737
2024-08-07,745713,0.344073,0.238794
2024-08-07,746031,0.268697,0.341526
2024-08-07,746115,0.320690,0.321858
2024-08-07,746272,0.310010,0.376901
2024-08-07,746521,0.274850,0.393830
2024-08-07,746602,0.304388,0.309155
2024-08-07,746604,0.304388,0.321271
2024-08-07,746842,0.341513,0.267109
2024-08-07,747085,0.324411,0.315733
2024-08-08,744819,0.303012,0.330766
2024-08-08,744899,0.304318,0.302764
2024-08-08,745143,0.310393,0.353856
2024-08-08,745226,0.354132,0.325220
2024-08-08,745466,0.329873,0.346991
2024-08-08,745710,0.341969,0.238946
2024-08-08,746030,0.256311,0.316502
2024-08-08,746522,0.365414,0.389070
2024-08-08,747081,0.294295,0.324733
2024-08-08,747169,0.320615,0.328832
2024-08-09,744818,0.342001,0.327149
2024-08-09,744900,0.337650,0.303239
2024-08-09,745062,0.256053,0.316671
2024-08-09,745220,0.275828,0.322794
2024-08-09,745308,0.325141,0.284040
2024-08-09,745708,0.303830,0.238853
2024-08-09,745871,0.285252,0.371314
2024-08-09,745927,0.297195,0.351046
2024-08-09,745957,0.280159,0.292450
2024-08-09,746032,0.311605,0.340323
2024-08-09,746113,0.345564,0.323118
2024-08-09,746275,0.353157,0.377572
2024-08-09,746523,0.315662,0.393440
2024-08-09,746760,0.266620,0.344668
2024-08-09,746927,0.348191,0.304850
2024-08-09,747168,0.320297,0.303540
2024-08-10,744820,0.333542,0.328597
2024-08-10,744897,0.337746,0.305077
2024-08-10,745056,0.306400,
2024-08-10,745219,0.312436,0.325156
2024-08-10,745304,0.303307,0.301573
2024-08-10,745708,0.303830,0.238853
2024-08-10,745712,0.348098,0.238853
2024-08-10,745873,0.286996,0.309751
2024-08-10,745955,0.256310,0.318701
2024-08-10,746026,0.311846,0.355540
2024-08-10,746112,0.346065,0.322683
2024-08-10,746269,0.332292,0.320407
2024-08-10,746520,0.330364,0.388453
2024-08-10,746761,0.267801,0.369414
2024-08-10,746922,0.381361,0.300591
2024-08-10,747164,0.322185,0.314138
2024-08-11,744816,0.337257,0.332267
2024-08-11,744895,0.314874,0.304020
2024-08-11,745057,0.306060,0.340693
2024-08-11,745216,0.332875,0.327839
2024-08-11,745303,0.332956,0.258519
2024-08-11,745711,0.306977,0.239811
2024-08-11,745872,0.324655,0.325755
2024-08-11,745956,0.257493,0.334380
2024-08-11,746025,0.330532,0.353383
2024-08-11,746114,0.307801,0.323623
2024-08-11,746517,0.351781,0.376272
2024-08-11,746923,0.301660,0.321702
2024-08-11,747166,0.322493,0.291483
2024-08-12,745058,0.335876,
2024-08-12,745300,0.336765,0.294132
2024-08-12,745383,0.343369,0.312930
2024-08-12,745874,0.377355,0.345369
2024-08-12,745953,0.286305,0.306090
2024-08-12,746192,0.358930,0.296463
2024-08-12,746603,0.271551,0.288502
2024-08-12,746682,0.305359,0.284299
2024-08-12,746762,0.240227,0.355172
2024-08-12,746921,0.307307,
2024-08-12,747165,0.393688,0.315750
2024-08-13,745055,0.336738,0.302795
2024-08-13,745302,0.347463,0.283318
2024-08-13,745382,0.307259,0.313072
2024-08-13,745548,0.355244,0.321697
2024-08-13,745788,0.313474,0.276775
2024-08-13,745867,,0.320146
2024-08-13,745954,0.285705,0.298931
2024-08-13,746187,0.329609,0.340135
2024-08-13,746435,0.357469,0.330451
2024-08-13,746601,0.274628,0.326901
2024-08-13,746673,0.351328,0.257574
2024-08-13,746757,0.238959,0.372166
2024-08-13,746924,0.307643,0.305880
2024-08-13,747004,0.332395,0.307010
2024-08-13,747160,0.395051,0.318706
2024-08-14,745053,0.336098,0.343116
2024-08-14,745301,0.325241,0.298766
2024-08-14,745381,0.312392,0.331737
2024-08-14,745544,0.353655,0.336968
2024-08-14,745790,0.338817,0.311896
2024-08-14,745869,0.321150,0.317846
2024-08-14,745951,0.286029,0.316843
2024-08-14,746188,0.305574,0.294252
2024-08-14,746436,0.305853,0.321032
2024-08-14,746598,0.316537,0.326566
2024-08-14,746677,0.353315,0.257990
2024-08-14,746759,0.238425,0.347307
2024-08-14,746919,0.308486,0.323855
2024-08-14,747000,0.330896,0.308527
2024-08-14,747163,0.391721,0.312480
2024-08-15,744980,0.316722,0.291780
2024-08-15,745298,0.365524,0.299157
2024-08-15,745545,0.334573,0.290012
2024-08-15,745783,0.333936,0.334671
2024-08-15,745950,0.323332,0.295779
2024-08-15,746437,0.309375,0.357766
2024-08-15,747002,,0.307258
2024-08-16,744974,0.327510,0.272651
2024-08-16,745054,0.314490,0.308257
2024-08-16,745144,0.288377,0.305588
2024-08-16,745462,0.329720,0.333539
2024-08-16,745542,0.302921,0.321549
2024-08-16,745784,0.325137,0.312663
2024-08-16,745949,0.326934,0.315817
2024-08-16,746189,0.387661,0.289462
2024-08-16,746357,0.346554,0.395830
2024-08-16,746438,0.238863,0.310360
2024-08-16,746518,0.311347,0.395581
2024-08-16,746674,0.378384,0.257284
2024-08-16,746843,0.304814,0.265736
2024-08-16,747001,0.310945,0.307528
2024-08-17,744977,0.329991,0.298422
2024-08-17,745049,0.329933,0.309802
2024-08-17,745140,0.298160,0.354885
2024-08-17,745463,0.349621,0.323107
2024-08-17,745537,0.337213,0.320369
2024-08-17,745626,0.286046,0.312387
2024-08-17,745785,0.355253,0.312628
2024-08-17,745952,0.327462,0.331294
2024-08-17,746190,0.389147,0.290212
2024-08-17,746355,0.347042,0.408812
2024-08-17,746434,0.239868,0.318780
2024-08-17,746515,0.301150,0.395448
2024-08-17,746675,0.303831,0.289232
2024-08-17,746841,0.304976,0.265999
2024-08-17,746997,0.289051,0.307455
2024-08-18,744975,0.377450,0.308378
2024-08-18,745051,0.302885,0.347264
2024-08-18,745139,0.273093,0.354755
2024-08-18,745464,0.374645,0.374031
2024-08-18,745539,0.305149,0.304539
2024-08-18,745621,0.285489,0.330355
2024-08-18,745786,0.325338,0.330259
2024-08-18,745948,0.327766,0.328952
2024-08-18,746186,0.384089,0.291436
2024-08-18,746359,0.347737,0.414990
2024-08-18,746431,0.240250,0.276635
2024-08-18,746516,0.309801,0.342763
2024-08-18,746676,0.320887,0.265287
2024-08-18,746838,0.361381,0.318316
2024-08-18,746999,0.293171,0.264137
2024-08-19,744898,0.257024,0.304655
2024-08-19,744976,0.346792,0.309426
2024-08-19,745294,0.364785,0.287267
2024-08-19,745380,0.346410,0.309508
2024-08-19,745620,0.335568,0.313063
2024-08-19,745780,0.306905,0.332517
2024-08-19,746027,0.311351,0.323567
2024-08-19,746109,0.331061,0.290210
2024-08-19,746270,0.292621,0.322348
2024-08-19,746351,0.290469,0.396945
2024-08-20,744814,0.393478,0.333274
2024-08-20,744896,0.263365,0.263506
2024-08-20,744978,0.320958,0.308592
2024-08-20,745136,0.301271,0.303180
2024-08-20,745295,0.373556,0.287669
2024-08-20,745374,0.301742,0.308852
2024-08-20,745624,0.310347,0.314197
2024-08-20,745707,0.303731,0.240572
2024-08-20,745782,0.333645,0.311529
2024-08-20,746029,0.291349,0.323246
2024-08-20,746107,0.396320,0.289547
2024-08-20,746266,0.292591,0.375713
2024-08-20,746349,0.293678,0.397306
2024-08-20,746839,0.277385,0.267117
2024-08-20,747083,0.318776,0.369861
2024-08-21,744812,0.393031,0.305179
2024-08-21,744893,0.258635,0.303258
2024-08-21,744973,0.341382,0.354254
2024-08-21,745138,0.298925,0.353989
2024-08-21,745297,0.350521,0.301099
2024-08-21,745375,0.323220,0.330693
2024-08-21,745622,0.310133,0.314813
2024-08-21,745704,0.337518,0.222900
2024-08-21,745781,0.306278,0.331590
2024-08-21,746028,0.310846,0.355729
2024-08-21,746110,0.348455,0.290602
2024-08-21,746267,0.290798,0.355621
2024-08-21,746350,0.309669,0.350645
2024-08-21,746837,0.302803,0.271815
2024-08-21,747084,0.319816,0.352112
2024-08-22,744815,0.390498,0.305785
2024-08-22,744894,0.288786,0.302138
2024-08-22,745137,0.298607,0.355149
2024-08-22,745379,0.316853,0.309879
2024-08-22,745465,0.266011,0.325574
2024-08-22,745623,0.313648,0.328321
2024-08-22,745705,0.286760,0.239229
2024-08-22,746836,0.332282,0.362545
2024-08-22,746998,0.349932,0.308460
2024-08-22,747082,0.320770,0.351322
2024-08-23,744889,0.289509,0.304161
2024-08-23,745217,0.290728,0.376145
2024-08-23,745378,0.332648,0.316157
2024-08-23,745460,0.257746,0.351383
2024-08-23,745625,0.319722,0.314505
2024-08-23,745702,0.390490,0.240146
2024-08-23,745870,0.302458,0.358049
2024-08-23,746024,0.266520,0.388497
2024-08-23,746111,0.338201,0.290318
2024-08-23,746268,0.321675,0.320936
2024-08-23,746597,0.309532,0.300761
2024-08-23,746758,0.276270,0.351249
2024-08-23,746920,0.309600,0.325723
2024-08-23,746995,0.374292,0.292211
2024-08-23,747080,0.290567,0.364896
2024-08-24,744890,0.329933,0.360260
2024-08-24,745218,0.291411,0.393091
2024-08-24,745377,0.313103,0.311954
2024-08-24,745457,0.271233,0.337667
2024-08-24,745617,0.329099,0.306007
2024-08-24,745703,0.394018,0.259459
2024-08-24,745868,0.327367,0.335366
2024-08-24,746022,,0.380513
2024-08-24,746108,0.293146,0.290660
2024-08-24,746271,0.321674,0.338494
2024-08-24,746599,0.252923,0.338021
2024-08-24,746756,0.327827,0.378630
2024-08-24,746917,0.309358,0.327487
2024-08-24,746996,0.375582,0.279963
2024-08-24,747077,0.328062,0.351084
2024-08-25,744892,0.331192,0.330925
2024-08-25,745212,,0.336800
2024-08-25,745376,0.320836,0.302932
2024-08-25,745459,0.258519,0.351321
2024-08-25,745618,0.329559,0.315123
2024-08-25,745706,0.392738,0.240360
2024-08-25,745863,0.332939,0.360070
2024-08-25,746023,0.295939,0.379618
2024-08-25,746106,0.326709,0.290562
2024-08-25,746263,0.322682,0.324801
2024-08-25,746595,0.317790,0.285991
2024-08-25,746754,0.305264,0.330942
2024-08-25,746918,0.310170,0.293949
2024-08-25,746994,0.376055,0.278774
2024-08-25,747078,0.353053,0.320874
2024-08-26,744813,0.239844,
2024-08-26,745133,0.310235,0.358533
2024-08-26,745215,0.339845,0.372815
2024-08-26,745458,0.267275,0.303875
2024-08-26,745538,0.391052,0.322659
2024-08-26,745865,0.348456,0.352337
2024-08-26,746513,0.425987,0.336795
2024-08-26,746596,0.321072,0.337753
2024-08-26,746628,0.373495,0.286997
2024-08-26,746753,0.308580,0.350205
2024-08-26,746915,0.331479,0.294894
2024-08-26,746942,0.379287,0.326709
2024-08-27,744811,0.239866,0.351294
2024-08-27,745132,0.309208,0.283067
2024-08-27,745213,0.328407,0.374526
2024-08-27,745461,0.264554,0.364480
2024-08-27,745540,0.339151,0.322621
2024-08-27,745864,0.336446,0.336861
2024-08-27,745946,0.286112,0.329840
2024-08-27,746105,0.292634,0.294662
2024-08-27,746429,0.288006,0.272765
2024-08-27,746510,0.412566,0.376252
2024-08-27,746594,0.352231,0.337644
2024-08-27,746671,0.315600,0.257538
2024-08-27,746755,0.273163,0.345277
2024-08-27,746916,0.304192,0.296103
2024-08-27,747162,0.314918,0.318613
2024-08-28,744809,0.239641,0.243598
2024-08-28,745134,0.284026,0.341615
2024-08-28,745211,0.333147,0.334054
2024-08-28,745452,0.265152,0.350951
2024-08-28,745541,0.319926,0.323193
2024-08-28,745866,0.313834,0.359368
2024-08-28,745943,0.258029,0.321647
2024-08-28,746103,0.292269,0.276190
2024-08-28,746430,0.288150,0.270733
2024-08-28,746512,0.377421,0.375067
2024-08-28,746589,0.321876,0.337592
2024-08-28,746672,0.315522,0.258439
2024-08-28,746752,0.309776,0.349529
2024-08-28,746755,0.272606,0.346335
2024-08-28,746913,0.303969,0.260697
2024-08-28,747161,0.343695,0.310204
2024-08-29,745135,0.309293,0.355048
2024-08-29,745531,0.313875,0.323202
2024-08-29,745945,0.302452,0.328686
2024-08-29,746102,0.292601,0.294253
2024-08-29,746352,0.357761,0.357977
2024-08-29,746432,0.290044,0.311340
2024-08-29,746514,0.370154,0.375273
2024-08-29,746670,0.314771,0.259739
2024-08-29,746748,0.297810,0.347842
2024-08-29,746914,0.304170,0.261232
2024-08-29,747159,0.318648,0.314339
2024-08-30,744810,0.266769,0.317877
2024-08-30,744969,0.314015,0.318692
2024-08-30,745052,0.300988,0.311668
2024-08-30,745299,0.369105,0.298811
2024-08-30,745533,0.314338,0.322630
2024-08-30,745700,0.355863,0.240444
2024-08-30,745862,0.318721,0.352711
2024-08-30,746184,0.333148,0.290395
2024-08-30,746353,0.364531,0.400273
2024-08-30,746433,0.311919,0.303873
2024-08-30,746511,0.320264,0.375541
2024-08-30,746593,0.350439,0.288410
2024-08-30,746665,0.304231,0.259873
2024-08-30,746730,0.304076,0.265455
2024-08-30,746749,0.315103,0.349224
2024-08-30,747156,0.290165,0.312131
2024-08-31,744808,0.268293,0.323570
2024-08-31,744971,0.313155,0.309426
2024-08-31,745050,0.310811,0.343327
2024-08-31,745296,0.364729,0.291869
2024-08-31,745532,0.307471,0.322727
2024-08-31,745699,0.356286,0.240673
2024-08-31,745859,0.374083,0.340685
2024-08-31,746182,0.331616,0.298817
2024-08-31,746348,0.416810,0.402787
2024-08-31,746424,0.292688,0.271698
2024-08-31,746507,0.294763,0.375886
2024-08-31,746590,0.364195,0.338205
2024-08-31,746667,0.299146,0.284509
2024-08-31,746751,0.315488,0.345485
2024-08-31,747158,0.290643,0.310929
2024-09-01,744806,0.270119,
2024-09-01,744970,0.335641,0.309892
2024-09-01,745048,0.309902,0.321608
2024-09-01,745292,0.356263,0.285177
2024-09-01,745536,0.378421,0.324014
2024-09-01,745701,0.356318,0.240174
2024-09-01,745861,,0.346827
2024-09-01,746183,0.374429,0.292059
2024-09-01,746347,0.339351,0.402697
2024-09-01,746426,0.287853,0.271426
2024-09-01,746505,0.266881,0.373792
2024-09-01,746592,0.349959,0.338310
2024-09-01,746669,0.319156,0.260569
2024-09-01,746750,0.361571,0.378703
2024-09-01,747157,0.325652,0.331056
2024-09-02,744972,0.240383,0.311087
2024-09-02,745046,0.346833,0.326199
2024-09-02,745373,0.301161,0.323276
2024-09-02,745619,0.330357,0.313166
2024-09-02,745779,0.325504,0.301163
2024-09-02,745947,0.356166,0.328233
2024-09-02,746265,0.338513,0.339423
2024-09-02,746668,0.401757,0.261016
2024-09-02,746833,0.369513,0.271579
2024-09-02,746992,0.328375,
2024-09-02,747155,0.328697,0.312705
2024-09-03,744891,0.323900,0.304645
2024-09-03,744968,0.260138,0.323673
2024-09-03,745047,0.362575,0.319481
2024-09-03,745293,0.288752,0.298143
2024-09-03,745615,0.330182,0.314413
2024-09-03,745778,0.308437,0.323325
2024-09-03,745944,0.355392,0.316614
2024-09-03,746020,0.356340,0.354139
2024-09-03,746185,0.292690,0.290951
2024-09-03,746264,0.338923,0.339392
2024-09-03,746834,0.348407,0.267395
2024-09-03,746991,0.334813,
2024-09-03,747079,0.388761,0.351944
2024-09-04,744887,0.394706,0.305102
2024-09-04,744964,,0.287270
2024-09-04,745045,,0.299686
2024-09-04,745290,0.287172,0.297284
2024-09-04,745370,0.272476,0.319924
2024-09-04,745614,0.330626,0.293189
2024-09-04,745776,0.316805,0.342092
2024-09-04,745938,0.334547,0.322942
2024-09-04,746019,,0.354421
2024-09-04,746178,0.330906,0.292272
2024-09-04,746262,0.373882,0.358142
2024-09-04,746666,0.316688,0.305517
2024-09-04,746835,0.362829,0.274266
2024-09-04,746990,0.327496,
2024-09-04,747075,0.389493,0.349081
2024-09-05,744966,0.290950,0.289711
2024-09-05,745042,0.342137,0.323831
2024-09-05,745289,0.288372,0.298756
2024-09-05,745369,0.309539,0.322031
2024-09-05,745451,0.310223,0.347706
2024-09-05,745612,0.374660,0.315577
2024-09-05,746021,0.326105,0.355582
2024-09-05,746664,0.401198,0.261552
2024-09-05,747073,0.389525,0.358511
2024-09-06,744967,0.291168,0.325407
2024-09-06,745131,0.345264,0.351709
2024-09-06,745371,0.298984,0.321012
2024-09-06,745455,0.344236,0.327112
2024-09-06,745611,0.279569,0.336883
2024-09-06,745777,0.262368,0.318298
2024-09-06,745941,0.380001,0.326095
2024-09-06,746016,0.322219,0.303416
2024-09-06,746104,0.338749,0.293845
2024-09-06,746257,0.341628,0.358113
2024-09-06,746343,0.288004,0.404635
2024-09-06,746832,0.239215,0.267502
2024-09-06,746912,0.347284,0.316090
2024-09-06,746993,0.297851,0.295145
2024-09-06,747074,0.304801,0.362010
2024-09-07,744963,0.291234,0.330151
2024-09-07,745125,0.349445,0.351232
2024-09-07,745372,0.295703,0.308660
2024-09-07,745455,0.344236,0.327112
2024-09-07,745456,0.321136,0.346532
2024-09-07,745613,0.306917,0.300144
2024-09-07,745775,0.264048,0.318329
2024-09-07,745942,0.382565,0.326152
2024-09-07,746018,0.325478,0.360115
2024-09-07,746099,0.338833,0.293492
2024-09-07,746259,,0.358271
2024-09-07,746344,0.275724,0.400230
2024-09-07,746829,0.239031,0.272777
2024-09-07,746911,0.347271,0.331497
2024-09-07,746986,0.304585,0.295055
2024-09-07,747076,0.325210,0.365301
2024-09-08,744965,,0.296970
2024-09-08,745128,0.350153,0.330425
2024-09-08,745368,0.315900,0.321500
2024-09-08,745453,0.342282,0.325962
2024-09-08,745616,0.282640,0.326071
2024-09-08,745774,0.285870,0.318304
2024-09-08,745940,0.374930,0.326336
2024-09-08,746017,0.345425,0.370644
2024-09-08,746098,0.392800,0.292731
2024-09-08,746258,0.306492,0.358970
2024-09-08,746345,0.286173,0.322353
2024-09-08,746827,0.239427,0.267581
2024-09-08,746910,0.326921,0.330990
2024-09-08,746989,0.335009,
2024-09-08,747072,0.364630,0.381319
2024-09-09,744888,0.318699,0.306599
2024-09-09,745454,0.359833,0.367727
2024-09-09,745534,0.319670,0.326788
2024-09-09,745698,0.358489,0.262905
2024-09-09,745860,0.291188,0.344772
2024-09-09,746101,0.267056,0.299008
2024-09-09,746746,0.314576,0.347286
2024-09-09,746909,0.296330,0.315675
2024-09-09,747090,0.285755,0.356139
2024-09-10,744807,0.379731,0.293840
2024-09-10,744886,0.348045,0.305842
2024-09-10,745126,0.264470,0.335650
2024-09-10,745210,0.322739,0.376986
2024-09-10,745291,0.296926,0.299541
2024-09-10,745446,,0.345791
2024-09-10,745535,0.326873,0.333154
2024-09-10,745694,0.359660,0.238617
2024-09-10,745856,,0.306423
2024-09-10,746097,0.268963,0.290331
2024-09-10,746346,0.326530,0.318632
2024-09-10,746428,0.390598,0.286965
2024-09-10,746747,0.338527,0.346725
2024-09-10,746907,0.319921,0.315752
2024-09-10,747152,0.298434,0.305253
2024-09-11,744804,0.355729,0.359118
2024-09-11,744881,,0.330042
2024-09-11,745127,0.264952,0.302947
2024-09-11,745214,0.323766,0.377824
2024-09-11,745285,0.249428,0.356518
2024-09-11,745450,0.399778,0.326688
2024-09-11,745525,0.340774,0.354781
2024-09-11,745697,0.337171,0.220006
2024-09-11,745857,0.289550,0.307214
2024-09-11,746100,0.270368,0.290383
2024-09-11,746342,0.315639,0.372885
2024-09-11,746425,0.390485,0.273808
2024-09-11,746745,0.337644,0.334025
2024-09-11,746908,0.318522,0.353542
2024-09-11,747154,0.287616,0.288664
2024-09-12,744805,0.375237,0.312412
2024-09-12,745129,0.264349,0.351700
2024-09-12,745208,0.298302,0.378780
2024-09-12,745288,0.296999,0.267705
2024-09-12,745695,0.324519,0.220481
2024-09-12,746337,0.339885,0.356847
2024-09-12,746427,0.380283,0.309704
2024-09-12,746591,,0.337827
2024-09-13,744800,0.366125,0.301829
2024-09-13,744882,0.352795,0.334443
2024-09-13,745207,0.298296,0.377605
2024-09-13,745286,,0.282292
2024-09-13,745447,0.319320,0.344424
2024-09-13,745529,,0.309604
2024-09-13,745696,0.318332,0.239281
2024-09-13,745855,0.264271,0.300384
2024-09-13,746181,0.402255,0.289448
2024-09-13,746423,0.319259,0.292053
2024-09-13,746509,0.269693,0.390975
2024-09-13,746586,0.340938,0.391984
2024-09-13,746744,0.339812,0.322722
2024-09-13,747069,0.289956,0.361426
2024-09-13,747153,0.320350,0.301508
2024-09-14,744803,0.367972,0.300208
2024-09-14,744884,0.330804,0.331328
2024-09-14,745209,0.299266,0.378103
2024-09-14,745284,,0.300616
2024-09-14,745448,0.356874,0.344189
2024-09-14,745528,0.351947,0.328294
2024-09-14,745689,0.318509,0.239064
2024-09-14,745858,0.268540,0.305437
2024-09-14,746177,0.402134,0.289132
2024-09-14,746422,0.320059,0.330125
2024-09-14,746508,0.269857,0.390216
2024-09-14,746584,0.378734,0.333539
2024-09-14,746740,0.320189,0.345158
2024-09-14,747070,0.327575,0.376855
2024-09-14,747148,0.328908,0.274003
2024-09-15,744801,0.366557,0.307114
2024-09-15,744883,0.316719,0.394057
2024-09-15,745206,0.298777,0.346654
2024-09-15,745287,,0.287086
2024-09-15,745449,0.357054,0.339840
2024-09-15,745530,,0.329124
2024-09-15,745693,0.358109,0.238154
2024-09-15,745852,0.320165,0.315455
2024-09-15,746180,0.402955,0.292707
2024-09-15,746419,0.319054,0.312634
2024-09-15,746506,0.269837,0.407137
2024-09-15,746585,0.332958,0.380456
2024-09-15,746741,0.320625,0.347569
2024-09-15,747071,0.289687,0.352696
2024-09-15,747151,0.334731,0.293355
2024-09-16,745130,0.326683,0.354958
2024-09-16,745367,0.401713,
2024-09-16,745773,0.304399,
2024-09-16,745939,0.329108,0.316323
2024-09-16,746179,0.307800,0.288266
2024-09-16,746260,0.297529,0.356644
2024-09-16,746502,0.302763,0.390419
2024-09-16,746588,0.287212,0.381521
2024-09-16,746828,0.335146,0.269035
2024-09-16,747067,0.311374,0.332301
2024-09-17,744961,0.341046,0.299220
2024-09-17,745044,0.318483,0.333433
2024-09-17,745122,0.346929,0.353771
2024-09-17,745205,0.204513,0.311643
2024-09-17,745366,0.294346,
2024-09-17,745772,,
2024-09-17,745935,0.329786,
2024-09-17,746015,0.290048,0.319331
2024-09-17,746176,0.343150,0.288108
2024-09-17,746261,0.288983,0.356047
2024-09-17,746503,0.312061,0.381531
2024-09-17,746587,0.336007,0.381415
2024-09-17,746659,0.353784,0.265013
2024-09-17,746830,0.341709,0.268610
2024-09-17,746987,0.269654,0.292867
2024-09-18,744959,0.291295,0.299399
2024-09-18,745040,0.319583,0.351612
2024-09-18,745121,0.328024,0.352578
2024-09-18,745199,0.237706,0.352454
2024-09-18,745365,0.340746,0.312939
2024-09-18,745771,0.261598,
2024-09-18,745933,0.330052,0.326704
2024-09-18,746014,0.306376,0.355710
2024-09-18,746172,0.291690,0.252942
2024-09-18,746254,0.298889,0.355566
2024-09-18,746500,0.304598,0.390601
2024-09-18,746582,0.318085,0.330337
2024-09-18,746662,0.354293,0.263991
2024-09-18,746831,0.341199,0.269281
2024-09-18,746988,0.284623,0.319509
2024-09-19,744962,0.393683,0.299008
2024-09-19,745041,0.327320,0.311322
2024-09-19,745120,0.346088,0.353079
2024-09-19,745204,0.236762,0.350940
2024-09-19,745769,0.330678,
2024-09-19,745937,0.303155,0.333431
2024-09-19,746011,0.330694,0.394621
2024-09-19,746341,0.288311,0.270862
2024-09-19,746579,0.338171,0.342244
2024-09-19,746663,0.375243,0.336226
2024-09-19,746823,0.316379,0.268704
2024-09-19,746985,0.290557,0.319174
2024-09-20,744960,0.381074,0.300166
2024-09-20,745043,0.363178,0.342114
2024-09-20,745123,0.356043,0.353398
2024-09-20,745364,0.364381,
2024-09-20,745606,0.267093,0.321831
2024-09-20,745770,0.332345,0.374586
2024-09-20,745934,0.303586,
2024-09-20,746013,0.377500,0.350311
2024-09-20,746094,0.376863,0.305767
2024-09-20,746256,0.279701,0.355682
2024-09-20,746340,0.287421,0.320592
2024-09-20,746661,0.345545,0.264368
2024-09-20,746824,0.315502,0.310459
2024-09-20,746905,0.318760,0.306736
2024-09-20,746984,0.308926,0.332086
2024-09-21,744958,0.350821,0.300154
2024-09-21,745038,0.327171,0.342655
2024-09-21,745124,0.355066,0.352727
2024-09-21,745360,0.347457,0.326225
2024-09-21,745610,0.221703,0.288872
2024-09-21,745768,0.332914,
2024-09-21,745936,0.303411,0.313799
2024-09-21,746012,0.376565,0.361894
2024-09-21,746096,0.376977,0.291226
2024-09-21,746255,0.318195,0.372301
2024-09-21,746338,0.288228,0.340791
2024-09-21,746660,0.346548,0.264666
2024-09-21,746826,0.314720,0.311193
2024-09-21,746906,0.320487,0.337914
2024-09-21,746983,0.328539,0.321479
2024-09-22,744955,0.380652,0.300098
2024-09-22,745036,0.388827,0.354788
2024-09-22,745118,0.343750,0.387319
2024-09-22,745358,0.321513,0.293006
2024-09-22,745608,0.236953,0.321771
2024-09-22,745767,0.334005,0.336006
2024-09-22,745929,0.305881,0.294644
2024-09-22,746010,0.376185,0.355344
2024-09-22,746092,0.377064,0.290551
2024-09-22,746253,0.285871,0.355743
2024-09-22,746339,0.301441,0.362606
2024-09-22,746657,0.344745,0.264782
2024-09-22,746825,0.266176,0.267773
2024-09-22,746903,0.338805,0.337914
2024-09-22,746906,0.320487,0.337914
2024-09-22,746982,0.298778,0.333368
2024-09-23,744885,0.357222,0.324727
2024-09-23,745527,0.266894,0.334512
2024-09-23,746334,0.382684,0.296846
2024-09-23,747150,0.327644,0.283443
2024-09-24,744802,0.356104,0.304134
2024-09-24,744876,0.315282,0.324926
2024-09-24,745441,0.314400,0.345871
2024-09-24,745526,0.286296,0.334545
2024-09-24,745605,0.299902,0.321361
2024-09-24,745688,0.326301,0.236950
2024-09-24,745851,0.360538,0.350540
2024-09-24,746093,0.326456,0.290067
2024-09-24,746336,0.383112,0.297744
2024-09-24,746421,0.337715,0.299259
2024-09-24,746504,0.352346,0.391597
2024-09-24,746581,0.338934,0.352117
2024-09-24,746743,0.288087,0.342708
2024-09-24,747068,0.350688,0.374873
2024-09-24,747149,0.284992,0.284458
2024-09-25,744795,0.335016,0.321142
2024-09-25,744877,0.345586,0.335860
2024-09-25,745442,0.328244,0.345821
2024-09-25,745521,0.290233,0.335333
2024-09-25,745607,0.321276,0.340402
2024-09-25,745690,0.332512,0.236670
2024-09-25,745854,0.358997,0.273590
2024-09-25,746095,0.326795,0.291455
2024-09-25,746331,0.384547,0.398772
2024-09-25,746420,0.348359,0.311269
2024-09-25,746501,0.315401,0.391431
2024-09-25,746583,0.341181,0.320516
2024-09-25,746742,0.302021,0.320492
2024-09-25,747064,0.347627,0.376092
2024-09-25,747144,0.295093,0.270411
2024-09-26,744796,0.355205,
2024-09-26,745443,0.306630,0.346231
2024-09-26,745609,0.298909,0.320567
2024-09-26,745691,0.354736,0.236922
2024-09-26,745853,0.341514,0.321338
2024-09-26,746088,0.326704,0.274526
2024-09-26,746415,0.358824,0.338170
2024-09-26,746495,0.289750,0.376058
2024-09-26,746738,0.326109,0.346531
2024-09-26,747139,,0.376092
2024-09-27,744797,0.355577,0.300775
2024-09-27,744879,0.360929,0.302550
2024-09-27,745202,0.320322,0.352502
2024-09-27,745280,0.336837,0.285395
2024-09-27,745692,0.349625,0.273655
2024-09-27,745847,0.332377,0.337864
2024-09-27,745930,0.318843,0.307152
2024-09-27,746173,0.299098,0.344189
2024-09-27,746417,0.277814,0.291059
2024-09-27,746494,0.321081,0.423355
2024-09-27,746580,0.297869,0.302383
2024-09-27,746822,0.265603,0.310065
2024-09-27,746904,0.345499,0.349389
2024-09-27,747065,0.334212,0.376092
2024-09-27,747145,,0.307703
2024-09-28,744799,0.336437,0.351089
2024-09-28,744878,0.361854,0.314229
2024-09-28,745203,0.320978,0.384865
2024-09-28,745281,0.353493,0.285785
2024-09-28,745685,0.345995,0.261412
2024-09-28,745849,0.341177,0.287374
2024-09-28,745931,0.371101,0.297629
2024-09-28,746171,0.298767,0.344437
2024-09-28,746414,0.282760,0.321632
2024-09-28,746499,0.288320,0.402782
2024-09-28,746578,0.309770,0.357187
2024-09-28,746819,0.266289,0.309367
2024-09-28,746902,0.344500,0.350178
2024-09-28,747066,0.346748,0.374742
2024-09-28,747146,0.316809,0.301222
2024-09-29,744798,0.272764,0.331880
2024-09-29,744880,0.364614,0.323163
2024-09-29,745201,0.325763,0.259855
2024-09-29,745282,0.329145,0.378322
2024-09-29,745686,0.363963,0.250960
2024-09-29,745846,0.328704,0.287359
2024-09-29,745932,0.343949,0.306423
2024-09-29,746174,0.298553,0.347753
2024-09-29,746416,0.312812,0.311632
2024-09-29,746496,0.323936,0.393900
2024-09-29,746820,0.265991,0.292830
2024-09-29,746901,0.323297,0.314897
2024-09-29,747061,0.333414,0.375088
2024-09-29,747147,0.313907,0.319831
2024-09-30,747064,0.355651,0.375051
2024-09-30,747139,,0.375051
2025-04-01,778485,0.337269,0.348681
2025-04-01,778486,0.296366,0.386818
2025-04-01,778487,0.362598,0.289074
2025-04-01,778488,0.328823,0.329042
2025-04-01,778489,0.350928,0.347818
2025-04-01,778490,0.312204,0.337380
2025-04-01,778491,,
2025-04-01,778492,,
2025-04-01,778493,0.317921,0.342995
2025-04-01,778494,0.246361,0.321904
2025-04-01,778495,0.296566,0.277167
2025-04-01,778497,,
2025-04-01,778498,0.305951,0.273648
2025-04-02,778469,0.295929,0.386691
2025-04-02,778471,0.246051,0.321258
2025-04-02,778472,0.334106,0.296640
2025-04-02,778473,0.298418,0.318642
2025-04-02,778474,0.319670,0.309892
2025-04-02,778475,0.333638,0.347899
2025-04-02,778476,,
2025-04-02,778477,,0.328604
2025-04-02,778478,,
2025-04-02,778479,,
2025-04-02,778480,0.304634,0.274646
2025-04-02,778481,0.278564,0.338374
2025-04-02,778482,0.381984,0.362646
2025-04-02,778483,0.312929,0.320350
2025-04-02,778484,0.318056,0.303778
2025-04-03,778462,0.329656,0.321104
2025-04-03,778466,,
2025-04-03,778467,0.381998,0.337988
2025-04-03,778468,0.270983,0.319526
2025-04-03,778470,0.313072,0.330260
2025-04-04,778444,0.388649,0.292247
2025-04-04,778447,0.291634,0.265808
2025-04-04,778453,0.291148,0.329397
2025-04-04,778454,0.344521,0.305768
2025-04-04,778455,0.311571,
2025-04-04,778456,0.320892,0.381670
2025-04-04,778457,0.305634,0.353306
2025-04-04,778458,0.321628,0.280551
2025-04-04,778459,0.289140,0.338027
2025-04-04,778460,0.346330,0.245871
2025-04-04,778461,0.266178,0.341704
2025-04-04,778463,0.279083,0.312708
2025-04-04,778464,0.338923,0.370823
2025-04-04,778465,0.368658,0.279363
2025-04-05,778436,0.389089,0.291499
2025-04-05,778437,0.363960,0.275597
2025-04-05,778438,0.349162,0.306358
2025-04-05,778439,0.296985,0.327979
2025-04-05,778440,0.348467,0.321357
2025-04-05,778441,0.310245,0.259356
2025-04-05,778442,0.321411,0.380418
2025-04-05,778443,0.315634,0.312266
2025-04-05,778445,0.319653,0.302755
2025-04-05,778446,0.368837,0.279494
2025-04-05,778448,0.297533,0.336530
2025-04-05,778449,0.266244,0.332884
2025-04-05,778450,0.391743,0.245718
2025-04-05,778451,0.342451,0.372137
2025-04-05,778452,0.295944,0.370166
2025-04-06,778419,0.349576,0.350129
2025-04-06,778420,0.388666,0.306199
2025-04-06,778421,0.297078,0.328265
2025-04-06,778422,0.312341,
2025-04-06,778423,0.320730,0.380327
2025-04-06,778425,0.291909,0.298863
2025-04-06,778427,0.358839,0.290540
2025-04-06,778428,0.303489,0.339662
2025-04-06,778429,0.284406,0.406616
2025-04-06,778430,0.348911,0.245542
2025-04-06,778431,,0.303800
2025-04-06,778432,0.262826,0.311794
2025-04-06,778433,0.286132,0.313206
2025-04-06,778434,0.289569,0.336616
2025-04-06,778435,0.369239,0.279175
2025-04-06,778443,0.315634,0.312266
2025-04-07,778405,,
2025-04-07,778410,0.305270,0.289754
2025-04-07,778411,0.346939,0.244619
2025-04-07,778412,0.321304,0.310638
2025-04-07,778413,0.316167,0.284115
2025-04-07,778414,,
2025-04-07,778415,,
2025-04-07,778416,,
2025-04-07,778418,,
2025-04-07,778424,,
2025-04-07,778426,,
2025-04-08,778394,0.318542,0.380184
2025-04-08,778395,0.361141,0.308270
2025-04-08,778396,0.357373,0.284690
2025-04-08,778397,0.311141,0.327053
2025-04-08,778398,0.400439,0.334996
2025-04-08,778400,0.351932,0.311096
2025-04-08,778401,0.343999,0.245570
2025-04-08,778402,0.287974,0.291852
2025-04-08,778403,0.263440,0.301647
2025-04-08,778404,0.369444,0.311965
2025-04-08,778406,0.361224,0.371417
2025-04-08,778407,0.312009,0.334483
2025-04-08,778408,0.318682,0.292400
2025-04-08,778409,0.264748,0.288253
2025-04-08,778417,0.299642,0.341655
2025-04-09,778376,0.332455,0.353955
2025-04-09,778379,0.329496,0.389195
2025-04-09,778380,,
2025-04-09,778381,,
2025-04-09,778383,0.386831,0.339807
2025-04-09,778385,0.342563,0.246363
2025-04-09,778386,,
2025-04-09,778387,,
2025-04-09,778388,0.321318,0.312190
2025-04-09,778389,0.282330,0.293715
2025-04-09,778390,,
2025-04-09,778391,0.340878,0.291914
2025-04-09,778392,,
2025-04-09,778393,0.335779,0.373545
2025-04-09,778399,0.257427,0.353993
2025-04-10,778371,0.330130,
2025-04-10,778373,0.320541,0.312327
2025-04-10,778377,0.402226,0.298357
2025-04-10,778378,0.280545,0.291452
2025-04-10,778382,0.329226,0.385358
2025-04-10,778384,0.336304,0.331928
2025-04-11,778356,,
2025-04-11,778358,,
2025-04-11,778360,0.316327,0.336802
2025-04-11,778361,0.423538,
2025-04-11,778363,0.291428,0.320596
2025-04-11,778364,0.320478,0.295153
2025-04-11,778365,,
2025-04-11,778366,0.312186,0.300693
2025-04-11,778367,0.352074,0.341039
2025-04-11,778368,0.299046,0.350742
2025-04-11,778369,,
2025-04-11,778370,,
2025-04-11,778372,0.302373,0.330981
2025-04-11,778374,0.320488,0.309173
2025-04-11,778375,,
2025-04-12,778341,,0.360110
2025-04-12,778345,0.305999,0.295200
2025-04-12,778346,0.278447,0.350540
2025-04-12,778347,0.360798,0.323414
2025-04-12,778348,0.332855,0.320457
2025-04-12,778349,0.338549,0.291997
2025-04-12,778350,0.330382,0.290652
2025-04-12,778351,0.300734,0.351832
2025-04-12,778352,0.380973,0.349689
2025-04-12,778353,0.351672,0.341821
2025-04-12,778354,0.300290,0.339073
2025-04-12,778355,0.304963,0.273150
2025-04-12,778357,0.335002,0.301420
2025-04-12,778359,0.333316,0.291664
2025-04-12,778362,0.371585,0.327268
2025-04-13,778329,0.299462,0.351499
2025-04-13,778330,0.392702,0.350655
2025-04-13,778331,,0.289576
2025-04-13,778332,0.330573,0.294188
2025-04-13,778333,0.278712,0.327799
2025-04-13,778334,0.319978,0.340405
2025-04-13,778335,0.311724,0.325639
2025-04-13,778336,0.334501,0.268234
2025-04-13,778337,0.298718,0.338561
2025-04-13,778338,0.310771,0.362550
2025-04-13,778339,0.328790,0.272170
2025-04-13,778340,0.355762,0.322025
2025-04-13,778342,0.324874,0.291408
2025-04-13,778343,0.339566,0.299409
2025-04-13,778344,0.352674,0.293870
2025-04-14,778315,,
2025-04-14,778320,,
2025-04-14,778321,0.299785,0.315967
2025-04-14,778322,,
2025-04-14,778323,0.314147,0.312491
2025-04-14,778324,0.278752,0.325675
2025-04-14,778325,,
2025-04-14,778326,,
2025-04-14,778327,,
2025-04-14,778328,0.311386,0.386216
2025-04-15,778302,0.389733,0.290685
2025-04-15,778305,0.264607,0.350503
2025-04-15,778306,0.300163,0.342658
2025-04-15,778307,0.278151,0.296830
2025-04-15,778308,0.350647,0.283377
2025-04-15,778309,0.326709,
2025-04-15,778310,0.309814,0.330668
2025-04-15,778311,0.363582,0.372773
2025-04-15,778312,0.324604,0.273537
2025-04-15,778313,0.330080,0.361154
2025-04-15,778314,0.311565,0.336974
2025-04-15,778316,0.336878,0.281063
2025-04-15,778317,0.291503,0.319548
2025-04-15,778318,0.255506,0.338295
2025-04-15,778319,0.311678,0.354043
2025-04-16,778287,0.360084,0.290791
2025-04-16,778288,0.249067,0.350747
2025-04-16,778289,0.299566,0.342951
2025-04-16,778290,0.367733,0.282499
2025-04-16,778293,0.302217,0.306781
2025-04-16,778294,0.325937,0.308026
2025-04-16,778295,0.326834,0.331802
2025-04-16,778296,0.305872,0.334526
2025-04-16,778297,0.364422,0.372388
2025-04-16,778298,0.367564,0.321120
2025-04-16,778299,0.278599,0.316500
2025-04-16,778300,0.266635,0.304217
2025-04-16,778301,0.291784,0.299008
2025-04-16,778303,0.284124,0.329757
2025-04-16,778304,0.340670,0.269415
2025-04-17,778278,,
2025-04-17,778279,0.373106,0.360058
2025-04-17,778280,,
2025-04-17,778281,0.298567,0.317878
2025-04-17,778282,0.264795,0.317545
2025-04-17,778283,0.346579,0.343365
2025-04-17,778285,0.341119,0.301191
2025-04-17,778286,,
2025-04-17,778291,,
2025-04-17,778292,,
2025-04-18,778260,0.332075,0.299795
2025-04-18,778261,0.327165,0.332439
2025-04-18,778263,0.275104,0.343090
2025-04-18,778266,0.315919,0.348494
2025-04-18,778268,0.285393,0.249593
2025-04-18,778269,0.350437,0.350170
2025-04-18,778270,0.298522,0.278555
2025-04-18,778271,0.292159,0.306037
2025-04-18,778272,0.274037,0.347473
2025-04-18,778273,0.361947,0.372542
2025-04-18,778274,0.355102,0.358902
2025-04-18,778275,0.339066,0.311245
2025-04-18,778276,0.271363,0.296069
2025-04-18,778277,0.310378,0.292309
2025-04-18,778284,0.317515,0.305922
2025-04-19,778243,0.305943,0.300183
2025-04-19,778247,0.312347,0.360981
2025-04-19,778251,0.291561,0.314353
2025-04-19,778252,0.336361,0.358016
2025-04-19,778253,0.326298,0.331639
2025-04-19,778254,0.338981,0.336338
2025-04-19,778255,0.269829,
2025-04-19,778256,0.281822,0.278321
2025-04-19,778257,0.258019,0.250184
2025-04-19,778258,0.311270,0.371608
2025-04-19,778259,0.350488,0.350670
2025-04-19,778262,0.268500,0.299519
2025-04-19,778264,0.362233,0.310656
2025-04-19,778265,0.310946,0.329826
2025-04-19,778267,,0.305341
2025-04-20,778232,0.331558,0.300946
2025-04-20,778234,0.291263,0.314026
2025-04-20,778235,0.340024,0.364358
2025-04-20,778236,,0.250080
2025-04-20,778237,0.345640,0.350325
2025-04-20,778239,0.343931,0.345769
2025-04-20,778240,0.256220,0.322255
2025-04-20,778241,0.339216,0.371314
2025-04-20,778242,0.356328,0.307395
2025-04-20,778244,0.306327,0.278162
2025-04-20,778245,,0.310079
2025-04-20,778246,0.351824,0.298792
2025-04-20,778248,0.332218,0.357361
2025-04-20,778249,0.317149,0.305820
2025-04-20,778250,0.276145,0.298287
2025-04-20,778266,0.315758,0.348063
2025-04-21,778225,0.356501,0.277629
2025-04-21,778226,0.331001,0.306480
2025-04-21,778227,0.299145,0.355639
2025-04-21,778228,0.345498,0.290119
2025-04-21,778230,0.270558,0.334781
2025-04-21,778231,0.371546,0.337446
2025-04-21,778233,0.281187,0.312718
2025-04-21,778238,0.340204,0.309792
2025-04-22,778210,0.331134,0.330123
2025-04-22,778211,0.305897,0.287884
2025-04-22,778212,,0.257665
2025-04-22,778213,0.308696,0.325857
2025-04-22,778215,0.345177,0.327804
2025-04-22,778216,0.326698,0.324085
2025-04-22,778217,0.381389,0.363112
2025-04-22,778218,0.275235,0.339960
2025-04-22,778219,0.277388,0.335271
2025-04-22,778220,0.297603,0.250599
2025-04-22,778221,0.345390,0.312583
2025-04-22,778222,0.298444,0.310078
2025-04-22,778223,0.354811,0.278098
2025-04-22,778224,0.361486,0.309510
2025-04-22,778229,0.304509,0.311998
2025-04-23,778195,0.294971,0.311737
2025-04-23,778197,0.342353,0.337368
2025-04-23,778198,0.331978,0.307300
2025-04-23,778199,0.346725,0.313581
2025-04-23,778200,0.371845,0.320681
2025-04-23,778201,0.346182,0.289574
2025-04-23,778202,0.306545,0.307801
2025-04-23,778203,0.331206,0.278768
2025-04-23,778204,0.297714,0.310363
2025-04-23,778205,0.297183,0.280992
2025-04-23,778206,0.275638,0.340121
2025-04-23,778207,0.338471,0.309554
2025-04-23,778208,0.281781,0.335587
2025-04-23,778209,0.313012,0.263462
2025-04-23,778214,0.304298,0.351445
2025-04-24,778188,0.311249,0.255943
2025-04-24,778189,0.324896,0.297988
2025-04-24,778190,0.334524,0.323409
2025-04-24,778191,0.307236,0.307396
2025-04-24,778192,0.304683,0.346462
2025-04-24,778193,0.297827,0.297671
2025-04-24,778194,0.306117,0.307979
2025-04-24,778195,0.294971,0.311737
2025-04-24,778196,0.350517,0.308811
2025-04-25,778171,,
2025-04-25,778172,0.338954,0.324080
2025-04-25,778175,,
2025-04-25,778176,,
2025-04-25,778177,,
2025-04-25,778178,,
2025-04-25,778179,0.308192,0.286737
2025-04-25,778180,0.298049,0.329725
2025-04-25,778181,,
2025-04-25,778182,,
2025-04-25,778183,,
2025-04-25,778184,,
2025-04-25,778185,,
2025-04-25,778186,0.308786,0.257558
2025-04-25,778187,,
2025-04-26,778154,,0.317878
2025-04-26,778159,0.352428,0.305504
2025-04-26,778160,0.302702,0.346614
2025-04-26,778161,0.278872,0.337610
2025-04-26,778162,0.303728,0.286377
2025-04-26,778163,0.307039,0.292391
2025-04-26,778164,0.333194,0.281875
2025-04-26,778165,0.321447,0.358883
2025-04-26,778166,0.308588,0.338816
2025-04-26,778167,0.350137,0.350450
2025-04-26,778168,0.306932,0.323703
2025-04-26,778169,0.308192,0.300242
2025-04-26,778170,0.371920,0.247913
2025-04-26,778173,0.279010,0.309379
2025-04-26,778174,0.354085,0.315189
2025-04-26,778179,0.308192,0.286737
2025-04-26,778180,0.298049,0.329725
2025-04-27,778136,0.365048,0.363221
2025-04-27,778144,0.287155,0.278831
2025-04-27,778145,0.306814,0.274384
2025-04-27,778146,0.331192,0.347522
2025-04-27,778147,0.305098,0.253725
2025-04-27,778148,0.290552,0.381340
2025-04-27,778149,0.320458,0.337362
2025-04-27,778150,0.332981,0.282712
2025-04-27,778151,0.349589,0.306085
2025-04-27,778152,0.344727,0.312205
2025-04-27,778153,0.278789,0.349659
2025-04-27,778155,0.341406,0.273303
2025-04-27,778156,0.354483,0.298850
2025-04-27,778157,0.307430,0.408749
2025-04-27,778158,0.353317,0.249977
2025-04-27,778170,0.371920,0.247913
2025-04-28,778132,0.360794,0.291707
2025-04-28,778137,0.305158,0.339875
2025-04-28,778138,0.393811,0.314396
2025-04-28,778139,0.325331,0.319704
2025-04-28,778140,0.256527,0.298066
2025-04-28,778141,0.282115,0.277197
2025-04-28,778142,0.297978,0.351823
2025-04-28,778143,0.356683,
2025-04-29,778120,0.306439,0.338676
2025-04-29,778121,,
2025-04-29,778122,0.336532,0.370395
2025-04-29,778124,0.323667,0.349217
2025-04-29,778125,0.316784,0.321684
2025-04-29,778126,,
2025-04-29,778127,,
2025-04-29,778128,0.312104,0.326627
2025-04-29,778129,0.302423,0.344312
2025-04-29,778130,,
2025-04-29,778131,,
2025-04-29,778133,0.241060,
2025-04-29,778134,0.273793,0.279472
2025-04-29,778135,,
2025-04-30,778102,0.354339,0.338443
2025-04-30,778104,0.326311,0.339366
2025-04-30,778105,0.305901,0.349333
2025-04-30,778106,0.354916,0.336651
2025-04-30,778109,0.363493,0.300181
2025-04-30,778110,0.324691,0.366301
2025-04-30,778111,0.325123,0.342515
2025-04-30,778112,0.251190,0.306582
2025-04-30,778113,0.311391,0.305584
2025-04-30,778114,0.307502,0.370503
2025-04-30,778115,0.248385,0.297821
2025-04-30,778116,0.313271,0.357830
2025-04-30,778117,0.295383,0.347980
2025-04-30,778118,0.360582,0.352754
2025-04-30,778119,,
2025-04-30,778134,0.273793,0.279472
2025-05-01,778094,,
2025-05-01,778095,,
2025-05-01,778096,,
2025-05-01,778097,,
2025-05-01,778098,,
2025-05-01,778099,,
2025-05-01,778100,,
2025-05-01,778101,,
2025-05-01,778103,,
2025-05-01,778107,,
2025-05-01,778108,,
2025-05-02,778079,,
2025-05-02,778080,,
2025-05-02,778081,,
2025-05-02,778082,,
2025-05-02,778083,,
2025-05-02,778084,,
2025-05-02,778085,,
2025-05-02,778086,,
2025-05-02,778087,,
2025-05-02,778088,,
2025-05-02,778089,,
2025-05-02,778090,,
2025-05-02,778091,,
2025-05-02,778092,,
2025-05-02,778093,,
2025-05-03,778064,0.313467,0.371231
2025-05-03,778065,0.350144,0.305162
2025-05-03,778066,0.352568,0.270132
2025-05-03,778067,0.290032,0.310102
2025-05-03,778068,0.276453,
2025-05-03,778069,0.338226,0.304420
2025-05-03,778070,0.338722,0.306257
2025-05-03,778071,0.250274,0.331808
2025-05-03,778072,0.364833,0.298190
2025-05-03,778073,,0.307576
2025-05-03,778074,0.335696,0.274431
2025-05-03,778075,0.324774,0.368313
2025-05-03,778076,0.291424,0.306660
2025-05-03,778077,0.360742,0.284074
2025-05-03,778078,0.312060,0.353250
2025-05-04,778048,,
2025-05-04,778050,,
2025-05-04,778051,,
2025-05-04,778052,,
2025-05-04,778053,,
2025-05-04,778054,,
2025-05-04,778055,,
2025-05-04,778056,,
2025-05-04,778057,,
2025-05-04,778058,,
2025-05-04,778059,,
2025-05-04,778060,,
2025-05-04,778061,,
2025-05-04,778062,,
2025-05-04,778063,,
2025-05-04,778068,0.276453,
2025-05-05,778036,0.304417,0.296712
2025-05-05,778038,0.315798,0.324964
2025-05-05,778039,0.276655,0.280419
2025-05-05,778042,0.365704,0.304056
2025-05-05,778043,0.254357,0.338225
2025-05-05,778044,0.328568,0.270448
2025-05-05,778045,0.362139,0.221255
2025-05-05,778046,0.333188,0.273287
2025-05-05,778047,0.289505,0.327784
2025-05-05,778049,0.286093,0.306863
2025-05-06,778024,0.315127,0.326268
2025-05-06,778025,0.370671,0.309751
2025-05-06,778026,0.358097,0.295400
2025-05-06,778027,0.306098,0.250091
2025-05-06,778028,0.298209,0.351003
2025-05-06,778029,0.274647,0.346762
2025-05-06,778030,0.304077,0.273265
2025-05-06,778031,0.414448,0.331336
2025-05-06,778032,0.276708,0.279894
2025-05-06,778033,0.312282,0.311154
2025-05-06,778034,0.283937,0.305743
2025-05-06,778035,0.296805,0.364533
2025-05-06,778037,0.305985,0.307957
2025-05-06,778040,0.353941,0.346123
2025-05-06,778041,0.349907,0.271043
2025-05-06,778046,0.333188,0.273287
2025-05-07,778009,0.370317,0.288673
2025-05-07,778010,0.314056,0.358596
2025-05-07,778011,0.297763,
2025-05-07,778012,0.300389,0.321744
2025-05-07,778013,0.297732,0.338228
2025-05-07,778014,0.276171,0.256082
2025-05-07,778015,0.365550,0.305549
2025-05-07,778016,0.304262,0.272813
2025-05-07,778017,0.272612,0.308637
2025-05-07,778018,0.306494,0.308557
2025-05-07,778019,0.349365,0.263410
2025-05-07,778020,0.305675,0.250140
2025-05-07,778021,0.349419,0.325630
2025-05-07,778022,0.300840,0.358765
2025-05-07,778023,0.282198,0.305522
2025-05-08,777999,0.289990,0.312600
2025-05-08,778000,0.346615,0.288871
2025-05-08,778003,0.283834,0.311693
2025-05-08,778004,0.296078,0.305861
2025-05-08,778005,0.353873,0.341327
2025-05-08,778006,0.304664,0.308278
2025-05-08,778007,0.286003,0.344829
2025-05-08,778008,0.268393,0.257469
2025-05-08,778029,0.274488,0.345256
2025-05-09,777984,0.346529,0.313731
2025-05-09,777986,0.298021,0.296081
2025-05-09,777988,0.282099,0.313039
2025-05-09,777989,0.283017,0.365210
2025-05-09,777990,0.308413,0.366051
2025-05-09,777991,0.334633,0.298898
2025-05-09,777992,0.350542,0.333677
2025-05-09,777993,0.385530,0.340416
2025-05-09,777994,0.241557,0.358499
2025-05-09,777995,0.273157,0.307576
2025-05-09,777996,0.304839,0.291738
2025-05-09,777997,0.353783,0.300146
2025-05-09,777998,0.335206,0.304167
2025-05-09,778001,0.250203,0.276429
2025-05-09,778002,0.330737,0.305757
2025-05-10,777970,0.345704,0.314203
2025-05-10,777972,0.250695,0.359218
2025-05-10,777973,0.289492,0.293663
2025-05-10,777974,0.306541,0.333419
2025-05-10,777975,0.289278,0.278328
2025-05-10,777976,0.428849,0.336564
2025-05-10,777977,0.308599,0.297230
2025-05-10,777978,0.312807,0.288675
2025-05-10,777979,0.284240,0.338684
2025-05-10,777980,0.273581,0.295160
2025-05-10,777981,0.331027,0.330993
2025-05-10,777982,0.314240,0.277259
2025-05-10,777983,0.352965,0.345130
2025-05-10,777985,0.309561,0.301788
2025-05-10,777987,0.342310,0.323854
2025-05-11,777954,0.289599,0.277247
2025-05-11,777955,0.347098,0.339759
2025-05-11,777956,0.306155,0.334104
2025-05-11,777957,0.294016,0.365734
2025-05-11,777958,0.306521,0.355785
2025-05-11,777961,0.329667,0.301640
2025-05-11,777962,0.273055,0.294642
2025-05-11,777963,0.281285,0.334214
2025-05-11,777964,0.328082,0.328807
2025-05-11,777965,0.308736,0.310470
2025-05-11,777966,0.360383,0.252067
2025-05-11,777967,0.313555,0.297239
2025-05-11,777968,0.314737,0.277160
2025-05-11,777969,0.283558,0.338802
2025-05-11,777971,0.352851,0.300283
2025-05-12,777939,0.277136,0.302744
2025-05-12,777941,0.222383,0.294222
2025-05-12,777947,0.291153,0.348169
2025-05-12,777948,0.311024,0.364054
2025-05-12,777949,0.338083,0.275984
2025-05-12,777950,0.297018,0.277464
2025-05-12,777951,0.319088,
2025-05-12,777952,0.358049,0.315880
2025-05-12,777953,0.272930,0.329121
2025-05-12,777959,0.306566,0.313243
2025-05-12,777960,0.328138,0.340841
2025-05-13,777926,,
2025-05-13,777930,,
2025-05-13,777931,,
2025-05-13,777932,,
2025-05-13,777933,0.272832,0.376941
2025-05-13,777934,,
2025-05-13,777935,,
2025-05-13,777936,,
2025-05-13,777937,,
2025-05-13,777938,0.339260,0.323045
2025-05-13,777940,,
2025-05-13,777942,,
2025-05-13,777943,,
2025-05-13,777944,,
2025-05-13,777945,,
2025-05-14,777914,0.291358,0.347027
2025-05-14,777915,0.253952,0.325843
2025-05-14,777916,,0.325611
2025-05-14,777917,0.358029,0.289521
2025-05-14,777918,0.353386,0.301064
2025-05-14,777919,0.295312,0.324374
2025-05-14,777920,0.312420,0.337932
2025-05-14,777921,0.360691,0.253785
2025-05-14,777922,0.272832,0.352806
2025-05-14,777923,0.369835,0.365235
2025-05-14,777924,0.341238,0.323045
2025-05-14,777925,0.327996,0.299840
2025-05-14,777927,0.308291,0.322237
2025-05-14,777928,0.251324,0.294556
2025-05-14,777929,0.310481,0.303977
2025-05-14,777933,0.272832,0.376941
2025-05-14,777938,0.339260,0.323045
2025-05-15,777909,,
2025-05-15,777910,,
2025-05-15,777911,,
2025-05-15,777912,,
2025-05-15,777913,,
2025-05-15,777946,,
2025-05-16,777891,0.314139,0.325224
2025-05-16,777895,0.364835,0.301097
2025-05-16,777896,0.294227,0.345643
2025-05-16,777897,0.425188,0.322703
2025-05-16,777898,0.335241,0.306844
2025-05-16,777899,0.322732,0.289314
2025-05-16,777900,0.287719,0.315110
2025-05-16,777901,0.274805,0.311764
2025-05-16,777902,0.288213,0.293540
2025-05-16,777903,0.336864,0.401246
2025-05-16,777904,0.276751,0.257372
2025-05-16,777905,0.284682,0.329933
2025-05-16,777906,0.295242,0.341056
2025-05-16,777907,0.297065,0.330701
2025-05-16,777908,0.331130,0.309044
2025-05-17,777875,0.314529,0.346260
2025-05-17,777879,0.358268,0.301027
2025-05-17,777881,0.256227,0.314862
2025-05-17,777882,0.363668,0.318787
2025-05-17,777883,0.336110,0.335889
2025-05-17,777884,0.287564,0.289024
2025-05-17,777885,0.274295,0.311018
2025-05-17,777886,0.302737,0.341730
2025-05-17,777887,0.423705,0.323077
2025-05-17,777888,0.276923,0.277024
2025-05-17,777889,0.336968,0.340196
2025-05-17,777890,0.307227,0.283071
2025-05-17,777892,0.300203,0.293079
2025-05-17,777893,0.312832,0.309056
2025-05-17,777894,0.302267,0.353739
2025-05-18,777864,0.274493,0.362363
2025-05-18,777865,0.337891,0.332252
2025-05-18,777866,0.290712,0.279325
2025-05-18,777867,0.343584,0.323585
2025-05-18,777868,0.335867,0.346021
2025-05-18,777869,0.334813,0.307602
2025-05-18,777870,0.367304,0.322280
2025-05-18,777871,0.338688,0.340592
2025-05-18,777872,0.291333,0.315431
2025-05-18,777873,0.307735,0.323011
2025-05-18,777874,0.293444,0.292903
2025-05-18,777876,0.312330,0.308680
2025-05-18,777877,0.336819,0.396467
2025-05-18,777878,0.276837,0.253114
2025-05-18,777880,0.302738,0.353679
2025-05-19,777852,,
2025-05-19,777853,,
2025-05-19,777854,,
2025-05-19,777855,,
2025-05-19,777856,,
2025-05-19,777857,,
2025-05-19,777858,,
2025-05-19,777859,,
2025-05-19,777860,,
2025-05-19,777862,,
2025-05-19,777863,,
2025-05-20,777836,0.311291,0.302205
2025-05-20,777838,0.321509,0.288483
2025-05-20,777839,0.336539,0.303660
2025-05-20,777840,0.322678,0.274969
2025-05-20,777841,0.311108,0.307876
2025-05-20,777842,0.354457,0.423272
2025-05-20,777843,0.290023,0.330160
2025-05-20,777844,0.288809,0.331898
2025-05-20,777845,0.346550,0.340492
2025-05-20,777846,0.293069,0.274744
2025-05-20,777847,0.291099,0.302485
2025-05-20,777848,0.362545,0.362006
2025-05-20,777849,0.319312,0.252870
2025-05-20,777850,0.270224,0.393864
2025-05-20,777851,0.276611,0.307741
2025-05-21,777819,0.322443,0.310030
2025-05-21,777823,0.330937,0.422316
2025-05-21,777824,0.297681,0.288688
2025-05-21,777825,0.286808,0.337926
2025-05-21,777826,0.290592,0.336110
2025-05-21,777827,0.321556,0.317939
2025-05-21,777828,0.285246,0.329857
2025-05-21,777829,0.336539,0.360079
2025-05-21,777830,0.314056,0.248118
2025-05-21,777831,0.271700,0.306968
2025-05-21,777832,0.361971,0.337467
2025-05-21,777833,0.250911,0.367122
2025-05-21,777834,0.291754,0.336466
2025-05-21,777835,0.308971,0.255664
2025-05-21,777837,0.391732,0.330373
2025-05-22,777812,,
2025-05-22,777814,,
2025-05-22,777815,0.291736,0.349871
2025-05-22,777816,,
2025-05-22,777817,,
2025-05-22,777818,,
2025-05-22,777820,,
2025-05-22,777821,,
2025-05-22,777822,,
2025-05-23,777797,0.321237,0.275676
2025-05-23,777798,0.357586,0.293407
2025-05-23,777799,0.311794,0.336890
2025-05-23,777800,0.292336,0.361742
2025-05-23,777801,0.309012,0.307261
2025-05-23,777802,0.225899,0.424249
2025-05-23,777804,0.331210,0.340895
2025-05-23,777805,0.295717,0.255384
2025-05-23,777806,0.332277,0.323951
2025-05-23,777807,0.338410,0.323496
2025-05-23,777808,0.288960,0.292783
2025-05-23,777810,0.342766,0.295825
2025-05-23,777811,0.250546,0.291276
2025-05-23,777813,0.348143,0.303863
2025-05-23,777815,0.291736,0.349871
2025-05-24,777781,0.373077,0.293198
2025-05-24,777782,0.235265,0.370656
2025-05-24,777784,0.330671,0.354042
2025-05-24,777786,0.295262,0.275731
2025-05-24,777787,0.335138,0.361633
2025-05-24,777788,0.311492,0.348842
2025-05-24,777789,0.294201,0.302084
2025-05-24,777790,0.294198,0.342346
2025-05-24,777791,0.250063,0.291095
2025-05-24,777792,0.295033,0.253894
2025-05-24,777793,0.310196,0.357231
2025-05-24,777794,0.332433,0.299152
2025-05-24,777795,0.342588,0.338095
2025-05-24,777796,0.294824,0.313420
2025-05-24,777803,0.342764,0.299923
2025-05-24,777809,0.291134,0.325850
2025-05-25,777765,0.353804,0.352985
2025-05-25,777766,0.320967,0.276174
2025-05-25,777767,0.368360,0.291508
2025-05-25,777768,0.273697,0.424338
2025-05-25,777772,0.322770,0.327310
2025-05-25,777773,0.289461,0.301797
2025-05-25,777774,0.336988,0.361751
2025-05-25,777775,0.321943,0.315119
2025-05-25,777776,0.329022,0.286374
2025-05-25,777777,0.331953,0.248602
2025-05-25,777778,0.309451,0.323515
2025-05-25,777779,0.250447,0.290654
2025-05-25,777780,0.400955,0.294078
2025-05-25,777783,0.349327,0.297532
2025-05-25,777785,0.292602,0.326525
2025-05-26,777756,0.355560,0.341214
2025-05-26,777757,0.382141,0.249428
2025-05-26,777758,0.248075,0.271056
2025-05-26,777759,0.341997,0.289607
2025-05-26,777760,0.286260,0.311877
2025-05-26,777761,0.298773,0.322050
2025-05-26,777762,0.324310,0.369199
2025-05-26,777763,0.252587,0.291148
2025-05-26,777764,0.335629,0.303169
2025-05-26,777769,0.289796,0.307109
2025-05-26,777770,0.284568,0.334495
2025-05-26,777771,0.275964,0.293986
2025-05-27,777741,0.342086,0.318865
2025-05-27,777742,0.355904,0.349986
2025-05-27,777743,0.308089,0.335440
2025-05-27,777744,0.322906,0.298539
2025-05-27,777745,0.252415,0.290054
2025-05-27,777746,0.317962,0.336552
2025-05-27,777747,0.332277,0.332680
2025-05-27,777748,0.295292,0.372802
2025-05-27,777749,0.246567,0.270959
2025-05-27,777750,0.289541,0.312010
2025-05-27,777751,0.425100,0.248818
2025-05-27,777752,,0.339068
2025-05-27,777753,0.289841,0.308490
2025-05-27,777754,0.283324,0.294148
2025-05-27,777755,0.317493,0.321873
2025-05-28,777724,0.334114,0.306148
2025-05-28,777726,0.350320,0.349348
2025-05-28,777728,0.251991,0.320118
2025-05-28,777729,0.297813,0.299212
2025-05-28,777730,0.273635,0.315534
2025-05-28,777731,0.391841,0.249529
2025-05-28,777732,0.318052,0.336754
2025-05-28,777733,0.289853,0.312211
2025-05-28,777734,0.349073,0.351441
2025-05-28,777735,0.349718,0.307063
2025-05-28,777736,0.314610,0.338158
2025-05-28,777737,0.245646,0.271276
2025-05-28,777738,0.316857,0.321946
2025-05-28,777739,0.293460,0.348898
2025-05-28,777740,0.275458,0.292090
2025-05-29,777722,0.309209,0.311754
2025-05-29,777723,0.323780,0.309171
2025-05-29,777725,0.338298,0.343038
2025-05-29,777727,,0.333748
2025-05-29,777735,0.349718,0.307063
2025-05-30,777707,0.297898,0.349693
2025-05-30,777708,0.255617,0.309193
2025-05-30,777709,0.275033,0.252853
2025-05-30,777710,0.308985,0.279073
2025-05-30,777711,0.321191,0.312079
2025-05-30,777712,0.290516,0.249592
2025-05-30,777713,0.320484,0.315133
2025-05-30,777714,0.353632,0.362036
2025-05-30,777715,0.337769,0.307114
2025-05-30,777716,0.349181,0.325889
2025-05-30,777717,0.310129,0.357561
2025-05-30,777718,0.425743,0.295890
2025-05-30,777719,0.314557,0.311338
2025-05-30,777720,0.262787,0.292752
2025-05-30,777721,0.284978,0.338148
2025-05-31,777691,0.297747,0.349090
2025-05-31,777693,0.335296,0.305179
2025-05-31,777694,0.321730,0.353130
2025-05-31,777695,0.345714,0.334724
2025-05-31,777696,0.309708,0.278725
2025-05-31,777697,0.275129,0.305270
2025-05-31,777698,0.255316,0.327788
2025-05-31,777699,0.285293,0.293094
2025-05-31,777700,0.425832,0.301339
2025-05-31,777701,0.349331,0.348093
2025-05-31,777702,0.291136,0.306947
2025-05-31,777703,0.320870,0.337180
2025-05-31,777704,0.311812,0.249435
2025-05-31,777705,0.326822,0.363873
2025-05-31,777706,0.329211,0.293389
2025-06-01,777677,0.297117,0.312526
2025-06-01,777678,0.275629,0.305768
2025-06-01,777679,0.309686,0.293980
2025-06-01,777680,0.316690,0.314706
2025-06-01,777681,0.297749,0.348633
2025-06-01,777682,0.251853,0.322022
2025-06-01,777683,0.283874,0.337591
2025-06-01,777684,0.249445,0.295345
2025-06-01,777685,0.348327,0.324336
2025-06-01,777686,0.396082,0.271060
2025-06-01,777687,0.291096,0.286329
2025-06-01,777688,0.307822,0.309343
2025-06-01,777689,0.335762,0.335572
2025-06-01,777690,0.338116,0.337611
2025-06-01,777692,0.329205,0.291980
2025-06-02,777669,0.346679,0.303250
2025-06-02,777670,0.283944,0.329436
2025-06-02,777671,0.331524,0.284245
2025-06-02,777673,,0.335830
2025-06-02,777674,0.345530,0.271837
2025-06-02,777675,0.270757,0.321655
2025-06-02,777676,0.347871,0.353122
2025-06-03,777655,0.293302,0.314650
2025-06-03,777656,0.347995,0.326382
2025-06-03,777657,0.277165,0.289573
2025-06-03,777658,0.306086,0.327192
2025-06-03,777659,0.330662,0.309637
2025-06-03,777660,0.283667,0.275302
2025-06-03,777661,0.287546,0.251176
2025-06-03,777662,0.305738,0.338374
2025-06-03,777663,0.363270,0.296985
2025-06-03,777664,0.337975,0.227152
2025-06-03,777665,0.351888,0.323830
2025-06-03,777666,0.393605,0.336793
2025-06-03,777667,0.288629,0.329672
2025-06-03,777668,0.337305,0.275463
2025-06-03,777672,0.278278,0.301824
2025-06-04,777638,0.270918,0.291030
2025-06-04,777639,0.280771,0.248814
2025-06-04,777641,0.347266,0.326158
2025-06-04,777642,0.283690,0.274576
2025-06-04,777645,0.293698,0.335588
2025-06-04,777646,0.307142,0.338886
2025-06-04,777647,0.307228,0.290611
2025-06-04,777648,0.363929,0.296665
2025-06-04,777649,0.287654,0.315331
2025-06-04,777650,0.264665,0.359435
2025-06-04,777651,0.351839,0.346813
2025-06-04,777652,0.392974,0.369633
2025-06-04,777653,0.338342,0.227504
2025-06-04,777654,0.319652,0.302633
2025-06-05,777628,0.293671,0.314984
2025-06-05,777629,0.307137,0.368489
2025-06-05,777630,0.363171,0.296904
2025-06-05,777631,0.282679,0.278155
2025-06-05,777632,0.249277,0.360468
2025-06-05,777633,0.320169,
2025-06-05,777634,0.301377,0.288457
2025-06-05,777635,0.283690,0.274576
2025-06-05,777636,0.325004,0.379020
2025-06-05,777637,0.352659,0.328049
2025-06-05,777640,0.277276,0.303863
2025-06-05,777642,0.283690,0.274576
2025-06-05,777644,0.337595,0.252292
2025-06-06,777613,0.309866,0.346242
2025-06-06,777614,0.315619,0.287873
2025-06-06,777615,0.343815,0.334429
2025-06-06,777616,0.281746,0.393738
2025-06-06,777617,0.347367,0.338114
2025-06-06,777618,0.284492,
2025-06-06,777619,0.301916,0.323922
2025-06-06,777620,0.289716,0.273687
2025-06-06,777621,0.310651,0.349716
2025-06-06,777622,0.363202,0.369196
2025-06-06,777623,0.295275,0.309972
2025-06-06,777624,0.328412,0.360232
2025-06-06,777625,0.354051,0.362640
2025-06-06,777626,0.249214,0.295043
2025-06-06,777627,0.309912,0.256858
2025-06-07,777597,0.335931,0.337976
2025-06-07,777598,0.305661,0.390685
2025-06-07,777599,0.293346,0.345511
2025-06-07,777600,0.344512,0.319448
2025-06-07,777601,0.290182,0.272901
2025-06-07,777603,0.291405,0.287467
2025-06-07,777604,0.289612,0.393521
2025-06-07,777605,0.330028,0.274185
2025-06-07,777606,0.284770,0.266676
2025-06-07,777607,0.310814,0.317936
2025-06-07,777608,0.323993,0.337920
2025-06-07,777609,0.249074,0.289385
2025-06-07,777610,0.309792,0.349677
2025-06-07,777611,0.335402,0.316487
2025-06-07,777612,0.315192,0.290507
2025-06-07,777623,0.296146,0.309534
2025-06-08,777582,,
2025-06-08,777583,,
2025-06-08,777585,,
2025-06-08,777586,,
2025-06-08,777587,,
2025-06-08,777588,,
2025-06-08,777589,,
2025-06-08,777590,,
2025-06-08,777591,,
2025-06-08,777592,,
2025-06-08,777593,,
2025-06-08,777594,,
2025-06-08,777595,,
2025-06-08,777596,,
2025-06-08,777602,,
2025-06-09,777574,0.332740,0.305626
2025-06-09,777575,0.305356,0.330672
2025-06-09,777576,0.344091,0.288644
2025-06-09,777577,0.337236,0.277216
2025-06-09,777578,0.250462,0.311040
2025-06-09,777579,0.290151,0.348061
2025-06-09,777580,0.283966,0.295516
2025-06-09,777581,0.349157,0.275127
2025-06-09,777584,0.338627,0.347488
2025-06-10,777557,0.342488,0.316059
2025-06-10,777558,0.358249,0.386998
2025-06-10,777559,0.337740,0.276578
2025-06-10,777560,0.330671,0.372658
2025-06-10,777563,0.321202,0.373198
2025-06-10,777564,0.324436,0.288372
2025-06-10,777565,0.339894,0.347053
2025-06-10,777566,0.332742,0.296970
2025-06-10,777567,0.273597,0.363936
2025-06-10,777568,0.299007,0.333173
2025-06-10,777569,0.283872,0.312415
2025-06-10,777570,0.311051,0.292887
2025-06-10,777571,0.250306,0.311739
2025-06-10,777572,0.219874,
2025-06-10,777573,0.313790,0.293069
2025-06-11,777542,0.325550,0.289225
2025-06-11,777543,0.290995,0.347289
2025-06-11,777545,0.339205,0.283599
2025-06-11,777547,0.321355,0.372524
2025-06-11,777548,0.337745,0.275657
2025-06-11,777549,0.289736,0.318300
2025-06-11,777550,0.281265,0.356678
2025-06-11,777551,0.273987,0.284024
2025-06-11,777552,0.344028,0.297328
2025-06-11,777553,0.250088,0.311722
2025-06-11,777554,0.306071,0.332689
2025-06-11,777555,0.360930,0.270626
2025-06-11,777556,0.307890,0.350590
2025-06-11,777561,0.368261,0.348002
2025-06-11,777562,0.309644,0.293807
2025-06-12,777532,,
2025-06-12,777533,,
2025-06-12,777534,,
2025-06-12,777536,,
2025-06-12,777540,,
2025-06-12,777541,,
2025-06-12,777544,,
2025-06-12,777546,,
2025-06-13,777520,,
2025-06-13,777521,,
2025-06-13,777522,,
2025-06-13,777524,,
2025-06-13,777525,,
2025-06-13,777526,,
2025-06-13,777527,,
2025-06-13,777528,,
2025-06-13,777529,,
2025-06-13,777530,,
2025-06-13,777531,,
2025-06-13,777535,,
2025-06-13,777537,,
2025-06-13,777538,,
2025-06-13,777539,,
2025-06-14,777506,0.389994,0.323247
2025-06-14,777507,0.304451,0.337597
2025-06-14,777508,,0.274440
2025-06-14,777509,0.339969,0.310726
2025-06-14,777510,0.341402,0.421432
2025-06-14,777511,0.345105,0.321703
2025-06-14,777512,0.285596,0.329005
2025-06-14,777513,0.297976,0.251139
2025-06-14,777514,0.315450,0.360889
2025-06-14,777515,0.346538,0.275869
2025-06-14,777516,0.228504,0.353661
2025-06-14,777517,0.295522,0.326952
2025-06-14,777518,0.338945,0.270220
2025-06-14,777519,0.289344,0.296570
2025-06-14,777523,0.383414,0.286388
2025-06-15,777491,0.346842,0.275675
2025-06-15,777492,0.324945,0.329338
2025-06-15,777493,0.291007,0.307367
2025-06-15,777494,0.338937,0.421406
2025-06-15,777495,0.341250,0.337701
2025-06-15,777496,0.345032,
2025-06-15,777497,0.348218,0.333061
2025-06-15,777498,0.319994,0.291399
2025-06-15,777499,0.351031,0.360552
2025-06-15,777500,0.247650,0.355068
2025-06-15,777501,0.288345,0.310654
2025-06-15,777502,0.372253,0.264177
2025-06-15,777503,0.324056,0.299643
2025-06-15,777504,0.366472,0.376454
2025-06-15,777505,0.285912,0.313987
2025-06-16,777483,0.310797,0.315401
2025-06-16,777484,0.296861,0.339983
2025-06-16,777485,0.363995,0.341929
2025-06-16,777486,0.358255,0.337877
2025-06-16,777487,0.288541,0.254028
2025-06-16,777488,0.367070,0.299147
2025-06-16,777490,0.347421,0.291183
2025-06-17,777467,0.356002,0.254130
2025-06-17,777468,0.283436,0.309644
2025-06-17,777469,0.304703,0.298964
2025-06-17,777471,0.346865,0.291593
2025-06-17,777472,0.294284,0.316271
2025-06-17,777473,,0.284299
2025-06-17,777475,0.305449,0.313879
2025-06-17,777476,0.288911,0.311102
2025-06-17,777477,0.296269,0.340105
2025-06-17,777478,0.363930,0.282265
2025-06-17,777479,0.275763,0.351014
2025-06-17,777480,0.391281,0.351588
2025-06-17,777481,0.311316,0.321065
2025-06-17,777482,0.329951,0.252156
2025-06-17,777489,0.269927,0.283519
2025-06-18,777453,0.346589,0.342880
2025-06-18,777454,0.304433,0.330201
2025-06-18,777456,0.348444,0.327788
2025-06-18,777457,0.346557,0.292605
2025-06-18,777458,0.343371,0.265801
2025-06-18,777459,0.301477,0.259304
2025-06-18,777460,0.283428,0.311023
2025-06-18,777461,0.320911,0.351130
2025-06-18,777462,0.337036,0.349966
2025-06-18,777463,0.305986,0.330430
2025-06-18,777464,0.289923,0.320701
2025-06-18,777465,0.311166,0.321411
2025-06-18,777466,0.289063,0.261955
2025-06-18,777470,0.291487,0.284653
2025-06-18,777474,0.336504,0.282148
2025-06-19,777440,0.299681,0.309010
2025-06-19,777441,0.364146,0.345356
2025-06-19,777442,0.328607,0.310923
2025-06-19,777443,0.283877,0.316141
2025-06-19,777444,0.311288,0.322630
2025-06-19,777445,0.365270,0.350294
2025-06-19,777446,0.297286,0.339919
2025-06-19,777447,0.364878,0.266092
2025-06-19,777448,0.255446,0.349868
2025-06-19,777449,0.288613,0.308751
2025-06-19,777450,0.334823,0.252589
2025-06-19,777451,0.303817,0.325267
2025-06-19,777452,0.359608,0.275118
2025-06-19,777455,0.270866,0.284787
2025-06-19,777458,0.343371,0.265801
2025-06-19,777464,0.289923,0.320701
2025-06-20,777425,0.323647,0.316899
2025-06-20,777426,0.382135,0.347411
2025-06-20,777427,0.360132,0.280066
2025-06-20,777428,0.364061,0.288712
2025-06-20,777429,0.293277,0.345722
2025-06-20,777430,0.294554,0.364825
2025-06-20,777431,0.328278,0.357737
2025-06-20,777432,0.323529,0.316474
2025-06-20,777433,0.282433,0.330952
2025-06-20,777434,0.334371,0.312605
2025-06-20,777435,0.271183,0.348801
2025-06-20,777436,0.338249,0.252500
2025-06-20,777437,0.270816,0.311217
2025-06-20,777438,0.316675,0.255365
2025-06-20,777439,0.283921,0.334380
2025-06-21,777410,0.295254,0.364458
2025-06-21,777411,0.304210,0.341656
2025-06-21,777412,0.311744,0.353255
2025-06-21,777413,0.284878,0.347460
2025-06-21,777414,0.369192,0.274471
2025-06-21,777415,0.285257,0.330922
2025-06-21,777416,0.349729,0.292931
2025-06-21,777417,0.335503,0.317065
2025-06-21,777418,0.274109,0.343676
2025-06-21,777419,0.337757,0.251935
2025-06-21,777420,0.319725,0.329235
2025-06-21,777421,0.320644,0.298787
2025-06-21,777422,0.306267,0.232094
2025-06-21,777423,0.270719,0.338168
2025-06-21,777424,0.299007,0.334210
2025-06-22,777395,0.286581,0.317164
2025-06-22,777396,0.285552,0.354009
2025-06-22,777397,0.373905,0.302968
2025-06-22,777398,0.345421,0.319168
2025-06-22,777399,0.274222,0.363358
2025-06-22,777400,0.292753,0.345520
2025-06-22,777401,0.334583,0.323983
2025-06-22,777402,0.298550,0.339631
2025-06-22,777403,0.337904,0.251657
2025-06-22,777404,0.312961,0.299621
2025-06-22,777405,0.375743,0.310874
2025-06-22,777406,0.301163,0.231528
2025-06-22,777407,0.286368,0.330735
2025-06-22,777408,0.271507,0.348705
2025-06-22,777409,0.281897,0.338960
2025-06-23,777381,0.327258,0.287709
2025-06-23,777382,0.349557,0.353130
2025-06-23,777388,0.337216,0.343565
2025-06-23,777389,0.289748,0.271140
2025-06-23,777390,0.309698,0.285932
2025-06-23,777391,0.299408,0.335392
2025-06-23,777392,0.251853,0.331108
2025-06-23,777393,0.254684,0.259137
2025-06-23,777394,0.306008,0.301131
2025-06-24,777364,0.333155,0.317282
2025-06-24,777372,0.349507,0.352195
2025-06-24,777373,0.251899,0.331167
2025-06-24,777374,0.306054,0.336087
2025-06-24,777375,0.337942,0.341337
2025-06-24,777376,0.331484,0.312265
2025-06-24,777377,0.310464,0.363423
2025-06-24,777378,0.332672,0.285271
2025-06-24,777379,0.294281,0.361625
2025-06-24,777380,0.347945,0.302078
2025-06-24,777383,0.254742,0.271897
2025-06-24,777384,0.381164,0.292213
2025-06-24,777385,0.231920,0.284797
2025-06-24,777386,0.340524,0.280972
2025-06-24,777387,0.290270,0.270950
2025-06-25,777355,0.336179,0.331664
2025-06-25,777357,0.251488,0.306613
2025-06-25,777358,0.294486,0.367761
2025-06-25,777359,0.338982,0.285857
2025-06-25,777360,0.349381,0.374735
2025-06-25,777361,0.320584,0.335365
2025-06-25,777362,0.332198,0.279202
2025-06-25,777363,0.337942,0.334199
2025-06-25,777365,0.318982,0.307212
2025-06-25,777366,0.309695,0.363172
2025-06-25,777367,0.230933,0.284154
2025-06-25,777368,0.348580,0.311592
2025-06-25,777369,0.290290,0.270830
2025-06-25,777370,0.255432,0.266733
2025-06-25,777371,0.343197,0.290271
2025-06-26,777344,0.280585,0.350918
2025-06-26,777347,0.333155,0.358354
2025-06-26,777348,0.251075,0.331743
2025-06-26,777350,0.309975,0.363009
2025-06-26,777351,0.336355,0.312646
2025-06-26,777352,0.290223,0.271274
2025-06-26,777353,0.339201,0.312402
2025-06-26,777354,0.331574,0.279882
2025-06-26,777356,0.337758,0.317024
2025-06-27,777331,0.350041,0.299414
2025-06-27,777332,0.333185,0.291472
2025-06-27,777334,0.341669,0.295503
2025-06-27,777335,0.296615,0.285512
2025-06-27,777336,0.250967,0.382286
2025-06-27,777337,0.343914,0.265057
2025-06-27,777338,0.331285,0.272543
2025-06-27,777339,0.387407,0.335097
2025-06-27,777340,0.337460,0.317960
2025-06-27,777341,0.304783,0.265369
2025-06-27,777342,0.353639,0.306799
2025-06-27,777343,0.331920,0.373058
2025-06-27,777345,0.356589,0.324243
2025-06-27,777346,0.361066,0.284373
2025-06-27,777349,0.297305,0.281175
2025-06-28,777315,0.350076,0.298189
2025-06-28,777318,0.329611,0.290725
2025-06-28,777319,0.324588,0.334950
2025-06-28,777320,0.250829,0.268636
2025-06-28,777321,0.348994,0.335523
2025-06-28,777322,0.337390,0.313289
2025-06-28,777323,0.323645,0.329499
2025-06-28,777324,0.341356,0.277178
2025-06-28,777325,0.296223,0.307645
2025-06-28,777326,0.344047,0.310833
2025-06-28,777327,0.357057,0.261418
2025-06-28,777328,0.375067,0.284637
2025-06-28,777329,0.297360,0.305891
2025-06-28,777330,0.313176,0.302190
2025-06-28,777333,0.310189,0.290383
2025-06-29,777301,0.352896,0.335130
2025-06-29,777302,0.337493,0.312759
2025-06-29,777303,0.359588,0.256201
2025-06-29,777304,0.296050,0.284938
2025-06-29,777305,0.357217,0.298333
2025-06-29,777307,0.312851,0.265060
2025-06-29,777308,0.250589,0.338850
2025-06-29,777309,0.318014,0.305862
2025-06-29,777310,0.347622,0.324868
2025-06-29,777311,0.331327,0.276985
2025-06-29,777312,0.374597,0.285240
2025-06-29,777313,0.323151,0.303988
2025-06-29,777314,0.334894,0.305855
2025-06-29,777316,0.310139,0.290211
2025-06-29,777317,0.338866,0.302596
2025-06-30,777291,0.338458,0.256606
2025-06-30,777292,0.300760,0.317092
2025-06-30,777295,0.311951,0.384266
2025-06-30,777296,0.342825,0.353809
2025-06-30,777297,0.284605,0.337980
2025-06-30,777299,0.307366,0.291660
2025-06-30,777300,0.284862,0.321996
2025-06-30,777306,0.373481,0.331420
2025-07-01,777278,0.340425,0.257716
2025-07-01,777280,0.273663,0.308810
2025-07-01,777281,0.311341,0.338259
2025-07-01,777282,0.299592,0.334535
2025-07-01,777283,0.310410,0.340589
2025-07-01,777284,0.277384,0.335074
2025-07-01,777285,0.340069,0.357398
2025-07-01,777286,0.337623,0.297903
2025-07-01,777287,0.305597,0.251380
2025-07-01,777288,0.331550,0.290737
2025-07-01,777289,0.306751,0.292990
2025-07-01,777290,0.352370,0.358880
2025-07-01,777293,0.341808,0.334887
2025-07-01,777294,0.285543,0.331797
2025-07-01,777298,0.283627,0.290420
2025-07-02,777262,0.304380,0.310588
2025-07-02,777265,0.282753,0.350439
2025-07-02,777266,0.305433,0.251606
2025-07-02,777267,0.265137,0.281100
2025-07-02,777268,0.300025,0.311361
2025-07-02,777269,0.339250,0.357578
2025-07-02,777270,0.308968,
2025-07-02,777271,0.327124,0.338003
2025-07-02,777272,0.332118,0.290932
2025-07-02,777273,0.352370,0.331013
2025-07-02,777274,0.285013,0.298034
2025-07-02,777275,0.334245,0.329881
2025-07-02,777276,0.306751,0.270845
2025-07-02,777277,0.286777,0.328235
2025-07-02,777279,0.283752,0.299564
2025-07-02,777284,0.277384,0.335074
2025-07-02,777289,0.306751,0.292990
2025-07-02,777290,0.352370,0.358880
2025-07-02,777294,0.286777,0.335670
2025-07-03,777251,0.311244,0.339033
2025-07-03,777253,0.276389,0.296528
2025-07-03,777256,0.308735,0.295872
2025-07-03,777257,0.331306,0.292264
2025-07-03,777258,0.307096,0.349555
2025-07-03,777259,0.305302,0.250980
2025-07-03,777260,0.230436,0.303985
2025-07-03,777261,0.283115,0.299656
2025-07-03,777263,0.342397,0.333786
2025-07-03,777264,0.338455,0.358681
2025-07-04,777235,0.270962,0.316038
2025-07-04,777236,0.291285,0.339555
2025-07-04,777239,0.311649,0.351731
2025-07-04,777242,0.283492,0.330806
2025-07-04,777243,0.275403,0.358194
2025-07-04,777244,0.377224,
2025-07-04,777245,0.292642,0.342639
2025-07-04,777246,0.306218,0.267036
2025-07-04,777247,0.338483,0.364169
2025-07-04,777248,0.327618,0.295721
2025-07-04,777249,0.318769,0.305422
2025-07-04,777250,0.315472,0.271637
2025-07-04,777252,0.306512,0.299954
2025-07-04,777254,0.306154,0.334572
2025-07-04,777255,0.286239,0.331379
2025-07-05,777221,0.339401,0.280877
2025-07-05,777223,0.310604,0.352425
2025-07-05,777225,0.291298,0.339227
2025-07-05,777227,0.316403,0.345393
2025-07-05,777228,0.305284,0.349205
2025-07-05,777229,0.316974,0.250492
2025-07-05,777230,0.336147,0.364137
2025-07-05,777231,0.282708,0.305393
2025-07-05,777232,0.333363,0.358561
2025-07-05,777233,0.299678,0.331544
2025-07-05,777234,0.311547,0.288932
2025-07-05,777237,0.307631,0.300475
2025-07-05,777238,0.306019,0.337533
2025-07-05,777240,0.290557,
2025-07-05,777241,0.265710,0.301553
2025-07-06,777205,0.295018,0.338902
2025-07-06,777206,0.319304,0.297411
2025-07-06,777207,0.349982,0.353318
2025-07-06,777210,0.331145,0.345326
2025-07-06,777213,0.335056,0.356176
2025-07-06,777214,0.282495,0.338988
2025-07-06,777215,0.272877,0.389088
2025-07-06,777216,0.256522,0.293291
2025-07-06,777217,0.288396,0.331471
2025-07-06,777218,0.323120,0.274731
2025-07-06,777219,0.297802,0.288648
2025-07-06,777220,0.336229,0.359740
2025-07-06,777222,0.302180,0.307823
2025-07-06,777224,0.305724,0.334295
2025-07-06,777226,0.273268,0.305797
2025-07-07,777199,0.331616,0.329180
2025-07-07,777200,0.315509,0.282840
2025-07-07,777201,0.270056,0.330193
2025-07-07,777202,0.313260,0.342866
2025-07-07,777203,0.301391,0.353175
2025-07-07,777204,0.268677,0.387875
2025-07-07,777208,0.338466,0.288908
2025-07-07,777209,0.358670,0.333992
2025-07-07,777211,0.319310,0.296168
2025-07-07,777212,0.306035,0.272195
2025-07-08,777180,0.353774,0.283223
2025-07-08,777185,0.275818,0.343713
2025-07-08,777186,0.331213,0.329397
2025-07-08,777187,0.338798,0.315874
2025-07-08,777188,0.305515,0.338636
2025-07-08,777189,0.308177,0.302176
2025-07-08,777190,0.250214,0.352739
2025-07-08,777191,0.356806,0.331512
2025-07-08,777192,0.333501,0.359221
2025-07-08,777193,0.297419,0.330403
2025-07-08,777194,0.288040,0.311629
2025-07-08,777195,0.319951,0.290263
2025-07-08,777196,0.375002,0.299818
2025-07-08,777197,0.351521,0.284319
2025-07-08,777198,0.272832,0.308030
2025-07-09,777162,0.275902,0.343548
2025-07-09,777163,0.356503,0.327519
2025-07-09,777171,0.311448,0.284104
2025-07-09,777172,0.344647,0.258026
2025-07-09,777173,0.250874,0.346235
2025-07-09,777174,0.340173,0.343343
2025-07-09,777175,0.281915,0.330687
2025-07-09,777176,0.301164,0.309993
2025-07-09,777177,0.267139,0.312517
2025-07-09,777178,0.356879,0.316881
2025-07-09,777179,0.316418,0.331586
2025-07-09,777181,0.273069,0.308472
2025-07-09,777182,0.319805,0.275588
2025-07-09,777183,0.327876,0.288869
2025-07-09,777184,0.338316,0.316937
2025-07-10,777156,0.301252,0.310356
2025-07-10,777158,0.276384,0.318008
2025-07-10,777159,0.354085,0.313993
2025-07-10,777164,0.292890,0.254309
2025-07-10,777165,0.273069,0.317557
2025-07-10,777166,0.251099,0.346945
2025-07-10,777167,0.350282,0.330149
2025-07-10,777168,0.327931,0.289706
2025-07-10,777169,0.338924,0.257095
2025-07-10,777170,0.319364,0.293460
2025-07-10,777181,0.273069,0.308472
2025-07-11,777139,0.331355,0.343518
2025-07-11,777143,0.349970,0.316468
2025-07-11,777146,0.292890,0.339013
2025-07-11,777147,0.307347,0.330034
2025-07-11,777148,0.267299,0.341909
2025-07-11,777149,0.323595,0.330267
2025-07-11,777150,0.295813,0.284951
2025-07-11,777151,0.273044,0.312423
2025-07-11,777152,0.304276,0.283922
2025-07-11,777153,0.309844,0.316410
2025-07-11,777154,0.311059,0.345173
2025-07-11,777155,0.351239,0.297172
2025-07-11,777157,0.334812,0.307444
2025-07-11,777160,0.386923,0.289815
2025-07-11,777161,0.338763,0.273436
2025-07-11,777164,0.292890,0.254309
2025-07-12,777126,0.331029,0.343433
2025-07-12,777127,0.297592,0.315995
2025-07-12,777131,0.322910,0.284077
2025-07-12,777132,0.337731,0.325133
2025-07-12,777134,0.289334,0.315865
2025-07-12,777135,0.292049,0.330257
2025-07-12,777136,0.272784,0.312663
2025-07-12,777137,0.302087,
2025-07-12,777138,0.293244,0.270373
2025-07-12,777140,0.343706,0.289708
2025-07-12,777141,0.338813,0.307387
2025-07-12,777142,0.281233,0.311227
2025-07-12,777144,0.321815,0.358449
2025-07-12,777145,0.338548,0.305471
2025-07-13,777113,0.291539,0.341067
2025-07-13,777115,0.297903,0.283789
2025-07-13,777116,0.376344,0.325513
2025-07-13,777117,0.330490,0.343732
2025-07-13,777118,0.285884,0.323021
2025-07-13,777119,0.281671,0.329044
2025-07-13,777120,0.293563,0.261968
2025-07-13,777121,0.338028,0.302176
2025-07-13,777122,0.254487,0.311528
2025-07-13,777123,0.278531,0.280940
2025-07-13,777124,0.297325,0.313053
2025-07-13,777125,0.311064,0.344356
2025-07-13,777128,0.349386,0.288967
2025-07-13,777129,0.341671,
2025-07-13,777130,0.310152,0.279383
2025-07-18,777098,0.270241,0.311251
2025-07-18,777099,0.343773,0.337341
2025-07-18,777100,0.321890,0.303467
2025-07-18,777101,0.279547,0.254488
2025-07-18,777102,0.351961,0.372375
2025-07-18,777103,0.333159,0.297983
2025-07-18,777105,0.325423,0.373133
2025-07-18,777106,0.283156,0.330209
2025-07-18,777107,0.256249,0.240302
2025-07-18,777108,0.363919,0.304112
2025-07-18,777109,0.313017,0.341619
2025-07-18,777110,0.352845,0.282945
2025-07-18,777111,0.288561,0.297745
2025-07-18,777112,0.343482,0.350146
2025-07-18,777114,0.268382,0.287782
2025-07-19,777080,0.340626,0.386708
2025-07-19,777081,0.366682,0.303257
2025-07-19,777085,0.333025,0.307363
2025-07-19,777086,0.325253,0.337178
2025-07-19,777088,0.305621,0.311144
2025-07-19,777089,0.283320,0.330091
2025-07-19,777090,0.271583,0.267135
2025-07-19,777091,0.343521,0.351152
2025-07-19,777092,0.286951,0.272620
2025-07-19,777093,0.313097,0.334559
2025-07-19,777094,0.331517,0.304630
2025-07-19,777095,0.307183,0.325988
2025-07-19,777096,0.309075,0.255036
2025-07-19,777097,0.311189,0.288007
2025-07-19,777104,0.324326,0.353885
2025-07-20,777067,0.279769,0.336897
2025-07-20,777070,0.351987,0.297538
2025-07-20,777071,0.322333,0.292235
2025-07-20,777072,0.326743,0.396112
2025-07-20,777073,0.291353,0.303242
2025-07-20,777074,0.256197,0.291263
2025-07-20,777075,0.354810,0.281060
2025-07-20,777076,0.307031,0.280311
2025-07-20,777077,0.338521,0.350937
2025-07-20,777078,0.270489,0.330073
2025-07-20,777079,0.319241,0.335292
2025-07-20,777082,0.313042,0.330655
2025-07-20,777083,0.267855,0.287385
2025-07-20,777084,0.323643,0.374929
2025-07-20,777087,0.287041,0.272750
2025-07-21,777050,0.308304,0.337179
2025-07-21,777051,0.364391,0.281226
2025-07-21,777053,0.311100,0.446114
2025-07-21,777055,0.346063,0.323960
2025-07-21,777057,0.324185,0.288036
2025-07-21,777059,0.293761,0.310912
2025-07-21,777060,0.290915,0.290698
2025-07-21,777061,0.283153,0.273143
2025-07-21,777062,0.342263,0.334563
2025-07-21,777063,0.278066,0.330508
2025-07-21,777064,0.286726,0.324003
2025-07-21,777065,0.351265,0.273407
2025-07-21,777066,0.255133,0.335817
2025-07-21,777068,0.306475,0.342954
2025-07-21,777069,0.319002,0.287823
2025-07-22,777035,0.303467,0.337059
2025-07-22,777039,0.352862,0.280748
2025-07-22,777040,0.352690,0.323471
2025-07-22,777042,0.286543,0.323169
2025-07-22,777043,0.323965,0.311035
2025-07-22,777044,0.304392,0.336985
2025-07-22,777045,0.258277,0.330047
2025-07-22,777046,0.268405,0.304545
2025-07-22,777047,0.283684,0.280491
2025-07-22,777048,0.273014,0.307939
2025-07-22,777049,0.322611,0.387605
2025-07-22,777052,0.341974,0.334774
2025-07-22,777054,0.270137,0.272887
2025-07-22,777056,0.307253,0.342720
2025-07-22,777058,0.319179,0.308128
2025-07-23,777022,0.359624,0.320213
2025-07-23,777024,0.320660,0.303784
2025-07-23,777026,0.287438,0.358912
2025-07-23,777027,0.268798,0.316979
2025-07-23,777028,0.322789,0.386570
2025-07-23,777029,0.304773,0.291279
2025-07-23,777030,0.274409,0.307029
2025-07-23,777031,0.313083,0.337564
2025-07-23,777032,0.292421,0.323223
2025-07-23,777033,0.331570,0.287602
2025-07-23,777034,0.282598,0.273213
2025-07-23,777036,0.306417,0.342291
2025-07-23,777037,0.342000,0.334761
2025-07-23,777038,0.280221,0.347620
2025-07-23,777041,0.329084,0.304783
2025-07-24,777018,0.337772,0.282905
2025-07-24,777019,0.305677,0.341937
2025-07-24,777021,0.299316,0.294911
2025-07-24,777023,0.342802,0.289627
2025-07-24,777025,0.288027,0.318886
2025-07-25,777004,0.273343,0.328904
2025-07-25,777005,0.342388,0.289204
2025-07-25,777006,0.337757,0.282245
2025-07-25,777007,,0.324808
2025-07-25,777008,0.344429,0.308756
2025-07-25,777009,0.287281,0.347010
2025-07-25,777010,0.341339,0.313223
2025-07-25,777011,0.352262,0.353005
2025-07-25,777012,0.307337,0.278820
2025-07-25,777013,0.306977,0.287466
2025-07-25,777014,0.277247,0.325113
2025-07-25,777015,0.330116,0.268983
2025-07-25,777016,0.304922,0.277063
2025-07-25,777017,0.258390,0.255534
2025-07-25,777020,0.386035,0.313651
2025-07-26,776985,0.273530,0.329124
2025-07-26,776990,0.341339,0.313223
2025-07-26,776991,0.307422,0.361335
2025-07-26,776992,0.342654,0.320934
2025-07-26,776993,0.286833,0.309872
2025-07-26,776994,0.254466,0.274580
2025-07-26,776995,0.337690,0.282951
2025-07-26,776996,0.332458,0.329038
2025-07-26,776997,0.351795,0.326348
2025-07-26,776998,0.307100,0.262869
2025-07-26,776999,0.287000,0.305065
2025-07-26,777000,0.345902,0.287106
2025-07-26,777001,0.330015,0.297099
2025-07-26,777002,0.323509,0.291468
2025-07-26,777003,0.316472,0.276039
2025-07-26,777010,0.341339,0.313223
2025-07-27,776974,0.273800,0.318446
2025-07-27,776975,0.340801,0.313146
2025-07-27,776976,0.327850,0.313532
2025-07-27,776977,0.337071,0.282299
2025-07-27,776978,0.335008,0.327214
2025-07-27,776979,0.351609,0.326092
2025-07-27,776980,0.338424,0.321022
2025-07-27,776981,0.286288,0.358791
2025-07-27,776982,0.306145,0.285945
2025-07-27,776983,0.298082,0.276057
2025-07-27,776984,0.277654,0.337787
2025-07-27,776986,0.406931,0.309233
2025-07-27,776987,0.303732,0.278239
2025-07-27,776988,0.330484,0.297219
2025-07-27,776989,0.254763,0.274834
2025-07-28,776957,0.352044,0.380987
2025-07-28,776958,0.309941,0.281725
2025-07-28,776959,0.273953,0.342443
2025-07-28,776960,0.344577,0.316143
2025-07-28,776961,0.332096,0.312374
2025-07-28,776964,0.281219,0.329532
2025-07-28,776965,0.254681,0.330232
2025-07-28,776966,0.314189,0.304044
2025-07-28,776967,0.298404,0.286138
2025-07-28,776968,0.385514,0.340132
2025-07-28,776969,0.314197,0.346627
2025-07-28,776970,0.333241,0.329539
2025-07-28,776971,0.286864,0.312809
2025-07-28,776972,0.330838,0.255798
2025-07-28,776973,0.278276,0.278061
2025-07-29,776943,0.291413,0.329148
2025-07-29,776944,0.337268,0.306470
2025-07-29,776945,0.278531,0.281978
2025-07-29,776946,0.343901,0.332728
2025-07-29,776947,0.323556,0.341987
2025-07-29,776949,0.389447,0.263363
2025-07-29,776950,0.352020,0.320640
2025-07-29,776951,0.444040,0.298557
2025-07-29,776952,0.330962,0.259436
2025-07-29,776953,0.278073,0.342660
2025-07-29,776954,0.276521,0.357403
2025-07-29,776955,0.308530,0.352038
2025-07-29,776956,0.273897,0.297762
2025-07-29,776962,0.345816,0.297313
2025-07-29,776963,0.281151,0.297217
2025-07-29,778372,0.350060,0.313158
2025-07-30,776929,0.254368,0.283028
2025-07-30,776930,0.337823,0.304904
2025-07-30,776931,0.326828,0.342151
2025-07-30,776932,0.308791,0.281799
2025-07-30,776933,0.291360,0.329138
2025-07-30,776934,0.344035,0.318312
2025-07-30,776935,0.310758,0.322683
2025-07-30,776936,0.307086,0.322394
2025-07-30,776937,0.332246,0.394833
2025-07-30,776938,0.347367,0.297061
2025-07-30,776939,0.331210,0.338723
2025-07-30,776940,0.277765,0.297319
2025-07-30,776941,0.281429,0.284183
2025-07-30,776942,0.407725,0.340161
2025-07-30,776948,0.368866,0.304056
2025-07-31,776923,0.308533,0.351765
2025-07-31,776927,0.382796,0.315579
2025-07-31,776928,0.307117,0.335513
2025-08-01,776906,0.317840,0.341884
2025-08-01,776908,0.308897,0.351856
2025-08-01,776913,0.317708,0.303961
2025-08-01,776914,0.277817,0.305593
2025-08-01,776915,0.304684,0.279146
2025-08-01,776916,0.261775,0.287799
2025-08-01,776917,0.337182,0.325164
2025-08-01,776918,0.281819,0.287136
2025-08-01,776919,0.291257,0.407484
2025-08-01,776920,0.281283,0.337844
2025-08-01,776921,0.307486,0.329399
2025-08-01,776922,0.368778,0.276365
2025-08-01,776924,,0.312631
2025-08-01,776925,0.302074,0.320417
2025-08-01,776926,0.329059,0.273350
2025-08-02,776896,0.287650,0.341826
2025-08-02,776897,0.309141,0.352434
2025-08-02,776898,0.338337,0.288033
2025-08-02,776899,0.278296,0.305122
2025-08-02,776900,0.331460,0.354376
2025-08-02,776901,0.298513,0.286923
2025-08-02,776902,0.304317,0.249158
2025-08-02,776903,0.355075,0.351620
2025-08-02,776904,0.300031,0.416825
2025-08-02,776905,0.319311,0.297967
2025-08-02,776907,0.317665,0.284362
2025-08-02,776909,0.364057,0.296988
2025-08-02,776910,0.303006,0.339164
2025-08-02,776911,0.362118,0.273523
2025-08-02,776912,0.277092,0.330960
2025-08-03,776881,0.295136,0.287035
2025-08-03,776883,0.309680,0.352777
2025-08-03,776884,0.330808,0.341752
2025-08-03,776885,0.339469,0.282386
2025-08-03,776886,0.337354,0.385040
2025-08-03,776887,0.350062,0.297288
2025-08-03,776888,0.305323,0.258233
2025-08-03,776889,0.299050,0.337156
2025-08-03,776890,0.301306,0.331273
2025-08-03,776891,0.296694,0.338679
2025-08-03,776892,0.286520,0.298092
2025-08-03,776893,0.352023,0.338596
2025-08-03,776894,0.268627,0.361202
2025-08-03,776895,0.349561,0.252361
2025-08-03,776907,0.315796,0.284041
2025-08-04,776867,0.292052,0.282569
2025-08-04,776870,0.317743,0.298145
2025-08-04,776871,0.296512,0.309149
2025-08-04,776872,0.361310,0.310877
2025-08-04,776873,0.341931,0.278179
2025-08-04,776874,0.297245,0.317489
2025-08-04,776875,0.394414,0.340976
2025-08-04,776876,0.297547,0.273130
2025-08-04,776877,0.365177,0.295665
2025-08-04,776878,0.284041,0.279625
2025-08-04,776879,0.328630,0.301099
2025-08-04,776880,0.311645,0.340135
2025-08-04,776882,0.329383,0.304769
2025-08-05,776848,0.317715,0.282742
2025-08-05,776852,0.341645,0.278604
2025-08-05,776854,0.342062,0.406350
2025-08-05,776855,0.233796,0.310416
2025-08-05,776857,0.350363,0.342580
2025-08-05,776858,0.357285,0.298260
2025-08-05,776860,0.284348,0.259874
2025-08-05,776861,0.296297,0.337264
2025-08-05,776862,0.394836,0.340151
2025-08-05,776863,0.292830,0.294867
2025-08-05,776864,0.311125,0.308908
2025-08-05,776865,0.324024,0.380899
2025-08-05,776866,0.328148,0.285678
2025-08-05,776868,0.304133,0.331345
2025-08-05,776869,0.298462,0.305116
2025-08-06,776836,0.326223,0.407479
2025-08-06,776838,0.364629,0.278677
2025-08-06,776839,0.317048,0.281222
2025-08-06,776841,0.362907,0.353126
2025-08-06,776843,0.324065,0.283932
2025-08-06,776844,0.327710,0.285859
2025-08-06,776845,0.234593,0.312377
2025-08-06,776846,0.340150,0.281348
2025-08-06,776847,0.283460,0.300413
2025-08-06,776849,0.364994,0.341253
2025-08-06,776850,0.317535,0.348405
2025-08-06,776851,0.304478,0.331370
2025-08-06,776853,0.281837,0.340559
2025-08-06,776856,0.385765,0.297119
2025-08-06,776859,0.324034,0.299967
2025-08-07,776830,0.339132,0.314356
2025-08-07,776837,0.323230,0.348347
2025-08-07,776840,0.285373,0.338296
2025-08-07,776842,0.340596,0.304843
2025-08-08,776820,0.276065,0.345715
2025-08-08,776821,0.331700,0.309989
2025-08-08,776822,0.352015,0.327447
2025-08-08,776823,0.370167,0.297700
2025-08-08,776824,0.354492,0.352109
2025-08-08,776825,0.405825,0.278731
2025-08-08,776826,0.253885,0.308586
2025-08-08,776827,0.326929,0.324633
2025-08-08,776828,0.281314,0.281746
2025-08-08,776829,0.286135,0.285707
2025-08-08,776831,0.316953,0.304679
2025-08-08,776832,0.284614,0.270049
2025-08-08,776833,0.297504,0.302133
2025-08-08,776834,0.335414,0.304769
2025-08-08,776835,0.394337,0.235132
2025-08-09,776802,0.348522,0.327002
2025-08-09,776805,0.340436,0.352165
2025-08-09,776807,0.275908,0.341531
2025-08-09,776808,0.362154,0.297338
2025-08-09,776809,0.405080,0.278669
2025-08-09,776810,0.331992,0.311653
2025-08-09,776811,0.311724,0.362936
2025-08-09,776812,0.286769,0.285378
2025-08-09,776813,0.285141,0.318284
2025-08-09,776814,0.340246,0.358075
2025-08-09,776815,0.394178,0.313381
2025-08-09,776816,0.320384,0.270657
2025-08-09,776817,0.295141,0.281156
2025-08-09,776818,0.253583,0.275601
2025-08-09,776819,0.340902,0.304170
2025-08-09,778431,0.340902,0.304170
2025-08-10,776788,0.339125,0.280927
2025-08-10,776789,0.276315,0.342143
2025-08-10,776791,0.321364,0.351856
2025-08-10,776793,0.351056,0.332256
2025-08-10,776794,0.402036,
2025-08-10,776795,0.253389,0.320811
2025-08-10,776796,0.292544,0.302610
2025-08-10,776797,0.369948,0.235411
2025-08-10,776798,0.296983,0.338013
2025-08-10,776799,0.272631,0.246055
2025-08-10,776800,0.332484,0.309770
2025-08-10,776801,0.285937,0.282043
2025-08-10,776803,0.390431,0.295151
2025-08-10,776804,0.326721,0.304104
2025-08-10,776806,0.285833,0.318859
2025-08-11,776779,0.266194,0.285385
2025-08-11,776780,0.342627,0.326891
2025-08-11,776781,0.328422,0.337733
2025-08-11,776782,0.275588,0.370047
2025-08-11,776783,0.404441,0.343921
2025-08-11,776784,0.349205,0.325940
2025-08-11,776785,0.278740,0.310121
2025-08-11,776786,0.281376,0.284429
2025-08-11,776787,0.287548,0.305265
2025-08-11,776790,0.341336,0.269040
2025-08-11,776792,0.332618,0.284681
2025-08-12,776762,0.287782,0.318980
2025-08-12,776763,0.297128,0.285400
2025-08-12,776764,0.278742,0.310311
2025-08-12,776767,0.342248,0.343894
2025-08-12,776768,0.253138,0.342923
2025-08-12,776769,0.275946,0.407058
2025-08-12,776770,0.324053,0.319924
2025-08-12,776771,0.342299,0.283645
2025-08-12,776772,,0.322666
2025-08-12,776773,0.284145,0.359840
2025-08-12,776774,0.297145,0.269440
2025-08-12,776775,0.461375,0.303827
2025-08-12,776776,0.352087,0.303909
2025-08-12,776777,0.332427,0.284467
2025-08-12,776778,0.331925,0.297278
2025-08-13,776746,0.278763,0.310398
2025-08-13,776749,0.371113,0.346091
2025-08-13,776751,0.323743,0.350115
2025-08-13,776752,0.296551,0.285070
2025-08-13,776753,0.273126,0.415122
2025-08-13,776754,0.333513,0.361947
2025-08-13,776755,0.311861,0.335867
2025-08-13,776756,0.295422,0.271704
2025-08-13,776757,0.253047,0.342489
2025-08-13,776758,0.406894,0.303028
2025-08-13,776759,0.352641,0.329396
2025-08-13,776760,0.291810,0.269655
2025-08-13,776761,0.352055,0.303706
2025-08-13,776765,0.332611,0.284749
2025-08-13,776766,0.372695,0.306622
2025-08-14,776742,0.278804,0.403899
2025-08-14,776743,0.333333,0.298177
2025-08-14,776744,0.318751,0.308469
2025-08-14,776745,0.339663,0.320864
2025-08-14,776747,0.262961,0.375758
2025-08-14,776748,0.306569,0.271058
2025-08-14,776750,0.356747,0.303647
2025-08-15,776727,0.341473,0.279208
2025-08-15,776728,0.301089,0.324648
2025-08-15,776729,0.324126,0.327006
2025-08-15,776730,0.278650,0.439048
2025-08-15,776731,0.258131,0.308448
2025-08-15,776732,0.351772,0.292840
2025-08-15,776733,0.302596,0.365126
2025-08-15,776734,0.284554,0.335641
2025-08-15,776735,0.304941,0.319077
2025-08-15,776736,0.353353,0.271115
2025-08-15,776737,0.284226,0.257501
2025-08-15,776738,0.287369,0.297132
2025-08-15,776739,0.333424,0.323807
2025-08-15,776740,0.306484,0.284735
2025-08-15,776741,0.339104,0.274221
2025-08-16,776711,0.324382,0.327127
2025-08-16,776712,0.360327,0.298352
2025-08-16,776713,0.233868,0.330557
2025-08-16,776715,0.278521,0.402554
2025-08-16,776716,0.299654,0.309390
2025-08-16,776717,0.340955,0.279364
2025-08-16,776718,0.284563,0.320783
2025-08-16,776719,0.284634,0.253225
2025-08-16,776720,0.311150,0.333941
2025-08-16,776721,0.278399,0.284441
2025-08-16,776722,0.302170,0.394787
2025-08-16,776723,0.281933,0.293760
2025-08-16,776724,0.267072,0.274106
2025-08-16,776725,0.332922,0.323185
2025-08-16,776726,0.353329,0.271173
2025-08-17,776697,0.341271,0.278828
2025-08-17,776698,0.255305,0.326902
2025-08-17,776699,0.284285,0.318812
2025-08-17,776700,0.340659,0.289241
2025-08-17,776701,0.290615,0.406690
2025-08-17,776702,0.359355,0.325174
2025-08-17,776703,0.323632,0.316722
2025-08-17,776704,0.310855,0.253119
2025-08-17,776705,0.346684,0.353081
2025-08-17,776706,0.286376,0.297643
2025-08-17,776707,0.352845,0.271002
2025-08-17,776708,0.332602,0.395638
2025-08-17,776709,0.265000,0.284238
2025-08-17,776710,0.305431,0.276771
2025-08-17,776714,0.331943,0.319316
2025-08-18,776681,0.277226,0.285213
2025-08-18,776682,0.297552,0.278000
2025-08-18,776683,0.327277,0.341469
2025-08-18,776688,0.270560,0.285120
2025-08-18,776689,0.353375,0.332800
2025-08-18,776690,0.304699,0.345715
2025-08-18,776692,0.387686,0.285536
2025-08-18,776693,0.297922,0.381712
2025-08-18,776694,0.328074,0.284088
2025-08-18,776695,0.344387,0.263250
2025-08-18,776696,0.313773,0.286428
2025-08-18,777459,0.299919,0.257177
2025-08-19,776667,0.316858,0.341734
2025-08-19,776668,0.277421,0.285651
2025-08-19,776671,0.278765,0.349432
2025-08-19,776672,0.340073,0.278303
2025-08-19,776674,0.318131,0.329857
2025-08-19,776675,0.374894,0.324400
2025-08-19,776676,0.271409,0.268251
2025-08-19,776677,0.345340,0.403241
2025-08-19,776678,0.270778,0.346889
2025-08-19,776679,0.330876,0.314481
2025-08-19,776680,0.353413,0.332464
2025-08-19,776684,0.346022,0.275672
2025-08-19,776685,0.371140,0.306878
2025-08-19,776686,0.270526,0.269629
2025-08-19,776687,0.270290,0.286573
2025-08-19,776691,0.297953,0.268251
2025-08-20,776652,0.323771,0.330877
2025-08-20,776656,0.327716,0.340824
2025-08-20,776658,,0.278000
2025-08-20,776659,0.293794,0.322742
2025-08-20,776660,0.253185,0.404117
2025-08-20,776661,0.347209,0.355787
2025-08-20,776662,0.353436,0.332970
2025-08-20,776663,0.283123,0.268522
2025-08-20,776664,0.293004,0.324275
2025-08-20,776665,0.317831,0.300360
2025-08-20,776666,0.299133,0.323645
2025-08-20,776669,0.272079,0.286604
2025-08-20,776670,0.299529,0.273733
2025-08-20,776673,0.370843,0.310629
2025-08-21,776631,0.270923,0.387749
2025-08-21,776642,0.316275,0.341294
2025-08-21,776644,0.286760,0.404470
2025-08-21,776650,0.293682,0.347028
2025-08-21,776651,0.282718,0.253623
2025-08-21,776653,0.302861,0.302464
2025-08-21,776654,0.275219,0.270131
2025-08-21,776655,0.370877,0.311153
2025-08-21,776657,0.340352,0.317936
2025-08-22,776633,0.290407,0.362158
2025-08-22,776634,0.326575,0.305938
2025-08-22,776635,0.320078,0.277905
2025-08-22,776636,0.277886,0.342065
2025-08-22,776637,0.384735,0.341678
2025-08-22,776638,0.317324,0.353708
2025-08-22,776639,0.286375,0.269856
2025-08-22,776640,0.278399,0.285881
2025-08-22,776641,0.340396,0.303385
2025-08-22,776643,0.370807,0.310744
2025-08-22,776645,0.293455,0.286716
2025-08-22,776646,0.346758,0.275631
2025-08-22,776647,0.259353,0.232151
2025-08-22,776648,0.340040,0.332355
2025-08-22,776649,0.343523,0.331969
2025-08-23,776617,0.277494,0.341856
2025-08-23,776618,0.253922,0.293076
2025-08-23,776619,0.286360,0.305485
2025-08-23,776620,0.317824,0.353550
2025-08-23,776621,0.308514,0.283557
2025-08-23,776622,,0.299017
2025-08-23,776623,0.333571,0.339029
2025-08-23,776625,0.323231,0.319432
2025-08-23,776626,0.279716,0.286987
2025-08-23,776627,,0.284488
2025-08-23,776628,0.339318,0.350060
2025-08-23,776629,0.370996,0.318223
2025-08-23,776630,0.346318,0.278546
2025-08-23,776632,0.380576,0.337079
2025-08-24,776602,0.375326,0.331688
2025-08-24,776603,0.295387,0.341433
2025-08-24,776605,0.253983,0.275771
2025-08-24,776606,0.300274,0.326398
2025-08-24,776607,0.349986,0.309687
2025-08-24,776608,0.325872,0.272200
2025-08-24,776609,0.322886,0.278574
2025-08-24,776610,0.382856,0.354228
2025-08-24,776611,0.292346,0.302502
2025-08-24,776612,0.370698,0.317449
2025-08-24,776613,0.331590,0.332807
2025-08-24,776614,0.339929,0.284152
2025-08-24,776615,0.320959,0.335081
2025-08-24,776616,0.296564,0.256475
2025-08-24,776624,0.279597,0.286587
2025-08-25,776589,0.339999,0.307694
2025-08-25,776590,0.303641,0.359649
2025-08-25,776592,0.290899,0.302705
2025-08-25,776593,0.278361,0.305307
2025-08-25,776594,0.322909,0.295324
2025-08-25,776595,0.341740,0.353812
2025-08-25,776596,0.337903,0.314495
2025-08-25,776597,0.351712,0.232491
2025-08-25,776598,0.332525,0.365874
2025-08-25,776599,0.343658,0.257927
2025-08-25,776600,0.286829,0.284431
2025-08-25,776601,0.322296,0.340918
2025-08-25,776604,0.275144,0.311016
2025-08-26,776573,0.327550,0.317706
2025-08-26,776574,0.333895,0.295497
2025-08-26,776575,0.327546,0.300632
2025-08-26,776576,0.294778,0.326537
2025-08-26,776577,0.342338,0.353978
2025-08-26,776578,0.307186,0.300172
2025-08-26,776581,0.287334,0.284850
2025-08-26,776582,0.298501,0.292940
2025-08-26,776583,0.318008,0.269159
2025-08-26,776584,0.325280,0.314076
2025-08-26,776585,0.332610,0.292158
2025-08-26,776586,0.278175,0.335312
2025-08-26,776587,0.383763,0.370767
2025-08-26,776588,0.351419,0.312189
2025-08-26,776591,0.275824,0.315828
2025-08-27,776557,0.335845,0.340302
2025-08-27,776559,0.281408,0.318130
2025-08-27,776561,0.320403,0.354077
2025-08-27,776562,0.323347,0.296714
2025-08-27,776563,0.273889,0.391893
2025-08-27,776565,0.293448,0.295257
2025-08-27,776566,0.333376,0.278949
2025-08-27,776567,0.331595,0.308967
2025-08-27,776568,0.307252,0.299604
2025-08-27,776569,0.316738,0.378161
2025-08-27,776570,0.332176,0.284590
2025-08-27,776571,0.334521,0.346780
2025-08-27,776572,0.288381,0.299127
2025-08-27,776579,0.296150,0.303561
2025-08-27,776580,0.321820,0.306840
2025-08-28,776550,0.259903,0.326480
2025-08-28,776553,0.279457,0.325600
2025-08-28,776554,0.285386,0.312951
2025-08-28,776555,0.351355,0.370640
2025-08-28,776556,0.232223,0.292673
2025-08-28,776558,0.229938,0.278703
2025-08-28,776560,0.333237,0.336692
2025-08-28,776564,0.296548,0.316748
2025-08-29,776533,0.379893,0.307814
2025-08-29,776534,0.279341,0.295413
2025-08-29,776538,0.384169,0.315319
2025-08-29,776540,0.294470,0.324269
2025-08-29,776541,0.342909,0.293655
2025-08-29,776542,0.253909,0.358711
2025-08-29,776543,0.275487,0.379034
2025-08-29,776544,0.266827,0.314780
2025-08-29,776545,0.324147,0.323781
2025-08-29,776546,0.305245,0.308612
2025-08-29,776547,0.353520,0.297994
2025-08-29,776548,0.280719,0.349395
2025-08-29,776549,0.334536,0.275994
2025-08-29,776551,,0.322472
2025-08-29,776552,0.285649,0.333424
2025-08-30,776516,0.383508,0.326852
2025-08-30,776523,0.279024,0.276981
2025-08-30,776524,0.304913,0.335872
2025-08-30,776525,0.321855,0.347482
2025-08-30,776526,0.253168,0.382933
2025-08-30,776527,0.331126,0.332035
2025-08-30,776528,0.317755,0.367559
2025-08-30,776529,0.258735,0.347129
2025-08-30,776530,0.358246,0.290364
2025-08-30,776531,0.286049,0.379366
2025-08-30,776532,0.286075,0.333617
2025-08-30,776535,0.330321,0.278615
2025-08-30,776536,0.282882,0.322250
2025-08-30,776537,0.353188,0.297893
2025-08-30,776539,0.306812,0.276001
2025-08-31,776507,0.321080,0.326530
2025-08-31,776508,0.304822,0.345291
2025-08-31,776509,0.279038,0.294943
2025-08-31,776510,0.287422,0.380018
2025-08-31,776511,0.252646,0.417397
2025-08-31,776512,0.317408,0.318052
2025-08-31,776513,0.349584,0.341454
2025-08-31,776514,0.311526,0.324159
2025-08-31,776515,0.331505,0.293673
2025-08-31,776517,0.262561,0.277149
2025-08-31,776518,0.291984,0.321498
2025-08-31,776519,0.287260,0.269110
2025-08-31,776520,0.355085,0.329908
2025-08-31,776521,0.353354,0.297848
2025-08-31,776522,0.286178,0.333575
2025-09-01,776492,0.333640,0.381667
2025-09-01,776494,0.322427,0.340607
2025-09-01,776495,0.318078,0.279250
2025-09-01,776497,0.345295,0.310969
2025-09-01,776498,0.332356,0.321868
2025-09-01,776499,0.316704,0.377969
2025-09-01,776500,0.372424,0.330261
2025-09-01,776501,0.278788,0.288936
2025-09-01,776502,0.356416,0.304457
2025-09-01,776503,0.310159,0.321801
2025-09-01,776504,0.353255,0.322280
2025-09-01,776505,0.298271,0.297113
2025-09-01,776506,0.286509,0.253867
2025-09-02,776480,0.322405,0.341830
2025-09-02,776481,0.304803,0.279067
2025-09-02,776482,0.284445,0.338342
2025-09-02,776483,0.286818,0.291866
2025-09-02,776484,0.394744,0.311214
2025-09-02,776485,0.353338,0.321915
2025-09-02,776486,0.343930,0.382029
2025-09-02,776487,0.318434,0.327563
2025-09-02,776488,0.338076,0.318498
2025-09-02,776489,0.311328,0.371286
2025-09-02,776490,0.320723,0.356012
2025-09-02,776491,0.292508,0.321082
2025-09-02,776493,0.341429,0.306701
2025-09-02,776496,0.295420,0.333715
2025-09-03,776465,0.364410,0.341710
2025-09-03,776466,0.291440,0.343628
2025-09-03,776467,0.333736,0.403298
2025-09-03,776468,0.325395,0.279306
2025-09-03,776469,0.355439,0.279653
2025-09-03,776470,0.335260,0.283212
2025-09-03,776471,0.333508,0.329856
2025-09-03,776472,0.268217,0.413107
2025-09-03,776473,0.318779,0.298645
2025-09-03,776474,0.341760,0.273988
2025-09-03,776475,0.313763,0.380863
2025-09-03,776476,0.353555,0.322002
2025-09-03,776477,0.284950,0.314747
2025-09-03,776478,0.278291,0.331437
2025-09-03,776479,0.265306,0.306111
2025-09-04,776458,0.299296,0.325728
2025-09-04,776459,0.333206,0.305785
2025-09-04,776461,0.295322,0.334009
2025-09-04,776462,0.316738,0.252751
2025-09-04,776463,0.273863,0.324029
2025-09-04,776464,0.258462,0.379121
2025-09-05,776442,0.312855,0.383023
2025-09-05,776444,0.318459,0.286806
2025-09-05,776445,0.326862,0.285979
2025-09-05,776446,0.297623,0.295838
2025-09-05,776448,0.331204,0.279452
2025-09-05,776449,0.379340,0.320448
2025-09-05,776450,0.278186,0.321427
2025-09-05,776451,0.342618,0.306040
2025-09-05,776452,0.331832,0.279758
2025-09-05,776453,0.320681,0.352543
2025-09-05,776454,0.294976,0.321429
2025-09-05,776455,0.321761,0.267487
2025-09-05,776456,0.335495,
2025-09-05,776457,0.291253,0.232782
2025-09-05,776460,0.353869,0.324082
2025-09-06,776424,0.297044,0.279904
2025-09-06,776430,0.316206,0.331544
2025-09-06,776431,0.341384,0.383219
2025-09-06,776432,0.386253,0.281132
2025-09-06,776433,0.315495,0.302259
2025-09-06,776434,0.243825,
2025-09-06,776435,0.355331,0.304344
2025-09-06,776436,0.308987,0.232895
2025-09-06,776437,0.307117,0.285957
2025-09-06,776438,0.342875,0.323551
2025-09-06,776439,0.268192,0.321462
2025-09-06,776440,,0.267625
2025-09-06,776441,0.332453,0.323698
2025-09-06,776443,,0.322013
2025-09-06,776447,0.373021,0.324050
2025-09-07,776414,0.344314,0.250128
2025-09-07,776415,0.308251,0.279425
2025-09-07,776416,0.326716,0.286076
2025-09-07,776417,0.355707,0.361021
2025-09-07,776418,0.381320,0.361074
2025-09-07,776419,0.283009,0.342674
2025-09-07,776420,,0.291781
2025-09-07,776421,0.342874,0.326435
2025-09-07,776422,0.289261,0.289517
2025-09-07,776423,0.308338,0.267380
2025-09-07,776425,0.344508,0.313845
2025-09-07,776426,0.329876,0.287378
2025-09-07,776427,0.295676,0.365294
2025-09-07,776428,0.352327,0.330109
2025-09-07,776429,0.293155,0.321094
2025-09-08,776399,0.279848,0.326545
2025-09-08,776400,0.301159,0.353327
2025-09-08,776405,0.315837,0.328254
2025-09-08,776406,0.330040,0.312481
2025-09-08,776407,0.320687,0.340865
2025-09-08,776408,0.356674,0.295215
2025-09-08,776409,0.284743,
2025-09-08,776410,0.331295,0.316836
2025-09-08,776411,0.251665,0.343010
2025-09-08,776412,0.266855,0.323869
2025-09-08,776413,0.315743,0.300391
2025-09-09,776388,0.323830,0.322531
2025-09-09,776389,0.384137,0.295257
2025-09-09,776390,0.336172,0.282196
2025-09-09,776391,0.301021,0.353156
2025-09-09,776392,0.338007,0.313489
2025-09-09,776393,0.349476,0.290971
2025-09-09,776394,0.280260,0.333389
2025-09-09,776395,0.330670,0.302760
2025-09-09,776396,0.311085,0.316658
2025-09-09,776397,0.321459,0.287659
2025-09-09,776398,0.354422,0.277808
2025-09-09,776401,0.307081,0.321993
2025-09-09,776402,0.267009,0.323974
2025-09-09,776403,0.317870,0.342362
2025-09-09,776404,0.277688,0.329946
2025-09-10,776373,0.323700,0.353127
2025-09-10,776374,0.301553,0.327467
2025-09-10,776375,0.330670,0.314026
2025-09-10,776376,0.294273,0.273439
2025-09-10,776377,0.320817,0.340696
2025-09-10,776378,0.323524,0.323703
2025-09-10,776379,0.327543,0.359775
2025-09-10,776380,0.352236,0.298123
2025-09-10,776381,0.291898,0.287378
2025-09-10,776382,0.318126,0.310498
2025-09-10,776383,0.324755,0.277843
2025-09-10,776384,0.332810,0.324520
2025-09-10,776385,0.348582,0.303156
2025-09-10,776386,0.335874,0.281917
2025-09-10,776387,0.306880,0.306885
2025-09-11,776362,0.285955,0.353580
2025-09-11,776364,0.358296,0.285871
2025-09-11,776365,0.384396,0.338398
2025-09-11,776367,0.427283,0.287444
2025-09-11,776368,0.300078,0.293559
2025-09-11,776369,0.348349,0.303158
2025-09-11,776370,0.323664,0.303026
2025-09-11,776371,0.278098,0.329424
2025-09-11,776372,0.283258,0.286844
2025-09-12,776345,0.304148,0.353573
2025-09-12,776350,0.294760,0.327691
2025-09-12,776351,0.307411,0.335306
2025-09-12,776352,0.309538,0.273234
2025-09-12,776353,0.321765,0.317808
2025-09-12,776354,0.343507,0.329953
2025-09-12,776355,0.301668,0.293968
2025-09-12,776356,0.317531,0.332872
2025-09-12,776357,0.353240,0.341270
2025-09-12,776358,0.320594,0.310750
2025-09-12,776359,0.298933,0.278546
2025-09-12,776360,0.323811,0.293751
2025-09-12,776361,0.323149,0.341273
2025-09-12,776363,0.258040,0.330890
2025-09-12,776366,0.270254,0.289932
2025-09-13,776328,0.294825,0.327837
2025-09-13,776333,0.248198,0.353948
2025-09-13,776336,0.283685,0.335416
2025-09-13,776337,0.280237,0.294508
2025-09-13,776338,0.325037,0.273068
2025-09-13,776339,0.327027,0.332838
2025-09-13,776340,0.319931,0.310204
2025-09-13,776341,0.399477,0.357097
2025-09-13,776342,0.343780,0.330828
2025-09-13,776343,0.256706,0.295815
2025-09-13,776344,0.258502,0.351049
2025-09-13,776346,0.348313,0.287703
2025-09-13,776347,0.307946,0.327749
2025-09-13,776348,0.292762,0.361535
2025-09-13,776349,0.301924,0.278604
2025-09-14,776317,0.324896,
2025-09-14,776320,0.300367,0.328074
2025-09-14,776321,0.339756,0.303998
2025-09-14,776322,0.310364,0.322107
2025-09-14,776323,0.407150,0.342872
2025-09-14,776324,0.280201,0.304068
2025-09-14,776325,0.337644,0.342911
2025-09-14,776326,0.299704,0.330640
2025-09-14,776327,0.319871,0.333913
2025-09-14,776329,0.347980,0.288214
2025-09-14,776330,0.294451,0.331397
2025-09-14,776331,0.324455,0.340860
2025-09-14,776332,0.296195,0.306781
2025-09-14,776334,0.344156,0.330574
2025-09-14,776335,0.301793,0.279042
2025-09-15,776309,0.306839,0.281073
2025-09-15,776311,0.330589,0.289782
2025-09-15,776312,0.350622,0.317143
2025-09-15,776313,0.266918,0.271569
2025-09-15,776314,0.307560,0.325749
2025-09-15,776315,0.289327,0.336865
2025-09-15,776316,0.303422,0.325706
2025-09-15,776318,0.304310,0.305927
2025-09-15,776319,0.326289,0.337668
2025-09-16,776293,0.307694,0.385538
2025-09-16,776294,0.327460,0.280831
2025-09-16,776295,0.275270,0.330477
2025-09-16,776297,0.331098,0.297656
2025-09-16,776298,0.257160,0.297031
2025-09-16,776300,0.304914,0.310342
2025-09-16,776301,0.298520,0.372412
2025-09-16,776302,0.353257,0.323688
2025-09-16,776303,0.340376,0.324265
2025-09-16,776304,0.340472,0.278921
2025-09-16,776305,0.303832,0.327363
2025-09-16,776306,0.344197,0.298094
2025-09-16,776307,0.288976,0.302559
2025-09-16,776308,0.303950,0.305404
2025-09-16,776310,0.333154,0.351872
2025-09-16,777825,0.288976,0.336856
2025-09-17,776277,0.261755,0.353450
2025-09-17,776279,0.334056,0.280589
2025-09-17,776280,0.331015,0.298128
2025-09-17,776283,0.319383,0.300663
2025-09-17,776284,0.255856,0.296734
2025-09-17,776285,0.301220,0.289432
2025-09-17,776286,0.288112,0.322131
2025-09-17,776287,0.303723,0.298980
2025-09-17,776288,0.340370,0.278860
2025-09-17,776289,0.353088,0.323547
2025-09-17,776290,0.304589,0.357481
2025-09-17,776291,0.283936,0.329781
2025-09-17,776292,0.340308,0.379957
2025-09-17,776296,0.299123,0.325358
2025-09-17,776299,0.317441,0.331568
2025-09-18,776269,0.304844,0.326942
2025-09-18,776270,0.284758,0.384729
2025-09-18,776271,0.327648,0.295295
2025-09-18,776272,0.353566,0.349525
2025-09-18,776274,0.249594,0.328354
2025-09-18,776275,0.339743,0.296095
2025-09-18,776276,0.340000,0.278482
2025-09-18,776278,0.322203,0.344352
2025-09-18,776281,0.303873,0.331582
2025-09-18,776282,0.303206,0.300303
2025-09-19,776251,0.310646,0.365607
2025-09-19,776253,0.263241,0.385046
2025-09-19,776255,0.331489,0.280417
2025-09-19,776256,0.326981,0.298123
2025-09-19,776259,0.321999,0.278258
2025-09-19,776260,0.335093,0.295374
2025-09-19,776261,0.342250,0.332691
2025-09-19,776262,0.354089,0.331875
2025-09-19,776263,0.339208,0.273647
2025-09-19,776264,0.339826,0.298270
2025-09-19,776265,0.329043,0.317148
2025-09-19,776266,0.303536,0.322512
2025-09-19,776267,0.291494,0.349729
2025-09-19,776268,0.289497,0.320293
2025-09-19,776273,0.283986,0.302293
2025-09-20,776233,0.326897,0.295837
2025-09-20,776241,0.289069,0.385048
2025-09-20,776242,0.298120,0.328325
2025-09-20,776243,0.405023,0.289580
2025-09-20,776244,0.328810,0.316303
2025-09-20,776245,0.325489,0.338172
2025-09-20,776246,0.331627,0.280135
2025-09-20,776247,0.331726,0.326535
2025-09-20,776248,0.354385,0.331853
2025-09-20,776250,0.339864,0.296707
2025-09-20,776252,0.345111,0.277702
2025-09-20,776254,0.303894,0.314791
2025-09-20,776257,0.232890,0.301908
2025-09-20,776258,0.289495,0.324726
2025-09-20,777839,0.339424,0.296169
2025-09-21,776225,0.303238,0.308809
2025-09-21,776226,0.298271,0.295572
2025-09-21,776227,0.332252,0.295427
2025-09-21,776228,0.353975,0.336622
2025-09-21,776229,0.295758,0.323877
2025-09-21,776230,0.331421,0.280689
2025-09-21,776231,0.322567,0.348484
2025-09-21,776232,0.277055,0.441119
2025-09-21,776234,0.350568,0.345200
2025-09-21,776235,0.339877,0.296132
2025-09-21,776236,0.331532,0.327330
2025-09-21,776237,0.316863,0.269580
2025-09-21,776238,0.289725,0.297962
2025-09-21,776239,0.291812,0.304560
2025-09-21,776240,0.267567,0.255462
2025-09-22,776220,0.300000,0.327111
2025-09-22,776221,0.340227,0.288994
2025-09-22,776222,0.329071,0.375378
2025-09-23,776207,0.316835,0.249287
2025-09-23,776208,0.336578,0.320673
2025-09-23,776209,0.277904,0.292006
2025-09-23,776210,0.305058,0.336050
2025-09-23,776211,0.299772,0.332477
2025-09-23,776212,0.385501,0.354118
2025-09-23,776213,0.296131,0.281463
2025-09-23,776214,0.329169,0.340630
2025-09-23,776215,0.258824,0.347332
2025-09-23,776216,0.292809,0.268339
2025-09-23,776217,0.331306,0.296196
2025-09-23,776218,0.305507,0.297736
2025-09-23,776219,0.302521,0.287812
2025-09-23,776223,0.319444,0.303088
2025-09-23,776224,0.316273,0.350021
2025-09-24,776192,0.332124,0.358527
2025-09-24,776193,0.295773,0.281803
2025-09-24,776194,0.381583,
2025-09-24,776195,0.336620,0.320634
2025-09-24,776196,0.315739,0.318083
2025-09-24,776197,0.316938,0.266917
2025-09-24,776198,0.329503,0.375382
2025-09-24,776199,0.286329,0.268019
2025-09-24,776200,0.338622,0.287240
2025-09-24,776201,0.366812,0.347355
2025-09-24,776202,0.285446,0.304733
2025-09-24,776203,0.360557,0.275642
2025-09-24,776204,0.296382,0.285437
2025-09-24,776205,0.278274,0.303855
2025-09-24,776206,0.331827,0.354237
2025-09-25,776178,0.317468,0.263121
2025-09-25,776179,0.367415,0.331897
2025-09-25,776182,0.368736,0.336243
2025-09-25,776183,0.296984,0.357354
2025-09-25,776184,0.321815,0.267449
2025-09-25,776185,0.263211,0.293722
2025-09-25,776186,0.331872,0.304585
2025-09-25,776187,0.278549,0.309583
2025-09-25,776188,0.301824,0.332800
2025-09-25,776189,0.276024,0.297912
2025-09-25,776190,0.334870,0.315874
2025-09-25,776191,0.360660,0.276358
2025-09-26,776165,0.291161,0.338339
2025-09-26,776166,0.401078,0.314178
2025-09-26,776167,0.342066,0.320225
2025-09-26,776168,0.297608,0.354583
2025-09-26,776169,0.336096,0.249377
2025-09-26,776170,0.282227,0.339993
2025-09-26,776171,0.315454,0.329999
2025-09-26,776172,0.324179,0.320764
2025-09-26,776173,0.270114,0.301793
2025-09-26,776174,0.302608,0.308000
2025-09-26,776175,0.357398,0.289745
2025-09-26,776176,0.326265,0.333273
2025-09-26,776177,0.328716,0.304938
2025-09-26,776180,0.334678,0.287367
2025-09-26,776181,0.302995,0.331281
2025-09-27,776146,0.407862,0.328780
2025-09-27,776150,0.339026,0.354462
2025-09-27,776152,0.291342,0.363818
2025-09-27,776153,0.350474,0.329547
2025-09-27,776154,0.323898,0.321184
2025-09-27,776155,0.328198,
2025-09-27,776156,0.282853,0.295688
2025-09-27,776157,0.284827,0.293734
2025-09-27,776158,0.385374,0.339122
2025-09-27,776159,0.399881,0.304541
2025-09-27,776160,0.291384,0.322697
2025-09-27,776161,0.278991,0.306616
2025-09-27,776162,0.302817,0.233999
2025-09-27,776163,0.304979,0.333183
2025-09-27,776164,0.299178,0.303626
2025-09-28,776135,0.343487,0.371209
2025-09-28,776136,0.305484,0.321651
2025-09-28,776137,0.412359,0.346081
2025-09-28,776138,0.334264,0.359072
2025-09-28,776139,0.292605,
2025-09-28,776140,0.303074,0.257978
2025-09-28,776141,0.306194,0.326830
2025-09-28,776142,0.287171,0.345443
2025-09-28,776143,0.290970,0.338730
2025-09-28,776144,0.345292,0.329642
2025-09-28,776145,0.319869,0.326126
2025-09-28,776147,0.384203,0.339119
2025-09-28,776148,0.278402,0.301860
2025-09-28,776149,0.302216,0.286669
2025-09-28,776151,0.282974,0.331233
2025-09-30,813066,,
2025-09-30,813069,,
2025-09-30,813072,,
2025-09-30,813074,,
2026-04-01,822835,0.396424,0.306572
2026-04-01,823078,0.307395,0.326341
2026-04-01,823157,0.266858,0.355011
2026-04-01,823321,0.328488,0.332906
2026-04-01,823483,0.360025,0.334121
2026-04-01,823806,0.342845,0.302172
2026-04-01,823889,0.337096,0.299758
2026-04-01,823970,0.339131,0.260317
2026-04-01,824136,0.262715,0.326311
2026-04-01,824211,0.344629,0.343915
2026-04-01,824536,0.398585,0.285815
2026-04-01,824698,0.313024,0.293861
2026-04-01,824860,0.290322,0.281430
2026-04-01,824940,0.363485,0.302091
2026-04-01,825106,0.266819,0.282564
2026-04-02,823242,0.307751,0.328860
2026-04-02,824133,0.306240,0.316151
2026-04-02,824621,0.315457,0.277005
2026-04-02,825105,0.325847,
2026-04-03,822758,0.261083,0.335666
2026-04-03,822919,0.297350,0.290469
2026-04-03,823240,0.358755,0.340592
2026-04-03,823406,0.281092,0.393435
2026-04-03,823568,0.301347,0.266707
2026-04-03,823732,0.354734,0.300465
2026-04-03,824056,0.346357,0.283933
2026-04-03,824134,0.322289,0.316404
2026-04-03,824299,0.361823,0.306277
2026-04-03,824377,0.319987,0.418242
2026-04-03,824458,0.293837,0.293491
2026-04-03,824621,0.315457,0.277005
2026-04-03,824786,0.333172,0.326205
2026-04-03,825026,0.363185,0.322789
2026-04-03,825103,0.321495,0.283358
2026-04-04,822757,0.282823,0.356891
2026-04-04,822920,0.286823,0.290939
2026-04-04,823239,0.340469,0.328257
2026-04-04,823404,0.280933,0.344864
2026-04-04,823569,0.311617,0.266040
2026-04-04,823730,0.310609,0.264978
2026-04-04,824054,0.373540,0.283778
2026-04-04,824132,0.326623,0.316404
2026-04-04,824134,0.322289,0.316404
2026-04-04,824295,0.350602,0.272208
2026-04-04,824378,0.335009,
2026-04-04,824460,0.353338,0.338501
2026-04-04,824622,0.307400,0.278480
2026-04-04,824782,0.342695,
2026-04-04,825027,0.326055,0.315928
2026-04-04,825104,0.301653,0.283242
2026-04-05,822756,0.321998,0.315292
2026-04-05,822917,0.286409,0.291022
2026-04-05,823238,0.360101,0.322688
2026-04-05,823405,0.280813,0.344270
2026-04-05,823566,0.317339,0.265742
2026-04-05,823729,0.309774,0.313579
2026-04-05,824053,0.374681,0.327597
2026-04-05,824131,0.326285,0.316902
2026-04-05,824296,0.338200,0.270242
2026-04-05,824379,0.334778,0.439996
2026-04-05,824459,0.268386,0.287652
2026-04-05,824460,0.353338,0.338501
2026-04-05,824620,0.307749,0.311210
2026-04-05,824781,0.344908,0.327902
2026-04-05,825025,0.349672,0.322200
2026-04-05,825102,0.301350,0.283318
2026-04-06,822755,0.330340,0.340010
2026-04-06,822832,0.277813,
2026-04-06,822918,0.355520,0.291400
2026-04-06,823002,0.293811,0.309048
2026-04-06,823237,0.334800,0.322494
2026-04-06,823401,0.345057,0.344051
2026-04-06,823728,0.279604,0.277980
2026-04-06,823886,0.286277,0.317224
2026-04-06,824052,0.301981,0.366451
2026-04-06,824376,0.376685,0.442039
2026-04-06,824456,0.316612,0.280144
2026-04-06,824619,0.280915,0.264203
2026-04-06,824783,0.301986,0.291548
2026-04-07,822754,0.319239,0.356594
2026-04-07,822831,0.269611,0.298573
2026-04-07,822916,0.355610,0.292073
2026-04-07,822999,0.298899,0.325453
2026-04-07,823235,0.334621,0.322099
2026-04-07,823402,0.344955,0.343741
2026-04-07,823567,0.321781,0.265486
2026-04-07,823648,0.283641,0.379458
2026-04-07,823727,0.268907,0.277134
2026-04-07,823887,0.286304,0.312709
2026-04-07,824051,0.323410,0.283869
2026-04-07,824375,0.376739,0.442388
2026-04-07,824457,0.297278,0.301158
2026-04-07,824618,0.281180,0.318547
2026-04-07,824780,0.326910,0.307354
2026-04-08,822753,0.315789,0.306587
2026-04-08,822833,0.269862,0.298855
2026-04-08,822915,0.375735,0.292273
2026-04-08,823000,0.299218,0.308669
2026-04-08,823234,0.334470,0.322361
2026-04-08,823403,0.344810,0.344117
2026-04-08,823564,0.321903,0.265368
2026-04-08,823646,0.284189,0.341552
2026-04-08,823726,0.271745,0.311279
2026-04-08,823885,0.286207,0.301818
2026-04-08,824050,0.323163,0.284349
2026-04-08,824374,0.376736,0.325043
2026-04-08,824455,0.316670,0.338883
2026-04-08,824617,0.278938,0.258517
2026-04-08,824779,0.288809,0.283690
2026-04-09,823319,0.338123,0.327663
2026-04-09,823565,0.322521,0.343720
2026-04-09,823645,0.295540,0.364783
2026-04-09,823724,0.290456,0.325983
2026-04-09,823884,0.286361,0.300438
2026-04-09,824130,0.260913,0.316311
2026-04-10,822829,0.277801,0.298668
2026-04-10,822997,0.282669,0.339672
2026-04-10,823076,0.308257,0.317366
2026-04-10,823156,0.376700,0.342742
2026-04-10,823318,0.355268,0.345240
2026-04-10,823482,0.294801,0.334341
2026-04-10,823643,0.315381,0.349308
2026-04-10,823808,0.317827,0.301191
2026-04-10,823968,0.339259,0.269670
2026-04-10,824128,0.255014,0.316434
2026-04-10,824297,0.300204,0.287597
2026-04-10,824534,0.351206,0.287022
2026-04-10,824695,0.366669,0.299484
2026-04-10,824858,0.322064,0.278910
2026-04-10,824941,0.272591,0.303947
2026-04-11,822830,0.278066,0.308273
2026-04-11,822996,0.266481,0.284122
2026-04-11,823074,0.291086,0.313835
2026-04-11,823155,0.314016,0.342304
2026-04-11,823316,0.381367,0.345464
2026-04-11,823480,0.284676,0.334341
2026-04-11,823644,0.315197,0.333173
2026-04-11,823805,0.337564,0.325290
2026-04-11,823967,0.339301,0.270234
2026-04-11,824129,0.277661,0.316605
2026-04-11,824294,0.301198,0.316131
2026-04-11,824535,0.313741,0.287269
2026-04-11,824697,0.394537,0.322191
2026-04-11,824857,0.329767,0.280573
2026-04-11,824939,0.338047,0.324723
2026-04-12,822828,0.268278,0.351628
2026-04-12,822998,0.234739,0.339039
2026-04-12,823075,0.290981,0.316020
2026-04-12,823154,0.341156,0.355520
2026-04-12,823317,0.358599,0.345204
2026-04-12,823479,0.302784,0.334643
2026-04-12,823642,0.315069,0.332288
2026-04-12,823804,0.335136,0.296992
2026-04-12,823966,0.279868,0.297185
2026-04-12,824126,0.254896,0.316638
2026-04-12,824293,0.302118,0.280933
2026-04-12,824533,0.367061,0.287070
2026-04-12,824696,0.344269,0.353792
2026-04-12,824859,0.304027,0.280762
2026-04-12,824938,0.363576,0.304224
2026-04-13,823073,0.338365,0.312263
2026-04-13,823153,0.341170,0.355682
2026-04-13,823400,0.376315,0.360379
2026-04-13,823481,0.316806,0.351777
2026-04-13,823563,0.283539,0.298325
2026-04-13,823725,0.292094,0.265497
2026-04-13,823964,0.354630,0.270613
2026-04-13,824856,0.284672,0.280660
2026-04-13,824937,0.302759,0.304755
2026-04-13,825024,0.291266,0.308871
2026-04-14,823072,0.272438,0.311847
2026-04-14,823315,0.355974,0.345131
2026-04-14,823398,0.373989,0.324658
2026-04-14,823478,0.300106,0.334187
2026-04-14,823562,0.313406,0.334582
2026-04-14,823723,0.274759,0.301674
2026-04-14,823802,0.351574,0.302220
2026-04-14,823965,0.333208,0.270883
2026-04-14,824210,0.385823,0.340831
2026-04-14,824292,0.296851,0.276301
2026-04-14,824531,0.321657,0.294805
2026-04-14,824616,0.320346,0.254594
2026-04-14,824853,0.304004,0.280645
2026-04-14,824935,0.302411,0.303989
2026-04-14,825022,0.303673,0.338752
2026-04-15,823071,0.270820,0.313394
2026-04-15,823314,0.355729,0.341008
2026-04-15,823399,0.313760,0.343507
2026-04-15,823477,0.287992,0.346419
2026-04-15,823561,0.284833,0.280391
2026-04-15,823722,0.336926,0.293843
2026-04-15,823803,0.292509,0.302258
2026-04-15,823963,0.335378,0.278948
2026-04-15,824209,0.332895,0.311502
2026-04-15,824291,0.316944,0.277487
2026-04-15,824532,0.354116,0.286360
2026-04-15,824615,0.366659,0.281521
2026-04-15,824855,0.285212,0.280604
2026-04-15,824936,0.293282,0.304526
2026-04-15,825021,0.292466,0.313540
2026-04-16,823313,0.355235,0.345111
2026-04-16,823396,0.336579,0.368822
2026-04-16,823560,0.314473,0.267800
2026-04-16,823801,0.292338,0.318694
2026-04-16,824208,0.332532,0.341195
2026-04-16,824289,0.316715,0.297457
2026-04-16,824453,0.280056,0.269050
2026-04-16,824530,0.338623,0.293557
2026-04-16,824614,0.338151,0.250810
2026-04-16,825023,0.331572,0.322174
2026-04-17,822752,0.322352,0.337426
2026-04-17,823152,0.292385,0.314177
2026-04-17,823397,0.339870,0.343225
2026-04-17,823476,0.304875,0.334701
2026-04-17,823559,0.317495,0.267922
2026-04-17,823720,0.285940,0.275647
2026-04-17,823883,0.301685,0.301094
2026-04-17,824048,0.328205,0.283987
2026-04-17,824207,0.310078,0.348389
2026-04-17,824373,0.271419,0.351206
2026-04-17,824454,0.280143,0.269733
2026-04-17,824693,0.315645,0.299917
2026-04-17,824778,0.261953,0.304603
2026-04-17,825019,0.273852,0.332372
2026-04-17,825101,0.318996,0.285592
2026-04-18,822751,0.322433,0.327713
2026-04-18,823151,0.292341,0.342581
2026-04-18,823394,0.367044,0.343350
2026-04-18,823474,0.325379,0.334523
2026-04-18,823558,0.307248,0.360223
2026-04-18,823721,0.283528,0.303790
2026-04-18,823882,0.301537,0.300939
2026-04-18,824049,0.345288,0.332465
2026-04-18,824206,0.309484,0.348567
2026-04-18,824372,0.299028,0.348673
2026-04-18,824451,0.279915,0.268188
2026-04-18,824694,0.361470,0.299879
2026-04-18,824775,0.288835,0.282696
2026-04-18,825020,0.311687,0.320456
2026-04-18,825098,0.362168,0.286137
2026-04-19,822750,0.322639,0.336421
2026-04-19,823150,0.292976,0.376455
2026-04-19,823393,0.341515,0.399937
2026-04-19,823475,0.306007,0.335076
2026-04-19,823556,0.317571,0.284709
2026-04-19,823718,,0.298750
2026-04-19,823881,0.289463,0.292879
2026-04-19,824047,0.345490,0.284286
2026-04-19,824205,0.311735,0.348051
2026-04-19,824371,0.271830,0.358540
2026-04-19,824452,0.280386,0.338593
2026-04-19,824691,0.316371,0.299922
2026-04-19,824777,0.298089,0.283264
2026-04-19,825018,0.247267,0.337422
2026-04-19,825100,0.362757,0.361468
2026-04-20,822749,0.330416,0.353755
2026-04-20,822994,0.285619,0.341346
2026-04-20,823149,0.311663,0.342724
2026-04-20,823879,0.313796,0.314753
2026-04-20,824046,0.363438,0.283931
2026-04-20,824125,0.253538,0.317519
2026-04-20,824370,0.269955,0.367945
2026-04-20,824450,0.348565,0.269050
2026-04-20,824692,0.335279,0.299704
2026-04-20,824776,0.257571,0.304953
2026-04-21,822747,0.327136,0.321211
2026-04-21,822914,0.319795,0.337761
2026-04-21,822995,0.292415,0.341146
2026-04-21,823148,0.312082,0.376624
2026-04-21,823236,0.291982,0.323035
2026-04-21,823640,0.300993,0.331531
2026-04-21,823880,0.313819,0.314551
2026-04-21,824045,0.344954,0.313530
2026-04-21,824127,0.278696,0.317327
2026-04-21,824290,0.278838,0.326389
2026-04-21,824369,0.345979,0.358921
2026-04-21,824448,0.348368,0.269253
2026-04-21,824690,0.335566,0.293978
2026-04-21,824773,0.266344,0.291067
2026-04-21,825099,0.269058,0.286094
2026-04-22,822748,0.306940,0.334531
2026-04-22,822913,0.343248,0.342408
2026-04-22,822993,0.285906,0.319279
2026-04-22,823147,0.318958,0.342968
2026-04-22,823231,0.272312,0.322562
2026-04-22,823641,0.299218,0.330478
2026-04-22,823878,0.302141,0.290977
2026-04-22,824044,0.362993,0.314119
2026-04-22,824123,0.253021,0.324080
2026-04-22,824286,0.278932,0.272085
2026-04-22,824367,0.346583,0.414914
2026-04-22,824449,0.348706,0.266830
2026-04-22,824688,0.335240,0.293893
2026-04-22,824774,0.307413,0.382822
2026-04-22,825097,0.248545,0.286032
2026-04-23,822745,0.306396,0.315714
2026-04-23,822912,0.343671,0.280246
2026-04-23,823233,0.327359,0.322746
2026-04-23,823639,0.326135,0.313077
2026-04-23,824288,0.321168,0.258637
2026-04-23,824368,0.346581,0.344797
2026-04-23,824689,0.335250,0.293917
2026-04-23,824770,0.283564,0.370967
2026-04-23,825096,0.268392,0.286362
2026-04-24,822827,0.291843,0.328603
2026-04-24,822909,0.317491,0.280377
2026-04-24,822992,0.292847,0.339944
2026-04-24,823069,0.343074,0.315447
2026-04-24,823232,0.324095,0.322655
2026-04-24,823638,0.406162,0.316782
2026-04-24,823800,0.395141,0.278950
2026-04-24,823962,0.300418,0.304985
2026-04-24,824124,0.314453,0.365347
2026-04-24,824204,0.327577,0.375729
2026-04-24,824529,0.291439,0.291351
2026-04-24,824611,0.329652,0.271747
2026-04-24,824854,0.371355,0.290781
2026-04-24,824932,0.335070,0.305998
2026-04-25,822826,0.329190,0.344348
2026-04-25,822910,0.362079,0.306304
2026-04-25,822989,0.298663,0.339312
2026-04-25,823070,0.345094,0.315819
2026-04-25,823229,0.354894,0.323117
2026-04-25,823637,0.359761,0.314094
2026-04-25,823799,0.326486,0.278937
2026-04-25,823960,0.299398,0.315097
2026-04-25,824121,0.314609,0.331803
2026-04-25,824203,0.235556,0.312486
2026-04-25,824527,0.278541,0.286034
2026-04-25,824613,0.338112,0.271341
2026-04-25,824851,0.382862,0.278570
2026-04-25,824933,0.334287,0.306596
2026-04-25,825093,0.346543,0.333692
2026-04-26,822824,0.339272,0.355204
2026-04-26,822911,0.319522,0.280732
2026-04-26,822991,0.330482,0.338368
2026-04-26,823068,0.342305,0.316318
2026-04-26,823230,0.312383,0.310678
2026-04-26,823635,0.342945,0.331525
2026-04-26,823637,0.359761,0.314094
2026-04-26,823797,0.400658,0.279019
2026-04-26,823959,0.294698,0.327627
2026-04-26,824122,0.315540,0.328270
2026-04-26,824202,0.235373,0.312464
2026-04-26,824528,0.262204,0.285787
2026-04-26,824612,0.314455,0.250635
2026-04-26,824852,0.308157,0.278457
2026-04-26,824934,0.335277,0.307172
2026-04-26,825094,0.346402,0.328559
2026-04-27,822825,0.309074,0.355826
2026-04-27,822906,0.234975,0.326775
2026-04-27,823311,0.300303,0.346540
2026-04-27,823395,0.319017,0.381692
2026-04-27,823719,0.346926,0.352734
2026-04-27,823961,0.312851,0.305139
2026-04-27,824446,0.288871,0.340350
2026-04-27,824609,0.298900,0.275897
2026-04-28,822823,0.308304,0.343411
2026-04-28,822908,0.234688,0.326783
2026-04-28,823310,0.317758,0.346135
2026-04-28,823390,0.315537,0.326976
2026-04-28,823473,0.310645,0.335228
2026-04-28,823636,0.351579,0.313479
2026-04-28,823716,0.342208,0.292735
2026-04-28,823798,0.348867,0.346030
2026-04-28,823956,0.313473,0.291420
2026-04-28,824447,0.335390,0.271709
2026-04-28,824526,0.361113,0.289913
2026-04-28,824610,0.298233,0.300128
2026-04-28,824849,0.312177,0.278426
2026-04-28,824931,0.288640,0.307163
2026-04-28,825017,0.338631,0.339210
2026-04-29,822821,0.304063,0.370265
2026-04-29,822907,0.234529,0.338854
2026-04-29,823312,0.319470,0.349778
2026-04-29,823392,0.313695,0.326778
2026-04-29,823471,0.332719,0.333678
2026-04-29,823633,0.332158,0.301346
2026-04-29,823717,0.342113,0.299670
2026-04-29,823796,0.286756,0.294379
2026-04-29,823958,0.316054,0.333795
2026-04-29,824445,0.335171,0.273461
2026-04-29,824525,0.352017,0.286215
2026-04-29,824608,0.316038,0.257562
2026-04-29,824850,0.306476,0.283671
2026-04-29,824930,0.265852,0.329636
2026-04-29,825015,0.299033,0.316720
2026-04-30,823391,0.315307,0.343439
2026-04-30,823471,0.332719,0.334971
2026-04-30,823472,0.332719,0.334971
2026-04-30,823634,0.335930,0.301150
2026-04-30,823714,0.317478,0.327149
2026-04-30,823795,0.324631,0.281322
2026-04-30,824524,0.402481,0.286765
2026-04-30,824848,0.346696,0.278374
2026-04-30,824850,0.306476,0.283671
2026-04-30,824929,0.256056,0.329621
2026-04-30,825016,0.333536,0.339046
2026-05-01,822744,0.280673,0.336911
2026-05-01,822990,0.333038,0.356791
2026-05-01,823066,0.305491,0.315382
2026-05-01,823146,0.318065,0.341746
2026-05-01,823309,0.274793,0.343297
2026-05-01,823389,0.287061,0.343187
2026-05-01,823557,0.278486,0.275657
2026-05-01,823713,0.317864,0.298900
2026-05-01,823877,0.337819,0.317738
2026-05-01,824041,0.319207,0.283091
2026-05-01,824287,0.282490,0.255490
2026-05-01,824366,0.329955,0.362304
2026-05-01,824686,0.307508,0.319482
2026-05-01,824772,0.312941,0.309329
2026-05-01,825012,0.274167,0.339756
2026-05-02,822746,0.281047,0.329895
2026-05-02,822988,0.343438,0.338513
2026-05-02,823067,0.305483,0.317270
2026-05-02,823144,0.318239,0.341533
2026-05-02,823308,0.275334,0.346664
2026-05-02,823388,0.343431,0.367972
2026-05-02,823554,0.278368,0.234765
2026-05-02,823715,0.370860,0.327227
2026-05-02,823876,0.334888,0.318920
2026-05-02,824042,0.313399,0.285741
2026-05-02,824284,0.310160,0.265115
2026-05-02,824365,0.330589,0.355573
2026-05-02,824685,0.287108,0.296234
2026-05-02,824771,0.313147,0.309028
2026-05-02,825014,0.341160,0.318949
2026-05-03,822742,0.315170,0.299944
2026-05-03,822987,0.348697,0.338076
2026-05-03,823065,0.327277,0.315968
2026-05-03,823145,0.318453,0.402819
2026-05-03,823307,0.257305,0.378600
2026-05-03,823387,0.281543,0.352152
2026-05-03,823555,0.280357,0.260099
2026-05-03,823711,0.293555,0.292205
2026-05-03,823875,0.335227,0.359985
2026-05-03,824043,0.302186,0.286318
2026-05-03,824285,0.304246,0.244597
2026-05-03,824364,0.381702,0.363142
2026-05-03,824687,0.287421,0.320565
2026-05-03,824769,0.313292,0.308313
2026-05-03,825013,0.272556,0.328838
2026-05-04,822984,0.285459,0.338122
2026-05-04,823064,0.309052,0.317351
2026-05-04,823143,0.343000,0.348029
2026-05-04,823228,0.346698,0.344593
2026-05-04,823552,0.279119,0.267459
2026-05-04,823874,0.335344,0.318121
2026-05-04,824039,0.256693,0.286585
2026-05-04,824120,0.304043,0.318726
2026-05-04,824201,0.305608,0.313851
2026-05-04,824283,,0.336000
2026-05-04,824363,0.326385,0.374031
2026-05-04,824684,0.292775,0.323375
2026-05-05,822743,0.327191,0.316867
2026-05-05,822986,0.295470,0.327118
2026-05-05,823062,,
2026-05-05,823142,0.343088,0.341549
2026-05-05,823227,0.381975,0.327256
2026-05-05,823469,0.328677,0.335742
2026-05-05,823553,0.311043,0.265428
2026-05-05,823873,0.277425,0.283767
2026-05-05,824040,0.287397,0.287170
2026-05-05,824119,0.272261,0.318627
2026-05-05,824200,0.277572,0.333017
2026-05-05,824281,0.337233,0.295814
2026-05-05,824362,0.329362,0.326413
2026-05-05,824682,0.281694,0.293730
2026-05-05,825092,0.347967,0.288485
2026-05-06,822740,0.333943,0.316246
2026-05-06,822985,0.290884,0.319158
2026-05-06,823063,0.328872,0.317915
2026-05-06,823141,0.342860,0.341946
2026-05-06,823226,0.381949,0.335080
2026-05-06,823470,0.354654,0.335860
2026-05-06,823550,0.336360,0.265699
2026-05-06,823872,0.278873,0.288507
2026-05-06,824036,0.257714,0.301072
2026-05-06,824118,0.330244,0.333540
2026-05-06,824198,0.309722,0.324361
2026-05-06,824282,0.337237,0.274909
2026-05-06,824361,0.320338,0.363958
2026-05-06,824683,0.291752,0.329589
2026-05-06,825091,0.342470,0.288604
2026-05-07,822741,0.293884,0.315185
2026-05-07,823306,0.319194,0.381920
2026-05-07,823467,0.319590,0.406802
2026-05-07,823551,0.335977,0.307369
2026-05-07,823870,0.255370,0.284241
2026-05-07,824117,0.341247,0.318586
2026-05-07,824362,0.329093,0.326258
2026-05-07,824681,0.297317,0.325389
2026-05-07,824767,0.301956,0.337988
2026-05-07,825090,0.342764,0.288799
2026-05-08,822822,0.287275,0.322711
2026-05-08,822904,0.297544,0.335449
2026-05-08,823225,0.332721,0.345261
2026-05-08,823303,0.317422,0.344801
2026-05-08,823466,0.305563,0.336132
2026-05-08,823794,0.234357,0.326626
2026-05-08,823871,0.329685,0.332491
2026-05-08,823957,0.343269,0.305045
2026-05-08,824116,0.313285,0.318536
2026-05-08,824443,0.299938,0.341105
2026-05-08,824522,0.365150,0.289716
2026-05-08,824607,0.320012,0.282286
2026-05-08,824768,0.338141,0.338060
2026-05-08,824846,0.319852,0.278186
2026-05-08,825088,0.306967,0.309827
2026-05-09,822820,0.349390,0.312079
2026-05-09,822905,0.287873,0.348743
2026-05-09,823224,0.342396,0.339199
2026-05-09,823304,0.320229,0.350075
2026-05-09,823468,0.390269,0.402303
2026-05-09,823792,0.252997,0.327139
2026-05-09,823869,0.307590,0.284618
2026-05-09,823955,0.381372,0.305160
2026-05-09,824115,0.279452,0.318145
2026-05-09,824444,0.347198,0.271094
2026-05-09,824523,0.341937,0.292442
2026-05-09,824606,0.348151,0.257035
2026-05-09,824766,,
2026-05-09,824847,0.320429,0.278043
2026-05-09,825089,0.320096,0.289088
2026-05-10,822819,0.301918,0.357818
2026-05-10,822902,0.324223,0.335601
2026-05-10,823221,0.361988,0.306711
2026-05-10,823305,0.316943,0.350454
2026-05-10,823463,0.327398,0.336724
2026-05-10,823793,0.234933,0.327143
2026-05-10,823868,0.353879,0.284620
2026-05-10,823954,0.381857,0.334813
2026-05-10,824113,0.275824,0.318132
2026-05-10,824440,0.336852,0.270825
2026-05-10,824520,0.341479,0.297620
2026-05-10,824605,0.361002,0.260213
2026-05-10,824765,0.352195,0.315578
2026-05-10,824845,0.319472,0.278012
2026-05-10,825085,0.301615,0.289277
2026-05-11,822818,0.360146,0.312988
2026-05-11,822901,0.289658,0.336394
2026-05-11,823953,0.345712,0.296894
2026-05-11,824199,0.361588,0.342171
2026-05-11,824441,0.302964,0.310240
2026-05-11,824844,0.235466,0.278045
2026-05-12,822817,0.290361,0.307979
2026-05-12,822903,0.324031,0.320559
2026-05-12,823385,0.375096,0.341779
2026-05-12,823632,0.262236,0.364422
2026-05-12,823712,0.284640,0.337071
2026-05-12,823790,0.350594,0.328232
2026-05-12,823951,0.345322,0.296905
2026-05-12,824197,0.362245,0.342917
2026-05-12,824442,0.289744,0.271051
2026-05-12,824521,0.355053,0.288325
2026-05-12,824604,0.318151,0.263630
2026-05-12,824764,0.336833,0.307257
2026-05-12,824843,0.277308,0.278014
2026-05-12,824927,0.322821,0.344529
2026-05-12,825011,0.315302,0.320640
2026-05-13,822815,0.339054,0.306416
2026-05-13,822900,0.289764,0.307332
2026-05-13,823386,0.372849,0.353022
2026-05-13,823631,0.295313,0.355391
2026-05-13,823710,0.284853,0.319357
2026-05-13,823791,0.350501,0.326780
2026-05-13,823952,0.340099,0.285255
2026-05-13,824195,0.347707,0.343140
2026-05-13,824438,0.310222,0.329946
2026-05-13,824519,0.299790,0.319678
2026-05-13,824603,0.332876,0.304462
2026-05-13,824763,0.338700,0.344749
2026-05-13,824841,0.235665,0.277934
2026-05-13,824928,0.327421,0.382571
2026-05-13,825010,0.318797,0.365709
2026-05-14,823383,0.375287,0.341335
2026-05-14,823630,0.285696,0.311779
2026-05-14,823709,0.285180,0.303621
2026-05-14,823789,0.285854,0.335778
2026-05-14,823950,0.345977,0.281430
2026-05-14,824196,0.361893,0.346853
2026-05-14,824517,0.385844,0.313119
2026-05-14,824602,0.332429,0.259134
2026-05-14,824762,0.336887,0.316450
2026-05-14,824926,0.293248,0.345484
2026-05-14,825008,0.317265,0.320092
2026-05-15,822739,0.277863,0.334115
2026-05-15,822983,0.284547,0.339033
2026-05-15,823061,0.318388,0.317457
2026-05-15,823140,0.350978,0.362213
2026-05-15,823384,0.337027,0.341869
2026-05-15,823629,0.236071,0.313250
2026-05-15,823707,0.327120,0.303333
2026-05-15,824037,0.277016,0.279339
2026-05-15,824194,0.311536,0.319290
2026-05-15,824280,0.304727,0.293786
2026-05-15,824360,0.289571,0.365032
2026-05-15,824439,0.319233,0.270337
2026-05-15,824601,0.299783,0.256713
2026-05-15,824925,0.309705,0.383866
2026-05-15,825009,0.313784,0.319633
2026-05-16,822737,0.285475,0.331423
2026-05-16,822981,0.285030,0.338563
2026-05-16,823060,0.318248,0.328507
2026-05-16,823139,0.351413,0.347294
2026-05-16,823382,0.337485,0.352468
2026-05-16,823627,0.284454,0.312723
2026-05-16,823706,0.328024,0.303787
2026-05-16,824038,0.296730,0.301416
2026-05-16,824193,0.328253,0.312825
2026-05-16,824278,0.306212,0.363109
2026-05-16,824359,0.289859,0.365684
2026-05-16,824435,0.319857,0.295641
2026-05-16,824600,0.299867,0.255319
2026-05-16,824924,0.341969,0.346331
2026-05-16,825007,0.347544,0.320199
2026-05-17,822738,0.278536,0.355244
2026-05-17,822982,0.285969,0.338337
2026-05-17,823058,0.318146,0.317040
2026-05-17,823138,0.289708,0.324677
2026-05-17,823381,0.337374,0.342012
2026-05-17,823628,0.236010,0.314171
2026-05-17,823708,0.328190,0.304279
2026-05-17,824034,0.334206,0.288850
2026-05-17,824192,0.317168,0.339955
2026-05-17,824279,0.331690,0.292515
2026-05-17,824358,0.313958,0.365420
2026-05-17,824436,0.292837,0.325757
2026-05-17,824599,0.300347,0.289948
2026-05-17,824923,0.313776,0.346005
2026-05-17,825006,0.375388,0.348437
2026-05-18,822734,0.313446,0.289514
2026-05-18,822980,0.271954,0.318895
2026-05-18,823137,0.255397,0.315952
2026-05-18,823301,0.296728,0.356667
2026-05-18,823465,0.297481,
2026-05-18,823549,0.289512,0.278099
2026-05-18,823705,0.340798,0.278813
2026-05-18,823867,0.364621,0.316278
2026-05-18,824035,0.311811,0.288633
2026-05-18,824114,0.313856,0.318395
2026-05-18,824277,0.363034,0.300352
2026-05-18,824357,0.327944,0.364039
2026-05-18,824680,0.327957,0.299848
2026-05-18,825087,0.383891,0.289524
2026-05-19,822736,0.311938,0.347570
2026-05-19,822979,0.277151,0.337682
2026-05-19,823059,0.369653,0.317469
2026-05-19,823136,0.256705,0.321725
2026-05-19,823302,0.296712,0.357245
2026-05-19,823464,0.297468,0.354881
2026-05-19,823548,0.306880,0.236720
2026-05-19,823704,0.340515,0.322805
2026-05-19,823865,0.337089,0.286752
2026-05-19,824033,0.363981,0.301534
2026-05-19,824112,0.381570,0.359801
2026-05-19,824276,0.291341,0.264571
2026-05-19,824356,0.324651,0.411587
2026-05-19,824677,0.327660,0.299684
2026-05-19,825086,0.375599,0.289579
2026-05-20,822735,0.312513,0.333706
2026-05-20,822977,0.277365,0.300642
2026-05-20,823057,0.400996,0.365666
2026-05-20,823134,0.331953,0.368401
2026-05-20,823299,0.296762,0.357098
2026-05-20,823462,0.298487,0.377093
2026-05-20,823547,0.307512,0.284694
2026-05-20,823703,0.340216,0.296022
2026-05-20,823866,0.369498,0.301207
2026-05-20,824032,0.309858,0.288386
2026-05-20,824111,0.322932,0.340071
2026-05-20,824273,0.328032,0.298816
2026-05-20,824355,0.318795,0.368215
2026-05-20,824678,0.327575,0.293830
2026-05-20,825084,0.396228,0.310357
2026-05-21,822733,0.312107,0.297183
2026-05-21,823056,0.341350,0.317317
2026-05-21,823545,0.308113,0.284662
2026-05-21,823864,0.369649,0.286597
2026-05-21,824031,0.309926,0.288596
2026-05-21,824274,0.290268,0.283612
2026-05-21,825083,0.374474,0.289717
2026-05-22,822816,0.361149,0.307869
2026-05-22,823223,0.259537,0.359484
2026-05-22,823298,0.309983,0.357289
2026-05-22,823461,0.365760,0.337505
2026-05-22,823546,0.337598,0.237696
2026-05-22,823788,0.296080,0.327147
2026-05-22,823863,0.312292,0.287337
2026-05-22,824029,0.328361,0.289228
2026-05-22,824110,0.316259,0.319057
2026-05-22,824518,,
2026-05-22,824679,0.340504,0.299497
2026-05-22,824761,0.321159,0.381947
2026-05-22,824842,0.299081,0.277162
2026-05-22,824922,0.321855,0.337934
2026-05-22,825082,0.388158,0.289987
2026-05-23,822814,0.374113,0.307959
2026-05-23,823222,0.256905,0.360095
2026-05-23,823300,0.309925,0.357842
2026-05-23,823458,0.259647,0.337851
2026-05-23,823543,,
2026-05-23,823787,0.295483,0.344495
2026-05-23,823862,0.310749,0.288062
2026-05-23,824030,0.327489,0.289470
2026-05-23,824109,0.347571,0.318847
2026-05-23,824516,0.318151,0.298799
2026-05-23,824518,0.318151,0.323671
2026-05-23,824674,0.329638,0.331856
2026-05-23,824760,0.307491,0.312386
2026-05-23,824840,,
2026-05-23,824920,0.336284,0.345974
2026-05-23,825080,0.388734,0.289781
2026-05-24,822813,0.328524,0.356582
2026-05-24,823220,0.261825,0.359830
2026-05-24,823297,0.309830,0.357977
2026-05-24,823459,0.266141,0.337899
2026-05-24,823544,0.306690,0.256024
2026-05-24,823786,0.294895,0.327598
2026-05-24,823861,0.310798,0.265566
2026-05-24,824028,0.314415,0.301456
2026-05-24,824108,0.347208,0.318705
2026-05-24,824514,,
2026-05-24,824676,0.340214,0.365214
2026-05-24,824759,0.299499,0.381511
2026-05-24,824839,0.302433,0.277582
2026-05-24,824840,0.285822,0.277582
2026-05-24,824921,0.334094,0.338310
2026-05-24,825081,0.352467,0.295962
2026-05-25,822812,0.287890,0.334527
2026-05-25,822899,0.376970,0.312008
2026-05-25,823219,0.289773,0.359652
2026-05-25,823296,0.337775,0.337018
2026-05-25,823380,0.335456,0.327963
2026-05-25,823625,0.299887,0.364364
2026-05-25,823784,0.317501,0.327707
2026-05-25,823948,0.344259,0.295301
2026-05-25,824107,0.237684,0.321691
2026-05-25,824437,0.333770,0.308853
2026-05-25,824598,0.321559,0.254296
2026-05-25,824838,0.337546,0.277597
2026-05-25,825005,0.346942,0.309045
2026-05-26,822811,0.298942,0.334578
2026-05-26,822898,0.339360,0.310980
2026-05-26,823216,0.290130,0.324553
2026-05-26,823294,0.337882,0.319224
2026-05-26,823379,0.319679,0.376284
2026-05-26,823624,0.324491,0.309481
2026-05-26,823785,0.318257,0.327985
2026-05-26,823949,0.391546,0.332976
2026-05-26,824106,0.272066,0.370405
2026-05-26,824275,0.303097,0.299767
2026-05-26,824434,0.320714,0.267661
2026-05-26,824597,0.355015,0.263132
2026-05-26,824758,0.338068,0.381626
2026-05-26,824837,0.337857,0.279297
2026-05-26,825004,0.316425,0.309199
2026-05-27,822809,0.287748,0.333566
2026-05-27,822897,0.349837,0.311089
2026-05-27,823217,0.290367,0.360252
2026-05-27,823295,0.337654,0.357743
2026-05-27,823376,0.364604,0.328648
2026-05-27,823626,0.305273,0.309138
2026-05-27,823783,0.317094,0.327724
2026-05-27,823947,,
2026-05-27,824104,0.280236,0.319062
2026-05-27,824270,0.301662,0.300960
2026-05-27,824432,0.321665,0.265916
2026-05-27,824596,0.347049,0.261621
2026-05-27,824756,0.337877,0.382384
2026-05-27,824836,0.337741,0.278055
2026-05-27,825003,0.316909,0.308394
2026-05-28,822896,0.339302,0.317057
2026-05-28,823378,0.364543,0.328923
2026-05-28,824272,0.301238,0.300656
2026-05-28,824595,0.347235,0.255056
2026-05-28,824757,0.338132,0.382502
2026-05-28,824834,0.314279,0.278159
2026-05-29,822732,0.273863,0.334313
2026-05-29,822894,0.296889,0.339661
2026-05-29,822978,0.300501,0.288748
2026-05-29,823055,0.364130,0.317497
2026-05-29,823135,0.290509,0.347859
2026-05-29,823377,0.360558,0.314553
2026-05-29,823623,0.287710,0.287889
2026-05-29,823946,0.337628,0.332238
2026-05-29,824191,0.327875,0.309068
2026-05-29,824353,0.359567,0.352699
2026-05-29,824433,0.382633,0.267183
2026-05-29,824515,0.347330,0.306675
2026-05-29,824594,0.302630,0.299284
2026-05-29,824835,0.340552,0.278083
2026-05-29,825002,0.237657,0.363188
2026-05-30,822731,0.356638,
2026-05-30,822893,0.340283,0.328152
2026-05-30,822975,0.297158,0.318692
2026-05-30,823054,0.363800,0.316166
2026-05-30,823132,0.290574,0.347784
2026-05-30,823375,0.356218,0.288334
2026-05-30,823622,0.288080,0.310520
2026-05-30,823945,0.337556,0.332540
2026-05-30,824190,0.327598,0.349408
2026-05-30,824352,0.359108,0.390793
2026-05-30,824431,0.383127,0.269750
2026-05-30,824513,0.347164,0.326268
2026-05-30,824593,0.353880,0.295146
2026-05-30,824833,0.314951,0.277754
2026-05-30,825000,0.237694,0.362257
2026-05-31,822729,0.333262,0.320465
2026-05-31,822895,0.350979,0.327771
2026-05-31,822976,0.299605,0.297348
2026-05-31,823053,0.354931,0.318009
2026-05-31,823133,0.290802,0.348295
2026-05-31,823373,0.315538,0.370552
2026-05-31,823621,0.288441,0.330773
2026-05-31,823944,0.367326,0.324897
2026-05-31,824187,0.282321,0.349011
2026-05-31,824354,,0.367646
2026-05-31,824430,0.342157,0.269570
2026-05-31,824512,0.346778,0.300885
2026-05-31,824592,0.271534,0.276667
2026-05-31,824832,0.315163,0.277454
2026-05-31,825001,0.294470,0.298413
2026-06-01,822730,0.315223,0.321151
2026-06-01,822974,0.291554,0.296396
2026-06-01,823050,0.327755,0.316616
2026-06-01,823131,0.309377,0.354026
2026-06-01,823702,0.277201,0.361112
2026-06-01,823781,0.384530,0.335079
2026-06-01,824027,0.371029,0.285605
2026-06-01,824510,0.338280,0.311524
2026-06-01,825078,0.332520,0.290956
2026-06-02,822728,0.330329,0.291797
2026-06-02,822971,0.292260,0.334018
2026-06-02,823052,0.327729,0.316433
2026-06-02,823129,0.309903,0.318785
2026-06-02,823460,0.333287,0.337918
2026-06-02,823541,0.274112,0.308073
2026-06-02,823700,0.308429,0.360874
2026-06-02,823782,0.360793,0.326794
2026-06-02,824026,0.371934,0.312491
2026-06-02,824189,0.328004,0.349247
2026-06-02,824511,0.368671,0.309471
2026-06-02,824675,0.309066,0.355028
2026-06-02,824754,0.277284,0.382481
2026-06-02,824918,0.314591,0.346164
2026-06-02,825079,0.332636,0.312385
2026-06-03,822727,0.330262,0.309169
2026-06-03,822973,0.278867,0.334316
2026-06-03,823051,0.327734,0.330754
2026-06-03,823130,0.309626,0.348766
2026-06-03,823456,0.351260,0.337709
2026-06-03,823540,0.275137,0.261199
2026-06-03,823701,0.315447,0.337602
2026-06-03,823780,,0.315458
2026-06-03,824024,0.352514,0.321370
2026-06-03,824188,0.328290,0.340701
2026-06-03,824509,0.337492,0.320411
2026-06-03,824671,0.315003,0.355430
2026-06-03,824755,0.277143,0.382796
2026-06-03,824917,0.314520,0.345881
2026-06-03,825077,0.333054,0.288982
2026-06-04,823457,0.333691,0.337953
2026-06-04,823542,0.314367,0.261763
2026-06-04,823698,0.337431,0.361143
2026-06-04,823779,,0.321825
2026-06-04,824185,0.328193,0.349423
2026-06-04,824672,0.315251,0.339457
2026-06-04,824753,0.277520,0.383318
2026-06-04,824919,0.342159,0.337910
2026-06-04,825076,0.312861,0.311941
2026-06-05,822810,0.287016,0.314443
2026-06-05,822892,0.278398,0.323175
2026-06-05,823049,0.301113,0.302444
2026-06-05,823293,0.309405,0.333518
2026-06-05,823455,0.284942,0.337976
2026-06-05,823538,0.384171,0.262264
2026-06-05,823699,0.336788,0.364318
2026-06-05,823860,0.351700,0.315325
2026-06-05,823943,0.301467,0.332605
2026-06-05,824186,0.307808,0.343628
2026-06-05,824271,0.339151,0.279862
2026-06-05,824350,0.325901,0.359790
2026-06-05,824673,0.365679,0.283456
2026-06-05,824914,0.357761,0.309428
2026-06-05,825073,0.337533,0.313240
2026-06-06,822808,0.278231,0.315274
2026-06-06,822891,0.279194,0.340373
2026-06-06,823048,0.292869,0.329784
2026-06-06,823292,0.308730,0.354865
2026-06-06,823454,0.319449,0.337926
2026-06-06,823539,,
2026-06-06,823697,0.336475,0.352478
2026-06-06,823859,0.304342,0.334332
2026-06-06,823942,0.306262,0.330546
2026-06-06,824184,0.337567,
2026-06-06,824269,0.371369,0.280188
2026-06-06,824351,0.325100,0.350182
2026-06-06,824669,,0.343324
2026-06-06,824915,0.354357,0.337558
2026-06-06,825075,0.334165,0.312070
2026-06-07,822807,0.278339,0.322928
2026-06-07,822890,0.279873,0.320174
2026-06-07,823047,0.319372,0.317220
2026-06-07,823291,0.308355,0.354848
2026-06-07,823453,0.262318,0.338143
2026-06-07,823537,0.384039,0.309107
2026-06-07,823696,0.313306,0.363880
2026-06-07,823857,0.295368,0.316274
2026-06-07,823941,0.302883,0.292538
2026-06-07,824183,0.322398,0.348518
2026-06-07,824268,0.371192,0.255703
2026-06-07,824349,0.326716,0.409537
2026-06-07,824670,,0.339757
2026-06-07,824916,0.370207,0.338244
2026-06-07,825074,0.333898,0.312491
2026-06-08,822806,0.338122,0.315906
2026-06-08,822972,0.383823,0.303107
2026-06-08,823218,0.333537,0.361693
2026-06-08,823289,0.319268,0.354811
2026-06-08,824025,0.348660,0.298657
2026-06-08,824427,0.238283,0.278366
2026-06-08,824829,0.370561,0.279974
2026-06-08,824998,0.325166,0.364033
2026-06-09,822805,0.337768,0.369355
2026-06-09,822969,0.384229,0.323303
2026-06-09,823214,0.337844,0.361828
2026-06-09,823290,0.318191,0.351117
2026-06-09,823374,0.302832,0.317289
2026-06-09,823620,0.316561,0.308619
2026-06-09,823858,0.312610,0.316869
2026-06-09,824023,0.348261,0.297602
2026-06-09,824105,0.335428,0.307216
2026-06-09,824267,0.362212,0.279589
2026-06-09,824347,0.364580,0.370817
2026-06-09,824429,0.263039,0.297335
2026-06-09,824591,0.369109,0.278514
2026-06-09,824830,0.371101,0.279727
2026-06-09,824999,0.325001,0.362884
2026-06-10,822804,0.337590,0.342901
2026-06-10,822970,0.384323,0.304771
2026-06-10,823215,0.333146,0.344320
2026-06-10,823287,0.308688,0.351122
2026-06-10,823372,0.332864,0.328288
2026-06-10,823618,0.316731,0.309336
2026-06-10,823856,0.313001,0.317531
2026-06-10,824022,0.350348,0.288469
2026-06-10,824103,0.370394,0.324909
2026-06-10,824266,0.324835,0.255328
2026-06-10,824348,0.338456,0.327064
2026-06-10,824428,0.309714,0.349319
2026-06-10,824590,0.382564,0.285520
2026-06-10,824831,0.371312,0.279974
2026-06-10,824996,0.325177,0.318204
2026-06-11,823371,0.331799,0.356911
2026-06-11,823619,0.317615,0.309037
2026-06-11,823855,0.312549,0.318478
2026-06-11,824101,0.323518,0.336945
2026-06-11,824265,0.326918,0.292687
2026-06-11,824346,0.331985,0.327922
2026-06-11,824589,,
2026-06-11,824827,0.371298,0.278300
2026-06-12,822726,0.340136,0.332568
2026-06-12,822803,0.280552,0.343051
2026-06-12,823211,0.331767,0.353549
2026-06-12,823370,0.318128,0.327776
2026-06-12,823617,0.398252,0.309663
2026-06-12,823695,0.317459,0.336883
2026-06-12,823778,0.338104,0.325316
2026-06-12,824020,0.315719,0.319113
2026-06-12,824102,0.348197,0.336462
2026-06-12,824425,0.264840,0.279850
2026-06-12,824507,0.312547,0.301180
2026-06-12,824588,0.313674,0.276940
2026-06-12,824752,0.394906,0.352378
2026-06-12,824826,0.351105,0.278190
2026-06-12,824997,0.341508,0.361667
2026-06-13,822725,0.373247,0.330624
2026-06-13,822802,0.326791,0.314173
2026-06-13,823213,0.331499,0.352900
2026-06-13,823369,0.291780,0.327910
2026-06-13,823616,0.420856,0.308038
2026-06-13,823694,0.329957,0.334442
2026-06-13,823776,0.338462,0.325144
2026-06-13,824019,0.305217,0.327501
2026-06-13,824100,0.348181,0.300084
2026-06-13,824426,0.255104,0.299355
2026-06-13,824508,0.312842,0.359846
2026-06-13,824587,0.332416,0.319626
2026-06-13,824749,0.323296,0.361123
2026-06-13,824828,0.351073,0.279367
2026-06-13,824995,0.326549,0.362677
2026-06-14,822722,0.350183,0.336389
2026-06-14,822801,0.304601,0.324013
2026-06-14,823212,0.331384,0.360584
2026-06-14,823368,0.317638,0.327397
2026-06-14,823615,0.399615,0.308736
2026-06-14,823693,0.316321,0.342796
2026-06-14,823777,0.338474,0.343337
2026-06-14,824021,0.305504,0.328107
2026-06-14,824099,0.348406,0.352906
2026-06-14,824424,,
2026-06-14,824506,0.312590,0.315186
2026-06-14,824586,0.331812,0.276484
2026-06-14,824751,0.315410,0.369172
2026-06-14,824823,0.350834,0.277632
2026-06-14,824994,0.360718,0.370173
2026-06-15,822724,0.342345,0.332574
2026-06-15,822887,0.312607,0.322196
2026-06-15,823046,0.350980,0.315880
2026-06-15,823452,0.318189,0.315855
2026-06-15,823938,0.315592,0.332031
2026-06-15,824181,0.280907,0.348590
2026-06-15,824505,0.349275,0.314614
2026-06-15,824666,0.350456,0.331420
2026-06-15,824993,0.327320,0.316971
2026-06-15,825071,0.297122,0.291455
2026-06-16,822723,0.342678,0.293844
2026-06-16,822888,,0.332946
2026-06-16,823045,0.401434,0.316206
2026-06-16,823128,0.277679,0.344571
2026-06-16,823451,0.292003,0.322304
2026-06-16,823535,0.298346,0.280745
2026-06-16,823775,0.295909,0.324968
2026-06-16,823939,0.296788,0.332360
2026-06-16,824182,0.294248,0.337671
2026-06-16,824504,0.309014,0.313664
2026-06-16,824667,0.368857,0.330927
2026-06-16,824750,0.343397,0.369666
2026-06-16,824912,0.316439,0.330805
2026-06-16,824991,0.327132,0.317462
2026-06-16,825070,0.291949,0.291132
2026-06-17,822721,0.354494,0.332707
2026-06-17,823044,0.336868,0.315357
2026-06-17,823127,,
2026-06-17,823450,0.318264,0.337928
2026-06-17,823536,,
2026-06-17,823774,,
2026-06-17,823940,,0.336106
2026-06-17,824178,0.301171,0.348966
2026-06-17,824503,0.308817,0.352722
2026-06-17,824668,,
2026-06-17,824746,,
2026-06-17,824912,0.316214,0.331093
2026-06-17,824913,,
2026-06-17,824992,,
2026-06-17,825072,,
2026-06-18,822889,,0.325290
2026-06-18,823125,0.310745,0.335494
2026-06-18,823448,0.309032,0.350199
2026-06-18,823533,0.287143,0.312175
2026-06-18,823772,0.311455,0.324396
2026-06-18,824098,0.292435,0.345392
2026-06-18,824748,0.280831,0.390041
2026-06-18,824911,,
2026-06-18,824989,0.372294,0.316377
2026-06-19,822886,0.334813,0.322145
2026-06-19,822966,0.308352,0.335314
2026-06-19,823124,0.354027,0.350019
2026-06-19,823534,0.310705,0.320089
2026-06-19,823853,0.315243,0.289881
2026-06-19,823936,0.279801,0.311298
2026-06-19,824097,0.314678,0.324904
2026-06-19,824179,0.313739,0.348973
2026-06-19,824264,0.293675,0.292114
2026-06-19,824345,0.326448,0.388869
2026-06-19,824663,0.325233,
2026-06-19,824910,0.324163,0.346280
2026-06-19,824990,0.338652,0.316466
2026-06-19,825069,0.338854,0.290924
2026-06-20,822885,0.319986,0.321897
2026-06-20,822967,0.332613,0.346980
2026-06-20,823126,0.293048,0.343969
2026-06-20,823447,0.320384,0.337207
2026-06-20,823532,0.311206,0.291229
2026-06-20,823854,0.315048,0.323976
2026-06-20,823937,0.280011,0.332485
2026-06-20,824180,0.312615,
2026-06-20,824263,0.259179,0.292630
2026-06-20,824342,0.368955,0.369807
2026-06-20,824665,0.324690,0.352221
2026-06-20,824909,0.326340,0.363357
2026-06-20,824988,0.319115,0.316587
2026-06-20,825068,0.338658,0.290979
2026-06-21,822883,,
2026-06-21,822968,,
2026-06-21,823123,,
2026-06-21,823449,,
2026-06-21,823531,,
2026-06-21,823852,,
2026-06-21,823934,,
2026-06-21,824095,,
2026-06-21,824177,,
2026-06-21,824260,,
2026-06-21,824343,,
2026-06-21,824664,,
2026-06-21,824908,,
2026-06-21,824987,,
2026-06-21,825067,,
2026-06-22,822720,0.338001,0.310420
2026-06-22,822800,0.318842,0.316346
2026-06-22,822964,0.318192,0.325508
2026-06-22,823040,0.290638,0.313942
2026-06-22,823288,0.362967,0.352030
2026-06-22,823613,,
2026-06-22,823692,0.332108,0.314177
2026-06-22,823851,0.323954,0.331986
2026-06-22,824016,0.280111,0.338622
2026-06-22,824261,0.343153,0.291103
2026-06-22,824344,0.386341,0.352042
2026-06-22,824502,0.323814,0.310579
2026-06-22,824585,0.313753,0.281626
2026-06-23,822718,0.360507,0.333173
2026-06-23,822799,0.350596,0.280795
2026-06-23,822963,0.310324,0.335528
2026-06-23,823043,0.290863,0.317567
2026-06-23,823210,0.326316,0.348904
2026-06-23,823286,0.383600,0.344691
2026-06-23,823365,0.343648,0.326348
2026-06-23,823614,0.330036,0.366390
2026-06-23,823690,0.336411,0.308704
2026-06-23,823849,0.297740,0.325054
2026-06-23,824017,0.279909,0.319865
2026-06-23,824262,0.322185,0.291716
2026-06-23,824340,0.383060,0.407672
2026-06-23,824501,0.325882,0.301530
2026-06-23,824584,0.318501,0.295386
2026-06-24,822719,0.360792,0.337214
2026-06-24,822798,0.372882,0.286149
2026-06-24,822965,0.322803,0.345603
2026-06-24,823041,0.290791,0.360695
2026-06-24,823208,0.319540,0.317141
2026-06-24,823284,0.421108,0.321019
2026-06-24,823367,0.343750,0.398415
2026-06-24,823611,0.358362,0.343244
2026-06-24,823613,,0.330052
2026-06-24,823691,0.331514,0.321377
2026-06-24,823850,0.323160,0.335023
2026-06-24,824018,0.289884,0.324125
2026-06-24,824259,0.317397,0.326313
2026-06-24,824341,0.384091,0.352846
2026-06-24,824500,0.323994,0.340097
2026-06-24,824583,0.340163,0.289755
2026-06-25,822717,0.377878,0.317776
2026-06-25,822797,0.304670,0.343292
2026-06-25,822961,0.323141,0.343632
2026-06-25,823042,,
2026-06-25,823209,0.318280,0.316227
2026-06-25,823366,0.343958,0.393288
2026-06-25,823612,0.335906,0.306703
2026-06-25,824258,0.337655,0.327233
2026-06-25,824747,0.355460,0.382500
2026-06-26,822796,0.330088,0.286104
2026-06-26,822962,0.291042,0.314947
2026-06-26,823039,0.300830,0.314809
2026-06-26,823206,0.399269,0.349135
2026-06-26,823285,0.331108,0.336775
2026-06-26,823363,0.292340,0.368204
2026-06-26,823610,0.338341,0.307243
2026-06-26,823688,0.365368,0.343768
2026-06-26,823773,0.329369,0.324219
2026-06-26,824014,0.318789,0.339032
2026-06-26,824255,0.395620,0.385965
2026-06-26,824423,0.362451,0.321716
2026-06-26,824582,0.352738,
2026-06-26,824743,0.314276,0.353565
2026-06-26,824824,0.297145,0.279645
2026-06-27,822794,0.334224,0.312170
2026-06-27,822960,0.291018,0.315002
2026-06-27,823038,0.334483,0.314463
2026-06-27,823207,0.384322,0.351697
2026-06-27,823283,0.346188,0.336150
2026-06-27,823364,0.313035,0.394414
2026-06-27,823609,0.338644,0.307087
2026-06-27,823689,0.427121,0.301465
2026-06-27,823770,,0.326968
2026-06-27,824015,0.318058,0.335153
2026-06-27,824257,0.370105,0.301410
2026-06-27,824421,0.351342,0.296577
2026-06-27,824581,0.352317,0.284212
2026-06-27,824745,0.343935,0.382391
2026-06-27,824825,0.347290,0.279619
2026-06-28,822795,0.323422,0.315438
2026-06-28,822959,0.291196,0.320799
2026-06-28,823037,0.324705,0.314597
2026-06-28,823204,0.421762,0.335224
2026-06-28,823281,0.330393,0.334170
2026-06-28,823362,0.313017,0.368884
2026-06-28,823608,0.338759,0.307508
2026-06-28,823686,0.410857,0.351661
2026-06-28,823769,0.329291,0.325048
2026-06-28,824011,0.354317,0.335977
2026-06-28,824256,0.338299,
2026-06-28,824422,0.348365,0.254091
2026-06-28,824580,0.309881,0.259288
2026-06-28,824744,,0.387983
2026-06-28,824821,0.334204,0.278851
2026-06-29,822792,0.308709,0.315790
2026-06-29,823121,0.336927,0.351868
2026-06-29,823444,0.368703,0.339034
2026-06-29,823529,0.293630,0.314798
2026-06-29,823771,0.314006,0.327538
2026-06-29,824176,0.341530,0.340332
2026-06-29,824339,0.329385,0.408764
2026-06-29,824420,0.365542,0.290129
2026-06-29,824662,0.333851,0.329079
2026-06-29,824741,0.311578,0.372434
2026-06-29,824822,0.311690,0.278814
2026-06-29,824986,0.330425,0.316357
2026-06-29,825065,0.345299,0.291269
2026-06-30,822793,0.309342,0.324844
2026-06-30,823122,0.322647,0.348554
2026-06-30,823445,0.350781,0.339356
2026-06-30,823528,0.327392,0.343994
2026-06-30,823768,0.314254,0.325600
2026-06-30,824096,0.314799,0.352004
2026-06-30,824175,0.323274,0.334922
2026-06-30,824338,0.318121,0.365813
2026-06-30,824418,,0.291749
2026-06-30,824661,0.321521,0.319383
2026-06-30,824742,0.333391,0.356622
2026-06-30,824819,0.286572,0.257358
2026-06-30,824907,0.317445,0.348663
2026-06-30,824984,0.330683,0.318901
2026-06-30,825066,0.350832,0.291182
2026-07-01,822791,0.325270,0.323925
2026-07-01,823446,0.372750,0.339489
2026-07-01,823530,0.293975,0.326157
2026-07-01,823767,0.314387,0.327311
2026-07-01,824094,0.314359,0.343714
2026-07-01,824174,0.342566,0.340176
2026-07-01,824337,0.322900,0.408465
2026-07-01,824419,0.365939,0.249200
2026-07-01,824660,0.389195,0.302094
2026-07-01,824740,0.333807,0.357679
2026-07-01,824818,0.281490,0.279646
2026-07-01,824905,0.314833,0.349000
2026-07-01,824985,0.331000,0.361979
2026-07-01,825064,0.350290,0.291315
2026-07-02,822884,0.327326,0.362030
2026-07-02,823119,0.336456,0.348971
2026-07-02,823442,0.393968,0.339587
2026-07-02,823765,0.313597,0.325003
2026-07-02,823935,0.307907,0.331187
2026-07-02,824093,0.314427,0.352727
2026-07-02,824335,0.343753,0.386786
2026-07-02,824416,0.281000,0.281257
2026-07-02,824906,0.314798,0.349391
2026-07-03,822714,0.373264,0.338904
2026-07-03,823120,0.324382,0.312719
2026-07-03,823527,0.342258,0.276066
2026-07-03,823933,0.307760,0.331002
2026-07-03,824013,0.384490,0.338059
2026-07-03,824173,0.314655,0.339745
2026-07-03,824336,0.397259,0.375195
2026-07-03,824417,0.264321,0.290175
2026-07-03,824498,0.279830,0.313997
2026-07-03,824659,0.329735,
2026-07-03,824904,0.329309,0.348795
2026-07-03,824982,0.317119,0.311378
2026-07-03,825062,0.324740,0.291782
2026-07-04,822716,0.372288,0.316817
2026-07-04,822882,0.326373,0.332500
2026-07-04,823118,0.313162,0.331904
2026-07-04,823526,0.314691,0.314171
2026-07-04,823932,0.307778,0.335301
2026-07-04,824012,0.360765,0.340137
2026-07-04,824092,0.339727,0.310147
2026-07-04,824171,0.327940,0.340019
2026-07-04,824334,0.372110,0.362798
2026-07-04,824415,0.271618,0.264471
2026-07-04,824499,0.279895,0.313455
2026-07-04,824658,0.317605,0.327218
2026-07-04,824903,0.312111,0.385414
2026-07-04,824983,0.316842,0.298507
2026-07-04,825063,0.279306,0.291804
2026-07-05,822715,0.373057,0.333215
2026-07-05,822879,0.293546,0.344837
2026-07-05,823117,0.324506,0.306085
2026-07-05,823525,0.306618,0.276237
2026-07-05,823931,0.353267,0.330451
2026-07-05,824010,0.360054,0.353775
2026-07-05,824091,0.339400,0.353230
2026-07-05,824172,0.314739,0.339724
2026-07-05,824333,0.372226,0.405851
2026-07-05,824413,0.266603,0.314416
2026-07-05,824497,0.279881,0.312597
2026-07-05,824656,0.315928,0.317478
2026-07-05,824902,0.311943,0.347889
2026-07-05,824980,0.290743,0.306717
2026-07-05,825061,0.325194,0.291897
2026-07-06,822712,0.339308,0.332818
2026-07-06,822958,0.267210,0.315360
2026-07-06,823036,0.324895,0.318302
2026-07-06,823205,0.370176,0.371931
2026-07-06,823282,0.291696,0.308134
2026-07-06,823930,0.363073,0.330166
2026-07-06,824089,0.366747,0.330797
2026-07-06,824900,0.299282,0.384406
2026-07-07,822713,0.368922,0.315590
2026-07-07,822881,0.342899,0.350210
2026-07-07,822956,0.267321,0.315727
2026-07-07,823035,,0.368145
2026-07-07,823062,0.324850,0.317142
2026-07-07,823203,0.370118,0.372088
2026-07-07,823280,0.291866,0.333427
2026-07-07,823361,0.374956,
2026-07-07,823607,0.309961,0.300727
2026-07-07,823687,0.293178,0.310777
2026-07-07,823847,0.281677,0.316934
2026-07-07,823929,0.340418,0.330136
2026-07-07,824254,0.316505,0.305224
2026-07-07,824495,0.338936,0.312558
2026-07-07,824579,0.359335,0.320688
2026-07-07,824820,0.326716,0.280212
2026-07-08,822710,0.339724,0.332366
2026-07-08,822880,0.306594,0.349862
2026-07-08,822957,0.343400,0.315795
2026-07-08,823032,0.305701,0.329151
2026-07-08,823202,0.369301,0.371882
2026-07-08,823279,0.336489,0.333566
2026-07-08,823360,0.384649,0.393728
2026-07-08,823605,0.355237,0.302303
2026-07-08,823684,0.282108,0.315849
2026-07-08,823848,0.311661,0.291849
2026-07-08,823928,0.408732,0.319554
2026-07-08,824253,0.347437,0.276085
2026-07-08,824496,0.325998,0.312848
2026-07-08,824578,0.365504,0.324538
2026-07-08,824815,0.326360,0.280315
2026-07-09,822877,0.294564,0.298712
2026-07-09,822954,0.278397,0.323057
2026-07-09,823034,0.313177,0.318220
2026-07-09,823201,0.362669,0.372426
2026-07-09,823277,0.292206,0.333503
2026-07-09,823359,0.384510,0.393963
2026-07-09,823606,0.366526,0.301249
2026-07-09,823683,0.297155,0.341580
2026-07-09,823846,0.311942,0.291872
2026-07-09,824251,0.346554,0.266953
2026-07-09,824494,0.339044,0.311451
2026-07-09,824577,0.358362,0.289587
2026-07-09,824816,0.391371,0.280321
2026-07-10,822709,0.257025,0.311448
2026-07-10,822878,0.338226,0.343186
2026-07-10,822955,0.311389,0.316314
2026-07-10,823033,0.384451,0.319042
2026-07-10,823200,0.367961,0.371694
2026-07-10,823278,0.353168,0.333629
2026-07-10,823357,,
2026-07-10,823604,0.358159,0.272451
2026-07-10,823685,0.325731,0.322365
2026-07-10,823845,0.295404,0.305789
2026-07-10,823927,0.292040,0.330360
2026-07-10,824252,0.339165,0.291543
2026-07-10,824493,0.326342,0.312337
2026-07-10,824575,0.357288,0.282160
2026-07-10,824817,0.355178,0.280177
2026-07-11,822711,0.292483,0.331466
2026-07-11,822875,0.332384,0.339275
2026-07-11,822953,0.311860,0.316535
2026-07-11,823030,0.384638,0.317464
2026-07-11,823198,0.409299,0.370946
2026-07-11,823276,0.370070,0.333575
2026-07-11,823356,0.325214,0.357852
2026-07-11,823357,0.325214,0.394851
2026-07-11,823603,0.357693,0.272813
2026-07-11,823682,0.327487,0.310258
2026-07-11,823844,0.295117,0.318361
2026-07-11,823926,0.292167,0.330849
2026-07-11,824249,0.338932,0.296793
2026-07-11,824492,0.317656,0.312518
2026-07-11,824576,0.358268,0.287318
2026-07-11,824813,0.355556,0.279919
2026-07-12,822708,0.317069,0.315857
2026-07-12,822876,0.337925,0.319926
2026-07-12,822951,0.306078,0.316910
2026-07-12,823029,0.348556,0.319403
2026-07-12,823199,0.408975,0.371022
2026-07-12,823274,0.340945,0.332500
2026-07-12,823358,0.283903,0.419077
2026-07-12,823602,0.358486,0.272890
2026-07-12,823681,0.295036,0.290552
2026-07-12,823842,0.295204,0.290054
2026-07-12,823925,0.292199,0.331277
2026-07-12,824250,0.338979,0.303172
2026-07-12,824491,0.317311,0.313958
2026-07-12,824574,0.385914,0.261841
2026-07-12,824814,0.354502,0.258760
2026-07-16,823440,0.357941,0.338983
2026-07-17,822789,0.298951,0.368300
2026-07-17,823115,0.348361,0.311608
2026-07-17,823524,0.331204,0.282499
2026-07-17,823766,0.292095,0.325173
2026-07-17,824009,0.297424,0.295219
2026-07-17,824090,0.332989,0.307574
2026-07-17,824170,0.279783,0.343258
2026-07-17,824332,0.325687,0.410434
2026-07-17,824414,,
2026-07-17,824655,0.316637,0.324480
2026-07-17,824737,0.316685,0.357743
2026-07-17,824766,0.344984,0.357743
2026-07-17,824901,0.299088,
2026-07-17,824981,0.315888,0.338218
2026-07-17,825060,0.317658,0.292695
2026-07-18,822790,0.264216,0.370142
2026-07-18,823116,0.347617,0.350370
2026-07-18,823441,0.312896,0.339108
2026-07-18,823523,,
2026-07-18,823763,0.331294,0.304828
2026-07-18,824008,0.303230,0.308859
2026-07-18,824088,0.332988,0.354133
2026-07-18,824169,0.279246,0.310221
2026-07-18,824331,0.313139,0.372598
2026-07-18,824412,0.395685,0.294855
2026-07-18,824414,0.393883,0.294855
2026-07-18,824657,0.330076,0.324301
2026-07-18,824738,0.359382,0.358487
2026-07-18,824899,0.320087,0.348101
2026-07-18,824979,0.336652,0.358190
2026-07-18,825059,0.317695,0.292535
2026-07-19,822786,0.263199,0.370733
2026-07-19,823113,0.347059,0.326554
2026-07-19,823439,0.307898,0.338840
2026-07-19,823521,0.304952,0.267980
2026-07-19,823523,0.331075,0.277954
2026-07-19,823764,0.312139,0.324485
2026-07-19,824007,0.297367,0.295019
2026-07-19,824086,,0.361604
2026-07-19,824168,0.258279,0.340106
2026-07-19,824330,0.349211,0.409229
2026-07-19,824411,0.366120,0.260330
2026-07-19,824653,0.316220,0.349013
2026-07-19,824739,0.317108,0.369493
2026-07-19,824897,0.319675,0.348605
2026-07-19,824978,0.331259,0.358598
2026-07-19,825057,0.350285,0.303206
2026-07-20,822788,0.317391,0.370588
2026-07-20,822874,0.263407,0.322500
2026-07-20,823112,0.313681,0.368322
2026-07-20,823436,0.330894,0.339299
2026-07-20,823522,0.357592,0.268318
2026-07-20,823762,0.309336,0.324610
2026-07-20,824006,0.317642,0.295235
2026-07-20,824087,0.347170,0.324956
2026-07-20,824167,0.312438,0.337824
2026-07-20,824328,0.316043,0.362677
2026-07-20,824410,0.293904,0.288234
2026-07-20,824654,0.286133,0.324493
2026-07-20,824736,0.280866,0.360736
2026-07-20,824898,0.351466,0.348599
2026-07-20,825058,0.358699,0.299744
2026-07-21,822787,0.317673,0.370517
2026-07-21,822871,0.264829,0.312396
2026-07-21,823114,0.314557,0.337672
2026-07-21,823437,0.331460,0.339395
2026-07-21,823519,,
2026-07-21,823760,0.308946,0.327399
2026-07-21,824005,0.317659,0.295400
2026-07-21,824085,0.341215,0.268314
2026-07-21,824165,0.331262,0.337989
2026-07-21,824329,0.344670,0.407980
2026-07-21,824409,0.328716,0.281514
2026-07-21,824652,0.309056,0.316230
2026-07-21,824735,,
2026-07-21,824895,0.308480,0.348863
2026-07-21,825056,0.358971,0.293018
2026-07-22,822784,0.317752,0.370313
2026-07-22,822873,0.265752,0.336978
2026-07-22,823110,0.315187,0.376492
2026-07-22,823438,0.331539,0.339522
2026-07-22,823518,0.394301,0.340341
2026-07-22,823519,0.356505,0.268766
2026-07-22,823761,0.344359,0.324696
2026-07-22,824004,0.319238,0.294924
2026-07-22,824083,0.337362,0.304680
2026-07-22,824166,0.331412,0.338218
2026-07-22,824327,0.350876,0.409748
2026-07-22,824408,0.316746,0.277000
2026-07-22,824650,0.297319,0.323455
2026-07-22,824732,0.281163,0.361317
2026-07-22,824735,0.281163,0.373612
2026-07-22,824896,0.338628,0.348490
2026-07-22,825055,0.368180,0.318172
2026-07-23,822785,0.317802,0.392105
2026-07-23,823042,0.289448,0.332962
2026-07-23,824247,0.305223,0.283921
2026-07-23,824406,0.351888,0.277031
2026-07-23,824893,0.338502,0.348212
2026-07-24,822707,0.292550,0.307483
2026-07-24,822872,0.368313,0.337025
2026-07-24,822952,0.314769,0.318533
2026-07-24,823031,0.315697,0.343356
2026-07-24,823196,0.295057,0.337507
2026-07-24,823352,0.323338,0.396360
2026-07-24,823434,0.300577,0.339698
2026-07-24,823601,0.330035,0.342175
2026-07-24,823680,0.358477,0.302738
2026-07-24,823759,0.356700,0.324688
2026-07-24,823843,0.308753,0.331885
2026-07-24,824248,0.347125,0.303381
2026-07-24,824573,0.338210,0.265231
2026-07-24,824733,0.356560,0.363148
2026-07-24,824812,0.348658,0.284908
2026-07-25,822704,0.288976,0.330666
2026-07-25,822869,0.377883,0.344660
2026-07-25,822948,0.293541,0.318222
2026-07-25,823027,0.315770,0.343745
2026-07-25,823197,0.374392,0.359983
2026-07-25,823355,,0.414604
2026-07-25,823435,0.300943,0.339895
2026-07-25,823600,0.331648,0.345991
2026-07-25,823679,0.326999,0.313898
2026-07-25,823758,0.356410,0.324805
2026-07-25,823841,0.308853,0.331416
2026-07-25,824244,0.326904,0.265930
2026-07-25,824571,0.338139,0.289071
2026-07-25,824734,0.326983,0.362872
2026-07-25,824811,0.350120,0.285648
2026-07-26,822706,0.288935,0.326668
2026-07-26,822870,0.378042,0.337773
2026-07-26,822950,0.276802,0.330529
2026-07-26,823028,0.346048,0.319068
2026-07-26,823194,0.328135,0.337476
2026-07-26,823354,0.323016,0.395133
2026-07-26,823433,0.301321,0.340138
2026-07-26,823599,0.280872,0.345744
2026-07-26,823678,0.338331,0.302494
2026-07-26,823755,0.361661,0.339090
2026-07-26,823840,0.308561,0.331525
2026-07-26,824246,0.338497,0.266257
2026-07-26,824572,0.323533,0.286987
2026-07-26,824730,0.330120,0.370600
2026-07-26,824810,0.350020,0.286859
2026-07-27,822705,,
2026-07-27,822868,0.378194,0.337796
2026-07-27,823025,,
2026-07-27,823195,,
2026-07-27,823353,,
2026-07-27,823597,,
2026-07-27,823839,,
2026-07-27,824001,,
2026-07-27,824245,,
2026-07-27,824490,,
2026-07-27,824570,,
2026-07-27,824977,,
2026-07-28,822703,0.360226,0.338727
2026-07-28,822949,0.337704,0.318358
2026-07-28,823026,0.322916,0.345453
2026-07-28,823193,,0.337644
2026-07-28,823275,0.410512,0.308422
2026-07-28,823350,0.288481,0.395250
2026-07-28,823598,,
2026-07-28,823676,0.327009,0.329809
2026-07-28,823838,0.357407,0.333487
2026-07-28,823923,,
2026-07-28,824003,,
2026-07-28,824243,0.286282,0.265402
2026-07-28,824489,0.277873,0.315188
2026-07-28,824490,0.277873,0.315188
2026-07-28,824569,0.345789,0.264076
2026-07-28,824976,,
2026-07-29,822702,0.319227,0.337263
2026-07-29,822947,0.329942,0.318307
2026-07-29,823022,0.322750,0.319286
2026-07-29,823192,0.306320,
2026-07-29,823273,0.400162,0.308462
2026-07-29,823351,0.288396,0.359008
2026-07-29,823596,0.310201,0.344884
2026-07-29,823598,0.310201,0.368498
2026-07-29,823677,0.327124,0.317067
2026-07-29,823837,0.357347,0.293753
2026-07-29,823924,0.346383,0.332573
2026-07-29,824002,0.338093,0.295486
2026-07-29,824242,0.281635,0.313568
2026-07-29,824487,0.342571,0.311727
2026-07-29,824567,0.284925,0.290438
2026-07-29,824973,0.388710,0.382290
2026-07-30,822946,0.330799,0.318392
2026-07-30,823023,0.322971,0.344788
2026-07-30,823271,0.338799,0.338392
2026-07-30,823595,0.295440,0.344382
2026-07-30,823674,0.327750,0.321622
2026-07-30,823921,0.338520,0.337499
2026-07-30,824488,0.394598,0.313777
2026-07-30,824568,0.281660,0.269581
2026-07-30,824894,0.338117,0.310923
2026-07-30,824974,0.366070,0.328610
2026-07-31,822782,0.344189,0.301300
2026-07-31,822945,0.264284,0.318861
2026-07-31,823111,0.323228,0.338784
2026-07-31,823272,0.339547,0.337897
2026-07-31,823593,0.295579,0.344473
2026-07-31,823922,0.368860,0.329822
2026-07-31,823999,0.325381,0.295882
2026-07-31,824164,0.307886,0.338007
2026-07-31,824325,0.327129,0.411579
2026-07-31,824407,0.288456,0.341567
2026-07-31,824486,0.394660,0.313282
2026-07-31,824651,0.300963,0.367289
2026-07-31,824809,0.339718,0.286149
2026-07-31,824892,0.322444,0.310444
2026-07-31,824975,0.281584,0.340739
2026-08-01,822781,0.344226,0.350918
2026-08-01,822944,0.264616,0.339043
2026-08-01,823109,0.323151,0.338959
2026-08-01,823269,0.314456,0.308317
2026-08-01,823594,0.293647,0.344540
2026-08-01,823920,0.367379,0.331134
2026-08-01,824000,0.328144,0.295966
2026-08-01,824162,0.339639,0.337619
2026-08-01,824326,0.356167,0.342697
2026-08-01,824405,0.288071,0.278075
2026-08-01,824485,0.393864,0.312764
2026-08-01,824649,0.325741,0.314428
2026-08-01,824808,0.339840,0.257583
2026-08-01,824890,0.322106,0.311015
2026-08-01,824972,0.280906,0.358731
2026-08-02,822783,0.331504,0.307189
2026-08-02,822943,0.302403,0.325033
2026-08-02,823107,0.345653,0.338311
2026-08-02,823270,0.340332,0.328913
2026-08-02,823592,0.319120,0.344524
2026-08-02,823919,0.368137,0.331491
2026-08-02,823996,0.314820,0.296210
2026-08-02,824163,0.304108,0.364973
2026-08-02,824323,0.328703,0.399382
2026-08-02,824404,0.288307,0.343048
2026-08-02,824483,0.366068,0.312762
2026-08-02,824648,0.304035,0.319463
2026-08-02,824807,0.339920,0.285750
2026-08-02,824891,0.326480,0.311115
2026-08-02,824971,0.281266,0.331802
2026-08-03,822867,,
2026-08-03,823431,,0.339937
2026-08-03,823520,0.343831,
2026-08-03,823757,,
2026-08-03,824160,,
2026-08-03,824324,,
2026-08-03,824647,,
2026-08-03,825095,,
