rid,date,away,home,gn,y_nrfi,nrfi_odds,yrfi_odds,pay_n,pay_y,imp_n,imp_y,vig,dev_n,dev_y,p_raw,p_live,lam,park
373,2026-04-29,COL,CIN,1,0,105.0,-135.0,1.05,0.7407407407407407,0.4878048780487805,0.574468085106383,1.0622729631551635,0.4592085979482169,0.5407914020517831,0.3644988097303691,0.3623,1.1383,1.09
375,2026-04-29,KC,OAK,1,0,105.0,-135.0,1.05,0.7407407407407407,0.4878048780487805,0.574468085106383,1.0622729631551635,0.4592085979482169,0.5407914020517831,0.3452963190245691,0.3952,0.9132,0.93
379,2026-04-29,STL,PIT,1,1,-115.0,-115.0,0.8695652173913043,0.8695652173913043,0.5348837209302325,0.5348837209302325,1.069767441860465,0.5,0.5,0.45936251701245845,0.3992,0.8986,0.96
380,2026-04-29,ARI,MIL,1,0,-120.0,-105.0,0.8333333333333334,0.9523809523809523,0.5454545454545454,0.5121951219512195,1.057649667405765,0.5157232704402516,0.48427672955974843,0.5285701285323028,0.5151,0.5691,1.03
381,2026-04-29,DET,ATL,1,0,-140.0,110.0,0.7142857142857143,1.1,0.5833333333333334,0.47619047619047616,1.0595238095238095,0.550561797752809,0.449438202247191,0.589571988842004,0.6015,0.5308,0.98
383,2026-04-29,CHC,SD,1,1,-120.0,-105.0,0.8333333333333334,0.9523809523809523,0.5454545454545454,0.5121951219512195,1.057649667405765,0.5157232704402516,0.48427672955974843,0.5351482739550947,0.4692,0.6709,0.95
384,2026-04-29,WSH,NYM,1,0,-145.0,110.0,0.6896551724137931,1.1,0.5918367346938775,0.47619047619047616,1.0680272108843538,0.554140127388535,0.4458598726114649,0.48668347098517994,0.4493,0.7514,0.96
388,2026-04-30,TOR,MIN,1,1,-130.0,100.0,0.7692307692307693,1.0,0.5652173913043478,0.5,1.0652173913043477,0.5306122448979592,0.4693877551020409,0.5815159275530897,0.6433,0.4799,0.97
391,2026-04-30,KC,OAK,1,0,100.0,-130.0,1.0,0.7692307692307693,0.5,0.5652173913043478,1.0652173913043477,0.4693877551020409,0.5306122448979592,0.4105231035671146,0.4153,0.796,0.93
396,2026-04-30,HOU,BAL,2,0,-105.0,-125.0,0.9523809523809523,0.8,0.5121951219512195,0.5555555555555556,1.067750677506775,0.4796954314720812,0.5203045685279188,0.5127316691150821,0.4692,0.6711,1.06
397,2026-04-30,SF,PHI,2,0,-135.0,105.0,0.7407407407407407,1.05,0.574468085106383,0.4878048780487805,1.0622729631551635,0.5407914020517831,0.4592085979482169,0.4066148846362417,0.4512,0.7316,1.04
398,2026-05-01,LAD,STL,1,0,-125.0,-105.0,0.8,0.9523809523809523,0.5555555555555556,0.5121951219512195,1.067750677506775,0.5203045685279188,0.4796954314720812,0.4741360436774874,0.413,0.8454,0.97
399,2026-05-01,ATL,COL,1,0,115.0,-150.0,1.15,0.6666666666666666,0.46511627906976744,0.6,1.0651162790697675,0.43668122270742354,0.5633187772925764,0.3705117306524374,0.413,0.7991,1.22
400,2026-05-01,NYM,LAA,1,0,-105.0,-125.0,0.9523809523809523,0.8,0.5121951219512195,0.5555555555555556,1.067750677506775,0.4796954314720812,0.5203045685279188,0.3072579691687521,0.4494,0.7335,0.99
401,2026-05-01,PHI,MIA,1,0,-135.0,100.0,0.7407407407407407,1.0,0.574468085106383,0.5,1.074468085106383,0.5346534653465347,0.4653465346534653,0.3661152580637817,0.413,0.8179,0.95
402,2026-05-01,TEX,DET,1,0,-135.0,105.0,0.7407407407407407,1.05,0.574468085106383,0.4878048780487805,1.0622729631551635,0.5407914020517831,0.4592085979482169,0.5039966451077366,0.4435,0.7686,0.98
403,2026-05-01,MIL,WSH,1,0,-140.0,105.0,0.7142857142857143,1.05,0.5833333333333334,0.4878048780487805,1.071138211382114,0.5445920303605313,0.4554079696394686,0.4565772142683311,0.4493,0.736,0.97
404,2026-05-01,CIN,PIT,1,0,-120.0,-110.0,0.8333333333333334,0.9090909090909091,0.5454545454545454,0.5238095238095238,1.0692640692640691,0.5101214574898786,0.48987854251012153,0.5321435979720462,0.4891,0.596,0.96
405,2026-05-01,SF,TB,1,1,-140.0,105.0,0.7142857142857143,1.05,0.5833333333333334,0.4878048780487805,1.071138211382114,0.5445920303605313,0.4554079696394686,0.480742718458304,0.4849,0.6492,0.93
406,2026-05-01,TOR,MIN,1,1,-105.0,-125.0,0.9523809523809523,0.8,0.5121951219512195,0.5555555555555556,1.067750677506775,0.4796954314720812,0.5203045685279188,0.5335360493414595,0.4692,0.6727,0.97
407,2026-05-01,KC,SEA,1,0,-160.0,125.0,0.625,1.25,0.6153846153846154,0.4444444444444444,1.0598290598290598,0.5806451612903226,0.4193548387096774,0.5407452078909123,0.4692,0.6647,0.95
408,2026-05-01,ARI,CHC,1,0,-170.0,130.0,0.5882352941176471,1.3,0.6296296296296297,0.43478260869565216,1.0644122383252819,0.5915279878971256,0.40847201210287437,0.5387614049141454,0.4891,0.6166,1.0
409,2026-05-01,CLE,OAK,1,0,-115.0,-115.0,0.8695652173913043,0.8695652173913043,0.5348837209302325,0.5348837209302325,1.069767441860465,0.5,0.5,0.44200003600302046,0.4891,0.5919,0.93
410,2026-05-01,CWS,SD,1,1,-115.0,-115.0,0.8695652173913043,0.8695652173913043,0.5348837209302325,0.5348837209302325,1.069767441860465,0.5,0.5,0.4643188247129609,0.4891,0.6355,0.95
411,2026-05-01,BAL,NYY,1,0,-110.0,-120.0,0.9090909090909091,0.8333333333333334,0.5238095238095238,0.5454545454545454,1.0692640692640691,0.48987854251012153,0.5101214574898786,0.4222818104037616,0.4891,0.6093,1.02
412,2026-05-01,HOU,BOS,1,1,100.0,-130.0,1.0,0.7692307692307693,0.5,0.5652173913043478,1.0652173913043477,0.4693877551020409,0.5306122448979592,0.4718384289078107,0.4692,0.6889,1.05
413,2026-05-02,TEX,DET,1,0,-130.0,100.0,0.7692307692307693,1.0,0.5652173913043478,0.5,1.0652173913043477,0.5306122448979592,0.4693877551020409,0.4823697889453362,0.6489,0.4595,0.98
414,2026-05-02,ARI,CHC,1,1,-155.0,120.0,0.6451612903225806,1.2,0.6078431372549019,0.45454545454545453,1.0623885918003564,0.5721476510067114,0.4278523489932886,0.549529517363666,0.6546,0.4391,1.0
415,2026-05-02,LAD,STL,1,1,-105.0,-120.0,0.9523809523809523,0.8333333333333334,0.5121951219512195,0.5454545454545454,1.057649667405765,0.48427672955974843,0.5157232704402516,0.46802554692060566,0.3797,0.9713,0.97
416,2026-05-02,MIL,WSH,1,0,-145.0,115.0,0.6896551724137931,1.15,0.5918367346938775,0.46511627906976744,1.056953013763645,0.5599461158509206,0.4400538841490795,0.4333873248647225,0.413,0.7986,0.97
417,2026-05-02,SF,TB,1,1,-165.0,125.0,0.6060606060606061,1.25,0.6226415094339622,0.4444444444444444,1.0670859538784065,0.5834970530451867,0.4165029469548134,0.4447996758784935,0.4692,0.6765,0.93
418,2026-05-02,NYM,LAA,1,0,-145.0,110.0,0.6896551724137931,1.1,0.5918367346938775,0.47619047619047616,1.0680272108843538,0.554140127388535,0.4458598726114649,0.4565379947350775,0.6168,0.5263,0.99
419,2026-05-02,BAL,NYY,1,1,-115.0,-110.0,0.8695652173913043,0.9090909090909091,0.5348837209302325,0.5238095238095238,1.0586932447397563,0.5052301255230125,0.4947698744769875,0.38729753647757253,0.4303,0.7814,1.02
420,2026-05-02,CLE,OAK,1,0,120.0,-155.0,1.2,0.6451612903225806,0.45454545454545453,0.6078431372549019,1.0623885918003564,0.4278523489932886,0.5721476510067114,0.37850527979402315,0.4063,0.8735,0.93
421,2026-05-02,HOU,BOS,1,0,-115.0,-115.0,0.8695652173913043,0.8695652173913043,0.5348837209302325,0.5348837209302325,1.069767441860465,0.5,0.5,0.5023651569059701,0.413,0.8435,1.05
422,2026-05-02,TOR,MIN,1,0,-135.0,105.0,0.7407407407407407,1.05,0.574468085106383,0.4878048780487805,1.0622729631551635,0.5407914020517831,0.4592085979482169,0.5839074640673079,0.4891,0.6166,0.97
423,2026-05-02,CIN,PIT,1,0,-120.0,-105.0,0.8333333333333334,0.9523809523809523,0.5454545454545454,0.5121951219512195,1.057649667405765,0.5157232704402516,0.48427672955974843,0.5066812214977634,0.4692,0.6713,0.96
424,2026-05-02,PHI,MIA,1,1,-115.0,-115.0,0.8695652173913043,0.8695652173913043,0.5348837209302325,0.5348837209302325,1.069767441860465,0.5,0.5,0.38117382010209117,0.4692,0.6615,0.95
425,2026-05-02,CWS,SD,1,1,-120.0,-105.0,0.8333333333333334,0.9523809523809523,0.5454545454545454,0.5121951219512195,1.057649667405765,0.5157232704402516,0.48427672955974843,0.4692982077645522,0.4891,0.6106,0.95
426,2026-05-02,KC,SEA,1,0,-130.0,100.0,0.7692307692307693,1.0,0.5652173913043478,0.5,1.0652173913043477,0.5306122448979592,0.4693877551020409,0.49658346214719834,0.5543,0.5521,0.95
427,2026-05-02,ATL,COL,1,0,-125.0,-105.0,0.8,0.9523809523809523,0.5555555555555556,0.5121951219512195,1.067750677506775,0.5203045685279188,0.4796954314720812,0.4370413918923849,0.4891,0.6231,1.22
428,2026-05-03,TOR,MIN,1,0,-130.0,100.0,0.7692307692307693,1.0,0.5652173913043478,0.5,1.0652173913043477,0.5306122448979592,0.4693877551020409,0.5492254990684183,0.6324,0.5225,0.97
429,2026-05-03,CIN,PIT,1,1,-155.0,120.0,0.6451612903225806,1.2,0.6078431372549019,0.45454545454545453,1.0623885918003564,0.5721476510067114,0.4278523489932886,0.5267036013737454,0.6413,0.5132,0.96
430,2026-05-03,MIL,WSH,1,1,-105.0,-125.0,0.9523809523809523,0.8,0.5121951219512195,0.5555555555555556,1.067750677506775,0.4796954314720812,0.5203045685279188,0.42634152947853493,0.3623,1.1147,0.97
431,2026-05-03,ARI,CHC,1,1,115.0,-155.0,1.15,0.6451612903225806,0.46511627906976744,0.6078431372549019,1.0729594163246694,0.43348916277093075,0.5665108372290693,0.4973191501988134,0.3623,1.8667,1.0
432,2026-05-03,TEX,DET,1,1,-160.0,125.0,0.625,1.25,0.6153846153846154,0.4444444444444444,1.0598290598290598,0.5806451612903226,0.4193548387096774,0.4819375661198119,0.3623,1.0486,0.98
433,2026-05-03,PHI,MIA,1,0,-135.0,105.0,0.7407407407407407,1.05,0.574468085106383,0.4878048780487805,1.0622729631551635,0.5407914020517831,0.4592085979482169,0.41329499098281375,0.6335,0.5222,0.95
434,2026-05-03,CWS,SD,1,1,-120.0,-110.0,0.8333333333333334,0.9090909090909091,0.5454545454545454,0.5238095238095238,1.0692640692640691,0.5101214574898786,0.48987854251012153,0.4778539398170134,0.3973,0.9058,0.95
435,2026-05-03,KC,SEA,1,1,-130.0,100.0,0.7692307692307693,1.0,0.5652173913043478,0.5,1.0652173913043477,0.5306122448979592,0.4693877551020409,0.5392872499149108,0.4482,0.7642,0.95
436,2026-05-03,ATL,COL,1,0,-105.0,-125.0,0.9523809523809523,0.8,0.5121951219512195,0.5555555555555556,1.067750677506775,0.4796954314720812,0.5203045685279188,0.39999345999817093,0.4189,0.7924,1.22
437,2026-05-03,HOU,BOS,1,1,-120.0,-105.0,0.8333333333333334,0.9523809523809523,0.5454545454545454,0.5121951219512195,1.057649667405765,0.5157232704402516,0.48427672955974843,0.4594503870234335,0.4493,0.7564,1.05
438,2026-05-03,CLE,OAK,1,1,-110.0,-120.0,0.9090909090909091,0.8333333333333334,0.5238095238095238,0.5454545454545454,1.0692640692640691,0.48987854251012153,0.5101214574898786,0.43924035346988255,0.4692,0.6739,0.93
439,2026-05-03,SF,TB,1,0,-130.0,100.0,0.7692307692307693,1.0,0.5652173913043478,0.5,1.0652173913043477,0.5306122448979592,0.4693877551020409,0.3914267152893622,0.4692,0.6891,0.93
440,2026-05-03,LAD,STL,1,1,105.0,-135.0,1.05,0.7407407407407407,0.4878048780487805,0.574468085106383,1.0622729631551635,0.4592085979482169,0.5407914020517831,0.4168241584023884,0.4552,0.7271,0.97
441,2026-05-03,NYM,LAA,1,0,-105.0,-120.0,0.9523809523809523,0.8333333333333334,0.5121951219512195,0.5454545454545454,1.057649667405765,0.48427672955974843,0.5157232704402516,0.3541018885627847,0.4493,0.7385,0.99
442,2026-05-03,BAL,NYY,1,0,-115.0,-115.0,0.8695652173913043,0.8695652173913043,0.5348837209302325,0.5348837209302325,1.069767441860465,0.5,0.5,0.41862198031481074,0.4493,0.7623,1.02
443,2026-05-04,BOS,DET,1,1,-135.0,100.0,0.7407407407407407,1.0,0.574468085106383,0.5,1.074468085106383,0.5346534653465347,0.4653465346534653,0.4391645419673635,0.3947,0.9211,0.98
444,2026-05-04,MIL,STL,1,1,-110.0,-120.0,0.9090909090909091,0.8333333333333334,0.5238095238095238,0.5454545454545454,1.0692640692640691,0.48987854251012153,0.5101214574898786,0.3897906090147905,0.3759,1.0997,0.97
445,2026-05-04,ATL,SEA,1,0,-130.0,100.0,0.7692307692307693,1.0,0.5652173913043478,0.5,1.0652173913043477,0.5306122448979592,0.4693877551020409,0.5279243304184411,0.5347,0.5645,0.95
446,2026-05-04,CLE,KC,1,1,-120.0,-110.0,0.8333333333333334,0.9090909090909091,0.5454545454545454,0.5238095238095238,1.0692640692640691,0.5101214574898786,0.48987854251012153,0.5570248349603012,0.4802,0.642,0.96
447,2026-05-04,LAD,HOU,1,0,-125.0,-105.0,0.8,0.9523809523809523,0.5555555555555556,0.5121951219512195,1.067750677506775,0.5203045685279188,0.4796954314720812,0.4661682569790448,0.4658,0.6955,0.99
448,2026-05-04,CWS,LAA,1,0,-140.0,105.0,0.7142857142857143,1.05,0.5833333333333334,0.4878048780487805,1.071138211382114,0.5445920303605313,0.4554079696394686,0.34409721108004954,0.4086,0.7981,0.99
449,2026-05-04,PHI,MIA,1,1,-115.0,-115.0,0.8695652173913043,0.8695652173913043,0.5348837209302325,0.5348837209302325,1.069767441860465,0.5,0.5,0.4351280902220902,0.4802,0.5942,0.95
450,2026-05-04,BAL,NYY,1,0,-120.0,-110.0,0.8333333333333334,0.9090909090909091,0.5454545454545454,0.5238095238095238,1.0692640692640691,0.5101214574898786,0.48987854251012153,0.40546688642604356,0.4663,0.6923,1.02
452,2026-05-04,TOR,TB,1,0,-120.0,-110.0,0.8333333333333334,0.9090909090909091,0.5454545454545454,0.5238095238095238,1.0692640692640691,0.5101214574898786,0.48987854251012153,0.42244103605560485,0.4742,0.6712,0.93
453,2026-05-04,SD,SF,1,0,-140.0,105.0,0.7142857142857143,1.05,0.5833333333333334,0.4878048780487805,1.071138211382114,0.5445920303605313,0.4554079696394686,0.5422954651541267,0.4802,0.6606,0.94
454,2026-05-04,CIN,CHC,1,1,115.0,-150.0,1.15,0.6666666666666666,0.46511627906976744,0.6,1.0651162790697675,0.43668122270742354,0.5633187772925764,0.4147722358116169,0.4603,0.7431,1.0
455,2026-05-05,LAD,HOU,1,1,-130.0,100.0,0.7692307692307693,1.0,0.5652173913043478,0.5,1.0652173913043477,0.5306122448979592,0.4693877551020409,0.5854694240640614,0.6623,0.4189,0.99
462,2026-05-05,ATL,SEA,1,1,-125.0,-105.0,0.8,0.9523809523809523,0.5555555555555556,0.5121951219512195,1.067750677506775,0.5203045685279188,0.4796954314720812,0.5253072703187226,0.612,0.5265,0.95
468,2026-05-05,CWS,LAA,1,0,-105.0,-120.0,0.9523809523809523,0.8333333333333334,0.5121951219512195,0.5454545454545454,1.057649667405765,0.48427672955974843,0.5157232704402516,0.306256789511959,0.4018,0.8742,0.99
470,2026-05-06,CLE,KC,1,1,-145.0,110.0,0.6896551724137931,1.1,0.5918367346938775,0.47619047619047616,1.0680272108843538,0.554140127388535,0.4458598726114649,0.5330333115339582,0.6623,0.3907,0.96
473,2026-05-06,MIN,WSH,1,1,-105.0,-125.0,0.9523809523809523,0.8,0.5121951219512195,0.5555555555555556,1.067750677506775,0.4796954314720812,0.5203045685279188,0.37172738292516894,0.4311,0.7696,0.97
474,2026-05-06,TEX,NYY,1,0,-130.0,100.0,0.7692307692307693,1.0,0.5652173913043478,0.5,1.0652173913043477,0.5306122448979592,0.4693877551020409,0.42572280761572834,0.4179,0.7862,1.02
475,2026-05-06,CIN,CHC,1,0,-135.0,100.0,0.7407407407407407,1.0,0.574468085106383,0.5,1.074468085106383,0.5346534653465347,0.4653465346534653,0.44572529553007006,0.4758,0.669,1.0
480,2026-05-06,BOS,DET,1,1,-130.0,100.0,0.7692307692307693,1.0,0.5652173913043478,0.5,1.0652173913043477,0.5306122448979592,0.4693877551020409,0.5553308232254084,0.5709,0.549,0.98
481,2026-05-06,OAK,PHI,1,1,-120.0,-105.0,0.8333333333333334,0.9523809523809523,0.5454545454545454,0.5121951219512195,1.057649667405765,0.5157232704402516,0.48427672955974843,0.5592309123033072,0.4802,0.6171,1.04
482,2026-05-06,BAL,MIA,1,0,-125.0,-105.0,0.8,0.9523809523809523,0.5555555555555556,0.5121951219512195,1.067750677506775,0.5203045685279188,0.4796954314720812,0.3677812968861787,0.4912,0.5718,0.95
483,2026-05-06,NYM,COL,1,0,-115.0,-115.0,0.8695652173913043,0.8695652173913043,0.5348837209302325,0.5348837209302325,1.069767441860465,0.5,0.5,0.47414933223417144,0.4802,0.5748,1.22
484,2026-05-06,PIT,ARI,1,0,-150.0,115.0,0.6666666666666666,1.15,0.6,0.46511627906976744,1.0651162790697675,0.5633187772925764,0.43668122270742354,0.4138102212986463,0.4802,0.6501,1.0
485,2026-05-07,NYM,COL,1,1,110.0,-145.0,1.1,0.6896551724137931,0.47619047619047616,0.5918367346938775,1.0680272108843538,0.4458598726114649,0.554140127388535,0.329501308674996,0.3759,1.2885,1.22
486,2026-05-07,OAK,PHI,1,0,105.0,-140.0,1.05,0.7142857142857143,0.4878048780487805,0.5833333333333334,1.071138211382114,0.4554079696394686,0.5445920303605313,0.41725887470055456,0.3904,0.951,1.04
487,2026-05-07,BAL,MIA,1,0,-140.0,105.0,0.7142857142857143,1.05,0.5833333333333334,0.4878048780487805,1.071138211382114,0.5445920303605313,0.4554079696394686,0.4511216320377748,0.4043,0.8219,0.95
488,2026-05-07,CLE,KC,1,0,-105.0,-125.0,0.9523809523809523,0.8,0.5121951219512195,0.5555555555555556,1.067750677506775,0.4796954314720812,0.5203045685279188,0.515220748619764,0.4657,0.7058,0.96
489,2026-05-07,TEX,NYY,1,0,-105.0,-125.0,0.9523809523809523,0.8,0.5121951219512195,0.5555555555555556,1.067750677506775,0.4796954314720812,0.5203045685279188,0.45616592555642127,0.4657,0.7035,1.02
490,2026-05-07,MIN,WSH,1,1,-115.0,-110.0,0.8695652173913043,0.9090909090909091,0.5348837209302325,0.5238095238095238,1.0586932447397563,0.5052301255230125,0.4947698744769875,0.37144750467451576,0.4324,0.768,0.97
491,2026-05-07,PIT,ARI,1,0,-115.0,-115.0,0.8695652173913043,0.8695652173913043,0.5348837209302325,0.5348837209302325,1.069767441860465,0.5,0.5,0.36881967080507805,0.4074,0.7996,1.0
492,2026-05-07,TB,BOS,1,1,-125.0,-105.0,0.8,0.9523809523809523,0.5555555555555556,0.5121951219512195,1.067750677506775,0.5203045685279188,0.4796954314720812,0.536369715687519,0.4784,0.6656,1.05
493,2026-05-07,STL,SD,1,0,-135.0,100.0,0.7407407407407407,1.0,0.574468085106383,0.5,1.074468085106383,0.5346534653465347,0.4653465346534653,0.48954027596881794,0.4725,0.6734,0.95
494,2026-05-07,CIN,CHC,1,1,-130.0,100.0,0.7692307692307693,1.0,0.5652173913043478,0.5,1.0652173913043477,0.5306122448979592,0.4693877551020409,0.5497130976043374,0.6107,0.527,1.0
495,2026-05-08,NYY,MIL,1,1,-140.0,105.0,0.7142857142857143,1.05,0.5833333333333334,0.4878048780487805,1.071138211382114,0.5445920303605313,0.4554079696394686,0.5747841547728328,0.6418,0.4648,1.03
496,2026-05-08,MIN,CLE,1,0,-150.0,115.0,0.6666666666666666,1.15,0.6,0.46511627906976744,1.0651162790697675,0.5633187772925764,0.43668122270742354,0.5552304181511263,0.6623,0.3746,0.96
497,2026-05-08,DET,KC,1,1,-125.0,100.0,0.8,1.0,0.5555555555555556,0.5,1.0555555555555556,0.5263157894736842,0.47368421052631576,0.6187337607000508,0.6444,0.4587,0.96
498,2026-05-08,ATL,LAD,1,1,-145.0,110.0,0.6896551724137931,1.1,0.5918367346938775,0.47619047619047616,1.0680272108843538,0.554140127388535,0.4458598726114649,0.46891824488396916,0.4802,0.6427,0.97
499,2026-05-08,LAA,TOR,1,1,-135.0,105.0,0.7407407407407407,1.05,0.574468085106383,0.4878048780487805,1.0622729631551635,0.5407914020517831,0.4592085979482169,0.5239254459798405,0.4802,0.5802,1.01
500,2026-05-08,SEA,CWS,1,0,-135.0,105.0,0.7407407407407407,1.05,0.574468085106383,0.4878048780487805,1.0622729631551635,0.5407914020517831,0.4592085979482169,0.4465286995288506,0.4414,0.7598,0.98
501,2026-05-08,TB,BOS,1,1,-105.0,-125.0,0.9523809523809523,0.8,0.5121951219512195,0.5555555555555556,1.067750677506775,0.4796954314720812,0.5203045685279188,0.47833638866702244,0.4802,0.646,1.05
502,2026-05-08,HOU,CIN,1,1,-115.0,-115.0,0.8695652173913043,0.8695652173913043,0.5348837209302325,0.5348837209302325,1.069767441860465,0.5,0.5,0.44534163521898423,0.4043,0.8286,1.09
503,2026-05-08,COL,PHI,1,0,-155.0,120.0,0.6451612903225806,1.2,0.6078431372549019,0.45454545454545453,1.0623885918003564,0.5721476510067114,0.4278523489932886,0.4868113230644951,0.4657,0.7237,1.04
504,2026-05-08,OAK,BAL,1,1,100.0,-130.0,1.0,0.7692307692307693,0.5,0.5652173913043478,1.0652173913043477,0.4693877551020409,0.5306122448979592,0.4586072668079672,0.5457,0.5627,1.06
505,2026-05-08,CHC,TEX,1,0,-135.0,105.0,0.7407407407407407,1.05,0.574468085106383,0.4878048780487805,1.0622729631551635,0.5407914020517831,0.4592085979482169,0.5491284247218587,0.4802,0.5997,1.07
506,2026-05-08,NYM,ARI,1,1,-125.0,-105.0,0.8,0.9523809523809523,0.5555555555555556,0.5121951219512195,1.067750677506775,0.5203045685279188,0.4796954314720812,0.4262784089265186,0.4802,0.5752,1.0
507,2026-05-08,STL,SD,1,1,-135.0,105.0,0.7407407407407407,1.05,0.574468085106383,0.4878048780487805,1.0622729631551635,0.5407914020517831,0.4592085979482169,0.5019240457355809,0.4657,0.6994,0.95
508,2026-05-08,PIT,SF,1,1,-145.0,110.0,0.6896551724137931,1.1,0.5918367346938775,0.47619047619047616,1.0680272108843538,0.554140127388535,0.4458598726114649,0.5991041206636512,0.4657,0.7319,0.94
509,2026-05-08,WSH,MIA,1,0,-135.0,105.0,0.7407407407407407,1.05,0.574468085106383,0.4878048780487805,1.0622729631551635,0.5407914020517831,0.4592085979482169,0.4569471944002389,0.4802,0.6538,0.95
510,2026-05-09,NYY,MIL,1,0,-135.0,105.0,0.7407407407407407,1.05,0.574468085106383,0.4878048780487805,1.0622729631551635,0.5407914020517831,0.4592085979482169,0.5179531071474348,0.5709,0.5567,1.03
511,2026-05-09,SEA,CWS,1,0,105.0,-135.0,1.05,0.7407407407407407,0.4878048780487805,0.574468085106383,1.0622729631551635,0.4592085979482169,0.5407914020517831,0.31861262962830983,0.3759,1.2859,0.98
512,2026-05-09,STL,SD,1,1,-125.0,-105.0,0.8,0.9523809523809523,0.5555555555555556,0.5121951219512195,1.067750677506775,0.5203045685279188,0.4796954314720812,0.5047427537026047,0.399,0.8923,0.95
513,2026-05-09,MIN,CLE,1,0,-140.0,110.0,0.7142857142857143,1.1,0.5833333333333334,0.47619047619047616,1.0595238095238095,0.550561797752809,0.449438202247191,0.5247090669448611,0.4802,0.5753,0.96
514,2026-05-09,LAA,TOR,1,1,-120.0,-110.0,0.8333333333333334,0.9090909090909091,0.5454545454545454,0.5238095238095238,1.0692640692640691,0.5101214574898786,0.48987854251012153,0.5212412448516593,0.633,0.485,1.01
515,2026-05-09,ATL,LAD,1,0,-115.0,-110.0,0.8695652173913043,0.9090909090909091,0.5348837209302325,0.5238095238095238,1.0586932447397563,0.5052301255230125,0.4947698744769875,0.48022176571780595,0.4657,0.7111,0.97
516,2026-05-09,HOU,CIN,1,1,-110.0,-120.0,0.9090909090909091,0.8333333333333334,0.5238095238095238,0.5454545454545454,1.0692640692640691,0.48987854251012153,0.5101214574898786,0.43522025031181827,0.4043,0.8174,1.09
517,2026-05-09,WSH,MIA,1,0,-110.0,-120.0,0.9090909090909091,0.8333333333333334,0.5238095238095238,0.5454545454545454,1.0692640692640691,0.48987854251012153,0.5101214574898786,0.4544697347722935,0.4802,0.6457,0.95
518,2026-05-09,COL,PHI,1,1,-115.0,-115.0,0.8695652173913043,0.8695652173913043,0.5348837209302325,0.5348837209302325,1.069767441860465,0.5,0.5,0.4642530823976156,0.4619,0.7417,1.04
519,2026-05-09,PIT,SF,1,1,-165.0,125.0,0.6060606060606061,1.25,0.6226415094339622,0.4444444444444444,1.0670859538784065,0.5834970530451867,0.4165029469548134,0.5344880057420054,0.4657,0.7045,0.94
520,2026-05-09,OAK,BAL,1,0,100.0,-130.0,1.0,0.7692307692307693,0.5,0.5652173913043478,1.0652173913043477,0.4693877551020409,0.5306122448979592,0.4177868867443466,0.4802,0.6435,1.06
522,2026-05-09,DET,KC,1,0,-115.0,-115.0,0.8695652173913043,0.8695652173913043,0.5348837209302325,0.5348837209302325,1.069767441860465,0.5,0.5,0.5973926811472441,0.4802,0.619,0.96
523,2026-05-09,NYM,ARI,1,1,105.0,-135.0,1.05,0.7407407407407407,0.4878048780487805,0.574468085106383,1.0622729631551635,0.4592085979482169,0.5407914020517831,0.37585934623672623,0.4802,0.6003,1.0
524,2026-05-09,CHC,TEX,1,1,-135.0,105.0,0.7407407407407407,1.05,0.574468085106383,0.4878048780487805,1.0622729631551635,0.5407914020517831,0.4592085979482169,0.5819706567957381,0.5315,0.5651,1.07
525,2026-05-10,NYY,MIL,1,0,-120.0,-110.0,0.8333333333333334,0.9090909090909091,0.5454545454545454,0.5238095238095238,1.0692640692640691,0.5101214574898786,0.48987854251012153,0.559324853231034,0.6312,0.5021,1.03
526,2026-05-10,CHC,TEX,1,1,-145.0,110.0,0.6896551724137931,1.1,0.5918367346938775,0.47619047619047616,1.0680272108843538,0.554140127388535,0.4458598726114649,0.5666613830942727,0.6447,0.4582,1.07
527,2026-05-10,PIT,SF,1,0,-150.0,115.0,0.6666666666666666,1.15,0.6,0.46511627906976744,1.0651162790697675,0.5633187772925764,0.43668122270742354,0.5622311509184988,0.4797,0.6639,0.94
528,2026-05-10,SEA,CWS,1,0,-150.0,115.0,0.6666666666666666,1.15,0.6,0.46511627906976744,1.0651162790697675,0.5633187772925764,0.43668122270742354,0.44251710760538376,0.4592,0.744,0.98
529,2026-05-10,HOU,CIN,1,1,-140.0,110.0,0.7142857142857143,1.1,0.5833333333333334,0.47619047619047616,1.0595238095238095,0.550561797752809,0.449438202247191,0.4407361092230982,0.3979,0.8996,1.09
530,2026-05-10,NYM,ARI,1,1,-120.0,-110.0,0.8333333333333334,0.9090909090909091,0.5454545454545454,0.5238095238095238,1.0692640692640691,0.5101214574898786,0.48987854251012153,0.49036958364378336,0.4802,0.5883,1.0
531,2026-05-10,STL,SD,1,1,-120.0,-110.0,0.8333333333333334,0.9090909090909091,0.5454545454545454,0.5238095238095238,1.0692640692640691,0.5101214574898786,0.48987854251012153,0.5021191571016976,0.4657,0.7357,0.95
532,2026-05-10,COL,PHI,1,0,-120.0,-105.0,0.8333333333333334,0.9523809523809523,0.5454545454545454,0.5121951219512195,1.057649667405765,0.5157232704402516,0.48427672955974843,0.4381274665690157,0.4657,0.6985,1.04
533,2026-05-10,WSH,MIA,1,1,-135.0,105.0,0.7407407407407407,1.05,0.574468085106383,0.4878048780487805,1.0622729631551635,0.5407914020517831,0.4592085979482169,0.47715590451283774,0.4674,0.6844,0.95
534,2026-05-10,ATL,LAD,1,1,-105.0,-120.0,0.9523809523809523,0.8333333333333334,0.5121951219512195,0.5454545454545454,1.057649667405765,0.48427672955974843,0.5157232704402516,0.46643862689909493,0.4665,0.6905,0.97
535,2026-05-10,OAK,BAL,1,1,-115.0,-115.0,0.8695652173913043,0.8695652173913043,0.5348837209302325,0.5348837209302325,1.069767441860465,0.5,0.5,0.35764803727030436,0.4077,0.7993,1.06
536,2026-05-10,TB,BOS,1,0,-120.0,-110.0,0.8333333333333334,0.9090909090909091,0.5454545454545454,0.5238095238095238,1.0692640692640691,0.5101214574898786,0.48987854251012153,0.5527440022613398,0.5817,0.5372,1.05
537,2026-05-10,LAA,TOR,1,0,-145.0,110.0,0.6896551724137931,1.1,0.5918367346938775,0.47619047619047616,1.0680272108843538,0.554140127388535,0.4458598726114649,0.5018997037340192,0.4802,0.6091,1.01
538,2026-05-10,MIN,CLE,1,1,-160.0,125.0,0.625,1.25,0.6153846153846154,0.4444444444444444,1.0598290598290598,0.5806451612903226,0.4193548387096774,0.5165621801329155,0.4802,0.6352,0.96
539,2026-05-10,DET,KC,1,1,-125.0,100.0,0.8,1.0,0.5555555555555556,0.5,1.0555555555555556,0.5263157894736842,0.47368421052631576,0.5758135746884451,0.4802,0.5752,0.96
540,2026-05-11,SEA,HOU,1,1,-125.0,-105.0,0.8,0.9523809523809523,0.5555555555555556,0.5121951219512195,1.067750677506775,0.5203045685279188,0.4796954314720812,0.5134198954739952,0.5411,0.5823,0.99
541,2026-05-11,ARI,TEX,1,0,-125.0,100.0,0.8,1.0,0.5555555555555556,0.5,1.0555555555555556,0.5263157894736842,0.47368421052631576,0.5434711397902633,0.5274,0.6367,1.07
542,2026-05-11,SF,LAD,1,1,-105.0,-120.0,0.9523809523809523,0.8333333333333334,0.5121951219512195,0.5454545454545454,1.057649667405765,0.48427672955974843,0.5157232704402516,0.3777072124868617,0.4726,0.7238,0.97
543,2026-05-11,NYY,BAL,1,1,-115.0,-115.0,0.8695652173913043,0.8695652173913043,0.5348837209302325,0.5348837209302325,1.069767441860465,0.5,0.5,0.454210543435027,0.3404,0.9059,1.06
544,2026-05-11,TB,TOR,1,0,-140.0,110.0,0.7142857142857143,1.1,0.5833333333333334,0.47619047619047616,1.0595238095238095,0.550561797752809,0.449438202247191,0.5533697445607555,0.6055,0.5461,1.01
545,2026-05-11,LAA,CLE,1,1,-120.0,-110.0,0.8333333333333334,0.9090909090909091,0.5454545454545454,0.5238095238095238,1.0692640692640691,0.5101214574898786,0.48987854251012153,0.5037494587482299,0.4116,0.8536,0.96
546,2026-05-12,KC,CWS,1,0,-105.0,-125.0,0.9523809523809523,0.8,0.5121951219512195,0.5555555555555556,1.067750677506775,0.4796954314720812,0.5203045685279188,0.393948621278607,0.432,0.839,0.98
547,2026-05-12,LAA,CLE,1,1,-115.0,-110.0,0.8695652173913043,0.9090909090909091,0.5348837209302325,0.5238095238095238,1.0586932447397563,0.5052301255230125,0.4947698744769875,0.44849411677608914,0.4401,0.8142,0.96
548,2026-05-12,WSH,CIN,1,1,105.0,-135.0,1.05,0.7407407407407407,0.4878048780487805,0.574468085106383,1.0622729631551635,0.4592085979482169,0.5407914020517831,0.43485611890532017,0.4401,0.7958,1.09
549,2026-05-12,CHC,ATL,1,1,-120.0,-105.0,0.8333333333333334,0.9523809523809523,0.5454545454545454,0.5121951219512195,1.057649667405765,0.5157232704402516,0.48427672955974843,0.4907849801555027,0.4401,0.7722,0.98
550,2026-05-12,MIA,MIN,1,1,-115.0,-115.0,0.8695652173913043,0.8695652173913043,0.5348837209302325,0.5348837209302325,1.069767441860465,0.5,0.5,0.5244295202693543,0.5274,0.6312,0.97
551,2026-05-12,STL,OAK,1,0,110.0,-140.0,1.1,0.7142857142857143,0.47619047619047616,0.5833333333333334,1.0595238095238095,0.449438202247191,0.550561797752809,0.3531796784101488,0.4401,0.8102,0.93
552,2026-05-12,SF,LAD,1,0,-125.0,-105.0,0.8,0.9523809523809523,0.5555555555555556,0.5121951219512195,1.067750677506775,0.5203045685279188,0.4796954314720812,0.3812907500019511,0.4401,0.7522,0.97
553,2026-05-12,SD,MIL,1,1,-115.0,-115.0,0.8695652173913043,0.8695652173913043,0.5348837209302325,0.5348837209302325,1.069767441860465,0.5,0.5,0.6135289014092246,0.5411,0.5827,1.03
554,2026-05-12,ARI,TEX,1,0,-130.0,100.0,0.7692307692307693,1.0,0.5652173913043478,0.5,1.0652173913043477,0.5306122448979592,0.4693877551020409,0.48259462798657266,0.5274,0.6414,1.07
555,2026-05-12,TB,TOR,1,0,-130.0,100.0,0.7692307692307693,1.0,0.5652173913043478,0.5,1.0652173913043477,0.5306122448979592,0.4693877551020409,0.4548127384098982,0.5,0.6559,1.01
556,2026-05-12,DET,NYM,1,1,-145.0,115.0,0.6896551724137931,1.15,0.5918367346938775,0.46511627906976744,1.056953013763645,0.5599461158509206,0.4400538841490795,0.6338298803597814,0.529,0.6045,0.96
557,2026-05-12,SEA,HOU,1,1,-130.0,100.0,0.7692307692307693,1.0,0.5652173913043478,0.5,1.0652173913043477,0.5306122448979592,0.4693877551020409,0.5040002612270633,0.5041,0.6527,0.99
558,2026-05-12,COL,PIT,1,0,-145.0,110.0,0.6896551724137931,1.1,0.5918367346938775,0.47619047619047616,1.0680272108843538,0.554140127388535,0.4458598726114649,0.4965121527174893,0.5,0.6581,0.96
559,2026-05-12,PHI,BOS,1,0,-145.0,115.0,0.6896551724137931,1.15,0.5918367346938775,0.46511627906976744,1.056953013763645,0.5599461158509206,0.4400538841490795,0.5756238315788736,0.4401,0.8232,1.05
560,2026-05-12,NYY,BAL,1,0,-115.0,-110.0,0.8695652173913043,0.9090909090909091,0.5348837209302325,0.5238095238095238,1.0586932447397563,0.5052301255230125,0.4947698744769875,0.4181711039237871,0.4337,0.8379,1.06
561,2026-05-13,SD,MIL,1,1,-165.0,125.0,0.6060606060606061,1.25,0.6226415094339622,0.4444444444444444,1.0670859538784065,0.5834970530451867,0.4165029469548134,0.6746764661024722,0.6863,0.4652,1.03
562,2026-05-13,STL,OAK,1,1,105.0,-140.0,1.05,0.7142857142857143,0.4878048780487805,0.5833333333333334,1.071138211382114,0.4554079696394686,0.5445920303605313,0.3945828692330222,0.3711,0.883,0.93
563,2026-05-13,MIA,MIN,1,0,-125.0,-105.0,0.8,0.9523809523809523,0.5555555555555556,0.5121951219512195,1.067750677506775,0.5203045685279188,0.4796954314720812,0.5158357678472625,0.4829,0.6891,0.97
564,2026-05-13,TB,TOR,1,1,-155.0,115.0,0.6451612903225806,1.15,0.6078431372549019,0.46511627906976744,1.0729594163246694,0.5665108372290693,0.43348916277093075,0.6219167905590256,0.6863,0.4742,1.01
565,2026-05-13,WSH,CIN,1,0,-110.0,-120.0,0.9090909090909091,0.8333333333333334,0.5238095238095238,0.5454545454545454,1.0692640692640691,0.48987854251012153,0.5101214574898786,0.35551742853460294,0.3576,0.893,1.09
566,2026-05-13,DET,NYM,1,0,-135.0,105.0,0.7407407407407407,1.05,0.574468085106383,0.4878048780487805,1.0622729631551635,0.5407914020517831,0.4592085979482169,0.4813580568473262,0.4726,0.7128,0.96
567,2026-05-13,CHC,ATL,1,1,-125.0,-105.0,0.8,0.9523809523809523,0.5555555555555556,0.5121951219512195,1.067750677506775,0.5203045685279188,0.4796954314720812,0.4561964881478141,0.4401,0.7638,0.98
568,2026-05-13,KC,CWS,1,1,-125.0,-105.0,0.8,0.9523809523809523,0.5555555555555556,0.5121951219512195,1.067750677506775,0.5203045685279188,0.4796954314720812,0.45513841387058246,0.4401,0.7735,0.98
569,2026-05-13,COL,PIT,1,1,-125.0,-105.0,0.8,0.9523809523809523,0.5555555555555556,0.5121951219512195,1.067750677506775,0.5203045685279188,0.4796954314720812,0.4177116079387251,0.4903,0.6726,0.96
570,2026-05-13,NYY,BAL,1,1,-115.0,-115.0,0.8695652173913043,0.8695652173913043,0.5348837209302325,0.5348837209302325,1.069767441860465,0.5,0.5,0.43391225022671137,0.4401,0.8156,1.06
571,2026-05-13,SEA,HOU,1,0,-115.0,-115.0,0.8695652173913043,0.8695652173913043,0.5348837209302325,0.5348837209302325,1.069767441860465,0.5,0.5,0.44510655908548363,0.4792,0.6945,0.99
572,2026-05-13,LAA,CLE,1,0,-155.0,120.0,0.6451612903225806,1.2,0.6078431372549019,0.45454545454545453,1.0623885918003564,0.5721476510067114,0.4278523489932886,0.5172602867664613,0.5274,0.6092,0.96
573,2026-05-13,ARI,TEX,1,1,-120.0,-110.0,0.8333333333333334,0.9090909090909091,0.5454545454545454,0.5238095238095238,1.0692640692640691,0.5101214574898786,0.48987854251012153,0.49433136362160013,0.4829,0.6833,1.07
574,2026-05-13,SF,LAD,1,1,-150.0,115.0,0.6666666666666666,1.15,0.6,0.46511627906976744,1.0651162790697675,0.5633187772925764,0.43668122270742354,0.5933109535571508,0.6224,0.5392,0.97
575,2026-05-13,PHI,BOS,1,1,-105.0,-125.0,0.9523809523809523,0.8,0.5121951219512195,0.5555555555555556,1.067750677506775,0.4796954314720812,0.5203045685279188,0.48051677725265746,0.4688,0.7317,1.05
576,2026-05-14,STL,OAK,1,0,110.0,-145.0,1.1,0.6896551724137931,0.47619047619047616,0.5918367346938775,1.0680272108843538,0.4458598726114649,0.554140127388535,0.3130875732248378,0.3082,0.9542,0.93
577,2026-05-14,PHI,BOS,1,1,-165.0,125.0,0.6060606060606061,1.25,0.6226415094339622,0.4444444444444444,1.0670859538784065,0.5834970530451867,0.4165029469548134,0.6299148520322205,0.5971,0.5495,1.05
578,2026-05-14,COL,PIT,1,0,-155.0,120.0,0.6451612903225806,1.2,0.6078431372549019,0.45454545454545453,1.0623885918003564,0.5721476510067114,0.4278523489932886,0.4348975474923464,0.4401,0.7537,0.96
579,2026-05-14,KC,CWS,1,0,-130.0,100.0,0.7692307692307693,1.0,0.5652173913043478,0.5,1.0652173913043477,0.5306122448979592,0.4693877551020409,0.3812669870680319,0.4401,0.7909,0.98
580,2026-05-14,SD,MIL,1,0,-130.0,100.0,0.7692307692307693,1.0,0.5652173913043478,0.5,1.0652173913043477,0.5306122448979592,0.4693877551020409,0.6802884280671786,0.686,0.5137,1.03
581,2026-05-14,CHC,ATL,1,1,-145.0,110.0,0.6896551724137931,1.1,0.5918367346938775,0.47619047619047616,1.0680272108843538,0.554140127388535,0.4458598726114649,0.4946288020937983,0.4565,0.7377,0.98
582,2026-05-14,SEA,HOU,1,0,-115.0,-115.0,0.8695652173913043,0.8695652173913043,0.5348837209302325,0.5348837209302325,1.069767441860465,0.5,0.5,0.45671379695677344,0.4838,0.6772,0.99
583,2026-05-14,SF,LAD,1,0,-145.0,110.0,0.6896551724137931,1.1,0.5918367346938775,0.47619047619047616,1.0680272108843538,0.554140127388535,0.4458598726114649,0.5222715973779591,0.5726,0.5603,0.97
584,2026-05-14,WSH,CIN,1,1,-130.0,100.0,0.7692307692307693,1.0,0.5652173913043478,0.5,1.0652173913043477,0.5306122448979592,0.4693877551020409,0.5103572822169044,0.4726,0.7183,1.09
585,2026-05-14,DET,NYM,1,0,-155.0,120.0,0.6451612903225806,1.2,0.6078431372549019,0.45454545454545453,1.0623885918003564,0.5721476510067114,0.4278523489932886,0.5374378353826863,0.5335,0.5996,0.96
586,2026-05-14,MIA,MIN,1,1,-130.0,100.0,0.7692307692307693,1.0,0.5652173913043478,0.5,1.0652173913043477,0.5306122448979592,0.4693877551020409,0.5170283191892939,0.5,0.6573,0.97
587,2026-05-15,BAL,WSH,1,1,-110.0,-120.0,0.9090909090909091,0.8333333333333334,0.5238095238095238,0.5454545454545454,1.0692640692640691,0.48987854251012153,0.5101214574898786,0.34273562815579256,0.3082,0.958,0.97
588,2026-05-15,ARI,COL,1,0,120.0,-155.0,1.2,0.6451612903225806,0.45454545454545453,0.6078431372549019,1.0623885918003564,0.4278523489932886,0.5721476510067114,0.28689791077785765,0.3085,0.9302,1.22
589,2026-05-15,SF,OAK,1,1,105.0,-135.0,1.05,0.7407407407407407,0.4878048780487805,0.574468085106383,1.0622729631551635,0.4592085979482169,0.5407914020517831,0.37531388365161256,0.4474,0.7422,0.93
590,2026-05-15,MIA,TB,1,0,-135.0,100.0,0.7407407407407407,1.0,0.574468085106383,0.5,1.074468085106383,0.5346534653465347,0.4653465346534653,0.43705714660407946,0.4828,0.69,0.93
591,2026-05-15,TOR,DET,1,1,-125.0,-105.0,0.8,0.9523809523809523,0.5555555555555556,0.5121951219512195,1.067750677506775,0.5203045685279188,0.4796954314720812,0.5557037504508641,0.4559,0.7381,0.98
592,2026-05-15,BOS,ATL,1,0,-150.0,115.0,0.6666666666666666,1.15,0.6,0.46511627906976744,1.0651162790697675,0.5633187772925764,0.43668122270742354,0.5239550775556138,0.5064,0.6517,0.98
593,2026-05-15,CHC,CWS,1,0,-130.0,100.0,0.7692307692307693,1.0,0.5652173913043478,0.5,1.0652173913043477,0.5306122448979592,0.4693877551020409,0.4278582058101344,0.4401,0.783,0.98
594,2026-05-15,KC,STL,1,1,-120.0,-110.0,0.8333333333333334,0.9090909090909091,0.5454545454545454,0.5238095238095238,1.0692640692640691,0.5101214574898786,0.48987854251012153,0.5172189316145953,0.5031,0.6531,0.97
595,2026-05-15,LAD,LAA,1,1,-105.0,-125.0,0.9523809523809523,0.8,0.5121951219512195,0.5555555555555556,1.067750677506775,0.4796954314720812,0.5203045685279188,0.3187925242330911,0.3082,0.9323,0.99
596,2026-05-15,CIN,CLE,1,1,-140.0,110.0,0.7142857142857143,1.1,0.5833333333333334,0.47619047619047616,1.0595238095238095,0.550561797752809,0.449438202247191,0.4536679786395221,0.4689,0.7317,0.96
597,2026-05-15,NYY,NYM,1,1,-150.0,115.0,0.6666666666666666,1.15,0.6,0.46511627906976744,1.0651162790697675,0.5633187772925764,0.43668122270742354,0.44790448773296787,0.4401,0.805,0.96
598,2026-05-15,SD,SEA,1,1,-135.0,105.0,0.7407407407407407,1.05,0.574468085106383,0.4878048780487805,1.0622729631551635,0.5407914020517831,0.4592085979482169,0.4891848959641092,0.5274,0.6318,0.95
599,2026-05-15,TEX,HOU,1,1,-120.0,-110.0,0.8333333333333334,0.9090909090909091,0.5454545454545454,0.5238095238095238,1.0692640692640691,0.5101214574898786,0.48987854251012153,0.5131146438391265,0.5,0.6621,0.99
600,2026-05-15,PHI,PIT,1,1,-120.0,-110.0,0.8333333333333334,0.9090909090909091,0.5454545454545454,0.5238095238095238,1.0692640692640691,0.5101214574898786,0.48987854251012153,0.44870600502277674,0.4754,0.6993,0.96
601,2026-05-15,MIL,MIN,1,0,-130.0,100.0,0.7692307692307693,1.0,0.5652173913043478,0.5,1.0652173913043477,0.5306122448979592,0.4693877551020409,0.5402287144862356,0.5,0.6583,0.97
602,2026-05-16,ARI,COL,1,0,115.0,-150.0,1.15,0.6666666666666666,0.46511627906976744,0.6,1.0651162790697675,0.43668122270742354,0.5633187772925764,0.31551274982959304,0.3082,0.9974,1.22
603,2026-05-16,TOR,DET,1,1,-125.0,-105.0,0.8,0.9523809523809523,0.5555555555555556,0.5121951219512195,1.067750677506775,0.5203045685279188,0.4796954314720812,0.4830029691639823,0.434,0.8376,0.98
604,2026-05-16,SF,OAK,1,0,-105.0,-120.0,0.9523809523809523,0.8333333333333334,0.5121951219512195,0.5454545454545454,1.057649667405765,0.48427672955974843,0.5157232704402516,0.38879115053362884,0.4726,0.7181,0.93
605,2026-05-16,BAL,WSH,1,1,100.0,-130.0,1.0,0.7692307692307693,0.5,0.5652173913043478,1.0652173913043477,0.4693877551020409,0.5306122448979592,0.36365964569871045,0.3407,0.9056,0.97
606,2026-05-16,MIA,TB,1,1,-130.0,100.0,0.7692307692307693,1.0,0.5652173913043478,0.5,1.0652173913043477,0.5306122448979592,0.4693877551020409,0.4330578201751774,0.5274,0.6393,0.93
607,2026-05-16,CIN,CLE,1,1,-115.0,-115.0,0.8695652173913043,0.8695652173913043,0.5348837209302325,0.5348837209302325,1.069767441860465,0.5,0.5,0.47576250092853667,0.4701,0.7311,0.96
608,2026-05-16,MIL,MIN,1,1,-135.0,105.0,0.7407407407407407,1.05,0.574468085106383,0.4878048780487805,1.0622729631551635,0.5407914020517831,0.4592085979482169,0.5696468576826226,0.4829,0.6829,0.97
609,2026-05-16,BOS,ATL,1,0,-135.0,105.0,0.7407407407407407,1.05,0.574468085106383,0.4878048780487805,1.0622729631551635,0.5407914020517831,0.4592085979482169,0.553896586261014,0.5072,0.6514,0.98
610,2026-05-16,NYY,NYM,1,1,-115.0,-115.0,0.8695652173913043,0.8695652173913043,0.5348837209302325,0.5348837209302325,1.069767441860465,0.5,0.5,0.421395777158853,0.3703,0.8836,0.96
611,2026-05-16,LAD,LAA,1,0,-125.0,-105.0,0.8,0.9523809523809523,0.5555555555555556,0.5121951219512195,1.067750677506775,0.5203045685279188,0.4796954314720812,0.35356091752709795,0.4401,0.8085,0.99
612,2026-05-16,PHI,PIT,1,0,-130.0,100.0,0.7692307692307693,1.0,0.5652173913043478,0.5,1.0652173913043477,0.5306122448979592,0.4693877551020409,0.4420407748887852,0.4995,0.6662,0.96
613,2026-05-16,SD,SEA,1,1,-150.0,115.0,0.6666666666666666,1.15,0.6,0.46511627906976744,1.0651162790697675,0.5633187772925764,0.43668122270742354,0.5447273756596324,0.5333,0.5998,0.95
614,2026-05-16,KC,STL,1,0,-110.0,-115.0,0.9090909090909091,0.8695652173913043,0.5238095238095238,0.5348837209302325,1.0586932447397563,0.4947698744769875,0.5052301255230125,0.5339375270430167,0.5299,0.6035,0.97
615,2026-05-16,TEX,HOU,1,0,-160.0,120.0,0.625,1.2,0.6153846153846154,0.45454545454545453,1.06993006993007,0.5751633986928104,0.4248366013071895,0.5257902302558692,0.512,0.6493,0.99
616,2026-05-16,CHC,CWS,1,0,-125.0,-105.0,0.8,0.9523809523809523,0.5555555555555556,0.5121951219512195,1.067750677506775,0.5203045685279188,0.4796954314720812,0.3943425364102435,0.4433,0.7442,0.98
617,2026-05-17,BAL,WSH,1,0,120.0,-160.0,1.2,0.625,0.45454545454545453,0.6153846153846154,1.06993006993007,0.4248366013071895,0.5751633986928104,0.3521893535243531,0.3082,0.975,0.97
618,2026-05-17,SF,OAK,1,1,-110.0,-120.0,0.9090909090909091,0.8333333333333334,0.5238095238095238,0.5454545454545454,1.0692640692640691,0.48987854251012153,0.5101214574898786,0.2891743514999202,0.3289,0.9146,0.93
619,2026-05-17,CHC,CWS,1,0,-120.0,-110.0,0.8333333333333334,0.9090909090909091,0.5454545454545454,0.5238095238095238,1.0692640692640691,0.5101214574898786,0.48987854251012153,0.3607300333103758,0.3082,0.9512,0.98
620,2026-05-17,BOS,ATL,1,0,-120.0,-110.0,0.8333333333333334,0.9090909090909091,0.5454545454545454,0.5238095238095238,1.0692640692640691,0.5101214574898786,0.48987854251012153,0.4276905405985773,0.4401,0.7749,0.98
621,2026-05-17,ARI,COL,1,1,105.0,-135.0,1.05,0.7407407407407407,0.4878048780487805,0.574468085106383,1.0622729631551635,0.4592085979482169,0.5407914020517831,0.3649858279468918,0.4401,0.8298,1.22
622,2026-05-17,CIN,CLE,1,0,-120.0,-110.0,0.8333333333333334,0.9090909090909091,0.5454545454545454,0.5238095238095238,1.0692640692640691,0.5101214574898786,0.48987854251012153,0.4282941643547361,0.4401,0.7882,0.96
623,2026-05-17,KC,STL,1,0,-110.0,-115.0,0.9090909090909091,0.8695652173913043,0.5238095238095238,0.5348837209302325,1.0586932447397563,0.4947698744769875,0.5052301255230125,0.4670020300122892,0.4829,0.6875,0.97
624,2026-05-17,MIA,TB,1,0,-150.0,115.0,0.6666666666666666,1.15,0.6,0.46511627906976744,1.0651162790697675,0.5633187772925764,0.43668122270742354,0.4704806530924885,0.5411,0.5844,0.93
625,2026-05-17,SD,SEA,1,0,-150.0,115.0,0.6666666666666666,1.15,0.6,0.46511627906976744,1.0651162790697675,0.5633187772925764,0.43668122270742354,0.5674543121959277,0.6609,0.5237,0.95
626,2026-05-17,TOR,DET,1,0,-150.0,115.0,0.6666666666666666,1.15,0.6,0.46511627906976744,1.0651162790697675,0.5633187772925764,0.43668122270742354,0.5657682563170982,0.5274,0.6327,0.98
627,2026-05-17,PHI,PIT,1,1,-165.0,130.0,0.6060606060606061,1.3,0.6226415094339622,0.43478260869565216,1.0574241181296145,0.5888285492629945,0.4111714507370054,0.5159412779219047,0.5224,0.645,0.96
628,2026-05-17,NYY,NYM,1,1,-105.0,-125.0,0.9523809523809523,0.8,0.5121951219512195,0.5555555555555556,1.067750677506775,0.4796954314720812,0.5203045685279188,0.4127983617162526,0.4401,0.7999,0.96
629,2026-05-17,TEX,HOU,1,1,-135.0,100.0,0.7407407407407407,1.0,0.574468085106383,0.5,1.074468085106383,0.5346534653465347,0.4653465346534653,0.542592531072745,0.5274,0.6188,0.99
630,2026-05-17,LAD,LAA,1,1,-105.0,-125.0,0.9523809523809523,0.8,0.5121951219512195,0.5555555555555556,1.067750677506775,0.4796954314720812,0.5203045685279188,0.3772834243894513,0.4401,0.773,0.99
631,2026-05-17,MIL,MIN,1,0,-145.0,110.0,0.6896551724137931,1.1,0.5918367346938775,0.47619047619047616,1.0680272108843538,0.554140127388535,0.4458598726114649,0.5130293398591103,0.5274,0.6359,0.97
632,2026-05-18,NYM,WSH,1,1,100.0,-130.0,1.0,0.7692307692307693,0.5,0.5652173913043478,1.0652173913043477,0.4693877551020409,0.5306122448979592,0.37590773768045377,0.3082,0.9309,0.97
633,2026-05-18,TEX,COL,1,0,-125.0,-105.0,0.8,0.9523809523809523,0.5555555555555556,0.5121951219512195,1.067750677506775,0.5203045685279188,0.4796954314720812,0.458889767027079,0.4726,0.7181,1.22
634,2026-05-18,BAL,TB,1,0,-135.0,105.0,0.7407407407407407,1.05,0.574468085106383,0.4878048780487805,1.0622729631551635,0.5407914020517831,0.4592085979482169,0.4070254859818454,0.4401,0.7546,0.93
635,2026-05-18,CIN,PHI,1,0,100.0,-130.0,1.0,0.7692307692307693,0.5,0.5652173913043478,1.0652173913043477,0.4693877551020409,0.5306122448979592,0.41989538697897716,0.4418,0.745,1.04
636,2026-05-18,OAK,LAA,1,1,-110.0,-115.0,0.9090909090909091,0.8695652173913043,0.5238095238095238,0.5348837209302325,1.0586932447397563,0.4947698744769875,0.5052301255230125,0.402451927316485,0.4401,0.79,0.99
637,2026-05-18,TOR,NYY,1,0,105.0,-140.0,1.05,0.7142857142857143,0.4878048780487805,0.5833333333333334,1.071138211382114,0.4554079696394686,0.5445920303605313,0.3871156980392951,0.4726,0.7207,1.02
638,2026-05-18,MIL,CHC,1,1,105.0,-135.0,1.05,0.7407407407407407,0.4878048780487805,0.574468085106383,1.0622729631551635,0.4592085979482169,0.5407914020517831,0.5084407851490584,0.5274,0.6382,1.0
639,2026-05-18,CLE,DET,1,0,-125.0,-105.0,0.8,0.9523809523809523,0.5555555555555556,0.5121951219512195,1.067750677506775,0.5203045685279188,0.4796954314720812,0.4748143849626565,0.4829,0.6786,0.98
640,2026-05-18,LAD,SD,1,0,-135.0,105.0,0.7407407407407407,1.05,0.574468085106383,0.4878048780487805,1.0622729631551635,0.5407914020517831,0.4592085979482169,0.5636078016033927,0.5274,0.6126,0.95
641,2026-05-18,CWS,SEA,1,0,-140.0,110.0,0.7142857142857143,1.1,0.5833333333333334,0.47619047619047616,1.0595238095238095,0.550561797752809,0.449438202247191,0.5299135247219832,0.5,0.6609,0.95
642,2026-05-18,ATL,MIA,1,1,-135.0,105.0,0.7407407407407407,1.05,0.574468085106383,0.4878048780487805,1.0622729631551635,0.5407914020517831,0.4592085979482169,0.4729141968409309,0.5,0.6658,0.95
643,2026-05-18,HOU,MIN,1,1,-115.0,-115.0,0.8695652173913043,0.8695652173913043,0.5348837209302325,0.5348837209302325,1.069767441860465,0.5,0.5,0.5294590452037573,0.5156,0.6478,0.97
644,2026-05-18,SF,ARI,1,0,-115.0,-110.0,0.8695652173913043,0.9090909090909091,0.5348837209302325,0.5238095238095238,1.0586932447397563,0.5052301255230125,0.4947698744769875,0.4848947363755052,0.5346,0.5984,1.0
645,2026-05-18,BOS,KC,1,1,-110.0,-115.0,0.9090909090909091,0.8695652173913043,0.5238095238095238,0.5348837209302325,1.0586932447397563,0.4947698744769875,0.5052301255230125,0.5748522034805327,0.5567,0.5674,0.96
646,2026-05-19,ATL,MIA,1,0,-130.0,100.0,0.7692307692307693,1.0,0.5652173913043478,0.5,1.0652173913043477,0.5306122448979592,0.4693877551020409,0.3687558560810488,0.3996,0.8622,0.95
647,2026-05-19,NYM,WSH,1,0,-120.0,-105.0,0.8333333333333334,0.9523809523809523,0.5454545454545454,0.5121951219512195,1.057649667405765,0.5157232704402516,0.48427672955974843,0.37345959556011205,0.4817,0.7119,0.97
648,2026-05-19,TOR,NYY,1,1,-105.0,-120.0,0.9523809523809523,0.8333333333333334,0.5121951219512195,0.5454545454545454,1.057649667405765,0.48427672955974843,0.5157232704402516,0.4256875953071381,0.4464,0.748,1.02
649,2026-05-19,PIT,STL,1,1,-130.0,100.0,0.7692307692307693,1.0,0.5652173913043478,0.5,1.0652173913043477,0.5306122448979592,0.4693877551020409,0.46906142840642623,0.4901,0.6984,0.97
650,2026-05-19,OAK,LAA,1,1,-105.0,-125.0,0.9523809523809523,0.8,0.5121951219512195,0.5555555555555556,1.067750677506775,0.4796954314720812,0.5203045685279188,0.35066033845403505,0.3841,0.8635,0.99
651,2026-05-19,SF,ARI,1,0,-140.0,110.0,0.7142857142857143,1.1,0.5833333333333334,0.47619047619047616,1.0595238095238095,0.550561797752809,0.449438202247191,0.4493825501846483,0.4901,0.6479,1.0
652,2026-05-19,CLE,DET,1,1,-120.0,-110.0,0.8333333333333334,0.9090909090909091,0.5454545454545454,0.5238095238095238,1.0692640692640691,0.5101214574898786,0.48987854251012153,0.49063202396399774,0.4901,0.6531,0.98
653,2026-05-19,CIN,PHI,1,1,-140.0,105.0,0.7142857142857143,1.05,0.5833333333333334,0.4878048780487805,1.071138211382114,0.5445920303605313,0.4554079696394686,0.4766711164104936,0.4901,0.702,1.04
654,2026-05-19,BOS,KC,1,0,-135.0,105.0,0.7407407407407407,1.05,0.574468085106383,0.4878048780487805,1.0622729631551635,0.5407914020517831,0.4592085979482169,0.5299893493357954,0.4892,0.7035,0.96
655,2026-05-19,BAL,TB,1,0,-140.0,105.0,0.7142857142857143,1.05,0.5833333333333334,0.4878048780487805,1.071138211382114,0.5445920303605313,0.4554079696394686,0.42623256184707853,0.4885,0.7043,0.93
656,2026-05-19,MIL,CHC,1,0,-170.0,130.0,0.5882352941176471,1.3,0.6296296296296297,0.43478260869565216,1.0644122383252819,0.5915279878971256,0.40847201210287437,0.5532064434564161,0.4901,0.6457,1.0
657,2026-05-19,CWS,SEA,1,0,-130.0,100.0,0.7692307692307693,1.0,0.5652173913043478,0.5,1.0652173913043477,0.5306122448979592,0.4693877551020409,0.439311331495509,0.4349,0.8004,0.95
658,2026-05-19,LAD,SD,1,0,-125.0,-105.0,0.8,0.9523809523809523,0.5555555555555556,0.5121951219512195,1.067750677506775,0.5203045685279188,0.4796954314720812,0.544541087300026,0.4901,0.6782,0.95
659,2026-05-19,HOU,MIN,1,0,-120.0,-105.0,0.8333333333333334,0.9523809523809523,0.5454545454545454,0.5121951219512195,1.057649667405765,0.5157232704402516,0.48427672955974843,0.5437246195910481,0.4901,0.6357,0.97
660,2026-05-19,TEX,COL,1,0,100.0,-130.0,1.0,0.7692307692307693,0.5,0.5652173913043478,1.0652173913043477,0.4693877551020409,0.5306122448979592,0.35106641752431766,0.3841,1.1614,1.22
661,2026-05-20,OAK,LAA,1,0,100.0,-130.0,1.0,0.7692307692307693,0.5,0.5652173913043478,1.0652173913043477,0.4693877551020409,0.5306122448979592,0.29020968258530544,0.3841,1.0501,0.99
662,2026-05-20,TEX,COL,1,0,-115.0,-115.0,0.8695652173913043,0.8695652173913043,0.5348837209302325,0.5348837209302325,1.069767441860465,0.5,0.5,0.3432510174131849,0.3841,1.0389,1.22
663,2026-05-20,CIN,PHI,1,0,-105.0,-125.0,0.9523809523809523,0.8,0.5121951219512195,0.5555555555555556,1.067750677506775,0.4796954314720812,0.5203045685279188,0.3738585434486961,0.4296,0.8059,1.04
664,2026-05-20,LAD,SD,1,0,-150.0,115.0,0.6666666666666666,1.15,0.6,0.46511627906976744,1.0651162790697675,0.5633187772925764,0.43668122270742354,0.5398659480036195,0.4901,0.661,0.95
665,2026-05-20,ATL,MIA,1,0,-140.0,110.0,0.7142857142857143,1.1,0.5833333333333334,0.47619047619047616,1.0595238095238095,0.550561797752809,0.449438202247191,0.4543887174601124,0.4854,0.7078,0.95
666,2026-05-20,SF,ARI,1,0,-130.0,100.0,0.7692307692307693,1.0,0.5652173913043478,0.5,1.0652173913043477,0.5306122448979592,0.4693877551020409,0.46494081939518395,0.5937,0.5622,1.0
667,2026-05-20,TOR,NYY,1,1,-145.0,110.0,0.6896551724137931,1.1,0.5918367346938775,0.47619047619047616,1.0680272108843538,0.554140127388535,0.4458598726114649,0.4116494153865236,0.4349,0.7692,1.02
668,2026-05-20,MIL,CHC,1,1,-165.0,130.0,0.6060606060606061,1.3,0.6226415094339622,0.43478260869565216,1.0574241181296145,0.5888285492629945,0.4111714507370054,0.532702989322332,0.4901,0.6642,1.0
669,2026-05-20,PIT,STL,1,1,-125.0,-105.0,0.8,0.9523809523809523,0.5555555555555556,0.5121951219512195,1.067750677506775,0.5203045685279188,0.4796954314720812,0.5056364266480438,0.4536,0.7445,0.97
670,2026-05-20,CWS,SEA,1,1,-140.0,110.0,0.7142857142857143,1.1,0.5833333333333334,0.47619047619047616,1.0595238095238095,0.550561797752809,0.449438202247191,0.4609903251122234,0.4901,0.7004,0.95
671,2026-05-20,BOS,KC,1,0,-140.0,110.0,0.7142857142857143,1.1,0.5833333333333334,0.47619047619047616,1.0595238095238095,0.550561797752809,0.449438202247191,0.5691539338426235,0.537,0.6034,0.96
672,2026-05-20,HOU,MIN,1,1,-140.0,110.0,0.7142857142857143,1.1,0.5833333333333334,0.47619047619047616,1.0595238095238095,0.550561797752809,0.449438202247191,0.5678276765297874,0.4901,0.6632,0.97
673,2026-05-20,NYM,WSH,1,0,100.0,-135.0,1.0,0.7407407407407407,0.5,0.574468085106383,1.074468085106383,0.4653465346534653,0.5346534653465347,0.3762587936846593,0.4349,0.7989,0.97
674,2026-05-20,BAL,TB,1,1,-120.0,-105.0,0.8333333333333334,0.9523809523809523,0.5454545454545454,0.5121951219512195,1.057649667405765,0.5157232704402516,0.48427672955974843,0.4115963524265707,0.4349,0.757,0.93
675,2026-05-20,CLE,DET,1,1,-150.0,115.0,0.6666666666666666,1.15,0.6,0.46511627906976744,1.0651162790697675,0.5633187772925764,0.43668122270742354,0.5575430467428355,0.4951,0.6277,0.98
676,2026-05-21,OAK,LAA,1,0,-110.0,-115.0,0.9090909090909091,0.8695652173913043,0.5238095238095238,0.5348837209302325,1.0586932447397563,0.4947698744769875,0.5052301255230125,0.3511145612943666,0.3841,0.8932,0.99
677,2026-05-21,ATL,MIA,1,0,-130.0,100.0,0.7692307692307693,1.0,0.5652173913043478,0.5,1.0652173913043477,0.5306122448979592,0.4693877551020409,0.4763316173975302,0.4901,0.6683,0.95
678,2026-05-21,NYM,WSH,1,1,-145.0,110.0,0.6896551724137931,1.1,0.5918367346938775,0.47619047619047616,1.0680272108843538,0.554140127388535,0.4458598726114649,0.4643338642521568,0.4901,0.6958,0.97
679,2026-05-21,COL,ARI,1,1,-105.0,-125.0,0.9523809523809523,0.8,0.5121951219512195,0.5555555555555556,1.067750677506775,0.4796954314720812,0.5203045685279188,0.41661140696289395,0.4901,0.6797,1.0
680,2026-05-21,CLE,DET,1,1,-155.0,120.0,0.6451612903225806,1.2,0.6078431372549019,0.45454545454545453,1.0623885918003564,0.5721476510067114,0.4278523489932886,0.5518765285734513,0.5364,0.611,0.98
681,2026-05-21,PIT,STL,1,0,-155.0,120.0,0.6451612903225806,1.2,0.6078431372549019,0.45454545454545453,1.0623885918003564,0.5721476510067114,0.4278523489932886,0.5043819527931112,0.4901,0.6938,0.97
682,2026-05-21,TOR,NYY,1,0,-115.0,-115.0,0.8695652173913043,0.8695652173913043,0.5348837209302325,0.5348837209302325,1.069767441860465,0.5,0.5,0.4162822385179107,0.3841,0.8523,1.02
683,2026-05-22,TEX,LAA,1,0,-145.0,110.0,0.6896551724137931,1.1,0.5918367346938775,0.47619047619047616,1.0680272108843538,0.554140127388535,0.4458598726114649,0.38692967512533694,0.4349,0.7915,0.99
684,2026-05-22,LAD,MIL,1,0,-115.0,-115.0,0.8695652173913043,0.8695652173913043,0.5348837209302325,0.5348837209302325,1.069767441860465,0.5,0.5,0.6076005729404317,0.5907,0.5646,1.03
685,2026-05-22,CLE,PHI,1,1,-145.0,110.0,0.6896551724137931,1.1,0.5918367346938775,0.47619047619047616,1.0680272108843538,0.554140127388535,0.4458598726114649,0.526336798612068,0.4901,0.6369,1.04
686,2026-05-22,NYM,MIA,1,0,-135.0,105.0,0.7407407407407407,1.05,0.574468085106383,0.4878048780487805,1.0622729631551635,0.5407914020517831,0.4592085979482169,0.431059608388749,0.4768,0.7183,0.95
687,2026-05-22,COL,ARI,1,1,105.0,-135.0,1.05,0.7407407407407407,0.4878048780487805,0.574468085106383,1.0622729631551635,0.4592085979482169,0.5407914020517831,0.3589641676937064,0.4349,0.7587,1.0
688,2026-05-22,PIT,TOR,1,0,-125.0,-105.0,0.8,0.9523809523809523,0.5555555555555556,0.5121951219512195,1.067750677506775,0.5203045685279188,0.4796954314720812,0.5418612131258254,0.5968,0.5595,1.01
689,2026-05-22,SEA,KC,1,1,-130.0,100.0,0.7692307692307693,1.0,0.5652173913043478,0.5,1.0652173913043477,0.5306122448979592,0.4693877551020409,0.5863599295463201,0.5761,0.575,0.96
690,2026-05-22,STL,CIN,1,1,-110.0,-120.0,0.9090909090909091,0.8333333333333334,0.5238095238095238,0.5454545454545454,1.0692640692640691,0.48987854251012153,0.5101214574898786,0.44646173086169777,0.4768,0.7226,1.09
691,2026-05-22,MIN,BOS,1,0,-150.0,115.0,0.6666666666666666,1.15,0.6,0.46511627906976744,1.0651162790697675,0.5633187772925764,0.43668122270742354,0.52843707328335,0.4901,0.6595,1.05
692,2026-05-22,DET,BAL,1,0,-140.0,105.0,0.7142857142857143,1.05,0.5833333333333334,0.4878048780487805,1.071138211382114,0.5445920303605313,0.4554079696394686,0.46885560796252734,0.4419,0.7502,1.06
693,2026-05-22,HOU,CHC,1,1,-165.0,125.0,0.6060606060606061,1.25,0.6226415094339622,0.4444444444444444,1.0670859538784065,0.5834970530451867,0.4165029469548134,0.507049068686827,0.4901,0.6895,1.0
694,2026-05-22,OAK,SD,1,0,-115.0,-115.0,0.8695652173913043,0.8695652173913043,0.5348837209302325,0.5348837209302325,1.069767441860465,0.5,0.5,0.5286408115396137,0.4589,0.7419,0.95
695,2026-05-22,CWS,SF,1,1,-145.0,110.0,0.6896551724137931,1.1,0.5918367346938775,0.47619047619047616,1.0680272108843538,0.554140127388535,0.4458598726114649,0.4688956185223802,0.4579,0.7424,0.94
696,2026-05-22,TB,NYY,1,1,-115.0,-110.0,0.8695652173913043,0.9090909090909091,0.5348837209302325,0.5238095238095238,1.0586932447397563,0.5052301255230125,0.4947698744769875,0.40002650237441867,0.3896,0.8384,1.02
697,2026-05-22,WSH,ATL,1,1,-115.0,-110.0,0.8695652173913043,0.9090909090909091,0.5348837209302325,0.5238095238095238,1.0586932447397563,0.5052301255230125,0.4947698744769875,0.4546114195030781,0.4349,0.7734,0.98
698,2026-05-23,LAD,MIL,1,0,-105.0,-125.0,0.9523809523809523,0.8,0.5121951219512195,0.5555555555555556,1.067750677506775,0.4796954314720812,0.5203045685279188,0.5990148869496935,0.5637,0.5817,1.03
699,2026-05-23,MIN,BOS,1,0,-145.0,110.0,0.6896551724137931,1.1,0.5918367346938775,0.47619047619047616,1.0680272108843538,0.554140127388535,0.4458598726114649,0.584123873974255,0.4901,0.6586,1.05
700,2026-05-23,STL,CIN,1,1,-105.0,-130.0,0.9523809523809523,0.7692307692307693,0.5121951219512195,0.5652173913043478,1.0774125132555672,0.4753937007874017,0.5246062992125985,0.44480505164063067,0.3841,0.8577,1.09
701,2026-05-23,CWS,SF,1,1,115.0,-145.0,1.15,0.6896551724137931,0.46511627906976744,0.5918367346938775,1.056953013763645,0.4400538841490795,0.5599461158509206,0.5113475588730917,0.4138,0.8186,0.94
702,2026-05-23,COL,ARI,1,1,-105.0,-125.0,0.9523809523809523,0.8,0.5121951219512195,0.5555555555555556,1.067750677506775,0.4796954314720812,0.5203045685279188,0.3953819670249328,0.4476,0.7474,1.0
703,2026-05-23,TEX,LAA,1,0,-145.0,115.0,0.6896551724137931,1.15,0.5918367346938775,0.46511627906976744,1.056953013763645,0.5599461158509206,0.4400538841490795,0.43285799873420333,0.4794,0.7146,0.99
705,2026-05-23,OAK,SD,1,1,-120.0,-110.0,0.8333333333333334,0.9090909090909091,0.5454545454545454,0.5238095238095238,1.0692640692640691,0.5101214574898786,0.48987854251012153,0.547962737134932,0.4901,0.6926,0.95
706,2026-05-23,STL,CIN,2,1,105.0,-135.0,1.05,0.7407407407407407,0.4878048780487805,0.574468085106383,1.0622729631551635,0.4592085979482169,0.5407914020517831,0.4525479374602374,0.4047,0.826,1.09
707,2026-05-23,WSH,ATL,1,1,100.0,-130.0,1.0,0.7692307692307693,0.5,0.5652173913043478,1.0652173913043477,0.4693877551020409,0.5306122448979592,0.3812815983592303,0.4076,0.8236,0.98
708,2026-05-23,DET,BAL,1,0,-125.0,-105.0,0.8,0.9523809523809523,0.5555555555555556,0.5121951219512195,1.067750677506775,0.5203045685279188,0.4796954314720812,0.5005612235176877,0.4826,0.7109,1.06
709,2026-05-23,HOU,CHC,1,0,-145.0,110.0,0.6896551724137931,1.1,0.5918367346938775,0.47619047619047616,1.0680272108843538,0.554140127388535,0.4458598726114649,0.5021345300496844,0.4901,0.6884,1.0
710,2026-05-23,PIT,TOR,1,0,-140.0,110.0,0.7142857142857143,1.1,0.5833333333333334,0.47619047619047616,1.0595238095238095,0.550561797752809,0.449438202247191,0.5707446338667335,0.6033,0.5539,1.01
711,2026-05-23,CLE,PHI,1,1,-145.0,110.0,0.6896551724137931,1.1,0.5918367346938775,0.47619047619047616,1.0680272108843538,0.554140127388535,0.4458598726114649,0.47717499974390193,0.4878,0.705,1.04
712,2026-05-23,SEA,KC,1,0,-125.0,-105.0,0.8,0.9523809523809523,0.5555555555555556,0.5121951219512195,1.067750677506775,0.5203045685279188,0.4796954314720812,0.5668954655194806,0.5364,0.608,0.96
713,2026-05-23,NYM,MIA,1,1,-145.0,110.0,0.6896551724137931,1.1,0.5918367346938775,0.47619047619047616,1.0680272108843538,0.554140127388535,0.4458598726114649,0.5186298290584787,0.5928,0.5629,0.95
714,2026-05-24,NYM,MIA,1,1,-130.0,-105.0,0.7692307692307693,0.9523809523809523,0.5652173913043478,0.5121951219512195,1.0774125132555672,0.5246062992125985,0.4753937007874017,0.44750936969550603,0.4901,0.6971,0.95
716,2026-05-24,COL,ARI,1,0,-105.0,-125.0,0.9523809523809523,0.8,0.5121951219512195,0.5555555555555556,1.067750677506775,0.4796954314720812,0.5203045685279188,0.36373541563928236,0.4349,0.7558,1.0
717,2026-05-24,HOU,CHC,1,1,-155.0,120.0,0.6451612903225806,1.2,0.6078431372549019,0.45454545454545453,1.0623885918003564,0.5721476510067114,0.4278523489932886,0.5410122810249246,0.6098,0.5484,1.0
718,2026-05-24,LAD,MIL,1,1,-115.0,-110.0,0.8695652173913043,0.9090909090909091,0.5348837209302325,0.5238095238095238,1.0586932447397563,0.5052301255230125,0.4947698744769875,0.5560955028510164,0.4901,0.6697,1.03
719,2026-05-24,PIT,TOR,1,0,-135.0,100.0,0.7407407407407407,1.0,0.574468085106383,0.5,1.074468085106383,0.5346534653465347,0.4653465346534653,0.5307674842123098,0.5364,0.6135,1.01
720,2026-05-24,OAK,SD,1,0,-130.0,100.0,0.7692307692307693,1.0,0.5652173913043478,0.5,1.0652173913043477,0.5306122448979592,0.4693877551020409,0.5519965392237,0.4901,0.6843,0.95
721,2026-05-24,SEA,KC,1,0,-130.0,100.0,0.7692307692307693,1.0,0.5652173913043478,0.5,1.0652173913043477,0.5306122448979592,0.4693877551020409,0.5586835766836495,0.4901,0.6348,0.96
722,2026-05-24,MIN,BOS,1,0,-155.0,120.0,0.6451612903225806,1.2,0.6078431372549019,0.45454545454545453,1.0623885918003564,0.5721476510067114,0.4278523489932886,0.5919892538987475,0.6106,0.5476,1.05
723,2026-05-24,DET,BAL,1,1,-125.0,-105.0,0.8,0.9523809523809523,0.5555555555555556,0.5121951219512195,1.067750677506775,0.5203045685279188,0.4796954314720812,0.5128716328438748,0.4768,0.7182,1.06
724,2026-05-24,CLE,PHI,1,1,-125.0,-105.0,0.8,0.9523809523809523,0.5555555555555556,0.5121951219512195,1.067750677506775,0.5203045685279188,0.4796954314720812,0.46309978195783247,0.4901,0.6723,1.04
725,2026-05-24,TB,NYY,1,1,-135.0,100.0,0.7407407407407407,1.0,0.574468085106383,0.5,1.074468085106383,0.5346534653465347,0.4653465346534653,0.39499449900001604,0.4349,0.7581,1.02
726,2026-05-24,CWS,SF,1,0,-125.0,-105.0,0.8,0.9523809523809523,0.5555555555555556,0.5121951219512195,1.067750677506775,0.5203045685279188,0.4796954314720812,0.47324650579076244,0.4284,0.8069,0.94
727,2026-05-24,WSH,ATL,1,1,-130.0,100.0,0.7692307692307693,1.0,0.5652173913043478,0.5,1.0652173913043477,0.5306122448979592,0.4693877551020409,0.48846295370966664,0.4768,0.7315,0.98
729,2026-05-24,DET,BAL,2,0,-130.0,100.0,0.7692307692307693,1.0,0.5652173913043478,0.5,1.0652173913043477,0.5306122448979592,0.4693877551020409,0.5386089064554351,0.5308,0.6177,1.06
730,2026-05-25,MIN,CWS,1,0,-115.0,-115.0,0.8695652173913043,0.8695652173913043,0.5348837209302325,0.5348837209302325,1.069767441860465,0.5,0.5,0.34720147191435374,0.3841,0.8703,0.98
731,2026-05-25,SEA,OAK,1,1,125.0,-160.0,1.25,0.625,0.4444444444444444,0.6153846153846154,1.0598290598290598,0.4193548387096774,0.5806451612903226,0.35807885792891125,0.3841,0.8872,0.93
732,2026-05-25,STL,MIL,1,0,-145.0,110.0,0.6896551724137931,1.1,0.5918367346938775,0.47619047619047616,1.0680272108843538,0.554140127388535,0.4458598726114649,0.6276408332062329,0.5982,0.5583,1.03
733,2026-05-25,CHC,PIT,1,1,-120.0,-110.0,0.8333333333333334,0.9090909090909091,0.5454545454545454,0.5238095238095238,1.0692640692640691,0.5101214574898786,0.48987854251012153,0.45573973360238734,0.4349,0.7949,0.96
734,2026-05-25,CIN,NYM,1,1,-140.0,105.0,0.7142857142857143,1.05,0.5833333333333334,0.4878048780487805,1.071138211382114,0.5445920303605313,0.4554079696394686,0.5144760034354866,0.4901,0.6335,0.96
735,2026-05-25,TB,BAL,1,1,-140.0,110.0,0.7142857142857143,1.1,0.5833333333333334,0.47619047619047616,1.0595238095238095,0.550561797752809,0.449438202247191,0.5456739848811661,0.5804,0.5727,1.06
736,2026-05-25,ARI,SF,1,1,-140.0,105.0,0.7142857142857143,1.05,0.5833333333333334,0.4878048780487805,1.071138211382114,0.5445920303605313,0.4554079696394686,0.5152935779419462,0.4901,0.6426,0.94
737,2026-05-25,PHI,SD,1,0,-120.0,-110.0,0.8333333333333334,0.9090909090909091,0.5454545454545454,0.5238095238095238,1.0692640692640691,0.5101214574898786,0.48987854251012153,0.5470802297174855,0.4901,0.6694,0.95
738,2026-05-25,COL,LAD,1,1,105.0,-135.0,1.05,0.7407407407407407,0.4878048780487805,0.574468085106383,1.0622729631551635,0.4592085979482169,0.5407914020517831,0.43010067945201697,0.4581,0.7423,0.97
739,2026-05-25,HOU,TEX,1,0,-125.0,-105.0,0.8,0.9523809523809523,0.5555555555555556,0.5121951219512195,1.067750677506775,0.5203045685279188,0.4796954314720812,0.5338076859086379,0.5192,0.6209,1.07
740,2026-05-25,WSH,CLE,1,0,-140.0,105.0,0.7142857142857143,1.05,0.5833333333333334,0.4878048780487805,1.071138211382114,0.5445920303605313,0.4554079696394686,0.4692912612803073,0.4608,0.741,0.96
741,2026-05-25,MIA,TOR,1,0,-140.0,105.0,0.7142857142857143,1.05,0.5833333333333334,0.4878048780487805,1.071138211382114,0.5445920303605313,0.4554079696394686,0.5491795106423232,0.553,0.5875,1.01
742,2026-05-25,NYY,KC,1,1,-105.0,-125.0,0.9523809523809523,0.8,0.5121951219512195,0.5555555555555556,1.067750677506775,0.4796954314720812,0.5203045685279188,0.4827960656011463,0.4349,0.7654,0.96
743,2026-05-26,SEA,OAK,1,1,115.0,-150.0,1.15,0.6666666666666666,0.46511627906976744,0.6,1.0651162790697675,0.43668122270742354,0.5633187772925764,0.35050239157491825,0.3353,1.049,0.93
744,2026-05-26,COL,LAD,1,0,105.0,-145.0,1.05,0.6896551724137931,0.4878048780487805,0.5918367346938775,1.079641612742658,0.45182111572153066,0.5481788842784694,0.39480614279454773,0.4064,0.929,0.97
745,2026-05-26,HOU,TEX,1,0,-120.0,-105.0,0.8333333333333334,0.9523809523809523,0.5454545454545454,0.5121951219512195,1.057649667405765,0.5157232704402516,0.48427672955974843,0.5571191296102003,0.5514,0.5859,1.07
746,2026-05-26,STL,MIL,1,1,-120.0,-110.0,0.8333333333333334,0.9090909090909091,0.5454545454545454,0.5238095238095238,1.0692640692640691,0.5101214574898786,0.48987854251012153,0.5692004258592032,0.5573,0.5634,1.03
747,2026-05-26,MIN,CWS,1,1,-130.0,100.0,0.7692307692307693,1.0,0.5652173913043478,0.5,1.0652173913043477,0.5306122448979592,0.4693877551020409,0.3994729169851545,0.4064,0.9172,0.98
748,2026-05-26,LAA,DET,1,1,-105.0,-125.0,0.9523809523809523,0.8,0.5121951219512195,0.5555555555555556,1.067750677506775,0.4796954314720812,0.5203045685279188,0.4119766738742647,0.4064,0.8881,0.98
749,2026-05-26,WSH,CLE,1,1,-145.0,110.0,0.6896551724137931,1.1,0.5918367346938775,0.47619047619047616,1.0680272108843538,0.554140127388535,0.4458598726114649,0.541435969730834,0.5481,0.6138,0.96
750,2026-05-26,ATL,BOS,1,0,-130.0,100.0,0.7692307692307693,1.0,0.5652173913043478,0.5,1.0652173913043477,0.5306122448979592,0.4693877551020409,0.5606188760096797,0.5514,0.5793,1.05
751,2026-05-26,MIA,TOR,1,1,-135.0,105.0,0.7407407407407407,1.05,0.574468085106383,0.4878048780487805,1.0622729631551635,0.5407914020517831,0.4592085979482169,0.553378390103363,0.5514,0.5916,1.01
752,2026-05-26,ARI,SF,1,0,-120.0,-110.0,0.8333333333333334,0.9090909090909091,0.5454545454545454,0.5238095238095238,1.0692640692640691,0.5101214574898786,0.48987854251012153,0.47878410560483464,0.4772,0.7361,0.94
753,2026-05-26,NYY,KC,1,0,-110.0,-120.0,0.9090909090909091,0.8333333333333334,0.5238095238095238,0.5454545454545454,1.0692640692640691,0.48987854251012153,0.5101214574898786,0.5017380968650565,0.4795,0.6892,0.96
754,2026-05-26,TB,BAL,1,0,-125.0,-105.0,0.8,0.9523809523809523,0.5555555555555556,0.5121951219512195,1.067750677506775,0.5203045685279188,0.4796954314720812,0.5568217870123207,0.5514,0.5858,1.06
755,2026-05-26,PHI,SD,1,0,-130.0,100.0,0.7692307692307693,1.0,0.5652173913043478,0.5,1.0652173913043477,0.5306122448979592,0.4693877551020409,0.4886035105327584,0.4776,0.7159,0.95
756,2026-05-26,CHC,PIT,1,0,-135.0,105.0,0.7407407407407407,1.05,0.574468085106383,0.4878048780487805,1.0622729631551635,0.5407914020517831,0.4592085979482169,0.5041198437455311,0.4795,0.6844,0.96
757,2026-05-26,CIN,NYM,1,0,-150.0,115.0,0.6666666666666666,1.15,0.6,0.46511627906976744,1.0651162790697675,0.5633187772925764,0.43668122270742354,0.5345412801302384,0.5479,0.6263,0.96
758,2026-05-27,CIN,NYM,1,0,-130.0,100.0,0.7692307692307693,1.0,0.5652173913043478,0.5,1.0652173913043477,0.5306122448979592,0.4693877551020409,0.4204550452039023,0.4064,0.8667,0.96
759,2026-05-27,SEA,OAK,1,0,105.0,-135.0,1.05,0.7407407407407407,0.4878048780487805,0.574468085106383,1.0622729631551635,0.4592085979482169,0.5407914020517831,0.3945994674463363,0.4064,0.9312,0.93
760,2026-05-27,CHC,PIT,1,0,-110.0,-120.0,0.9090909090909091,0.8333333333333334,0.5238095238095238,0.5454545454545454,1.0692640692640691,0.48987854251012153,0.5101214574898786,0.4267561130716238,0.4064,0.8526,0.96
761,2026-05-27,MIN,CWS,1,0,-125.0,-105.0,0.8,0.9523809523809523,0.5555555555555556,0.5121951219512195,1.067750677506775,0.5203045685279188,0.4796954314720812,0.35858812866027134,0.3499,1.0259,0.98
762,2026-05-27,COL,LAD,1,0,-120.0,-110.0,0.8333333333333334,0.9090909090909091,0.5454545454545454,0.5238095238095238,1.0692640692640691,0.5101214574898786,0.48987854251012153,0.4141966886632252,0.4064,0.8827,0.97
763,2026-05-27,WSH,CLE,1,1,-125.0,-105.0,0.8,0.9523809523809523,0.5555555555555556,0.5121951219512195,1.067750677506775,0.5203045685279188,0.4796954314720812,0.46569493978267074,0.4764,0.7646,0.96
764,2026-05-27,HOU,TEX,1,0,-130.0,100.0,0.7692307692307693,1.0,0.5652173913043478,0.5,1.0652173913043477,0.5306122448979592,0.4693877551020409,0.549137058276065,0.5506,0.6004,1.07
765,2026-05-27,NYY,KC,1,1,-110.0,-120.0,0.9090909090909091,0.8333333333333334,0.5238095238095238,0.5454545454545454,1.0692640692640691,0.48987854251012153,0.5101214574898786,0.4766400117114979,0.4772,0.7409,0.96
766,2026-05-27,ATL,BOS,1,1,-120.0,-110.0,0.8333333333333334,0.9090909090909091,0.5454545454545454,0.5238095238095238,1.0692640692640691,0.5101214574898786,0.48987854251012153,0.502773141386148,0.4795,0.6881,1.05
767,2026-05-27,MIA,TOR,1,0,-140.0,110.0,0.7142857142857143,1.1,0.5833333333333334,0.47619047619047616,1.0595238095238095,0.550561797752809,0.449438202247191,0.5509034603143579,0.5511,0.5974,1.01
768,2026-05-27,ARI,SF,1,1,-135.0,105.0,0.7407407407407407,1.05,0.574468085106383,0.4878048780487805,1.0622729631551635,0.5407914020517831,0.4592085979482169,0.5073002199605545,0.49,0.6796,0.94
769,2026-05-27,LAA,DET,1,0,-145.0,110.0,0.6896551724137931,1.1,0.5918367346938775,0.47619047619047616,1.0680272108843538,0.554140127388535,0.4458598726114649,0.4905633329600286,0.4779,0.7128,0.98
770,2026-05-27,PHI,SD,1,1,-140.0,105.0,0.7142857142857143,1.05,0.5833333333333334,0.4878048780487805,1.071138211382114,0.5445920303605313,0.4554079696394686,0.48015276431214154,0.4772,0.7337,0.95
771,2026-05-27,TB,BAL,1,0,105.0,-140.0,1.05,0.7142857142857143,0.4878048780487805,0.5833333333333334,1.071138211382114,0.4554079696394686,0.5445920303605313,0.4937011911780822,0.4787,0.707,1.06
772,2026-05-27,STL,MIL,1,1,-110.0,-120.0,0.9090909090909091,0.8333333333333334,0.5238095238095238,0.5454545454545454,1.0692640692640691,0.48987854251012153,0.5101214574898786,0.5428645251625001,0.5488,0.6102,1.03
773,2026-05-28,MIN,CWS,1,0,-140.0,105.0,0.7142857142857143,1.05,0.5833333333333334,0.4878048780487805,1.071138211382114,0.5445920303605313,0.4554079696394686,0.3761446380874238,0.3813,0.978,0.98
774,2026-05-28,HOU,TEX,1,0,-135.0,105.0,0.7407407407407407,1.05,0.574468085106383,0.4878048780487805,1.0622729631551635,0.5407914020517831,0.4592085979482169,0.6207591532736705,0.6509,0.4762,1.07
775,2026-05-28,ATL,BOS,1,1,-180.0,140.0,0.5555555555555556,1.4,0.6428571428571429,0.4166666666666667,1.0595238095238095,0.6067415730337079,0.39325842696629215,0.5703148911877212,0.559,0.5609,1.05
776,2026-05-28,LAA,DET,1,1,-125.0,-105.0,0.8,0.9523809523809523,0.5555555555555556,0.5121951219512195,1.067750677506775,0.5203045685279188,0.4796954314720812,0.49874674004802594,0.4795,0.6952,0.98
777,2026-05-28,TOR,BAL,1,1,-120.0,-110.0,0.8333333333333334,0.9090909090909091,0.5454545454545454,0.5238095238095238,1.0692640692640691,0.5101214574898786,0.48987854251012153,0.5295963590134779,0.5479,0.6352,1.06
778,2026-05-28,CHC,PIT,1,1,-145.0,115.0,0.6896551724137931,1.15,0.5918367346938775,0.46511627906976744,1.056953013763645,0.5599461158509206,0.4400538841490795,0.48427702726790145,0.4772,0.7241,0.96
779,2026-05-29,SF,COL,1,1,100.0,-135.0,1.0,0.7407407407407407,0.5,0.574468085106383,1.074468085106383,0.4653465346534653,0.5346534653465347,0.3923374614491881,0.4064,0.9356,1.22
780,2026-05-29,DET,CWS,1,1,-105.0,-125.0,0.9523809523809523,0.8,0.5121951219512195,0.5555555555555556,1.067750677506775,0.4796954314720812,0.5203045685279188,0.3879005434366838,0.4021,0.9474,0.98
781,2026-05-29,LAA,TB,1,0,-120.0,-105.0,0.8333333333333334,0.9523809523809523,0.5454545454545454,0.5121951219512195,1.057649667405765,0.5157232704402516,0.48427672955974843,0.3794880250858344,0.3873,0.9689,0.93
782,2026-05-29,SD,WSH,1,0,100.0,-130.0,1.0,0.7692307692307693,0.5,0.5652173913043478,1.0652173913043477,0.4693877551020409,0.5306122448979592,0.4119556776385767,0.4064,0.8879,0.97
783,2026-05-29,BOS,CLE,1,0,-120.0,-110.0,0.8333333333333334,0.9090909090909091,0.5454545454545454,0.5238095238095238,1.0692640692640691,0.5101214574898786,0.48987854251012153,0.46016541234799646,0.4562,0.7766,0.96
784,2026-05-29,NYY,OAK,1,0,105.0,-135.0,1.05,0.7407407407407407,0.4878048780487805,0.574468085106383,1.0622729631551635,0.4592085979482169,0.5407914020517831,0.3666242174829798,0.3651,1.0025,0.93
785,2026-05-29,ATL,CIN,1,0,100.0,-130.0,1.0,0.7692307692307693,0.5,0.5652173913043478,1.0652173913043477,0.4693877551020409,0.5306122448979592,0.42338009863739146,0.4064,0.8601,1.09
786,2026-05-29,KC,TEX,1,0,-130.0,100.0,0.7692307692307693,1.0,0.5652173913043478,0.5,1.0652173913043477,0.5306122448979592,0.4693877551020409,0.569553486611185,0.5577,0.5628,1.07
787,2026-05-29,MIA,NYM,1,0,-135.0,105.0,0.7407407407407407,1.05,0.574468085106383,0.4878048780487805,1.0622729631551635,0.5407914020517831,0.4592085979482169,0.5852288469665161,0.5685,0.5358,0.96
788,2026-05-29,CHC,STL,1,0,-125.0,-105.0,0.8,0.9523809523809523,0.5555555555555556,0.5121951219512195,1.067750677506775,0.5203045685279188,0.4796954314720812,0.5121108625533765,0.5254,0.6682,0.97
789,2026-05-29,PHI,LAD,1,0,-115.0,-110.0,0.8695652173913043,0.9090909090909091,0.5348837209302325,0.5238095238095238,1.0586932447397563,0.5052301255230125,0.4947698744769875,0.46121968342708214,0.4624,0.7729,0.97
790,2026-05-29,MIL,HOU,1,1,-120.0,-110.0,0.8333333333333334,0.9090909090909091,0.5454545454545454,0.5238095238095238,1.0692640692640691,0.5101214574898786,0.48987854251012153,0.5129259839136329,0.5262,0.668,0.99
791,2026-05-29,ARI,SEA,1,0,-140.0,110.0,0.7142857142857143,1.1,0.5833333333333334,0.47619047619047616,1.0595238095238095,0.550561797752809,0.449438202247191,0.5103427480215593,0.5128,0.6722,0.95
792,2026-05-29,MIN,PIT,1,0,-135.0,105.0,0.7407407407407407,1.05,0.574468085106383,0.4878048780487805,1.0622729631551635,0.5407914020517831,0.4592085979482169,0.4374418174804249,0.4251,0.8258,0.96
793,2026-05-29,TOR,BAL,1,1,-115.0,-115.0,0.8695652173913043,0.8695652173913043,0.5348837209302325,0.5348837209302325,1.069767441860465,0.5,0.5,0.4964163412374561,0.4795,0.7004,1.06
794,2026-05-30,SF,COL,1,0,100.0,-135.0,1.0,0.7407407407407407,0.5,0.574468085106383,1.074468085106383,0.4653465346534653,0.5346534653465347,0.3340081883239883,0.3219,1.0981,1.22
795,2026-05-30,DET,CWS,1,0,-135.0,105.0,0.7407407407407407,1.05,0.574468085106383,0.4878048780487805,1.0622729631551635,0.5407914020517831,0.4592085979482169,0.3322761489887916,0.3219,1.1024,0.98
796,2026-05-30,SD,WSH,1,1,-135.0,100.0,0.7407407407407407,1.0,0.574468085106383,0.5,1.074468085106383,0.5346534653465347,0.4653465346534653,0.47961427952637603,0.4772,0.7353,0.97
797,2026-05-30,LAA,TB,1,0,-130.0,100.0,0.7692307692307693,1.0,0.5652173913043478,0.5,1.0652173913043477,0.5306122448979592,0.4693877551020409,0.4309985985698078,0.4093,0.8415,0.93
798,2026-05-30,ATL,CIN,1,1,110.0,-145.0,1.1,0.6896551724137931,0.47619047619047616,0.5918367346938775,1.0680272108843538,0.4458598726114649,0.554140127388535,0.3738275442110046,0.377,0.9843,1.09
799,2026-05-30,NYY,OAK,1,0,100.0,-135.0,1.0,0.7407407407407407,0.5,0.574468085106383,1.074468085106383,0.4653465346534653,0.5346534653465347,0.35147486979390663,0.3381,1.0446,0.93
800,2026-05-30,PHI,LAD,1,1,-110.0,-115.0,0.9090909090909091,0.8695652173913043,0.5238095238095238,0.5348837209302325,1.0586932447397563,0.4947698744769875,0.5052301255230125,0.3754496320730132,0.3804,0.9793,0.97
801,2026-05-30,MIA,NYM,1,1,-145.0,110.0,0.6896551724137931,1.1,0.5918367346938775,0.47619047619047616,1.0680272108843538,0.554140127388535,0.4458598726114649,0.5171150170745603,0.5387,0.6595,0.96
802,2026-05-30,MIL,HOU,1,0,-105.0,-125.0,0.9523809523809523,0.8,0.5121951219512195,0.5555555555555556,1.067750677506775,0.4796954314720812,0.5203045685279188,0.47921542180376087,0.4772,0.7362,0.99
803,2026-05-30,CHC,STL,1,1,-135.0,105.0,0.7407407407407407,1.05,0.574468085106383,0.4878048780487805,1.0622729631551635,0.5407914020517831,0.4592085979482169,0.4750880146739286,0.4772,0.7434,0.97
804,2026-05-30,MIN,PIT,1,0,-110.0,-115.0,0.9090909090909091,0.8695652173913043,0.5238095238095238,0.5348837209302325,1.0586932447397563,0.4947698744769875,0.5052301255230125,0.4560285025641369,0.4433,0.7844,0.96
805,2026-05-30,TOR,BAL,1,1,-130.0,100.0,0.7692307692307693,1.0,0.5652173913043478,0.5,1.0652173913043477,0.5306122448979592,0.4693877551020409,0.5180354437189874,0.54,0.6578,1.06
806,2026-05-30,BOS,CLE,1,0,-160.0,125.0,0.625,1.25,0.6153846153846154,0.4444444444444444,1.0598290598290598,0.5806451612903226,0.4193548387096774,0.5212521380526624,0.5444,0.652,0.96
807,2026-05-30,KC,TEX,1,0,-125.0,-105.0,0.8,0.9523809523809523,0.5555555555555556,0.5121951219512195,1.067750677506775,0.5203045685279188,0.4796954314720812,0.553172630134744,0.5514,0.5914,1.07
808,2026-05-30,ARI,SEA,1,1,-130.0,100.0,0.7692307692307693,1.0,0.5652173913043478,0.5,1.0652173913043477,0.5306122448979592,0.4693877551020409,0.5169602720524625,0.5391,0.659,0.95
809,2026-05-31,LAA,TB,1,0,-120.0,-110.0,0.8333333333333334,0.9090909090909091,0.5454545454545454,0.5238095238095238,1.0692640692640691,0.5101214574898786,0.48987854251012153,0.3447132195024508,0.326,1.0641,0.93
810,2026-05-31,SF,COL,1,0,115.0,-150.0,1.15,0.6666666666666666,0.46511627906976744,0.6,1.0651162790697675,0.43668122270742354,0.5633187772925764,0.3724078976099049,0.3752,0.9871,1.22
811,2026-05-31,SD,WSH,1,1,100.0,-130.0,1.0,0.7692307692307693,0.5,0.5652173913043478,1.0652173913043477,0.4693877551020409,0.5306122448979592,0.3594041584359201,0.3514,1.0236,0.97
812,2026-05-31,DET,CWS,1,0,-130.0,100.0,0.7692307692307693,1.0,0.5652173913043478,0.5,1.0652173913043477,0.5306122448979592,0.4693877551020409,0.4227910598992044,0.4064,0.8612,0.98
813,2026-05-31,CHC,STL,1,0,-110.0,-115.0,0.9090909090909091,0.8695652173913043,0.5238095238095238,0.5348837209302325,1.0586932447397563,0.4947698744769875,0.5052301255230125,0.4633031894993805,0.4694,0.7688,0.97
814,2026-05-31,MIN,PIT,1,1,-130.0,100.0,0.7692307692307693,1.0,0.5652173913043478,0.5,1.0652173913043477,0.5306122448979592,0.4693877551020409,0.4729594164283059,0.4772,0.7491,0.96
815,2026-05-31,MIA,NYM,1,0,-145.0,115.0,0.6896551724137931,1.15,0.5918367346938775,0.46511627906976744,1.056953013763645,0.5599461158509206,0.4400538841490795,0.5394608036649329,0.5479,0.6167,0.96
816,2026-05-31,KC,TEX,1,0,-130.0,100.0,0.7692307692307693,1.0,0.5652173913043478,0.5,1.0652173913043477,0.5306122448979592,0.4693877551020409,0.5533858764805236,0.5514,0.5923,1.07
817,2026-05-31,TOR,BAL,1,1,-125.0,-105.0,0.8,0.9523809523809523,0.5555555555555556,0.5121951219512195,1.067750677506775,0.5203045685279188,0.4796954314720812,0.5068128773191353,0.4863,0.6808,1.06
818,2026-05-31,BOS,CLE,1,0,-150.0,115.0,0.6666666666666666,1.15,0.6,0.46511627906976744,1.0651162790697675,0.5633187772925764,0.43668122270742354,0.49496438551916294,0.479,0.7041,0.96
819,2026-05-31,ATL,CIN,1,0,-115.0,-115.0,0.8695652173913043,0.8695652173913043,0.5348837209302325,0.5348837209302325,1.069767441860465,0.5,0.5,0.4907722094804358,0.4782,0.7111,1.09
820,2026-05-31,ARI,SEA,1,1,-125.0,-105.0,0.8,0.9523809523809523,0.5555555555555556,0.5121951219512195,1.067750677506775,0.5203045685279188,0.4796954314720812,0.49271174642764737,0.4786,0.7073,0.95
821,2026-05-31,PHI,LAD,1,1,105.0,-140.0,1.05,0.7142857142857143,0.4878048780487805,0.5833333333333334,1.071138211382114,0.4554079696394686,0.5445920303605313,0.43221547327028553,0.4112,0.8396,0.97
822,2026-05-31,MIL,HOU,1,1,-150.0,115.0,0.6666666666666666,1.15,0.6,0.46511627906976744,1.0651162790697675,0.5633187772925764,0.43668122270742354,0.5481860377674171,0.5504,0.6012,0.99
823,2026-05-31,NYY,OAK,1,0,110.0,-145.0,1.1,0.6896551724137931,0.47619047619047616,0.5918367346938775,1.0680272108843538,0.4458598726114649,0.554140127388535,0.276185991189351,0.3219,1.2849,0.93
824,2026-06-01,DET,TB,1,0,-120.0,-110.0,0.8333333333333334,0.9090909090909091,0.5454545454545454,0.5238095238095238,1.0692640692640691,0.5101214574898786,0.48987854251012153,0.38216350954773054,0.3931,0.9604,0.93
825,2026-06-01,COL,LAA,1,0,-125.0,-105.0,0.8,0.9523809523809523,0.5555555555555556,0.5121951219512195,1.067750677506775,0.5203045685279188,0.4796954314720812,0.3600572976551602,0.3519,1.0228,0.99
826,2026-06-01,MIA,WSH,1,0,-120.0,-110.0,0.8333333333333334,0.9090909090909091,0.5454545454545454,0.5238095238095238,1.0692640692640691,0.5101214574898786,0.48987854251012153,0.42716618691409997,0.4064,0.8513,0.97
827,2026-06-01,KC,CIN,1,0,-115.0,-110.0,0.8695652173913043,0.9090909090909091,0.5348837209302325,0.5238095238095238,1.0586932447397563,0.5052301255230125,0.4947698744769875,0.4436096117984747,0.4374,0.8138,1.09
828,2026-06-01,NYM,SEA,1,1,-125.0,-105.0,0.8,0.9523809523809523,0.5555555555555556,0.5121951219512195,1.067750677506775,0.5203045685279188,0.4796954314720812,0.4983908289090645,0.4795,0.6973,0.95
829,2026-06-01,LAD,ARI,1,1,-105.0,-125.0,0.9523809523809523,0.8,0.5121951219512195,0.5555555555555556,1.067750677506775,0.4796954314720812,0.5203045685279188,0.45144457071797994,0.4384,0.7959,1.0
830,2026-06-01,SF,MIL,1,1,-155.0,115.0,0.6451612903225806,1.15,0.6078431372549019,0.46511627906976744,1.0729594163246694,0.5665108372290693,0.43348916277093075,0.6057090046748369,0.5942,0.5019,1.03
831,2026-06-01,TEX,STL,1,1,-130.0,100.0,0.7692307692307693,1.0,0.5652173913043478,0.5,1.0652173913043477,0.5306122448979592,0.4693877551020409,0.4876261652306666,0.4773,0.7179,0.97
832,2026-06-01,CWS,MIN,1,0,-130.0,100.0,0.7692307692307693,1.0,0.5652173913043478,0.5,1.0652173913043477,0.5306122448979592,0.4693877551020409,0.5419085898249493,0.5483,0.6127,0.97
833,2026-06-02,COL,LAA,1,1,-115.0,-110.0,0.8695652173913043,0.9090909090909091,0.5348837209302325,0.5238095238095238,1.0586932447397563,0.5052301255230125,0.4947698744769875,0.32726423679530076,0.3219,1.1185,0.99
834,2026-06-02,SD,PHI,1,1,-105.0,-125.0,0.9523809523809523,0.8,0.5121951219512195,0.5555555555555556,1.067750677506775,0.4796954314720812,0.5203045685279188,0.41414799304820804,0.4064,0.8813,1.04
835,2026-06-02,MIA,WSH,1,1,105.0,-135.0,1.05,0.7407407407407407,0.4878048780487805,0.574468085106383,1.0622729631551635,0.4592085979482169,0.5407914020517831,0.46349410865471363,0.4673,0.77,0.97
836,2026-06-02,DET,TB,1,0,-125.0,-105.0,0.8,0.9523809523809523,0.5555555555555556,0.5121951219512195,1.067750677506775,0.5203045685279188,0.4796954314720812,0.41771545273742483,0.4064,0.8718,0.93
837,2026-06-02,LAD,ARI,1,0,105.0,-135.0,1.05,0.7407407407407407,0.4878048780487805,0.574468085106383,1.0622729631551635,0.4592085979482169,0.5407914020517831,0.3575598359633186,0.3491,1.0271,1.0
838,2026-06-02,SF,MIL,1,0,-150.0,115.0,0.6666666666666666,1.15,0.6,0.46511627906976744,1.0651162790697675,0.5633187772925764,0.43668122270742354,0.6331552467863518,0.6918,0.4576,1.03
839,2026-06-02,CLE,NYY,1,1,-135.0,100.0,0.7407407407407407,1.0,0.574468085106383,0.5,1.074468085106383,0.5346534653465347,0.4653465346534653,0.41665590246585305,0.4064,0.8766,1.02
840,2026-06-02,CWS,MIN,1,1,-120.0,-110.0,0.8333333333333334,0.9090909090909091,0.5454545454545454,0.5238095238095238,1.0692640692640691,0.5101214574898786,0.48987854251012153,0.5092282900298898,0.5062,0.6744,0.97
841,2026-06-02,KC,CIN,1,1,100.0,-125.0,1.0,0.8,0.5,0.5555555555555556,1.0555555555555556,0.47368421052631576,0.5263157894736842,0.46535217568049314,0.4744,0.7658,1.09
842,2026-06-02,BAL,BOS,1,0,-125.0,-105.0,0.8,0.9523809523809523,0.5555555555555556,0.5121951219512195,1.067750677506775,0.5203045685279188,0.4796954314720812,0.5288295319113508,0.5479,0.638,1.05
843,2026-06-02,TEX,STL,1,1,-150.0,115.0,0.6666666666666666,1.15,0.6,0.46511627906976744,1.0651162790697675,0.5633187772925764,0.43668122270742354,0.49164912306341757,0.4782,0.7106,0.97
844,2026-06-02,OAK,CHC,1,0,-130.0,100.0,0.7692307692307693,1.0,0.5652173913043478,0.5,1.0652173913043477,0.5306122448979592,0.4693877551020409,0.48623421853031135,0.4772,0.7216,1.0
845,2026-06-02,PIT,HOU,1,0,100.0,-130.0,1.0,0.7692307692307693,0.5,0.5652173913043478,1.0652173913043477,0.4693877551020409,0.5306122448979592,0.48299037867412214,0.4772,0.7269,0.99
846,2026-06-02,TOR,ATL,1,0,-115.0,-110.0,0.8695652173913043,0.9090909090909091,0.5348837209302325,0.5238095238095238,1.0586932447397563,0.5052301255230125,0.4947698744769875,0.5269386283299812,0.5479,0.6406,0.98
847,2026-06-02,NYM,SEA,1,1,-110.0,-115.0,0.9090909090909091,0.8695652173913043,0.5238095238095238,0.5348837209302325,1.0586932447397563,0.4947698744769875,0.5052301255230125,0.5673862271781513,0.5555,0.5663,0.95
848,2026-06-03,DET,TB,1,0,-120.0,-110.0,0.8333333333333334,0.9090909090909091,0.5454545454545454,0.5238095238095238,1.0692640692640691,0.5101214574898786,0.48987854251012153,0.401081130819231,0.4064,0.9134,0.93
849,2026-06-03,COL,LAA,1,1,-120.0,-105.0,0.8333333333333334,0.9523809523809523,0.5454545454545454,0.5121951219512195,1.057649667405765,0.5157232704402516,0.48427672955974843,0.3733336780992115,0.3755,0.9866,0.99
850,2026-06-03,CWS,MIN,1,0,-105.0,-125.0,0.9523809523809523,0.8,0.5121951219512195,0.5555555555555556,1.067750677506775,0.4796954314720812,0.5203045685279188,0.43727756929958556,0.4248,0.8261,0.97
851,2026-06-03,CLE,NYY,1,1,-140.0,105.0,0.7142857142857143,1.05,0.5833333333333334,0.4878048780487805,1.071138211382114,0.5445920303605313,0.4554079696394686,0.42407749752481105,0.4064,0.8568,1.02
852,2026-06-03,MIA,WSH,1,1,-130.0,100.0,0.7692307692307693,1.0,0.5652173913043478,0.5,1.0652173913043477,0.5306122448979592,0.4693877551020409,0.4542676747883644,0.4384,0.7883,0.97
853,2026-06-03,SD,PHI,1,1,-120.0,-110.0,0.8333333333333334,0.9090909090909091,0.5454545454545454,0.5238095238095238,1.0692640692640691,0.5101214574898786,0.48987854251012153,0.46813448578309785,0.4772,0.7601,1.04
854,2026-06-03,BAL,BOS,1,0,-120.0,-110.0,0.8333333333333334,0.9090909090909091,0.5454545454545454,0.5238095238095238,1.0692640692640691,0.5101214574898786,0.48987854251012153,0.5008492228041102,0.4795,0.6904,1.05
855,2026-06-03,TOR,ATL,1,0,-105.0,-125.0,0.9523809523809523,0.8,0.5121951219512195,0.5555555555555556,1.067750677506775,0.4796954314720812,0.5203045685279188,0.5320593600805592,0.5479,0.6314,0.98
856,2026-06-03,OAK,CHC,1,0,-105.0,-125.0,0.9523809523809523,0.8,0.5121951219512195,0.5555555555555556,1.067750677506775,0.4796954314720812,0.5203045685279188,0.47030861452642225,0.4772,0.7534,1.0
857,2026-06-03,NYM,SEA,1,0,-140.0,105.0,0.7142857142857143,1.05,0.5833333333333334,0.4878048780487805,1.071138211382114,0.5445920303605313,0.4554079696394686,0.5701720599273671,0.5589,0.5611,0.95
858,2026-06-03,LAD,ARI,1,1,-115.0,-115.0,0.8695652173913043,0.8695652173913043,0.5348837209302325,0.5348837209302325,1.069767441860465,0.5,0.5,0.42890569841146514,0.4064,0.8468,1.0
859,2026-06-03,KC,CIN,1,0,-135.0,105.0,0.7407407407407407,1.05,0.574468085106383,0.4878048780487805,1.0622729631551635,0.5407914020517831,0.4592085979482169,0.5030857342573563,0.4795,0.6866,1.09
860,2026-06-03,PIT,HOU,1,1,-135.0,105.0,0.7407407407407407,1.05,0.574468085106383,0.4878048780487805,1.0622729631551635,0.5407914020517831,0.4592085979482169,0.4824235802753515,0.4772,0.7283,0.99
861,2026-06-03,TEX,STL,1,0,-120.0,-105.0,0.8333333333333334,0.9523809523809523,0.5454545454545454,0.5121951219512195,1.057649667405765,0.5157232704402516,0.48427672955974843,0.53061405105309,0.5479,0.6336,0.97
862,2026-06-03,SF,MIL,1,1,-120.0,-110.0,0.8333333333333334,0.9090909090909091,0.5454545454545454,0.5238095238095238,1.0692640692640691,0.5101214574898786,0.48987854251012153,0.6106481403119439,0.6138,0.493,1.03
863,2026-06-04,CLE,NYY,1,1,105.0,-140.0,1.05,0.7142857142857143,0.4878048780487805,0.5833333333333334,1.071138211382114,0.4554079696394686,0.5445920303605313,0.3486180404613515,0.3322,1.054,1.02
864,2026-06-04,KC,MIN,1,0,100.0,-130.0,1.0,0.7692307692307693,0.5,0.5652173913043478,1.0652173913043477,0.4693877551020409,0.5306122448979592,0.4473829803209534,0.4384,0.8042,0.97
865,2026-06-04,BAL,BOS,1,0,105.0,-135.0,1.05,0.7407407407407407,0.4878048780487805,0.574468085106383,1.0622729631551635,0.4592085979482169,0.5407914020517831,0.4501526905845614,0.4384,0.7988,1.05
866,2026-06-04,LAD,ARI,1,1,-105.0,-125.0,0.9523809523809523,0.8,0.5121951219512195,0.5555555555555556,1.067750677506775,0.4796954314720812,0.5203045685279188,0.365398278208874,0.3627,1.0061,1.0
867,2026-06-04,PIT,HOU,1,0,-110.0,-115.0,0.9090909090909091,0.8695652173913043,0.5238095238095238,0.5348837209302325,1.0586932447397563,0.4947698744769875,0.5052301255230125,0.4324796517372578,0.4119,0.8389,0.99
868,2026-06-04,SD,PHI,1,1,-110.0,-120.0,0.9090909090909091,0.8333333333333334,0.5238095238095238,0.5454545454545454,1.0692640692640691,0.48987854251012153,0.5101214574898786,0.47540439022811243,0.4772,0.7445,1.04
869,2026-06-04,OAK,CHC,1,1,115.0,-155.0,1.15,0.6451612903225806,0.46511627906976744,0.6078431372549019,1.0729594163246694,0.43348916277093075,0.5665108372290693,0.46554484281752895,0.4772,0.7639,1.0
870,2026-06-04,SF,MIL,1,0,-105.0,-125.0,0.9523809523809523,0.8,0.5121951219512195,0.5555555555555556,1.067750677506775,0.4796954314720812,0.5203045685279188,0.5282086666772362,0.5479,0.6391,1.03
871,2026-06-04,TOR,ATL,1,1,-140.0,110.0,0.7142857142857143,1.1,0.5833333333333334,0.47619047619047616,1.0595238095238095,0.550561797752809,0.449438202247191,0.5457060342839989,0.5495,0.6063,0.98
872,2026-06-05,MIL,COL,1,0,120.0,-155.0,1.2,0.6451612903225806,0.45454545454545453,0.6078431372549019,1.0623885918003564,0.4278523489932886,0.5721476510067114,0.3116997303965656,0.3219,1.1658,1.22
873,2026-06-05,CIN,STL,1,0,-105.0,-125.0,0.9523809523809523,0.8,0.5121951219512195,0.5555555555555556,1.067750677506775,0.4796954314720812,0.5203045685279188,0.3681815689889579,0.3677,0.9984,0.97
874,2026-06-05,TB,MIA,1,0,-120.0,-110.0,0.8333333333333334,0.9090909090909091,0.5454545454545454,0.5238095238095238,1.0692640692640691,0.5101214574898786,0.48987854251012153,0.4517574681430238,0.4384,0.7945,0.95
875,2026-06-05,CWS,PHI,1,1,-110.0,-120.0,0.9090909090909091,0.8333333333333334,0.5238095238095238,0.5454545454545454,1.0692640692640691,0.48987854251012153,0.5101214574898786,0.42647603339548407,0.4064,0.8525,1.04
876,2026-06-05,BOS,NYY,1,0,-130.0,100.0,0.7692307692307693,1.0,0.5652173913043478,0.5,1.0652173913043477,0.5306122448979592,0.4693877551020409,0.4090696942666969,0.4064,0.8955,1.02
877,2026-06-05,WSH,ARI,1,0,100.0,-135.0,1.0,0.7407407407407407,0.5,0.574468085106383,1.074468085106383,0.4653465346534653,0.5346534653465347,0.36283821626635493,0.3586,1.0124,1.0
878,2026-06-05,SF,CHC,1,0,105.0,-135.0,1.05,0.7407407407407407,0.4878048780487805,0.574468085106383,1.0622729631551635,0.4592085979482169,0.5407914020517831,0.5110694764730213,0.5173,0.6708,1.0
879,2026-06-05,PIT,ATL,1,1,-105.0,-120.0,0.9523809523809523,0.8333333333333334,0.5121951219512195,0.5454545454545454,1.057649667405765,0.48427672955974843,0.5157232704402516,0.4780948028572399,0.4772,0.7371,0.98
880,2026-06-05,CLE,TEX,1,0,-130.0,100.0,0.7692307692307693,1.0,0.5652173913043478,0.5,1.0652173913043477,0.5306122448979592,0.4693877551020409,0.6137851529973515,0.6246,0.4881,1.07
881,2026-06-05,OAK,HOU,1,0,-120.0,-110.0,0.8333333333333334,0.9090909090909091,0.5454545454545454,0.5238095238095238,1.0692640692640691,0.5101214574898786,0.48987854251012153,0.5493411732404645,0.5508,0.5995,0.99
882,2026-06-05,NYM,SD,1,1,-135.0,105.0,0.7407407407407407,1.05,0.574468085106383,0.4878048780487805,1.0622729631551635,0.5407914020517831,0.4592085979482169,0.5808922583758331,0.5685,0.5432,0.95
883,2026-06-05,BAL,TOR,1,0,-110.0,-115.0,0.9090909090909091,0.8695652173913043,0.5238095238095238,0.5348837209302325,1.0586932447397563,0.4947698744769875,0.5052301255230125,0.5029473713171867,0.4795,0.6865,1.01
884,2026-06-05,SEA,DET,1,0,-145.0,110.0,0.6896551724137931,1.1,0.5918367346938775,0.47619047619047616,1.0680272108843538,0.554140127388535,0.4458598726114649,0.5207119776456713,0.544,0.6526,0.98
885,2026-06-05,KC,MIN,1,0,-115.0,-115.0,0.8695652173913043,0.8695652173913043,0.5348837209302325,0.5348837209302325,1.069767441860465,0.5,0.5,0.5477831998812406,0.5503,0.602,0.97
886,2026-06-05,LAA,LAD,1,1,-120.0,-110.0,0.8333333333333334,0.9090909090909091,0.5454545454545454,0.5238095238095238,1.0692640692640691,0.5101214574898786,0.48987854251012153,0.3625379516696288,0.3576,1.014,0.97
887,2026-06-06,CWS,PHI,1,0,100.0,-135.0,1.0,0.7407407407407407,0.5,0.574468085106383,1.074468085106383,0.4653465346534653,0.5346534653465347,0.3547884876885597,0.3435,1.0359,1.04
889,2026-06-06,WSH,ARI,1,0,105.0,-135.0,1.05,0.7407407407407407,0.4878048780487805,0.574468085106383,1.0622729631551635,0.4592085979482169,0.5407914020517831,0.39004577883987307,0.4063,0.9412,1.0
890,2026-06-06,TB,MIA,1,1,-140.0,110.0,0.7142857142857143,1.1,0.5833333333333334,0.47619047619047616,1.0595238095238095,0.550561797752809,0.449438202247191,0.44915953580341333,0.4384,0.8013,0.95
891,2026-06-06,LAA,LAD,1,0,-110.0,-115.0,0.9090909090909091,0.8695652173913043,0.5238095238095238,0.5348837209302325,1.0586932447397563,0.4947698744769875,0.5052301255230125,0.37928390067336054,0.3871,0.9694,0.97
892,2026-06-06,SEA,DET,1,1,-125.0,-105.0,0.8,0.9523809523809523,0.5555555555555556,0.5121951219512195,1.067750677506775,0.5203045685279188,0.4796954314720812,0.46044421543408925,0.4579,0.7756,0.98
893,2026-06-06,SF,CHC,1,1,-150.0,115.0,0.6666666666666666,1.15,0.6,0.46511627906976744,1.0651162790697675,0.5633187772925764,0.43668122270742354,0.5480029597662586,0.5505,0.6008,1.0
894,2026-06-06,CIN,STL,1,1,-110.0,-120.0,0.9090909090909091,0.8333333333333334,0.5238095238095238,0.5454545454545454,1.0692640692640691,0.48987854251012153,0.5101214574898786,0.44018516144161535,0.4298,0.8212,0.97
895,2026-06-06,KC,MIN,1,0,-120.0,-105.0,0.8333333333333334,0.9523809523809523,0.5454545454545454,0.5121951219512195,1.057649667405765,0.5157232704402516,0.48427672955974843,0.5032312638246468,0.4795,0.6866,0.97
896,2026-06-06,PIT,ATL,1,0,-140.0,105.0,0.7142857142857143,1.05,0.5833333333333334,0.4878048780487805,1.071138211382114,0.5445920303605313,0.4554079696394686,0.46544326799527524,0.4748,0.7656,0.98
897,2026-06-06,CLE,TEX,1,1,-135.0,105.0,0.7407407407407407,1.05,0.574468085106383,0.4878048780487805,1.0622729631551635,0.5407914020517831,0.4592085979482169,0.5338671152229362,0.5479,0.6284,1.07
898,2026-06-06,NYM,SD,1,1,-130.0,100.0,0.7692307692307693,1.0,0.5652173913043478,0.5,1.0652173913043477,0.5306122448979592,0.4693877551020409,0.5818038678461623,0.5685,0.5418,0.95
899,2026-06-06,MIL,COL,1,0,120.0,-155.0,1.2,0.6451612903225806,0.45454545454545453,0.6078431372549019,1.0623885918003564,0.4278523489932886,0.5721476510067114,0.3387383493050881,0.3219,1.082,1.22
900,2026-06-06,BAL,TOR,1,1,-125.0,100.0,0.8,1.0,0.5555555555555556,0.5,1.0555555555555556,0.5263157894736842,0.47368421052631576,0.5553532749336137,0.5514,0.588,1.01
901,2026-06-06,OAK,HOU,1,0,-105.0,-125.0,0.9523809523809523,0.8,0.5121951219512195,0.5555555555555556,1.067750677506775,0.4796954314720812,0.5203045685279188,0.482029190140519,0.4772,0.7302,0.99
902,2026-06-07,MIL,COL,1,0,110.0,-140.0,1.1,0.7142857142857143,0.47619047619047616,0.5833333333333334,1.0595238095238095,0.449438202247191,0.550561797752809,0.3230472039720071,0.3219,1.1294,1.22
903,2026-06-07,CWS,PHI,1,0,100.0,-130.0,1.0,0.7692307692307693,0.5,0.5652173913043478,1.0652173913043477,0.4693877551020409,0.5306122448979592,0.402547400395734,0.4064,0.9095,1.04
904,2026-06-07,BOS,NYY,1,1,-125.0,-105.0,0.8,0.9523809523809523,0.5555555555555556,0.5121951219512195,1.067750677506775,0.5203045685279188,0.4796954314720812,0.37508338755841303,0.3808,0.9787,1.02
905,2026-06-07,TB,MIA,1,1,-135.0,105.0,0.7407407407407407,1.05,0.574468085106383,0.4878048780487805,1.0622729631551635,0.5407914020517831,0.4592085979482169,0.49656203856641745,0.4795,0.7005,0.95
906,2026-06-07,CIN,STL,1,1,-105.0,-120.0,0.9523809523809523,0.8333333333333334,0.5121951219512195,0.5454545454545454,1.057649667405765,0.48427672955974843,0.5157232704402516,0.40816880926679106,0.4064,0.896,0.97
907,2026-06-07,CLE,TEX,1,0,-145.0,110.0,0.6896551724137931,1.1,0.5918367346938775,0.47619047619047616,1.0680272108843538,0.554140127388535,0.4458598726114649,0.6421951444238038,0.6918,0.4422,1.07
908,2026-06-07,OAK,HOU,1,1,105.0,-135.0,1.05,0.7407407407407407,0.4878048780487805,0.574468085106383,1.0622729631551635,0.4592085979482169,0.5407914020517831,0.4374865316480091,0.4243,0.8266,0.99
909,2026-06-07,KC,MIN,1,1,-130.0,100.0,0.7692307692307693,1.0,0.5652173913043478,0.5,1.0652173913043477,0.5306122448979592,0.4693877551020409,0.5309419107349468,0.5479,0.6335,0.97
910,2026-06-07,BAL,TOR,1,1,-125.0,-105.0,0.8,0.9523809523809523,0.5555555555555556,0.5121951219512195,1.067750677506775,0.5203045685279188,0.4796954314720812,0.5324318277286633,0.5479,0.6292,1.01
911,2026-06-07,PIT,ATL,1,0,-125.0,-105.0,0.8,0.9523809523809523,0.5555555555555556,0.5121951219512195,1.067750677506775,0.5203045685279188,0.4796954314720812,0.5350577816611651,0.5479,0.6243,0.98
912,2026-06-07,SEA,DET,1,1,-120.0,-110.0,0.8333333333333334,0.9090909090909091,0.5454545454545454,0.5238095238095238,1.0692640692640691,0.5101214574898786,0.48987854251012153,0.5025714606091631,0.4795,0.6885,0.98
913,2026-06-07,LAA,LAD,1,1,-115.0,-115.0,0.8695652173913043,0.8695652173913043,0.5348837209302325,0.5348837209302325,1.069767441860465,0.5,0.5,0.4148238693627944,0.4064,0.8804,0.97
914,2026-06-07,SF,CHC,1,0,-125.0,-105.0,0.8,0.9523809523809523,0.5555555555555556,0.5121951219512195,1.067750677506775,0.5203045685279188,0.4796954314720812,0.5138011076686249,0.5336,0.6656,1.0
915,2026-06-07,WSH,ARI,1,0,-120.0,-110.0,0.8333333333333334,0.9090909090909091,0.5454545454545454,0.5238095238095238,1.0692640692640691,0.5101214574898786,0.48987854251012153,0.469352091055328,0.4772,0.7569,1.0
916,2026-06-07,NYM,SD,1,0,-125.0,-105.0,0.8,0.9523809523809523,0.5555555555555556,0.5121951219512195,1.067750677506775,0.5203045685279188,0.4796954314720812,0.5606622161713614,0.5514,0.5788,0.95
917,2026-06-08,HOU,LAA,1,1,-105.0,-125.0,0.9523809523809523,0.8,0.5121951219512195,0.5555555555555556,1.067750677506775,0.4796954314720812,0.5203045685279188,0.3192319160535376,0.3219,1.1428,0.99
918,2026-06-08,BOS,TB,1,0,-125.0,-105.0,0.8,0.9523809523809523,0.5555555555555556,0.5121951219512195,1.067750677506775,0.5203045685279188,0.4796954314720812,0.43021991941126164,0.4084,0.8423,0.93
919,2026-06-08,MIL,OAK,1,0,120.0,-155.0,1.2,0.6451612903225806,0.45454545454545453,0.6078431372549019,1.0623885918003564,0.4278523489932886,0.5721476510067114,0.4248756016823694,0.4064,0.8545,0.93
920,2026-06-08,WSH,SF,1,1,-115.0,-115.0,0.8695652173913043,0.8695652173913043,0.5348837209302325,0.5348837209302325,1.069767441860465,0.5,0.5,0.44308221181127516,0.4372,0.814,0.94
921,2026-06-08,CIN,SD,1,1,-135.0,100.0,0.7407407407407407,1.0,0.574468085106383,0.5,1.074468085106383,0.5346534653465347,0.4653465346534653,0.46816067566709085,0.4772,0.7594,0.95
922,2026-06-08,PHI,TOR,1,1,-155.0,120.0,0.6451612903225806,1.2,0.6078431372549019,0.45454545454545453,1.0623885918003564,0.5721476510067114,0.4278523489932886,0.4734129275463061,0.4772,0.7472,1.01
923,2026-06-08,NYY,CLE,1,0,-135.0,105.0,0.7407407407407407,1.05,0.574468085106383,0.4878048780487805,1.0622729631551635,0.5407914020517831,0.4592085979482169,0.48979450766806115,0.4778,0.7137,0.96
924,2026-06-08,SEA,BAL,1,1,-105.0,-120.0,0.9523809523809523,0.8333333333333334,0.5121951219512195,0.5454545454545454,1.057649667405765,0.48427672955974843,0.5157232704402516,0.5049687974725671,0.4795,0.6836,1.06
925,2026-06-09,CHC,COL,1,0,140.0,-185.0,1.4,0.5405405405405406,0.4166666666666667,0.6491228070175439,1.0657894736842106,0.39094650205761317,0.6090534979423868,0.30262191853192794,0.3219,1.1953,1.22
926,2026-06-09,MIL,OAK,1,0,160.0,-210.0,1.6,0.47619047619047616,0.38461538461538464,0.6774193548387096,1.0620347394540943,0.3621495327102804,0.6378504672897196,0.36100291671490653,0.3539,1.0196,0.93
927,2026-06-09,ARI,MIA,1,0,-130.0,100.0,0.7692307692307693,1.0,0.5652173913043478,0.5,1.0652173913043477,0.5306122448979592,0.4693877551020409,0.416850353430487,0.4064,0.8756,0.95
928,2026-06-09,LAD,PIT,1,0,-120.0,-105.0,0.8333333333333334,0.9523809523809523,0.5454545454545454,0.5121951219512195,1.057649667405765,0.5157232704402516,0.48427672955974843,0.4427774941901026,0.4353,0.8158,0.96
929,2026-06-09,BOS,TB,1,1,-135.0,105.0,0.7407407407407407,1.05,0.574468085106383,0.4878048780487805,1.0622729631551635,0.5407914020517831,0.4592085979482169,0.4664008002102114,0.4772,0.7616,0.93
930,2026-06-09,ATL,CWS,1,0,100.0,-130.0,1.0,0.7692307692307693,0.5,0.5652173913043478,1.0652173913043477,0.4693877551020409,0.5306122448979592,0.405964676536613,0.4064,0.9011,0.98
931,2026-06-09,HOU,LAA,1,0,100.0,-130.0,1.0,0.7692307692307693,0.5,0.5652173913043478,1.0652173913043477,0.4693877551020409,0.5306122448979592,0.3578797741975485,0.3485,1.0282,0.99
932,2026-06-09,STL,NYM,1,1,-130.0,100.0,0.7692307692307693,1.0,0.5652173913043478,0.5,1.0652173913043477,0.5306122448979592,0.4693877551020409,0.4913099222582641,0.4782,0.711,0.96
933,2026-06-09,PHI,TOR,1,0,-155.0,115.0,0.6451612903225806,1.15,0.6078431372549019,0.46511627906976744,1.0729594163246694,0.5665108372290693,0.43348916277093075,0.5611762803591399,0.5514,0.5774,1.01
934,2026-06-09,CIN,SD,1,1,-140.0,110.0,0.7142857142857143,1.1,0.5833333333333334,0.47619047619047616,1.0595238095238095,0.550561797752809,0.449438202247191,0.5595903989454348,0.5514,0.5804,0.95
935,2026-06-09,SEA,BAL,1,0,-120.0,-110.0,0.8333333333333334,0.9090909090909091,0.5454545454545454,0.5238095238095238,1.0692640692640691,0.5101214574898786,0.48987854251012153,0.515760371517336,0.5365,0.6624,1.06
936,2026-06-09,NYY,CLE,1,1,-110.0,-115.0,0.9090909090909091,0.8695652173913043,0.5238095238095238,0.5348837209302325,1.0586932447397563,0.4947698744769875,0.5052301255230125,0.4451690876201866,0.4384,0.8094,0.96
937,2026-06-09,MIN,DET,1,0,-110.0,-120.0,0.9090909090909091,0.8333333333333334,0.5238095238095238,0.5454545454545454,1.0692640692640691,0.48987854251012153,0.5101214574898786,0.4663060676889088,0.4772,0.7636,0.98
938,2026-06-09,WSH,SF,1,0,-105.0,-125.0,0.9523809523809523,0.8,0.5121951219512195,0.5555555555555556,1.067750677506775,0.4796954314720812,0.5203045685279188,0.505303808172062,0.4821,0.6822,0.94
939,2026-06-09,TEX,KC,1,1,-105.0,-125.0,0.9523809523809523,0.8,0.5121951219512195,0.5555555555555556,1.067750677506775,0.4796954314720812,0.5203045685279188,0.539126466316426,0.5479,0.617,0.96
940,2026-06-10,CHC,COL,1,1,120.0,-155.0,1.2,0.6451612903225806,0.45454545454545453,0.6078431372549019,1.0623885918003564,0.4278523489932886,0.5721476510067114,0.2846896443724468,0.3219,1.2551,1.22
941,2026-06-10,MIL,OAK,1,0,180.0,-240.0,1.8,0.4166666666666667,0.35714285714285715,0.7058823529411765,1.0630252100840336,0.3359683794466403,0.6640316205533597,0.34946977750896874,0.3335,1.0519,0.93
942,2026-06-10,ARI,MIA,1,1,-120.0,-110.0,0.8333333333333334,0.9090909090909091,0.5454545454545454,0.5238095238095238,1.0692640692640691,0.5101214574898786,0.48987854251012153,0.43633074924633464,0.4219,0.829,0.95
943,2026-06-10,BOS,TB,1,1,-140.0,105.0,0.7142857142857143,1.05,0.5833333333333334,0.4878048780487805,1.071138211382114,0.5445920303605313,0.4554079696394686,0.43192231745195386,0.41,0.8408,0.93
944,2026-06-10,STL,NYM,1,0,-115.0,-115.0,0.8695652173913043,0.8695652173913043,0.5348837209302325,0.5348837209302325,1.069767441860465,0.5,0.5,0.45098538782257935,0.4384,0.7966,0.96
945,2026-06-10,HOU,LAA,1,0,-110.0,-120.0,0.9090909090909091,0.8333333333333334,0.5238095238095238,0.5454545454545454,1.0692640692640691,0.48987854251012153,0.5101214574898786,0.3640461974862539,0.36,1.0103,0.99
946,2026-06-10,WSH,SF,1,1,-125.0,-105.0,0.8,0.9523809523809523,0.5555555555555556,0.5121951219512195,1.067750677506775,0.5203045685279188,0.4796954314720812,0.4264134490598981,0.4064,0.8513,0.94
947,2026-06-10,CIN,SD,1,0,-120.0,-105.0,0.8333333333333334,0.9523809523809523,0.5454545454545454,0.5121951219512195,1.057649667405765,0.5157232704402516,0.48427672955974843,0.489427588887714,0.4779,0.7135,0.95
948,2026-06-10,NYY,CLE,1,0,-125.0,-105.0,0.8,0.9523809523809523,0.5555555555555556,0.5121951219512195,1.067750677506775,0.5203045685279188,0.4796954314720812,0.4694921251850105,0.4772,0.7558,0.96
949,2026-06-10,TEX,KC,1,1,105.0,-135.0,1.05,0.7407407407407407,0.4878048780487805,0.574468085106383,1.0622729631551635,0.4592085979482169,0.5407914020517831,0.4851332625206726,0.4772,0.722,0.96
950,2026-06-10,PHI,TOR,1,0,-110.0,-120.0,0.9090909090909091,0.8333333333333334,0.5238095238095238,0.5454545454545454,1.0692640692640691,0.48987854251012153,0.5101214574898786,0.47102038264422796,0.4772,0.7523,1.01
951,2026-06-10,SEA,BAL,1,1,-115.0,-110.0,0.8695652173913043,0.9090909090909091,0.5348837209302325,0.5238095238095238,1.0586932447397563,0.5052301255230125,0.4947698744769875,0.5318135606224812,0.5479,0.6316,1.06
952,2026-06-10,LAD,PIT,1,1,-120.0,-110.0,0.8333333333333334,0.9090909090909091,0.5454545454545454,0.5238095238095238,1.0692640692640691,0.5101214574898786,0.48987854251012153,0.5075611756238381,0.4956,0.6778,0.96
953,2026-06-10,MIN,DET,1,1,-110.0,-120.0,0.9090909090909091,0.8333333333333334,0.5238095238095238,0.5454545454545454,1.0692640692640691,0.48987854251012153,0.5101214574898786,0.5289616324889662,0.5479,0.637,0.98
954,2026-06-10,ATL,CWS,1,1,-130.0,100.0,0.7692307692307693,1.0,0.5652173913043478,0.5,1.0652173913043477,0.5306122448979592,0.4693877551020409,0.39178961008483704,0.4064,0.9368,0.98
955,2026-06-11,CHC,COL,1,1,110.0,-145.0,1.1,0.6896551724137931,0.47619047619047616,0.5918367346938775,1.0680272108843538,0.4458598726114649,0.554140127388535,0.3605432734739477,0.3543,1.0191,1.22
956,2026-06-11,STL,NYM,1,0,-110.0,-120.0,0.9090909090909091,0.8333333333333334,0.5238095238095238,0.5454545454545454,1.0692640692640691,0.48987854251012153,0.5101214574898786,0.41879382099697327,0.4064,0.8691,0.96
957,2026-06-11,ARI,MIA,1,0,-110.0,-115.0,0.9090909090909091,0.8695652173913043,0.5238095238095238,0.5348837209302325,1.0586932447397563,0.4947698744769875,0.5052301255230125,0.41731475641586646,0.4064,0.873,0.95
958,2026-06-11,MIN,DET,1,0,105.0,-135.0,1.05,0.7407407407407407,0.4878048780487805,0.574468085106383,1.0622729631551635,0.4592085979482169,0.5407914020517831,0.4218148051232638,0.4064,0.8633,0.98
959,2026-06-11,TEX,KC,1,0,110.0,-145.0,1.1,0.6896551724137931,0.47619047619047616,0.5918367346938775,1.0680272108843538,0.4458598726114649,0.554140127388535,0.4880696267726361,0.4774,0.7177,0.96
960,2026-06-11,LAD,PIT,1,1,100.0,-130.0,1.0,0.7692307692307693,0.5,0.5652173913043478,1.0652173913043477,0.4693877551020409,0.5306122448979592,0.4397973762240723,0.4305,0.8205,0.96
961,2026-06-11,SEA,BAL,1,0,-125.0,-105.0,0.8,0.9523809523809523,0.5555555555555556,0.5121951219512195,1.067750677506775,0.5203045685279188,0.4796954314720812,0.5001190585156461,0.4795,0.6928,1.06
963,2026-06-12,SEA,WSH,1,1,-105.0,-125.0,0.9523809523809523,0.8,0.5121951219512195,0.5555555555555556,1.067750677506775,0.4796954314720812,0.5203045685279188,0.39836031175098074,0.4064,0.9197,0.97
964,2026-06-12,ARI,CIN,1,1,100.0,-130.0,1.0,0.7692307692307693,0.5,0.5652173913043478,1.0652173913043477,0.4693877551020409,0.5306122448979592,0.3872036393316973,0.4019,0.9476,1.09
965,2026-06-12,LAD,CWS,1,0,-110.0,-115.0,0.9090909090909091,0.8695652173913043,0.5238095238095238,0.5348837209302325,1.0586932447397563,0.4947698744769875,0.5052301255230125,0.35207774370052286,0.3386,1.0438,0.98
966,2026-06-12,TB,LAA,1,0,100.0,-135.0,1.0,0.7407407407407407,0.5,0.574468085106383,1.074468085106383,0.4653465346534653,0.5346534653465347,0.40317311939823036,0.4064,0.9091,0.99
967,2026-06-12,PHI,MIL,1,0,-115.0,-115.0,0.8695652173913043,0.8695652173913043,0.5348837209302325,0.5348837209302325,1.069767441860465,0.5,0.5,0.6216229286512249,0.6547,0.4746,1.03
968,2026-06-12,CHC,SF,1,1,-135.0,100.0,0.7407407407407407,1.0,0.574468085106383,0.5,1.074468085106383,0.5346534653465347,0.4653465346534653,0.48101884066619544,0.4772,0.7324,0.94
969,2026-06-12,MIA,PIT,1,1,-120.0,-110.0,0.8333333333333334,0.9090909090909091,0.5454545454545454,0.5238095238095238,1.0692640692640691,0.5101214574898786,0.48987854251012153,0.48372466774916567,0.4772,0.7273,0.96
970,2026-06-12,SD,BAL,1,0,100.0,-130.0,1.0,0.7692307692307693,0.5,0.5652173913043478,1.0652173913043477,0.4693877551020409,0.5306122448979592,0.4925424671432965,0.4785,0.708,1.06
971,2026-06-12,HOU,KC,1,0,105.0,-135.0,1.05,0.7407407407407407,0.4878048780487805,0.574468085106383,1.0622729631551635,0.4592085979482169,0.5407914020517831,0.49879668459122517,0.4795,0.6961,0.96
972,2026-06-12,TEX,BOS,1,0,-125.0,-105.0,0.8,0.9523809523809523,0.5555555555555556,0.5121951219512195,1.067750677506775,0.5203045685279188,0.4796954314720812,0.5531085604763617,0.5514,0.5916,1.05
973,2026-06-12,DET,CLE,1,1,-120.0,-110.0,0.8333333333333334,0.9090909090909091,0.5454545454545454,0.5238095238095238,1.0692640692640691,0.5101214574898786,0.48987854251012153,0.5465859693688094,0.55,0.6039,0.96
974,2026-06-12,ATL,NYM,1,0,-120.0,-110.0,0.8333333333333334,0.9090909090909091,0.5454545454545454,0.5238095238095238,1.0692640692640691,0.5101214574898786,0.48987854251012153,0.5084981270213199,0.5039,0.6751,0.96
975,2026-06-12,STL,MIN,1,0,-110.0,-120.0,0.9090909090909091,0.8333333333333334,0.5238095238095238,0.5454545454545454,1.0692640692640691,0.48987854251012153,0.5101214574898786,0.5187554396229036,0.5408,0.6567,0.97
976,2026-06-12,COL,OAK,1,1,175.0,-235.0,1.75,0.425531914893617,0.36363636363636365,0.7014925373134329,1.0651289009497966,0.3414012738853503,0.6585987261146496,0.3689324390083461,0.3681,0.9978,0.93
977,2026-06-12,NYY,TOR,1,0,-115.0,-110.0,0.8695652173913043,0.9090909090909091,0.5348837209302325,0.5238095238095238,1.0586932447397563,0.5052301255230125,0.4947698744769875,0.5324843761516577,0.5479,0.6294,1.01
978,2026-06-13,SD,BAL,1,0,120.0,-155.0,1.2,0.6451612903225806,0.45454545454545453,0.6078431372549019,1.0623885918003564,0.4278523489932886,0.5721476510067114,0.4219280359026604,0.4064,0.8616,1.06
979,2026-06-13,ARI,CIN,1,0,-105.0,-125.0,0.9523809523809523,0.8,0.5121951219512195,0.5555555555555556,1.067750677506775,0.4796954314720812,0.5203045685279188,0.4391658483106203,0.4272,0.8237,1.09
980,2026-06-13,TB,LAA,1,1,-120.0,-110.0,0.8333333333333334,0.9090909090909091,0.5454545454545454,0.5238095238095238,1.0692640692640691,0.5101214574898786,0.48987854251012153,0.41462068189450624,0.4064,0.8799,0.99
981,2026-06-13,LAD,CWS,1,0,-120.0,-110.0,0.8333333333333334,0.9090909090909091,0.5454545454545454,0.5238095238095238,1.0692640692640691,0.5101214574898786,0.48987854251012153,0.39396679961957876,0.4064,0.9306,0.98
982,2026-06-13,PHI,MIL,1,1,-120.0,-110.0,0.8333333333333334,0.9090909090909091,0.5454545454545454,0.5238095238095238,1.0692640692640691,0.5101214574898786,0.48987854251012153,0.5881878503519729,0.5685,0.5299,1.03
983,2026-06-13,NYY,TOR,1,1,-135.0,105.0,0.7407407407407407,1.05,0.574468085106383,0.4878048780487805,1.0622729631551635,0.5407914020517831,0.4592085979482169,0.5672030687977264,0.5546,0.5677,1.01
984,2026-06-13,SEA,WSH,1,0,-110.0,-115.0,0.9090909090909091,0.8695652173913043,0.5238095238095238,0.5348837209302325,1.0586932447397563,0.4947698744769875,0.5052301255230125,0.4425814963103543,0.4355,0.8156,0.97
985,2026-06-13,DET,CLE,1,0,-145.0,110.0,0.6896551724137931,1.1,0.5918367346938775,0.47619047619047616,1.0680272108843538,0.554140127388535,0.4458598726114649,0.528590971428094,0.5479,0.6372,0.96
986,2026-06-13,STL,MIN,1,0,100.0,-130.0,1.0,0.7692307692307693,0.5,0.5652173913043478,1.0652173913043477,0.4693877551020409,0.5306122448979592,0.47382709960255825,0.4772,0.7469,0.97
988,2026-06-13,TEX,BOS,1,1,-140.0,110.0,0.7142857142857143,1.1,0.5833333333333334,0.47619047619047616,1.0595238095238095,0.550561797752809,0.449438202247191,0.5557593147678194,0.5514,0.588,1.05
989,2026-06-13,CHC,SF,1,0,-145.0,110.0,0.6896551724137931,1.1,0.5918367346938775,0.47619047619047616,1.0680272108843538,0.554140127388535,0.4458598726114649,0.5255824637204068,0.5479,0.6426,0.94
990,2026-06-13,HOU,KC,1,1,105.0,-135.0,1.05,0.7407407407407407,0.4878048780487805,0.574468085106383,1.0622729631551635,0.4592085979482169,0.5407914020517831,0.4998159478014847,0.4795,0.6939,0.96
991,2026-06-13,COL,OAK,1,0,190.0,-250.0,1.9,0.4,0.3448275862068966,0.7142857142857143,1.0591133004926108,0.32558139534883723,0.6744186046511629,0.3630124012303347,0.358,1.0133,0.93
992,2026-06-13,ATL,NYM,1,1,-120.0,-110.0,0.8333333333333334,0.9090909090909091,0.5454545454545454,0.5238095238095238,1.0692640692640691,0.5101214574898786,0.48987854251012153,0.4476116325507249,0.4384,0.8045,0.96
993,2026-06-14,PHI,MIL,1,0,-165.0,125.0,0.6060606060606061,1.25,0.6226415094339622,0.4444444444444444,1.0670859538784065,0.5834970530451867,0.4165029469548134,0.6180554136452557,0.6384,0.4818,1.03
994,2026-06-14,SEA,WSH,1,0,105.0,-135.0,1.05,0.7407407407407407,0.4878048780487805,0.574468085106383,1.0622729631551635,0.4592085979482169,0.5407914020517831,0.34873467822895643,0.3325,1.0536,0.97
995,2026-06-14,COL,OAK,1,0,170.0,-225.0,1.7,0.4444444444444444,0.37037037037037035,0.6923076923076923,1.0626780626780628,0.34852546916890076,0.6514745308310992,0.3471651523181268,0.3301,1.0574,0.93
996,2026-06-14,TB,LAA,1,1,110.0,-145.0,1.1,0.6896551724137931,0.47619047619047616,0.5918367346938775,1.0680272108843538,0.4458598726114649,0.554140127388535,0.3080064717481544,0.3219,1.1761,0.99
997,2026-06-14,ARI,CIN,1,0,105.0,-140.0,1.05,0.7142857142857143,0.4878048780487805,0.5833333333333334,1.071138211382114,0.4554079696394686,0.5445920303605313,0.383906009663144,0.3959,0.9564,1.09
998,2026-06-14,LAD,CWS,1,0,-120.0,-110.0,0.8333333333333334,0.9090909090909091,0.5454545454545454,0.5238095238095238,1.0692640692640691,0.5101214574898786,0.48987854251012153,0.4390444064712794,0.4268,0.8241,0.98
999,2026-06-14,ATL,NYM,1,0,-115.0,-115.0,0.8695652173913043,0.8695652173913043,0.5348837209302325,0.5348837209302325,1.069767441860465,0.5,0.5,0.4532523243898649,0.4384,0.7918,0.96
1000,2026-06-14,TEX,BOS,1,0,-110.0,-120.0,0.9090909090909091,0.8333333333333334,0.5238095238095238,0.5454545454545454,1.0692640692640691,0.48987854251012153,0.5101214574898786,0.5499281221526283,0.5509,0.5987,1.05
1001,2026-06-14,HOU,KC,1,0,100.0,-130.0,1.0,0.7692307692307693,0.5,0.5652173913043478,1.0652173913043477,0.4693877551020409,0.5306122448979592,0.5445648707440707,0.5492,0.6081,0.96
1003,2026-06-14,MIA,PIT,1,1,-155.0,120.0,0.6451612903225806,1.2,0.6078431372549019,0.45454545454545453,1.0623885918003564,0.5721476510067114,0.4278523489932886,0.5578782189766044,0.5514,0.5828,0.96
1004,2026-06-14,SD,BAL,1,1,110.0,-145.0,1.1,0.6896551724137931,0.47619047619047616,0.5918367346938775,1.0680272108843538,0.4458598726114649,0.554140127388535,0.41590166762208425,0.4064,0.8762,1.06
1005,2026-06-14,NYY,TOR,1,1,-120.0,-110.0,0.8333333333333334,0.9090909090909091,0.5454545454545454,0.5238095238095238,1.0692640692640691,0.5101214574898786,0.48987854251012153,0.4080805407907967,0.4064,0.897,1.01
1006,2026-06-14,STL,MIN,1,1,-105.0,-125.0,0.9523809523809523,0.8,0.5121951219512195,0.5555555555555556,1.067750677506775,0.4796954314720812,0.5203045685279188,0.4899357092635099,0.4779,0.7134,0.97
1007,2026-06-14,CHC,SF,1,1,-135.0,105.0,0.7407407407407407,1.05,0.574468085106383,0.4878048780487805,1.0622729631551635,0.5407914020517831,0.4592085979482169,0.47828899701489397,0.4772,0.7365,0.94
1008,2026-06-15,LAA,ARI,1,0,-110.0,-120.0,0.9090909090909091,0.8333333333333334,0.5238095238095238,0.5454545454545454,1.0692640692640691,0.48987854251012153,0.5101214574898786,0.35343609259614767,0.3411,1.0398,1.0
1009,2026-06-15,PIT,OAK,1,1,120.0,-155.0,1.2,0.6451612903225806,0.45454545454545453,0.6078431372549019,1.0623885918003564,0.4278523489932886,0.5721476510067114,0.3527728088878459,0.3406,1.0405,0.93
1010,2026-06-15,TB,LAD,1,0,-105.0,-125.0,0.9523809523809523,0.8,0.5121951219512195,0.5555555555555556,1.067750677506775,0.4796954314720812,0.5203045685279188,0.3816831155774019,0.3915,0.9628,0.97
1011,2026-06-15,KC,WSH,1,1,100.0,-130.0,1.0,0.7692307692307693,0.5,0.5652173913043478,1.0652173913043477,0.4693877551020409,0.5306122448979592,0.40015513603399516,0.4064,0.9154,0.97
1012,2026-06-15,NYM,CIN,1,0,-120.0,-110.0,0.8333333333333334,0.9090909090909091,0.5454545454545454,0.5238095238095238,1.0692640692640691,0.5101214574898786,0.48987854251012153,0.461723609900108,0.4639,0.7721,1.09
1013,2026-06-15,MIA,PHI,1,1,-120.0,-110.0,0.8333333333333334,0.9090909090909091,0.5454545454545454,0.5238095238095238,1.0692640692640691,0.5101214574898786,0.48987854251012153,0.4987619949282761,0.4795,0.6969,1.04
1014,2026-06-15,DET,HOU,1,0,-115.0,-115.0,0.8695652173913043,0.8695652173913043,0.5348837209302325,0.5348837209302325,1.069767441860465,0.5,0.5,0.5310171223633734,0.5479,0.6322,0.99
1015,2026-06-15,COL,CHC,1,0,-110.0,-120.0,0.9090909090909091,0.8333333333333334,0.5238095238095238,0.5454545454545454,1.0692640692640691,0.48987854251012153,0.5101214574898786,0.5011089008073811,0.4795,0.6899,1.0
1016,2026-06-15,SD,STL,1,1,-105.0,-125.0,0.9523809523809523,0.8,0.5121951219512195,0.5555555555555556,1.067750677506775,0.4796954314720812,0.5203045685279188,0.518363410790542,0.5411,0.6564,0.97
1017,2026-06-15,MIN,TEX,1,0,-120.0,-110.0,0.8333333333333334,0.9090909090909091,0.5454545454545454,0.5238095238095238,1.0692640692640691,0.5101214574898786,0.48987854251012153,0.5730575134681908,0.5619,0.5565,1.07
1018,2026-06-16,KC,WSH,1,1,-105.0,-125.0,0.9523809523809523,0.8,0.5121951219512195,0.5555555555555556,1.067750677506775,0.4796954314720812,0.5203045685279188,0.4417970707242843,0.4346,0.8165,0.97
1019,2026-06-16,CWS,NYY,1,0,-125.0,-105.0,0.8,0.9523809523809523,0.5555555555555556,0.5121951219512195,1.067750677506775,0.5203045685279188,0.4796954314720812,0.3788098071382398,0.3869,0.9696,1.02
1020,2026-06-16,NYM,CIN,1,0,100.0,-130.0,1.0,0.7692307692307693,0.5,0.5652173913043478,1.0652173913043477,0.4693877551020409,0.5306122448979592,0.44038817320316936,0.4323,0.8187,1.09
1021,2026-06-16,SF,ATL,1,0,-105.0,-120.0,0.9523809523809523,0.8333333333333334,0.5121951219512195,0.5454545454545454,1.057649667405765,0.48427672955974843,0.5157232704402516,0.46758926950114665,0.4772,0.7609,0.98
1022,2026-06-16,LAA,ARI,1,1,-105.0,-125.0,0.9523809523809523,0.8,0.5121951219512195,0.5555555555555556,1.067750677506775,0.4796954314720812,0.5203045685279188,0.40496297760414035,0.4064,0.903,1.0
1023,2026-06-16,PIT,OAK,1,0,130.0,-170.0,1.3,0.5882352941176471,0.43478260869565216,0.6296296296296297,1.0644122383252819,0.40847201210287437,0.5915279878971256,0.37847588987202274,0.3845,0.9732,0.93
1024,2026-06-16,TB,LAD,1,1,-120.0,-110.0,0.8333333333333334,0.9090909090909091,0.5454545454545454,0.5238095238095238,1.0692640692640691,0.5101214574898786,0.48987854251012153,0.4509128365414596,0.4384,0.7969,0.97
1025,2026-06-16,SD,STL,1,1,-120.0,-110.0,0.8333333333333334,0.9090909090909091,0.5454545454545454,0.5238095238095238,1.0692640692640691,0.5101214574898786,0.48987854251012153,0.501824353138862,0.4795,0.6891,0.97
1026,2026-06-16,DET,HOU,1,1,-120.0,-110.0,0.8333333333333334,0.9090909090909091,0.5454545454545454,0.5238095238095238,1.0692640692640691,0.5101214574898786,0.48987854251012153,0.5220635171844311,0.5466,0.6492,0.99
1027,2026-06-16,COL,CHC,1,0,100.0,-130.0,1.0,0.7692307692307693,0.5,0.5652173913043478,1.0652173913043477,0.4693877551020409,0.5306122448979592,0.4743555950245665,0.4772,0.7465,1.0
1028,2026-06-16,CLE,MIL,1,1,-110.0,-120.0,0.9090909090909091,0.8333333333333334,0.5238095238095238,0.5454545454545454,1.0692640692640691,0.48987854251012153,0.5101214574898786,0.5652865239836199,0.5535,0.5694,1.03
1029,2026-06-16,MIN,TEX,1,0,-115.0,-110.0,0.8695652173913043,0.9090909090909091,0.5348837209302325,0.5238095238095238,1.0586932447397563,0.5052301255230125,0.4947698744769875,0.5241158853720624,0.5479,0.6461,1.07
1030,2026-06-16,BAL,SEA,1,0,-120.0,-110.0,0.8333333333333334,0.9090909090909091,0.5454545454545454,0.5238095238095238,1.0692640692640691,0.5101214574898786,0.48987854251012153,0.5089273503192976,0.5029,0.6754,0.95
1031,2026-06-16,MIA,PHI,1,0,-120.0,-110.0,0.8333333333333334,0.9090909090909091,0.5454545454545454,0.5238095238095238,1.0692640692640691,0.5101214574898786,0.48987854251012153,0.5289368395480235,0.5479,0.6374,1.04
1032,2026-06-16,TOR,BOS,1,1,-160.0,125.0,0.625,1.25,0.6153846153846154,0.4444444444444444,1.0598290598290598,0.5806451612903226,0.4193548387096774,0.6014236729114912,0.5787,0.5091,1.05
1033,2026-06-17,KC,WSH,1,0,120.0,-155.0,1.2,0.6451612903225806,0.45454545454545453,0.6078431372549019,1.0623885918003564,0.4278523489932886,0.5721476510067114,0.3499951088104394,0.3354,1.0488,0.97
1034,2026-06-17,TOR,BOS,1,1,100.0,-135.0,1.0,0.7407407407407407,0.5,0.574468085106383,1.074468085106383,0.4653465346534653,0.5346534653465347,0.35089090351875907,0.3357,1.0484,1.05
1035,2026-06-17,LAA,ARI,1,0,100.0,-130.0,1.0,0.7692307692307693,0.5,0.5652173913043478,1.0652173913043477,0.4693877551020409,0.5306122448979592,0.3705693907895956,0.3718,0.9923,1.0
1036,2026-06-17,MIA,PHI,1,0,105.0,-135.0,1.05,0.7407407407407407,0.4878048780487805,0.574468085106383,1.0622729631551635,0.4592085979482169,0.5407914020517831,0.3931065750756891,0.4064,0.9342,1.04
1037,2026-06-17,NYM,CIN,1,1,-120.0,-110.0,0.8333333333333334,0.9090909090909091,0.5454545454545454,0.5238095238095238,1.0692640692640691,0.5101214574898786,0.48987854251012153,0.4681602098430814,0.4772,0.7581,1.09
1039,2026-06-17,CWS,NYY,1,0,-120.0,-110.0,0.8333333333333334,0.9090909090909091,0.5454545454545454,0.5238095238095238,1.0692640692640691,0.5101214574898786,0.48987854251012153,0.41275046216504135,0.4064,0.8855,1.02
1040,2026-06-17,PIT,OAK,1,0,115.0,-150.0,1.15,0.6666666666666666,0.46511627906976744,0.6,1.0651162790697675,0.43668122270742354,0.5633187772925764,0.39369812502353774,0.4064,0.9333,0.93
1041,2026-06-17,BAL,SEA,1,1,-135.0,105.0,0.7407407407407407,1.05,0.574468085106383,0.4878048780487805,1.0622729631551635,0.5407914020517831,0.4592085979482169,0.558202070361066,0.5514,0.5827,0.95
1042,2026-06-17,CLE,MIL,1,0,-135.0,105.0,0.7407407407407407,1.05,0.574468085106383,0.4878048780487805,1.0622729631551635,0.5407914020517831,0.4592085979482169,0.5385587728302498,0.5479,0.6189,1.03
1043,2026-06-17,DET,HOU,1,1,-115.0,-115.0,0.8695652173913043,0.8695652173913043,0.5348837209302325,0.5348837209302325,1.069767441860465,0.5,0.5,0.5285618847438309,0.5479,0.6368,0.99
1044,2026-06-17,TB,LAD,1,1,-140.0,110.0,0.7142857142857143,1.1,0.5833333333333334,0.47619047619047616,1.0595238095238095,0.550561797752809,0.449438202247191,0.5000710801501892,0.4795,0.6935,0.97
1045,2026-06-17,COL,CHC,1,1,110.0,-140.0,1.1,0.7142857142857143,0.47619047619047616,0.5833333333333334,1.0595238095238095,0.449438202247191,0.550561797752809,0.5030101238667032,0.4795,0.6878,1.0
1046,2026-06-17,SD,STL,1,0,130.0,-170.0,1.3,0.5882352941176471,0.43478260869565216,0.6296296296296297,1.0644122383252819,0.40847201210287437,0.5915279878971256,0.4773102757873155,0.4772,0.7386,0.97
1047,2026-06-17,SF,ATL,1,0,-115.0,-115.0,0.8695652173913043,0.8695652173913043,0.5348837209302325,0.5348837209302325,1.069767441860465,0.5,0.5,0.4270896362730915,0.4064,0.8515,0.98
1048,2026-06-18,NYM,PHI,1,0,105.0,-140.0,1.05,0.7142857142857143,0.4878048780487805,0.5833333333333334,1.071138211382114,0.4554079696394686,0.5445920303605313,0.38305007620114506,0.3933,0.9601,1.04
1049,2026-06-18,CWS,NYY,1,1,120.0,-160.0,1.2,0.625,0.45454545454545453,0.6153846153846154,1.06993006993007,0.4248366013071895,0.5751633986928104,0.2918398866000397,0.3219,1.2317,1.02
1050,2026-06-18,CLE,MIL,1,1,-150.0,115.0,0.6666666666666666,1.15,0.6,0.46511627906976744,1.0651162790697675,0.5633187772925764,0.43668122270742354,0.6555329648650894,0.6918,0.4221,1.03
1051,2026-06-18,TOR,BOS,1,0,-110.0,-120.0,0.9090909090909091,0.8333333333333334,0.5238095238095238,0.5454545454545454,1.0692640692640691,0.48987854251012153,0.5101214574898786,0.5874465669524643,0.5685,0.5327,1.05
1052,2026-06-18,MIN,TEX,1,0,-120.0,-110.0,0.8333333333333334,0.9090909090909091,0.5454545454545454,0.5238095238095238,1.0692640692640691,0.5101214574898786,0.48987854251012153,0.5247705699453142,0.5479,0.645,1.07
1053,2026-06-18,BAL,SEA,1,0,-120.0,-105.0,0.8333333333333334,0.9523809523809523,0.5454545454545454,0.5121951219512195,1.057649667405765,0.5157232704402516,0.48427672955974843,0.5205613976004576,0.5441,0.6525,0.95
1054,2026-06-18,STL,KC,1,0,-110.0,-120.0,0.9090909090909091,0.8333333333333334,0.5238095238095238,0.5454545454545454,1.0692640692640691,0.48987854251012153,0.5101214574898786,0.5040024426591855,0.4795,0.6843,0.96
1056,2026-06-18,LAA,OAK,1,0,120.0,-155.0,1.2,0.6451612903225806,0.45454545454545453,0.6078431372549019,1.0623885918003564,0.4278523489932886,0.5721476510067114,0.32061618061712627,0.3219,1.1365,0.93
1057,2026-06-19,PIT,COL,1,1,130.0,-170.0,1.3,0.5882352941176471,0.43478260869565216,0.6296296296296297,1.0644122383252819,0.40847201210287437,0.5915279878971256,0.3767710781644819,0.3826,0.976,1.22
1058,2026-06-19,BAL,LAD,1,0,-105.0,-125.0,0.9523809523809523,0.8,0.5121951219512195,0.5555555555555556,1.067750677506775,0.4796954314720812,0.5203045685279188,0.3476085453071661,0.3301,1.0574,0.97
1059,2026-06-19,LAA,OAK,1,1,110.0,-140.0,1.1,0.7142857142857143,0.47619047619047616,0.5833333333333334,1.0595238095238095,0.449438202247191,0.550561797752809,0.38252983718966643,0.3932,0.9604,0.93
1060,2026-06-19,CIN,NYY,1,1,-110.0,-120.0,0.9090909090909091,0.8333333333333334,0.5238095238095238,0.5454545454545454,1.0692640692640691,0.48987854251012153,0.5101214574898786,0.3652651626197465,0.3615,1.008,1.02
1061,2026-06-19,MIN,ARI,1,1,-110.0,-115.0,0.9090909090909091,0.8695652173913043,0.5238095238095238,0.5348837209302325,1.0586932447397563,0.4947698744769875,0.5052301255230125,0.38828402060612716,0.404,0.9446,1.0
1062,2026-06-19,WSH,TB,1,1,-115.0,-115.0,0.8695652173913043,0.8695652173913043,0.5348837209302325,0.5348837209302325,1.069767441860465,0.5,0.5,0.42076850062608306,0.4064,0.8657,0.93
1063,2026-06-19,TOR,CHC,1,0,-145.0,110.0,0.6896551724137931,1.1,0.5918367346938775,0.47619047619047616,1.0680272108843538,0.554140127388535,0.4458598726114649,0.5838426211964446,0.5685,0.5382,1.0
1064,2026-06-19,CWS,DET,1,0,-140.0,110.0,0.7142857142857143,1.1,0.5833333333333334,0.47619047619047616,1.0595238095238095,0.550561797752809,0.449438202247191,0.5062405559653887,0.4902,0.6795,0.98
1065,2026-06-19,CLE,HOU,1,0,-110.0,-115.0,0.9090909090909091,0.8695652173913043,0.5238095238095238,0.5348837209302325,1.0586932447397563,0.4947698744769875,0.5052301255230125,0.5031953803254561,0.4795,0.6863,0.99
1066,2026-06-19,BOS,SEA,1,1,-155.0,120.0,0.6451612903225806,1.2,0.6078431372549019,0.45454545454545453,1.0623885918003564,0.5721476510067114,0.4278523489932886,0.5566049507349323,0.5514,0.5858,0.95
1067,2026-06-19,SD,TEX,1,0,-130.0,100.0,0.7692307692307693,1.0,0.5652173913043478,0.5,1.0652173913043477,0.5306122448979592,0.4693877551020409,0.5585275488791828,0.5514,0.5824,1.07
1068,2026-06-19,MIL,ATL,1,1,-155.0,120.0,0.6451612903225806,1.2,0.6078431372549019,0.45454545454545453,1.0623885918003564,0.5721476510067114,0.4278523489932886,0.5312378260076979,0.5479,0.6329,0.98
1069,2026-06-19,STL,KC,1,0,100.0,-130.0,1.0,0.7692307692307693,0.5,0.5652173913043478,1.0652173913043477,0.4693877551020409,0.5306122448979592,0.5310996482512793,0.5479,0.6335,0.96
1070,2026-06-19,SF,MIA,1,0,-135.0,105.0,0.7407407407407407,1.05,0.574468085106383,0.4878048780487805,1.0622729631551635,0.5407914020517831,0.4592085979482169,0.49347072103092665,0.4787,0.7064,0.95
1071,2026-06-20,PIT,COL,1,0,105.0,-135.0,1.05,0.7407407407407407,0.4878048780487805,0.574468085106383,1.0622729631551635,0.4592085979482169,0.5407914020517831,0.3235161972623117,0.3219,1.1287,1.22
1072,2026-06-20,CIN,NYY,1,0,105.0,-135.0,1.05,0.7407407407407407,0.4878048780487805,0.574468085106383,1.0622729631551635,0.4592085979482169,0.5407914020517831,0.3431166022294303,0.3224,1.07,1.02
1073,2026-06-20,MIN,ARI,1,0,110.0,-140.0,1.1,0.7142857142857143,0.47619047619047616,0.5833333333333334,1.0595238095238095,0.449438202247191,0.550561797752809,0.3766777191979218,0.3817,0.9773,1.0
1074,2026-06-20,WSH,TB,1,0,-125.0,-105.0,0.8,0.9523809523809523,0.5555555555555556,0.5121951219512195,1.067750677506775,0.5203045685279188,0.4796954314720812,0.3967598942272237,0.4064,0.9245,0.93
1075,2026-06-20,SF,MIA,1,0,-135.0,105.0,0.7407407407407407,1.05,0.574468085106383,0.4878048780487805,1.0622729631551635,0.5407914020517831,0.4592085979482169,0.4798954451800731,0.4772,0.7339,0.95
1076,2026-06-20,MIL,ATL,1,1,-175.0,135.0,0.5714285714285714,1.35,0.6363636363636364,0.425531914893617,1.0618955512572534,0.599271402550091,0.4007285974499089,0.5693010631581318,0.5568,0.5642,0.98
1077,2026-06-20,SD,TEX,1,1,-125.0,-105.0,0.8,0.9523809523809523,0.5555555555555556,0.5121951219512195,1.067750677506775,0.5203045685279188,0.4796954314720812,0.5482213150369469,0.5506,0.6006,1.07
1078,2026-06-20,CLE,HOU,1,0,-105.0,-120.0,0.9523809523809523,0.8333333333333334,0.5121951219512195,0.5454545454545454,1.057649667405765,0.48427672955974843,0.5157232704402516,0.4890089961837046,0.4777,0.7145,0.99
1079,2026-06-20,BAL,LAD,1,1,-120.0,-105.0,0.8333333333333334,0.9523809523809523,0.5454545454545454,0.5121951219512195,1.057649667405765,0.5157232704402516,0.48427672955974843,0.46369319516348223,0.4696,0.7687,0.97
1080,2026-06-20,BOS,SEA,1,0,-130.0,100.0,0.7692307692307693,1.0,0.5652173913043478,0.5,1.0652173913043477,0.5306122448979592,0.4693877551020409,0.5283361151467975,0.5479,0.6386,0.95
1081,2026-06-20,TOR,CHC,1,1,-105.0,-125.0,0.9523809523809523,0.8,0.5121951219512195,0.5555555555555556,1.067750677506775,0.4796954314720812,0.5203045685279188,0.5389978791568065,0.5479,0.6174,1.0
1082,2026-06-20,NYM,PHI,1,0,-135.0,105.0,0.7407407407407407,1.05,0.574468085106383,0.4878048780487805,1.0622729631551635,0.5407914020517831,0.4592085979482169,0.5124502724565021,0.5245,0.6685,1.04
1083,2026-06-20,LAA,OAK,1,1,100.0,-130.0,1.0,0.7692307692307693,0.5,0.5652173913043478,1.0652173913043477,0.4693877551020409,0.5306122448979592,0.3517057418417919,0.339,1.0431,0.93
1084,2026-06-20,CWS,DET,1,0,-120.0,-110.0,0.8333333333333334,0.9090909090909091,0.5454545454545454,0.5238095238095238,1.0692640692640691,0.5101214574898786,0.48987854251012153,0.48616769962431866,0.4772,0.7202,0.98
1085,2026-06-21,PIT,COL,1,1,125.0,-160.0,1.25,0.625,0.4444444444444444,0.6153846153846154,1.0598290598290598,0.4193548387096774,0.5806451612903226,0.2712555014243903,0.3219,1.3047,1.22
1086,2026-06-21,WSH,TB,1,1,-115.0,-115.0,0.8695652173913043,0.8695652173913043,0.5348837209302325,0.5348837209302325,1.069767441860465,0.5,0.5,0.38979437257957134,0.4062,0.9414,0.93
1087,2026-06-21,BAL,LAD,1,0,-110.0,-120.0,0.9090909090909091,0.8333333333333334,0.5238095238095238,0.5454545454545454,1.0692640692640691,0.48987854251012153,0.5101214574898786,0.41479974833653205,0.4064,0.8805,0.97
1088,2026-06-21,LAA,OAK,1,0,-110.0,-120.0,0.9090909090909091,0.8333333333333334,0.5238095238095238,0.5454545454545454,1.0692640692640691,0.48987854251012153,0.5101214574898786,0.4347314214183705,0.4186,0.8323,0.93
1089,2026-06-21,SF,MIA,1,1,-125.0,-105.0,0.8,0.9523809523809523,0.5555555555555556,0.5121951219512195,1.067750677506775,0.5203045685279188,0.4796954314720812,0.4377482849694569,0.4253,0.8256,0.95
1090,2026-06-21,CIN,NYY,1,1,-115.0,-115.0,0.8695652173913043,0.8695652173913043,0.5348837209302325,0.5348837209302325,1.069767441860465,0.5,0.5,0.4343665715699258,0.4163,0.8345,1.02
1091,2026-06-21,BOS,SEA,1,1,-180.0,135.0,0.5555555555555556,1.35,0.6428571428571429,0.425531914893617,1.06838905775076,0.6017069701280228,0.3982930298719772,0.5789029971316082,0.5679,0.5474,0.95
1092,2026-06-21,STL,KC,1,0,-115.0,-110.0,0.8695652173913043,0.9090909090909091,0.5348837209302325,0.5238095238095238,1.0586932447397563,0.5052301255230125,0.4947698744769875,0.5107724593299515,0.5113,0.6727,0.96
1093,2026-06-21,CLE,HOU,1,0,-110.0,-115.0,0.9090909090909091,0.8695652173913043,0.5238095238095238,0.5348837209302325,1.0586932447397563,0.4947698744769875,0.5052301255230125,0.4627554978995624,0.4677,0.7698,0.99
1094,2026-06-21,MIL,ATL,1,0,-120.0,-110.0,0.8333333333333334,0.9090909090909091,0.5454545454545454,0.5238095238095238,1.0692640692640691,0.5101214574898786,0.48987854251012153,0.45991078512620226,0.4573,0.776,0.98
1095,2026-06-21,NYM,PHI,1,0,-120.0,-110.0,0.8333333333333334,0.9090909090909091,0.5454545454545454,0.5238095238095238,1.0692640692640691,0.5101214574898786,0.48987854251012153,0.4685171989119658,0.4772,0.7572,1.04
1096,2026-06-21,CWS,DET,1,1,-120.0,-110.0,0.8333333333333334,0.9090909090909091,0.5454545454545454,0.5238095238095238,1.0692640692640691,0.5101214574898786,0.48987854251012153,0.49345020492034336,0.4786,0.7074,0.98
1098,2026-06-21,MIN,ARI,1,1,100.0,-130.0,1.0,0.7692307692307693,0.5,0.5652173913043478,1.0652173913043477,0.4693877551020409,0.5306122448979592,0.4194417823032673,0.4064,0.8692,1.0
1099,2026-06-21,SD,TEX,1,1,-120.0,-110.0,0.8333333333333334,0.9090909090909091,0.5454545454545454,0.5238095238095238,1.0692640692640691,0.5101214574898786,0.48987854251012153,0.5364887003445392,0.5479,0.6224,1.07
1100,2026-06-22,BOS,COL,1,1,115.0,-145.0,1.15,0.6896551724137931,0.46511627906976744,0.5918367346938775,1.056953013763645,0.4400538841490795,0.5599461158509206,0.4031156372406412,0.4064,0.9086,1.22
1101,2026-06-22,TEX,MIA,1,1,-120.0,-110.0,0.8333333333333334,0.9090909090909091,0.5454545454545454,0.5238095238095238,1.0692640692640691,0.5101214574898786,0.48987854251012153,0.41050680107659526,0.4064,0.8902,0.95
1102,2026-06-22,CLE,CWS,1,1,-150.0,115.0,0.6666666666666666,1.15,0.6,0.46511627906976744,1.0651162790697675,0.5633187772925764,0.43668122270742354,0.4316874316013245,0.4118,0.8389,0.98
1103,2026-06-22,KC,TB,1,1,-135.0,105.0,0.7407407407407407,1.05,0.574468085106383,0.4878048780487805,1.0622729631551635,0.5407914020517831,0.4592085979482169,0.44928235797126576,0.4384,0.7998,0.93
1105,2026-06-22,BAL,LAA,1,0,-110.0,-115.0,0.9090909090909091,0.8695652173913043,0.5238095238095238,0.5348837209302325,1.0586932447397563,0.4947698744769875,0.5052301255230125,0.45582435190539317,0.4397,0.7866,0.99
1106,2026-06-22,NYY,DET,1,1,-115.0,-115.0,0.8695652173913043,0.8695652173913043,0.5348837209302325,0.5348837209302325,1.069767441860465,0.5,0.5,0.4946528409946696,0.479,0.7044,0.98
1107,2026-06-22,LAD,MIN,1,0,100.0,-130.0,1.0,0.7692307692307693,0.5,0.5652173913043478,1.0652173913043477,0.4693877551020409,0.5306122448979592,0.5122037797164882,0.5236,0.6688,0.97
1108,2026-06-22,ARI,STL,1,1,-110.0,-120.0,0.9090909090909091,0.8333333333333334,0.5238095238095238,0.5454545454545454,1.0692640692640691,0.48987854251012153,0.5101214574898786,0.46524037440985183,0.4756,0.7651,0.97
1109,2026-06-22,ATL,SD,1,1,-130.0,100.0,0.7692307692307693,1.0,0.5652173913043478,0.5,1.0652173913043477,0.5306122448979592,0.4693877551020409,0.5326367150673891,0.5479,0.6295,0.95
1110,2026-06-22,PHI,WSH,1,0,-105.0,-125.0,0.9523809523809523,0.8,0.5121951219512195,0.5555555555555556,1.067750677506775,0.4796954314720812,0.5203045685279188,0.39692936044308075,0.4064,0.9249,0.97
1111,2026-06-22,MIL,CIN,1,1,-105.0,-125.0,0.9523809523809523,0.8,0.5121951219512195,0.5555555555555556,1.067750677506775,0.4796954314720812,0.5203045685279188,0.44822694479498476,0.4384,0.8022,1.09
1112,2026-06-22,HOU,TOR,1,0,-145.0,110.0,0.6896551724137931,1.1,0.5918367346938775,0.47619047619047616,1.0680272108843538,0.554140127388535,0.4458598726114649,0.5486076857376092,0.5507,0.6,1.01
1113,2026-06-23,BOS,COL,1,0,110.0,-140.0,1.1,0.7142857142857143,0.47619047619047616,0.5833333333333334,1.0595238095238095,0.449438202247191,0.550561797752809,0.3543333354393033,0.3428,1.0371,1.22
1114,2026-06-23,KC,TB,1,0,-120.0,-110.0,0.8333333333333334,0.9090909090909091,0.5454545454545454,0.5238095238095238,1.0692640692640691,0.5101214574898786,0.48987854251012153,0.35938455357340443,0.3511,1.024,0.93
1115,2026-06-23,TEX,MIA,1,1,-115.0,-115.0,0.8695652173913043,0.8695652173913043,0.5348837209302325,0.5348837209302325,1.069767441860465,0.5,0.5,0.41629812703538566,0.4064,0.8766,0.95
1116,2026-06-23,MIL,CIN,1,1,-110.0,-120.0,0.9090909090909091,0.8333333333333334,0.5238095238095238,0.5454545454545454,1.0692640692640691,0.48987854251012153,0.5101214574898786,0.4359565797641831,0.4199,0.8309,1.09
1117,2026-06-23,BAL,LAA,1,0,-105.0,-125.0,0.9523809523809523,0.8,0.5121951219512195,0.5555555555555556,1.067750677506775,0.4796954314720812,0.5203045685279188,0.3928799551056935,0.4064,0.9329,0.99
1118,2026-06-23,ARI,STL,1,1,-115.0,-115.0,0.8695652173913043,0.8695652173913043,0.5348837209302325,0.5348837209302325,1.069767441860465,0.5,0.5,0.44898283385881793,0.4384,0.801,0.97
1119,2026-06-23,PHI,WSH,1,1,-130.0,100.0,0.7692307692307693,1.0,0.5652173913043478,0.5,1.0652173913043477,0.5306122448979592,0.4693877551020409,0.40169811816955786,0.4064,0.9125,0.97
1120,2026-06-23,OAK,SF,1,1,-105.0,-120.0,0.9523809523809523,0.8333333333333334,0.5121951219512195,0.5454545454545454,1.057649667405765,0.48427672955974843,0.5157232704402516,0.4331186864563445,0.4137,0.8371,0.94
1121,2026-06-23,NYY,DET,1,1,-125.0,-105.0,0.8,0.9523809523809523,0.5555555555555556,0.5121951219512195,1.067750677506775,0.5203045685279188,0.4796954314720812,0.5164499779009105,0.5375,0.661,0.98
1122,2026-06-23,CLE,CWS,1,1,-160.0,125.0,0.625,1.25,0.6153846153846154,0.4444444444444444,1.0598290598290598,0.5806451612903226,0.4193548387096774,0.4312792942412953,0.4109,0.8398,0.98
1123,2026-06-23,HOU,TOR,1,0,100.0,-130.0,1.0,0.7692307692307693,0.5,0.5652173913043478,1.0652173913043477,0.4693877551020409,0.5306122448979592,0.46630511119896384,0.4772,0.7638,1.01
1124,2026-06-23,SEA,PIT,1,1,-105.0,-125.0,0.9523809523809523,0.8,0.5121951219512195,0.5555555555555556,1.067750677506775,0.4796954314720812,0.5203045685279188,0.47291833523292354,0.4772,0.7489,0.96
1125,2026-06-23,CHC,NYM,1,1,-115.0,-110.0,0.8695652173913043,0.9090909090909091,0.5348837209302325,0.5238095238095238,1.0586932447397563,0.5052301255230125,0.4947698744769875,0.509149442979457,0.5038,0.6751,0.96
1126,2026-06-23,LAD,MIN,1,0,100.0,-130.0,1.0,0.7692307692307693,0.5,0.5652173913043478,1.0652173913043477,0.4693877551020409,0.5306122448979592,0.517989353109842,0.54,0.6579,0.97
1127,2026-06-23,ATL,SD,1,1,-135.0,105.0,0.7407407407407407,1.05,0.574468085106383,0.4878048780487805,1.0622729631551635,0.5407914020517831,0.4592085979482169,0.5040255565517864,0.4795,0.6845,0.95
1128,2026-06-24,CLE,CWS,1,1,-125.0,-105.0,0.8,0.9523809523809523,0.5555555555555556,0.5121951219512195,1.067750677506775,0.5203045685279188,0.4796954314720812,0.3842967944730427,0.396,0.9562,0.98
1129,2026-06-24,BOS,COL,1,0,-105.0,-125.0,0.9523809523809523,0.8,0.5121951219512195,0.5555555555555556,1.067750677506775,0.4796954314720812,0.5203045685279188,0.34967863816178857,0.3345,1.0503,1.22
1130,2026-06-24,NYY,DET,1,0,-160.0,125.0,0.625,1.25,0.6153846153846154,0.4444444444444444,1.0598290598290598,0.5806451612903226,0.4193548387096774,0.5679311473041221,0.5556,0.566,0.98
1131,2026-06-24,BAL,LAA,1,0,-125.0,-105.0,0.8,0.9523809523809523,0.5555555555555556,0.5121951219512195,1.067750677506775,0.5203045685279188,0.4796954314720812,0.3986537353470491,0.4064,0.9182,0.99
1132,2026-06-24,KC,TB,1,1,-135.0,105.0,0.7407407407407407,1.05,0.574468085106383,0.4878048780487805,1.0622729631551635,0.5407914020517831,0.4592085979482169,0.43624489256936644,0.421,0.8298,0.93
1133,2026-06-24,PHI,WSH,1,0,-105.0,-125.0,0.9523809523809523,0.8,0.5121951219512195,0.5555555555555556,1.067750677506775,0.4796954314720812,0.5203045685279188,0.45344283191227536,0.4384,0.7916,0.97
1134,2026-06-24,TEX,MIA,1,1,-165.0,125.0,0.6060606060606061,1.25,0.6226415094339622,0.4444444444444444,1.0670859538784065,0.5834970530451867,0.4165029469548134,0.494176416063309,0.479,0.7045,0.95
1135,2026-06-24,LAD,MIN,1,1,-120.0,-105.0,0.8333333333333334,0.9523809523809523,0.5454545454545454,0.5121951219512195,1.057649667405765,0.5157232704402516,0.48427672955974843,0.5673350832418174,0.5552,0.5668,0.97
1136,2026-06-24,MIL,CIN,1,1,105.0,-135.0,1.05,0.7407407407407407,0.4878048780487805,0.574468085106383,1.0622729631551635,0.4592085979482169,0.5407914020517831,0.4734147509771201,0.4772,0.7487,1.09
1137,2026-06-24,HOU,TOR,1,0,-110.0,-120.0,0.9090909090909091,0.8333333333333334,0.5238095238095238,0.5454545454545454,1.0692640692640691,0.48987854251012153,0.5101214574898786,0.5219483965709605,0.5454,0.6507,1.01
1138,2026-06-24,SEA,PIT,1,0,-155.0,115.0,0.6451612903225806,1.15,0.6078431372549019,0.46511627906976744,1.0729594163246694,0.5665108372290693,0.43348916277093075,0.5059181607785583,0.4836,0.6817,0.96
1139,2026-06-24,ATL,SD,1,1,-130.0,100.0,0.7692307692307693,1.0,0.5652173913043478,0.5,1.0652173913043477,0.5306122448979592,0.4693877551020409,0.5138149679698911,0.5343,0.6652,0.95
1140,2026-06-24,OAK,SF,1,1,-125.0,-105.0,0.8,0.9523809523809523,0.5555555555555556,0.5121951219512195,1.067750677506775,0.5203045685279188,0.4796954314720812,0.4878506317937549,0.4774,0.7176,0.94
1141,2026-06-24,CHC,NYM,2,1,-125.0,-105.0,0.8,0.9523809523809523,0.5555555555555556,0.5121951219512195,1.067750677506775,0.5203045685279188,0.4796954314720812,0.47087606603522997,0.4772,0.753,0.96
1142,2026-06-24,ARI,STL,1,1,100.0,-130.0,1.0,0.7692307692307693,0.5,0.5652173913043478,1.0652173913043477,0.4693877551020409,0.5306122448979592,0.4228249651496074,0.4064,0.861,0.97
1143,2026-06-24,CHC,NYM,1,1,-135.0,105.0,0.7407407407407407,1.05,0.574468085106383,0.4878048780487805,1.0622729631551635,0.5407914020517831,0.4592085979482169,0.4735827270702583,0.4772,0.7474,0.96
1144,2026-06-25,KC,TB,1,0,-110.0,-120.0,0.9090909090909091,0.8333333333333334,0.5238095238095238,0.5454545454545454,1.0692640692640691,0.48987854251012153,0.5101214574898786,0.3038089982086863,0.3219,1.1911,0.93
1146,2026-06-25,NYY,BOS,1,0,-130.0,100.0,0.7692307692307693,1.0,0.5652173913043478,0.5,1.0652173913043477,0.5306122448979592,0.4693877551020409,0.5231955737134125,0.5479,0.6474,1.05
1147,2026-06-25,TEX,TOR,1,0,-115.0,-110.0,0.8695652173913043,0.9090909090909091,0.5348837209302325,0.5238095238095238,1.0586932447397563,0.5052301255230125,0.4947698744769875,0.536115188479803,0.5479,0.6224,1.01
1148,2026-06-25,CHC,NYM,1,1,-115.0,-115.0,0.8695652173913043,0.8695652173913043,0.5348837209302325,0.5348837209302325,1.069767441860465,0.5,0.5,0.47981629402374737,0.4772,0.7339,0.96
1149,2026-06-25,SEA,PIT,1,0,-125.0,-105.0,0.8,0.9523809523809523,0.5555555555555556,0.5121951219512195,1.067750677506775,0.5203045685279188,0.4796954314720812,0.473500006381456,0.4772,0.747,0.96
1150,2026-06-25,OAK,SF,1,1,-135.0,105.0,0.7407407407407407,1.05,0.574468085106383,0.4878048780487805,1.0622729631551635,0.5407914020517831,0.4592085979482169,0.4440720894445901,0.4384,0.8123,0.94
1151,2026-06-25,HOU,DET,1,1,100.0,-130.0,1.0,0.7692307692307693,0.5,0.5652173913043478,1.0652173913043477,0.4693877551020409,0.5306122448979592,0.5134213024213102,0.529,0.6671,0.98
1152,2026-06-25,PHI,WSH,1,0,-120.0,-105.0,0.8333333333333334,0.9523809523809523,0.5454545454545454,0.5121951219512195,1.057649667405765,0.5157232704402516,0.48427672955974843,0.43639406046006735,0.4213,0.8295,0.97
1153,2026-06-26,ARI,TB,1,0,-110.0,-115.0,0.9090909090909091,0.8695652173913043,0.5238095238095238,0.5348837209302325,1.0586932447397563,0.4947698744769875,0.5052301255230125,0.33928490207465206,0.3219,1.08,0.93
1154,2026-06-26,OAK,LAA,1,1,-120.0,-105.0,0.8333333333333334,0.9523809523809523,0.5454545454545454,0.5121951219512195,1.057649667405765,0.5157232704402516,0.48427672955974843,0.4612604715999085,0.4625,0.7729,0.99
1155,2026-06-26,CHC,MIL,1,1,-140.0,110.0,0.7142857142857143,1.1,0.5833333333333334,0.47619047619047616,1.0595238095238095,0.550561797752809,0.449438202247191,0.5958565232826221,0.5685,0.5187,1.03
1156,2026-06-26,WSH,BAL,1,1,-115.0,-115.0,0.8695652173913043,0.8695652173913043,0.5348837209302325,0.5348837209302325,1.069767441860465,0.5,0.5,0.4946950602950145,0.4789,0.7047,1.06
1157,2026-06-26,LAD,SD,1,1,-115.0,-110.0,0.8695652173913043,0.9090909090909091,0.5348837209302325,0.5238095238095238,1.0586932447397563,0.5052301255230125,0.4947698744769875,0.5066391998066371,0.4908,0.6793,0.95
1158,2026-06-26,MIA,STL,1,1,-130.0,100.0,0.7692307692307693,1.0,0.5652173913043478,0.5,1.0652173913043477,0.5306122448979592,0.4693877551020409,0.47778913420801583,0.4772,0.7392,0.97
1159,2026-06-26,TEX,TOR,1,0,-115.0,-115.0,0.8695652173913043,0.8695652173913043,0.5348837209302325,0.5348837209302325,1.069767441860465,0.5,0.5,0.5204901279005595,0.544,0.6526,1.01
1160,2026-06-26,COL,MIN,1,0,105.0,-135.0,1.05,0.7407407407407407,0.4878048780487805,0.574468085106383,1.0622729631551635,0.4592085979482169,0.5407914020517831,0.4578149620238213,0.448,0.7816,0.97
1161,2026-06-26,SEA,CLE,1,0,-125.0,-105.0,0.8,0.9523809523809523,0.5555555555555556,0.5121951219512195,1.067750677506775,0.5203045685279188,0.4796954314720812,0.5270728898129667,0.5479,0.6413,0.96
1162,2026-06-26,CIN,PIT,1,0,-135.0,100.0,0.7407407407407407,1.0,0.574468085106383,0.5,1.074468085106383,0.5346534653465347,0.4653465346534653,0.5196959868921806,0.5425,0.6545,0.96
1163,2026-06-26,HOU,DET,1,1,-105.0,-125.0,0.9523809523809523,0.8,0.5121951219512195,0.5555555555555556,1.067750677506775,0.4796954314720812,0.5203045685279188,0.5099039670759681,0.5065,0.6743,0.98
1164,2026-06-26,NYY,BOS,1,0,-110.0,-120.0,0.9090909090909091,0.8333333333333334,0.5238095238095238,0.5454545454545454,1.0692640692640691,0.48987854251012153,0.5101214574898786,0.5139151905987674,0.53,0.6667,1.05
1165,2026-06-26,ATL,SF,1,0,-120.0,-110.0,0.8333333333333334,0.9090909090909091,0.5454545454545454,0.5238095238095238,1.0692640692640691,0.5101214574898786,0.48987854251012153,0.4823232904414306,0.4772,0.7296,0.94
1166,2026-06-26,PHI,NYM,1,0,-115.0,-115.0,0.8695652173913043,0.8695652173913043,0.5348837209302325,0.5348837209302325,1.069767441860465,0.5,0.5,0.5340760108834111,0.5479,0.6268,0.96
1167,2026-06-26,KC,CWS,1,1,-135.0,100.0,0.7407407407407407,1.0,0.574468085106383,0.5,1.074468085106383,0.5346534653465347,0.4653465346534653,0.42971839969513886,0.4071,0.8436,0.98
1168,2026-06-27,ARI,TB,1,0,-110.0,-120.0,0.9090909090909091,0.8333333333333334,0.5238095238095238,0.5454545454545454,1.0692640692640691,0.48987854251012153,0.5101214574898786,0.3690831834663844,0.369,0.9965,0.93
1169,2026-06-27,KC,CWS,1,1,-125.0,-105.0,0.8,0.9523809523809523,0.5555555555555556,0.5121951219512195,1.067750677506775,0.5203045685279188,0.4796954314720812,0.422454417362464,0.4064,0.8619,0.98
1170,2026-06-27,CHC,MIL,1,0,-150.0,115.0,0.6666666666666666,1.15,0.6,0.46511627906976744,1.0651162790697675,0.5633187772925764,0.43668122270742354,0.6107390921522838,0.612,0.4938,1.03
1171,2026-06-27,OAK,LAA,1,1,-140.0,105.0,0.7142857142857143,1.05,0.5833333333333334,0.4878048780487805,1.071138211382114,0.5445920303605313,0.4554079696394686,0.44407706811480896,0.4384,0.8105,0.99
1172,2026-06-27,COL,MIN,1,0,110.0,-140.0,1.1,0.7142857142857143,0.47619047619047616,0.5833333333333334,1.0595238095238095,0.449438202247191,0.550561797752809,0.44135772113376354,0.4331,0.8179,0.97
1173,2026-06-27,LAD,SD,1,1,-125.0,-105.0,0.8,0.9523809523809523,0.5555555555555556,0.5121951219512195,1.067750677506775,0.5203045685279188,0.4796954314720812,0.5703660226791948,0.5586,0.5616,0.95
1174,2026-06-27,WSH,BAL,1,1,-105.0,-125.0,0.9523809523809523,0.8,0.5121951219512195,0.5555555555555556,1.067750677506775,0.4796954314720812,0.5203045685279188,0.48111105747196087,0.4772,0.7326,1.06
1175,2026-06-27,SEA,CLE,1,1,-145.0,110.0,0.6896551724137931,1.1,0.5918367346938775,0.47619047619047616,1.0680272108843538,0.554140127388535,0.4458598726114649,0.4865072783330406,0.4772,0.7198,0.96
1176,2026-06-27,MIA,STL,1,0,-110.0,-120.0,0.9090909090909091,0.8333333333333334,0.5238095238095238,0.5454545454545454,1.0692640692640691,0.48987854251012153,0.5101214574898786,0.49014894256326913,0.4781,0.7119,0.97
1177,2026-06-27,ATL,SF,1,1,-135.0,105.0,0.7407407407407407,1.05,0.574468085106383,0.4878048780487805,1.0622729631551635,0.5407914020517831,0.4592085979482169,0.49797472161917533,0.4795,0.6974,0.94
1178,2026-06-27,NYY,BOS,1,0,-125.0,-105.0,0.8,0.9523809523809523,0.5555555555555556,0.5121951219512195,1.067750677506775,0.5203045685279188,0.4796954314720812,0.4865699796900899,0.4772,0.7212,1.05
1179,2026-06-27,CIN,PIT,1,0,-130.0,100.0,0.7692307692307693,1.0,0.5652173913043478,0.5,1.0652173913043477,0.5306122448979592,0.4693877551020409,0.49668661604907655,0.4795,0.6999,0.96
1180,2026-06-27,HOU,DET,1,1,-115.0,-110.0,0.8695652173913043,0.9090909090909091,0.5348837209302325,0.5238095238095238,1.0586932447397563,0.5052301255230125,0.4947698744769875,0.5345300300294654,0.5479,0.627,0.98
1181,2026-06-27,TEX,TOR,1,0,-130.0,100.0,0.7692307692307693,1.0,0.5652173913043478,0.5,1.0652173913043477,0.5306122448979592,0.4693877551020409,0.512978312241347,0.5292,0.667,1.01
1182,2026-06-27,PHI,NYM,1,1,-120.0,-110.0,0.8333333333333334,0.9090909090909091,0.5454545454545454,0.5238095238095238,1.0692640692640691,0.5101214574898786,0.48987854251012153,0.3951278512688829,0.4064,0.9283,0.96
1183,2026-06-28,OAK,LAA,1,1,110.0,-145.0,1.1,0.6896551724137931,0.47619047619047616,0.5918367346938775,1.0680272108843538,0.4458598726114649,0.554140127388535,0.38261900866273846,0.3939,0.9593,0.99
1184,2026-06-28,KC,CWS,1,0,-110.0,-115.0,0.9090909090909091,0.8695652173913043,0.5238095238095238,0.5348837209302325,1.0586932447397563,0.4947698744769875,0.5052301255230125,0.33554783318084275,0.3219,1.0921,0.98
1185,2026-06-28,ARI,TB,1,0,-110.0,-120.0,0.9090909090909091,0.8333333333333334,0.5238095238095238,0.5454545454545454,1.0692640692640691,0.48987854251012153,0.5101214574898786,0.3829689176565395,0.394,0.9591,0.93
1186,2026-06-28,CHC,MIL,1,1,-125.0,-105.0,0.8,0.9523809523809523,0.5555555555555556,0.5121951219512195,1.067750677506775,0.5203045685279188,0.4796954314720812,0.6437901477759218,0.6918,0.4399,1.03
1187,2026-06-28,CIN,PIT,1,1,100.0,-130.0,1.0,0.7692307692307693,0.5,0.5652173913043478,1.0652173913043477,0.4693877551020409,0.5306122448979592,0.40197651966152104,0.4064,0.9116,0.96
1188,2026-06-28,PHI,NYM,1,1,-110.0,-115.0,0.9090909090909091,0.8695652173913043,0.5238095238095238,0.5348837209302325,1.0586932447397563,0.4947698744769875,0.5052301255230125,0.40279593700384536,0.4064,0.909,0.96
1189,2026-06-28,WSH,BAL,1,0,100.0,-130.0,1.0,0.7692307692307693,0.5,0.5652173913043478,1.0652173913043477,0.4693877551020409,0.5306122448979592,0.4053502115455193,0.4064,0.9042,1.06
1190,2026-06-28,TEX,TOR,1,0,-115.0,-115.0,0.8695652173913043,0.8695652173913043,0.5348837209302325,0.5348837209302325,1.069767441860465,0.5,0.5,0.45435614519109285,0.4384,0.7882,1.01
1191,2026-06-28,MIA,STL,1,1,-110.0,-120.0,0.9090909090909091,0.8333333333333334,0.5238095238095238,0.5454545454545454,1.0692640692640691,0.48987854251012153,0.5101214574898786,0.484639811220854,0.4772,0.7233,0.97
1192,2026-06-28,LAD,SD,1,1,-115.0,-110.0,0.8695652173913043,0.9090909090909091,0.5348837209302325,0.5238095238095238,1.0586932447397563,0.5052301255230125,0.4947698744769875,0.5620072384611797,0.5514,0.5763,0.95
1193,2026-06-28,NYY,BOS,1,1,-130.0,100.0,0.7692307692307693,1.0,0.5652173913043478,0.5,1.0652173913043477,0.5306122448979592,0.4693877551020409,0.5018905100755765,0.4795,0.6905,1.05
1194,2026-06-28,COL,MIN,1,0,-110.0,-120.0,0.9090909090909091,0.8333333333333334,0.5238095238095238,0.5454545454545454,1.0692640692640691,0.48987854251012153,0.5101214574898786,0.5361939331051296,0.5479,0.6233,0.97
1195,2026-06-28,SEA,CLE,1,1,-140.0,105.0,0.7142857142857143,1.05,0.5833333333333334,0.4878048780487805,1.071138211382114,0.5445920303605313,0.4554079696394686,0.48325138082427754,0.4772,0.727,0.96
1196,2026-06-28,ATL,SF,1,1,-160.0,120.0,0.625,1.2,0.6153846153846154,0.45454545454545453,1.06993006993007,0.5751633986928104,0.4248366013071895,0.5345027841653487,0.5479,0.6267,0.94
1197,2026-06-28,HOU,DET,1,1,-115.0,-110.0,0.8695652173913043,0.9090909090909091,0.5348837209302325,0.5238095238095238,1.0586932447397563,0.5052301255230125,0.4947698744769875,0.48827679037451654,0.4774,0.7174,0.98
1198,2026-06-29,LAD,OAK,1,1,130.0,-170.0,1.3,0.5882352941176471,0.43478260869565216,0.6296296296296297,1.0644122383252819,0.40847201210287437,0.5915279878971256,0.30235979099093496,0.3219,1.1975,0.93
1199,2026-06-29,DET,NYY,1,0,-120.0,-110.0,0.8333333333333334,0.9090909090909091,0.5454545454545454,0.5238095238095238,1.0692640692640691,0.5101214574898786,0.48987854251012153,0.42664267994630434,0.4064,0.8517,1.02
1200,2026-06-29,SF,ARI,1,0,-110.0,-120.0,0.9090909090909091,0.8333333333333334,0.5238095238095238,0.5454545454545454,1.0692640692640691,0.48987854251012153,0.5101214574898786,0.42991512195193227,0.4064,0.8454,1.0
1201,2026-06-29,PIT,PHI,1,0,100.0,-130.0,1.0,0.7692307692307693,0.5,0.5652173913043478,1.0652173913043477,0.4693877551020409,0.5306122448979592,0.4209490343147552,0.4064,0.8658,1.04
1202,2026-06-29,TEX,CLE,1,1,-130.0,100.0,0.7692307692307693,1.0,0.5652173913043478,0.5,1.0652173913043477,0.5306122448979592,0.4693877551020409,0.5065651223156243,0.4914,0.6792,0.96
1203,2026-06-29,CIN,MIL,1,0,-105.0,-125.0,0.9523809523809523,0.8,0.5121951219512195,0.5555555555555556,1.067750677506775,0.4796954314720812,0.5203045685279188,0.5688209485873857,0.5572,0.5637,1.03
1204,2026-06-29,WSH,BOS,1,0,-130.0,100.0,0.7692307692307693,1.0,0.5652173913043478,0.5,1.0652173913043477,0.5306122448979592,0.4693877551020409,0.4998588339088545,0.4795,0.6924,1.05
1205,2026-06-29,MIN,HOU,1,1,-105.0,-125.0,0.9523809523809523,0.8,0.5121951219512195,0.5555555555555556,1.067750677506775,0.4796954314720812,0.5203045685279188,0.44334323143717885,0.4377,0.8135,0.99
1206,2026-06-29,LAA,SEA,1,0,-125.0,-105.0,0.8,0.9523809523809523,0.5555555555555556,0.5121951219512195,1.067750677506775,0.5203045685279188,0.4796954314720812,0.4977483221392722,0.4795,0.6988,0.95
1207,2026-06-29,NYM,TOR,1,0,-110.0,-115.0,0.9090909090909091,0.8695652173913043,0.5238095238095238,0.5348837209302325,1.0586932447397563,0.4947698744769875,0.5052301255230125,0.5336835083345286,0.5479,0.6279,1.01
1208,2026-06-29,CWS,BAL,1,0,-105.0,-125.0,0.9523809523809523,0.8,0.5121951219512195,0.5555555555555556,1.067750677506775,0.4796954314720812,0.5203045685279188,0.4816783571278275,0.4772,0.7296,1.06
1209,2026-06-29,MIA,COL,1,1,130.0,-170.0,1.3,0.5882352941176471,0.43478260869565216,0.6296296296296297,1.0644122383252819,0.40847201210287437,0.5915279878971256,0.3487018993677256,0.333,1.0528,1.22
1210,2026-06-29,SD,CHC,1,1,120.0,-155.0,1.2,0.6451612903225806,0.45454545454545453,0.6078431372549019,1.0623885918003564,0.4278523489932886,0.5721476510067114,0.4206321352842143,0.4064,0.8665,1.0
1211,2026-06-30,MIA,COL,1,0,135.0,-180.0,1.35,0.5555555555555556,0.425531914893617,0.6428571428571429,1.06838905775076,0.3982930298719772,0.6017069701280228,0.3320365631589765,0.3219,1.1012,1.22
1212,2026-06-30,LAD,OAK,1,0,125.0,-165.0,1.25,0.6060606060606061,0.4444444444444444,0.6226415094339622,1.0670859538784065,0.4165029469548134,0.5834970530451867,0.34942254637786857,0.3332,1.0524,0.93
1213,2026-06-30,CWS,BAL,1,0,115.0,-150.0,1.15,0.6666666666666666,0.46511627906976744,0.6,1.0651162790697675,0.43668122270742354,0.5633187772925764,0.3868344217387925,0.4011,0.9488,1.06
1214,2026-06-30,STL,ATL,1,1,100.0,-130.0,1.0,0.7692307692307693,0.5,0.5652173913043478,1.0652173913043477,0.4693877551020409,0.5306122448979592,0.40622576010464495,0.4064,0.9002,0.98
1215,2026-06-30,SD,CHC,1,0,135.0,-175.0,1.35,0.5714285714285714,0.425531914893617,0.6363636363636364,1.0618955512572534,0.4007285974499089,0.599271402550091,0.44856380809279073,0.4384,0.8018,1.0
1216,2026-06-30,DET,NYY,1,0,-150.0,115.0,0.6666666666666666,1.15,0.6,0.46511627906976744,1.0651162790697675,0.5633187772925764,0.43668122270742354,0.43408506060765273,0.4157,0.8351,1.02
1217,2026-06-30,NYM,TOR,1,1,-125.0,-105.0,0.8,0.9523809523809523,0.5555555555555556,0.5121951219512195,1.067750677506775,0.5203045685279188,0.4796954314720812,0.5806896804142148,0.5685,0.5433,1.01
1218,2026-06-30,CIN,MIL,1,0,105.0,-140.0,1.05,0.7142857142857143,0.4878048780487805,0.5833333333333334,1.071138211382114,0.4554079696394686,0.5445920303605313,0.5373117203958856,0.5479,0.6207,1.03
1219,2026-06-30,LAA,SEA,1,1,-150.0,115.0,0.6666666666666666,1.15,0.6,0.46511627906976744,1.0651162790697675,0.5633187772925764,0.43668122270742354,0.5322494226856255,0.5479,0.6297,0.95
1220,2026-06-30,WSH,BOS,1,0,-120.0,-110.0,0.8333333333333334,0.9090909090909091,0.5454545454545454,0.5238095238095238,1.0692640692640691,0.5101214574898786,0.48987854251012153,0.5406156530765523,0.548,0.6143,1.05
1221,2026-06-30,TEX,CLE,1,0,-135.0,100.0,0.7407407407407407,1.0,0.574468085106383,0.5,1.074468085106383,0.5346534653465347,0.4653465346534653,0.5125075437204506,0.527,0.6677,0.96
1222,2026-06-30,PIT,PHI,1,1,-110.0,-120.0,0.9090909090909091,0.8333333333333334,0.5238095238095238,0.5454545454545454,1.0692640692640691,0.48987854251012153,0.5101214574898786,0.4445723211347081,0.4384,0.8109,1.04
1223,2026-06-30,MIN,HOU,1,0,-120.0,-110.0,0.8333333333333334,0.9090909090909091,0.5454545454545454,0.5238095238095238,1.0692640692640691,0.5101214574898786,0.48987854251012153,0.4542065740147396,0.4384,0.7896,0.99
1224,2026-06-30,TB,KC,1,0,110.0,-145.0,1.1,0.6896551724137931,0.47619047619047616,0.5918367346938775,1.0680272108843538,0.4458598726114649,0.554140127388535,0.5683261078010886,0.5563,0.565,0.96
1225,2026-06-30,SF,ARI,1,0,-115.0,-115.0,0.8695652173913043,0.8695652173913043,0.5348837209302325,0.5348837209302325,1.069767441860465,0.5,0.5,0.4140744767533401,0.4064,0.8822,1.0
1226,2026-07-01,MIA,COL,1,0,105.0,-140.0,1.05,0.7142857142857143,0.4878048780487805,0.5833333333333334,1.071138211382114,0.4554079696394686,0.5445920303605313,0.34752843563737645,0.3311,1.0559,1.22
1227,2026-07-01,DET,NYY,1,1,105.0,-140.0,1.05,0.7142857142857143,0.4878048780487805,0.5833333333333334,1.071138211382114,0.4554079696394686,0.5445920303605313,0.35869747780191524,0.3495,1.0266,1.02
1228,2026-07-01,SD,CHC,1,0,160.0,-215.0,1.6,0.46511627906976744,0.38461538461538464,0.6825396825396826,1.0671550671550671,0.36041189931350115,0.6395881006864989,0.42024258624618943,0.4064,0.8659,1.0
1229,2026-07-01,SF,ARI,1,1,100.0,-135.0,1.0,0.7407407407407407,0.5,0.574468085106383,1.074468085106383,0.4653465346534653,0.5346534653465347,0.4530927442603991,0.4384,0.7917,1.0
1230,2026-07-01,STL,ATL,1,0,100.0,-135.0,1.0,0.7407407407407407,0.5,0.574468085106383,1.074468085106383,0.4653465346534653,0.5346534653465347,0.4647406114552586,0.4748,0.7655,0.98
1231,2026-07-01,CIN,MIL,1,0,-110.0,-120.0,0.9090909090909091,0.8333333333333334,0.5238095238095238,0.5454545454545454,1.0692640692640691,0.48987854251012153,0.5101214574898786,0.5476833335483822,0.5504,0.6016,1.03
1232,2026-07-01,TEX,CLE,1,1,-140.0,110.0,0.7142857142857143,1.1,0.5833333333333334,0.47619047619047616,1.0595238095238095,0.550561797752809,0.449438202247191,0.5018376851105552,0.4795,0.6893,0.96
1233,2026-07-01,NYM,TOR,1,0,100.0,-130.0,1.0,0.7692307692307693,0.5,0.5652173913043478,1.0652173913043477,0.4693877551020409,0.5306122448979592,0.5341772771205819,0.5479,0.6269,1.01
1234,2026-07-01,TB,KC,1,0,115.0,-150.0,1.15,0.6666666666666666,0.46511627906976744,0.6,1.0651162790697675,0.43668122270742354,0.5633187772925764,0.5193531821348721,0.5417,0.6556,0.96
1235,2026-07-01,MIN,HOU,1,0,-115.0,-115.0,0.8695652173913043,0.8695652173913043,0.5348837209302325,0.5348837209302325,1.069767441860465,0.5,0.5,0.4681028519947324,0.4772,0.7591,0.99
1236,2026-07-01,WSH,BOS,1,0,-110.0,-115.0,0.9090909090909091,0.8695652173913043,0.5238095238095238,0.5348837209302325,1.0586932447397563,0.4947698744769875,0.5052301255230125,0.4881346419905728,0.4775,0.7169,1.05
1237,2026-07-01,PIT,PHI,1,1,-130.0,100.0,0.7692307692307693,1.0,0.5652173913043478,0.5,1.0652173913043477,0.5306122448979592,0.4693877551020409,0.495271674198739,0.4792,0.7026,1.04
1238,2026-07-01,LAD,OAK,1,1,130.0,-170.0,1.3,0.5882352941176471,0.43478260869565216,0.6296296296296297,1.0644122383252819,0.40847201210287437,0.5915279878971256,0.4056354642352314,0.4064,0.9012,0.93
1239,2026-07-01,CWS,BAL,1,0,110.0,-145.0,1.1,0.6896551724137931,0.47619047619047616,0.5918367346938775,1.0680272108843538,0.4458598726114649,0.554140127388535,0.4393344699981226,0.4293,0.8216,1.06
1240,2026-07-02,CIN,MIL,1,0,-160.0,125.0,0.625,1.25,0.6153846153846154,0.4444444444444444,1.0598290598290598,0.5806451612903226,0.4193548387096774,0.6545891452100894,0.6918,0.4231,1.03
1241,2026-07-02,MIA,COL,1,0,140.0,-185.0,1.4,0.5405405405405406,0.4166666666666667,0.6491228070175439,1.0657894736842106,0.39094650205761317,0.6090534979423868,0.34697907521834964,0.3298,1.0578,1.22
1242,2026-07-02,SD,LAD,1,0,125.0,-165.0,1.25,0.6060606060606061,0.4444444444444444,0.6226415094339622,1.0670859538784065,0.4165029469548134,0.5834970530451867,0.32867349531519335,0.3219,1.1141,0.97
1243,2026-07-02,PIT,PHI,1,1,115.0,-150.0,1.15,0.6666666666666666,0.46511627906976744,0.6,1.0651162790697675,0.43668122270742354,0.5633187772925764,0.3875072031871558,0.4021,0.9473,1.04
1244,2026-07-02,CWS,CLE,1,1,-115.0,-110.0,0.8695652173913043,0.9090909090909091,0.5348837209302325,0.5238095238095238,1.0586932447397563,0.5052301255230125,0.4947698744769875,0.459274244713832,0.4547,0.7776,0.96
1245,2026-07-02,STL,ATL,1,0,-110.0,-120.0,0.9090909090909091,0.8333333333333334,0.5238095238095238,0.5454545454545454,1.0692640692640691,0.48987854251012153,0.5101214574898786,0.47343529489265657,0.4772,0.7473,0.98
1246,2026-07-02,DET,TEX,1,1,-140.0,110.0,0.7142857142857143,1.1,0.5833333333333334,0.47619047619047616,1.0595238095238095,0.550561797752809,0.449438202247191,0.5627061345406333,0.5514,0.5757,1.07
1247,2026-07-02,LAA,SEA,1,1,-155.0,120.0,0.6451612903225806,1.2,0.6078431372549019,0.45454545454545453,1.0623885918003564,0.5721476510067114,0.4278523489932886,0.5133147428616498,0.5281,0.6673,0.95
1248,2026-07-02,TB,KC,1,0,125.0,-165.0,1.25,0.6060606060606061,0.4444444444444444,0.6226415094339622,1.0670859538784065,0.4165029469548134,0.5834970530451867,0.5345099710829575,0.5479,0.627,0.96
1249,2026-07-03,MIN,NYY,1,0,110.0,-140.0,1.1,0.7142857142857143,0.47619047619047616,0.5833333333333334,1.0595238095238095,0.449438202247191,0.550561797752809,0.33950423473306374,0.3219,1.0788,1.02
1250,2026-07-03,TB,HOU,1,1,105.0,-135.0,1.05,0.7407407407407407,0.4878048780487805,0.574468085106383,1.0622729631551635,0.4592085979482169,0.5407914020517831,0.4205052183966352,0.4064,0.8661,0.99
1251,2026-07-03,MIL,ARI,1,1,-115.0,-115.0,0.8695652173913043,0.8695652173913043,0.5348837209302325,0.5348837209302325,1.069767441860465,0.5,0.5,0.4220008585279089,0.4064,0.863,1.0
1252,2026-07-03,MIA,OAK,1,0,125.0,-170.0,1.25,0.5882352941176471,0.4444444444444444,0.6296296296296297,1.074074074074074,0.41379310344827586,0.5862068965517242,0.45414518856062064,0.4384,0.7901,0.93
1253,2026-07-03,STL,CHC,1,1,115.0,-150.0,1.15,0.6666666666666666,0.46511627906976744,0.6,1.0651162790697675,0.43668122270742354,0.5633187772925764,0.48240011284601647,0.4772,0.7303,1.0
1254,2026-07-03,TOR,SEA,1,1,-160.0,120.0,0.625,1.2,0.6153846153846154,0.45454545454545453,1.06993006993007,0.5751633986928104,0.4248366013071895,0.5597626204258923,0.5514,0.581,0.95
1255,2026-07-03,BAL,CIN,1,0,110.0,-140.0,1.1,0.7142857142857143,0.47619047619047616,0.5833333333333334,1.0595238095238095,0.449438202247191,0.550561797752809,0.39755116250698463,0.4064,0.9222,1.09
1256,2026-07-03,PIT,WSH,1,0,105.0,-140.0,1.05,0.7142857142857143,0.4878048780487805,0.5833333333333334,1.071138211382114,0.4554079696394686,0.5445920303605313,0.40766689486209556,0.4064,0.8981,0.97
1257,2026-07-03,BOS,LAA,1,1,-145.0,110.0,0.6896551724137931,1.1,0.5918367346938775,0.47619047619047616,1.0680272108843538,0.554140127388535,0.4458598726114649,0.46016881608603166,0.4574,0.7759,0.99
1258,2026-07-03,NYM,ATL,1,1,-105.0,-125.0,0.9523809523809523,0.8,0.5121951219512195,0.5555555555555556,1.067750677506775,0.4796954314720812,0.5203045685279188,0.5114469463724312,0.5203,0.6698,0.98
1259,2026-07-03,SD,LAD,1,0,-115.0,-115.0,0.8695652173913043,0.8695652173913043,0.5348837209302325,0.5348837209302325,1.069767441860465,0.5,0.5,0.4894070252032167,0.4776,0.7153,0.97
1260,2026-07-03,CWS,CLE,1,1,-130.0,100.0,0.7692307692307693,1.0,0.5652173913043478,0.5,1.0652173913043477,0.5306122448979592,0.4693877551020409,0.5134116587968676,0.5332,0.6657,0.96
1261,2026-07-03,SF,COL,1,0,110.0,-140.0,1.1,0.7142857142857143,0.47619047619047616,0.5833333333333334,1.0595238095238095,0.449438202247191,0.550561797752809,0.37914845873317915,0.3873,0.969,1.22
1262,2026-07-04,SF,COL,1,0,135.0,-175.0,1.35,0.5714285714285714,0.425531914893617,0.6363636363636364,1.0618955512572534,0.4007285974499089,0.599271402550091,0.36237021095841615,0.3565,1.0157,1.22
1263,2026-07-04,MIA,OAK,1,1,135.0,-180.0,1.35,0.5555555555555556,0.425531914893617,0.6428571428571429,1.06838905775076,0.3982930298719772,0.6017069701280228,0.35501934451847694,0.3429,1.037,0.93
1264,2026-07-04,MIL,ARI,1,0,105.0,-140.0,1.05,0.7142857142857143,0.4878048780487805,0.5833333333333334,1.071138211382114,0.4554079696394686,0.5445920303605313,0.39218855802962627,0.4064,0.9365,1.0
1265,2026-07-04,PIT,WSH,1,0,110.0,-145.0,1.1,0.6896551724137931,0.47619047619047616,0.5918367346938775,1.0680272108843538,0.4458598726114649,0.554140127388535,0.42745659163790334,0.4064,0.85,0.97
1266,2026-07-04,MIN,NYY,1,0,125.0,-165.0,1.25,0.6060606060606061,0.4444444444444444,0.6226415094339622,1.0670859538784065,0.4165029469548134,0.5834970530451867,0.32978848065156335,0.3219,1.1084,1.02
1267,2026-07-04,BAL,CIN,1,0,-105.0,-125.0,0.9523809523809523,0.8,0.5121951219512195,0.5555555555555556,1.067750677506775,0.4796954314720812,0.5203045685279188,0.4360924658725753,0.421,0.8299,1.09
1268,2026-07-04,BOS,LAA,1,0,-130.0,100.0,0.7692307692307693,1.0,0.5652173913043478,0.5,1.0652173913043477,0.5306122448979592,0.4693877551020409,0.4056699909881982,0.4064,0.9024,0.99
1269,2026-07-04,PHI,KC,1,1,-105.0,-120.0,0.9523809523809523,0.8333333333333334,0.5121951219512195,0.5454545454545454,1.057649667405765,0.48427672955974843,0.5157232704402516,0.571050975973597,0.5589,0.5611,0.96
1270,2026-07-04,SD,LAD,1,1,105.0,-135.0,1.05,0.7407407407407407,0.4878048780487805,0.574468085106383,1.0622729631551635,0.4592085979482169,0.5407914020517831,0.4401116464110559,0.4293,0.8217,0.97
1271,2026-07-04,DET,TEX,1,0,-115.0,-115.0,0.8695652173913043,0.8695652173913043,0.5348837209302325,0.5348837209302325,1.069767441860465,0.5,0.5,0.5247358228138173,0.5479,0.6452,1.07
1272,2026-07-04,TB,HOU,1,0,-130.0,100.0,0.7692307692307693,1.0,0.5652173913043478,0.5,1.0652173913043477,0.5306122448979592,0.4693877551020409,0.5185593269619122,0.5405,0.6571,0.99
1273,2026-07-04,STL,CHC,1,0,-125.0,-105.0,0.8,0.9523809523809523,0.5555555555555556,0.5121951219512195,1.067750677506775,0.5203045685279188,0.4796954314720812,0.48103089767710633,0.4772,0.7311,1.0
1274,2026-07-04,NYM,ATL,1,1,-135.0,100.0,0.7407407407407407,1.0,0.574468085106383,0.5,1.074468085106383,0.5346534653465347,0.4653465346534653,0.518974214406987,0.5418,0.6555,0.98
1275,2026-07-04,CWS,CLE,1,0,-135.0,105.0,0.7407407407407407,1.05,0.574468085106383,0.4878048780487805,1.0622729631551635,0.5407914020517831,0.4592085979482169,0.4900297105147865,0.478,0.7124,0.96
1276,2026-07-04,TOR,SEA,1,1,-125.0,-105.0,0.8,0.9523809523809523,0.5555555555555556,0.5121951219512195,1.067750677506775,0.5203045685279188,0.4796954314720812,0.5265008086734829,0.5479,0.6406,0.95
1277,2026-07-05,SF,COL,1,0,140.0,-185.0,1.4,0.5405405405405406,0.4166666666666667,0.6491228070175439,1.0657894736842106,0.39094650205761317,0.6090534979423868,0.35154840055527253,0.3368,1.0467,1.22
1278,2026-07-05,MIL,ARI,1,0,-105.0,-125.0,0.9523809523809523,0.8,0.5121951219512195,0.5555555555555556,1.067750677506775,0.4796954314720812,0.5203045685279188,0.3736164312261711,0.3762,0.9855,1.0
1279,2026-07-05,BOS,LAA,1,0,-130.0,100.0,0.7692307692307693,1.0,0.5652173913043478,0.5,1.0652173913043477,0.5306122448979592,0.4693877551020409,0.41478468791858697,0.4064,0.8805,0.99
1280,2026-07-05,MIA,OAK,1,0,100.0,-130.0,1.0,0.7692307692307693,0.5,0.5652173913043478,1.0652173913043477,0.4693877551020409,0.5306122448979592,0.39837678596667275,0.4064,0.9217,0.93
1281,2026-07-05,SD,LAD,1,1,115.0,-145.0,1.15,0.6896551724137931,0.46511627906976744,0.5918367346938775,1.056953013763645,0.4400538841490795,0.5599461158509206,0.40494978903581663,0.4064,0.9054,0.97
1282,2026-07-05,MIN,NYY,1,0,-115.0,-110.0,0.8695652173913043,0.9090909090909091,0.5348837209302325,0.5238095238095238,1.0586932447397563,0.5052301255230125,0.4947698744769875,0.41418218627663805,0.4064,0.8808,1.02
1283,2026-07-05,STL,CHC,1,0,-120.0,-110.0,0.8333333333333334,0.9090909090909091,0.5454545454545454,0.5238095238095238,1.0692640692640691,0.5101214574898786,0.48987854251012153,0.4417292486252702,0.4347,0.8164,1.0
1284,2026-07-05,PIT,WSH,1,1,105.0,-140.0,1.05,0.7142857142857143,0.4878048780487805,0.5833333333333334,1.071138211382114,0.4554079696394686,0.5445920303605313,0.4658863060099933,0.4771,0.7642,0.97
1285,2026-07-05,BAL,CIN,1,1,-110.0,-120.0,0.9090909090909091,0.8333333333333334,0.5238095238095238,0.5454545454545454,1.0692640692640691,0.48987854251012153,0.5101214574898786,0.48498963856160354,0.4772,0.7234,1.09
1286,2026-07-05,DET,TEX,1,1,-120.0,-110.0,0.8333333333333334,0.9090909090909091,0.5454545454545454,0.5238095238095238,1.0692640692640691,0.5101214574898786,0.48987854251012153,0.558558312997168,0.5514,0.583,1.07
1287,2026-07-05,CWS,CLE,1,0,-120.0,-105.0,0.8333333333333334,0.9523809523809523,0.5454545454545454,0.5121951219512195,1.057649667405765,0.5157232704402516,0.48427672955974843,0.5605789565136278,0.5514,0.5782,0.96
1288,2026-07-05,NYM,ATL,1,0,-120.0,-110.0,0.8333333333333334,0.9090909090909091,0.5454545454545454,0.5238095238095238,1.0692640692640691,0.5101214574898786,0.48987854251012153,0.48854703391110954,0.4776,0.7156,0.98
1289,2026-07-05,PHI,KC,1,0,120.0,-155.0,1.2,0.6451612903225806,0.45454545454545453,0.6078431372549019,1.0623885918003564,0.4278523489932886,0.5721476510067114,0.5107637210575873,0.5167,0.671,0.96
1290,2026-07-05,TOR,SEA,1,1,-135.0,105.0,0.7407407407407407,1.05,0.574468085106383,0.4878048780487805,1.0622729631551635,0.5407914020517831,0.4592085979482169,0.4935138981289479,0.4789,0.7054,0.95
1291,2026-07-05,TB,HOU,1,1,105.0,-135.0,1.05,0.7407407407407407,0.4878048780487805,0.574468085106383,1.0622729631551635,0.4592085979482169,0.5407914020517831,0.5000380799707227,0.4795,0.6932,0.99
1292,2026-07-06,COL,LAD,1,1,125.0,-160.0,1.25,0.625,0.4444444444444444,0.6153846153846154,1.0598290598290598,0.4193548387096774,0.5806451612903226,0.36481926507076207,0.362,1.0071,0.97
1293,2026-07-06,HOU,WSH,1,0,120.0,-160.0,1.2,0.625,0.45454545454545453,0.6153846153846154,1.06993006993007,0.4248366013071895,0.5751633986928104,0.33926808660821156,0.3219,1.0811,0.97
1294,2026-07-06,NYY,TB,1,1,-135.0,105.0,0.7407407407407407,1.05,0.574468085106383,0.4878048780487805,1.0622729631551635,0.5407914020517831,0.4592085979482169,0.4209577970686375,0.4064,0.865,0.93
1295,2026-07-06,PHI,KC,1,0,-125.0,-105.0,0.8,0.9523809523809523,0.5555555555555556,0.5121951219512195,1.067750677506775,0.5203045685279188,0.4796954314720812,0.5446767577994742,0.5494,0.607,0.96
1296,2026-07-06,NYM,ATL,1,1,105.0,-140.0,1.05,0.7142857142857143,0.4878048780487805,0.5833333333333334,1.071138211382114,0.4554079696394686,0.5445920303605313,0.5498576122321467,0.5508,0.5991,0.98
1297,2026-07-06,TOR,SF,1,0,-140.0,110.0,0.7142857142857143,1.1,0.5833333333333334,0.47619047619047616,1.0595238095238095,0.550561797752809,0.449438202247191,0.5969312280967488,0.5685,0.5162,0.94
1298,2026-07-06,ARI,SD,1,0,-105.0,-125.0,0.9523809523809523,0.8,0.5121951219512195,0.5555555555555556,1.067750677506775,0.4796954314720812,0.5203045685279188,0.5031470326275752,0.4795,0.6872,0.95
1299,2026-07-06,MIL,STL,1,1,-120.0,-110.0,0.8333333333333334,0.9090909090909091,0.5454545454545454,0.5238095238095238,1.0692640692640691,0.5101214574898786,0.48987854251012153,0.4575965805035806,0.4492,0.7809,0.97
1300,2026-07-07,NYY,TB,1,1,-115.0,-115.0,0.8695652173913043,0.8695652173913043,0.5348837209302325,0.5348837209302325,1.069767441860465,0.5,0.5,0.36248668355716457,0.3565,1.0156,0.93
1301,2026-07-07,COL,LAD,1,0,105.0,-140.0,1.05,0.7142857142857143,0.4878048780487805,0.5833333333333334,1.071138211382114,0.4554079696394686,0.5445920303605313,0.3620390372343902,0.3571,1.0147,0.97
1302,2026-07-07,OAK,DET,1,0,-125.0,-105.0,0.8,0.9523809523809523,0.5555555555555556,0.5121951219512195,1.067750677506775,0.5203045685279188,0.4796954314720812,0.5841819508574514,0.5685,0.5382,0.98
1303,2026-07-07,LAA,TEX,1,0,-160.0,120.0,0.625,1.2,0.6153846153846154,0.45454545454545453,1.06993006993007,0.5751633986928104,0.4248366013071895,0.6037478334209234,0.59,0.5039,1.07
1304,2026-07-07,HOU,WSH,1,0,105.0,-135.0,1.05,0.7407407407407407,0.4878048780487805,0.574468085106383,1.0622729631551635,0.4592085979482169,0.5407914020517831,0.4193327827626102,0.4064,0.8689,0.97
1305,2026-07-07,ATL,PIT,1,0,-125.0,-105.0,0.8,0.9523809523809523,0.5555555555555556,0.5121951219512195,1.067750677506775,0.5203045685279188,0.4796954314720812,0.5266944876054216,0.5479,0.6402,0.96
1306,2026-07-07,CLE,MIN,1,1,-130.0,100.0,0.7692307692307693,1.0,0.5652173913043478,0.5,1.0652173913043477,0.5306122448979592,0.4693877551020409,0.5875863338537968,0.5685,0.5319,0.97
1307,2026-07-07,BOS,CWS,1,1,-120.0,-110.0,0.8333333333333334,0.9090909090909091,0.5454545454545454,0.5238095238095238,1.0692640692640691,0.5101214574898786,0.48987854251012153,0.4418087167831298,0.4336,0.8175,0.98
1308,2026-07-07,CHC,BAL,1,1,-105.0,-120.0,0.9523809523809523,0.8333333333333334,0.5121951219512195,0.5454545454545454,1.057649667405765,0.48427672955974843,0.5157232704402516,0.5231440819728845,0.5479,0.6469,1.06
1309,2026-07-07,SEA,MIA,1,1,-135.0,105.0,0.7407407407407407,1.05,0.574468085106383,0.4878048780487805,1.0622729631551635,0.5407914020517831,0.4592085979482169,0.4793842954751007,0.4772,0.7349,0.95
1310,2026-07-07,KC,NYM,1,0,-110.0,-115.0,0.9090909090909091,0.8695652173913043,0.5238095238095238,0.5348837209302325,1.0586932447397563,0.4947698744769875,0.5052301255230125,0.29565746237466434,0.3219,1.219,0.96
1311,2026-07-07,PHI,CIN,1,1,-105.0,-125.0,0.9523809523809523,0.8,0.5121951219512195,0.5555555555555556,1.067750677506775,0.4796954314720812,0.5203045685279188,0.5129571568188657,0.5274,0.6676,1.09
1312,2026-07-07,TOR,SF,1,1,-140.0,110.0,0.7142857142857143,1.1,0.5833333333333334,0.47619047619047616,1.0595238095238095,0.550561797752809,0.449438202247191,0.5718771017291879,0.5603,0.5589,0.94
1313,2026-07-07,MIL,STL,1,0,-155.0,120.0,0.6451612903225806,1.2,0.6078431372549019,0.45454545454545453,1.0623885918003564,0.5721476510067114,0.4278523489932886,0.46235156509990694,0.4657,0.771,0.97
1314,2026-07-07,ARI,SD,1,0,100.0,-130.0,1.0,0.7692307692307693,0.5,0.5652173913043478,1.0652173913043477,0.4693877551020409,0.5306122448979592,0.4542592454928907,0.4384,0.7896,0.95
1315,2026-07-07,MIL,STL,2,1,-120.0,-110.0,0.8333333333333334,0.9090909090909091,0.5454545454545454,0.5238095238095238,1.0692640692640691,0.5101214574898786,0.48987854251012153,0.46409137096794156,0.4712,0.7677,0.97
1316,2026-07-08,COL,LAD,1,0,105.0,-135.0,1.05,0.7407407407407407,0.4878048780487805,0.574468085106383,1.0622729631551635,0.4592085979482169,0.5407914020517831,0.3188536863624118,0.3219,1.1422,0.97
1317,2026-07-08,NYY,TB,1,1,-120.0,-110.0,0.8333333333333334,0.9090909090909091,0.5454545454545454,0.5238095238095238,1.0692640692640691,0.5101214574898786,0.48987854251012153,0.34342581657900667,0.3224,1.07,0.93
1318,2026-07-08,SEA,MIA,1,1,-115.0,-110.0,0.8695652173913043,0.9090909090909091,0.5348837209302325,0.5238095238095238,1.0586932447397563,0.5052301255230125,0.4947698744769875,0.45104995358525246,0.4384,0.7956,0.95
1319,2026-07-08,ATL,PIT,1,1,100.0,-130.0,1.0,0.7692307692307693,0.5,0.5652173913043478,1.0652173913043477,0.4693877551020409,0.5306122448979592,0.4545288068105889,0.4384,0.7894,0.96
1320,2026-07-08,BOS,CWS,1,1,-115.0,-110.0,0.8695652173913043,0.9090909090909091,0.5348837209302325,0.5238095238095238,1.0586932447397563,0.5052301255230125,0.4947698744769875,0.42633747173011005,0.4064,0.8537,0.98
1321,2026-07-08,TOR,SF,1,0,-155.0,120.0,0.6451612903225806,1.2,0.6078431372549019,0.45454545454545453,1.0623885918003564,0.5721476510067114,0.4278523489932886,0.616145490429124,0.6329,0.4843,0.94
1322,2026-07-08,LAA,TEX,1,0,-125.0,-105.0,0.8,0.9523809523809523,0.5555555555555556,0.5121951219512195,1.067750677506775,0.5203045685279188,0.4796954314720812,0.5356773351003324,0.5479,0.6234,1.07
1323,2026-07-08,OAK,DET,1,0,100.0,-130.0,1.0,0.7692307692307693,0.5,0.5652173913043478,1.0652173913043477,0.4693877551020409,0.5306122448979592,0.4745304316767401,0.4772,0.746,0.98
1324,2026-07-08,CLE,MIN,1,1,-125.0,-105.0,0.8,0.9523809523809523,0.5555555555555556,0.5121951219512195,1.067750677506775,0.5203045685279188,0.4796954314720812,0.5703385149835438,0.5584,0.5618,0.97
1325,2026-07-08,HOU,WSH,1,1,110.0,-145.0,1.1,0.6896551724137931,0.47619047619047616,0.5918367346938775,1.0680272108843538,0.4458598726114649,0.554140127388535,0.449736821146698,0.4384,0.7988,0.97
1326,2026-07-08,CHC,BAL,1,1,105.0,-140.0,1.05,0.7142857142857143,0.4878048780487805,0.5833333333333334,1.071138211382114,0.4554079696394686,0.5445920303605313,0.48460435109930106,0.4772,0.7239,1.06
1327,2026-07-08,MIL,STL,1,0,-115.0,-115.0,0.8695652173913043,0.8695652173913043,0.5348837209302325,0.5348837209302325,1.069767441860465,0.5,0.5,0.48103425028542723,0.4772,0.7323,0.97
1328,2026-07-08,ARI,SD,1,0,-115.0,-115.0,0.8695652173913043,0.8695652173913043,0.5348837209302325,0.5348837209302325,1.069767441860465,0.5,0.5,0.5456446050346786,0.5495,0.6063,0.95
1329,2026-07-08,KC,NYM,1,0,-105.0,-125.0,0.9523809523809523,0.8,0.5121951219512195,0.5555555555555556,1.067750677506775,0.4796954314720812,0.5203045685279188,0.40564423427173185,0.4064,0.9019,0.96
1330,2026-07-08,PHI,CIN,1,1,-105.0,-125.0,0.9523809523809523,0.8,0.5121951219512195,0.5555555555555556,1.067750677506775,0.4796954314720812,0.5203045685279188,0.46362439332853067,0.4691,0.7689,1.09
1331,2026-07-09,SEA,MIA,1,1,-125.0,-105.0,0.8,0.9523809523809523,0.5555555555555556,0.5121951219512195,1.067750677506775,0.5203045685279188,0.4796954314720812,0.45585326324289144,0.4414,0.7856,0.95
1332,2026-07-09,LAA,TEX,1,0,-135.0,105.0,0.7407407407407407,1.05,0.574468085106383,0.4878048780487805,1.0622729631551635,0.5407914020517831,0.4592085979482169,0.5782736434526794,0.5681,0.5469,1.07
1333,2026-07-09,KC,NYM,1,0,105.0,-140.0,1.05,0.7142857142857143,0.4878048780487805,0.5833333333333334,1.071138211382114,0.4554079696394686,0.5445920303605313,0.4683727648094472,0.4772,0.7581,0.96
1334,2026-07-09,ATL,PIT,1,0,115.0,-145.0,1.15,0.6896551724137931,0.46511627906976744,0.5918367346938775,1.056953013763645,0.4400538841490795,0.5599461158509206,0.43827754259347335,0.4272,0.8237,0.96
1335,2026-07-09,OAK,DET,1,1,-105.0,-120.0,0.9523809523809523,0.8333333333333334,0.5121951219512195,0.5454545454545454,1.057649667405765,0.48427672955974843,0.5157232704402516,0.4881689913054194,0.4774,0.7175,0.98
1336,2026-07-09,CHC,BAL,1,1,100.0,-130.0,1.0,0.7692307692307693,0.5,0.5652173913043478,1.0652173913043477,0.4693877551020409,0.5306122448979592,0.4942349388437739,0.479,0.7038,1.06
1337,2026-07-09,CLE,MIN,1,1,-120.0,-110.0,0.8333333333333334,0.9090909090909091,0.5454545454545454,0.5238095238095238,1.0692640692640691,0.5101214574898786,0.48987854251012153,0.5370967797500436,0.5479,0.6212,0.97
1338,2026-07-09,PHI,CIN,1,1,105.0,-140.0,1.05,0.7142857142857143,0.4878048780487805,0.5833333333333334,1.071138211382114,0.4554079696394686,0.5445920303605313,0.44720314681589185,0.4384,0.8043,1.09
1339,2026-07-09,ARI,SD,1,1,100.0,-130.0,1.0,0.7692307692307693,0.5,0.5652173913043478,1.0652173913043477,0.4693877551020409,0.5306122448979592,0.5397924701319612,0.5479,0.6168,0.95
1340,2026-07-09,MIL,STL,1,1,-115.0,-110.0,0.8695652173913043,0.9090909090909091,0.5348837209302325,0.5238095238095238,1.0586932447397563,0.5052301255230125,0.4947698744769875,0.4970489790927151,0.4795,0.6996,0.97
1341,2026-07-09,BOS,CWS,1,1,-115.0,-110.0,0.8695652173913043,0.9090909090909091,0.5348837209302325,0.5238095238095238,1.0586932447397563,0.5052301255230125,0.4947698744769875,0.3530641283906162,0.341,1.0399,0.98
1342,2026-07-09,NYY,TB,1,0,-130.0,100.0,0.7692307692307693,1.0,0.5652173913043478,0.5,1.0652173913043477,0.5306122448979592,0.4693877551020409,0.3651000376690161,0.3608,1.0089,0.93
1344,2026-07-10,SEA,TB,1,1,-105.0,-125.0,0.9523809523809523,0.8,0.5121951219512195,0.5555555555555556,1.067750677506775,0.4796954314720812,0.5203045685279188,0.3981458390253398,0.4064,0.9223,0.93
1345,2026-07-10,CLE,MIA,1,1,-135.0,105.0,0.7407407407407407,1.05,0.574468085106383,0.4878048780487805,1.0622729631551635,0.5407914020517831,0.4592085979482169,0.4645426417632095,0.4738,0.7661,0.95
1346,2026-07-10,ARI,LAD,1,0,-110.0,-120.0,0.9090909090909091,0.8333333333333334,0.5238095238095238,0.5454545454545454,1.0692640692640691,0.48987854251012153,0.5101214574898786,0.41440314300398584,0.4064,0.8808,0.97
1347,2026-07-10,OAK,CWS,1,1,-120.0,-110.0,0.8333333333333334,0.9090909090909091,0.5454545454545454,0.5238095238095238,1.0692640692640691,0.5101214574898786,0.48987854251012153,0.4190114417253518,0.4064,0.8691,0.98
1348,2026-07-10,ATL,STL,1,1,-120.0,-105.0,0.8333333333333334,0.9523809523809523,0.5454545454545454,0.5121951219512195,1.057649667405765,0.5157232704402516,0.48427672955974843,0.5313526687689825,0.5479,0.6331,0.97
1349,2026-07-10,HOU,TEX,1,0,100.0,-130.0,1.0,0.7692307692307693,0.5,0.5652173913043478,1.0652173913043477,0.4693877551020409,0.5306122448979592,0.523826556870443,0.5479,0.6462,1.07
1350,2026-07-10,NYY,WSH,1,0,100.0,-130.0,1.0,0.7692307692307693,0.5,0.5652173913043478,1.0652173913043477,0.4693877551020409,0.5306122448979592,0.39847971255081405,0.4064,0.9195,0.97
1351,2026-07-10,KC,BAL,1,1,110.0,-145.0,1.1,0.6896551724137931,0.47619047619047616,0.5918367346938775,1.0680272108843538,0.4458598726114649,0.554140127388535,0.48985248460046393,0.4777,0.7146,1.06
1352,2026-07-10,CHC,CIN,1,1,-120.0,-110.0,0.8333333333333334,0.9090909090909091,0.5454545454545454,0.5238095238095238,1.0692640692640691,0.5101214574898786,0.48987854251012153,0.42681554956897605,0.4064,0.8513,1.09
1353,2026-07-10,TOR,SD,1,0,-110.0,-120.0,0.9090909090909091,0.8333333333333334,0.5238095238095238,0.5454545454545454,1.0692640692640691,0.48987854251012153,0.5101214574898786,0.522763080449356,0.5466,0.6492,0.95
1354,2026-07-10,COL,SF,1,1,-120.0,-110.0,0.8333333333333334,0.9090909090909091,0.5454545454545454,0.5238095238095238,1.0692640692640691,0.5101214574898786,0.48987854251012153,0.5187981499693706,0.5411,0.6564,0.94
1355,2026-07-10,BOS,NYM,1,0,-135.0,100.0,0.7407407407407407,1.0,0.574468085106383,0.5,1.074468085106383,0.5346534653465347,0.4653465346534653,0.5155569603973681,0.5369,0.6618,0.96
1356,2026-07-10,MIL,PIT,1,0,-125.0,-105.0,0.8,0.9523809523809523,0.5555555555555556,0.5121951219512195,1.067750677506775,0.5203045685279188,0.4796954314720812,0.491903519939173,0.4785,0.7085,0.96
1357,2026-07-10,PHI,DET,1,1,105.0,-140.0,1.05,0.7142857142857143,0.4878048780487805,0.5833333333333334,1.071138211382114,0.4554079696394686,0.5445920303605313,0.48177373862553385,0.4772,0.7307,0.98
1358,2026-07-10,LAA,MIN,1,0,-105.0,-120.0,0.9523809523809523,0.8333333333333334,0.5121951219512195,0.5454545454545454,1.057649667405765,0.48427672955974843,0.5157232704402516,0.524139350842526,0.5479,0.6464,0.97
1359,2026-07-11,OAK,CWS,1,1,-115.0,-115.0,0.8695652173913043,0.8695652173913043,0.5348837209302325,0.5348837209302325,1.069767441860465,0.5,0.5,0.40344082287386324,0.4064,0.9066,0.98
1360,2026-07-11,NYY,WSH,1,0,-105.0,-125.0,0.9523809523809523,0.8,0.5121951219512195,0.5555555555555556,1.067750677506775,0.4796954314720812,0.5203045685279188,0.36868538954819924,0.3684,0.9974,0.97
1361,2026-07-11,CLE,MIA,1,1,-140.0,105.0,0.7142857142857143,1.05,0.5833333333333334,0.4878048780487805,1.071138211382114,0.5445920303605313,0.4554079696394686,0.46814967207108227,0.4772,0.7589,0.95
1362,2026-07-11,CHC,CIN,1,1,105.0,-135.0,1.05,0.7407407407407407,0.4878048780487805,0.574468085106383,1.0622729631551635,0.4592085979482169,0.5407914020517831,0.42948453231069306,0.4064,0.845,1.09
1363,2026-07-11,ATL,STL,1,0,-110.0,-115.0,0.9090909090909091,0.8695652173913043,0.5238095238095238,0.5348837209302325,1.0586932447397563,0.4947698744769875,0.5052301255230125,0.42746705692349385,0.4064,0.8488,0.97
1364,2026-07-11,SEA,TB,1,1,-125.0,-105.0,0.8,0.9523809523809523,0.5555555555555556,0.5121951219512195,1.067750677506775,0.5203045685279188,0.4796954314720812,0.4551347312295659,0.4384,0.7882,0.93
1365,2026-07-11,COL,SF,1,1,-110.0,-115.0,0.9090909090909091,0.8695652173913043,0.5238095238095238,0.5348837209302325,1.0586932447397563,0.4947698744769875,0.5052301255230125,0.44874597541021777,0.4384,0.8009,0.94
1366,2026-07-11,ARI,LAD,1,1,-105.0,-125.0,0.9523809523809523,0.8,0.5121951219512195,0.5555555555555556,1.067750677506775,0.4796954314720812,0.5203045685279188,0.43818776606094817,0.4261,0.8248,0.97
1367,2026-07-11,PHI,DET,1,1,-140.0,110.0,0.7142857142857143,1.1,0.5833333333333334,0.47619047619047616,1.0595238095238095,0.550561797752809,0.449438202247191,0.527932859518274,0.5479,0.6388,0.98
1368,2026-07-11,HOU,TEX,1,0,-105.0,-120.0,0.9523809523809523,0.8333333333333334,0.5121951219512195,0.5454545454545454,1.057649667405765,0.48427672955974843,0.5157232704402516,0.5517557491665082,0.5514,0.5953,1.07
1369,2026-07-11,KC,BAL,1,1,-120.0,-110.0,0.8333333333333334,0.9090909090909091,0.5454545454545454,0.5238095238095238,1.0692640692640691,0.5101214574898786,0.48987854251012153,0.5168481862163271,0.5375,0.661,1.06
1370,2026-07-11,TOR,SD,1,0,-135.0,105.0,0.7407407407407407,1.05,0.574468085106383,0.4878048780487805,1.0622729631551635,0.5407914020517831,0.4592085979482169,0.5544196693635088,0.5514,0.5902,0.95
1371,2026-07-11,MIL,PIT,2,1,-105.0,-120.0,0.9523809523809523,0.8333333333333334,0.5121951219512195,0.5454545454545454,1.057649667405765,0.48427672955974843,0.5157232704402516,0.5151065930637786,0.5362,0.6628,0.96
1372,2026-07-11,LAA,MIN,1,1,-115.0,-115.0,0.8695652173913043,0.8695652173913043,0.5348837209302325,0.5348837209302325,1.069767441860465,0.5,0.5,0.48587266203628543,0.4772,0.7222,0.97
1373,2026-07-11,BOS,NYM,1,1,-125.0,-105.0,0.8,0.9523809523809523,0.5555555555555556,0.5121951219512195,1.067750677506775,0.5203045685279188,0.4796954314720812,0.5303400524902068,0.5479,0.6334,0.96
1374,2026-07-11,MIL,PIT,1,0,-125.0,-105.0,0.8,0.9523809523809523,0.5555555555555556,0.5121951219512195,1.067750677506775,0.5203045685279188,0.4796954314720812,0.4812467342989536,0.4772,0.7304,0.96
1375,2026-07-12,SEA,TB,1,1,-120.0,-110.0,0.8333333333333334,0.9090909090909091,0.5454545454545454,0.5238095238095238,1.0692640692640691,0.5101214574898786,0.48987854251012153,0.40306843548942894,0.4064,0.9098,0.93
1376,2026-07-12,KC,BAL,1,1,105.0,-140.0,1.05,0.7142857142857143,0.4878048780487805,0.5833333333333334,1.071138211382114,0.4554079696394686,0.5445920303605313,0.4258876912448671,0.4064,0.8523,1.06
1377,2026-07-12,CLE,MIA,1,0,-135.0,105.0,0.7407407407407407,1.05,0.574468085106383,0.4878048780487805,1.0622729631551635,0.5407914020517831,0.4592085979482169,0.4865500656765208,0.4772,0.7202,0.95
1378,2026-07-12,PHI,DET,1,1,-160.0,125.0,0.625,1.25,0.6153846153846154,0.4444444444444444,1.0598290598290598,0.5806451612903226,0.4193548387096774,0.6104647528936321,0.6119,0.4938,0.98
1379,2026-07-12,ARI,LAD,1,0,110.0,-145.0,1.1,0.6896551724137931,0.47619047619047616,0.5918367346938775,1.0680272108843538,0.4458598726114649,0.554140127388535,0.4621692925848125,0.4633,0.7724,0.97
1380,2026-07-12,OAK,CWS,1,0,-115.0,-110.0,0.8695652173913043,0.9090909090909091,0.5348837209302325,0.5238095238095238,1.0586932447397563,0.5052301255230125,0.4947698744769875,0.4224279159282525,0.4064,0.861,0.98
1381,2026-07-12,TOR,SD,1,0,-115.0,-115.0,0.8695652173913043,0.8695652173913043,0.5348837209302325,0.5348837209302325,1.069767441860465,0.5,0.5,0.5396449900597959,0.5479,0.6164,0.95
1382,2026-07-12,ATL,STL,1,0,-115.0,-115.0,0.8695652173913043,0.8695652173913043,0.5348837209302325,0.5348837209302325,1.069767441860465,0.5,0.5,0.4175005611023484,0.4064,0.8728,0.97
1383,2026-07-12,BOS,NYM,1,0,-125.0,100.0,0.8,1.0,0.5555555555555556,0.5,1.0555555555555556,0.5263157894736842,0.47368421052631576,0.566248578830911,0.5542,0.5682,0.96
1384,2026-07-12,HOU,TEX,1,1,100.0,-130.0,1.0,0.7692307692307693,0.5,0.5652173913043478,1.0652173913043477,0.4693877551020409,0.5306122448979592,0.5400748454884685,0.5479,0.6152,1.07
1385,2026-07-12,NYY,WSH,1,0,100.0,-130.0,1.0,0.7692307692307693,0.5,0.5652173913043478,1.0652173913043477,0.4693877551020409,0.5306122448979592,0.4252245395045215,0.4064,0.8545,0.97
1386,2026-07-12,CHC,CIN,1,0,-105.0,-125.0,0.9523809523809523,0.8,0.5121951219512195,0.5555555555555556,1.067750677506775,0.4796954314720812,0.5203045685279188,0.4384020880614211,0.4269,0.8241,1.09
1387,2026-07-12,COL,SF,1,0,-105.0,-125.0,0.9523809523809523,0.8,0.5121951219512195,0.5555555555555556,1.067750677506775,0.4796954314720812,0.5203045685279188,0.4659255940667949,0.4772,0.7636,0.94
1388,2026-07-12,MIL,PIT,1,1,-140.0,105.0,0.7142857142857143,1.05,0.5833333333333334,0.4878048780487805,1.071138211382114,0.5445920303605313,0.4554079696394686,0.49842401467998465,0.4795,0.6956,0.96
1389,2026-07-12,LAA,MIN,1,1,-105.0,-125.0,0.9523809523809523,0.8,0.5121951219512195,0.5555555555555556,1.067750677506775,0.4796954314720812,0.5203045685279188,0.49327659525669326,0.4787,0.7067,0.97
1390,2026-07-16,NYM,PHI,1,1,105.0,-135.0,1.05,0.7407407407407407,0.4878048780487805,0.574468085106383,1.0622729631551635,0.4592085979482169,0.5407914020517831,0.41981563482163897,0.4064,0.8672,1.04
1391,2026-07-17,CIN,COL,1,0,135.0,-175.0,1.35,0.5714285714285714,0.425531914893617,0.6363636363636364,1.0618955512572534,0.4007285974499089,0.599271402550091,0.337105362431929,0.3219,1.0863,1.22
1392,2026-07-17,LAD,NYY,1,1,105.0,-135.0,1.05,0.7407407407407407,0.4878048780487805,0.574468085106383,1.0622729631551635,0.4592085979482169,0.5407914020517831,0.38785587482488565,0.4024,0.9469,1.02
1393,2026-07-17,DET,LAA,1,0,-130.0,100.0,0.7692307692307693,1.0,0.5652173913043478,0.5,1.0652173913043477,0.5306122448979592,0.4693877551020409,0.41399315393446057,0.4064,0.8822,0.99
1394,2026-07-17,WSH,OAK,1,1,100.0,-135.0,1.0,0.7407407407407407,0.5,0.574468085106383,1.074468085106383,0.4653465346534653,0.5346534653465347,0.3998297458384842,0.4064,0.9176,0.93
1395,2026-07-17,MIA,MIL,1,1,-130.0,100.0,0.7692307692307693,1.0,0.5652173913043478,0.5,1.0652173913043477,0.5306122448979592,0.4693877551020409,0.6414834375582785,0.6918,0.4443,1.03
1396,2026-07-17,SD,KC,1,1,105.0,-135.0,1.05,0.7407407407407407,0.4878048780487805,0.574468085106383,1.0622729631551635,0.4592085979482169,0.5407914020517831,0.5658245948637894,0.5532,0.5698,0.96
1397,2026-07-17,TB,BOS,1,1,-125.0,-105.0,0.8,0.9523809523809523,0.5555555555555556,0.5121951219512195,1.067750677506775,0.5203045685279188,0.4796954314720812,0.5272177071324633,0.5479,0.6407,1.05
1398,2026-07-17,CWS,TOR,1,1,-105.0,-125.0,0.9523809523809523,0.8,0.5121951219512195,0.5555555555555556,1.067750677506775,0.4796954314720812,0.5203045685279188,0.46458512709510236,0.4722,0.7671,1.01
1399,2026-07-17,BAL,HOU,1,0,100.0,-130.0,1.0,0.7692307692307693,0.5,0.5652173913043478,1.0652173913043477,0.4693877551020409,0.5306122448979592,0.4590810404339701,0.4526,0.7788,0.99
1400,2026-07-17,MIN,CHC,1,0,130.0,-170.0,1.3,0.5882352941176471,0.43478260869565216,0.6296296296296297,1.0644122383252819,0.40847201210287437,0.5915279878971256,0.4546395324782242,0.4384,0.789,1.0
1401,2026-07-17,PIT,CLE,1,1,-145.0,110.0,0.6896551724137931,1.1,0.5918367346938775,0.47619047619047616,1.0680272108843538,0.554140127388535,0.4458598726114649,0.5250111920352717,0.5479,0.6437,0.96
1402,2026-07-17,TEX,ATL,1,1,-125.0,-105.0,0.8,0.9523809523809523,0.5555555555555556,0.5121951219512195,1.067750677506775,0.5203045685279188,0.4796954314720812,0.4994950847783685,0.4795,0.6956,0.98
1403,2026-07-17,SF,SEA,1,1,-140.0,105.0,0.7142857142857143,1.05,0.5833333333333334,0.4878048780487805,1.071138211382114,0.5445920303605313,0.4554079696394686,0.5362730238488536,0.5479,0.6227,0.95
1404,2026-07-17,STL,ARI,1,0,105.0,-135.0,1.05,0.7407407407407407,0.4878048780487805,0.574468085106383,1.0622729631551635,0.4592085979482169,0.5407914020517831,0.37330425768061476,0.3759,0.9861,1.0
1405,2026-07-17,TB,BOS,2,0,100.0,-130.0,1.0,0.7692307692307693,0.5,0.5652173913043478,1.0652173913043477,0.4693877551020409,0.5306122448979592,0.5035460767776606,0.4795,0.6865,1.05
1406,2026-07-18,CIN,COL,1,0,145.0,-190.0,1.45,0.5263157894736842,0.40816326530612246,0.6551724137931034,1.0633356790992259,0.3838517538054269,0.6161482461945731,0.29449788982412334,0.3219,1.222,1.22
1407,2026-07-18,STL,ARI,1,1,-105.0,-125.0,0.9523809523809523,0.8,0.5121951219512195,0.5555555555555556,1.067750677506775,0.4796954314720812,0.5203045685279188,0.357810446753818,0.3484,1.0283,1.0
1408,2026-07-18,WSH,OAK,1,0,145.0,-185.0,1.45,0.5405405405405406,0.40816326530612246,0.6491228070175439,1.0572860723236663,0.38604808669150015,0.6139519133084999,0.3188662078337358,0.3219,1.144,0.93
1409,2026-07-18,DET,LAA,1,0,-140.0,105.0,0.7142857142857143,1.05,0.5833333333333334,0.4878048780487805,1.071138211382114,0.5445920303605313,0.4554079696394686,0.3821355757254368,0.3916,0.9626,0.99
1410,2026-07-18,MIA,MIL,1,1,-130.0,100.0,0.7692307692307693,1.0,0.5652173913043478,0.5,1.0652173913043477,0.5306122448979592,0.4693877551020409,0.6123652649486294,0.6186,0.4908,1.03
1411,2026-07-18,NYM,PHI,1,0,-115.0,-110.0,0.8695652173913043,0.9090909090909091,0.5348837209302325,0.5238095238095238,1.0586932447397563,0.5052301255230125,0.4947698744769875,0.4417351549505914,0.4348,0.8163,1.04
1412,2026-07-18,BAL,HOU,1,1,-110.0,-120.0,0.9090909090909091,0.8333333333333334,0.5238095238095238,0.5454545454545454,1.0692640692640691,0.48987854251012153,0.5101214574898786,0.46270675374362136,0.466,0.7708,0.99
1413,2026-07-18,TB,BOS,1,1,100.0,-130.0,1.0,0.7692307692307693,0.5,0.5652173913043478,1.0652173913043477,0.4693877551020409,0.5306122448979592,0.49648165454601956,0.4795,0.7005,1.05
1414,2026-07-18,SF,SEA,1,1,-150.0,115.0,0.6666666666666666,1.15,0.6,0.46511627906976744,1.0651162790697675,0.5633187772925764,0.43668122270742354,0.5783011904165153,0.5677,0.5476,0.95
1415,2026-07-18,SD,KC,1,0,125.0,-165.0,1.25,0.6060606060606061,0.4444444444444444,0.6226415094339622,1.0670859538784065,0.4165029469548134,0.5834970530451867,0.5905842502626888,0.5685,0.5264,0.96
1416,2026-07-18,CWS,TOR,1,1,-105.0,-120.0,0.9523809523809523,0.8333333333333334,0.5121951219512195,0.5454545454545454,1.057649667405765,0.48427672955974843,0.5157232704402516,0.45223827529311517,0.4384,0.7943,1.01
1417,2026-07-18,LAD,NYY,1,1,100.0,-130.0,1.0,0.7692307692307693,0.5,0.5652173913043478,1.0652173913043477,0.4693877551020409,0.5306122448979592,0.48207099571090933,0.4772,0.7294,1.02
1418,2026-07-18,PIT,CLE,1,1,-140.0,105.0,0.7142857142857143,1.05,0.5833333333333334,0.4878048780487805,1.071138211382114,0.5445920303605313,0.4554079696394686,0.5077033185332563,0.4973,0.6772,0.96
1419,2026-07-18,TEX,ATL,1,0,-105.0,-125.0,0.9523809523809523,0.8,0.5121951219512195,0.5555555555555556,1.067750677506775,0.4796954314720812,0.5203045685279188,0.54234600697735,0.5485,0.612,0.98
1420,2026-07-18,MIN,CHC,1,0,-110.0,-120.0,0.9090909090909091,0.8333333333333334,0.5238095238095238,0.5454545454545454,1.0692640692640691,0.48987854251012153,0.5101214574898786,0.486433701078932,0.4772,0.7214,1.0
1421,2026-07-18,PIT,CLE,2,1,-125.0,-105.0,0.8,0.9523809523809523,0.5555555555555556,0.5121951219512195,1.067750677506775,0.5203045685279188,0.4796954314720812,0.6014657433008602,0.5804,0.5083,0.96
1422,2026-07-19,CIN,COL,1,0,120.0,-155.0,1.2,0.6451612903225806,0.45454545454545453,0.6078431372549019,1.0623885918003564,0.4278523489932886,0.5721476510067114,0.3237790355453078,0.3219,1.1267,1.22
1423,2026-07-19,WSH,OAK,1,1,110.0,-140.0,1.1,0.7142857142857143,0.47619047619047616,0.5833333333333334,1.0595238095238095,0.449438202247191,0.550561797752809,0.3928713561217687,0.4064,0.9344,0.93
1424,2026-07-19,DET,LAA,1,0,-105.0,-125.0,0.9523809523809523,0.8,0.5121951219512195,0.5555555555555556,1.067750677506775,0.4796954314720812,0.5203045685279188,0.3856837336574162,0.3979,0.9534,0.99
1425,2026-07-19,NYM,PHI,1,0,105.0,-135.0,1.05,0.7407407407407407,0.4878048780487805,0.574468085106383,1.0622729631551635,0.4592085979482169,0.5407914020517831,0.4242315907328578,0.4064,0.8569,1.04
1426,2026-07-19,STL,ARI,1,1,-110.0,-120.0,0.9090909090909091,0.8333333333333334,0.5238095238095238,0.5454545454545454,1.0692640692640691,0.48987854251012153,0.5101214574898786,0.4266235437892158,0.4064,0.852,1.0
1427,2026-07-19,MIA,MIL,1,1,-125.0,-105.0,0.8,0.9523809523809523,0.5555555555555556,0.5121951219512195,1.067750677506775,0.5203045685279188,0.4796954314720812,0.6036802635866118,0.5879,0.5048,1.03
1428,2026-07-19,PIT,CLE,1,1,-155.0,120.0,0.6451612903225806,1.2,0.6078431372549019,0.45454545454545453,1.0623885918003564,0.5721476510067114,0.4278523489932886,0.5777492905350006,0.5673,0.5483,0.96
1429,2026-07-19,SF,SEA,1,0,-145.0,110.0,0.6896551724137931,1.1,0.5918367346938775,0.47619047619047616,1.0680272108843538,0.554140127388535,0.4458598726114649,0.5865943328553,0.5685,0.5331,0.95
1430,2026-07-19,TEX,ATL,1,0,100.0,-130.0,1.0,0.7692307692307693,0.5,0.5652173913043478,1.0652173913043477,0.4693877551020409,0.5306122448979592,0.47644797788702553,0.4772,0.7415,0.98
1431,2026-07-19,SD,KC,1,0,105.0,-140.0,1.05,0.7142857142857143,0.4878048780487805,0.5833333333333334,1.071138211382114,0.4554079696394686,0.5445920303605313,0.4682633279583862,0.4772,0.7584,0.96
1432,2026-07-19,MIN,CHC,1,0,-135.0,105.0,0.7407407407407407,1.05,0.574468085106383,0.4878048780487805,1.0622729631551635,0.5407914020517831,0.4592085979482169,0.47461352443080307,0.4772,0.746,1.0
1433,2026-07-19,BAL,HOU,1,1,-115.0,-110.0,0.8695652173913043,0.9090909090909091,0.5348837209302325,0.5238095238095238,1.0586932447397563,0.5052301255230125,0.4947698744769875,0.47346909217960204,0.4772,0.7478,0.99
1434,2026-07-19,LAD,NYY,1,1,-120.0,-110.0,0.8333333333333334,0.9090909090909091,0.5454545454545454,0.5238095238095238,1.0692640692640691,0.5101214574898786,0.48987854251012153,0.45913842843974406,0.4541,0.7779,1.02
1435,2026-07-19,TB,BOS,1,1,-130.0,100.0,0.7692307692307693,1.0,0.5652173913043478,0.5,1.0652173913043477,0.5306122448979592,0.4693877551020409,0.5146965621651238,0.5349,0.6645,1.05
1436,2026-07-19,CWS,TOR,1,1,-125.0,-105.0,0.8,0.9523809523809523,0.5555555555555556,0.5121951219512195,1.067750677506775,0.5203045685279188,0.4796954314720812,0.5064239059094131,0.4863,0.6808,1.01
1437,2026-07-19,LAD,NYY,2,0,-110.0,-120.0,0.9090909090909091,0.8333333333333334,0.5238095238095238,0.5454545454545454,1.0692640692640691,0.48987854251012153,0.5101214574898786,0.36977856367059175,0.3699,0.9951,1.02
1438,2026-07-20,WSH,COL,1,0,120.0,-155.0,1.2,0.6451612903225806,0.45454545454545453,0.6078431372549019,1.0623885918003564,0.4278523489932886,0.5721476510067114,0.2871372440863401,0.3219,1.2477,1.22
1439,2026-07-20,NYM,MIL,1,0,-140.0,105.0,0.7142857142857143,1.05,0.5833333333333334,0.4878048780487805,1.071138211382114,0.5445920303605313,0.4554079696394686,0.6528966160741687,0.6918,0.4267,1.03
1440,2026-07-20,STL,LAA,1,1,-110.0,-120.0,0.9090909090909091,0.8333333333333334,0.5238095238095238,0.5454545454545454,1.0692640692640691,0.48987854251012153,0.5101214574898786,0.3927368715331989,0.4064,0.935,0.99
1441,2026-07-20,OAK,ARI,1,1,105.0,-135.0,1.05,0.7407407407407407,0.4878048780487805,0.574468085106383,1.0622729631551635,0.4592085979482169,0.5407914020517831,0.38303288450060413,0.3935,0.9598,1.0
1442,2026-07-20,PIT,NYY,1,0,-125.0,100.0,0.8,1.0,0.5555555555555556,0.5,1.0555555555555556,0.5263157894736842,0.47368421052631576,0.4524683388989802,0.4384,0.793,1.02
1443,2026-07-20,SD,ATL,1,1,115.0,-150.0,1.15,0.6666666666666666,0.46511627906976744,0.6,1.0651162790697675,0.43668122270742354,0.5633187772925764,0.4555432953957908,0.4399,0.7865,0.98
1444,2026-07-20,DET,CHC,1,0,140.0,-180.0,1.4,0.5555555555555556,0.4166666666666667,0.6428571428571429,1.0595238095238095,0.39325842696629215,0.6067415730337079,0.4852708344425719,0.4772,0.7235,1.0
1445,2026-07-20,MIA,HOU,1,1,105.0,-135.0,1.05,0.7407407407407407,0.4878048780487805,0.574468085106383,1.0622729631551635,0.4592085979482169,0.5407914020517831,0.43894744592604257,0.4271,0.8239,0.99
1446,2026-07-20,LAD,PHI,1,1,-115.0,-115.0,0.8695652173913043,0.8695652173913043,0.5348837209302325,0.5348837209302325,1.069767441860465,0.5,0.5,0.4992955294376383,0.4795,0.6939,1.04
1447,2026-07-20,MIN,CLE,1,0,-130.0,100.0,0.7692307692307693,1.0,0.5652173913043478,0.5,1.0652173913043477,0.5306122448979592,0.4693877551020409,0.5064363071023472,0.4891,0.6799,0.96
1448,2026-07-20,TB,TOR,1,1,-140.0,110.0,0.7142857142857143,1.1,0.5833333333333334,0.47619047619047616,1.0595238095238095,0.550561797752809,0.449438202247191,0.5553298161055621,0.5514,0.5891,1.01
1449,2026-07-20,SF,KC,1,1,105.0,-140.0,1.05,0.7142857142857143,0.4878048780487805,0.5833333333333334,1.071138211382114,0.4554079696394686,0.5445920303605313,0.55741218179759,0.5514,0.5844,0.96
1450,2026-07-20,CWS,TEX,1,0,-120.0,-110.0,0.8333333333333334,0.9090909090909091,0.5454545454545454,0.5238095238095238,1.0692640692640691,0.5101214574898786,0.48987854251012153,0.5129016802662496,0.5238,0.6687,1.07
1451,2026-07-20,BAL,BOS,1,0,-110.0,-120.0,0.9090909090909091,0.8333333333333334,0.5238095238095238,0.5454545454545454,1.0692640692640691,0.48987854251012153,0.5101214574898786,0.5170207593033116,0.5384,0.6599,1.05
1452,2026-07-20,CIN,SEA,1,1,-120.0,-110.0,0.8333333333333334,0.9090909090909091,0.5454545454545454,0.5238095238095238,1.0692640692640691,0.5101214574898786,0.48987854251012153,0.5021935726713899,0.4795,0.6887,0.95
1453,2026-07-21,WSH,COL,1,0,190.0,-250.0,1.9,0.4,0.3448275862068966,0.7142857142857143,1.0591133004926108,0.32558139534883723,0.6744186046511629,0.2847959051556991,0.3219,1.2553,1.22
1454,2026-07-21,STL,LAA,1,0,-105.0,-120.0,0.9523809523809523,0.8333333333333334,0.5121951219512195,0.5454545454545454,1.057649667405765,0.48427672955974843,0.5157232704402516,0.3583874612119312,0.3497,1.0263,0.99
1455,2026-07-21,SD,ATL,1,0,-105.0,-125.0,0.9523809523809523,0.8,0.5121951219512195,0.5555555555555556,1.067750677506775,0.4796954314720812,0.5203045685279188,0.4610380850102189,0.4599,0.7744,0.98
1456,2026-07-21,SF,KC,1,1,-110.0,-120.0,0.9090909090909091,0.8333333333333334,0.5238095238095238,0.5454545454545454,1.0692640692640691,0.48987854251012153,0.5101214574898786,0.46835559359908985,0.4772,0.7585,0.96
1457,2026-07-21,PIT,NYY,1,1,100.0,-130.0,1.0,0.7692307692307693,0.5,0.5652173913043478,1.0652173913043477,0.4693877551020409,0.5306122448979592,0.4608319530650192,0.4596,0.7746,1.02
1458,2026-07-21,BAL,BOS,1,0,-140.0,110.0,0.7142857142857143,1.1,0.5833333333333334,0.47619047619047616,1.0595238095238095,0.550561797752809,0.449438202247191,0.549480974750101,0.5508,0.599,1.05
1459,2026-07-21,NYM,MIL,1,1,-105.0,-125.0,0.9523809523809523,0.8,0.5121951219512195,0.5555555555555556,1.067750677506775,0.4796954314720812,0.5203045685279188,0.5813352648790782,0.5685,0.5427,1.03
1460,2026-07-21,TB,TOR,1,0,-130.0,100.0,0.7692307692307693,1.0,0.5652173913043478,0.5,1.0652173913043477,0.5306122448979592,0.4693877551020409,0.5537001068701214,0.5514,0.5903,1.01
1461,2026-07-21,CWS,TEX,1,0,-110.0,-115.0,0.9090909090909091,0.8695652173913043,0.5238095238095238,0.5348837209302325,1.0586932447397563,0.4947698744769875,0.5052301255230125,0.5113956510895973,0.5206,0.6698,1.07
1462,2026-07-21,MIA,HOU,1,0,100.0,-130.0,1.0,0.7692307692307693,0.5,0.5652173913043478,1.0652173913043477,0.4693877551020409,0.5306122448979592,0.5288670578922259,0.5479,0.6372,0.99
1463,2026-07-21,CIN,SEA,1,0,-130.0,100.0,0.7692307692307693,1.0,0.5652173913043478,0.5,1.0652173913043477,0.5306122448979592,0.4693877551020409,0.5398012140428209,0.5479,0.6162,0.95
1464,2026-07-21,MIN,CLE,1,0,-135.0,105.0,0.7407407407407407,1.05,0.574468085106383,0.4878048780487805,1.0622729631551635,0.5407914020517831,0.4592085979482169,0.5030270217278208,0.4795,0.6861,0.96
1465,2026-07-21,LAD,PHI,1,0,-105.0,-125.0,0.9523809523809523,0.8,0.5121951219512195,0.5555555555555556,1.067750677506775,0.4796954314720812,0.5203045685279188,0.49461642358638463,0.4792,0.7028,1.04
1466,2026-07-21,DET,CHC,1,0,-130.0,100.0,0.7692307692307693,1.0,0.5652173913043478,0.5,1.0652173913043477,0.5306122448979592,0.4693877551020409,0.5642256451256284,0.5514,0.573,1.0
1467,2026-07-21,OAK,ARI,1,0,-105.0,-125.0,0.9523809523809523,0.8,0.5121951219512195,0.5555555555555556,1.067750677506775,0.4796954314720812,0.5203045685279188,0.44456363202371685,0.4384,0.8108,1.0
1468,2026-07-22,STL,LAA,1,1,-115.0,-115.0,0.8695652173913043,0.8695652173913043,0.5348837209302325,0.5348837209302325,1.069767441860465,0.5,0.5,0.36216410747520794,0.3563,1.016,0.99
1469,2026-07-22,PIT,NYY,1,1,105.0,-135.0,1.05,0.7407407407407407,0.4878048780487805,0.574468085106383,1.0622729631551635,0.4592085979482169,0.5407914020517831,0.3517363459607118,0.3378,1.0451,1.02
1470,2026-07-22,OAK,ARI,1,1,-105.0,-125.0,0.9523809523809523,0.8,0.5121951219512195,0.5555555555555556,1.067750677506775,0.4796954314720812,0.5203045685279188,0.3814882936260224,0.3908,0.9639,1.0
1471,2026-07-22,LAD,PHI,1,0,120.0,-160.0,1.2,0.625,0.45454545454545453,0.6153846153846154,1.06993006993007,0.4248366013071895,0.5751633986928104,0.3819591601215069,0.3922,0.9617,1.04
1472,2026-07-22,SD,ATL,1,0,-110.0,-120.0,0.9090909090909091,0.8333333333333334,0.5238095238095238,0.5454545454545454,1.0692640692640691,0.48987854251012153,0.5101214574898786,0.472316734675907,0.4772,0.7502,0.98
1473,2026-07-22,NYM,MIL,1,1,-140.0,105.0,0.7142857142857143,1.05,0.5833333333333334,0.4878048780487805,1.071138211382114,0.5445920303605313,0.4554079696394686,0.6363901889627804,0.6918,0.4526,1.03
1474,2026-07-22,BAL,BOS,1,0,100.0,-130.0,1.0,0.7692307692307693,0.5,0.5652173913043478,1.0652173913043477,0.4693877551020409,0.5306122448979592,0.4836976132891029,0.4772,0.7269,1.05
1475,2026-07-22,PIT,NYY,2,1,-105.0,-120.0,0.9523809523809523,0.8333333333333334,0.5121951219512195,0.5454545454545454,1.057649667405765,0.48427672955974843,0.5157232704402516,0.48290902658818424,0.4772,0.7283,1.02
1476,2026-07-22,WSH,COL,1,1,130.0,-170.0,1.3,0.5882352941176471,0.43478260869565216,0.6296296296296297,1.0644122383252819,0.40847201210287437,0.5915279878971256,0.4207503170526457,0.4064,0.8651,1.22
1477,2026-07-22,CIN,SEA,1,1,-120.0,-110.0,0.8333333333333334,0.9090909090909091,0.5454545454545454,0.5238095238095238,1.0692640692640691,0.5101214574898786,0.48987854251012153,0.47084486176770396,0.4772,0.7528,0.95
1478,2026-07-22,CWS,TEX,1,1,-125.0,-105.0,0.8,0.9523809523809523,0.5555555555555556,0.5121951219512195,1.067750677506775,0.5203045685279188,0.4796954314720812,0.5511932614273372,0.5513,0.5964,1.07
1479,2026-07-22,SF,KC,1,1,-120.0,-110.0,0.8333333333333334,0.9090909090909091,0.5454545454545454,0.5238095238095238,1.0692640692640691,0.5101214574898786,0.48987854251012153,0.5629228557274145,0.5514,0.5743,0.96
1480,2026-07-22,TB,TOR,1,0,-130.0,100.0,0.7692307692307693,1.0,0.5652173913043478,0.5,1.0652173913043477,0.5306122448979592,0.4693877551020409,0.5588738446739492,0.5514,0.581,1.01
1481,2026-07-22,MIN,CLE,1,0,-110.0,-120.0,0.9090909090909091,0.8333333333333334,0.5238095238095238,0.5454545454545454,1.0692640692640691,0.48987854251012153,0.5101214574898786,0.48534802443090247,0.4772,0.7238,0.96
1482,2026-07-22,DET,CHC,1,0,-115.0,-110.0,0.8695652173913043,0.9090909090909091,0.5348837209302325,0.5238095238095238,1.0586932447397563,0.5052301255230125,0.4947698744769875,0.47885914295431076,0.4772,0.7358,1.0
1483,2026-07-22,MIA,HOU,1,1,-105.0,-120.0,0.9523809523809523,0.8333333333333334,0.5121951219512195,0.5454545454545454,1.057649667405765,0.48427672955974843,0.5157232704402516,0.5091638275619865,0.5035,0.6752,0.99
1484,2026-07-22,BAL,BOS,2,0,-115.0,-110.0,0.8695652173913043,0.9090909090909091,0.5348837209302325,0.5238095238095238,1.0586932447397563,0.5052301255230125,0.4947698744769875,0.5469456421178279,0.55,0.6037,1.05
1485,2026-07-23,KC,DET,1,1,-120.0,-110.0,0.8333333333333334,0.9090909090909091,0.5454545454545454,0.5238095238095238,1.0692640692640691,0.5101214574898786,0.48987854251012153,0.51736480315429,0.5399,0.658,0.98
1486,2026-07-23,ARI,STL,1,0,-125.0,-105.0,0.8,0.9523809523809523,0.5555555555555556,0.5121951219512195,1.067750677506775,0.5203045685279188,0.4796954314720812,0.49707426087721196,0.4795,0.699,0.97
1487,2026-07-23,MIN,CLE,1,1,-135.0,100.0,0.7407407407407407,1.0,0.574468085106383,0.5,1.074468085106383,0.5346534653465347,0.4653465346534653,0.4672108515215386,0.4772,0.7619,0.96
1488,2026-07-23,SD,ATL,1,1,-115.0,-115.0,0.8695652173913043,0.8695652173913043,0.5348837209302325,0.5348837209302325,1.069767441860465,0.5,0.5,0.44976119863755715,0.4384,0.7986,0.98
1489,2026-07-23,TB,TOR,1,0,-110.0,-115.0,0.9090909090909091,0.8695652173913043,0.5238095238095238,0.5348837209302325,1.0586932447397563,0.4947698744769875,0.5052301255230125,0.49680023089730874,0.4795,0.699,1.01
1490,2026-07-24,ARI,WSH,1,1,105.0,-135.0,1.05,0.7407407407407407,0.4878048780487805,0.574468085106383,1.0622729631551635,0.4592085979482169,0.5407914020517831,0.36831810210476934,0.3665,1.0003,0.97
1491,2026-07-24,CLE,TB,1,1,-135.0,100.0,0.7407407407407407,1.0,0.574468085106383,0.5,1.074468085106383,0.5346534653465347,0.4653465346534653,0.42608798541386583,0.4064,0.8524,0.93
1492,2026-07-24,TOR,BOS,1,0,-125.0,-105.0,0.8,0.9523809523809523,0.5555555555555556,0.5121951219512195,1.067750677506775,0.5203045685279188,0.4796954314720812,0.49851171483759527,0.4795,0.6966,1.05
1493,2026-07-24,HOU,CWS,1,0,105.0,-135.0,1.05,0.7407407407407407,0.4878048780487805,0.574468085106383,1.0622729631551635,0.4592085979482169,0.5407914020517831,0.3801126333548094,0.3888,0.9667,0.98
1494,2026-07-24,KC,DET,1,0,-145.0,110.0,0.6896551724137931,1.1,0.5918367346938775,0.47619047619047616,1.0680272108843538,0.554140127388535,0.4458598726114649,0.5451336009923147,0.5496,0.6056,0.98
1495,2026-07-24,COL,MIL,1,0,-115.0,-110.0,0.8695652173913043,0.9090909090909091,0.5348837209302325,0.5238095238095238,1.0586932447397563,0.5052301255230125,0.4947698744769875,0.5345787223374913,0.5479,0.6273,1.03
1496,2026-07-24,SEA,TEX,1,0,-125.0,-105.0,0.8,0.9523809523809523,0.5555555555555556,0.5121951219512195,1.067750677506775,0.5203045685279188,0.4796954314720812,0.5689166422192744,0.5564,0.5648,1.07
1497,2026-07-24,LAD,NYM,1,1,-105.0,-125.0,0.9523809523809523,0.8,0.5121951219512195,0.5555555555555556,1.067750677506775,0.4796954314720812,0.5203045685279188,0.4481180009753024,0.4384,0.8015,0.96
1498,2026-07-24,CIN,STL,1,1,-125.0,-105.0,0.8,0.9523809523809523,0.5555555555555556,0.5121951219512195,1.067750677506775,0.5203045685279188,0.4796954314720812,0.47290363584155026,0.4772,0.7487,0.97
1499,2026-07-24,CHC,PIT,1,1,-140.0,105.0,0.7142857142857143,1.05,0.5833333333333334,0.4878048780487805,1.071138211382114,0.5445920303605313,0.4554079696394686,0.48641998813862874,0.4772,0.7208,0.96
1500,2026-07-24,NYY,PHI,1,1,-130.0,100.0,0.7692307692307693,1.0,0.5652173913043478,0.5,1.0652173913043477,0.5306122448979592,0.4693877551020409,0.44806638004724353,0.4384,0.8021,1.04
1501,2026-07-24,LAA,SF,1,0,-120.0,-110.0,0.8333333333333334,0.9090909090909091,0.5454545454545454,0.5238095238095238,1.0692640692640691,0.5101214574898786,0.48987854251012153,0.5077937886322147,0.4949,0.678,0.94
1502,2026-07-24,OAK,MIN,1,1,115.0,-150.0,1.15,0.6666666666666666,0.46511627906976744,0.6,1.0651162790697675,0.43668122270742354,0.5633187772925764,0.4940651485690481,0.4788,0.7061,0.97
1503,2026-07-24,SD,MIA,1,1,-115.0,-115.0,0.8695652173913043,0.8695652173913043,0.5348837209302325,0.5348837209302325,1.069767441860465,0.5,0.5,0.3891202228645382,0.405,0.9431,0.95
1504,2026-07-24,ATL,BAL,1,1,-110.0,-115.0,0.9090909090909091,0.8695652173913043,0.5238095238095238,0.5348837209302325,1.0586932447397563,0.4947698744769875,0.5052301255230125,0.48902369131832196,0.4776,0.716,1.06
1505,2026-07-25,CLE,TB,1,1,-115.0,-110.0,0.8695652173913043,0.9090909090909091,0.5348837209302325,0.5238095238095238,1.0586932447397563,0.5052301255230125,0.4947698744769875,0.37396173925637105,0.378,0.9829,0.93
1506,2026-07-25,ARI,WSH,1,1,100.0,-125.0,1.0,0.8,0.5,0.5555555555555556,1.0555555555555556,0.47368421052631576,0.5263157894736842,0.3918716559645022,0.4064,0.9358,0.97
1507,2026-07-25,SD,MIA,1,1,-125.0,-105.0,0.8,0.9523809523809523,0.5555555555555556,0.5121951219512195,1.067750677506775,0.5203045685279188,0.4796954314720812,0.4276005698387714,0.4064,0.8491,0.95
1508,2026-07-25,SEA,TEX,1,0,-140.0,105.0,0.7142857142857143,1.05,0.5833333333333334,0.4878048780487805,1.071138211382114,0.5445920303605313,0.4554079696394686,0.6195170224028109,0.6435,0.4796,1.07
1509,2026-07-25,COL,MIL,1,1,-105.0,-125.0,0.9523809523809523,0.8,0.5121951219512195,0.5555555555555556,1.067750677506775,0.4796954314720812,0.5203045685279188,0.5763080645856248,0.5658,0.5504,1.03
1510,2026-07-25,LAA,SF,1,1,100.0,-130.0,1.0,0.7692307692307693,0.5,0.5652173913043478,1.0652173913043477,0.4693877551020409,0.5306122448979592,0.45087379165059555,0.4384,0.797,0.94
1511,2026-07-25,HOU,CWS,1,1,-110.0,-115.0,0.9090909090909091,0.8695652173913043,0.5238095238095238,0.5348837209302325,1.0586932447397563,0.4947698744769875,0.5052301255230125,0.40618663825385254,0.4064,0.9002,0.98
1512,2026-07-25,LAD,NYM,1,1,-140.0,110.0,0.7142857142857143,1.1,0.5833333333333334,0.47619047619047616,1.0595238095238095,0.550561797752809,0.449438202247191,0.5519777606492863,0.5514,0.5936,0.96
1513,2026-07-25,TOR,BOS,1,1,-155.0,120.0,0.6451612903225806,1.2,0.6078431372549019,0.45454545454545453,1.0623885918003564,0.5721476510067114,0.4278523489932886,0.5954592621986122,0.5685,0.5186,1.05
1514,2026-07-25,ATL,BAL,1,1,105.0,-135.0,1.05,0.7407407407407407,0.4878048780487805,0.574468085106383,1.0622729631551635,0.4592085979482169,0.5407914020517831,0.45682753614682703,0.444,0.784,1.06
1515,2026-07-25,CIN,STL,1,0,-130.0,100.0,0.7692307692307693,1.0,0.5652173913043478,0.5,1.0652173913043477,0.5306122448979592,0.4693877551020409,0.4967100896236238,0.4795,0.6999,0.97
1516,2026-07-25,CHC,PIT,1,1,-155.0,120.0,0.6451612903225806,1.2,0.6078431372549019,0.45454545454545453,1.0623885918003564,0.5721476510067114,0.4278523489932886,0.5107573131938618,0.5124,0.6724,0.96
1517,2026-07-25,KC,DET,1,1,-135.0,105.0,0.7407407407407407,1.05,0.574468085106383,0.4878048780487805,1.0622729631551635,0.5407914020517831,0.4592085979482169,0.5009171310036256,0.4795,0.6904,0.98
1518,2026-07-25,NYY,PHI,1,0,100.0,-130.0,1.0,0.7692307692307693,0.5,0.5652173913043478,1.0652173913043477,0.4693877551020409,0.5306122448979592,0.4375475297260228,0.4249,0.826,1.04
1519,2026-07-25,OAK,MIN,1,1,120.0,-155.0,1.2,0.6451612903225806,0.45454545454545453,0.6078431372549019,1.0623885918003564,0.4278523489932886,0.5721476510067114,0.5350474360586202,0.5479,0.6245,0.97
1520,2026-07-26,SD,MIA,1,1,-105.0,-125.0,0.9523809523809523,0.8,0.5121951219512195,0.5555555555555556,1.067750677506775,0.4796954314720812,0.5203045685279188,0.4411105360901252,0.4336,0.8175,0.95
1521,2026-07-26,CLE,TB,1,1,-140.0,110.0,0.7142857142857143,1.1,0.5833333333333334,0.47619047619047616,1.0595238095238095,0.550561797752809,0.449438202247191,0.46159169651651744,0.4633,0.7724,0.93
1522,2026-07-26,ARI,WSH,1,0,125.0,-160.0,1.25,0.625,0.4444444444444444,0.6153846153846154,1.0598290598290598,0.4193548387096774,0.5806451612903226,0.3680022044392735,0.3677,0.9984,0.97
1523,2026-07-26,HOU,CWS,1,0,105.0,-140.0,1.05,0.7142857142857143,0.4878048780487805,0.5833333333333334,1.071138211382114,0.4554079696394686,0.5445920303605313,0.39050903564373957,0.4064,0.94,0.98
1524,2026-07-26,SEA,TEX,1,0,-150.0,115.0,0.6666666666666666,1.15,0.6,0.46511627906976744,1.0651162790697675,0.5633187772925764,0.43668122270742354,0.6448731490900335,0.6918,0.4392,1.07
1525,2026-07-26,COL,MIL,1,0,-140.0,105.0,0.7142857142857143,1.05,0.5833333333333334,0.4878048780487805,1.071138211382114,0.5445920303605313,0.4554079696394686,0.5767045481246121,0.565,0.5517,1.03
1526,2026-07-26,CIN,STL,1,1,-110.0,-115.0,0.9090909090909091,0.8695652173913043,0.5238095238095238,0.5348837209302325,1.0586932447397563,0.4947698744769875,0.5052301255230125,0.4346651361885906,0.4176,0.8332,0.97
1527,2026-07-26,TOR,BOS,1,1,-140.0,110.0,0.7142857142857143,1.1,0.5833333333333334,0.47619047619047616,1.0595238095238095,0.550561797752809,0.449438202247191,0.5998815695578662,0.5736,0.5115,1.05
1528,2026-07-26,KC,DET,1,0,-110.0,-115.0,0.9090909090909091,0.8695652173913043,0.5238095238095238,0.5348837209302325,1.0586932447397563,0.4947698744769875,0.5052301255230125,0.4934789535488959,0.4786,0.7074,0.98
1529,2026-07-26,LAD,NYM,1,0,-110.0,-120.0,0.9090909090909091,0.8333333333333334,0.5238095238095238,0.5454545454545454,1.0692640692640691,0.48987854251012153,0.5101214574898786,0.5441830373013321,0.5492,0.6078,0.96
1530,2026-07-26,CHC,PIT,1,1,-110.0,-120.0,0.9090909090909091,0.8333333333333334,0.5238095238095238,0.5454545454545454,1.0692640692640691,0.48987854251012153,0.5101214574898786,0.44951190100060595,0.4384,0.8005,0.96
1531,2026-07-26,LAA,SF,1,0,-115.0,-115.0,0.8695652173913043,0.8695652173913043,0.5348837209302325,0.5348837209302325,1.069767441860465,0.5,0.5,0.46524424655765845,0.4753,0.7653,0.94
1532,2026-07-26,ATL,BAL,1,1,-110.0,-120.0,0.9090909090909091,0.8333333333333334,0.5238095238095238,0.5454545454545454,1.0692640692640691,0.48987854251012153,0.5101214574898786,0.4601142976234551,0.4558,0.7769,1.06
1533,2026-07-26,OAK,MIN,1,0,110.0,-145.0,1.1,0.6896551724137931,0.47619047619047616,0.5918367346938775,1.0680272108843538,0.4458598726114649,0.554140127388535,0.48315042941058217,0.4772,0.7263,0.97
1534,2026-07-26,NYY,PHI,1,0,-125.0,-105.0,0.8,0.9523809523809523,0.5555555555555556,0.5121951219512195,1.067750677506775,0.5203045685279188,0.4796954314720812,0.4583166238798015,0.4508,0.7799,1.04
1535,2026-07-27,TOR,WSH,1,1,110.0,-140.0,1.1,0.7142857142857143,0.47619047619047616,0.5833333333333334,1.0595238095238095,0.449438202247191,0.550561797752809,0.3556147382279739,0.344,1.0351,0.97
1536,2026-07-27,HOU,LAA,1,0,-115.0,-115.0,0.8695652173913043,0.8695652173913043,0.5348837209302325,0.5348837209302325,1.069767441860465,0.5,0.5,0.381722253589572,0.3912,0.9632,0.99
1537,2026-07-27,BOS,OAK,1,0,-105.0,-125.0,0.9523809523809523,0.8,0.5121951219512195,0.5555555555555556,1.067750677506775,0.4796954314720812,0.5203045685279188,0.42642434638981525,0.4064,0.8527,0.93
1538,2026-07-27,MIL,SF,1,1,-120.0,-105.0,0.8333333333333334,0.9523809523809523,0.5454545454545454,0.5121951219512195,1.057649667405765,0.5157232704402516,0.48427672955974843,0.42007921229912537,0.4064,0.8675,0.94
1539,2026-07-27,ARI,PIT,1,1,105.0,-135.0,1.05,0.7407407407407407,0.4878048780487805,0.574468085106383,1.0622729631551635,0.4592085979482169,0.5407914020517831,0.4151729522653362,0.4064,0.8798,0.96
1540,2026-07-27,CLE,CIN,1,0,-105.0,-125.0,0.9523809523809523,0.8,0.5121951219512195,0.5555555555555556,1.067750677506775,0.4796954314720812,0.5203045685279188,0.41831858583933473,0.4064,0.8716,1.09
1541,2026-07-27,ATL,NYM,1,0,-105.0,-125.0,0.9523809523809523,0.8,0.5121951219512195,0.5555555555555556,1.067750677506775,0.4796954314720812,0.5203045685279188,0.4447917318541524,0.4384,0.8115,0.96
1542,2026-07-27,SEA,TEX,1,0,-125.0,-105.0,0.8,0.9523809523809523,0.5555555555555556,0.5121951219512195,1.067750677506775,0.5203045685279188,0.4796954314720812,0.5712355532558637,0.56,0.5593,1.07
1543,2026-07-27,BAL,DET,1,0,-120.0,-105.0,0.8333333333333334,0.9523809523809523,0.5454545454545454,0.5121951219512195,1.057649667405765,0.5157232704402516,0.48427672955974843,0.5196110161635976,0.5416,0.6557,0.98
1544,2026-07-27,PHI,MIA,1,0,-130.0,100.0,0.7692307692307693,1.0,0.5652173913043478,0.5,1.0652173913043477,0.5306122448979592,0.4693877551020409,0.4636258382476062,0.4701,0.7683,0.95
1545,2026-07-27,NYY,CWS,1,0,-120.0,-110.0,0.8333333333333334,0.9090909090909091,0.5454545454545454,0.5238095238095238,1.0692640692640691,0.5101214574898786,0.48987854251012153,0.44821478394573727,0.4384,0.802,0.98
1546,2026-07-27,CHC,STL,1,0,110.0,-140.0,1.1,0.7142857142857143,0.47619047619047616,0.5833333333333334,1.0595238095238095,0.449438202247191,0.550561797752809,0.4583075789070907,0.4505,0.7801,0.97
1548,2026-07-28,CLE,CIN,1,0,100.0,-130.0,1.0,0.7692307692307693,0.5,0.5652173913043478,1.0652173913043477,0.4693877551020409,0.5306122448979592,0.4574966198571967,0.4835,0.7821,1.09
