date,season,game_pk,game_number,away_team,home_team,game_time_et,away_pitcher,home_pitcher,away_pitcher_q,home_pitcher_q,away_batting_q,home_batting_q,park_factor,away_proj_runs,home_proj_runs,combined_lambda,nrfi_prob,yrfi_prob,over_1_5_prob,under_1_5_prob,pick_side,pick_strength,pick_label,blended_inputs,created_at,away_era,home_era,away_whip,home_whip,away_fip,home_fip,away_bb9,home_bb9,away_hr9,home_hr9,away_k9,home_k9,away_fi_era,home_fi_era,away_fi_whip,home_fi_whip,away_fi_ip,home_fi_ip,away_obp,home_obp,away_slg,home_slg,away_rpg,home_rpg,actual_result,graded_result,fi_away_runs,fi_home_runs,fi_total_runs,graded_at,market_nrfi_odds,market_yrfi_odds,sportsbook,odds_captured_at,implied_nrfi_prob,implied_yrfi_prob,edge_nrfi,edge_yrfi,edge_on_pick,bet_placed,units_risked,profit_loss_units
2026-04-05,2026,824379,1,PHI,COL,07:10 PM ET,Taijuan Walker,Tomoyuki Sugano,ltd,ltd,live,live,1.22,0.5786,0.8398,1.4184,0.3797,0.6203,0.4145,0.5855,YRFI,STRONG,STRONG YRFI,4,2026-04-25T23:44:22Z,5.882,4.158,1.646,1.255,5.941,5.033,3.56,2.07,2.14,1.83,6.5,6.26,,,,,,,0.305,0.317,0.383,0.405,3.872,4.256,YRFI,WIN,0,3,3,2026-04-25T23:44:23Z,,,,,,,,,,,,
2026-04-05,2026,824460,2,CHC,CLE,05:15 PM ET,Shota Imanaga,Parker Messick,ltd,ltd,live,live,0.96,0.3808,0.3867,0.7675,0.4996,0.5004,0.1796,0.8204,PASS,NO EDGE,PASS - No edge,4,2026-04-25T23:44:22Z,3.074,2.875,0.877,1.102,3.992,3.194,1.72,2.43,1.51,0.76,8.41,8.76,,,,,,,0.343,0.318,0.428,0.394,5.065,4.25,NRFI,PASS,0,0,0,2026-04-25T23:44:23Z,,,,,,,,,,,,
2026-04-05,2026,823566,1,MIA,NYY,05:35 PM ET,Pete Fairbanks,Max Fried,sm,ltd,live,live,1.02,0.3149,0.4483,0.7632,0.4926,0.5074,0.178,0.822,PASS,NO EDGE,PASS - No edge,4,2026-04-25T23:44:22Z,4.153,2.627,1.127,0.933,3.535,2.732,2.55,2.27,1.12,0.43,9.79,7.85,,,,,,,0.331,0.324,0.4,0.418,4.518,4.78,YRFI,PASS,1,3,4,2026-04-25T23:44:23Z,,,,,,,,,,,,
2026-04-05,2026,825025,1,HOU,OAK,08:05 PM ET,Lance McCullers Jr.,Jacob Lopez,ltd,ltd,live,live,0.93,0.5961,0.5615,1.1576,0.512,0.488,0.322,0.678,PASS,NO EDGE,PASS - No edge,4,2026-04-25T23:44:22Z,5.835,4.692,1.504,1.498,4.766,4.87,4.59,4.9,1.41,1.46,9.09,9.09,,,,,,,0.338,0.317,0.428,0.403,4.855,4.327,NRFI,PASS,0,0,0,2026-04-25T23:44:23Z,,,,,,,,,,,,
2026-04-05,2026,822756,1,LAD,WSH,05:35 PM ET,Roki Sasaki,Foster Griffin,sm,ltd,live,live,0.97,0.5092,0.6534,1.1627,0.5398,0.4602,0.3238,0.6762,NRFI,LEAN,LEAN NRFI,4,2026-04-25T23:44:22Z,4.82,3.875,1.458,1.23,5.213,4.444,4.36,2.9,1.63,1.4,8.36,8.37,,,,,,,0.34,0.326,0.449,0.405,4.946,5.134,NRFI,WIN,0,0,0,2026-04-25T23:44:23Z,,,,,,,,,,,,
2026-04-05,2026,823238,1,NYM,SF,08:05 PM ET,Kodai Senga,Logan Webb,sm,ltd,live,live,0.94,0.3105,0.5032,0.8138,0.5122,0.4878,0.1962,0.8038,PASS,NO EDGE,PASS - No edge,4,2026-04-25T23:44:22Z,4.807,4.008,1.484,1.307,4.411,2.792,4.59,2.56,1.31,0.55,9.55,8.8,,,,,,,0.302,0.302,0.37,0.386,3.848,3.756,NRFI,PASS,0,0,0,2026-04-25T23:44:23Z,,,,,,,,,,,,
2026-04-05,2026,824131,1,MIL,KC,06:10 PM ET,Kyle Harrison,Kris Bubic,sm,ltd,live,live,0.96,0.3914,0.4356,0.827,0.5651,0.4349,0.2009,0.7991,NRFI,LEAN,LEAN NRFI,4,2026-04-25T23:44:22Z,3.822,3.214,1.291,1.157,3.941,3.233,3.32,3.49,1.12,0.68,9.22,9.1,,,,,,,0.327,0.312,0.374,0.383,4.652,3.851,YRFI,LOSS,3,0,3,2026-04-25T23:44:23Z,,,,,,,,,,,,
2026-04-05,2026,824296,1,STL,DET,11:20 PM ET,Kyle Leahy,Keider Montero,ltd,ltd,live,live,0.98,0.4059,0.5019,0.9078,0.4795,0.5205,0.2304,0.7696,PASS,NO EDGE,PASS - No edge,4,2026-04-25T23:44:22Z,4.218,4.098,1.398,1.197,4.085,3.685,3.36,2.42,1.0,0.97,7.34,7.52,,,,,,,0.322,0.327,0.398,0.409,4.628,4.413,NRFI,PASS,0,0,0,2026-04-25T23:44:23Z,,,,,,,,,,,,
2026-04-05,2026,823405,1,BAL,PIT,05:35 PM ET,Chris Bassitt,Braxton Ashcraft,ltd,ltd,live,live,0.96,0.3485,0.562,0.9105,0.5478,0.4522,0.2314,0.7686,NRFI,LEAN,LEAN NRFI,4,2026-04-25T23:44:22Z,4.923,2.956,1.582,1.149,4.473,2.873,3.72,2.95,1.2,0.55,7.22,9.42,,,,,,,0.323,0.326,0.405,0.395,4.494,4.661,YRFI,LOSS,0,2,2,2026-04-25T23:44:23Z,,,,,,,,,,,,
2026-04-05,2026,823729,1,TB,MIN,06:10 PM ET,Nick Martinez,Simeon Woods Richardson,ltd,ltd,live,live,0.97,0.5601,0.442,1.002,0.4988,0.5012,0.265,0.735,PASS,NO EDGE,PASS - No edge,4,2026-04-25T23:44:22Z,3.443,4.789,1.163,1.387,4.051,4.95,2.34,3.63,1.07,1.53,6.18,7.12,,,,,,,0.328,0.323,0.4,0.391,4.75,4.685,NRFI,PASS,0,0,0,2026-04-25T23:44:23Z,,,,,,,,,,,,
2026-04-05,2026,824781,1,SD,BOS,05:35 PM ET,Walker Buehler,Ranger Suarez,ltd,ltd,live,live,1.05,0.3991,0.602,1.001,0.4634,0.5366,0.2646,0.7354,YRFI,LEAN,LEAN YRFI,4,2026-04-25T23:44:22Z,5.214,3.522,1.553,1.192,4.614,3.45,4.26,2.37,1.2,0.88,7.39,7.72,,,,,,,0.311,0.315,0.386,0.375,4.335,4.256,NRFI,LOSS,0,0,0,2026-04-25T23:44:23Z,,,,,,,,,,,,
2026-04-05,2026,824620,1,TOR,CWS,06:10 PM ET,Eric Lauer,Davis Martin,ltd,ltd,live,live,0.98,0.3999,0.5356,0.9354,0.4848,0.5152,0.2405,0.7595,PASS,NO EDGE,PASS - No edge,4,2026-04-25T23:44:22Z,4.541,3.186,1.275,1.172,4.785,3.805,3.24,2.6,1.69,0.97,8.42,6.99,,,,,,,0.318,0.319,0.398,0.394,4.213,4.256,YRFI,PASS,0,1,1,2026-04-25T23:44:23Z,,,,,,,,,,,,
2026-04-05,2026,824459,1,CHC,CLE,05:10 PM ET,Edward Cabrera,Slade Cecconi,ltd,ltd,live,live,0.96,0.5702,0.4235,0.9937,0.5107,0.4893,0.2619,0.7381,PASS,NO EDGE,PASS - No edge,4,2026-04-25T23:44:22Z,3.192,5.016,1.209,1.337,3.591,4.947,3.25,3.04,0.9,1.72,8.55,7.43,,,,,,,0.343,0.318,0.428,0.394,5.065,4.25,NRFI,PASS,0,0,0,2026-04-25T23:44:23Z,,,,,,,,,,,,
2026-04-05,2026,822917,1,CIN,TEX,06:35 PM ET,Chase Burns,Jack Leiter,ltd,ltd,live,live,1.07,0.5007,0.4878,0.9885,0.61,0.39,0.26,0.74,NRFI,STRONG,STRONG NRFI,4,2026-04-25T23:44:22Z,3.607,4.288,1.191,1.349,3.779,3.88,3.29,3.97,1.2,1.07,10.28,9.42,,,,,,,0.31,0.315,0.383,0.399,4.208,4.161,NRFI,WIN,0,0,0,2026-04-25T23:44:23Z,,,,,,,,,,,,
2026-04-05,2026,824053,1,SEA,LAA,08:07 PM ET,Luis Castillo,George Klassen,ltd,sm,live,live,0.99,0.5212,0.4622,0.9834,0.468,0.532,0.2581,0.7419,YRFI,LEAN,LEAN YRFI,4,2026-04-25T23:44:22Z,4.078,4.9,1.374,1.477,3.608,4.656,2.74,3.86,1.01,1.29,8.41,9.28,,,,,,,0.323,0.327,0.389,0.396,4.227,4.552,YRFI,WIN,0,1,1,2026-04-25T23:44:23Z,,,,,,,,,,,,
2026-04-05,2026,825102,1,ATL,ARI,08:10 PM ET,Martín Pérez,Brandon Pfaadt,ltd,ltd,live,live,1.0,0.5193,0.4688,0.9881,0.4384,0.5616,0.2598,0.7402,YRFI,LEAN,LEAN YRFI,4,2026-04-25T23:44:22Z,3.456,4.955,1.095,1.291,4.227,4.3,2.92,2.51,1.12,1.35,7.1,7.14,,,,,,,0.333,0.31,0.439,0.416,5.28,4.555,YRFI,WIN,1,1,2,2026-04-25T23:44:23Z,,,,,,,,,,,,
2026-04-25,2026,822826,1,CLE,TOR,07:07 PM ET,Joey Cantillo,Kevin Gausman,ltd,ltd,live,live,1.01,0.3307,0.4865,0.8173,0.5266,0.4734,0.1974,0.8026,PASS,NO EDGE,PASS - No edge,4,2026-04-26T01:53:56Z,3.478,3.114,1.285,1.004,3.749,2.971,3.82,1.96,1.08,0.88,10.04,9.26,,,,,,,0.318,0.318,0.394,0.398,4.25,4.213,NRFI,PASS,0,0,0,2026-04-25T23:14:04Z,,,,,,,,,,,,
2026-04-25,2026,824933,1,PHI,ATL,11:15 PM ET,Zack Wheeler,Bryce Elder,sm,ltd,live,live,0.98,0.3789,0.3867,0.7656,0.4765,0.5235,0.1789,0.8211,PASS,NO EDGE,PASS - No edge,4,2026-04-26T01:53:56Z,2.809,3.713,0.969,1.195,2.771,3.704,2.37,2.72,1.02,0.96,11.66,7.63,,,,,,,0.304,0.333,0.383,0.439,3.851,5.25,YRFI,PASS,1,0,1,2026-04-26T01:51:04Z,,,,,,,,,,,,
2026-04-25,2026,825093,1,SD,ARI,10:05 PM ET,Germán Márquez,Zac Gallen,ltd,ltd,live,live,1.0,0.4495,0.6381,1.0876,0.4342,0.5658,0.2964,0.7036,YRFI,LEAN,LEAN YRFI,4,2026-04-26T01:53:56Z,5.825,4.131,1.571,1.301,5.481,4.057,3.12,2.74,1.86,1.12,6.07,7.05,,,,,,,0.313,0.309,0.388,0.413,4.457,4.555,NRFI,LOSS,0,0,0,2026-04-25T23:14:04Z,,,,,,,,,,,,
2026-04-25,2026,824851,1,BOS,BAL,04:05 PM ET,Garrett Crochet,Trevor Rogers,ltd,ltd,live,live,1.06,0.3833,0.4589,0.8422,0.4977,0.5023,0.2064,0.7936,PASS,NO EDGE,PASS - No edge,4,2026-04-26T01:53:56Z,4.18,3.195,1.219,1.154,3.276,3.176,2.57,2.68,1.24,0.7,11.15,8.33,,,,,,,0.315,0.323,0.375,0.405,4.256,4.494,NRFI,PASS,0,0,0,2026-04-25T23:14:04Z,,,,,,,,,,,,
2026-04-25,2026,823960,1,CHC,LAD,11:15 PM ET,Colin Rea,Roki Sasaki,ltd,ltd,live,live,0.97,0.666,0.5027,1.1687,0.4844,0.5156,0.326,0.674,PASS,NO EDGE,PASS - No edge,4,2026-04-26T01:53:56Z,4.217,5.018,1.262,1.485,3.885,5.449,2.69,4.29,1.08,1.84,7.5,8.54,,,,,,,0.343,0.344,0.43,0.454,5.137,5.208,NRFI,PASS,0,0,0,2026-04-26T01:51:04Z,,,,,,,,,,,,
2026-04-25,2026,824527,1,DET,CIN,11:15 PM ET,Jack Flaherty,Brady Singer,ltd,ltd,live,live,1.09,0.5276,0.6346,1.1622,0.5212,0.4788,0.3237,0.6763,PASS,NO EDGE,PASS - No edge,4,2026-04-26T01:53:56Z,4.906,4.425,1.457,1.4,4.434,4.142,5.07,2.76,1.34,1.24,10.33,7.5,,,,,,,0.326,0.312,0.409,0.386,4.436,4.304,YRFI,PASS,1,4,5,2026-04-26T01:51:04Z,,,,,,,,,,,,
2026-04-25,2026,823637,1,COL,NYM,08:10 PM ET,Jose Quintana,Kodai Senga,sm,sm,live,live,0.96,0.5268,0.5517,1.0784,0.6328,0.3672,0.2931,0.7069,NRFI,STRONG,STRONG NRFI,4,2026-04-26T01:53:56Z,4.517,4.807,1.427,1.484,5.379,4.411,4.12,4.59,1.44,1.31,5.29,9.55,,,,,,,0.317,0.302,0.405,0.37,4.256,3.848,,,,,,,,,,,,,,,,,,
2026-04-25,2026,823229,1,MIA,SF,08:05 PM ET,Eury Pérez,Robbie Ray,ltd,ltd,live,live,0.94,0.4541,0.44,0.8941,0.5537,0.4463,0.2254,0.7746,NRFI,LEAN,LEAN NRFI,4,2026-04-26T01:53:56Z,4.397,3.22,1.226,1.178,4.185,4.006,3.47,3.7,1.41,1.21,9.65,9.34,,,,,,,0.331,0.302,0.4,0.386,4.518,3.756,NRFI,WIN,0,0,0,2026-04-25T23:14:04Z,,,,,,,,,,,,
2026-04-25,2026,824613,1,WSH,CWS,08:10 PM ET,Jake Irvin,Noah Schultz,ltd,sm,live,live,0.98,0.4805,0.5356,1.0161,0.5302,0.4698,0.2702,0.7298,NRFI,LEAN,LEAN NRFI,4,2026-04-26T01:53:56Z,5.341,4.014,1.325,1.212,4.733,3.971,3.22,3.65,1.62,1.03,8.01,9.4,,,,,,,0.326,0.319,0.405,0.394,5.134,4.256,NRFI,WIN,0,0,0,2026-04-25T23:14:04Z,,,,,,,,,,,,
2026-04-25,2026,823070,1,SEA,STL,06:15 PM ET,Bryan Woo,Matthew Liberatore,ltd,ltd,live,live,0.97,0.517,0.3718,0.8888,0.5723,0.4277,0.2234,0.7766,NRFI,LEAN,LEAN NRFI,4,2026-04-26T01:53:56Z,3.369,4.442,0.991,1.413,3.457,4.976,1.65,2.77,1.15,1.67,8.34,6.58,,,,,,,0.323,0.322,0.389,0.398,4.227,4.628,YRFI,LOSS,2,2,4,2026-04-25T23:14:04Z,,,,,,,,,,,,
2026-04-25,2026,822910,1,OAK,TEX,11:05 PM ET,Jeffrey Springs,MacKenzie Gore,ltd,ltd,live,live,1.07,0.5129,0.5117,1.0246,0.6536,0.3464,0.2733,0.7267,NRFI,STRONG,STRONG NRFI,4,2026-04-26T01:53:56Z,3.96,4.249,1.116,1.324,4.356,3.756,2.83,3.94,1.38,1.27,7.57,11.22,,,,,,,0.316,0.315,0.4,0.398,4.375,4.256,NRFI,WIN,0,0,0,2026-04-26T01:51:04Z,,,,,,,,,,,,
2026-04-25,2026,822989,1,MIN,TB,08:10 PM ET,Bailey Ober,Shane McClanahan,ltd,ltd,live,live,0.93,0.4323,0.4688,0.9011,0.5061,0.4939,0.2279,0.7721,PASS,NO EDGE,PASS - No edge,4,2026-04-26T01:53:56Z,4.584,4.094,1.238,1.254,4.274,3.83,2.44,3.76,1.4,0.9,7.48,9.22,,,,,,,0.323,0.328,0.391,0.4,4.685,4.75,NRFI,PASS,0,0,0,2026-04-25T23:14:04Z,,,,,,,,,,,,
2026-04-25,2026,824203,1,NYY,HOU,11:10 PM ET,Ryan Weathers,Mike Burrows,ltd,ltd,live,live,0.99,0.5439,0.4934,1.0374,0.5782,0.4218,0.278,0.722,NRFI,LEAN,LEAN NRFI,4,2026-04-26T01:53:56Z,3.715,4.981,1.242,1.43,3.875,4.399,2.59,3.16,1.35,1.57,9.75,9.26,,,,,,,0.327,0.337,0.424,0.427,4.923,4.878,YRFI,LOSS,0,1,1,2026-04-26T01:51:04Z,,,,,,,,,,,,
2026-04-25,2026,823799,1,PIT,MIL,11:10 PM ET,Mitch Keller,Jacob Misiorowski,ltd,ltd,live,live,1.03,0.4569,0.4361,0.893,0.6527,0.3473,0.225,0.775,NRFI,STRONG,STRONG NRFI,4,2026-04-26T01:53:56Z,3.726,3.852,1.209,1.18,3.433,3.328,2.75,3.66,0.7,1.13,7.18,12.19,,,,,,,0.325,0.326,0.392,0.373,4.756,4.726,NRFI,WIN,0,0,0,2026-04-26T01:51:04Z,,,,,,,,,,,,
2026-04-25,2026,824121,1,LAA,KC,11:10 PM ET,Walbert Urena,Cole Ragans,sm,ltd,live,live,0.96,0.5209,0.5038,1.0247,0.6363,0.3637,0.2733,0.7267,NRFI,STRONG,STRONG NRFI,4,2026-04-26T01:53:56Z,4.322,4.665,1.459,1.321,4.294,4.377,4.11,4.19,1.12,1.6,9.26,11.42,,,,,,,0.325,0.317,0.396,0.384,4.576,4.065,NRFI,WIN,0,0,0,2026-04-26T01:51:04Z,,,,,,,,,,,,
2026-04-01,2026,823157,1,NYY,SEA,08:10 PM ET,Cam Schlittler,George Kirby,ltd,ltd,live,live,0.95,0.3719,0.3164,0.6882,0.6155,0.3845,0.1517,0.8483,NRFI,STRONG,STRONG NRFI,4,2026-04-25T23:39:36Z,2.661,3.597,0.997,1.116,2.7,3.398,2.34,2.07,0.69,1.0,10.11,8.25,,,,,,,0.324,0.323,0.418,0.389,4.78,4.227,YRFI,LOSS,1,0,1,2026-04-25T23:39:36Z,,,,,,,,,,,,
2026-04-01,2026,825106,1,DET,ARI,07:40 PM ET,Tarik Skubal,Zac Gallen,ltd,ltd,live,live,1.0,0.4617,0.2717,0.7333,0.4342,0.5658,0.1675,0.8325,YRFI,LEAN,LEAN YRFI,4,2026-04-25T23:39:36Z,2.452,4.131,0.937,1.301,2.107,4.057,1.51,2.74,0.55,1.12,10.34,7.05,,,,,,,0.327,0.31,0.409,0.416,4.413,4.555,YRFI,WIN,0,1,1,2026-04-25T23:39:36Z,,,,,,,,,,,,
2026-04-01,2026,823321,1,SF,SD,08:10 PM ET,Adrian Houser,Nick Pivetta,ltd,sm,live,live,0.95,0.3022,0.4626,0.7647,0.5695,0.4305,0.1786,0.8214,NRFI,LEAN,LEAN NRFI,4,2026-04-25T23:39:36Z,4.878,3.336,1.476,1.03,4.132,2.785,2.79,2.74,1.0,0.78,6.02,10.6,,,,,,,0.302,0.311,0.386,0.386,3.756,4.335,YRFI,LOSS,0,1,1,2026-04-25T23:39:36Z,,,,,,,,,,,,
2026-04-01,2026,822835,1,COL,TOR,05:07 PM ET,Kyle Freeland,Kevin Gausman,sm,ltd,live,live,1.01,0.3323,0.4397,0.772,0.5266,0.4734,0.1812,0.8188,PASS,NO EDGE,PASS - No edge,4,2026-04-25T23:39:36Z,4.242,3.114,1.329,1.004,3.761,2.971,2.18,1.96,1.05,0.88,7.11,9.26,,,,,,,0.317,0.318,0.405,0.398,4.256,4.213,NRFI,PASS,0,0,0,2026-04-25T23:39:36Z,,,,,,,,,,,,
2026-04-01,2026,824136,1,MIN,KC,11:40 PM ET,Joe Ryan,Noah Cameron,ltd,ltd,live,live,0.96,0.4764,0.3462,0.8226,0.5391,0.4609,0.1993,0.8007,NRFI,LEAN,LEAN NRFI,4,2026-04-25T23:39:36Z,3.634,3.835,1.031,1.266,3.276,4.387,2.14,2.92,1.13,1.39,9.78,7.63,,,,,,,0.323,0.311,0.391,0.381,4.685,3.827,NRFI,WIN,0,0,0,2026-04-25T23:39:36Z,,,,,,,,,,,,
2026-04-01,2026,823483,1,WSH,PHI,05:05 PM ET,Cade Cavalli,Cristopher Sánchez,ltd,ltd,live,live,1.04,0.3832,0.4559,0.8391,0.5352,0.4648,0.2053,0.7947,NRFI,LEAN,LEAN NRFI,4,2026-04-25T23:39:36Z,4.141,2.7,1.462,1.305,3.489,2.5,3.5,2.3,0.77,0.66,9.11,10.45,,,,,,,0.326,0.305,0.405,0.383,5.134,3.872,YRFI,LOSS,0,1,1,2026-04-25T23:39:36Z,,,,,,,,,,,,
2026-04-01,2026,824536,1,PIT,CIN,04:40 PM ET,Paul Skenes,Andrew Abbott,ltd,ltd,live,live,1.09,0.5405,0.3086,0.8491,0.5166,0.4834,0.209,0.791,PASS,NO EDGE,PASS - No edge,4,2026-04-25T23:39:36Z,2.184,4.408,0.853,1.41,2.407,4.153,2.08,3.08,0.57,1.13,9.93,7.24,,,,,,,0.326,0.31,0.395,0.384,4.661,4.208,YRFI,PASS,3,0,3,2026-04-25T23:39:36Z,,,,,,,,,,,,
2026-04-01,2026,824860,1,TEX,BAL,04:35 PM ET,Nathan Eovaldi,Trevor Rogers,ltd,ltd,live,live,1.06,0.3855,0.4751,0.8606,0.4977,0.5023,0.2131,0.7869,PASS,NO EDGE,PASS - No edge,4,2026-04-25T23:39:36Z,3.541,3.195,1.127,1.154,3.931,3.176,1.93,2.68,1.51,0.7,8.94,8.33,,,,,,,0.316,0.323,0.399,0.405,4.161,4.494,NRFI,PASS,0,0,0,2026-04-25T23:39:36Z,,,,,,,,,,,,
2026-04-01,2026,823806,1,TB,MIL,05:40 PM ET,Drew Rasmussen,Jacob Misiorowski,ltd,ltd,live,live,1.03,0.4774,0.4251,0.9025,0.6572,0.3428,0.2284,0.7716,NRFI,STRONG,STRONG NRFI,4,2026-04-25T23:39:36Z,2.64,3.685,0.912,1.176,3.856,3.488,1.91,3.87,1.35,1.2,8.26,12.25,,,,,,,0.328,0.327,0.4,0.375,4.75,4.652,NRFI,WIN,0,0,0,2026-04-25T23:39:36Z,,,,,,,,,,,,
2026-04-01,2026,823970,1,CLE,LAD,12:20 AM ET,Gavin Williams,Yoshinobu Yamamoto,ltd,ltd,live,live,0.97,0.3159,0.5872,0.9031,0.4709,0.5291,0.2286,0.7714,PASS,NO EDGE,PASS - No edge,4,2026-04-25T23:39:36Z,3.163,2.486,1.186,0.945,4.368,2.935,4.65,2.32,1.38,0.78,10.22,9.28,,,,,,,0.318,0.34,0.394,0.449,4.25,4.946,NRFI,PASS,0,0,0,2026-04-25T23:39:36Z,,,,,,,,,,,,
2026-04-01,2026,824698,1,LAA,CHC,06:20 PM ET,Yusei Kikuchi,Matthew Boyd,ltd,sm,live,live,1.0,0.3534,0.5767,0.9301,0.5855,0.4145,0.2386,0.7614,NRFI,LEAN,LEAN NRFI,4,2026-04-25T23:39:36Z,4.923,3.879,1.491,1.103,3.908,2.961,3.86,2.06,1.09,0.87,9.27,9.4,,,,,,,0.327,0.342,0.396,0.426,4.552,5.042,NRFI,WIN,0,0,0,2026-04-25T23:39:36Z,,,,,,,,,,,,
2026-04-01,2026,823078,1,NYM,STL,05:15 PM ET,Freddy Peralta,Matthew Liberatore,ltd,ltd,live,live,0.97,0.4799,0.4507,0.9307,0.5723,0.4277,0.2388,0.7612,NRFI,LEAN,LEAN NRFI,4,2026-04-25T23:39:36Z,3.234,4.442,1.138,1.413,3.562,4.976,3.49,2.77,1.09,1.67,10.27,6.58,,,,,,,0.302,0.322,0.37,0.398,3.848,4.628,NRFI,WIN,0,0,0,2026-04-25T23:39:36Z,,,,,,,,,,,,
2026-04-01,2026,824211,1,BOS,HOU,06:10 PM ET,Garrett Crochet,Mike Burrows,ltd,ltd,live,live,0.99,0.4779,0.4547,0.9326,0.565,0.435,0.2394,0.7606,NRFI,LEAN,LEAN NRFI,4,2026-04-25T23:39:36Z,4.18,4.938,1.219,1.419,3.276,4.207,2.57,3.17,1.24,1.37,11.15,8.87,,,,,,,0.315,0.338,0.375,0.429,4.256,4.855,YRFI,LOSS,1,2,3,2026-04-25T23:39:36Z,,,,,,,,,,,,
2026-04-01,2026,824940,1,OAK,ATL,04:15 PM ET,Luis Severino,Chris Sale,ltd,ltd,live,live,0.98,0.3519,0.5877,0.9396,0.5461,0.4539,0.242,0.758,NRFI,LEAN,LEAN NRFI,4,2026-04-25T23:39:36Z,4.816,2.668,1.414,1.041,4.199,3.084,4.22,2.25,1.01,1.11,7.92,10.66,,,,,,,0.317,0.333,0.403,0.439,4.327,5.28,NRFI,WIN,0,0,0,2026-04-25T23:39:36Z,,,,,,,,,,,,
2026-04-01,2026,823889,1,CWS,MIA,05:10 PM ET,Shane Smith,Sandy Alcantara,sm,ltd,live,live,0.95,0.4125,0.5362,0.9487,0.3824,0.6176,0.2454,0.7546,YRFI,STRONG,STRONG YRFI,4,2026-04-25T23:39:36Z,4.987,4.189,1.422,1.189,4.072,4.046,4.66,2.9,1.06,1.0,9.49,6.61,,,,,,,0.319,0.331,0.394,0.4,4.256,4.518,YRFI,WIN,0,4,4,2026-04-25T23:39:36Z,,,,,,,,,,,,
2026-04-02,2026,823242,1,NYM,SF,01:45 AM ET,David Peterson,Robbie Ray,ltd,ltd,live,live,0.94,0.4054,0.4041,0.8095,0.5537,0.4463,0.1946,0.8054,NRFI,LEAN,LEAN NRFI,4,2026-04-25T23:40:08Z,4.552,3.22,1.481,1.178,3.403,4.006,3.6,3.7,0.63,1.21,8.11,9.34,,,,,,,0.302,0.302,0.37,0.386,3.848,3.756,YRFI,LOSS,1,3,4,2026-04-25T23:40:09Z,,,,,,,,,,,,
2026-04-02,2026,825105,1,ATL,ARI,01:40 AM ET,Reynaldo López,Ryne Nelson,ltd,ltd,live,live,1.0,0.506,0.542,1.048,0.4648,0.5352,0.2819,0.7181,YRFI,LEAN,LEAN YRFI,4,2026-04-25T23:40:08Z,4.041,4.591,1.312,1.198,4.554,4.093,3.58,2.94,1.37,1.26,8.76,8.12,,,,,,,0.333,0.31,0.439,0.416,5.28,4.555,YRFI,WIN,1,0,1,2026-04-25T23:40:09Z,,,,,,,,,,,,
2026-04-02,2026,824621,1,TOR,CWS,08:10 PM ET,Dylan Cease,Sean Burke,ltd,ltd,live,live,0.98,0.492,0.4158,0.9078,0.5315,0.4685,0.2304,0.7696,NRFI,LEAN,LEAN NRFI,4,2026-04-25T23:40:08Z,3.603,4.173,1.315,1.353,2.599,4.404,4.27,3.51,0.69,1.34,13.14,8.12,,,,,,,0.318,0.319,0.398,0.394,4.213,4.256,YRFI,LOSS,0,1,1,2026-04-25T23:40:09Z,,,,,,,,,,,,
2026-04-02,2026,824133,1,MIN,KC,06:10 PM ET,Taj Bradley,Cole Ragans,ltd,ltd,live,live,0.96,0.5356,0.4443,0.98,0.6351,0.3649,0.2569,0.7431,NRFI,STRONG,STRONG NRFI,4,2026-04-25T23:40:08Z,4.065,4.819,1.299,1.359,3.942,4.442,3.5,4.46,1.14,1.56,8.84,11.29,,,,,,,0.323,0.311,0.391,0.381,4.685,3.827,NRFI,WIN,0,0,0,2026-04-25T23:40:09Z,,,,,,,,,,,,
2026-04-03,2026,824056,1,SEA,LAA,01:38 AM ET,Bryan Woo,Reid Detmers,ltd,ltd,live,live,0.99,0.3843,0.3794,0.7637,0.5073,0.4927,0.1782,0.8218,PASS,NO EDGE,PASS - No edge,4,2026-04-25T23:41:35Z,3.369,4.076,0.991,1.195,3.457,3.195,1.65,2.99,1.15,0.86,8.34,10.08,,,,,,,0.323,0.327,0.389,0.396,4.227,4.552,NRFI,PASS,0,0,0,2026-04-25T23:41:35Z,,,,,,,,,,,,
2026-04-03,2026,823240,1,NYM,SF,02:15 AM ET,Nolan McLean,Tyler Mahle,ltd,ltd,live,live,0.94,0.4426,0.3216,0.7643,0.5216,0.4784,0.1784,0.8216,PASS,NO EDGE,PASS - No edge,4,2026-04-25T23:41:35Z,3.055,3.719,0.992,1.332,3.039,4.435,2.74,3.79,0.84,1.27,10.37,8.16,,,,,,,0.302,0.302,0.37,0.386,3.848,3.756,YRFI,PASS,2,0,2,2026-04-25T23:41:35Z,,,,,,,,,,,,
2026-04-03,2026,824621,1,TOR,CWS,06:10 PM ET,Dylan Cease,Grant Taylor,ltd,sm,live,live,0.98,0.3537,0.4158,0.7695,0.5619,0.4381,0.1803,0.8197,NRFI,LEAN,LEAN NRFI,4,2026-04-25T23:41:35Z,3.603,4.102,1.315,1.259,2.599,2.725,4.27,3.05,0.69,0.62,13.14,11.1,,,,,,,0.318,0.319,0.398,0.394,4.213,4.256,YRFI,LOSS,0,1,1,2026-04-25T23:41:35Z,,,,,,,,,,,,
2026-04-03,2026,824377,1,PHI,COL,08:10 PM ET,Aaron Nola,Michael Lorenzen,ltd,ltd,live,live,1.22,0.5633,0.6281,1.1915,0.3969,0.6031,0.3343,0.6657,YRFI,STRONG,STRONG YRFI,4,2026-04-25T23:41:35Z,5.398,5.19,1.38,1.545,4.23,4.35,3.02,2.25,1.52,1.46,9.5,7.26,,,,,,,0.305,0.317,0.383,0.405,3.872,4.256,YRFI,WIN,7,0,7,2026-04-25T23:41:35Z,,,,,,,,,,,,
2026-04-03,2026,825103,1,ATL,ARI,01:45 AM ET,Grant Holmes,Eduardo Rodriguez,ltd,ltd,live,live,1.0,0.603,0.5536,1.1566,0.457,0.543,0.3216,0.6784,YRFI,LEAN,LEAN YRFI,4,2026-04-25T23:41:35Z,3.83,4.143,1.28,1.449,4.489,4.701,4.06,3.65,1.32,1.39,8.44,7.3,,,,,,,0.333,0.31,0.439,0.416,5.28,4.555,NRFI,LOSS,0,0,0,2026-04-25T23:41:35Z,,,,,,,,,,,,
2026-04-03,2026,822758,1,LAD,WSH,05:05 PM ET,Emmet Sheehan,Miles Mikolas,ltd,ltd,live,live,0.97,0.6452,0.4578,1.1031,0.5168,0.4832,0.3021,0.6979,PASS,NO EDGE,PASS - No edge,4,2026-04-25T23:41:35Z,3.92,6.176,1.147,1.51,3.602,5.68,2.93,2.78,1.15,2.06,9.96,5.94,,,,,,,0.34,0.326,0.449,0.405,4.946,5.134,YRFI,PASS,0,3,3,2026-04-25T23:41:35Z,,,,,,,,,,,,
2026-04-03,2026,823406,1,BAL,PIT,08:12 PM ET,Kyle Bradish,Mitch Keller,ltd,ltd,live,live,0.96,0.3818,0.4758,0.8576,0.506,0.494,0.212,0.788,PASS,NO EDGE,PASS - No edge,4,2026-04-25T23:41:35Z,3.834,3.5,1.41,1.173,3.607,3.461,3.62,2.74,0.96,0.73,10.06,7.23,,,,,,,0.323,0.326,0.405,0.395,4.494,4.661,NRFI,PASS,0,0,0,2026-04-25T23:41:35Z,,,,,,,,,,,,
2026-04-03,2026,824299,1,STL,DET,05:10 PM ET,Michael McGreevy,Framber Valdez,ltd,ltd,live,live,0.98,0.4192,0.4426,0.8618,0.4936,0.5064,0.2136,0.7864,PASS,NO EDGE,PASS - No edge,4,2026-04-25T23:41:35Z,3.937,3.545,1.113,1.272,4.284,3.44,1.93,3.42,1.22,0.62,5.7,7.65,,,,,,,0.322,0.327,0.398,0.409,4.628,4.413,NRFI,PASS,0,0,0,2026-04-25T23:41:35Z,,,,,,,,,,,,
2026-04-03,2026,824458,1,CHC,CLE,08:10 PM ET,Cade Horton,Joey Cantillo,sm,ltd,live,live,0.96,0.4929,0.3799,0.8728,0.5644,0.4356,0.2176,0.7824,NRFI,LEAN,LEAN NRFI,4,2026-04-25T23:41:35Z,2.658,3.478,1.043,1.285,3.597,3.749,2.53,3.82,0.85,1.08,7.07,10.04,,,,,,,0.343,0.318,0.428,0.394,5.065,4.25,NRFI,WIN,0,0,0,2026-04-25T23:41:35Z,,,,,,,,,,,,
2026-04-03,2026,824786,1,SD,BOS,06:10 PM ET,Michael King,Sonny Gray,ltd,ltd,live,live,1.05,0.4191,0.4809,0.9,0.4773,0.5227,0.2275,0.7725,PASS,NO EDGE,PASS - No edge,4,2026-04-25T23:41:35Z,3.147,4.287,1.179,1.256,3.807,3.675,3.73,1.92,0.95,1.22,8.95,8.23,,,,,,,0.311,0.315,0.386,0.375,4.335,4.256,NRFI,PASS,0,0,0,2026-04-25T23:41:35Z,,,,,,,,,,,,
2026-04-03,2026,824134,1,MIL,KC,11:45 PM ET,Chad Patrick,Luinder Avila,ltd,sm,live,live,0.96,0.4945,0.4117,0.9062,0.5403,0.4597,0.2298,0.7702,NRFI,LEAN,LEAN NRFI,4,2026-04-25T23:41:35Z,3.102,4.826,1.273,1.478,3.734,4.339,3.06,3.39,0.91,1.24,7.66,8.91,,,,,,,0.327,0.312,0.374,0.383,4.652,3.851,NRFI,WIN,0,0,0,2026-04-25T23:41:35Z,,,,,,,,,,,,
2026-04-03,2026,822919,1,CIN,TEX,08:05 PM ET,Brady Singer,MacKenzie Gore,ltd,ltd,live,live,1.07,0.4875,0.5261,1.0137,0.6542,0.3458,0.2693,0.7307,NRFI,STRONG,STRONG NRFI,4,2026-04-25T23:41:35Z,4.573,4.174,1.413,1.28,4.111,3.741,2.97,3.72,1.19,1.33,7.64,11.31,,,,,,,0.31,0.315,0.383,0.399,4.208,4.161,NRFI,WIN,0,0,0,2026-04-25T23:41:35Z,,,,,,,,,,,,
2026-04-03,2026,823732,1,TB,MIN,08:10 PM ET,Joe Boyle,Bailey Ober,sm,ltd,live,live,0.97,0.4651,0.4762,0.9413,0.4913,0.5087,0.2427,0.7573,PASS,NO EDGE,PASS - No edge,4,2026-04-25T23:41:35Z,4.615,4.584,1.244,1.238,3.811,4.274,3.73,2.44,0.98,1.4,9.42,7.48,,,,,,,0.328,0.323,0.4,0.391,4.75,4.685,YRFI,PASS,2,0,2,2026-04-25T23:41:35Z,,,,,,,,,,,,
2026-04-03,2026,825026,1,HOU,OAK,01:40 AM ET,Cristian Javier,Jeffrey Springs,sm,ltd,live,live,0.93,0.4491,0.5376,0.9866,0.4524,0.5476,0.2593,0.7407,YRFI,LEAN,LEAN YRFI,4,2026-04-25T23:41:35Z,5.851,3.681,1.461,1.083,4.745,4.244,4.26,2.73,1.23,1.33,7.83,7.62,,,,,,,0.338,0.317,0.429,0.403,4.855,4.327,NRFI,LOSS,0,0,0,2026-04-25T23:41:35Z,,,,,,,,,,,,
2026-04-03,2026,823568,1,MIA,NYY,05:35 PM ET,Eury Pérez,Will Warren,ltd,ltd,live,live,1.02,0.4399,0.5446,0.9844,0.5662,0.4338,0.2585,0.7415,NRFI,LEAN,LEAN NRFI,4,2026-04-25T23:41:35Z,4.397,3.631,1.226,1.274,4.185,3.386,3.47,2.92,1.41,1.07,9.65,10.02,,,,,,,0.331,0.324,0.4,0.418,4.518,4.78,YRFI,LOSS,1,2,3,2026-04-25T23:41:35Z,,,,,,,,,,,,
2026-04-04,2026,823239,1,NYM,SF,01:05 AM ET,Clay Holmes,Landen Roupp,ltd,ltd,live,live,0.94,0.3569,0.4006,0.7575,0.5384,0.4616,0.176,0.824,NRFI,LEAN,LEAN NRFI,4,2026-04-25T23:43:01Z,2.917,3.212,1.184,1.274,3.965,3.155,3.34,3.82,0.82,0.57,6.46,9.31,,,,,,,0.302,0.302,0.37,0.386,3.848,3.756,NRFI,WIN,0,0,0,2026-04-25T23:43:02Z,,,,,,,,,,,,
2026-04-04,2026,824622,1,TOR,CWS,06:10 PM ET,Mason Fluharty,Grant Taylor,sm,sm,live,live,0.98,0.3537,0.4544,0.8081,0.5619,0.4381,0.1941,0.8059,NRFI,LEAN,LEAN NRFI,4,2026-04-25T23:43:01Z,4.524,4.102,1.222,1.259,3.751,2.725,3.52,3.05,1.08,0.62,10.08,11.1,,,,,,,0.318,0.319,0.398,0.394,4.213,4.256,YRFI,LOSS,0,1,1,2026-04-25T23:43:02Z,,,,,,,,,,,,
2026-04-04,2026,824134,2,MIL,KC,11:10 PM ET,Logan Henderson,Seth Lugo,sm,ltd,live,live,0.96,0.417,0.4147,0.8317,0.5394,0.4606,0.2026,0.7974,NRFI,LEAN,LEAN NRFI,4,2026-04-25T23:43:01Z,3.946,2.838,1.234,1.133,3.833,3.766,3.05,3.19,1.12,0.94,9.7,7.91,,,,,,,0.327,0.312,0.374,0.383,4.652,3.851,NRFI,WIN,0,0,0,2026-04-25T23:43:02Z,,,,,,,,,,,,
2026-04-04,2026,825027,1,HOU,OAK,08:05 PM ET,Tatsuya Imai,Luis Morales,sm,sm,live,live,0.93,0.6083,0.4954,1.1037,0.5313,0.4687,0.3023,0.6977,NRFI,LEAN,LEAN NRFI,4,2026-04-25T23:43:01Z,4.722,5.055,1.391,1.459,4.158,5.058,4.53,4.2,1.0,1.87,9.81,8.22,,,,,,,0.338,0.317,0.429,0.403,4.855,4.327,YRFI,LOSS,2,0,2,2026-04-25T23:43:02Z,,,,,,,,,,,,
2026-04-04,2026,823404,1,BAL,PIT,08:05 PM ET,Shane Baz,Carmen Mlodzinski,ltd,ltd,live,live,0.96,0.3708,0.4934,0.8642,0.537,0.463,0.2145,0.7855,NRFI,LEAN,LEAN NRFI,4,2026-04-25T23:43:01Z,4.957,3.519,1.421,1.34,3.876,2.914,3.36,2.99,1.09,0.5,8.64,8.77,,,,,,,0.323,0.326,0.405,0.395,4.494,4.661,NRFI,WIN,0,0,0,2026-04-25T23:43:02Z,,,,,,,,,,,,
2026-04-04,2026,824295,1,STL,DET,05:10 PM ET,Dustin May,Jack Flaherty,ltd,ltd,live,live,0.98,0.5558,0.5243,1.0801,0.592,0.408,0.2937,0.7063,NRFI,LEAN,LEAN NRFI,4,2026-04-25T23:43:01Z,5.296,4.704,1.467,1.43,4.238,4.283,3.08,5.15,1.31,1.22,8.02,10.35,,,,,,,0.322,0.327,0.398,0.409,4.628,4.413,YRFI,LOSS,0,3,3,2026-04-25T23:43:02Z,,,,,,,,,,,,
2026-04-04,2026,824054,1,SEA,LAA,01:38 AM ET,Emerson Hancock,Jack Kochanowicz,ltd,ltd,live,live,0.99,0.5793,0.4836,1.063,0.4472,0.5528,0.2874,0.7126,YRFI,LEAN,LEAN YRFI,4,2026-04-25T23:43:01Z,3.941,5.137,1.15,1.514,4.351,4.988,2.33,4.87,1.5,1.1,7.82,6.0,,,,,,,0.323,0.327,0.389,0.396,4.227,4.552,YRFI,WIN,0,1,1,2026-04-25T23:43:02Z,,,,,,,,,,,,
2026-04-04,2026,825104,1,ATL,ARI,11:15 PM ET,Bryce Elder,Michael Soroka,ltd,ltd,live,live,1.0,0.43,0.4547,0.8847,0.4989,0.5011,0.2219,0.7781,PASS,NO EDGE,PASS - No edge,4,2026-04-25T23:43:01Z,3.671,3.697,1.21,1.158,3.772,3.218,2.84,2.69,1.05,0.99,8.04,10.15,,,,,,,0.333,0.31,0.439,0.416,5.28,4.555,NRFI,PASS,0,0,0,2026-04-25T23:43:02Z,,,,,,,,,,,,
2026-04-04,2026,824132,1,MIL,KC,06:10 PM ET,Chad Patrick,Luinder Avila,ltd,sm,live,live,0.96,0.4945,0.4117,0.9062,0.5403,0.4597,0.2298,0.7702,NRFI,LEAN,LEAN NRFI,4,2026-04-25T23:43:01Z,3.102,4.826,1.273,1.478,3.734,4.339,3.06,3.39,0.91,1.24,7.66,8.91,,,,,,,0.327,0.312,0.374,0.383,4.652,3.851,YRFI,LOSS,2,0,2,2026-04-25T23:43:02Z,,,,,,,,,,,,
2026-04-04,2026,824782,1,SD,BOS,08:10 PM ET,Randy Vásquez,Connelly Early,ltd,ltd,live,live,1.05,0.4805,0.4519,0.9324,0.4854,0.5146,0.2394,0.7606,PASS,NO EDGE,PASS - No edge,4,2026-04-25T23:43:01Z,3.03,3.692,1.221,1.277,3.679,4.038,3.12,3.65,0.77,1.02,7.05,8.8,,,,,,,0.311,0.315,0.386,0.375,4.335,4.256,NRFI,PASS,0,0,0,2026-04-25T23:43:02Z,,,,,,,,,,,,
2026-04-04,2026,823730,1,TB,MIN,11:10 PM ET,Steven Matz,Mick Abel,ltd,ltd,live,live,0.97,0.4703,0.4693,0.9396,0.5254,0.4746,0.242,0.758,PASS,NO EDGE,PASS - No edge,4,2026-04-25T23:43:01Z,3.978,4.566,1.182,1.414,4.151,3.738,2.6,3.64,1.35,0.94,8.3,9.39,,,,,,,0.328,0.323,0.4,0.391,4.75,4.685,NRFI,PASS,0,0,0,2026-04-25T23:43:02Z,,,,,,,,,,,,
2026-04-04,2026,822757,1,LAD,WSH,08:05 PM ET,Tyler Glasnow,Jake Irvin,ltd,ltd,live,live,0.97,0.562,0.3936,0.9556,0.562,0.438,0.2479,0.7521,NRFI,LEAN,LEAN NRFI,4,2026-04-25T23:43:01Z,2.993,5.341,0.94,1.325,3.068,4.733,3.04,3.22,0.82,1.62,10.26,8.01,,,,,,,0.34,0.326,0.449,0.405,4.946,5.134,YRFI,LOSS,2,0,2,2026-04-25T23:43:02Z,,,,,,,,,,,,
2026-04-04,2026,824460,1,CHC,CLE,11:15 PM ET,Shota Imanaga,Slade Cecconi,ltd,ltd,live,live,0.96,0.5702,0.3867,0.9569,0.5107,0.4893,0.2484,0.7516,PASS,NO EDGE,PASS - No edge,4,2026-04-25T23:43:01Z,3.074,5.016,0.877,1.337,3.992,4.947,1.72,3.04,1.51,1.72,8.41,7.43,,,,,,,0.343,0.318,0.428,0.394,5.065,4.25,NRFI,PASS,0,0,0,2026-04-25T23:43:02Z,,,,,,,,,,,,
2026-04-04,2026,822920,1,CIN,TEX,11:05 PM ET,Rhett Lowder,Kumar Rocker,ltd,ltd,live,live,1.07,0.4991,0.4581,0.9572,0.5695,0.4305,0.2485,0.7515,NRFI,LEAN,LEAN NRFI,4,2026-04-25T23:43:01Z,3.738,4.505,1.204,1.345,3.796,4.194,2.91,3.27,0.83,1.22,7.51,8.39,,,,,,,0.31,0.315,0.383,0.399,4.208,4.161,YRFI,LOSS,2,0,2,2026-04-25T23:43:02Z,,,,,,,,,,,,
2026-04-04,2026,823569,1,MIA,NYY,11:05 PM ET,Max Meyer,Ryan Weathers,ltd,ltd,live,live,1.02,0.4567,0.518,0.9747,0.5516,0.4484,0.2549,0.7451,NRFI,LEAN,LEAN NRFI,4,2026-04-25T23:43:01Z,4.282,3.758,1.302,1.243,3.871,3.78,3.3,2.71,1.17,1.28,9.56,9.93,,,,,,,0.331,0.324,0.4,0.418,4.518,4.78,YRFI,LOSS,2,0,2,2026-04-25T23:43:02Z,,,,,,,,,,,,
2026-04-04,2026,824378,1,PHI,COL,12:10 AM ET,Jesús Luzardo,Brennan Bernardino,ltd,sm,live,live,1.22,0.4612,0.5023,0.9635,0.4008,0.5992,0.2508,0.7492,YRFI,LEAN,LEAN YRFI,4,2026-04-25T23:43:01Z,5.128,3.116,1.349,1.219,2.928,3.412,2.88,3.41,0.87,0.6,10.75,8.3,,,,,,,0.305,0.317,0.383,0.405,3.872,4.256,YRFI,WIN,1,0,1,2026-04-25T23:43:02Z,,,,,,,,,,,,
2026-04-06,2026,824376,1,HOU,COL,12:40 AM ET,Cody Bolton,Ryan Feltner,sm,ltd,live,live,1.22,0.6963,0.6275,1.3238,0.4165,0.5835,0.3816,0.6184,YRFI,LEAN,LEAN YRFI,4,2026-04-25T23:45:15Z,4.402,4.992,1.322,1.372,4.264,4.777,3.8,3.3,1.19,1.55,9.46,8.25,,,,,,,0.338,0.317,0.428,0.405,4.855,4.256,YRFI,WIN,2,0,2,2026-04-25T23:45:15Z,,,,,,,,,,,,
2026-04-06,2026,822755,1,STL,WSH,10:45 PM ET,Andre Pallante,Zack Littell,ltd,ltd,live,live,0.97,0.6085,0.5902,1.1986,0.5195,0.4805,0.3369,0.6631,PASS,NO EDGE,PASS - No edge,4,2026-04-25T23:45:15Z,4.905,5.253,1.432,1.327,4.628,6.212,4.05,2.06,1.13,2.59,6.55,5.94,,,,,,,0.322,0.326,0.398,0.405,4.628,5.134,YRFI,PASS,0,2,2,2026-04-25T23:45:15Z,,,,,,,,,,,,
2026-04-06,2026,823728,1,DET,MIN,11:40 PM ET,Casey Mize,Joe Ryan,ltd,ltd,live,live,0.97,0.3625,0.4198,0.7823,0.5367,0.4633,0.1849,0.8151,NRFI,LEAN,LEAN NRFI,4,2026-04-25T23:45:15Z,3.308,3.634,1.22,1.031,3.388,3.276,2.6,2.14,1.01,1.13,9.15,9.78,,,,,,,0.327,0.323,0.409,0.391,4.413,4.685,NRFI,WIN,0,0,0,2026-04-25T23:45:15Z,,,,,,,,,,,,
2026-04-06,2026,824052,1,ATL,LAA,01:38 AM ET,Chris Sale,José Soriano,ltd,ltd,live,live,0.99,0.413,0.3847,0.7977,0.4963,0.5037,0.1904,0.8096,PASS,NO EDGE,PASS - No edge,4,2026-04-25T23:45:15Z,2.668,2.323,1.041,1.121,3.084,2.923,2.25,3.67,1.11,0.45,10.66,9.21,,,,,,,0.333,0.327,0.439,0.396,5.28,4.552,YRFI,PASS,1,1,2,2026-04-25T23:45:15Z,,,,,,,,,,,,
2026-04-06,2026,822918,1,SEA,TEX,12:05 AM ET,Logan Gilbert,Jacob deGrom,ltd,ltd,live,live,1.07,0.4025,0.3971,0.7996,0.6255,0.3745,0.1911,0.8089,NRFI,STRONG,STRONG NRFI,4,2026-04-25T23:45:15Z,3.856,2.646,1.138,0.978,2.992,3.428,2.03,2.16,1.12,1.39,10.83,10.78,,,,,,,0.323,0.315,0.389,0.399,4.227,4.161,YRFI,LOSS,1,1,2,2026-04-25T23:45:15Z,,,,,,,,,,,,
2026-04-06,2026,823237,1,PHI,SF,01:45 AM ET,Andrew Painter,Adrian Houser,ltd,ltd,live,live,0.94,0.4147,0.3963,0.811,0.4584,0.5416,0.1952,0.8048,YRFI,LEAN,LEAN YRFI,4,2026-04-25T23:45:15Z,4.594,4.878,1.344,1.476,3.819,4.132,2.72,2.79,1.03,1.0,8.52,6.02,,,,,,,0.305,0.302,0.383,0.386,3.872,3.756,NRFI,LOSS,0,0,0,2026-04-25T23:45:15Z,,,,,,,,,,,,
2026-04-06,2026,824456,1,KC,CLE,10:10 PM ET,Michael Wacha,Tanner Bibee,ltd,ltd,live,live,0.96,0.441,0.3813,0.8223,0.5138,0.4862,0.1992,0.8008,PASS,NO EDGE,PASS - No edge,4,2026-04-25T23:45:15Z,3.259,4.33,1.091,1.324,3.532,4.348,2.55,2.94,0.81,1.4,7.15,7.91,,,,,,,0.312,0.318,0.383,0.394,3.851,4.25,NRFI,PASS,0,0,0,2026-04-25T23:45:15Z,,,,,,,,,,,,
2026-04-06,2026,823401,1,SD,PIT,10:40 PM ET,Germán Márquez,Bubba Chandler,ltd,ltd,live,live,0.96,0.472,0.6266,1.0986,0.5438,0.4562,0.3005,0.6995,NRFI,LEAN,LEAN NRFI,4,2026-04-25T23:45:15Z,5.825,4.426,1.571,1.292,5.481,4.391,3.12,3.83,1.86,1.21,6.07,8.53,,,,,,,0.311,0.326,0.386,0.395,4.335,4.661,NRFI,WIN,0,0,0,2026-04-25T23:45:15Z,,,,,,,,,,,,
2026-04-06,2026,824783,1,MIL,BOS,10:45 PM ET,Brandon Woodruff,Brayan Bello,ltd,ltd,live,live,1.05,0.6693,0.4245,1.0938,0.4725,0.5275,0.2987,0.7013,PASS,NO EDGE,PASS - No edge,4,2026-04-25T23:45:15Z,3.708,5.355,1.044,1.605,3.718,5.454,2.23,3.95,1.25,1.72,9.11,6.51,,,,,,,0.327,0.315,0.374,0.375,4.652,4.256,YRFI,PASS,0,1,1,2026-04-25T23:45:15Z,,,,,,,,,,,,
2026-04-06,2026,823886,1,CIN,MIA,10:40 PM ET,Brandon Williamson,Janson Junk,ltd,ltd,live,live,0.95,0.3149,0.5582,0.8731,0.3502,0.6498,0.2177,0.7823,YRFI,STRONG,STRONG YRFI,4,2026-04-25T23:45:15Z,4.662,3.97,1.354,1.15,4.854,3.294,4.06,1.67,1.29,0.69,7.55,6.17,,,,,,,0.31,0.331,0.383,0.4,4.208,4.518,NRFI,LOSS,0,0,0,2026-04-25T23:45:15Z,,,,,,,,,,,,
2026-04-06,2026,824619,1,BAL,CWS,11:40 PM ET,Brandon Young,Grant Taylor,sm,sm,live,live,0.98,0.3653,0.5116,0.8769,0.5619,0.4381,0.2191,0.7809,NRFI,LEAN,LEAN NRFI,4,2026-04-25T23:45:15Z,4.635,4.102,1.336,1.259,4.568,2.725,3.1,3.05,1.4,0.62,7.78,11.1,,,,,,,0.323,0.319,0.405,0.394,4.494,4.256,NRFI,WIN,0,0,0,2026-04-25T23:45:15Z,,,,,,,,,,,,
2026-04-06,2026,822832,1,LAD,TOR,11:07 PM ET,Justin Wrobleski,Max Scherzer,ltd,sm,live,live,1.01,0.6793,0.3687,1.048,0.5226,0.4774,0.2819,0.7181,PASS,NO EDGE,PASS - No edge,4,2026-04-25T23:45:15Z,3.371,6.383,1.104,1.382,3.242,5.823,2.34,3.02,0.62,2.3,7.32,7.56,,,,,,,0.34,0.318,0.449,0.398,4.946,4.213,YRFI,PASS,2,1,3,2026-04-25T23:45:15Z,,,,,,,,,,,,
2026-04-06,2026,823002,1,CHC,TB,08:10 PM ET,Jameson Taillon,Shane McClanahan,ltd,ltd,live,live,0.93,0.4642,0.5384,1.0026,0.5061,0.4939,0.2652,0.7348,PASS,NO EDGE,PASS - No edge,4,2026-04-25T23:45:15Z,4.032,4.094,1.157,1.254,5.153,3.83,2.73,3.76,1.93,0.9,7.41,9.22,,,,,,,0.342,0.328,0.427,0.4,5.065,4.75,NRFI,PASS,0,0,0,2026-04-25T23:45:15Z,,,,,,,,,,,,
2026-04-07,2026,823402,1,SD,PIT,10:40 PM ET,Nick Pivetta,Paul Skenes,sm,ltd,live,live,0.96,0.2618,0.3596,0.6214,0.5585,0.4415,0.129,0.871,NRFI,LEAN,LEAN NRFI,4,2026-04-25T23:45:40Z,3.336,2.184,1.03,0.853,2.785,2.407,2.74,2.08,0.78,0.57,10.6,9.93,,,,,,,0.311,0.326,0.386,0.395,4.335,4.661,NRFI,WIN,0,0,0,2026-04-25T23:45:40Z,,,,,,,,,,,,
2026-04-07,2026,822831,1,LAD,TOR,11:07 PM ET,Yoshinobu Yamamoto,Kevin Gausman,ltd,ltd,live,live,1.01,0.369,0.3453,0.7143,0.5266,0.4734,0.1608,0.8392,PASS,NO EDGE,PASS - No edge,4,2026-04-25T23:45:40Z,2.486,3.114,0.945,1.004,2.935,2.971,2.32,1.96,0.78,0.88,9.28,9.26,,,,,,,0.34,0.318,0.449,0.398,4.946,4.213,NRFI,PASS,0,0,0,2026-04-25T23:45:40Z,,,,,,,,,,,,
2026-04-07,2026,823235,1,PHI,SF,01:45 AM ET,Cristopher Sánchez,Robbie Ray,ltd,ltd,live,live,0.94,0.4115,0.3119,0.7234,0.5537,0.4463,0.164,0.836,NRFI,LEAN,LEAN NRFI,4,2026-04-25T23:45:40Z,2.7,3.22,1.305,1.178,2.5,4.006,2.3,3.7,0.66,1.21,10.45,9.34,,,,,,,0.305,0.302,0.383,0.386,3.872,3.756,YRFI,LOSS,0,1,1,2026-04-25T23:45:40Z,,,,,,,,,,,,
2026-04-07,2026,823727,1,DET,MIN,11:40 PM ET,Tarik Skubal,Taj Bradley,ltd,ltd,live,live,0.97,0.4652,0.2678,0.733,0.5315,0.4685,0.1673,0.8327,NRFI,LEAN,LEAN NRFI,4,2026-04-25T23:45:40Z,2.452,4.065,0.937,1.299,2.107,3.942,1.51,3.5,0.55,1.14,10.34,8.84,,,,,,,0.327,0.323,0.409,0.391,4.413,4.685,NRFI,WIN,0,0,0,2026-04-25T23:45:40Z,,,,,,,,,,,,
2026-04-07,2026,824375,1,HOU,COL,12:40 AM ET,Mike Burrows,Kyle Freeland,ltd,sm,live,live,1.22,0.5534,0.633,1.1864,0.3841,0.6159,0.3324,0.6676,YRFI,STRONG,STRONG YRFI,4,2026-04-25T23:45:40Z,4.938,4.242,1.436,1.329,4.207,3.761,3.17,2.18,1.37,1.05,8.87,7.11,,,,,,,0.338,0.317,0.428,0.405,4.855,4.256,NRFI,LOSS,0,0,0,2026-04-25T23:45:40Z,,,,,,,,,,,,
2026-04-07,2026,823648,1,ARI,NYM,08:10 PM ET,Zac Gallen,Freddy Peralta,ltd,ltd,live,live,0.96,0.4185,0.4199,0.8384,0.6331,0.3669,0.2051,0.7949,NRFI,STRONG,STRONG NRFI,4,2026-04-25T23:45:40Z,4.131,3.234,1.301,1.138,4.057,3.562,2.74,3.49,1.12,1.09,7.05,10.27,,,,,,,0.31,0.302,0.416,0.37,4.555,3.848,YRFI,LOSS,0,1,1,2026-04-25T23:45:40Z,,,,,,,,,,,,
2026-04-07,2026,823567,1,OAK,NYY,11:05 PM ET,Aaron Civale,Cam Schlittler,ltd,ltd,live,live,1.02,0.3252,0.5193,0.8445,0.5453,0.4547,0.2073,0.7927,NRFI,LEAN,LEAN NRFI,4,2026-04-25T23:45:40Z,4.408,2.661,1.283,0.997,4.147,2.7,2.76,2.34,1.26,0.69,7.77,10.11,,,,,,,0.317,0.324,0.403,0.418,4.327,4.78,NRFI,WIN,0,0,0,2026-04-25T23:45:40Z,,,,,,,,,,,,
2026-04-07,2026,822916,1,SEA,TEX,12:05 AM ET,George Kirby,Nathan Eovaldi,ltd,ltd,live,live,1.07,0.4436,0.4103,0.8539,0.5831,0.4169,0.2107,0.7893,NRFI,LEAN,LEAN NRFI,4,2026-04-25T23:45:40Z,3.597,3.541,1.116,1.127,3.398,3.931,2.07,1.93,1.0,1.51,8.25,8.94,,,,,,,0.323,0.315,0.389,0.399,4.227,4.161,YRFI,LOSS,1,0,1,2026-04-25T23:45:40Z,,,,,,,,,,,,
2026-04-07,2026,824051,1,ATL,LAA,01:38 AM ET,Reynaldo López,Yusei Kikuchi,ltd,ltd,live,live,0.99,0.5489,0.5439,1.0928,0.5143,0.4857,0.2983,0.7017,PASS,NO EDGE,PASS - No edge,4,2026-04-25T23:45:40Z,4.041,4.923,1.312,1.491,4.554,3.908,3.58,3.86,1.37,1.09,8.76,9.27,,,,,,,0.333,0.327,0.439,0.396,5.28,4.552,YRFI,PASS,0,2,2,2026-04-25T23:45:40Z,,,,,,,,,,,,
2026-04-07,2026,823887,1,CIN,MIA,10:40 PM ET,Andrew Abbott,Sandy Alcantara,ltd,ltd,live,live,0.95,0.4036,0.4947,0.8983,0.3824,0.6176,0.2269,0.7731,YRFI,STRONG,STRONG YRFI,4,2026-04-25T23:45:40Z,4.408,4.189,1.41,1.189,4.153,4.046,3.08,2.9,1.13,1.0,7.24,6.61,,,,,,,0.31,0.331,0.383,0.4,4.208,4.518,NRFI,LOSS,0,0,0,2026-04-25T23:45:40Z,,,,,,,,,,,,
2026-04-07,2026,824618,1,BAL,CWS,07:10 PM ET,Trevor Rogers,Shane Smith,ltd,sm,live,live,0.98,0.5202,0.3782,0.8984,0.5719,0.4281,0.2269,0.7731,NRFI,LEAN,LEAN NRFI,4,2026-04-25T23:45:40Z,3.195,4.987,1.154,1.422,3.176,4.072,2.68,4.66,0.7,1.06,8.33,9.49,,,,,,,0.323,0.319,0.405,0.394,4.494,4.256,NRFI,WIN,0,0,0,2026-04-25T23:45:40Z,,,,,,,,,,,,
2026-04-07,2026,822754,1,STL,WSH,10:45 PM ET,Matthew Liberatore,Cade Cavalli,ltd,ltd,live,live,0.97,0.4443,0.5899,1.0342,0.5599,0.4401,0.2768,0.7232,NRFI,LEAN,LEAN NRFI,4,2026-04-25T23:45:40Z,4.442,4.141,1.413,1.462,4.976,3.489,2.77,3.5,1.67,0.77,6.58,9.11,,,,,,,0.322,0.326,0.398,0.405,4.628,5.134,YRFI,LOSS,2,1,3,2026-04-25T23:45:40Z,,,,,,,,,,,,
2026-04-07,2026,824780,1,MIL,BOS,10:45 PM ET,Jacob Misiorowski,Garrett Crochet,ltd,ltd,live,live,1.05,0.434,0.4738,0.9078,0.5556,0.4444,0.2304,0.7696,NRFI,LEAN,LEAN NRFI,4,2026-04-25T23:45:40Z,3.645,4.18,1.179,1.219,3.454,3.276,3.82,2.57,1.18,1.24,12.22,11.15,,,,,,,0.327,0.315,0.374,0.375,4.652,4.256,NRFI,WIN,0,0,0,2026-04-25T23:45:40Z,,,,,,,,,,,,
2026-04-07,2026,824457,1,KC,CLE,05:10 PM ET,Noah Cameron,Gavin Williams,ltd,ltd,live,live,0.96,0.4723,0.4812,0.9534,0.5892,0.4108,0.2471,0.7529,NRFI,LEAN,LEAN NRFI,4,2026-04-25T23:45:40Z,3.835,3.163,1.266,1.186,4.387,4.368,2.92,4.65,1.39,1.38,7.63,10.22,,,,,,,0.312,0.318,0.384,0.394,3.851,4.25,NRFI,WIN,0,0,0,2026-04-25T23:45:40Z,,,,,,,,,,,,
2026-04-07,2026,822999,1,CHC,TB,10:40 PM ET,Javier Assad,Mason Englert,sm,sm,live,live,0.93,0.5068,0.4711,0.9779,0.4964,0.5036,0.2561,0.7439,PASS,NO EDGE,PASS - No edge,4,2026-04-25T23:45:40Z,4.425,4.776,1.212,1.372,4.401,4.456,2.76,2.77,1.23,1.5,7.05,8.56,,,,,,,0.342,0.328,0.427,0.4,5.065,4.75,NRFI,PASS,0,0,0,2026-04-25T23:45:40Z,,,,,,,,,,,,
2026-04-08,2026,824374,1,HOU,COL,07:10 PM ET,Cristian Javier,Michael Lorenzen,sm,ltd,live,live,1.22,0.6519,0.7025,1.3544,0.3969,0.6031,0.3923,0.6077,YRFI,STRONG,STRONG YRFI,4,2026-04-25T23:46:00Z,5.851,5.19,1.461,1.545,4.745,4.35,4.26,2.25,1.23,1.46,7.83,7.26,,,,,,,0.338,0.317,0.428,0.405,4.855,4.256,YRFI,WIN,0,1,1,2026-04-25T23:46:01Z,,,,,,,,,,,,
2026-04-08,2026,822833,1,LAD,TOR,07:07 PM ET,Shohei Ohtani,Dylan Cease,ltd,ltd,live,live,1.01,0.4542,0.3335,0.7877,0.6404,0.3596,0.1868,0.8132,NRFI,STRONG,STRONG NRFI,4,2026-04-25T23:46:00Z,2.442,3.603,1.011,1.315,2.716,2.599,2.41,4.27,0.6,0.69,9.81,13.14,,,,,,,0.34,0.318,0.449,0.398,4.946,4.213,NRFI,WIN,0,0,0,2026-04-25T23:46:01Z,,,,,,,,,,,,
2026-04-08,2026,823403,1,SD,PIT,04:35 PM ET,Michael King,Mitch Keller,ltd,ltd,live,live,0.96,0.3674,0.4656,0.833,0.506,0.494,0.2031,0.7969,PASS,NO EDGE,PASS - No edge,4,2026-04-25T23:46:00Z,3.147,3.5,1.179,1.173,3.807,3.461,3.73,2.74,0.95,0.73,8.95,7.23,,,,,,,0.311,0.326,0.386,0.395,4.335,4.661,NRFI,PASS,0,0,0,2026-04-25T23:46:01Z,,,,,,,,,,,,
2026-04-08,2026,823646,1,ARI,NYM,08:10 PM ET,Ryne Nelson,David Peterson,ltd,ltd,live,live,0.96,0.4312,0.4221,0.8533,0.5752,0.4248,0.2105,0.7895,NRFI,LEAN,LEAN NRFI,4,2026-04-25T23:46:00Z,4.591,4.552,1.198,1.481,4.093,3.403,2.94,3.6,1.26,0.63,8.12,8.11,,,,,,,0.31,0.302,0.416,0.37,4.555,3.848,YRFI,LOSS,1,0,1,2026-04-25T23:46:01Z,,,,,,,,,,,,
2026-04-08,2026,823000,1,CHC,TB,10:40 PM ET,Colin Rea,Joe Boyle,ltd,sm,live,live,0.93,0.4663,0.4095,0.8758,0.5204,0.4796,0.2187,0.7813,PASS,NO EDGE,PASS - No edge,4,2026-04-25T23:46:00Z,3.538,4.615,1.185,1.244,3.665,3.811,2.36,3.73,0.97,0.98,7.33,9.42,,,,,,,0.342,0.328,0.427,0.4,5.065,4.75,YRFI,PASS,1,0,1,2026-04-25T23:46:01Z,,,,,,,,,,,,
2026-04-08,2026,822753,1,STL,WSH,08:05 PM ET,Michael McGreevy,Miles Mikolas,ltd,ltd,live,live,0.97,0.6005,0.4615,1.062,0.5168,0.4832,0.2871,0.7129,PASS,NO EDGE,PASS - No edge,4,2026-04-25T23:46:00Z,3.937,6.176,1.113,1.51,4.284,5.68,1.93,2.78,1.22,2.06,5.7,5.94,,,,,,,0.322,0.326,0.398,0.405,4.628,5.134,NRFI,PASS,0,0,0,2026-04-25T23:46:01Z,,,,,,,,,,,,
2026-04-08,2026,822915,1,SEA,TEX,06:35 PM ET,Bryan Woo,MacKenzie Gore,ltd,ltd,live,live,1.07,0.4991,0.3914,0.8906,0.6542,0.3458,0.2241,0.7759,NRFI,STRONG,STRONG NRFI,4,2026-04-25T23:46:00Z,3.369,4.174,0.991,1.28,3.457,3.741,1.65,3.72,1.15,1.33,8.34,11.31,,,,,,,0.323,0.315,0.389,0.399,4.227,4.161,NRFI,WIN,0,0,0,2026-04-25T23:46:01Z,,,,,,,,,,,,
2026-04-08,2026,823726,1,DET,MIN,11:40 PM ET,Framber Valdez,Bailey Ober,ltd,ltd,live,live,0.97,0.4548,0.4372,0.892,0.4913,0.5087,0.2246,0.7754,PASS,NO EDGE,PASS - No edge,4,2026-04-25T23:46:00Z,3.545,4.584,1.272,1.238,3.44,4.274,3.42,2.44,0.62,1.4,7.65,7.48,,,,,,,0.327,0.323,0.409,0.391,4.413,4.685,YRFI,PASS,0,6,6,2026-04-25T23:46:01Z,,,,,,,,,,,,
2026-04-08,2026,823234,1,PHI,SF,07:45 PM ET,Aaron Nola,Tyler Mahle,ltd,ltd,live,live,0.94,0.4493,0.4491,0.8985,0.5216,0.4784,0.227,0.773,PASS,NO EDGE,PASS - No edge,4,2026-04-25T23:46:00Z,5.398,3.719,1.38,1.332,4.23,4.435,3.02,3.79,1.52,1.27,9.5,8.16,,,,,,,0.305,0.302,0.383,0.386,3.872,3.756,NRFI,PASS,0,0,0,2026-04-25T23:46:01Z,,,,,,,,,,,,
2026-04-08,2026,823564,1,OAK,NYY,11:05 PM ET,Luis Severino,Will Warren,ltd,ltd,live,live,1.02,0.4256,0.5775,1.0031,0.5662,0.4338,0.2654,0.7346,NRFI,LEAN,LEAN NRFI,4,2026-04-25T23:46:00Z,4.816,3.631,1.414,1.274,4.199,3.386,4.22,2.92,1.01,1.07,7.92,10.02,,,,,,,0.317,0.324,0.403,0.418,4.327,4.78,YRFI,LOSS,0,2,2,2026-04-25T23:46:01Z,,,,,,,,,,,,
2026-04-08,2026,823885,1,CIN,MIA,10:40 PM ET,Brady Singer,Eury Pérez,ltd,ltd,live,live,0.95,0.4444,0.4917,0.9361,0.4645,0.5355,0.2408,0.7592,YRFI,LEAN,LEAN YRFI,4,2026-04-25T23:46:00Z,4.573,4.397,1.413,1.226,4.111,4.185,2.97,3.47,1.19,1.41,7.64,9.65,,,,,,,0.31,0.331,0.383,0.4,4.208,4.518,YRFI,WIN,2,2,4,2026-04-25T23:46:01Z,,,,,,,,,,,,
2026-04-08,2026,824050,1,ATL,LAA,08:07 PM ET,Grant Holmes,Reid Detmers,ltd,ltd,live,live,0.99,0.4317,0.5556,0.9873,0.5073,0.4927,0.2596,0.7404,PASS,NO EDGE,PASS - No edge,4,2026-04-25T23:46:00Z,3.83,4.076,1.28,1.195,4.489,3.195,4.06,2.99,1.32,0.86,8.44,10.08,,,,,,,0.333,0.327,0.439,0.396,5.28,4.552,YRFI,PASS,1,0,1,2026-04-25T23:46:01Z,,,,,,,,,,,,
2026-04-08,2026,824779,1,MIL,BOS,05:35 PM ET,Shane Drohan,Sonny Gray,sm,ltd,live,live,1.05,0.4371,0.5131,0.9502,0.4773,0.5227,0.2459,0.7541,PASS,NO EDGE,PASS - No edge,4,2026-04-25T23:46:00Z,4.361,4.287,1.324,1.256,4.204,3.675,3.57,1.92,1.04,1.22,8.48,8.23,,,,,,,0.327,0.315,0.374,0.375,4.652,4.256,NRFI,PASS,0,0,0,2026-04-25T23:46:01Z,,,,,,,,,,,,
2026-04-08,2026,824455,1,KC,CLE,05:10 PM ET,Cole Ragans,Joey Cantillo,ltd,ltd,live,live,0.96,0.4199,0.5411,0.961,0.5644,0.4356,0.2499,0.7501,NRFI,LEAN,LEAN NRFI,4,2026-04-25T23:46:00Z,4.819,3.478,1.359,1.285,4.442,3.749,4.46,3.82,1.56,1.08,11.29,10.04,,,,,,,0.312,0.318,0.384,0.394,3.851,4.25,YRFI,LOSS,0,3,3,2026-04-25T23:46:01Z,,,,,,,,,,,,
2026-04-08,2026,824617,1,BAL,CWS,06:10 PM ET,Kyle Bradish,Sean Burke,ltd,ltd,live,live,0.98,0.5082,0.4656,0.9738,0.5315,0.4685,0.2546,0.7454,NRFI,LEAN,LEAN NRFI,4,2026-04-25T23:46:00Z,3.834,4.173,1.41,1.353,3.607,4.404,3.62,3.51,0.96,1.34,10.06,8.12,,,,,,,0.323,0.319,0.405,0.394,4.494,4.256,NRFI,WIN,0,0,0,2026-04-25T23:46:01Z,,,,,,,,,,,,
2026-04-09,2026,823319,1,COL,SD,01:40 AM ET,Jimmy Herget,Randy Vásquez,sm,ltd,live,live,0.95,0.3962,0.3434,0.7395,0.4895,0.5105,0.1697,0.8303,PASS,NO EDGE,PASS - No edge,4,2026-04-25T23:46:10Z,2.661,3.03,1.116,1.221,3.014,3.679,2.56,3.12,0.63,0.77,8.68,7.05,,,,,,,0.317,0.311,0.405,0.386,4.256,4.335,NRFI,PASS,0,0,0,2026-04-25T23:46:10Z,,,,,,,,,,,,
2026-04-09,2026,823645,1,ARI,NYM,11:10 PM ET,Eduardo Rodriguez,Nolan McLean,ltd,ltd,live,live,0.96,0.3432,0.5031,0.8462,0.609,0.391,0.2079,0.7921,NRFI,STRONG,STRONG NRFI,4,2026-04-25T23:46:10Z,4.143,3.055,1.449,0.992,4.701,3.039,3.65,2.74,1.39,0.84,7.3,10.37,,,,,,,0.31,0.302,0.416,0.37,4.555,3.848,YRFI,LOSS,0,1,1,2026-04-25T23:46:10Z,,,,,,,,,,,,
2026-04-09,2026,823884,1,CIN,MIA,04:10 PM ET,Rhett Lowder,Max Meyer,ltd,ltd,live,live,0.95,0.4227,0.4282,0.8509,0.4491,0.5509,0.2096,0.7904,YRFI,LEAN,LEAN YRFI,4,2026-04-25T23:46:10Z,3.738,4.282,1.204,1.302,3.796,3.871,2.91,3.3,0.83,1.17,7.51,9.56,,,,,,,0.31,0.331,0.383,0.4,4.208,4.518,YRFI,WIN,0,1,1,2026-04-25T23:46:10Z,,,,,,,,,,,,
2026-04-09,2026,823724,1,DET,MIN,05:40 PM ET,Jack Flaherty,Mick Abel,ltd,ltd,live,live,0.97,0.4594,0.5796,1.039,0.5254,0.4746,0.2786,0.7214,PASS,NO EDGE,PASS - No edge,4,2026-04-25T23:46:10Z,4.704,4.566,1.43,1.414,4.283,3.738,5.15,3.64,1.22,0.94,10.35,9.39,,,,,,,0.326,0.323,0.409,0.391,4.413,4.685,NRFI,PASS,0,0,0,2026-04-25T23:46:10Z,,,,,,,,,,,,
2026-04-09,2026,824130,1,CWS,KC,11:40 PM ET,Anthony Kay,Seth Lugo,ltd,ltd,live,live,0.96,0.4033,0.5087,0.912,0.5394,0.4606,0.2319,0.7681,NRFI,LEAN,LEAN NRFI,4,2026-04-25T23:46:10Z,4.672,2.838,1.36,1.133,4.838,3.766,3.74,3.19,1.38,0.94,7.75,7.91,,,,,,,0.319,0.312,0.394,0.384,4.256,3.851,NRFI,WIN,0,0,0,2026-04-25T23:46:10Z,,,,,,,,,,,,
2026-04-09,2026,823565,1,OAK,NYY,05:35 PM ET,Jeffrey Springs,Ryan Weathers,ltd,ltd,live,live,1.02,0.4419,0.5033,0.9452,0.5516,0.4484,0.2441,0.7559,NRFI,LEAN,LEAN NRFI,4,2026-04-25T23:46:10Z,3.681,3.758,1.083,1.243,4.244,3.78,2.73,2.71,1.33,1.28,7.62,9.93,,,,,,,0.317,0.324,0.403,0.418,4.327,4.78,NRFI,WIN,0,0,0,2026-04-25T23:46:10Z,,,,,,,,,,,,
2026-04-10,2026,824128,1,CWS,KC,11:40 PM ET,Davis Martin,Kris Bubic,ltd,ltd,live,live,0.96,0.3786,0.3931,0.7717,0.5651,0.4349,0.1811,0.8189,NRFI,LEAN,LEAN NRFI,4,2026-04-25T23:46:31Z,3.186,3.214,1.172,1.157,3.805,3.233,2.6,3.49,0.97,0.68,6.99,9.1,,,,,,,0.319,0.312,0.394,0.384,4.256,3.851,NRFI,WIN,0,0,0,2026-04-25T23:46:32Z,,,,,,,,,,,,
2026-04-10,2026,823482,1,ARI,PHI,10:40 PM ET,Michael Soroka,Jesús Luzardo,ltd,ltd,live,live,1.04,0.4152,0.3945,0.8096,0.5541,0.4459,0.1947,0.8053,NRFI,LEAN,LEAN NRFI,4,2026-04-25T23:46:31Z,3.697,5.128,1.158,1.349,3.218,2.928,2.69,2.88,0.99,0.87,10.15,10.75,,,,,,,0.31,0.305,0.416,0.383,4.555,3.872,YRFI,LOSS,0,4,4,2026-04-25T23:46:32Z,,,,,,,,,,,,
2026-04-10,2026,824534,1,LAA,CIN,10:45 PM ET,Jack Kochanowicz,Chase Burns,ltd,ltd,live,live,1.09,0.4952,0.655,1.1502,0.5789,0.4211,0.3193,0.6807,NRFI,LEAN,LEAN NRFI,4,2026-04-25T23:46:31Z,5.137,3.607,1.514,1.191,4.988,3.779,4.87,3.29,1.1,1.2,6.0,10.28,,,,,,,0.327,0.31,0.396,0.383,4.552,4.208,NRFI,WIN,0,0,0,2026-04-25T23:46:32Z,,,,,,,,,,,,
2026-04-10,2026,824695,1,PIT,CHC,06:20 PM ET,Carmen Mlodzinski,Shota Imanaga,ltd,ltd,live,live,1.0,0.4002,0.44,0.8402,0.5718,0.4282,0.2057,0.7943,NRFI,LEAN,LEAN NRFI,4,2026-04-25T23:46:31Z,3.519,3.074,1.34,0.877,2.914,3.992,2.99,1.72,0.5,1.51,8.77,8.41,,,,,,,0.326,0.342,0.395,0.427,4.661,5.065,NRFI,WIN,0,0,0,2026-04-25T23:46:32Z,,,,,,,,,,,,
2026-04-10,2026,823968,1,TEX,LAD,02:10 AM ET,Kumar Rocker,Tyler Glasnow,ltd,ltd,live,live,0.97,0.3409,0.5416,0.8825,0.4993,0.5007,0.2211,0.7789,PASS,NO EDGE,PASS - No edge,4,2026-04-25T23:46:31Z,4.505,2.993,1.345,0.94,4.194,3.068,3.27,3.04,1.22,0.82,8.39,10.26,,,,,,,0.315,0.34,0.399,0.449,4.161,4.946,NRFI,PASS,0,0,0,2026-04-25T23:46:32Z,,,,,,,,,,,,
2026-04-10,2026,822829,1,MIN,TOR,11:07 PM ET,Simeon Woods Richardson,Patrick Corbin,ltd,sm,live,live,1.01,0.4812,0.5792,1.0604,0.5057,0.4943,0.2864,0.7136,PASS,NO EDGE,PASS - No edge,4,2026-04-25T23:46:31Z,4.789,4.211,1.387,1.289,4.95,4.139,3.63,2.85,1.53,1.23,7.12,7.6,,,,,,,0.323,0.318,0.391,0.398,4.685,4.213,YRFI,PASS,3,0,3,2026-04-25T23:46:32Z,,,,,,,,,,,,
2026-04-10,2026,823643,1,OAK,NYM,11:10 PM ET,J.T. Ginn,Clay Holmes,ltd,ltd,live,live,0.96,0.4213,0.4697,0.8911,0.5372,0.4628,0.2242,0.7758,NRFI,LEAN,LEAN NRFI,4,2026-04-25T23:46:31Z,4.473,2.917,1.238,1.184,4.597,3.965,3.18,3.34,1.62,0.82,8.8,6.46,,,,,,,0.317,0.302,0.403,0.37,4.327,3.848,NRFI,WIN,0,0,0,2026-04-25T23:46:32Z,,,,,,,,,,,,
2026-04-10,2026,823808,1,WSH,MIL,11:40 PM ET,Jake Irvin,Aaron Ashby,ltd,sm,live,live,1.03,0.456,0.5821,1.0381,0.6155,0.3845,0.2782,0.7218,NRFI,STRONG,STRONG NRFI,4,2026-04-25T23:46:31Z,5.341,3.035,1.325,1.286,4.733,3.065,3.22,3.75,1.62,0.72,8.01,10.95,,,,,,,0.326,0.327,0.405,0.374,5.134,4.652,YRFI,LOSS,2,3,5,2026-04-25T23:46:32Z,,,,,,,,,,,,
2026-04-10,2026,824941,1,CLE,ATL,11:15 PM ET,Slade Cecconi,Bryce Elder,ltd,ltd,live,live,0.98,0.4139,0.6162,1.0301,0.4898,0.5102,0.2753,0.7247,PASS,NO EDGE,PASS - No edge,4,2026-04-25T23:46:31Z,5.016,3.671,1.337,1.21,4.947,3.772,3.04,2.84,1.72,1.05,7.43,8.04,,,,,,,0.318,0.333,0.394,0.439,4.25,5.28,NRFI,PASS,0,0,0,2026-04-25T23:46:32Z,,,,,,,,,,,,
2026-04-10,2026,823318,1,COL,SD,01:40 AM ET,Tomoyuki Sugano,Walker Buehler,ltd,ltd,live,live,0.95,0.5277,0.4974,1.0251,0.5216,0.4784,0.2735,0.7265,PASS,NO EDGE,PASS - No edge,4,2026-04-25T23:46:31Z,4.158,5.214,1.255,1.553,5.033,4.614,2.07,4.26,1.83,1.2,6.26,7.39,,,,,,,0.317,0.311,0.405,0.386,4.256,4.335,NRFI,PASS,0,0,0,2026-04-25T23:46:32Z,,,,,,,,,,,,
2026-04-10,2026,822997,1,NYY,TB,11:10 PM ET,Luis Gil,Steven Matz,sm,ltd,live,live,0.93,0.4376,0.5687,1.0063,0.4942,0.5058,0.2666,0.7334,PASS,NO EDGE,PASS - No edge,4,2026-04-25T23:46:31Z,3.872,3.978,1.28,1.182,5.068,4.151,4.25,2.6,1.38,1.35,7.09,8.3,,,,,,,0.324,0.328,0.418,0.4,4.78,4.75,YRFI,PASS,2,2,4,2026-04-25T23:46:32Z,,,,,,,,,,,,
2026-04-10,2026,824858,1,SF,BAL,11:15 PM ET,Landen Roupp,Shane Baz,ltd,ltd,live,live,1.06,0.4626,0.4686,0.9313,0.524,0.476,0.239,0.761,PASS,NO EDGE,PASS - No edge,4,2026-04-25T23:46:31Z,3.212,4.957,1.274,1.421,3.155,3.876,3.82,3.36,0.57,1.09,9.31,8.64,,,,,,,0.302,0.323,0.386,0.405,3.756,4.494,NRFI,PASS,0,0,0,2026-04-25T23:46:32Z,,,,,,,,,,,,
2026-04-10,2026,824297,1,MIA,DET,10:40 PM ET,Chris Paddack,Keider Montero,ltd,ltd,live,live,0.98,0.4078,0.5353,0.9431,0.4795,0.5205,0.2433,0.7567,PASS,NO EDGE,PASS - No edge,4,2026-04-25T23:46:31Z,5.741,4.098,1.381,1.197,4.763,3.685,2.16,2.42,1.81,0.97,7.5,7.52,,,,,,,0.331,0.326,0.4,0.409,4.518,4.413,NRFI,PASS,0,0,0,2026-04-25T23:46:32Z,,,,,,,,,,,,
2026-04-10,2026,823076,1,BOS,STL,12:15 AM ET,Connelly Early,Dustin May,ltd,ltd,live,live,0.97,0.4712,0.4882,0.9594,0.6019,0.3981,0.2493,0.7507,NRFI,STRONG,STRONG NRFI,4,2026-04-25T23:46:31Z,3.692,5.296,1.277,1.467,4.038,4.238,3.65,3.08,1.02,1.31,8.8,8.02,,,,,,,0.315,0.322,0.375,0.398,4.256,4.628,NRFI,WIN,0,0,0,2026-04-25T23:46:32Z,,,,,,,,,,,,
2026-04-10,2026,823156,1,HOU,SEA,01:40 AM ET,Tatsuya Imai,Emerson Hancock,sm,ltd,live,live,0.95,0.4651,0.5032,0.9683,0.6139,0.3861,0.2526,0.7474,NRFI,STRONG,STRONG NRFI,4,2026-04-25T23:46:31Z,4.722,3.941,1.391,1.15,4.158,4.351,4.53,2.33,1.0,1.5,9.81,7.82,,,,,,,0.338,0.323,0.428,0.389,4.855,4.227,YRFI,LOSS,0,3,3,2026-04-25T23:46:32Z,,,,,,,,,,,,
2026-04-11,2026,822996,1,NYY,TB,10:10 PM ET,Max Fried,Nick Martinez,ltd,ltd,live,live,0.93,0.4121,0.3058,0.7179,0.4428,0.5572,0.162,0.838,YRFI,LEAN,LEAN YRFI,4,2026-04-25T23:46:49Z,2.627,3.443,0.933,1.163,2.732,4.051,2.27,2.34,0.43,1.07,7.85,6.18,,,,,,,0.324,0.328,0.418,0.4,4.78,4.75,NRFI,LOSS,0,0,0,2026-04-25T23:46:49Z,,,,,,,,,,,,
2026-04-11,2026,824294,1,MIA,DET,05:10 PM ET,Janson Junk,Casey Mize,ltd,ltd,live,live,0.98,0.4044,0.3599,0.7643,0.5275,0.4725,0.1785,0.8215,PASS,NO EDGE,PASS - No edge,4,2026-04-25T23:46:49Z,3.97,3.308,1.15,1.22,3.294,3.388,1.67,2.6,0.69,1.01,6.17,9.15,,,,,,,0.331,0.326,0.4,0.409,4.518,4.413,YRFI,PASS,0,2,2,2026-04-25T23:46:49Z,,,,,,,,,,,,
2026-04-11,2026,824535,1,LAA,CIN,08:10 PM ET,George Klassen,Brandon Williamson,sm,ltd,live,live,1.09,0.6063,0.5893,1.1956,0.5171,0.4829,0.3358,0.6642,PASS,NO EDGE,PASS - No edge,4,2026-04-25T23:46:49Z,4.9,4.662,1.477,1.354,4.656,4.854,3.86,4.06,1.29,1.29,9.28,7.55,,,,,,,0.327,0.31,0.396,0.383,4.552,4.208,YRFI,PASS,0,4,4,2026-04-25T23:46:49Z,,,,,,,,,,,,
2026-04-11,2026,823480,1,ARI,PHI,05:05 PM ET,Brandon Pfaadt,Taijuan Walker,ltd,ltd,live,live,1.04,0.6941,0.4764,1.1705,0.4889,0.5111,0.3267,0.6733,PASS,NO EDGE,PASS - No edge,4,2026-04-25T23:46:49Z,4.955,5.882,1.291,1.646,4.3,5.941,2.51,3.56,1.35,2.14,7.14,6.5,,,,,,,0.31,0.305,0.416,0.383,4.555,3.872,YRFI,PASS,2,0,2,2026-04-25T23:46:49Z,,,,,,,,,,,,
2026-04-11,2026,824939,1,CLE,ATL,11:15 PM ET,Parker Messick,Martín Pérez,ltd,ltd,live,live,0.98,0.4267,0.4115,0.8382,0.4572,0.5428,0.205,0.795,YRFI,LEAN,LEAN YRFI,4,2026-04-25T23:46:49Z,2.875,3.456,1.102,1.095,3.194,4.227,2.43,2.92,0.76,1.12,8.76,7.1,,,,,,,0.318,0.333,0.394,0.439,4.25,5.28,YRFI,WIN,1,0,1,2026-04-25T23:46:49Z,,,,,,,,,,,,
2026-04-11,2026,824697,1,PIT,CHC,06:20 PM ET,Braxton Ashcraft,Edward Cabrera,ltd,ltd,live,live,1.0,0.4383,0.4135,0.8518,0.581,0.419,0.2099,0.7901,NRFI,LEAN,LEAN NRFI,4,2026-04-25T23:46:49Z,2.956,3.192,1.149,1.209,2.873,3.591,2.95,3.25,0.55,0.9,9.42,8.55,,,,,,,0.326,0.342,0.395,0.427,4.661,5.065,NRFI,WIN,0,0,0,2026-04-25T23:46:49Z,,,,,,,,,,,,
2026-04-11,2026,823074,1,BOS,STL,11:15 PM ET,Ranger Suarez,Kyle Leahy,ltd,ltd,live,live,0.97,0.451,0.4055,0.8564,0.5769,0.4231,0.2116,0.7884,NRFI,LEAN,LEAN NRFI,4,2026-04-25T23:46:49Z,3.522,4.218,1.192,1.398,3.45,4.085,2.37,3.36,0.88,1.0,7.72,7.34,,,,,,,0.315,0.322,0.375,0.398,4.256,4.628,NRFI,WIN,0,0,0,2026-04-25T23:46:49Z,,,,,,,,,,,,
2026-04-11,2026,823316,1,COL,SD,12:40 AM ET,Ryan Feltner,Germán Márquez,ltd,ltd,live,live,0.95,0.5674,0.5172,1.0846,0.49,0.51,0.2953,0.7047,PASS,NO EDGE,PASS - No edge,4,2026-04-25T23:46:49Z,4.992,5.825,1.372,1.571,4.777,5.481,3.3,3.12,1.55,1.86,8.25,6.07,,,,,,,0.317,0.311,0.405,0.386,4.256,4.335,YRFI,PASS,2,0,2,2026-04-25T23:46:49Z,,,,,,,,,,,,
2026-04-11,2026,823644,1,OAK,NYM,08:10 PM ET,Jacob Lopez,Kodai Senga,ltd,sm,live,live,0.96,0.5293,0.5507,1.0801,0.6328,0.3672,0.2937,0.7063,NRFI,STRONG,STRONG NRFI,4,2026-04-25T23:46:49Z,4.692,4.807,1.498,1.484,4.87,4.411,4.9,4.59,1.46,1.31,9.09,9.55,,,,,,,0.317,0.302,0.403,0.37,4.327,3.848,YRFI,LOSS,0,1,1,2026-04-25T23:46:49Z,,,,,,,,,,,,
2026-04-11,2026,824129,1,CWS,KC,08:10 PM ET,Erick Fedde,Michael Wacha,ltd,ltd,live,live,0.96,0.3632,0.522,0.8851,0.5105,0.4895,0.2221,0.7779,PASS,NO EDGE,PASS - No edge,4,2026-04-25T23:46:49Z,4.669,3.259,1.366,1.091,4.921,3.532,4.1,2.55,1.15,0.81,5.4,7.15,,,,,,,0.319,0.312,0.394,0.384,4.256,3.851,YRFI,PASS,0,1,1,2026-04-25T23:46:49Z,,,,,,,,,,,,
2026-04-11,2026,823805,1,WSH,MIL,11:10 PM ET,Foster Griffin,Kyle Harrison,ltd,sm,live,live,1.03,0.5079,0.5275,1.0354,0.5726,0.4274,0.2773,0.7227,NRFI,LEAN,LEAN NRFI,4,2026-04-25T23:46:49Z,3.875,3.822,1.23,1.291,4.444,3.941,2.9,3.32,1.4,1.12,8.37,9.22,,,,,,,0.326,0.327,0.405,0.374,5.134,4.652,NRFI,WIN,0,0,0,2026-04-25T23:46:49Z,,,,,,,,,,,,
2026-04-11,2026,823155,1,HOU,SEA,01:40 AM ET,Lance McCullers Jr.,Luis Castillo,ltd,ltd,live,live,0.95,0.4445,0.5699,1.0143,0.6274,0.3726,0.2695,0.7305,NRFI,STRONG,STRONG NRFI,4,2026-04-25T23:46:49Z,5.835,4.078,1.504,1.374,4.766,3.608,4.59,2.74,1.41,1.01,9.09,8.41,,,,,,,0.338,0.323,0.428,0.389,4.855,4.227,YRFI,LOSS,0,2,2,2026-04-25T23:46:49Z,,,,,,,,,,,,
2026-04-11,2026,822830,1,MIN,TOR,07:07 PM ET,Joe Ryan,Eric Lauer,ltd,ltd,live,live,1.01,0.5457,0.3834,0.9291,0.5371,0.4629,0.2382,0.7618,NRFI,LEAN,LEAN NRFI,4,2026-04-25T23:46:49Z,3.634,4.541,1.031,1.275,3.276,4.785,2.14,3.24,1.13,1.69,9.78,8.42,,,,,,,0.323,0.318,0.391,0.398,4.685,4.213,YRFI,LOSS,0,2,2,2026-04-25T23:46:49Z,,,,,,,,,,,,
2026-04-11,2026,824857,1,SF,BAL,11:15 PM ET,Logan Webb,Chris Bassitt,ltd,ltd,live,live,1.06,0.5264,0.4077,0.9341,0.4971,0.5029,0.24,0.76,PASS,NO EDGE,PASS - No edge,4,2026-04-25T23:46:49Z,4.008,4.923,1.307,1.582,2.792,4.473,2.56,3.72,0.55,1.2,8.8,7.22,,,,,,,0.302,0.323,0.386,0.405,3.756,4.494,NRFI,PASS,0,0,0,2026-04-25T23:46:49Z,,,,,,,,,,,,
2026-04-11,2026,823967,1,TEX,LAD,01:10 AM ET,Jack Leiter,Emmet Sheehan,ltd,ltd,live,live,0.97,0.3964,0.5434,0.9398,0.4941,0.5059,0.2421,0.7579,PASS,NO EDGE,PASS - No edge,4,2026-04-25T23:46:49Z,4.288,3.92,1.349,1.147,3.88,3.602,3.97,2.93,1.07,1.15,9.42,9.96,,,,,,,0.315,0.34,0.399,0.449,4.161,4.946,YRFI,PASS,1,4,5,2026-04-25T23:46:49Z,,,,,,,,,,,,
2026-04-12,2026,822998,1,NYY,TB,05:40 PM ET,Cam Schlittler,Drew Rasmussen,ltd,ltd,live,live,0.93,0.3751,0.3263,0.7014,0.4932,0.5068,0.1563,0.8437,PASS,NO EDGE,PASS - No edge,4,2026-04-25T23:47:07Z,2.661,2.64,0.997,0.912,2.7,3.856,2.34,1.91,0.69,1.35,10.11,8.26,,,,,,,0.324,0.328,0.418,0.4,4.78,4.75,YRFI,PASS,0,1,1,2026-04-25T23:47:08Z,,,,,,,,,,,,
2026-04-12,2026,824293,1,MIA,DET,05:40 PM ET,Sandy Alcantara,Tarik Skubal,ltd,ltd,live,live,0.98,0.258,0.4613,0.7192,0.5324,0.4676,0.1625,0.8375,NRFI,LEAN,LEAN NRFI,4,2026-04-25T23:47:07Z,4.189,2.452,1.189,0.937,4.046,2.107,2.9,1.51,1.0,0.55,6.61,10.34,,,,,,,0.331,0.326,0.4,0.409,4.518,4.413,YRFI,LOSS,0,3,3,2026-04-25T23:47:08Z,,,,,,,,,,,,
2026-04-12,2026,823317,1,COL,SD,08:10 PM ET,Kyle Freeland,Nick Pivetta,sm,sm,live,live,0.95,0.3256,0.4111,0.7367,0.5695,0.4305,0.1686,0.8314,NRFI,LEAN,LEAN NRFI,4,2026-04-25T23:47:07Z,4.242,3.336,1.329,1.03,3.761,2.785,2.18,2.74,1.05,0.78,7.11,10.6,,,,,,,0.317,0.311,0.405,0.386,4.256,4.335,YRFI,LOSS,0,1,1,2026-04-25T23:47:08Z,,,,,,,,,,,,
2026-04-12,2026,823075,1,BOS,STL,06:15 PM ET,Brayan Bello,Andre Pallante,ltd,ltd,live,live,0.97,0.5086,0.652,1.1606,0.5757,0.4243,0.3231,0.6769,NRFI,LEAN,LEAN NRFI,4,2026-04-25T23:47:07Z,5.355,4.905,1.605,1.432,5.454,4.628,3.95,4.05,1.72,1.13,6.51,6.55,,,,,,,0.315,0.322,0.375,0.398,4.256,4.628,YRFI,LOSS,2,0,2,2026-04-25T23:47:08Z,,,,,,,,,,,,
2026-04-12,2026,824126,1,CWS,KC,06:10 PM ET,Grant Taylor,Noah Cameron,sm,ltd,live,live,0.96,0.4583,0.3477,0.8059,0.5391,0.4609,0.1933,0.8067,NRFI,LEAN,LEAN NRFI,4,2026-04-25T23:47:07Z,4.102,3.835,1.259,1.266,2.725,4.387,3.05,2.92,0.62,1.39,11.1,7.63,,,,,,,0.319,0.312,0.394,0.384,4.256,3.851,NRFI,WIN,0,0,0,2026-04-25T23:47:08Z,,,,,,,,,,,,
2026-04-12,2026,824696,1,PIT,CHC,06:20 PM ET,Bubba Chandler,Jameson Taillon,ltd,ltd,live,live,1.0,0.5442,0.582,1.1262,0.5697,0.4303,0.3105,0.6895,NRFI,LEAN,LEAN NRFI,4,2026-04-25T23:47:07Z,4.426,4.032,1.292,1.157,4.391,5.153,3.83,2.73,1.21,1.93,8.53,7.41,,,,,,,0.326,0.342,0.395,0.427,4.661,5.065,YRFI,LOSS,1,0,1,2026-04-25T23:47:08Z,,,,,,,,,,,,
2026-04-12,2026,822828,1,MIN,TOR,05:37 PM ET,Taj Bradley,Max Scherzer,ltd,sm,live,live,1.01,0.6336,0.492,1.1257,0.5226,0.4774,0.3104,0.6896,PASS,NO EDGE,PASS - No edge,4,2026-04-25T23:47:07Z,4.065,6.383,1.299,1.382,3.942,5.823,3.5,3.02,1.14,2.3,8.84,7.56,,,,,,,0.323,0.318,0.391,0.398,4.685,4.213,YRFI,PASS,0,1,1,2026-04-25T23:47:08Z,,,,,,,,,,,,
2026-04-12,2026,823804,1,WSH,MIL,06:10 PM ET,Zack Littell,Brandon Woodruff,ltd,ltd,live,live,1.03,0.4372,0.6771,1.1144,0.5674,0.4326,0.3062,0.6938,NRFI,LEAN,LEAN NRFI,4,2026-04-25T23:47:07Z,5.253,3.708,1.327,1.044,6.212,3.718,2.06,2.23,2.59,1.25,5.94,9.11,,,,,,,0.326,0.327,0.405,0.374,5.134,4.652,NRFI,WIN,0,0,0,2026-04-25T23:47:08Z,,,,,,,,,,,,
2026-04-12,2026,823642,1,OAK,NYM,05:40 PM ET,Aaron Civale,Freddy Peralta,ltd,ltd,live,live,0.96,0.4125,0.428,0.8405,0.6331,0.3669,0.2058,0.7942,NRFI,STRONG,STRONG NRFI,4,2026-04-25T23:47:07Z,4.408,3.234,1.283,1.138,4.147,3.562,2.76,3.49,1.26,1.09,7.77,10.27,,,,,,,0.317,0.302,0.403,0.37,4.327,3.848,NRFI,WIN,0,0,0,2026-04-25T23:47:08Z,,,,,,,,,,,,
2026-04-12,2026,823154,1,HOU,SEA,08:10 PM ET,Cody Bolton,Logan Gilbert,sm,ltd,live,live,0.95,0.3702,0.4878,0.8579,0.674,0.326,0.2122,0.7878,NRFI,STRONG,STRONG NRFI,4,2026-04-25T23:47:07Z,4.402,3.856,1.322,1.138,4.264,2.992,3.8,2.03,1.19,1.12,9.46,10.83,,,,,,,0.338,0.323,0.428,0.389,4.855,4.227,YRFI,LOSS,0,1,1,2026-04-25T23:47:08Z,,,,,,,,,,,,
2026-04-12,2026,824938,1,CLE,ATL,11:20 PM ET,Tanner Bibee,Chris Sale,ltd,ltd,live,live,0.98,0.3489,0.5596,0.9085,0.5461,0.4539,0.2306,0.7694,NRFI,LEAN,LEAN NRFI,4,2026-04-25T23:47:07Z,4.33,2.668,1.324,1.041,4.348,3.084,2.94,2.25,1.4,1.11,7.91,10.66,,,,,,,0.318,0.333,0.394,0.439,4.25,5.28,NRFI,WIN,0,0,0,2026-04-25T23:47:08Z,,,,,,,,,,,,
2026-04-12,2026,823479,1,ARI,PHI,05:35 PM ET,Zac Gallen,Zach Pop,ltd,sm,live,live,1.04,0.463,0.4617,0.9247,0.4801,0.5199,0.2366,0.7634,PASS,NO EDGE,PASS - No edge,4,2026-04-25T23:47:07Z,4.131,4.122,1.301,1.226,4.057,3.97,2.74,3.12,1.12,1.02,7.05,8.7,,,,,,,0.31,0.305,0.416,0.383,4.555,3.872,NRFI,PASS,0,0,0,2026-04-25T23:47:08Z,,,,,,,,,,,,
2026-04-12,2026,824859,1,SF,BAL,05:35 PM ET,Adrian Houser,Cade Povich,ltd,sm,live,live,1.06,0.463,0.5363,0.9993,0.5176,0.4824,0.264,0.736,PASS,NO EDGE,PASS - No edge,4,2026-04-25T23:47:07Z,4.878,4.458,1.476,1.364,4.132,4.039,2.79,3.15,1.0,1.21,6.02,8.45,,,,,,,0.302,0.323,0.386,0.405,3.756,4.494,YRFI,PASS,0,2,2,2026-04-25T23:47:08Z,,,,,,,,,,,,
2026-04-12,2026,823966,1,TEX,LAD,08:10 PM ET,Jacob deGrom,Roki Sasaki,ltd,sm,live,live,0.97,0.5658,0.4266,0.9924,0.4756,0.5244,0.2615,0.7385,PASS,NO EDGE,PASS - No edge,4,2026-04-25T23:47:07Z,2.646,4.82,0.978,1.458,3.428,5.213,2.16,4.36,1.39,1.63,10.78,8.36,,,,,,,0.315,0.34,0.399,0.449,4.161,4.946,YRFI,PASS,0,1,1,2026-04-25T23:47:08Z,,,,,,,,,,,,
2026-04-12,2026,824533,1,LAA,CIN,05:40 PM ET,José Soriano,Andrew Abbott,ltd,ltd,live,live,1.09,0.5373,0.4157,0.9531,0.5166,0.4834,0.247,0.753,PASS,NO EDGE,PASS - No edge,4,2026-04-25T23:47:07Z,2.323,4.408,1.121,1.41,2.923,4.153,3.67,3.08,0.45,1.13,9.21,7.24,,,,,,,0.327,0.31,0.396,0.383,4.552,4.208,YRFI,PASS,3,0,3,2026-04-25T23:47:08Z,,,,,,,,,,,,
2026-04-13,2026,823964,1,NYM,LAD,02:10 AM ET,David Peterson,Justin Wrobleski,ltd,ltd,live,live,0.97,0.3141,0.499,0.8131,0.4115,0.5885,0.1959,0.8041,YRFI,LEAN,LEAN YRFI,4,2026-04-25T23:47:22Z,4.552,3.371,1.481,1.104,3.403,3.242,3.6,2.34,0.63,0.62,8.11,7.32,,,,,,,0.302,0.34,0.37,0.449,3.848,4.946,YRFI,WIN,0,1,1,2026-04-25T23:47:22Z,,,,,,,,,,,,
2026-04-13,2026,823400,1,WSH,PIT,10:40 PM ET,PJ Poulin,Paul Skenes,sm,ltd,live,live,0.96,0.2872,0.545,0.8322,0.5585,0.4415,0.2028,0.7972,NRFI,LEAN,LEAN NRFI,4,2026-04-25T23:47:22Z,4.17,2.184,1.339,0.853,4.649,2.407,3.82,2.08,1.32,0.57,8.25,9.93,,,,,,,0.326,0.326,0.405,0.395,5.134,4.661,YRFI,LOSS,1,0,1,2026-04-25T23:47:22Z,,,,,,,,,,,,
2026-04-13,2026,823725,1,BOS,MIN,11:40 PM ET,Garrett Crochet,Bailey Ober,ltd,ltd,live,live,0.97,0.4341,0.4237,0.8578,0.4913,0.5087,0.2121,0.7879,PASS,NO EDGE,PASS - No edge,4,2026-04-25T23:47:22Z,4.18,4.584,1.219,1.238,3.276,4.274,2.57,2.44,1.24,1.4,11.15,7.48,,,,,,,0.315,0.323,0.375,0.391,4.256,4.685,YRFI,PASS,0,4,4,2026-04-25T23:47:22Z,,,,,,,,,,,,
2026-04-13,2026,823481,1,CHC,PHI,10:40 PM ET,Javier Assad,Cristopher Sánchez,sm,ltd,live,live,1.04,0.3934,0.4712,0.8646,0.5352,0.4648,0.2146,0.7854,NRFI,LEAN,LEAN NRFI,4,2026-04-25T23:47:22Z,4.425,2.7,1.212,1.305,4.401,2.5,2.76,2.3,1.23,0.66,7.05,10.45,,,,,,,0.342,0.305,0.427,0.383,5.065,3.872,YRFI,LOSS,0,1,1,2026-04-25T23:47:22Z,,,,,,,,,,,,
2026-04-13,2026,824937,1,MIA,ATL,11:15 PM ET,Eury Pérez,Grant Holmes,ltd,ltd,live,live,0.98,0.5257,0.5542,1.0799,0.5198,0.4802,0.2936,0.7064,PASS,NO EDGE,PASS - No edge,4,2026-04-25T23:47:22Z,4.397,3.83,1.226,1.28,4.185,4.489,3.47,4.06,1.41,1.32,9.65,8.44,,,,,,,0.331,0.333,0.4,0.439,4.518,5.28,NRFI,PASS,0,0,0,2026-04-25T23:47:22Z,,,,,,,,,,,,
2026-04-13,2026,823153,1,HOU,SEA,08:10 PM ET,Mike Burrows,George Kirby,ltd,ltd,live,live,0.95,0.3825,0.4921,0.8745,0.6155,0.3845,0.2182,0.7818,NRFI,STRONG,STRONG NRFI,4,2026-04-25T23:47:22Z,4.938,3.597,1.436,1.116,4.207,3.398,3.17,2.07,1.37,1.0,8.87,8.25,,,,,,,0.338,0.323,0.428,0.389,4.855,4.227,YRFI,LOSS,0,3,3,2026-04-25T23:47:22Z,,,,,,,,,,,,
2026-04-13,2026,825024,1,TEX,OAK,01:40 AM ET,Nathan Eovaldi,Luis Severino,ltd,ltd,live,live,0.93,0.4667,0.4092,0.8759,0.4711,0.5289,0.2187,0.7813,PASS,NO EDGE,PASS - No edge,4,2026-04-25T23:47:22Z,3.541,4.816,1.127,1.414,3.931,4.199,1.93,4.22,1.51,1.01,8.94,7.92,,,,,,,0.315,0.318,0.399,0.404,4.161,4.351,YRFI,PASS,3,0,3,2026-04-25T23:47:22Z,,,,,,,,,,,,
2026-04-13,2026,823073,1,CLE,STL,11:45 PM ET,Gavin Williams,Matthew Liberatore,ltd,ltd,live,live,0.97,0.5154,0.5465,1.0619,0.5723,0.4277,0.287,0.713,NRFI,LEAN,LEAN NRFI,4,2026-04-25T23:47:22Z,3.163,4.442,1.186,1.413,4.368,4.976,4.65,2.77,1.38,1.67,10.22,6.58,,,,,,,0.318,0.322,0.394,0.398,4.25,4.628,YRFI,LOSS,1,1,2,2026-04-25T23:47:22Z,,,,,,,,,,,,
2026-04-13,2026,823563,1,LAA,NYY,11:05 PM ET,Yusei Kikuchi,Will Warren,ltd,ltd,live,live,1.02,0.4377,0.5615,0.9992,0.5662,0.4338,0.264,0.736,NRFI,LEAN,LEAN NRFI,4,2026-04-25T23:47:22Z,4.923,3.631,1.491,1.274,3.908,3.386,3.86,2.92,1.09,1.07,9.27,10.02,,,,,,,0.327,0.324,0.396,0.418,4.552,4.78,YRFI,LOSS,0,2,2,2026-04-25T23:47:22Z,,,,,,,,,,,,
2026-04-13,2026,824856,1,ARI,BAL,10:35 PM ET,Ryne Nelson,Dean Kremer,ltd,sm,live,live,1.06,0.4816,0.5162,0.9978,0.5217,0.4783,0.2634,0.7366,PASS,NO EDGE,PASS - No edge,4,2026-04-25T23:47:22Z,4.591,4.168,1.198,1.145,4.093,4.237,2.94,2.21,1.26,1.61,8.12,8.68,,,,,,,0.31,0.323,0.416,0.405,4.555,4.494,YRFI,PASS,1,0,1,2026-04-25T23:47:22Z,,,,,,,,,,,,
2026-04-14,2026,823965,1,NYM,LAD,02:10 AM ET,Nolan McLean,Yoshinobu Yamamoto,ltd,ltd,live,live,0.97,0.2942,0.3971,0.6913,0.4709,0.5291,0.1528,0.8472,PASS,NO EDGE,PASS - No edge,4,2026-04-25T23:47:42Z,3.055,2.486,0.992,0.945,3.039,2.935,2.74,2.32,0.84,0.78,10.37,9.28,,,,,,,0.302,0.34,0.37,0.449,3.848,4.946,YRFI,PASS,1,1,2,2026-04-25T23:47:42Z,,,,,,,,,,,,
2026-04-14,2026,823315,1,SEA,SD,01:40 AM ET,Bryan Woo,Michael King,ltd,ltd,live,live,0.95,0.4209,0.3485,0.7694,0.5379,0.4621,0.1803,0.8197,NRFI,LEAN,LEAN NRFI,4,2026-04-25T23:47:42Z,3.369,3.147,0.991,1.179,3.457,3.807,1.65,3.73,1.15,0.95,8.34,8.95,,,,,,,0.323,0.312,0.389,0.387,4.227,4.335,NRFI,WIN,0,0,0,2026-04-25T23:47:42Z,,,,,,,,,,,,
2026-04-14,2026,823802,1,TOR,MIL,11:40 PM ET,Kevin Gausman,Jacob Misiorowski,ltd,ltd,live,live,1.03,0.4476,0.3671,0.8147,0.6558,0.3442,0.1965,0.8035,NRFI,STRONG,STRONG NRFI,4,2026-04-25T23:47:42Z,3.114,3.645,1.004,1.179,2.971,3.454,1.96,3.82,0.88,1.18,9.26,12.22,,,,,,,0.318,0.327,0.398,0.374,4.213,4.652,NRFI,WIN,0,0,0,2026-04-25T23:47:42Z,,,,,,,,,,,,
2026-04-14,2026,823723,1,BOS,MIN,11:40 PM ET,Sonny Gray,Mick Abel,ltd,ltd,live,live,0.97,0.4389,0.4267,0.8656,0.5254,0.4746,0.215,0.785,PASS,NO EDGE,PASS - No edge,4,2026-04-25T23:47:42Z,4.287,4.566,1.256,1.414,3.675,3.738,1.92,3.64,1.22,0.94,8.23,9.39,,,,,,,0.315,0.323,0.375,0.391,4.256,4.685,YRFI,PASS,0,1,1,2026-04-25T23:47:42Z,,,,,,,,,,,,
2026-04-14,2026,825022,1,TEX,OAK,01:40 AM ET,MacKenzie Gore,Jeffrey Springs,ltd,ltd,live,live,0.93,0.4067,0.4694,0.8761,0.4524,0.5476,0.2188,0.7812,YRFI,LEAN,LEAN YRFI,4,2026-04-25T23:47:42Z,4.174,3.681,1.309,1.083,3.785,4.244,3.85,2.73,1.33,1.33,11.31,7.62,,,,,,,0.315,0.318,0.399,0.404,4.161,4.351,YRFI,WIN,1,0,1,2026-04-25T23:47:42Z,,,,,,,,,,,,
2026-04-14,2026,823072,1,CLE,STL,11:45 PM ET,Joey Cantillo,Michael McGreevy,ltd,ltd,live,live,0.97,0.4032,0.4859,0.8891,0.5267,0.4733,0.2235,0.7765,PASS,NO EDGE,PASS - No edge,4,2026-04-25T23:47:42Z,3.478,3.937,1.285,1.113,3.749,4.284,3.82,1.93,1.08,1.22,10.04,5.7,,,,,,,0.318,0.322,0.394,0.398,4.25,4.628,YRFI,PASS,1,1,2,2026-04-25T23:47:42Z,,,,,,,,,,,,
2026-04-14,2026,824210,1,COL,HOU,12:10 AM ET,Michael Lorenzen,Spencer Arrighetti,ltd,sm,live,live,0.99,0.4895,0.5561,1.0456,0.5592,0.4408,0.281,0.719,NRFI,LEAN,LEAN NRFI,4,2026-04-25T23:47:42Z,5.19,4.086,1.545,1.332,4.35,4.168,2.25,4.25,1.46,1.02,7.26,9.06,,,,,,,0.317,0.338,0.405,0.428,4.256,4.855,YRFI,LOSS,1,0,1,2026-04-25T23:47:42Z,,,,,,,,,,,,
2026-04-14,2026,823562,1,LAA,NYY,11:05 PM ET,Reid Detmers,Ryan Weathers,ltd,ltd,live,live,1.02,0.4545,0.4416,0.896,0.5516,0.4484,0.2261,0.7739,NRFI,LEAN,LEAN NRFI,4,2026-04-25T23:47:42Z,4.076,3.758,1.195,1.243,3.195,3.78,2.99,2.71,0.86,1.28,10.08,9.93,,,,,,,0.327,0.324,0.396,0.418,4.552,4.78,YRFI,LOSS,3,0,3,2026-04-25T23:47:42Z,,,,,,,,,,,,
2026-04-14,2026,824935,1,MIA,ATL,11:15 PM ET,Max Meyer,Reynaldo López,ltd,ltd,live,live,0.98,0.5146,0.5272,1.0418,0.499,0.501,0.2796,0.7204,PASS,NO EDGE,PASS - No edge,4,2026-04-25T23:47:42Z,4.282,4.041,1.302,1.312,3.871,4.554,3.3,3.58,1.17,1.37,9.56,8.76,,,,,,,0.331,0.333,0.4,0.439,4.518,5.28,YRFI,PASS,1,0,1,2026-04-25T23:47:42Z,,,,,,,,,,,,
2026-04-14,2026,823478,1,CHC,PHI,10:40 PM ET,Riley Martin,Aaron Nola,sm,ltd,live,live,1.04,0.5665,0.4449,1.0115,0.5352,0.4648,0.2685,0.7315,NRFI,LEAN,LEAN NRFI,4,2026-04-25T23:47:42Z,3.856,5.398,1.181,1.38,3.994,4.23,2.87,3.02,1.19,1.52,9.27,9.5,,,,,,,0.342,0.305,0.427,0.383,5.065,3.872,NRFI,WIN,0,0,0,2026-04-25T23:47:42Z,,,,,,,,,,,,
2026-04-14,2026,824616,1,TB,CWS,11:40 PM ET,Shane McClanahan,Noah Schultz,ltd,sm,live,live,0.98,0.4665,0.4607,0.9272,0.5302,0.4698,0.2375,0.7625,NRFI,LEAN,LEAN NRFI,4,2026-04-25T23:47:42Z,4.094,4.014,1.254,1.212,3.83,3.971,3.76,3.65,0.9,1.03,9.22,9.4,,,,,,,0.328,0.319,0.4,0.394,4.75,4.256,YRFI,LOSS,3,0,3,2026-04-25T23:47:42Z,,,,,,,,,,,,
2026-04-14,2026,824531,1,SF,CIN,10:40 PM ET,Robbie Ray,Brady Singer,ltd,ltd,live,live,1.09,0.4768,0.5199,0.9968,0.5231,0.4769,0.263,0.737,PASS,NO EDGE,PASS - No edge,4,2026-04-25T23:47:42Z,3.22,4.557,1.178,1.409,4.006,4.098,3.7,2.93,1.21,1.18,9.34,7.55,,,,,,,0.302,0.31,0.386,0.383,3.756,4.208,NRFI,PASS,0,0,0,2026-04-25T23:47:42Z,,,,,,,,,,,,
2026-04-14,2026,824853,1,ARI,BAL,10:35 PM ET,Merrill Kelly,Trevor Rogers,sm,ltd,live,live,1.06,0.398,0.5974,0.9954,0.4977,0.5023,0.2625,0.7375,PASS,NO EDGE,PASS - No edge,4,2026-04-25T23:47:42Z,4.606,3.195,1.335,1.154,4.687,3.176,3.2,2.68,1.65,0.7,8.13,8.33,,,,,,,0.31,0.323,0.416,0.405,4.555,4.494,NRFI,PASS,0,0,0,2026-04-25T23:47:42Z,,,,,,,,,,,,
2026-04-14,2026,823398,1,WSH,PIT,10:40 PM ET,PJ Poulin,Mitch Keller,sm,ltd,live,live,0.96,0.403,0.545,0.948,0.506,0.494,0.2451,0.7549,PASS,NO EDGE,PASS - No edge,4,2026-04-25T23:47:42Z,4.17,3.5,1.339,1.173,4.649,3.461,3.82,2.74,1.32,0.73,8.25,7.23,,,,,,,0.326,0.326,0.405,0.395,5.134,4.661,YRFI,PASS,3,1,4,2026-04-25T23:47:42Z,,,,,,,,,,,,
2026-04-14,2026,824292,1,KC,DET,10:40 PM ET,Cole Ragans,Framber Valdez,ltd,ltd,live,live,0.98,0.386,0.5703,0.9563,0.4936,0.5064,0.2482,0.7518,PASS,NO EDGE,PASS - No edge,4,2026-04-25T23:47:42Z,4.819,3.545,1.359,1.272,4.442,3.44,4.46,3.42,1.56,0.62,11.29,7.65,,,,,,,0.312,0.326,0.384,0.409,3.875,4.413,NRFI,PASS,0,0,0,2026-04-25T23:47:42Z,,,,,,,,,,,,
2026-04-15,2026,823561,1,LAA,NYY,11:05 PM ET,Jack Kochanowicz,Luis Gil,ltd,sm,live,live,1.02,0.5829,0.6656,1.2485,0.5059,0.4941,0.3548,0.6452,PASS,NO EDGE,PASS - No edge,4,2026-04-25T23:48:04Z,5.137,3.872,1.514,1.28,4.988,5.068,4.87,4.25,1.1,1.38,6.0,7.09,,,,,,,0.327,0.324,0.396,0.418,4.552,4.78,YRFI,PASS,0,1,1,2026-04-25T23:48:04Z,,,,,,,,,,,,
2026-04-15,2026,823963,1,NYM,LAD,02:10 AM ET,Clay Holmes,Shohei Ohtani,ltd,ltd,live,live,0.97,0.2841,0.4946,0.7788,0.4667,0.5333,0.1836,0.8164,YRFI,LEAN,LEAN YRFI,4,2026-04-25T23:48:04Z,2.917,2.442,1.184,1.011,3.965,2.716,3.34,2.41,0.82,0.6,6.46,9.81,,,,,,,0.302,0.34,0.37,0.449,3.848,4.946,NRFI,LOSS,0,0,0,2026-04-25T23:48:04Z,,,,,,,,,,,,
2026-04-15,2026,824209,1,COL,HOU,12:10 AM ET,Jose Quintana,Spencer Arrighetti,sm,sm,live,live,0.99,0.4895,0.6683,1.1577,0.5592,0.4408,0.322,0.678,NRFI,LEAN,LEAN NRFI,4,2026-04-25T23:48:04Z,4.517,4.086,1.427,1.332,5.379,4.168,4.12,4.25,1.44,1.02,5.29,9.06,,,,,,,0.317,0.338,0.405,0.428,4.256,4.855,YRFI,LOSS,0,2,2,2026-04-25T23:48:04Z,,,,,,,,,,,,
2026-04-15,2026,823314,1,SEA,SD,01:40 AM ET,Emerson Hancock,Randy Vásquez,ltd,ltd,live,live,0.95,0.3955,0.4442,0.8397,0.4895,0.5105,0.2056,0.7944,PASS,NO EDGE,PASS - No edge,4,2026-04-25T23:48:04Z,3.941,3.03,1.15,1.221,4.351,3.679,2.33,3.12,1.5,0.77,7.82,7.05,,,,,,,0.323,0.312,0.389,0.387,4.227,4.335,NRFI,PASS,0,0,0,2026-04-25T23:48:04Z,,,,,,,,,,,,
2026-04-15,2026,824855,1,ARI,BAL,04:35 PM ET,Eduardo Rodriguez,Kyle Bradish,ltd,ltd,live,live,1.06,0.49,0.6152,1.1052,0.5415,0.4585,0.3029,0.6971,NRFI,LEAN,LEAN NRFI,4,2026-04-25T23:48:04Z,4.143,3.834,1.449,1.41,4.701,3.607,3.65,3.62,1.39,0.96,7.3,10.06,,,,,,,0.31,0.323,0.416,0.405,4.555,4.494,NRFI,WIN,0,0,0,2026-04-25T23:48:04Z,,,,,,,,,,,,
2026-04-15,2026,823477,1,CHC,PHI,10:40 PM ET,Shota Imanaga,Jesús Luzardo,ltd,ltd,live,live,1.04,0.453,0.396,0.8491,0.5541,0.4459,0.2089,0.7911,NRFI,LEAN,LEAN NRFI,4,2026-04-25T23:48:04Z,3.074,5.128,0.877,1.349,3.992,2.928,1.72,2.88,1.51,0.87,8.41,10.75,,,,,,,0.342,0.305,0.427,0.383,5.065,3.872,YRFI,LOSS,0,1,1,2026-04-25T23:48:04Z,,,,,,,,,,,,
2026-04-15,2026,823803,1,TOR,MIL,11:40 PM ET,Dylan Cease,Chad Patrick,ltd,ltd,live,live,1.03,0.4403,0.4519,0.8922,0.5459,0.4541,0.2247,0.7753,NRFI,LEAN,LEAN NRFI,4,2026-04-25T23:48:04Z,3.603,3.102,1.315,1.273,2.599,3.734,4.27,3.06,0.69,0.91,13.14,7.66,,,,,,,0.318,0.327,0.398,0.374,4.213,4.652,YRFI,LOSS,1,0,1,2026-04-25T23:48:04Z,,,,,,,,,,,,
2026-04-15,2026,823071,1,CLE,STL,05:15 PM ET,Slade Cecconi,Dustin May,ltd,ltd,live,live,0.97,0.4777,0.5622,1.0398,0.6019,0.3981,0.2789,0.7211,NRFI,STRONG,STRONG NRFI,4,2026-04-25T23:48:04Z,5.016,5.296,1.337,1.467,4.947,4.238,3.04,3.08,1.72,1.31,7.43,8.02,,,,,,,0.318,0.322,0.394,0.398,4.25,4.628,YRFI,LOSS,1,0,1,2026-04-25T23:48:04Z,,,,,,,,,,,,
2026-04-15,2026,823399,1,WSH,PIT,10:40 PM ET,Jake Irvin,Mason Montgomery,ltd,sm,live,live,0.96,0.4924,0.5473,1.0397,0.6179,0.3821,0.2789,0.7211,NRFI,STRONG,STRONG NRFI,4,2026-04-25T23:48:04Z,5.341,4.68,1.325,1.433,4.733,3.622,3.22,3.99,1.62,1.13,8.01,11.75,,,,,,,0.326,0.326,0.405,0.395,5.134,4.661,YRFI,LOSS,0,2,2,2026-04-25T23:48:04Z,,,,,,,,,,,,
2026-04-15,2026,824936,1,MIA,ATL,11:15 PM ET,Chris Paddack,Bryce Elder,ltd,ltd,live,live,0.98,0.4318,0.5841,1.0159,0.4898,0.5102,0.2701,0.7299,PASS,NO EDGE,PASS - No edge,4,2026-04-25T23:48:04Z,5.741,3.671,1.381,1.21,4.763,3.772,2.16,2.84,1.81,1.05,7.5,8.04,,,,,,,0.331,0.333,0.4,0.439,4.518,5.28,NRFI,PASS,0,0,0,2026-04-25T23:48:04Z,,,,,,,,,,,,
2026-04-15,2026,823722,1,BOS,MIN,05:40 PM ET,Connelly Early,Simeon Woods Richardson,ltd,ltd,live,live,0.97,0.5227,0.4893,1.012,0.4988,0.5012,0.2686,0.7314,PASS,NO EDGE,PASS - No edge,4,2026-04-25T23:48:04Z,3.692,4.789,1.277,1.387,4.038,4.95,3.65,3.63,1.02,1.53,8.8,7.12,,,,,,,0.315,0.323,0.375,0.391,4.256,4.685,YRFI,PASS,0,1,1,2026-04-25T23:48:04Z,,,,,,,,,,,,
2026-04-15,2026,825021,1,TEX,OAK,01:40 AM ET,Kumar Rocker,J.T. Ginn,ltd,ltd,live,live,0.93,0.4606,0.4714,0.932,0.4864,0.5136,0.2393,0.7607,PASS,NO EDGE,PASS - No edge,4,2026-04-25T23:48:04Z,4.505,4.473,1.345,1.238,4.194,4.597,3.27,3.18,1.22,1.62,8.39,8.8,,,,,,,0.315,0.318,0.399,0.404,4.161,4.351,YRFI,PASS,0,1,1,2026-04-25T23:48:04Z,,,,,,,,,,,,
2026-04-15,2026,824615,1,TB,CWS,11:40 PM ET,Jesse Scholtens,Sean Burke,sm,ltd,live,live,0.98,0.5207,0.4229,0.9437,0.5315,0.4685,0.2435,0.7565,NRFI,LEAN,LEAN NRFI,4,2026-04-25T23:48:04Z,3.852,4.173,1.176,1.353,3.826,4.404,2.67,3.51,1.03,1.34,8.58,8.12,,,,,,,0.328,0.319,0.4,0.394,4.75,4.256,NRFI,WIN,0,0,0,2026-04-25T23:48:04Z,,,,,,,,,,,,
2026-04-15,2026,824532,1,SF,CIN,10:40 PM ET,Tyler Mahle,Rhett Lowder,ltd,ltd,live,live,1.09,0.4177,0.5677,0.9854,0.4927,0.5073,0.2589,0.7411,PASS,NO EDGE,PASS - No edge,4,2026-04-25T23:48:04Z,3.719,3.738,1.332,1.204,4.435,3.796,3.79,2.91,1.27,0.83,8.16,7.51,,,,,,,0.302,0.31,0.386,0.383,3.756,4.208,YRFI,PASS,0,4,4,2026-04-25T23:48:04Z,,,,,,,,,,,,
2026-04-15,2026,824291,1,KC,DET,10:40 PM ET,Seth Lugo,Jack Flaherty,ltd,ltd,live,live,0.98,0.5117,0.4463,0.958,0.592,0.408,0.2488,0.7512,NRFI,LEAN,LEAN NRFI,4,2026-04-25T23:48:04Z,2.838,4.704,1.133,1.43,3.766,4.283,3.19,5.15,0.94,1.22,7.91,10.35,,,,,,,0.312,0.326,0.384,0.409,3.875,4.413,NRFI,WIN,0,0,0,2026-04-25T23:48:04Z,,,,,,,,,,,,
2026-04-16,2026,824289,1,KC,DET,05:10 PM ET,Kris Bubic,Keider Montero,ltd,ltd,live,live,0.98,0.3737,0.419,0.7927,0.4795,0.5205,0.1886,0.8114,PASS,NO EDGE,PASS - No edge,4,2026-04-25T23:48:21Z,3.214,4.098,1.157,1.197,3.233,3.685,3.49,2.42,0.68,0.97,9.1,7.52,,,,,,,0.312,0.326,0.384,0.409,3.875,4.413,NRFI,PASS,0,0,0,2026-04-25T23:48:21Z,,,,,,,,,,,,
2026-04-16,2026,824453,1,BAL,CLE,10:10 PM ET,Shane Baz,Parker Messick,ltd,ltd,live,live,0.96,0.3511,0.4724,0.8235,0.4996,0.5004,0.1997,0.8003,PASS,NO EDGE,PASS - No edge,4,2026-04-25T23:48:21Z,4.957,2.875,1.421,1.102,3.876,3.194,3.36,2.43,1.09,0.76,8.64,8.76,,,,,,,0.323,0.318,0.405,0.394,4.494,4.25,YRFI,PASS,0,2,2,2026-04-25T23:48:21Z,,,,,,,,,,,,
2026-04-16,2026,823560,1,LAA,NYY,05:35 PM ET,Brent Suter,Max Fried,sm,ltd,live,live,1.02,0.3134,0.5234,0.8367,0.4926,0.5074,0.2045,0.7955,PASS,NO EDGE,PASS - No edge,4,2026-04-25T23:48:21Z,3.705,2.627,1.245,0.933,4.2,2.732,2.98,2.27,1.27,0.43,8.22,7.85,,,,,,,0.327,0.324,0.396,0.418,4.552,4.78,YRFI,PASS,2,1,3,2026-04-25T23:48:21Z,,,,,,,,,,,,
2026-04-16,2026,824208,1,COL,HOU,12:10 AM ET,Juan Mejia,Ryan Weiss,sm,sm,live,live,0.99,0.5719,0.5204,1.0923,0.5783,0.4217,0.2982,0.7018,NRFI,LEAN,LEAN NRFI,4,2026-04-25T23:48:21Z,4.535,4.914,1.411,1.536,3.75,4.945,3.49,4.24,0.99,1.6,9.33,9.55,,,,,,,0.317,0.338,0.405,0.428,4.256,4.855,YRFI,LOSS,0,2,2,2026-04-25T23:48:21Z,,,,,,,,,,,,
2026-04-16,2026,823396,1,WSH,PIT,04:35 PM ET,Foster Griffin,Braxton Ashcraft,ltd,ltd,live,live,0.96,0.3679,0.496,0.8638,0.5478,0.4522,0.2143,0.7857,NRFI,LEAN,LEAN NRFI,4,2026-04-25T23:48:21Z,3.875,2.956,1.23,1.149,4.444,2.873,2.9,2.95,1.4,0.55,8.37,9.42,,,,,,,0.326,0.326,0.405,0.395,5.134,4.661,NRFI,WIN,0,0,0,2026-04-25T23:48:21Z,,,,,,,,,,,,
2026-04-16,2026,823801,1,TOR,MIL,05:40 PM ET,Patrick Corbin,Brandon Sproat,sm,ltd,live,live,1.03,0.5367,0.5131,1.0498,0.5655,0.4345,0.2826,0.7174,NRFI,LEAN,LEAN NRFI,4,2026-04-25T23:48:21Z,4.211,5.065,1.289,1.36,4.139,4.65,2.85,3.83,1.23,1.37,7.6,8.49,,,,,,,0.318,0.327,0.398,0.374,4.213,4.652,NRFI,WIN,0,0,0,2026-04-25T23:48:21Z,,,,,,,,,,,,
2026-04-16,2026,824530,1,SF,CIN,04:40 PM ET,Landen Roupp,Chase Burns,ltd,ltd,live,live,1.09,0.4447,0.4578,0.9025,0.5789,0.4211,0.2284,0.7716,NRFI,LEAN,LEAN NRFI,4,2026-04-25T23:48:21Z,3.212,3.607,1.274,1.191,3.155,3.779,3.82,3.29,0.57,1.2,9.31,10.28,,,,,,,0.302,0.31,0.386,0.383,3.756,4.208,NRFI,WIN,0,0,0,2026-04-25T23:48:21Z,,,,,,,,,,,,
2026-04-16,2026,824614,1,TB,CWS,06:10 PM ET,Steven Matz,Jordan Leasure,ltd,sm,live,live,0.98,0.5759,0.4562,1.0321,0.5734,0.4266,0.276,0.724,NRFI,LEAN,LEAN NRFI,4,2026-04-25T23:48:21Z,3.978,4.716,1.182,1.286,4.151,4.993,2.6,4.1,1.35,1.78,8.3,9.73,,,,,,,0.328,0.319,0.4,0.394,4.75,4.256,NRFI,WIN,0,0,0,2026-04-25T23:48:21Z,,,,,,,,,,,,
2026-04-16,2026,825023,1,TEX,OAK,07:05 PM ET,Jack Leiter,Jacob Lopez,ltd,ltd,live,live,0.93,0.5401,0.4729,1.013,0.512,0.488,0.269,0.731,PASS,NO EDGE,PASS - No edge,4,2026-04-25T23:48:21Z,4.288,4.692,1.349,1.498,3.88,4.87,3.97,4.9,1.07,1.46,9.42,9.09,,,,,,,0.315,0.318,0.399,0.404,4.161,4.351,NRFI,PASS,0,0,0,2026-04-25T23:48:21Z,,,,,,,,,,,,
2026-04-16,2026,823313,1,SEA,SD,12:40 AM ET,Luis Castillo,Walker Buehler,ltd,ltd,live,live,0.95,0.5269,0.4245,0.9514,0.5216,0.4784,0.2464,0.7536,PASS,NO EDGE,PASS - No edge,4,2026-04-25T23:48:21Z,4.078,5.214,1.374,1.553,3.608,4.614,2.74,4.26,1.01,1.2,8.41,7.39,,,,,,,0.323,0.312,0.389,0.387,4.227,4.335,NRFI,PASS,0,0,0,2026-04-25T23:48:21Z,,,,,,,,,,,,
2026-04-17,2026,823152,1,TEX,SEA,01:40 AM ET,Jacob deGrom,Logan Gilbert,ltd,ltd,live,live,0.95,0.3354,0.3756,0.711,0.674,0.326,0.1596,0.8404,NRFI,STRONG,STRONG NRFI,4,2026-04-25T23:48:40Z,2.646,3.856,0.978,1.138,3.428,2.992,2.16,2.03,1.39,1.12,10.78,10.83,,,,,,,0.315,0.323,0.399,0.389,4.161,4.227,YRFI,LOSS,1,0,1,2026-04-25T23:48:41Z,,,,,,,,,,,,
2026-04-17,2026,823559,1,KC,NYY,11:05 PM ET,Michael Wacha,Cam Schlittler,ltd,ltd,live,live,1.02,0.3079,0.4311,0.739,0.5453,0.4547,0.1695,0.8305,NRFI,LEAN,LEAN NRFI,4,2026-04-25T23:48:40Z,3.259,2.661,1.091,0.997,3.532,2.7,2.55,2.34,0.81,0.69,7.15,10.11,,,,,,,0.312,0.324,0.384,0.418,3.875,4.78,NRFI,WIN,0,0,0,2026-04-25T23:48:41Z,,,,,,,,,,,,
2026-04-17,2026,823476,1,ATL,PHI,10:40 PM ET,Martín Pérez,Taijuan Walker,ltd,ltd,live,live,1.04,0.7635,0.45,1.2135,0.4889,0.5111,0.3423,0.6577,PASS,NO EDGE,PASS - No edge,4,2026-04-25T23:48:40Z,3.456,5.882,1.095,1.646,4.227,5.941,2.92,3.56,1.12,2.14,7.1,6.5,,,,,,,0.333,0.305,0.439,0.383,5.28,3.872,YRFI,PASS,2,0,2,2026-04-25T23:48:41Z,,,,,,,,,,,,
2026-04-17,2026,823883,1,MIL,MIA,11:10 PM ET,Coleman Crow,Janson Junk,sm,ltd,live,live,0.95,0.3328,0.4448,0.7776,0.3502,0.6498,0.1832,0.8168,YRFI,STRONG,STRONG YRFI,4,2026-04-25T23:48:40Z,4.107,3.97,1.215,1.15,3.965,3.294,2.86,1.67,1.06,0.69,8.69,6.17,,,,,,,0.327,0.331,0.374,0.4,4.652,4.518,NRFI,LOSS,0,0,0,2026-04-25T23:48:41Z,,,,,,,,,,,,
2026-04-17,2026,825101,1,TOR,ARI,01:40 AM ET,Braydon Fisher,Michael Soroka,sm,ltd,live,live,1.0,0.3811,0.4232,0.8043,0.4989,0.5011,0.1927,0.8073,PASS,NO EDGE,PASS - No edge,4,2026-04-25T23:48:40Z,3.149,3.697,1.114,1.158,3.464,3.218,3.02,2.69,0.91,0.99,9.46,10.15,,,,,,,0.318,0.31,0.398,0.416,4.213,4.555,NRFI,PASS,0,0,0,2026-04-25T23:48:41Z,,,,,,,,,,,,
2026-04-17,2026,824373,1,LAD,COL,12:40 AM ET,Tyler Glasnow,Tomoyuki Sugano,ltd,ltd,live,live,1.22,0.6829,0.4569,1.1398,0.3797,0.6203,0.3155,0.6845,YRFI,STRONG,STRONG YRFI,4,2026-04-25T23:48:40Z,2.993,4.158,0.94,1.255,3.068,5.033,3.04,2.07,0.82,1.83,10.26,6.26,,,,,,,0.34,0.317,0.449,0.405,4.946,4.256,YRFI,WIN,1,0,1,2026-04-25T23:48:41Z,,,,,,,,,,,,
2026-04-17,2026,825019,1,CWS,OAK,01:40 AM ET,Davis Martin,Aaron Civale,ltd,ltd,live,live,0.93,0.424,0.4046,0.8286,0.4513,0.5487,0.2015,0.7985,YRFI,LEAN,LEAN YRFI,4,2026-04-25T23:48:40Z,3.186,4.408,1.172,1.283,3.805,4.147,2.6,2.76,0.97,1.26,6.99,7.77,,,,,,,0.319,0.318,0.394,0.404,4.256,4.351,YRFI,WIN,1,0,1,2026-04-25T23:48:41Z,,,,,,,,,,,,
2026-04-17,2026,824778,1,DET,BOS,11:15 PM ET,Casey Mize,Ranger Suarez,ltd,ltd,live,live,1.05,0.415,0.4307,0.8457,0.4634,0.5366,0.2077,0.7923,YRFI,LEAN,LEAN YRFI,4,2026-04-25T23:48:40Z,3.308,3.522,1.22,1.192,3.388,3.45,2.6,2.37,1.01,0.88,9.15,7.72,,,,,,,0.326,0.315,0.408,0.375,4.413,4.256,NRFI,LOSS,0,0,0,2026-04-25T23:48:41Z,,,,,,,,,,,,
2026-04-17,2026,824693,1,NYM,CHC,06:20 PM ET,Kodai Senga,Edward Cabrera,sm,ltd,live,live,1.0,0.3908,0.6417,1.0324,0.581,0.419,0.2762,0.7238,NRFI,LEAN,LEAN NRFI,4,2026-04-25T23:48:40Z,4.807,3.192,1.484,1.209,4.411,3.591,4.59,3.25,1.31,0.9,9.55,8.55,,,,,,,0.302,0.342,0.37,0.427,3.848,5.065,YRFI,LOSS,0,4,4,2026-04-25T23:48:41Z,,,,,,,,,,,,
2026-04-17,2026,824048,1,SD,LAA,01:38 AM ET,Matt Waldron,José Soriano,sm,ltd,live,live,0.99,0.3643,0.5427,0.907,0.4963,0.5037,0.2301,0.7699,PASS,NO EDGE,PASS - No edge,4,2026-04-25T23:48:40Z,5.605,2.323,1.43,1.121,4.511,2.923,3.24,3.67,1.37,0.45,8.69,9.21,,,,,,,0.312,0.327,0.387,0.396,4.335,4.552,NRFI,PASS,0,0,0,2026-04-25T23:48:41Z,,,,,,,,,,,,
2026-04-17,2026,823720,1,CIN,MIN,12:10 AM ET,Brandon Williamson,Joe Ryan,ltd,ltd,live,live,0.97,0.3437,0.5685,0.9122,0.5367,0.4633,0.232,0.768,NRFI,LEAN,LEAN NRFI,4,2026-04-25T23:48:40Z,4.662,3.634,1.354,1.031,4.854,3.276,4.06,2.14,1.29,1.13,7.55,9.78,,,,,,,0.31,0.323,0.383,0.391,4.208,4.685,NRFI,WIN,0,0,0,2026-04-25T23:48:41Z,,,,,,,,,,,,
2026-04-17,2026,824454,1,BAL,CLE,10:10 PM ET,Chris Bassitt,Tanner Bibee,ltd,ltd,live,live,0.96,0.4773,0.5374,1.0148,0.5138,0.4862,0.2697,0.7303,PASS,NO EDGE,PASS - No edge,4,2026-04-25T23:48:40Z,4.923,4.33,1.582,1.324,4.473,4.348,3.72,2.94,1.2,1.4,7.22,7.91,,,,,,,0.323,0.318,0.405,0.394,4.494,4.25,NRFI,PASS,0,0,0,2026-04-25T23:48:41Z,,,,,,,,,,,,
2026-04-17,2026,822752,1,SF,WSH,10:45 PM ET,Logan Webb,Zack Littell,ltd,ltd,live,live,0.97,0.5464,0.3938,0.9402,0.5195,0.4805,0.2423,0.7577,PASS,NO EDGE,PASS - No edge,4,2026-04-25T23:48:40Z,4.008,5.253,1.307,1.327,2.792,6.212,2.56,2.06,0.55,2.59,8.8,5.94,,,,,,,0.302,0.326,0.386,0.405,3.756,5.134,NRFI,PASS,0,0,0,2026-04-25T23:48:41Z,,,,,,,,,,,,
2026-04-17,2026,823397,1,TB,PIT,10:45 PM ET,Nick Martinez,Bubba Chandler,ltd,ltd,live,live,0.96,0.5026,0.439,0.9416,0.5438,0.4562,0.2428,0.7572,NRFI,LEAN,LEAN NRFI,4,2026-04-25T23:48:40Z,3.443,4.426,1.163,1.292,4.051,4.391,2.34,3.83,1.07,1.21,6.18,8.53,,,,,,,0.328,0.326,0.4,0.395,4.75,4.661,NRFI,WIN,0,0,0,2026-04-25T23:48:41Z,,,,,,,,,,,,
2026-04-17,2026,824207,1,STL,HOU,12:10 AM ET,Kyle Leahy,Peter Lambert,ltd,sm,live,live,0.99,0.4248,0.5366,0.9615,0.552,0.448,0.2501,0.7499,NRFI,LEAN,LEAN NRFI,4,2026-04-25T23:48:40Z,4.218,3.999,1.398,1.254,4.085,3.571,3.36,3.06,1.0,0.94,7.34,9.8,,,,,,,0.322,0.338,0.398,0.428,4.628,4.855,YRFI,LOSS,1,0,1,2026-04-25T23:48:41Z,,,,,,,,,,,,
2026-04-18,2026,823394,1,TB,PIT,07:30 PM ET,Drew Rasmussen,Paul Skenes,ltd,ltd,live,live,0.96,0.2788,0.3996,0.6784,0.5585,0.4415,0.1483,0.8517,NRFI,LEAN,LEAN NRFI,4,2026-04-25T23:48:56Z,2.64,2.184,0.912,0.853,3.856,2.407,1.91,2.08,1.35,0.57,8.26,9.93,,,,,,,0.328,0.326,0.4,0.395,4.75,4.661,YRFI,LOSS,0,2,2,2026-04-25T23:48:57Z,,,,,,,,,,,,
2026-04-18,2026,824372,1,LAD,COL,12:10 AM ET,Emmet Sheehan,Ryan Feltner,ltd,ltd,live,live,1.22,0.7094,0.5314,1.2408,0.4165,0.5835,0.3521,0.6479,YRFI,LEAN,LEAN YRFI,4,2026-04-25T23:48:56Z,3.92,4.992,1.147,1.372,3.602,4.777,2.93,3.3,1.15,1.55,9.96,8.25,,,,,,,0.34,0.317,0.448,0.405,4.946,4.256,YRFI,WIN,2,1,3,2026-04-25T23:48:57Z,,,,,,,,,,,,
2026-04-18,2026,823151,1,TEX,SEA,11:15 PM ET,Nathan Eovaldi,George Kirby,ltd,ltd,live,live,0.95,0.3465,0.4141,0.7606,0.6155,0.3845,0.1771,0.8229,NRFI,STRONG,STRONG NRFI,4,2026-04-25T23:48:56Z,3.541,3.597,1.127,1.116,3.931,3.398,1.93,2.07,1.51,1.0,8.94,8.25,,,,,,,0.315,0.323,0.399,0.389,4.161,4.227,YRFI,LOSS,0,1,1,2026-04-25T23:48:57Z,,,,,,,,,,,,
2026-04-18,2026,823474,1,ATL,PHI,11:15 PM ET,Chris Sale,Cristopher Sánchez,ltd,ltd,live,live,1.04,0.3966,0.368,0.7646,0.5352,0.4648,0.1785,0.8215,NRFI,LEAN,LEAN NRFI,4,2026-04-25T23:48:56Z,2.668,2.7,1.041,1.305,3.084,2.5,2.25,2.3,1.11,0.66,10.66,10.45,,,,,,,0.333,0.305,0.439,0.383,5.28,3.872,NRFI,WIN,0,0,0,2026-04-25T23:48:57Z,,,,,,,,,,,,
2026-04-18,2026,824206,1,STL,HOU,11:10 PM ET,Andre Pallante,Lance McCullers Jr.,ltd,ltd,live,live,0.99,0.5848,0.6052,1.19,0.5806,0.4194,0.3338,0.6662,NRFI,LEAN,LEAN NRFI,4,2026-04-25T23:48:56Z,4.905,5.835,1.432,1.504,4.628,4.766,4.05,4.59,1.13,1.41,6.55,9.09,,,,,,,0.322,0.338,0.398,0.428,4.628,4.855,YRFI,LOSS,2,1,3,2026-04-25T23:48:57Z,,,,,,,,,,,,
2026-04-18,2026,824049,1,SD,LAA,01:38 AM ET,Germán Márquez,Yusei Kikuchi,ltd,ltd,live,live,0.99,0.4842,0.6423,1.1266,0.5143,0.4857,0.3107,0.6893,PASS,NO EDGE,PASS - No edge,4,2026-04-25T23:48:56Z,5.825,4.923,1.571,1.491,5.481,3.908,3.12,3.86,1.86,1.09,6.07,9.27,,,,,,,0.312,0.327,0.387,0.396,4.335,4.552,NRFI,PASS,0,0,0,2026-04-25T23:48:57Z,,,,,,,,,,,,
2026-04-18,2026,823882,1,MIL,MIA,08:10 PM ET,Brandon Woodruff,Sandy Alcantara,ltd,ltd,live,live,0.95,0.4265,0.4063,0.8327,0.3824,0.6176,0.203,0.797,YRFI,STRONG,STRONG YRFI,4,2026-04-25T23:48:56Z,3.708,4.189,1.044,1.189,3.718,4.046,2.23,2.9,1.25,1.0,9.11,6.61,,,,,,,0.327,0.331,0.374,0.4,4.652,4.518,NRFI,LOSS,0,0,0,2026-04-25T23:48:57Z,,,,,,,,,,,,
2026-04-18,2026,825098,1,TOR,ARI,12:10 AM ET,Max Scherzer,Zac Gallen,sm,ltd,live,live,1.0,0.4461,0.6491,1.0951,0.4342,0.5658,0.2992,0.7008,YRFI,LEAN,LEAN YRFI,4,2026-04-25T23:48:56Z,6.383,4.131,1.382,1.301,5.823,4.057,3.02,2.74,2.3,1.12,7.56,7.05,,,,,,,0.318,0.31,0.398,0.416,4.213,4.555,YRFI,WIN,1,1,2,2026-04-25T23:48:57Z,,,,,,,,,,,,
2026-04-18,2026,822751,1,SF,WSH,08:05 PM ET,Adrian Houser,Cade Cavalli,ltd,ltd,live,live,0.97,0.399,0.5181,0.917,0.5599,0.4401,0.2338,0.7662,NRFI,LEAN,LEAN NRFI,4,2026-04-25T23:48:56Z,4.878,4.141,1.476,1.462,4.132,3.489,2.79,3.5,1.0,0.77,6.02,9.11,,,,,,,0.302,0.326,0.386,0.405,3.756,5.134,YRFI,LOSS,0,1,1,2026-04-25T23:48:57Z,,,,,,,,,,,,
2026-04-18,2026,825020,1,CWS,OAK,08:05 PM ET,Erick Fedde,Luis Severino,ltd,ltd,live,live,0.93,0.4714,0.5372,1.0087,0.4711,0.5289,0.2674,0.7326,PASS,NO EDGE,PASS - No edge,4,2026-04-25T23:48:56Z,4.669,4.816,1.366,1.414,4.921,4.199,4.1,4.22,1.15,1.01,5.4,7.92,,,,,,,0.319,0.318,0.394,0.404,4.256,4.351,NRFI,PASS,0,0,0,2026-04-25T23:48:57Z,,,,,,,,,,,,
2026-04-18,2026,824775,1,DET,BOS,08:10 PM ET,Tarik Skubal,Brayan Bello,ltd,ltd,live,live,1.05,0.6673,0.2747,0.942,0.4725,0.5275,0.2429,0.7571,PASS,NO EDGE,PASS - No edge,4,2026-04-25T23:48:56Z,2.452,5.355,0.937,1.605,2.107,5.454,1.51,3.95,0.55,1.72,10.34,6.51,,,,,,,0.326,0.315,0.408,0.375,4.413,4.256,YRFI,PASS,1,0,1,2026-04-25T23:48:57Z,,,,,,,,,,,,
2026-04-18,2026,823721,1,CIN,MIN,06:10 PM ET,Andrew Abbott,Taj Bradley,ltd,ltd,live,live,0.97,0.441,0.5039,0.9449,0.5315,0.4685,0.244,0.756,NRFI,LEAN,LEAN NRFI,4,2026-04-25T23:48:56Z,4.408,4.065,1.41,1.299,4.153,3.942,3.08,3.5,1.13,1.14,7.24,8.84,,,,,,,0.31,0.323,0.383,0.391,4.208,4.685,YRFI,LOSS,0,2,2,2026-04-25T23:48:57Z,,,,,,,,,,,,
2026-04-18,2026,823558,1,KC,NYY,05:35 PM ET,Noah Cameron,Will Warren,ltd,ltd,live,live,1.02,0.4031,0.544,0.947,0.5662,0.4338,0.2448,0.7552,NRFI,LEAN,LEAN NRFI,4,2026-04-25T23:48:56Z,3.835,3.631,1.266,1.274,4.387,3.386,2.92,2.92,1.39,1.07,7.63,10.02,,,,,,,0.312,0.324,0.384,0.418,3.875,4.78,NRFI,WIN,0,0,0,2026-04-25T23:48:57Z,,,,,,,,,,,,
2026-04-18,2026,824694,1,NYM,CHC,06:20 PM ET,Freddy Peralta,Jameson Taillon,ltd,ltd,live,live,1.0,0.4852,0.5001,0.9853,0.5697,0.4303,0.2588,0.7412,NRFI,LEAN,LEAN NRFI,4,2026-04-25T23:48:56Z,3.234,4.032,1.138,1.157,3.562,5.153,3.49,2.73,1.09,1.93,10.27,7.41,,,,,,,0.302,0.342,0.37,0.427,3.848,5.065,NRFI,WIN,0,0,0,2026-04-25T23:48:57Z,,,,,,,,,,,,
2026-04-18,2026,824451,1,BAL,CLE,10:10 PM ET,Dean Kremer,Gavin Williams,sm,ltd,live,live,0.96,0.511,0.4477,0.9587,0.5892,0.4108,0.2491,0.7509,NRFI,LEAN,LEAN NRFI,4,2026-04-25T23:48:56Z,4.168,3.163,1.145,1.186,4.237,4.368,2.21,4.65,1.61,1.38,8.68,10.22,,,,,,,0.323,0.318,0.405,0.394,4.494,4.25,NRFI,WIN,0,0,0,2026-04-25T23:48:57Z,,,,,,,,,,,,
2026-04-19,2026,824371,1,LAD,COL,07:10 PM ET,Roki Sasaki,Michael Lorenzen,sm,ltd,live,live,1.22,0.6641,0.7584,1.4226,0.3969,0.6031,0.4159,0.5841,YRFI,STRONG,STRONG YRFI,4,2026-04-25T23:49:15Z,4.82,5.19,1.458,1.545,5.213,4.35,4.36,2.25,1.63,1.46,8.36,7.26,,,,,,,0.34,0.317,0.448,0.405,4.946,4.256,NRFI,LOSS,0,0,0,2026-04-25T23:49:15Z,,,,,,,,,,,,
2026-04-19,2026,825100,1,TOR,ARI,08:10 PM ET,Kevin Gausman,Ryne Nelson,ltd,ltd,live,live,1.0,0.4485,0.3526,0.8011,0.4648,0.5352,0.1916,0.8084,YRFI,LEAN,LEAN YRFI,4,2026-04-25T23:49:15Z,3.114,4.591,1.004,1.198,2.971,4.093,1.96,2.94,0.88,1.26,9.26,8.12,,,,,,,0.318,0.31,0.398,0.416,4.213,4.555,YRFI,WIN,8,0,8,2026-04-25T23:49:15Z,,,,,,,,,,,,
2026-04-19,2026,823150,1,TEX,SEA,08:10 PM ET,MacKenzie Gore,Bryan Woo,ltd,ltd,live,live,0.95,0.3306,0.4749,0.8055,0.6158,0.3842,0.1932,0.8068,NRFI,STRONG,STRONG NRFI,4,2026-04-25T23:49:15Z,4.174,3.369,1.309,0.991,3.785,3.457,3.85,1.65,1.33,1.15,11.31,8.34,,,,,,,0.315,0.323,0.399,0.389,4.161,4.227,YRFI,LOSS,0,1,1,2026-04-25T23:49:15Z,,,,,,,,,,,,
2026-04-19,2026,824452,1,BAL,CLE,05:40 PM ET,Trevor Rogers,Joey Cantillo,ltd,ltd,live,live,0.96,0.4544,0.37,0.8244,0.5644,0.4356,0.2,0.8,NRFI,LEAN,LEAN NRFI,4,2026-04-25T23:49:15Z,3.195,3.478,1.154,1.285,3.176,3.749,2.68,3.82,0.7,1.08,8.33,10.04,,,,,,,0.323,0.318,0.405,0.394,4.494,4.25,NRFI,WIN,0,0,0,2026-04-25T23:49:15Z,,,,,,,,,,,,
2026-04-19,2026,824205,1,STL,HOU,06:10 PM ET,Matthew Liberatore,Mike Burrows,ltd,ltd,live,live,0.99,0.505,0.6049,1.1099,0.565,0.435,0.3046,0.6954,NRFI,LEAN,LEAN NRFI,4,2026-04-25T23:49:15Z,4.442,4.938,1.413,1.436,4.976,4.207,2.77,3.17,1.67,1.37,6.58,8.87,,,,,,,0.322,0.338,0.398,0.428,4.628,4.855,NRFI,WIN,0,0,0,2026-04-25T23:49:15Z,,,,,,,,,,,,
2026-04-19,2026,825018,1,CWS,OAK,08:05 PM ET,Noah Schultz,Jeffrey Springs,sm,ltd,live,live,0.93,0.4109,0.4459,0.8568,0.4524,0.5476,0.2118,0.7882,YRFI,LEAN,LEAN YRFI,4,2026-04-25T23:49:15Z,4.014,3.681,1.212,1.083,3.971,4.244,3.65,2.73,1.03,1.33,9.4,7.62,,,,,,,0.319,0.318,0.394,0.404,4.256,4.351,YRFI,WIN,1,0,1,2026-04-25T23:49:15Z,,,,,,,,,,,,
2026-04-19,2026,823393,1,TB,PIT,05:35 PM ET,Shane McClanahan,Mitch Keller,ltd,ltd,live,live,0.96,0.3912,0.4708,0.862,0.506,0.494,0.2137,0.7863,PASS,NO EDGE,PASS - No edge,4,2026-04-25T23:49:15Z,4.094,3.5,1.254,1.173,3.83,3.461,3.76,2.74,0.9,0.73,9.22,7.23,,,,,,,0.328,0.326,0.4,0.395,4.75,4.661,YRFI,PASS,0,1,1,2026-04-25T23:49:15Z,,,,,,,,,,,,
2026-04-19,2026,824777,1,DET,BOS,08:35 PM ET,Framber Valdez,Garrett Crochet,ltd,ltd,live,live,1.05,0.4327,0.4485,0.8812,0.5556,0.4444,0.2207,0.7793,NRFI,LEAN,LEAN NRFI,4,2026-04-25T23:49:15Z,3.545,4.18,1.272,1.219,3.44,3.276,3.42,2.57,0.62,1.24,7.65,11.15,,,,,,,0.326,0.315,0.408,0.375,4.413,4.256,YRFI,LOSS,1,1,2,2026-04-25T23:49:15Z,,,,,,,,,,,,
2026-04-19,2026,824691,1,NYM,CHC,06:20 PM ET,Tobias Myers,Javier Assad,sm,sm,live,live,1.0,0.4245,0.4701,0.8946,0.5284,0.4716,0.2255,0.7745,PASS,NO EDGE,PASS - No edge,4,2026-04-25T23:49:15Z,3.53,4.425,1.15,1.212,3.817,4.401,2.33,2.76,1.07,1.23,7.83,7.05,,,,,,,0.302,0.342,0.37,0.427,3.848,5.065,NRFI,PASS,0,0,0,2026-04-25T23:49:15Z,,,,,,,,,,,,
2026-04-19,2026,823475,1,ATL,PHI,11:20 PM ET,Grant Holmes,Andrew Painter,ltd,ltd,live,live,1.04,0.5039,0.5314,1.0354,0.4791,0.5209,0.2773,0.7227,PASS,NO EDGE,PASS - No edge,4,2026-04-25T23:49:15Z,3.83,4.594,1.28,1.344,4.489,3.819,4.06,2.72,1.32,1.03,8.44,8.52,,,,,,,0.333,0.305,0.439,0.383,5.28,3.872,YRFI,PASS,0,2,2,2026-04-25T23:49:15Z,,,,,,,,,,,,
2026-04-19,2026,823556,1,KC,NYY,05:35 PM ET,Cole Ragans,Ryan Weathers,ltd,ltd,live,live,1.02,0.4185,0.6117,1.0301,0.5516,0.4484,0.2753,0.7247,NRFI,LEAN,LEAN NRFI,4,2026-04-25T23:49:15Z,4.819,3.758,1.359,1.243,4.442,3.78,4.46,2.71,1.56,1.28,11.29,9.93,,,,,,,0.312,0.324,0.384,0.418,3.875,4.78,YRFI,LOSS,0,3,3,2026-04-25T23:49:15Z,,,,,,,,,,,,
2026-04-19,2026,823881,1,MIL,MIA,05:40 PM ET,Jacob Misiorowski,Eury Pérez,ltd,ltd,live,live,0.95,0.4696,0.4534,0.923,0.4645,0.5355,0.2359,0.7641,YRFI,LEAN,LEAN YRFI,4,2026-04-25T23:49:15Z,3.645,4.397,1.179,1.226,3.454,4.185,3.82,3.47,1.18,1.41,12.22,9.65,,,,,,,0.327,0.331,0.374,0.4,4.652,4.518,YRFI,WIN,0,3,3,2026-04-25T23:49:15Z,,,,,,,,,,,,
2026-04-19,2026,823718,1,CIN,MIN,06:10 PM ET,Brady Singer,Bailey Ober,ltd,ltd,live,live,0.97,0.4312,0.4979,0.9291,0.4913,0.5087,0.2382,0.7618,PASS,NO EDGE,PASS - No edge,4,2026-04-25T23:49:15Z,4.557,4.584,1.409,1.238,4.098,4.274,2.93,2.44,1.18,1.4,7.55,7.48,,,,,,,0.31,0.323,0.383,0.391,4.208,4.685,YRFI,PASS,0,1,1,2026-04-25T23:49:15Z,,,,,,,,,,,,
2026-04-19,2026,824047,1,SD,LAA,08:07 PM ET,Michael King,Walbert Urena,ltd,sm,live,live,0.99,0.4707,0.4773,0.948,0.4852,0.5148,0.2451,0.7549,PASS,NO EDGE,PASS - No edge,4,2026-04-25T23:49:15Z,3.147,4.11,1.179,1.385,3.807,4.137,3.73,3.54,0.95,1.16,8.95,9.43,,,,,,,0.312,0.327,0.387,0.396,4.335,4.552,NRFI,PASS,0,0,0,2026-04-25T23:49:15Z,,,,,,,,,,,,
2026-04-19,2026,822750,1,SF,WSH,05:35 PM ET,Robbie Ray,PJ Poulin,ltd,sm,live,live,0.97,0.4676,0.5141,0.9818,0.5471,0.4529,0.2575,0.7425,NRFI,LEAN,LEAN NRFI,4,2026-04-25T23:49:15Z,3.22,4.17,1.178,1.339,4.006,4.649,3.7,3.82,1.21,1.32,9.34,8.25,,,,,,,0.302,0.326,0.386,0.405,3.756,5.134,NRFI,WIN,0,0,0,2026-04-25T23:49:15Z,,,,,,,,,,,,
2026-04-20,2026,824370,1,LAD,COL,12:40 AM ET,Justin Wrobleski,Jose Quintana,ltd,sm,live,live,1.22,0.7981,0.4481,1.2462,0.3742,0.6258,0.354,0.646,YRFI,STRONG,STRONG YRFI,4,2026-04-25T23:49:28Z,3.371,4.517,1.104,1.427,3.242,5.379,2.34,4.12,0.62,1.44,7.32,5.29,,,,,,,0.34,0.317,0.448,0.405,4.946,4.256,YRFI,WIN,0,1,1,2026-04-25T23:49:28Z,,,,,,,,,,,,
2026-04-20,2026,822994,1,CIN,TB,10:40 PM ET,Rhett Lowder,Jesse Scholtens,ltd,sm,live,live,0.93,0.3736,0.4246,0.7982,0.4765,0.5235,0.1906,0.8094,PASS,NO EDGE,PASS - No edge,4,2026-04-25T23:49:28Z,3.738,3.852,1.204,1.176,3.796,3.826,2.91,2.67,0.83,1.03,7.51,8.58,,,,,,,0.31,0.328,0.383,0.4,4.208,4.75,YRFI,PASS,2,1,3,2026-04-25T23:49:28Z,,,,,,,,,,,,
2026-04-20,2026,824046,1,TOR,LAA,01:38 AM ET,Dylan Cease,Reid Detmers,ltd,ltd,live,live,0.99,0.3826,0.4356,0.8182,0.5073,0.4927,0.1978,0.8022,PASS,NO EDGE,PASS - No edge,4,2026-04-25T23:49:28Z,3.603,4.076,1.315,1.195,2.599,3.195,4.27,2.99,0.69,0.86,13.14,10.08,,,,,,,0.318,0.327,0.398,0.396,4.213,4.552,YRFI,PASS,0,1,1,2026-04-25T23:49:28Z,,,,,,,,,,,,
2026-04-20,2026,824125,1,BAL,KC,11:40 PM ET,Kyle Bradish,Seth Lugo,ltd,ltd,live,live,0.96,0.4155,0.4355,0.8509,0.5394,0.4606,0.2096,0.7904,NRFI,LEAN,LEAN NRFI,4,2026-04-25T23:49:28Z,3.834,2.838,1.41,1.133,3.607,3.766,3.62,3.19,0.96,0.94,10.06,7.91,,,,,,,0.323,0.312,0.405,0.384,4.494,3.875,NRFI,WIN,0,0,0,2026-04-25T23:49:28Z,,,,,,,,,,,,
2026-04-20,2026,823879,1,STL,MIA,10:40 PM ET,Michael McGreevy,Max Meyer,ltd,ltd,live,live,0.95,0.448,0.4331,0.8812,0.4491,0.5509,0.2206,0.7794,YRFI,LEAN,LEAN YRFI,4,2026-04-25T23:49:28Z,3.937,4.282,1.113,1.302,4.284,3.871,1.93,3.3,1.22,1.17,5.7,9.56,,,,,,,0.322,0.331,0.398,0.4,4.628,4.518,NRFI,LOSS,0,0,0,2026-04-25T23:49:28Z,,,,,,,,,,,,
2026-04-20,2026,824450,1,HOU,CLE,10:10 PM ET,Spencer Arrighetti,Slade Cecconi,sm,ltd,live,live,0.96,0.5575,0.4966,1.0541,0.5107,0.4893,0.2841,0.7159,PASS,NO EDGE,PASS - No edge,4,2026-04-25T23:49:28Z,4.086,5.016,1.332,1.337,4.168,4.947,4.25,3.04,1.02,1.72,9.06,7.43,,,,,,,0.338,0.318,0.428,0.394,4.855,4.25,YRFI,PASS,2,1,3,2026-04-25T23:49:28Z,,,,,,,,,,,,
2026-04-20,2026,822749,1,ATL,WSH,10:45 PM ET,Bryce Elder,Jake Irvin,ltd,ltd,live,live,0.97,0.5675,0.4689,1.0364,0.562,0.438,0.2776,0.7224,NRFI,LEAN,LEAN NRFI,4,2026-04-25T23:49:28Z,3.671,5.341,1.21,1.325,3.772,4.733,2.84,3.22,1.05,1.62,8.04,8.01,,,,,,,0.333,0.326,0.439,0.405,5.28,5.134,YRFI,LOSS,0,2,2,2026-04-25T23:49:28Z,,,,,,,,,,,,
2026-04-20,2026,824776,1,DET,BOS,03:10 PM ET,Jack Flaherty,Sonny Gray,ltd,ltd,live,live,1.05,0.4358,0.5946,1.0304,0.4773,0.5227,0.2754,0.7246,PASS,NO EDGE,PASS - No edge,4,2026-04-25T23:49:28Z,4.704,4.287,1.43,1.256,4.283,3.675,5.15,1.92,1.22,1.22,10.35,8.23,,,,,,,0.326,0.315,0.408,0.375,4.413,4.256,NRFI,PASS,0,0,0,2026-04-25T23:49:28Z,,,,,,,,,,,,
2026-04-20,2026,823149,1,OAK,SEA,01:40 AM ET,J.T. Ginn,Emerson Hancock,ltd,ltd,live,live,0.95,0.4306,0.5007,0.9313,0.6139,0.3861,0.239,0.761,NRFI,STRONG,STRONG NRFI,4,2026-04-25T23:49:28Z,4.473,3.941,1.238,1.15,4.597,4.351,3.18,2.33,1.62,1.5,8.8,7.82,,,,,,,0.318,0.323,0.404,0.389,4.351,4.227,YRFI,LOSS,0,2,2,2026-04-25T23:49:28Z,,,,,,,,,,,,
2026-04-20,2026,824692,1,PHI,CHC,11:40 PM ET,Aaron Nola,Colin Rea,ltd,ltd,live,live,1.0,0.3746,0.5727,0.9473,0.5427,0.4573,0.2449,0.7551,NRFI,LEAN,LEAN NRFI,4,2026-04-25T23:49:28Z,5.398,3.538,1.38,1.185,4.23,3.665,3.02,2.36,1.52,0.97,9.5,7.33,,,,,,,0.305,0.342,0.383,0.427,3.872,5.065,NRFI,WIN,0,0,0,2026-04-25T23:49:28Z,,,,,,,,,,,,
2026-04-21,2026,823236,1,LAD,SF,01:45 AM ET,Yoshinobu Yamamoto,Landen Roupp,ltd,ltd,live,live,0.94,0.4271,0.3001,0.7272,0.5384,0.4616,0.1653,0.8347,NRFI,LEAN,LEAN NRFI,4,2026-04-25T23:49:45Z,2.486,3.212,0.945,1.274,2.935,3.155,2.32,3.82,0.78,0.57,9.28,9.31,,,,,,,0.34,0.302,0.448,0.386,4.946,3.756,YRFI,LOSS,0,3,3,2026-04-25T23:49:45Z,,,,,,,,,,,,
2026-04-21,2026,824690,1,PHI,CHC,11:40 PM ET,Jesús Luzardo,Shota Imanaga,ltd,ltd,live,live,1.0,0.3622,0.4579,0.8202,0.5718,0.4282,0.1985,0.8015,NRFI,LEAN,LEAN NRFI,4,2026-04-25T23:49:45Z,5.128,3.074,1.349,0.877,2.928,3.992,2.88,1.72,0.87,1.51,10.75,8.41,,,,,,,0.305,0.342,0.383,0.427,3.872,5.065,NRFI,WIN,0,0,0,2026-04-25T23:49:45Z,,,,,,,,,,,,
2026-04-21,2026,824773,1,NYY,BOS,10:45 PM ET,Luis Gil,Connelly Early,sm,ltd,live,live,1.05,0.515,0.5992,1.1143,0.4854,0.5146,0.3062,0.6938,PASS,NO EDGE,PASS - No edge,4,2026-04-25T23:49:45Z,3.872,3.692,1.28,1.277,5.068,4.038,4.25,3.65,1.38,1.02,7.09,8.8,,,,,,,0.324,0.315,0.418,0.375,4.78,4.256,NRFI,PASS,0,0,0,2026-04-25T23:49:45Z,,,,,,,,,,,,
2026-04-21,2026,824127,1,BAL,KC,11:40 PM ET,Shane Baz,Kris Bubic,ltd,ltd,live,live,0.96,0.39,0.451,0.841,0.5651,0.4349,0.206,0.794,NRFI,LEAN,LEAN NRFI,4,2026-04-25T23:49:45Z,4.957,3.214,1.421,1.157,3.876,3.233,3.36,3.49,1.09,0.68,8.64,9.1,,,,,,,0.323,0.312,0.405,0.383,4.494,3.875,NRFI,WIN,0,0,0,2026-04-25T23:49:45Z,,,,,,,,,,,,
2026-04-21,2026,822995,1,CIN,TB,10:40 PM ET,Chase Burns,Steven Matz,ltd,ltd,live,live,0.93,0.403,0.4521,0.8551,0.4942,0.5058,0.2111,0.7889,PASS,NO EDGE,PASS - No edge,4,2026-04-25T23:49:45Z,3.607,3.978,1.191,1.182,3.779,4.151,3.29,2.6,1.2,1.35,10.28,8.3,,,,,,,0.31,0.328,0.383,0.4,4.208,4.75,YRFI,PASS,2,0,2,2026-04-25T23:49:45Z,,,,,,,,,,,,
2026-04-21,2026,823640,1,MIN,NYM,11:10 PM ET,Simeon Woods Richardson,Nolan McLean,ltd,ltd,live,live,0.96,0.3487,0.5134,0.8622,0.609,0.391,0.2137,0.7863,NRFI,STRONG,STRONG NRFI,4,2026-04-25T23:49:45Z,4.789,3.055,1.387,0.992,4.95,3.039,3.63,2.74,1.53,0.84,7.12,10.37,,,,,,,0.323,0.302,0.391,0.37,4.685,3.848,NRFI,WIN,0,0,0,2026-04-25T23:49:45Z,,,,,,,,,,,,
2026-04-21,2026,822747,1,ATL,WSH,10:45 PM ET,Reynaldo López,Foster Griffin,ltd,ltd,live,live,0.97,0.5142,0.5588,1.0731,0.5398,0.4602,0.2911,0.7089,NRFI,LEAN,LEAN NRFI,4,2026-04-25T23:49:45Z,4.041,3.875,1.312,1.23,4.554,4.444,3.58,2.9,1.37,1.4,8.76,8.37,,,,,,,0.333,0.326,0.439,0.405,5.28,5.134,YRFI,LOSS,0,3,3,2026-04-25T23:49:45Z,,,,,,,,,,,,
2026-04-21,2026,824045,1,TOR,LAA,01:38 AM ET,Patrick Corbin,Jack Kochanowicz,sm,ltd,live,live,0.99,0.5767,0.4946,1.0714,0.4472,0.5528,0.2905,0.7095,YRFI,LEAN,LEAN YRFI,4,2026-04-25T23:49:45Z,4.211,5.137,1.289,1.514,4.139,4.988,2.85,4.87,1.23,1.1,7.6,6.0,,,,,,,0.318,0.327,0.398,0.396,4.213,4.552,NRFI,LOSS,0,0,0,2026-04-25T23:49:45Z,,,,,,,,,,,,
2026-04-21,2026,825099,1,CWS,ARI,01:40 AM ET,Sean Burke,Merrill Kelly,ltd,sm,live,live,1.0,0.5203,0.5413,1.0617,0.4828,0.5172,0.2869,0.7131,PASS,NO EDGE,PASS - No edge,4,2026-04-25T23:49:45Z,4.173,4.606,1.353,1.335,4.404,4.687,3.51,3.2,1.34,1.65,8.12,8.13,,,,,,,0.319,0.31,0.394,0.416,4.256,4.555,YRFI,PASS,4,0,4,2026-04-25T23:49:45Z,,,,,,,,,,,,
2026-04-21,2026,824290,1,MIL,DET,10:40 PM ET,Kyle Harrison,Keider Montero,sm,ltd,live,live,0.98,0.4047,0.4817,0.8863,0.4795,0.5205,0.2225,0.7775,PASS,NO EDGE,PASS - No edge,4,2026-04-25T23:49:45Z,3.822,4.098,1.291,1.197,3.941,3.685,3.32,2.42,1.12,0.97,9.22,7.52,,,,,,,0.327,0.326,0.374,0.408,4.652,4.413,NRFI,PASS,0,0,0,2026-04-25T23:49:45Z,,,,,,,,,,,,
2026-04-21,2026,823880,1,STL,MIA,10:40 PM ET,Dustin May,Chris Paddack,ltd,ltd,live,live,0.95,0.4964,0.5131,1.0095,0.4106,0.5894,0.2677,0.7323,YRFI,LEAN,LEAN YRFI,4,2026-04-25T23:49:45Z,5.296,5.741,1.467,1.381,4.238,4.763,3.08,2.16,1.31,1.81,8.02,7.5,,,,,,,0.322,0.331,0.398,0.4,4.628,4.518,YRFI,WIN,1,1,2,2026-04-25T23:49:45Z,,,,,,,,,,,,
2026-04-21,2026,823148,1,OAK,SEA,01:40 AM ET,Jacob Lopez,Luis Castillo,ltd,ltd,live,live,0.95,0.4115,0.587,0.9985,0.6274,0.3726,0.2637,0.7363,NRFI,STRONG,STRONG NRFI,4,2026-04-25T23:49:45Z,4.692,4.078,1.498,1.374,4.87,3.608,4.9,2.74,1.46,1.01,9.09,8.41,,,,,,,0.318,0.323,0.404,0.389,4.351,4.227,YRFI,LOSS,1,0,1,2026-04-25T23:49:45Z,,,,,,,,,,,,
2026-04-21,2026,822914,1,PIT,TEX,12:05 AM ET,Carmen Mlodzinski,Kumar Rocker,ltd,ltd,live,live,1.07,0.532,0.4175,0.9496,0.5695,0.4305,0.2457,0.7543,NRFI,LEAN,LEAN NRFI,4,2026-04-25T23:49:45Z,3.519,4.505,1.34,1.345,2.914,4.194,2.99,3.27,0.5,1.22,8.77,8.39,,,,,,,0.326,0.315,0.395,0.399,4.661,4.161,YRFI,LOSS,1,0,1,2026-04-25T23:49:45Z,,,,,,,,,,,,
2026-04-21,2026,824448,1,HOU,CLE,10:10 PM ET,Ryan Weiss,Parker Messick,sm,ltd,live,live,0.96,0.3723,0.5803,0.9526,0.4996,0.5004,0.2468,0.7532,PASS,NO EDGE,PASS - No edge,4,2026-04-25T23:49:45Z,4.914,2.875,1.536,1.102,4.945,3.194,4.24,2.43,1.6,0.76,9.55,8.76,,,,,,,0.338,0.318,0.428,0.394,4.855,4.25,YRFI,PASS,0,1,1,2026-04-25T23:49:45Z,,,,,,,,,,,,
2026-04-21,2026,824369,1,SD,COL,12:40 AM ET,Randy Vásquez,Jimmy Herget,ltd,sm,live,live,1.22,0.42,0.5348,0.9548,0.4077,0.5923,0.2476,0.7524,YRFI,LEAN,LEAN YRFI,4,2026-04-25T23:49:45Z,3.03,2.661,1.221,1.116,3.679,3.014,3.12,2.56,0.77,0.63,7.05,8.68,,,,,,,0.312,0.317,0.387,0.405,4.335,4.256,NRFI,LOSS,0,0,0,2026-04-25T23:49:45Z,,,,,,,,,,,,
2026-04-22,2026,824367,1,SD,COL,12:40 AM ET,Walker Buehler,Tomoyuki Sugano,ltd,ltd,live,live,1.22,0.6083,0.7125,1.3208,0.3797,0.6203,0.3805,0.6195,YRFI,STRONG,STRONG YRFI,4,2026-04-25T23:50:06Z,5.214,4.158,1.553,1.255,4.614,5.033,4.26,2.07,1.2,1.83,7.39,6.26,,,,,,,0.312,0.317,0.387,0.405,4.335,4.256,YRFI,WIN,1,0,1,2026-04-25T23:50:06Z,,,,,,,,,,,,
2026-04-22,2026,824774,1,NYY,BOS,10:45 PM ET,Max Fried,Ranger Suarez,ltd,ltd,live,live,1.05,0.4278,0.3222,0.7499,0.4634,0.5366,0.1733,0.8267,YRFI,LEAN,LEAN YRFI,4,2026-04-25T23:50:06Z,2.627,3.522,0.933,1.192,2.732,3.45,2.27,2.37,0.43,0.88,7.85,7.72,,,,,,,0.324,0.315,0.418,0.375,4.78,4.256,YRFI,WIN,3,0,3,2026-04-25T23:50:06Z,,,,,,,,,,,,
2026-04-22,2026,823147,1,OAK,SEA,08:10 PM ET,Aaron Civale,Logan Gilbert,ltd,ltd,live,live,0.95,0.3427,0.4562,0.7989,0.674,0.326,0.1908,0.8092,NRFI,STRONG,STRONG NRFI,4,2026-04-25T23:50:06Z,4.408,3.856,1.283,1.138,4.147,2.992,2.76,2.03,1.26,1.12,7.77,10.83,,,,,,,0.318,0.323,0.404,0.389,4.351,4.227,YRFI,LOSS,2,1,3,2026-04-25T23:50:06Z,,,,,,,,,,,,
2026-04-22,2026,822748,1,ATL,WSH,10:45 PM ET,Didier Fuentes,Zack Littell,sm,ltd,live,live,0.97,0.6601,0.4939,1.154,0.5195,0.4805,0.3207,0.6793,PASS,NO EDGE,PASS - No edge,4,2026-04-25T23:50:06Z,4.532,5.253,1.298,1.327,3.972,6.212,2.94,2.06,1.21,2.59,9.68,5.94,,,,,,,0.333,0.326,0.439,0.405,5.28,5.134,YRFI,PASS,1,4,5,2026-04-25T23:50:06Z,,,,,,,,,,,,
2026-04-22,2026,823231,1,LAD,SF,01:45 AM ET,Shohei Ohtani,Tyler Mahle,ltd,ltd,live,live,0.94,0.5297,0.2898,0.8195,0.5216,0.4784,0.1982,0.8018,PASS,NO EDGE,PASS - No edge,4,2026-04-25T23:50:06Z,2.442,3.719,1.011,1.332,2.716,4.435,2.41,3.79,0.6,1.27,9.81,8.16,,,,,,,0.34,0.302,0.448,0.386,4.946,3.756,NRFI,PASS,0,0,0,2026-04-25T23:50:06Z,,,,,,,,,,,,
2026-04-22,2026,823878,1,STL,MIA,04:10 PM ET,Kyle Leahy,Janson Junk,ltd,ltd,live,live,0.95,0.3338,0.4911,0.8249,0.3502,0.6498,0.2002,0.7998,YRFI,STRONG,STRONG YRFI,4,2026-04-25T23:50:06Z,4.218,3.97,1.398,1.15,4.085,3.294,3.36,1.67,1.0,0.69,7.34,6.17,,,,,,,0.322,0.331,0.398,0.4,4.628,4.518,NRFI,LOSS,0,0,0,2026-04-25T23:50:06Z,,,,,,,,,,,,
2026-04-22,2026,823641,1,MIN,NYM,11:10 PM ET,Connor Prielipp,Clay Holmes,sm,ltd,live,live,0.96,0.4343,0.3942,0.8285,0.5372,0.4628,0.2015,0.7985,NRFI,LEAN,LEAN NRFI,4,2026-04-25T23:50:06Z,4.227,2.917,1.227,1.184,3.864,3.965,2.73,3.34,1.09,0.82,9.32,6.46,,,,,,,0.323,0.302,0.391,0.37,4.685,3.848,YRFI,LOSS,0,1,1,2026-04-25T23:50:06Z,,,,,,,,,,,,
2026-04-22,2026,825097,1,CWS,ARI,01:40 AM ET,Anthony Kay,Eduardo Rodriguez,ltd,ltd,live,live,1.0,0.5359,0.5693,1.1053,0.457,0.543,0.3029,0.6971,YRFI,LEAN,LEAN YRFI,4,2026-04-25T23:50:06Z,4.672,4.143,1.36,1.449,4.838,4.701,3.74,3.65,1.38,1.39,7.75,7.3,,,,,,,0.319,0.31,0.394,0.416,4.256,4.555,YRFI,WIN,2,0,2,2026-04-25T23:50:06Z,,,,,,,,,,,,
2026-04-22,2026,824688,1,PHI,CHC,11:40 PM ET,Kyle Backhus,Matthew Boyd,sm,sm,live,live,1.0,0.3218,0.5268,0.8485,0.5855,0.4145,0.2088,0.7912,NRFI,LEAN,LEAN NRFI,4,2026-04-25T23:50:06Z,4.441,3.879,1.262,1.103,4.14,2.961,2.65,2.06,1.35,0.87,9.08,9.4,,,,,,,0.305,0.342,0.383,0.427,3.872,5.065,YRFI,LOSS,0,1,1,2026-04-25T23:50:06Z,,,,,,,,,,,,
2026-04-22,2026,824123,1,BAL,KC,06:10 PM ET,Chris Bassitt,Michael Wacha,ltd,ltd,live,live,0.96,0.3741,0.5131,0.8873,0.5105,0.4895,0.2229,0.7771,PASS,NO EDGE,PASS - No edge,4,2026-04-25T23:50:06Z,4.923,3.259,1.582,1.091,4.473,3.532,3.72,2.55,1.2,0.81,7.22,7.15,,,,,,,0.323,0.312,0.405,0.383,4.494,3.875,YRFI,PASS,2,1,3,2026-04-25T23:50:06Z,,,,,,,,,,,,
2026-04-22,2026,824286,1,MIL,DET,10:40 PM ET,DL Hall,Casey Mize,sm,ltd,live,live,0.98,0.4013,0.5133,0.9146,0.5275,0.4725,0.2329,0.7671,PASS,NO EDGE,PASS - No edge,4,2026-04-25T23:50:06Z,3.61,3.308,1.266,1.22,4.129,3.388,4.35,2.6,0.93,1.01,8.78,9.15,,,,,,,0.327,0.326,0.374,0.408,4.652,4.413,NRFI,PASS,0,0,0,2026-04-25T23:50:06Z,,,,,,,,,,,,
2026-04-22,2026,824449,1,HOU,CLE,05:10 PM ET,Peter Lambert,Tanner Bibee,sm,ltd,live,live,0.96,0.5063,0.417,0.9233,0.5138,0.4862,0.2361,0.7639,PASS,NO EDGE,PASS - No edge,4,2026-04-25T23:50:06Z,3.999,4.33,1.254,1.324,3.571,4.348,3.06,2.94,0.94,1.4,9.8,7.91,,,,,,,0.338,0.318,0.428,0.394,4.855,4.25,YRFI,PASS,2,0,2,2026-04-25T23:50:06Z,,,,,,,,,,,,
2026-04-22,2026,822913,1,PIT,TEX,12:05 AM ET,Braxton Ashcraft,Jack Leiter,ltd,ltd,live,live,1.07,0.5338,0.3924,0.9261,0.61,0.39,0.2371,0.7629,NRFI,STRONG,STRONG NRFI,4,2026-04-25T23:50:06Z,2.956,4.288,1.149,1.349,2.873,3.88,2.95,3.97,0.55,1.07,9.42,9.42,,,,,,,0.326,0.315,0.395,0.399,4.661,4.161,YRFI,LOSS,1,0,1,2026-04-25T23:50:06Z,,,,,,,,,,,,
2026-04-22,2026,824044,1,TOR,LAA,07:07 PM ET,Eric Lauer,José Soriano,ltd,ltd,live,live,0.99,0.366,0.561,0.9271,0.4963,0.5037,0.2374,0.7626,PASS,NO EDGE,PASS - No edge,4,2026-04-25T23:50:06Z,4.541,2.323,1.275,1.121,4.785,2.923,3.24,3.67,1.69,0.45,8.42,9.21,,,,,,,0.318,0.327,0.398,0.396,4.213,4.552,NRFI,PASS,0,0,0,2026-04-25T23:50:06Z,,,,,,,,,,,,
2026-04-22,2026,822993,1,CIN,TB,05:10 PM ET,Brandon Williamson,Nick Martinez,ltd,ltd,live,live,0.93,0.3795,0.5536,0.9331,0.4428,0.5572,0.2396,0.7604,YRFI,LEAN,LEAN YRFI,4,2026-04-25T23:50:06Z,4.662,3.443,1.354,1.163,4.854,4.051,4.06,2.34,1.29,1.07,7.55,6.18,,,,,,,0.31,0.328,0.383,0.4,4.208,4.75,NRFI,LOSS,0,0,0,2026-04-25T23:50:06Z,,,,,,,,,,,,
2026-04-23,2026,823233,1,LAD,SF,07:45 PM ET,Tyler Glasnow,Logan Webb,ltd,ltd,live,live,0.94,0.3716,0.3267,0.6983,0.5122,0.4878,0.1552,0.8448,PASS,NO EDGE,PASS - No edge,4,2026-04-25T23:50:19Z,2.993,4.008,0.94,1.307,3.068,2.792,3.04,2.56,0.82,0.55,10.26,8.8,,,,,,,0.34,0.302,0.448,0.386,4.946,3.756,NRFI,PASS,0,0,0,2026-04-25T23:50:19Z,,,,,,,,,,,,
2026-04-23,2026,824368,1,SD,COL,07:10 PM ET,Matt Waldron,Ryan Feltner,sm,ltd,live,live,1.22,0.6326,0.6472,1.2799,0.4165,0.5835,0.366,0.634,YRFI,LEAN,LEAN YRFI,4,2026-04-25T23:50:19Z,5.605,4.992,1.43,1.372,4.511,4.777,3.24,3.3,1.37,1.55,8.69,8.25,,,,,,,0.312,0.317,0.387,0.405,4.335,4.256,YRFI,WIN,0,1,1,2026-04-25T23:50:19Z,,,,,,,,,,,,
2026-04-23,2026,824689,1,PHI,CHC,06:20 PM ET,Cristopher Sánchez,Edward Cabrera,ltd,ltd,live,live,1.0,0.3967,0.3977,0.7944,0.581,0.419,0.1892,0.8108,NRFI,LEAN,LEAN NRFI,4,2026-04-25T23:50:19Z,2.7,3.192,1.305,1.209,2.5,3.591,2.3,3.25,0.66,0.9,10.45,8.55,,,,,,,0.305,0.342,0.383,0.427,3.872,5.065,NRFI,WIN,0,0,0,2026-04-25T23:50:19Z,,,,,,,,,,,,
2026-04-23,2026,823639,1,MIN,NYM,11:10 PM ET,Joe Ryan,Christian Scott,ltd,sm,live,live,0.96,0.4685,0.3399,0.8084,0.5544,0.4456,0.1942,0.8058,NRFI,LEAN,LEAN NRFI,4,2026-04-25T23:50:19Z,3.634,4.268,1.031,1.317,3.276,4.328,2.14,3.24,1.13,1.17,9.78,8.88,,,,,,,0.323,0.302,0.391,0.37,4.685,3.848,YRFI,LOSS,1,3,4,2026-04-25T23:50:19Z,,,,,,,,,,,,
2026-04-23,2026,824288,1,MIL,DET,05:10 PM ET,Brandon Sproat,Tarik Skubal,ltd,ltd,live,live,0.98,0.256,0.5549,0.8109,0.5324,0.4676,0.1951,0.8049,NRFI,LEAN,LEAN NRFI,4,2026-04-25T23:50:19Z,5.065,2.452,1.36,0.937,4.65,2.107,3.83,1.51,1.37,0.55,8.49,10.34,,,,,,,0.327,0.326,0.374,0.408,4.652,4.413,YRFI,LOSS,0,2,2,2026-04-25T23:50:19Z,,,,,,,,,,,,
2026-04-23,2026,824770,1,NYY,BOS,10:10 PM ET,Cam Schlittler,Payton Tolle,ltd,sm,live,live,1.05,0.4763,0.3438,0.8202,0.4963,0.5037,0.1985,0.8015,PASS,NO EDGE,PASS - No edge,4,2026-04-25T23:50:19Z,2.661,3.848,0.997,1.174,2.7,3.926,2.34,2.8,0.69,1.24,10.11,9.89,,,,,,,0.324,0.315,0.418,0.375,4.78,4.256,NRFI,PASS,0,0,0,2026-04-25T23:50:19Z,,,,,,,,,,,,
2026-04-23,2026,825096,1,CWS,ARI,07:40 PM ET,Davis Martin,Michael Soroka,ltd,ltd,live,live,1.0,0.3821,0.44,0.8221,0.4989,0.5011,0.1992,0.8008,PASS,NO EDGE,PASS - No edge,4,2026-04-25T23:50:19Z,3.186,3.697,1.172,1.158,3.805,3.218,2.6,2.69,0.97,0.99,6.99,10.15,,,,,,,0.319,0.31,0.394,0.416,4.256,4.555,YRFI,PASS,0,1,1,2026-04-25T23:50:19Z,,,,,,,,,,,,
2026-04-23,2026,822745,1,ATL,WSH,05:05 PM ET,JR Ritchie,Cade Cavalli,sm,ltd,live,live,0.97,0.482,0.5176,0.9996,0.5599,0.4401,0.2641,0.7359,NRFI,LEAN,LEAN NRFI,4,2026-04-25T23:50:19Z,3.957,4.141,1.213,1.462,4.419,3.489,2.94,3.5,1.4,0.77,8.91,9.11,,,,,,,0.333,0.326,0.439,0.405,5.28,5.134,YRFI,LOSS,0,1,1,2026-04-25T23:50:19Z,,,,,,,,,,,,
2026-04-23,2026,822912,1,PIT,TEX,12:05 AM ET,Bubba Chandler,Jacob deGrom,ltd,ltd,live,live,1.07,0.4191,0.5522,0.9713,0.6255,0.3745,0.2537,0.7463,NRFI,STRONG,STRONG NRFI,4,2026-04-25T23:50:19Z,4.426,2.646,1.292,0.978,4.391,3.428,3.83,2.16,1.21,1.39,8.53,10.78,,,,,,,0.326,0.315,0.395,0.399,4.661,4.161,NRFI,WIN,0,0,0,2026-04-25T23:50:19Z,,,,,,,,,,,,
2026-04-24,2026,823800,1,PIT,MIL,11:40 PM ET,Paul Skenes,Brandon Woodruff,ltd,ltd,live,live,1.03,0.4195,0.308,0.7275,0.5674,0.4326,0.1654,0.8346,NRFI,LEAN,LEAN NRFI,4,2026-04-25T23:50:34Z,2.184,3.708,0.853,1.044,2.407,3.718,2.08,2.23,0.57,1.25,9.93,9.11,,,,,,,0.326,0.327,0.395,0.374,4.661,4.652,NRFI,WIN,0,0,0,2026-04-25T23:50:35Z,,,,,,,,,,,,
2026-04-24,2026,824854,1,BOS,BAL,11:05 PM ET,Brayan Bello,Brandon Young,ltd,sm,live,live,1.06,0.5186,0.7077,1.2262,0.4913,0.5087,0.3468,0.6532,PASS,NO EDGE,PASS - No edge,4,2026-04-25T23:50:34Z,5.355,4.635,1.605,1.336,5.454,4.568,3.95,3.1,1.72,1.4,6.51,7.78,,,,,,,0.315,0.323,0.375,0.405,4.256,4.494,YRFI,PASS,0,4,4,2026-04-25T23:50:35Z,,,,,,,,,,,,
2026-04-24,2026,822827,1,CLE,TOR,11:07 PM ET,Gavin Williams,Max Scherzer,ltd,sm,live,live,1.01,0.6088,0.5472,1.156,0.5226,0.4774,0.3214,0.6786,PASS,NO EDGE,PASS - No edge,4,2026-04-25T23:50:34Z,3.163,6.383,1.186,1.382,4.368,5.823,4.65,3.02,1.38,2.3,10.22,7.56,,,,,,,0.318,0.318,0.394,0.398,4.25,4.213,YRFI,PASS,5,2,7,2026-04-25T23:50:35Z,,,,,,,,,,,,
2026-04-24,2026,822992,1,MIN,TB,11:10 PM ET,Taj Bradley,Drew Rasmussen,ltd,ltd,live,live,0.93,0.3669,0.4795,0.8464,0.4932,0.5068,0.208,0.792,PASS,NO EDGE,PASS - No edge,4,2026-04-25T23:50:34Z,4.065,2.64,1.299,0.912,3.942,3.856,3.5,1.91,1.14,1.35,8.84,8.26,,,,,,,0.323,0.328,0.391,0.4,4.685,4.75,YRFI,PASS,0,1,1,2026-04-25T23:50:35Z,,,,,,,,,,,,
2026-04-24,2026,823232,1,MIA,SF,02:15 AM ET,Sandy Alcantara,Adrian Houser,ltd,ltd,live,live,0.94,0.4576,0.3996,0.8572,0.4584,0.5416,0.2119,0.7881,YRFI,LEAN,LEAN YRFI,4,2026-04-25T23:50:34Z,4.189,4.878,1.189,1.476,4.046,4.132,2.9,2.79,1.0,1.0,6.61,6.02,,,,,,,0.331,0.302,0.4,0.386,4.518,3.756,YRFI,WIN,3,0,3,2026-04-25T23:50:35Z,,,,,,,,,,,,
2026-04-24,2026,823638,1,COL,NYM,11:10 PM ET,Michael Lorenzen,Freddy Peralta,ltd,ltd,live,live,0.96,0.4106,0.4591,0.8696,0.6331,0.3669,0.2164,0.7836,NRFI,STRONG,STRONG NRFI,4,2026-04-25T23:50:34Z,5.19,3.234,1.545,1.138,4.35,3.562,2.25,3.49,1.46,1.09,7.26,10.27,,,,,,,0.317,0.302,0.405,0.37,4.256,3.848,NRFI,WIN,0,0,0,2026-04-25T23:50:35Z,,,,,,,,,,,,
2026-04-24,2026,824204,1,NYY,HOU,12:10 AM ET,Will Warren,Lance McCullers Jr.,ltd,ltd,live,live,0.99,0.6015,0.4706,1.0721,0.5806,0.4194,0.2907,0.7093,NRFI,LEAN,LEAN NRFI,4,2026-04-25T23:50:34Z,3.631,5.835,1.274,1.504,3.386,4.766,2.92,4.59,1.07,1.41,10.02,9.09,,,,,,,0.325,0.338,0.421,0.428,4.804,4.855,YRFI,LOSS,3,0,3,2026-04-25T23:50:35Z,,,,,,,,,,,,
2026-04-24,2026,823962,1,CHC,LAD,02:15 AM ET,Jameson Taillon,Emmet Sheehan,ltd,ltd,live,live,0.97,0.447,0.5921,1.0392,0.4941,0.5059,0.2786,0.7214,PASS,NO EDGE,PASS - No edge,4,2026-04-25T23:50:34Z,4.032,3.92,1.157,1.147,5.153,3.602,2.73,2.93,1.93,1.15,7.41,9.96,,,,,,,0.342,0.34,0.427,0.448,5.065,4.946,NRFI,PASS,0,0,0,2026-04-25T23:50:35Z,,,,,,,,,,,,
2026-04-24,2026,823069,1,SEA,STL,12:15 AM ET,George Kirby,Andre Pallante,ltd,ltd,live,live,0.97,0.5172,0.3897,0.9069,0.5757,0.4243,0.2301,0.7699,NRFI,LEAN,LEAN NRFI,4,2026-04-25T23:50:34Z,3.597,4.905,1.116,1.432,3.398,4.628,2.07,4.05,1.0,1.13,8.25,6.55,,,,,,,0.323,0.322,0.389,0.398,4.227,4.628,NRFI,WIN,0,0,0,2026-04-25T23:50:35Z,,,,,,,,,,,,
2026-04-24,2026,824611,1,WSH,CWS,11:40 PM ET,PJ Poulin,Bryan Hudson,sm,sm,live,live,0.98,0.486,0.5333,1.0193,0.5318,0.4682,0.2713,0.7287,NRFI,LEAN,LEAN NRFI,4,2026-04-25T23:50:34Z,4.17,3.618,1.339,1.333,4.649,3.842,3.82,3.75,1.32,0.94,8.25,9.59,,,,,,,0.326,0.319,0.405,0.394,5.134,4.256,NRFI,WIN,0,0,0,2026-04-25T23:50:35Z,,,,,,,,,,,,
2026-04-24,2026,822909,1,OAK,TEX,12:05 AM ET,Luis Severino,Nathan Eovaldi,ltd,ltd,live,live,1.07,0.4479,0.5645,1.0123,0.5831,0.4169,0.2688,0.7312,NRFI,LEAN,LEAN NRFI,4,2026-04-25T23:50:34Z,4.816,3.541,1.414,1.127,4.199,3.931,4.22,1.93,1.01,1.51,7.92,8.94,,,,,,,0.318,0.315,0.404,0.399,4.351,4.161,YRFI,LOSS,3,0,3,2026-04-25T23:50:35Z,,,,,,,,,,,,
2026-04-24,2026,824529,1,DET,CIN,10:40 PM ET,Framber Valdez,Andrew Abbott,ltd,ltd,live,live,1.09,0.5342,0.4625,0.9967,0.5166,0.4834,0.263,0.737,PASS,NO EDGE,PASS - No edge,4,2026-04-25T23:50:34Z,3.545,4.408,1.272,1.41,3.44,4.153,3.42,3.08,0.62,1.13,7.65,7.24,,,,,,,0.326,0.31,0.408,0.383,4.413,4.208,NRFI,PASS,0,0,0,2026-04-25T23:50:35Z,,,,,,,,,,,,
2026-04-24,2026,824124,1,LAA,KC,11:40 PM ET,Yusei Kikuchi,Noah Cameron,ltd,ltd,live,live,0.96,0.4752,0.4742,0.9494,0.5391,0.4609,0.2457,0.7543,NRFI,LEAN,LEAN NRFI,4,2026-04-25T23:50:34Z,4.923,3.835,1.491,1.266,3.908,4.387,3.86,2.92,1.09,1.39,9.27,7.63,,,,,,,0.327,0.312,0.396,0.383,4.552,3.875,NRFI,WIN,0,0,0,2026-04-25T23:50:35Z,,,,,,,,,,,,
2026-04-24,2026,824932,1,PHI,ATL,11:15 PM ET,Andrew Painter,Grant Holmes,ltd,ltd,live,live,0.98,0.4764,0.4992,0.9756,0.5198,0.4802,0.2553,0.7447,PASS,NO EDGE,PASS - No edge,4,2026-04-25T23:50:34Z,4.594,3.83,1.344,1.28,3.819,4.489,2.72,4.06,1.03,1.32,8.52,8.44,,,,,,,0.305,0.333,0.383,0.439,3.872,5.28,NRFI,PASS,0,0,0,2026-04-25T23:50:35Z,,,,,,,,,,,,
2026-04-26,2026,824122,1,LAA,KC,11:20 PM ET,Reid Detmers,Seth Lugo,ltd,ltd,live,live,0.96,0.4183,0.3845,0.8028,0.5394,0.4606,0.1922,0.8078,NRFI,LEAN,LEAN NRFI,4,2026-04-26T14:08:02Z,4.076,2.838,1.195,1.133,3.195,3.766,2.99,3.19,0.86,0.94,10.08,7.91,,,,,,,0.326,0.318,0.396,0.385,4.576,4.113,,,,,,,,,,,,,,,,,,
2026-04-26,2026,824202,1,NYY,HOU,06:10 PM ET,Luis Gil,Spencer Arrighetti,sm,sm,live,live,0.99,0.5301,0.6277,1.1578,0.5592,0.4408,0.3221,0.6779,NRFI,LEAN,LEAN NRFI,4,2026-04-26T14:08:02Z,3.872,4.086,1.28,1.332,5.068,4.168,4.25,4.25,1.38,1.02,7.09,9.06,,,,,,,0.328,0.336,0.425,0.428,4.97,4.901,,,,,,,,,,,,,,,,,,
2026-04-26,2026,823230,1,MIA,SF,08:05 PM ET,Max Meyer,Landen Roupp,ltd,ltd,live,live,0.94,0.3998,0.4185,0.8183,0.5384,0.4616,0.1978,0.8022,NRFI,LEAN,LEAN NRFI,4,2026-04-26T14:08:02Z,4.282,3.212,1.302,1.274,3.871,3.155,3.3,3.82,1.17,0.57,9.56,9.31,,,,,,,0.331,0.302,0.4,0.386,4.518,3.756,,,,,,,,,,,,,,,,,,
2026-04-26,2026,823959,1,CHC,LAD,08:10 PM ET,Shota Imanaga,Justin Wrobleski,ltd,ltd,live,live,0.97,0.3787,0.447,0.8258,0.4115,0.5885,0.2005,0.7995,YRFI,LEAN,LEAN YRFI,4,2026-04-26T14:08:02Z,3.074,3.371,0.877,1.104,3.992,3.242,1.72,2.34,1.51,0.62,8.41,7.32,,,,,,,0.342,0.343,0.428,0.452,5.137,5.232,,,,,,,,,,,,,,,,,,
2026-04-26,2026,822911,1,OAK,TEX,06:35 PM ET,J.T. Ginn,Kumar Rocker,ltd,ltd,live,live,1.07,0.5145,0.5613,1.0758,0.5695,0.4305,0.2921,0.7079,NRFI,LEAN,LEAN NRFI,4,2026-04-26T14:08:02Z,4.473,4.505,1.238,1.345,4.597,4.194,3.18,3.27,1.62,1.22,8.8,8.39,,,,,,,0.316,0.315,0.4,0.398,4.375,4.256,,,,,,,,,,,,,,,,,,
2026-04-26,2026,823068,1,SEA,STL,06:15 PM ET,Emerson Hancock,Michael McGreevy,ltd,ltd,live,live,0.97,0.4045,0.4739,0.8784,0.5267,0.4733,0.2196,0.7804,PASS,NO EDGE,PASS - No edge,4,2026-04-26T14:08:02Z,3.941,3.937,1.15,1.113,4.351,4.284,2.33,1.93,1.5,1.22,7.82,5.7,,,,,,,0.323,0.322,0.389,0.398,4.227,4.628,,,,,,,,,,,,,,,,,,
2026-04-26,2026,823635,1,COL,NYM,05:40 PM ET,Jose Quintana,Nolan McLean,sm,ltd,live,live,0.96,0.3367,0.5517,0.8883,0.609,0.391,0.2233,0.7767,NRFI,STRONG,STRONG NRFI,4,2026-04-26T14:08:02Z,4.517,3.055,1.427,0.992,5.379,3.039,4.12,2.74,1.44,0.84,5.29,10.37,,,,,,,0.317,0.302,0.405,0.37,4.256,3.848,,,,,,,,,,,,,,,,,,
2026-04-26,2026,824934,1,PHI,ATL,05:35 PM ET,Aaron Nola,Chris Sale,ltd,ltd,live,live,0.98,0.3331,0.5648,0.8979,0.5461,0.4539,0.2267,0.7733,NRFI,LEAN,LEAN NRFI,4,2026-04-26T14:08:02Z,5.398,2.668,1.38,1.041,4.23,3.084,3.02,2.25,1.52,1.11,9.5,10.66,,,,,,,0.306,0.332,0.384,0.437,3.97,5.273,,,,,,,,,,,,,,,,,,
2026-04-26,2026,822824,1,CLE,TOR,05:37 PM ET,Slade Cecconi,Patrick Corbin,ltd,sm,live,live,1.01,0.4623,0.5629,1.0252,0.5057,0.4943,0.2735,0.7265,PASS,NO EDGE,PASS - No edge,4,2026-04-26T14:08:02Z,5.016,4.211,1.337,1.289,4.947,4.139,3.04,2.85,1.72,1.23,7.43,7.6,,,,,,,0.318,0.318,0.394,0.398,4.25,4.213,,,,,,,,,,,,,,,,,,
2026-04-26,2026,823797,1,PIT,MIL,06:10 PM ET,Carmen Mlodzinski,Kyle Harrison,ltd,sm,live,live,1.03,0.492,0.4212,0.9133,0.5726,0.4274,0.2324,0.7676,NRFI,LEAN,LEAN NRFI,4,2026-04-26T14:08:02Z,3.519,3.822,1.34,1.291,2.914,3.941,2.99,3.32,0.5,1.12,8.77,9.22,,,,,,,0.326,0.326,0.392,0.373,4.804,4.726,,,,,,,,,,,,,,,,,,
2026-04-26,2026,824528,1,DET,CIN,05:40 PM ET,Keider Montero,Rhett Lowder,ltd,ltd,live,live,1.09,0.4633,0.4545,0.9179,0.4927,0.5073,0.2341,0.7659,PASS,NO EDGE,PASS - No edge,4,2026-04-26T14:08:02Z,4.098,3.738,1.197,1.204,3.685,3.796,2.42,2.91,0.97,0.83,7.52,7.51,,,,,,,0.326,0.312,0.409,0.388,4.436,4.327,,,,,,,,,,,,,,,,,,
2026-04-26,2026,825094,1,SD,ARI,08:05 PM ET,Michael King,Ryne Nelson,ltd,ltd,live,live,1.0,0.4519,0.4741,0.926,0.4648,0.5352,0.2371,0.7629,YRFI,LEAN,LEAN YRFI,4,2026-04-26T14:08:02Z,3.147,4.591,1.179,1.198,3.807,4.093,3.73,2.94,0.95,1.26,8.95,8.12,,,,,,,0.313,0.309,0.388,0.413,4.457,4.555,,,,,,,,,,,,,,,,,,
2026-04-26,2026,824852,1,BOS,BAL,05:35 PM ET,Connelly Early,Kyle Bradish,ltd,ltd,live,live,1.06,0.4719,0.5299,1.0018,0.5415,0.4585,0.2649,0.7351,NRFI,LEAN,LEAN NRFI,4,2026-04-26T14:08:02Z,3.692,3.834,1.277,1.41,4.038,3.607,3.65,3.62,1.02,0.96,8.8,10.06,,,,,,,0.315,0.323,0.375,0.405,4.256,4.494,,,,,,,,,,,,,,,,,,
2026-04-26,2026,822991,1,MIN,TB,05:40 PM ET,Simeon Woods Richardson,Jesse Scholtens,ltd,sm,live,live,0.93,0.3968,0.5645,0.9613,0.4765,0.5235,0.25,0.75,PASS,NO EDGE,PASS - No edge,4,2026-04-26T14:08:02Z,4.789,3.852,1.387,1.176,4.95,3.826,3.63,2.67,1.53,1.03,7.12,8.58,,,,,,,0.323,0.328,0.391,0.4,4.685,4.75,,,,,,,,,,,,,,,,,,
2026-04-26,2026,824612,1,WSH,CWS,06:10 PM ET,Foster Griffin,Bryan Hudson,ltd,sm,live,live,0.98,0.486,0.4854,0.9714,0.5318,0.4682,0.2537,0.7463,NRFI,LEAN,LEAN NRFI,4,2026-04-26T14:08:02Z,3.875,3.618,1.23,1.333,4.444,3.842,2.9,3.75,1.4,0.94,8.37,9.59,,,,,,,0.326,0.319,0.405,0.394,5.134,4.256,,,,,,,,,,,,,,,,,,
2026-04-26,2026,823637,2,COL,NYM,05:45 PM ET,TBD,Kodai Senga,avg,sm,live,live,0.96,0.5268,0.4243,0.9511,0.6328,0.3672,0.2463,0.7537,NRFI,STRONG,STRONG NRFI,3,2026-04-26T14:08:02Z,4.2,4.807,1.25,1.484,4.2,4.411,3.0,4.59,1.2,1.31,8.9,9.55,,,,,,,0.317,0.302,0.405,0.37,4.256,3.848,,,,,,,,,,,,,,,,,,
